Flight_Time_(s),Temperature_(F),Baro_Press_(atm),Velocity_Up,Velocity_DR,Velocity_CR,Tilt_Angle_(deg),Baro_Altitude_ASL_(feet)
0,68,0.9538,52,-1,1,0,1301.9
0.02,68,0.9538,63,-1,2,3.1,1301.9
0.04,68,0.9542,74,-1,2,3.1,1292.1
0.06,68,0.9542,85,-1,3,3.1,1292.1
0.08,68,0.9541,96,-1,3,3.1,1294.4
0.1,68,0.9541,107,-1,3,2.9,1294.4
0.12,68,0.9537,118,-2,4,2.9,1305.9
0.14,68,0.9537,129,-1,4,2.8,1305.3
0.16,68,0.9534,141,-1,5,2.8,1314
0.18,68,0.9534,152,-2,5,2.8,1314.6
0.2,68,0.9532,163,-1,6,2.9,1320.3
0.22,68,0.9532,174,-1,6,2.9,1320.3
0.24,68,0.953,186,-1,7,3,1325.5
0.26,68,0.953,197,-1,8,3.2,1325.5
0.28,68,0.9528,209,-1,8,3.3,1331.2
0.3,68,0.9528,220,-1,9,3.5,1331.2
0.32,68,0.9527,231,-1,10,3.7,1335.3
0.34,68,0.9527,243,-1,11,4,1335.3
0.36,68,0.9525,254,-2,12,4.2,1340.4
0.38,68,0.9525,266,-2,13,4.5,1341
0.4,68,0.9523,278,-2,14,4.9,1346.8
0.42,68,0.9523,289,-2,15,5.2,1346.2
0.44,68,0.9518,301,-2,16,5.5,1360
0.46,68,0.9518,312,-3,17,5.9,1360.6
0.48,68,0.9513,324,-3,19,6.3,1376.2
0.5,68,0.9513,336,-4,20,6.6,1376.2
0.52,68,0.9511,347,-4,22,7,1380.2
0.54,68,0.9511,359,-5,24,7.4,1380.2
0.56,68,0.9508,371,-6,25,7.7,1390
0.58,68,0.9508,383,-7,27,8.1,1390
0.6,68,0.9503,395,-8,29,8.4,1403.8
0.62,68,0.9503,407,-9,31,8.7,1403.3
0.64,68,0.9501,419,-10,33,8.9,1410.8
0.66,68,0.9501,431,-12,35,9.2,1410.8
0.68,68,0.9496,443,-13,36,9.4,1424.6
0.7,68,0.9496,455,-15,38,9.5,1425.2
0.72,68,0.9491,467,-17,40,9.6,1439.6
0.74,68,0.9491,479,-19,42,9.6,1439
0.76,68,0.9489,491,-21,43,9.6,1443.7
0.78,68,0.9489,503,-23,45,9.5,1443.7
0.8,68,0.9484,515,-25,46,9.3,1458.7
0.82,68,0.9484,528,-27,47,9,1459.2
0.84,68,0.9476,540,-28,49,8.7,1481.8
0.86,68,0.9476,553,-30,50,8.3,1481.2
0.88,68,0.9469,565,-32,51,7.9,1500.9
0.9,68,0.9469,578,-33,52,7.5,1500.9
0.92,68,0.9464,591,-35,53,7.1,1516.5
0.94,68,0.9464,603,-36,55,6.8,1517.1
0.96,68,0.9457,616,-37,56,6.5,1537.9
0.98,68,0.9457,629,-38,57,6.2,1537.9
1,68,0.9451,643,-39,58,6,1553.5
1.02,68,0.9451,656,-40,59,5.9,1553.5
1.04,68,0.9445,669,-41,61,5.9,1572.1
1.06,68,0.9445,682,-42,62,5.9,1572.1
1.08,68,0.944,696,-43,63,5.9,1587.2
1.1,68,0.944,709,-44,64,6,1587.2
1.12,68,0.9432,722,-46,66,6.1,1609.8
1.14,68,0.9432,736,-47,67,6.2,1609.8
1.16,68,0.9424,749,-48,68,6.3,1632.4
1.18,68,0.9424,763,-50,70,6.4,1632.4
1.2,68,0.9418,777,-52,71,6.4,1651
1.22,68,0.9418,790,-54,72,6.4,1651
1.24,68,0.9408,804,-55,73,6.3,1678.9
1.26,68,0.9408,817,-57,74,6.2,1678.9
1.28,68,0.9399,831,-59,75,6,1704.5
1.3,68,0.9399,845,-61,75,5.8,1705.1
1.32,68,0.9391,859,-62,76,5.6,1727.8
1.34,68,0.9391,872,-63,77,5.5,1727.8
1.36,68,0.9383,886,-65,77,5.4,1752.8
1.38,68,0.9382,900,-65,78,5.5,1753.4
1.4,68,0.9368,914,-66,79,5.7,1796
1.42,68,0.9368,928,-67,80,6.1,1796
1.44,68,0.9351,941,-67,81,6.6,1844.5
1.46,68,0.9351,955,-68,82,7.2,1844.5
1.48,68,0.9335,969,-69,84,7.8,1893
1.5,68,0.9335,983,-69,86,8.4,1893
1.52,68,0.9325,996,-70,88,9,1921.7
1.54,68,0.9325,1010,-71,90,9.5,1921.7
1.56,68,0.9313,1023,-73,92,9.8,1955.7
1.58,68,0.9313,1036,-74,94,10.1,1955.7
1.6,68,0.9303,1049,-75,96,10.1,1984.4
1.62,68,0.9303,1062,-77,99,10.1,1984.4
1.64,68,0.9293,1075,-78,101,10,2014.3
1.66,67.9,0.9293,1088,-80,102,10,2014.9
1.68,67.9,0.9282,1101,-81,104,10,2046.1
1.7,67.9,0.9282,1114,-82,106,9.9,2046.1
1.72,67.9,0.9273,1127,-84,108,10,2073.7
1.74,67.9,0.9273,1139,-85,110,10.3,2073.7
1.76,67.9,0.9249,1151,-87,111,10.5,2143.8
1.78,67.9,0.9249,1163,-88,113,10.6,2143.8
1.8,67.9,0.9246,1176,-90,115,10.6,2152.6
1.82,67.9,0.9246,1188,-92,117,10.7,2152.6
1.84,67.9,0.9177,1200,-94,119,10.7,2356.7
1.86,67.9,0.9177,1212,-95,121,10.7,2357.3
1.88,67.9,0.9178,1224,-97,123,10.7,2354.3
1.9,67.9,0.9178,1237,-98,125,10.6,2354.3
1.92,67.9,0.9185,1249,-100,127,10.7,2334.2
1.94,67.9,0.9185,1261,-102,129,10.7,2334.8
1.96,67.9,0.9168,1273,-104,131,10.8,2384
1.98,67.9,0.9168,1285,-106,133,10.7,2384
2,67.9,0.9143,1297,-108,134,10.7,2457.7
2.02,67.9,0.9143,1309,-110,136,10.6,2457.7
2.04,67.9,0.9128,1320,-112,138,10.6,2504.2
2.06,67.9,0.9127,1330,-114,139,10.5,2504.7
2.08,67.9,0.9117,1339,-116,141,10.4,2536.3
2.1,67.9,0.9117,1348,-117,142,10.4,2536.3
2.12,67.9,0.9106,1356,-119,143,10.3,2568.6
2.14,67.9,0.9106,1363,-121,144,10.4,2568.6
2.16,67.9,0.9082,1370,-122,145,10.4,2641.5
2.18,67.9,0.9082,1376,-124,146,10.6,2641.5
2.2,67.9,0.905,1382,-125,147,10.9,2735
2.22,67.9,0.905,1387,-127,148,11,2735
2.24,67.9,0.9022,1391,-128,149,11.2,2821.5
2.26,67.9,0.9022,1396,-130,150,11.3,2821.5
2.28,67.9,0.899,1401,-131,151,11.4,2916.7
2.3,67.9,0.899,1405,-133,152,11.6,2917.3
2.32,67.9,0.8971,1410,-135,153,12,2974.6
2.34,67.9,0.8971,1414,-137,155,12.4,2974.6
2.36,67.9,0.8907,1419,-139,157,12.7,3166.7
2.38,67.9,0.8907,1423,-141,158,13,3166.7
2.4,67.9,0.8862,1426,-144,161,13.5,3304.4
2.42,67.9,0.8862,1429,-146,163,13.9,3304.4
2.44,67.9,0.8819,1431,-148,165,14.2,3437.1
2.46,67.9,0.8819,1433,-150,167,14.2,3437.7
2.48,67.9,0.8797,1434,-152,170,14.5,3503.3
2.5,67.9,0.8797,1435,-154,172,14.5,3502.7
2.52,67.9,0.8793,1436,-155,174,14.6,3516.2
2.54,67.9,0.8793,1436,-157,177,14.6,3516.8
2.56,67.9,0.878,1436,-158,179,14.9,3557.4
2.58,67.9,0.878,1436,-159,181,14.8,3557.4
2.6,67.9,0.8759,1435,-161,182,14.8,3620.2
2.62,67.9,0.8759,1434,-162,184,14.8,3620.2
2.64,67.9,0.8735,1433,-163,186,14.9,3695.4
2.66,67.8,0.8735,1431,-164,188,14.8,3695.4
2.68,67.8,0.8721,1429,-165,190,15.1,3739.3
2.7,67.9,0.8721,1427,-166,192,15.2,3738.7
2.72,67.9,0.8713,1424,-167,194,15.5,3762.8
2.74,67.8,0.8713,1420,-167,195,15.5,3763.4
2.76,67.8,0.8692,1417,-168,197,15.5,3826.6
2.78,67.8,0.8692,1413,-169,198,15.5,3827.2
2.8,67.8,0.8681,1410,-169,200,15.7,3862
2.82,67.8,0.8681,1406,-170,201,15.7,3862
2.84,67.8,0.8672,1402,-170,202,15.6,3890.5
2.86,67.8,0.8672,1398,-171,203,15.8,3890.5
2.88,67.8,0.8659,1394,-171,204,15.9,3929.7
2.9,67.8,0.8659,1390,-171,206,15.9,3930.3
2.92,67.8,0.8646,1385,-172,207,15.9,3971.4
2.94,67.8,0.8646,1381,-172,208,15.9,3970.7
2.96,67.8,0.8629,1377,-173,209,15.8,4022.5
2.98,67.8,0.8629,1373,-173,210,16.1,4022.5
3,67.8,0.8617,1369,-173,211,16,4060.5
3.02,67.8,0.8617,1365,-173,212,15.9,4060.5
3.04,67.8,0.8609,1361,-173,213,15.9,4086.8
3.06,67.8,0.8609,1357,-173,214,15.9,4086.8
3.08,67.8,0.8596,1352,-174,215,15.9,4127.4
3.1,67.8,0.8596,1348,-174,216,16.2,4127.4
3.12,67.8,0.858,1344,-174,217,16.3,4176.2
3.14,67.8,0.858,1340,-174,218,16.4,4176.2
3.16,67.8,0.8564,1336,-174,219,16.6,4228.3
3.18,67.8,0.8564,1332,-175,220,16.5,4228.3
3.2,67.8,0.8548,1328,-175,221,16.7,4276
3.22,67.8,0.8548,1324,-175,222,16.7,4276
3.24,67.8,0.8534,1320,-175,223,16.8,4321.9
3.26,67.8,0.8534,1316,-175,224,16.8,4321.9
3.28,67.8,0.8522,1312,-175,224,16.8,4360.3
3.3,67.8,0.8522,1308,-175,225,16.8,4360.3
3.32,67.8,0.8507,1304,-176,226,17,4407.6
3.34,67.8,0.8507,1301,-176,227,17.1,4407.6
3.36,67.8,0.8487,1297,-176,227,17.3,4468.8
3.38,67.8,0.8487,1293,-177,228,17.3,4469.5
3.4,67.8,0.8471,1289,-177,229,17.2,4518.8
3.42,67.8,0.8472,1285,-177,229,17.3,4518.2
3.44,67.8,0.8457,1281,-177,230,17.5,4563.1
3.46,67.8,0.8457,1277,-177,230,17.6,4563.1
3.48,67.8,0.8446,1274,-178,231,17.7,4598.7
3.5,67.8,0.8446,1270,-178,231,17.7,4598.7
3.52,67.8,0.8432,1266,-178,232,17.7,4645
3.54,67.8,0.8432,1262,-179,232,17.7,4645
3.56,67.8,0.8416,1258,-179,232,17.8,4694.6
3.58,67.8,0.8416,1255,-180,233,17.8,4695.2
3.6,67.8,0.84,1251,-180,233,17.9,4744.9
3.62,67.8,0.84,1247,-181,233,18,4744.9
3.64,67.8,0.8388,1244,-181,234,18,4785.1
3.66,67.8,0.8388,1240,-181,234,18.2,4785.1
3.68,67.8,0.8373,1236,-182,234,18.2,4830.4
3.7,67.8,0.8374,1233,-183,234,18.3,4829.8
3.72,67.8,0.8359,1229,-183,234,18.3,4875.2
3.74,67.8,0.8359,1225,-184,234,18.3,4875.2
3.76,67.8,0.834,1222,-184,234,18.3,4936
3.78,67.8,0.834,1218,-185,234,18.3,4936.7
3.8,67.8,0.8332,1215,-185,234,18.3,4964.3
3.82,67.8,0.8332,1211,-186,234,18.3,4964.3
3.84,67.8,0.8318,1208,-187,233,18.3,5007.9
3.86,67.8,0.8318,1204,-187,233,18.3,5007.9
3.88,67.8,0.8303,1201,-188,233,18.2,5056.8
3.9,67.8,0.8303,1197,-189,232,18.1,5056.8
3.92,67.8,0.8284,1194,-189,232,18.1,5118
3.94,67.8,0.8284,1190,-190,231,18,5118
3.96,67.8,0.8269,1187,-191,231,17.9,5165
3.98,67.8,0.8269,1184,-191,230,17.8,5165
4,67.8,0.8256,1180,-192,229,17.5,5209
4.02,67.8,0.8256,1177,-192,229,17.4,5209
4.04,67.8,0.8243,1174,-193,228,17.2,5249.7
4.06,67.8,0.8243,1171,-193,227,17,5250.4
4.08,67.8,0.8229,1168,-194,226,16.8,5295.7
4.1,67.8,0.8229,1164,-194,225,16.7,5295.7
4.12,67.8,0.8212,1161,-195,224,16.5,5349.5
4.14,67.8,0.8212,1158,-195,223,16.4,5349.5
4.16,67.8,0.8199,1155,-196,222,16.2,5391.1
4.18,67.8,0.8199,1152,-196,221,16,5391.1
4.2,67.8,0.8182,1149,-196,219,15.7,5446.4
4.22,67.8,0.8182,1146,-197,218,15.5,5446.4
4.24,67.8,0.8167,1143,-197,217,15.3,5495.3
4.26,67.8,0.8167,1140,-197,215,15.2,5495.3
4.28,67.8,0.8152,1137,-197,214,15,5544.2
4.3,67.8,0.8152,1134,-197,213,14.7,5544.8
4.32,67.8,0.8138,1131,-197,211,14.5,5592.6
4.34,67.8,0.8137,1128,-197,210,14.3,5593.2
4.36,67.8,0.8124,1126,-197,209,14.1,5635.7
4.38,67.8,0.8124,1123,-196,207,13.8,5635.7
4.4,67.8,0.8109,1120,-196,206,13.6,5684.9
4.42,67.8,0.8109,1117,-195,204,13.3,5684.9
4.44,67.8,0.8093,1114,-195,203,13.1,5737.4
4.46,67.8,0.8093,1112,-194,202,12.9,5738.1
4.48,67.8,0.808,1109,-194,200,12.8,5782.7
4.5,67.8,0.808,1106,-193,199,12.7,5782.7
4.52,67.8,0.8067,1104,-193,198,12.6,5824.2
4.54,67.8,0.8067,1101,-192,197,12.6,5824.2
4.56,67.8,0.8059,1098,-191,195,12.7,5851.9
4.58,67.8,0.8059,1096,-190,194,12.7,5851.9
4.6,67.8,0.8046,1093,-189,193,12.7,5892.1
4.62,67.8,0.8046,1090,-188,192,12.7,5892.1
4.64,67.8,0.8041,1088,-187,191,12.8,5911.3
4.66,67.8,0.8041,1085,-186,190,12.9,5911.3
4.68,67.8,0.8046,1083,-185,190,13,5892.1
4.7,67.8,0.8046,1080,-184,189,13,5892.1
4.72,67.8,0.8043,1078,-183,188,13.1,5903.3
4.74,67.8,0.8043,1075,-182,187,13.3,5903.3
4.76,67.8,0.8046,1073,-181,187,13.4,5894.1
4.78,67.8,0.8046,1070,-180,186,13.6,5893.4
4.8,67.8,0.8018,1068,-179,186,13.8,5987.3
4.82,67.8,0.8018,1066,-178,186,14.1,5987.3
4.84,67.8,0.7988,1063,-177,185,14.3,6085.4
4.86,67.8,0.7988,1061,-176,185,14.5,6085.4
4.88,67.8,0.7955,1059,-175,185,14.8,6193.8
4.9,67.8,0.7955,1056,-174,185,15,6194.4
4.92,67.8,0.7962,1054,-173,185,15.3,6171.1
4.94,67.8,0.7962,1052,-172,185,15.5,6171.1
4.96,67.8,0.7967,1049,-171,185,15.8,6153.8
4.98,67.8,0.7967,1047,-171,185,16.1,6153.8
5,67.8,0.7952,1045,-170,185,16.4,6203.8
5.02,67.8,0.7952,1042,-169,185,16.7,6203.8
5.04,67.8,0.7942,1040,-168,185,17,6237.8
5.06,67.8,0.7942,1038,-168,186,17.3,6238.4
5.08,67.8,0.7932,1035,-167,186,17.5,6272.5
5.1,67.8,0.7932,1033,-167,186,17.7,6272.5
5.12,67.8,0.7922,1031,-166,186,17.9,6306.5
5.14,67.8,0.7922,1028,-166,187,18,6306.5
5.16,67.8,0.791,1026,-165,187,18.2,6344
5.18,67.8,0.791,1024,-165,187,18.4,6344
5.2,67.8,0.7901,1021,-165,187,18.5,6374.8
5.22,67.8,0.7901,1019,-165,188,18.7,6374.8
5.24,67.8,0.789,1017,-165,188,18.9,6412.3
5.26,67.8,0.789,1014,-165,188,19,6412.3
5.28,67.8,0.788,1012,-165,188,19.1,6446.5
5.3,67.8,0.788,1010,-165,189,19.3,6447.2
5.32,67.8,0.7867,1008,-165,189,19.3,6489.5
5.34,67.7,0.7867,1006,-165,189,19.4,6489.5
5.36,67.7,0.7856,1003,-165,189,19.4,6525.8
5.38,67.7,0.7856,1001,-165,189,19.5,6525.8
5.4,67.7,0.7845,999,-165,189,19.4,6562.2
5.42,67.8,0.7846,997,-165,189,19.4,6561.5
5.44,67.8,0.7837,995,-166,189,19.4,6591.1
5.46,67.7,0.7837,992,-166,189,19.3,6591.1
5.48,67.7,0.7826,990,-166,189,19.2,6627.6
5.5,67.7,0.7826,988,-167,189,19.1,6627.6
5.52,67.7,0.7815,986,-167,189,19,6664
5.54,67.7,0.7815,984,-167,188,18.9,6663.4
5.56,67.7,0.7804,982,-168,188,18.8,6701.2
5.58,67.7,0.7804,980,-168,188,18.7,6701.2
5.6,67.7,0.7794,978,-168,187,18.5,6734.4
5.62,67.7,0.7794,976,-169,187,18.4,6735.1
5.64,67.7,0.7783,974,-169,187,18.2,6774.4
5.66,67.7,0.7783,973,-169,186,18,6774.4
5.68,67.7,0.7773,971,-170,186,17.8,6807.6
5.7,67.7,0.7773,969,-170,185,17.6,6807.6
5.72,67.7,0.7762,967,-170,185,17.4,6843.6
5.74,67.7,0.7762,965,-170,184,17.2,6843.6
5.76,67.7,0.7752,964,-171,183,16.9,6876.9
5.78,67.7,0.7752,962,-171,183,16.7,6877.6
5.8,67.7,0.7742,960,-171,182,16.4,6912.3
5.82,67.7,0.7742,959,-171,181,16.2,6911.6
5.84,67.7,0.7732,957,-171,181,15.9,6947
5.86,67.7,0.7732,955,-171,180,15.6,6947
5.88,67.7,0.7723,954,-171,179,15.3,6977
5.9,67.7,0.7723,952,-171,179,15.1,6977
5.92,67.7,0.771,951,-171,178,14.9,7020.1
5.94,67.7,0.771,949,-171,177,14.6,7020.1
5.96,67.7,0.77,948,-171,176,14.4,7057
5.98,67.7,0.77,946,-171,176,14.2,7057
6,67.7,0.7691,945,-171,175,14,7085
6.02,67.7,0.7691,943,-170,174,13.8,7085
6.04,67.7,0.7681,942,-170,173,13.7,7119.9
6.06,67.7,0.7681,940,-170,173,13.5,7120.6
6.08,67.7,0.767,939,-169,172,13.3,7157.7
6.1,67.7,0.767,938,-169,171,13.2,7157
6.12,67.7,0.7661,936,-169,171,13.1,7190.6
6.14,67.7,0.7661,935,-168,170,13.1,7189.9
6.16,67.7,0.765,933,-168,170,13.1,7227
6.18,67.7,0.765,932,-167,169,13.2,7227.7
6.2,67.7,0.764,931,-166,169,13.3,7260.7
6.22,67.7,0.764,929,-166,168,13.5,7261.4
6.24,67.7,0.763,928,-165,168,13.7,7294.5
6.26,67.7,0.763,926,-164,168,13.9,7294.5
6.28,67.7,0.762,925,-164,168,14.2,7331.7
6.3,67.7,0.762,923,-163,167,14.5,7331.7
6.32,67.7,0.7609,922,-162,167,14.9,7366.9
6.34,67.7,0.7609,921,-162,167,15.3,7366.9
6.36,67.7,0.7601,919,-161,167,15.7,7397.3
6.38,67.7,0.7601,918,-160,168,16.1,7397.3
6.4,67.7,0.7591,916,-160,168,16.6,7431.2
6.42,67.7,0.7591,915,-159,168,17.1,7431.2
6.44,67.7,0.758,913,-159,168,17.6,7467.8
6.46,67.7,0.758,911,-159,169,18.1,7467.8
6.48,67.7,0.7569,910,-159,169,18.5,7505.3
6.5,67.7,0.7569,908,-158,169,18.9,7505.3
6.52,67.7,0.7561,907,-158,170,19.2,7535.8
6.54,67.7,0.7561,905,-158,170,19.4,7535.8
6.56,67.7,0.7551,903,-159,170,19.6,7569.8
6.58,67.7,0.7551,902,-159,170,19.8,7569.8
6.6,67.7,0.7541,900,-159,171,19.7,7605.3
6.62,67.7,0.7541,898,-159,171,19.7,7605.3
6.64,67.7,0.7532,897,-160,170,19.5,7635.9
6.66,67.7,0.7532,895,-160,170,19.2,7635.9
6.68,67.7,0.7524,894,-161,170,18.9,7663.1
6.7,67.7,0.7524,892,-161,170,18.4,7663.1
6.72,67.7,0.7514,891,-161,169,17.9,7698.6
6.74,67.7,0.7514,889,-162,169,17.3,7699.3
6.76,67.7,0.7504,888,-162,168,16.6,7733.5
6.78,67.7,0.7504,887,-162,167,15.9,7732.8
6.8,67.7,0.7493,885,-162,166,15.2,7770.6
6.82,67.7,0.7493,884,-162,166,14.5,7770.6
6.84,67.7,0.7483,883,-162,165,13.8,7804.8
6.86,67.7,0.7483,881,-162,164,13.2,7804.8
6.88,67.7,0.7475,880,-161,164,12.7,7833.5
6.9,67.7,0.7475,879,-161,163,12.5,7833.5
6.92,67.7,0.7467,877,-160,163,12.5,7863
6.94,67.7,0.7467,876,-159,162,12.6,7863
6.96,67.7,0.7457,875,-159,162,13,7897.3
6.98,67.7,0.7457,873,-158,162,13.5,7897.3
7,67.7,0.7446,872,-157,162,14.1,7934.6
7.02,67.7,0.7446,871,-156,162,14.9,7934.6
7.04,67.7,0.744,869,-156,162,15.7,7958.5
7.06,67.6,0.7439,868,-155,162,16.5,7959.2
7.08,67.6,0.7431,866,-155,163,17.2,7990.1
7.1,67.6,0.7431,865,-155,163,18,7990.1
7.12,67.6,0.7421,863,-155,164,18.7,8023.9
7.14,67.6,0.7421,862,-155,164,19.2,8024.6
7.16,67.6,0.7411,860,-155,164,19.6,8058.5
7.18,67.6,0.7411,859,-155,165,19.9,8059.2
7.2,67.6,0.7402,857,-155,165,20,8091.6
7.22,67.6,0.7402,855,-156,165,19.9,8091.6
7.24,67.6,0.7393,854,-156,165,19.7,8122.7
7.26,67.6,0.7393,852,-157,165,19.3,8122.7
7.28,67.6,0.7386,851,-157,164,18.8,8148.2
7.3,67.6,0.7386,849,-158,164,18.1,8148.9
7.32,67.6,0.7375,848,-158,164,17.4,8185
7.34,67.6,0.7375,847,-158,163,16.6,8185
7.36,67.6,0.7368,845,-159,162,15.7,8210.5
7.38,67.6,0.7368,844,-159,161,14.8,8211.2
7.4,67.6,0.7358,843,-159,161,13.9,8247.4
7.42,67.6,0.7358,842,-158,160,13.2,8247.4
7.44,67.6,0.7351,841,-158,159,12.5,8271.5
7.46,67.6,0.7351,839,-158,158,12.1,8271.5
7.48,67.6,0.7342,838,-157,158,11.9,8304.2
7.5,67.6,0.7342,837,-156,157,12,8304.9
7.52,67.6,0.7334,836,-156,157,12.2,8332.6
7.54,67.6,0.7334,834,-155,157,12.7,8332.6
7.56,67.6,0.7324,833,-154,157,13.4,8366.8
7.58,67.6,0.7324,832,-154,157,14.1,8367.5
7.6,67.6,0.7316,831,-153,157,14.9,8395.3
7.62,67.6,0.7316,829,-153,157,15.7,8394.6
7.64,67.6,0.7307,828,-152,158,16.5,8427.4
7.66,67.6,0.7307,826,-152,158,17.3,8427.4
7.68,67.6,0.7299,825,-152,158,17.9,8455.2
7.7,67.6,0.7299,823,-152,159,18.5,8455.9
7.72,67.6,0.7292,822,-152,159,19,8481.6
7.74,67.6,0.7292,821,-152,159,19.3,8482.4
7.76,67.6,0.7283,819,-152,159,19.5,8515.3
7.78,67.6,0.7283,818,-152,160,19.7,8515.3
7.8,67.6,0.7274,816,-153,160,19.6,8544.6
7.82,67.6,0.7274,815,-153,160,19.4,8544.6
7.84,67.6,0.7266,813,-154,160,19.1,8576.1
7.86,67.6,0.7266,812,-154,159,18.6,8576.1
7.88,67.6,0.7259,811,-154,159,18.1,8599.1
7.9,67.6,0.7259,809,-155,159,17.4,8599.1
7.92,67.6,0.7251,808,-155,158,16.7,8629.2
7.94,67.6,0.7251,807,-155,158,15.9,8629.2
7.96,67.6,0.7242,806,-155,157,15.1,8660.8
7.98,67.6,0.7242,804,-155,156,14.2,8660.8
8,67.6,0.7235,803,-155,156,13.5,8686.7
8.02,67.6,0.7235,802,-155,155,12.8,8686.7
8.04,67.6,0.7224,801,-155,154,12.3,8724.1
8.06,67.6,0.7224,800,-155,154,11.9,8724.1
8.08,67.6,0.7219,799,-154,153,11.7,8745
8.1,67.6,0.7219,797,-154,153,11.7,8745
8.12,67.6,0.721,796,-153,153,11.9,8774.6
8.14,67.5,0.721,795,-152,152,12.2,8775.3
8.16,67.5,0.7201,794,-152,152,12.7,8808.5
8.18,67.5,0.7201,793,-151,152,13.4,8808.5
8.2,67.5,0.7194,791,-151,152,14.1,8833.1
8.22,67.5,0.7194,790,-150,152,14.8,8833.1
8.24,67.5,0.7185,789,-150,152,15.5,8866.3
8.26,67.5,0.7185,788,-150,153,16.2,8866.3
8.28,67.5,0.7179,786,-149,153,17,8889.5
8.3,67.5,0.7179,785,-149,153,17.5,8889.5
8.32,67.5,0.7171,784,-149,154,18.1,8917.7
8.34,67.5,0.7171,782,-149,154,18.5,8917.7
8.36,67.5,0.7163,781,-149,154,18.9,8944.5
8.38,67.5,0.7163,780,-149,154,19.1,8944.5
8.4,67.5,0.7156,778,-149,155,19.2,8972.1
8.42,67.5,0.7156,777,-150,155,19.3,8972.1
8.44,67.5,0.7148,775,-150,155,19.2,9000.4
8.46,67.5,0.7148,774,-150,155,19,9000.4
8.48,67.5,0.714,773,-150,155,18.8,9030.9
8.5,67.5,0.714,772,-151,154,18.4,9030.9
8.52,67.5,0.7132,770,-151,154,18,9059.3
8.54,67.5,0.7132,769,-151,154,17.5,9060
8.56,67.5,0.7125,768,-152,153,16.9,9082.6
8.58,67.5,0.7125,767,-152,153,16.3,9082.6
8.6,67.5,0.7118,766,-152,152,15.6,9109.5
8.62,67.5,0.7118,764,-152,152,14.9,9108.8
8.64,67.5,0.711,763,-152,151,14.2,9137.2
8.66,67.5,0.711,762,-152,151,13.6,9138
8.68,67.5,0.7103,761,-152,150,13,9164.2
8.7,67.5,0.7103,760,-152,150,12.6,9164.2
8.72,67.5,0.7094,759,-151,149,12.2,9196.4
8.74,67.5,0.7094,758,-151,149,12,9196.4
8.76,67.5,0.7087,757,-151,149,11.9,9223.4
8.78,67.5,0.7087,756,-150,148,12,9223.4
8.8,67.5,0.708,754,-150,148,12.3,9249.8
8.82,67.5,0.7079,753,-149,148,12.6,9250.5
8.84,67.5,0.7071,752,-149,148,13.1,9282.7
8.86,67.5,0.7071,751,-148,148,13.7,9282
8.88,67.5,0.7065,750,-148,148,14.3,9301.8
8.9,67.5,0.7065,749,-148,148,14.9,9301.8
8.92,67.5,0.7057,748,-147,148,15.5,9334.1
8.94,67.5,0.7057,746,-147,148,16.2,9334.1
8.96,67.5,0.705,745,-147,148,16.7,9359
8.98,67.5,0.705,744,-146,149,17.3,9359
9,67.5,0.7042,743,-146,149,17.8,9387.7
9.02,67.5,0.7042,741,-146,149,18.2,9387.7
9.04,67.5,0.7036,740,-146,149,18.6,9409
9.06,67.5,0.7036,739,-146,149,19,9409.8
9.08,67.5,0.7029,738,-146,149,19.2,9434.8
9.1,67.5,0.7029,736,-147,150,19.4,9434.8
9.12,67.5,0.7022,735,-147,150,19.5,9461.3
9.14,67.5,0.7022,734,-147,150,19.4,9461.3
9.16,67.5,0.7015,733,-147,150,19.3,9488.6
9.18,67.5,0.7015,731,-147,150,19.1,9488.6
9.2,67.5,0.7009,730,-148,149,18.9,9510
9.22,67.5,0.7009,729,-148,149,18.6,9510
9.24,67.5,0.6999,728,-148,149,18.1,9546.2
9.26,67.5,0.6999,727,-148,149,17.7,9546.2
9.28,67.5,0.6993,726,-149,148,17.1,9567.6
9.3,67.5,0.6993,724,-149,148,16.6,9567.6
9.32,67.5,0.6986,723,-149,148,16,9595
9.34,67.5,0.6986,722,-149,147,15.5,9595
9.36,67.5,0.698,721,-149,147,14.9,9617.9
9.38,67.5,0.6979,720,-149,146,14.3,9618.6
9.4,67.5,0.6972,719,-149,146,13.8,9647.5
9.42,67.5,0.6972,718,-148,145,13.4,9647.5
9.44,67.5,0.6965,717,-148,145,13,9672.7
9.46,67.5,0.6965,716,-148,145,12.8,9672.7
9.48,67.5,0.6959,715,-148,144,12.6,9695.7
9.5,67.5,0.6958,714,-147,144,12.6,9696.5
9.52,67.5,0.6951,713,-147,144,12.8,9723.2
9.54,67.5,0.6951,712,-146,144,13,9723.2
9.56,67.5,0.6944,711,-146,143,13.3,9748.5
9.58,67.5,0.6944,710,-146,143,13.7,9748.5
9.6,67.5,0.6938,708,-145,143,14.2,9773.8
9.62,67.5,0.6938,707,-145,143,14.8,9773.8
9.64,67.5,0.6931,706,-145,143,15.3,9799.8
9.66,67.5,0.6931,705,-144,144,15.9,9799.8
9.68,67.5,0.6924,704,-144,144,16.5,9825.2
9.7,67.5,0.6924,703,-144,144,17,9825.2
9.72,67.5,0.6917,702,-144,144,17.6,9852
9.74,67.5,0.6917,700,-144,144,18.1,9852
9.76,67.5,0.6911,699,-143,144,18.5,9872.2
9.78,67.5,0.6911,698,-143,144,18.9,9872.2
9.8,67.5,0.6903,697,-143,145,19.2,9901.3
9.82,67.5,0.6903,696,-143,145,19.5,9901.3
9.84,67.5,0.6897,695,-144,145,19.7,9925.2
9.86,67.5,0.6897,693,-144,145,19.9,9924.5
9.88,67.5,0.6892,692,-144,145,19.9,9944.6
9.9,67.4,0.6892,691,-144,145,19.9,9945.4
9.92,67.4,0.6884,690,-144,145,19.8,9974.6
9.94,67.5,0.6884,689,-144,145,19.7,9973.8
9.96,67.5,0.6878,688,-145,145,19.5,9997.8
9.98,67.4,0.6878,686,-145,144,19.2,9997.8
10,67.4,0.6871,685,-145,144,18.9,10024
10.02,67.4,0.6871,684,-145,144,18.5,10024
10.04,67.4,0.6864,683,-145,144,18.1,10047.3
10.06,67.4,0.6864,682,-145,143,17.6,10047.3
10.08,67.4,0.6857,681,-145,143,17.1,10075.1
10.1,67.4,0.6857,680,-145,143,16.6,10075.1
10.12,67.4,0.6851,679,-145,142,16,10096.9
10.14,67.4,0.6851,678,-145,142,15.5,10096.9
10.16,67.4,0.6844,677,-145,142,15,10122.5
10.18,67.4,0.6844,676,-145,141,14.6,10122.5
10.2,67.4,0.6839,675,-145,141,14.2,10144.3
10.22,67.4,0.6838,674,-145,141,13.9,10145
10.24,67.4,0.6831,673,-145,140,13.6,10172.1
10.26,67.4,0.6831,672,-144,140,13.5,10172.1
10.28,67.4,0.6824,671,-144,140,13.5,10197.8
10.3,67.4,0.6824,670,-144,140,13.5,10197.8
10.32,67.4,0.6817,669,-143,139,13.7,10225.7
10.34,67.4,0.6817,668,-143,139,13.9,10225.7
10.36,67.4,0.6812,667,-143,139,14.2,10243.8
10.38,67.4,0.6812,666,-143,139,14.6,10243.8
10.4,67.4,0.6805,665,-142,139,15.1,10269.5
10.42,67.4,0.6805,664,-142,139,15.5,10270.2
10.44,67.4,0.68,663,-142,139,16,10289.9
10.46,67.4,0.68,662,-141,139,16.6,10289.9
10.48,67.4,0.6795,661,-141,139,17.1,10309.6
10.5,67.4,0.6795,660,-141,139,17.6,10310.3
10.52,67.4,0.6787,658,-141,140,18,10337.6
10.54,67.4,0.6787,657,-141,140,18.5,10337.6
10.56,67.4,0.6781,656,-141,140,18.9,10361.8
10.58,67.4,0.6781,655,-141,140,19.3,10361.8
10.6,67.4,0.6774,654,-141,140,19.6,10387.6
10.62,67.4,0.6774,653,-141,140,19.9,10387.6
10.64,67.4,0.6768,652,-141,140,20.1,10410.4
10.66,67.4,0.6768,651,-141,140,20.3,10410.4
10.68,67.4,0.6762,650,-141,140,20.4,10432.4
10.7,67.4,0.6762,649,-141,140,20.5,10432.4
10.72,67.4,0.6757,647,-141,140,20.5,10452.9
10.74,67.4,0.6757,646,-141,140,20.4,10452.9
10.76,67.4,0.675,645,-141,140,20.3,10478.8
10.78,67.4,0.675,644,-142,140,20.1,10478.8
10.8,67.4,0.6744,643,-142,140,19.9,10502.4
10.82,67.4,0.6744,642,-142,140,19.6,10502.4
10.84,67.4,0.6739,641,-142,140,19.3,10522.9
10.86,67.4,0.6739,640,-142,139,18.9,10522.9
10.88,67.4,0.6732,639,-142,139,18.5,10547.3
10.9,67.4,0.6732,638,-142,139,18.1,10547.3
10.92,67.4,0.6726,637,-142,138,17.6,10571
10.94,67.4,0.6726,636,-142,138,17.2,10571
10.96,67.4,0.6722,635,-142,138,16.8,10587.8
10.98,67.4,0.6721,634,-142,138,16.3,10588.5
11,67.4,0.6713,633,-142,137,15.9,10619.9
11.02,67.4,0.6713,632,-142,137,15.5,10619.9
11.04,67.4,0.6707,631,-142,137,15.2,10642
11.06,67.4,0.6707,630,-142,136,14.9,10642
11.08,67.4,0.6702,629,-141,136,14.7,10664.2
11.1,67.4,0.6701,628,-141,136,14.6,10665
11.12,67.4,0.6696,627,-141,136,14.5,10684.9
11.14,67.4,0.6696,627,-141,136,14.5,10684.9
11.16,67.4,0.6691,626,-141,135,14.6,10705.6
11.18,67.4,0.6691,625,-140,135,14.8,10705.6
11.2,67.4,0.6684,624,-140,135,15,10730.1
11.22,67.4,0.6684,623,-140,135,15.3,10730.1
11.24,67.4,0.6678,622,-139,135,15.6,10754.6
11.26,67.4,0.6678,621,-139,135,16,10753.9
11.28,67.4,0.6672,620,-139,135,16.4,10778.4
11.3,67.4,0.6672,619,-139,135,16.9,10778.4
11.32,67.4,0.6666,618,-139,135,17.3,10799.2
11.34,67.4,0.6666,617,-138,135,17.8,10799.2
11.36,67.4,0.6661,616,-138,135,18.3,10819.2
11.38,67.4,0.6661,615,-138,135,18.7,10819.9
11.4,67.4,0.6655,614,-138,135,19.1,10842.3
11.42,67.4,0.6655,613,-138,136,19.5,10842.3
11.44,67.4,0.6649,612,-138,136,19.9,10864.6
11.46,67.4,0.6649,611,-138,136,20.3,10864.6
11.48,67.4,0.6644,609,-138,136,20.6,10885.4
11.5,67.4,0.6644,608,-138,136,20.8,10885.4
11.52,67.4,0.6639,607,-138,136,21,10906.2
11.54,67.4,0.6639,606,-138,136,21.2,10906.2
11.56,67.4,0.6633,605,-138,136,21.3,10928.6
11.58,67.4,0.6633,604,-138,136,21.4,10928.6
11.6,67.4,0.6627,603,-138,136,21.4,10949.4
11.62,67.4,0.6627,602,-138,136,21.3,10949.4
11.64,67.4,0.6622,601,-139,136,21.3,10969.5
11.66,67.4,0.6622,600,-139,136,21.1,10970.3
11.68,67.4,0.6616,599,-139,136,21,10995
11.7,67.4,0.6616,598,-139,135,20.8,10995
11.72,67.4,0.661,597,-139,135,20.5,11015.1
11.74,67.4,0.661,596,-139,135,20.2,11015.1
11.76,67.4,0.6605,595,-139,135,19.9,11037.6
11.78,67.4,0.6605,594,-139,135,19.6,11037.6
11.8,67.4,0.6599,593,-139,134,19.2,11058.5
11.82,67.4,0.6599,592,-139,134,18.9,11058.5
11.84,67.4,0.6594,592,-139,134,18.5,11077.9
11.86,67.4,0.6594,591,-139,134,18.1,11077.1
11.88,67.4,0.6587,590,-139,133,17.7,11105.8
11.9,67.4,0.6587,589,-139,133,17.4,11106.6
11.92,67.4,0.6581,588,-139,133,17,11127.5
11.94,67.4,0.6582,587,-139,133,16.7,11126.7
11.96,67.4,0.6576,586,-139,132,16.4,11147.7
11.98,67.4,0.6576,585,-139,132,16.2,11146.9
12,67.4,0.657,584,-138,132,16,11171.8
12.02,67.4,0.657,583,-138,132,15.8,11171.8
12.04,67.4,0.6565,582,-138,132,15.7,11192.8
12.06,67.4,0.6565,582,-138,131,15.7,11192.8
12.08,67.4,0.6561,581,-138,131,15.7,11208.4
12.1,67.4,0.6561,580,-137,131,15.8,11207.6
12.12,67.4,0.6555,579,-137,131,15.9,11230.2
12.14,67.4,0.6555,578,-137,131,16.1,11231
12.16,67.4,0.6549,577,-137,131,16.4,11253.6
12.18,67.4,0.6549,576,-137,131,16.6,11253.6
12.2,67.4,0.6544,575,-136,131,17,11274.6
12.22,67.4,0.6544,574,-136,131,17.3,11274.6
12.24,67.4,0.6539,573,-136,131,17.7,11291.8
12.26,67.4,0.6539,572,-136,131,18,11291.8
12.28,67.4,0.6534,571,-136,131,18.4,11312.9
12.3,67.4,0.6534,570,-136,131,18.8,11312.9
12.32,67.4,0.6527,569,-135,131,19.2,11339.5
12.34,67.4,0.6527,568,-135,131,19.5,11339.5
12.36,67.4,0.6523,568,-135,131,19.9,11356.7
12.38,67.4,0.6523,567,-135,131,20.3,11356.7
12.4,67.4,0.6517,566,-135,131,20.6,11377.8
12.42,67.4,0.6517,565,-135,131,20.9,11377.8
12.44,67.4,0.6513,564,-135,131,21.2,11392.7
12.46,67.4,0.6513,563,-135,132,21.4,11392.7
12.48,67.4,0.6508,562,-135,132,21.6,11413.8
12.5,67.4,0.6508,561,-135,132,21.8,11413.8
12.52,67.4,0.6501,560,-135,132,21.9,11440.5
12.54,67.4,0.6501,559,-135,132,22,11440.5
12.56,67.4,0.6496,558,-135,132,22.1,11459.3
12.58,67.4,0.6496,557,-135,132,22.1,11459.3
12.6,67.4,0.6491,556,-136,132,22,11478.9
12.62,67.4,0.6491,555,-136,131,22,11478.9
12.64,67.4,0.6487,554,-136,131,21.9,11496.2
12.66,67.4,0.6487,553,-136,131,21.7,11495.4
12.68,67.4,0.6481,552,-136,131,21.5,11520.6
12.7,67.4,0.6481,551,-136,131,21.3,11521.4
12.72,67.4,0.6477,550,-136,131,21.1,11534.7
12.74,67.4,0.6477,549,-136,131,20.8,11533.9
12.76,67.4,0.6471,548,-136,131,20.5,11559.1
12.78,67.4,0.6471,548,-136,130,20.2,11559.1
12.8,67.4,0.6465,547,-136,130,19.9,11582
12.82,67.4,0.6465,546,-136,130,19.5,11582.8
12.84,67.4,0.646,545,-136,130,19.2,11604
12.86,67.4,0.646,544,-136,130,18.8,11603.2
12.88,67.4,0.6456,543,-136,129,18.5,11618.2
12.9,67.4,0.6456,542,-136,129,18.2,11618.2
12.92,67.4,0.6452,541,-136,129,17.9,11635.6
12.94,67.4,0.6451,541,-136,129,17.6,11636.4
12.96,67.4,0.6446,540,-136,129,17.3,11659.3
12.98,67.4,0.6446,539,-136,128,17.1,11659.3
13,67.4,0.6442,538,-136,128,16.9,11674.3
13.02,67.4,0.6442,537,-135,128,16.7,11675.1
13.04,67.4,0.6436,536,-135,128,16.6,11695.6
13.06,67.4,0.6436,535,-135,128,16.5,11695.6
13.08,67.4,0.6432,535,-135,128,16.5,11714.6
13.1,67.4,0.6432,534,-135,127,16.5,11714.6
13.12,67.4,0.6426,533,-135,127,16.5,11736
13.14,67.4,0.6426,532,-134,127,16.6,11736
13.16,67.4,0.6421,531,-134,127,16.8,11755.8
13.18,67.3,0.6421,530,-134,127,16.9,11755.8
13.2,67.3,0.6416,529,-134,127,17.1,11777.2
13.22,67.3,0.6416,528,-134,127,17.4,11777.2
13.24,67.3,0.6413,528,-134,127,17.7,11786.7
13.26,67.4,0.6414,527,-134,127,17.9,11785.9
13.28,67.4,0.6406,526,-133,127,18.3,11815.2
13.3,67.4,0.6406,525,-133,127,18.6,11815.2
13.32,67.4,0.6402,524,-133,127,18.9,11832.7
13.34,67.4,0.6402,523,-133,127,19.3,11832.7
13.36,67.4,0.6397,522,-133,127,19.6,11850.2
13.38,67.4,0.6397,521,-133,127,19.9,11850.2
13.4,67.4,0.6393,520,-133,127,20.2,11869.3
13.42,67.4,0.6393,519,-133,127,20.6,11869.3
13.44,67.4,0.6389,519,-133,127,20.9,11885.2
13.46,67.4,0.6389,518,-133,127,21.2,11885.2
13.48,67.4,0.6383,517,-133,127,21.4,11908.3
13.5,67.4,0.6383,516,-133,127,21.7,11908.3
13.52,67.4,0.6379,515,-133,127,21.9,11923.4
13.54,67.4,0.6379,514,-133,127,22.1,11923.4
13.56,67.4,0.6375,513,-133,127,22.3,11940.9
13.58,67.4,0.6375,512,-133,127,22.4,11940.9
13.6,67.4,0.6369,511,-133,127,22.6,11962.4
13.62,67.4,0.6369,510,-133,127,22.6,11962.4
13.64,67.4,0.6365,509,-133,127,22.7,11978.4
13.66,67.4,0.6365,509,-133,127,22.7,11978.4
13.68,67.4,0.636,508,-133,127,22.7,11999.1
13.7,67.4,0.636,507,-133,127,22.6,11999.1
13.72,67.4,0.6356,506,-133,127,22.6,12016.7
13.74,67.4,0.6356,505,-133,127,22.5,12016.7
13.76,67.4,0.6351,504,-133,127,22.4,12035.9
13.78,67.4,0.6351,503,-133,127,22.2,12036.7
13.8,67.4,0.6347,502,-133,127,22,12051.9
13.82,67.3,0.6347,501,-133,127,21.9,12051.9
13.84,67.3,0.6342,501,-133,126,21.6,12071.9
13.86,67.4,0.6342,500,-133,126,21.4,12071.1
13.88,67.4,0.6338,499,-133,126,21.2,12088.7
13.9,67.4,0.6338,498,-133,126,20.9,12088.7
13.92,67.4,0.6333,497,-133,126,20.7,12106.3
13.94,67.3,0.6333,496,-133,126,20.4,12107.1
13.96,67.3,0.6328,496,-133,126,20.1,12127.9
13.98,67.3,0.6328,495,-133,125,19.8,12127.9
14,67.3,0.6324,494,-133,125,19.5,12144
14.02,67.4,0.6324,493,-133,125,19.3,12143.2
14.04,67.4,0.6319,492,-133,125,19,12163.2
14.06,67.4,0.6319,491,-133,125,18.8,12163.2
14.08,67.4,0.6316,491,-133,125,18.5,12174.5
14.1,67.4,0.6316,490,-133,124,18.3,12174.5
14.12,67.4,0.6311,489,-133,124,18.1,12194.6
14.14,67.4,0.6311,488,-133,124,18,12194.6
14.16,67.4,0.6305,487,-132,124,17.8,12217.9
14.18,67.4,0.6305,487,-132,124,17.8,12217.9
14.2,67.4,0.6302,486,-132,124,17.7,12231.5
14.22,67.4,0.6302,485,-132,124,17.7,12231.5
14.24,67.4,0.6297,484,-132,124,17.7,12250.8
14.26,67.4,0.6297,483,-132,124,17.7,12250.8
14.28,67.4,0.6293,482,-132,124,17.8,12268.6
14.3,67.4,0.6293,482,-132,124,17.9,12268.6
14.32,67.4,0.6288,481,-131,123,18,12288.7
14.34,67.3,0.6288,480,-131,123,18.2,12288.7
14.36,67.3,0.6284,479,-131,123,18.4,12304
14.38,67.4,0.6284,478,-131,123,18.6,12304
14.4,67.4,0.6279,477,-131,123,18.9,12323.4
14.42,67.4,0.6279,477,-131,123,19.1,12323.4
14.44,67.4,0.6275,476,-131,123,19.4,12339.5
14.46,67.4,0.6275,475,-131,123,19.7,12339.5
14.48,67.4,0.6272,474,-131,123,20,12353.2
14.5,67.4,0.6272,473,-130,123,20.3,12353.2
14.52,67.4,0.6267,472,-130,123,20.6,12371
14.54,67.4,0.6267,472,-130,123,20.9,12371
14.56,67.4,0.6264,471,-130,123,21.2,12384.7
14.58,67.4,0.6264,470,-130,123,21.5,12383.9
14.6,67.4,0.6259,469,-130,123,21.8,12404.1
14.62,67.4,0.6259,468,-130,123,22.1,12404.1
14.64,67.4,0.6255,467,-130,124,22.4,12421.1
14.66,67.4,0.6255,466,-130,124,22.6,12421.9
14.68,67.4,0.6252,465,-130,124,22.8,12433.3
14.7,67.4,0.6252,465,-130,124,23,12433.3
14.72,67.4,0.6247,464,-130,124,23.2,12455.1
14.74,67.4,0.6247,463,-130,124,23.4,12455.1
14.76,67.4,0.6243,462,-130,124,23.6,12468.9
14.78,67.4,0.6243,461,-130,124,23.7,12468.9
14.8,67.4,0.6238,460,-130,124,23.8,12488.4
14.82,67.4,0.6238,459,-130,123,23.9,12488.4
14.84,67.4,0.6234,459,-130,123,23.9,12506.2
14.86,67.4,0.6234,458,-130,123,24,12506.2
14.88,67.4,0.6231,457,-130,123,24,12520
14.9,67.4,0.6231,456,-130,123,24,12520
14.92,67.4,0.6226,455,-130,123,24,12537.9
14.94,67.4,0.6226,454,-130,123,23.9,12537.9
14.96,67.4,0.6222,454,-130,123,23.9,12555.7
14.98,67.4,0.6222,453,-130,123,23.8,12555.7
15,67.4,0.6219,452,-130,123,23.7,12567.9
15.02,67.4,0.6219,451,-130,123,23.6,12567.1
15.04,67.4,0.6215,450,-130,123,23.5,12583.4
15.06,67.4,0.6215,450,-130,123,23.3,12583.4
15.08,67.4,0.621,449,-130,122,23.2,12602.9
15.1,67.4,0.621,448,-130,122,23,12602.9
15.12,67.4,0.6207,447,-130,122,22.8,12615.1
15.14,67.4,0.6207,446,-130,122,22.6,12615.1
15.16,67.4,0.6203,446,-130,122,22.4,12630.6
15.18,67.4,0.6203,445,-130,122,22.2,12630.6
15.2,67.4,0.62,444,-130,122,22,12646.1
15.22,67.4,0.6199,443,-130,122,21.8,12646.9
15.24,67.4,0.6195,442,-130,121,21.6,12666.5
15.26,67.4,0.6195,442,-130,121,21.4,12666.5
15.28,67.4,0.6191,441,-130,121,21.2,12682
15.3,67.4,0.6191,440,-130,121,21,12682
15.32,67.4,0.6185,439,-130,121,20.8,12704
15.34,67.4,0.6185,438,-130,121,20.7,12704
15.36,67.4,0.6183,438,-130,121,20.5,12712.2
15.38,67.4,0.6183,437,-130,121,20.3,12712.2
15.4,67.4,0.618,436,-130,121,20.2,12726.1
15.42,67.4,0.618,435,-130,120,20.1,12726.1
15.44,67.4,0.6175,435,-130,120,20,12748.1
15.46,67.4,0.6175,434,-129,120,19.9,12748.1
15.48,67.4,0.6171,433,-129,120,19.9,12763.7
15.5,67.4,0.6171,432,-129,120,19.9,12763.7
15.52,67.4,0.6168,431,-129,120,19.9,12773.5
15.54,67.4,0.6168,431,-129,120,19.9,12773.5
15.56,67.4,0.6164,430,-129,120,19.9,12789.9
15.58,67.4,0.6164,429,-129,120,20,12789.9
15.6,67.4,0.6159,428,-129,120,20.1,12811.2
15.62,67.4,0.6159,427,-129,120,20.2,12811.2
15.64,67.4,0.6156,427,-129,120,20.4,12825.1
15.66,67.4,0.6156,426,-128,120,20.5,12825.1
15.68,67.4,0.6153,425,-128,120,20.7,12837.4
15.7,67.4,0.6153,424,-128,120,20.9,12837.4
15.72,67.4,0.6148,423,-128,120,21.1,12855.5
15.74,67.4,0.6148,423,-128,120,21.4,12855.5
15.76,67.4,0.6145,422,-128,120,21.6,12871
15.78,67.4,0.6145,421,-128,120,21.9,12871
15.8,67.4,0.6142,420,-128,120,22.1,12880.9
15.82,67.4,0.6142,419,-128,120,22.4,12880.9
15.84,67.4,0.6138,419,-128,120,22.7,12896.5
15.86,67.4,0.6138,418,-128,120,23,12897.3
15.88,67.4,0.6135,417,-128,120,23.3,12911.3
15.9,67.4,0.6135,416,-128,120,23.5,12911.3
15.92,67.4,0.613,415,-128,120,23.8,12929.4
15.94,67.4,0.6131,415,-128,120,24.1,12928.6
15.96,67.4,0.6126,414,-128,120,24.4,12949.1
15.98,67.4,0.6126,413,-127,120,24.6,12949.1
16,67.4,0.6125,412,-127,120,24.8,12952.4
16.02,67.4,0.6125,411,-127,120,25.1,12952.4
16.04,67.4,0.6121,411,-127,120,25.3,12968.9
16.06,67.4,0.6121,410,-127,120,25.5,12968.9
16.08,67.4,0.6117,409,-127,120,25.7,12984.5
16.1,67.4,0.6117,408,-127,120,25.8,12984.5
16.12,67.4,0.6113,407,-127,120,26,13002.7
16.14,67.4,0.6112,407,-127,120,26.1,13003.5
16.16,67.4,0.6109,406,-127,120,26.2,13017.5
16.18,67.4,0.6109,405,-127,120,26.3,13016.7
16.2,67.4,0.6106,404,-127,120,26.4,13030.7
16.22,67.4,0.6106,403,-127,120,26.5,13030.7
16.24,67.4,0.6102,402,-127,119,26.5,13044.8
16.26,67.4,0.6102,402,-127,119,26.6,13045.6
16.28,67.4,0.6097,401,-128,119,26.6,13065.4
16.3,67.4,0.6097,400,-128,119,26.6,13065.4
16.32,67.4,0.6096,399,-128,119,26.6,13069.5
16.34,67.4,0.6097,399,-128,119,26.5,13068.7
16.36,67.4,0.6092,398,-128,119,26.5,13086.9
16.38,67.4,0.6092,397,-128,119,26.5,13087.7
16.4,67.4,0.6089,396,-128,119,26.4,13101.8
16.42,67.4,0.6089,395,-128,119,26.4,13100.9
16.44,67.4,0.6085,395,-128,119,26.3,13115
16.46,67.4,0.6085,394,-128,119,26.2,13115.8
16.48,67.4,0.6081,393,-128,119,26.1,13131.6
16.5,67.4,0.6081,392,-128,118,26.1,13131.6
16.52,67.4,0.6077,392,-128,118,26,13148.1
16.54,67.4,0.6078,391,-128,118,25.9,13147.3
16.56,67.4,0.6075,390,-128,118,25.8,13159.7
16.58,67.4,0.6075,389,-127,118,25.7,13159.7
16.6,67.4,0.6072,389,-127,118,25.6,13169.7
16.62,67.4,0.6072,388,-127,118,25.5,13169.7
16.64,67.4,0.6069,387,-127,118,25.4,13181.3
16.66,67.4,0.6069,386,-127,118,25.3,13181.3
16.68,67.4,0.6065,386,-127,118,25.2,13201.2
16.7,67.4,0.6064,385,-127,117,25.1,13202
16.72,67.4,0.6062,384,-127,117,25,13212
16.74,67.4,0.6062,383,-127,117,24.9,13212
16.76,67.4,0.6059,383,-127,117,24.8,13226.1
16.78,67.4,0.6059,382,-127,117,24.7,13226.1
16.8,67.4,0.6055,381,-127,117,24.6,13241.9
16.82,67.4,0.6055,380,-127,117,24.5,13241.9
16.84,67.4,0.6052,380,-127,117,24.4,13254.3
16.86,67.4,0.6052,379,-127,117,24.3,13254.3
16.88,67.4,0.6048,378,-127,117,24.2,13268.5
16.9,67.4,0.6048,377,-127,117,24.1,13268.5
16.92,67.4,0.6045,377,-127,117,24.1,13280.9
16.94,67.4,0.6046,376,-127,117,24,13280.1
16.96,67.4,0.6042,375,-127,116,23.9,13294.3
16.98,67.4,0.6042,374,-127,116,23.9,13295.1
17,67.4,0.6039,374,-126,116,23.9,13306.7
17.02,67.4,0.6039,373,-126,116,23.8,13307.6
17.04,67.4,0.6035,372,-126,116,23.8,13323.4
17.06,67.4,0.6035,371,-126,116,23.8,13323.4
17.08,67.4,0.6033,371,-126,116,23.8,13333.4
17.1,67.4,0.6033,370,-126,116,23.8,13333.4
17.12,67.4,0.6028,369,-126,116,23.8,13351.7
17.14,67.4,0.6028,368,-126,116,23.9,13351.7
17.16,67.4,0.6026,368,-126,116,23.9,13363.4
17.18,67.4,0.6026,367,-126,116,24,13363.4
17.2,67.4,0.6023,366,-126,116,24.1,13374.3
17.22,67.4,0.6023,365,-126,116,24.2,13374.3
17.24,67.4,0.602,365,-126,116,24.3,13385.9
17.26,67.4,0.602,364,-125,116,24.4,13385.9
17.28,67.4,0.6017,363,-125,116,24.6,13400.1
17.3,67.4,0.6017,362,-125,116,24.7,13400.1
17.32,67.4,0.6013,362,-125,116,24.9,13416
17.34,67.4,0.6013,361,-125,116,25.1,13416.8
17.36,67.4,0.601,360,-125,116,25.2,13426.9
17.38,67.4,0.6011,359,-125,116,25.4,13426
17.4,67.4,0.6007,359,-125,116,25.6,13442.7
17.42,67.4,0.6007,358,-125,116,25.8,13442.7
17.44,67.4,0.6005,357,-125,116,26.1,13451.1
17.46,67.4,0.6005,356,-125,116,26.3,13451.1
17.48,67.4,0.6002,356,-125,116,26.5,13462.8
17.5,67.4,0.6002,355,-125,116,26.7,13462.8
17.52,67.4,0.5999,354,-125,116,27,13473.7
17.54,67.4,0.5999,353,-125,116,27.2,13472.9
17.56,67.4,0.5996,353,-125,116,27.4,13487.1
17.58,67.4,0.5996,352,-125,116,27.6,13487.9
17.6,67.4,0.5992,351,-125,116,27.9,13502.2
17.62,67.4,0.5993,350,-125,116,28.1,13501.3
17.64,67.4,0.599,349,-125,116,28.3,13511.4
17.66,67.4,0.599,349,-125,116,28.5,13512.2
17.68,67.4,0.5986,348,-125,116,28.7,13530.7
17.7,67.4,0.5986,347,-125,116,28.9,13529.8
17.72,67.4,0.5984,346,-125,116,29.1,13538.2
17.74,67.4,0.5984,346,-125,116,29.3,13538.2
17.76,67.4,0.598,345,-125,116,29.4,13552.5
17.78,67.4,0.598,344,-125,116,29.6,13552.5
17.8,67.4,0.5978,343,-125,115,29.7,13562.6
17.82,67.4,0.5978,343,-125,115,29.9,13562.6
17.84,67.4,0.5975,342,-125,115,30,13576.8
17.86,67.4,0.5975,341,-125,115,30.1,13576.8
17.88,67.4,0.5972,340,-125,115,30.2,13589.4
17.9,67.4,0.5972,340,-125,115,30.3,13589.4
17.92,67.4,0.5971,339,-125,115,30.4,13593.6
17.94,67.4,0.5971,338,-125,115,30.5,13593.6
17.96,67.4,0.5967,337,-125,115,30.6,13607.9
17.98,67.4,0.5967,337,-125,115,30.6,13607.9
18,67.4,0.5964,336,-125,115,30.7,13619.7
18.02,67.5,0.5964,335,-125,115,30.7,13619.7
18.04,67.5,0.596,334,-125,115,30.8,13639.9
18.06,67.5,0.596,334,-125,115,30.8,13639.9
18.08,67.5,0.5958,333,-125,115,30.8,13646.6
18.1,67.5,0.5958,332,-125,115,30.8,13645.8
18.12,67.5,0.5956,331,-125,115,30.8,13654.2
18.14,67.5,0.5956,331,-125,115,30.8,13654.2
18.16,67.5,0.5952,330,-125,115,30.8,13671
18.18,67.5,0.5952,329,-125,115,30.8,13671
18.2,67.5,0.5949,328,-125,115,30.8,13682.8
18.22,67.5,0.5949,328,-125,114,30.8,13682.8
18.24,67.5,0.5946,327,-125,114,30.8,13695.5
18.26,67.5,0.5946,326,-124,114,30.8,13695.5
18.28,67.5,0.5945,326,-124,114,30.7,13701.4
18.3,67.5,0.5945,325,-124,114,30.7,13701.4
18.32,67.5,0.5942,324,-124,114,30.6,13715.7
18.34,67.5,0.5942,323,-124,114,30.6,13715.7
18.36,67.5,0.5939,323,-124,114,30.6,13726.7
18.38,67.5,0.5939,322,-124,114,30.5,13725.8
18.4,67.5,0.5936,321,-124,114,30.4,13738.5
18.42,67.5,0.5936,320,-124,114,30.4,13738.5
18.44,67.5,0.5934,320,-124,114,30.3,13747
18.46,67.5,0.5934,319,-124,114,30.2,13746.1
18.48,67.5,0.5929,318,-124,114,30.2,13767.2
18.5,67.5,0.5929,318,-124,113,30.1,13767.2
18.52,67.5,0.5928,317,-124,113,30,13773.1
18.54,67.5,0.5928,316,-124,113,29.9,13773.1
18.56,67.5,0.5926,315,-124,113,29.8,13781.6
18.58,67.5,0.5926,315,-124,113,29.7,13781.6
18.6,67.5,0.5923,314,-124,113,29.7,13796
18.62,67.5,0.5923,313,-124,113,29.6,13796
18.64,67.5,0.592,313,-124,113,29.5,13806.1
18.66,67.5,0.592,312,-124,113,29.4,13806.1
18.68,67.5,0.5918,311,-124,113,29.3,13816.3
18.7,67.5,0.5918,311,-124,113,29.3,13816.3
18.72,67.5,0.5914,310,-124,113,29.2,13830.7
18.74,67.5,0.5914,309,-124,113,29.1,13830.7
18.76,67.5,0.5912,308,-124,113,29.1,13840.8
18.78,67.5,0.5912,308,-124,113,29,13841.7
18.8,67.5,0.5911,307,-124,113,29,13845.1
18.82,67.5,0.5911,306,-124,112,28.9,13845.1
18.84,67.5,0.5908,306,-123,112,28.9,13856.9
18.86,67.5,0.5908,305,-123,112,28.9,13856.9
18.88,67.5,0.5905,304,-123,112,28.9,13871.3
18.9,67.5,0.5905,303,-123,112,28.9,13871.3
18.92,67.5,0.5902,303,-123,112,28.9,13884.1
18.94,67.5,0.5902,302,-123,112,28.9,13884.1
18.96,67.5,0.59,301,-123,112,28.9,13892.5
18.98,67.5,0.59,301,-123,112,28.9,13892.5
19,67.5,0.5898,300,-123,112,29,13901
19.02,67.5,0.5898,299,-123,112,29,13900.2
19.04,67.5,0.5896,299,-123,112,29.1,13910.4
19.06,67.5,0.5896,298,-123,112,29.2,13910.4
19.08,67.5,0.5893,297,-123,112,29.2,13921.4
19.1,67.5,0.5893,296,-123,112,29.3,13920.6
19.12,67.5,0.589,296,-123,112,29.4,13933.3
19.14,67.5,0.589,295,-123,112,29.6,13933.3
19.16,67.5,0.5887,294,-123,112,29.7,13946
19.18,67.5,0.5887,294,-122,112,29.8,13946
19.2,67.5,0.5886,293,-122,112,29.9,13952
19.22,67.5,0.5886,292,-122,112,30.1,13952
19.24,67.5,0.5882,291,-122,112,30.2,13969
19.26,67.5,0.5882,291,-122,112,30.4,13968.1
19.28,67.5,0.5881,290,-122,112,30.6,13972.4
19.3,67.5,0.5881,289,-122,112,30.7,13972.4
19.32,67.5,0.5878,289,-122,112,30.9,13983.5
19.34,67.5,0.5878,288,-122,112,31.1,13983.5
19.36,67.5,0.5875,287,-122,112,31.3,13997.9
19.38,67.5,0.5875,286,-122,112,31.5,13997.9
19.4,67.5,0.5874,286,-122,112,31.7,14002.2
19.42,67.5,0.5874,285,-122,112,31.8,14001.3
19.44,67.5,0.5871,284,-122,112,32,14014.1
19.46,67.5,0.5871,284,-122,112,32.2,14013.3
19.48,67.5,0.5869,283,-122,112,32.4,14021.8
19.5,67.5,0.5869,282,-122,112,32.6,14021.8
19.52,67.5,0.5866,281,-122,112,32.8,14034.6
19.54,67.5,0.5866,281,-122,112,33,14034.6
19.56,67.5,0.5865,280,-122,111,33.2,14041.4
19.58,67.5,0.5865,279,-122,111,33.4,14041.4
19.6,67.5,0.5862,279,-122,111,33.5,14051.6
19.62,67.5,0.5863,278,-122,111,33.7,14050.8
19.64,67.5,0.5861,277,-121,111,33.9,14057.6
19.66,67.5,0.5861,276,-121,111,34.1,14056.7
19.68,67.5,0.5859,276,-121,111,34.3,14067.8
19.7,67.5,0.5859,275,-121,111,34.4,14067.8
19.72,67.5,0.5856,274,-121,111,34.6,14078.1
19.74,67.5,0.5856,273,-121,111,34.8,14078.1
19.76,67.5,0.5853,273,-121,111,35,14090.9
19.78,67.5,0.5853,272,-121,111,35.1,14090.9
19.8,67.5,0.585,271,-121,111,35.3,14102.8
19.82,67.5,0.585,271,-121,111,35.5,14102.8
19.84,67.5,0.5849,270,-121,111,35.6,14110.5
19.86,67.5,0.5848,269,-121,111,35.8,14111.4
19.88,67.5,0.5847,268,-121,111,35.9,14117.4
19.9,67.5,0.5847,268,-121,111,36.1,14117.4
19.92,67.5,0.5844,267,-121,111,36.3,14130.2
19.94,67.5,0.5844,266,-121,111,36.4,14130.2
19.96,67.5,0.5843,266,-121,111,36.6,14134.4
19.98,67.5,0.5843,265,-121,111,36.7,14133.6
20,67.5,0.5841,264,-121,111,36.9,14142.1
20.02,67.5,0.5841,263,-121,111,37,14142.1
20.04,67.5,0.5838,263,-121,111,37.1,14156.7
20.06,67.5,0.5838,262,-121,111,37.3,14156.7
20.08,67.5,0.5835,261,-121,111,37.4,14167
20.1,67.5,0.5835,261,-121,111,37.6,14167
20.12,67.5,0.5835,260,-121,111,37.7,14167
20.14,67.5,0.5835,259,-121,111,37.8,14167
20.16,67.5,0.5833,258,-121,111,38,14175.5
20.18,67.5,0.5833,258,-121,111,38.1,14175.5
20.2,67.5,0.583,257,-121,111,38.2,14190.1
20.22,67.5,0.583,256,-121,111,38.4,14190.1
20.24,67.5,0.5829,256,-121,111,38.5,14196.1
20.26,67.5,0.5829,255,-121,111,38.6,14196.1
20.28,67.5,0.5825,254,-121,111,38.7,14210.7
20.3,67.5,0.5825,253,-121,110,38.8,14210.7
20.32,67.5,0.5824,253,-121,110,38.9,14216.7
20.34,67.5,0.5824,252,-121,110,39,14217.5
20.36,67.5,0.5822,251,-121,110,39.2,14226.1
20.38,67.5,0.5822,251,-121,110,39.3,14225.2
20.4,67.5,0.5821,250,-121,110,39.4,14229.5
20.42,67.5,0.5821,249,-121,110,39.4,14229.5
20.44,67.5,0.5818,249,-121,110,39.5,14239.8
20.46,67.5,0.5818,248,-121,110,39.6,14240.7
20.48,67.5,0.5817,247,-121,110,39.7,14245
20.5,67.5,0.5817,247,-121,110,39.8,14244.1
20.52,67.5,0.5813,246,-121,110,39.9,14263
20.54,67.5,0.5813,245,-121,110,39.9,14263
20.56,67.5,0.5812,244,-121,110,40,14267.3
20.58,67.5,0.5812,244,-121,110,40,14267.3
20.6,67.5,0.581,243,-121,110,40.1,14275
20.62,67.5,0.581,242,-121,110,40.1,14275
20.64,67.5,0.5809,242,-121,110,40.2,14279.3
20.66,67.5,0.5809,241,-121,110,40.2,14279.3
20.68,67.5,0.5807,240,-121,110,40.3,14290.5
20.7,67.5,0.5807,240,-121,110,40.3,14290.5
20.72,67.5,0.5803,239,-121,109,40.3,14305.1
20.74,67.5,0.5803,238,-121,109,40.3,14304.2
20.76,67.5,0.5803,238,-121,109,40.4,14306.8
20.78,67.5,0.5803,237,-121,109,40.4,14306
20.8,67.5,0.5801,236,-121,109,40.4,14314.6
20.82,67.5,0.5801,236,-121,109,40.4,14314.6
20.84,67.5,0.5799,235,-121,109,40.4,14323.2
20.86,67.5,0.5799,234,-121,109,40.4,14323.2
20.88,67.5,0.5797,233,-121,109,40.4,14331.8
20.9,67.5,0.5797,233,-121,109,40.4,14331.8
20.92,67.5,0.5795,232,-121,109,40.4,14342.1
20.94,67.6,0.5795,231,-121,109,40.4,14342.1
20.96,67.6,0.5794,231,-121,109,40.4,14345.5
20.98,67.5,0.5794,230,-121,109,40.4,14346.4
21,67.5,0.5791,229,-121,109,40.4,14358.5
21.02,67.5,0.5791,229,-121,109,40.4,14358.5
21.04,67.5,0.5789,228,-121,109,40.4,14367.1
21.06,67.5,0.5789,227,-121,109,40.4,14367.1
21.08,67.5,0.5788,227,-121,108,40.4,14371.4
21.1,67.5,0.5788,226,-121,108,40.4,14371.4
21.12,67.5,0.5785,225,-121,108,40.4,14381.7
21.14,67.6,0.5785,225,-121,108,40.4,14381.7
21.16,67.6,0.5784,224,-121,108,40.5,14387.8
21.18,67.5,0.5784,223,-120,108,40.5,14388.6
21.2,67.5,0.5784,223,-120,108,40.5,14388.6
21.22,67.5,0.5784,222,-120,108,40.5,14387.8
21.24,67.5,0.578,221,-120,108,40.5,14405
21.26,67.5,0.578,221,-120,108,40.5,14405
21.28,67.5,0.5779,220,-120,108,40.6,14411
21.3,67.6,0.5779,219,-120,108,40.6,14411
21.32,67.6,0.5776,219,-120,108,40.6,14421.4
21.34,67.5,0.5776,218,-120,108,40.7,14421.4
21.36,67.5,0.5775,217,-120,108,40.7,14428.3
21.38,67.6,0.5775,217,-120,108,40.7,14427.4
21.4,67.6,0.5773,216,-120,108,40.8,14434.3
21.42,67.6,0.5773,215,-120,108,40.8,14434.3
21.44,67.6,0.5773,215,-120,108,40.9,14436.1
21.46,67.6,0.5773,214,-120,108,40.9,14436.1
21.48,67.6,0.5771,213,-120,108,41,14444.7
21.5,67.6,0.5771,213,-120,108,41,14444.7
21.52,67.6,0.5768,212,-120,107,41.1,14455.1
21.54,67.5,0.5768,211,-120,107,41.2,14455.1
21.56,67.5,0.5767,211,-120,107,41.3,14459.4
21.58,67.6,0.5767,210,-120,107,41.3,14459.4
21.6,67.6,0.5765,209,-120,107,41.4,14471.5
21.62,67.5,0.5764,209,-120,107,41.5,14472.4
21.64,67.5,0.5763,208,-120,107,41.6,14478.4
21.66,67.6,0.5763,207,-119,107,41.7,14478.4
21.68,67.6,0.5763,207,-119,107,41.8,14478.4
21.7,67.6,0.5763,206,-119,107,41.9,14478.4
21.72,67.6,0.5761,205,-119,107,42,14488.8
21.74,67.6,0.5761,205,-119,107,42.1,14488.8
21.76,67.6,0.5759,204,-119,107,42.2,14494.8
21.78,67.6,0.5759,203,-119,107,42.3,14494.8
21.8,67.6,0.5758,203,-119,107,42.4,14501.8
21.82,67.6,0.5758,202,-119,107,42.5,14500.9
21.84,67.6,0.5756,201,-119,107,42.7,14507.8
21.86,67.6,0.5756,201,-119,107,42.8,14507.8
21.88,67.6,0.5754,200,-119,107,42.9,14515.6
21.9,67.6,0.5754,199,-119,107,43,14515.6
21.92,67.6,0.5753,199,-119,107,43.2,14522.5
21.94,67.6,0.5753,198,-119,107,43.3,14522.5
21.96,67.6,0.5751,197,-119,107,43.4,14528.6
21.98,67.6,0.5751,197,-119,107,43.6,14528.6
22,67.6,0.575,196,-119,107,43.7,14534.7
22.02,67.6,0.575,195,-119,107,43.8,14534.7
22.04,67.6,0.5749,195,-119,107,44,14537.3
22.06,67.6,0.575,194,-119,107,44.1,14536.4
22.08,67.6,0.5747,193,-119,107,44.2,14546.8
22.1,67.6,0.5747,193,-118,107,44.4,14547.7
22.12,67.6,0.5745,192,-118,107,44.5,14558.1
22.14,67.6,0.5745,191,-118,107,44.7,14557.2
22.16,67.6,0.5745,191,-118,107,44.8,14557.2
22.18,67.6,0.5745,190,-118,107,45,14558.1
22.2,67.6,0.5743,189,-118,107,45.1,14564.1
22.22,67.6,0.5743,189,-118,107,45.3,14564.1
22.24,67.6,0.5741,188,-118,107,45.4,14572.8
22.26,67.6,0.5741,187,-118,107,45.6,14572.8
22.28,67.6,0.574,187,-118,107,45.7,14577.2
22.3,67.6,0.574,186,-118,107,45.9,14577.2
22.32,67.6,0.5737,185,-118,107,46,14589.3
22.34,67.6,0.5737,185,-118,107,46.2,14589.3
22.36,67.6,0.5737,184,-118,107,46.4,14591.9
22.38,67.6,0.5737,183,-118,107,46.5,14591.9
22.4,67.6,0.5736,182,-118,107,46.7,14596.2
22.42,67.6,0.5736,182,-118,107,46.8,14596.2
22.44,67.6,0.5735,181,-118,107,47,14598
22.46,67.6,0.5735,180,-118,107,47.2,14598
22.48,67.6,0.5734,180,-118,107,47.3,14604.1
22.5,67.6,0.5734,179,-118,107,47.5,14604.1
22.52,67.6,0.5732,178,-118,107,47.7,14612.7
22.54,67.6,0.5732,178,-118,107,47.9,14612.7
22.56,67.6,0.5732,177,-118,107,48,14614.5
22.58,67.6,0.5732,176,-118,107,48.2,14614.5
22.6,67.6,0.573,176,-118,107,48.4,14623.2
22.62,67.6,0.573,175,-118,107,48.6,14623.2
22.64,67.6,0.5729,174,-118,106,48.7,14624.9
22.66,67.6,0.5729,174,-118,106,48.9,14625.8
22.68,67.6,0.5727,173,-118,106,49.1,14633.6
22.7,67.6,0.5727,172,-118,106,49.3,14633.6
22.72,67.6,0.5726,172,-118,106,49.5,14637.9
22.74,67.6,0.5726,171,-118,106,49.7,14637.9
22.76,67.6,0.5724,170,-118,106,49.9,14646.6
22.78,67.6,0.5724,170,-118,106,50,14646.6
22.8,67.6,0.5723,169,-118,106,50.2,14651
22.82,67.6,0.5723,168,-118,106,50.4,14651
22.84,67.6,0.5723,168,-118,106,50.6,14651
22.86,67.6,0.5723,167,-118,106,50.8,14651
22.88,67.6,0.5721,166,-118,106,51,14658.8
22.9,67.6,0.5721,165,-118,106,51.2,14658.8
22.92,67.6,0.572,165,-118,106,51.4,14664.9
22.94,67.6,0.572,164,-117,106,51.6,14664.9
22.96,67.6,0.5719,163,-117,106,51.8,14669.2
22.98,67.6,0.5719,163,-117,106,52,14669.2
23,67.6,0.5718,162,-117,106,52.2,14675.3
23.02,67.6,0.5718,161,-117,106,52.4,14675.3
23.04,67.6,0.5716,161,-117,106,52.5,14682.3
23.06,67.6,0.5716,160,-117,106,52.7,14682.3
23.08,67.6,0.5715,159,-117,106,52.9,14685.8
23.1,67.6,0.5715,159,-117,106,53.1,14685.8
23.12,67.6,0.5715,158,-117,106,53.3,14688.4
23.14,67.6,0.5715,157,-117,106,53.5,14688.4
23.16,67.6,0.5713,157,-117,106,53.7,14694.5
23.18,67.6,0.5713,156,-117,106,53.9,14694.5
23.2,67.6,0.5711,155,-117,106,54.1,14703.2
23.22,67.6,0.5711,155,-117,106,54.3,14703.2
23.24,67.6,0.5711,154,-117,106,54.5,14704.9
23.26,67.6,0.5711,153,-117,106,54.7,14705.8
23.28,67.6,0.571,153,-117,106,54.8,14707.6
23.3,67.6,0.571,152,-117,106,55,14707.6
23.32,67.6,0.5708,151,-117,106,55.2,14718
23.34,67.6,0.5708,151,-117,106,55.4,14718
23.36,67.6,0.5707,150,-117,106,55.6,14719.8
23.38,67.6,0.5707,149,-117,106,55.8,14719.8
23.4,67.6,0.5706,148,-117,106,56,14724.1
23.42,67.6,0.5706,148,-117,106,56.1,14724.1
23.44,67.6,0.5704,147,-117,106,56.3,14734.6
23.46,67.6,0.5704,146,-117,106,56.5,14734.6
23.48,67.6,0.5703,146,-117,106,56.7,14737.2
23.5,67.6,0.5703,145,-117,106,56.8,14737.2
23.52,67.6,0.5704,144,-117,106,57,14734.6
23.54,67.6,0.5704,144,-117,106,57.2,14734.6
23.56,67.6,0.5702,143,-117,106,57.4,14745
23.58,67.6,0.5702,142,-117,106,57.5,14745
23.6,67.6,0.5702,142,-117,106,57.7,14745
23.62,67.6,0.5702,141,-117,106,57.9,14745
23.64,67.6,0.5701,140,-117,105,58.1,14749.4
23.66,67.6,0.5701,140,-117,105,58.2,14749.4
23.68,67.6,0.5699,139,-117,105,58.4,14755.5
23.7,67.6,0.5699,138,-117,105,58.6,14755.5
23.72,67.6,0.5699,138,-117,105,58.7,14755.5
23.74,67.6,0.5699,137,-117,105,58.9,14755.5
23.76,67.6,0.5698,136,-117,105,59.1,14762.5
23.78,67.6,0.5698,136,-117,105,59.3,14762.5
23.8,67.6,0.5695,135,-117,105,59.4,14773
23.82,67.6,0.5695,134,-117,105,59.6,14772.1
23.84,67.6,0.5696,134,-117,105,59.8,14768.6
23.86,67.6,0.5696,133,-117,105,59.9,14768.6
23.88,67.6,0.5693,132,-117,105,60.1,14780.8
23.9,67.6,0.5693,132,-117,105,60.3,14780.8
23.92,67.6,0.5693,131,-117,105,60.4,14783.4
23.94,67.6,0.5693,130,-117,105,60.6,14783.4
23.96,67.6,0.5692,130,-117,105,60.8,14786.1
23.98,67.6,0.5692,129,-117,105,60.9,14785.2
24,67.6,0.5691,128,-117,105,61.1,14789.6
24.02,67.6,0.5691,128,-117,105,61.3,14789.6
24.04,67.6,0.5691,127,-117,105,61.5,14792.2
24.06,67.6,0.5691,126,-117,105,61.6,14791.3
24.08,67.6,0.5691,126,-117,105,61.8,14791.3
24.1,67.6,0.5691,125,-117,105,62,14792.2
24.12,67.6,0.5689,124,-117,105,62.2,14798.3
24.14,67.6,0.5689,124,-117,105,62.3,14798.3
24.16,67.6,0.5689,123,-117,105,62.5,14800.9
24.18,67.6,0.5689,122,-117,105,62.7,14800
24.2,67.6,0.5688,122,-117,105,62.9,14804.4
24.22,67.6,0.5688,121,-117,105,63,14804.4
24.24,67.6,0.5687,120,-117,105,63.2,14810.5
24.26,67.6,0.5687,120,-117,105,63.4,14810.5
24.28,67.6,0.5687,119,-117,104,63.6,14810.5
24.3,67.6,0.5687,119,-117,104,63.8,14810.5
24.32,67.6,0.5686,118,-117,104,64,14814.9
24.34,67.6,0.5686,117,-117,104,64.1,14814.9
24.36,67.6,0.5684,117,-117,104,64.3,14821
24.38,67.6,0.5684,116,-117,104,64.5,14821
24.4,67.6,0.5683,115,-117,104,64.7,14827.1
24.42,67.6,0.5683,115,-117,104,64.9,14828
24.44,67.6,0.5684,114,-117,104,65.1,14823.6
24.46,67.6,0.5684,113,-117,104,65.2,14823.6
24.48,67.6,0.5683,113,-117,104,65.4,14827.1
24.5,67.6,0.5683,112,-117,104,65.6,14828
24.52,67.6,0.5681,111,-117,104,65.8,14834.1
24.54,67.6,0.5681,111,-117,104,66,14834.1
24.56,67.6,0.5681,110,-117,104,66.2,14835.9
24.58,67.6,0.5681,109,-117,104,66.3,14835.9
24.6,67.6,0.5679,109,-117,104,66.5,14842.9
24.62,67.6,0.5679,108,-117,104,66.7,14842.9
24.64,67.6,0.568,107,-117,104,66.9,14840.3
24.66,67.6,0.568,107,-117,104,67.1,14840.3
24.68,67.6,0.5678,106,-117,104,67.3,14847.3
24.7,67.6,0.5678,106,-117,104,67.4,14846.4
24.72,67.6,0.5679,105,-117,104,67.6,14842
24.74,67.6,0.5679,104,-117,104,67.8,14842.9
24.76,67.6,0.5678,104,-117,104,68,14846.4
24.78,67.6,0.5678,103,-117,104,68.2,14847.3
24.8,67.6,0.5677,102,-117,104,68.3,14853.4
24.82,67.6,0.5677,102,-117,103,68.5,14852.5
24.84,67.6,0.5676,101,-117,103,68.7,14856.9
24.86,67.6,0.5676,100,-117,103,68.9,14857.8
24.88,67.6,0.5676,100,-117,103,69,14857.8
24.9,67.6,0.5676,99,-117,103,69.2,14856.9
24.92,67.6,0.5675,98,-117,103,69.4,14861.3
24.94,67.6,0.5675,98,-117,103,69.6,14861.3
24.96,67.6,0.5675,97,-117,103,69.7,14861.3
24.98,67.6,0.5675,96,-117,103,69.9,14861.3
25,67.6,0.5673,96,-117,103,70.1,14870
25.02,67.6,0.5673,95,-117,103,70.2,14870
25.04,67.6,0.5674,95,-117,103,70.4,14867.4
25.06,67.6,0.5674,94,-117,103,70.6,14867.4
25.08,67.6,0.5673,93,-117,103,70.7,14870
25.1,67.6,0.5673,93,-117,103,70.9,14870
25.12,67.6,0.5672,92,-117,103,71,14874.4
25.14,67.6,0.5672,91,-117,103,71.2,14874.4
25.16,67.6,0.5672,91,-117,103,71.4,14874.4
25.18,67.6,0.5672,90,-117,103,71.5,14874.4
25.2,67.6,0.5671,89,-117,103,71.7,14878.8
25.22,67.6,0.5671,89,-117,103,71.8,14878.8
25.24,67.6,0.5671,88,-117,103,72,14880.5
25.26,67.6,0.5671,88,-117,103,72.2,14880.5
25.28,67.6,0.567,87,-117,103,72.3,14882.3
25.3,67.6,0.567,86,-117,103,72.5,14882.3
25.32,67.6,0.5671,86,-117,103,72.6,14880.5
25.34,67.7,0.5671,85,-117,103,72.8,14880.5
25.36,67.7,0.5668,84,-117,103,72.9,14891.1
25.38,67.7,0.5668,84,-117,103,73.1,14891.1
25.4,67.7,0.567,83,-117,103,73.3,14884
25.42,67.6,0.567,83,-117,102,73.4,14884.9
25.44,67.6,0.5669,82,-117,102,73.6,14886.7
25.46,67.7,0.5669,81,-117,102,73.7,14886.7
25.48,67.7,0.5667,81,-117,102,73.9,14897.2
25.5,67.7,0.5667,80,-117,102,74,14897.2
25.52,67.7,0.5666,79,-117,102,74.2,14898.9
25.54,67.7,0.5666,79,-117,102,74.3,14898.9
25.56,67.7,0.5666,78,-117,102,74.5,14898.9
25.58,67.7,0.5666,77,-116,102,74.6,14898.9
25.6,67.7,0.5666,77,-116,102,74.8,14901.6
25.62,67.7,0.5666,76,-116,102,74.9,14900.7
25.64,67.7,0.5665,76,-116,102,75.1,14903.3
25.66,67.7,0.5665,75,-116,102,75.3,14903.3
25.68,67.7,0.5664,74,-116,102,75.4,14909.5
25.7,67.7,0.5664,74,-116,102,75.6,14910.3
25.72,67.7,0.5666,73,-116,102,75.7,14901.6
25.74,67.7,0.5666,72,-116,102,75.9,14901.6
25.76,67.7,0.5664,72,-116,102,76.1,14909.5
25.78,67.7,0.5664,71,-116,102,76.2,14909.5
25.8,67.7,0.5665,71,-116,102,76.4,14905.1
25.82,67.7,0.5665,70,-116,102,76.6,14905.1
25.84,67.7,0.5664,69,-116,102,76.8,14907.7
25.86,67.7,0.5664,69,-116,102,76.9,14907.7
25.88,67.7,0.5664,68,-116,102,77.1,14909.5
25.9,67.7,0.5664,68,-116,102,77.3,14909.5
25.92,67.7,0.5663,67,-116,102,77.5,14913.9
25.94,67.7,0.5663,66,-116,102,77.6,14913.9
25.96,67.7,0.5663,66,-116,102,77.8,14913.9
25.98,67.7,0.5663,65,-116,102,78,14913.9
26,67.7,0.5663,64,-116,102,78.1,14913.9
26.02,67.7,0.5663,64,-116,102,78.3,14913.9
26.04,67.7,0.5663,63,-116,102,78.5,14913.9
26.06,67.7,0.5663,62,-116,102,78.7,14913.9
26.08,67.7,0.5662,62,-116,102,78.8,14916.5
26.1,67.7,0.5663,61,-116,102,79,14915.6
26.12,67.7,0.5662,61,-116,101,79.2,14918.2
26.14,67.7,0.5662,60,-116,101,79.4,14918.2
26.16,67.7,0.5662,59,-116,101,79.6,14918.2
26.18,67.7,0.5662,59,-116,101,79.7,14918.2
26.2,67.7,0.5662,58,-116,101,79.9,14920
26.22,67.7,0.5662,58,-116,101,80.1,14920
26.24,67.7,0.5661,57,-116,101,80.3,14924.4
26.26,67.7,0.5661,56,-116,101,80.5,14924.4
26.28,67.7,0.566,56,-116,101,80.7,14926.1
26.3,67.7,0.566,55,-116,101,80.9,14926.1
26.32,67.7,0.566,54,-116,101,81.1,14926.1
26.34,67.7,0.566,54,-116,101,81.3,14926.1
26.36,67.7,0.5661,53,-116,101,81.5,14921.7
26.38,67.7,0.5661,53,-116,101,81.7,14922.6
26.4,67.7,0.566,52,-116,101,81.9,14928.8
26.42,67.7,0.566,51,-116,101,82.1,14928.8
26.44,67.7,0.5661,51,-116,101,82.3,14924.4
26.46,67.7,0.5661,50,-116,101,82.5,14924.4
26.48,67.7,0.566,49,-116,101,82.7,14928.8
26.5,67.7,0.566,49,-116,101,82.9,14928.8
26.52,67.7,0.566,48,-116,101,83.1,14926.1
26.54,67.7,0.566,48,-116,101,83.3,14926.1
26.56,67.7,0.5659,47,-116,101,83.5,14930.5
26.58,67.7,0.5659,46,-116,101,83.7,14930.5
26.6,67.7,0.566,46,-116,101,83.9,14928.8
26.62,67.7,0.566,45,-116,101,84.1,14927.9
26.64,67.7,0.5659,44,-115,101,84.3,14930.5
26.66,67.7,0.5659,44,-115,101,84.5,14930.5
26.68,67.7,0.5659,43,-115,101,84.7,14933.2
26.7,67.7,0.5659,43,-115,101,84.9,14933.2
26.72,67.7,0.566,42,-115,101,85.1,14928.8
26.74,67.7,0.566,41,-115,101,85.3,14927.9
26.76,67.7,0.5658,41,-115,101,85.5,14934.9
26.78,67.7,0.5658,40,-115,101,85.7,14934.9
26.8,67.7,0.5659,39,-115,101,85.9,14933.2
26.82,67.7,0.5659,39,-115,101,86.1,14932.3
26.84,67.7,0.5659,38,-115,101,86.3,14930.5
26.86,67.7,0.5659,37,-115,101,86.5,14930.5
26.88,67.7,0.5659,37,-115,101,86.7,14932.3
26.9,67.7,0.5659,36,-115,101,86.9,14932.3
26.92,67.7,0.566,36,-115,101,87.1,14926.1
26.94,67.7,0.566,35,-115,101,87.4,14926.1
26.96,67.7,0.5658,34,-115,101,87.6,14934.9
26.98,67.7,0.5658,34,-115,101,87.8,14934.9
27,67.7,0.5658,33,-115,101,88,14934.9
27.02,67.7,0.5658,32,-115,101,88.2,14934.9
27.04,67.7,0.5659,32,-115,101,88.4,14930.5
27.06,67.7,0.5659,31,-115,101,88.6,14930.5
27.08,67.7,0.5659,31,-115,101,88.7,14932.3
27.1,67.7,0.5659,30,-115,101,88.9,14932.3
27.12,67.7,0.5659,29,-115,101,89.1,14932.3
27.14,67.7,0.5659,29,-115,101,89.3,14932.3
27.16,67.7,0.5659,28,-115,101,89.5,14930.5
27.18,67.7,0.5659,27,-115,101,89.7,14930.5
27.2,67.7,0.5659,27,-115,101,89.9,14932.3
27.22,67.7,0.5659,26,-115,101,90.1,14932.3
27.24,67.7,0.5659,25,-115,101,90.3,14930.5
27.26,67.7,0.5659,23,-116,102,90.6,14929.6
27.28,67.7,0.6099,22,-118,106,91,13057.1
27.3,67.7,0.6099,21,-119,106,91.3,13057.1
27.32,67.7,0.5666,20,-119,106,91.7,14900.7
27.34,67.7,0.5666,20,-119,106,92,14898.9
27.36,67.7,0.5654,19,-118,106,92.2,14955.1
27.38,67.7,0.5654,18,-118,106,92.5,14955.1
27.4,67.7,0.5655,18,-118,106,92.7,14948.1
27.42,67.8,0.5655,17,-118,106,92.8,14947.2
27.44,67.8,0.5654,16,-118,105,92.8,14954.2
27.46,67.8,0.5654,16,-118,105,92.9,14954.2
27.48,67.8,0.5643,15,-117,105,93,15000.8
27.5,67.8,0.5643,15,-117,105,93.3,14999.9
27.52,67.8,0.5658,14,-117,105,93.6,14937.5
27.54,67.8,0.5658,14,-117,105,93.8,14937.5
27.56,67.8,0.5657,13,-117,105,94.1,14940.2
27.58,67.8,0.5657,12,-117,105,94.3,14939.3
27.6,67.8,0.5656,12,-117,105,94.5,14943.7
27.62,67.8,0.5656,11,-117,104,94.6,14942.8
27.64,67.8,0.5656,10,-117,104,94.7,14942.8
27.66,67.9,0.5657,10,-117,104,94.7,14941.9
27.68,67.9,0.5656,9,-116,104,94.8,14944.6
27.7,67.9,0.5656,8,-116,104,94.8,14944.6
27.72,67.9,0.5657,8,-116,104,94.8,14941.9
27.74,67.9,0.5657,7,-116,104,94.7,14941.9
27.76,67.9,0.5656,6,-116,104,94.6,14943.7
27.78,67.9,0.5656,6,-116,104,94.5,14943.7
27.8,67.9,0.5656,5,-116,104,94.4,14943.7
27.82,67.9,0.5656,4,-116,104,94.3,14943.7
27.84,67.9,0.5657,4,-116,104,94.1,14941.1
27.86,67.9,0.5657,3,-116,103,94,14941.1
27.88,67.9,0.5655,3,-116,103,93.8,14947.2
27.9,67.9,0.5655,2,-116,103,93.6,14947.2
27.92,67.9,0.5656,1,-115,103,93.3,14944.6
27.94,67.9,0.5656,1,-115,103,93.1,14944.6
27.96,67.9,0.5655,0,-115,103,92.8,14950.7
27.98,67.9,0.5655,0,-115,103,92.6,14950.7
28,67.9,0.5654,0,-115,102,92.2,14955.1
28.02,67.9,0.5654,0,-114,102,92,14955.1
28.04,67.9,0.5653,0,-114,102,92,14959.5
28.06,67.9,0.5653,-1,-112,100,92.1,14959.5
28.08,67.9,0.5652,0,-109,97,92.7,14961.3
28.1,68,0.5652,0,-107,94,92.1,14961.3
28.12,68,0.5653,0,-106,88,92.8,14956.9
28.14,68,0.5653,0,-105,83,92.9,14956.9
28.16,68,0.5655,0,-104,79,93.3,14949.8
28.18,68,0.5655,0,-103,75,94.3,14949.8
28.2,68,0.5652,0,-102,72,95.2,14961.3
28.22,68,0.5652,0,-101,70,96,14961.3
28.24,68,0.5649,0,-100,67,97.3,14973.5
28.26,68,0.565,0,-99,65,98.3,14972.7
28.28,68,0.5637,0,-98,63,99.1,15026.3
28.3,68,0.5637,0,-97,61,100,15027.2
28.32,68,0.5639,0,-95,59,100.8,15021
28.34,68,0.5639,0,-93,58,101.8,15020.2
28.36,68,0.5638,1,-91,56,103.2,15022.8
28.38,68,0.5638,1,-89,54,104.9,15022.8
28.4,68,0.5629,2,-87,53,107,15063.3
28.42,68,0.5629,2,-85,52,109.5,15063.3
28.44,68,0.5636,2,-83,51,112.3,15030.7
28.46,68,0.5636,2,-82,50,115.4,15031.6
28.48,68,0.5642,2,-80,49,118.4,15005.2
28.5,68,0.5642,1,-80,49,121.4,15005.2
28.52,68,0.5653,1,-79,49,124.2,14957.7
28.54,68,0.5653,0,-79,49,126.8,14958.6
28.56,68,0.5655,0,-78,49,129.1,14949.8
28.58,68,0.5655,0,-77,48,131.1,14949.8
28.6,68,0.5657,0,-76,48,132.6,14941.1
28.62,68,0.5657,-1,-74,47,133.5,14941.1
28.64,68,0.5657,-1,-73,46,133.8,14938.4
28.66,68,0.5657,-1,-72,45,133.5,14939.3
28.68,68,0.5662,-1,-71,44,132.7,14920
28.7,68,0.5662,-1,-71,44,131.5,14920
28.72,68,0.566,-2,-70,43,129.9,14928.8
28.74,68,0.566,-2,-69,42,128.2,14927.9
28.76,68,0.5662,-2,-69,41,126.3,14920
28.78,68,0.5662,-2,-68,40,124.2,14920
28.8,68,0.566,-2,-67,38,122.2,14926.1
28.82,68,0.566,-1,-65,36,120.1,14926.1
28.84,68,0.5662,-1,-64,35,118.1,14920
28.86,68,0.5662,-1,-63,33,116.2,14920
28.88,68,0.5663,-1,-62,32,114.5,14913
28.9,68,0.5663,-1,-60,31,112.9,14913
28.92,68,0.5664,-1,-59,30,111.4,14911.2
28.94,68,0.5664,-1,-58,29,109.8,14911.2
28.96,68,0.5662,-2,-58,29,108.1,14917.4
28.98,68,0.5662,-2,-57,29,106.4,14917.4
29,68,0.5663,-3,-57,28,104.6,14913
29.02,68,0.5663,-4,-57,28,102.9,14913
29.04,68,0.5663,-4,-57,28,101.1,14914.7
29.06,68,0.5663,-5,-57,28,99.3,14915.6
29.08,68,0.5664,-5,-57,28,97.5,14908.6
29.1,68,0.5664,-6,-56,27,95.7,14908.6
29.12,68,0.5664,-6,-56,27,94,14911.2
29.14,68,0.5664,-7,-55,27,92.2,14911.2
29.16,68,0.5666,-7,-54,26,90.5,14902.5
29.18,68,0.5666,-8,-54,26,88.8,14902.5
29.2,68,0.5664,-8,-54,26,87.2,14908.6
29.22,68,0.5664,-8,-54,25,85.6,14908.6
29.24,68,0.5663,-9,-54,25,84.1,14913
29.26,68,0.5663,-9,-54,25,82.6,14913
29.28,68,0.5663,-9,-54,25,81.1,14914.7
29.3,68,0.5663,-10,-54,25,79.7,14915.6
29.32,68,0.5664,-10,-54,25,78.2,14911.2
29.34,68,0.5664,-10,-54,25,76.9,14911.2
29.36,68,0.5665,-11,-53,25,75.5,14906.8
29.38,68,0.5665,-11,-53,25,74.3,14906.8
29.4,68,0.5666,-11,-55,25,73.9,14900.7
29.42,68,0.5666,-10,-54,25,73.2,14899.8
29.44,68,0.5666,-10,-54,24,72.9,14902.5
29.46,68,0.5666,-10,-53,24,73.1,14902.5
29.48,68,0.5665,-9,-53,23,73.8,14904.2
29.5,68,0.5665,-9,-52,23,75,14904.2
29.52,68,0.5666,-9,-52,23,76.6,14900.7
29.54,68,0.5666,-8,-52,22,78.6,14899.8
29.56,68,0.5669,-8,-52,22,80.8,14889.3
29.58,68,0.5669,-8,-52,22,83.4,14889.3
29.6,68,0.567,-8,-51,22,86.3,14883.2
29.62,68,0.567,-8,-51,22,89.5,14883.2
29.64,68,0.5673,-8,-51,22,93,14868.3
29.66,68,0.5673,-8,-50,22,96.8,14868.3
29.68,68,0.5676,-7,-50,22,101,14857.8
29.7,68,0.5676,-7,-49,22,105.5,14857.8
29.72,68,0.5677,-7,-48,22,110.4,14850.8
29.74,68,0.5677,-7,-48,23,115.6,14850.8
29.76,68,0.5676,-8,-47,23,121.1,14855.1
29.78,68,0.5676,-8,-46,23,126.8,14855.1
29.8,68,0.5675,-9,-46,23,132.6,14862.1
29.82,68,0.5675,-10,-45,24,138.5,14861.3
29.84,68,0.5675,-10,-45,24,144.5,14861.3
29.86,68,0.5675,-11,-45,24,150.5,14862.1
29.88,68,0.5674,-12,-44,23,156.5,14863.9
29.9,68,0.5674,-14,-44,23,162.2,14863.9
29.92,68,0.5673,-15,-44,23,167.7,14868.3
29.94,68,0.5673,-15,-44,22,172.6,14868.3
29.96,68,0.5674,-16,-43,21,175.2,14865.6
29.98,68,0.5674,-17,-43,20,173.4,14865.6
30,68,0.5671,-17,-43,19,169.7,14878.8
30.02,68,0.5671,-18,-42,18,165.9,14878.8
30.04,68,0.5671,-18,-42,17,162.3,14878.8
30.06,68,0.5671,-18,-41,16,159.1,14878.8
30.08,68,0.5673,-18,-41,15,156.4,14868.3
30.1,68,0.5673,-18,-40,14,154.1,14868.3
30.12,68,0.5674,-17,-40,13,152.2,14865.6
30.14,68,0.5674,-17,-39,12,150.6,14865.6
30.16,68,0.5676,-17,-39,11,149.1,14858.6
30.18,68,0.5675,-17,-39,10,147.8,14859.5
30.2,68,0.5677,-17,-38,9,146.5,14853.4
30.22,68,0.5677,-17,-38,8,145.2,14853.4
30.24,68,0.5678,-17,-38,7,143.7,14849
30.26,68,0.5678,-17,-38,7,142.1,14849
30.28,68,0.568,-17,-37,6,140.3,14840.3
30.3,68,0.568,-18,-37,6,138.3,14840.3
30.32,68,0.568,-18,-37,5,136.1,14837.6
30.34,68,0.568,-18,-37,5,133.8,14837.6
30.36,68,0.5681,-18,-37,5,131.5,14834.1
30.38,68,0.5681,-18,-36,5,129,14834.1
30.4,68,0.5682,-18,-36,5,126.7,14832.4
30.42,68,0.5682,-18,-36,6,124.4,14831.5
30.44,68,0.5681,-17,-35,6,122.4,14835.9
30.46,68,0.5681,-17,-35,6,120.6,14835.9
30.48,68,0.568,-17,-34,6,119.2,14840.3
30.5,68,0.568,-16,-33,7,118,14840.3
30.52,68,0.5681,-16,-33,7,117.2,14836.8
30.54,68,0.5681,-16,-32,7,116.6,14835.9
30.56,68,0.5683,-16,-31,7,116.3,14828
30.58,68,0.5683,-16,-31,7,116.3,14828
30.6,68,0.5681,-16,-30,7,116.4,14834.1
30.62,68,0.5681,-16,-29,7,116.7,14834.1
30.64,68,0.5683,-16,-29,7,117.1,14828
30.66,68,0.5683,-16,-28,7,117.5,14828
30.68,68,0.5683,-16,-28,7,118,14828
30.7,68,0.5683,-16,-27,7,118.4,14828
30.72,68,0.5684,-16,-27,7,118.9,14823.6
30.74,68,0.5684,-16,-26,6,119.3,14823.6
30.76,68,0.5683,-17,-26,6,119.6,14825.4
30.78,68,0.5683,-17,-26,6,119.9,14825.4
30.8,68,0.5685,-17,-25,5,120.1,14819.3
30.82,68,0.5685,-17,-25,4,120.2,14819.3
30.84,68,0.5685,-18,-25,4,120.2,14816.6
30.86,68,0.5685,-18,-25,3,120.2,14816.6
30.88,68,0.5686,-18,-24,2,120.1,14814.9
30.9,68,0.5686,-18,-24,1,120,14814.9
30.92,68,0.5685,-19,-24,0,119.9,14816.6
30.94,68,0.5685,-19,-23,0,119.7,14817.5
30.96,68,0.5687,-19,-23,0,119.5,14808.8
30.98,68,0.5687,-20,-23,-1,119.3,14808.8
31,68,0.5686,-20,-23,-2,119,14813.2
31.02,68,0.5686,-20,-23,-2,118.7,14813.2
31.04,68,0.5687,-20,-23,-3,118.3,14810.5
31.06,68,0.5687,-21,-23,-3,117.9,14810.5
31.08,68,0.5685,-21,-23,-4,117.4,14819.3
31.1,68,0.5685,-21,-23,-4,116.9,14819.3
31.12,68,0.5686,-21,-23,-4,116.3,14814.9
31.14,68,0.5686,-21,-23,-5,115.7,14814.9
31.16,68,0.5687,-22,-24,-5,115,14810.5
31.18,68,0.5687,-22,-24,-5,114.3,14810.5
31.2,68,0.5685,-22,-24,-5,113.5,14819.3
31.22,68,0.5685,-22,-24,-5,112.8,14819.3
31.24,68,0.5685,-22,-24,-6,112,14816.6
31.26,68,0.5685,-22,-24,-6,111.3,14816.6
31.28,68,0.5684,-22,-24,-6,110.5,14823.6
31.3,68,0.5684,-22,-24,-5,109.8,14822.8
31.32,68,0.5687,-23,-23,-5,109.2,14810.5
31.34,68,0.5687,-23,-23,-5,108.7,14810.5
31.36,68,0.5687,-22,-23,-5,108.3,14807.9
31.38,68,0.5687,-23,-23,-5,108,14808.8
31.4,68,0.5688,-23,-23,-5,107.8,14806.2
31.42,68,0.5688,-23,-22,-5,107.7,14806.2
31.44,68,0.569,-23,-22,-5,107.7,14797.4
31.46,68,0.569,-23,-22,-5,107.8,14797.4
31.48,68,0.5689,-23,-21,-5,108,14801.8
31.5,68,0.5689,-23,-21,-5,108.3,14801.8
31.52,68,0.569,-23,-21,-5,108.9,14797.4
31.54,68,0.569,-23,-20,-6,109.6,14797.4
31.56,68,0.5691,-23,-20,-6,110.6,14793.1
31.58,68,0.5691,-23,-20,-6,111.7,14793.1
31.6,68,0.5692,-23,-19,-6,113.1,14786.9
31.62,68,0.5692,-23,-19,-6,114.6,14786.9
31.64,68,0.5694,-23,-19,-6,116.3,14778.2
31.66,68,0.5694,-23,-19,-7,118.1,14778.2
31.68,68,0.5692,-23,-19,-7,120,14785.2
31.7,68,0.5692,-23,-18,-7,122.1,14785.2
31.72,68,0.5695,-23,-18,-7,124.2,14772.1
31.74,68,0.5695,-23,-18,-7,126.5,14772.1
31.76,68,0.5698,-24,-18,-7,128.8,14759
31.78,68,0.5698,-24,-18,-7,131.1,14759
31.8,68,0.5696,-24,-18,-7,133.3,14767.7
31.82,68,0.5696,-25,-18,-7,135.5,14767.7
31.84,68,0.5699,-25,-18,-7,137.6,14757.3
31.86,68,0.5699,-26,-18,-7,139.7,14757.3
31.88,68,0.5698,-26,-18,-8,141.6,14759
31.9,68,0.5698,-26,-18,-8,143.5,14759
31.92,68,0.57,-27,-18,-8,145.2,14750.3
31.94,68,0.57,-27,-18,-8,146.8,14750.3
31.96,68,0.5699,-27,-18,-8,148.3,14754.6
31.98,68,0.5699,-28,-18,-8,149.6,14754.6
32,68,0.5701,-28,-18,-8,150.8,14745.9
32.02,68,0.5701,-29,-18,-8,151.9,14745.9
32.04,68,0.5701,-29,-18,-8,152.9,14748.5
32.06,68,0.5701,-30,-18,-8,153.7,14748.5
32.08,68,0.5702,-30,-18,-9,154.4,14742.4
32.1,68,0.5702,-31,-18,-9,154.9,14741.6
32.12,68,0.5702,-31,-18,-9,155.4,14744.2
32.14,68,0.5702,-32,-19,-9,155.7,14744.2
32.16,68,0.5703,-32,-19,-9,155.9,14739.8
32.18,68,0.5703,-33,-19,-9,156,14739.8
32.2,68,0.5703,-33,-18,-9,156,14737.2
32.22,68,0.5703,-34,-18,-9,155.9,14737.2
32.24,68,0.5703,-34,-18,-9,155.8,14737.2
32.26,68,0.5703,-35,-18,-9,155.6,14738.1
32.28,68,0.5704,-35,-18,-9,155.4,14735.4
32.3,68,0.5704,-36,-18,-9,155.1,14735.4
32.32,68,0.5704,-36,-18,-9,154.7,14733.7
32.34,68,0.5704,-36,-18,-9,154.4,14733.7
32.36,68,0.5703,-37,-18,-9,154,14737.2
32.38,68,0.5703,-37,-18,-9,153.5,14737.2
32.4,68,0.5706,-37,-18,-9,153,14726.7
32.42,68,0.5706,-38,-18,-9,152.5,14726.7
32.44,68,0.5705,-38,-18,-9,152,14729.3
32.46,68,0.5705,-38,-18,-9,151.5,14728.5
32.48,68,0.5707,-39,-18,-9,151,14722.4
32.5,68,0.5707,-39,-18,-9,150.4,14722.4
32.52,68,0.5707,-39,-18,-9,149.9,14720.6
32.54,68,0.5707,-39,-18,-9,149.3,14719.8
32.56,68,0.5706,-40,-18,-9,148.7,14724.1
32.58,68,0.5706,-40,-18,-9,148.1,14725
32.6,68,0.5709,-40,-18,-9,147.6,14713.7
32.62,68,0.5709,-40,-18,-9,147.2,14713.7
32.64,68,0.5707,-40,-17,-9,146.8,14720.6
32.66,68,0.5707,-40,-17,-9,146.6,14719.8
32.68,68,0.571,-40,-17,-9,146.6,14709.3
32.7,68,0.571,-40,-17,-9,146.7,14709.3
32.72,68,0.5709,-40,-16,-9,147,14713.7
32.74,68,0.5709,-40,-16,-9,147.4,14713.7
32.76,68,0.571,-40,-16,-9,148,14707.6
32.78,68,0.571,-40,-16,-9,148.7,14707.6
32.8,68,0.5711,-40,-15,-9,149.5,14703.2
32.82,68,0.5711,-41,-15,-9,150.5,14703.2
32.84,68,0.5712,-41,-15,-9,151.7,14698.8
32.86,68,0.5712,-41,-15,-9,152.9,14698.8
32.88,68,0.5714,-41,-15,-9,154.3,14690.1
32.9,68,0.5714,-41,-15,-8,155.7,14691
32.92,68,0.5716,-41,-14,-8,157.2,14682.3
32.94,68,0.5716,-41,-14,-8,158.8,14682.3
32.96,68,0.5718,-41,-14,-8,160.4,14671.9
32.98,68,0.5718,-41,-14,-8,162.2,14671.9
33,68,0.5718,-41,-14,-8,164,14671.9
33.02,68,0.5719,-41,-13,-8,166,14671
33.04,68,0.5721,-41,-13,-8,168,14660.5
33.06,68,0.5721,-41,-13,-8,170,14660.5
33.08,68,0.5723,-41,-13,-9,172,14651.8
33.1,68.1,0.5723,-41,-13,-9,173.9,14651.8
33.12,68.1,0.5725,-41,-13,-9,175.5,14641.4
33.14,68,0.5725,-40,-14,-9,176.3,14641.4
33.16,68,0.5725,-40,-14,-9,176.2,14644
33.18,68,0.5725,-40,-14,-10,175.3,14644
33.2,68,0.5726,-39,-15,-10,174.1,14639.7
33.22,68,0.5726,-39,-15,-10,173,14639.7
33.24,68,0.5726,-39,-16,-10,171.9,14637.1
33.26,68,0.5726,-38,-16,-11,170.9,14637.9
33.28,68,0.5727,-38,-17,-11,169.9,14635.3
33.3,68.1,0.5727,-37,-17,-11,168.9,14635.3
33.32,68.1,0.5727,-37,-18,-12,167.9,14635.3
33.34,68,0.5727,-36,-18,-12,166.6,14635.3
33.36,68,0.5728,-36,-19,-12,165.2,14631
33.38,68,0.5728,-36,-19,-12,163.5,14631
33.4,68,0.5728,-35,-20,-12,161.6,14629.2
33.42,68.1,0.5728,-35,-20,-12,159.6,14628.4
33.44,68.1,0.5729,-35,-20,-12,157.5,14624
33.46,68.1,0.5729,-34,-20,-12,155.4,14624
33.48,68.1,0.573,-34,-21,-12,153.2,14619.7
33.5,68.1,0.573,-34,-21,-12,151.1,14619.7
33.52,68.1,0.5731,-33,-21,-12,149.1,14618
33.54,68.1,0.5731,-33,-20,-12,147.2,14618
33.56,68.1,0.5731,-33,-20,-12,145.5,14616.2
33.58,68,0.5731,-32,-20,-12,144,14616.2
33.6,68,0.5732,-32,-20,-12,142.8,14611.9
33.62,68.1,0.5732,-31,-20,-12,141.9,14611.9
33.64,68.1,0.5732,-30,-19,-12,141.3,14613.6
33.66,68.1,0.5732,-30,-19,-13,141.1,14613.6
33.68,68.1,0.5733,-29,-18,-13,141.4,14609.3
33.7,68.1,0.5733,-28,-18,-13,142,14609.3
33.72,68.1,0.5736,-28,-18,-14,142.9,14597.1
33.74,68.1,0.5736,-27,-18,-14,144.1,14596.2
33.76,68.1,0.5734,-27,-18,-14,145.5,14604.9
33.78,68.1,0.5734,-27,-18,-15,147,14604.9
33.8,68.1,0.5735,-27,-18,-15,148.6,14598.8
33.82,68,0.5735,-26,-18,-15,150.3,14598.8
33.84,68,0.5734,-26,-18,-15,151.9,14605.8
33.86,68.1,0.5734,-26,-18,-15,153.6,14604.9
33.88,68.1,0.5733,-26,-18,-16,155.1,14607.5
33.9,68.1,0.5733,-26,-19,-16,156.6,14606.7
33.92,68.1,0.5734,-26,-19,-16,158,14602.3
33.94,68.1,0.5734,-26,-20,-16,159.3,14603.2
33.96,68.1,0.5734,-26,-20,-16,160.5,14603.2
33.98,68.1,0.5734,-26,-20,-16,161.5,14602.3
34,68.1,0.5735,-26,-21,-17,162.4,14598.8
34.02,68.1,0.5735,-26,-21,-17,163.1,14598.8
34.04,68.1,0.5737,-26,-22,-17,163.7,14592.8
34.06,68.1,0.5737,-26,-22,-17,164.1,14591.9
34.08,68.1,0.5737,-26,-23,-17,164.3,14591.9
34.1,68.1,0.5737,-26,-23,-17,164.3,14591.9
34.12,68.1,0.5738,-26,-24,-17,164.1,14587.6
34.14,68.1,0.5738,-26,-24,-17,163.7,14587.6
34.16,68.1,0.5738,-26,-24,-17,163.2,14587.6
34.18,68.1,0.5738,-26,-25,-17,162.5,14587.6
34.2,68.1,0.5737,-26,-25,-17,161.6,14590.2
34.22,68.1,0.5737,-26,-25,-17,160.6,14590.2
34.24,68.1,0.5737,-26,-26,-17,159.5,14590.2
34.26,68.1,0.5737,-26,-26,-17,158.3,14590.2
34.28,68.1,0.5737,-26,-26,-17,157,14590.2
34.3,68.1,0.5737,-26,-26,-17,155.6,14590.2
34.32,68.1,0.5737,-26,-26,-17,154.2,14591.9
34.34,68.1,0.5737,-26,-26,-16,152.7,14592.8
34.36,68.1,0.5737,-26,-27,-16,151.3,14592.8
34.38,68.1,0.5737,-26,-27,-16,149.8,14591.9
34.4,68.1,0.5735,-26,-26,-16,148.4,14598.8
34.42,68.1,0.5735,-26,-26,-16,147,14598.8
34.44,68.1,0.5737,-26,-26,-15,145.7,14591.9
34.46,68.1,0.5737,-26,-26,-15,144.5,14592.8
34.48,68.1,0.5739,-26,-26,-15,143.5,14584.1
34.5,68.1,0.5739,-26,-25,-14,142.6,14584.1
34.52,68.1,0.5739,-26,-25,-14,141.8,14581.5
34.54,68.1,0.5739,-26,-25,-14,141.2,14581.5
34.56,68.1,0.574,-25,-24,-13,140.8,14577.2
34.58,68.1,0.574,-25,-24,-13,140.5,14577.2
34.6,68.1,0.5741,-25,-23,-13,140.2,14575.4
34.62,68.1,0.5741,-25,-23,-13,140,14575.4
34.64,68.1,0.5741,-25,-22,-13,139.8,14572.8
34.66,68.1,0.5741,-25,-22,-12,139.6,14572.8
34.68,68.1,0.5743,-25,-22,-12,139.2,14566.7
34.7,68.1,0.5743,-25,-21,-12,138.8,14566.7
34.72,68.1,0.5744,-24,-21,-12,138.3,14560.7
34.74,68.1,0.5744,-24,-21,-12,137.7,14559.8
34.76,68.1,0.5746,-24,-20,-12,136.8,14553.7
34.78,68.1,0.5746,-24,-20,-12,135.8,14553.7
34.8,68.1,0.5746,-24,-20,-12,134.7,14552
34.82,68.1,0.5746,-24,-20,-11,133.5,14552
34.84,68.1,0.5747,-24,-21,-11,132.3,14545.9
34.86,68.1,0.5748,-24,-21,-11,131.2,14545.1
34.88,68.1,0.5749,-23,-21,-11,130.1,14539
34.9,68.1,0.5749,-23,-21,-10,129.1,14539
34.92,68.1,0.5749,-23,-21,-10,128.2,14539
34.94,68.1,0.5749,-23,-22,-9,127.5,14539
34.96,68.1,0.5751,-22,-22,-9,127,14531.2
34.98,68.1,0.5751,-22,-22,-9,126.7,14530.3
35,68.1,0.5752,-22,-22,-8,126.7,14524.3
35.02,68.1,0.5752,-21,-22,-8,126.8,14524.3
35.04,68.1,0.5753,-21,-22,-7,127.1,14520
35.06,68.1,0.5753,-21,-22,-7,127.6,14520
35.08,68.1,0.5755,-21,-21,-7,128.2,14512.2
35.1,68.1,0.5755,-21,-21,-6,129,14511.3
35.12,68.1,0.5754,-20,-21,-6,129.8,14518.2
35.14,68.1,0.5754,-20,-21,-5,130.8,14518.2
35.16,68.1,0.5756,-20,-20,-5,131.8,14509.6
35.18,68.1,0.5756,-20,-20,-5,132.8,14509.6
35.2,68.1,0.5756,-21,-19,-5,133.7,14509.6
35.22,68.1,0.5756,-21,-19,-4,134.5,14509.6
35.24,68.1,0.5756,-21,-18,-4,135.1,14509.6
35.26,68.1,0.5756,-21,-17,-4,135.5,14509.6
35.28,68.1,0.5756,-22,-17,-4,135.7,14509.6
35.3,68.1,0.5756,-22,-16,-4,135.7,14509.6
35.32,68.1,0.5758,-22,-15,-4,135.5,14499.2
35.34,68.1,0.5758,-23,-15,-4,135,14499.2
35.36,68.1,0.5756,-23,-14,-4,134.3,14507.8
35.38,68.1,0.5756,-24,-14,-4,133.3,14507
35.4,68.1,0.5758,-24,-13,-4,132.1,14500.9
35.42,68.1,0.5758,-25,-13,-4,130.8,14500.9
35.44,68.1,0.5759,-25,-13,-4,129.3,14496.6
35.46,68.1,0.5759,-25,-13,-4,127.7,14496.6
35.48,68.1,0.5758,-26,-13,-4,125.9,14499.2
35.5,68.1,0.5758,-26,-12,-4,124,14498.3
35.52,68.1,0.5757,-27,-12,-4,122.1,14502.6
35.54,68.1,0.5757,-27,-12,-4,120.1,14502.6
35.56,68.1,0.5758,-28,-12,-4,118,14500.9
35.58,68.1,0.5758,-28,-12,-4,115.8,14500.9
35.6,68.1,0.5757,-29,-12,-4,113.7,14505.2
35.62,68.1,0.5757,-29,-12,-4,111.5,14505.2
35.64,68.1,0.5757,-29,-12,-4,109.4,14505.2
35.66,68.1,0.5757,-29,-12,-4,107.3,14505.2
35.68,68.1,0.5757,-30,-13,-4,105.2,14505.2
35.7,68.1,0.5757,-30,-13,-4,103.2,14505.2
35.72,68.1,0.5758,-30,-13,-4,101.2,14500.9
35.74,68.1,0.5758,-31,-13,-4,99.2,14500.9
35.76,68.1,0.576,-31,-13,-4,97.4,14492.3
35.78,68.1,0.576,-31,-13,-4,95.6,14492.3
35.8,68.1,0.576,-31,-13,-4,93.9,14490.5
35.82,68.1,0.576,-31,-13,-4,92.3,14490.5
35.84,68.1,0.576,-32,-13,-4,90.9,14490.5
35.86,68.1,0.576,-32,-13,-4,89.6,14490.5
35.88,68.1,0.5763,-32,-13,-3,88.4,14480.1
35.9,68.1,0.5763,-32,-13,-3,87.3,14480.1
35.92,68.1,0.5763,-32,-13,-3,86.4,14480.1
35.94,68.1,0.5763,-33,-12,-3,85.6,14480.1
35.96,68.1,0.5765,-33,-12,-3,84.9,14468.9
35.98,68.1,0.5765,-33,-12,-3,84.4,14469.8
36,68.1,0.5767,-33,-12,-3,84,14459.4
36.02,68.1,0.5767,-34,-12,-3,83.8,14459.4
36.04,68.1,0.5767,-34,-12,-3,83.7,14461.1
36.06,68.1,0.5767,-34,-12,-3,83.7,14461.1
36.08,68.1,0.5767,-34,-12,-2,83.9,14459.4
36.1,68.1,0.5767,-34,-12,-2,84.3,14459.4
36.12,68.1,0.5768,-35,-11,-2,84.8,14457.7
36.14,68.1,0.5768,-35,-11,-2,85.4,14456.8
36.16,68.1,0.577,-35,-11,-2,86.2,14449
36.18,68.1,0.577,-35,-11,-2,87.1,14449
36.2,68.1,0.577,-35,-11,-2,88.1,14446.4
36.22,68.1,0.577,-36,-11,-2,89.3,14446.4
36.24,68.1,0.5773,-36,-11,-2,90.6,14434.3
36.26,68.1,0.5773,-36,-11,-2,92.1,14434.3
36.28,68.1,0.5772,-36,-11,-2,93.6,14440.4
36.3,68.1,0.5772,-37,-11,-2,95.3,14440.4
36.32,68.1,0.5774,-37,-11,-1,97,14430
36.34,68.1,0.5774,-37,-11,-1,98.9,14430
36.36,68.1,0.5774,-37,-11,-1,100.8,14430
36.38,68.1,0.5774,-38,-11,-1,102.8,14430
36.4,68.1,0.5777,-38,-11,-1,104.8,14417.9
36.42,68,0.5777,-39,-11,-1,106.9,14417.9
36.44,68,0.5777,-39,-11,-1,108.9,14419.7
36.46,68,0.5777,-39,-12,-1,111,14419.7
36.48,68,0.5778,-40,-12,-1,113.1,14411.9
36.5,68,0.5778,-40,-12,0,115.2,14411.9
36.52,68,0.5778,-41,-12,0,117.3,14413.6
36.54,68.1,0.5778,-41,-12,0,119.4,14413.6
36.56,68.1,0.5779,-41,-12,0,121.4,14409.3
36.58,68.1,0.5779,-42,-12,0,123.3,14409.3
36.6,68.1,0.578,-42,-12,0,125.3,14405
36.62,68.1,0.578,-43,-12,0,127.2,14405
36.64,68.1,0.578,-43,-12,0,129,14406.7
36.66,68,0.5779,-44,-13,0,130.8,14407.6
36.68,68,0.5778,-44,-13,0,132.5,14411.9
36.7,68.1,0.5779,-45,-13,0,134.2,14411
36.72,68.1,0.578,-45,-13,0,135.8,14405
36.74,68.1,0.578,-45,-13,0,137.4,14405
36.76,68.1,0.578,-46,-13,0,139,14403.3
36.78,68,0.578,-46,-13,0,140.6,14403.3
36.8,68,0.5779,-47,-13,0,142.1,14409.3
36.82,68.1,0.5779,-47,-13,1,143.5,14409.3
36.84,68.1,0.5779,-47,-13,1,145,14409.3
36.86,68,0.5779,-48,-13,1,146.4,14409.3
36.88,68,0.578,-48,-12,1,147.7,14403.3
36.9,68,0.578,-48,-11,2,149,14403.3
36.92,68,0.5782,-49,-10,2,150.2,14394.6
36.94,68,0.5782,-49,-9,3,151.1,14394.6
36.96,68,0.5784,-49,-7,3,151.5,14386.9
36.98,68.1,0.5784,-50,-5,4,151.3,14386
37,68.1,0.5781,-50,-4,4,150.2,14399
37.02,68,0.5781,-51,-2,4,148.1,14399
37.04,68,0.5778,-52,-1,3,145.1,14413.6
37.06,68,0.5778,-53,-1,3,141.5,14413.6
37.08,68,0.5773,-53,0,3,137.3,14436.9
37.1,68,0.5773,-54,0,2,132.8,14436.9
37.12,68,0.5771,-54,0,2,128.3,14445.6
37.14,68,0.5771,-54,0,2,123.7,14445.6
37.16,68,0.5776,-53,-1,2,119.2,14420.5
37.18,68,0.5776,-53,-1,1,115.1,14420.5
37.2,68,0.5775,-52,-1,1,111.3,14428.3
37.22,68,0.5775,-51,-1,0,108.1,14428.3
37.24,68,0.5781,-50,0,0,105.6,14400.7
37.26,68.1,0.5781,-48,0,0,103.9,14400.7
37.28,68.1,0.578,-47,0,-1,103,14403.3
37.3,68,0.578,-45,0,-1,103,14403.3
37.32,68,0.5781,-43,0,-2,104.1,14399
37.34,68,0.5781,-42,0,-2,106.2,14399
37.36,68,0.5781,-40,0,-3,109.1,14399
37.38,68.1,0.5781,-39,0,-3,112.8,14399
37.4,68.1,0.5782,-39,0,-3,117.1,14394.6
37.42,68,0.5782,-38,0,-4,121.8,14394.6
37.44,68,0.5785,-38,0,-4,126.9,14382.6
37.46,68.1,0.5785,-38,-1,-4,132.1,14381.7
37.48,68.1,0.5788,-38,-1,-4,137.2,14369.7
37.5,68,0.5788,-38,-2,-4,142,14369.7
37.52,68,0.579,-39,-2,-4,146.3,14363.6
37.54,68,0.579,-39,-1,-3,149.7,14363.6
37.56,68,0.5791,-39,-1,-3,152,14359.3
37.58,68.1,0.5791,-39,0,-3,153.1,14358.5
37.6,68.1,0.5792,-40,0,-3,153.2,14355
37.62,68.1,0.5792,-39,1,-3,152.6,14355
37.64,68.1,0.5792,-39,3,-4,151.7,14355
37.66,68.1,0.5792,-39,4,-4,150.8,14355
37.68,68.1,0.5791,-38,5,-4,150.2,14356.7
37.7,68.1,0.5791,-38,7,-4,150,14356.7
37.72,68.1,0.5793,-38,8,-5,150.1,14350.7
37.74,68.1,0.5793,-37,9,-5,150.6,14349.8
37.76,68.1,0.5793,-37,9,-5,151.3,14348.1
37.78,68.1,0.5793,-37,10,-6,152.1,14348.1
37.8,68.1,0.5795,-36,11,-6,152.9,14340.4
37.82,68.1,0.5795,-36,11,-6,153.5,14339.5
37.84,68.1,0.5796,-36,11,-6,153.7,14337.8
37.86,68.1,0.5796,-36,11,-6,153.6,14337.8
37.88,68.1,0.5793,-36,11,-6,153.1,14348.1
37.9,68.1,0.5793,-36,11,-7,152.1,14348.1
37.92,68.1,0.5795,-36,10,-7,151,14339.5
37.94,68.1,0.5795,-36,10,-7,149.7,14339.5
37.96,68.1,0.5795,-35,9,-7,148.5,14339.5
37.98,68.1,0.5795,-35,8,-7,147.4,14339.5
38,68.1,0.5795,-34,8,-7,146.6,14339.5
38.02,68.1,0.5795,-34,7,-8,146.1,14339.5
38.04,68.1,0.5797,-34,6,-8,145.8,14333.5
38.06,68.1,0.5797,-33,6,-8,145.9,14333.5
38.08,68.1,0.5798,-33,5,-8,146.1,14326.6
38.1,68.1,0.5798,-33,5,-8,146.6,14326.6
38.12,68.1,0.5799,-33,4,-8,147.1,14322.3
38.14,68.1,0.5799,-33,4,-8,147.8,14323.2
38.16,68.1,0.5799,-34,3,-8,148.5,14321.4
38.18,68.1,0.58,-34,3,-8,149.3,14320.6
38.2,68.1,0.58,-34,3,-8,150,14320.6
38.22,68.1,0.58,-34,2,-7,150.6,14320.6
38.24,68.1,0.5802,-35,2,-7,151.2,14312
38.26,68.1,0.5802,-35,2,-7,151.5,14312
38.28,68.1,0.5803,-35,2,-7,151.7,14307.7
38.3,68.1,0.5803,-35,1,-7,151.7,14307.7
38.32,68.1,0.5802,-36,1,-7,151.4,14309.4
38.34,68.1,0.5802,-36,1,-6,150.9,14310.3
38.36,68.1,0.5803,-36,1,-6,150.1,14307.7
38.38,68.1,0.5803,-36,1,-6,149.1,14307.7
38.4,68.1,0.5803,-37,1,-6,147.8,14306
38.42,68.1,0.5803,-37,1,-5,146.3,14306
38.44,68.1,0.5804,-38,1,-5,144.7,14299.9
38.46,68.1,0.5804,-38,1,-5,142.9,14299.9
38.48,68.1,0.5805,-38,1,-5,141,14297.4
38.5,68.1,0.5805,-39,1,-4,139.1,14297.4
38.52,68.1,0.5805,-39,2,-4,137.1,14297.4
38.54,68.1,0.5805,-39,2,-4,135.1,14297.4
38.56,68.1,0.5804,-39,2,-4,133.2,14299.9
38.58,68.1,0.5805,-40,3,-4,131.3,14299.1
38.6,68.1,0.5805,-40,3,-3,129.7,14299.1
38.62,68.1,0.5805,-40,3,-3,128.2,14299.1
38.64,68.1,0.5805,-40,4,-3,126.9,14295.6
38.66,68.1,0.5805,-39,4,-3,125.9,14295.6
38.68,68.1,0.5807,-39,4,-3,125.1,14287
38.7,68.1,0.5807,-39,5,-3,124.7,14287
38.72,68.1,0.5808,-39,5,-3,124.5,14284.5
38.74,68.1,0.5808,-38,6,-3,124.7,14284.5
38.76,68.1,0.5809,-38,6,-3,125.2,14278.4
38.78,68.1,0.5809,-38,6,-3,126,14278.4
38.8,68.1,0.5811,-38,6,-3,126.9,14272.4
38.82,68.1,0.5811,-38,7,-3,128,14272.4
38.84,68.1,0.5809,-38,7,-3,129.2,14278.4
38.86,68.1,0.5809,-38,7,-3,130.5,14278.4
38.88,68.1,0.581,-38,8,-3,132,14276.7
38.9,68.1,0.581,-39,8,-3,133.6,14275.9
38.92,68.1,0.5813,-39,8,-3,135.4,14263.8
38.94,68.1,0.5813,-39,8,-3,137.2,14263.8
38.96,68.1,0.5815,-39,8,-3,139.3,14253.5
38.98,68.1,0.5815,-39,9,-4,141.4,14253.5
39,68.1,0.5816,-40,9,-4,143.8,14249.3
39.02,68.1,0.5816,-40,9,-4,146.3,14249.3
39.04,68.1,0.5817,-40,9,-4,148.9,14245
39.06,68.1,0.5817,-40,9,-4,151.7,14245
39.08,68.1,0.5819,-41,9,-4,154.6,14236.4
39.1,68.1,0.5819,-41,9,-4,157.5,14236.4
39.12,68.1,0.5821,-41,9,-4,160.4,14227.8
39.14,68.1,0.5821,-42,9,-4,163.3,14228.7
39.16,68.1,0.5822,-42,9,-5,166.1,14224.4
39.18,68.1,0.5822,-42,9,-5,168.8,14223.5
39.2,68.1,0.5822,-43,8,-5,171.2,14223.5
39.22,68.1,0.5822,-43,8,-5,173.1,14224.4
39.24,68.1,0.5824,-43,8,-5,174.2,14217.5
39.26,68.1,0.5824,-44,7,-5,174.2,14217.5
39.28,68.1,0.5824,-44,7,-5,173.5,14217.5
39.3,68.1,0.5824,-44,6,-5,172.4,14217.5
39.32,68.1,0.5824,-44,5,-4,171.3,14217.5
39.34,68.1,0.5824,-44,5,-4,170.3,14217.5
39.36,68.1,0.5824,-44,4,-4,169.5,14217.5
39.38,68.1,0.5824,-44,3,-4,169,14217.5
39.4,68.1,0.5825,-44,2,-4,168.8,14213.2
39.42,68.1,0.5825,-43,2,-3,168.8,14213.2
39.44,68.1,0.5826,-43,1,-3,168.8,14208.9
39.46,68.1,0.5826,-43,0,-2,168.7,14208.9
39.48,68.1,0.5826,-43,0,-2,168.3,14208.9
39.5,68.1,0.5826,-43,0,-1,167.4,14208.9
39.52,68.1,0.5825,-43,0,-1,166.1,14213.2
39.54,68.1,0.5825,-43,-1,0,164.4,14213.2
39.56,68.1,0.5823,-43,-1,0,162.2,14220.1
39.58,68.1,0.5823,-43,-1,0,159.8,14219.2
39.6,68.1,0.5825,-43,-1,0,157.3,14213.2
39.62,68.1,0.5825,-43,-1,0,154.7,14213.2
39.64,68.1,0.5825,-43,-1,1,152.1,14213.2
39.66,68.1,0.5825,-42,0,1,149.8,14213.2
39.68,68.1,0.5827,-42,0,1,147.6,14204.7
39.7,68.1,0.5827,-41,0,1,145.8,14204.7
39.72,68.1,0.5827,-40,0,2,144.5,14204.7
39.74,68.1,0.5827,-39,0,2,143.6,14204.7
39.76,68.1,0.5827,-38,1,1,143.1,14202.9
39.78,68.1,0.5827,-38,1,1,143.1,14202.9
39.8,68.1,0.5828,-37,1,1,143.5,14196.9
39.82,68.1,0.5829,-36,2,1,144.3,14196.1
39.84,68.1,0.583,-36,2,1,145.6,14188.4
39.86,68.1,0.583,-35,2,0,147.2,14188.4
39.88,68.1,0.5832,-34,2,0,149,14181.5
39.9,68.1,0.5832,-34,2,0,151,14182.4
39.92,68.1,0.5835,-34,2,0,153.3,14167.8
39.94,68.1,0.5835,-33,2,0,155.6,14167
39.96,68.1,0.5836,-33,2,0,158,14162.7
39.98,68.1,0.5836,-33,2,-1,160.4,14163.5
40,68.1,0.5837,-33,1,-1,162.8,14161
40.02,68.1,0.5837,-32,1,-1,165,14161
40.04,68.1,0.5837,-32,0,-1,167.2,14159.3
40.06,68.1,0.5837,-32,0,-2,169.2,14159.3
40.08,68.1,0.5837,-32,0,-2,171,14161
40.1,68.1,0.5837,-32,-1,-2,172.5,14161
40.12,68.1,0.5837,-32,-2,-2,173.6,14159.3
40.14,68.1,0.5837,-31,-3,-2,174.1,14158.4
40.16,68.1,0.5838,-31,-3,-2,174.1,14156.7
40.18,68.1,0.5838,-31,-4,-1,173.5,14157.5
40.2,68.1,0.5838,-31,-5,-1,172.4,14157.5
40.22,68.1,0.5838,-31,-5,-1,171,14156.7
40.24,68.1,0.5838,-31,-6,-1,169.4,14156.7
40.26,68.1,0.5838,-31,-6,0,167.6,14156.7
40.28,68.1,0.5841,-31,-7,0,165.7,14143.9
40.3,68.1,0.5841,-31,-7,0,163.8,14144.7
40.32,68.1,0.5841,-31,-8,0,161.7,14144.7
40.34,68.1,0.5841,-31,-8,1,159.7,14144.7
40.36,68.1,0.5839,-31,-8,1,157.6,14152.4
40.38,68.1,0.5839,-30,-9,2,155.6,14152.4
40.4,68.1,0.5837,-30,-9,2,153.6,14161
40.42,68.1,0.5837,-30,-9,3,151.6,14161
40.44,68.1,0.5841,-30,-9,4,149.7,14144.7
40.46,68.1,0.5841,-30,-9,5,147.8,14144.7
40.48,68.1,0.5839,-30,-9,5,145.9,14152.4
40.5,68.1,0.5839,-29,-8,6,144.1,14152.4
40.52,68.1,0.5841,-29,-8,7,142.3,14144.7
40.54,68.1,0.5841,-29,-8,7,140.7,14144.7
40.56,68.1,0.5841,-29,-7,8,139.1,14144.7
40.58,68.1,0.5841,-28,-7,8,137.6,14144.7
40.6,68.1,0.5842,-28,-7,8,136.2,14138.7
40.62,68.1,0.5842,-28,-6,9,134.8,14138.7
40.64,68.1,0.5841,-28,-6,9,133.6,14144.7
40.66,68.1,0.5841,-27,-5,9,132.4,14144.7
40.68,68.1,0.584,-27,-5,9,131.3,14149
40.7,68.1,0.584,-27,-4,9,130.3,14149
40.72,68.1,0.5841,-27,-4,9,129.3,14144.7
40.74,68.1,0.5841,-27,-4,9,128.5,14144.7
40.76,68.1,0.5843,-26,-4,9,127.7,14136.2
40.78,68.1,0.5843,-26,-4,9,127.2,14136.2
40.8,68.1,0.5844,-26,-4,9,126.7,14131.9
40.82,68.1,0.5844,-26,-4,9,126.4,14131.9
40.84,68.1,0.5846,-25,-4,9,126.3,14123.3
40.86,68.1,0.5846,-25,-4,9,126.2,14123.3
40.88,68.1,0.5844,-25,-4,9,126.3,14130.2
40.9,68.1,0.5844,-25,-5,9,126.4,14129.3
40.92,68.1,0.5848,-25,-5,9,126.6,14114.8
40.94,68.1,0.5847,-25,-5,9,126.8,14115.6
40.96,68.1,0.5848,-25,-6,9,127.1,14111.4
40.98,68.1,0.5848,-24,-6,10,127.6,14111.4
41,68.1,0.5851,-24,-7,10,128.1,14098.6
41.02,68.1,0.5851,-24,-7,11,128.7,14098.6
41.04,68.1,0.5851,-24,-8,11,129.3,14098.6
41.06,68.1,0.5851,-24,-8,12,129.8,14098.6
41.08,68.1,0.5852,-24,-9,12,130.3,14094.3
41.1,68.1,0.5852,-24,-9,13,130.8,14094.3
41.12,68.1,0.5853,-25,-9,14,131.1,14090
41.14,68.1,0.5853,-25,-9,15,131.4,14090
41.16,68.1,0.5855,-25,-9,15,131.6,14084
41.18,68.1,0.5855,-25,-9,16,131.6,14084
41.2,68.1,0.5855,-25,-9,17,131.5,14082.3
41.22,68.1,0.5855,-26,-9,18,131.2,14082.3
41.24,68.1,0.5853,-26,-9,18,130.8,14090
41.26,68.1,0.5853,-26,-9,19,130.3,14090
41.28,68.1,0.5852,-26,-8,20,129.6,14094.3
41.3,68.1,0.5852,-27,-8,21,128.7,14094.3
41.32,68.1,0.5851,-27,-8,22,127.7,14098.6
41.34,68.1,0.5851,-27,-7,22,126.6,14098.6
41.36,68.1,0.5849,-28,-7,23,125.3,14107.1
41.38,68.1,0.5849,-28,-6,24,123.9,14107.1
41.4,68.1,0.5848,-28,-5,24,122.4,14111.4
41.42,68.1,0.5848,-28,-4,25,120.8,14111.4
41.44,68.1,0.5848,-28,-4,25,119.2,14111.4
41.46,68.1,0.5848,-29,-3,26,117.5,14111.4
41.48,68.1,0.5848,-29,-2,26,115.8,14111.4
41.5,68.1,0.5849,-29,-1,27,114.2,14110.5
41.52,68.1,0.5851,-29,-1,27,112.5,14098.6
41.54,68.1,0.5851,-29,0,27,110.9,14098.6
41.56,68.1,0.5854,-29,0,27,109.4,14085.7
41.58,68.1,0.5854,-29,0,28,107.8,14085.7
41.6,68.1,0.5856,-29,1,28,106.4,14079.8
41.62,68.1,0.5856,-29,2,28,105.1,14079.8
41.64,68.1,0.5856,-29,2,28,103.8,14077.2
41.66,68.1,0.5856,-29,3,28,102.6,14078.1
41.68,68.1,0.586,-29,4,29,101.7,14061
41.7,68.1,0.586,-28,4,29,100.8,14061
41.72,68.1,0.5859,-28,5,29,100.1,14065.3
41.74,68.1,0.5859,-28,6,29,99.6,14065.3
41.76,68.1,0.5858,-28,6,29,99.2,14069.5
41.78,68.1,0.5858,-28,6,30,98.8,14069.5
41.8,68.1,0.586,-28,7,30,98.6,14062.7
41.82,68.1,0.586,-28,7,30,98.5,14062.7
41.84,68.1,0.5861,-28,7,30,98.3,14058.4
41.86,68.1,0.5861,-28,8,30,98.3,14059.3
41.88,68.1,0.586,-29,8,31,98.2,14063.6
41.9,68.1,0.586,-29,8,31,98.2,14062.7
41.92,68.1,0.5861,-29,8,31,98.2,14059.3
41.94,68.1,0.5861,-29,9,31,98.2,14059.3
41.96,68.1,0.5861,-30,9,32,98.2,14056.7
41.98,68.1,0.5861,-30,9,32,98.1,14056.7
42,68.1,0.5862,-30,10,32,98.1,14055
42.02,68.1,0.5862,-31,10,33,98,14055
42.04,68.1,0.5862,-31,10,33,97.9,14052.5
42.06,68.1,0.5862,-31,11,33,97.7,14052.5
42.08,68.1,0.5862,-32,11,34,97.6,14052.5
42.1,68.1,0.5862,-32,11,34,97.4,14052.5
42.12,68.1,0.5862,-32,11,34,97.3,14055
42.14,68.1,0.5862,-33,12,34,97.1,14055
42.16,68.1,0.5865,-33,12,35,96.9,14040.5
42.18,68.1,0.5865,-33,12,35,96.7,14040.5
42.2,68.1,0.5866,-34,12,35,96.5,14036.3
42.22,68.1,0.5866,-34,12,35,96.3,14035.4
42.24,68.1,0.5867,-34,12,35,96.1,14032
42.26,68.1,0.5867,-35,12,35,95.9,14032
42.28,68.1,0.5868,-35,12,35,95.7,14029.4
42.3,68.1,0.5867,-36,13,35,95.6,14030.3
42.32,68.1,0.5868,-36,13,36,95.5,14027.7
42.34,68.1,0.5868,-36,13,36,95.4,14027.7
42.36,68.1,0.5871,-37,13,36,95.4,14015.8
42.38,68.1,0.5871,-37,13,36,95.5,14015
42.4,68.1,0.5875,-37,13,36,95.6,13998.8
42.42,68.1,0.5875,-37,13,36,95.9,13998.8
42.44,68.1,0.5877,-38,13,36,96.2,13988.6
42.46,68.1,0.5877,-38,13,36,96.5,13988.6
42.48,68.1,0.5877,-38,13,36,96.9,13988.6
42.5,68.1,0.5877,-39,13,36,97.4,13988.6
42.52,68.1,0.5877,-39,13,36,97.9,13988.6
42.54,68.1,0.5877,-39,13,36,98.5,13988.6
42.56,68.1,0.5876,-40,13,36,99.1,13992.8
42.58,68.1,0.5876,-40,13,36,99.8,13992.8
42.6,68.1,0.5877,-40,13,36,100.5,13988.6
42.62,68.1,0.5877,-40,13,36,101.1,13988.6
42.64,68.1,0.5875,-41,13,36,101.9,13997.1
42.66,68.1,0.5875,-41,13,36,102.6,13996.2
42.68,68.1,0.5876,-41,13,36,103.3,13994.5
42.7,68.1,0.5876,-42,13,36,104,13994.5
42.72,68.1,0.5877,-42,13,36,104.8,13990.3
42.74,68.1,0.5877,-42,13,36,105.6,13990.3
42.76,68.1,0.5878,-43,13,36,106.3,13986.9
42.78,68.1,0.5878,-43,13,36,107,13986.9
42.8,68.1,0.5879,-43,12,36,107.8,13982.6
42.82,68.1,0.5879,-44,12,36,108.5,13982.6
42.84,68.1,0.5879,-44,12,36,109.2,13980.1
42.86,68.1,0.5879,-44,12,36,109.9,13980.1
42.88,68.1,0.5879,-45,12,36,110.7,13982.6
42.9,68.1,0.5879,-45,12,36,111.3,13982.6
42.92,68.1,0.5878,-45,12,36,112,13985.2
42.94,68.1,0.5878,-46,12,36,112.7,13984.3
42.96,68.1,0.5881,-46,12,36,113.3,13974.1
42.98,68.1,0.5881,-46,12,36,113.9,13974.1
43,68.1,0.5884,-47,11,36,114.5,13961.3
43.02,68.1,0.5884,-47,11,36,115.1,13961.3
43.04,68.1,0.5883,-47,11,36,115.6,13965.6
43.06,68.1,0.5883,-48,11,36,116.1,13965.6
43.08,68.1,0.5883,-48,11,36,116.6,13962.2
43.1,68.1,0.5884,-48,11,36,117.1,13961.3
43.12,68.1,0.5885,-49,11,36,117.5,13953.7
43.14,68.1,0.5886,-49,11,36,118,13952.8
43.16,68.1,0.5887,-49,11,37,118.4,13946.9
43.18,68.1,0.5887,-49,11,37,118.8,13946.9
43.2,68.1,0.5888,-50,11,37,119.1,13942.6
43.22,68.1,0.5888,-50,10,37,119.5,13943.5
43.24,68.1,0.5889,-50,10,37,119.8,13936.7
43.26,68.1,0.5889,-51,10,37,120.2,13936.7
43.28,68.1,0.589,-51,10,38,120.5,13932.4
43.3,68.1,0.589,-51,10,38,120.9,13932.4
43.32,68.1,0.5891,-51,10,38,121.2,13928.2
43.34,68.1,0.5891,-51,10,38,121.5,13928.2
43.36,68.1,0.589,-52,11,38,121.8,13935
43.38,68.1,0.589,-52,11,39,122.1,13934.1
43.4,68.1,0.589,-52,11,39,122.4,13932.4
43.42,68.1,0.589,-52,11,39,122.7,13932.4
43.44,68.1,0.589,-52,12,40,123,13934.1
43.46,68.1,0.589,-52,12,40,123.2,13934.1
43.48,68.1,0.5892,-52,13,40,123.4,13925.6
43.5,68.1,0.5892,-52,14,40,123.4,13926.5
43.52,68.1,0.5891,-52,15,40,123.2,13928.2
43.54,68.1,0.5891,-52,16,40,122.7,13928.2
43.56,68.1,0.5894,-52,17,40,122,13918
43.58,68.1,0.5894,-52,18,40,121,13918
43.6,68.1,0.5895,-52,19,40,119.9,13912.1
43.62,68.1,0.5895,-52,20,40,118.6,13911.2
43.64,68.1,0.5896,-52,20,40,117.4,13909.5
43.66,68.1,0.5896,-52,21,40,116.1,13909.5
43.68,68.1,0.5897,-51,21,39,114.9,13903.6
43.7,68.1,0.5897,-51,21,39,113.7,13903.6
43.72,68.1,0.5899,-51,22,39,112.7,13897.6
43.74,68.1,0.5899,-50,22,38,111.8,13897.6
43.76,68.1,0.5899,-50,22,38,111.1,13897.6
43.78,68.1,0.5899,-49,23,37,110.6,13897.6
43.8,68.1,0.5903,-49,23,36,110.4,13879
43.82,68.1,0.5903,-48,23,36,110.5,13879
43.84,68.1,0.5904,-48,23,35,110.9,13876.4
43.86,68.1,0.5904,-47,24,35,111.6,13876.4
43.88,68.1,0.5905,-47,24,34,112.6,13870.5
43.9,68.1,0.5905,-47,24,34,114,13870.5
43.92,68.1,0.5905,-46,24,33,115.5,13868.8
43.94,68.1,0.5905,-46,24,33,117.2,13868.8
43.96,68.1,0.5906,-46,25,33,119,13864.6
43.98,68.1,0.5906,-46,25,33,120.9,13864.6
44,68.1,0.5907,-46,25,33,122.7,13860.3
44.02,68.1,0.5907,-46,25,33,124.6,13861.2
44.04,68.1,0.5907,-46,25,32,126.4,13862.9
44.06,68.1,0.5907,-46,25,32,128.1,13862.9
44.08,68.1,0.5906,-46,26,33,129.8,13864.6
44.1,68.1,0.5906,-46,26,33,131.4,13864.6
44.12,68.1,0.5907,-46,26,33,132.9,13860.3
44.14,68.1,0.5907,-46,27,33,134.3,13860.3
44.16,68.1,0.5906,-46,27,33,135.5,13864.6
44.18,68.1,0.5906,-46,28,33,136.7,13864.6
44.2,68.1,0.5906,-46,28,33,137.7,13864.6
44.22,68.1,0.5906,-45,29,33,138.7,13864.6
44.24,68.1,0.5907,-45,29,33,139.6,13860.3
44.26,68.1,0.5907,-45,30,33,140.5,13861.2
44.28,68.1,0.5908,-45,31,33,141.3,13856.9
44.3,68.1,0.5908,-44,31,33,142.2,13856.1
44.32,68.1,0.5909,-44,32,33,143.1,13851.8
44.34,68.1,0.5909,-44,32,33,144,13851.8
44.36,68.1,0.5908,-43,33,33,144.9,13856.1
44.38,68.1,0.5908,-43,33,33,145.9,13856.9
44.4,68.1,0.5911,-42,33,33,146.9,13845.9
44.42,68.1,0.5911,-42,34,32,147.9,13845.9
44.44,68.1,0.5912,-41,34,32,148.9,13840
44.46,68.1,0.5912,-41,34,32,150,13840
44.48,68.1,0.5912,-41,34,31,151.1,13840
44.5,68.1,0.5912,-40,33,31,152.2,13840
44.52,68.1,0.5913,-40,33,31,153.4,13835.7
44.54,68.1,0.5913,-39,33,31,154.6,13835.7
44.56,68.1,0.5913,-39,33,30,155.8,13838.3
44.58,68.1,0.5913,-39,33,30,157,13838.3
44.6,68.1,0.5914,-39,32,30,158.2,13834.1
44.62,68.1,0.5914,-39,32,30,159.3,13834.1
44.64,68.1,0.5914,-39,32,30,160.3,13834.1
44.66,68.1,0.5914,-39,32,30,161,13834.1
44.68,68.1,0.5914,-39,32,29,161.6,13831.5
44.7,68.1,0.5914,-40,32,29,161.8,13831.5
44.72,68.1,0.5917,-40,31,29,161.7,13821.4
44.74,68.1,0.5917,-40,31,29,161.2,13821.4
44.76,68.1,0.5917,-40,31,29,160.4,13819.7
44.78,68.1,0.5917,-40,31,29,159.4,13819.7
44.8,68.1,0.5916,-40,31,29,158.2,13823.9
44.82,68.1,0.5916,-40,31,29,156.8,13823
44.84,68.1,0.5917,-40,32,29,155.2,13818.8
44.86,68.1,0.5917,-40,32,29,153.5,13818.8
44.88,68.1,0.5917,-40,32,29,151.8,13821.4
44.9,68.1,0.5917,-41,32,29,150.1,13821.4
44.92,68.1,0.5916,-41,32,29,148.4,13823
44.94,68.1,0.5916,-41,33,29,146.8,13823.9
44.96,68.1,0.5916,-41,33,28,145.3,13822.2
44.98,68.1,0.5917,-40,33,28,143.9,13821.4
45,68.1,0.5915,-40,33,28,142.8,13827.3
45.02,68.1,0.5915,-40,33,28,141.9,13827.3
45.04,68.1,0.5916,-40,33,28,141.2,13823
45.06,68.1,0.5916,-40,34,28,140.9,13823
45.08,68.1,0.5918,-39,34,28,140.8,13815.4
45.1,68.1,0.5918,-39,34,29,141,13815.4
45.12,68.1,0.5919,-39,34,29,141.5,13812.9
45.14,68.1,0.5919,-39,34,29,142.2,13812.9
45.16,68.1,0.592,-39,34,29,143.2,13808.7
45.18,68.1,0.5919,-39,34,29,144.3,13809.5
45.2,68.1,0.592,-39,34,29,145.5,13805.3
45.22,68.1,0.5921,-39,34,30,146.8,13804.4
45.24,68.1,0.5921,-39,34,30,148.2,13804.4
45.26,68.1,0.592,-39,34,30,149.5,13805.3
45.28,68.1,0.5922,-39,34,30,150.9,13798.5
45.3,68.1,0.5922,-40,34,30,152.2,13798.5
45.32,68.1,0.5922,-40,34,30,153.5,13796.8
45.34,68.1,0.5922,-40,34,30,154.8,13796.8
45.36,68.1,0.5924,-41,34,30,156,13790
45.38,68.1,0.5924,-41,35,30,157.2,13790
45.4,68.1,0.5922,-41,35,30,158.3,13800.2
45.42,68.1,0.5921,-41,35,30,159.3,13801
45.44,68.1,0.5927,-42,35,30,160.2,13778.2
45.46,68.1,0.5927,-42,35,30,160.9,13778.2
45.48,68.1,0.5928,-43,35,30,161.5,13771.4
45.5,68.1,0.5928,-43,35,30,161.9,13772.3
45.52,68.1,0.593,-43,35,31,162.1,13763.8
45.54,68.1,0.593,-44,35,31,162.1,13763.8
45.56,68.1,0.5931,-44,35,31,161.9,13762.2
45.58,68.1,0.5931,-44,35,30,161.6,13761.3
45.6,68.1,0.5932,-45,35,30,161.1,13757.1
45.62,68.1,0.5932,-45,35,30,160.6,13757.1
45.64,68.1,0.5932,-45,34,30,159.9,13757.1
45.66,68.1,0.5932,-46,34,30,159.2,13757.9
45.68,68.1,0.5933,-46,34,30,158.5,13752
45.7,68.1,0.5933,-46,34,30,157.8,13751.2
45.72,68.1,0.5933,-47,34,30,157.2,13751.2
45.74,68.1,0.5933,-47,34,30,156.7,13751.2
45.76,68.1,0.5932,-47,34,30,156.4,13755.4
45.78,68.1,0.5932,-47,33,30,156.3,13755.4
45.8,68.1,0.5934,-47,33,30,156.4,13747.8
45.82,68.1,0.5934,-47,33,30,156.7,13747.8
45.84,68.1,0.5934,-47,32,29,157.3,13749.5
45.86,68.1,0.5934,-47,32,29,158.3,13749.5
45.88,68.1,0.5936,-47,32,29,159.5,13739.4
45.9,68.1,0.5936,-47,31,29,161,13739.4
45.92,68.1,0.5938,-47,31,29,162.7,13732.6
45.94,68.1,0.5938,-47,31,28,164.6,13732.6
45.96,68.1,0.5937,-47,30,28,166.6,13736.8
45.98,68.1,0.5937,-47,30,28,168.5,13736.8
46,68.1,0.5938,-47,30,28,170,13732.6
46.02,68.1,0.5938,-47,30,28,170.7,13732.6
46.04,68.1,0.5936,-47,29,27,170.2,13741
46.06,68.1,0.5936,-47,29,27,168.4,13741
46.08,68.1,0.5934,-47,29,28,165.8,13747.8
46.1,68.1,0.5934,-47,29,28,162.8,13747.8
46.12,68.1,0.5935,-46,28,28,159.5,13743.6
46.14,68.1,0.5935,-46,28,29,156.3,13742.7
46.16,68.1,0.5933,-45,28,29,153.2,13751.2
46.18,68.1,0.5933,-44,28,29,150.4,13751.2
46.2,68.1,0.5933,-44,28,30,147.9,13753.7
46.22,68.1,0.5933,-43,28,31,145.7,13753.7
46.24,68.1,0.5932,-42,28,31,143.9,13755.4
46.26,68.1,0.5932,-41,28,32,142.5,13755.4
46.28,68.1,0.5933,-41,28,32,141.5,13753.7
46.3,68.1,0.5933,-40,28,33,140.9,13752.9
46.32,68.1,0.5935,-39,28,33,140.6,13745.3
46.34,68.1,0.5935,-39,28,34,140.6,13744.4
46.36,68.1,0.5938,-38,28,35,140.9,13732.6
46.38,68.1,0.5938,-38,28,35,141.4,13732.6
46.4,68.1,0.5937,-37,28,35,142.1,13735.1
46.42,68.1,0.5937,-37,28,36,142.9,13734.3
46.44,68.1,0.5937,-36,28,36,143.8,13736.8
46.46,68.1,0.5937,-36,28,36,144.7,13736.8
46.48,68.1,0.5938,-36,29,36,145.6,13732.6
46.5,68.1,0.5938,-36,29,37,146.4,13732.6
46.52,68.1,0.5941,-36,29,37,147.2,13716.6
46.54,68.1,0.5942,-36,29,37,147.7,13715.7
46.56,68.1,0.5942,-36,29,37,148.2,13715.7
46.58,68.1,0.5941,-35,28,37,148.4,13716.6
46.6,68.1,0.5943,-35,28,36,148.6,13708.1
46.62,68.1,0.5944,-35,28,36,148.6,13707.3
46.64,68.1,0.5943,-35,28,36,148.6,13711.5
46.66,68.1,0.5943,-35,28,36,148.6,13711.5
46.68,68.1,0.5944,-34,28,36,148.7,13707.3
46.7,68.1,0.5944,-34,27,35,148.8,13707.3
46.72,68.1,0.5945,-34,27,35,148.9,13699.7
46.74,68.1,0.5945,-34,27,35,149.2,13699.7
46.76,68.1,0.5946,-34,26,35,149.5,13697.2
46.78,68.1,0.5946,-33,26,35,149.9,13698
46.8,68.1,0.5947,-33,26,35,150.4,13693.8
46.82,68.1,0.5947,-33,26,35,151,13693
46.84,68.1,0.5948,-33,25,35,151.5,13687
46.86,68.1,0.5948,-33,25,35,152.1,13687
46.88,68.1,0.5949,-33,25,36,152.6,13682.8
46.9,68.1,0.5949,-32,24,36,153.1,13682.8
46.92,68.1,0.5948,-32,24,36,153.5,13689.6
46.94,68.1,0.5948,-32,24,36,153.8,13689.6
46.96,68.1,0.5948,-32,24,37,154.1,13689.6
46.98,68.1,0.5948,-32,24,37,154.2,13689.6
47,68.1,0.5948,-32,24,38,154.2,13687
47.02,68.1,0.5948,-32,24,38,154.1,13687
47.04,68.1,0.5951,-32,24,39,153.8,13676.9
47.06,68.1,0.5951,-32,24,40,153.4,13676.9
47.08,68.1,0.595,-32,25,41,152.9,13678.6
47.1,68.1,0.595,-32,25,42,152.3,13678.6
47.12,68.1,0.5951,-32,25,43,151.4,13676.9
47.14,68.1,0.5951,-32,26,43,150.4,13676.9
47.16,68.1,0.5953,-32,26,44,149.2,13668.5
47.18,68.1,0.5953,-32,27,45,147.7,13668.5
47.2,68.1,0.5952,-32,27,46,145.9,13670.2
47.22,68.1,0.5952,-32,28,46,143.9,13670.2
47.24,68.1,0.5952,-32,28,47,141.5,13670.2
47.26,68.1,0.5952,-32,29,47,138.9,13670.2
47.28,68.1,0.5955,-32,29,47,136.1,13660.1
47.3,68.1,0.5955,-32,29,47,133.1,13660.1
47.32,68.1,0.5954,-32,30,47,129.9,13664.3
47.34,68.1,0.5954,-32,30,48,126.6,13664.3
47.36,68.1,0.5954,-32,30,48,123.4,13664.3
47.38,68.1,0.5954,-32,30,48,120.2,13664.3
47.4,68.1,0.5956,-32,30,48,117.2,13654.2
47.42,68.1,0.5956,-31,30,48,114.3,13654.2
47.44,68.1,0.5956,-31,30,48,111.7,13654.2
47.46,68.1,0.5956,-31,30,48,109.5,13654.2
47.48,68.1,0.5957,-31,31,48,107.5,13650.8
47.5,68.1,0.5957,-30,30,48,105.8,13650.8
47.52,68.1,0.5959,-30,30,49,104.5,13644.1
47.54,68.1,0.5959,-30,30,49,103.3,13644.1
47.56,68.1,0.5959,-30,30,49,102.2,13641.6
47.58,68.1,0.5959,-31,30,49,101.3,13641.6
47.6,68.1,0.596,-31,30,49,100.5,13639.9
47.62,68.1,0.596,-31,30,49,99.7,13639.9
47.64,68.1,0.5961,-32,30,49,98.9,13634
47.66,68.1,0.5961,-32,30,49,98.1,13634
47.68,68.1,0.5964,-33,30,49,97.3,13621.4
47.7,68.1,0.5964,-33,30,49,96.4,13622.2
47.72,68.1,0.5965,-33,30,49,95.5,13615.5
47.74,68.1,0.5965,-34,30,49,94.6,13615.5
47.76,68.1,0.5968,-34,29,49,93.6,13602.9
47.78,68.1,0.5968,-35,29,49,92.7,13603.7
47.8,68.1,0.597,-35,29,49,91.9,13597
47.82,68.1,0.597,-35,29,49,91,13597
47.84,68.1,0.5971,-36,29,49,90.1,13592.8
47.86,68.1,0.5971,-36,29,49,89.2,13593.6
47.88,68.1,0.5971,-36,29,49,88.4,13593.6
47.9,68.1,0.5971,-37,29,49,87.6,13593.6
47.92,68.1,0.5971,-37,29,49,86.8,13593.6
47.94,68.1,0.5971,-37,29,49,86.1,13593.6
47.96,68.1,0.5972,-37,29,49,85.5,13589.4
47.98,68.1,0.5972,-38,30,49,85,13589.4
48,68.1,0.597,-38,30,49,84.6,13595.3
48.02,68.1,0.597,-38,30,49,84.2,13595.3
48.04,68.1,0.5972,-38,30,49,83.9,13589.4
48.06,68.1,0.5972,-39,30,49,83.6,13589.4
48.08,68.1,0.5971,-39,30,49,83.3,13591.1
48.1,68.1,0.5971,-39,30,49,83.1,13591.1
48.12,68.1,0.5971,-39,30,49,82.9,13591.1
48.14,68.1,0.5971,-40,30,49,82.9,13591.1
48.16,68.1,0.5974,-40,30,49,82.8,13579.4
48.18,68.1,0.5974,-40,30,49,82.9,13579.4
48.2,68.1,0.5974,-40,30,49,83,13579.4
48.22,68.1,0.5974,-41,30,49,83.1,13579.4
48.24,68.1,0.5974,-41,30,49,83.4,13577.7
48.26,68.1,0.5975,-41,30,50,83.7,13576.8
48.28,68.1,0.5975,-41,30,50,84.2,13575.2
48.3,68.1,0.5975,-41,30,50,84.8,13575.2
48.32,68.1,0.5977,-41,30,50,85.6,13566.8
48.34,68.1,0.5977,-41,30,51,86.6,13566.8
48.36,68.1,0.5978,-41,31,51,87.7,13560.9
48.38,68.1,0.5978,-41,31,52,89.1,13560.9
48.4,68.1,0.5979,-41,31,52,90.7,13559.2
48.42,68.1,0.5979,-41,31,53,92.4,13559.2
48.44,68.1,0.5978,-41,31,54,94.4,13560.9
48.46,68.1,0.5978,-41,31,54,96.6,13560.9
48.48,68.1,0.5979,-42,31,55,98.8,13559.2
48.5,68.1,0.5979,-42,31,55,101.3,13558.4
48.52,68.1,0.5977,-42,31,56,103.6,13566.8
48.54,68.1,0.5977,-42,31,57,106.1,13566.8
48.56,68.1,0.5975,-43,30,57,108.6,13575.2
48.58,68.1,0.5975,-43,30,58,111.2,13575.2
48.6,68.1,0.5975,-43,30,59,113.7,13575.2
48.62,68.1,0.5975,-43,30,59,116.1,13575.2
48.64,68.1,0.5972,-44,30,60,118.2,13589.4
48.66,68.1,0.5972,-44,30,60,120,13589.4
48.68,68.1,0.5972,-45,30,60,121.3,13586.9
48.7,68.1,0.5972,-46,30,60,122.1,13587.8
48.72,68.1,0.598,-46,30,60,122.3,13552.5
48.74,68.1,0.598,-47,31,60,122,13552.5
48.76,68.1,0.5978,-47,32,60,121.3,13563.4
48.78,68.1,0.5978,-48,33,60,120.2,13562.6
48.8,68.1,0.5975,-48,35,60,118.7,13576.8
48.82,68.1,0.5974,-48,36,60,116.9,13577.7
48.84,68.1,0.5977,-48,38,61,115.1,13566.8
48.86,68.1,0.5977,-48,39,61,113.2,13566.8
48.88,68.1,0.5978,-48,41,61,111.5,13560.9
48.9,68.1,0.5978,-47,42,61,109.9,13560.9
48.92,68.1,0.5976,-47,43,61,108.5,13569.3
48.94,68.1,0.5977,-47,44,61,107.2,13568.4
48.96,68.1,0.5979,-47,45,61,106.2,13560
48.98,68.1,0.5978,-46,46,61,105.3,13560.9
49,68.1,0.598,-46,47,61,104.6,13555
49.02,68.1,0.598,-46,48,61,104.1,13555
49.04,68.1,0.5981,-46,49,61,103.8,13548.3
49.06,68.1,0.5981,-46,50,60,103.6,13548.3
49.08,68.1,0.5983,-46,51,60,103.6,13542.4
49.1,68.1,0.5983,-45,51,60,103.8,13542.4
49.12,68.1,0.5984,-45,51,60,104.2,13536.5
49.14,68.1,0.5984,-45,51,60,104.6,13535.7
49.16,68.1,0.5985,-45,51,59,105.1,13532.4
49.18,68.1,0.5985,-45,51,59,105.7,13532.4
49.2,68.1,0.5987,-45,51,60,106.4,13525.6
49.22,68.1,0.5987,-45,51,60,107.3,13525.6
49.24,68.1,0.5987,-44,51,60,108.3,13525.6
49.26,68.1,0.5987,-44,51,61,109.4,13525.6
49.28,68.1,0.5988,-44,51,62,110.6,13521.5
49.3,68.1,0.5988,-44,51,62,112,13521.5
49.32,68.1,0.599,-44,51,63,113.6,13513.9
49.34,68.1,0.599,-43,51,64,115.3,13513.9
49.36,68.1,0.5989,-43,51,65,117,13517.3
49.38,68.1,0.5989,-43,51,66,118.9,13517.3
49.4,68.1,0.5986,-43,52,67,120.9,13527.3
49.42,68.1,0.5986,-43,52,68,122.9,13528.2
49.44,68.1,0.5987,-43,53,69,124.9,13524
49.46,68.1,0.5987,-43,53,70,126.9,13524
49.48,68.1,0.5988,-44,53,71,128.8,13521.5
49.5,68.1,0.5988,-44,54,71,130.5,13521.5
49.52,68.1,0.5991,-44,54,72,132,13508.9
49.54,68.1,0.5991,-44,55,72,133.3,13509.7
49.56,68.1,0.5995,-45,55,73,134.3,13493
49.58,68.1,0.5995,-45,56,73,134.9,13493
49.6,68.1,0.5994,-45,56,73,135.1,13495.5
49.62,68.1,0.5994,-46,57,73,135,13494.6
49.64,68.1,0.5993,-46,58,73,134.6,13501.3
49.66,68.1,0.5993,-46,58,73,134,13501.3
49.68,68.1,0.5994,-46,59,72,133.1,13497.2
49.7,68.1,0.5994,-46,60,72,132.2,13497.2
49.72,68.1,0.5996,-46,61,71,131.2,13486.3
49.74,68.1,0.5996,-46,62,71,130.2,13487.1
49.76,68.1,0.5997,-46,63,70,129.3,13481.2
49.78,68.1,0.5997,-46,63,70,128.4,13481.2
49.8,68.1,0.5999,-46,64,69,127.7,13474.5
49.82,68.1,0.5999,-46,65,68,127,13474.5
49.84,68.1,0.5999,-46,65,68,126.5,13474.5
49.86,68.1,0.5999,-45,66,67,126,13474.5
49.88,68.1,0.6002,-45,66,66,125.5,13460.3
49.9,68.1,0.6002,-45,67,66,125.1,13460.3
49.92,68.1,0.6004,-45,67,65,124.6,13452.8
49.94,68.1,0.6004,-45,67,65,124,13451.9
49.96,68.1,0.6004,-45,67,65,123.4,13454.5
49.98,68.1,0.6004,-45,67,64,122.8,13454.5
50,68.1,0.6003,-44,67,64,122.2,13456.1
50.02,68.1,0.6003,-44,67,64,121.5,13456.1
50.04,68.1,0.6005,-44,67,65,120.8,13450.3
50.06,68.1,0.6005,-44,68,65,120.1,13450.3
50.08,68.1,0.6005,-44,68,65,119.4,13448.6
50.1,68.1,0.6005,-43,69,66,118.9,13447.8
50.12,68.1,0.6008,-43,69,66,118.6,13437.7
50.14,68.1,0.6008,-43,69,66,118.3,13438.6
50.16,68.1,0.6009,-43,70,67,118.2,13434.4
50.18,68.1,0.6009,-43,70,67,118.2,13433.6
50.2,68.1,0.601,-43,70,67,118.2,13427.7
50.22,68.1,0.601,-44,70,67,118.2,13427.7
50.24,68.1,0.601,-44,70,67,118.2,13429.4
50.26,68.1,0.601,-45,70,68,118.1,13429.4
50.28,68.1,0.601,-45,70,68,117.8,13427.7
50.3,68.1,0.601,-46,70,68,117.5,13428.5
50.32,68.1,0.601,-46,70,68,117.2,13430.2
50.34,68.1,0.601,-46,70,68,116.7,13430.2
50.36,68.1,0.6011,-47,70,69,116.2,13426
50.38,68.1,0.6011,-47,70,69,115.6,13426
50.4,68.1,0.6009,-48,70,69,115,13434.4
50.42,68.1,0.6009,-48,70,69,114.4,13434.4
50.44,68.1,0.6009,-48,70,70,113.8,13431.9
50.46,68.1,0.6009,-49,70,70,113.2,13431.9
50.48,68.1,0.6008,-49,70,70,112.5,13436.1
50.5,68.1,0.6008,-49,70,70,111.8,13436.1
50.52,68.1,0.601,-50,70,70,111.1,13428.5
50.54,68.1,0.601,-50,70,71,110.4,13427.7
50.56,68.1,0.6013,-51,70,71,109.7,13417.7
50.58,68.1,0.6013,-51,70,71,108.9,13417.7
50.6,68.1,0.6012,-51,70,71,108.1,13420.2
50.62,68.1,0.6012,-52,70,72,107.4,13420.2
50.64,68.1,0.6011,-52,70,72,106.6,13426
50.66,68.1,0.6011,-52,70,72,105.8,13426
50.68,68.1,0.6013,-52,70,72,105.1,13417.7
50.7,68.1,0.6013,-53,70,72,104.4,13417.7
50.72,68.1,0.6012,-53,70,73,103.7,13421.9
50.74,68.1,0.6012,-53,70,73,103,13421.9
50.76,68.1,0.6013,-53,71,73,102.4,13417.7
50.78,68.1,0.6012,-54,71,73,101.8,13418.5
50.8,68.1,0.6012,-54,71,73,101.3,13420.2
50.82,68.1,0.6012,-54,71,74,100.8,13420.2
50.84,68.1,0.6012,-54,71,74,100.4,13418.5
50.86,68.1,0.6012,-55,71,74,100.1,13418.5
50.88,68.1,0.6011,-55,71,74,99.9,13424.4
50.9,68.1,0.6011,-55,71,74,99.7,13424.4
50.92,68.1,0.6011,-55,71,75,99.6,13422.7
50.94,68.1,0.6012,-55,72,75,99.7,13421.9
50.96,68.1,0.6014,-56,72,75,99.9,13410.2
50.98,68.1,0.6014,-56,72,75,100.2,13410.2
51,68.1,0.6015,-56,72,75,100.7,13407.6
51.02,68.1,0.6015,-56,73,75,101.4,13408.5
51.04,68.1,0.6017,-56,73,75,102.2,13397.6
51.06,68.1,0.6017,-56,73,75,103.4,13397.6
51.08,68.1,0.6018,-56,74,75,104.8,13396
51.1,68.1,0.6018,-56,74,75,106.5,13395.1
51.12,68.1,0.6022,-55,75,75,108.6,13379.3
51.14,68.1,0.6022,-55,75,75,111,13379.3
51.16,68.1,0.6023,-55,76,74,113.8,13373.4
51.18,68.1,0.6023,-55,76,74,117.1,13373.4
51.2,68.1,0.6026,-55,77,73,120.6,13363.4
51.22,68.1,0.6026,-55,77,73,124.4,13363.4
51.24,68.1,0.6027,-55,78,72,128.4,13356.7
51.26,68.1,0.6027,-56,78,72,132.7,13356.7
51.28,68.1,0.6028,-56,79,71,137.2,13355.1
51.3,68.1,0.6028,-57,79,71,141.9,13355.1
51.32,68.1,0.6027,-57,80,70,146.7,13358.4
51.34,68.1,0.6027,-58,80,70,151.6,13358.4
51.36,68.1,0.6027,-59,81,69,156.6,13356.7
51.38,68.1,0.6027,-59,81,69,161.5,13356.7
51.4,68.1,0.6029,-60,81,68,165.9,13349.2
51.42,68.1,0.6029,-61,81,68,169,13348.4
51.44,68.1,0.6031,-62,81,67,169.2,13342.6
51.46,68.1,0.6031,-63,81,67,166.3,13342.6
51.48,68.1,0.6031,-63,81,66,161.6,13342.6
51.5,68.1,0.603,-64,80,66,156.2,13343.4
51.52,68.1,0.6029,-64,79,66,150.6,13349.2
51.54,68.1,0.6029,-65,79,65,145,13349.2
51.56,68.1,0.6024,-65,78,65,139.6,13369.2
51.58,68.1,0.6024,-64,77,65,134.7,13369.2
51.6,68.1,0.602,-63,75,65,130.5,13387.6
51.62,68.1,0.602,-61,75,66,126.8,13387.6
51.64,68.1,0.6024,-59,74,66,124.2,13369.2
51.66,68.1,0.6024,-58,73,66,122.7,13369.2
51.68,68.1,0.6026,-56,73,67,122.1,13362.6
51.7,68.1,0.6026,-55,72,67,122.6,13363.4
51.72,68.1,0.6025,-54,72,68,123.8,13367.6
51.74,68.1,0.6025,-53,72,68,125.9,13367.6
51.76,68.1,0.6029,-52,72,69,128.5,13350.9
51.78,68.1,0.6029,-51,72,69,131.5,13350.9
51.8,68.1,0.6029,-51,72,70,134.8,13350.9
51.82,68.1,0.6029,-50,73,70,138.3,13350.9
51.84,68.1,0.6033,-50,74,71,141.7,13332.6
51.86,68.1,0.6033,-50,75,71,145.1,13332.6
51.88,68.1,0.6032,-50,75,71,148.2,13335.1
51.9,68.1,0.6032,-50,77,71,151,13335.1
51.92,68.1,0.6034,-50,78,71,153.5,13326.7
51.94,68.1,0.6034,-50,79,71,155.7,13326.7
51.96,68.1,0.6036,-49,80,70,157.8,13320.1
51.98,68.1,0.6036,-49,81,70,159.7,13320.1
52,68.1,0.6037,-49,82,69,161.6,13314.2
52.02,68.1,0.6037,-49,83,68,163.6,13314.2
52.04,68.1,0.6042,-49,84,67,165.7,13295.9
52.06,68.1,0.6042,-49,85,66,168,13295.9
52.08,68.1,0.6042,-49,85,65,170.5,13293.4
52.1,68.1,0.6042,-49,85,65,173.2,13293.4
52.12,68.1,0.6043,-49,86,64,175.8,13291.8
52.14,68.1,0.6043,-49,86,63,177.4,13291.8
52.16,68.1,0.6042,-49,86,62,175.9,13294.3
52.18,68.1,0.6042,-49,86,62,172.9,13294.3
52.2,68.1,0.6041,-50,86,61,169.5,13300.1
52.22,68.1,0.6041,-50,86,61,165.9,13300.1
52.24,68.1,0.6041,-50,86,60,162.4,13300.1
52.26,68.1,0.6041,-50,86,60,158.9,13300.1
52.28,68.1,0.6044,-50,85,59,155.6,13287.6
52.3,68.1,0.6044,-50,85,59,152.6,13288.4
52.32,68.1,0.6039,-49,84,59,149.8,13306.7
52.34,68.1,0.6039,-49,83,59,147.3,13305.9
52.36,68.1,0.604,-48,82,59,145.3,13304.2
52.38,68.1,0.604,-48,82,59,143.6,13304.2
52.4,68.1,0.6039,-47,81,59,142.4,13305.9
52.42,68.1,0.6039,-46,80,60,141.6,13305.9
52.44,68.1,0.6039,-45,80,60,141.3,13305.9
52.46,68.1,0.6039,-45,79,61,141.4,13305.9
52.48,68.1,0.6038,-44,79,61,141.9,13310.1
52.5,68.1,0.6038,-44,78,62,142.7,13310.1
52.52,68.1,0.6038,-44,78,63,143.8,13310.1
52.54,68.1,0.6038,-43,78,64,145,13310.9
52.56,68.1,0.6042,-43,78,64,146.3,13296.8
52.58,68.1,0.6042,-43,77,65,147.5,13295.9
52.6,68.1,0.6041,-43,78,66,148.4,13300.1
52.62,68.1,0.6041,-43,78,67,148.9,13300.1
52.64,68.1,0.6043,-42,78,67,149,13290.1
52.66,68.1,0.6043,-42,79,68,148.5,13290.1
52.68,68.1,0.6043,-42,80,68,147.7,13291.8
52.7,68.1,0.6043,-42,80,69,146.6,13291.8
52.72,68.1,0.6045,-41,81,69,145.2,13283.4
52.74,68.1,0.6045,-41,82,69,143.9,13284.3
52.76,68.1,0.6049,-40,83,68,142.6,13267.6
52.78,68.1,0.6049,-40,84,68,141.4,13267.6
52.8,68.1,0.6049,-39,84,68,140.4,13265.1
52.82,68.1,0.6049,-39,85,67,139.7,13265.1
52.84,68.1,0.6051,-38,85,66,139.3,13259.3
52.86,68.1,0.6051,-38,85,66,139.2,13259.3
52.88,68.1,0.6053,-37,85,65,139.4,13249.3
52.9,68.1,0.6053,-37,85,65,139.9,13249.3
52.92,68.1,0.6055,-37,85,64,140.6,13239.4
52.94,68.1,0.6055,-36,85,64,141.6,13239.4
52.96,68.1,0.6057,-36,85,64,142.9,13233.6
52.98,68.1,0.6057,-36,84,63,144.3,13233.6
53,68.1,0.6059,-36,84,63,145.9,13225.3
53.02,68.1,0.6059,-36,84,63,147.6,13225.3
53.04,68.1,0.6057,-36,83,63,149.4,13231.9
53.06,68.1,0.6057,-36,83,63,151.2,13231.1
53.08,68.1,0.6058,-36,82,63,153,13226.9
53.1,68.1,0.6058,-36,82,63,154.8,13226.9
53.12,68.1,0.6057,-36,81,63,156.5,13231.1
53.14,68.1,0.6057,-36,81,64,158.1,13231.9
53.16,68.1,0.6057,-36,80,64,159.6,13233.6
53.18,68.1,0.6057,-36,79,65,160.9,13232.7
53.2,68.1,0.6057,-36,79,65,162,13231.1
53.22,68.1,0.6057,-36,78,66,162.8,13231.1
53.24,68.1,0.6059,-36,78,67,163.3,13223.6
53.26,68.1,0.6059,-36,77,68,163.5,13223.6
53.28,68.1,0.606,-36,77,69,163.2,13219.4
53.3,68.1,0.606,-36,76,70,162.4,13218.6
53.32,68.1,0.6061,-36,76,71,161.1,13215.3
53.34,68.1,0.6061,-36,76,73,159.2,13215.3
53.36,68.1,0.6061,-37,76,74,156.9,13215.3
53.38,68.1,0.6061,-37,76,75,154.2,13215.3
53.4,68.1,0.6059,-37,77,76,151.2,13223.6
53.42,68.1,0.6059,-38,77,77,147.9,13223.6
53.44,68.1,0.6059,-38,78,78,144.3,13225.3
53.46,68.1,0.6059,-38,78,79,140.5,13225.3
53.48,68.1,0.6056,-39,79,79,136.6,13235.2
53.5,68.1,0.6056,-39,80,80,132.5,13235.2
53.52,68.1,0.6057,-39,81,80,128.3,13231.1
53.54,68.1,0.6057,-40,81,79,124.2,13231.1
53.56,68.1,0.6054,-40,82,79,120.1,13243.5
53.58,68.1,0.6054,-41,82,79,116,13243.5
53.6,68.1,0.6055,-41,83,78,111.8,13241.9
53.62,68.1,0.6055,-41,83,78,107.6,13241
53.64,68.1,0.6057,-42,83,77,103.5,13231.1
53.66,68.1,0.6057,-42,84,77,99.4,13231.1
53.68,68.1,0.6058,-42,84,77,95.4,13229.4
53.7,68.1,0.6058,-42,84,76,91.4,13229.4
53.72,68.1,0.6059,-42,84,76,87.6,13225.3
53.74,68.1,0.6059,-42,84,76,83.8,13225.3
53.76,68.1,0.6057,-42,84,76,80.1,13233.6
53.78,68.1,0.6057,-43,84,76,76.5,13233.6
53.8,68.1,0.6063,-43,84,76,73,13207
53.82,68.1,0.6063,-43,84,76,69.6,13207
53.84,68.1,0.6065,-43,84,76,66.3,13201.2
53.86,68.1,0.6065,-44,84,76,63.2,13201.2
53.88,68.1,0.6068,-44,84,76,60.3,13188.7
53.9,68.1,0.6068,-44,84,76,57.6,13188.7
53.92,68.1,0.6074,-44,84,76,55.1,13162.2
53.94,68.1,0.6074,-45,84,77,52.9,13163
53.96,68.1,0.6075,-45,84,77,51,13158.9
53.98,68.1,0.6075,-45,84,77,49.3,13158.1
54,68.1,0.6075,-45,85,77,48,13156.4
54.02,68.1,0.6075,-46,85,77,46.9,13156.4
54.04,68.1,0.6074,-46,85,77,46.2,13160.6
54.06,68.1,0.6074,-46,85,77,45.8,13160.6
54.08,68.1,0.6073,-46,86,77,45.7,13166.4
54.1,68.1,0.6073,-46,86,77,46,13166.4
54.12,68.1,0.607,-47,86,77,46.6,13177.1
54.14,68.1,0.607,-47,87,78,47.5,13177.1
54.16,68.1,0.607,-47,87,78,48.8,13177.1
54.18,68.1,0.607,-47,87,78,50.4,13177.1
54.2,68.1,0.6071,-47,87,78,52.4,13173
54.22,68.1,0.6071,-47,87,78,54.6,13173
54.24,68.1,0.6069,-47,87,79,57.3,13184.6
54.26,68.1,0.6068,-47,88,79,60.2,13185.4
54.28,68.1,0.607,-47,87,79,63.5,13178.8
54.3,68.1,0.607,-46,87,80,67.1,13178.8
54.32,68.1,0.607,-46,87,81,71,13180.4
54.34,68.1,0.6069,-46,87,81,75.2,13181.3
54.36,68.1,0.6072,-46,86,82,79.7,13168.8
54.38,68.1,0.6072,-46,86,83,84.5,13168.8
54.4,68.1,0.6075,-47,85,83,89.3,13158.9
54.42,68.1,0.6075,-47,84,84,94.4,13158.9
54.44,68.1,0.6076,-47,83,85,99.3,13152.3
54.46,68.1,0.6076,-48,82,85,104.4,13152.3
54.48,68.1,0.6077,-49,82,86,109.3,13150.6
54.5,68.1,0.6077,-50,81,87,114,13150.6
54.52,68.1,0.6078,-51,80,88,118.4,13144.8
54.54,68.1,0.6078,-52,79,88,122.2,13144.8
54.56,68.1,0.6078,-54,79,88,125.2,13144.8
54.58,68.1,0.6078,-55,78,88,127.2,13144.8
54.6,68.1,0.6081,-57,78,88,128.1,13133.2
54.62,68.1,0.6081,-58,79,88,127.8,13133.2
54.64,68.1,0.6076,-59,80,88,126.3,13154.8
54.66,68.1,0.6076,-60,81,89,123.9,13154.8
54.68,68.1,0.6072,-61,82,89,120.7,13168.8
54.7,68.1,0.6072,-61,84,89,116.9,13168.8
54.72,68.1,0.6068,-62,85,90,112.4,13188.7
54.74,68.1,0.6068,-62,86,91,107.8,13188.7
54.76,68.1,0.6069,-61,87,91,103,13181.3
54.78,68.1,0.607,-61,88,92,98.3,13180.4
54.8,68.1,0.6065,-61,89,93,93.9,13198.7
54.82,68.1,0.6065,-61,90,94,89.7,13199.5
54.84,68.1,0.6074,-61,91,94,85.8,13163
54.86,68.1,0.6074,-61,92,95,82.4,13163
54.88,68.1,0.608,-60,93,96,79.4,13137.4
54.9,68.1,0.608,-60,94,97,77,13136.5
54.92,68.1,0.6082,-59,95,97,75.2,13128.3
54.94,68.1,0.6082,-59,96,98,74.1,13128.3
54.96,68.1,0.6082,-58,97,99,73.8,13130.7
54.98,68.1,0.6082,-57,98,99,74.3,13130.7
55,68.1,0.6083,-56,99,99,75.7,13126.6
55.02,68.1,0.6083,-55,99,99,78,13126.6
55.04,68.1,0.6082,-54,100,99,81.1,13128.3
55.06,68.1,0.6082,-54,100,98,84.9,13128.3
55.08,68.1,0.6082,-53,100,97,89.3,13128.3
55.1,68.1,0.6082,-53,99,97,94.2,13128.3
55.12,68.1,0.6085,-53,99,96,99.3,13118.3
55.14,68.1,0.6085,-53,98,96,104.6,13118.3
55.16,68.1,0.6089,-53,97,96,109.7,13098.5
55.18,68.1,0.6089,-54,96,97,114.6,13098.5
55.2,68.1,0.6093,-54,95,98,119.2,13081.9
55.22,68.1,0.6093,-55,94,100,123.3,13081.9
55.24,68.1,0.6094,-56,94,101,127,13080.3
55.26,68.1,0.6094,-56,94,103,130.3,13080.3
55.28,68.1,0.6096,-57,95,105,133.1,13070.4
55.3,68.1,0.6096,-58,96,107,135.7,13070.4
55.32,68.1,0.6096,-58,97,108,137.9,13072
55.34,68.1,0.6096,-59,98,110,139.9,13072
55.36,68.1,0.6098,-59,99,111,141.6,13063.8
55.38,68.1,0.6098,-60,99,113,143,13063.8
55.4,68.1,0.6096,-60,100,114,143.8,13072
55.42,68.1,0.6096,-61,101,115,144.1,13072
55.44,68.1,0.6096,-62,102,115,143.7,13072
55.46,68.1,0.6096,-62,102,116,142.6,13072
55.48,68.1,0.6094,-63,103,116,141,13080.3
55.5,68.1,0.6094,-64,103,116,138.8,13080.3
55.52,68.1,0.6093,-65,103,116,136.2,13084.4
55.54,68.1,0.6093,-65,103,116,133.3,13084.4
55.56,68.1,0.6094,-66,103,116,130.3,13080.3
55.58,68.1,0.6094,-67,103,115,127.1,13080.3
55.6,68.1,0.6093,-67,103,115,123.8,13084.4
55.62,68.1,0.6093,-68,103,114,120.5,13084.4
55.64,68.1,0.6095,-68,103,114,117.1,13074.5
55.66,68.1,0.6095,-69,103,113,113.7,13074.5
55.68,68.1,0.6095,-69,104,113,110.4,13076.1
55.7,68.1,0.6095,-69,104,112,107.1,13076.1
55.72,68.1,0.6093,-69,104,112,104.1,13081.9
55.74,68.1,0.6093,-68,105,111,101.2,13081.9
55.76,68.1,0.6093,-68,105,111,98.6,13084.4
55.78,68.1,0.6093,-67,105,110,96.3,13084.4
55.8,68.1,0.6091,-67,106,110,94.3,13092.7
55.82,68.1,0.6091,-67,106,110,92.5,13092.7
55.84,68.1,0.6094,-66,107,110,91.1,13078.6
55.86,68.1,0.6094,-66,107,110,90,13078.6
55.88,68.1,0.6096,-66,107,109,89.1,13070.4
55.9,68.1,0.6096,-66,108,109,88.4,13070.4
55.92,68.1,0.6098,-66,108,109,87.9,13064.6
55.94,68.1,0.6098,-65,108,109,87.8,13064.6
55.96,68.1,0.61,-65,109,109,87.8,13054.7
55.98,68.1,0.61,-65,109,108,88.1,13054.7
56,68.1,0.61,-65,109,108,88.7,13054.7
56.02,68.1,0.61,-65,109,108,89.4,13053.8
56.04,68.1,0.6101,-65,110,108,90.4,13049.7
56.06,68.1,0.6101,-65,110,107,91.7,13049.7
56.08,68.1,0.6105,-64,110,107,93.2,13035.7
56.1,68.1,0.6104,-64,110,107,94.8,13036.5
56.12,68.1,0.6105,-64,110,106,96.8,13032.4
56.14,68.1,0.6106,-64,110,106,98.9,13031.6
56.16,68.1,0.6107,-64,109,106,101.3,13025.8
56.18,68.1,0.6107,-64,109,105,104,13025.8
56.2,68.1,0.6107,-64,109,105,106.8,13024.1
56.22,68.1,0.6107,-63,108,105,109.8,13024.1
56.24,68.1,0.611,-63,108,105,113,13011.8
56.26,68.1,0.611,-63,107,105,116.4,13011.8
56.28,68.1,0.6111,-63,107,105,119.8,13010.1
56.3,68.1,0.6111,-63,106,105,123.3,13010.1
56.32,68.1,0.611,-64,106,106,126.7,13011.8
56.34,68.1,0.611,-64,106,106,130.2,13012.6
56.36,68.1,0.6111,-64,105,107,133.6,13008.5
56.38,68.1,0.6111,-64,105,108,137,13007.6
56.4,68.1,0.611,-64,105,109,140.3,13011.8
56.42,68.1,0.611,-65,106,110,143.5,13011.8
56.44,68.1,0.611,-65,106,111,146.6,13014.2
56.46,68.1,0.611,-65,107,112,149.7,13014.2
56.48,68.1,0.6114,-65,108,113,152.8,12997.7
56.5,68.1,0.6114,-65,109,114,155.9,12997.7
56.52,68.1,0.6115,-65,110,115,159,12992
56.54,68.1,0.6115,-66,111,116,162.1,12992
56.56,68.1,0.6117,-66,112,116,165.1,12983.7
56.58,68.1,0.6117,-66,114,117,167.6,12983.7
56.6,68.1,0.612,-67,115,117,169.3,12973.8
56.62,68.1,0.612,-67,116,117,169.1,12973.8
56.64,68.1,0.6121,-68,117,117,167,12968.1
56.66,68.1,0.6121,-68,119,117,163.5,12968.1
56.68,68.1,0.6122,-69,120,117,159.2,12965.6
56.7,68.1,0.6122,-69,121,117,154.5,12965.6
56.72,68.1,0.612,-70,122,116,149.6,12972.2
56.74,68.1,0.612,-70,123,116,144.7,12972.2
56.76,68.1,0.6116,-70,124,115,139.9,12987.8
56.78,68.1,0.6116,-70,125,114,135.3,12987.8
56.8,68.1,0.6113,-70,125,113,131,12999.4
56.82,68.1,0.6113,-69,126,112,127,12999.4
56.84,68.1,0.6113,-68,127,111,123.5,12999.4
56.86,68.1,0.6113,-68,127,110,120.4,12999.4
56.88,68.1,0.6117,-67,127,109,117.9,12983.7
56.9,68.1,0.6117,-66,128,108,116,12983.7
56.92,68.1,0.6117,-64,128,108,114.6,12985.4
56.94,68.1,0.6117,-63,128,107,113.7,12986.2
56.96,68.1,0.612,-62,127,107,113.3,12973.8
56.98,68.1,0.612,-61,127,107,113.4,12973.8
57,68.1,0.6122,-60,127,107,114,12964
57.02,68.1,0.6122,-60,127,107,114.9,12964
57.04,68.1,0.6123,-59,127,107,116.3,12959.8
57.06,68.1,0.6123,-58,127,108,117.9,12959.8
57.08,68.1,0.6122,-57,127,108,119.9,12962.3
57.1,68.1,0.6123,-57,127,109,122.2,12961.5
57.12,68.1,0.6123,-56,128,109,124.8,12961.5
57.14,68.1,0.6123,-56,128,110,127.6,12961.5
57.16,68.1,0.6125,-55,128,110,130.5,12951.6
57.18,68.1,0.6125,-55,129,111,133.4,12950.8
57.2,68.1,0.6128,-55,129,111,136.4,12940.9
57.22,68.1,0.6127,-55,130,112,139.3,12941.7
57.24,68.1,0.6128,-55,131,112,142.3,12939.3
57.26,68.1,0.6128,-55,132,113,145.1,12939.3
57.28,68.1,0.6128,-55,132,113,147.8,12937.6
57.3,68.1,0.6128,-55,133,113,150.4,12937.6
57.32,68.1,0.6129,-55,134,113,152.9,12933.5
57.34,68.1,0.6129,-55,135,113,155.1,12933.5
57.36,68.1,0.6129,-55,136,113,157.2,12935.2
57.38,68.1,0.6129,-55,137,113,158.9,12936
57.4,68.1,0.6133,-55,138,113,160.2,12919.5
57.42,68.1,0.6133,-55,138,112,161.2,12919.5
57.44,68.1,0.6133,-55,139,112,161.6,12917.9
57.46,68.1,0.6133,-55,139,112,161.7,12917.1
57.48,68.1,0.6134,-55,140,111,161.4,12912.9
57.5,68.1,0.6134,-56,140,110,160.8,12912.9
57.52,68.1,0.6137,-56,141,110,159.9,12901.4
57.54,68.1,0.6137,-56,141,109,159,12901.4
57.56,68.1,0.6137,-56,141,109,158,12901.4
57.58,68.1,0.6137,-56,141,108,157.1,12901.4
57.6,68.1,0.6138,-56,141,107,156.2,12897.3
57.62,68.1,0.6138,-55,141,106,155.4,12897.3
57.64,68.1,0.6137,-55,141,106,154.6,12903.9
57.66,68.1,0.6137,-55,141,105,154,12903.9
57.68,68.1,0.6135,-55,140,105,153.5,12909.7
57.7,68.1,0.6135,-55,140,104,153.1,12908.8
57.72,68.1,0.6134,-54,139,104,152.8,12912.9
57.74,68.1,0.6134,-54,139,104,152.6,12912.9
57.76,68.1,0.6133,-54,138,103,152.5,12919.5
57.78,68.1,0.6133,-53,137,103,152.3,12919.5
57.8,68.1,0.6135,-53,136,104,152.1,12911.3
57.82,68.1,0.6135,-53,136,104,151.9,12911.3
57.84,68.1,0.6134,-52,135,104,151.5,12915.4
57.86,68.1,0.6134,-52,135,105,151,12915.4
57.88,68.1,0.6133,-52,134,105,150.4,12917.1
57.9,68.1,0.6133,-52,134,106,149.6,12917.1
57.92,68.1,0.6136,-52,134,107,148.7,12907.2
57.94,68.1,0.6136,-52,134,107,147.7,12907.2
57.96,68.1,0.614,-52,134,108,146.5,12891.6
57.98,68.1,0.614,-52,135,109,145.2,12891.6
58,68.1,0.6139,-52,135,109,143.9,12895.7
58.02,68.1,0.6139,-51,136,110,142.6,12895.7
58.04,68.1,0.6142,-51,136,110,141.4,12883.4
58.06,68.1,0.6142,-51,137,110,140.4,12883.4
58.08,68.1,0.6139,-50,137,111,139.6,12893.2
58.1,68.1,0.6139,-50,138,111,138.8,12893.2
58.12,68.1,0.6141,-50,138,111,138.1,12885
58.14,68.1,0.6141,-50,139,111,137.5,12885
58.16,68.1,0.6143,-50,139,111,136.9,12879.3
58.18,68.1,0.6143,-50,140,111,136.5,12879.3
58.2,68.1,0.6144,-50,140,110,136.1,12875.2
58.22,68.1,0.6144,-51,141,110,135.9,12875.2
58.24,68.1,0.6141,-51,141,110,135.7,12887.5
58.26,68.1,0.6141,-51,141,110,135.5,12887.5
58.28,68.1,0.6142,-52,141,110,135.3,12883.4
58.3,68.1,0.6142,-52,142,109,135,12883.4
58.32,68.1,0.6142,-53,142,109,134.6,12880.9
58.34,68.1,0.6142,-53,142,109,134,12881.7
58.36,68.1,0.6141,-54,142,109,133.4,12887.5
58.38,68.1,0.6141,-55,142,109,132.6,12887.5
58.4,68.1,0.6144,-55,143,109,131.8,12875.2
58.42,68.1,0.6144,-56,143,108,130.9,12875.2
58.44,68.1,0.6144,-56,143,108,130,12875.2
58.46,68.1,0.6144,-57,143,108,129.2,12875.2
58.48,68.1,0.6143,-57,143,108,128.3,12876.8
58.5,68.1,0.6143,-57,143,107,127.5,12877.6
58.52,68.1,0.6145,-58,143,107,126.7,12871
58.54,68.1,0.6145,-58,143,107,126,12871
58.56,68.1,0.6147,-58,143,107,125.4,12859.6
58.58,68.1,0.6147,-59,143,107,124.9,12859.6
58.6,68.1,0.6147,-59,143,106,124.5,12859.6
58.62,68.1,0.6147,-59,143,106,124.2,12859.6
58.64,68.1,0.6147,-60,143,106,123.9,12859.6
58.66,68.1,0.6147,-60,143,106,123.8,12859.6
58.68,68.1,0.615,-60,143,106,123.7,12849.7
58.7,68.1,0.615,-60,143,106,123.7,12849.7
58.72,68.1,0.6149,-61,143,105,123.9,12853
58.74,68.1,0.6149,-61,143,105,124.2,12853
58.76,68.1,0.6149,-61,142,105,124.7,12851.4
58.78,68.1,0.6149,-61,142,105,125.5,12851.4
58.8,68.1,0.6151,-61,142,105,126.5,12843.1
58.82,68.1,0.6151,-61,142,105,127.7,12843.1
58.84,68.1,0.6154,-61,141,104,129.2,12833.3
58.86,68.1,0.6154,-61,141,104,131.1,12833.3
58.88,68.1,0.6154,-62,141,104,133.3,12833.3
58.9,68.1,0.6154,-62,140,103,135.8,12833.3
58.92,68.1,0.6156,-62,140,103,138.7,12825.1
58.94,68.1,0.6156,-62,140,102,141.8,12825.1
58.96,68.1,0.6158,-62,140,102,145.2,12816.9
58.98,68.1,0.6158,-63,139,101,148.6,12816.9
59,68.1,0.6161,-63,139,101,152,12805.4
59.02,68.1,0.6161,-64,139,100,155.1,12805.4
59.04,68.1,0.6158,-65,139,100,157.7,12815.3
59.06,68.1,0.6158,-65,139,100,159.3,12815.3
59.08,68.1,0.616,-66,138,100,159.6,12809.5
59.1,68.1,0.616,-67,138,100,158.5,12809.5
59.12,68.1,0.6163,-67,138,100,156,12797.2
59.14,68.1,0.6163,-68,138,100,152.7,12797.2
59.16,68.1,0.6164,-68,138,101,148.9,12793.2
59.18,68.1,0.6164,-68,138,102,145,12793.2
59.2,68.1,0.6165,-67,138,103,141.3,12789.1
59.22,68.1,0.6165,-67,138,104,137.9,12789.1
59.24,68.1,0.6164,-66,138,105,135,12791.5
59.26,68.1,0.6164,-65,138,106,132.4,12791.5
59.28,68.1,0.6167,-64,138,107,130.5,12777.6
59.3,68.1,0.6167,-63,138,108,129.2,12777.6
59.32,68.1,0.6167,-62,138,109,128.4,12779.2
59.34,68.1,0.6167,-62,138,110,128.1,12779.2
59.36,68.1,0.6167,-61,138,111,128.2,12777.6
59.38,68.1,0.6167,-61,138,112,128.7,12777.6
59.4,68.1,0.6168,-60,138,113,129.5,12773.5
59.42,68.1,0.6168,-60,138,113,130.5,12773.5
59.44,68.1,0.6169,-60,138,114,131.6,12771.9
59.46,68.1,0.6169,-60,138,114,132.7,12771.9
59.48,68.1,0.6168,-60,139,115,133.7,12775.1
59.5,68.1,0.6168,-59,139,115,134.6,12775.1
59.52,68.1,0.6168,-60,139,115,135.3,12773.5
59.54,68.1,0.6168,-60,139,115,135.7,12773.5
59.56,68.1,0.6169,-60,139,115,135.8,12771.9
59.58,68.1,0.6169,-60,139,115,135.6,12771.9
59.6,68.1,0.617,-60,139,115,135.2,12767.8
59.62,68.1,0.617,-60,139,114,134.6,12767.8
59.64,68.1,0.6172,-60,138,114,133.9,12759.6
59.66,68.1,0.6172,-60,138,114,133.2,12759.6
59.68,68.1,0.617,-59,137,114,132.6,12765.3
59.7,68.1,0.617,-59,137,114,132.1,12765.3
59.72,68.1,0.6172,-59,136,114,131.8,12759.6
59.74,68.1,0.6172,-58,136,114,131.7,12759.6
59.76,68.1,0.6169,-58,135,114,131.9,12771
59.78,68.1,0.6169,-58,134,114,132.3,12771.9
59.8,68.1,0.6169,-58,134,114,132.9,12769.4
59.82,68.1,0.6169,-58,133,115,133.8,12769.4
59.84,68.1,0.617,-57,133,115,134.7,12765.3
59.86,68.1,0.617,-57,132,115,135.8,12766.1
59.88,68.1,0.6169,-57,132,116,136.9,12769.4
59.9,68.1,0.6169,-57,132,116,137.9,12769.4
59.92,68.1,0.617,-57,131,117,138.9,12765.3
59.94,68.1,0.617,-57,131,117,139.7,12766.1
59.96,68.1,0.617,-57,131,118,140.4,12767.8
59.98,68.1,0.617,-57,131,119,140.8,12767
60,68.1,0.6171,-57,131,120,141,12761.2
60.02,68.1,0.6171,-57,131,120,141.1,12762
60.04,68.1,0.6176,-57,132,121,141.1,12744.1
60.06,68.1,0.6176,-57,132,122,141,12744.1
60.08,68.1,0.6174,-57,132,123,140.6,12749.8
60.1,68.1,0.6174,-58,133,124,140.1,12749.8
60.12,68.1,0.6177,-58,133,125,139.5,12737.5
60.14,68.1,0.6177,-58,134,125,138.6,12737.5
60.16,68.1,0.6176,-58,134,126,137.5,12741.6
60.18,68.1,0.6176,-58,135,127,136.3,12741.6
60.2,68.1,0.6178,-58,136,128,134.9,12735.9
60.22,68.1,0.6178,-58,136,129,133.3,12735.9
60.24,68.1,0.6178,-58,137,129,131.5,12735.9
60.26,68.1,0.6178,-59,137,130,129.6,12735.9
60.28,68.1,0.6178,-59,138,130,127.5,12735.9
60.3,68.1,0.6178,-59,138,130,125.2,12735.9
60.32,68.1,0.6179,-59,139,131,122.8,12730.2
60.34,68.1,0.6179,-60,139,131,120.2,12730.2
60.36,68.1,0.6179,-60,139,131,117.7,12730.2
60.38,68.1,0.6179,-60,139,131,115,12730.2
60.4,68.1,0.6179,-61,140,131,112.3,12730.2
60.42,68.1,0.6179,-61,140,131,109.6,12730.2
60.44,68.1,0.6181,-61,140,131,106.9,12723.6
60.46,68.1,0.6181,-61,140,131,104.3,12723.6
60.48,68.1,0.6181,-61,140,131,101.7,12723.6
60.5,68.1,0.6181,-62,140,131,99.3,12723.6
60.52,68.1,0.6181,-62,140,131,96.9,12723.6
60.54,68.1,0.6181,-62,140,131,94.7,12723.6
60.56,68.1,0.6181,-62,140,131,92.7,12722
60.58,68.1,0.6181,-62,140,131,90.8,12722
60.6,68.1,0.6181,-62,140,131,89.2,12723.6
60.62,68.1,0.6181,-62,140,131,87.7,12723.6
60.64,68.1,0.6183,-62,140,131,86.4,12713.8
60.66,68.1,0.6183,-62,140,131,85.2,12713.8
60.68,68.1,0.6184,-62,141,132,84.2,12711.4
60.7,68.1,0.6184,-62,141,132,83.3,12711.4
60.72,68.1,0.6184,-62,141,132,82.5,12708.1
60.74,68.1,0.6184,-63,141,132,81.8,12708.1
60.76,68.1,0.6184,-63,141,132,81.1,12711.4
60.78,68.1,0.6184,-63,141,132,80.5,12711.4
60.8,68.1,0.6185,-63,141,132,79.9,12707.3
60.82,68.1,0.6185,-64,141,132,79.3,12707.3
60.84,68.1,0.6186,-64,141,132,78.8,12701.6
60.86,68.1,0.6186,-64,141,132,78.3,12701.6
60.88,68.1,0.6186,-64,141,132,77.9,12703.2
60.9,68.1,0.6185,-64,141,132,77.6,12704
60.92,68.1,0.6188,-65,141,132,77.4,12694.2
60.94,68.1,0.6188,-65,141,133,77.3,12694.2
60.96,68.1,0.6187,-65,141,133,77.4,12695.9
60.98,68.1,0.6187,-65,141,133,77.6,12695.9
61,68.1,0.619,-65,141,133,78,12683.6
61.02,68.1,0.619,-65,141,133,78.4,12683.6
61.04,68.1,0.619,-65,141,134,79,12686.1
61.06,68.1,0.619,-65,142,134,79.8,12686.1
61.08,68.1,0.6191,-65,142,134,80.7,12680.3
61.1,68.1,0.6191,-65,142,134,81.7,12680.3
61.12,68.1,0.6192,-65,142,134,82.9,12677.9
61.14,68.1,0.6192,-65,142,134,84.3,12677.9
61.16,68.1,0.6192,-65,142,134,86,12676.3
61.18,68.1,0.6192,-65,142,135,87.9,12676.3
61.2,68.1,0.6193,-65,142,135,90.2,12673.8
61.22,68.1,0.6193,-65,142,135,92.8,12673.8
61.24,68.1,0.6194,-65,141,136,95.7,12668.1
61.26,68.1,0.6194,-65,141,137,98.9,12668.1
61.28,68.1,0.6197,-65,141,137,102.4,12658.3
61.3,68.1,0.6197,-65,141,138,106.1,12658.3
61.32,68.1,0.6197,-65,140,139,110,12655.9
61.34,68.1,0.6197,-65,140,140,113.9,12655.9
61.36,68.1,0.6198,-65,139,140,117.8,12654.2
61.38,68.1,0.6198,-65,139,141,121.4,12654.2
61.4,68.1,0.6199,-66,139,141,124.6,12650.2
61.42,68.1,0.6199,-66,138,142,127.1,12650.2
61.44,68.1,0.6197,-67,138,142,128.9,12658.3
61.46,68.1,0.6197,-68,139,142,129.7,12657.5
61.48,68.1,0.6198,-68,139,143,129.5,12654.2
61.5,68.1,0.6198,-69,140,143,128.5,12654.2
61.52,68.1,0.6195,-69,141,143,126.9,12664
61.54,68.1,0.6195,-70,143,144,124.7,12664
61.56,68.1,0.6197,-70,144,145,122.2,12655.9
61.58,68.1,0.6197,-70,146,146,119.5,12655.9
61.6,68.1,0.6199,-70,148,146,116.9,12650.2
61.62,68.1,0.6199,-70,150,147,114.4,12650.2
61.64,68.1,0.62,-70,151,148,112,12646.1
61.66,68.1,0.62,-70,153,148,109.8,12646.1
61.68,68.1,0.6199,-70,154,149,107.7,12648.5
61.7,68.1,0.6199,-70,155,149,105.9,12647.7
61.72,68.1,0.62,-70,156,149,104.2,12643.6
61.74,68.1,0.62,-69,157,149,102.8,12643.6
61.76,68.1,0.6203,-69,158,149,101.6,12633.9
61.78,68.1,0.6203,-69,159,148,100.6,12633.9
61.8,68.1,0.6203,-69,159,148,99.8,12633.9
61.82,68.1,0.6203,-69,159,148,99.2,12633.9
61.84,68.1,0.6205,-68,159,148,98.8,12624.1
61.86,68.1,0.6205,-68,159,147,98.6,12624.1
61.88,68.1,0.6207,-68,159,148,98.8,12616.8
61.9,68.1,0.6207,-67,159,148,99.3,12616.8
61.92,68.1,0.6209,-67,158,148,100.1,12606.2
61.94,68.1,0.6209,-66,158,149,101.3,12606.2
61.96,68.1,0.6213,-66,158,150,102.8,12590.7
61.98,68.1,0.6213,-66,158,151,104.7,12590.7
62,68.1,0.6215,-65,158,152,106.9,12582.6
62.02,68.1,0.6215,-65,158,153,109.5,12582.6
62.04,68.1,0.6216,-65,158,154,112.4,12581
62.06,68.1,0.6216,-65,158,155,115.5,12581
62.08,68.1,0.6212,-65,159,156,118.8,12596.4
62.1,68.1,0.6212,-65,159,157,122.2,12597.2
62.12,68.1,0.6212,-65,160,158,125.7,12597.2
62.14,68.1,0.6212,-65,160,159,129.1,12596.4
62.16,68.1,0.6211,-65,161,160,132.5,12598.9
62.18,68.1,0.6211,-66,162,161,135.7,12598.9
62.2,68.1,0.6213,-66,162,161,138.7,12593.2
62.22,68.1,0.6213,-66,163,162,141.4,12593.2
62.24,68.1,0.6214,-67,164,162,143.7,12586.6
62.26,68.1,0.6214,-67,165,162,145.6,12587.5
62.28,68.1,0.6215,-67,166,162,147.1,12585
62.3,68.1,0.6215,-68,168,162,148,12585
62.32,68.1,0.6218,-68,169,162,148.4,12571.2
62.34,68.1,0.6218,-68,170,162,148.3,12571.2
62.36,68.1,0.622,-68,171,161,147.7,12563.9
62.38,68.1,0.622,-68,172,161,146.7,12563.9
62.4,68.1,0.6219,-69,172,161,145.5,12565.5
62.42,68.1,0.6219,-69,173,160,144,12565.5
62.44,68.1,0.6218,-69,174,160,142.4,12569.6
62.46,68.1,0.6218,-69,174,159,140.6,12569.6
62.48,68.1,0.6218,-69,175,159,138.6,12569.6
62.5,68.1,0.6218,-69,175,158,136.6,12569.6
62.52,68.1,0.6216,-69,175,158,134.6,12577.7
62.54,68.1,0.6216,-69,175,158,132.6,12577.7
62.56,68.1,0.6215,-69,176,157,130.7,12585
62.58,68,0.6214,-69,176,157,128.8,12585.8
62.6,68,0.6214,-69,176,157,127,12587.5
62.62,68.1,0.6214,-69,175,157,125.2,12587.5
62.64,68.1,0.6216,-69,175,157,123.4,12579.3
62.66,68.1,0.6216,-70,175,157,121.7,12579.3
62.68,68.1,0.6216,-70,175,157,119.9,12579.3
62.7,68,0.6216,-70,175,157,118.2,12579.3
62.72,68,0.6216,-70,175,157,116.5,12577.7
62.74,68,0.6216,-70,175,157,114.9,12577.7
62.76,68,0.6217,-70,175,158,113.2,12573.6
62.78,68.1,0.6217,-71,175,158,111.7,12573.6
62.8,68.1,0.622,-71,175,158,110.2,12563.9
62.82,68,0.622,-71,175,158,108.9,12563.9
62.84,68,0.622,-71,175,158,107.7,12562.3
62.86,68.1,0.622,-71,175,159,106.6,12561.4
62.88,68.1,0.6222,-71,175,159,105.8,12555.7
62.9,68,0.6222,-72,175,159,105,12555.7
62.92,68,0.6228,-72,175,159,104.5,12532.2
62.94,68,0.6228,-72,175,159,104.1,12532.2
62.96,68,0.6231,-72,175,160,103.9,12516.8
62.98,68,0.6231,-72,175,160,103.8,12516.8
63,68,0.6233,-72,175,160,103.8,12510.3
63.02,68,0.6233,-72,175,160,104,12510.3
63.04,68,0.6234,-73,175,160,104.3,12506.2
63.06,68,0.6234,-73,175,160,104.6,12507
63.08,68,0.6236,-73,175,160,105.1,12496.5
63.1,68.1,0.6236,-73,175,161,105.6,12496.5
63.12,68.1,0.6236,-73,175,161,106.3,12498.1
63.14,68,0.6236,-73,175,161,107,12498.9
63.16,68,0.6236,-74,175,161,107.8,12498.9
63.18,68,0.6236,-74,175,162,108.8,12498.9
63.2,68,0.6237,-74,175,162,109.9,12492.4
63.22,68.1,0.6237,-74,175,162,111.1,12492.4
63.24,68.1,0.6238,-74,175,162,112.5,12490.8
63.26,68,0.6238,-74,176,163,114.1,12490.8
63.28,68,0.6239,-74,176,163,115.9,12486.7
63.3,68,0.6239,-74,176,164,117.9,12486.7
63.32,68,0.6238,-74,176,164,120.2,12489.2
63.34,68,0.6238,-74,176,165,122.7,12489.2
63.36,68,0.6238,-74,177,165,125.4,12489.2
63.38,68,0.6238,-74,177,166,128.3,12488.4
63.4,68,0.6237,-75,177,166,131.2,12492.4
63.42,68.1,0.6237,-75,177,167,134.3,12492.4
63.44,68.1,0.6238,-75,178,168,137.4,12488.4
63.46,68,0.6238,-76,178,168,140.5,12489.2
63.48,68,0.6239,-76,178,169,143.5,12485.1
63.5,68,0.6239,-77,178,169,146.4,12485.1
63.52,68,0.6239,-77,179,170,148.9,12485.1
63.54,68,0.6239,-78,179,170,151,12485.1
63.56,68,0.6237,-78,180,170,152.4,12493.2
63.58,68,0.6237,-79,181,170,152.9,12493.2
63.6,68,0.624,-79,181,170,152.5,12482.7
63.62,68,0.624,-79,182,170,151.3,12482.7
63.64,68,0.624,-80,183,169,149.4,12482.7
63.66,68,0.624,-80,184,169,147,12482.7
63.68,68,0.6241,-80,185,168,144.3,12479.4
63.7,68,0.6241,-80,186,167,141.4,12479.4
63.72,68,0.6239,-80,187,166,138.6,12485.1
63.74,68.1,0.6239,-80,188,166,135.8,12484.3
63.76,68.1,0.6239,-79,189,165,133.1,12486.7
63.78,68,0.6239,-79,190,164,130.6,12486.7
63.8,68,0.6238,-79,190,163,128.3,12490.8
63.82,68,0.6238,-78,190,162,126.3,12490.8
63.84,68,0.6238,-78,191,161,124.5,12490.8
63.86,68,0.6238,-77,191,160,123,12490.8
63.88,68,0.6236,-77,191,159,121.8,12498.9
63.9,68,0.6236,-76,191,159,120.7,12498.9
63.92,68,0.6236,-76,191,158,119.8,12496.5
63.94,68,0.6236,-75,190,158,119.1,12496.5
63.96,68,0.6239,-75,190,158,118.6,12486.7
63.98,68,0.6239,-74,189,158,118.3,12486.7
64,68,0.6236,-73,189,158,118.3,12496.5
64.02,68,0.6236,-73,189,159,118.5,12496.5
64.04,68,0.6237,-72,188,159,119.1,12492.4
64.06,68,0.6237,-71,188,160,120.1,12492.4
64.08,68,0.6241,-70,188,160,121.4,12477
64.1,68,0.6241,-69,188,161,123.1,12477
64.12,68,0.6242,-69,188,162,125.2,12475.4
64.14,68,0.6242,-68,188,163,127.6,12475.4
64.16,68,0.6243,-68,189,164,130.4,12468.9
64.18,68,0.6243,-67,189,165,133.4,12468.9
64.2,68,0.6244,-67,190,165,136.8,12464.9
64.22,68,0.6244,-66,191,166,140.3,12464.9
64.24,68,0.6248,-66,191,167,143.8,12449.5
64.26,68,0.6248,-66,192,167,147.4,12449.5
64.28,68,0.625,-66,193,167,150.9,12443
64.3,68,0.6249,-66,194,168,154.2,12443.8
64.32,68,0.6251,-66,195,168,157.1,12437.3
64.34,68,0.6251,-65,196,167,159.5,12438.1
64.36,68,0.6252,-65,196,167,161.4,12434.1
64.38,68,0.6252,-65,197,166,162.7,12434.1
64.4,68,0.6251,-65,198,166,163.6,12435.7
64.42,68,0.6251,-65,198,165,163.9,12435.7
64.44,68,0.6253,-65,199,164,163.9,12427.6
64.46,68,0.6253,-65,199,163,163.7,12427.6
64.48,68,0.6256,-64,199,162,163.5,12417.9
64.5,68,0.6256,-64,199,161,163.5,12417.9
64.52,68,0.6255,-64,199,160,163.7,12419.5
64.54,68,0.6255,-64,199,160,164.1,12419.5
64.56,68,0.6257,-64,198,159,164.8,12411.4
64.58,68,0.6257,-64,198,158,165.8,12412.2
64.6,68,0.6257,-64,198,158,167,12413.8
64.62,68,0.6257,-64,197,157,168.4,12413.8
64.64,68,0.6257,-64,197,157,169.8,12413.8
64.66,68,0.6257,-64,196,157,171.3,12413.8
64.68,68,0.6256,-64,196,156,172.5,12415.5
64.7,68,0.6256,-64,195,156,173.2,12416.3
64.72,68,0.6257,-64,195,156,173.2,12413.8
64.74,68,0.6257,-65,195,156,172.3,12413.8
64.76,68,0.6255,-65,194,156,170.9,12421.9
64.78,68,0.6255,-65,194,157,169.1,12421.9
64.8,68,0.6257,-65,194,157,167.2,12413.8
64.82,68,0.6257,-66,193,157,165.1,12413.8
64.84,68,0.6255,-66,193,157,162.9,12421.9
64.86,68,0.6255,-67,193,158,160.7,12421.9
64.88,68,0.6256,-67,193,158,158.4,12417.9
64.9,68,0.6256,-68,193,158,156.1,12417.9
64.92,68,0.6257,-68,193,159,153.7,12413.8
64.94,68,0.6257,-69,193,159,151.3,12413.8
64.96,68,0.6257,-69,193,160,148.9,12411.4
64.98,68,0.6257,-70,193,160,146.6,12412.2
65,68,0.6258,-70,193,161,144.3,12408.2
65.02,68,0.6258,-71,193,161,142,12408.2
65.04,68,0.6255,-71,194,161,139.7,12419.5
65.06,68,0.6255,-71,194,162,137.5,12419.5
65.08,68,0.6254,-72,194,162,135.2,12426
65.1,68,0.6254,-72,194,163,133,12425.2
65.12,68,0.6256,-73,194,163,130.7,12417.9
65.14,68,0.6256,-73,194,163,128.5,12417.9
65.16,68,0.6257,-73,195,163,126.3,12413.8
65.18,68,0.6257,-74,195,164,124.1,12414.7
65.2,68,0.6254,-74,195,164,122,12426
65.22,68,0.6254,-74,195,164,120.1,12425.2
65.24,68,0.6254,-74,196,164,118.2,12423.6
65.26,68,0.6254,-74,196,164,116.5,12423.6
65.28,68,0.6258,-74,196,164,114.9,12408.2
65.3,68,0.6258,-75,196,165,113.5,12408.2
65.32,68,0.6261,-75,196,165,112.2,12398.5
65.34,68,0.6261,-75,196,165,111.2,12398.5
65.36,68,0.6263,-75,196,165,110.4,12388
65.38,68,0.6263,-75,196,166,109.8,12388
65.4,68,0.6263,-75,196,166,109.4,12390.4
65.42,68,0.6263,-75,196,166,109.2,12390.4
65.44,68,0.6264,-75,196,167,109.2,12384.7
65.46,68,0.6264,-76,196,167,109.4,12384.7
65.48,68,0.6263,-76,196,167,109.7,12388
65.5,68,0.6263,-76,196,167,110.4,12388
65.52,68,0.6265,-76,197,168,111.3,12380.7
65.54,68,0.6265,-75,197,168,112.5,12380.7
65.56,68,0.6264,-75,197,168,114.1,12386.3
65.58,68,0.6264,-75,197,168,116,12386.3
65.6,68,0.6267,-75,197,169,118.3,12372.6
65.62,68,0.6267,-75,198,169,121,12372.6
65.64,68,0.6268,-74,198,170,124.1,12367
65.66,68,0.6268,-74,198,170,127.6,12367
65.68,68,0.6268,-74,199,171,131.5,12367
65.7,68,0.6269,-74,199,171,135.7,12366.1
65.72,68,0.6271,-74,199,172,140,12354.8
65.74,68,0.6271,-74,199,172,144.2,12354.8
65.76,68,0.6271,-74,199,172,148.1,12354.8
65.78,68,0.6271,-74,199,172,151.5,12354.8
65.8,68,0.6276,-74,199,172,154.1,12335.5
65.82,68,0.6276,-74,198,172,155.7,12335.5
65.84,68,0.6277,-74,198,171,156.4,12333
65.86,68,0.6277,-74,197,171,156.5,12333.9
65.88,68,0.6278,-74,197,170,156.3,12327.4
65.9,68,0.6278,-74,196,170,155.9,12327.4
65.92,68,0.6278,-74,195,169,155.8,12329.8
65.94,68,0.6278,-74,194,169,155.6,12329
65.96,68,0.6279,-73,193,169,155.7,12325.8
65.98,68,0.6279,-73,192,169,156,12325.8
66,68,0.6281,-73,192,168,156.5,12316.1
66.02,68,0.6281,-73,191,168,157.1,12316.1
66.04,68,0.6281,-73,190,168,157.7,12316.1
66.06,68,0.6281,-73,189,168,158.1,12316.1
66.08,68,0.6279,-73,189,168,158.3,12325.8
66.1,68,0.6279,-73,189,168,158.1,12325.8
66.12,68,0.6279,-73,188,168,157.3,12325.8
66.14,68,0.6279,-73,188,168,156,12325.8
66.16,68,0.628,-74,188,168,154.1,12321.7
66.18,68,0.628,-74,188,169,151.8,12321.7
66.2,68,0.6278,-74,188,169,149.2,12329.8
66.22,68,0.6278,-74,188,170,146.5,12329.8
66.24,68,0.6282,-73,188,170,143.8,12312.1
66.26,68,0.6282,-73,188,171,141.3,12312.1
66.28,68,0.6279,-73,189,172,139.1,12323.4
66.3,68,0.6279,-72,189,173,137.3,12323.4
66.32,68,0.6284,-71,189,174,135.8,12305.6
66.34,68,0.6283,-71,190,175,134.8,12306.4
66.36,68,0.6285,-71,190,176,134.2,12300
66.38,68,0.6285,-70,191,177,134,12300.8
66.4,68,0.6289,-70,191,178,134.1,12284.7
66.42,68,0.6289,-69,192,179,134.5,12284.7
66.44,68,0.629,-69,192,180,135.1,12279
66.46,68,0.629,-69,193,181,135.8,12279
66.48,68,0.6289,-69,193,181,136.4,12283.1
66.5,68,0.6289,-69,194,182,136.7,12283.1
66.52,68,0.6288,-69,194,182,136.6,12287.1
66.54,68,0.6288,-69,194,183,136,12287.1
66.56,68,0.6289,-70,195,183,135,12283.1
66.58,68,0.6289,-70,195,183,133.4,12283.1
66.6,68,0.6288,-70,195,183,131.4,12288.7
66.62,68,0.6288,-70,195,183,129,12288.7
66.64,68,0.6289,-70,195,183,126.3,12283.1
66.66,68,0.6289,-70,194,183,123.5,12283.1
66.68,68,0.629,-70,194,184,120.7,12279.8
66.7,68,0.629,-69,193,184,118.1,12279.8
66.72,68,0.6292,-69,193,184,115.8,12273.4
66.74,68,0.6292,-68,192,185,113.8,12273.4
66.76,68,0.6291,-68,192,185,112.2,12277.4
66.78,68,0.6291,-67,191,186,110.9,12277.4
66.8,68,0.629,-67,191,186,110,12279.8
66.82,68,0.629,-67,191,187,109.4,12279.8
66.84,68,0.6292,-66,190,187,108.9,12273.4
66.86,68,0.6291,-66,190,187,108.8,12274.2
66.88,68,0.6292,-67,190,187,108.7,12270.2
66.9,68,0.6292,-67,191,188,108.7,12270.2
66.92,68,0.6292,-67,191,188,108.7,12271.8
66.94,68,0.6292,-68,191,187,108.7,12271.8
66.96,68,0.6292,-68,191,187,108.6,12270.2
66.98,68,0.6292,-69,191,187,108.5,12270.2
67,68,0.6293,-69,191,187,108.4,12267.7
67.02,68,0.6293,-69,191,187,108.3,12267.7
67.04,68,0.6294,-70,191,187,108.1,12263.7
67.06,68,0.6294,-70,191,187,107.8,12263.7
67.08,68,0.6295,-71,191,187,107.6,12259.7
67.1,68,0.6295,-71,191,187,107.3,12259.7
67.12,68,0.6294,-71,191,187,107.1,12262.1
67.14,68,0.6294,-72,191,187,106.8,12262.1
67.16,68,0.6295,-72,191,187,106.6,12260.5
67.18,68,0.6295,-72,191,187,106.4,12259.7
67.2,68,0.6295,-72,191,187,106.3,12258.1
67.22,68,0.6295,-73,191,187,106.3,12258.1
67.24,68,0.6294,-73,191,187,106.4,12263.7
67.26,68,0.6294,-73,191,187,106.7,12263.7
67.28,68,0.6295,-73,191,187,107,12258.1
67.3,68,0.6295,-73,191,187,107.5,12258.1
67.32,68,0.6297,-73,191,187,108,12252.5
67.34,68,0.6297,-73,191,187,108.7,12252.5
67.36,68,0.6298,-73,192,187,109.6,12248.4
67.38,68,0.6298,-73,192,187,110.6,12248.4
67.4,68,0.6297,-73,192,187,111.7,12250.8
67.42,68,0.6297,-73,191,187,113.1,12250.8
67.44,68,0.6298,-73,191,187,114.6,12246.8
67.46,68,0.6298,-73,191,187,116.2,12246
67.48,68,0.6302,-73,191,187,118,12230.7
67.5,68,0.6302,-73,191,187,119.8,12230.7
67.52,68,0.63,-73,191,187,121.7,12238.8
67.54,68,0.63,-74,191,187,123.6,12238.8
67.56,68,0.6302,-74,191,187,125.7,12232.3
67.58,68,0.6302,-74,191,187,127.7,12233.1
67.6,68,0.6304,-74,191,187,129.5,12223.5
67.62,68,0.6304,-74,191,187,131.3,12223.5
67.64,68,0.6305,-75,192,187,132.8,12219.5
67.66,68,0.6305,-75,192,188,134.1,12218.7
67.68,68,0.6306,-75,193,189,135.3,12217.1
67.7,68,0.6306,-75,193,190,136.2,12217.1
67.72,68,0.6306,-76,194,191,137,12215.4
67.74,68,0.6306,-76,194,192,137.5,12215.4
67.76,68,0.6309,-76,195,192,137.9,12201.8
67.78,68,0.6309,-76,195,193,138.1,12201.8
67.8,68,0.6307,-76,196,194,138,12211.4
67.82,68,0.6307,-76,197,195,137.8,12211.4
67.84,68,0.6307,-77,197,196,137.4,12211.4
67.86,68,0.6307,-77,198,197,136.7,12211.4
67.88,68,0.6307,-77,198,198,135.9,12211.4
67.9,68,0.6307,-77,199,198,134.7,12211.4
67.92,68,0.6307,-78,200,199,133.3,12211.4
67.94,68,0.6307,-78,200,199,131.7,12211.4
67.96,68,0.6309,-78,200,200,129.9,12203.4
67.98,68,0.6309,-78,201,200,127.9,12203.4
68,68,0.6312,-78,201,201,125.7,12192.1
68.02,68,0.6312,-78,202,201,123.4,12192.1
68.04,68,0.631,-78,202,201,120.9,12199.4
68.06,68,0.631,-78,202,202,118.3,12199.4
68.08,68,0.6307,-78,202,202,115.8,12213
68.1,68,0.6307,-78,202,202,113.3,12213
68.12,68,0.6308,-78,203,203,111,12207.4
68.14,68,0.6308,-78,203,203,108.8,12208.2
68.16,68,0.6304,-77,203,203,106.8,12221.9
68.18,68,0.6305,-77,204,204,105.2,12221.1
68.2,68,0.6306,-76,204,204,103.8,12213.8
68.22,68,0.6306,-76,205,205,102.8,12213.8
68.24,68,0.6309,-75,205,205,102.1,12204.2
68.26,67.9,0.6309,-74,206,206,101.9,12204.2
68.28,67.9,0.6313,-74,206,206,102,12188.9
68.3,68,0.6313,-73,207,207,102.6,12188.1
68.32,68,0.6315,-73,207,207,103.4,12178.5
68.34,68,0.6315,-73,207,208,104.6,12178.5
68.36,68,0.6316,-72,208,208,106,12174.5
68.38,68,0.6316,-72,208,208,107.6,12174.5
68.4,68,0.6322,-72,209,209,109.4,12152.8
68.42,68,0.6322,-72,209,210,111.3,12152.8
68.44,68,0.6319,-72,210,210,113.3,12164.8
68.46,67.9,0.6319,-72,210,211,115.3,12164.8
68.48,67.9,0.6321,-72,211,211,117.3,12153.6
68.5,68,0.6322,-72,211,211,119.2,12152.8
68.52,68,0.6322,-72,212,212,121,12152.8
68.54,68,0.6322,-72,213,212,122.6,12152.8
68.56,68,0.6323,-73,213,213,124,12148.8
68.58,67.9,0.6322,-73,214,213,125.2,12149.6
68.6,67.9,0.6325,-73,215,214,126.2,12140
68.62,67.9,0.6325,-74,216,214,126.9,12140
68.64,67.9,0.6325,-74,217,215,127.3,12140
68.66,68,0.6325,-75,217,215,127.4,12139.2
68.68,68,0.6326,-75,218,215,127.2,12133.6
68.7,68,0.6326,-76,219,215,126.7,12133.6
68.72,68,0.6327,-76,220,216,125.9,12131.2
68.74,68,0.6327,-77,221,216,124.8,12132
68.76,68,0.6326,-77,222,216,123.4,12136
68.78,67.9,0.6326,-78,222,216,121.8,12136
68.8,67.9,0.6326,-78,223,216,120,12136
68.82,68,0.6326,-78,223,216,118.1,12136
68.84,68,0.6324,-79,224,216,116.1,12143.2
68.86,68,0.6324,-79,225,216,114.1,12143.2
68.88,68,0.6324,-79,225,217,112,12143.2
68.9,68,0.6324,-79,226,217,109.8,12143.2
68.92,68,0.6327,-79,226,217,107.7,12132
68.94,68,0.6327,-79,227,217,105.6,12132
68.96,68,0.6326,-79,227,217,103.7,12133.6
68.98,68,0.6326,-80,227,217,101.8,12133.6
69,68,0.633,-80,227,217,99.9,12118.3
69.02,68,0.633,-80,228,217,98.1,12117.5
69.04,68,0.6329,-80,228,217,96.3,12121.5
69.06,68,0.6329,-81,228,217,94.5,12121.5
69.08,68,0.6327,-81,228,217,92.8,12129.5
69.1,68,0.6327,-81,228,217,91.2,12129.5
69.12,68,0.6329,-81,228,217,89.6,12123.9
69.14,68,0.6329,-82,228,217,88,12123.9
69.16,68,0.633,-82,228,217,86.6,12119.9
69.18,68,0.633,-82,228,217,85.2,12119.9
69.2,68,0.6331,-83,228,217,83.9,12115.9
69.22,68,0.6331,-83,228,217,82.6,12115.9
69.24,68,0.6332,-83,228,217,81.4,12111.9
69.26,68,0.6332,-83,228,217,80.3,12111.9
69.28,68,0.6333,-84,229,217,79.3,12107.9
69.3,68,0.6333,-84,229,217,78.3,12107.9
69.32,68,0.6332,-84,229,217,77.4,12109.5
69.34,68,0.6332,-84,229,217,76.6,12110.3
69.36,68,0.6333,-84,229,217,75.9,12106.3
69.38,68,0.6333,-85,229,218,75.2,12106.3
69.4,68,0.6337,-85,229,218,74.6,12092.7
69.42,68,0.6337,-85,229,218,74.2,12092.7
69.44,68,0.6336,-85,230,218,73.8,12096.7
69.46,68,0.6336,-86,230,218,73.6,12096.7
69.48,68,0.6334,-86,230,218,73.5,12102.3
69.5,68,0.6334,-86,230,218,73.6,12102.3
69.52,68,0.6335,-86,230,218,73.7,12099.9
69.54,68,0.6335,-86,230,218,74,12100.7
69.56,68,0.6334,-87,231,219,74.4,12102.3
69.58,68,0.6334,-87,231,219,74.8,12102.3
69.6,68,0.6335,-87,231,219,75.4,12098.3
69.62,68,0.6335,-87,231,219,76.1,12098.3
69.64,68,0.6335,-87,231,219,77,12098.3
69.66,68,0.6335,-87,232,219,77.9,12098.3
69.68,68,0.6335,-88,232,219,79,12099.9
69.7,68,0.6335,-88,232,219,80.2,12099.9
69.72,68,0.6336,-88,232,219,81.6,12095.9
69.74,68,0.6336,-88,232,219,83,12095.9
69.76,68,0.6338,-88,232,219,84.5,12087.9
69.78,68,0.6338,-89,232,219,86.1,12087.9
69.8,68,0.634,-89,232,220,87.8,12078.3
69.82,68,0.634,-89,232,220,89.7,12078.3
69.84,68,0.6343,-89,232,220,91.7,12068.7
69.86,68,0.6343,-89,232,220,93.8,12068.7
69.88,68,0.6344,-89,232,220,96,12063.1
69.9,68,0.6344,-89,232,220,98.3,12063.1
69.92,68,0.6345,-89,232,220,100.8,12059.1
69.94,68,0.6345,-89,232,221,103.4,12059.1
69.96,68,0.6346,-89,232,221,106.1,12053.5
69.98,68,0.6346,-90,233,221,108.9,12053.5
70,68,0.6346,-90,233,221,111.6,12055.1
70.02,68,0.6346,-90,234,222,114.2,12055.1
70.04,68,0.6346,-91,235,222,116.5,12055.1
70.06,68,0.6346,-91,236,222,118.4,12055.1
70.08,68,0.6348,-92,236,223,119.9,12047.1
70.1,68,0.6348,-92,237,223,121,12047.1
70.12,68,0.6344,-93,238,223,121.7,12063.1
70.14,68,0.6344,-93,238,224,122.1,12063.1
70.16,68,0.6345,-94,239,224,122.1,12060.7
70.18,68,0.6345,-94,239,224,121.9,12060.7
70.2,68,0.6346,-94,240,224,121.5,12053.5
70.22,68,0.6347,-95,240,224,120.8,12052.7
70.24,68,0.6347,-95,241,224,120,12051.1
70.26,68,0.6347,-95,242,223,119,12051.1
70.28,68,0.6348,-95,242,223,117.9,12045.5
70.3,68,0.6348,-96,243,223,116.7,12045.5
70.32,68,0.635,-95,244,222,115.5,12039.9
70.34,68,0.635,-95,245,221,114.4,12039.9
70.36,68,0.6348,-95,245,221,113.4,12045.5
70.38,68,0.6348,-95,246,220,112.4,12045.5
70.4,68,0.6348,-95,246,219,111.7,12047.1
70.42,68,0.6348,-94,247,219,111.3,12047.1
70.44,68,0.635,-93,247,218,111.2,12037.5
70.46,68,0.635,-93,248,218,111.4,12037.5
70.48,68,0.6353,-92,248,217,111.9,12027.9
70.5,68,0.6353,-91,248,217,112.9,12027.9
70.52,68,0.6354,-91,248,217,114.1,12023.9
70.54,68,0.6354,-90,248,216,115.6,12023.9
70.56,68,0.6354,-90,248,217,117.3,12023.9
70.58,68,0.6354,-89,248,217,119.1,12023.9
70.6,68,0.6354,-89,248,217,120.9,12021.5
70.62,68,0.6354,-89,248,218,122.7,12021.5
70.64,68,0.6355,-89,248,218,124.5,12019.9
70.66,68,0.6355,-89,248,219,126.1,12019.9
70.68,68,0.6356,-89,249,220,127.7,12015.9
70.7,68,0.6356,-89,249,220,129.1,12015.9
70.72,68,0.6358,-89,250,221,130.4,12008.7
70.74,68,0.6358,-89,250,221,131.6,12007.9
70.76,68,0.636,-89,251,221,132.7,12000.7
70.78,68,0.636,-90,251,222,133.7,12000.7
70.8,68,0.6361,-90,252,222,134.6,11995.1
70.82,68,0.6361,-90,252,222,135.4,11994.3
70.84,68,0.6363,-91,253,222,136.2,11988.8
70.86,68,0.6363,-91,253,223,136.9,11988.8
70.88,68,0.6368,-91,253,223,137.5,11965.6
70.9,68,0.6368,-92,253,223,138,11965.6
70.92,68,0.6369,-92,254,223,138.2,11961.6
70.94,68,0.6369,-93,254,223,138.3,11961.6
70.96,68,0.637,-94,254,223,138.3,11957.6
70.98,68,0.637,-94,254,224,138,11957.6
71,68,0.6369,-94,254,224,137.7,11961.6
71.02,68,0.6369,-95,254,224,137.4,11961.6
71.04,68,0.6367,-95,255,224,137,11971.2
71.06,68,0.6367,-95,255,225,136.6,11971.2
71.08,68,0.6365,-95,255,225,136.2,11979.2
71.1,68,0.6365,-96,255,226,135.9,11979.2
71.12,68,0.6366,-96,256,226,135.9,11976.8
71.14,68,0.6365,-96,256,226,136,11977.6
71.16,68,0.6364,-95,257,227,136.5,11981.6
71.18,68,0.6364,-95,258,227,137.3,11981.6
71.2,68,0.6365,-95,259,227,138.6,11977.6
71.22,68,0.6365,-95,259,227,140.3,11977.6
71.24,68,0.6369,-95,260,227,142.6,11964
71.26,68,0.6369,-95,261,227,145.3,11964
71.28,68,0.637,-95,262,227,148.7,11957.6
71.3,68,0.637,-95,264,227,152.5,11958.4
71.32,68,0.6372,-95,265,227,157.1,11952.1
71.34,68,0.6372,-96,266,227,162.2,11952.9
71.36,68,0.6374,-96,268,227,168,11942.5
71.38,68,0.6374,-97,269,227,174.4,11942.5
71.4,68,0.6376,-98,270,227,177.8,11936.9
71.42,68,0.6376,-99,270,226,170.9,11936.9
71.44,68,0.6375,-100,271,226,163.2,11938.5
71.46,68,0.6375,-101,271,225,155.3,11938.5
71.48,68,0.6376,-102,271,225,147.3,11936.9
71.5,68,0.6376,-103,270,224,139.4,11936.9
71.52,68,0.6374,-102,269,223,132,11944.9
71.54,67.9,0.6374,-102,268,222,125.1,11944.9
71.56,67.9,0.6368,-100,268,221,119,11966.4
71.58,68,0.6368,-99,267,221,113.8,11966.4
71.6,68,0.6366,-97,266,220,109.6,11973.6
71.62,67.9,0.6366,-95,266,220,106.4,11974.4
71.64,67.9,0.6364,-94,266,220,104.4,11981.6
71.66,68,0.6364,-92,265,220,103.5,11981.6
71.68,68,0.637,-91,265,220,103.6,11960
71.7,67.9,0.637,-90,265,220,104.6,11960.8
71.72,67.9,0.6371,-89,265,220,106.5,11954.5
71.74,68,0.6371,-88,264,220,109.2,11954.5
71.76,68,0.6371,-87,264,220,112.7,11954.5
71.78,67.9,0.6371,-87,263,221,116.7,11954.5
71.8,67.9,0.6373,-86,263,221,121.3,11947.3
71.82,67.9,0.6373,-86,262,222,126.2,11947.3
71.84,67.9,0.6377,-86,262,223,131.2,11931.3
71.86,67.9,0.6377,-86,261,224,136.2,11931.3
71.88,67.9,0.6379,-86,261,225,140.8,11924.2
71.9,67.9,0.6379,-86,261,226,144.8,11923.4
71.92,67.9,0.6378,-87,262,227,147.9,11927.4
71.94,68,0.6378,-87,263,228,149.8,11927.4
71.96,68,0.6383,-87,263,228,150.3,11905.9
71.98,68,0.6383,-88,265,229,149.7,11905.9
72,68,0.6382,-87,266,229,148.2,11909.8
72.02,67.9,0.6382,-87,267,229,146.4,11909.8
72.04,67.9,0.6382,-87,269,228,144.7,11909.8
72.06,67.9,0.6382,-86,270,228,143.1,11909.8
72.08,67.9,0.6382,-85,271,227,142,11912.2
72.1,68,0.6382,-84,272,226,141.5,11911.4
72.12,68,0.6383,-84,272,225,141.7,11908.3
72.14,67.9,0.6383,-83,273,224,142.5,11908.3
72.16,67.9,0.6386,-82,273,223,143.8,11897.1
72.18,67.9,0.6386,-81,273,222,145.8,11897.1
72.2,67.9,0.6387,-81,273,221,148.4,11890.7
72.22,67.9,0.6387,-81,273,221,151.4,11890.7
72.24,67.9,0.639,-80,273,220,154.8,11881.2
72.26,68,0.639,-80,273,219,158.6,11880.4
72.28,68,0.639,-80,273,219,162.6,11878.8
72.3,68,0.639,-80,272,219,166.6,11878.8
72.32,68,0.6392,-80,272,219,170.6,11870.9
72.34,67.9,0.6392,-80,271,219,174.3,11871.7
72.36,67.9,0.6393,-80,270,219,177.4,11866.1
72.38,67.9,0.6393,-80,270,219,178,11866.1
72.4,67.9,0.6393,-81,269,219,175.7,11867.7
72.42,67.9,0.6393,-81,268,220,173.5,11867.7
72.44,67.9,0.6396,-81,267,221,171.6,11855.8
72.46,67.9,0.6396,-81,266,221,169.9,11855.8
72.48,67.9,0.6393,-81,266,222,168.4,11866.1
72.5,67.9,0.6393,-81,265,222,166.9,11866.1
72.52,67.9,0.6391,-82,265,223,165.3,11877.2
72.54,67.9,0.6391,-82,264,223,163.5,11877.2
72.56,67.9,0.6389,-83,264,224,161.5,11885.2
72.58,67.9,0.6389,-83,264,224,159.4,11885.2
72.6,67.9,0.6389,-84,264,224,157.1,11882.8
72.62,67.9,0.6389,-85,264,225,154.7,11883.6
72.64,67.9,0.6387,-85,264,225,152.1,11890.7
72.66,67.9,0.6387,-86,264,225,149.5,11890.7
72.68,67.9,0.6385,-87,264,226,146.8,11900.3
72.7,67.9,0.6385,-87,264,226,144.1,11900.3
72.72,67.9,0.6388,-88,264,226,141.4,11889.2
72.74,68,0.6388,-89,264,227,138.7,11888.4
72.76,68,0.6391,-89,265,227,135.9,11877.2
72.78,67.9,0.6391,-90,265,228,133.1,11877.2
72.8,67.9,0.6392,-90,265,228,130.3,11873.2
72.82,67.9,0.6392,-91,266,228,127.4,11873.2
72.84,67.9,0.6395,-91,266,229,124.6,11861.3
72.86,67.9,0.6394,-92,266,229,121.8,11862.1
72.88,67.9,0.6396,-92,267,229,118.9,11855.8
72.9,67.9,0.6396,-92,267,230,116.2,11856.5
72.92,67.9,0.6395,-93,267,230,113.5,11860.5
72.94,67.9,0.6395,-93,268,230,111,11859.7
72.96,67.9,0.6398,-93,268,230,108.6,11848.6
72.98,67.9,0.6398,-93,268,230,106.3,11848.6
73,67.9,0.6397,-93,269,231,104.1,11850.2
73.02,67.9,0.6397,-93,269,231,102.1,11850.2
73.04,67.9,0.6397,-93,269,231,100.2,11850.2
73.06,67.9,0.6397,-93,269,231,98.5,11850.2
73.08,67.9,0.6395,-93,269,231,97,11859.7
73.1,67.9,0.6395,-93,270,232,95.6,11859.7
73.12,67.9,0.6396,-93,270,232,94.5,11855.8
73.14,67.9,0.6396,-93,270,232,93.7,11855.8
73.16,67.9,0.6395,-93,270,232,93.3,11859.7
73.18,67.9,0.6395,-93,270,233,93.3,11859.7
73.2,67.9,0.6396,-92,270,233,93.7,11855.8
73.22,67.9,0.6396,-92,270,233,94.6,11856.5
73.24,67.9,0.6397,-91,270,233,96.1,11850.2
73.26,67.9,0.6397,-91,270,234,98.1,11850.2
73.28,67.9,0.6399,-90,270,234,100.8,11844.6
73.3,67.9,0.6399,-89,270,234,104.1,11844.6
73.32,67.9,0.6399,-89,270,233,107.9,11844.6
73.34,67.9,0.6399,-89,270,233,112.2,11844.6
73.36,67.9,0.64,-88,270,233,116.8,11839.1
73.38,67.9,0.64,-88,270,232,121.7,11839.1
73.4,67.9,0.6404,-88,270,232,126.8,11823.2
73.42,67.9,0.6404,-88,270,231,132,11823.2
73.44,67.9,0.6405,-89,270,231,137.3,11819.2
73.46,67.9,0.6405,-89,270,230,142.6,11819.2
73.48,67.9,0.6409,-90,270,230,147.8,11804.1
73.5,67.9,0.6409,-90,270,230,152.8,11804.1
73.52,67.9,0.6411,-91,269,230,157.3,11797.8
73.54,67.9,0.6411,-92,269,230,161.3,11797.8
73.56,67.9,0.6412,-92,268,230,164.5,11793.8
73.58,67.9,0.6412,-93,267,231,166.5,11793.8
73.6,67.9,0.6414,-93,266,231,167.1,11785.9
73.62,67.9,0.6413,-94,265,232,166.6,11786.7
73.64,67.9,0.6416,-94,264,233,165.2,11777.2
73.66,67.9,0.6416,-94,263,234,163.4,11776.4
73.68,67.9,0.6414,-95,262,235,161.4,11782.7
73.7,67.9,0.6414,-95,261,236,159.2,11782.7
73.72,67.9,0.6413,-95,261,237,157,11786.7
73.74,67.9,0.6413,-95,261,238,154.6,11786.7
73.76,67.9,0.6413,-95,260,239,152.1,11788.3
73.78,67.9,0.6413,-96,260,240,149.4,11788.3
73.8,67.9,0.6415,-96,260,241,146.7,11781.1
73.82,67.9,0.6415,-96,260,242,143.8,11780.3
73.84,67.9,0.6414,-96,260,243,140.8,11785.9
73.86,67.9,0.6413,-96,261,244,137.7,11786.7
73.88,67.9,0.6413,-96,261,245,134.5,11786.7
73.9,67.9,0.6413,-97,261,245,131.2,11786.7
73.92,67.9,0.6412,-97,261,246,127.9,11792.2
73.94,67.9,0.6412,-97,262,247,124.5,11792.2
73.96,67.9,0.641,-97,262,247,121.3,11801.8
73.98,67.9,0.641,-97,263,247,118.3,11801.8
74,67.9,0.6409,-96,263,248,115.7,11805.7
74.02,67.9,0.6409,-96,264,248,113.4,11805.7
74.04,67.9,0.6409,-96,264,248,111.5,11804.1
74.06,67.9,0.6409,-95,265,249,110.1,11804.1
74.08,67.9,0.6412,-95,265,249,109,11793.8
74.1,67.9,0.6411,-94,266,249,108.5,11794.6
74.12,67.9,0.6417,-93,266,249,108.4,11771.6
74.14,67.9,0.6417,-93,266,249,108.7,11771.6
74.16,67.9,0.6418,-92,267,249,109.4,11767.7
74.18,67.9,0.6418,-92,267,249,110.5,11767.7
74.2,67.9,0.6422,-91,266,249,111.8,11751.8
74.22,67.9,0.6422,-91,266,249,113.4,11752.6
74.24,67.9,0.6423,-91,266,249,115.1,11748.6
74.26,67.9,0.6423,-92,266,249,116.8,11747.9
74.28,67.9,0.6424,-92,266,249,118.5,11746.3
74.3,67.9,0.6424,-92,266,249,120.2,11746.3
74.32,67.9,0.6423,-93,265,249,121.8,11747.9
74.34,67.9,0.6423,-93,265,249,123.3,11747.9
74.36,67.9,0.6423,-94,265,249,124.7,11750.2
74.38,67.9,0.6423,-94,265,249,126,11749.4
74.4,67.9,0.6427,-95,265,249,127.3,11732
74.42,67.9,0.6427,-95,265,249,128.4,11732.8
74.44,67.9,0.6428,-96,265,249,129.5,11730.4
74.46,67.9,0.6428,-96,265,248,130.5,11730.4
74.48,67.9,0.6431,-97,265,248,131.4,11718.6
74.5,67.9,0.643,-97,265,248,132.2,11719.4
74.52,67.9,0.6431,-98,265,248,133,11715.4
74.54,67.9,0.6431,-99,265,248,133.6,11715.4
74.56,67.9,0.6431,-99,264,247,134.2,11717
74.58,67.9,0.6431,-100,264,247,134.8,11717
74.6,67.9,0.6431,-100,264,248,135.3,11717
74.62,67.9,0.6431,-101,264,248,135.7,11717
74.64,67.9,0.6432,-101,264,248,136.2,11711.4
74.66,67.9,0.6432,-101,263,248,136.6,11711.4
74.68,67.9,0.6433,-102,263,248,137,11707.5
74.7,67.9,0.6433,-102,263,249,137.5,11707.5
74.72,67.9,0.6435,-103,263,249,138,11699.6
74.74,67.9,0.6435,-103,263,250,138.5,11699.6
74.76,67.9,0.6435,-103,263,250,139.2,11701.9
74.78,67.9,0.6435,-103,262,251,140,11701.9
74.8,67.9,0.6436,-104,262,252,141,11695.6
74.82,67.9,0.6436,-104,262,252,142.3,11695.6
74.84,67.9,0.6437,-103,262,253,144,11694
74.86,67.9,0.6437,-103,261,255,145.9,11694
74.88,67.9,0.644,-103,261,256,148.2,11682.2
74.9,67.9,0.644,-103,260,257,150.6,11683
74.92,67.9,0.644,-104,259,258,152.7,11680.6
74.94,67.9,0.644,-104,259,259,154.2,11680.6
74.96,67.9,0.6441,-105,258,260,154.3,11678.2
74.98,67.9,0.6441,-105,258,261,152.7,11678.2
75,67.9,0.6441,-106,258,261,149.4,11676.7
75.02,67.9,0.6441,-107,258,262,144.8,11676.7
75.04,67.9,0.6442,-108,258,262,139.2,11674.3
75.06,67.9,0.6442,-108,259,262,133.2,11675.1
75.08,67.9,0.6437,-108,260,262,127.3,11694
75.1,67.9,0.6437,-108,261,262,121.6,11694
75.12,67.9,0.6434,-107,262,262,116.5,11705.1
75.14,67.9,0.6434,-105,263,263,112.1,11705.1
75.16,67.9,0.6434,-104,264,263,108.4,11705.1
75.18,67.9,0.6434,-103,265,264,105.4,11705.9
75.2,67.9,0.6437,-101,266,264,103.4,11694
75.22,67.9,0.6437,-100,268,265,102.3,11694
75.24,67.9,0.6442,-99,269,266,102.2,11675.1
75.26,67.9,0.6442,-98,270,267,102.9,11675.1
75.28,67.9,0.6445,-97,271,267,104.3,11663.2
75.3,67.9,0.6445,-97,273,268,106.4,11663.2
75.32,67.9,0.6445,-96,274,267,108.9,11663.2
75.34,67.9,0.6445,-96,275,267,111.9,11663.2
75.36,67.9,0.6445,-96,275,267,115,11663.2
75.38,67.9,0.6445,-96,276,266,118.1,11663.2
75.4,67.9,0.6447,-96,276,266,120.8,11655.3
75.42,67.9,0.6446,-96,276,266,122.9,11656.1
75.44,67.9,0.6447,-97,276,266,124.1,11654.5
75.46,67.9,0.6447,-97,275,267,124.7,11653.7
75.48,67.9,0.6447,-97,275,268,124.6,11652.2
75.5,67.9,0.6447,-97,274,269,124,11652.2
75.52,67.9,0.6446,-97,274,271,123.1,11656.1
75.54,67.9,0.6446,-97,274,272,121.9,11656.1
75.56,67.9,0.6447,-97,275,274,120.8,11654.5
75.58,67.9,0.6447,-96,275,275,119.8,11654.5
75.6,67.9,0.6445,-96,275,277,119.2,11661.6
75.62,67.9,0.6445,-95,276,278,118.8,11661.6
75.64,67.9,0.6447,-95,276,280,118.7,11652.2
75.66,67.9,0.6447,-94,277,281,118.8,11652.2
75.68,67.9,0.6446,-94,277,282,119.1,11656.1
75.7,67.9,0.6446,-94,278,283,119.5,11656.1
75.72,67.9,0.6448,-94,278,283,119.9,11649
75.74,67.9,0.6448,-94,279,284,120.3,11648.2
75.76,67.9,0.6448,-94,279,284,120.7,11650.6
75.78,67.9,0.6448,-94,280,284,121,11650.6
75.8,67.9,0.6449,-94,280,284,121.3,11646.6
75.82,67.9,0.6449,-94,281,284,121.5,11646.6
75.84,67.9,0.6451,-94,281,283,121.8,11638.7
75.86,67.9,0.6451,-94,282,283,122.1,11638.7
75.88,67.9,0.6452,-94,282,283,122.5,11633.2
75.9,67.9,0.6452,-94,283,282,122.9,11633.2
75.92,67.9,0.6451,-94,284,282,123.4,11637.2
75.94,67.9,0.6451,-94,284,281,124,11637.2
75.96,67.9,0.6453,-94,285,281,124.8,11631.6
75.98,67.9,0.6453,-94,286,280,125.7,11630.9
76,67.9,0.6453,-94,286,280,126.8,11630.9
76.02,67.9,0.6453,-93,287,279,128,11631.6
76.04,67.9,0.6455,-94,288,279,129.4,11622.2
76.06,67.9,0.6455,-94,288,278,130.9,11622.2
76.08,67.9,0.6456,-94,288,278,132.3,11619.8
76.1,67.9,0.6456,-94,288,277,133.8,11619.8
76.12,67.9,0.6457,-95,288,277,135.1,11614.3
76.14,67.9,0.6457,-95,288,277,136.2,11614.3
76.16,67.9,0.6459,-96,288,277,137.2,11608
76.18,67.9,0.6458,-97,288,277,138,11608.8
76.2,67.9,0.6459,-97,288,277,138.6,11606.4
76.22,67.9,0.6459,-98,288,277,139,11607.2
76.24,67.9,0.6458,-98,288,277,139.2,11611.1
76.26,67.9,0.6458,-99,288,277,139.2,11610.3
76.28,67.9,0.6461,-100,287,277,139,11596.9
76.3,67.9,0.6461,-100,287,277,138.6,11596.9
76.32,67.9,0.646,-101,287,277,138.1,11600.9
76.34,67.9,0.646,-101,288,278,137.4,11600.9
76.36,67.9,0.646,-101,288,278,136.6,11602.5
76.38,67.9,0.646,-101,288,279,135.7,11603.2
76.4,67.9,0.6461,-102,289,280,134.9,11599.3
76.42,67.9,0.6461,-102,290,281,134.2,11599.3
76.44,67.9,0.6459,-102,290,281,133.4,11604.8
76.46,67.9,0.6459,-102,291,282,132.7,11604.8
76.48,67.9,0.6459,-102,292,283,132,11604.8
76.5,67.9,0.6459,-102,293,284,131.2,11604.8
76.52,67.9,0.6461,-102,293,285,130.3,11596.9
76.54,67.9,0.6461,-102,294,285,129.3,11596.9
76.56,67.9,0.646,-103,294,286,128,11602.5
76.58,67.9,0.646,-103,295,287,126.4,11602.5
76.6,67.9,0.6459,-103,295,287,124.6,11604.8
76.62,67.9,0.6459,-103,295,287,122.4,11604.8
76.64,67.9,0.6461,-104,295,288,120.1,11596.9
76.66,67.9,0.6461,-104,295,288,117.5,11596.9
76.68,67.9,0.6459,-104,296,288,114.8,11604.8
76.7,67.9,0.6459,-104,296,288,112.1,11604.8
76.72,67.9,0.6456,-104,296,287,109.5,11618.2
76.74,67.9,0.6456,-103,296,287,107.1,11618.2
76.76,67.9,0.6458,-103,297,286,104.9,11610.3
76.78,67.9,0.6458,-103,297,286,103,11610.3
76.8,67.9,0.6465,-102,298,285,101.5,11583.5
76.82,67.9,0.6465,-102,299,285,100.3,11583.5
76.84,67.9,0.6464,-101,300,284,99.4,11585.9
76.86,67.9,0.6464,-101,300,284,99,11585.1
76.88,67.9,0.6467,-100,301,284,99,11574.1
76.9,67.9,0.6467,-100,302,283,99.4,11574.1
76.92,67.9,0.6466,-100,302,283,100.1,11580.4
76.94,67.9,0.6466,-99,303,283,101.2,11579.6
76.96,67.9,0.6469,-99,304,282,102.5,11567.8
76.98,67.9,0.6469,-99,304,282,104.2,11568.6
77,67.9,0.647,-98,304,281,106.1,11564.6
77.02,67.9,0.647,-98,305,281,108.2,11564.6
77.04,67.9,0.6473,-98,305,280,110.4,11552.8
77.06,67.9,0.6472,-98,305,280,112.7,11553.6
77.08,67.9,0.6472,-98,305,279,115,11553.6
77.1,67.9,0.6473,-99,305,279,117.4,11552.8
77.12,67.9,0.6474,-99,305,279,119.6,11547.3
77.14,67.9,0.6474,-99,305,279,121.7,11547.3
77.16,67.9,0.6476,-99,304,279,123.6,11539.5
77.18,67.9,0.6476,-99,304,279,125.4,11539.5
77.2,67.9,0.6474,-100,304,279,126.8,11547.3
77.22,67.9,0.6474,-100,304,280,128.1,11547.3
77.24,67.9,0.6475,-100,304,280,129.1,11545
77.26,67.9,0.6475,-100,305,280,130,11545
77.28,67.9,0.6475,-100,305,281,130.6,11543.4
77.3,67.9,0.6475,-100,306,281,131.2,11543.4
77.32,67.9,0.6475,-100,306,282,131.8,11541.8
77.34,67.9,0.6475,-100,307,282,132.4,11541.8
77.36,67.9,0.6476,-100,307,283,133.1,11539.5
77.38,67.9,0.6476,-100,308,283,133.9,11539.5
77.4,67.9,0.6478,-99,308,284,134.9,11531.6
77.42,67.9,0.6478,-99,309,284,135.9,11532.4
77.44,67.9,0.6479,-100,309,284,137,11526.1
77.46,67.9,0.6479,-100,309,284,138.2,11526.1
77.48,67.9,0.6479,-100,310,284,139.3,11527.7
77.5,67.9,0.6479,-100,310,285,140.5,11528.4
77.52,67.9,0.648,-101,310,285,141.5,11524.5
77.54,67.9,0.648,-101,310,285,142.6,11523.7
77.56,67.9,0.648,-102,310,285,143.6,11523.7
77.58,67.9,0.648,-102,310,285,144.5,11524.5
77.6,67.9,0.6482,-103,310,285,145.4,11516.6
77.62,67.9,0.6482,-103,310,286,146.2,11516.6
77.64,67.9,0.6481,-104,310,286,147,11520.6
77.66,67.9,0.6481,-104,310,286,147.7,11520.6
77.68,67.9,0.648,-105,310,286,148.4,11524.5
77.7,67.9,0.648,-105,310,287,149,11523.7
77.72,67.9,0.6481,-106,310,287,149.6,11519.8
77.74,67.9,0.6481,-106,310,287,150.2,11520.6
77.76,67.9,0.6483,-107,310,287,150.7,11512.7
77.78,67.9,0.6483,-107,310,287,151.2,11511.9
77.8,67.9,0.6482,-108,310,288,151.6,11514.3
77.82,67.9,0.6482,-108,310,288,152,11514.3
77.84,67.9,0.6486,-109,311,288,152.4,11500.9
77.86,67.9,0.6486,-109,311,288,152.8,11500.9
77.88,67.9,0.6484,-110,311,289,153.2,11508.8
77.9,67.9,0.6484,-110,311,289,153.5,11508.8
77.92,67.9,0.6487,-111,311,289,153.9,11495.4
77.94,67.9,0.6487,-111,311,289,154.2,11495.4
77.96,67.9,0.6486,-112,311,289,154.5,11500.9
77.98,67.9,0.6486,-112,311,290,154.8,11500.9
78,67.9,0.6486,-113,311,290,155.1,11500.9
78.02,67.9,0.6486,-113,312,290,155.3,11500.9
78.04,67.9,0.6485,-113,312,290,155.6,11503.3
78.06,67.9,0.6485,-114,312,290,155.9,11503.3
78.08,67.9,0.6486,-114,312,291,156.1,11499.3
78.1,67.9,0.6486,-115,312,291,156.4,11498.6
78.12,67.9,0.6489,-115,312,291,156.7,11487.6
78.14,67.9,0.6489,-116,312,291,156.9,11487.6
78.16,67.9,0.649,-116,313,291,157.3,11485.2
78.18,67.9,0.649,-117,313,291,157.6,11486
78.2,67.9,0.649,-117,313,291,158,11486
78.22,67.9,0.649,-117,313,291,158.5,11486
78.24,67.9,0.6491,-117,314,292,159,11482.1
78.26,67.9,0.6491,-118,314,292,159.7,11482.1
78.28,67.9,0.6491,-118,315,292,160.4,11479.7
78.3,67.9,0.6491,-117,315,292,161,11479.7
78.32,67.9,0.6494,-117,316,291,161.4,11468.7
78.34,67.9,0.6494,-117,316,291,161.6,11468.7
78.36,67.9,0.6494,-117,316,291,161.2,11468.7
78.38,67.9,0.6494,-117,317,291,160.4,11467.9
78.4,67.9,0.6495,-117,317,290,159.2,11464.8
78.42,67.9,0.6495,-116,318,290,157.4,11464.8
78.44,67.9,0.6498,-116,318,290,155.3,11453
78.46,67.9,0.6498,-116,318,290,152.9,11453
78.48,67.9,0.6499,-115,318,290,150.3,11447.5
78.5,67.9,0.6499,-115,318,290,147.6,11447.5
78.52,67.9,0.6497,-115,318,289,144.9,11456.9
78.54,67.9,0.6497,-114,318,289,142.4,11456.9
78.56,67.9,0.6497,-114,318,288,140.1,11455.4
78.58,67.9,0.6497,-113,317,288,138.1,11455.4
78.6,67.9,0.6497,-113,317,288,136.6,11455.4
78.62,67.9,0.6497,-112,316,287,135.5,11455.4
78.64,67.9,0.6497,-111,316,287,134.8,11455.4
78.66,67.9,0.6497,-111,315,287,134.6,11455.4
78.68,67.9,0.65,-110,315,287,134.7,11446
78.7,67.9,0.65,-110,315,287,135.1,11445.2
78.72,67.9,0.6499,-109,314,287,135.9,11447.5
78.74,67.9,0.6499,-109,314,287,136.9,11447.5
78.76,67.9,0.6501,-108,313,287,138.2,11442
78.78,67.9,0.6501,-108,313,287,139.6,11442
78.8,67.9,0.6501,-108,313,287,141.1,11442
78.82,67.9,0.6501,-107,313,287,142.7,11442
78.84,67.9,0.6502,-107,313,287,144.2,11438.1
78.86,67.9,0.6502,-107,313,287,145.7,11438.1
78.88,67.9,0.6502,-107,313,287,147,11435.8
78.9,67.9,0.6502,-106,313,287,148.1,11436.5
78.92,67.9,0.6503,-106,313,288,149.1,11434.2
78.94,67.9,0.6503,-106,313,288,149.9,11434.2
78.96,67.9,0.6504,-105,313,288,150.5,11428.7
78.98,67.9,0.6504,-105,313,288,151,11428.7
79,67.9,0.6507,-104,314,289,151.3,11416.9
79.02,67.9,0.6507,-104,314,289,151.5,11416.9
79.04,67.9,0.6508,-103,314,289,151.6,11415.4
79.06,67.9,0.6508,-103,315,289,151.7,11415.4
79.08,67.9,0.6509,-102,315,289,151.6,11411.5
79.1,67.9,0.6509,-102,316,289,151.5,11411.5
79.12,67.9,0.651,-101,316,289,151.3,11407.5
79.14,67.9,0.651,-101,316,289,151,11407.5
79.16,67.9,0.651,-101,317,289,150.6,11406
79.18,67.9,0.651,-101,317,289,150.2,11406
79.2,67.9,0.6511,-101,317,289,149.9,11400.5
79.22,67.9,0.6511,-101,317,289,149.6,11400.5
79.24,67.9,0.6514,-100,317,288,149.3,11391.1
79.26,67.9,0.6514,-100,318,288,149.1,11390.3
79.28,67.9,0.6514,-100,318,288,148.9,11390.3
79.3,67.9,0.6514,-100,318,288,148.8,11391.1
79.32,67.9,0.6517,-100,318,288,148.7,11379.4
79.34,67.9,0.6517,-100,318,288,148.6,11379.4
79.36,67.9,0.6516,-100,318,288,148.7,11383.3
79.38,67.9,0.6516,-100,318,288,148.8,11384
79.4,67.9,0.6519,-100,318,288,149,11372.3
79.42,67.9,0.6519,-100,318,288,149.2,11372.3
79.44,67.9,0.6519,-100,318,288,149.5,11370.7
79.46,67.9,0.6519,-100,318,288,149.8,11370.7
79.48,67.9,0.652,-99,318,288,150.2,11368.4
79.5,67.9,0.652,-99,318,288,150.6,11368.4
79.52,67.9,0.6523,-100,318,288,151,11355.1
79.54,67.9,0.6523,-100,317,288,151.3,11355.1
79.56,67.9,0.6523,-100,317,288,151.6,11355.1
79.58,67.9,0.6523,-101,317,288,151.7,11355.1
79.6,67.9,0.6523,-101,317,288,151.9,11355.1
79.62,67.9,0.6523,-102,317,288,151.9,11355.1
79.64,67.9,0.6524,-102,317,288,151.9,11351.2
79.66,67.9,0.6524,-102,317,287,151.9,11351.2
79.68,67.9,0.6524,-102,317,287,152,11349.6
79.7,67.9,0.6524,-103,317,287,152.1,11349.6
79.72,67.9,0.6526,-103,316,287,152.3,11343.4
79.74,67.9,0.6526,-103,316,287,152.6,11344.1
79.76,67.9,0.6526,-103,316,287,153,11344.1
79.78,67.8,0.6526,-103,316,287,153.5,11344.9
79.8,67.8,0.6527,-103,316,287,154.1,11341
79.82,67.9,0.6527,-103,316,287,154.8,11340.2
79.84,67.9,0.6527,-104,316,287,155.7,11338.7
79.86,67.9,0.6527,-104,316,287,156.7,11338.7
79.88,67.9,0.6528,-104,316,287,157.8,11336.3
79.9,67.8,0.6528,-104,316,288,158.9,11337.1
79.92,67.8,0.6528,-104,316,288,160.2,11334.8
79.94,67.8,0.6528,-104,316,288,161.5,11334.8
79.96,67.8,0.6529,-104,316,288,162.9,11330.9
79.98,67.8,0.6529,-105,316,288,164.3,11330.9
80,67.8,0.6532,-105,316,288,165.8,11321.5
80.02,67.9,0.6532,-105,316,288,167.3,11321.5
80.04,67.9,0.6532,-106,316,288,168.8,11321.5
80.06,67.8,0.6532,-106,316,288,170.3,11321.5
80.08,67.8,0.6533,-106,316,288,171.9,11316
80.1,67.8,0.6533,-106,316,288,173.3,11316
80.12,67.8,0.6534,-106,316,288,174.7,11313.7
80.14,67.8,0.6534,-107,316,288,175.8,11313.7
80.16,67.8,0.6534,-107,316,288,176.3,11310.5
80.18,67.8,0.6534,-107,316,288,176.2,11310.5
80.2,67.8,0.6532,-107,315,289,175.4,11318.4
80.22,67.8,0.6532,-107,315,289,174.4,11318.4
80.24,67.8,0.6532,-107,315,290,173.4,11319.9
80.26,67.8,0.6532,-107,315,290,172.3,11319.9
80.28,67.8,0.653,-107,315,290,171.3,11329.3
80.3,67.8,0.653,-107,315,291,170.3,11329.3
80.32,67.8,0.6531,-107,315,291,169.4,11325.4
80.34,67.8,0.6531,-107,315,292,168.7,11325.4
80.36,67.8,0.6532,-107,315,292,168,11318.4
80.38,67.8,0.6532,-106,315,293,167.6,11318.4
80.4,67.8,0.6532,-106,315,293,167.5,11321.5
80.42,67.8,0.6531,-106,315,294,167.6,11322.3
80.44,67.8,0.6532,-105,315,295,167.9,11319.9
80.46,67.8,0.6532,-105,315,296,168.5,11319.9
80.48,67.8,0.6534,-105,315,297,169.1,11310.5
80.5,67.8,0.6534,-104,315,297,169.5,11310.5
80.52,67.8,0.6535,-104,315,298,169.4,11306.6
80.54,67.8,0.6535,-104,315,299,168.5,11306.6
80.56,67.8,0.6534,-104,315,299,167,11312.1
80.58,67.8,0.6534,-104,316,299,164.9,11312.1
80.6,67.8,0.6535,-104,316,300,162.4,11306.6
80.62,67.8,0.6535,-104,316,300,159.7,11306.6
80.64,67.8,0.6536,-103,316,301,156.8,11302.7
80.66,67.8,0.6536,-103,316,301,153.9,11302.7
80.68,67.8,0.6536,-103,316,302,151,11302.7
80.7,67.8,0.6536,-103,317,302,148.1,11302.7
80.72,67.8,0.6536,-102,317,303,145.2,11302.7
80.74,67.9,0.6536,-102,317,303,142.5,11302.7
80.76,67.9,0.6537,-101,318,304,139.9,11298.8
80.78,67.8,0.6537,-101,318,304,137.5,11298.8
80.8,67.8,0.654,-100,319,304,135.3,11287.9
80.82,67.8,0.654,-100,319,304,133.3,11287.1
80.84,67.8,0.6541,-99,319,304,131.4,11284
80.86,67.8,0.6541,-99,319,305,129.9,11284
80.88,67.8,0.6543,-98,320,305,128.5,11276.2
80.9,67.8,0.6543,-98,320,305,127.3,11276.2
80.92,67.8,0.6543,-98,320,306,126.3,11276.2
80.94,67.8,0.6543,-97,320,306,125.5,11276.2
80.96,67.8,0.6545,-97,320,306,124.8,11268.4
80.98,67.8,0.6545,-97,321,307,124.3,11268.4
81,67.8,0.6544,-96,321,307,124,11274.6
81.02,67.8,0.6544,-96,321,308,123.8,11273.9
81.04,67.8,0.6545,-96,321,308,123.8,11269.9
81.06,67.8,0.6545,-95,322,308,123.9,11269.9
81.08,67.8,0.6547,-95,322,309,124.1,11260.6
81.1,67.8,0.6547,-95,322,309,124.3,11260.6
81.12,67.8,0.6548,-95,322,309,124.5,11256.7
81.14,67.8,0.6548,-95,323,310,124.7,11256.7
81.16,67.8,0.6548,-96,323,310,125,11259
81.18,67.9,0.6548,-96,323,310,125.1,11259
81.2,67.9,0.655,-96,323,310,125.3,11251.2
81.22,67.8,0.655,-96,323,311,125.5,11251.2
81.24,67.8,0.6548,-96,323,311,125.8,11256.7
81.26,67.8,0.6548,-96,323,311,126,11256.7
81.28,67.8,0.655,-97,323,312,126.2,11251.2
81.3,67.9,0.655,-97,323,312,126.4,11251.2
81.32,67.9,0.6551,-97,323,313,126.6,11245
81.34,67.8,0.6551,-98,323,313,126.7,11245.8
81.36,67.8,0.6551,-98,323,313,126.7,11244.2
81.38,67.8,0.6552,-98,323,314,126.7,11243.4
81.4,67.8,0.6549,-98,324,314,126.7,11253.6
81.42,67.9,0.6549,-99,324,314,126.7,11252.8
81.44,67.9,0.6551,-99,324,314,126.7,11247.3
81.46,67.8,0.655,-100,324,314,126.6,11248.1
81.48,67.8,0.6551,-100,324,314,126.5,11244.2
81.5,67.8,0.6552,-101,324,314,126.4,11243.4
81.52,67.8,0.6552,-101,324,314,126.3,11241.9
81.54,67.9,0.6552,-102,324,314,126.1,11241.9
81.56,67.9,0.6553,-102,324,314,126,11238
81.58,67.8,0.6553,-103,324,314,125.7,11238
81.6,67.8,0.6552,-103,324,314,125.5,11240.3
81.62,67.9,0.6553,-104,324,314,125.2,11239.5
81.64,67.9,0.6554,-104,324,314,124.9,11234.1
81.66,67.9,0.6554,-105,324,314,124.6,11234.1
81.68,67.9,0.6555,-105,324,314,124.3,11230.2
81.7,67.9,0.6555,-105,324,314,124,11230.2
81.72,67.9,0.6556,-106,324,314,123.6,11227.9
81.74,67.9,0.6555,-106,324,314,123.3,11228.6
81.76,67.9,0.6557,-107,324,314,122.9,11222.4
81.78,67.9,0.6557,-107,324,314,122.5,11222.4
81.8,67.9,0.6556,-107,324,314,122.1,11226.3
81.82,67.9,0.6556,-108,324,314,121.7,11226.3
81.84,67.9,0.6555,-108,324,314,121.3,11231.7
81.86,67.9,0.6555,-109,323,314,120.8,11231.7
81.88,67.9,0.6556,-109,323,314,120.4,11226.3
81.9,67.8,0.6556,-109,323,314,119.9,11226.3
81.92,67.8,0.6558,-110,324,313,119.4,11219.3
81.94,67.9,0.6558,-110,324,313,118.8,11218.5
81.96,67.9,0.6557,-110,324,314,118.1,11222.4
81.98,67.9,0.6557,-111,324,314,117.5,11222.4
82,67.9,0.6559,-111,324,314,116.8,11215.4
82.02,67.9,0.6559,-111,325,314,116.2,11214.6
82.04,67.9,0.656,-111,325,314,115.5,11210.7
82.06,67.9,0.656,-111,325,315,114.7,11211.5
82.08,67.9,0.6561,-112,326,315,113.9,11207.6
82.1,67.9,0.6561,-112,326,316,112.9,11206.8
82.12,67.9,0.6563,-112,326,316,111.9,11199
82.14,67.9,0.6563,-112,327,316,110.7,11199.8
82.16,67.9,0.6563,-113,327,317,109.7,11197.5
82.18,67.9,0.6563,-113,328,317,108.6,11198.3
82.2,67.9,0.6564,-112,328,317,107.7,11194.4
82.22,67.9,0.6564,-112,329,318,106.8,11194.4
82.24,67.9,0.6567,-112,329,318,106.2,11185
82.26,67.9,0.6567,-112,330,318,105.7,11184.3
82.28,67.9,0.6569,-112,330,318,105.4,11177.3
82.3,67.8,0.6569,-112,331,319,105.2,11177.3
82.32,67.8,0.6572,-112,331,319,105.2,11162.5
82.34,67.8,0.6572,-112,331,319,105.4,11162.5
82.36,67.8,0.6571,-111,332,319,105.6,11167.9
82.38,67.8,0.6571,-111,332,320,105.9,11167.9
82.4,67.8,0.6573,-111,333,320,106.3,11158.6
82.42,67.8,0.6573,-111,333,321,106.8,11158.6
82.44,67.8,0.6574,-111,333,321,107.4,11154.7
82.46,67.8,0.6574,-111,334,321,108,11154.7
82.48,67.8,0.6576,-111,334,322,108.6,11149.3
82.5,67.8,0.6576,-111,334,322,109.3,11149.3
82.52,67.8,0.6576,-111,334,322,110.1,11146.9
82.54,67.8,0.6576,-111,334,323,110.9,11146.9
82.56,67.8,0.6576,-111,334,323,111.8,11146.9
82.58,67.8,0.6576,-112,334,323,112.6,11147.7
82.6,67.8,0.6578,-112,335,324,113.5,11139.9
82.62,67.8,0.6578,-112,335,324,114.4,11139.9
82.64,67.8,0.6577,-112,335,325,115.3,11145.4
82.66,67.8,0.6577,-112,335,325,116.2,11145.4
82.68,67.8,0.6579,-112,335,326,117.1,11138.4
82.7,67.8,0.6579,-112,335,326,118,11137.6
82.72,67.8,0.6579,-112,335,326,118.8,11136.1
82.74,67.8,0.6579,-112,335,327,119.6,11136.1
82.76,67.8,0.6579,-112,336,327,120.4,11138.4
82.78,67.8,0.6579,-112,336,328,121.1,11138.4
82.8,67.8,0.658,-112,336,328,121.7,11134.5
82.82,67.8,0.658,-112,337,329,122.3,11134.5
82.84,67.8,0.6581,-112,337,329,122.9,11127.5
82.86,67.8,0.6581,-112,338,330,123.3,11127.5
82.88,67.8,0.6582,-112,338,330,123.7,11123.6
82.9,67.8,0.6582,-112,339,330,124.1,11123.6
82.92,67.8,0.6583,-112,339,331,124.4,11121.3
82.94,67.8,0.6583,-113,340,331,124.7,11121.3
82.96,67.8,0.6584,-113,340,331,124.9,11117.4
82.98,67.8,0.6584,-113,341,331,125.1,11118.2
83,67.8,0.6583,-113,341,331,125.2,11122.1
83.02,67.8,0.6583,-113,341,331,125.3,11122.1
83.04,67.8,0.6583,-114,341,331,125.3,11122.1
83.06,67.8,0.6583,-114,342,331,125.2,11121.3
83.08,67.8,0.6581,-114,342,331,125.1,11129.1
83.1,67.8,0.6581,-115,342,331,125,11129.1
83.12,67.8,0.6582,-115,342,331,124.8,11125.2
83.14,67.8,0.6582,-115,342,331,124.6,11126
83.16,67.8,0.6583,-116,342,331,124.3,11122.1
83.18,67.8,0.6583,-116,342,331,123.9,11121.3
83.2,67.8,0.6583,-116,342,331,123.6,11121.3
83.22,67.8,0.6583,-117,342,330,123.2,11122.1
83.24,67.8,0.6583,-117,342,330,122.7,11122.1
83.26,67.8,0.6583,-118,342,330,122.3,11122.1
83.28,67.8,0.6583,-118,342,330,121.8,11122.1
83.3,67.8,0.6583,-118,342,330,121.2,11122.1
83.32,67.8,0.6582,-119,342,330,120.6,11123.6
83.34,67.8,0.6582,-119,342,330,120,11124.4
83.36,67.8,0.6581,-119,342,331,119.4,11128.3
83.38,67.8,0.6581,-119,341,331,118.8,11127.5
83.4,67.8,0.6583,-119,341,331,118.3,11119.8
83.42,67.8,0.6583,-119,341,331,117.9,11119.8
83.44,67.8,0.6584,-119,341,331,117.6,11118.2
83.46,67.8,0.6584,-119,341,332,117.5,11118.2
83.48,67.8,0.6585,-119,341,332,117.6,11114.3
83.5,67.8,0.6585,-118,341,333,117.9,11114.3
83.52,67.8,0.6587,-118,341,333,118.5,11105
83.54,67.8,0.6587,-118,341,334,119.4,11105.8
83.56,67.8,0.6589,-118,341,334,120.6,11099.6
83.58,67.8,0.6589,-117,341,334,122,11098.8
83.6,67.8,0.659,-117,341,334,123.6,11095.7
83.62,67.8,0.659,-117,341,334,125.4,11095.7
83.64,67.8,0.6591,-118,341,334,127.3,11091.8
83.66,67.8,0.6591,-118,341,334,129.3,11091.8
83.68,67.8,0.6592,-118,341,334,131.4,11087.9
83.7,67.8,0.6591,-118,341,334,133.7,11088.7
83.72,67.8,0.6592,-118,341,334,136.1,11086.4
83.74,67.8,0.6592,-119,341,334,138.6,11086.4
83.76,67.8,0.6597,-119,341,334,141.2,11067.8
83.78,67.8,0.6597,-119,341,334,143.8,11067
83.8,67.8,0.6599,-119,341,334,146.7,11057.7
83.82,67.8,0.6599,-119,341,335,149.5,11058.5
83.84,67.8,0.6602,-119,341,335,152.4,11049.2
83.86,67.8,0.6602,-119,341,335,155.3,11049.2
83.88,67.8,0.6603,-119,342,335,158.1,11045.3
83.9,67.8,0.6603,-119,342,335,160.9,11045.3
83.92,67.8,0.6604,-119,342,335,163.7,11039.1
83.94,67.8,0.6604,-119,342,335,166.5,11039.1
83.96,67.8,0.6605,-119,342,335,169.2,11037.6
83.98,67.8,0.6604,-119,342,335,171.9,11038.3
84,67.8,0.6605,-120,343,336,174.6,11036
84.02,67.8,0.6605,-120,343,336,177.1,11036
84.04,67.8,0.6605,-120,343,336,179.5,11036
84.06,67.8,0.6605,-120,343,336,178.2,11036
84.08,67.8,0.6605,-120,344,336,176.2,11036
84.1,67.8,0.6605,-120,344,337,174.5,11036
84.12,67.8,0.6606,-120,345,337,173.1,11032.1
84.14,67.8,0.6606,-120,346,338,172.2,11032.1
84.16,67.8,0.6606,-120,346,338,171.6,11030.6
84.18,67.8,0.6607,-120,347,339,171.3,11029.8
84.2,67.8,0.6607,-120,348,339,171.3,11028.3
84.22,67.8,0.6607,-120,349,339,171.2,11028.3
84.24,67.8,0.6608,-120,349,339,170.9,11024.4
84.26,67.8,0.6608,-120,350,340,170.1,11025.2
84.28,67.8,0.6609,-120,350,340,168.8,11019
84.3,67.8,0.6609,-120,351,340,166.9,11019
84.32,67.8,0.6611,-120,351,340,164.5,11013.6
84.34,67.8,0.6611,-120,351,341,161.8,11013.6
84.36,67.8,0.6613,-120,352,341,158.8,11003.5
84.38,67.8,0.6613,-121,352,341,155.5,11003.5
84.4,67.8,0.6612,-121,352,341,152.1,11007.4
84.42,67.8,0.6612,-121,352,341,148.7,11008.1
84.44,67.8,0.6614,-121,352,341,145.2,11002
84.46,67.8,0.6614,-121,353,341,141.9,11002
84.48,67.8,0.6615,-121,353,341,138.7,10998.1
84.5,67.8,0.6615,-120,352,341,135.7,10998.1
84.52,67.8,0.6614,-120,352,341,133,11002
84.54,67.8,0.6614,-120,352,341,130.8,11002
84.56,67.8,0.6613,-119,352,341,128.9,11005.8
84.58,67.8,0.6613,-119,352,341,127.5,11005.8
84.6,67.8,0.6614,-118,352,341,126.5,11002
84.62,67.8,0.6614,-117,352,342,126.1,11002
84.64,67.8,0.6612,-116,352,342,126.2,11008.1
84.66,67.8,0.6612,-116,352,342,126.6,11007.4
84.68,67.8,0.6613,-115,352,342,127.5,11005.8
84.7,67.8,0.6613,-115,353,342,128.6,11005.8
84.72,67.8,0.6614,-114,353,342,130.1,11002
84.74,67.8,0.6614,-114,353,342,131.9,11002.7
84.76,67.8,0.6614,-113,353,342,133.8,11002.7
84.78,67.8,0.6614,-113,354,342,135.9,11002
84.8,67.8,0.6615,-113,354,343,138.1,10998.1
84.82,67.8,0.6615,-113,354,343,140.3,10998.1
84.84,67.8,0.6619,-112,355,343,142.4,10983.4
84.86,67.8,0.6619,-112,355,343,144.3,10983.4
84.88,67.8,0.6619,-113,356,344,146.1,10981.9
84.9,67.8,0.6619,-113,356,344,147.6,10981.9
84.92,67.8,0.6621,-113,356,344,148.9,10975.7
84.94,67.8,0.6621,-113,357,344,149.9,10975.7
84.96,67.8,0.662,-113,357,344,150.6,10978
84.98,67.8,0.662,-113,358,345,151,10978
85,67.8,0.6621,-113,359,345,151.2,10975.7
85.02,67.8,0.6621,-113,359,345,151.1,10975.7
85.04,67.8,0.6619,-113,360,345,150.9,10981.9
85.06,67.8,0.6619,-112,360,346,150.4,10981.9
85.08,67.8,0.6619,-112,361,346,149.9,10983.4
85.1,67.8,0.6619,-112,361,346,149.2,10983.4
85.12,67.8,0.6621,-112,362,346,148.4,10974.1
85.14,67.8,0.6621,-112,362,346,147.6,10974.1
85.16,67.8,0.6621,-112,363,347,146.8,10975.7
85.18,67.8,0.662,-112,363,347,146,10976.4
85.2,67.8,0.6621,-112,363,347,145.2,10974.1
85.22,67.8,0.6621,-112,363,347,144.4,10974.1
85.24,67.8,0.6622,-112,364,347,143.7,10970.3
85.26,67.8,0.6622,-111,364,347,143,10970.3
85.28,67.8,0.6621,-111,364,347,142.4,10974.1
85.3,67.8,0.6621,-111,364,347,141.9,10974.1
85.32,67.8,0.662,-111,364,347,141.5,10978
85.34,67.8,0.662,-111,364,347,141.3,10978
85.36,67.8,0.662,-110,364,347,141.3,10979.5
85.38,67.8,0.6619,-110,364,347,141.4,10980.3
85.4,67.8,0.662,-110,364,347,141.9,10976.4
85.42,67.8,0.662,-109,364,346,142.5,10976.4
85.44,67.8,0.6625,-109,364,346,143.4,10957.9
85.46,67.8,0.6625,-109,364,346,144.6,10957.1
85.48,67.8,0.6626,-108,363,346,146.1,10953.3
85.5,67.8,0.6626,-108,363,346,147.7,10953.3
85.52,67.8,0.6627,-108,363,346,149.6,10951.7
85.54,67.8,0.6627,-108,362,346,151.6,10951.7
85.56,67.8,0.6628,-107,362,346,153.9,10946.3
85.58,67.8,0.6628,-107,362,346,156.2,10945.5
85.6,67.8,0.663,-107,362,346,158.5,10940.1
85.62,67.8,0.663,-107,361,346,160.7,10940.9
85.64,67.8,0.6631,-107,361,346,162.7,10934.7
85.66,67.8,0.6631,-106,361,346,164.3,10934.7
85.68,67.8,0.6631,-106,361,346,165.2,10936.3
85.7,67.8,0.6631,-106,360,346,165.2,10936.3
85.72,67.8,0.6633,-106,360,346,164.3,10927
85.74,67.8,0.6633,-106,360,346,162.7,10927
85.76,67.8,0.6631,-106,360,346,160.6,10934.7
85.78,67.8,0.6631,-106,360,346,158.2,10934.7
85.8,67.8,0.6631,-106,360,346,155.5,10936.3
85.82,67.8,0.6631,-106,360,346,152.8,10936.3
85.84,67.8,0.6631,-105,360,346,150.2,10936.3
85.86,67.8,0.6631,-106,360,346,147.5,10936.3
85.88,67.8,0.6633,-105,360,346,144.9,10928.6
85.9,67.8,0.6633,-106,360,346,142.4,10929.3
85.92,67.8,0.6636,-106,361,346,140,10914.7
85.94,67.8,0.6637,-106,361,347,137.8,10913.9
85.96,67.8,0.6634,-106,361,347,135.6,10923.2
85.98,67.8,0.6634,-106,361,347,133.6,10923.2
86,67.8,0.6636,-106,361,347,131.7,10917.8
86.02,67.8,0.6636,-106,361,347,130,10917.8
86.04,67.8,0.6634,-106,361,347,128.3,10923.9
86.06,67.8,0.6634,-106,361,347,126.8,10923.2
86.08,67.8,0.6637,-107,361,347,125.4,10913.9
86.1,67.8,0.6637,-107,362,347,124.1,10913.9
86.12,67.8,0.6638,-107,362,347,122.8,10910
86.14,67.8,0.6637,-107,362,348,121.6,10910.8
86.16,67.8,0.6639,-108,362,348,120.4,10903.1
86.18,67.8,0.6639,-108,362,348,119.3,10903.1
86.2,67.8,0.664,-108,362,348,118.3,10899.3
86.22,67.8,0.6641,-109,362,348,117.3,10898.5
86.24,67.8,0.6641,-109,362,348,116.4,10896.9
86.26,67.8,0.6641,-109,362,348,115.5,10896.9
86.28,67.8,0.6642,-110,363,348,114.6,10893.1
86.3,67.8,0.6642,-110,363,348,113.7,10893.9
86.32,67.8,0.6641,-110,363,349,112.9,10895.4
86.34,67.8,0.6641,-111,363,349,112.1,10895.4
86.36,67.8,0.664,-111,363,349,111.4,10899.3
86.38,67.8,0.664,-111,363,349,110.8,10899.3
86.4,67.8,0.6641,-111,363,349,110.2,10895.4
86.42,67.8,0.6641,-112,363,349,109.6,10895.4
86.44,67.8,0.6642,-112,364,349,109.1,10891.5
86.46,67.8,0.6642,-112,364,349,108.7,10891.5
86.48,67.8,0.6643,-112,364,349,108.3,10890
86.5,67.8,0.6643,-113,364,349,108,10890
86.52,67.8,0.6643,-113,364,349,107.8,10890
86.54,67.8,0.6643,-113,364,349,107.6,10890
86.56,67.8,0.6644,-113,364,349,107.5,10883.8
86.58,67.8,0.6644,-113,364,349,107.5,10883.8
86.6,67.8,0.6646,-114,364,349,107.5,10878.4
86.62,67.8,0.6646,-114,365,349,107.6,10878.4
86.64,67.8,0.6645,-114,365,349,107.7,10880
86.66,67.8,0.6645,-114,365,349,107.9,10880
86.68,67.8,0.6647,-114,365,349,108.1,10873.8
86.7,67.8,0.6647,-114,365,349,108.5,10874.6
86.72,67.8,0.6646,-115,365,349,109,10878.4
86.74,67.8,0.6646,-115,365,349,109.6,10877.7
86.76,67.8,0.6648,-115,365,349,110.3,10870.7
86.78,67.8,0.6648,-115,366,350,111.1,10870.7
86.8,67.8,0.6648,-115,366,350,112.1,10868.4
86.82,67.8,0.6648,-115,366,350,113.3,10868.4
86.84,67.8,0.665,-115,366,350,114.6,10863
86.86,67.8,0.665,-115,366,350,116.2,10863
86.88,67.8,0.665,-115,366,349,117.9,10861.5
86.9,67.8,0.665,-115,366,349,119.9,10861.5
86.92,67.8,0.6652,-115,366,349,122.1,10853.8
86.94,67.8,0.6652,-115,366,348,124.5,10853.8
86.96,67.8,0.6654,-115,366,348,127.1,10848.4
86.98,67.8,0.6654,-115,366,347,129.8,10848.4
87,67.8,0.6652,-115,366,347,132.5,10853.8
87.02,67.8,0.6652,-115,366,347,135,10853.8
87.04,67.8,0.6653,-116,365,347,137.3,10852.3
87.06,67.8,0.6653,-116,365,347,139.2,10851.5
87.08,67.8,0.6652,-116,365,347,140.7,10855.3
87.1,67.8,0.6652,-116,365,347,141.8,10855.3
87.12,67.8,0.6654,-116,365,347,142.4,10846.1
87.14,67.8,0.6654,-117,364,348,142.7,10846.1
87.16,67.8,0.6653,-117,364,348,142.6,10851.5
87.18,67.8,0.6653,-117,364,349,142.3,10851.5
87.2,67.8,0.6651,-117,363,349,141.8,10859.2
87.22,67.8,0.6651,-117,362,350,141.3,10859.2
87.24,67.8,0.6655,-116,362,351,140.7,10842.3
87.26,67.8,0.6655,-116,361,352,140.2,10842.3
87.28,67.8,0.6655,-116,360,352,139.9,10844.6
87.3,67.8,0.6655,-116,360,353,139.6,10844.6
87.32,67.8,0.6654,-116,359,354,139.4,10848.4
87.34,67.8,0.6654,-116,358,355,139.3,10847.6
87.36,67.8,0.6656,-116,358,356,139.3,10840.7
87.38,67.8,0.6656,-116,357,357,139.1,10840.7
87.4,67.8,0.6657,-116,357,358,138.8,10836.9
87.42,67.8,0.6657,-116,357,359,138.2,10836.9
87.44,67.8,0.6658,-116,357,360,137.3,10830.7
87.46,67.8,0.6658,-117,357,361,136,10831.5
87.48,67.8,0.666,-117,357,362,134.2,10825.3
87.5,67.8,0.666,-117,358,362,132,10825.3
87.52,67.8,0.666,-118,359,363,129.3,10822.2
87.54,67.8,0.6661,-119,359,363,126.2,10821.5
87.56,67.8,0.666,-119,360,363,122.8,10823.8
87.58,67.8,0.666,-119,361,363,119.2,10823.8
87.6,67.8,0.6661,-120,361,363,115.4,10818.4
87.62,67.8,0.6662,-120,362,363,111.6,10817.6
87.64,67.8,0.666,-120,363,362,107.8,10823.8
87.66,67.8,0.666,-120,363,362,104.1,10823.8
87.68,67.8,0.6661,-120,364,361,100.5,10821.5
87.7,67.8,0.6661,-120,364,361,97.1,10821.5
87.72,67.8,0.6661,-120,364,360,94,10819.9
87.74,67.8,0.6661,-120,364,360,91.1,10819.9
87.76,67.8,0.6659,-120,364,360,88.5,10829.2
87.78,67.8,0.6659,-119,363,359,86.2,10829.2
87.8,67.8,0.666,-119,363,359,84.3,10823.8
87.82,67.8,0.666,-119,363,359,82.7,10823.8
87.84,67.8,0.6662,-119,362,359,81.5,10817.6
87.86,67.8,0.6661,-118,362,359,80.8,10818.4
87.88,67.8,0.6662,-118,361,360,80.4,10814.6
87.9,67.8,0.6662,-118,361,360,80.5,10814.6
87.92,67.8,0.6662,-118,360,360,81,10814.6
87.94,67.8,0.6662,-117,360,361,81.9,10814.6
87.96,67.8,0.6666,-117,360,361,83.2,10799.2
87.98,67.8,0.6666,-117,359,361,84.8,10799.2
88,67.8,0.6669,-116,359,362,86.8,10790
88.02,67.8,0.6669,-116,359,362,89,10790
88.04,67.8,0.6668,-116,359,362,91.5,10791.5
88.06,67.8,0.6668,-116,359,362,94.2,10792.3
88.08,67.8,0.6671,-116,359,362,97.2,10780.7
88.1,67.8,0.6671,-116,359,362,100.2,10780.7
88.12,67.8,0.6671,-116,358,361,103.5,10780.7
88.14,67.8,0.6671,-116,358,361,106.8,10780.7
88.16,67.8,0.6676,-116,358,361,110.2,10763.8
88.18,67.8,0.6676,-116,358,361,113.7,10763.8
88.2,67.8,0.6674,-116,358,361,117.3,10770
88.22,67.8,0.6674,-117,358,361,121,10770
88.24,67.8,0.6674,-117,357,361,124.7,10770
88.26,67.8,0.6674,-117,357,361,128.5,10769.2
88.28,67.8,0.6678,-117,357,361,132.2,10753.1
88.3,67.8,0.6678,-118,357,361,136,10753.1
88.32,67.8,0.6681,-118,357,361,139.5,10743.9
88.34,67.8,0.6681,-119,357,361,142.9,10743.9
88.36,67.8,0.6683,-119,357,361,145.9,10736.2
88.38,67.8,0.6683,-120,357,362,148.5,10736.2
88.4,67.8,0.6686,-121,357,362,150.8,10724.7
88.42,67.8,0.6686,-121,358,362,152.5,10724.7
88.44,67.8,0.6682,-122,358,363,153.8,10737.8
88.46,67.8,0.6682,-122,359,363,154.7,10738.5
88.48,67.8,0.6684,-122,360,364,155.2,10730.9
88.5,67.8,0.6684,-122,360,365,155.6,10730.9
88.52,67.8,0.6687,-122,361,366,155.7,10720.9
88.54,67.8,0.6687,-122,361,367,155.8,10720.9
88.56,67.8,0.6689,-122,362,368,155.7,10714
88.58,67.8,0.6689,-122,362,369,155.5,10714
88.6,67.8,0.6688,-122,362,370,155.1,10717.8
88.62,67.7,0.6688,-122,363,371,154.3,10717.8
88.64,67.7,0.6688,-121,363,372,153.3,10717.8
88.66,67.8,0.6688,-121,363,373,151.9,10717.8
88.68,67.8,0.6689,-121,363,373,150.2,10714
88.7,67.8,0.6689,-121,363,374,148.2,10714
88.72,67.8,0.6688,-121,363,374,145.9,10715.5
88.74,67.8,0.6688,-121,363,375,143.5,10715.5
88.76,67.8,0.6689,-121,363,375,141,10711.7
88.78,67.8,0.6689,-121,363,375,138.5,10712.5
88.8,67.8,0.6688,-120,363,375,136.2,10715.5
88.82,67.8,0.6688,-120,363,375,134,10715.5
88.84,67.8,0.669,-120,362,375,132,10708.6
88.86,67.7,0.669,-119,362,375,130.3,10708.6
88.88,67.7,0.669,-119,362,376,128.9,10708.6
88.9,67.7,0.669,-118,362,376,127.8,10708.6
88.92,67.7,0.6689,-118,362,376,127.1,10712.5
88.94,67.7,0.6689,-117,361,376,126.6,10712.5
88.96,67.7,0.6687,-117,361,376,126.5,10721.7
88.98,67.7,0.6687,-116,361,376,126.7,10721.7
89,67.7,0.6686,-116,361,377,127.1,10723.2
89.02,67.7,0.6686,-116,361,377,127.8,10723.2
89.04,67.7,0.6688,-115,361,377,128.6,10716.3
89.06,67.8,0.6688,-115,361,377,129.7,10715.5
89.08,67.8,0.6688,-115,361,378,130.8,10717.8
89.1,67.7,0.6688,-114,361,378,132.1,10717.8
89.12,67.7,0.669,-114,361,378,133.4,10710.2
89.14,67.7,0.6689,-114,361,379,134.7,10710.9
89.16,67.7,0.6691,-114,362,379,136,10704.8
89.18,67.7,0.6691,-114,362,380,137.3,10705.6
89.2,67.7,0.6693,-114,362,380,138.4,10696.4
89.22,67.7,0.6693,-114,363,381,139.6,10695.6
89.24,67.7,0.6692,-114,363,382,140.6,10699.4
89.26,67.7,0.6692,-114,364,382,141.5,10699.4
89.28,67.7,0.6695,-114,364,383,142.4,10690.2
89.3,67.7,0.6695,-114,365,384,143.1,10690.2
89.32,67.7,0.6697,-114,366,385,143.6,10682.6
89.34,67.7,0.6697,-114,367,386,143.9,10683.3
89.36,67.7,0.67,-114,368,387,143.8,10670.3
89.38,67.7,0.67,-114,369,388,143.4,10670.3
89.4,67.7,0.6699,-115,370,388,142.5,10675.7
89.42,67.7,0.6699,-115,371,389,141.1,10675.7
89.44,67.7,0.6701,-115,372,389,139.2,10665.7
89.46,67.7,0.6701,-116,372,390,136.8,10666.5
89.48,67.7,0.6702,-116,373,390,134.1,10662.7
89.5,67.7,0.6702,-116,373,390,131,10662.7
89.52,67.7,0.6703,-116,374,391,127.7,10658.8
89.54,67.7,0.6703,-116,374,391,124.3,10658.8
89.56,67.7,0.6701,-116,374,391,120.8,10666.5
89.58,67.7,0.6701,-116,374,391,117.4,10666.5
89.6,67.7,0.67,-116,374,392,114.2,10671.9
89.62,67.7,0.67,-116,375,392,111.3,10671.9
89.64,67.7,0.67,-115,375,392,108.8,10669.6
89.66,67.7,0.67,-115,375,393,106.6,10670.3
89.68,67.7,0.6703,-114,375,393,104.9,10660.4
89.7,67.7,0.6702,-113,375,394,103.7,10661.1
89.72,67.7,0.6707,-113,376,394,102.9,10642
89.74,67.7,0.6707,-112,376,394,102.6,10642
89.76,67.7,0.6708,-112,376,395,102.7,10638.2
89.78,67.7,0.6708,-112,376,395,103.1,10638.2
89.8,67.7,0.6708,-111,377,395,104,10640.5
89.82,67.7,0.6708,-111,377,396,105.2,10639.7
89.84,67.7,0.6709,-110,377,396,106.8,10634.4
89.86,67.7,0.6709,-110,377,396,108.7,10634.4
89.88,67.7,0.671,-110,378,396,110.9,10630.6
89.9,67.7,0.671,-110,378,397,113.2,10630.6
89.92,67.7,0.6712,-110,378,397,115.7,10625.2
89.94,67.7,0.6712,-110,378,397,118.4,10625.2
89.96,67.7,0.6712,-111,378,397,121,10625.2
89.98,67.7,0.6712,-111,378,397,123.6,10625.2
90,67.7,0.6714,-111,378,397,126.2,10617.6
90.02,67.7,0.6714,-112,378,397,128.7,10617.6
90.04,67.7,0.6715,-113,378,398,131.1,10612.2
90.06,67.7,0.6715,-113,378,398,133.4,10612.2
90.08,67.7,0.6714,-114,378,398,135.6,10617.6
90.1,67.7,0.6714,-114,378,398,137.8,10618.3
90.12,67.7,0.6715,-115,378,398,139.8,10613
90.14,67.7,0.6715,-116,378,398,141.7,10612.2
90.16,67.7,0.6718,-116,378,398,143.6,10600.8
90.18,67.7,0.6718,-117,378,398,145.3,10600.8
90.2,67.7,0.6718,-117,378,398,146.9,10603
90.22,67.7,0.6718,-118,379,399,148.3,10603
90.24,67.7,0.6717,-119,379,399,149.6,10606.9
90.26,67.7,0.6717,-119,379,399,150.6,10606.1
90.28,67.7,0.6719,-120,380,399,151.5,10599.2
90.3,67.7,0.6719,-120,380,399,152.3,10599.2
90.32,67.7,0.6721,-121,380,399,152.8,10591.6
90.34,67.7,0.6721,-121,380,399,153.3,10591.6
90.36,67.7,0.6722,-122,380,399,153.6,10584.7
90.38,67.7,0.6723,-122,381,399,153.9,10584
90.4,67.7,0.6722,-123,381,399,154.1,10587.8
90.42,67.7,0.6721,-124,381,399,154.2,10588.5
90.44,67.7,0.6723,-124,381,399,154.2,10582.4
90.46,67.7,0.6723,-125,381,399,154.1,10582.4
90.48,67.7,0.6724,-125,381,399,154,10578.6
90.5,67.7,0.6724,-126,381,399,153.8,10578.6
90.52,67.7,0.6725,-126,381,399,153.6,10573.3
90.54,67.7,0.6725,-127,381,399,153.3,10573.3
90.56,67.7,0.6726,-127,381,399,152.9,10571
90.58,67.7,0.6726,-128,382,399,152.5,10571
90.6,67.7,0.6727,-128,382,399,152,10567.2
90.62,67.7,0.6727,-129,382,399,151.5,10567.2
90.64,67.7,0.6726,-129,382,399,151,10571
90.66,67.7,0.6726,-130,382,399,150.4,10571
90.68,67.7,0.6726,-131,382,399,149.8,10569.5
90.7,67.7,0.6726,-131,382,399,149.1,10569.5
90.72,67.7,0.6727,-132,382,399,148.5,10567.2
90.74,67.7,0.6727,-132,382,399,147.8,10567.2
90.76,67.7,0.6727,-133,382,399,147.2,10567.2
90.78,67.7,0.6727,-133,381,400,146.5,10567.2
90.8,67.7,0.6727,-134,381,400,145.8,10567.2
90.82,67.7,0.6727,-134,381,400,145.1,10567.2
90.84,67.7,0.6728,-135,381,400,144.4,10561.8
90.86,67.7,0.6728,-135,381,400,143.6,10561.8
90.88,67.7,0.6727,-135,381,400,142.9,10567.9
90.9,67.7,0.6727,-136,381,400,142.2,10567.2
90.92,67.7,0.6727,-136,381,400,141.5,10565.6
90.94,67.7,0.6727,-136,381,400,140.8,10565.6
90.96,67.7,0.6727,-136,381,400,140.2,10567.2
90.98,67.7,0.6727,-137,381,400,139.5,10567.2
91,67.7,0.6728,-137,382,400,138.8,10563.3
91.02,67.7,0.6728,-137,382,400,138,10563.3
91.04,67.7,0.6726,-137,383,400,137.2,10571
91.06,67.7,0.6726,-137,383,400,136.1,10571
91.08,67.7,0.6726,-137,384,400,134.7,10571
91.1,67.7,0.6726,-137,385,401,133.2,10571
91.12,67.7,0.6724,-137,386,401,131.4,10577.1
91.14,67.7,0.6725,-137,386,401,129.5,10576.3
91.16,67.7,0.6728,-136,387,402,127.6,10563.3
91.18,67.7,0.6728,-136,387,402,125.7,10563.3
91.2,67.7,0.6725,-135,388,402,123.9,10574.8
91.22,67.7,0.6725,-135,388,402,122.2,10574.8
91.24,67.7,0.6721,-135,388,403,120.6,10591.6
91.26,67.7,0.6721,-134,389,403,119.2,10591.6
91.28,67.7,0.6724,-134,389,402,118,10578.6
91.3,67.7,0.6724,-133,390,402,117,10578.6
91.32,67.7,0.6724,-133,390,402,116.3,10580.1
91.34,67.7,0.6724,-132,391,402,115.9,10580.1
91.36,67.7,0.6729,-131,391,402,115.9,10558
91.38,67.7,0.6729,-130,391,402,116.5,10558
91.4,67.7,0.6729,-129,392,402,117.4,10558
91.42,67.7,0.6729,-128,392,402,118.9,10558.8
91.44,67.7,0.6729,-127,392,401,121,10558.8
91.46,67.7,0.6729,-126,392,401,123.7,10558
91.48,67.7,0.6735,-125,392,401,126.9,10537.4
91.5,67.8,0.6735,-125,391,400,130.5,10537.4
91.52,67.8,0.6735,-124,391,400,134.6,10537.4
91.54,67.7,0.6735,-123,390,400,138.8,10537.4
91.56,67.7,0.6739,-123,390,400,142.9,10522.9
91.58,67.7,0.6739,-124,389,401,146.9,10522.9
91.6,67.7,0.674,-124,389,401,150.3,10516.8
91.62,67.7,0.674,-125,389,402,153,10516.8
91.64,67.7,0.6741,-125,389,402,154.8,10515.3
91.66,67.7,0.6741,-126,389,403,155.6,10515.3
91.68,67.7,0.6741,-126,390,404,155.4,10512.3
91.7,67.7,0.6741,-126,391,404,154.5,10512.3
91.72,67.7,0.6741,-126,391,405,153.3,10513.8
91.74,67.7,0.6741,-126,393,405,152.2,10513.8
91.76,67.7,0.6744,-126,393,406,151.2,10502.4
91.78,67.7,0.6744,-126,395,406,150.6,10502.4
91.8,67.7,0.6743,-126,395,407,150.4,10504.7
91.82,67.7,0.6743,-125,396,407,150.6,10504.7
91.84,67.7,0.6743,-125,397,407,151.2,10504.7
91.86,67.7,0.6743,-125,398,408,152.3,10504.7
91.88,67.7,0.6745,-125,399,408,153.8,10498.6
91.9,67.7,0.6745,-125,400,408,155.7,10498.6
91.92,67.7,0.6746,-125,400,409,158,10493.2
91.94,67.7,0.6746,-125,401,409,160.5,10493.2
91.96,67.7,0.6749,-125,402,409,163.5,10484.1
91.98,67.7,0.6749,-125,403,409,166.7,10484.1
92,67.7,0.6752,-126,403,410,170.3,10471.2
92.02,67.7,0.6752,-126,404,410,173.9,10471.2
92.04,67.7,0.6753,-126,404,410,176,10467.4
92.06,67.7,0.6753,-127,405,410,173.8,10467.4
92.08,67.7,0.6754,-127,405,410,169.6,10465.1
92.1,67.7,0.6754,-127,405,410,164.9,10465.1
92.12,67.7,0.6753,-127,405,410,160,10467.4
92.14,67.7,0.6753,-127,406,410,155.1,10467.4
92.16,67.7,0.6753,-127,406,410,150.3,10467.4
92.18,67.7,0.6753,-127,405,410,145.6,10467.4
92.2,67.7,0.6754,-127,405,410,141.2,10463.6
92.22,67.7,0.6754,-127,405,410,137.2,10463.6
92.24,67.7,0.6754,-126,405,409,133.7,10465.1
92.26,67.7,0.6754,-125,404,409,130.8,10465.1
92.28,67.7,0.6752,-124,404,408,128.7,10472.7
92.3,67.7,0.6752,-122,404,407,127.6,10472.7
92.32,67.7,0.6756,-121,403,406,127.5,10458.3
92.34,67.7,0.6756,-119,403,406,128.5,10458.3
92.36,67.7,0.6757,-118,402,405,130.6,10454.4
92.38,67.7,0.6757,-117,401,404,133.5,10454.4
92.4,67.7,0.6757,-116,400,404,137.3,10454.4
92.42,67.7,0.6757,-115,398,404,141.6,10454.4
92.44,67.7,0.6758,-115,398,404,146.1,10450.6
92.46,67.7,0.6757,-116,397,405,150.5,10451.4
92.48,67.7,0.6758,-116,396,405,154.3,10447.6
92.5,67.7,0.6758,-117,396,406,156.8,10447.6
92.52,67.7,0.6758,-117,396,406,157.5,10449.1
92.54,67.7,0.6758,-117,396,407,156.3,10449.1
92.56,67.7,0.6759,-117,397,408,153.7,10445.3
92.58,67.7,0.6759,-117,398,409,150.3,10445.3
92.6,67.7,0.6758,-117,399,410,146.8,10449.1
92.62,67.7,0.6758,-116,400,410,143.4,10449.1
92.64,67.7,0.6761,-115,401,411,140.5,10438.5
92.66,67.7,0.6761,-114,402,411,138.2,10438.5
92.68,67.7,0.6762,-113,402,411,136.5,10432.4
92.7,67.7,0.6762,-112,403,411,135.6,10432.4
92.72,67.7,0.6764,-111,404,411,135.5,10427.1
92.74,67.7,0.6764,-111,405,411,136.1,10427.1
92.76,67.7,0.6765,-110,405,411,137.3,10423.3
92.78,67.7,0.6765,-109,406,411,139.2,10423.3
92.8,67.7,0.6765,-109,406,411,141.6,10423.3
92.82,67.7,0.6765,-109,407,411,144.4,10423.3
92.84,67.7,0.6767,-108,407,411,147.5,10414.2
92.86,67.7,0.6767,-108,407,411,150.8,10414.2
92.88,67.7,0.6768,-108,408,411,154.3,10411.9
92.9,67.7,0.6768,-108,408,411,157.7,10411.9
92.92,67.7,0.6771,-108,408,411,161.1,10401.3
92.94,67.7,0.6771,-109,407,410,164.4,10401.3
92.96,67.7,0.6771,-109,407,410,167.3,10399
92.98,67.7,0.6771,-109,407,410,169.6,10399
93,67.7,0.6773,-109,406,410,171.3,10392.2
93.02,67.7,0.6773,-109,406,410,172.2,10392.2
93.04,67.7,0.6773,-109,405,409,172.4,10392.2
93.06,67.7,0.6773,-109,405,409,172.3,10392.2
93.08,67.7,0.6773,-109,404,409,172.1,10390.7
93.1,67.7,0.6774,-109,403,409,172,10389.9
93.12,67.7,0.6774,-109,403,409,172,10388.4
93.14,67.7,0.6774,-109,402,409,172.3,10388.4
93.16,67.7,0.6773,-109,401,409,172.7,10390.7
93.18,67.7,0.6773,-110,401,409,172.9,10390.7
93.2,67.7,0.6773,-110,400,409,172.7,10390.7
93.22,67.7,0.6773,-110,400,409,172,10390.7
93.24,67.7,0.6774,-111,399,409,170.6,10386.9
93.26,67.7,0.6774,-111,399,409,168.7,10386.9
93.28,67.7,0.6775,-112,399,409,166.6,10384.6
93.3,67.7,0.6775,-112,399,409,164.2,10384.6
93.32,67.7,0.6776,-113,399,410,161.8,10380.8
93.34,67.7,0.6776,-114,399,410,159.2,10380.8
93.36,67.7,0.6774,-114,399,410,156.5,10388.4
93.38,67.7,0.6774,-115,399,410,153.8,10388.4
93.4,67.7,0.6772,-116,399,410,151,10394.4
93.42,67.7,0.6772,-117,399,410,148.3,10394.4
93.44,67.7,0.6771,-117,399,410,145.5,10401.3
93.46,67.7,0.6771,-118,400,410,142.7,10401.3
93.48,67.7,0.6772,-119,400,410,139.9,10394.4
93.5,67.7,0.6773,-120,400,411,137,10393.7
93.52,67.7,0.6769,-120,400,411,134.2,10406.6
93.54,67.7,0.6769,-121,400,411,131.3,10407.4
93.56,67.7,0.6767,-122,401,411,128.5,10414.2
93.58,67.7,0.6767,-122,401,412,125.7,10414.2
93.6,67.7,0.6768,-123,401,412,122.9,10412.7
93.62,67.7,0.6768,-123,402,412,120.2,10412.7
93.64,67.7,0.6774,-123,402,413,117.5,10388.4
93.66,67.7,0.6774,-124,402,413,114.8,10388.4
93.68,67.7,0.677,-124,403,413,112.2,10405.1
93.7,67.7,0.677,-125,403,414,109.6,10405.1
93.72,67.7,0.6775,-125,403,414,107,10384.6
93.74,67.7,0.6775,-125,404,414,104.4,10385.3
93.76,67.7,0.6778,-126,404,415,101.9,10374
93.78,67.7,0.6778,-126,404,415,99.5,10374
93.8,67.7,0.6775,-126,404,415,97.2,10384.6
93.82,67.7,0.6775,-126,404,416,95,10385.3
93.84,67.7,0.6777,-126,404,416,93,10377.8
93.86,67.7,0.6777,-126,405,416,91.3,10377.8
93.88,67.7,0.6781,-126,405,417,89.9,10363.4
93.9,67.7,0.6781,-125,405,417,88.9,10362.6
93.92,67.7,0.6781,-125,404,418,88.4,10361.1
93.94,67.7,0.6781,-124,404,418,88.5,10361.1
93.96,67.7,0.678,-123,404,418,89.4,10364.9
93.98,67.7,0.678,-122,404,419,91,10364.9
94,67.7,0.6783,-121,404,419,93.5,10355.8
94.02,67.7,0.6783,-120,404,420,96.9,10355.8
94.04,67.7,0.678,-119,404,420,101.2,10366.4
94.06,67.7,0.678,-118,404,420,106.3,10366.4
94.08,67.7,0.6781,-118,405,420,112.1,10361.1
94.1,67.7,0.6781,-117,405,420,118.5,10361.1
94.12,67.7,0.6786,-117,406,420,125.4,10344.4
94.14,67.7,0.6786,-117,406,419,132.5,10344.4
94.16,67.7,0.6787,-117,406,419,139.8,10339.1
94.18,67.7,0.6787,-118,406,419,146.9,10338.3
94.2,67.7,0.679,-118,406,419,153.6,10327.7
94.22,67.7,0.679,-119,405,419,159.8,10327.7
94.24,67.7,0.6792,-120,403,419,165.1,10318.7
94.26,67.7,0.6792,-121,402,420,169.7,10318.7
94.28,67.7,0.6792,-121,401,420,173.3,10318.7
94.3,67.7,0.6792,-121,399,421,175.8,10318.7
94.32,67.7,0.6794,-122,398,421,177.2,10313.4
94.34,67.7,0.6794,-122,396,422,178,10312.6
94.36,67.7,0.6793,-122,395,423,178.9,10316.4
94.38,67.7,0.6793,-122,394,424,179.6,10316.4
94.4,67.7,0.6793,-123,393,424,177.7,10316.4
94.42,67.7,0.6793,-123,392,426,175,10316.4
94.44,67.7,0.6793,-123,391,427,171.6,10314.9
94.46,67.7,0.6793,-124,390,428,167.4,10315.6
94.48,67.7,0.6792,-125,390,430,162.4,10319.4
94.5,67.7,0.6792,-125,390,431,156.8,10318.7
94.52,67.7,0.679,-126,390,432,150.6,10326.2
94.54,67.7,0.679,-127,390,433,144.1,10326.2
94.56,67.7,0.6787,-127,391,433,137.3,10339.1
94.58,67.7,0.6787,-128,392,434,130.4,10339.1
94.6,67.7,0.6789,-127,393,434,123.7,10333
94.62,67.7,0.6789,-127,394,434,117.2,10333
94.64,67.7,0.679,-126,394,434,111.2,10327.7
94.66,67.7,0.679,-126,395,434,105.5,10327.7
94.68,67.7,0.6794,-125,396,435,100.4,10311.1
94.7,67.7,0.6794,-124,396,435,95.9,10311.1
94.72,67.7,0.6796,-123,397,435,92.2,10305.8
94.74,67.7,0.6796,-122,397,436,89.3,10305.8
94.76,67.7,0.6801,-121,397,436,87.2,10287.6
94.78,67.7,0.6801,-121,398,436,86,10287.6
94.8,67.7,0.6805,-120,398,436,85.5,10271
94.82,67.7,0.6805,-120,398,436,85.5,10271
94.84,67.7,0.6807,-120,398,436,85.9,10263.4
94.86,67.7,0.6807,-120,398,436,86.7,10263.4
94.88,67.7,0.6807,-120,398,436,87.6,10263.4
94.9,67.7,0.6807,-120,398,435,88.7,10263.4
94.92,67.7,0.6806,-120,398,435,90,10265.7
94.94,67.7,0.6806,-121,398,435,91.3,10265.7
94.96,67.7,0.6807,-121,397,435,92.6,10263.4
94.98,67.7,0.6807,-121,397,434,94,10263.4
95,67.7,0.6807,-121,397,434,95.5,10261.9
95.02,67.7,0.6807,-121,396,434,97,10261.9
95.04,67.7,0.6806,-122,396,434,98.5,10265.7
95.06,67.7,0.6806,-122,395,435,100.2,10265.7
95.08,67.7,0.6807,-122,395,435,101.9,10261.9
95.1,67.7,0.6807,-122,394,435,103.8,10261.9
95.12,67.7,0.6807,-122,394,436,105.9,10261.9
95.14,67.7,0.6807,-122,393,436,108.1,10261.9
95.16,67.7,0.6809,-122,393,437,110.5,10256.6
95.18,67.7,0.6809,-122,392,437,113.2,10256.6
95.2,67.7,0.6812,-122,392,437,116.1,10243.8
95.22,67.7,0.6812,-122,391,438,119.4,10243.8
95.24,67.7,0.6813,-122,391,438,122.9,10242.3
95.26,67.7,0.6813,-123,390,438,126.6,10242.3
95.28,67.7,0.6813,-123,390,438,130.5,10242.3
95.3,67.7,0.6813,-124,390,438,134.5,10242.3
95.32,67.7,0.6814,-124,389,439,138.6,10238.5
95.34,67.7,0.6814,-125,389,439,142.8,10238.5
95.36,67.7,0.6814,-126,389,439,146.9,10237
95.38,67.7,0.6814,-127,388,439,151.1,10237
95.4,67.7,0.6815,-128,388,439,155.1,10233.2
95.42,67.7,0.6815,-128,388,439,159,10234
95.44,67.7,0.6817,-129,388,440,162.6,10226.4
95.46,67.7,0.6817,-130,388,440,165.5,10225.7
95.48,67.7,0.6816,-131,388,441,167.5,10228
95.5,67.7,0.6816,-131,389,441,167.9,10228
95.52,67.7,0.6813,-132,389,442,166.7,10239.3
95.54,67.7,0.6813,-132,389,443,164.3,10239.3
95.56,67.7,0.6813,-133,390,444,161.2,10240.8
95.58,67.7,0.6813,-133,390,445,157.9,10240.8
95.6,67.7,0.681,-133,391,446,154.5,10253.6
95.62,67.7,0.681,-134,392,447,151.3,10253.6
95.64,67.7,0.6808,-134,393,448,148.1,10258.9
95.66,67.7,0.6808,-134,393,449,145,10259.7
95.68,67.7,0.6808,-134,394,449,142.1,10261.2
95.7,67.7,0.6808,-134,395,450,139.2,10261.2
95.72,67.7,0.6805,-134,396,450,136.4,10270.2
95.74,67.7,0.6805,-134,397,451,133.7,10270.2
95.76,67.7,0.6809,-134,398,451,131.2,10255.9
95.78,67.7,0.6809,-133,399,452,128.8,10255.9
95.8,67.7,0.6814,-133,400,452,126.5,10237.8
95.82,67.7,0.6814,-133,401,453,124.4,10237
95.84,67.7,0.6816,-132,402,453,122.4,10228
95.86,67.7,0.6816,-132,403,453,120.5,10228
95.88,67.7,0.6819,-131,404,453,118.8,10216.6
95.9,67.7,0.6819,-131,404,453,117.1,10217.4
95.92,67.7,0.6822,-131,405,453,115.5,10208.3
95.94,67.7,0.6822,-130,405,452,114.2,10208.3
95.96,67.7,0.6823,-129,405,452,113.1,10202.3
95.98,67.7,0.6823,-129,405,452,112.2,10202.3
96,67.7,0.6825,-128,404,452,111.6,10195.5
96.02,67.7,0.6825,-127,404,453,111.4,10195.5
96.04,67.7,0.6823,-126,403,453,111.4,10204.6
96.06,67.7,0.6823,-126,403,454,111.7,10204.6
96.08,67.7,0.6822,-125,402,455,112.3,10208.3
96.1,67.6,0.6822,-125,402,456,113.2,10208.3
96.12,67.6,0.6825,-124,401,457,114.4,10197
96.14,67.7,0.6825,-124,401,458,115.9,10197
96.16,67.7,0.6829,-124,401,459,117.6,10180.4
96.18,67.6,0.6829,-124,401,460,119.4,10180.4
96.2,67.6,0.683,-124,401,461,121.3,10177.4
96.22,67.6,0.683,-124,401,461,123.3,10177.4
96.24,67.6,0.683,-124,402,462,125.4,10175.2
96.26,67.7,0.683,-124,402,463,127.5,10175.2
96.28,67.7,0.6831,-124,402,464,129.6,10171.4
96.3,67.7,0.6831,-125,403,465,131.6,10171.4
96.32,67.7,0.6832,-125,404,465,133.5,10169.9
96.34,67.7,0.6832,-125,405,466,135.2,10169.9
96.36,67.7,0.6831,-125,405,467,136.7,10172.9
96.38,67.6,0.6831,-126,406,467,138.1,10173.6
96.4,67.6,0.6832,-126,407,467,139.2,10169.9
96.42,67.7,0.6832,-126,408,468,140.1,10169.1
96.44,67.7,0.6835,-126,409,468,140.8,10158.6
96.46,67.7,0.6835,-126,410,468,141.2,10158.6
96.48,67.7,0.6836,-127,411,468,141.4,10153.3
96.5,67.6,0.6836,-127,412,468,141.4,10153.3
96.52,67.6,0.6837,-127,413,468,141.1,10151.1
96.54,67.6,0.6837,-127,413,468,140.6,10151.1
96.56,67.6,0.6836,-127,414,468,139.9,10154.8
96.58,67.6,0.6836,-128,414,467,139.1,10154.8
96.6,67.6,0.6837,-128,415,467,138.2,10149.5
96.62,67.7,0.6837,-128,415,467,137.2,10149.5
96.64,67.7,0.6836,-128,415,467,136,10154.8
96.66,67.7,0.6836,-128,415,467,134.8,10154.8
96.68,67.7,0.6836,-128,416,467,133.4,10154.8
96.7,67.6,0.6836,-128,416,467,132,10155.6
96.72,67.6,0.6833,-128,416,467,130.6,10164.6
96.74,67.6,0.6833,-128,416,467,129.3,10164.6
96.76,67.6,0.6834,-128,416,467,127.9,10160.8
96.78,67.6,0.6834,-128,416,467,126.7,10160.8
96.8,67.6,0.6835,-128,417,468,125.5,10157.1
96.82,67.6,0.6835,-127,417,468,124.6,10157.1
96.84,67.6,0.6837,-127,417,468,123.8,10151.8
96.86,67.6,0.6837,-126,417,468,123.3,10151.1
96.88,67.6,0.6836,-126,417,468,123,10153.3
96.9,67.6,0.6836,-126,418,469,122.8,10153.3
96.92,67.6,0.6836,-127,418,469,122.7,10153.3
96.94,67.6,0.6836,-127,418,469,122.6,10153.3
96.96,67.6,0.6838,-127,418,470,122.5,10148
96.98,67.6,0.6838,-128,418,470,122.4,10148
97,67.6,0.684,-128,418,470,122.2,10138.3
97.02,67.6,0.684,-129,419,470,122,10139
97.04,67.6,0.6843,-129,419,471,121.8,10127.7
97.06,67.6,0.6843,-129,419,471,121.7,10127.7
97.08,67.6,0.6847,-129,419,471,121.6,10112.7
97.1,67.6,0.6847,-130,419,471,121.6,10113.4
97.12,67.6,0.6846,-130,420,471,121.7,10117.2
97.14,67.6,0.6846,-130,420,472,121.9,10117.2
97.16,67.6,0.6845,-130,420,471,122.2,10120.2
97.18,67.6,0.6845,-130,420,471,122.6,10120.2
97.2,67.6,0.6841,-131,420,472,123.1,10135.2
97.22,67.6,0.6841,-131,420,472,123.6,10135.2
97.24,67.6,0.6841,-131,420,472,124.1,10135.2
97.26,67.6,0.6841,-132,420,472,124.7,10135.2
97.28,67.6,0.6841,-132,420,472,125.2,10135.2
97.3,67.6,0.6841,-132,420,472,125.8,10135.2
97.32,67.6,0.6839,-133,420,472,126.3,10142.8
97.34,67.6,0.6839,-133,420,472,126.9,10142.8
97.36,67.6,0.6841,-133,420,472,127.5,10133.7
97.38,67.6,0.6842,-133,420,472,128.1,10133
97.4,67.6,0.6843,-134,420,472,128.8,10126.2
97.42,67.6,0.6843,-134,420,473,129.6,10126.2
97.44,67.6,0.6843,-134,419,473,130.4,10127.7
97.46,67.6,0.6843,-134,419,473,131.2,10127.7
97.48,67.6,0.6851,-134,420,473,132.1,10098.4
97.5,67.6,0.6851,-135,420,474,133,10099.1
97.52,67.6,0.6849,-135,420,474,134,10106.7
97.54,67.6,0.6849,-135,420,474,134.8,10106.7
97.56,67.6,0.6851,-135,421,475,135.7,10096.9
97.58,67.6,0.6851,-136,421,475,136.4,10096.9
97.6,67.6,0.6851,-136,422,476,137,10096.9
97.62,67.6,0.6851,-136,422,476,137.5,10096.9
97.64,67.6,0.6852,-136,422,476,137.9,10093.9
97.66,67.6,0.6852,-137,422,477,138.2,10093.1
97.68,67.6,0.685,-137,423,477,138.3,10100.6
97.7,67.6,0.685,-137,423,477,138.2,10100.6
97.72,67.6,0.6851,-137,424,478,138,10096.9
97.74,67.6,0.6851,-137,424,478,137.5,10096.9
97.76,67.6,0.6849,-137,424,478,136.8,10104.4
97.78,67.6,0.6849,-138,425,478,135.9,10104.4
97.8,67.6,0.6851,-138,425,478,134.8,10096.9
97.82,67.6,0.6851,-138,425,479,133.6,10096.9
97.84,67.6,0.6851,-138,426,479,132.2,10099.1
97.86,67.6,0.6851,-138,426,479,130.7,10099.1
97.88,67.6,0.6853,-138,426,479,129.2,10091.6
97.9,67.6,0.6853,-138,427,478,127.8,10091.6
97.92,67.6,0.6852,-138,427,478,126.4,10093.9
97.94,67.6,0.6852,-138,427,477,125.3,10093.1
97.96,67.6,0.685,-137,427,477,124.4,10100.6
97.98,67.6,0.685,-137,428,476,124,10100.6
98,67.6,0.6853,-136,428,476,124,10090.1
98.02,67.6,0.6853,-135,428,475,124.6,10090.1
98.04,67.6,0.6855,-135,427,475,125.6,10084.1
98.06,67.6,0.6854,-134,427,474,127,10084.9
98.08,67.6,0.6856,-134,427,474,128.6,10077.3
98.1,67.6,0.6856,-135,427,474,130.3,10077.3
98.12,67.6,0.6859,-135,426,474,132,10067.6
98.14,67.6,0.6859,-136,426,474,133.6,10067.6
98.16,67.6,0.686,-136,426,475,135.2,10064.6
98.18,67.6,0.686,-137,425,475,136.8,10064.6
98.2,67.6,0.6862,-137,425,475,138.4,10054.8
98.22,67.6,0.6862,-137,425,475,140,10054.8
98.24,67.6,0.6862,-137,424,475,141.6,10054.8
98.26,67.6,0.6862,-137,424,476,143.3,10055.6
98.28,67.6,0.6863,-137,424,476,144.9,10051.8
98.3,67.6,0.6863,-137,424,476,146.4,10051.8
98.32,67.6,0.6863,-137,425,477,147.6,10053.3
98.34,67.6,0.6863,-137,426,478,148.7,10053.3
98.36,67.6,0.6862,-136,427,479,149.6,10054.8
98.38,67.6,0.6862,-136,428,480,150.4,10054.8
98.4,67.6,0.6866,-136,429,480,151.1,10042.1
98.42,67.6,0.6866,-137,429,480,151.8,10042.8
98.44,67.6,0.6865,-137,430,481,152.4,10044.3
98.46,67.6,0.6865,-137,430,481,153,10044.3
98.48,67.6,0.6866,-137,431,481,153.6,10040.6
98.5,67.6,0.6866,-137,432,482,154.2,10040.6
98.52,67.6,0.6869,-137,432,482,154.8,10029.3
98.54,67.6,0.6869,-137,432,482,155.2,10030
98.56,67.6,0.6872,-137,433,482,155.6,10020.3
98.58,67.6,0.6872,-137,433,482,155.9,10020.3
98.6,67.6,0.6873,-137,433,482,156.2,10015
98.62,67.6,0.6873,-138,433,482,156.3,10015
98.64,67.6,0.6875,-138,433,482,156.3,10006.1
98.66,67.6,0.6875,-139,433,482,156.2,10006.1
98.68,67.6,0.6874,-139,432,482,156.1,10011.3
98.7,67.6,0.6874,-140,432,483,156,10011.3
98.72,67.6,0.6874,-140,432,483,156,10012.8
98.74,67.6,0.6874,-140,432,483,156,10012.8
98.76,67.6,0.6874,-141,432,483,156.2,10009.8
98.78,67.6,0.6875,-141,432,483,156.5,10009.1
98.8,67.6,0.6872,-141,431,483,157.1,10018
98.82,67.6,0.6872,-141,431,483,157.8,10018.8
98.84,67.6,0.6875,-141,431,483,158.6,10007.6
98.86,67.6,0.6875,-141,431,483,159.7,10007.6
98.88,67.6,0.6874,-140,431,483,160.6,10009.8
98.9,67.6,0.6874,-140,432,483,161.5,10009.8
98.92,67.6,0.6875,-140,433,483,162.1,10006.1
98.94,67.6,0.6875,-141,433,483,162.5,10006.1
98.96,67.6,0.6876,-141,433,483,162.8,10004.6
98.98,67.6,0.6876,-141,434,482,162.9,10004.6
99,67.6,0.6876,-141,434,482,163,10004.6
99.02,67.6,0.6876,-141,434,482,162.9,10004.6
99.04,67.6,0.6877,-141,435,482,162.9,10000.8
99.06,67.6,0.6877,-142,435,482,162.8,10000.1
99.08,67.6,0.6877,-142,435,482,162.6,9998.6
99.1,67.6,0.6877,-142,435,482,162.5,9998.6
99.12,67.6,0.6877,-142,434,482,162.3,10000.8
99.14,67.6,0.6877,-143,434,482,162.1,10000.8
99.16,67.6,0.6876,-143,434,482,161.8,10002.3
99.18,67.6,0.6876,-143,434,482,161.4,10002.3
99.2,67.6,0.6875,-144,434,482,161.1,10006.1
99.22,67.6,0.6875,-144,434,483,160.8,10006.1
99.24,67.6,0.6876,-144,434,483,160.5,10002.3
99.26,67.6,0.6876,-144,434,483,160.3,10002.3
99.28,67.6,0.6877,-144,434,484,160.2,9999.3
99.3,67.6,0.6877,-144,434,484,160.2,9999.3
99.32,67.6,0.6881,-144,434,485,160.3,9986.6
99.34,67.6,0.6881,-143,434,485,160.4,9986.6
99.36,67.6,0.6881,-143,433,485,160.6,9986.6
99.38,67.6,0.6881,-143,433,485,160.8,9986.6
99.4,67.6,0.688,-142,433,486,161,9990.3
99.42,67.6,0.688,-142,432,486,161,9989.6
99.44,67.6,0.6883,-142,432,486,161,9979.1
99.46,67.6,0.6883,-142,432,486,160.7,9979.1
99.48,67.6,0.6882,-142,431,487,160.3,9980.6
99.5,67.6,0.6882,-142,431,487,159.7,9980.6
99.52,67.6,0.6885,-142,431,487,158.9,9971.6
99.54,67.6,0.6885,-142,431,488,158,9971.6
99.56,67.6,0.6886,-141,431,488,157,9966.4
99.58,67.6,0.6886,-141,432,488,155.9,9966.4
99.6,67.6,0.6888,-141,432,488,155,9958.9
99.62,67.6,0.6888,-141,432,488,154,9958.9
99.64,67.6,0.6889,-141,432,488,153.2,9955.1
99.66,67.6,0.6889,-141,432,488,152.5,9955.1
99.68,67.6,0.6888,-141,433,488,151.9,9957.4
99.7,67.6,0.6888,-141,433,488,151.4,9957.4
99.72,67.6,0.6891,-141,433,488,151,9946.1
99.74,67.6,0.6891,-141,433,489,150.8,9946.1
99.76,67.6,0.6891,-141,433,489,150.6,9946.1
99.78,67.6,0.6891,-141,433,489,150.4,9946.1
99.8,67.6,0.6893,-142,433,489,150.3,9938.7
99.82,67.6,0.6893,-142,433,489,150.2,9938.7
99.84,67.6,0.6895,-142,433,489,150.1,9933.4
99.86,67.6,0.6895,-143,433,489,150.1,9933.4
99.88,67.6,0.6896,-143,434,490,150,9929.7
99.9,67.6,0.6896,-143,434,490,150,9929.7
99.92,67.6,0.6896,-144,434,490,150,9929.7
99.94,67.6,0.6896,-144,434,490,150.1,9929.7
99.96,67.6,0.6898,-144,434,491,150.2,9922.2
99.98,67.6,0.6898,-144,434,491,150.4,9922.2
100,67.6,0.6899,-144,435,491,150.7,9918.5
100.02,67.6,0.6899,-144,435,491,151.1,9918.5
100.04,67.6,0.69,-144,435,491,151.7,9913.2
100.06,67.6,0.69,-144,436,491,152.5,9913.2
100.08,67.6,0.6903,-144,436,491,153.7,9904.3
100.1,67.6,0.6903,-143,437,491,155.5,9904.3
100.12,67.6,0.6904,-143,438,490,157.6,9899
100.14,67.6,0.6904,-142,438,490,160.1,9898.3
100.16,67.6,0.6903,-142,438,489,163,9902
100.18,67.6,0.6903,-142,439,489,166.1,9902
100.2,67.6,0.6903,-142,439,489,169.4,9904.3
100.22,67.6,0.6903,-142,439,488,172.7,9904.3
100.24,67.6,0.6903,-142,439,488,175.8,9904.3
100.26,67.6,0.6903,-142,439,488,177.6,9904.3
100.28,67.6,0.6903,-142,438,488,175.7,9904.3
100.3,67.6,0.6903,-142,438,488,172.8,9904.3
100.32,67.6,0.6904,-142,437,488,170.2,9900.5
100.34,67.6,0.6904,-141,436,488,168,9900.5
100.36,67.6,0.6904,-141,435,489,166.4,9900.5
100.38,67.6,0.6904,-141,435,489,165.3,9900.5
100.4,67.6,0.69,-141,434,490,164.6,9915.5
100.42,67.6,0.69,-141,434,490,164,9914.7
100.44,67.6,0.6905,-141,433,490,163.5,9896.8
100.46,67.6,0.6905,-142,433,490,162.9,9896.8
100.48,67.6,0.6901,-142,433,491,162.4,9909.5
100.5,67.6,0.6901,-143,433,491,162,9909.5
100.52,67.6,0.6904,-143,432,492,161.6,9899
100.54,67.6,0.6904,-143,432,492,161.4,9899
100.56,67.6,0.6905,-144,432,493,161.5,9896.8
100.58,67.6,0.6905,-144,432,494,161.9,9896.8
100.6,67.6,0.6903,-144,431,495,162.7,9904.3
100.62,67.6,0.6903,-144,431,496,163.8,9904.3
100.64,67.6,0.6905,-144,430,497,165.2,9895.3
100.66,67.6,0.6905,-144,430,498,166.6,9895.3
100.68,67.6,0.6909,-143,430,499,167.9,9878.9
100.7,67.6,0.6909,-143,430,499,168.7,9878.9
100.72,67.6,0.6909,-143,431,500,168.9,9880.4
100.74,67.6,0.6909,-143,431,500,168.3,9880.4
100.76,67.6,0.6912,-143,431,500,167,9867.7
100.78,67.6,0.6912,-143,431,500,165.2,9868.4
100.8,67.6,0.6911,-143,431,500,163.1,9872.2
100.82,67.6,0.6911,-142,431,500,161.1,9871.4
100.84,67.6,0.6913,-142,431,500,159.2,9866.2
100.86,67.6,0.6913,-142,432,500,157.5,9866.2
100.88,67.6,0.6912,-141,432,499,156,9867.7
100.9,67.6,0.6912,-141,432,499,154.9,9867.7
100.92,67.6,0.6913,-140,432,499,154,9864
100.94,67.6,0.6913,-140,432,499,153.4,9864.7
100.96,67.6,0.6912,-139,432,500,152.9,9869.9
100.98,67.6,0.6912,-139,432,500,152.6,9869.9
101,67.6,0.6913,-138,432,501,152.5,9864
101.02,67.6,0.6913,-138,432,501,152.6,9864.7
101.04,67.6,0.6913,-138,432,502,152.8,9864.7
101.06,67.6,0.6913,-138,432,502,153,9864
101.08,67.6,0.6916,-138,432,502,153.1,9855
101.1,67.6,0.6916,-138,432,503,153.2,9855
101.12,67.6,0.6916,-139,432,503,153.3,9853.5
101.14,67.6,0.6916,-139,432,503,153.3,9853.5
101.16,67.6,0.6919,-140,432,503,153.3,9842.3
101.18,67.6,0.6919,-140,432,503,153.3,9843.1
101.2,67.6,0.6919,-141,432,503,153.4,9844.6
101.22,67.6,0.6919,-141,432,504,153.4,9844.6
101.24,67.6,0.6921,-142,432,504,153.4,9835.6
101.26,67.6,0.6921,-142,432,504,153.5,9835.6
101.28,67.6,0.6922,-143,432,504,153.6,9830.4
101.3,67.6,0.6923,-143,432,504,153.7,9829.6
101.32,67.6,0.6923,-144,433,505,153.8,9829.6
101.34,67.6,0.6923,-144,433,505,153.9,9829.6
101.36,67.6,0.6924,-144,433,505,153.9,9824.4
101.38,67.6,0.6924,-144,433,506,153.8,9824.4
101.4,67.6,0.6925,-144,433,506,153.8,9820.7
101.42,67.6,0.6925,-144,433,506,154.1,9820.7
101.44,67.6,0.6927,-143,433,506,154.6,9813.2
101.46,67.6,0.6927,-143,433,506,155.5,9813.2
101.48,67.6,0.6928,-143,433,506,156.6,9809.5
101.5,67.6,0.6928,-143,432,505,157.8,9809.5
101.52,67.6,0.693,-143,432,505,159.1,9802.8
101.54,67.6,0.693,-143,431,505,160.3,9802.8
101.56,67.6,0.6932,-143,431,506,161.4,9795.4
101.58,67.6,0.6932,-142,431,506,162.3,9795.4
101.6,67.6,0.6932,-142,430,507,162.7,9793.9
101.62,67.6,0.6932,-142,429,508,162.6,9793.9
101.64,67.6,0.693,-142,429,509,162.1,9802.8
101.66,67.6,0.693,-142,429,510,161.2,9802.1
101.68,67.6,0.6931,-141,428,511,159.9,9799.1
101.7,67.6,0.6931,-141,428,512,158.5,9799.1
101.72,67.6,0.6932,-141,428,512,157,9795.4
101.74,67.6,0.6932,-142,429,512,155.3,9795.4
101.76,67.6,0.6932,-142,429,513,153.4,9795.4
101.78,67.6,0.6932,-142,429,513,151.4,9795.4
101.8,67.6,0.6934,-143,429,513,149.2,9787.9
101.82,67.6,0.6934,-143,429,514,146.9,9787.9
101.84,67.6,0.6933,-143,429,514,144.5,9789.4
101.86,67.6,0.6933,-144,429,514,142,9789.4
101.88,67.6,0.6932,-144,429,514,139.4,9793.1
101.9,67.6,0.6932,-144,429,514,136.7,9793.9
101.92,67.6,0.693,-144,429,515,133.9,9800.6
101.94,67.6,0.693,-145,429,515,131.1,9800.6
101.96,67.6,0.6932,-145,430,515,128.3,9795.4
101.98,67.6,0.6932,-145,430,515,125.6,9795.4
102,67.6,0.6933,-145,430,516,122.9,9790.2
102.02,67.6,0.6933,-145,431,516,120.4,9790.2
102.04,67.6,0.6933,-145,431,516,117.9,9791.6
102.06,67.6,0.6933,-145,431,516,115.6,9791.6
102.08,67.6,0.6936,-145,431,516,113.4,9779
102.1,67.6,0.6936,-146,431,516,111.2,9779
102.12,67.6,0.6937,-146,431,516,109.1,9775.3
102.14,67.6,0.6937,-146,431,516,107.1,9776
102.16,67.6,0.6939,-146,431,516,105.3,9770.1
102.18,67.6,0.6939,-146,431,516,103.6,9770.1
102.2,67.6,0.6939,-146,432,516,102,9768.6
102.22,67.6,0.6939,-146,432,516,100.7,9768.6
102.24,67.6,0.6943,-146,432,516,99.7,9753.7
102.26,67.6,0.6943,-146,432,516,99.1,9754.4
102.28,67.6,0.6946,-145,432,517,98.7,9741.8
102.3,67.6,0.6946,-145,432,517,98.5,9741.8
102.32,67.6,0.695,-145,432,517,98.5,9726.9
102.34,67.6,0.695,-145,433,517,98.8,9726.9
102.36,67.6,0.695,-145,433,517,99.3,9726.9
102.38,67.6,0.695,-145,433,518,99.9,9727.7
102.4,67.6,0.6952,-145,433,518,100.7,9721.7
102.42,67.6,0.6952,-145,434,518,101.5,9721.7
102.44,67.6,0.6952,-145,434,518,102.5,9720.3
102.46,67.6,0.6952,-146,434,518,103.6,9720.3
102.48,67.6,0.6951,-146,434,518,104.7,9724
102.5,67.6,0.6951,-146,434,518,105.9,9724
102.52,67.6,0.6951,-146,434,518,107.2,9724
102.54,67.6,0.6951,-146,434,518,108.5,9724
102.56,67.6,0.6951,-146,434,518,109.8,9724
102.58,67.6,0.6951,-147,434,518,111.3,9724
102.6,67.6,0.695,-147,434,518,112.7,9727.7
102.62,67.6,0.695,-147,434,518,114.3,9727.7
102.64,67.6,0.6952,-147,434,518,116,9720.3
102.66,67.6,0.6952,-147,434,518,117.8,9720.3
102.68,67.6,0.6953,-147,434,517,119.6,9715.1
102.7,67.6,0.6953,-147,434,517,121.6,9715.1
102.72,67.6,0.6951,-148,434,517,123.7,9722.5
102.74,67.6,0.6951,-148,434,517,125.8,9722.5
102.76,67.6,0.6954,-148,434,518,128,9712.1
102.78,67.6,0.6954,-148,434,518,130.2,9712.1
102.8,67.6,0.6956,-148,434,518,132.5,9704.7
102.82,67.5,0.6956,-149,434,518,134.9,9704.7
102.84,67.5,0.6956,-149,434,518,137.2,9706.9
102.86,67.5,0.6956,-149,433,518,139.5,9706.9
102.88,67.5,0.6959,-149,433,519,141.9,9695.7
102.9,67.5,0.6959,-149,433,519,144.2,9695.7
102.92,67.5,0.6961,-149,433,520,146.6,9686.8
102.94,67.6,0.6961,-149,432,520,148.9,9686.1
102.96,67.6,0.6963,-149,432,521,151.2,9680.9
102.98,67.5,0.6962,-149,431,522,153.4,9681.6
103,67.5,0.6963,-149,431,522,155.5,9679.4
103.02,67.5,0.6963,-149,430,523,157.4,9679.4
103.04,67.5,0.6963,-149,430,524,159,9677.9
103.06,67.5,0.6963,-149,429,525,160.2,9677.9
103.08,67.5,0.6963,-149,429,526,160.8,9677.9
103.1,67.5,0.6963,-149,428,527,160.8,9677.9
103.12,67.5,0.6963,-149,428,528,160,9679.4
103.14,67.5,0.6963,-149,428,529,158.4,9679.4
103.16,67.5,0.6962,-149,427,530,156.2,9684.6
103.18,67.5,0.6961,-150,427,531,153.5,9685.4
103.2,67.5,0.696,-150,427,532,150.5,9690.5
103.22,67.5,0.696,-150,427,533,147.1,9690.5
103.24,67.5,0.6958,-150,428,534,143.7,9699.5
103.26,67.5,0.6958,-150,428,535,140.1,9699.5
103.28,67.5,0.6958,-150,428,536,136.6,9699.5
103.3,67.5,0.6958,-150,429,536,133.2,9699.5
103.32,67.5,0.6959,-149,429,537,130.1,9694.3
103.34,67.5,0.6959,-149,430,537,127.3,9694.3
103.36,67.5,0.696,-149,430,538,124.8,9690.5
103.38,67.5,0.696,-148,430,538,122.7,9690.5
103.4,67.5,0.6961,-147,431,539,120.9,9685.4
103.42,67.5,0.6961,-147,431,539,119.4,9685.4
103.44,67.5,0.6962,-146,432,540,118.4,9683.9
103.46,67.5,0.6962,-146,432,540,117.7,9683.9
103.48,67.5,0.6964,-145,432,541,117.3,9675
103.5,67.5,0.6964,-144,433,541,117.3,9674.2
103.52,67.5,0.6964,-144,433,542,117.5,9674.2
103.54,67.5,0.6964,-143,433,542,118.1,9674.2
103.56,67.5,0.6969,-143,434,542,118.9,9656.4
103.58,67.5,0.6969,-142,434,543,119.9,9656.4
103.6,67.5,0.6969,-142,434,543,121.1,9656.4
103.62,67.5,0.6969,-141,435,543,122.3,9655.7
103.64,67.5,0.697,-141,435,544,123.7,9654.2
103.66,67.5,0.697,-141,435,544,125.1,9654.2
103.68,67.5,0.697,-141,435,545,126.4,9652.7
103.7,67.5,0.697,-141,434,545,127.7,9652.7
103.72,67.5,0.6971,-141,434,545,128.9,9649
103.74,67.5,0.6971,-141,434,546,129.9,9649
103.76,67.5,0.6975,-141,434,546,130.9,9636.4
103.78,67.5,0.6975,-141,434,547,131.8,9636.4
103.8,67.5,0.6973,-141,433,548,132.6,9643.8
103.82,67.5,0.6973,-141,433,548,133.3,9643.8
103.84,67.5,0.6974,-141,433,549,133.9,9637.2
103.86,67.5,0.6975,-141,433,550,134.5,9636.4
103.88,67.5,0.6974,-141,433,550,134.9,9637.9
103.9,67.5,0.6974,-141,433,551,135.3,9638.6
103.92,67.5,0.6974,-141,433,552,135.6,9640.1
103.94,67.5,0.6974,-141,433,552,135.8,9640.1
103.96,67.5,0.6975,-141,433,553,135.9,9634.9
103.98,67.5,0.6975,-141,433,554,135.9,9634.9
104,67.5,0.6975,-141,433,554,135.7,9634.9
104.02,67.5,0.6975,-141,434,555,135.3,9634.2
104.04,67.5,0.6977,-141,434,555,134.8,9629
104.06,67.5,0.6977,-141,434,556,134.1,9629
104.08,67.5,0.6977,-141,435,556,133.3,9627.5
104.1,67.5,0.6977,-141,435,557,132.4,9627.5
104.12,67.5,0.6978,-141,435,557,131.4,9623.8
104.14,67.5,0.6978,-141,436,557,130.3,9623.8
104.16,67.5,0.6978,-141,436,557,129.3,9623.8
104.18,67.5,0.6978,-141,437,558,128.3,9623.8
104.2,67.5,0.6977,-141,438,558,127.4,9627.5
104.22,67.5,0.6977,-141,438,558,126.5,9627.5
104.24,67.5,0.6979,-141,439,558,125.8,9620.1
104.26,67.5,0.6979,-141,440,558,125.1,9620.1
104.28,67.5,0.698,-141,440,558,124.5,9614.9
104.3,67.5,0.698,-141,441,558,124,9614.9
104.32,67.5,0.6983,-141,441,558,123.6,9603.8
104.34,67.5,0.6983,-141,442,558,123.3,9603.8
104.36,67.5,0.6983,-141,443,558,123,9606.1
104.38,67.5,0.6983,-141,443,557,122.7,9605.3
104.4,67.5,0.6982,-141,443,557,122.4,9607.5
104.42,67.5,0.6982,-141,443,557,122.2,9607.5
104.44,67.5,0.6982,-141,443,557,122,9607.5
104.46,67.5,0.6982,-141,444,557,121.7,9607.5
104.48,67.5,0.6986,-141,444,557,121.8,9595
104.5,67.5,0.6986,-141,444,557,121.7,9595
104.52,67.5,0.6985,-140,444,557,121.9,9596.4
104.54,67.5,0.6985,-141,444,557,122,9597.2
104.56,67.5,0.6989,-141,444,557,121.9,9584.6
104.58,67.5,0.6989,-142,443,558,121.6,9583.9
104.6,67.5,0.699,-142,443,558,121.3,9578.7
104.62,67.5,0.699,-143,443,558,120.8,9578.7
104.64,67.5,0.6992,-143,443,558,120.3,9571.3
104.66,67.5,0.6992,-143,443,558,119.7,9572
104.68,67.5,0.6993,-144,443,558,119.1,9569.8
104.7,67.5,0.6993,-144,442,558,118.4,9569.8
104.72,67.5,0.6992,-145,442,559,117.6,9571.3
104.74,67.5,0.6992,-145,442,559,116.7,9572
104.76,67.5,0.6992,-146,442,559,115.8,9570.5
104.78,67.5,0.6993,-146,442,559,114.7,9569.8
104.8,67.5,0.6993,-147,441,559,113.6,9569.8
104.82,67.5,0.6992,-147,441,559,112.4,9570.5
104.84,67.5,0.6993,-147,441,559,111.3,9568.3
104.86,67.5,0.6993,-148,441,559,110.1,9568.3
104.88,67.5,0.699,-148,440,560,109,9580.9
104.9,67.5,0.699,-148,440,560,108,9580.9
104.92,67.5,0.6991,-148,440,560,107,9577.2
104.94,67.5,0.6991,-149,440,560,106.1,9577.2
104.96,67.5,0.6989,-149,440,560,105.2,9583.1
104.98,67.5,0.6989,-149,440,561,104.3,9583.1
105,67.5,0.699,-149,440,561,103.5,9579.4
105.02,67.5,0.699,-150,440,561,102.7,9579.4
105.04,67.5,0.6988,-150,440,561,101.9,9588.3
105.06,67.5,0.6988,-150,440,562,101.3,9588.3
105.08,67.5,0.699,-150,440,562,100.7,9577.9
105.1,67.5,0.699,-150,440,562,100.3,9577.9
105.12,67.5,0.699,-151,440,562,99.9,9577.9
105.14,67.5,0.699,-151,440,562,99.8,9577.9
105.16,67.5,0.6988,-151,440,563,99.7,9586.8
105.18,67.5,0.6988,-151,441,563,99.9,9586.8
105.2,67.5,0.6988,-151,441,563,100.3,9586.8
105.22,67.5,0.6988,-151,441,563,100.9,9586.8
105.24,67.5,0.6991,-151,441,563,101.7,9574.2
105.26,67.5,0.6991,-151,441,563,102.6,9574.2
105.28,67.5,0.6989,-151,442,564,103.8,9581.6
105.3,67.5,0.6989,-151,442,564,105.3,9581.6
105.32,67.5,0.6992,-150,443,564,107.1,9570.5
105.34,67.5,0.6992,-150,444,564,109.3,9570.5
105.36,67.5,0.6994,-150,444,564,112,9563.1
105.38,67.5,0.6994,-150,445,565,115.1,9563.9
105.4,67.5,0.6993,-150,446,565,118.6,9567.6
105.42,67.5,0.6993,-150,447,565,122.8,9567.6
105.44,67.5,0.6997,-149,449,566,127.5,9555
105.46,67.5,0.6997,-150,450,567,132.7,9555
105.48,67.5,0.6997,-150,451,567,138.3,9552.8
105.5,67.5,0.6997,-150,453,568,144,9552.8
105.52,67.5,0.7,-151,454,569,149.5,9543.9
105.54,67.5,0.7,-153,455,570,153.8,9543.9
105.56,67.5,0.7005,-154,455,571,155.5,9524
105.58,67.5,0.7005,-156,456,571,154,9524
105.6,67.5,0.7007,-157,455,571,149.6,9515.1
105.62,67.5,0.7007,-158,455,570,143.4,9515.1
105.64,67.5,0.7001,-158,454,568,136.4,9537.3
105.66,67.5,0.7002,-158,453,566,129.6,9536.5
105.68,67.5,0.7001,-157,453,565,123.2,9540.2
105.7,67.5,0.7001,-156,453,563,117.4,9540.2
105.72,67.5,0.6997,-154,453,562,112.5,9552.8
105.74,67.5,0.6997,-153,453,561,108.6,9552.8
105.76,67.5,0.6996,-152,453,560,105.6,9558
105.78,67.5,0.6996,-151,453,560,103.4,9558
105.8,67.5,0.6999,-150,453,559,102,9547.6
105.82,67.5,0.6999,-149,453,559,101.3,9547.6
105.84,67.5,0.7004,-149,453,558,101.3,9527.7
105.86,67.5,0.7004,-148,453,558,102.1,9527.7
105.88,67.5,0.7004,-147,453,557,103.6,9527.7
105.9,67.5,0.7004,-146,453,557,105.9,9527.7
105.92,67.5,0.7007,-145,452,556,108.9,9516.6
105.94,67.5,0.7007,-144,452,555,112.8,9516.6
105.96,67.5,0.7008,-143,450,555,117.2,9513.7
105.98,67.5,0.7008,-142,449,554,122.2,9513.7
106,67.5,0.701,-142,448,554,127.3,9506.3
106.02,67.5,0.701,-142,446,554,132.5,9506.3
106.04,67.5,0.701,-143,444,555,137.2,9504.1
106.06,67.5,0.701,-144,443,556,141.1,9504.1
106.08,67.5,0.7011,-145,442,557,143.5,9502.6
106.1,67.5,0.7011,-147,442,559,144,9502.6
106.12,67.5,0.7012,-148,442,560,142.4,9498.9
106.14,67.5,0.7012,-149,443,562,139.2,9498.9
106.16,67.5,0.7012,-150,444,563,134.9,9498.9
106.18,67.5,0.7012,-151,445,564,129.9,9498.9
106.2,67.5,0.7012,-151,446,565,124.7,9498.9
106.22,67.5,0.7012,-151,448,566,119.6,9498.9
106.24,67.5,0.7012,-150,450,566,114.9,9497.4
106.26,67.5,0.7012,-149,451,566,110.8,9497.4
106.28,67.5,0.7011,-148,452,565,107.6,9502.6
106.3,67.5,0.7011,-147,453,564,105.4,9502.6
106.32,67.5,0.7013,-146,453,564,104.2,9495.9
106.34,67.5,0.7013,-144,454,563,104.2,9495.2
106.36,67.5,0.7015,-143,454,562,105.1,9488.6
106.38,67.5,0.7015,-142,455,561,107.1,9488.6
106.4,67.5,0.7016,-141,455,561,110,9484.9
106.42,67.5,0.7015,-140,456,560,113.7,9485.6
106.44,67.5,0.7016,-139,457,560,118.2,9483.4
106.46,67.5,0.7016,-139,458,560,123.2,9483.4
106.48,67.5,0.7021,-139,459,560,128.8,9463.5
106.5,67.5,0.7022,-139,460,560,134.9,9462.8
106.52,67.5,0.7024,-140,461,559,141.4,9453.9
106.54,67.5,0.7024,-140,462,559,148.5,9454.7
106.56,67.5,0.7026,-141,463,558,156,9445.8
106.58,67.5,0.7026,-142,464,557,164,9445.1
106.6,67.5,0.7026,-143,464,557,172.1,9447.3
106.62,67.5,0.7026,-144,464,556,177.1,9448
106.64,67.5,0.7026,-146,464,556,169.8,9448
106.66,67.5,0.7026,-147,463,555,161.7,9447.3
106.68,67.5,0.7026,-147,462,555,153.9,9447.3
106.7,67.5,0.7026,-147,460,555,146.7,9448
106.72,67.5,0.7028,-147,459,556,140.6,9440.7
106.74,67.5,0.7028,-146,457,556,135.5,9440.7
106.76,67.5,0.7029,-145,456,557,131.3,9437
106.78,67.5,0.7029,-144,455,557,128.2,9437
106.8,67.5,0.7031,-144,454,557,125.9,9428.2
106.82,67.5,0.7031,-143,453,558,124.3,9428.2
106.84,67.5,0.703,-143,453,558,123.1,9433.3
106.86,67.5,0.703,-143,452,558,122.2,9433.3
106.88,67.5,0.7029,-143,452,558,121.5,9435.5
106.9,67.5,0.7029,-143,451,558,120.9,9435.5
106.92,67.5,0.7028,-143,451,559,120.4,9440.7
106.94,67.5,0.7028,-144,451,559,120,9440.7
106.96,67.5,0.7029,-144,450,559,119.7,9435.5
106.98,67.5,0.7029,-144,450,559,119.4,9435.5
107,67.5,0.703,-144,449,560,119.4,9433.3
107.02,67.5,0.703,-144,449,560,119.5,9433.3
107.04,67.5,0.703,-144,448,561,119.8,9430.4
107.06,67.4,0.703,-144,448,561,120.4,9430.4
107.08,67.4,0.7034,-144,448,562,121.1,9417.8
107.1,67.5,0.7034,-144,447,563,122.1,9417.8
107.12,67.5,0.7036,-144,447,564,123.2,9410.5
107.14,67.5,0.7036,-144,447,564,124.5,9410.5
107.16,67.5,0.7038,-144,448,565,126.3,9403.1
107.18,67.4,0.7038,-144,448,566,128.3,9403.9
107.2,67.4,0.7039,-144,449,567,130.5,9400.2
107.22,67.4,0.7039,-144,450,567,132.9,9400.2
107.24,67.4,0.7041,-144,450,568,135.3,9392.8
107.26,67.4,0.7041,-144,451,568,137.8,9392.8
107.28,67.4,0.7042,-144,452,567,140.1,9389.2
107.3,67.4,0.7042,-144,452,567,142.2,9389.2
107.32,67.4,0.7041,-145,453,567,143.9,9391.4
107.34,67.4,0.7041,-145,453,566,145.2,9391.4
107.36,67.4,0.7043,-145,453,566,146.3,9382.5
107.38,67.4,0.7043,-145,453,565,147,9382.5
107.4,67.4,0.7042,-144,453,564,147.7,9387.7
107.42,67.4,0.7042,-144,453,564,148.3,9387.7
107.44,67.4,0.7042,-144,453,563,148.8,9387.7
107.46,67.4,0.7042,-144,453,563,149.1,9387.7
107.48,67.4,0.7043,-144,452,562,149.5,9382.5
107.5,67.4,0.7043,-144,452,562,149.9,9382.5
107.52,67.4,0.7043,-144,452,561,150.3,9384
107.54,67.4,0.7043,-144,451,561,150.8,9384
107.56,67.4,0.7044,-145,451,560,151.4,9378.9
107.58,67.5,0.7045,-145,450,560,152,9378.1
107.6,67.5,0.7046,-145,450,560,152.8,9374.5
107.62,67.4,0.7045,-146,449,560,153.6,9375.2
107.64,67.4,0.7046,-146,449,559,154.5,9371.5
107.66,67.4,0.7046,-146,448,559,155.4,9371.5
107.68,67.4,0.7046,-147,448,559,156.3,9373
107.7,67.5,0.7046,-147,447,559,157.3,9373
107.72,67.5,0.7046,-148,447,559,158.1,9371.5
107.74,67.4,0.7046,-148,446,559,158.8,9371.5
107.76,67.4,0.7048,-149,446,559,159.2,9366.4
107.78,67.4,0.7048,-149,445,560,159.4,9366.4
107.8,67.4,0.7049,-150,445,560,159.2,9362.7
107.82,67.4,0.7049,-150,445,560,158.8,9362.7
107.84,67.4,0.7048,-151,445,560,158.1,9366.4
107.86,67.4,0.7048,-151,445,561,157.1,9366.4
107.88,67.4,0.7049,-152,445,561,156,9362.7
107.9,67.5,0.7049,-153,445,561,154.7,9362
107.92,67.5,0.7048,-153,445,562,153.3,9364.2
107.94,67.4,0.7048,-154,445,562,151.8,9364.2
107.96,67.4,0.7044,-155,445,562,150.2,9378.9
107.98,67.4,0.7044,-155,445,563,148.7,9378.9
108,67.4,0.7043,-155,446,563,147.2,9382.5
108.02,67.4,0.7043,-156,446,563,145.8,9382.5
108.04,67.4,0.7042,-156,446,563,144.5,9387.7
108.06,67.4,0.7042,-157,446,564,143.1,9387.7
108.08,67.4,0.7041,-157,447,564,141.8,9391.4
108.1,67.4,0.7041,-157,447,565,140.4,9391.4
108.12,67.4,0.7043,-157,447,565,139.1,9385.5
108.14,67.4,0.7043,-158,447,565,137.8,9385.5
108.16,67.4,0.7044,-158,447,566,136.5,9380.3
108.18,67.4,0.7044,-158,447,566,135.1,9380.3
108.2,67.4,0.7042,-158,448,567,133.9,9389.2
108.22,67.5,0.7042,-159,448,567,132.6,9389.2
108.24,67.5,0.7047,-159,448,568,131.4,9367.8
108.26,67.4,0.7047,-159,448,568,130.4,9367.8
108.28,67.4,0.7049,-159,448,569,129.4,9362.7
108.3,67.4,0.7049,-159,449,570,128.8,9362.7
108.32,67.4,0.7048,-158,449,570,128.3,9364.2
108.34,67.4,0.7048,-158,449,571,128.3,9364.2
108.36,67.4,0.7049,-157,450,572,128.5,9362.7
108.38,67.5,0.7049,-157,450,572,129.1,9362
108.4,67.5,0.7053,-156,451,572,130,9348
108.42,67.4,0.7053,-156,451,573,131.2,9348
108.44,67.4,0.7054,-155,452,573,132.7,9344.3
108.46,67.5,0.7054,-155,452,573,134.3,9344.3
108.48,67.5,0.7055,-155,452,573,136.1,9339.2
108.5,67.5,0.7055,-154,452,572,138,9338.5
108.52,67.5,0.7059,-154,452,572,139.9,9326
108.54,67.5,0.7059,-154,452,572,141.6,9326
108.56,67.5,0.7061,-154,452,572,143.2,9319.4
108.58,67.5,0.7061,-154,451,572,144.6,9319.4
108.6,67.5,0.7063,-154,451,572,145.9,9312.1
108.62,67.5,0.7063,-153,450,571,147.3,9312.1
108.64,67.5,0.7065,-153,449,571,148.7,9303.3
108.66,67.5,0.7065,-152,448,571,150.1,9303.3
108.68,67.5,0.7068,-152,447,570,151.6,9292.3
108.7,67.5,0.7068,-152,446,570,153.1,9292.3
108.72,67.5,0.7068,-152,445,570,154.6,9290.8
108.74,67.5,0.7068,-151,444,570,156.1,9290.8
108.76,67.5,0.7069,-151,442,570,157.5,9287.1
108.78,67.5,0.7069,-151,441,571,158.5,9287.1
108.8,67.5,0.7068,-151,440,571,159,9290.8
108.82,67.4,0.7068,-151,438,572,158.9,9291.5
108.84,67.4,0.7067,-151,437,572,158,9295.2
108.86,67.5,0.7067,-152,437,573,156.3,9294.5
108.88,67.5,0.7066,-152,436,574,154,9299.6
108.9,67.5,0.7066,-152,436,575,151.2,9299.6
108.92,67.5,0.7067,-152,435,577,148.2,9295.9
108.94,67.4,0.7067,-152,435,578,145,9296.7
108.96,67.4,0.7069,-152,435,579,141.8,9287.9
108.98,67.4,0.7069,-152,436,580,138.7,9287.9
109,67.4,0.7067,-151,436,582,135.8,9294.5
109.02,67.4,0.7067,-151,437,583,133,9294.5
109.04,67.4,0.7067,-150,437,584,130.3,9296.7
109.06,67.4,0.7067,-150,438,585,127.9,9296.7
109.08,67.4,0.7067,-149,439,586,125.7,9296.7
109.1,67.5,0.7067,-149,440,587,123.7,9295.9
109.12,67.5,0.707,-148,441,587,121.8,9283.5
109.14,67.4,0.707,-148,441,587,120.2,9284.2
109.16,67.4,0.7068,-147,442,588,118.7,9293
109.18,67.5,0.7068,-147,442,588,117.4,9292.3
109.2,67.5,0.7067,-146,443,588,116.3,9294.5
109.22,67.5,0.7067,-146,443,587,115.4,9294.5
109.24,67.5,0.707,-145,443,587,114.7,9285.7
109.26,67.4,0.707,-145,444,587,114.2,9285.7
109.28,67.4,0.7072,-144,443,586,113.9,9278.3
109.3,67.4,0.7072,-144,443,586,113.8,9278.3
109.32,67.4,0.7073,-143,442,586,114,9274.7
109.34,67.5,0.7073,-143,442,586,114.4,9274.7
109.36,67.5,0.7076,-143,441,586,115.1,9264.4
109.38,67.4,0.7076,-143,440,586,116,9264.4
109.4,67.4,0.7077,-143,439,586,117.2,9260.8
109.42,67.4,0.7076,-143,438,586,118.6,9261.5
109.44,67.4,0.7076,-142,437,586,120.3,9261.5
109.46,67.4,0.7077,-143,437,587,122.2,9260.8
109.48,67.4,0.7079,-143,436,587,124.2,9252
109.5,67.4,0.7079,-143,435,587,126.5,9252
109.52,67.4,0.7081,-143,435,588,128.9,9243.2
109.54,67.4,0.7081,-143,434,588,131.4,9243.2
109.56,67.4,0.7083,-143,434,589,134.1,9235.9
109.58,67.4,0.7083,-143,433,589,137,9235.9
109.6,67.4,0.7082,-143,433,589,139.9,9239.5
109.62,67.4,0.7082,-144,432,590,142.9,9239.5
109.64,67.4,0.7084,-144,432,590,145.8,9234.4
109.66,67.4,0.7084,-144,431,591,148.5,9234.4
109.68,67.4,0.7082,-144,430,591,150.8,9239.5
109.7,67.4,0.7082,-145,430,592,152.4,9239.5
109.72,67.4,0.7082,-145,430,593,153.1,9241
109.74,67.4,0.7082,-146,430,594,152.8,9241.7
109.76,67.4,0.7083,-146,430,594,151.7,9238.1
109.78,67.4,0.7083,-147,430,595,149.8,9238.1
109.8,67.4,0.7083,-147,430,595,147.5,9235.9
109.82,67.4,0.7083,-147,431,596,144.9,9235.9
109.84,67.4,0.7082,-148,431,597,142.2,9241.7
109.86,67.4,0.7082,-148,432,597,139.5,9241.7
109.88,67.4,0.7082,-148,432,598,136.9,9241.7
109.9,67.4,0.7082,-147,433,599,134.5,9241.7
109.92,67.4,0.7081,-147,434,600,132.3,9243.2
109.94,67.4,0.7081,-147,434,600,130.3,9243.2
109.96,67.4,0.7082,-146,435,601,128.7,9239.5
109.98,67.4,0.7082,-146,436,601,127.4,9239.5
110,67.4,0.7085,-146,436,601,126.2,9229.3
110.02,67.4,0.7085,-145,437,602,125.4,9229.3
110.04,67.4,0.7083,-145,437,602,124.6,9235.9
110.06,67.4,0.7083,-145,438,602,124,9235.9
110.08,67.4,0.7082,-145,438,603,123.5,9241
110.1,67.4,0.7082,-145,439,603,123.1,9241.7
110.12,67.4,0.7085,-145,439,603,122.7,9230.7
110.14,67.4,0.7085,-145,440,603,122.3,9231.5
110.16,67.4,0.7086,-145,440,603,121.8,9227.8
110.18,67.4,0.7086,-146,441,603,121.2,9227.1
110.2,67.4,0.7085,-146,441,603,120.5,9229.3
110.22,67.4,0.7085,-146,442,603,119.6,9229.3
110.24,67.4,0.7089,-146,442,603,118.7,9216.9
110.26,67.4,0.7089,-146,442,603,117.7,9216.9
110.28,67.4,0.7089,-146,442,603,116.7,9214.7
110.3,67.4,0.7089,-146,442,602,115.7,9214.7
110.32,67.4,0.7087,-146,442,602,114.7,9224.2
110.34,67.4,0.7087,-146,441,602,113.8,9224.2
110.36,67.4,0.709,-146,441,602,113,9213.2
110.38,67.4,0.709,-145,441,603,112.4,9213.2
110.4,67.4,0.7089,-145,440,603,112,9215.4
110.42,67.4,0.7089,-144,440,603,112,9215.4
110.44,67.4,0.7091,-144,439,604,112.2,9208.1
110.46,67.4,0.7091,-144,439,604,112.7,9207.3
110.48,67.4,0.7092,-143,439,605,113.6,9203.7
110.5,67.4,0.7092,-143,438,606,114.7,9204.4
110.52,67.4,0.7092,-143,438,606,116.1,9203
110.54,67.4,0.7092,-143,438,607,117.7,9203
110.56,67.4,0.7093,-143,438,607,119.4,9199.3
110.58,67.4,0.7093,-143,438,608,121.2,9199.3
110.6,67.4,0.7095,-143,438,608,123,9192
110.62,67.4,0.7095,-143,438,608,124.8,9192
110.64,67.4,0.7097,-143,438,609,126.6,9184.7
110.66,67.4,0.7097,-144,438,609,128.2,9184.7
110.68,67.4,0.7098,-144,438,609,129.8,9181.8
110.7,67.4,0.7098,-145,438,609,131.4,9181.8
110.72,67.4,0.71,-145,438,609,132.8,9175.9
110.74,67.4,0.71,-146,438,609,134.2,9175.9
110.76,67.4,0.7101,-146,438,609,135.5,9170.8
110.78,67.4,0.7101,-147,438,609,136.7,9170.8
110.8,67.4,0.7101,-148,438,609,137.9,9172.3
110.82,67.4,0.7101,-148,437,609,139.1,9172.3
110.84,67.4,0.71,-149,437,609,140.2,9174.5
110.86,67.4,0.71,-149,437,609,141.3,9174.5
110.88,67.4,0.7103,-150,437,609,142.3,9163.5
110.9,67.4,0.7103,-150,437,609,143.3,9163.5
110.92,67.4,0.7105,-151,437,609,144.2,9158.4
110.94,67.4,0.7105,-152,437,609,145.1,9158.4
110.96,67.4,0.7106,-152,437,609,145.9,9153.3
110.98,67.4,0.7106,-153,437,609,146.6,9153.3
111,67.4,0.7106,-154,437,609,147.3,9154.8
111.02,67.4,0.7106,-154,437,609,148,9154.8
111.04,67.4,0.7108,-155,437,609,148.6,9147.5
111.06,67.4,0.7108,-155,437,609,149.2,9147.5
111.08,67.4,0.7109,-156,437,609,149.7,9141.6
111.1,67.4,0.7109,-156,437,609,150.2,9142.3
111.12,67.4,0.7109,-157,437,608,150.7,9142.3
111.14,67.4,0.7109,-158,437,608,151.1,9142.3
111.16,67.4,0.7111,-158,437,608,151.6,9136.5
111.18,67.4,0.7111,-159,437,608,152,9136.5
111.2,67.4,0.7111,-159,437,608,152.4,9136.5
111.22,67.4,0.7111,-160,437,608,152.8,9136.5
111.24,67.4,0.7112,-160,437,608,153.2,9132.9
111.26,67.4,0.7112,-161,437,608,153.5,9132.9
111.28,67.4,0.7112,-161,437,608,153.8,9132.9
111.3,67.4,0.7111,-162,437,607,154.2,9133.6
111.32,67.4,0.7112,-162,437,607,154.5,9131.4
111.34,67.4,0.7112,-163,438,607,154.9,9131.4
111.36,67.4,0.7112,-163,438,607,155.3,9132.9
111.38,67.4,0.7112,-163,439,608,155.7,9132.9
111.4,67.4,0.7113,-164,439,608,156,9126.3
111.42,67.4,0.7113,-164,440,608,156.2,9126.3
111.44,67.4,0.7115,-164,442,609,156.2,9121.2
111.46,67.4,0.7115,-165,443,610,155.8,9121.2
111.48,67.4,0.7117,-165,444,610,155,9113.9
111.5,67.4,0.7117,-165,446,611,153.4,9113.9
111.52,67.4,0.7118,-166,447,611,151,9110.3
111.54,67.4,0.7118,-167,448,611,147.7,9110.3
111.56,67.4,0.7116,-167,449,611,143.6,9117.6
111.58,67.4,0.7116,-168,449,611,138.9,9117.6
111.6,67.4,0.7112,-168,449,610,133.8,9129.9
111.62,67.4,0.7112,-168,449,610,128.6,9129.9
111.64,67.4,0.7109,-168,449,611,123.3,9142.3
111.66,67.4,0.7109,-167,448,611,118.3,9142.3
111.68,67.4,0.7112,-167,447,611,113.8,9129.9
111.7,67.4,0.7112,-165,447,612,109.9,9129.9
111.72,67.4,0.7108,-164,447,613,106.6,9147.5
111.74,67.4,0.7108,-162,447,613,104.1,9147.5
111.76,67.4,0.7112,-161,447,614,102.5,9131.4
111.78,67.4,0.7112,-159,447,615,101.8,9131.4
111.8,67.4,0.7111,-158,448,616,102.2,9135.1
111.82,67.4,0.7111,-156,448,616,103.4,9135.1
111.84,67.4,0.7113,-155,448,617,105.6,9128.5
111.86,67.4,0.7113,-154,448,617,108.5,9128.5
111.88,67.4,0.7119,-153,448,617,112.1,9106.6
111.9,67.4,0.7119,-152,448,618,116.1,9106.6
111.92,67.4,0.712,-151,448,618,120.6,9101.5
111.94,67.4,0.712,-151,448,618,125.3,9101.5
111.96,67.4,0.7124,-151,448,618,130.2,9087.7
111.98,67.4,0.7124,-151,448,618,135.1,9087.7
112,67.4,0.7127,-151,449,618,139.8,9078.2
112.02,67.4,0.7127,-151,449,618,144.4,9078.2
112.04,67.4,0.7128,-152,450,618,148.7,9074.6
112.06,67.4,0.7128,-152,451,617,152.7,9074.6
112.08,67.4,0.7129,-152,452,617,156.4,9069.5
112.1,67.4,0.7129,-152,453,617,159.7,9069.5
112.12,67.4,0.713,-153,454,617,162.4,9064.4
112.14,67.4,0.713,-153,455,617,164.8,9064.4
112.16,67.4,0.7129,-153,456,617,166.5,9068
112.18,67.4,0.7129,-153,457,617,167.5,9068
112.2,67.4,0.7132,-153,458,617,167.6,9059.3
112.22,67.4,0.7132,-153,459,617,166.7,9058.6
112.24,67.4,0.7132,-154,460,617,165,9057.1
112.26,67.4,0.7132,-154,461,617,162.7,9057.1
112.28,67.4,0.7131,-154,461,617,159.9,9060.7
112.3,67.4,0.7131,-154,462,617,156.8,9060.7
112.32,67.4,0.7132,-154,462,617,153.5,9059.3
112.34,67.4,0.7132,-154,462,618,150.1,9059.3
112.36,67.4,0.7132,-155,463,618,146.7,9057.1
112.38,67.4,0.7132,-155,463,618,143.3,9057.1
112.4,67.4,0.7131,-155,463,618,140,9060.7
112.42,67.4,0.7131,-154,463,618,136.9,9060.7
112.44,67.4,0.7131,-153,463,618,134.2,9062.9
112.46,67.4,0.7131,-153,463,618,131.9,9062.9
112.48,67.4,0.7132,-152,462,618,130.1,9057.1
112.5,67.4,0.7132,-151,462,618,129,9057.1
112.52,67.4,0.7129,-149,462,618,128.4,9068
112.54,67.4,0.7129,-148,462,618,128.5,9068
112.56,67.4,0.713,-148,461,617,129.2,9065.8
112.58,67.4,0.713,-147,461,617,130.6,9065.8
112.6,67.4,0.713,-146,460,617,132.5,9065.8
112.62,67.4,0.713,-146,460,616,134.9,9065.8
112.64,67.4,0.7131,-145,459,616,137.6,9060.7
112.66,67.4,0.7131,-145,459,616,140.6,9060.7
112.68,67.4,0.7136,-145,459,616,143.8,9043.3
112.7,67.4,0.7136,-145,458,616,146.9,9043.3
112.72,67.4,0.7137,-145,458,616,149.9,9041.8
112.74,67.4,0.7137,-146,458,616,152.4,9041.8
112.76,67.4,0.714,-146,458,615,154.4,9029.5
112.78,67.4,0.714,-146,458,615,155.7,9029.5
112.8,67.4,0.7143,-146,458,615,156.2,9020
112.82,67.4,0.7143,-147,459,615,156,9020
112.84,67.4,0.7144,-147,459,615,155,9014.9
112.86,67.4,0.7144,-147,460,614,153.5,9014.9
112.88,67.4,0.7143,-147,461,614,151.8,9018.6
112.9,67.4,0.7143,-146,462,614,150,9018.6
112.92,67.4,0.7142,-146,463,613,148.5,9021.5
112.94,67.4,0.7142,-146,464,613,147.3,9021.5
112.96,67.4,0.7145,-145,465,612,146.3,9012.7
112.98,67.4,0.7144,-145,466,612,145.7,9013.5
113,67.4,0.7143,-145,467,612,145.5,9018.6
113.02,67.4,0.7143,-144,467,611,145.6,9018.6
113.04,67.4,0.7146,-144,468,611,145.9,9007.7
113.06,67.4,0.7146,-144,469,611,146.5,9008.4
113.08,67.4,0.7143,-144,470,611,147,9017.1
113.1,67.4,0.7144,-144,470,611,147.8,9016.4
113.12,67.4,0.7145,-144,471,611,148.3,9011.3
113.14,67.4,0.7145,-144,471,610,148.4,9011.3
113.16,67.4,0.7148,-144,472,610,148.2,8998.9
113.18,67.4,0.7148,-145,472,610,147.7,8998.9
113.2,67.4,0.715,-145,472,611,146.7,8993.9
113.22,67.4,0.715,-145,472,611,145.4,8993.9
113.24,67.4,0.7151,-146,472,611,143.7,8990.2
113.26,67.4,0.7151,-146,472,611,141.7,8990.2
113.28,67.4,0.715,-146,472,611,139.5,8991.7
113.3,67.4,0.715,-146,471,611,137.1,8991.7
113.32,67.4,0.7152,-146,471,610,134.8,8985.1
113.34,67.4,0.7152,-146,470,610,132.6,8985.1
113.36,67.4,0.7153,-145,470,610,130.5,8983.7
113.38,67.4,0.7153,-145,469,609,128.6,8983
113.4,67.4,0.7154,-145,469,609,127,8979.3
113.42,67.4,0.7154,-145,468,609,125.5,8980.1
113.44,67.4,0.7155,-145,468,609,124.3,8976.4
113.46,67.4,0.7155,-145,468,609,123.1,8976.4
113.48,67.4,0.7156,-146,467,609,122.2,8972.8
113.5,67.4,0.7156,-146,467,609,121.4,8972.8
113.52,67.4,0.7157,-146,467,609,120.6,8969.2
113.54,67.4,0.7157,-146,467,609,120,8969.2
113.56,67.4,0.7156,-147,467,609,119.4,8971.4
113.58,67.4,0.7156,-147,466,609,118.9,8971.4
113.6,67.4,0.7156,-147,466,609,118.5,8971.4
113.62,67.4,0.7156,-147,466,609,118.2,8971.4
113.64,67.4,0.7157,-147,466,610,118,8967.7
113.66,67.4,0.7157,-148,466,610,118,8967.7
113.68,67.4,0.7159,-148,466,610,118,8961.2
113.7,67.4,0.7159,-148,465,610,118.1,8961.2
113.72,67.4,0.7159,-148,465,610,118.3,8959.7
113.74,67.4,0.7159,-149,465,610,118.6,8959.7
113.76,67.4,0.7161,-149,465,611,119,8953.9
113.78,67.4,0.7161,-149,465,611,119.3,8953.9
113.8,67.4,0.7165,-150,465,611,119.7,8939.4
113.82,67.4,0.7165,-150,465,611,120.1,8940.2
113.84,67.4,0.7165,-150,465,611,120.5,8940.2
113.86,67.4,0.7165,-151,465,611,120.9,8940.2
113.88,67.4,0.7165,-151,465,612,121.4,8938
113.9,67.4,0.7165,-151,465,612,121.7,8938.7
113.92,67.4,0.7166,-152,465,612,122.1,8936.5
113.94,67.4,0.7166,-152,464,612,122.5,8936.5
113.96,67.4,0.7165,-153,464,612,122.8,8938
113.98,67.4,0.7165,-153,464,612,123.1,8938.7
114,67.4,0.7165,-153,464,612,123.3,8938.7
114.02,67.4,0.7165,-154,464,613,123.6,8938.7
114.04,67.4,0.7163,-154,464,613,123.8,8946
114.06,67.4,0.7163,-154,464,613,124,8946
114.08,67.4,0.7162,-155,464,613,124.1,8951
114.1,67.4,0.7162,-155,463,613,124.3,8951
114.12,67.4,0.7162,-156,463,613,124.5,8948.1
114.14,67.4,0.7163,-156,463,614,124.6,8947.4
114.16,67.4,0.7162,-156,463,614,124.7,8948.9
114.18,67.4,0.7162,-157,463,614,124.8,8949.6
114.2,67.4,0.716,-157,463,614,124.9,8956.8
114.22,67.4,0.716,-157,463,614,125,8956.8
114.24,67.4,0.7162,-158,462,615,125,8951
114.26,67.4,0.7162,-158,462,615,125.1,8951
114.28,67.4,0.7162,-158,462,615,125.1,8951
114.3,67.4,0.7162,-159,462,615,125.1,8951
114.32,67.4,0.7161,-159,462,616,125.1,8953.2
114.34,67.3,0.7161,-159,462,616,125.2,8953.2
114.36,67.3,0.7158,-160,462,616,125.2,8964.1
114.38,67.3,0.7158,-160,462,616,125.2,8964.1
114.4,67.3,0.7161,-160,462,617,125.3,8953.2
114.42,67.4,0.7161,-160,462,617,125.4,8953.2
114.44,67.4,0.7162,-161,463,617,125.5,8949.6
114.46,67.4,0.7162,-161,463,617,125.6,8949.6
114.48,67.4,0.7162,-161,463,617,125.8,8948.1
114.5,67.3,0.7162,-161,463,618,125.9,8948.1
114.52,67.3,0.7165,-161,463,618,126.2,8939.4
114.54,67.4,0.7165,-161,463,618,126.5,8938.7
114.56,67.4,0.7165,-161,463,619,126.9,8937.3
114.58,67.3,0.7165,-161,462,619,127.4,8937.3
114.6,67.3,0.7166,-161,462,619,128,8935.8
114.62,67.3,0.7166,-161,462,620,128.7,8935.8
114.64,67.3,0.7168,-161,462,620,129.5,8928.6
114.66,67.4,0.7168,-161,462,620,130.4,8928.6
114.68,67.4,0.7169,-161,462,620,131.5,8922.8
114.7,67.4,0.7169,-161,462,621,132.8,8922.8
114.72,67.4,0.7174,-160,462,621,134.2,8905.4
114.74,67.4,0.7174,-160,462,621,135.9,8905.4
114.76,67.4,0.7178,-159,462,621,137.7,8891.6
114.78,67.3,0.7178,-158,462,620,139.8,8891.6
114.8,67.3,0.718,-158,462,620,142,8882.9
114.82,67.3,0.718,-158,462,619,144.3,8882.9
114.84,67.3,0.7182,-157,462,619,146.7,8877.2
114.86,67.4,0.7182,-157,462,618,149,8877.2
114.88,67.4,0.7183,-157,462,617,151.2,8875
114.9,67.4,0.7182,-157,462,617,153.3,8875.7
114.92,67.4,0.7182,-157,462,616,155.2,8877.2
114.94,67.4,0.7182,-156,461,615,156.9,8877.2
114.96,67.4,0.7184,-156,461,614,158.4,8869.9
114.98,67.3,0.7184,-156,461,614,159.6,8870.6
115,67.3,0.7183,-156,460,613,160.6,8872.1
115.02,67.3,0.7183,-156,460,612,161.3,8872.8
115.04,67.3,0.7186,-156,459,612,161.6,8863.4
115.06,67.3,0.7186,-155,459,611,161.5,8863.4
115.08,67.3,0.7186,-155,458,611,161,8862
115.1,67.3,0.7186,-155,457,611,160.2,8862
115.12,67.3,0.7187,-155,457,611,158.9,8859.8
115.14,67.3,0.7187,-154,456,611,157.3,8859.8
115.16,67.3,0.7188,-154,455,611,155.4,8856.2
115.18,67.4,0.7188,-153,454,611,153.4,8856.2
115.2,67.4,0.7188,-153,453,612,151.3,8856.2
115.22,67.4,0.7188,-153,453,612,149.3,8856.2
115.24,67.4,0.7188,-152,453,613,147.3,8856.2
115.26,67.4,0.7188,-152,452,614,145.4,8856.2
115.28,67.4,0.719,-151,452,615,143.6,8849
115.3,67.4,0.719,-151,452,615,142,8849
115.32,67.4,0.7191,-150,452,616,140.6,8845.3
115.34,67.4,0.7191,-150,452,617,139.3,8845.3
115.36,67.4,0.7193,-149,452,617,138,8838.8
115.38,67.4,0.7193,-149,452,618,136.7,8838.8
115.4,67.4,0.7193,-149,452,618,135.5,8836.7
115.42,67.4,0.7193,-149,453,618,134.1,8836.7
115.44,67.4,0.7193,-149,453,619,132.8,8836.7
115.46,67.4,0.7193,-149,453,619,131.4,8836.7
115.48,67.4,0.7195,-149,453,619,130.1,8831.6
115.5,67.3,0.7195,-148,453,619,128.9,8831.6
115.52,67.3,0.7197,-148,453,619,127.8,8824.4
115.54,67.4,0.7197,-148,454,618,126.9,8824.4
115.56,67.4,0.7196,-147,454,618,126.2,8828
115.58,67.4,0.7196,-147,454,618,125.7,8828
115.6,67.4,0.7196,-147,454,618,125.6,8826.5
115.62,67.4,0.7196,-146,454,618,125.7,8826.5
115.64,67.4,0.7196,-146,454,618,126.1,8826.5
115.66,67.4,0.7196,-145,454,617,126.8,8826.5
115.68,67.4,0.7197,-145,454,617,127.8,8824.4
115.7,67.4,0.7197,-145,454,617,128.9,8824.4
115.72,67.4,0.7198,-145,453,617,130.2,8820.8
115.74,67.4,0.7198,-145,453,617,131.5,8820.8
115.76,67.4,0.7199,-145,453,617,133,8817.2
115.78,67.4,0.7199,-145,453,617,134.4,8817.2
115.8,67.4,0.7199,-146,452,617,135.9,8817.2
115.82,67.3,0.7198,-146,452,617,137.3,8817.9
115.84,67.3,0.7199,-146,452,617,138.7,8814.3
115.86,67.3,0.7199,-147,451,617,139.9,8814.3
115.88,67.3,0.72,-147,451,618,141.1,8810.7
115.9,67.4,0.72,-148,451,618,142.2,8810.7
115.92,67.4,0.7201,-148,450,618,143.2,8807
115.94,67.4,0.7202,-149,450,618,144.3,8806.3
115.96,67.4,0.7202,-149,450,618,145.3,8804.9
115.98,67.4,0.7202,-149,449,619,146.3,8804.9
116,67.4,0.7203,-150,449,619,147.3,8802
116.02,67.4,0.7203,-150,449,619,148.4,8802
116.04,67.4,0.7204,-150,449,620,149.6,8796.2
116.06,67.4,0.7204,-151,448,620,150.8,8796.2
116.08,67.4,0.7205,-151,448,620,152,8794.1
116.1,67.4,0.7205,-151,448,621,153.3,8794.8
116.12,67.4,0.7204,-151,448,621,154.7,8796.2
116.14,67.4,0.7204,-152,447,622,156,8796.2
116.16,67.4,0.7206,-152,447,622,157.4,8789
116.18,67.4,0.7206,-152,447,622,158.7,8789.7
116.2,67.4,0.7207,-152,447,623,159.9,8786.1
116.22,67.4,0.7207,-153,447,623,160.9,8786.1
116.24,67.4,0.7209,-153,447,623,161.9,8780.3
116.26,67.4,0.7209,-154,447,623,162.6,8780.3
116.28,67.4,0.7209,-154,447,623,163.2,8778.9
116.3,67.4,0.7209,-155,447,623,163.5,8778.9
116.32,67.4,0.721,-155,447,623,163.6,8776.7
116.34,67.4,0.721,-156,447,623,163.5,8776.7
116.36,67.4,0.7209,-156,447,623,163.1,8778.9
116.38,67.4,0.7209,-157,447,623,162.6,8778.9
116.4,67.4,0.721,-157,447,624,161.8,8775.3
116.42,67.4,0.721,-157,447,624,160.8,8774.6
116.44,67.4,0.7209,-157,447,624,159.8,8778.2
116.46,67.4,0.7209,-157,447,624,158.6,8778.9
116.48,67.4,0.7209,-157,447,624,157.4,8780.3
116.5,67.4,0.7209,-157,447,625,156,8780.3
116.52,67.4,0.7208,-157,447,626,154.5,8781.8
116.54,67.4,0.7208,-156,447,626,152.9,8781.8
116.56,67.4,0.721,-156,447,627,151.3,8776.7
116.58,67.4,0.721,-156,448,628,149.7,8776.7
116.6,67.4,0.7207,-155,448,629,148.2,8787.6
116.62,67.4,0.7207,-155,448,629,146.7,8786.8
116.64,67.4,0.7209,-155,448,630,145.4,8778.2
116.66,67.4,0.7209,-154,448,630,144.1,8778.9
116.68,67.4,0.7207,-154,448,631,142.9,8785.4
116.7,67.4,0.7207,-154,449,632,141.7,8785.4
116.72,67.4,0.7209,-153,449,632,140.6,8780.3
116.74,67.4,0.7209,-153,449,633,139.5,8780.3
116.76,67.4,0.721,-153,449,634,138.4,8775.3
116.78,67.4,0.721,-152,450,634,137.3,8775.3
116.8,67.4,0.7211,-152,450,635,136.2,8771.7
116.82,67.4,0.7211,-152,451,635,135.1,8771.7
116.84,67.4,0.7212,-152,451,636,134,8768.1
116.86,67.4,0.7212,-151,452,636,132.9,8768.1
116.88,67.4,0.7212,-151,452,636,131.8,8768.1
116.9,67.3,0.7212,-150,453,637,130.8,8768.8
116.92,67.3,0.7212,-150,453,637,129.7,8770.2
116.94,67.4,0.7212,-149,453,637,128.7,8769.5
116.96,67.4,0.7214,-149,454,637,127.8,8762.3
116.98,67.4,0.7214,-149,454,637,126.8,8763
117,67.4,0.7214,-148,454,637,126,8760.9
117.02,67.4,0.7214,-148,454,637,125.3,8760.9
117.04,67.4,0.7217,-147,454,637,124.7,8752.2
117.06,67.4,0.7217,-147,454,637,124.1,8752.2
117.08,67.4,0.7214,-147,453,637,123.7,8763
117.1,67.4,0.7214,-147,453,638,123.3,8763
117.12,67.4,0.7215,-146,453,638,123.1,8758
117.14,67.4,0.7215,-146,453,638,123,8758
117.16,67.4,0.7214,-145,453,639,123.2,8761.6
117.18,67.4,0.7214,-145,453,639,123.5,8761.6
117.2,67.4,0.7217,-144,453,640,124,8750.8
117.22,67.4,0.7217,-144,453,640,124.7,8750.8
117.24,67.4,0.722,-144,452,641,125.5,8740
117.26,67.4,0.722,-144,452,641,126.5,8740
117.28,67.4,0.722,-143,452,642,127.6,8738.5
117.3,67.4,0.722,-143,452,642,128.8,8738.5
117.32,67.4,0.7223,-144,452,642,130,8727.7
117.34,67.4,0.7223,-144,453,643,131.2,8727.7
117.36,67.4,0.7225,-144,453,643,132.4,8722.7
117.38,67.4,0.7225,-144,453,643,133.5,8722.7
117.4,67.4,0.7227,-144,453,644,134.7,8715.5
117.42,67.4,0.7227,-145,453,644,135.7,8715.5
117.44,67.4,0.7227,-145,453,644,136.7,8714
117.46,67.4,0.7227,-145,453,645,137.7,8713.3
117.48,67.4,0.7227,-146,453,645,138.6,8715.5
117.5,67.4,0.7227,-146,453,645,139.4,8715.5
117.52,67.4,0.7228,-147,454,645,140.2,8711.9
117.54,67.4,0.7228,-147,454,645,141,8711.9
117.56,67.4,0.7231,-148,454,645,141.7,8701.1
117.58,67.4,0.7231,-148,454,645,142.4,8701.1
117.6,67.4,0.7232,-149,454,645,143,8698.2
117.62,67.4,0.7232,-149,454,646,143.6,8697.5
117.64,67.4,0.7231,-150,454,646,144.2,8699.7
117.66,67.4,0.7231,-151,454,646,144.7,8699.7
117.68,67.4,0.7233,-151,454,646,145.2,8694.6
117.7,67.4,0.7233,-152,454,646,145.6,8694.6
117.72,67.4,0.7233,-152,454,646,146.1,8692.5
117.74,67.4,0.7233,-153,454,646,146.5,8692.5
117.76,67.4,0.7234,-153,454,646,146.8,8691
117.78,67.4,0.7234,-154,454,646,147.2,8691
117.8,67.4,0.7236,-154,454,646,147.5,8683.8
117.82,67.4,0.7236,-155,454,646,147.8,8683.8
117.84,67.4,0.7236,-155,454,647,148,8681
117.86,67.4,0.7236,-156,454,647,148.2,8681
117.88,67.4,0.7236,-156,454,647,148.3,8683.8
117.9,67.4,0.7236,-157,454,647,148.4,8683.8
117.92,67.4,0.7235,-157,455,648,148.4,8686
117.94,67.4,0.7235,-158,455,648,148.3,8686
117.96,67.4,0.7236,-158,455,648,148.1,8682.4
117.98,67.4,0.7236,-158,456,649,147.7,8682.4
118,67.4,0.7236,-159,456,649,147.2,8682.4
118.02,67.3,0.7236,-159,457,650,146.4,8682.4
118.04,67.3,0.7236,-160,457,650,145.4,8681
118.06,67.4,0.7236,-160,458,651,143.9,8681
118.08,67.4,0.7235,-161,458,651,142.2,8686
118.1,67.3,0.7235,-161,459,652,140.1,8686.7
118.12,67.3,0.7231,-162,459,652,137.7,8700.4
118.14,67.4,0.7231,-162,460,652,134.9,8699.7
118.16,67.4,0.723,-162,460,653,131.9,8705.4
118.18,67.3,0.723,-163,461,653,128.8,8705.4
118.2,67.3,0.723,-163,461,653,125.5,8705.4
118.22,67.3,0.723,-163,461,653,122.3,8705.4
118.24,67.3,0.7231,-163,461,653,119.1,8701.8
118.26,67.3,0.7231,-162,462,653,116,8701.8
118.28,67.3,0.7231,-162,462,653,113.1,8700.4
118.3,67.3,0.7231,-162,462,653,110.4,8700.4
118.32,67.3,0.7227,-161,462,652,108,8714.8
118.34,67.3,0.7227,-160,463,652,106.1,8714.8
118.36,67.3,0.7233,-159,463,652,104.8,8691.7
118.38,67.3,0.7233,-158,464,651,104,8691.7
118.4,67.3,0.7233,-157,464,651,104,8691.7
118.42,67.3,0.7233,-156,465,650,104.8,8692.5
118.44,67.3,0.7233,-154,466,650,106.5,8692.5
118.46,67.3,0.7233,-153,466,649,109.1,8691.7
118.48,67.3,0.724,-152,466,648,112.2,8667.3
118.5,67.3,0.724,-152,466,647,116,8668
118.52,67.3,0.7243,-151,466,647,120.3,8657.2
118.54,67.3,0.7243,-151,466,646,124.9,8657.2
118.56,67.3,0.7246,-151,465,646,129.6,8646.4
118.58,67.3,0.7246,-152,465,645,134,8646.4
118.6,67.3,0.7248,-153,464,645,138.1,8637.8
118.62,67.3,0.7248,-153,464,645,141.5,8637.8
118.64,67.3,0.7252,-155,464,646,143.9,8625.6
118.66,67.3,0.7252,-156,464,646,145.1,8625.6
118.68,67.3,0.7252,-157,464,647,145.2,8624.2
118.7,67.3,0.7252,-158,464,647,144,8624.2
118.72,67.3,0.7248,-159,464,648,141.9,8640
118.74,67.3,0.7248,-160,464,649,139.1,8639.3
118.76,67.3,0.7246,-161,465,649,135.8,8647.9
118.78,67.3,0.7245,-161,465,650,132.3,8648.6
118.8,67.3,0.7244,-161,466,651,128.7,8655.1
118.82,67.3,0.7244,-161,467,651,125.3,8655.1
118.84,67.3,0.7246,-161,467,652,122,8647.9
118.86,67.3,0.7246,-161,468,653,118.9,8647.9
118.88,67.3,0.7247,-161,469,653,116.2,8641.4
118.9,67.3,0.7247,-160,470,653,113.9,8641.4
118.92,67.3,0.7248,-159,470,653,112.1,8637.8
118.94,67.3,0.7248,-159,471,653,110.7,8637.8
118.96,67.3,0.7247,-158,472,653,110.1,8641.4
118.98,67.3,0.7247,-157,473,653,110.1,8641.4
119,67.3,0.7251,-156,474,653,110.9,8627.1
119.02,67.3,0.7251,-155,475,653,112.6,8627.8
119.04,67.3,0.7251,-155,476,653,115,8627.8
119.06,67.3,0.7251,-154,477,654,118.3,8627.8
119.08,67.3,0.7254,-153,478,654,122.4,8617
119.1,67.3,0.7254,-153,479,655,127.1,8617
119.12,67.3,0.7257,-153,481,656,132.4,8606.2
119.14,67.3,0.7257,-153,482,657,138,8606.2
119.16,67.3,0.726,-153,483,658,143.6,8595.5
119.18,67.3,0.726,-154,484,659,148.7,8596.2
119.2,67.3,0.7262,-155,484,661,152.3,8587.6
119.22,67.3,0.7262,-157,485,662,153.4,8587.6
119.24,67.3,0.7263,-158,485,662,151.4,8585.4
119.26,67.3,0.7263,-160,484,663,146.7,8585.4
119.28,67.3,0.7263,-161,484,662,140.3,8584
119.3,67.3,0.7264,-161,483,661,133.5,8583.3
119.32,67.3,0.7264,-161,482,660,126.7,8583.3
119.34,67.3,0.7263,-160,481,658,120.7,8584
119.36,67.3,0.7264,-159,481,657,115.4,8580.4
119.38,67.3,0.7264,-157,480,655,111.3,8580.4
119.4,67.3,0.7265,-156,480,654,108.2,8576.8
119.42,67.3,0.7265,-155,481,653,106.2,8576.8
119.44,67.3,0.7266,-153,481,652,105.3,8575.4
119.46,67.3,0.7266,-152,481,651,105.3,8575.4
119.48,67.3,0.7266,-151,481,650,106.1,8573.3
119.5,67.3,0.7266,-150,481,649,107.7,8573.3
119.52,67.3,0.7268,-150,481,648,109.9,8568.2
119.54,67.3,0.7268,-149,480,648,112.7,8568.2
119.56,67.3,0.7268,-149,480,647,116,8566.8
119.58,67.3,0.7268,-149,479,646,119.8,8566.8
119.6,67.3,0.7271,-149,478,645,123.7,8558.2
119.62,67.3,0.7271,-149,477,645,127.8,8557.5
119.64,67.3,0.7272,-149,476,645,131.9,8553.9
119.66,67.3,0.7272,-150,475,645,135.4,8554.6
119.68,67.3,0.7271,-151,474,645,138.3,8558.2
119.7,67.3,0.7271,-152,474,646,140.1,8557.5
119.72,67.3,0.7268,-154,473,646,140.6,8567.5
119.74,67.3,0.7268,-155,473,647,139.8,8568.2
119.76,67.3,0.7265,-155,473,648,137.8,8579
119.78,67.3,0.7265,-156,473,649,134.9,8579
119.8,67.3,0.7265,-156,474,650,131.5,8576.8
119.82,67.3,0.7265,-156,474,651,127.9,8576.8
119.84,67.3,0.7268,-156,475,651,124.6,8568.2
119.86,67.3,0.7268,-154,476,652,121.6,8568.2
119.88,67.3,0.7267,-153,477,652,119.3,8570.4
119.9,67.3,0.7267,-151,478,653,118.1,8570.4
119.92,67.3,0.727,-150,479,653,117.7,8561.1
119.94,67.3,0.727,-149,479,653,118.2,8561.1
119.96,67.3,0.7271,-148,480,653,119.5,8558.2
119.98,67.3,0.7271,-147,481,652,121.5,8557.5
120,67.3,0.7273,-147,482,652,124.1,8550.3
120.02,67.3,0.7273,-146,482,651,127.2,8550.3
120.04,67.3,0.7278,-146,483,651,130.6,8533.1
120.06,67.3,0.7277,-146,483,650,134.3,8533.9
120.08,67.3,0.7279,-146,484,649,138.2,8526.7
120.1,67.3,0.7279,-147,484,648,142,8526.7
120.12,67.3,0.7278,-147,484,648,145.9,8530.3
120.14,67.3,0.7278,-147,483,647,149.6,8530.3
120.16,67.3,0.7278,-148,483,646,153.2,8530.3
120.18,67.3,0.7278,-148,482,646,156.6,8530.3
120.2,67.3,0.7278,-149,482,645,159.8,8533.1
120.22,67.3,0.7277,-149,481,645,162.7,8533.9
120.24,67.3,0.7279,-150,480,644,165.3,8528.9
120.26,67.3,0.7279,-150,479,644,167.6,8528.9
120.28,67.3,0.7281,-150,479,644,169.6,8521.7
120.3,67.3,0.7281,-150,478,644,171.1,8521.7
120.32,67.3,0.7282,-151,477,644,172,8518.1
120.34,67.3,0.7282,-151,477,644,172.2,8518.8
120.36,67.3,0.7282,-151,476,644,171.8,8516.7
120.38,67.3,0.7282,-151,476,644,170.8,8517.4
120.4,67.3,0.7279,-152,475,644,169.4,8529.6
120.42,67.3,0.7279,-152,475,644,167.7,8528.9
120.44,67.3,0.7279,-152,474,644,165.8,8527.4
120.46,67.3,0.7279,-153,474,644,163.8,8527.4
120.48,67.3,0.7279,-153,473,644,161.5,8527.4
120.5,67.3,0.7279,-153,473,644,159.2,8527.4
120.52,67.3,0.7277,-154,473,645,156.8,8536
120.54,67.3,0.7277,-154,473,645,154.3,8536
120.56,67.3,0.7279,-154,473,645,151.8,8527.4
120.58,67.3,0.7279,-155,473,645,149.2,8527.4
120.6,67.3,0.7277,-155,473,646,146.6,8534.6
120.62,67.3,0.7277,-156,473,646,144,8534.6
120.64,67.3,0.7276,-156,473,646,141.3,8537.4
120.66,67.3,0.7276,-157,473,647,138.6,8537.4
120.68,67.3,0.7279,-157,474,647,135.9,8526.7
120.7,67.3,0.7279,-157,474,647,133.3,8527.4
120.72,67.3,0.7282,-158,474,647,130.6,8516.7
120.74,67.3,0.7282,-158,474,647,127.9,8517.4
120.76,67.3,0.7279,-158,475,648,125.3,8529.6
120.78,67.3,0.7279,-158,475,648,122.7,8529.6
120.8,67.3,0.7282,-158,475,648,120.1,8517.4
120.82,67.3,0.7282,-159,475,648,117.7,8517.4
120.84,67.3,0.7284,-159,475,648,115.3,8511.7
120.86,67.3,0.7284,-159,476,649,112.9,8511.7
120.88,67.3,0.7284,-159,476,649,110.7,8509.5
120.9,67.3,0.7284,-160,476,649,108.5,8510.2
120.92,67.3,0.7286,-160,476,649,106.4,8501.7
120.94,67.3,0.7286,-160,476,649,104.5,8501.7
120.96,67.3,0.7289,-160,476,649,102.6,8492.4
120.98,67.3,0.7289,-161,476,649,100.9,8492.4
121,67.3,0.7292,-161,476,649,99.4,8482.4
121.02,67.3,0.7292,-161,477,649,98.1,8482.4
121.04,67.3,0.7296,-161,477,649,96.9,8468.8
121.06,67.3,0.7296,-161,477,649,96.1,8468.1
121.08,67.3,0.7297,-161,477,649,95.5,8465.2
121.1,67.3,0.7297,-161,477,650,95.3,8464.5
121.12,67.3,0.7297,-160,477,650,95.5,8463.1
121.14,67.3,0.7297,-160,477,650,96.1,8463.1
121.16,67.3,0.7295,-160,477,650,97.2,8470.2
121.18,67.3,0.7295,-159,477,650,98.7,8469.5
121.2,67.3,0.7294,-159,477,650,100.9,8475.2
121.22,67.3,0.7294,-158,477,650,103.6,8475.2
121.24,67.3,0.7292,-158,477,650,106.8,8480.2
121.26,67.3,0.7292,-157,478,650,110.5,8480.9
121.28,67.3,0.7292,-157,478,650,114.7,8482.4
121.3,67.3,0.7292,-157,479,650,119.4,8482.4
121.32,67.3,0.7293,-157,479,650,124.3,8478.8
121.34,67.3,0.7293,-157,479,650,129.5,8478.8
121.36,67.3,0.7295,-157,480,650,134.9,8470.2
121.38,67.3,0.7295,-157,480,650,140.4,8470.2
121.4,67.3,0.7301,-157,480,650,145.9,8450.9
121.42,67.3,0.73,-158,480,649,151.3,8451.6
121.44,67.3,0.7301,-158,480,649,156.5,8448.1
121.46,67.3,0.7301,-159,480,649,161.3,8448.1
121.48,67.3,0.7303,-159,479,649,165.6,8440.9
121.5,67.3,0.7303,-160,479,649,169.4,8441.6
121.52,67.3,0.7305,-160,478,648,172.2,8436.7
121.54,67.3,0.7305,-160,477,648,174.1,8436.7
121.56,67.3,0.7305,-160,476,647,174.8,8434.5
121.58,67.2,0.7305,-160,475,647,174.7,8435.2
121.6,67.2,0.7304,-160,474,647,174.4,8438.8
121.62,67.3,0.7304,-160,474,646,174.4,8438.1
121.64,67.3,0.7307,-160,473,646,174.8,8428.1
121.66,67.2,0.7307,-160,472,646,175.6,8428.1
121.68,67.2,0.7307,-160,471,646,176.7,8428.1
121.7,67.2,0.7307,-160,471,646,178.1,8428.1
121.72,67.2,0.7307,-160,470,646,178.3,8426.7
121.74,67.2,0.7307,-160,470,646,176.4,8426.7
121.76,67.2,0.7308,-160,469,646,173.8,8423.1
121.78,67.2,0.7308,-159,468,646,170.8,8423.1
121.8,67.2,0.7307,-159,468,647,167.6,8426.7
121.82,67.2,0.7307,-159,467,647,164.1,8426.7
121.84,67.2,0.7306,-159,467,648,160.5,8430.2
121.86,67.2,0.7307,-159,467,649,156.9,8429.5
121.88,67.2,0.7305,-159,467,650,153.3,8436.7
121.9,67.3,0.7305,-158,467,651,149.9,8436.7
121.92,67.3,0.7302,-157,468,652,146.8,8445.2
121.94,67.2,0.7302,-157,468,653,144,8445.9
121.96,67.2,0.7303,-156,469,654,141.6,8442.4
121.98,67.2,0.7303,-155,469,655,139.5,8442.4
122,67.2,0.7302,-155,470,656,137.8,8444.5
122.02,67.2,0.7302,-154,471,657,136.3,8444.5
122.04,67.2,0.7303,-153,472,658,135.1,8442.4
122.06,67.2,0.7303,-153,473,658,133.9,8442.4
122.08,67.2,0.7305,-153,474,659,132.8,8435.2
122.1,67.2,0.7305,-152,474,659,131.6,8435.9
122.12,67.2,0.7308,-152,475,659,130.3,8423.8
122.14,67.2,0.7308,-152,475,659,129,8423.1
122.16,67.2,0.731,-152,475,658,127.7,8416.7
122.18,67.2,0.731,-152,476,658,126.4,8416.7
122.2,67.2,0.7311,-152,476,658,125.1,8413.1
122.22,67.2,0.7311,-152,476,658,123.8,8413.1
122.24,67.2,0.7311,-151,475,658,122.7,8413.1
122.26,67.2,0.7311,-151,475,658,121.7,8413.1
122.28,67.2,0.7312,-151,475,658,120.9,8411
122.3,67.2,0.7312,-151,475,658,120.3,8411
122.32,67.2,0.7313,-151,474,658,120,8406
122.34,67.2,0.7313,-151,474,658,119.9,8406
122.36,67.2,0.7314,-150,474,658,120.1,8402.4
122.38,67.2,0.7314,-150,474,658,120.5,8402.4
122.4,67.2,0.7315,-151,474,658,121.1,8401
122.42,67.2,0.7315,-151,473,658,121.8,8401
122.44,67.2,0.7318,-151,473,658,122.6,8390.3
122.46,67.2,0.7318,-151,473,659,123.6,8390.3
122.48,67.2,0.732,-152,473,659,124.6,8381.7
122.5,67.2,0.732,-152,473,659,125.8,8381.7
122.52,67.2,0.7322,-152,472,659,127,8374.6
122.54,67.2,0.7322,-153,472,659,128.4,8374.6
122.56,67.2,0.7322,-153,472,659,129.9,8373.2
122.58,67.2,0.7322,-153,472,659,131.5,8373.2
122.6,67.2,0.7321,-153,472,659,133.3,8376.8
122.62,67.2,0.7322,-154,472,659,135.2,8376
122.64,67.2,0.7323,-154,472,659,137.3,8371.1
122.66,67.2,0.7323,-154,471,660,139.5,8371.1
122.68,67.2,0.7325,-154,471,660,141.9,8362.5
122.7,67.2,0.7325,-155,471,660,144.4,8362.5
122.72,67.2,0.7329,-155,471,660,147,8350.4
122.74,67.2,0.7329,-155,471,660,149.7,8350.4
122.76,67.2,0.733,-156,471,661,152.4,8346.8
122.78,67.2,0.733,-156,471,661,155.2,8346.8
122.8,67.2,0.7329,-156,471,661,157.9,8350.4
122.82,67.2,0.7329,-157,471,661,160.6,8350.4
122.84,67.2,0.7329,-157,471,661,163.2,8348.3
122.86,67.2,0.7329,-158,471,661,165.6,8348.3
122.88,67.2,0.733,-158,471,661,167.8,8346.8
122.9,67.2,0.733,-159,471,661,169.4,8346.8
122.92,67.2,0.7327,-159,471,661,170.2,8357.5
122.94,67.2,0.7327,-160,471,661,170,8356.8
122.96,67.2,0.7326,-160,472,662,169,8358.9
122.98,67.2,0.7326,-160,472,662,167.3,8358.9
123,67.2,0.7327,-160,473,663,165.3,8355.4
123.02,67.2,0.7327,-160,473,663,163.3,8355.4
123.04,67.2,0.7324,-160,474,664,161.3,8368.9
123.06,67.3,0.7324,-160,475,665,159.5,8368.9
123.08,67.3,0.7325,-160,475,666,157.8,8363.9
123.1,67.2,0.7325,-159,476,667,156.3,8363.9
123.12,67.2,0.7324,-159,477,667,155,8367.5
123.14,67.2,0.7324,-159,478,668,153.8,8367.5
123.16,67.2,0.7324,-159,479,668,152.6,8367.5
123.18,67.2,0.7324,-159,480,669,151.4,8367.5
123.2,67.2,0.7328,-158,480,669,150.1,8353.3
123.22,67.3,0.7328,-158,481,669,148.7,8353.3
123.24,67.3,0.733,-158,482,669,147,8346.1
123.26,67.3,0.733,-158,483,670,145.1,8346.1
123.28,67.3,0.7332,-158,483,670,142.9,8339
123.3,67.3,0.7332,-158,484,670,140.5,8339.7
123.32,67.3,0.7332,-158,484,670,137.9,8339.7
123.34,67.3,0.7332,-158,485,670,135.2,8339.7
123.36,67.3,0.7332,-158,485,670,132.4,8337.6
123.38,67.3,0.7332,-158,485,669,129.7,8337.6
123.4,67.3,0.7334,-157,485,669,127.1,8332.6
123.42,67.2,0.7334,-157,485,669,124.6,8332.6
123.44,67.2,0.7333,-156,485,669,122.5,8334.8
123.46,67.2,0.7333,-156,485,669,120.6,8334.8
123.48,67.2,0.7336,-155,486,669,119.1,8324.1
123.5,67.2,0.7336,-154,486,669,118,8324.1
123.52,67.2,0.7337,-153,486,669,117.3,8322.7
123.54,67.3,0.7337,-153,486,670,116.9,8321.9
123.56,67.3,0.7339,-152,486,670,117,8313.4
123.58,67.2,0.7339,-151,486,670,117.5,8314.1
123.6,67.2,0.7338,-151,486,671,118.3,8317.7
123.62,67.3,0.7338,-150,486,671,119.4,8317
123.64,67.3,0.734,-150,486,672,120.8,8309.9
123.66,67.2,0.734,-149,486,672,122.3,8310.6
123.68,67.2,0.7341,-149,486,673,124,8307
123.7,67.3,0.7341,-149,486,673,125.8,8306.3
123.72,67.3,0.7346,-149,487,674,127.6,8290.7
123.74,67.2,0.7345,-149,487,674,129.4,8291.4
123.76,67.2,0.7346,-149,487,675,131.1,8289.3
123.78,67.2,0.7346,-150,488,675,132.7,8289.3
123.8,67.2,0.7348,-150,488,676,134.1,8282.9
123.82,67.2,0.7348,-150,489,676,135.4,8282.9
123.84,67.2,0.7349,-150,490,677,136.4,8277.2
123.86,67.2,0.7349,-151,490,677,137.2,8277.2
123.88,67.2,0.7349,-151,491,678,137.7,8279.3
123.9,67.2,0.7349,-151,492,678,137.9,8279.3
123.92,67.2,0.735,-151,493,679,137.8,8275.8
123.94,67.2,0.735,-152,494,679,137.5,8275.8
123.96,67.2,0.7348,-152,495,679,136.9,8280.7
123.98,67.2,0.7348,-152,495,680,136,8280.7
124,67.2,0.7347,-153,496,680,135,8284.3
124.02,67.2,0.7347,-153,497,680,133.7,8284.3
124.04,67.2,0.7347,-153,498,680,132.3,8284.3
124.06,67.2,0.7347,-154,499,680,130.7,8285
124.08,67.2,0.7345,-154,499,680,128.9,8292.1
124.1,67.2,0.7345,-154,500,680,127,8291.4
124.12,67.2,0.7345,-154,501,680,125,8292.8
124.14,67.2,0.7345,-155,502,679,123,8292.8
124.16,67.2,0.7345,-155,502,679,120.9,8292.8
124.18,67.2,0.7345,-155,502,679,118.9,8293.5
124.2,67.2,0.7346,-155,503,679,116.9,8290
124.22,67.2,0.7346,-155,503,679,114.9,8290
124.24,67.2,0.7348,-155,503,678,113,8281.4
124.26,67.2,0.7348,-156,503,678,111.2,8281.4
124.28,67.2,0.7353,-155,504,678,109.5,8263.7
124.3,67.2,0.7353,-155,504,678,107.9,8263.7
124.32,67.2,0.7352,-155,505,677,106.5,8267.2
124.34,67.2,0.7352,-155,505,677,105.4,8267.2
124.36,67.2,0.7354,-154,506,676,104.6,8260.8
124.38,67.2,0.7354,-153,506,676,104.1,8260.8
124.4,67.2,0.7353,-153,506,676,103.9,8265.8
124.42,67.2,0.7353,-153,507,676,103.9,8265.8
124.44,67.2,0.7354,-153,507,676,104.1,8262.3
124.46,67.2,0.7354,-153,507,676,104.4,8262.3
124.48,67.2,0.7355,-153,507,675,104.7,8257.3
124.5,67.2,0.7355,-153,507,675,105,8257.3
124.52,67.2,0.7354,-153,507,675,105.3,8260.1
124.54,67.2,0.7354,-154,507,676,105.6,8260.8
124.56,67.2,0.7353,-154,507,676,105.8,8263
124.58,67.2,0.7353,-154,507,676,106,8263
124.6,67.2,0.7353,-155,507,676,106.2,8264.4
124.62,67.2,0.7353,-155,507,676,106.3,8264.4
124.64,67.2,0.7354,-155,507,676,106.5,8259.4
124.66,67.2,0.7355,-156,507,676,106.5,8258.7
124.68,67.2,0.7354,-156,507,676,106.6,8260.8
124.7,67.2,0.7354,-156,507,677,106.6,8260.8
124.72,67.2,0.7355,-157,507,677,106.5,8257.3
124.74,67.2,0.7355,-157,507,677,106.5,8257.3
124.76,67.2,0.7357,-157,507,677,106.4,8250.2
124.78,67.2,0.7357,-158,507,677,106.2,8250.2
124.8,67.2,0.7358,-158,507,678,106.1,8245.2
124.82,67.2,0.7358,-158,507,678,105.9,8245.9
124.84,67.2,0.7358,-159,507,678,105.7,8247.4
124.86,67.2,0.7358,-159,508,678,105.5,8247.4
124.88,67.2,0.7358,-159,508,678,105.3,8245.2
124.9,67.2,0.7358,-160,508,678,105.1,8245.2
124.92,67.2,0.7361,-160,508,679,104.9,8236.7
124.94,67.2,0.7361,-160,508,679,104.6,8236.7
124.96,67.2,0.7362,-161,508,679,104.4,8231.8
124.98,67.2,0.7362,-161,508,679,104.2,8231.8
125,67.2,0.7363,-161,509,679,104,8228.2
125.02,67.2,0.7363,-162,509,679,103.8,8228.2
125.04,67.2,0.7363,-162,509,679,103.6,8228.2
125.06,67.2,0.7363,-162,509,679,103.6,8228.2
125.08,67.2,0.7367,-163,510,679,103.5,8216.2
125.1,67.2,0.7367,-163,510,679,103.6,8216.2
125.12,67.2,0.7372,-163,510,680,103.6,8197
125.14,67.2,0.7372,-163,510,680,103.7,8197
125.16,67.2,0.7373,-164,511,680,103.9,8192.1
125.18,67.2,0.7373,-164,511,680,104.1,8192.1
125.2,67.2,0.7376,-164,511,680,104.4,8183.6
125.22,67.2,0.7376,-164,512,680,104.8,8183.6
125.24,67.2,0.7374,-164,512,680,105.3,8190.6
125.26,67.2,0.7374,-165,513,680,105.8,8189.9
125.28,67.2,0.7374,-165,513,681,106.3,8189.9
125.3,67.2,0.7374,-165,513,681,106.9,8190.6
125.32,67.2,0.7375,-165,514,681,107.4,8187.1
125.34,67.2,0.7375,-166,514,681,108,8186.4
125.36,67.2,0.7376,-166,515,681,108.6,8183.6
125.38,67.2,0.7376,-166,515,681,109.1,8183.6
125.4,67.2,0.7376,-166,515,681,109.6,8183.6
125.42,67.2,0.7376,-167,516,681,110,8183.6
125.44,67.2,0.7376,-167,516,681,110.3,8183.6
125.46,67.2,0.7376,-167,516,681,110.5,8183.6
125.48,67.2,0.7376,-168,517,681,110.7,8183.6
125.5,67.2,0.7376,-168,517,681,110.8,8183.6
125.52,67.2,0.7375,-168,517,681,110.8,8185.7
125.54,67.2,0.7375,-168,518,681,110.7,8185
125.56,67.2,0.7374,-168,518,681,110.6,8188.5
125.58,67.2,0.7374,-168,518,681,110.4,8188.5
125.6,67.2,0.7374,-168,519,680,110.2,8188.5
125.62,67.2,0.7374,-168,519,680,109.9,8188.5
125.64,67.2,0.7374,-168,519,679,109.7,8188.5
125.66,67.2,0.7374,-168,519,678,109.4,8189.2
125.68,67.2,0.7377,-168,519,678,109.2,8178.6
125.7,67.2,0.7377,-168,520,677,109.1,8178.6
125.72,67.2,0.7379,-168,520,676,109,8173.7
125.74,67.2,0.7379,-168,520,676,109.1,8172.9
125.76,67.2,0.738,-168,520,675,109.3,8169.4
125.78,67.2,0.738,-168,520,675,109.7,8169.4
125.8,67.2,0.7382,-168,521,674,110.1,8160.9
125.82,67.2,0.7382,-168,521,673,110.7,8161.6
125.84,67.2,0.7383,-168,521,673,111.3,8159.5
125.86,67.2,0.7383,-168,521,673,112.1,8159.5
125.88,67.2,0.7385,-168,521,672,112.8,8151
125.9,67.2,0.7385,-168,521,672,113.6,8151
125.92,67.2,0.7387,-168,522,671,114.3,8145.4
125.94,67.2,0.7386,-168,522,671,115.1,8146.1
125.96,67.2,0.7387,-168,522,671,115.8,8142.5
125.98,67.2,0.7387,-168,522,671,116.4,8142.5
126,67.2,0.7389,-168,522,671,117.1,8137.6
126.02,67.2,0.7389,-168,522,671,117.7,8137.6
126.04,67.2,0.739,-168,523,671,118.3,8132.6
126.06,67.2,0.739,-168,523,671,118.9,8131.9
126.08,67.2,0.7392,-168,523,671,119.4,8125.6
126.1,67.2,0.7392,-168,524,671,120,8124.8
126.12,67.2,0.7392,-168,524,671,120.6,8124.8
126.14,67.2,0.7392,-168,525,671,121.3,8125.6
126.16,67.2,0.7392,-168,525,671,122,8125.6
126.18,67.2,0.7392,-168,526,671,122.9,8125.6
126.2,67.2,0.7392,-168,526,672,123.8,8127
126.22,67.2,0.7392,-168,527,672,124.8,8127
126.24,67.2,0.7394,-167,528,672,125.9,8119.9
126.26,67.2,0.7394,-167,528,671,127.1,8120.6
126.28,67.2,0.7393,-167,529,671,128.4,8122
126.3,67.2,0.7393,-167,529,671,129.8,8121.3
126.32,67.2,0.7394,-166,530,671,131.3,8117.8
126.34,67.2,0.7394,-166,530,671,132.8,8117.8
126.36,67.2,0.7396,-166,530,671,134.5,8112.8
126.38,67.2,0.7396,-166,531,671,136.3,8112.8
126.4,67.2,0.7394,-166,531,671,138,8117.8
126.42,67.2,0.7394,-166,531,670,139.8,8118.5
126.44,67.2,0.7395,-166,531,670,141.6,8117.1
126.46,67.2,0.7395,-166,531,670,143.4,8116.4
126.48,67.2,0.7397,-166,530,670,145.1,8107.9
126.5,67.2,0.7397,-167,530,670,146.7,8107.9
126.52,67.2,0.7396,-167,530,670,148.3,8111.4
126.54,67.2,0.7396,-168,530,670,149.8,8111.4
126.56,67.2,0.7396,-168,530,670,151.3,8113.5
126.58,67.2,0.7396,-169,530,670,152.7,8113.5
126.6,67.2,0.7397,-169,530,670,154.2,8110
126.62,67.2,0.7397,-170,530,670,155.5,8109.3
126.64,67.2,0.7399,-171,530,670,156.9,8102.9
126.66,67.2,0.7399,-171,530,670,158.2,8102.9
126.68,67.2,0.74,-172,530,670,159.5,8099.4
126.7,67.2,0.74,-172,530,670,160.7,8099.4
126.72,67.2,0.7399,-173,530,670,162,8100.8
126.74,67.2,0.7399,-174,530,670,163.1,8100.8
126.76,67.2,0.7399,-174,530,670,164.3,8100.8
126.78,67.2,0.7399,-175,531,670,165.4,8100.8
126.8,67.2,0.7402,-175,531,670,166.4,8090.9
126.82,67.2,0.7402,-176,531,671,167.4,8090.9
126.84,67.2,0.7404,-176,531,671,168.3,8082.5
126.86,67.2,0.7404,-177,531,671,169.1,8082.5
126.88,67.2,0.7404,-177,531,671,169.9,8084.6
126.9,67.2,0.7404,-178,531,671,170.5,8084.6
126.92,67.2,0.7405,-178,531,671,171,8081.1
126.94,67.2,0.7405,-178,531,671,171.4,8081.1
126.96,67.2,0.7405,-179,531,671,171.5,8078.9
126.98,67.2,0.7405,-179,531,671,171.4,8078.9
127,67.2,0.7407,-179,531,670,171.2,8073.3
127.02,67.2,0.7407,-179,531,670,170.9,8074
127.04,67.2,0.7406,-180,532,670,170.5,8076.8
127.06,67.2,0.7406,-180,532,670,170.1,8076.8
127.08,67.2,0.7407,-180,532,670,169.8,8071.9
127.1,67.2,0.7407,-180,533,669,169.6,8071.9
127.12,67.2,0.7407,-179,533,669,169.6,8074
127.14,67.2,0.7407,-179,534,669,169.7,8074
127.16,67.2,0.7409,-179,534,669,170,8065.5
127.18,67.2,0.7409,-179,535,669,170.4,8065.5
127.2,67.2,0.7412,-179,535,669,170.8,8057.1
127.22,67.2,0.7412,-179,536,669,170.9,8057.1
127.24,67.2,0.7412,-178,536,669,170.6,8054.9
127.26,67.2,0.7412,-178,537,669,169.9,8055.6
127.28,67.2,0.7414,-178,537,669,168.6,8048.6
127.3,67.2,0.7414,-178,538,668,166.8,8048.6
127.32,67.2,0.7413,-178,538,668,164.5,8053.5
127.34,67.2,0.7413,-178,538,668,162,8053.5
127.36,67.2,0.7413,-177,538,668,159.4,8052.1
127.38,67.2,0.7413,-177,539,668,156.7,8051.4
127.4,67.2,0.7414,-177,539,668,154.1,8050
127.42,67.2,0.7414,-177,539,668,151.7,8050
127.44,67.2,0.7413,-176,538,668,149.6,8053.5
127.46,67.2,0.7413,-175,538,669,147.8,8053.5
127.48,67.2,0.7415,-175,538,668,146.6,8045.1
127.5,67.2,0.7415,-174,537,668,145.8,8045.1
127.52,67.2,0.7416,-173,537,668,145.6,8041.5
127.54,67.2,0.7416,-172,536,668,145.8,8041.5
127.56,67.2,0.7416,-171,536,668,146.6,8043
127.58,67.2,0.7416,-170,535,668,147.8,8043
127.6,67.2,0.7417,-169,535,667,149.5,8036.6
127.62,67.2,0.7417,-169,534,667,151.7,8036.6
127.64,67.2,0.7417,-168,533,667,154.1,8038
127.66,67.2,0.7417,-167,533,667,156.8,8038
127.68,67.2,0.7419,-167,532,667,159.6,8029.6
127.7,67.2,0.7419,-166,532,667,162.1,8029.6
127.72,67.2,0.7419,-166,531,667,164.1,8029.6
127.74,67.2,0.7419,-165,531,667,165.1,8029.6
127.76,67.2,0.7418,-165,531,668,164.7,8033.1
127.78,67.2,0.7418,-165,531,668,163,8033.1
127.8,67.2,0.7418,-165,531,668,160.6,8033.1
127.82,67.2,0.7418,-164,531,668,157.7,8033.1
127.84,67.2,0.7423,-164,532,668,154.8,8017.6
127.86,67.2,0.7423,-163,532,668,152,8017.6
127.88,67.2,0.7419,-162,533,668,149.6,8029.6
127.9,67.2,0.7419,-161,533,668,147.5,8029.6
127.92,67.2,0.742,-161,533,669,145.9,8028.2
127.94,67.2,0.742,-160,534,669,144.8,8028.2
127.96,67.2,0.7423,-159,534,669,144.2,8017.6
127.98,67.2,0.7423,-158,535,669,144,8017.6
128,67.2,0.7424,-157,535,670,144.3,8014.1
128.02,67.2,0.7424,-157,535,670,144.8,8014.1
128.04,67.2,0.7426,-156,536,670,145.6,8005.6
128.06,67.2,0.7426,-156,536,670,146.6,8005.6
128.08,67.2,0.7429,-155,536,671,147.7,7997.2
128.1,67.2,0.7429,-155,536,671,148.8,7997.2
128.12,67.2,0.7427,-155,536,671,149.8,8004.2
128.14,67.2,0.7427,-155,536,671,150.6,8004.2
128.16,67.2,0.7431,-155,536,671,151.3,7990.1
128.18,67.2,0.7431,-154,536,671,151.7,7990.1
128.2,67.2,0.7432,-154,536,671,151.9,7986.6
128.22,67.2,0.7432,-154,535,671,152,7986.6
128.24,67.2,0.7432,-154,535,671,151.8,7986.6
128.26,67.2,0.7431,-154,535,672,151.5,7987.3
128.28,67.2,0.7431,-154,534,672,151.1,7988.7
128.3,67.2,0.7431,-154,534,672,150.6,7988.7
128.32,67.2,0.7434,-154,534,672,150.2,7976.8
128.34,67.2,0.7434,-154,533,673,149.8,7976.8
128.36,67.2,0.7434,-154,533,673,149.4,7976.8
128.38,67.2,0.7434,-154,532,673,149.1,7976.8
128.4,67.2,0.7435,-154,532,673,148.8,7973.2
128.42,67.2,0.7435,-154,532,674,148.6,7973.2
128.44,67.2,0.7435,-154,532,674,148.4,7975.3
128.46,67.2,0.7435,-154,531,674,148.3,7975.3
128.48,67.2,0.7436,-154,531,675,148.1,7969.7
128.5,67.2,0.7436,-154,531,675,148,7970.4
128.52,67.2,0.7436,-154,531,675,147.7,7970.4
128.54,67.2,0.7436,-154,531,676,147.5,7969.7
128.56,67.2,0.7438,-155,530,676,147.1,7962.7
128.58,67.2,0.7438,-155,530,677,146.7,7962.7
128.6,67.2,0.7438,-155,530,677,146.2,7964.8
128.62,67.2,0.7438,-155,531,678,145.7,7964.8
128.64,67.2,0.7436,-155,531,678,145,7969.7
128.66,67.2,0.7436,-155,531,679,144.3,7969.7
128.68,67.2,0.7435,-155,531,679,143.6,7974.6
128.7,67.2,0.7435,-155,532,680,142.8,7975.3
128.72,67.2,0.7436,-155,532,680,141.9,7969.7
128.74,67.2,0.7436,-155,532,681,141,7969.7
128.76,67.2,0.7437,-155,533,681,140.1,7966.2
128.78,67.2,0.7437,-155,533,682,139.3,7966.2
128.8,67.2,0.7437,-155,534,683,138.4,7966.2
128.82,67.2,0.7437,-155,535,683,137.6,7966.2
128.84,67.2,0.7437,-155,535,683,136.7,7966.2
128.86,67.2,0.7437,-155,536,684,135.9,7966.2
128.88,67.2,0.7438,-155,536,684,135,7964.8
128.9,67.2,0.7438,-155,537,684,134,7964.8
128.92,67.2,0.7441,-155,537,685,133,7952.8
128.94,67.2,0.7441,-155,538,685,131.9,7952.8
128.96,67.2,0.7441,-155,538,685,130.8,7954.2
128.98,67.2,0.7441,-156,539,685,129.5,7954.2
129,67.2,0.7442,-156,539,686,128,7950.7
129.02,67.2,0.7442,-156,539,686,126.5,7950.7
129.04,67.2,0.7443,-156,540,686,124.8,7947.9
129.06,67.2,0.7443,-156,540,686,123.1,7947.9
129.08,67.2,0.7442,-157,540,686,121.2,7950.7
129.1,67.2,0.7442,-157,540,687,119.3,7950.7
129.12,67.2,0.7444,-157,540,687,117.4,7942.3
129.14,67.2,0.7444,-157,540,687,115.4,7942.3
129.16,67.2,0.7445,-157,541,687,113.5,7938.8
129.18,67.2,0.7445,-157,541,688,111.7,7938.8
129.2,67.2,0.7444,-157,541,688,109.9,7942.3
129.22,67.2,0.7444,-157,541,688,108.2,7942.3
129.24,67.2,0.7444,-157,541,688,106.7,7944.4
129.26,67.2,0.7444,-157,541,689,105.3,7944.4
129.28,67.2,0.7447,-157,541,689,104,7933.9
129.3,67.2,0.7447,-157,541,689,102.9,7933.9
129.32,67.2,0.7445,-158,541,689,101.8,7940.9
129.34,67.2,0.7445,-158,541,689,100.7,7940.9
129.36,67.2,0.7444,-158,541,689,99.7,7942.3
129.38,67.2,0.7444,-158,541,689,98.7,7943
129.4,67.2,0.7446,-159,541,689,97.7,7937.4
129.42,67.2,0.7446,-159,541,688,96.8,7937.4
129.44,67.2,0.7445,-159,541,688,95.8,7939.5
129.46,67.2,0.7445,-159,541,688,94.9,7938.8
129.48,67.2,0.7445,-160,541,688,94,7938.8
129.5,67.2,0.7445,-160,541,688,93.1,7938.8
129.52,67.2,0.7448,-160,541,688,92.3,7930.3
129.54,67.2,0.7448,-161,541,688,91.4,7930.3
129.56,67.2,0.7448,-161,541,688,90.6,7930.3
129.58,67.2,0.7448,-161,541,688,89.8,7930.3
129.6,67.2,0.7449,-162,541,688,89,7925.4
129.62,67.2,0.7449,-162,541,688,88.2,7925.4
129.64,67.2,0.7449,-162,541,688,87.4,7926.8
129.66,67.2,0.7449,-163,541,687,86.6,7926.8
129.68,67.2,0.7448,-163,541,687,85.9,7928.2
129.7,67.2,0.7448,-163,541,687,85.1,7928.9
129.72,67.2,0.745,-163,541,687,84.4,7921.9
129.74,67.2,0.745,-164,541,687,83.7,7921.9
129.76,67.2,0.745,-164,541,687,83,7921.9
129.78,67.2,0.745,-164,541,687,82.4,7921.9
129.8,67.2,0.745,-165,541,687,81.8,7921.9
129.82,67.2,0.745,-165,541,687,81.2,7921.9
129.84,67.2,0.7451,-165,541,687,80.6,7918.4
129.86,67.2,0.7451,-165,542,687,80,7918.4
129.88,67.2,0.7451,-166,542,687,79.5,7917
129.9,67.2,0.7451,-166,542,687,79,7917
129.92,67.2,0.7453,-166,542,687,78.5,7911.4
129.94,67.2,0.7453,-166,542,687,78,7911.4
129.96,67.2,0.7452,-167,542,687,77.6,7914.9
129.98,67.2,0.7452,-167,542,687,77.3,7914.9
130,67.2,0.7453,-167,542,687,77,7911.4
130.02,67.2,0.7453,-167,542,687,76.7,7911.4
130.04,67.2,0.7455,-167,542,687,76.5,7904.4
130.06,67.2,0.7455,-167,542,687,76.5,7905.1
130.08,67.2,0.7456,-168,543,687,76.5,7900.1
130.1,67.2,0.7456,-168,543,688,76.7,7899.4
130.12,67.2,0.7456,-168,543,688,77,7901.6
130.14,67.2,0.7456,-168,543,688,77.5,7901.6
130.16,67.2,0.7456,-168,543,688,78.2,7899.4
130.18,67.2,0.7456,-168,544,688,79.1,7899.4
130.2,67.2,0.7457,-167,544,688,80.2,7895.9
130.22,67.2,0.7457,-167,544,689,81.5,7895.9
130.24,67.2,0.746,-167,545,690,83.2,7887.5
130.26,67.2,0.746,-167,545,691,85.1,7887.5
130.28,67.2,0.7459,-166,546,692,87.2,7891
130.3,67.2,0.7459,-166,546,693,89.5,7891
130.32,67.2,0.7455,-166,546,694,92,7905.1
130.34,67.2,0.7455,-166,546,695,94.7,7904.4
130.36,67.2,0.7462,-166,546,696,97.4,7879.1
130.38,67.2,0.7462,-167,546,696,100,7879.1
130.4,67.2,0.7464,-167,546,697,102.7,7872.8
130.42,67.2,0.7464,-167,546,697,105.2,7872.8
130.44,67.2,0.7468,-167,546,697,107.7,7857.4
130.46,67.2,0.7469,-168,546,697,110,7856.7
130.48,67.2,0.747,-168,546,697,112.2,7850.3
130.5,67.2,0.747,-169,547,697,114.2,7850.3
130.52,67.2,0.7473,-169,547,696,116,7841.2
130.54,67.2,0.7473,-170,548,696,117.5,7841.9
130.56,67.2,0.7475,-170,550,695,118.6,7834.9
130.58,67.2,0.7475,-171,551,695,119.5,7834.9
130.6,67.2,0.7474,-171,553,694,120.1,7836.3
130.62,67.2,0.7474,-171,554,694,120.5,7836.3
130.64,67.2,0.7474,-171,556,693,120.8,7836.3
130.66,67.2,0.7474,-172,558,693,121,7836.3
130.68,67.2,0.7477,-172,559,692,121.2,7827.9
130.7,67.2,0.7477,-172,560,691,121.4,7827.9
130.72,67.2,0.7478,-172,561,690,121.4,7823
130.74,67.2,0.7478,-172,562,689,121.3,7823
130.76,67.2,0.7481,-172,562,688,120.9,7814.6
130.78,67.2,0.7481,-172,563,688,120.2,7814.6
130.8,67.2,0.7477,-173,563,687,119,7826.5
130.82,67.2,0.7477,-173,563,687,117.4,7825.8
130.84,67.2,0.7475,-174,562,687,115.3,7834.9
130.86,67.2,0.7475,-174,562,687,112.9,7834.9
130.88,67.2,0.7472,-175,561,687,110.1,7843.3
130.9,67.2,0.7472,-175,561,687,107.3,7843.3
130.92,67.2,0.7473,-175,561,688,104.4,7841.9
130.94,67.2,0.7473,-175,561,688,101.6,7841.9
130.96,67.2,0.7476,-174,561,689,99,7831.4
130.98,67.2,0.7476,-174,561,690,96.7,7831.4
131,67.2,0.7475,-174,561,690,94.8,7833.5
131.02,67.2,0.7475,-173,561,691,93.1,7833.5
131.04,67.2,0.7478,-173,562,691,91.9,7824.4
131.06,67.2,0.7478,-173,562,692,91.1,7825.1
131.08,67.2,0.7481,-173,563,692,90.6,7813.2
131.1,67.2,0.7481,-173,563,692,90.4,7813.2
131.12,67.2,0.7484,-173,564,693,90.5,7801.3
131.14,67.2,0.7484,-172,564,693,90.9,7801.3
131.16,67.2,0.7487,-172,564,693,91.6,7792.9
131.18,67.2,0.7487,-172,565,693,92.5,7792.9
131.2,67.2,0.7489,-172,566,694,93.6,7786.6
131.22,67.2,0.7489,-172,566,694,95,7785.9
131.24,67.2,0.7489,-172,567,694,96.8,7784.5
131.26,67.2,0.7489,-172,567,694,98.8,7784.5
131.28,67.2,0.749,-172,568,695,101.2,7782.4
131.3,67.2,0.749,-172,568,695,103.9,7782.4
131.32,67.2,0.7489,-172,569,696,106.9,7784.5
131.34,67.2,0.7489,-172,569,696,110.3,7784.5
131.36,67.2,0.7488,-172,570,696,113.9,7788
131.38,67.1,0.7488,-172,570,697,117.7,7788.7
131.4,67.1,0.7489,-172,570,698,121.8,7786.6
131.42,67.1,0.7489,-172,570,698,126.1,7786.6
131.44,67.1,0.7491,-172,571,699,130.5,7778.2
131.46,67.1,0.7491,-173,571,700,134.9,7778.2
131.48,67.1,0.7491,-173,571,700,139.3,7778.2
131.5,67.1,0.7491,-174,571,701,143.5,7778.2
131.52,67.1,0.7493,-175,571,701,147.4,7771.2
131.54,67.1,0.7493,-175,571,701,150.8,7771.9
131.56,67.1,0.7496,-176,571,702,153.4,7761.5
131.58,67.1,0.7496,-177,571,702,154.8,7761.5
131.6,67.1,0.7494,-178,572,702,154.8,7767.1
131.62,67.1,0.7494,-178,572,702,153.5,7767.1
131.64,67.1,0.7493,-178,572,701,151.2,7771.9
131.66,67.1,0.7493,-179,573,701,148.3,7772.6
131.68,67.1,0.7493,-179,573,700,145.1,7772.6
131.7,67.1,0.7493,-178,574,699,142,7772.6
131.72,67.1,0.7493,-178,575,699,139.2,7770.6
131.74,67.1,0.7493,-177,575,698,136.9,7771.2
131.76,67.1,0.7493,-177,576,697,135,7771.2
131.78,67.1,0.7493,-176,577,696,133.6,7771.2
131.8,67.1,0.7491,-175,578,695,132.8,7779.6
131.82,67.1,0.7491,-175,579,695,132.6,7779.6
131.84,67.1,0.7494,-174,580,694,132.8,7767.8
131.86,67.1,0.7494,-173,580,693,133.3,7767.8
131.88,67.1,0.7492,-173,581,692,134.2,7774.7
131.9,67.1,0.7492,-173,581,691,135.2,7774.7
131.92,67.1,0.7492,-172,582,691,136.2,7774.7
131.94,67.1,0.7492,-172,582,690,137.1,7774.7
131.96,67.1,0.7494,-172,582,689,137.7,7769.2
131.98,67.1,0.7493,-172,582,689,137.9,7769.9
132,67.1,0.7496,-172,582,689,137.7,7759.4
132.02,67.1,0.7496,-172,582,689,137,7759.4
132.04,67.1,0.7496,-172,582,689,135.9,7760.8
132.06,67.1,0.7496,-172,582,689,134.6,7760.8
132.08,67.1,0.7496,-172,582,689,133.1,7759.4
132.1,67.1,0.7496,-172,582,690,131.7,7759.4
132.12,67.1,0.7495,-171,582,690,130.3,7762.9
132.14,67.1,0.7495,-170,582,691,129.3,7762.9
132.16,67.1,0.7497,-170,583,692,128.6,7755.9
132.18,67.1,0.7497,-169,583,692,128.4,7755.9
132.2,67.1,0.75,-168,583,693,128.8,7746.1
132.22,67.1,0.75,-167,584,693,129.7,7746.1
132.24,67.1,0.7502,-166,584,694,131.2,7741.2
132.26,67.1,0.7502,-165,585,694,133.3,7741.2
132.28,67.1,0.7503,-165,585,694,135.8,7736.3
132.3,67.1,0.7503,-164,585,695,138.6,7735.6
132.32,67.1,0.7504,-164,586,695,141.8,7732.1
132.34,67.1,0.7504,-163,586,695,145.2,7732.1
132.36,67.1,0.7506,-163,586,695,148.8,7725.8
132.38,67.1,0.7506,-163,586,695,152.5,7725.8
132.4,67.1,0.7508,-163,586,695,156.1,7720.3
132.42,67.1,0.7507,-163,587,694,159.7,7721
132.44,67.1,0.7509,-163,587,694,163.1,7714
132.46,67.1,0.7509,-163,587,693,166.2,7714
132.48,67.1,0.7512,-163,587,693,168.9,7705.6
132.5,67.1,0.7512,-163,587,692,170.8,7704.9
132.52,67.1,0.7512,-163,587,691,172,7703.5
132.54,67.1,0.7512,-163,587,690,172.3,7703.5
132.56,67.1,0.7514,-163,587,690,171.9,7698.6
132.58,67.1,0.7514,-162,587,689,171.3,7697.9
132.6,67.1,0.7515,-162,587,688,170.6,7695.1
132.62,67.1,0.7515,-162,587,687,169.8,7695.1
132.64,67.1,0.7515,-162,587,687,169,7693
132.66,67.1,0.7515,-162,587,686,168.1,7693
132.68,67.1,0.7514,-162,587,686,167.1,7696.5
132.7,67.1,0.7514,-162,586,685,166,7696.5
132.72,67.1,0.7516,-162,586,685,164.7,7691.6
132.74,67.1,0.7516,-162,586,685,163.4,7691.6
132.76,67.1,0.7513,-162,586,685,161.9,7700
132.78,67.1,0.7513,-162,586,685,160.4,7700
132.8,67.1,0.7514,-162,586,685,158.8,7698.6
132.82,67.1,0.7514,-163,586,685,157.1,7697.9
132.84,67.1,0.7512,-163,585,685,155.5,7704.9
132.86,67.1,0.7512,-163,585,685,153.8,7704.9
132.88,67.1,0.7513,-163,585,685,152.2,7701.4
132.9,67.1,0.7513,-162,585,685,150.6,7702.1
132.92,67.1,0.7514,-162,585,685,149.2,7698.6
132.94,67.1,0.7514,-162,584,686,147.9,7698.6
132.96,67.1,0.7512,-161,584,686,146.7,7703.5
132.98,67.1,0.7512,-161,583,686,145.7,7703.5
133,67.1,0.7514,-160,583,687,144.8,7698.6
133.02,67.1,0.7514,-160,583,687,144,7698.6
133.04,67.1,0.7514,-160,582,688,143.4,7698.6
133.06,67.1,0.7514,-159,582,688,143,7697.9
133.08,67.1,0.7514,-159,581,689,142.7,7696.5
133.1,67.1,0.7514,-159,581,689,142.5,7696.5
133.12,67.1,0.7516,-158,581,690,142.2,7689.6
133.14,67.1,0.7516,-158,581,690,141.9,7689.6
133.16,67.1,0.7518,-158,580,690,141.5,7684.7
133.18,67.1,0.7518,-158,580,691,141,7684.7
133.2,67.1,0.7517,-158,580,691,140.5,7686.1
133.22,67.1,0.7517,-158,580,691,139.7,7686.8
133.24,67.1,0.7518,-159,580,691,138.9,7684.7
133.26,67.1,0.7518,-159,580,692,138,7684.7
133.28,67.1,0.752,-159,580,692,137,7677.7
133.3,67.1,0.752,-159,580,692,135.9,7678.4
133.32,67.1,0.7518,-160,580,692,134.8,7683.3
133.34,67.1,0.7518,-160,580,692,133.5,7683.3
133.36,67.1,0.7519,-161,580,692,132.2,7681.9
133.38,67.1,0.7519,-161,580,692,130.9,7681.2
133.4,67.1,0.7519,-162,580,692,129.4,7681.2
133.42,67.1,0.7519,-162,581,692,127.9,7681.9
133.44,67.1,0.7521,-163,581,692,126.4,7674.9
133.46,67.1,0.7521,-163,581,692,124.8,7674.9
133.48,67.1,0.752,-164,581,692,123.3,7676.3
133.5,67.1,0.752,-164,581,691,121.7,7676.3
133.52,67.1,0.7522,-165,581,691,120.1,7670.7
133.54,67.1,0.7522,-165,581,691,118.6,7670.7
133.56,67.1,0.752,-165,581,691,117.2,7676.3
133.58,67.1,0.752,-165,581,691,115.9,7675.6
133.6,67.1,0.7521,-166,581,691,114.6,7672.8
133.62,67.1,0.7521,-166,582,691,113.3,7672.8
133.64,67.1,0.7521,-166,582,691,112.1,7674.9
133.66,67.1,0.7521,-167,582,691,111,7674.2
133.68,67.1,0.7524,-167,582,691,109.9,7663.8
133.7,67.1,0.7524,-167,582,691,108.8,7664.5
133.72,67.1,0.7524,-167,582,691,107.8,7664.5
133.74,67.1,0.7524,-168,582,691,106.8,7663.8
133.76,67.1,0.7524,-168,582,691,105.8,7662.4
133.78,67.1,0.7524,-168,582,691,104.9,7663.1
133.8,67.1,0.7525,-169,582,691,104,7659.6
133.82,67.1,0.7525,-169,583,691,103.1,7658.9
133.84,67.1,0.7526,-169,583,691,102.3,7657.5
133.86,67.1,0.7526,-170,583,691,101.6,7657.5
133.88,67.1,0.7525,-170,583,691,100.9,7659.6
133.9,67.1,0.7525,-170,583,691,100.3,7658.9
133.92,67.1,0.7528,-170,583,691,99.7,7649.1
133.94,67.1,0.7528,-170,583,691,99.3,7649.1
133.96,67.1,0.7526,-171,583,691,98.8,7657.5
133.98,67.1,0.7526,-171,584,691,98.4,7657.5
134,67.1,0.7527,-171,584,691,98,7654
134.02,67.1,0.7527,-171,584,691,97.7,7654
134.04,67.1,0.7528,-172,584,691,97.4,7649.1
134.06,67.1,0.7528,-172,584,691,97.2,7649.1
134.08,67.1,0.7528,-172,584,691,97,7647.7
134.1,67.1,0.7528,-172,584,691,96.9,7647.7
134.12,67.1,0.7531,-172,585,691,96.9,7637.3
134.14,67.1,0.7531,-172,585,691,97,7637.3
134.16,67.1,0.7529,-173,585,691,97.2,7644.3
134.18,67.1,0.7529,-173,585,691,97.5,7644.3
134.2,67.1,0.7529,-173,585,691,98,7645.6
134.22,67.1,0.7529,-173,585,691,98.7,7645.6
134.24,67.1,0.753,-173,585,691,99.5,7642.2
134.26,67.1,0.753,-173,585,691,100.5,7642.9
134.28,67.1,0.7531,-173,585,691,101.7,7639.4
134.3,67.1,0.7531,-173,585,691,103.2,7639.4
134.32,67.1,0.7532,-173,585,691,104.9,7633.8
134.34,67.1,0.7532,-173,585,691,106.8,7633.8
134.36,67.1,0.7534,-173,584,691,109,7627.5
134.38,67.1,0.7534,-173,584,691,111.3,7627.5
134.4,67.1,0.7536,-173,584,691,113.7,7622.7
134.42,67.1,0.7536,-173,584,690,116.3,7622.7
134.44,67.1,0.7536,-173,584,690,118.9,7622.7
134.46,67.1,0.7536,-173,583,690,121.5,7622.7
134.48,67.1,0.7539,-173,583,690,124.1,7612.2
134.5,67.1,0.7539,-173,583,691,126.5,7612.2
134.52,67.1,0.7539,-174,583,691,128.9,7612.2
134.54,67.1,0.7539,-174,583,691,131.1,7612.2
134.56,67.1,0.7539,-174,583,691,133.1,7610.8
134.58,67.1,0.7539,-174,583,692,134.9,7610.1
134.6,67.1,0.7541,-175,583,692,136.5,7603.9
134.62,67.1,0.7541,-175,584,693,137.9,7603.9
134.64,67.1,0.7542,-175,584,694,138.9,7600.4
134.66,67.1,0.7542,-175,584,695,139.8,7600.4
134.68,67.1,0.7542,-175,584,696,140.4,7599
134.7,67.1,0.7543,-175,584,697,140.9,7598.3
134.72,67.1,0.7544,-175,584,698,141.2,7592.1
134.74,67.1,0.7544,-176,584,699,141.3,7592.1
134.76,67.1,0.7544,-176,584,700,141.3,7593.5
134.78,67.1,0.7544,-176,584,701,141.2,7593.5
134.8,67.1,0.7546,-176,584,702,140.9,7586.5
134.82,67.1,0.7546,-176,584,702,140.4,7586.5
134.84,67.1,0.7545,-176,584,703,139.8,7590
134.86,67.1,0.7545,-177,584,704,139,7590.7
134.88,67.1,0.7545,-177,585,705,138,7590.7
134.9,67.1,0.7545,-177,585,705,136.7,7590
134.92,67.1,0.7546,-177,585,705,135.3,7585.1
134.94,67.1,0.7546,-178,586,706,133.7,7585.1
134.96,67.1,0.7548,-178,586,706,131.9,7580.2
134.98,67.1,0.7548,-178,586,706,129.9,7580.2
135,67.1,0.7549,-178,587,707,127.9,7576.8
135.02,67.1,0.7549,-178,587,707,125.9,7576.8
135.04,67.1,0.7549,-178,587,707,123.9,7576.8
135.06,67.1,0.7549,-177,587,707,122,7576.8
135.08,67.1,0.755,-177,588,708,120.3,7571.2
135.1,67.1,0.755,-176,588,708,118.8,7571.9
135.12,67.1,0.7552,-176,588,708,117.6,7565
135.14,67.1,0.7552,-175,588,708,116.7,7565
135.16,67.1,0.7553,-175,588,709,116,7563.6
135.18,67.1,0.7553,-175,589,709,115.6,7563.6
135.2,67.1,0.7557,-174,589,709,115.5,7549.7
135.22,67.1,0.7556,-174,589,709,115.5,7550.4
135.24,67.1,0.7556,-174,589,709,115.6,7551.8
135.26,67.1,0.7556,-174,589,709,115.8,7551.8
135.28,67.1,0.7556,-174,589,710,116.1,7550.4
135.3,67.1,0.7557,-175,589,710,116.4,7549.7
135.32,67.1,0.7557,-175,589,710,116.7,7549.7
135.34,67.1,0.7557,-175,589,710,117.1,7549.7
135.36,67.1,0.7559,-175,589,710,117.5,7541.4
135.38,67.1,0.7559,-175,589,710,118,7541.4
135.4,67.1,0.7559,-176,589,710,118.5,7541.4
135.42,67.1,0.7559,-176,589,710,119,7542
135.44,67.1,0.7559,-176,589,710,119.5,7542
135.46,67.1,0.7559,-177,589,710,120,7542
135.48,67.1,0.7561,-177,589,710,120.4,7533
135.5,67.1,0.7561,-178,589,710,120.8,7533
135.52,67.1,0.7563,-178,589,710,121.2,7528.2
135.54,67.1,0.7563,-178,589,710,121.5,7528.2
135.56,67.1,0.7563,-179,589,710,121.8,7526.1
135.58,67.1,0.7563,-179,589,710,122,7526.1
135.6,67.1,0.7563,-180,589,711,122.3,7526.1
135.62,67.1,0.7563,-180,589,711,122.6,7526.1
135.64,67.1,0.7562,-180,589,711,122.9,7530.9
135.66,67.1,0.7562,-180,589,711,123.4,7531.6
135.68,67.1,0.7565,-180,589,712,124,7521.2
135.7,67.1,0.7565,-180,588,712,124.8,7521.2
135.72,67.1,0.7565,-180,588,712,125.8,7519.8
135.74,67.1,0.7565,-179,588,713,127.1,7519.8
135.76,67.1,0.7565,-179,588,713,128.8,7519.8
135.78,67.1,0.7565,-179,587,714,130.8,7519.8
135.8,67.1,0.7568,-178,587,714,133.2,7509.4
135.82,67.1,0.7568,-178,586,715,135.9,7509.4
135.84,67.1,0.7574,-178,586,715,138.9,7490.7
135.86,67.1,0.7574,-178,586,716,142.1,7490.7
135.88,67.1,0.7576,-178,585,716,145.3,7482.4
135.9,67.1,0.7576,-178,585,717,148.3,7482.4
135.92,67.1,0.7576,-178,585,718,150.9,7483.8
135.94,67.1,0.7575,-179,585,718,152.8,7484.5
135.96,67.1,0.7575,-179,586,719,153.7,7487.2
135.98,67.1,0.7575,-179,586,719,153.5,7487.2
136,67.1,0.7571,-179,587,720,152.3,7499
136.02,67.1,0.7571,-180,588,720,150.4,7499
136.04,67.1,0.757,-179,590,721,148.2,7502.5
136.06,67.1,0.757,-179,591,722,145.9,7502.5
136.08,67.1,0.7571,-179,593,723,143.6,7499
136.1,67.1,0.7571,-179,594,723,141.5,7499
136.12,67.1,0.7573,-178,596,724,139.5,7494.2
136.14,67.1,0.7573,-178,597,725,137.7,7494.2
136.16,67.1,0.7575,-178,599,725,135.9,7487.2
136.18,67.1,0.7575,-178,600,725,134.2,7487.2
136.2,67.1,0.7578,-177,602,725,132.5,7476.9
136.22,67.1,0.7578,-177,603,725,130.6,7476.9
136.24,67.1,0.7578,-177,604,725,128.7,7475.5
136.26,67.1,0.7578,-177,605,724,126.6,7475.5
136.28,67.1,0.7578,-177,606,724,124.3,7474.1
136.3,67.1,0.7578,-177,607,723,121.9,7474.1
136.32,67.1,0.7578,-177,607,722,119.3,7476.9
136.34,67.1,0.7577,-177,608,722,116.7,7477.5
136.36,67.1,0.7579,-176,608,721,114.2,7470.6
136.38,67.1,0.7579,-176,608,721,111.8,7470.6
136.4,67.1,0.758,-175,607,720,109.7,7469.2
136.42,67.1,0.758,-175,607,720,107.9,7469.2
136.44,67.1,0.7583,-175,607,720,106.3,7458.8
136.46,67.1,0.7583,-174,606,720,105.1,7458.8
136.48,67.1,0.758,-173,606,721,104.2,7467.2
136.5,67.1,0.7581,-173,606,721,103.8,7466.5
136.52,67.1,0.7581,-172,606,722,103.9,7463.7
136.54,67.1,0.7581,-171,606,723,104.5,7463.7
136.56,67.1,0.758,-170,606,724,105.6,7467.2
136.58,67.1,0.758,-170,606,725,107.1,7467.2
136.6,67.1,0.7584,-169,607,726,109.1,7455.4
136.62,67.1,0.7584,-169,607,727,111.5,7455.4
136.64,67.1,0.7585,-169,608,728,114.1,7450.5
136.66,67.1,0.7585,-169,609,729,116.9,7450.5
136.68,67.1,0.7588,-169,609,729,119.9,7440.8
136.7,67.1,0.7588,-169,610,730,122.9,7440.8
136.72,67.1,0.759,-169,610,730,126,7435.3
136.74,67.1,0.759,-169,611,731,129.1,7435.3
136.76,67.1,0.759,-170,612,731,132,7433.9
136.78,67.1,0.759,-170,612,731,134.8,7433.9
136.8,67.1,0.7592,-170,613,731,137.3,7427
136.82,67.1,0.7592,-171,613,731,139.5,7427
136.84,67.1,0.7593,-171,614,731,141.4,7422.2
136.86,67.1,0.7593,-172,615,731,142.9,7422.2
136.88,67.1,0.7595,-172,615,731,143.9,7417.3
136.9,67.1,0.7595,-173,616,730,144.6,7417.3
136.92,67.1,0.7595,-173,617,730,144.9,7415.3
136.94,67,0.7595,-174,617,730,145,7415.9
136.96,67,0.7597,-174,618,729,144.8,7410.4
136.98,67.1,0.7597,-175,618,729,144.5,7410.4
137,67.1,0.7595,-175,618,729,144.1,7415.3
137.02,67.1,0.7595,-176,618,729,143.6,7415.3
137.04,67.1,0.7598,-177,618,729,143.2,7407
137.06,67,0.7598,-177,618,729,142.7,7407
137.08,67,0.7598,-178,618,729,142.3,7405.6
137.1,67.1,0.7598,-179,618,729,141.9,7405.6
137.12,67.1,0.7596,-179,618,729,141.4,7413.9
137.14,67.1,0.7596,-180,618,729,141,7413.9
137.16,67.1,0.7598,-181,618,729,140.5,7407
137.18,67.1,0.7598,-181,618,729,140,7407
137.2,67.1,0.7599,-182,618,729,139.5,7403.5
137.22,67.1,0.7599,-182,618,729,139,7403.5
137.24,67.1,0.7597,-183,618,729,138.5,7408.3
137.26,67,0.7597,-183,618,729,138.1,7409
137.28,67,0.7598,-184,618,729,137.6,7405.6
137.3,67.1,0.7598,-184,618,728,137.2,7405.6
137.32,67.1,0.7601,-185,618,728,136.9,7395.2
137.34,67.1,0.7601,-185,618,728,136.6,7395.2
137.36,67.1,0.7603,-186,618,728,136.4,7390.4
137.38,67,0.7603,-186,618,728,136.2,7390.4
137.4,67,0.7603,-187,618,728,136,7387.6
137.42,67.1,0.7604,-187,618,727,135.9,7386.9
137.44,67.1,0.7603,-187,618,727,135.9,7390.4
137.46,67.1,0.7603,-188,618,727,136,7390.4
137.48,67.1,0.7602,-188,618,726,136.1,7391.8
137.5,67.1,0.7602,-188,618,726,136.2,7391.8
137.52,67.1,0.7603,-189,618,726,136.3,7390.4
137.54,67.1,0.7603,-189,619,725,136.4,7390.4
137.56,67.1,0.7604,-189,619,725,136.4,7386.9
137.58,67,0.7604,-190,619,724,136.4,7386.9
137.6,67,0.7604,-190,619,724,136.3,7385.5
137.62,67.1,0.7604,-190,620,723,136.2,7384.8
137.64,67.1,0.7605,-190,620,723,135.9,7382.1
137.66,67.1,0.7605,-190,620,722,135.5,7382.1
137.68,67.1,0.7605,-190,620,721,135,7382.1
137.7,67.1,0.7605,-190,620,721,134.3,7381.4
137.72,67.1,0.7605,-191,621,720,133.4,7381.4
137.74,67.1,0.7605,-191,621,720,132.3,7382.1
137.76,67.1,0.7605,-191,621,720,130.9,7382.1
137.78,67.1,0.7605,-191,622,720,129.4,7381.4
137.8,67.1,0.7604,-191,622,720,127.8,7384.8
137.82,67.1,0.7604,-191,623,721,126,7384.8
137.84,67.1,0.7604,-191,624,721,124.3,7384.8
137.86,67.1,0.7604,-190,624,721,122.7,7384.8
137.88,67.1,0.7605,-190,625,722,121.1,7383.5
137.9,67,0.7605,-190,626,722,119.8,7383.5
137.92,67,0.7605,-189,627,722,118.8,7383.5
137.94,67.1,0.7605,-189,627,722,118,7383.5
137.96,67.1,0.7604,-188,628,722,117.6,7386.9
137.98,67,0.7604,-187,628,723,117.6,7386.9
138,67,0.7607,-187,629,723,117.8,7373.8
138.02,67,0.7607,-187,630,723,118.4,7373.8
138.04,67,0.7612,-186,630,723,119.2,7358.6
138.06,67,0.7612,-186,631,723,120.3,7358.6
138.08,67,0.7614,-185,631,723,121.7,7351.7
138.1,67.1,0.7614,-185,632,723,123.2,7351.7
138.12,67.1,0.7615,-185,632,723,124.9,7346.2
138.14,67.1,0.7615,-185,632,723,126.7,7346.2
138.16,67.1,0.7616,-185,633,723,128.6,7343.4
138.18,67,0.7616,-184,633,723,130.5,7343.4
138.2,67,0.7617,-184,633,723,132.6,7341.3
138.22,67.1,0.7617,-184,633,722,134.7,7341.3
138.24,67.1,0.762,-183,634,722,136.9,7331
138.26,67.1,0.762,-183,634,722,139.2,7331.7
138.28,67.1,0.762,-183,634,721,141.5,7329.6
138.3,67,0.762,-183,634,721,143.9,7329.6
138.32,67,0.7621,-182,635,720,146.2,7328.2
138.34,67.1,0.7621,-182,635,720,148.5,7327.6
138.36,67.1,0.7621,-182,635,719,150.7,7326.2
138.38,67.1,0.7621,-182,635,719,152.9,7326.2
138.4,67.1,0.762,-182,635,718,155,7331.7
138.42,67,0.762,-181,635,718,156.9,7331.7
138.44,67,0.7624,-181,635,717,158.7,7317.9
138.46,67,0.7624,-181,635,717,160.4,7317.9
138.48,67,0.7624,-181,635,716,161.8,7316.5
138.5,67.1,0.7624,-181,635,716,163,7316.5
138.52,67.1,0.7622,-181,635,716,163.8,7324.8
138.54,67.1,0.7622,-181,635,716,164.2,7324.8
138.56,67.1,0.7623,-181,635,716,164.1,7321.3
138.58,67,0.7623,-181,635,716,163.6,7321.3
138.6,67,0.7621,-181,635,716,162.8,7326.9
138.62,67.1,0.7621,-181,636,716,161.9,7326.2
138.64,67.1,0.7621,-181,636,716,160.8,7326.2
138.66,67,0.7621,-181,636,716,159.7,7326.9
138.68,67,0.762,-181,636,716,158.6,7331.7
138.7,67,0.762,-181,636,717,157.6,7331.7
138.72,67,0.7624,-181,637,717,156.6,7317.9
138.74,67,0.7624,-180,637,717,155.9,7317.9
138.76,67,0.7623,-180,637,718,155.4,7320
138.78,67.1,0.7623,-180,637,718,155.1,7319.3
138.8,67.1,0.7625,-179,638,719,155.3,7314.4
138.82,67,0.7624,-179,638,719,155.6,7315.1
138.84,67,0.7624,-179,638,720,156.3,7316.5
138.86,67,0.7624,-179,639,720,157.2,7316.5
138.88,67,0.7626,-179,639,720,158.3,7309.6
138.9,67.1,0.7626,-179,639,721,159.3,7309.6
138.92,67.1,0.7629,-180,639,721,160.3,7297.9
138.94,67,0.7629,-180,640,721,161.1,7297.9
138.96,67,0.7629,-181,640,721,161.7,7297.9
138.98,67.1,0.7629,-182,640,721,162,7297.9
139,67.1,0.7631,-182,640,721,162,7291
139.02,67,0.7631,-183,640,721,161.9,7291.7
139.04,67,0.7634,-183,640,721,161.5,7283.4
139.06,67,0.7634,-184,640,721,160.9,7282.8
139.08,67,0.7635,-184,641,721,160.2,7279.3
139.1,67,0.7635,-185,641,721,159.4,7279.3
139.12,67,0.7636,-185,641,721,158.6,7274.5
139.14,67.1,0.7636,-185,641,721,157.8,7274.5
139.16,67.1,0.7639,-185,641,721,157.1,7266.2
139.18,67.1,0.7639,-185,641,720,156.4,7266.2
139.2,67.1,0.764,-185,642,720,156,7260.7
139.22,67.1,0.764,-184,642,720,155.8,7260.7
139.24,67.1,0.764,-184,643,719,156.1,7260.7
139.26,67.1,0.764,-184,643,719,156.7,7260.7
139.28,67.1,0.7641,-183,643,718,157.7,7259.3
139.3,67.1,0.7641,-183,644,718,159,7259.3
139.32,67.1,0.7642,-183,644,717,160.5,7255.9
139.34,67,0.7642,-183,644,716,162.1,7255.9
139.36,67,0.7643,-183,644,716,163.7,7251.1
139.38,67,0.7643,-183,644,715,165.1,7251.1
139.4,67,0.7643,-183,644,715,165.9,7251.1
139.42,67.1,0.7643,-184,643,715,166.1,7251.1
139.44,67.1,0.7642,-184,643,714,165.7,7255.9
139.46,67.1,0.7642,-184,643,714,164.6,7255.9
139.48,67.1,0.7644,-184,642,714,163.1,7249
139.5,67.1,0.7644,-184,641,714,161.4,7249
139.52,67.1,0.7644,-184,641,714,159.4,7247.7
139.54,67,0.7644,-184,640,714,157.5,7248.3
139.56,67,0.7642,-184,640,714,155.6,7253.2
139.58,67.1,0.7643,-184,639,715,153.8,7252.5
139.6,67.1,0.7645,-183,638,715,152.1,7242.8
139.62,67,0.7645,-183,638,716,150.7,7242.8
139.64,67,0.7642,-183,637,717,149.5,7254.5
139.66,67.1,0.7642,-182,637,718,148.7,7253.8
139.68,67.1,0.7643,-182,636,719,148.1,7252.5
139.7,67,0.7642,-181,636,720,147.8,7253.2
139.72,67,0.7642,-181,636,721,147.7,7254.5
139.74,67.1,0.7642,-180,636,722,147.6,7254.5
139.76,67.1,0.7644,-180,636,723,147.7,7249
139.78,67,0.7643,-180,636,724,147.7,7249.7
139.8,67,0.7644,-179,637,725,147.6,7246.3
139.82,67,0.7644,-179,637,726,147.4,7246.3
139.84,67,0.7646,-179,638,727,147.1,7239.4
139.86,67,0.7646,-178,639,728,146.6,7239.4
139.88,67,0.7646,-178,640,729,145.8,7241.5
139.9,67,0.7646,-178,641,730,144.7,7241.5
139.92,67,0.7647,-178,642,730,143.2,7236.6
139.94,67,0.7647,-177,643,730,141.4,7236.6
139.96,67,0.7649,-177,644,731,139.3,7229.8
139.98,67,0.7649,-177,645,730,136.9,7229.8
140,67,0.765,-177,646,730,134.5,7227.7
140.02,67,0.765,-176,647,730,132,7227.7
140.04,67,0.7651,-176,648,729,129.6,7225
140.06,67,0.7651,-175,648,728,127.3,7224.3
140.08,67,0.7651,-174,648,728,125.3,7224.3
140.1,67,0.7651,-174,648,727,123.6,7225
140.12,67,0.7653,-173,648,726,122.1,7216.7
140.14,67.1,0.7653,-173,647,726,120.9,7216
140.16,67.1,0.7656,-172,646,726,119.9,7205.7
140.18,67,0.7656,-172,646,726,119.3,7206.4
140.2,67,0.7657,-172,645,726,118.9,7203
140.22,67,0.7657,-172,644,726,118.7,7203
140.24,67,0.7656,-172,644,726,118.6,7206.4
140.26,67,0.7656,-173,643,726,118.7,7206.4
140.28,67,0.7657,-173,643,726,118.8,7204.3
140.3,67,0.7657,-174,643,726,118.8,7204.3
140.32,67,0.7659,-174,642,727,118.8,7196.1
140.34,67,0.7659,-175,642,727,118.7,7196.8
140.36,67,0.7659,-176,642,727,118.6,7196.8
140.38,67,0.7659,-176,642,727,118.3,7196.8
140.4,67,0.7662,-177,642,727,118.1,7186.5
140.42,67,0.7662,-177,641,727,117.7,7186.5
140.44,67,0.7661,-178,641,727,117.3,7187.9
140.46,67,0.7661,-179,641,727,116.8,7187.9
140.48,67,0.7664,-179,641,728,116.3,7178.2
140.5,67,0.7664,-180,641,728,115.8,7178.2
140.52,67,0.7663,-181,641,728,115.3,7181.7
140.54,67,0.7663,-181,641,728,114.8,7181.7
140.56,67,0.7665,-182,641,728,114.3,7175.5
140.58,67,0.7665,-182,641,728,113.9,7175.5
140.6,67,0.7664,-183,641,728,113.5,7180.3
140.62,67,0.7664,-183,641,728,113.1,7180.3
140.64,67,0.7662,-183,641,728,112.7,7186.5
140.66,67,0.7662,-184,641,728,112.3,7186.5
140.68,67,0.7661,-184,641,729,111.9,7189.9
140.7,67,0.7661,-185,640,729,111.5,7189.9
140.72,67,0.766,-185,640,729,111,7193.3
140.74,67,0.766,-186,640,729,110.5,7193.3
140.76,67,0.7658,-186,640,729,109.9,7200.2
140.78,67,0.7658,-186,640,729,109.3,7200.2
140.8,67,0.7657,-187,640,729,108.7,7203.7
140.82,67,0.7657,-187,640,729,108,7203.7
140.84,67,0.7656,-187,640,729,107.3,7207.1
140.86,67,0.7656,-187,640,730,106.7,7207.1
140.88,67,0.7656,-187,639,730,106.2,7207.1
140.9,67,0.7656,-187,639,730,105.8,7207.1
140.92,67,0.7657,-187,639,731,105.5,7202.3
140.94,67,0.7657,-187,639,732,105.5,7202.3
140.96,67,0.7658,-187,639,732,105.8,7200.2
140.98,67,0.7658,-187,639,733,106.3,7200.9
141,67,0.7663,-186,640,734,107.2,7183.7
141.02,67,0.7663,-186,640,735,108.3,7183.7
141.04,67,0.7665,-186,640,736,109.8,7176.9
141.06,67,0.7664,-186,640,737,111.5,7177.6
141.08,67,0.7669,-186,640,738,113.5,7162.5
141.1,67,0.7669,-187,640,739,115.8,7162.5
141.12,67,0.7669,-187,639,740,118.3,7162.5
141.14,67,0.7669,-187,639,741,121,7162.5
141.16,67,0.767,-187,638,742,123.8,7157.7
141.18,67,0.767,-188,638,742,126.8,7157.7
141.2,67,0.7673,-188,637,743,129.7,7147.4
141.22,67,0.7673,-189,636,743,132.4,7147.4
141.24,67,0.7676,-189,636,743,134.7,7139.1
141.26,67,0.7676,-190,635,744,136.6,7139.1
141.28,67,0.7677,-191,635,743,137.7,7135.7
141.3,67,0.7677,-192,634,743,137.9,7135.7
141.32,67,0.7673,-192,634,743,137.1,7147.4
141.34,67,0.7673,-193,634,742,135.4,7148.1
141.36,67,0.7669,-193,635,742,132.9,7163.1
141.38,67,0.7669,-194,636,742,129.9,7162.5
141.4,67,0.7668,-193,638,742,126.6,7164.5
141.42,67,0.7668,-193,640,742,123.5,7164.5
141.44,67,0.7663,-192,642,743,120.7,7182.4
141.46,67,0.7663,-190,644,743,118.5,7183
141.48,67,0.7667,-189,645,744,116.8,7167.9
141.5,67,0.7667,-188,647,744,115.8,7167.9
141.52,67,0.7674,-187,648,745,115.5,7146
141.54,67,0.7674,-187,649,745,115.7,7146
141.56,67,0.7676,-186,651,746,116.4,7137.8
141.58,67,0.7676,-186,652,746,117.5,7137.8
141.6,67,0.7676,-185,653,746,118.8,7139.1
141.62,67,0.7676,-185,654,746,120.2,7139.1
141.64,67,0.768,-185,655,746,121.7,7122.7
141.66,67,0.768,-185,656,746,122.9,7122.7
141.68,67,0.7683,-185,656,746,124,7112.4
141.7,67,0.7683,-185,657,746,124.8,7112.4
141.72,67,0.7686,-186,657,746,125.3,7104.2
141.74,67,0.7686,-186,657,746,125.5,7104.2
141.76,67,0.7688,-186,657,746,125.3,7096
141.78,67,0.7688,-186,657,747,124.8,7095.3
141.8,67,0.7688,-187,657,747,124.1,7097.3
141.82,67,0.7688,-187,657,748,123.2,7098
141.84,67,0.7686,-186,657,749,122.3,7104.9
141.86,67,0.7686,-186,657,750,121.5,7104.2
141.88,67,0.7685,-186,657,751,120.8,7107.6
141.9,67,0.7685,-186,657,752,120.2,7107.6
141.92,67,0.7688,-186,658,753,119.7,7098
141.94,67,0.7688,-186,658,754,119.5,7097.3
141.96,67,0.769,-185,658,755,119.4,7089.1
141.98,67,0.769,-185,659,756,119.5,7089.1
142,67,0.769,-185,659,756,119.6,7089.1
142.02,67,0.769,-185,659,757,119.9,7089.1
142.04,67,0.7692,-186,659,757,120.2,7084.3
142.06,67,0.7692,-186,660,758,120.6,7084.3
142.08,67,0.7692,-186,660,758,121,7083
142.1,67,0.7692,-186,661,758,121.4,7083
142.12,67,0.7692,-186,661,758,121.8,7084.3
142.14,67,0.7692,-186,662,758,122.2,7084.3
142.16,67,0.769,-186,663,758,122.6,7091.2
142.18,67,0.769,-186,663,758,123.1,7091.2
142.2,67,0.7691,-186,664,758,123.5,7086.4
142.22,67,0.7691,-186,666,757,124.1,7085.7
142.24,67,0.7693,-186,666,757,124.6,7080.9
142.26,67,0.7693,-186,667,757,125.2,7080.9
142.28,67,0.7694,-186,668,756,125.9,7074.8
142.3,67,0.7694,-185,669,756,126.7,7074.8
142.32,67,0.7695,-185,670,755,127.6,7073.4
142.34,67,0.7695,-185,671,755,128.5,7072.7
142.36,67,0.7694,-185,671,754,129.5,7076.1
142.38,67,0.7694,-186,672,754,130.5,7076.1
142.4,67,0.7698,-186,672,754,131.4,7062.4
142.42,67,0.7698,-186,673,753,132.2,7063.1
142.44,67,0.7697,-186,673,753,132.8,7066.5
142.46,67,0.7697,-186,674,753,133.3,7066.5
142.48,67,0.77,-187,674,753,133.5,7054.9
142.5,67,0.77,-187,674,753,133.4,7054.2
142.52,67,0.7701,-187,675,753,133.1,7052.9
142.54,67,0.7701,-188,675,753,132.6,7052.9
142.56,67,0.7702,-188,675,753,131.8,7050.1
142.58,67,0.7702,-188,676,753,131,7049.4
142.6,67,0.77,-188,676,753,130,7054.9
142.62,67,0.77,-188,677,753,129,7054.9
142.64,67,0.7701,-188,677,753,127.9,7052.9
142.66,67,0.7701,-188,678,754,126.9,7052.9
142.68,67,0.77,-188,678,754,125.9,7056.3
142.7,67,0.77,-188,679,754,125,7056.3
142.72,67,0.7702,-188,679,755,124.2,7050.1
142.74,67,0.7702,-188,680,755,123.6,7049.4
142.76,67,0.7703,-188,680,755,123,7046
142.78,67,0.7703,-188,680,755,122.5,7046.7
142.8,67,0.7703,-188,681,755,122.1,7046.7
142.82,67,0.7703,-188,681,755,121.7,7046
142.84,67,0.7702,-189,681,755,121.3,7048.1
142.86,67,0.7702,-189,681,755,120.9,7048.1
142.88,67,0.7704,-190,681,755,120.5,7041.2
142.9,67,0.7704,-190,681,756,120.1,7041.2
142.92,67,0.7704,-191,681,756,119.6,7043.3
142.94,67,0.7704,-191,681,756,119.1,7043.3
142.96,67,0.7705,-191,680,756,118.6,7037.8
142.98,67,0.7705,-192,680,756,118.1,7037.8
143,67,0.7705,-192,680,756,117.5,7039.2
143.02,67,0.7705,-193,680,756,116.9,7039.9
143.04,67,0.7706,-193,680,756,116.3,7034.4
143.06,67,0.7706,-193,680,756,115.7,7034.4
143.08,67,0.7707,-194,680,756,115.1,7031
143.1,67,0.7707,-194,680,756,114.4,7031.7
143.12,67,0.7707,-195,680,757,113.8,7031.7
143.14,67,0.7707,-195,680,757,113.2,7031.7
143.16,67,0.771,-195,680,757,112.6,7021.4
143.18,67,0.771,-195,680,757,112.1,7021.4
143.2,67,0.771,-195,680,757,111.7,7021.4
143.22,67,0.771,-196,680,757,111.3,7021.4
143.24,67,0.771,-196,679,757,110.9,7022.8
143.26,67,0.771,-196,679,757,110.5,7022.8
143.28,67,0.7713,-197,679,757,110.1,7012.5
143.3,67,0.7713,-197,679,758,109.8,7012.5
143.32,67,0.771,-197,679,758,109.5,7021.4
143.34,67,0.771,-197,679,758,109.2,7021.4
143.36,67,0.7711,-197,680,758,109.1,7016.6
143.38,67,0.7711,-197,680,758,109.1,7016.6
143.4,67,0.7713,-197,680,759,109.2,7011.2
143.42,67,0.7713,-198,680,759,109.6,7011.2
143.44,67,0.7714,-198,680,759,110,7007.8
143.46,67,0.7714,-198,681,759,110.7,7007.8
143.48,67,0.7715,-198,681,760,111.5,7003
143.5,67,0.7715,-197,682,760,112.5,7003
143.52,67,0.7716,-197,683,760,113.7,6999.6
143.54,67,0.7716,-197,684,760,115.1,6999.6
143.56,67,0.7717,-197,684,761,116.6,6997.5
143.58,67,0.7717,-197,685,761,118.2,6998.2
143.6,67,0.7718,-197,686,761,119.8,6994.8
143.62,67,0.7718,-197,686,761,121.5,6994.8
143.64,67,0.7718,-197,687,761,123.1,6993.4
143.66,67,0.7718,-197,687,762,124.6,6992.7
143.68,67,0.7721,-197,687,762,126,6982.5
143.7,67,0.7721,-197,688,762,127.2,6983.2
143.72,67,0.7722,-197,688,762,128.2,6981.8
143.74,67,0.7722,-198,688,762,128.8,6981.1
143.76,67,0.7719,-198,689,762,129.2,6989.3
143.78,67,0.7719,-198,689,762,129.3,6989.3
143.8,67,0.7719,-198,689,761,129.1,6989.3
143.82,67,0.7719,-198,689,760,128.7,6989.3
143.84,67,0.7718,-198,690,759,128.2,6994.1
143.86,67,0.7718,-198,690,759,127.8,6994.8
143.88,67,0.7721,-198,690,758,127.3,6984.6
143.9,67,0.7721,-198,690,757,127,6984.6
143.92,67,0.772,-198,691,756,126.7,6985.9
143.94,67,0.772,-198,691,756,126.6,6985.9
143.96,67,0.7721,-198,691,755,126.5,6982.5
143.98,67,0.7721,-198,691,755,126.5,6983.2
144,67,0.7722,-198,691,754,126.6,6981.1
144.02,67,0.7722,-198,691,754,126.9,6981.8
144.04,67,0.7721,-198,691,753,127.2,6983.2
144.06,67,0.7721,-198,691,753,127.7,6983.2
144.08,67,0.7721,-198,691,752,128.2,6984.6
144.1,67,0.7721,-198,691,752,128.8,6984.6
144.12,67,0.7722,-198,691,752,129.3,6981.1
144.14,67,0.7722,-198,691,752,129.9,6981.1
144.16,67,0.772,-197,691,752,130.4,6985.9
144.18,67,0.772,-197,691,752,130.9,6985.9
144.2,67,0.7721,-197,691,752,131.4,6984.6
144.22,67,0.7721,-196,691,752,131.8,6984.6
144.24,67,0.7724,-196,691,752,132.4,6974.3
144.26,67,0.7724,-195,691,752,133,6974.3
144.28,67,0.7724,-195,691,753,133.7,6973
144.3,67,0.7724,-194,691,753,134.6,6973
144.32,67,0.7727,-193,692,754,135.6,6962.7
144.34,67,0.7727,-192,692,754,136.9,6963.4
144.36,67,0.7728,-192,693,755,138.4,6958.6
144.38,67,0.7729,-191,693,756,140.1,6957.9
144.4,67,0.7731,-191,694,756,141.9,6948.4
144.42,67,0.7731,-191,694,756,143.8,6948.4
144.44,67,0.7734,-191,695,757,145.7,6940.2
144.46,67,0.7734,-191,695,757,147.5,6940.2
144.48,67,0.7735,-191,696,757,149.3,6935.5
144.5,67,0.7735,-191,696,757,150.9,6934.8
144.52,67,0.7738,-191,697,758,152.3,6925.2
144.54,67,0.7738,-191,698,758,153.5,6924.6
144.56,67,0.7738,-191,698,757,154.4,6926.6
144.58,67,0.7738,-192,699,757,155.1,6926.6
144.6,67,0.7737,-192,699,757,155.5,6930
144.62,67,0.7737,-192,699,757,155.7,6930
144.64,67,0.7739,-193,700,757,155.7,6921.8
144.66,67,0.7739,-193,700,757,155.4,6921.8
144.68,67,0.774,-194,700,756,154.9,6919.8
144.7,67,0.774,-194,700,756,154.3,6920.5
144.72,67,0.7742,-195,701,756,153.5,6911.6
144.74,67,0.7742,-195,701,756,152.6,6911.6
144.76,67,0.7743,-196,701,756,151.6,6910.3
144.78,67,0.7743,-196,701,756,150.4,6910.3
144.8,67,0.7745,-197,701,755,149.2,6903.4
144.82,67,0.7745,-197,701,755,147.9,6903.4
144.84,67,0.7746,-198,701,755,146.6,6898.7
144.86,67,0.7746,-198,701,755,145.4,6898.7
144.88,67,0.7748,-198,701,755,144.2,6893.2
144.9,67,0.7748,-199,701,755,143.1,6893.2
144.92,67,0.7749,-199,702,754,142.1,6888.5
144.94,67,0.7749,-199,702,754,141.2,6888.5
144.96,67,0.775,-200,702,754,140.5,6885.1
144.98,67,0.775,-200,702,754,139.9,6885.1
145,67,0.7751,-200,702,754,139.4,6880.3
145.02,67,0.7751,-200,703,754,139,6880.3
145.04,67,0.7751,-201,703,754,138.8,6880.3
145.06,67,0.7751,-201,703,754,138.6,6881
145.08,67,0.7752,-201,703,753,138.5,6877.6
145.1,67,0.7752,-201,703,753,138.6,6877.6
145.12,67,0.7754,-202,704,753,138.9,6872.2
145.14,67,0.7754,-202,704,753,139.3,6872.2
145.16,67,0.7756,-202,704,752,139.9,6866
145.18,67,0.7756,-202,704,752,140.7,6866
145.2,67,0.7755,-202,704,752,141.8,6869.4
145.22,67,0.7755,-202,704,751,143.2,6869.4
145.24,67,0.7755,-202,704,751,145,6867.4
145.26,67,0.7755,-202,704,750,147.1,6867.4
145.28,67,0.7756,-202,704,749,149.5,6864
145.3,67,0.7756,-202,704,749,152.3,6864.7
145.32,67,0.7759,-202,704,748,155.2,6855.8
145.34,67,0.7759,-202,704,747,158.2,6855.8
145.36,67,0.7759,-202,703,747,160.9,6854.5
145.38,67,0.7759,-202,703,747,163.1,6854.5
145.4,67,0.7759,-202,702,746,164.2,6854.5
145.42,67,0.7759,-202,702,746,164,6854.5
145.44,67,0.7757,-202,701,747,162.4,6862.6
145.46,67,0.7757,-202,700,747,160,6862.6
145.48,67,0.7756,-201,700,748,157.1,6866
145.5,67,0.7756,-201,699,749,154.2,6866
145.52,67,0.7749,-200,699,750,151.5,6889.2
145.54,67,0.7749,-199,698,751,149.2,6889.2
145.56,67,0.7751,-198,698,752,147.6,6881
145.58,67,0.7751,-197,697,753,146.6,6881
145.6,67,0.7755,-195,697,755,146.3,6869.4
145.62,67,0.7755,-194,697,756,146.6,6869.4
145.64,67,0.7758,-193,697,757,147.4,6857.9
145.66,67,0.7758,-192,698,759,148.8,6857.9
145.68,67,0.7758,-192,698,760,150.2,6857.9
145.7,66.9,0.7758,-191,698,762,151.3,6858.6
145.72,66.9,0.7761,-191,699,763,151.8,6847
145.74,66.9,0.7761,-191,699,763,151.4,6847
145.76,66.9,0.7761,-191,700,764,150,6847
145.78,66.9,0.7761,-192,701,764,147.7,6847
145.8,66.9,0.7764,-192,702,764,144.8,6838.2
145.82,66.9,0.7764,-192,702,764,141.6,6838.8
145.84,66.9,0.7765,-191,703,764,138.3,6835.4
145.86,66.9,0.7765,-191,703,763,135.2,6835.4
145.88,66.9,0.7765,-190,704,763,132.3,6833.4
145.9,66.9,0.7765,-190,704,763,129.7,6833.4
145.92,66.9,0.7765,-189,704,762,127.6,6835.4
145.94,66.9,0.7765,-189,704,762,125.7,6835.4
145.96,66.9,0.7765,-188,704,761,124.4,6835.4
145.98,66.9,0.7765,-187,704,761,123.6,6835.4
146,66.9,0.7767,-187,704,760,123.3,6828.7
146.02,66.9,0.7767,-186,703,760,123.7,6828.7
146.04,66.9,0.7767,-185,703,760,124.6,6828.7
146.06,66.9,0.7766,-184,702,760,126.1,6829.3
146.08,66.9,0.7767,-183,701,760,128.1,6825.9
146.1,66.9,0.7768,-183,701,760,130.4,6825.3
146.12,66.9,0.7768,-183,700,760,132.9,6823.9
146.14,66.9,0.7768,-183,700,761,135.5,6823.9
146.16,66.9,0.7771,-183,700,761,138.2,6813.7
146.18,66.9,0.7771,-183,700,761,141,6814.4
146.2,66.9,0.7771,-183,699,762,143.6,6812.4
146.22,66.9,0.7771,-183,699,762,146.1,6812.4
146.24,66.9,0.7772,-183,699,763,148.5,6811
146.26,66.9,0.7772,-184,699,763,150.6,6811
146.28,66.9,0.7774,-184,699,764,152.4,6804.2
146.3,66.9,0.7774,-185,699,765,153.8,6804.2
146.32,66.9,0.7776,-185,699,765,154.8,6796.1
146.34,66.9,0.7776,-185,699,766,155.4,6795.4
146.36,66.9,0.7775,-186,699,767,155.7,6800.1
146.38,66.9,0.7775,-186,699,768,155.4,6800.8
146.4,66.9,0.7775,-186,700,769,155,6800.8
146.42,66.9,0.7775,-187,700,770,154.1,6801.5
146.44,66.9,0.7776,-187,700,771,152.8,6798.1
146.46,66.9,0.7776,-187,701,771,151.2,6797.4
146.48,66.9,0.7777,-188,701,772,149.3,6792.7
146.5,66.9,0.7777,-189,701,772,147.2,6792.7
146.52,66.9,0.7777,-189,701,772,145,6792.7
146.54,66.9,0.7777,-190,701,772,142.6,6792.7
146.56,66.9,0.7778,-190,701,772,140.1,6789.3
146.58,66.9,0.7778,-191,702,772,137.5,6789.3
146.6,66.9,0.7778,-191,702,772,134.9,6790.6
146.62,66.9,0.7778,-192,702,772,132.1,6790.6
146.64,66.9,0.7776,-192,702,772,129.3,6795.4
146.66,66.9,0.7776,-192,702,772,126.5,6796.1
146.68,66.9,0.7778,-193,702,772,123.7,6790.6
146.7,66.9,0.7778,-193,702,772,121,6790.6
146.72,66.9,0.7777,-193,702,772,118.3,6792.7
146.74,66.9,0.7777,-193,702,772,115.8,6792
146.76,66.9,0.7779,-192,702,773,113.6,6787.3
146.78,66.9,0.7779,-192,701,773,111.7,6787.3
146.8,66.9,0.7781,-191,701,773,110.2,6781.2
146.82,66.9,0.7781,-191,701,774,109.2,6781.2
146.84,66.9,0.7784,-190,700,774,108.8,6771
146.86,66.9,0.7783,-190,700,774,108.8,6771.7
146.88,66.9,0.7786,-189,700,775,109.4,6763.5
146.9,66.9,0.7786,-188,699,775,110.5,6762.8
146.92,66.9,0.7787,-188,699,775,111.9,6759.5
146.94,66.9,0.7787,-188,699,776,113.5,6760.1
146.96,66.9,0.7789,-188,699,776,115.4,6752
146.98,66.9,0.7789,-188,699,777,117.3,6751.3
147,66.9,0.779,-188,699,777,119.3,6749.3
147.02,66.9,0.779,-188,700,778,121.2,6750
147.04,66.9,0.7789,-188,700,778,123,6751.3
147.06,66.9,0.7789,-188,700,779,124.7,6751.3
147.08,66.9,0.779,-189,701,779,126.3,6747.9
147.1,66.9,0.779,-189,701,780,127.6,6747.9
147.12,66.9,0.7789,-189,702,781,128.7,6751.3
147.14,66.9,0.7789,-190,702,782,129.6,6752
147.16,66.9,0.7791,-190,703,782,130.2,6746.6
147.18,66.9,0.7791,-191,703,783,130.6,6746.6
147.2,66.9,0.7791,-191,704,784,130.7,6744.6
147.22,66.9,0.7791,-192,704,784,130.6,6745.2
147.24,66.9,0.7793,-192,705,784,130.3,6738.5
147.26,66.9,0.7793,-192,705,785,129.7,6738.5
147.28,66.9,0.7797,-193,705,785,129.1,6726.9
147.3,66.9,0.7797,-193,705,785,128.2,6726.9
147.32,66.9,0.7795,-194,706,785,127.2,6731.7
147.34,66.9,0.7795,-194,706,785,126.1,6731.7
147.36,66.9,0.7794,-195,706,785,124.8,6737.1
147.38,66.9,0.7794,-195,706,785,123.5,6737.1
147.4,66.9,0.7793,-196,706,785,122,6739.1
147.42,66.9,0.7793,-196,706,785,120.5,6739.1
147.44,66.9,0.7792,-197,706,784,118.9,6741.8
147.46,66.9,0.7792,-197,706,784,117.2,6741.8
147.48,66.9,0.7791,-198,706,784,115.4,6745.2
147.5,66.9,0.7791,-198,706,784,113.7,6745.2
147.52,66.9,0.7791,-199,706,784,111.8,6745.2
147.54,66.9,0.7791,-199,706,784,110,6745.2
147.56,66.9,0.7792,-199,706,784,108.1,6743.9
147.58,66.9,0.7792,-200,706,784,106.2,6743.2
147.6,66.9,0.7794,-200,706,783,104.3,6737.1
147.62,66.9,0.7794,-200,706,783,102.4,6737.1
147.64,66.9,0.7793,-201,706,783,100.5,6738.5
147.66,66.9,0.7793,-201,705,783,98.6,6739.1
147.68,66.9,0.7793,-201,705,783,96.8,6740.5
147.7,66.9,0.7793,-201,705,783,95,6740.5
147.72,66.9,0.7793,-201,705,783,93.3,6740.5
147.74,66.9,0.7793,-201,706,783,91.8,6740.5
147.76,66.9,0.7794,-201,706,783,90.5,6735.7
147.78,66.9,0.7794,-201,706,783,89.4,6735.7
147.8,66.9,0.7794,-201,706,783,88.5,6734.4
147.82,66.9,0.7794,-201,706,783,87.9,6734.4
147.84,66.9,0.7796,-200,706,783,87.8,6727.6
147.86,66.9,0.7796,-199,706,784,88.1,6727.6
147.88,66.9,0.7798,-199,706,784,88.9,6722.9
147.9,66.9,0.7798,-199,706,785,90,6722.9
147.92,66.9,0.7801,-198,706,785,91.4,6712.7
147.94,66.9,0.7801,-198,705,785,93.2,6712.7
147.96,66.9,0.7802,-198,705,786,95.2,6708
147.98,66.9,0.7802,-198,705,786,97.5,6708
148,66.9,0.7806,-198,704,787,100,6695.1
148.02,66.9,0.7806,-198,704,787,102.8,6695.1
148.04,66.9,0.7812,-198,704,787,105.7,6673.5
148.06,66.9,0.7812,-198,704,787,108.8,6673.5
148.08,66.9,0.7812,-198,704,787,112,6675.5
148.1,66.9,0.7812,-199,704,787,115.3,6676.2
148.12,66.9,0.781,-199,704,787,118.6,6682.3
148.14,66.9,0.781,-199,704,787,121.9,6682.3
148.16,66.9,0.7808,-199,704,787,125.1,6689.1
148.18,66.9,0.7808,-200,704,787,128.3,6689.1
148.2,66.9,0.7805,-200,704,787,131.3,6697.2
148.22,66.9,0.7805,-201,705,788,134.1,6697.2
148.24,66.9,0.7805,-201,705,788,136.7,6697.2
148.26,66.9,0.7805,-202,705,788,139,6697.2
148.28,66.9,0.7807,-202,706,789,140.8,6692.4
148.3,66.9,0.7807,-202,707,790,142.3,6692.4
148.32,66.9,0.7807,-203,708,791,143.4,6692.4
148.34,66.9,0.7807,-203,709,791,144.2,6692.4
148.36,66.9,0.7807,-203,710,792,144.6,6692.4
148.38,66.9,0.7807,-203,711,793,144.8,6692.4
148.4,66.9,0.781,-203,712,793,144.8,6683
148.42,66.9,0.781,-203,712,794,144.6,6683
148.44,66.9,0.7812,-204,713,795,144.1,6674.9
148.46,66.8,0.7812,-204,714,795,143.3,6674.9
148.48,66.8,0.7812,-204,715,795,142.2,6674.9
148.5,66.8,0.7812,-204,716,796,140.9,6674.9
148.52,66.8,0.7811,-205,716,796,139.2,6678.2
148.54,66.8,0.7811,-205,717,796,137.3,6678.2
148.56,66.8,0.7812,-205,718,797,135.1,6673.5
148.58,66.9,0.7813,-205,718,797,132.8,6672.8
148.6,66.9,0.7812,-205,719,797,130.4,6674.9
148.62,66.8,0.7812,-205,719,797,127.9,6675.5
148.64,66.8,0.7812,-205,720,797,125.4,6673.5
148.66,66.9,0.7813,-205,720,797,123,6672.8
148.68,66.9,0.7809,-204,721,797,120.9,6686.4
148.7,66.8,0.7808,-203,721,797,119.1,6687
148.72,66.8,0.7813,-202,721,797,117.8,6672.2
148.74,66.8,0.7813,-202,721,797,116.9,6672.2
148.76,66.8,0.7812,-201,721,797,116.5,6675.5
148.78,66.8,0.7812,-200,721,797,116.5,6674.9
148.8,66.8,0.7812,-199,721,797,117.2,6673.5
148.82,66.9,0.7813,-198,721,797,118.4,6672.8
148.84,66.9,0.7815,-198,722,797,120.1,6666.1
148.86,66.9,0.7814,-197,722,797,122.2,6666.7
148.88,66.9,0.7818,-197,722,797,124.5,6655.3
148.9,66.8,0.7818,-196,722,797,127,6655.3
148.92,66.8,0.7819,-196,722,798,129.8,6650.5
148.94,66.9,0.7819,-196,722,798,132.6,6649.9
148.96,66.9,0.7821,-196,722,798,135.5,6643.8
148.98,66.8,0.7821,-196,722,798,138.4,6643.8
149,66.8,0.7823,-196,722,798,141.1,6637
149.02,66.8,0.7823,-196,722,798,143.6,6637
149.04,66.8,0.7825,-196,723,798,145.9,6631
149.06,66.9,0.7825,-196,723,798,147.9,6630.3
149.08,66.9,0.7826,-197,723,798,149.6,6628.9
149.1,66.9,0.7826,-197,724,799,150.9,6628.9
149.12,66.9,0.7828,-197,724,799,151.9,6622.2
149.14,66.8,0.7828,-197,725,799,152.7,6622.2
149.16,66.8,0.7828,-198,725,800,153.4,6622.2
149.18,66.9,0.7828,-198,726,800,153.9,6622.2
149.2,66.9,0.7828,-198,726,800,154.3,6620.8
149.22,66.9,0.7828,-199,727,800,154.6,6620.2
149.24,66.9,0.7829,-199,727,800,154.8,6616.8
149.26,66.9,0.7829,-200,727,800,154.9,6616.8
149.28,66.9,0.7829,-200,727,800,154.8,6616.8
149.3,66.9,0.7829,-201,727,801,154.7,6617.5
149.32,66.9,0.7831,-201,728,801,154.5,6612.1
149.34,66.9,0.7831,-201,728,801,154.2,6612.1
149.36,66.9,0.7832,-202,728,801,153.9,6608.7
149.38,66.9,0.7832,-202,728,801,153.6,6608.7
149.4,66.9,0.7832,-203,729,801,153.4,6608.7
149.42,66.9,0.7832,-203,729,801,153.2,6608.7
149.44,66.9,0.7833,-203,730,801,153.2,6605.3
149.46,66.9,0.7833,-203,730,801,153.4,6605.3
149.48,66.9,0.7833,-204,731,802,153.9,6605.3
149.5,66.9,0.7833,-204,731,802,154.5,6605.3
149.52,66.9,0.7835,-204,732,802,155.5,6597.2
149.54,66.9,0.7835,-204,732,802,156.8,6597.2
149.56,66.9,0.7836,-205,733,803,158.5,6593.8
149.58,66.9,0.7836,-205,733,803,160.5,6593.8
149.6,66.9,0.7838,-205,734,803,162.8,6585.8
149.62,66.9,0.7838,-206,735,803,165.5,6585.8
149.64,66.9,0.784,-206,735,803,168.7,6579
149.66,66.9,0.784,-207,736,803,172,6579
149.68,66.9,0.7841,-207,737,803,175.6,6577.7
149.7,66.9,0.7841,-208,737,803,177.5,6577.7
149.72,66.9,0.7842,-208,738,803,174.3,6574.3
149.74,66.9,0.7842,-209,738,803,169.7,6573.6
149.76,66.9,0.7842,-210,739,803,164.7,6572.3
149.78,66.9,0.7842,-210,739,802,159.5,6572.3
149.8,66.9,0.7842,-211,740,802,154.1,6574.3
149.82,66.9,0.7842,-211,740,801,148.7,6574.3
149.84,66.9,0.784,-211,740,800,143.2,6579
149.86,66.9,0.784,-211,740,800,137.9,6579
149.88,66.9,0.7839,-211,740,799,132.8,6583.7
149.9,66.9,0.7839,-211,740,798,128,6584.4
149.92,66.9,0.7835,-210,740,798,123.9,6597.2
149.94,66.9,0.7835,-209,739,797,120.3,6597.2
149.96,66.9,0.7836,-208,739,796,117.4,6593.8
149.98,66.9,0.7836,-207,739,796,115.2,6593.8
150,66.9,0.7839,-205,739,795,113.8,6582.4
150.02,66.9,0.7839,-204,738,795,113.1,6582.4
150.04,66.9,0.7843,-202,738,795,113.3,6568.9
150.06,66.9,0.7843,-201,738,795,114.4,6568.9
150.08,66.9,0.7843,-199,737,795,116.4,6568.9
150.1,66.9,0.7843,-198,736,795,119,6568.9
150.12,66.9,0.7843,-197,736,795,122.4,6570.9
150.14,66.9,0.7843,-197,735,795,126.2,6570.9
150.16,66.9,0.7847,-196,734,795,130.3,6558.1
150.18,66.9,0.7847,-196,733,796,134.6,6558.1
150.2,66.9,0.785,-196,733,796,138.7,6548
150.22,66.9,0.785,-196,733,797,142.5,6548
150.24,66.9,0.7849,-196,732,798,145.7,6550
150.26,66.9,0.7849,-196,733,798,147.9,6550
150.28,66.9,0.7851,-197,733,799,149.1,6544.7
150.3,66.9,0.7851,-197,734,799,149.3,6544.7
150.32,66.9,0.785,-197,735,799,148.6,6546.7
150.34,66.9,0.785,-196,736,799,147.5,6546.7
150.36,66.9,0.7849,-196,737,799,146.3,6550
150.38,66.9,0.7849,-196,738,799,145.1,6550
150.4,66.9,0.7852,-195,739,798,144.1,6541.3
150.42,66.9,0.7852,-195,740,798,143.6,6541.3
150.44,66.9,0.7852,-195,741,797,143.4,6539.9
150.46,66.9,0.7852,-194,741,797,143.7,6539.9
150.48,66.9,0.7851,-194,742,796,144.4,6542
150.5,66.9,0.7851,-194,742,796,145.3,6542
150.52,66.9,0.7851,-194,743,796,146.5,6543.3
150.54,66.8,0.7851,-194,743,796,147.8,6544
150.56,66.8,0.7853,-195,743,795,149.3,6537.3
150.58,66.9,0.7853,-195,744,795,150.9,6537.3
150.6,66.9,0.7856,-195,744,795,152.6,6525.1
150.62,66.8,0.7856,-196,744,795,154.4,6525.8
150.64,66.8,0.7855,-196,744,794,156.3,6530.5
150.66,66.9,0.7855,-196,744,794,158.4,6530.5
150.68,66.9,0.7856,-195,744,793,160.3,6525.1
150.7,66.9,0.7856,-195,744,793,162,6525.1
150.72,66.9,0.7857,-196,744,792,163.2,6523.8
150.74,66.9,0.7857,-196,743,792,163.8,6523.8
150.76,66.9,0.7858,-197,742,793,163.8,6520.4
150.78,66.9,0.7858,-197,741,793,163.2,6520.4
150.8,66.9,0.7858,-197,741,793,162.3,6519.1
150.82,66.9,0.7858,-197,741,793,161.3,6519.1
150.84,66.9,0.786,-197,740,793,160,6513.7
150.86,66.8,0.786,-197,739,793,158.7,6514.4
150.88,66.8,0.7859,-197,738,793,157.2,6517.7
150.9,66.9,0.7859,-197,737,794,155.7,6517.1
150.92,66.9,0.786,-198,737,794,154.1,6512.4
150.94,66.8,0.786,-198,737,794,152.6,6512.4
150.96,66.8,0.786,-198,736,795,151.2,6512.4
150.98,66.8,0.786,-198,736,795,149.8,6512.4
151,66.8,0.7861,-198,736,796,148.5,6509.7
151.02,66.8,0.7861,-199,736,796,147.2,6509.7
151.04,66.8,0.7859,-199,736,796,145.8,6516.4
151.06,66.9,0.7859,-200,736,796,144.3,6515.7
151.08,66.9,0.7861,-200,737,797,142.8,6509
151.1,66.8,0.7861,-201,737,797,141.3,6509.7
151.12,66.8,0.7862,-201,737,797,139.6,6507.7
151.14,66.9,0.7862,-202,737,797,138,6507.7
151.16,66.9,0.786,-202,737,797,136.2,6513.7
151.18,66.8,0.786,-203,738,798,134.4,6514.4
151.2,66.8,0.786,-203,738,798,132.5,6514.4
151.22,66.8,0.786,-203,738,798,130.6,6514.4
151.24,66.8,0.786,-204,739,798,128.7,6512.4
151.26,66.9,0.786,-204,739,798,126.8,6512.4
151.28,66.9,0.7864,-204,739,798,125,6500.9
151.3,66.9,0.7864,-204,739,798,123.2,6500.9
151.32,66.9,0.7866,-205,740,798,121.5,6494.2
151.34,66.9,0.7866,-205,740,799,119.9,6494.2
151.36,66.9,0.7865,-205,740,799,118.4,6497.6
151.38,66.9,0.7865,-205,740,799,116.9,6497.6
151.4,66.9,0.7867,-206,740,799,115.5,6490.8
151.42,66.8,0.7866,-206,740,799,114.2,6491.5
151.44,66.8,0.7866,-206,741,800,113,6492.9
151.46,66.8,0.7866,-206,741,800,111.9,6492.9
151.48,66.8,0.7869,-206,741,800,111.1,6481.4
151.5,66.9,0.787,-206,741,800,110.5,6480.8
151.52,66.9,0.7871,-206,741,800,110.2,6474.7
151.54,66.9,0.7871,-206,741,800,110.2,6474.7
151.56,66.9,0.7874,-205,741,800,110.5,6466.7
151.58,66.9,0.7874,-205,742,800,111.2,6466.7
151.6,66.9,0.7873,-205,742,800,112.3,6468
151.62,66.9,0.7873,-204,742,801,113.8,6468
151.64,66.9,0.7873,-204,742,801,115.8,6468
151.66,66.9,0.7873,-203,742,801,118.3,6468
151.68,66.9,0.7873,-203,743,801,121.3,6468
151.7,66.8,0.7873,-202,743,801,124.7,6468.7
151.72,66.8,0.7876,-202,744,801,128.4,6458.6
151.74,66.8,0.7876,-202,744,800,132.3,6459.3
151.76,66.8,0.7878,-202,744,800,136.4,6452.6
151.78,66.8,0.7878,-202,744,800,140.5,6452.6
151.8,66.8,0.788,-203,744,799,144.7,6445.8
151.82,66.8,0.788,-203,744,799,148.9,6445.8
151.84,66.8,0.7882,-203,744,799,152.9,6439.8
151.86,66.8,0.7882,-203,744,798,156.9,6439.8
151.88,66.8,0.7883,-203,743,798,160.6,6434.4
151.9,66.8,0.7883,-203,742,797,164.1,6435.1
151.92,66.8,0.7884,-203,742,797,167.2,6431.8
151.94,66.8,0.7884,-203,741,796,170.1,6431.8
151.96,66.8,0.7884,-203,740,796,172.7,6433.1
151.98,66.8,0.7884,-203,739,796,175.1,6433.1
152,66.8,0.7885,-203,738,796,177.3,6430.4
152.02,66.8,0.7885,-203,737,795,179.2,6429.7
152.04,66.8,0.7886,-203,737,795,178.3,6425
152.06,66.8,0.7886,-203,736,795,176.5,6425.7
152.08,66.8,0.7884,-203,735,796,174.6,6431.8
152.1,66.8,0.7884,-202,734,796,172.8,6431.8
152.12,66.8,0.7883,-202,733,797,170.8,6435.1
152.14,66.8,0.7883,-202,732,797,168.8,6435.1
152.16,66.8,0.7883,-202,731,798,166.6,6437.1
152.18,66.8,0.7883,-202,730,799,164.3,6437.1
152.2,66.8,0.7883,-202,730,800,161.7,6435.8
152.22,66.8,0.7883,-201,729,802,159,6435.8
152.24,66.8,0.7883,-201,729,803,156.1,6437.1
152.26,66.8,0.7883,-201,729,804,153.1,6437.1
152.28,66.8,0.7883,-201,730,805,150.1,6437.1
152.3,66.8,0.7883,-201,730,806,147.2,6437.1
152.32,66.8,0.7885,-200,731,807,144.2,6429.1
152.34,66.8,0.7885,-200,732,808,141.3,6429.1
152.36,66.8,0.7888,-200,733,808,138.6,6419.7
152.38,66.8,0.7888,-200,735,809,135.9,6419
152.4,66.8,0.7888,-199,736,809,133.3,6419
152.42,66.8,0.7888,-199,737,809,130.9,6419
152.44,66.8,0.7888,-198,738,809,128.6,6419
152.46,66.8,0.7888,-198,739,809,126.6,6419.7
152.48,66.8,0.7888,-197,739,808,124.8,6419.7
152.5,66.8,0.7888,-197,740,807,123.2,6419
152.52,66.8,0.7889,-196,740,807,122,6415.7
152.54,66.8,0.7889,-196,741,806,121.1,6416.3
152.56,66.8,0.7892,-195,741,806,120.4,6404.9
152.58,66.8,0.7892,-195,741,805,120,6404.9
152.6,66.8,0.7892,-195,741,805,119.9,6406.9
152.62,66.8,0.7892,-195,741,804,120,6406.3
152.64,66.8,0.7893,-195,740,804,120.1,6401.6
152.66,66.8,0.7893,-194,740,803,120.5,6401.6
152.68,66.8,0.7891,-195,740,803,121.1,6409.6
152.7,66.8,0.7891,-195,739,803,121.7,6409.6
152.72,66.8,0.7893,-195,739,803,122.4,6401.6
152.74,66.8,0.7893,-195,739,802,123.2,6402.2
152.76,66.8,0.7895,-195,738,802,123.9,6396.9
152.78,66.8,0.7895,-196,738,802,124.7,6396.9
152.8,66.8,0.7895,-196,737,802,125.5,6395.5
152.82,66.8,0.7895,-196,737,802,126.4,6395.5
152.84,66.8,0.7899,-197,737,802,127.3,6383.5
152.86,66.8,0.7899,-197,736,803,128.4,6383.5
152.88,66.8,0.79,-196,736,803,129.8,6378.8
152.9,66.8,0.79,-196,735,804,131.6,6378.8
152.92,66.8,0.7902,-196,734,804,133.9,6372.1
152.94,66.8,0.7902,-195,734,805,136.6,6372.1
152.96,66.8,0.7903,-195,733,806,139.9,6369.4
152.98,66.8,0.7903,-195,733,806,143.5,6368.7
153,66.8,0.7904,-195,732,807,147.5,6364.1
153.02,66.8,0.7904,-195,732,807,152,6364.1
153.04,66.8,0.7906,-195,731,808,156.7,6358
153.06,66.8,0.7906,-195,731,808,161.7,6358
153.08,66.8,0.7906,-195,731,809,166.8,6358
153.1,66.8,0.7906,-196,730,809,171.6,6358
153.12,66.8,0.7906,-196,730,810,174.1,6358
153.14,66.8,0.7906,-196,731,811,171.8,6358
153.16,66.8,0.7903,-197,731,812,167.1,6369.4
153.18,66.8,0.7903,-197,732,813,161.9,6369.4
153.2,66.8,0.7904,-197,733,814,156.9,6366.1
153.22,66.8,0.7904,-197,734,814,152.2,6366.1
153.24,66.8,0.7905,-197,735,815,147.9,6360.7
153.26,66.8,0.7905,-197,736,815,143.9,6361.4
153.28,66.8,0.7904,-197,738,815,140.4,6364.7
153.3,66.8,0.7904,-197,739,815,137.2,6364.1
153.32,66.8,0.7904,-197,740,816,134.3,6366.1
153.34,66.8,0.7904,-196,741,817,131.6,6366.1
153.36,66.8,0.7905,-196,743,817,129.3,6362.7
153.38,66.8,0.7905,-196,744,817,127.2,6362.7
153.4,66.8,0.7906,-196,745,817,125.1,6358
153.42,66.8,0.7906,-196,746,817,123,6358
153.44,66.8,0.7908,-196,747,817,120.9,6353.3
153.46,66.8,0.7908,-196,748,817,118.8,6353.3
153.48,66.8,0.7909,-196,749,816,116.7,6348
153.5,66.8,0.7909,-196,749,816,114.7,6348
153.52,66.8,0.7912,-195,749,815,112.7,6338.6
153.54,66.8,0.7912,-195,749,815,110.8,6338
153.56,66.8,0.7911,-195,749,815,109.3,6341.3
153.58,66.8,0.7911,-195,748,815,108,6342
153.6,66.8,0.7912,-194,748,815,107,6338.6
153.62,66.8,0.7912,-194,748,816,106.3,6338.6
153.64,66.8,0.7914,-194,748,817,106,6331.9
153.66,66.8,0.7914,-193,747,817,106.1,6331.9
153.68,66.8,0.7913,-193,747,818,106.6,6336.6
153.7,66.8,0.7913,-193,747,819,107.4,6336.6
153.72,66.8,0.7915,-193,748,820,108.5,6329.9
153.74,66.8,0.7914,-193,748,821,109.9,6330.6
153.76,66.8,0.7912,-193,748,821,111.4,6338.6
153.78,66.8,0.7912,-193,748,822,113.1,6338
153.8,66.8,0.7914,-193,749,823,114.9,6333.3
153.82,66.8,0.7914,-193,749,823,116.7,6333.3
153.84,66.8,0.7913,-194,749,824,118.5,6335.3
153.86,66.8,0.7913,-194,750,824,120.3,6334.6
153.88,66.8,0.7917,-195,750,824,121.9,6321.9
153.9,66.8,0.7917,-195,750,824,123.5,6321.9
153.92,66.8,0.7919,-196,750,824,125,6316.6
153.94,66.8,0.7919,-196,750,824,126.4,6316.6
153.96,66.8,0.7921,-197,750,824,127.7,6309.9
153.98,66.8,0.792,-197,751,824,129,6310.5
154,66.8,0.7922,-198,751,824,130.1,6305.2
154.02,66.8,0.7922,-199,751,824,131.2,6305.2
154.04,66.8,0.7924,-199,751,824,132.2,6299.2
154.06,66.8,0.7924,-200,751,824,133,6299.2
154.08,66.8,0.7922,-200,751,824,133.7,6303.9
154.1,66.8,0.7922,-201,752,824,134.3,6303.9
154.12,66.8,0.7923,-201,752,823,134.8,6300.5
154.14,66.8,0.7923,-201,752,823,135.1,6300.5
154.16,66.8,0.7922,-202,752,823,135.3,6303.9
154.18,66.8,0.7922,-202,753,823,135.3,6303.9
154.2,66.8,0.7922,-203,753,823,135.1,6303.9
154.22,66.8,0.7922,-203,754,823,134.8,6303.9
154.24,66.8,0.7924,-204,754,823,134.2,6297.8
154.26,66.8,0.7924,-204,754,822,133.5,6297.2
154.28,66.8,0.7924,-205,755,822,132.5,6297.2
154.3,66.8,0.7924,-206,755,822,131.3,6297.2
154.32,66.8,0.7922,-206,756,822,130,6303.9
154.34,66.8,0.7922,-207,756,822,128.5,6303.9
154.36,66.8,0.7923,-207,756,822,126.9,6300.5
154.38,66.8,0.7923,-207,757,822,125.1,6300.5
154.4,66.8,0.7924,-208,757,822,123.2,6297.8
154.42,66.8,0.7924,-208,757,821,121.3,6297.2
154.44,66.8,0.7926,-209,758,821,119.2,6290.5
154.46,66.8,0.7926,-209,758,821,117.1,6290.5
154.48,66.8,0.7926,-209,758,821,115,6292.5
154.5,66.8,0.7926,-209,758,821,112.9,6292.5
154.52,66.8,0.7926,-209,758,821,110.8,6290.5
154.54,66.8,0.7926,-210,758,820,108.7,6291.2
154.56,66.8,0.7926,-210,758,821,106.7,6292.5
154.58,66.8,0.7926,-210,758,820,104.6,6292.5
154.6,66.8,0.7924,-210,758,820,102.6,6297.2
154.62,66.8,0.7924,-210,758,821,100.6,6297.2
154.64,66.8,0.7925,-210,758,821,98.7,6295.8
154.66,66.8,0.7925,-210,758,821,96.9,6295.2
154.68,66.8,0.793,-210,758,821,95.1,6277.8
154.7,66.8,0.793,-210,759,821,93.5,6277.8
154.72,66.8,0.7929,-211,759,821,92.1,6281.1
154.74,66.8,0.7929,-211,759,821,90.9,6281.1
154.76,66.8,0.7931,-210,759,821,89.8,6276.5
154.78,66.8,0.7931,-210,759,821,89.1,6276.5
154.8,66.8,0.7932,-210,760,821,88.6,6271.8
154.82,66.8,0.7932,-210,760,821,88.5,6271.1
154.84,66.8,0.7937,-210,760,821,88.7,6255.1
154.86,66.8,0.7937,-210,760,821,89.3,6255.1
154.88,66.8,0.7939,-209,761,821,90.1,6249.8
154.9,66.8,0.7938,-209,761,821,91.3,6250.4
154.92,66.8,0.7942,-209,761,822,92.8,6239.1
154.94,66.8,0.7942,-209,762,822,94.5,6239.1
154.96,66.8,0.7942,-209,762,822,96.4,6237.8
154.98,66.8,0.7942,-209,762,822,98.6,6237.8
155,66.8,0.7943,-209,762,823,100.9,6236.4
155.02,66.8,0.7943,-209,763,823,103.5,6235.8
155.04,66.8,0.7943,-209,763,823,106.1,6233.8
155.06,66.8,0.7943,-209,763,824,108.8,6234.4
155.08,66.8,0.7943,-209,763,824,111.6,6234.4
155.1,66.8,0.7943,-209,763,824,114.4,6234.4
155.12,66.8,0.7944,-210,764,825,117.3,6231.1
155.14,66.8,0.7944,-210,764,825,120.1,6231.1
155.16,66.8,0.7947,-210,764,825,122.9,6223.1
155.18,66.8,0.7947,-211,764,825,125.7,6223.1
155.2,66.8,0.7946,-211,765,826,128.3,6226.4
155.22,66.8,0.7946,-211,765,826,130.9,6226.4
155.24,66.8,0.7948,-212,765,826,133.4,6218.4
155.26,66.8,0.7948,-212,766,826,135.7,6218.4
155.28,66.8,0.7948,-213,766,827,137.8,6217.1
155.3,66.8,0.7948,-213,767,827,139.8,6217.1
155.32,66.8,0.7949,-213,767,827,141.5,6215.1
155.34,66.8,0.7949,-214,768,827,142.9,6215.1
155.36,66.8,0.795,-214,769,827,144,6210.4
155.38,66.8,0.795,-215,770,827,144.7,6210.4
155.4,66.8,0.7951,-215,770,827,145,6207.1
155.42,66.8,0.7951,-215,771,828,144.8,6207.8
155.44,66.8,0.795,-216,772,828,144.3,6211.1
155.46,66.8,0.795,-216,773,828,143.3,6210.4
155.48,66.8,0.7949,-216,774,828,142.1,6215.1
155.5,66.8,0.7949,-216,775,828,140.5,6215.8
155.52,66.8,0.7949,-217,775,828,138.6,6215.8
155.54,66.8,0.7949,-217,776,828,136.6,6215.8
155.56,66.8,0.7947,-217,777,827,134.4,6220.4
155.58,66.8,0.7947,-217,778,827,132.1,6220.4
155.6,66.8,0.7946,-217,778,827,129.8,6225.8
155.62,66.8,0.7946,-217,779,827,127.5,6225.8
155.64,66.8,0.7944,-217,779,826,125.3,6232.4
155.66,66.8,0.7944,-217,780,826,123.1,6231.8
155.68,66.8,0.7944,-217,780,826,121.1,6230.4
155.7,66.8,0.7944,-216,781,825,119.4,6230.4
155.72,66.8,0.7948,-216,781,825,117.8,6219.1
155.74,66.8,0.7948,-215,781,825,116.6,6219.1
155.76,66.8,0.7949,-214,782,824,115.8,6214.4
155.78,66.8,0.7949,-214,782,824,115.5,6214.4
155.8,66.8,0.795,-212,782,824,115.7,6213.1
155.82,66.7,0.795,-211,782,824,116.7,6213.1
155.84,66.7,0.795,-210,782,823,118.3,6213.1
155.86,66.8,0.795,-209,782,823,120.4,6212.4
155.88,66.8,0.7954,-208,782,823,123.1,6199.8
155.9,66.8,0.7953,-208,782,823,126.1,6200.4
155.92,66.8,0.7955,-207,782,823,129.5,6193.8
155.94,66.8,0.7956,-207,782,823,133.1,6193.1
155.96,66.8,0.7956,-206,782,823,136.8,6191.8
155.98,66.7,0.7956,-206,781,824,140.5,6192.4
156,66.7,0.7959,-206,781,824,144,6182.5
156.02,66.8,0.7959,-206,782,824,147.2,6181.8
156.04,66.8,0.7959,-207,782,825,149.9,6181.8
156.06,66.8,0.7959,-207,782,825,152,6182.5
156.08,66.8,0.7959,-207,783,825,153.5,6182.5
156.1,66.8,0.7959,-207,783,825,154.4,6182.5
156.12,66.8,0.7959,-207,784,826,154.7,6182.5
156.14,66.8,0.7959,-207,785,826,154.9,6182.5
156.16,66.8,0.7958,-207,785,826,155,6185.8
156.18,66.7,0.7958,-207,786,827,155.1,6185.8
156.2,66.7,0.7959,-206,786,827,155.4,6182.5
156.22,66.7,0.7959,-206,787,828,155.7,6182.5
156.24,66.7,0.796,-206,788,828,156.2,6177.8
156.26,66.8,0.796,-206,788,828,156.8,6177.1
156.28,66.8,0.7964,-206,789,828,157.6,6165.8
156.3,66.7,0.7964,-206,789,828,158.6,6166.5
156.32,66.7,0.7965,-206,790,828,159.8,6163.2
156.34,66.7,0.7965,-206,790,828,161.1,6163.2
156.36,66.7,0.7968,-206,791,827,162.4,6153.2
156.38,66.7,0.7968,-206,791,827,163.8,6153.2
156.4,66.7,0.7967,-206,791,827,165,6155.2
156.42,66.7,0.7967,-206,791,827,166,6155.2
156.44,66.7,0.7971,-207,792,827,166.8,6140.5
156.46,66.7,0.7971,-207,792,827,167.3,6140.5
156.48,66.7,0.7972,-208,792,827,167.5,6137.2
156.5,66.7,0.7972,-208,792,826,167.3,6137.2
156.52,66.7,0.7975,-209,792,826,166.8,6129.2
156.54,66.7,0.7975,-209,792,826,166,6129.2
156.56,66.7,0.7975,-210,792,826,165,6129.2
156.58,66.8,0.7975,-210,791,826,163.9,6129.2
156.6,66.8,0.7975,-211,791,826,162.6,6127.2
156.62,66.7,0.7975,-211,791,826,161.3,6127.2
156.64,66.7,0.7977,-211,791,826,160.1,6121.3
156.66,66.7,0.7977,-212,791,826,159,6121.3
156.68,66.7,0.7977,-212,791,825,158,6123.2
156.7,66.7,0.7977,-212,791,825,157.2,6122.6
156.72,66.7,0.7978,-213,790,825,156.6,6119.3
156.74,66.7,0.7978,-213,790,825,156.1,6119.3
156.76,66.7,0.7978,-213,790,825,155.7,6117.9
156.78,66.8,0.7978,-213,790,825,155.6,6117.9
156.8,66.8,0.798,-213,790,825,155.6,6112.6
156.82,66.7,0.798,-213,790,825,155.8,6113.3
156.84,66.7,0.7979,-213,790,824,156.2,6114.6
156.86,66.7,0.7979,-213,790,824,156.8,6114.6
156.88,66.7,0.798,-213,789,824,157.6,6113.3
156.9,66.7,0.798,-213,789,823,158.7,6113.3
156.92,66.7,0.7979,-213,789,823,160,6115.9
156.94,66.8,0.7979,-213,788,822,161.5,6115.9
156.96,66.8,0.7979,-212,788,821,163,6114.6
156.98,66.7,0.7979,-213,788,821,164,6114.6
157,66.7,0.7977,-212,787,821,164.2,6122.6
157.02,66.8,0.7977,-213,787,821,163.4,6122.6
157.04,66.8,0.7972,-213,787,821,161.5,6138.5
157.06,66.8,0.7972,-213,787,822,158.9,6138.5
157.08,66.8,0.7971,-212,787,822,155.9,6141.9
157.1,66.8,0.7971,-212,786,823,152.9,6141.9
157.12,66.8,0.7973,-212,786,824,150.1,6136.5
157.14,66.8,0.7972,-211,786,825,147.6,6137.2
157.16,66.8,0.7971,-210,786,826,145.5,6143.2
157.18,66.8,0.7971,-209,786,827,143.8,6143.2
157.2,66.8,0.7975,-209,785,828,142.6,6127.2
157.22,66.8,0.7975,-208,785,829,141.7,6127.2
157.24,66.8,0.7979,-207,785,830,141.3,6115.9
157.26,66.8,0.7979,-207,786,831,141.1,6115.9
157.28,66.8,0.7982,-206,786,832,141.1,6106
157.3,66.8,0.7982,-206,786,833,141.4,6106
157.32,66.8,0.7983,-205,787,834,141.7,6101.3
157.34,66.8,0.7983,-205,787,835,141.9,6101.3
157.36,66.8,0.7985,-205,788,835,141.9,6094.7
157.38,66.7,0.7985,-205,788,836,141.6,6095.3
157.4,66.7,0.7984,-206,789,836,140.9,6098.7
157.42,66.7,0.7984,-206,789,836,139.8,6098.7
157.44,66.7,0.7985,-206,790,836,138.3,6095.3
157.46,66.8,0.7985,-207,790,836,136.4,6094.7
157.48,66.8,0.7987,-207,791,835,134.2,6090
157.5,66.7,0.7986,-207,791,835,131.8,6090.7
157.52,66.7,0.7988,-208,791,835,129.3,6084.1
157.54,66.7,0.7988,-208,791,834,126.8,6084.1
157.56,66.7,0.7987,-208,791,834,124.3,6088.7
157.58,66.8,0.7987,-208,792,833,121.9,6088.7
157.6,66.8,0.7989,-208,791,833,119.8,6082.1
157.62,66.8,0.7989,-208,791,833,117.9,6082.1
157.64,66.8,0.7991,-208,791,832,116.1,6075.4
157.66,66.7,0.7991,-209,791,832,114.4,6076.1
157.68,66.7,0.799,-209,791,832,112.6,6079.4
157.7,66.8,0.799,-209,791,832,110.9,6078.8
157.72,66.8,0.7991,-210,792,831,109.2,6075.4
157.74,66.7,0.7991,-210,792,831,107.4,6076.1
157.76,66.7,0.799,-211,792,831,105.6,6077.4
157.78,66.7,0.799,-211,791,831,103.8,6077.4
157.8,66.7,0.7989,-211,791,830,102,6082.1
157.82,66.8,0.7989,-211,791,830,100.3,6082.1
157.84,66.8,0.7989,-211,791,830,98.8,6082.1
157.86,66.8,0.7989,-211,791,830,97.7,6082.1
157.88,66.8,0.7991,-211,791,830,96.8,6075.4
157.9,66.8,0.7991,-210,790,830,96.3,6075.4
157.92,66.8,0.7991,-210,790,831,96.4,6075.4
157.94,66.7,0.7991,-209,790,831,97.3,6076.1
157.96,66.7,0.7993,-207,789,831,99.2,6069.5
157.98,66.8,0.7993,-206,788,831,102.2,6069.5
158,66.8,0.7994,-204,787,831,106.1,6066.1
158.02,66.8,0.7994,-203,786,831,111.1,6066.1
158.04,66.8,0.8,-202,785,831,117,6046.9
158.06,66.8,0.8,-201,784,830,123.8,6046.2
158.08,66.8,0.8003,-201,782,829,131.2,6035
158.1,66.8,0.8003,-201,781,828,139.2,6035
158.12,66.8,0.8003,-202,780,827,147.3,6035
158.14,66.8,0.8003,-204,779,827,155.1,6035
158.16,66.8,0.8002,-206,778,827,161.1,6040.3
158.18,66.8,0.8002,-207,778,827,163.5,6039.6
158.2,66.8,0.7995,-209,778,828,160.7,6062.2
158.22,66.8,0.7995,-210,779,829,155,6062.8
158.24,66.8,0.7986,-210,780,831,148.3,6093.4
158.26,66.8,0.7986,-211,781,833,141.9,6093.4
158.28,66.8,0.799,-210,781,835,136.1,6077.4
158.3,66.8,0.7991,-209,782,837,131.1,6076.8
158.32,66.8,0.7994,-208,783,839,127,6064.2
158.34,66.8,0.7994,-207,783,841,123.9,6064.2
158.36,66.8,0.7994,-206,784,843,121.8,6064.2
158.38,66.8,0.7994,-205,784,844,120.5,6064.2
158.4,66.8,0.8003,-204,785,846,120,6037
158.42,66.7,0.8003,-204,786,847,120.1,6037
158.44,66.7,0.8001,-203,787,848,120.6,6042.3
158.46,66.8,0.8001,-203,788,849,121.2,6041.6
158.48,66.8,0.8,-204,789,850,122,6046.9
158.5,66.8,0.8,-204,791,850,122.6,6046.9
158.52,66.8,0.8002,-204,792,850,122.9,6040.3
158.54,66.7,0.8002,-205,794,850,122.7,6040.3
158.56,66.7,0.8005,-206,795,849,121.9,6029
158.58,66.7,0.8005,-206,796,848,120.3,6029
158.6,66.7,0.8009,-207,796,847,118,6016.4
158.62,66.8,0.8009,-208,797,846,115.1,6015.8
158.64,66.8,0.8011,-208,796,845,111.8,6007.8
158.66,66.7,0.8011,-208,796,845,108.4,6008.5
158.68,66.7,0.8013,-208,795,844,104.9,6003.8
158.7,66.7,0.8013,-208,793,845,101.6,6003.2
158.72,66.7,0.8015,-207,792,846,98.9,5995.2
158.74,66.7,0.8015,-207,792,846,96.7,5995.2
158.76,66.7,0.8017,-206,791,848,95.1,5990.6
158.78,66.7,0.8017,-205,791,849,94.2,5990.6
158.8,66.7,0.8017,-205,790,850,93.9,5990.6
158.82,66.7,0.8017,-204,790,852,94.2,5990.6
158.84,66.7,0.8018,-204,790,854,95.1,5985.3
158.86,66.7,0.8018,-203,790,855,96.4,5985.3
158.88,66.7,0.8018,-203,790,857,98.2,5985.3
158.9,66.7,0.8018,-203,790,858,100.2,5986
158.92,66.7,0.8018,-203,789,860,102.4,5987.3
158.94,66.7,0.8018,-204,789,861,104.7,5987.3
158.96,66.7,0.8016,-204,789,862,106.9,5992.6
158.98,66.7,0.8016,-205,789,862,109,5991.9
159,66.7,0.8015,-206,789,863,110.8,5995.2
159.02,66.7,0.8015,-207,789,863,112.3,5995.2
159.04,66.7,0.8018,-207,789,863,113.5,5987.3
159.06,66.7,0.8018,-208,789,862,114.4,5987.3
159.08,66.7,0.8018,-209,789,862,114.9,5987.3
159.1,66.7,0.8018,-210,789,862,115.1,5987.3
159.12,66.7,0.8022,-211,790,862,115,5974.1
159.14,66.7,0.8021,-211,790,861,114.6,5974.7
159.16,66.7,0.8018,-212,791,861,114.1,5986
159.18,66.7,0.8018,-213,791,861,113.5,5986.6
159.2,66.7,0.8015,-213,792,861,112.6,5995.9
159.22,66.7,0.8015,-214,792,860,111.7,5995.9
159.24,66.7,0.8016,-214,793,860,110.6,5991.3
159.26,66.7,0.8017,-214,793,860,109.5,5990.6
159.28,66.7,0.8013,-215,794,860,108.3,6003.2
159.3,66.7,0.8013,-215,794,860,107.1,6003.8
159.32,66.7,0.8014,-215,795,860,105.7,6000.5
159.34,66.7,0.8014,-216,795,860,104.3,5999.9
159.36,66.7,0.8016,-216,796,860,102.9,5991.9
159.38,66.7,0.8016,-216,796,860,101.6,5992.6
159.4,66.7,0.8018,-216,797,860,100.3,5986
159.42,66.7,0.8018,-216,797,860,99.1,5986.6
159.44,66.7,0.8015,-216,798,860,98.1,5994.6
159.46,66.7,0.8016,-216,798,860,97.2,5993.9
159.48,66.7,0.8017,-217,798,860,96.4,5989.3
159.5,66.7,0.8017,-217,799,860,95.7,5989.3
159.52,66.7,0.8016,-217,799,860,95.1,5992.6
159.54,66.7,0.8016,-217,800,861,94.7,5992.6
159.56,66.7,0.8019,-217,800,861,94.4,5981.3
159.58,66.7,0.8019,-217,800,861,94.3,5981.3
159.6,66.7,0.8024,-217,801,861,94.2,5966.8
159.62,66.7,0.8024,-218,802,862,94.3,5966.8
159.64,66.7,0.8024,-218,802,862,94.5,5965.5
159.66,66.7,0.8024,-218,804,863,94.9,5965.5
159.68,66.7,0.8022,-218,805,863,95.2,5973.4
159.7,66.7,0.8022,-218,806,864,95.7,5973.4
159.72,66.7,0.8024,-218,807,864,96.3,5966.8
159.74,66.7,0.8024,-219,809,864,96.9,5966.8
159.76,66.7,0.8026,-219,810,864,97.6,5958.8
159.78,66.7,0.8026,-219,812,863,98.2,5958.8
159.8,66.7,0.803,-220,813,863,98.7,5947.6
159.82,66.7,0.803,-220,813,862,99.1,5947.6
159.84,66.7,0.8032,-221,814,861,99.4,5939.7
159.86,66.7,0.8032,-221,814,861,99.4,5939.7
159.88,66.7,0.8034,-222,814,860,99.2,5933.1
159.9,66.7,0.8034,-222,814,860,98.7,5933.1
159.92,66.7,0.8034,-223,814,860,97.9,5931.7
159.94,66.7,0.8034,-224,813,860,96.9,5931.7
159.96,66.7,0.8033,-224,813,861,95.7,5935
159.98,66.7,0.8033,-224,813,862,94.6,5935
160,66.7,0.8031,-224,812,864,93.4,5941.6
160.02,66.7,0.8031,-224,812,865,92.5,5941.6
160.04,66.7,0.8032,-224,813,867,91.8,5938.3
160.06,66.7,0.8032,-224,813,868,91.3,5938.3
160.08,66.7,0.8034,-224,814,870,91,5933.1
160.1,66.7,0.8034,-224,814,871,90.9,5933.1
160.12,66.7,0.8033,-224,815,872,91,5936.4
160.14,66.7,0.8033,-224,815,873,91.4,5936.4
160.16,66.7,0.8036,-224,816,874,91.9,5927.1
160.18,66.7,0.8036,-224,816,875,92.7,5927.1
160.2,66.7,0.8037,-224,817,877,93.8,5923.8
160.22,66.7,0.8037,-224,817,878,95.1,5923.8
160.24,66.7,0.804,-223,818,878,96.6,5914.6
160.26,66.7,0.804,-223,818,879,98.4,5914.6
160.28,66.7,0.8042,-223,818,879,100.3,5908
160.3,66.7,0.8042,-223,818,880,102.3,5908
160.32,66.7,0.8042,-224,818,880,104.3,5906
160.34,66.7,0.8042,-224,818,880,106.3,5906
160.36,66.7,0.8044,-224,819,879,108.2,5900
160.38,66.7,0.8044,-225,819,879,110,5900
160.4,66.7,0.8044,-225,819,879,111.6,5898.7
160.42,66.7,0.8044,-225,820,878,113.1,5898.7
160.44,66.7,0.8046,-226,820,878,114.5,5893.4
160.46,66.7,0.8046,-226,821,877,115.9,5893.4
160.48,66.7,0.8046,-226,821,877,117.1,5893.4
160.5,66.7,0.8046,-226,822,877,118.4,5893.4
160.52,66.7,0.8047,-227,822,876,119.6,5890.1
160.54,66.7,0.8047,-227,822,876,120.8,5890.1
160.56,66.7,0.8046,-228,822,876,121.9,5893.4
160.58,66.7,0.8046,-228,823,876,123,5893.4
160.6,66.7,0.8049,-229,823,876,124.1,5882.2
160.62,66.7,0.8049,-229,823,875,125.1,5882.2
160.64,66.7,0.8049,-230,823,875,126.3,5883.5
160.66,66.7,0.8049,-230,824,875,127.4,5883.5
160.68,66.7,0.8045,-230,824,875,128.6,5896.1
160.7,66.7,0.8045,-231,825,875,129.9,5896.7
160.72,66.7,0.8047,-231,826,874,131.3,5890.8
160.74,66.7,0.8047,-231,827,874,132.7,5890.1
160.76,66.7,0.8051,-231,828,874,134.3,5877.6
160.78,66.7,0.8051,-231,829,873,136,5877.6
160.8,66.7,0.8054,-232,830,873,137.6,5867.7
160.82,66.7,0.8054,-232,831,873,139.1,5867.7
160.84,66.7,0.8056,-232,832,873,140.4,5859.8
160.86,66.7,0.8056,-232,834,872,141.2,5859.8
160.88,66.7,0.8054,-233,835,872,141.5,5866.4
160.9,66.7,0.8054,-233,836,872,141,5865.7
160.92,66.7,0.8053,-234,836,872,139.7,5871
160.94,66.7,0.8053,-235,837,872,137.6,5870.3
160.96,66.7,0.8054,-235,837,872,134.9,5865.7
160.98,66.7,0.8054,-236,837,873,131.7,5866.4
161,66.7,0.8055,-236,838,873,128.2,5864.4
161.02,66.7,0.8055,-236,838,874,124.6,5864.4
161.04,66.7,0.8056,-236,838,875,121.1,5859.8
161.06,66.7,0.8056,-236,838,876,117.7,5859.8
161.08,66.7,0.806,-235,838,877,114.7,5848.6
161.1,66.7,0.806,-235,839,878,112,5848.6
161.12,66.7,0.8064,-234,839,878,109.7,5835.4
161.14,66.7,0.8064,-234,840,879,107.8,5835.4
161.16,66.7,0.8061,-233,840,880,106.4,5845.3
161.18,66.7,0.8061,-233,841,881,105.5,5845.3
161.2,66.7,0.8059,-232,841,882,105.2,5849.9
161.22,66.7,0.8059,-231,842,882,105.3,5849.9
161.24,66.7,0.8057,-231,842,883,105.9,5856.5
161.26,66.7,0.8057,-230,842,883,107,5856.5
161.28,66.7,0.806,-230,843,883,108.6,5846.6
161.3,66.7,0.806,-229,843,883,110.5,5846.6
161.32,66.7,0.806,-229,843,883,112.7,5848.6
161.34,66.7,0.806,-229,844,883,115.2,5848.6
161.36,66.7,0.8062,-228,844,883,118,5840.7
161.38,66.7,0.8062,-228,844,883,121,5840.7
161.4,66.7,0.8065,-228,844,882,124.2,5829.5
161.42,66.7,0.8065,-228,845,882,127.6,5829.5
161.44,66.7,0.8064,-228,845,882,131,5832.8
161.46,66.7,0.8064,-228,845,881,134.5,5832.8
161.48,66.7,0.8066,-228,845,881,138.1,5827.5
161.5,66.7,0.8066,-228,846,880,141.7,5827.5
161.52,66.7,0.8068,-228,846,880,145.3,5819.6
161.54,66.7,0.8068,-228,846,879,148.7,5819.6
161.56,66.7,0.8068,-228,846,879,151.9,5819.6
161.58,66.7,0.8068,-228,847,878,154.9,5820.3
161.6,66.7,0.807,-228,847,878,157.3,5815
161.62,66.7,0.807,-228,847,878,159.1,5815
161.64,66.7,0.8071,-228,848,877,160.1,5811.7
161.66,66.7,0.8071,-228,848,877,160.1,5811.7
161.68,66.7,0.8068,-228,849,877,159.3,5819.6
161.7,66.7,0.8068,-228,849,877,157.9,5820.3
161.72,66.7,0.8068,-228,849,877,156.1,5821.6
161.74,66.7,0.8068,-228,850,877,154.1,5821.6
161.76,66.7,0.8068,-227,850,877,152.1,5821.6
161.78,66.7,0.8068,-227,851,877,150.3,5821.6
161.8,66.7,0.8068,-226,851,877,148.7,5821.6
161.82,66.7,0.8068,-226,851,878,147.5,5821.6
161.84,66.7,0.8071,-225,852,878,146.6,5810.4
161.86,66.7,0.8071,-225,852,879,146.3,5810.4
161.88,66.7,0.8076,-224,852,879,146.3,5794.6
161.9,66.7,0.8076,-224,853,879,146.7,5794.6
161.92,66.7,0.8079,-223,853,879,147.6,5784.7
161.94,66.7,0.8079,-223,853,880,148.8,5784.7
161.96,66.7,0.8077,-223,853,880,150.3,5792.6
161.98,66.7,0.8077,-223,853,880,152.1,5792.6
162,66.7,0.8075,-223,853,880,154,5797.2
162.02,66.7,0.8075,-223,853,880,156.1,5797.2
162.04,66.7,0.8076,-223,853,880,158.3,5794.6
162.06,66.7,0.8076,-224,854,881,160.5,5794.6
162.08,66.7,0.8076,-224,854,881,162.7,5795.9
162.1,66.7,0.8076,-225,854,881,164.8,5795.9
162.12,66.7,0.8078,-225,854,881,166.9,5786.7
162.14,66.7,0.8079,-226,854,881,169,5786
162.16,66.7,0.8079,-227,854,881,170.9,5786
162.18,66.7,0.8078,-227,854,881,172.9,5786.7
162.2,66.7,0.808,-228,855,881,174.7,5780.1
162.22,66.7,0.808,-228,855,881,176.5,5780.1
162.24,66.7,0.8079,-229,855,881,178.3,5783.4
162.26,66.7,0.8079,-229,855,882,179.3,5783.4
162.28,66.7,0.8082,-230,855,882,177.9,5775.5
162.3,66.7,0.8082,-231,855,882,176.2,5774.9
162.32,66.7,0.8081,-231,855,882,174.4,5778.1
162.34,66.7,0.8081,-232,855,883,172.6,5778.1
162.36,66.7,0.8083,-232,855,883,170.8,5770.3
162.38,66.7,0.8083,-233,854,883,169,5770.3
162.4,66.7,0.8085,-233,854,883,167.2,5765.6
162.42,66.7,0.8085,-234,854,883,165.4,5765.6
162.44,66.7,0.8087,-235,854,883,163.6,5759.1
162.46,66.7,0.8087,-235,854,883,161.8,5759.1
162.48,66.7,0.8085,-236,854,884,160,5765.6
162.5,66.7,0.8085,-237,854,884,158.1,5765.6
162.52,66.7,0.8084,-237,854,884,156.2,5767.6
162.54,66.7,0.8084,-238,854,884,154.3,5767
162.56,66.7,0.8086,-238,854,884,152.4,5761
162.58,66.7,0.8086,-239,854,884,150.6,5761
162.6,66.7,0.8088,-240,854,884,148.7,5754.5
162.62,66.7,0.8088,-240,854,884,147,5754.5
162.64,66.7,0.8089,-241,853,883,145.4,5752.5
162.66,66.7,0.8089,-241,853,883,143.9,5753.2
162.68,66.7,0.809,-241,853,883,142.5,5747.9
162.7,66.7,0.809,-241,853,883,141.2,5747.9
162.72,66.7,0.8091,-242,853,882,140,5744.6
162.74,66.7,0.8091,-242,853,882,138.9,5745.3
162.76,66.7,0.8093,-242,853,882,137.8,5740
162.78,66.7,0.8093,-242,853,882,136.8,5740
162.8,66.7,0.809,-242,853,881,135.9,5749.9
162.82,66.7,0.809,-242,853,881,135.1,5749.9
162.84,66.7,0.809,-242,853,881,134.5,5749.9
162.86,66.7,0.809,-242,853,881,134,5749.9
162.88,66.7,0.8086,-242,853,880,133.5,5762.4
162.9,66.7,0.8086,-242,853,880,133.2,5762.4
162.92,66.7,0.8088,-242,853,880,132.9,5755.8
162.94,66.7,0.8088,-242,853,880,133.3,5755.8
162.96,66.7,0.8089,-241,853,879,133.9,5751.2
162.98,66.7,0.8089,-240,853,879,134.9,5751.2
163,66.7,0.809,-239,853,879,136.4,5747.9
163.02,66.7,0.809,-239,854,879,138.4,5747.9
163.04,66.7,0.8091,-238,854,878,140.6,5745.3
163.06,66.7,0.8091,-237,854,878,143.1,5744.6
163.08,66.7,0.8094,-236,854,878,145.5,5736.7
163.1,66.7,0.8094,-236,854,879,147.9,5736.7
163.12,66.7,0.8092,-235,855,879,150,5741.3
163.14,66.7,0.8092,-235,855,880,151.8,5741.3
163.16,66.7,0.8094,-234,855,880,153.4,5736.7
163.18,66.7,0.8094,-234,855,881,154.7,5736.7
163.2,66.7,0.8094,-233,855,882,155.8,5736.7
163.22,66.7,0.8094,-233,854,883,156.7,5736.7
163.24,66.7,0.8094,-233,854,884,157.7,5734.1
163.26,66.7,0.8095,-233,854,884,158.6,5733.5
163.28,66.7,0.8099,-233,854,885,159.8,5719
163.3,66.7,0.8099,-232,854,886,161.1,5719.7
163.32,66.7,0.8099,-232,853,887,162.6,5718.4
163.34,66.7,0.8099,-232,853,888,164.4,5717.7
163.36,66.7,0.8098,-232,853,889,166.2,5721
163.38,66.7,0.8098,-232,852,890,167.9,5721.6
163.4,66.7,0.8098,-232,852,891,169.2,5721.6
163.42,66.7,0.8098,-232,852,892,169.7,5721.6
163.44,66.7,0.8097,-232,851,893,168.9,5724.9
163.46,66.7,0.8097,-232,851,893,166.7,5724.9
163.48,66.7,0.8102,-233,851,894,163.5,5710.5
163.5,66.7,0.8102,-233,851,895,159.7,5710.5
163.52,66.7,0.8104,-233,851,895,155.4,5703.9
163.54,66.7,0.8104,-233,851,896,151,5703.9
163.56,66.7,0.8103,-233,851,896,146.4,5707.2
163.58,66.7,0.8103,-233,851,896,141.8,5707.2
163.6,66.7,0.8105,-234,852,896,137.3,5700.6
163.62,66.7,0.8105,-234,852,896,133,5700.6
163.64,66.7,0.8106,-234,852,896,129,5697.4
163.66,66.7,0.8105,-234,852,896,125.1,5698
163.68,66.7,0.8106,-233,852,896,121.5,5694.7
163.7,66.7,0.8106,-233,852,896,118.3,5694.7
163.72,66.7,0.8106,-233,853,895,115.6,5694.7
163.74,66.7,0.8106,-232,853,896,113.3,5694.7
163.76,66.7,0.8105,-232,854,896,111.6,5698
163.78,66.7,0.8106,-231,854,896,110.5,5697.4
163.8,66.7,0.8106,-230,854,896,109.9,5696
163.82,66.7,0.8106,-229,855,896,110,5696.7
163.84,66.7,0.8108,-228,855,896,111.2,5688.8
163.86,66.7,0.8108,-228,856,896,112.6,5688.2
163.88,66.7,0.8114,-227,857,896,114.7,5671.1
163.9,66.7,0.8114,-227,857,896,117.2,5671.1
163.92,66.7,0.8114,-227,857,896,120,5671.1
163.94,66.7,0.8114,-227,857,895,123,5671.1
163.96,66.7,0.8115,-227,857,895,126.1,5666.5
163.98,66.7,0.8115,-228,857,895,129.2,5666.5
164,66.7,0.8118,-228,857,895,132.2,5656.7
164.02,66.7,0.8118,-229,857,895,135.2,5656.7
164.04,66.7,0.8119,-229,857,895,138.1,5653.4
164.06,66.7,0.8119,-230,857,895,140.8,5654.1
164.08,66.7,0.8119,-230,857,895,143.2,5654.1
164.1,66.7,0.8119,-231,856,895,145.4,5653.4
164.12,66.7,0.812,-231,856,895,147.4,5648.8
164.14,66.7,0.8121,-232,856,896,149,5648.2
164.16,66.7,0.8123,-232,856,897,150.5,5640.3
164.18,66.7,0.8123,-232,856,897,151.7,5641
164.2,66.7,0.8122,-233,855,898,152.9,5644.3
164.22,66.7,0.8122,-233,855,899,154,5644.3
164.24,66.7,0.8123,-233,855,900,155.2,5641
164.26,66.7,0.8123,-233,855,902,156.5,5640.3
164.28,66.7,0.8123,-232,855,903,157.9,5639
164.3,66.7,0.8123,-233,855,904,159.5,5639
164.32,66.7,0.8123,-233,854,905,161.2,5640.3
164.34,66.7,0.8123,-233,854,906,162.7,5640.3
164.36,66.7,0.8124,-233,854,906,163.8,5635.7
164.38,66.7,0.8124,-234,854,907,164.1,5635.7
164.4,66.7,0.8124,-234,854,908,163.2,5637.1
164.42,66.7,0.8124,-235,855,909,161.1,5637.7
164.44,66.7,0.8123,-235,855,910,157.8,5639
164.46,66.7,0.8123,-236,856,911,153.9,5639
164.48,66.7,0.8121,-236,856,911,149.4,5645.6
164.5,66.7,0.8121,-237,857,912,144.8,5645.6
164.52,66.7,0.812,-237,859,912,140,5648.8
164.54,66.7,0.812,-237,860,912,135.3,5648.8
164.56,66.7,0.8119,-237,861,913,130.8,5652.1
164.58,66.7,0.8119,-237,862,913,126.4,5652.1
164.6,66.7,0.8119,-237,863,913,122.1,5653.4
164.62,66.7,0.8119,-237,865,913,118,5653.4
164.64,66.7,0.8119,-237,866,913,114,5654.7
164.66,66.7,0.8118,-236,867,913,110.3,5655.4
164.68,66.7,0.8123,-236,868,912,106.9,5641
164.7,66.7,0.8123,-236,869,912,103.7,5641
164.72,66.7,0.8122,-235,869,912,100.8,5644.3
164.74,66.7,0.8122,-235,870,912,98.2,5644.3
164.76,66.7,0.8124,-234,871,911,96.2,5635.7
164.78,66.7,0.8124,-234,871,911,94.5,5635.7
164.8,66.7,0.8127,-233,871,911,93.4,5625.9
164.82,66.7,0.8127,-233,871,911,92.6,5626.6
164.84,66.7,0.8129,-233,872,911,92.3,5622
164.86,66.7,0.8129,-232,871,911,92.3,5622
164.88,66.7,0.8131,-232,871,911,92.7,5614.1
164.9,66.7,0.8131,-231,871,911,93.4,5614.1
164.92,66.7,0.8132,-231,871,911,94.4,5612.2
164.94,66.7,0.8132,-231,871,912,95.8,5612.2
164.96,66.7,0.8132,-231,870,912,97.3,5612.2
164.98,66.7,0.8132,-231,870,913,99.2,5612.2
165,66.7,0.8134,-231,870,914,101.2,5605.6
165.02,66.7,0.8134,-231,870,914,103.3,5605.6
165.04,66.7,0.8135,-231,870,915,105.5,5602.4
165.06,66.7,0.8135,-232,870,916,107.6,5602.4
165.08,66.7,0.8136,-232,870,916,109.8,5599.1
165.1,66.7,0.8135,-233,870,916,111.8,5599.7
165.12,66.7,0.8136,-234,870,916,113.6,5596.5
165.14,66.7,0.8136,-235,869,917,115.3,5596.5
165.16,66.7,0.8136,-235,869,917,116.9,5597.8
165.18,66.7,0.8136,-236,869,917,118.3,5597.8
165.2,66.7,0.8138,-237,869,917,119.5,5591.9
165.22,66.7,0.8138,-237,869,917,120.6,5591.2
165.24,66.7,0.8139,-238,869,917,121.5,5586.7
165.26,66.7,0.8139,-238,869,918,122.3,5586.7
165.28,66.7,0.8143,-239,869,918,122.9,5575.6
165.3,66.7,0.8143,-240,870,918,123.4,5575.6
165.32,66.7,0.8143,-240,870,919,123.9,5574.2
165.34,66.7,0.8143,-240,870,919,124.3,5574.2
165.36,66.7,0.8144,-241,870,919,124.8,5572.3
165.38,66.7,0.8144,-241,871,920,125.2,5572.9
165.4,66.7,0.8143,-241,872,921,125.8,5575.6
165.42,66.7,0.8143,-241,872,921,126.5,5575.6
165.44,66.7,0.8144,-241,873,922,127.6,5572.3
165.46,66.7,0.8144,-241,873,923,128.8,5572.3
165.48,66.7,0.8145,-241,874,924,130.3,5567.1
165.5,66.7,0.8145,-241,874,925,132,5567.7
165.52,66.7,0.8147,-241,875,925,133.9,5561.2
165.54,66.7,0.8147,-242,876,926,135.8,5561.2
165.56,66.7,0.8149,-243,877,927,137.7,5556
165.58,66.7,0.8149,-243,878,928,139.5,5556.6
165.6,66.7,0.815,-244,878,929,141,5553.3
165.62,66.6,0.8149,-245,879,929,142.1,5554
165.64,66.6,0.8148,-246,879,930,142.6,5558.6
165.66,66.6,0.8148,-247,880,931,142.4,5558.6
165.68,66.6,0.8148,-248,880,931,141.3,5559.9
165.7,66.6,0.8148,-249,880,931,139.4,5559.9
165.72,66.6,0.8149,-250,880,931,136.8,5555.3
165.74,66.7,0.8149,-251,880,931,133.5,5555.3
165.76,66.7,0.815,-251,880,931,129.7,5553.3
165.78,66.6,0.8149,-252,880,931,125.5,5554.6
165.8,66.6,0.8148,-253,880,931,121,5557.3
165.82,66.7,0.8149,-253,880,930,116.4,5556.6
165.84,66.7,0.8145,-253,881,930,111.7,5567.7
165.86,66.6,0.8145,-253,882,929,107.3,5568.4
165.88,66.6,0.8145,-253,883,928,102.9,5569.7
165.9,66.6,0.8144,-252,884,927,99,5570.3
165.92,66.6,0.8143,-252,885,926,95.5,5573.6
165.94,66.6,0.8144,-251,887,926,92.6,5572.9
165.96,66.6,0.8149,-250,888,925,90.3,5555.3
165.98,66.6,0.8149,-249,889,925,88.6,5556
166,66.6,0.8149,-248,890,925,87.5,5554
166.02,66.6,0.8149,-247,890,925,86.9,5554.6
166.04,66.6,0.8151,-247,891,924,86.9,5548.1
166.06,66.6,0.8151,-246,892,924,87.4,5548.1
166.08,66.6,0.815,-245,892,924,88.5,5551.4
166.1,66.6,0.815,-245,893,924,90.1,5551.4
166.12,66.6,0.8155,-244,893,923,92.2,5535.1
166.14,66.6,0.8155,-244,893,923,94.8,5535.1
166.16,66.6,0.8156,-243,894,923,97.8,5531.8
166.18,66.6,0.8156,-243,893,922,101.1,5532.4
166.2,66.6,0.8157,-243,893,922,104.6,5527.9
166.22,66.6,0.8158,-243,893,923,108.3,5527.2
166.24,66.6,0.816,-243,893,923,111.9,5520.7
166.26,66.6,0.816,-243,893,923,115.6,5520.7
166.28,66.6,0.816,-243,893,924,119.1,5519.4
166.3,66.6,0.816,-243,894,924,122.4,5519.4
166.32,66.6,0.8159,-244,894,925,125.5,5522.7
166.34,66.6,0.8159,-244,895,925,128.1,5522.7
166.36,66.6,0.8159,-244,896,926,130.6,5521.3
166.38,66.6,0.8159,-245,897,927,132.6,5521.3
166.4,66.6,0.8158,-245,898,927,134.4,5525.9
166.42,66.6,0.8158,-245,899,928,135.9,5525.9
166.44,66.6,0.8159,-246,901,928,137.3,5522.7
166.46,66.6,0.8159,-246,902,928,138.6,5523.3
166.48,66.6,0.8161,-246,902,929,139.8,5515.5
166.5,66.6,0.8161,-246,903,929,140.8,5515.5
166.52,66.6,0.8163,-246,904,929,141.8,5509
166.54,66.6,0.8163,-247,905,929,142.6,5509
166.56,66.6,0.8163,-247,906,929,143.3,5509
166.58,66.6,0.8163,-247,907,930,143.7,5509
166.6,66.6,0.8166,-248,907,930,143.9,5499.8
166.62,66.6,0.8166,-248,908,930,143.8,5499.8
166.64,66.6,0.8166,-248,908,930,143.4,5498.5
166.66,66.6,0.8167,-248,909,930,142.8,5497.9
166.68,66.6,0.8165,-249,909,930,141.8,5503.7
166.7,66.6,0.8165,-249,909,930,140.6,5504.4
166.72,66.6,0.8166,-249,909,930,139.3,5501.1
166.74,66.6,0.8166,-250,909,929,137.8,5501.1
166.76,66.6,0.8167,-250,909,929,136.1,5496.6
166.78,66.6,0.8167,-251,909,929,134.5,5496.6
166.8,66.6,0.8167,-252,909,929,132.7,5496.6
166.82,66.6,0.8167,-252,909,929,130.9,5495.9
166.84,66.6,0.8168,-253,909,930,129,5492.6
166.86,66.6,0.8168,-253,909,930,127,5493.3
166.88,66.6,0.8168,-254,908,930,125,5494.6
166.9,66.6,0.8168,-254,908,930,123,5494.6
166.92,66.6,0.8171,-255,908,930,121,5484.8
166.94,66.6,0.8171,-255,908,930,119,5484.8
166.96,66.6,0.817,-255,908,930,117.1,5488.1
166.98,66.6,0.8169,-255,908,929,115.4,5488.7
167,66.6,0.817,-255,908,929,113.9,5487.4
167.02,66.6,0.817,-256,907,929,112.7,5486.8
167.04,66.6,0.817,-256,907,929,111.6,5486.8
167.06,66.6,0.817,-256,907,929,110.7,5486.8
167.08,66.6,0.8173,-256,907,929,110,5477.7
167.1,66.6,0.8173,-256,907,929,109.4,5477.7
167.12,66.6,0.8174,-256,907,929,109,5472.4
167.14,66.6,0.8174,-256,907,929,108.7,5472.4
167.16,66.6,0.8173,-256,907,929,108.6,5475.7
167.18,66.6,0.8173,-256,907,929,108.5,5475.7
167.2,66.6,0.8174,-256,907,929,108.5,5473.7
167.22,66.6,0.8174,-257,907,929,108.6,5474.4
167.24,66.6,0.8173,-257,907,928,108.8,5477.7
167.26,66.6,0.8173,-257,907,928,109.1,5477.7
167.28,66.6,0.8176,-257,907,928,109.4,5467.9
167.3,66.6,0.8176,-257,906,928,110,5467.9
167.32,66.6,0.8176,-257,906,928,110.8,5467.9
167.34,66.6,0.8176,-256,906,928,112.2,5467.2
167.36,66.6,0.8176,-256,906,927,113.8,5467.2
167.38,66.6,0.8176,-255,905,927,115.8,5467.9
167.4,66.6,0.8177,-255,905,927,118.3,5462.7
167.42,66.6,0.8177,-255,905,927,121.2,5462.7
167.44,66.6,0.818,-255,904,927,124.4,5454.9
167.46,66.6,0.818,-255,904,927,127.9,5454.9
167.48,66.6,0.8181,-255,904,927,131.7,5450.3
167.5,66.6,0.8181,-255,903,927,135.6,5450.3
167.52,66.6,0.8183,-255,903,928,139.5,5444.4
167.54,66.6,0.8183,-255,903,928,143.2,5443.8
167.56,66.6,0.8184,-255,904,928,146.6,5442.5
167.58,66.6,0.8184,-255,904,928,149.7,5442.5
167.6,66.6,0.8182,-256,905,929,152.3,5449
167.62,66.6,0.8182,-255,905,929,154.3,5449
167.64,66.6,0.8181,-255,906,929,155.7,5452.3
167.66,66.6,0.8181,-255,908,930,156.7,5451.6
167.68,66.6,0.8182,-255,909,930,157.4,5448.3
167.7,66.6,0.8182,-255,911,930,157.9,5448.3
167.72,66.6,0.8181,-254,912,930,158.4,5450.3
167.74,66.6,0.8181,-254,914,930,158.8,5450.3
167.76,66.6,0.8181,-254,915,930,159.1,5450.3
167.78,66.6,0.8181,-254,916,930,159.4,5450.9
167.8,66.6,0.8184,-254,917,930,159.5,5439.9
167.82,66.6,0.8184,-254,918,930,159.3,5439.9
167.84,66.6,0.8186,-253,919,930,158.7,5434.7
167.86,66.6,0.8186,-253,920,930,157.6,5434.7
167.88,66.6,0.8191,-253,921,930,156.2,5419.1
167.9,66.6,0.8191,-253,921,930,154.4,5418.4
167.92,66.6,0.8193,-253,921,930,152.5,5411.9
167.94,66.6,0.8193,-253,922,930,150.4,5412.6
167.96,66.6,0.8195,-253,922,930,148.2,5404.8
167.98,66.6,0.8195,-253,922,930,146,5404.8
168,66.6,0.8192,-252,922,930,143.9,5413.9
168.02,66.6,0.8192,-252,922,930,142,5414.5
168.04,66.6,0.8193,-252,922,930,140.3,5412.6
168.06,66.6,0.8193,-251,922,930,139,5412.6
168.08,66.6,0.8193,-251,921,929,138.1,5411.3
168.1,66.6,0.8193,-250,921,929,137.6,5411.3
168.12,66.6,0.8195,-249,921,929,137.7,5406.7
168.14,66.6,0.8195,-249,920,929,138.4,5406.1
168.16,66.6,0.8196,-248,920,929,139.6,5402.8
168.18,66.6,0.8196,-248,919,930,141.3,5402.8
168.2,66.6,0.8197,-247,919,930,143.7,5398.2
168.22,66.6,0.8197,-247,918,930,146.4,5398.2
168.24,66.6,0.8198,-247,918,930,149.7,5396.9
168.26,66.6,0.8198,-247,918,930,153.2,5396.9
168.28,66.6,0.8201,-247,917,930,156.9,5387.2
168.3,66.6,0.8201,-247,917,931,160.8,5387.2
168.32,66.6,0.82,-247,917,931,164.8,5389.1
168.34,66.6,0.82,-247,917,931,168.6,5389.1
168.36,66.6,0.8201,-248,917,931,172.1,5387.2
168.38,66.6,0.82,-248,918,931,174.4,5387.8
168.4,66.6,0.82,-248,918,932,174.1,5387.8
168.42,66.6,0.8201,-248,919,932,171.7,5387.2
168.44,66.6,0.82,-247,919,932,168.8,5390.4
168.46,66.6,0.82,-247,920,933,165.9,5390.4
168.48,66.6,0.8202,-247,921,933,163.2,5384
168.5,66.6,0.8201,-247,922,934,160.7,5384.6
168.52,66.6,0.8201,-246,922,934,158.6,5385.9
168.54,66.6,0.8201,-246,923,935,156.8,5385.9
168.56,66.6,0.8203,-245,924,935,155.4,5378.1
168.58,66.6,0.8203,-245,925,936,154.1,5378.1
168.6,66.6,0.8205,-245,925,936,153.2,5372.9
168.62,66.6,0.8205,-245,926,936,152.4,5372.9
168.64,66.6,0.8205,-244,927,936,151.8,5371.6
168.66,66.6,0.8205,-244,927,937,151.3,5371.6
168.68,66.6,0.8208,-244,928,937,150.8,5361.9
168.7,66.6,0.8208,-244,928,937,150.2,5361.9
168.72,66.6,0.8209,-244,929,937,149.7,5360.6
168.74,66.6,0.8209,-244,929,938,149,5360.6
168.76,66.6,0.8211,-244,929,938,148.2,5352.8
168.78,66.6,0.8211,-245,930,938,147.3,5352.8
168.8,66.6,0.8212,-245,930,937,146.1,5349.5
168.82,66.6,0.8212,-246,930,937,144.8,5349.5
168.84,66.6,0.8213,-247,930,937,143.4,5348.2
168.86,66.6,0.8213,-247,930,937,141.9,5348.2
168.88,66.6,0.8213,-248,930,937,140.4,5348.2
168.9,66.6,0.8213,-249,930,937,138.9,5348.2
168.92,66.6,0.8212,-249,930,937,137.3,5351.5
168.94,66.6,0.8212,-250,930,937,135.8,5351.5
168.96,66.6,0.8215,-251,930,937,134.2,5340.4
168.98,66.6,0.8215,-251,930,937,132.6,5339.8
169,66.6,0.8215,-252,931,936,131.1,5339.8
169.02,66.6,0.8215,-252,931,936,129.5,5340.4
169.04,66.6,0.8216,-253,931,936,127.9,5335.9
169.06,66.6,0.8216,-254,931,936,126.3,5335.9
169.08,66.6,0.8216,-254,931,936,124.7,5335.9
169.1,66.6,0.8217,-255,931,936,123.1,5335.3
169.12,66.6,0.8215,-255,931,936,121.7,5339.8
169.14,66.6,0.8215,-255,931,936,120.3,5340.4
169.16,66.6,0.8216,-255,931,937,119,5335.9
169.18,66.6,0.8217,-256,930,937,117.8,5335.3
169.2,66.6,0.8217,-256,930,938,116.7,5335.3
169.22,66.6,0.8217,-256,930,938,115.8,5335.3
169.24,66.6,0.8216,-256,930,938,115.1,5336.5
169.26,66.6,0.8216,-256,930,939,114.5,5337.2
169.28,66.6,0.8219,-256,930,939,114,5327.5
169.3,66.6,0.8219,-256,930,940,113.7,5327.5
169.32,66.6,0.8219,-257,930,940,113.5,5326.2
169.34,66.6,0.8219,-257,930,940,113.3,5326.2
169.36,66.6,0.822,-257,930,941,113.2,5324.2
169.38,66.6,0.822,-257,930,941,113.1,5324.2
169.4,66.6,0.8219,-258,930,941,113.1,5327.5
169.42,66.6,0.8219,-258,930,941,113.1,5327.5
169.44,66.6,0.8216,-258,930,941,113.2,5337.2
169.46,66.6,0.8216,-258,930,941,113.3,5337.2
169.48,66.6,0.8219,-258,930,941,113.5,5326.2
169.5,66.6,0.8219,-259,930,942,113.7,5326.2
169.52,66.6,0.8219,-259,931,942,113.9,5327.5
169.54,66.6,0.8219,-259,931,942,114.1,5327.5
169.56,66.6,0.8223,-259,932,942,114.2,5314.5
169.58,66.6,0.8223,-260,932,942,114.2,5315.1
169.6,66.6,0.8221,-260,933,943,114.2,5319.7
169.62,66.6,0.8222,-260,934,943,114.2,5319
169.64,66.6,0.8222,-261,934,944,114.2,5317.7
169.66,66.6,0.8222,-261,935,944,114.3,5317.7
169.68,66.6,0.8224,-261,936,944,114.4,5311.3
169.7,66.6,0.8224,-261,937,945,114.6,5311.9
169.72,66.6,0.8225,-261,938,945,115,5306.7
169.74,66.6,0.8225,-261,939,946,115.5,5306.7
169.76,66.6,0.8225,-261,940,946,116,5308
169.78,66.6,0.8225,-262,941,946,116.5,5308.7
169.8,66.6,0.8229,-262,941,947,117.1,5295.7
169.82,66.6,0.8229,-262,942,947,117.7,5296.3
169.84,66.6,0.823,-262,943,947,118.4,5293.1
169.86,66.6,0.823,-263,943,948,118.8,5292.5
169.88,66.6,0.823,-263,943,948,119.3,5291.2
169.9,66.6,0.823,-263,944,948,119.5,5291.2
169.92,66.6,0.823,-263,944,948,119.7,5291.2
169.94,66.6,0.823,-264,944,948,119.8,5291.2
169.96,66.6,0.8233,-264,944,949,119.7,5283.4
169.98,66.6,0.8233,-264,945,949,119.6,5283.4
170,66.6,0.8234,-264,945,949,119.4,5277.6
170.02,66.6,0.8234,-264,945,950,119.2,5277.6
170.04,66.6,0.8235,-264,945,951,119.1,5274.3
170.06,66.6,0.8235,-264,945,952,119,5274.3
170.08,66.6,0.8236,-264,945,953,119.1,5272.4
170.1,66.6,0.8236,-263,945,954,119.2,5273
170.12,66.6,0.8238,-263,944,955,119.6,5266.5
170.14,66.6,0.8238,-263,944,956,120.2,5266.5
170.16,66.6,0.8237,-262,944,957,120.9,5269.8
170.18,66.6,0.8237,-262,944,958,121.7,5269.1
170.2,66.6,0.8239,-262,944,959,122.6,5261.4
170.22,66.6,0.8239,-263,944,959,123.4,5262
170.24,66.6,0.8239,-263,944,960,124.2,5262
170.26,66.6,0.8239,-263,944,960,124.9,5262
170.28,66.6,0.8241,-263,944,961,125.5,5255.5
170.3,66.6,0.8241,-264,945,961,125.9,5255.5
170.32,66.6,0.8239,-264,946,962,126.1,5263.3
170.34,66.6,0.8239,-264,946,962,126,5263.3
170.36,66.6,0.8238,-264,948,963,125.7,5266.5
170.38,66.6,0.8238,-264,949,964,125.3,5266.5
170.4,66.6,0.824,-264,950,964,124.8,5260.7
170.42,66.6,0.824,-264,951,965,124.1,5260.7
170.44,66.6,0.8241,-264,952,965,123.4,5257.5
170.46,66.6,0.8241,-265,954,965,122.7,5257.5
170.48,66.6,0.824,-265,954,965,122.1,5258.8
170.5,66.6,0.824,-265,955,965,121.4,5258.8
170.52,66.6,0.8243,-265,956,965,120.7,5251
170.54,66.6,0.8243,-266,957,965,120,5251
170.56,66.6,0.8244,-266,957,965,119.2,5246.5
170.58,66.6,0.8244,-266,958,965,118.4,5247.1
170.6,66.6,0.8244,-266,958,965,117.6,5245.2
170.62,66.6,0.8244,-266,959,965,116.8,5245.2
170.64,66.6,0.8246,-267,959,965,116,5240
170.66,66.6,0.8246,-267,959,965,115.3,5240.7
170.68,66.6,0.8247,-267,959,965,114.6,5237.4
170.7,66.6,0.8247,-267,960,965,113.9,5237.4
170.72,66.6,0.8247,-267,960,965,113.2,5235.5
170.74,66.6,0.8247,-268,960,965,112.5,5235.5
170.76,66.6,0.8247,-268,960,965,111.8,5235.5
170.78,66.5,0.8247,-268,960,965,111,5236.1
170.8,66.5,0.8248,-268,960,965,110.3,5234.8
170.82,66.5,0.8248,-268,959,965,109.7,5234.2
170.84,66.5,0.8248,-268,959,966,109,5232.9
170.86,66.5,0.8248,-268,959,966,108.5,5232.9
170.88,66.5,0.8248,-268,959,967,108.2,5234.8
170.9,66.5,0.8248,-268,959,967,108.3,5234.8
170.92,66.5,0.8251,-267,959,968,108.7,5223.8
170.94,66.5,0.8251,-267,959,969,109.5,5223.8
170.96,66.5,0.8252,-266,959,970,110.8,5220.6
170.98,66.5,0.8252,-266,959,971,112.5,5220.6
171,66.5,0.8255,-266,959,972,114.7,5209.6
171.02,66.5,0.8255,-265,959,973,117.3,5209.6
171.04,66.5,0.8258,-265,959,973,120.3,5199.9
171.06,66.5,0.8258,-265,959,974,123.5,5200.6
171.08,66.5,0.826,-266,959,975,126.8,5195.4
171.1,66.5,0.826,-266,959,976,130.1,5195.4
171.12,66.5,0.826,-266,959,977,133.2,5194.1
171.14,66.5,0.826,-267,960,978,136,5194.1
171.16,66.5,0.8261,-268,960,978,138.2,5192.8
171.18,66.5,0.8261,-268,961,979,139.9,5192.8
171.2,66.5,0.826,-269,962,979,141,5194.1
171.22,66.5,0.826,-269,963,979,141.6,5194.1
171.24,66.5,0.826,-270,964,979,141.8,5195.4
171.26,66.5,0.826,-270,964,979,141.8,5196
171.28,66.5,0.8263,-271,965,979,141.5,5185.1
171.3,66.5,0.8263,-271,966,979,141.1,5185.1
171.32,66.5,0.8263,-272,966,979,140.5,5183.8
171.34,66.5,0.8263,-272,967,979,139.8,5183.8
171.36,66.5,0.8263,-273,968,979,139,5183.8
171.38,66.5,0.8263,-273,969,979,138.1,5183.8
171.4,66.5,0.8264,-273,969,979,137.2,5180.5
171.42,66.5,0.8264,-274,970,979,136.3,5180.5
171.44,66.5,0.8265,-274,971,978,135.4,5179.2
171.46,66.5,0.8265,-275,972,978,134.5,5178.6
171.48,66.5,0.8265,-275,972,978,133.7,5177.3
171.5,66.5,0.8265,-275,973,978,132.9,5177.3
171.52,66.5,0.8267,-276,973,978,132.1,5172.8
171.54,66.5,0.8267,-276,973,977,131.4,5172.8
171.56,66.5,0.8267,-277,973,977,130.7,5170.9
171.58,66.5,0.8267,-278,974,977,129.9,5170.9
171.6,66.5,0.8268,-278,974,977,129.2,5167.6
171.62,66.5,0.8268,-279,974,977,128.4,5167.6
171.64,66.5,0.8269,-279,974,977,127.7,5166.3
171.66,66.5,0.8269,-280,974,976,126.8,5166.3
171.68,66.5,0.827,-280,974,976,126,5163.8
171.7,66.5,0.827,-281,974,976,125.2,5163.1
171.72,66.5,0.827,-281,974,976,124.3,5163.1
171.74,66.5,0.827,-282,974,976,123.5,5163.8
171.76,66.5,0.8272,-282,974,975,122.7,5155.4
171.78,66.5,0.8272,-283,974,975,121.9,5155.4
171.8,66.5,0.827,-283,974,975,121.1,5161.8
171.82,66.5,0.827,-283,974,975,120.4,5161.8
171.84,66.5,0.8269,-284,974,975,119.7,5166.3
171.86,66.5,0.8269,-284,974,974,119,5166.3
171.88,66.5,0.827,-284,974,974,118.4,5161.8
171.9,66.5,0.827,-284,974,974,117.9,5161.2
171.92,66.5,0.8271,-284,975,974,117.5,5158.6
171.94,66.5,0.8271,-284,975,974,117.3,5158.6
171.96,66.5,0.8274,-284,975,974,117.2,5148.9
171.98,66.5,0.8274,-284,976,974,117.3,5148.9
172,66.5,0.8276,-283,976,974,117.6,5144.4
172.02,66.5,0.8276,-283,977,974,117.8,5144.4
172.04,66.5,0.8276,-283,978,974,118.1,5144.4
172.06,66.5,0.8276,-283,979,974,118.4,5144.4
172.08,66.5,0.8276,-282,980,974,118.8,5143.1
172.1,66.5,0.8276,-282,980,974,119.2,5142.5
172.12,66.5,0.8276,-282,981,975,119.6,5144.4
172.14,66.5,0.8276,-282,982,975,120.1,5144.4
172.16,66.5,0.8276,-281,982,976,120.6,5143.1
172.18,66.5,0.8276,-281,983,976,121,5142.5
172.2,66.5,0.8277,-281,984,977,121.3,5139.2
172.22,66.5,0.8277,-281,984,977,121.6,5139.9
172.24,66.5,0.8278,-281,985,978,121.7,5135.4
172.26,66.5,0.8279,-281,986,978,121.8,5134.7
172.28,66.5,0.8279,-281,987,979,121.9,5134.7
172.3,66.5,0.8279,-281,987,979,121.9,5134.7
172.32,66.5,0.8278,-281,988,979,121.9,5137.9
172.34,66.5,0.8278,-281,989,980,121.8,5137.9
172.36,66.5,0.8278,-281,989,980,121.7,5137.9
172.38,66.5,0.8278,-281,990,980,121.7,5137.9
172.4,66.5,0.8282,-280,991,980,121.6,5123.8
172.42,66.5,0.8282,-280,991,980,121.7,5123.8
172.44,66.5,0.8279,-280,992,980,121.9,5132.1
172.46,66.5,0.828,-279,992,980,122.3,5131.5
172.48,66.5,0.8283,-279,993,980,123,5119.2
172.5,66.5,0.8284,-278,993,979,123.9,5118.6
172.52,66.5,0.8285,-278,994,979,125,5115.4
172.54,66.5,0.8284,-278,994,979,126.3,5116
172.56,66.5,0.8286,-277,994,979,127.8,5109.6
172.58,66.5,0.8286,-277,995,979,129.4,5109.6
172.6,66.5,0.8287,-277,995,979,131.1,5108.3
172.62,66.5,0.8287,-277,995,979,133,5108.3
172.64,66.5,0.8288,-277,996,979,134.9,5103.1
172.66,66.5,0.8288,-277,996,979,136.7,5103.1
172.68,66.5,0.8289,-277,996,979,138.6,5101.8
172.7,66.5,0.8289,-277,997,979,140.5,5101.8
172.72,66.5,0.8289,-277,997,979,142.3,5099.9
172.74,66.5,0.8289,-277,997,980,144,5099.9
172.76,66.5,0.8291,-277,997,980,145.6,5093.5
172.78,66.5,0.8291,-277,998,980,147,5094.1
172.8,66.5,0.8291,-277,998,980,148.3,5095.4
172.82,66.5,0.8291,-278,999,981,149.4,5094.8
172.84,66.5,0.8294,-278,999,981,150.4,5085.7
172.86,66.5,0.8294,-278,1000,981,151.2,5085.7
172.88,66.5,0.8291,-278,1000,981,151.9,5093.5
172.9,66.5,0.8291,-278,1000,982,152.6,5093.5
172.92,66.5,0.8292,-278,1001,982,153.1,5090.9
172.94,66.5,0.8292,-279,1001,982,153.7,5090.2
172.96,66.5,0.8295,-279,1002,983,154.3,5081.2
172.98,66.5,0.8295,-278,1002,983,155.2,5081.2
173,66.5,0.8295,-278,1003,984,156.2,5082.5
173.02,66.5,0.8295,-278,1003,985,157.5,5082.5
173.04,66.5,0.8298,-277,1003,986,159.2,5071.6
173.06,66.5,0.8298,-278,1003,986,161.2,5072.2
173.08,66.5,0.8297,-278,1003,986,163.3,5076.7
173.1,66.5,0.8297,-278,1003,987,165.5,5076.7
173.12,66.5,0.83,-279,1003,987,167.7,5065.8
173.14,66.5,0.83,-279,1003,987,169.6,5065.8
173.16,66.5,0.8301,-279,1003,988,170.9,5063.2
173.18,66.5,0.8301,-279,1003,988,171.4,5062.6
173.2,66.5,0.8303,-280,1003,988,170.7,5056.1
173.22,66.5,0.8303,-280,1004,988,169.1,5056.1
173.24,66.5,0.8304,-280,1004,988,166.9,5052.9
173.26,66.5,0.8304,-281,1004,988,164.4,5052.9
173.28,66.5,0.8304,-281,1004,988,161.6,5054.2
173.3,66.5,0.8303,-282,1004,988,158.7,5054.8
173.32,66.5,0.8305,-282,1004,988,155.8,5049.7
173.34,66.5,0.8305,-282,1005,988,153.1,5049.7
173.36,66.5,0.8306,-283,1005,988,150.5,5045.2
173.38,66.5,0.8306,-283,1005,988,148.2,5045.2
173.4,66.5,0.8304,-283,1006,988,146,5051.6
173.42,66.5,0.8304,-284,1006,988,144,5051.6
173.44,66.5,0.8304,-284,1006,987,142.3,5051.6
173.46,66.5,0.8305,-284,1007,987,140.8,5051
173.48,66.5,0.8303,-284,1007,987,139.7,5056.1
173.5,66.5,0.8303,-284,1007,987,138.7,5056.1
173.52,66.5,0.8303,-284,1008,987,138,5056.1
173.54,66.5,0.8303,-284,1008,987,137.6,5056.1
173.56,66.5,0.8305,-284,1009,986,137.7,5048.4
173.58,66.5,0.8305,-284,1009,986,138.4,5048.4
173.6,66.5,0.8307,-283,1010,986,139.6,5042
173.62,66.5,0.8307,-283,1010,985,141.4,5042
173.64,66.5,0.8309,-283,1011,985,143.8,5036.2
173.66,66.5,0.8309,-282,1011,984,147,5036.2
173.68,66.5,0.8312,-282,1012,984,150.7,5027.8
173.7,66.5,0.8312,-282,1012,983,155,5028.5
173.72,66.5,0.8314,-282,1013,982,159.6,5022
173.74,66.5,0.8314,-282,1013,982,164.2,5022
173.76,66.5,0.8314,-282,1013,981,167.8,5020.8
173.78,66.5,0.8314,-282,1013,981,168.8,5020.8
173.8,66.5,0.8314,-282,1013,981,166.6,5022
173.82,66.5,0.8314,-282,1012,982,162.8,5022
173.84,66.5,0.8314,-282,1012,983,158.5,5020.8
173.86,66.5,0.8314,-282,1012,984,154.7,5020.8
173.88,66.5,0.8317,-281,1011,985,151.4,5009.8
173.9,66.5,0.8318,-280,1011,986,149.1,5009.2
173.92,66.5,0.8318,-279,1010,988,147.5,5009.2
173.94,66.5,0.8318,-278,1010,989,146.9,5009.2
173.96,66.5,0.8319,-277,1010,990,147,5004.7
173.98,66.5,0.8319,-277,1009,991,147.9,5004.7
174,66.5,0.832,-277,1009,992,149.4,5000.2
174.02,66.5,0.832,-276,1009,993,151.2,5000.2
174.04,66.5,0.8322,-277,1010,994,153.4,4995.1
174.06,66.5,0.8322,-277,1010,995,155.7,4995.7
174.08,66.5,0.8322,-277,1010,996,157.9,4993.8
174.1,66.5,0.8322,-277,1010,997,159.9,4994.4
174.12,66.5,0.8322,-277,1011,998,161.3,4995.7
174.14,66.5,0.8322,-278,1011,999,161.7,4995.7
174.16,66.5,0.8322,-278,1012,999,160.8,4995.7
174.18,66.5,0.8322,-278,1012,1000,158.4,4995.7
174.2,66.5,0.8321,-279,1012,1000,154.9,4998.9
174.22,66.5,0.8321,-279,1013,1000,150.6,4998.9
174.24,66.5,0.8322,-280,1013,1000,145.9,4994.4
174.26,66.5,0.8322,-280,1014,1000,140.9,4994.4
174.28,66.5,0.832,-280,1014,999,135.9,5002.1
174.3,66.5,0.832,-280,1014,999,131,5002.1
174.32,66.5,0.832,-281,1014,999,126.3,5000.2
174.34,66.5,0.832,-280,1015,998,122,5000.2
174.36,66.5,0.8321,-280,1015,998,117.8,4998.9
174.38,66.5,0.8321,-280,1015,998,114,4998.9
174.4,66.5,0.8321,-280,1015,997,110.6,4997.6
174.42,66.5,0.8321,-280,1015,997,107.6,4997.6
174.44,66.5,0.8323,-280,1015,997,105.1,4991.2
174.46,66.5,0.8323,-279,1015,997,103,4991.2
174.48,66.5,0.8325,-279,1015,997,101.5,4986.7
174.5,66.5,0.8325,-279,1015,997,100.4,4986.7
174.52,66.5,0.8326,-279,1016,997,99.7,4983.5
174.54,66.5,0.8326,-279,1016,997,99.1,4983.5
174.56,66.5,0.8326,-280,1016,997,98.5,4983.5
174.58,66.5,0.8326,-280,1016,997,97.9,4983.5
174.6,66.5,0.8328,-280,1016,997,97.3,4975.8
174.62,66.5,0.8328,-281,1016,997,96.5,4975.8
174.64,66.5,0.8329,-281,1016,997,95.8,4971.3
174.66,66.5,0.8329,-282,1016,997,94.9,4971.3
174.68,66.5,0.8328,-282,1016,997,94,4975.8
174.7,66.5,0.8328,-283,1016,997,93.1,4976.4
174.72,66.5,0.8327,-283,1016,997,92.1,4978.4
174.74,66.5,0.8327,-284,1016,997,91,4977.7
174.76,66.5,0.8327,-284,1016,997,90,4977.7
174.78,66.5,0.8327,-284,1016,997,88.9,4977.7
174.8,66.5,0.8329,-285,1017,997,87.9,4971.3
174.82,66.5,0.8329,-285,1017,997,86.9,4972
174.84,66.5,0.833,-285,1017,997,86,4970
174.86,66.5,0.833,-285,1017,997,85.3,4970
174.88,66.5,0.833,-285,1017,997,84.8,4970
174.9,66.5,0.833,-285,1017,997,84.4,4970
174.92,66.5,0.8331,-285,1017,997,84.2,4966.8
174.94,66.5,0.8331,-284,1017,997,84.2,4966.8
174.96,66.5,0.8334,-284,1018,998,84.5,4957.8
174.98,66.5,0.8334,-284,1018,998,85.1,4957.8
175,66.5,0.8334,-284,1018,998,86,4957.8
175.02,66.5,0.8334,-284,1018,998,87.2,4957.8
175.04,66.5,0.8335,-283,1017,998,88.8,4952.1
175.06,66.5,0.8335,-283,1017,998,90.8,4952.1
175.08,66.5,0.8338,-283,1017,998,93.1,4942.4
175.1,66.5,0.8338,-282,1017,998,95.9,4942.4
175.12,66.5,0.834,-282,1016,998,99,4936
175.14,66.5,0.834,-282,1016,998,102.5,4936.7
175.16,66.5,0.8342,-282,1016,998,106.4,4930.3
175.18,66.5,0.8342,-282,1016,998,110.6,4930.3
175.2,66.5,0.8344,-282,1016,998,115,4923.9
175.22,66.5,0.8344,-282,1015,998,119.8,4924.5
175.24,66.5,0.8345,-282,1015,998,124.7,4922.6
175.26,66.5,0.8345,-283,1015,998,129.7,4922.6
175.28,66.5,0.8343,-283,1015,998,134.7,4927.1
175.3,66.4,0.8343,-283,1015,998,139.6,4927.7
175.32,66.4,0.8342,-284,1015,998,144.3,4930.9
175.34,66.4,0.8342,-284,1015,999,148.7,4930.9
175.36,66.4,0.8342,-285,1015,1000,152.3,4932.2
175.38,66.4,0.8342,-285,1015,1001,155.1,4932.2
175.4,66.4,0.8341,-285,1015,1003,156.8,4934.1
175.42,66.4,0.8341,-285,1015,1004,157.6,4934.1
175.44,66.4,0.8341,-286,1016,1006,157.5,4934.1
175.46,66.4,0.8341,-286,1016,1008,156.6,4934.1
175.48,66.4,0.8342,-286,1017,1009,155.4,4930.9
175.5,66.4,0.8342,-286,1017,1010,153.9,4931.6
175.52,66.4,0.8347,-286,1018,1012,152.2,4915.5
175.54,66.4,0.8347,-286,1019,1013,150.2,4915.5
175.56,66.4,0.8345,-286,1019,1014,148,4921.9
175.58,66.4,0.8345,-287,1020,1015,145.5,4921.9
175.6,66.4,0.8348,-287,1021,1016,142.6,4911
175.62,66.4,0.8348,-287,1022,1016,139.5,4911
175.64,66.4,0.8349,-288,1023,1017,136,4907.8
175.66,66.4,0.8349,-288,1024,1017,132.3,4907.8
175.68,66.4,0.8348,-288,1025,1018,128.5,4911
175.7,66.4,0.8348,-289,1026,1018,124.5,4911
175.72,66.4,0.835,-289,1027,1018,120.5,4906.6
175.74,66.4,0.835,-288,1028,1017,116.7,4906.6
175.76,66.4,0.8351,-288,1029,1017,113,4902.1
175.78,66.4,0.8351,-288,1030,1017,109.6,4901.4
175.8,66.4,0.8349,-288,1030,1016,106.4,4907.8
175.82,66.4,0.8349,-288,1030,1016,103.5,4907.8
175.84,66.4,0.8351,-287,1030,1015,100.7,4903.4
175.86,66.4,0.8351,-287,1030,1015,98.2,4903.4
175.88,66.4,0.8351,-287,1030,1015,96,4901.4
175.9,66.4,0.8351,-286,1030,1015,94.2,4901.4
175.92,66.4,0.8351,-285,1029,1015,92.9,4903.4
175.94,66.4,0.8351,-285,1029,1015,92.1,4903.4
175.96,66.4,0.8353,-283,1029,1016,92.2,4897
175.98,66.4,0.8353,-282,1029,1016,93,4897
176,66.4,0.8354,-281,1028,1017,94.6,4891.2
176.02,66.4,0.8355,-280,1028,1018,96.9,4890.6
176.04,66.4,0.8356,-280,1028,1019,99.8,4886.1
176.06,66.4,0.8356,-280,1028,1019,103.1,4886.1
176.08,66.4,0.8358,-280,1028,1020,106.6,4878.4
176.1,66.4,0.8358,-280,1027,1020,110.2,4878.4
176.12,66.4,0.8359,-280,1027,1021,114,4875.2
176.14,66.4,0.8359,-281,1027,1021,117.8,4875.2
176.16,66.4,0.8358,-281,1026,1021,121.7,4878.4
176.18,66.4,0.8358,-282,1026,1022,125.5,4878.4
176.2,66.4,0.8361,-282,1026,1022,129.3,4868.8
176.22,66.4,0.8361,-283,1026,1023,133.1,4868.8
176.24,66.4,0.8363,-283,1026,1023,136.7,4862.4
176.26,66.4,0.8363,-284,1026,1024,140.2,4862.4
176.28,66.4,0.8365,-285,1026,1024,143.5,4857.9
176.3,66.4,0.8365,-285,1026,1025,146.5,4857.9
176.32,66.4,0.8367,-286,1026,1026,149.2,4850.2
176.34,66.4,0.8367,-287,1027,1026,151.3,4850.2
176.36,66.4,0.8367,-287,1027,1027,152.6,4850.2
176.38,66.4,0.8367,-288,1027,1028,153.1,4850.2
176.4,66.4,0.8368,-289,1028,1029,152.8,4848.3
176.42,66.4,0.8368,-289,1029,1029,151.6,4849
176.44,66.4,0.8367,-290,1029,1030,149.6,4852.2
176.46,66.4,0.8367,-291,1030,1030,147,4852.2
176.48,66.4,0.8365,-291,1031,1031,143.9,4857.9
176.5,66.4,0.8365,-292,1032,1031,140.5,4857.9
176.52,66.4,0.8363,-293,1033,1032,136.8,4863
176.54,66.4,0.8363,-293,1034,1032,132.9,4862.4
176.56,66.4,0.8363,-294,1036,1032,128.9,4864.3
176.58,66.4,0.8363,-294,1037,1032,124.8,4864.3
176.6,66.4,0.8362,-295,1038,1032,120.7,4865.6
176.62,66.5,0.8363,-295,1039,1032,116.5,4865
176.64,66.5,0.836,-295,1040,1032,112.4,4874.6
176.66,66.4,0.836,-296,1041,1031,108.4,4874.6
176.68,66.4,0.8363,-296,1042,1031,104.7,4863.7
176.7,66.4,0.8363,-296,1043,1031,101.2,4863.7
176.72,66.4,0.8364,-295,1044,1030,98,4860.5
176.74,66.4,0.8364,-295,1044,1030,95.1,4861.1
176.76,66.4,0.8364,-295,1045,1029,92.7,4859.2
176.78,66.4,0.8364,-294,1045,1029,90.8,4859.2
176.8,66.4,0.8367,-294,1046,1029,89.3,4850.2
176.82,66.4,0.8367,-293,1046,1029,88.5,4849.6
176.84,66.4,0.8371,-292,1046,1028,88.3,4838.7
176.86,66.4,0.8371,-291,1047,1029,88.7,4839.4
176.88,66.4,0.8373,-290,1047,1029,89.8,4833
176.9,66.4,0.8373,-290,1047,1029,91.4,4833
176.92,66.4,0.8374,-289,1047,1029,93.5,4828.5
176.94,66.4,0.8374,-289,1047,1030,96.1,4827.9
176.96,66.4,0.8375,-288,1047,1030,99.1,4824.7
176.98,66.4,0.8375,-288,1047,1031,102.4,4824.7
177,66.4,0.8377,-288,1047,1031,105.8,4820.2
177.02,66.5,0.8377,-288,1047,1032,109.4,4820.2
177.04,66.5,0.8378,-288,1047,1032,113,4815.1
177.06,66.4,0.8378,-288,1047,1033,116.6,4815.7
177.08,66.4,0.8377,-289,1047,1033,120.2,4818.9
177.1,66.5,0.8377,-289,1047,1033,123.6,4818.3
177.12,66.5,0.838,-290,1047,1034,126.9,4810.6
177.14,66.5,0.838,-291,1047,1034,130,4810.6
177.16,66.5,0.8378,-291,1047,1035,133,4815.1
177.18,66.5,0.8378,-292,1047,1035,135.9,4815.1
177.2,66.5,0.8379,-293,1047,1035,138.6,4811.9
177.22,66.5,0.8379,-293,1047,1035,141.2,4812.5
177.24,66.5,0.838,-294,1047,1036,143.8,4809.4
177.26,66.5,0.838,-295,1047,1036,146.2,4808.7
177.28,66.5,0.8381,-296,1047,1036,148.5,4805.5
177.3,66.5,0.8381,-296,1047,1037,150.6,4805.5
177.32,66.5,0.838,-297,1047,1037,152.6,4808.7
177.34,66.5,0.838,-298,1047,1037,154.5,4809.4
177.36,66.5,0.8382,-298,1047,1037,156.1,4804.2
177.38,66.5,0.8382,-299,1047,1038,157.5,4804.2
177.4,66.5,0.838,-300,1047,1038,158.6,4809.4
177.42,66.5,0.838,-300,1048,1038,159.4,4808.7
177.44,66.5,0.8382,-301,1048,1038,160,4803
177.46,66.5,0.8382,-301,1049,1038,160.2,4803
177.48,66.5,0.8381,-302,1050,1038,160.3,4805.5
177.5,66.4,0.8381,-302,1051,1038,160.2,4806.2
177.52,66.4,0.838,-302,1052,1038,160,4808.1
177.54,66.5,0.8381,-303,1052,1038,159.8,4807.4
177.56,66.5,0.8382,-303,1053,1038,159.5,4804.2
177.58,66.5,0.8382,-303,1054,1038,159.2,4804.2
177.6,66.5,0.8383,-304,1055,1038,158.8,4799.8
177.62,66.5,0.8383,-304,1056,1038,158.3,4799.8
177.64,66.5,0.8385,-304,1056,1038,157.6,4793.4
177.66,66.5,0.8385,-305,1057,1038,156.7,4793.4
177.68,66.5,0.8387,-305,1058,1038,155.5,4785.7
177.7,66.5,0.8387,-306,1058,1038,153.9,4785.7
177.72,66.5,0.8388,-306,1059,1038,151.9,4784.5
177.74,66.5,0.8388,-307,1059,1039,149.6,4783.8
177.76,66.5,0.8389,-307,1059,1039,147,4781.3
177.78,66.5,0.8389,-307,1060,1039,144.2,4780.6
177.8,66.5,0.8391,-308,1060,1039,141.1,4774.3
177.82,66.5,0.8391,-308,1060,1040,137.9,4774.9
177.84,66.5,0.8391,-309,1060,1040,134.5,4774.9
177.86,66.5,0.8391,-309,1060,1040,131,4774.9
177.88,66.5,0.8392,-309,1060,1040,127.5,4771.7
177.9,66.5,0.8392,-310,1060,1040,124.1,4771.7
177.92,66.5,0.8388,-310,1060,1041,120.8,4783.8
177.94,66.5,0.8388,-310,1060,1041,117.7,4783.8
177.96,66.5,0.8389,-309,1060,1041,115,4781.3
177.98,66.5,0.8389,-309,1060,1041,112.6,4781.3
178,66.5,0.8391,-309,1060,1041,110.7,4773.6
178.02,66.5,0.8391,-308,1060,1041,109.4,4773
178.04,66.5,0.8395,-307,1060,1041,108.8,4760.2
178.06,66.5,0.8395,-305,1060,1041,109,4760.9
178.08,66.5,0.8398,-304,1060,1040,110,4751.9
178.1,66.5,0.8398,-302,1060,1040,112,4751.9
178.12,66.5,0.8398,-301,1060,1039,114.9,4753.2
178.14,66.5,0.8398,-300,1060,1038,118.4,4753.2
178.16,66.5,0.84,-299,1061,1038,122.5,4746.8
178.18,66.5,0.84,-299,1061,1037,126.9,4746.8
178.2,66.5,0.8401,-299,1061,1036,131.4,4742.4
178.22,66.5,0.8401,-299,1061,1036,135.8,4742.4
178.24,66.5,0.8402,-299,1062,1036,140,4737.9
178.26,66.5,0.8402,-299,1062,1036,143.8,4737.9
178.28,66.5,0.8401,-300,1063,1035,147.1,4741.1
178.3,66.5,0.8401,-300,1064,1035,149.6,4741.1
178.32,66.5,0.8401,-300,1065,1035,151.5,4742.4
178.34,66.5,0.8401,-301,1066,1035,152.6,4742.4
178.36,66.5,0.8401,-301,1067,1035,153.1,4742.4
178.38,66.4,0.8401,-301,1068,1035,153,4743
178.4,66.4,0.8402,-301,1069,1035,152.4,4739.8
178.42,66.5,0.8402,-301,1069,1035,151.6,4739.2
178.44,66.5,0.84,-301,1070,1035,150.6,4744.3
178.46,66.5,0.84,-301,1071,1035,149.6,4744.3
178.48,66.5,0.8403,-301,1072,1035,148.6,4736
178.5,66.4,0.8403,-300,1073,1035,147.8,4736.6
178.52,66.4,0.8405,-300,1074,1036,147,4730.3
178.54,66.4,0.8405,-300,1075,1036,146.5,4730.3
178.56,66.4,0.8409,-299,1075,1036,146.2,4716.3
178.58,66.4,0.8409,-299,1075,1037,146.1,4716.3
178.6,66.4,0.8409,-299,1076,1037,146.1,4716.3
178.62,66.5,0.8409,-299,1076,1037,146.2,4716.3
178.64,66.5,0.8408,-300,1076,1037,146.3,4719.4
178.66,66.4,0.8408,-300,1076,1038,146.5,4720.1
178.68,66.4,0.841,-300,1076,1038,146.7,4713.7
178.7,66.4,0.841,-300,1076,1038,147,4713.1
178.72,66.4,0.8409,-300,1076,1038,147.4,4716.3
178.74,66.4,0.8409,-300,1076,1038,147.9,4716.3
178.76,66.4,0.8409,-300,1076,1039,148.5,4716.3
178.78,66.4,0.8409,-300,1076,1039,149.2,4716.3
178.8,66.4,0.8412,-300,1076,1039,150.2,4708.6
178.82,66.5,0.8412,-300,1076,1040,151.4,4708.6
178.84,66.5,0.8413,-299,1076,1040,152.8,4703.5
178.86,66.4,0.8413,-300,1076,1040,154.2,4704.2
178.88,66.4,0.8416,-300,1076,1040,155.6,4694.6
178.9,66.5,0.8416,-300,1076,1040,156.9,4694.6
178.92,66.5,0.8417,-301,1076,1040,157.9,4691.4
178.94,66.4,0.8417,-301,1076,1039,158.8,4691.4
178.96,66.4,0.8419,-301,1076,1039,159.5,4685.7
178.98,66.4,0.8419,-301,1076,1039,160.1,4685.7
179,66.4,0.8419,-301,1076,1038,160.4,4683.8
179.02,66.5,0.8419,-301,1076,1038,160.8,4683.8
179.04,66.5,0.8422,-301,1076,1037,161,4676.2
179.06,66.5,0.8422,-301,1077,1036,161.3,4676.2
179.08,66.5,0.8422,-301,1077,1036,161.7,4674.2
179.1,66.5,0.8422,-301,1078,1035,162.2,4674.2
179.12,66.5,0.8421,-301,1078,1035,162.9,4677.4
179.14,66.4,0.8421,-301,1079,1034,163.7,4678.1
179.16,66.4,0.8423,-301,1080,1034,164.8,4673
179.18,66.5,0.8423,-301,1080,1034,165.9,4673
179.2,66.5,0.8423,-301,1081,1033,167.1,4671.1
179.22,66.5,0.8423,-301,1081,1033,168.3,4671.1
179.24,66.5,0.8423,-301,1081,1032,169.2,4671.1
179.26,66.5,0.8423,-301,1082,1032,169.6,4671.1
179.28,66.5,0.8422,-301,1082,1032,169.2,4676.2
179.3,66.4,0.8422,-302,1083,1032,168,4676.2
179.32,66.4,0.8422,-302,1083,1032,166.4,4674.9
179.34,66.5,0.8422,-303,1083,1032,164.3,4674.2
179.36,66.5,0.8422,-303,1083,1032,162.1,4674.2
179.38,66.5,0.8422,-304,1083,1033,159.9,4674.2
179.4,66.5,0.8422,-304,1083,1033,157.9,4674.2
179.42,66.4,0.8422,-303,1083,1034,156.1,4674.9
179.44,66.4,0.842,-303,1083,1035,154.6,4680.6
179.46,66.5,0.842,-303,1082,1035,153.5,4680.6
179.48,66.5,0.8421,-303,1082,1036,153.1,4677.4
179.5,66.5,0.8421,-302,1082,1037,153,4677.4
179.52,66.5,0.8426,-301,1082,1038,153.7,4663.4
179.54,66.5,0.8426,-301,1082,1040,155.1,4662.8
179.56,66.5,0.8425,-300,1082,1041,157.3,4666
179.58,66.5,0.8425,-300,1082,1042,160.1,4666.6
179.6,66.5,0.8424,-300,1082,1043,163.4,4669.8
179.62,66.5,0.8424,-300,1083,1044,167.2,4669.8
179.64,66.5,0.8427,-301,1083,1045,171.5,4660.3
179.66,66.5,0.8427,-301,1083,1046,176.3,4660.3
179.68,66.5,0.8429,-302,1083,1046,178.6,4652.6
179.7,66.5,0.8429,-302,1083,1047,173.4,4652.6
179.72,66.5,0.843,-303,1084,1047,168.2,4650.7
179.74,66.5,0.843,-304,1084,1047,162.9,4651.4
179.76,66.5,0.843,-305,1084,1047,157.8,4649.5
179.78,66.5,0.843,-305,1084,1047,152.7,4649.5
179.8,66.5,0.8429,-306,1084,1046,147.7,4652.6
179.82,66.5,0.8429,-307,1085,1046,142.7,4652.6
179.84,66.5,0.8428,-308,1085,1046,137.7,4657.1
179.86,66.5,0.8428,-309,1085,1045,132.8,4657.7
179.88,66.5,0.8427,-310,1086,1045,128,4660.3
179.9,66.5,0.8427,-310,1086,1045,123.2,4660.3
179.92,66.5,0.8427,-311,1086,1044,118.4,4660.3
179.94,66.4,0.8427,-311,1087,1044,113.6,4660.9
179.96,66.4,0.8428,-312,1087,1043,108.9,4657.7
179.98,66.5,0.8428,-312,1088,1043,104.3,4657.1
180,66.5,0.843,-312,1088,1043,99.9,4649.5
180.02,66.5,0.843,-311,1088,1042,95.9,4649.5
180.04,66.5,0.8433,-311,1089,1042,92.3,4640.6
180.06,66.4,0.8433,-310,1089,1042,89,4640.6
180.08,66.4,0.843,-310,1089,1042,86.2,4650.1
180.1,66.5,0.843,-309,1090,1043,83.9,4649.5
180.12,66.5,0.8433,-309,1090,1043,82.4,4639.9
180.14,66.4,0.8433,-308,1090,1044,81.4,4640.6
180.16,66.4,0.8436,-307,1091,1044,81.2,4631.7
180.18,66.4,0.8436,-306,1091,1044,81.8,4631.7
180.2,66.4,0.8436,-305,1091,1045,83.1,4629.8
180.22,66.4,0.8436,-305,1091,1045,84.9,4629.8
180.24,66.4,0.8438,-304,1091,1045,87.4,4625.3
180.26,66.4,0.8438,-304,1091,1045,90.3,4625.3
180.28,66.4,0.8438,-303,1092,1045,93.9,4625.3
180.3,66.5,0.8438,-303,1092,1045,97.9,4624.7
180.32,66.5,0.844,-302,1092,1044,102.5,4619
180.34,66.4,0.844,-302,1092,1044,107.5,4619.6
180.36,66.4,0.8442,-302,1092,1043,112.8,4613.3
180.38,66.4,0.8442,-302,1093,1043,118.4,4612.6
180.4,66.4,0.8444,-302,1093,1042,124.3,4605
180.42,66.4,0.8444,-303,1093,1042,130.3,4605.6
180.44,66.4,0.8446,-303,1093,1041,136.4,4598
180.46,66.5,0.8447,-303,1093,1041,142.7,4597.4
180.48,66.5,0.8448,-304,1093,1041,149.1,4592.3
180.5,66.4,0.8448,-304,1093,1041,155.6,4592.9
180.52,66.4,0.8447,-305,1092,1042,161.7,4596.1
180.54,66.4,0.8447,-305,1092,1043,167.2,4596.1
180.56,66.4,0.845,-306,1092,1044,172,4585.3
180.58,66.4,0.845,-306,1092,1046,175.7,4585.3
180.6,66.4,0.8448,-306,1092,1048,177.5,4592.9
180.62,66.4,0.8448,-306,1092,1050,177.1,4592.9
180.64,66.4,0.8447,-306,1092,1051,176.3,4596.1
180.66,66.4,0.8447,-306,1092,1052,176,4596.1
180.68,66.4,0.8448,-306,1092,1054,176,4592.9
180.7,66.4,0.8448,-306,1092,1055,175.7,4592.9
180.72,66.4,0.8451,-306,1093,1056,174.6,4582.2
180.74,66.4,0.8451,-307,1093,1057,172.5,4582.2
180.76,66.4,0.8451,-307,1093,1058,169.5,4584.1
180.78,66.4,0.8451,-308,1094,1059,165.8,4583.4
180.8,66.4,0.845,-308,1094,1059,161.6,4586.6
180.82,66.4,0.845,-309,1095,1060,156.9,4587.2
180.84,66.4,0.845,-309,1096,1060,151.8,4587.2
180.86,66.4,0.845,-310,1097,1060,146.5,4587.2
180.88,66.4,0.8448,-310,1098,1061,140.9,4591.7
180.9,66.4,0.8449,-310,1098,1061,135.3,4591
180.92,66.4,0.8449,-310,1099,1060,129.7,4589.8
180.94,66.4,0.8449,-309,1100,1060,124.5,4589.8
180.96,66.4,0.8451,-309,1100,1060,119.4,4583.4
180.98,66.4,0.8451,-308,1101,1060,114.6,4584.1
181,66.4,0.8453,-308,1101,1059,110.3,4575.8
181.02,66.4,0.8453,-307,1102,1059,106.5,4575.8
181.04,66.4,0.8455,-307,1102,1059,103.2,4571.4
181.06,66.4,0.8455,-306,1102,1059,100.3,4571.4
181.08,66.4,0.8457,-306,1102,1059,97.8,4565
181.1,66.4,0.8457,-305,1102,1059,95.9,4565
181.12,66.4,0.846,-305,1102,1059,94.4,4554.3
181.14,66.4,0.846,-305,1103,1059,93.5,4554.3
181.16,66.4,0.8463,-304,1103,1059,93.2,4545.4
181.18,66.4,0.8463,-303,1103,1059,93.6,4545.4
181.2,66.4,0.8465,-302,1103,1059,94.9,4539.1
181.22,66.4,0.8465,-302,1103,1059,96.9,4539.1
181.24,66.4,0.8467,-301,1103,1059,99.5,4531.5
181.26,66.4,0.8467,-301,1103,1059,102.6,4531.5
181.28,66.4,0.8465,-301,1103,1059,105.9,4537.8
181.3,66.4,0.8465,-301,1102,1058,109.5,4537.8
181.32,66.4,0.8467,-302,1102,1058,113.2,4532.7
181.34,66.4,0.8467,-302,1101,1058,116.9,4532.7
181.36,66.4,0.8466,-303,1101,1059,120.6,4535.9
181.38,66.4,0.8466,-303,1100,1059,124.3,4536.5
181.4,66.4,0.8467,-303,1100,1059,127.9,4531.5
181.42,66.4,0.8467,-304,1100,1060,131.6,4531.5
181.44,66.4,0.8468,-304,1099,1061,135.3,4528.9
181.46,66.4,0.8468,-305,1099,1062,138.9,4528.9
181.48,66.4,0.8468,-305,1099,1063,142.5,4528.9
181.5,66.4,0.8468,-305,1099,1064,145.9,4528.9
181.52,66.4,0.8471,-306,1099,1065,149.4,4519.4
181.54,66.4,0.8471,-306,1099,1066,152.9,4519.4
181.56,66.4,0.8471,-307,1099,1068,156.3,4519.4
181.58,66.4,0.8471,-307,1100,1069,159.6,4519.4
181.6,66.4,0.8473,-308,1100,1070,162.6,4513.7
181.62,66.4,0.8473,-308,1100,1071,164.8,4513.7
181.64,66.4,0.8474,-309,1101,1071,165.9,4511.8
181.66,66.4,0.8474,-310,1101,1072,165.2,4511.8
181.68,66.4,0.8472,-310,1102,1073,162.9,4516.9
181.7,66.4,0.8472,-311,1103,1074,159.3,4516.9
181.72,66.4,0.847,-312,1104,1074,155.1,4523.2
181.74,66.4,0.847,-313,1105,1074,150.6,4523.2
181.76,66.4,0.8471,-314,1106,1074,146,4518.8
181.78,66.4,0.8472,-314,1107,1074,141.4,4518.2
181.8,66.4,0.8468,-315,1108,1074,136.9,4530.8
181.82,66.4,0.8468,-315,1109,1074,132.5,4530.8
181.84,66.4,0.847,-315,1110,1073,128.3,4524.5
181.86,66.4,0.847,-315,1111,1072,124.2,4524.5
181.88,66.4,0.8468,-315,1111,1072,120.2,4530.8
181.9,66.4,0.8468,-316,1112,1071,116.4,4530.8
181.92,66.4,0.8461,-315,1113,1071,112.6,4551.1
181.94,66.4,0.8461,-315,1114,1070,109,4550.5
181.96,66.4,0.8467,-315,1114,1070,105.6,4532.1
181.98,66.4,0.8467,-315,1114,1069,102.4,4532.1
182,66.4,0.8468,-315,1115,1069,99.5,4530.8
182.02,66.4,0.8468,-314,1115,1069,96.9,4530.2
182.04,66.4,0.847,-314,1115,1068,94.8,4522.6
182.06,66.4,0.847,-314,1115,1068,93.1,4523.2
182.08,66.4,0.8473,-313,1116,1068,91.8,4512.5
182.1,66.4,0.8473,-313,1116,1067,90.9,4512.5
182.12,66.4,0.8474,-313,1116,1067,90.2,4509.3
182.14,66.4,0.8474,-313,1115,1067,89.7,4509.3
182.16,66.4,0.8475,-313,1115,1067,89.3,4508
182.18,66.4,0.8475,-314,1115,1067,88.9,4508
182.2,66.4,0.8477,-314,1115,1066,88.6,4501.7
182.22,66.4,0.8477,-314,1114,1066,88.2,4501.7
182.24,66.4,0.8477,-314,1114,1066,87.9,4501.7
182.26,66.4,0.8477,-315,1114,1066,87.5,4501.7
182.28,66.4,0.8479,-315,1114,1066,87.2,4494.1
182.3,66.4,0.8479,-315,1113,1066,86.8,4494.1
182.32,66.4,0.8476,-315,1113,1066,86.5,4503
182.34,66.4,0.8476,-316,1113,1067,86.3,4503
182.36,66.4,0.8479,-316,1113,1067,86.1,4494.1
182.38,66.4,0.8479,-315,1113,1067,86.2,4494.1
182.4,66.4,0.848,-315,1113,1068,86.6,4492.2
182.42,66.4,0.848,-314,1113,1068,87.4,4492.9
182.44,66.4,0.8481,-314,1113,1069,88.8,4489.7
182.46,66.4,0.8481,-313,1113,1069,90.7,4489.7
182.48,66.4,0.8482,-312,1113,1070,93.4,4484.6
182.5,66.4,0.8482,-311,1114,1071,96.8,4484.6
182.52,66.4,0.8483,-310,1114,1073,101.1,4483.4
182.54,66.4,0.8483,-309,1114,1074,106.3,4483.4
182.56,66.4,0.8487,-309,1113,1076,112.1,4468.2
182.58,66.4,0.8487,-309,1113,1077,118.4,4468.2
182.6,66.4,0.8492,-309,1113,1079,125.1,4454.3
182.62,66.4,0.8492,-309,1112,1080,131.8,4454.3
182.64,66.4,0.8493,-310,1112,1081,138.2,4449.9
182.66,66.4,0.8493,-312,1112,1082,143.8,4449.2
182.68,66.4,0.8494,-313,1113,1082,148,4448
182.7,66.4,0.8494,-315,1114,1083,150.2,4448
182.72,66.4,0.8492,-316,1115,1083,149.9,4452.4
182.74,66.4,0.8492,-318,1117,1083,147.6,4453
182.76,66.4,0.8494,-318,1119,1083,144,4446.7
182.78,66.4,0.8494,-319,1121,1083,139.7,4446.7
182.8,66.4,0.849,-319,1123,1082,135.2,4458.7
182.82,66.4,0.849,-319,1125,1081,130.8,4458.7
182.84,66.4,0.8489,-318,1127,1081,126.7,4463.8
182.86,66.4,0.8489,-318,1128,1080,123,4463.8
182.88,66.4,0.8486,-317,1130,1079,119.8,4472.6
182.9,66.4,0.8486,-317,1131,1079,116.8,4472.6
182.92,66.4,0.849,-316,1132,1078,114.3,4460.6
182.94,66.4,0.849,-316,1133,1077,112,4460.6
182.96,66.4,0.8485,-315,1134,1076,110,4475.8
182.98,66.4,0.8485,-315,1134,1075,108.4,4475.8
183,66.4,0.849,-314,1135,1074,107,4458.7
183.02,66.4,0.849,-314,1135,1073,105.9,4459.3
183.04,66.4,0.8491,-313,1135,1072,105.1,4456.2
183.06,66.4,0.8491,-313,1135,1071,104.6,4456.2
183.08,66.4,0.8494,-312,1134,1070,104.5,4448.6
183.1,66.4,0.8494,-311,1133,1070,104.9,4448
183.12,66.4,0.8494,-310,1132,1069,105.5,4446.7
183.14,66.4,0.8494,-309,1131,1070,106.6,4446.7
183.16,66.4,0.8496,-309,1130,1071,108.1,4442.3
183.18,66.4,0.8496,-308,1129,1072,110,4442.3
183.2,66.4,0.8497,-307,1128,1073,112.1,4437.9
183.22,66.4,0.8497,-307,1128,1075,114.4,4437.9
183.24,66.4,0.8497,-307,1128,1076,116.8,4437.9
183.26,66.4,0.8497,-308,1129,1078,119.2,4437.2
183.28,66.4,0.8501,-308,1130,1079,121.7,4426.5
183.3,66.4,0.85,-307,1131,1081,124.5,4427.1
183.32,66.4,0.8501,-307,1132,1082,127.5,4425.2
183.34,66.4,0.8501,-308,1133,1082,130.5,4425.2
183.36,66.4,0.8502,-309,1133,1083,133.5,4420.8
183.38,66.4,0.8502,-309,1133,1083,136.2,4420.8
183.4,66.4,0.8504,-310,1134,1083,138.6,4416.4
183.42,66.4,0.8504,-311,1134,1083,140.8,4416.4
183.44,66.4,0.8507,-311,1135,1084,142.7,4405.7
183.46,66.4,0.8507,-312,1136,1084,144.7,4405.7
183.48,66.4,0.8506,-312,1136,1084,146.6,4410.7
183.5,66.4,0.8506,-313,1137,1084,148.4,4410.1
183.52,66.4,0.8508,-313,1137,1084,150.1,4404.4
183.54,66.4,0.8508,-314,1138,1084,151.6,4404.4
183.56,66.4,0.8509,-314,1138,1084,153.1,4400
183.58,66.4,0.8509,-314,1139,1084,154.6,4399.4
183.6,66.4,0.851,-315,1140,1084,156.3,4396.9
183.62,66.4,0.851,-315,1141,1084,158,4396.9
183.64,66.4,0.8511,-315,1141,1084,159.8,4392.4
183.66,66.4,0.8511,-315,1142,1083,161.7,4392.4
183.68,66.4,0.8511,-316,1143,1083,163.8,4392.4
183.7,66.4,0.8511,-316,1144,1082,166.1,4392.4
183.72,66.4,0.8514,-316,1144,1081,168.6,4383
183.74,66.4,0.8514,-317,1145,1081,171.3,4383
183.76,66.4,0.8515,-317,1145,1080,174,4379.8
183.78,66.4,0.8515,-317,1146,1079,176.3,4379.8
183.8,66.4,0.8515,-318,1146,1079,176.4,4379.8
183.82,66.4,0.8515,-319,1146,1078,173.8,4379.8
183.84,66.4,0.8515,-319,1146,1078,170.6,4379.8
183.86,66.4,0.8515,-320,1146,1078,167,4379.8
183.88,66.4,0.8514,-320,1146,1078,163.4,4383
183.9,66.4,0.8514,-321,1146,1077,159.8,4383
183.92,66.4,0.8518,-321,1145,1077,156.3,4372.3
183.94,66.4,0.8518,-322,1145,1077,152.8,4372.3
183.96,66.4,0.8515,-322,1145,1077,149.5,4381.7
183.98,66.4,0.8515,-323,1144,1077,146.3,4381.7
184,66.4,0.8514,-323,1144,1077,143.3,4384.9
184.02,66.4,0.8514,-323,1143,1077,140.4,4384.2
184.04,66.4,0.8516,-323,1142,1077,137.8,4376.7
184.06,66.4,0.8516,-323,1142,1077,135.4,4377.3
184.08,66.4,0.851,-323,1142,1078,133.3,4395.6
184.1,66.4,0.8511,-323,1141,1078,131.5,4395
184.12,66.4,0.8512,-322,1141,1078,130.2,4389.3
184.14,66.4,0.8512,-322,1140,1078,129.3,4389.3
184.16,66.4,0.8509,-322,1140,1078,128.7,4400
184.18,66.4,0.8509,-322,1140,1079,128.5,4400.6
184.2,66.4,0.851,-322,1139,1079,128.6,4395.6
184.22,66.4,0.851,-321,1139,1079,128.9,4395.6
184.24,66.4,0.8515,-321,1138,1079,129.5,4380.5
184.26,66.4,0.8515,-321,1138,1079,130.3,4380.5
184.28,66.4,0.8513,-321,1138,1080,131.3,4386.8
184.3,66.4,0.8513,-321,1137,1080,132.4,4386.8
184.32,66.4,0.8512,-322,1137,1081,133.5,4389.9
184.34,66.4,0.8512,-322,1137,1081,134.7,4389.3
184.36,66.4,0.8513,-322,1137,1081,135.8,4388
184.38,66.4,0.8513,-322,1137,1082,136.8,4388
184.4,66.4,0.8516,-322,1137,1082,137.8,4377.3
184.42,66.4,0.8516,-322,1136,1083,138.7,4377.3
184.44,66.4,0.8517,-322,1136,1083,139.7,4376
184.46,66.4,0.8517,-322,1137,1084,140.8,4376
184.48,66.4,0.8517,-322,1137,1085,141.9,4376
184.5,66.3,0.8517,-322,1137,1086,143.1,4376
184.52,66.3,0.8518,-321,1138,1087,144.5,4371.6
184.54,66.3,0.8518,-320,1139,1087,146.3,4371.6
184.56,66.3,0.8522,-319,1140,1088,148.5,4357.8
184.58,66.3,0.8522,-319,1142,1088,151,4357.8
184.6,66.3,0.8527,-318,1143,1089,153.7,4343.9
184.62,66.4,0.8527,-318,1144,1088,156.7,4343.9
184.64,66.4,0.8532,-317,1146,1088,159.9,4328.2
184.66,66.3,0.8532,-317,1148,1087,163.5,4328.8
184.68,66.3,0.8534,-317,1149,1086,167.2,4322.5
184.7,66.3,0.8534,-317,1150,1084,170.5,4322.5
184.72,66.3,0.8535,-317,1150,1083,172.5,4318.1
184.74,66.3,0.8535,-317,1150,1082,172,4318.1
184.76,66.3,0.8536,-318,1150,1081,169.3,4315
184.78,66.3,0.8536,-318,1150,1080,165.8,4315
184.8,66.3,0.8537,-318,1149,1079,162.2,4311.8
184.82,66.3,0.8537,-318,1149,1078,158.7,4311.8
184.84,66.3,0.8539,-317,1148,1077,155.7,4304.3
184.86,66.3,0.8539,-317,1146,1077,153,4304.3
184.88,66.3,0.8538,-316,1145,1076,151,4307.4
184.9,66.3,0.8538,-316,1144,1076,149.4,4307.4
184.92,66.3,0.8537,-315,1143,1076,148.6,4311.8
184.94,66.3,0.8537,-314,1142,1077,148.5,4311.8
184.96,66.3,0.8536,-313,1141,1077,149.2,4315
184.98,66.3,0.8536,-313,1140,1078,150.3,4315
185,66.3,0.8536,-312,1139,1078,152,4315
185.02,66.3,0.8536,-312,1139,1079,154,4315.6
185.04,66.3,0.8534,-312,1138,1080,155.9,4320
185.06,66.3,0.8534,-312,1138,1080,157.8,4320
185.08,66.3,0.8536,-313,1137,1081,159.3,4315
185.1,66.3,0.8536,-313,1137,1082,160.2,4315
185.12,66.3,0.8535,-313,1137,1083,160.5,4318.1
185.14,66.3,0.8535,-313,1137,1084,160,4318.1
185.16,66.3,0.8534,-313,1138,1085,159,4321.3
185.18,66.3,0.8534,-313,1138,1086,157.4,4321.3
185.2,66.3,0.8532,-313,1139,1087,155.3,4326.9
185.22,66.3,0.8532,-313,1140,1088,153.1,4327.6
185.24,66.3,0.8535,-313,1141,1088,150.7,4318.1
185.26,66.3,0.8535,-313,1142,1089,148.2,4318.1
185.28,66.3,0.8536,-313,1143,1090,145.9,4316.2
185.3,66.3,0.8536,-313,1144,1090,143.6,4316.2
185.32,66.3,0.854,-313,1145,1090,141.5,4301.1
185.34,66.3,0.854,-313,1146,1090,139.6,4301.8
185.36,66.3,0.8545,-313,1147,1090,137.7,4287.9
185.38,66.3,0.8545,-313,1147,1089,135.9,4287.9
185.4,66.3,0.8544,-313,1148,1089,134.2,4291.1
185.42,66.3,0.8544,-313,1148,1088,132.6,4290.4
185.44,66.3,0.8543,-313,1149,1088,131.3,4292.3
185.46,66.3,0.8543,-312,1149,1088,130.2,4291.7
185.48,66.3,0.8547,-312,1150,1087,129.4,4279.8
185.5,66.4,0.8547,-312,1150,1087,129,4279.8
185.52,66.4,0.8547,-312,1150,1086,128.8,4279.8
185.54,66.3,0.8547,-312,1150,1086,128.9,4279.8
185.56,66.3,0.8549,-312,1151,1086,129.3,4275.4
185.58,66.3,0.8549,-312,1151,1085,130.1,4275.4
185.6,66.3,0.8549,-311,1151,1085,131.3,4275.4
185.62,66.3,0.8549,-311,1151,1084,132.9,4275.4
185.64,66.3,0.8551,-310,1151,1083,134.9,4267.8
185.66,66.3,0.8551,-310,1151,1082,137.2,4267.8
185.68,66.3,0.8554,-310,1151,1082,139.8,4259.6
185.7,66.3,0.8553,-310,1151,1081,142.6,4260.3
185.72,66.3,0.8554,-310,1150,1080,145.4,4258.4
185.74,66.4,0.8554,-310,1149,1079,148.2,4258.4
185.76,66.4,0.8557,-310,1148,1079,150.7,4250.2
185.78,66.3,0.8556,-310,1147,1079,152.8,4250.9
185.8,66.3,0.8556,-310,1146,1079,154.5,4252.1
185.82,66.3,0.8556,-311,1145,1080,155.5,4252.1
185.84,66.3,0.8555,-311,1144,1080,155.8,4255.3
185.86,66.3,0.8555,-312,1143,1081,155.2,4255.9
185.88,66.3,0.8554,-312,1142,1083,154.3,4258.4
185.9,66.3,0.8554,-312,1142,1084,153.1,4258.4
185.92,66.3,0.8552,-312,1142,1086,152,4264.7
185.94,66.3,0.8552,-312,1142,1087,151.1,4264.7
185.96,66.3,0.8549,-312,1142,1089,150.3,4273.5
185.98,66.3,0.8549,-312,1142,1090,149.9,4274.1
186,66.3,0.8546,-311,1142,1091,149.8,4282.9
186.02,66.3,0.8546,-311,1142,1092,150,4282.9
186.04,66.3,0.855,-311,1143,1094,150.5,4270.3
186.06,66.3,0.855,-312,1143,1095,151,4270.3
186.08,66.3,0.8554,-312,1144,1096,151.3,4257.1
186.1,66.3,0.8554,-312,1144,1097,151.3,4257.1
186.12,66.3,0.8551,-313,1145,1098,150.7,4266.6
186.14,66.3,0.8552,-313,1146,1098,149.4,4265.9
186.16,66.3,0.8551,-314,1146,1099,147.4,4267.8
186.18,66.3,0.8551,-315,1147,1100,144.7,4267.8
186.2,66.3,0.8553,-315,1148,1100,141.4,4262.8
186.22,66.3,0.8552,-316,1149,1100,137.5,4263.4
186.24,66.3,0.8553,-317,1150,1100,133.2,4261.5
186.26,66.3,0.8553,-318,1151,1100,128.5,4261.5
186.28,66.3,0.8554,-319,1152,1099,123.5,4259.6
186.3,66.3,0.8553,-320,1152,1099,118.3,4260.3
186.32,66.3,0.8553,-320,1153,1098,112.9,4261.5
186.34,66.3,0.8553,-321,1154,1098,107.4,4261.5
186.36,66.3,0.8557,-321,1155,1097,101.9,4247.7
186.38,66.3,0.8557,-322,1156,1096,96.3,4247.7
186.4,66.3,0.8554,-322,1156,1095,90.8,4257.1
186.42,66.3,0.8554,-322,1157,1095,85.4,4257.1
186.44,66.3,0.8556,-322,1157,1094,80.1,4251.5
186.46,66.3,0.8556,-322,1157,1093,75,4251.5
186.48,66.3,0.8558,-322,1157,1093,70.2,4246.5
186.5,66.3,0.8558,-321,1157,1092,65.8,4246.5
186.52,66.3,0.8558,-320,1157,1093,62,4244.6
186.54,66.3,0.8558,-320,1156,1093,58.9,4244.6
186.56,66.3,0.856,-319,1156,1094,56.9,4240.2
186.58,66.3,0.856,-318,1157,1094,56.1,4240.2
186.6,66.3,0.856,-317,1157,1095,56.3,4238.9
186.62,66.3,0.856,-316,1157,1095,57.7,4238.9
186.64,66.3,0.8562,-316,1157,1096,59.8,4232.7
186.66,66.3,0.8562,-315,1157,1096,62.5,4232.7
186.68,66.3,0.8563,-314,1157,1096,66,4231.4
186.7,66.3,0.8563,-314,1157,1096,70.2,4231.4
186.72,66.3,0.8563,-313,1157,1097,74.8,4229.5
186.74,66.3,0.8563,-313,1156,1097,80,4229.5
186.76,66.3,0.8563,-312,1156,1097,85.7,4229.5
186.78,66.3,0.8563,-312,1155,1097,91.9,4230.1
186.8,66.3,0.8566,-311,1154,1097,98.5,4219.5
186.82,66.3,0.8566,-311,1152,1098,105.5,4219.5
186.84,66.3,0.8573,-311,1151,1098,112.9,4198.2
186.86,66.3,0.8573,-312,1150,1098,120.7,4197.5
186.88,66.3,0.8577,-312,1148,1099,128.8,4185.6
186.9,66.3,0.8577,-313,1147,1100,137.1,4185.6
186.92,66.3,0.8578,-315,1146,1100,145.6,4182.5
186.94,66.3,0.8578,-316,1146,1101,154.1,4181.9
186.96,66.3,0.858,-318,1146,1102,162.4,4176.2
186.98,66.3,0.858,-319,1146,1104,170.3,4176.2
187,66.3,0.858,-320,1147,1105,176,4177.5
187.02,66.3,0.858,-321,1148,1107,172.2,4178.1
187.04,66.3,0.8579,-322,1150,1109,165.6,4180.6
187.06,66.3,0.8579,-322,1152,1110,159.1,4181.2
187.08,66.3,0.8575,-322,1154,1111,153.1,4191.9
187.1,66.3,0.8575,-322,1156,1112,147.7,4191.3
187.12,66.3,0.8573,-322,1158,1112,142.8,4199.4
187.14,66.3,0.8573,-321,1160,1113,138.4,4199.4
187.16,66.3,0.8577,-321,1162,1113,134.2,4185.6
187.18,66.3,0.8577,-321,1163,1113,130.2,4185.6
187.2,66.3,0.8577,-320,1165,1113,126.4,4187.5
187.22,66.3,0.8577,-320,1167,1113,122.7,4187.5
187.24,66.3,0.8575,-320,1168,1113,119,4193.1
187.26,66.3,0.8575,-320,1170,1112,115.4,4193.1
187.28,66.3,0.8579,-320,1171,1111,112,4180.6
187.3,66.3,0.8579,-319,1172,1110,108.7,4181.2
187.32,66.3,0.858,-319,1172,1108,105.7,4178.1
187.34,66.3,0.858,-318,1172,1107,103,4178.1
187.36,66.3,0.858,-317,1172,1106,100.8,4176.8
187.38,66.3,0.858,-316,1171,1104,99,4176.2
187.4,66.3,0.8582,-315,1170,1104,97.9,4171.8
187.42,66.3,0.8582,-314,1170,1104,97.7,4171.8
187.44,66.3,0.8582,-312,1169,1104,98.1,4170.6
187.46,66.3,0.8582,-311,1167,1105,99.4,4171.2
187.48,66.3,0.8584,-311,1167,1106,101.4,4163.1
187.5,66.3,0.8584,-310,1166,1107,103.8,4163.1
187.52,66.3,0.8586,-310,1165,1108,106.5,4156.8
187.54,66.3,0.8586,-310,1165,1109,109.5,4156.8
187.56,66.3,0.8587,-310,1164,1110,112.7,4153.7
187.58,66.3,0.8587,-311,1164,1112,116.1,4153.7
187.6,66.3,0.8589,-311,1164,1113,119.5,4148
187.62,66.3,0.8589,-311,1164,1114,123.1,4148.7
187.64,66.3,0.8591,-312,1165,1115,126.8,4142.4
187.66,66.3,0.8591,-312,1165,1116,130.6,4141.8
187.68,66.3,0.8592,-312,1165,1117,134.6,4140.5
187.7,66.3,0.8592,-313,1166,1118,138.7,4140.5
187.72,66.3,0.8594,-313,1166,1119,142.9,4132.4
187.74,66.3,0.8594,-314,1167,1120,147.3,4133
187.76,66.3,0.8593,-314,1168,1121,151.7,4136.1
187.78,66.3,0.8593,-315,1168,1121,156.2,4136.1
187.8,66.3,0.8595,-315,1169,1122,160.7,4129.9
187.82,66.3,0.8595,-316,1170,1123,165.1,4129.9
187.84,66.3,0.8597,-316,1171,1124,169,4123.6
187.86,66.3,0.8597,-317,1172,1124,171.4,4123.6
187.88,66.3,0.8598,-318,1173,1124,170.8,4119.3
187.9,66.3,0.8598,-319,1174,1124,167.6,4119.3
187.92,66.3,0.8598,-319,1175,1124,163.3,4121.1
187.94,66.3,0.8598,-320,1176,1124,158.6,4120.5
187.96,66.3,0.8598,-321,1176,1123,153.8,4119.3
187.98,66.3,0.8598,-322,1176,1123,149,4119.3
188,66.3,0.8598,-323,1177,1122,144.3,4119.3
188.02,66.3,0.8598,-323,1177,1121,139.7,4119.3
188.04,66.3,0.8597,-324,1177,1121,135.2,4124.3
188.06,66.3,0.8597,-324,1177,1120,130.8,4124.3
188.08,66.3,0.8594,-325,1177,1120,126.6,4133
188.1,66.3,0.8594,-325,1177,1119,122.5,4133.6
188.12,66.3,0.859,-325,1177,1119,118.7,4144.3
188.14,66.3,0.859,-325,1178,1118,115.2,4144.3
188.16,66.3,0.8594,-325,1178,1117,112,4131.8
188.18,66.3,0.8594,-324,1178,1117,109.2,4131.8
188.2,66.3,0.8593,-324,1179,1116,106.8,4134.9
188.22,66.3,0.8593,-323,1179,1116,104.9,4134.9
188.24,66.3,0.8598,-323,1180,1115,103.7,4121.1
188.26,66.3,0.8598,-322,1180,1115,103,4121.1
188.28,66.3,0.8599,-321,1181,1115,102.7,4116.8
188.3,66.3,0.8599,-321,1181,1114,102.9,4116.1
188.32,66.3,0.8599,-321,1181,1114,103.3,4118
188.34,66.3,0.8599,-321,1181,1114,104,4118
188.36,66.3,0.8599,-320,1181,1113,105,4116.1
188.38,66.3,0.8599,-320,1181,1113,106.2,4116.8
188.4,66.3,0.8599,-320,1180,1113,107.7,4116.8
188.42,66.3,0.8599,-320,1180,1113,109.3,4116.1
188.44,66.3,0.8602,-319,1180,1113,111,4107.4
188.46,66.3,0.8602,-319,1180,1113,112.9,4107.4
188.48,66.3,0.8601,-319,1180,1113,114.8,4110.5
188.5,66.3,0.8601,-319,1180,1113,116.7,4110.5
188.52,66.3,0.8601,-319,1180,1114,118.6,4110.5
188.54,66.3,0.8601,-319,1180,1114,120.5,4110.5
188.56,66.3,0.8602,-319,1180,1115,122.4,4107.4
188.58,66.3,0.8602,-318,1180,1116,124.3,4107.4
188.6,66.3,0.8604,-318,1181,1117,126.1,4101.8
188.62,66.3,0.8604,-318,1181,1118,128,4101.1
188.64,66.3,0.8607,-318,1182,1118,129.8,4092.4
188.66,66.3,0.8607,-318,1182,1119,131.6,4092.4
188.68,66.3,0.8609,-318,1183,1120,133.4,4084.9
188.7,66.3,0.8609,-318,1184,1121,135.2,4084.9
188.72,66.3,0.8612,-318,1184,1121,137,4077.4
188.74,66.3,0.8612,-318,1185,1122,138.9,4076.8
188.76,66.3,0.8612,-318,1186,1122,140.8,4076.8
188.78,66.3,0.8612,-318,1187,1123,142.7,4077.4
188.8,66.3,0.8612,-318,1187,1123,144.7,4077.4
188.82,66.3,0.8612,-318,1188,1123,146.5,4076.8
188.84,66.3,0.8615,-318,1188,1123,148.3,4068
188.86,66.3,0.8615,-318,1189,1123,150,4068.6
188.88,66.3,0.8619,-319,1190,1123,151.5,4054.9
188.9,66.3,0.8619,-319,1190,1123,152.9,4054.3
188.92,66.3,0.8619,-319,1191,1123,154,4055.5
188.94,66.3,0.8619,-319,1191,1122,155.1,4056.2
188.96,66.3,0.8619,-319,1191,1122,156,4056.2
188.98,66.3,0.8619,-320,1191,1122,156.9,4056.2
189,66.3,0.8619,-320,1192,1122,157.6,4054.3
189.02,66.3,0.8619,-321,1192,1121,158.4,4054.3
189.04,66.3,0.8618,-321,1192,1121,159.1,4059.3
189.06,66.3,0.8618,-322,1192,1121,159.8,4058.6
189.08,66.3,0.8619,-322,1192,1121,160.5,4054.3
189.1,66.3,0.8619,-323,1192,1121,161.1,4054.9
189.12,66.3,0.8621,-323,1192,1121,161.7,4049.9
189.14,66.3,0.8621,-324,1192,1120,162.3,4049.9
189.16,66.3,0.8622,-324,1192,1120,162.8,4044.9
189.18,66.3,0.8622,-325,1192,1120,163.3,4044.9
189.2,66.3,0.8624,-326,1192,1120,163.7,4040.5
189.22,66.3,0.8624,-326,1191,1120,164.1,4040.5
189.24,66.3,0.8626,-327,1191,1120,164.5,4033.1
189.26,66.3,0.8626,-327,1191,1120,164.8,4033.1
189.28,66.3,0.8625,-327,1191,1120,165.1,4036.2
189.3,66.3,0.8625,-328,1191,1120,165.6,4036.2
189.32,66.3,0.8628,-328,1190,1120,166,4027.4
189.34,66.3,0.8628,-328,1190,1120,166.6,4026.8
189.36,66.3,0.8627,-328,1190,1120,167.3,4028.7
189.38,66.3,0.8627,-329,1190,1120,168.1,4028.7
189.4,66.3,0.8629,-329,1190,1120,168.8,4022.5
189.42,66.3,0.8629,-329,1190,1120,169.6,4022.5
189.44,66.3,0.863,-329,1190,1120,170.4,4021.2
189.46,66.3,0.863,-329,1190,1120,171.3,4020.6
189.48,66.3,0.8631,-329,1190,1120,172.3,4016.2
189.5,66.3,0.8631,-329,1190,1120,173.3,4016.8
189.52,66.3,0.8629,-329,1190,1120,174.5,4023.1
189.54,66.3,0.8629,-329,1190,1120,175.6,4022.5
189.56,66.3,0.8632,-329,1190,1120,176.6,4015
189.58,66.3,0.8632,-329,1190,1121,177.5,4015
189.6,66.3,0.8633,-329,1190,1121,178.2,4011.9
189.62,66.3,0.8633,-329,1191,1121,178.4,4011.9
189.64,66.3,0.8634,-329,1191,1122,178.1,4007.5
189.66,66.3,0.8634,-329,1192,1122,177.7,4007.5
189.68,66.3,0.8634,-329,1192,1122,177.3,4007.5
189.7,66.3,0.8634,-329,1192,1122,176.8,4007.5
189.72,66.3,0.8633,-329,1193,1122,176.3,4010.6
189.74,66.3,0.8633,-329,1193,1122,175.9,4010
189.76,66.3,0.8635,-329,1194,1122,175.5,4004.4
189.78,66.3,0.8635,-328,1194,1122,175,4004.4
189.8,66.3,0.8637,-328,1195,1122,174.5,4000
189.82,66.3,0.8637,-328,1195,1122,173.9,3999.4
189.84,66.3,0.8636,-327,1196,1122,173.2,4001.3
189.86,66.3,0.8636,-327,1196,1122,172.4,4001.3
189.88,66.3,0.8639,-327,1197,1121,171.4,3993.8
189.9,66.3,0.8639,-326,1197,1121,170.3,3993.8
189.92,66.3,0.864,-326,1198,1121,169.1,3990.7
189.94,66.3,0.864,-326,1198,1121,167.7,3990.7
189.96,66.3,0.8638,-325,1198,1121,166.2,3995.7
189.98,66.3,0.8638,-325,1198,1120,164.9,3995
190,66.3,0.8637,-325,1198,1120,163.7,3998.1
190.02,66.3,0.8637,-324,1197,1120,162.7,3998.1
190.04,66.3,0.8636,-324,1197,1120,162,4001.3
190.06,66.3,0.8636,-323,1197,1120,161.5,4000.6
190.08,66.3,0.8636,-323,1196,1120,161.3,4002.5
190.1,66.3,0.8636,-322,1196,1120,161.3,4002.5
190.12,66.3,0.8639,-322,1196,1119,161.6,3993.2
190.14,66.3,0.8639,-321,1195,1119,162,3993.8
190.16,66.3,0.8639,-321,1195,1119,162.6,3992.5
190.18,66.3,0.8639,-321,1195,1120,163.2,3991.9
190.2,66.3,0.8642,-320,1194,1120,164,3983.2
190.22,66.3,0.8642,-320,1194,1120,164.8,3983.2
190.24,66.3,0.8644,-320,1193,1120,165.6,3975.7
190.26,66.3,0.8644,-319,1193,1120,166.4,3975.7
190.28,66.3,0.8642,-319,1193,1121,167.1,3983.2
190.3,66.3,0.8642,-319,1192,1121,167.9,3983.2
190.32,66.3,0.8642,-318,1192,1122,168.5,3984.4
190.34,66.3,0.8642,-318,1191,1123,168.8,3984.4
190.36,66.3,0.8645,-318,1191,1123,168.8,3975.1
190.38,66.3,0.8645,-318,1191,1124,168.4,3975.1
190.4,66.3,0.8646,-318,1191,1125,167.6,3972
190.42,66.3,0.8646,-318,1191,1126,166.2,3972
190.44,66.3,0.8646,-317,1192,1127,164.5,3972
190.46,66.3,0.8645,-317,1192,1127,162.5,3972.6
190.48,66.3,0.8645,-317,1192,1128,160.2,3973.9
190.5,66.3,0.8645,-318,1193,1128,157.7,3973.9
190.52,66.3,0.8646,-318,1193,1129,155.1,3972
190.54,66.3,0.8645,-318,1194,1129,152.5,3972.6
190.56,66.3,0.8646,-318,1194,1129,149.9,3970.7
190.58,66.3,0.8646,-318,1195,1129,147.4,3971.4
190.6,66.3,0.8647,-318,1195,1129,145,3968.2
190.62,66.3,0.8647,-318,1196,1128,142.8,3967.6
190.64,66.3,0.8648,-318,1196,1128,140.8,3964.5
190.66,66.3,0.8648,-318,1197,1128,138.9,3965.1
190.68,66.3,0.8649,-318,1197,1128,137.2,3960.2
190.7,66.3,0.8649,-318,1197,1128,135.8,3960.2
190.72,66.3,0.8651,-318,1197,1127,134.5,3953.9
190.74,66.3,0.8651,-318,1197,1127,133.4,3953.9
190.76,66.3,0.865,-318,1197,1127,132.5,3958.9
190.78,66.3,0.865,-317,1197,1127,131.8,3958.9
190.8,66.3,0.8654,-317,1197,1127,131.4,3946.5
190.82,66.3,0.8654,-317,1197,1127,131.2,3946.5
190.84,66.3,0.8654,-317,1197,1127,131.1,3945.2
190.86,66.3,0.8654,-317,1197,1127,131.2,3945.2
190.88,66.3,0.8655,-317,1197,1127,131.5,3942.1
190.9,66.3,0.8655,-317,1197,1127,131.8,3941.5
190.92,66.3,0.8658,-317,1197,1127,132.3,3934
190.94,66.3,0.8658,-317,1196,1127,132.7,3934.6
190.96,66.3,0.866,-317,1196,1127,133.2,3928.4
190.98,66.3,0.866,-318,1196,1128,133.7,3928.4
191,66.3,0.866,-318,1196,1128,134.2,3926.6
191.02,66.3,0.866,-318,1196,1128,134.6,3926.6
191.04,66.3,0.866,-319,1196,1128,134.9,3926.6
191.06,66.3,0.866,-319,1196,1129,135.2,3927.2
191.08,66.3,0.8661,-320,1195,1129,135.3,3922.8
191.1,66.3,0.8662,-320,1195,1129,135.4,3922.2
191.12,66.3,0.8661,-321,1195,1130,135.3,3925.3
191.14,66.3,0.8661,-321,1195,1130,135.2,3925.3
191.16,66.3,0.8661,-321,1195,1131,134.9,3925.3
191.18,66.3,0.8661,-322,1195,1131,134.5,3925.3
191.2,66.3,0.8662,-323,1195,1131,134,3922.2
191.22,66.3,0.8662,-323,1195,1132,133.5,3922.2
191.24,66.3,0.8661,-324,1195,1132,132.9,3924.1
191.26,66.3,0.8661,-324,1195,1133,132.1,3924.1
191.28,66.3,0.8663,-325,1195,1133,131.3,3916.6
191.3,66.3,0.8663,-325,1195,1133,130.3,3916.6
191.32,66.3,0.8663,-326,1195,1133,129.3,3916.6
191.34,66.3,0.8663,-327,1196,1133,128.3,3916.6
191.36,66.3,0.8665,-327,1196,1133,127.2,3912.3
191.38,66.3,0.8665,-328,1196,1133,126.1,3911.6
191.4,66.3,0.8665,-329,1196,1132,124.9,3912.9
191.42,66.3,0.8664,-329,1196,1132,123.7,3913.5
191.44,66.3,0.8666,-330,1196,1132,122.5,3907.3
191.46,66.3,0.8666,-330,1196,1132,121.2,3907.9
191.48,66.3,0.8663,-331,1197,1132,119.8,3916.6
191.5,66.3,0.8663,-331,1197,1131,118.5,3916.6
191.52,66.3,0.866,-331,1197,1131,117.2,3927.2
191.54,66.3,0.866,-331,1197,1131,116.1,3927.2
191.56,66.3,0.8663,-331,1197,1131,115,3918.5
191.58,66.3,0.8663,-331,1197,1131,114,3917.9
191.6,66.3,0.8664,-331,1197,1130,113.2,3913.5
191.62,66.3,0.8664,-331,1198,1130,112.5,3914.1
191.64,66.3,0.8664,-331,1198,1130,111.9,3915.4
191.66,66.3,0.8664,-330,1198,1130,111.6,3914.7
191.68,66.3,0.866,-330,1198,1130,111.6,3928.4
191.7,66.3,0.8659,-329,1197,1131,111.7,3929
191.72,66.3,0.8663,-329,1197,1131,112,3918.5
191.74,66.3,0.8663,-329,1197,1132,112.4,3917.9
191.76,66.3,0.8669,-329,1197,1132,112.9,3899.8
191.78,66.3,0.8669,-328,1197,1132,113.6,3899.8
191.8,66.3,0.867,-328,1197,1133,114.6,3895.5
191.82,66.3,0.867,-328,1197,1133,115.7,3895.5
191.84,66.3,0.8675,-328,1197,1133,116.9,3881.8
191.86,66.3,0.8675,-328,1197,1134,118.4,3881.8
191.88,66.3,0.8676,-328,1197,1134,119.9,3878.7
191.9,66.3,0.8676,-328,1197,1134,121.6,3878.7
191.92,66.3,0.8676,-328,1197,1134,123.3,3876.2
191.94,66.3,0.8676,-328,1197,1135,125,3876.2
191.96,66.3,0.868,-328,1197,1135,126.6,3865.7
191.98,66.3,0.868,-329,1198,1136,128.2,3865.7
192,66.3,0.8682,-329,1198,1137,129.8,3857.6
192.02,66.3,0.8682,-329,1198,1137,131.2,3857.6
192.04,66.3,0.8683,-329,1199,1138,132.5,3855.8
192.06,66.3,0.8683,-329,1199,1139,133.5,3856.4
192.08,66.3,0.8681,-329,1200,1140,134.3,3860.7
192.1,66.3,0.8681,-329,1200,1141,135,3861.3
192.12,66.3,0.8682,-329,1200,1142,135.6,3858.2
192.14,66.3,0.8682,-330,1200,1143,136,3857.6
192.16,66.3,0.8681,-330,1201,1144,136.2,3862.6
192.18,66.3,0.8681,-330,1201,1145,136.2,3862
192.2,66.3,0.8682,-330,1202,1145,136,3857.6
192.22,66.3,0.8682,-331,1202,1146,135.6,3858.2
192.24,66.3,0.8682,-331,1202,1147,135.1,3859.5
192.26,66.3,0.8682,-331,1203,1147,134.4,3859.5
192.28,66.3,0.8685,-331,1203,1148,133.5,3848.9
192.3,66.3,0.8685,-331,1204,1149,132.5,3848.9
192.32,66.3,0.8686,-331,1204,1149,131.4,3845.8
192.34,66.3,0.8686,-331,1205,1149,130.2,3845.8
192.36,66.3,0.8687,-331,1205,1150,129,3844.6
192.38,66.3,0.8687,-331,1206,1150,127.8,3844.6
192.4,66.3,0.8682,-330,1207,1150,126.7,3858.2
192.42,66.3,0.8682,-330,1208,1150,125.8,3858.2
192.44,66.3,0.8682,-329,1209,1150,125,3858.2
192.46,66.3,0.8682,-328,1210,1150,124.4,3857.6
192.48,66.3,0.8686,-328,1211,1150,123.8,3847.1
192.5,66.3,0.8686,-328,1211,1150,123.4,3847.7
192.52,66.3,0.8687,-327,1212,1150,123.1,3844.6
192.54,66.3,0.8687,-327,1212,1150,122.9,3844.6
192.56,66.3,0.8683,-327,1212,1150,122.8,3856.4
192.58,66.3,0.8683,-327,1212,1150,122.7,3856.4
192.6,66.3,0.8682,-327,1212,1150,122.6,3858.2
192.62,66.3,0.8682,-327,1212,1150,122.6,3858.2
192.64,66.3,0.8686,-327,1212,1150,122.6,3846.4
192.66,66.3,0.8686,-327,1212,1150,122.6,3845.8
192.68,66.3,0.8691,-328,1212,1150,122.5,3832.2
192.7,66.3,0.8691,-328,1211,1150,122.5,3832.2
192.72,66.3,0.8692,-328,1211,1150,122.4,3829.1
192.74,66.3,0.8691,-328,1211,1151,122.5,3829.7
192.76,66.3,0.8693,-327,1211,1151,122.7,3824.7
192.78,66.3,0.8693,-327,1211,1152,123.1,3825.4
192.8,66.3,0.8695,-327,1211,1152,123.7,3817.9
192.82,66.3,0.8695,-326,1211,1152,124.7,3817.9
192.84,66.3,0.8695,-326,1211,1152,125.8,3817.9
192.86,66.3,0.8695,-326,1211,1152,127.2,3817.3
192.88,66.3,0.8696,-326,1211,1152,128.8,3816.1
192.9,66.3,0.8696,-326,1211,1152,130.5,3816.1
192.92,66.3,0.8698,-327,1211,1152,132.1,3809.9
192.94,66.3,0.8698,-327,1211,1153,133.7,3809.9
192.96,66.3,0.8698,-328,1211,1153,135.2,3809.9
192.98,66.3,0.8698,-328,1211,1153,136.5,3809.9
193,66.3,0.8701,-329,1211,1153,137.7,3799.3
193.02,66.3,0.8701,-330,1211,1153,138.7,3799.3
193.04,66.3,0.87,-330,1211,1153,139.4,3803.7
193.06,66.3,0.87,-331,1211,1153,140,3803.7
193.08,66.3,0.8703,-332,1211,1153,140.3,3794.4
193.1,66.3,0.8703,-333,1211,1154,140.4,3795
193.12,66.3,0.8704,-333,1211,1154,140.3,3791.9
193.14,66.3,0.8704,-334,1211,1154,139.9,3791.9
193.16,66.3,0.8704,-335,1211,1154,139.3,3791.9
193.18,66.3,0.8704,-335,1211,1154,138.5,3791.9
193.2,66.3,0.8705,-336,1211,1154,137.5,3788.8
193.22,66.3,0.8705,-336,1211,1155,136.3,3788.8
193.24,66.3,0.8707,-337,1211,1155,135,3782.6
193.26,66.3,0.8706,-337,1211,1155,133.6,3783.2
193.28,66.3,0.8706,-337,1211,1156,132.4,3784.5
193.3,66.3,0.8706,-337,1212,1157,131.3,3784.5
193.32,66.3,0.8705,-337,1212,1157,130.6,3787.6
193.34,66.3,0.8705,-336,1213,1158,130.3,3787.6
193.36,66.3,0.8705,-336,1213,1159,130.5,3787.6
193.38,66.3,0.8705,-335,1214,1159,131.2,3787.6
193.4,66.3,0.8706,-335,1215,1160,132.5,3784.5
193.42,66.3,0.8706,-335,1216,1160,134.3,3784.5
193.44,66.3,0.8706,-334,1217,1161,136.5,3784.5
193.46,66.3,0.8706,-334,1218,1162,139.2,3784.5
193.48,66.3,0.8707,-334,1219,1162,142.4,3781.4
193.5,66.3,0.8707,-334,1219,1163,146,3781.4
193.52,66.3,0.8709,-334,1220,1164,149.7,3775.2
193.54,66.3,0.8709,-334,1220,1165,153.5,3775.8
193.56,66.3,0.8711,-334,1221,1165,156.8,3768.4
193.58,66.3,0.8711,-335,1221,1165,159.3,3768.4
193.6,66.3,0.8713,-336,1221,1165,160.4,3762.2
193.62,66.3,0.8713,-336,1221,1165,159.9,3762.8
193.64,66.3,0.8716,-336,1221,1164,157.9,3754.8
193.66,66.3,0.8716,-337,1221,1164,155,3754.8
193.68,66.3,0.8716,-336,1221,1163,151.8,3753.5
193.7,66.3,0.8716,-336,1221,1161,148.7,3753.5
193.72,66.3,0.8716,-335,1222,1160,146,3753.5
193.74,66.3,0.8716,-334,1222,1159,144,3753.5
193.76,66.3,0.8717,-333,1222,1157,142.9,3750.4
193.78,66.3,0.8717,-332,1223,1156,142.5,3750.4
193.8,66.3,0.8717,-331,1223,1154,142.9,3750.4
193.82,66.3,0.8717,-330,1223,1153,143.8,3750.4
193.84,66.3,0.8718,-330,1223,1152,145,3747.3
193.86,66.3,0.8718,-329,1223,1151,146.5,3747.3
193.88,66.3,0.8719,-329,1223,1150,147.8,3744.3
193.9,66.3,0.8719,-329,1222,1149,148.9,3744.3
193.92,66.3,0.8718,-330,1222,1149,149.4,3747.3
193.94,66.3,0.8718,-330,1222,1148,149.2,3747.3
193.96,66.3,0.8716,-330,1222,1148,148.3,3753.5
193.98,66.3,0.8716,-330,1222,1148,146.6,3753.5
194,66.3,0.8715,-330,1222,1149,144.5,3756.6
194.02,66.3,0.8715,-330,1222,1149,142.2,3756.6
194.04,66.3,0.8714,-329,1222,1150,140.1,3759.7
194.06,66.3,0.8714,-329,1222,1150,138.1,3759.1
194.08,66.3,0.8711,-328,1222,1151,136.6,3768.4
194.1,66.3,0.8711,-327,1222,1152,135.8,3768.4
194.12,66.3,0.8713,-326,1222,1153,135.3,3762.8
194.14,66.3,0.8713,-326,1223,1153,135.4,3762.8
194.16,66.3,0.8716,-325,1224,1153,136,3754.8
194.18,66.3,0.8716,-325,1224,1154,137,3754.8
194.2,66.3,0.8718,-324,1225,1154,138.5,3747.3
194.22,66.3,0.8718,-324,1225,1155,140.3,3747.3
194.24,66.3,0.872,-323,1226,1155,142.6,3741.2
194.26,66.3,0.872,-323,1226,1155,145.1,3741.2
194.28,66.3,0.8723,-323,1226,1156,148,3731.9
194.3,66.3,0.8723,-323,1226,1156,151,3732.5
194.32,66.3,0.8725,-324,1227,1157,154.2,3726.3
194.34,66.3,0.8725,-324,1227,1157,157.3,3726.3
194.36,66.3,0.8727,-324,1227,1157,160.4,3720.1
194.38,66.3,0.8727,-325,1227,1157,163.4,3720.1
194.4,66.3,0.8728,-325,1227,1157,166,3717.1
194.42,66.3,0.8728,-326,1227,1157,168.1,3717.1
194.44,66.3,0.8728,-326,1228,1157,169.5,3717.1
194.46,66.3,0.8728,-327,1228,1157,169.9,3717.1
194.48,66.3,0.873,-327,1228,1157,169.3,3709.6
194.5,66.3,0.873,-328,1228,1157,167.9,3709.6
194.52,66.3,0.8732,-328,1228,1156,166,3704.7
194.54,66.3,0.8732,-328,1228,1156,164,3705.3
194.56,66.3,0.8734,-328,1228,1156,162,3699.1
194.58,66.3,0.8734,-329,1228,1156,159.9,3698.5
194.6,66.3,0.8735,-329,1228,1156,157.7,3694.2
194.62,66.3,0.8735,-330,1228,1156,155.6,3694.2
194.64,66.3,0.8735,-330,1228,1156,153.4,3694.2
194.66,66.3,0.8735,-331,1228,1156,151.1,3694.8
194.68,66.3,0.8737,-332,1228,1156,148.9,3689.9
194.7,66.3,0.8737,-333,1228,1156,146.6,3689.9
194.72,66.3,0.8737,-333,1228,1156,144.3,3689.9
194.74,66.3,0.8737,-334,1228,1155,142,3689.9
194.76,66.3,0.8739,-335,1229,1155,139.7,3683.7
194.78,66.3,0.8738,-335,1229,1155,137.4,3684.3
194.8,66.3,0.8738,-336,1229,1155,135.1,3684.3
194.82,66.3,0.8739,-336,1229,1155,132.8,3683.7
194.84,66.3,0.874,-337,1229,1155,130.5,3679.4
194.86,66.3,0.874,-337,1229,1155,128.2,3679.4
194.88,66.3,0.874,-338,1229,1155,126,3679.4
194.9,66.3,0.874,-338,1229,1154,123.7,3679.4
194.92,66.3,0.8742,-339,1229,1154,121.5,3674.4
194.94,66.3,0.8741,-339,1229,1154,119.4,3675.1
194.96,66.3,0.8742,-339,1229,1154,117.6,3673.2
194.98,66.3,0.8742,-338,1229,1154,116.2,3673.2
195,66.3,0.8741,-338,1229,1153,115.2,3676.3
195.02,66.3,0.8741,-337,1229,1153,114.9,3676.3
195.04,66.3,0.8741,-336,1228,1153,115.8,3676.3
195.06,66.3,0.8741,-336,1228,1152,116.7,3676.3
195.08,66.3,0.8743,-335,1227,1152,118.6,3668.9
195.1,66.3,0.8744,-335,1227,1152,121,3668.3
195.12,66.3,0.8747,-334,1226,1151,124,3656.6
195.14,66.3,0.8747,-334,1226,1151,127.7,3656.6
195.16,66.3,0.8745,-333,1226,1150,131.8,3664
195.18,66.3,0.8745,-333,1226,1150,136.4,3664
195.2,66.3,0.8747,-333,1226,1150,141.2,3656.6
195.22,66.3,0.8747,-334,1225,1150,146.2,3656.6
195.24,66.3,0.8747,-334,1225,1150,151.3,3656.6
195.26,66.3,0.8747,-334,1225,1150,156.3,3656.6
195.28,66.3,0.8747,-334,1225,1150,160.9,3656.6
195.3,66.3,0.8747,-334,1225,1151,164.7,3656.6
195.32,66.3,0.8747,-334,1225,1152,167.4,3658.4
195.34,66.3,0.8747,-334,1226,1153,168.3,3658.4
195.36,66.3,0.8748,-334,1226,1155,168.1,3654.1
195.38,66.3,0.8748,-334,1226,1156,167.2,3653.5
195.4,66.3,0.8746,-333,1227,1158,166.3,3659.6
195.42,66.3,0.8746,-333,1227,1159,165.7,3659.6
195.44,66.3,0.8744,-332,1227,1161,165.5,3667
195.46,66.3,0.8744,-332,1228,1162,165.6,3667
195.48,66.3,0.8752,-331,1228,1164,165.7,3643
195.5,66.3,0.8752,-331,1228,1166,165.5,3643
195.52,66.3,0.8749,-330,1228,1167,164.5,3652.2
195.54,66.3,0.8749,-330,1228,1168,162.4,3652.2
195.56,66.3,0.8749,-331,1229,1169,159.3,3652.2
195.58,66.3,0.8749,-331,1229,1170,155.5,3652.2
195.6,66.3,0.8754,-331,1229,1170,151.4,3636.2
195.62,66.3,0.8754,-331,1229,1170,147.1,3635.6
195.64,66.3,0.8752,-331,1229,1170,142.7,3641.1
195.66,66.3,0.8752,-331,1229,1170,138.5,3641.8
195.68,66.3,0.8751,-331,1229,1171,134.5,3644.8
195.7,66.3,0.8751,-331,1229,1171,130.7,3644.8
195.72,66.3,0.8753,-331,1229,1171,127.1,3639.9
195.74,66.3,0.8753,-330,1229,1170,124,3640.5
195.76,66.3,0.8751,-329,1229,1171,121.4,3646.7
195.78,66.3,0.8751,-328,1229,1171,119.4,3646.1
195.8,66.3,0.8755,-327,1229,1171,118.1,3633.7
195.82,66.3,0.8755,-326,1229,1171,117.3,3634.4
195.84,66.3,0.8755,-326,1229,1171,117.2,3633.1
195.86,66.3,0.8755,-325,1229,1171,117.4,3632.5
195.88,66.3,0.8757,-325,1229,1171,118,3627
195.9,66.3,0.8757,-325,1229,1172,118.9,3627
195.92,66.3,0.8759,-324,1229,1172,120.2,3620.8
195.94,66.3,0.8759,-324,1230,1172,121.8,3620.8
195.96,66.3,0.876,-324,1230,1172,123.7,3616.5
195.98,66.3,0.876,-324,1230,1172,125.8,3616.5
196,66.3,0.876,-324,1230,1172,128,3616.5
196.02,66.3,0.876,-324,1231,1172,130.3,3616.5
196.04,66.3,0.8763,-324,1231,1172,132.7,3607.2
196.06,66.3,0.8763,-324,1231,1173,135,3607.2
196.08,66.3,0.8763,-325,1231,1173,137.3,3607.2
196.1,66.3,0.8763,-325,1232,1173,139.4,3607.2
196.12,66.3,0.8764,-325,1232,1174,141.4,3604.2
196.14,66.3,0.8764,-326,1232,1174,143.2,3604.2
196.16,66.3,0.8765,-326,1232,1174,144.8,3601.7
196.18,66.3,0.8765,-327,1232,1175,146.2,3601.7
196.2,66.3,0.8768,-327,1233,1175,147.3,3593.7
196.22,66.3,0.8768,-328,1233,1175,148.1,3593.7
196.24,66.3,0.8768,-328,1233,1175,148.6,3592.5
196.26,66.3,0.8768,-329,1233,1176,148.8,3592.5
196.28,66.3,0.8769,-330,1233,1176,148.8,3591.2
196.3,66.3,0.8769,-330,1234,1177,148.5,3591.2
196.32,66.3,0.8771,-331,1234,1177,147.8,3583.9
196.34,66.3,0.8771,-331,1234,1178,146.7,3583.9
196.36,66.3,0.8772,-332,1235,1179,145.1,3580.8
196.38,66.3,0.8772,-332,1235,1179,143.1,3580.8
196.4,66.3,0.8772,-333,1235,1180,140.7,3582
196.42,66.3,0.8772,-333,1236,1180,138.2,3582
196.44,66.3,0.8771,-334,1236,1180,135.5,3585.1
196.46,66.3,0.8771,-335,1236,1180,132.6,3585.1
196.48,66.3,0.8771,-335,1236,1180,129.7,3585.1
196.5,66.3,0.8771,-336,1236,1181,126.7,3585.1
196.52,66.3,0.8771,-336,1236,1181,123.7,3585.1
196.54,66.3,0.8771,-336,1236,1181,120.7,3585.1
196.56,66.3,0.8771,-337,1236,1181,117.7,3585.1
196.58,66.3,0.8771,-338,1236,1181,114.6,3585.1
196.6,66.3,0.877,-338,1236,1181,111.5,3588.2
196.62,66.3,0.877,-339,1236,1181,108.3,3588.2
196.64,66.3,0.8769,-339,1236,1181,105.2,3591.2
196.66,66.3,0.8769,-339,1236,1180,102,3591.2
196.68,66.3,0.8768,-340,1235,1180,98.7,3594.3
196.7,66.3,0.8768,-340,1235,1180,95.5,3594.3
196.72,66.3,0.8769,-341,1235,1180,92.2,3588.8
196.74,66.3,0.877,-341,1235,1180,89,3587.5
196.76,66.3,0.8771,-340,1235,1180,86.2,3583.2
196.78,66.3,0.8771,-340,1235,1180,83.6,3583.2
196.8,66.3,0.8771,-339,1235,1180,81.7,3583.2
196.82,66.3,0.8771,-339,1236,1180,80.2,3583.9
196.84,66.3,0.8773,-338,1236,1180,79.2,3576.5
196.86,66.3,0.8773,-337,1236,1180,79.4,3576.5
196.88,66.3,0.8777,-337,1236,1181,79.6,3564.8
196.9,66.3,0.8777,-336,1237,1181,80.6,3564.8
196.92,66.3,0.8778,-335,1237,1181,82.1,3562.9
196.94,66.3,0.8778,-335,1237,1181,84.3,3562.9
196.96,66.3,0.8782,-335,1237,1181,86.9,3551.2
196.98,66.3,0.8782,-335,1237,1180,89.7,3551.2
197,66.3,0.8782,-335,1237,1181,92.7,3551.2
197.02,66.3,0.8782,-335,1237,1181,95.8,3551.2
197.04,66.3,0.8781,-336,1237,1181,99,3553.1
197.06,66.3,0.8781,-336,1237,1181,102.3,3552.5
197.08,66.3,0.8781,-336,1237,1181,105.7,3552.5
197.1,66.3,0.8781,-336,1237,1181,109.3,3552.5
197.12,66.3,0.8783,-336,1236,1181,113.2,3546.9
197.14,66.3,0.8783,-335,1236,1181,117.3,3546.9
197.16,66.3,0.8783,-335,1236,1181,121.8,3545.7
197.18,66.3,0.8783,-335,1237,1182,126.2,3545.7
197.2,66.3,0.8784,-335,1237,1182,130.8,3542.6
197.22,66.3,0.8784,-335,1238,1182,135.1,3542.6
197.24,66.3,0.8786,-336,1239,1183,139.1,3537.7
197.26,66.3,0.8786,-336,1240,1183,142.7,3537.7
197.28,66.3,0.8789,-337,1241,1184,145.9,3529.1
197.3,66.2,0.8789,-337,1243,1184,148.4,3529.7
197.32,66.2,0.879,-337,1244,1184,150.6,3525.4
197.34,66.3,0.879,-337,1245,1185,152.3,3524.8
197.36,66.3,0.8791,-338,1246,1185,153.6,3521.7
197.38,66.2,0.8791,-338,1247,1186,154.3,3522.4
197.4,66.2,0.8792,-338,1248,1186,154.7,3519.3
197.42,66.2,0.8792,-339,1249,1186,154.5,3519.3
197.44,66.2,0.8793,-339,1250,1186,153.8,3517.4
197.46,66.2,0.8792,-339,1251,1187,152.6,3518.1
197.48,66.2,0.8793,-340,1251,1187,150.9,3515
197.5,66.2,0.8794,-340,1252,1187,148.8,3514.4
197.52,66.2,0.8793,-340,1253,1187,146.3,3517.4
197.54,66.2,0.8793,-341,1254,1187,143.4,3517.4
197.56,66.2,0.8793,-341,1255,1187,140.3,3516.2
197.58,66.2,0.8793,-341,1255,1187,137,3516.2
197.6,66.2,0.8793,-341,1256,1187,133.6,3515
197.62,66.3,0.8794,-341,1256,1187,130.3,3514.4
197.64,66.3,0.8796,-341,1256,1187,127,3508.2
197.66,66.2,0.8795,-341,1257,1187,124,3508.9
197.68,66.2,0.8796,-341,1257,1186,121.3,3505.8
197.7,66.2,0.8796,-340,1257,1186,119.2,3505.8
197.72,66.2,0.8797,-340,1257,1186,117.4,3502.7
197.74,66.2,0.8797,-339,1257,1186,116.1,3502.7
197.76,66.2,0.8799,-338,1257,1185,115.5,3496.6
197.78,66.2,0.8799,-337,1256,1185,115.3,3496.6
197.8,66.2,0.88,-337,1256,1185,115.7,3495.3
197.82,66.2,0.88,-336,1256,1185,116.6,3496
197.84,66.2,0.8801,-336,1256,1185,117.8,3492.9
197.86,66.2,0.8801,-336,1256,1185,119.5,3492.3
197.88,66.2,0.8801,-336,1255,1185,121.3,3491
197.9,66.2,0.8801,-336,1255,1185,123.4,3491
197.92,66.2,0.8802,-336,1255,1185,125.6,3488
197.94,66.2,0.8802,-336,1255,1186,128.1,3488
197.96,66.2,0.8803,-335,1255,1186,131,3484.9
197.98,66.2,0.8803,-335,1254,1187,134.3,3484.9
198,66.2,0.8804,-334,1254,1187,138,3483.7
198.02,66.2,0.8804,-334,1254,1187,142,3483.7
198.04,66.2,0.8804,-335,1253,1188,146.2,3483.7
198.06,66.2,0.8804,-335,1253,1188,150.4,3483.7
198.08,66.2,0.8805,-336,1253,1188,154.5,3480.6
198.1,66.2,0.8805,-336,1254,1188,158.3,3480.6
198.12,66.2,0.8805,-337,1254,1189,161.4,3480.6
198.14,66.2,0.8805,-338,1254,1189,163.7,3480.6
198.16,66.2,0.8804,-339,1255,1189,165,3481.8
198.18,66.2,0.8804,-339,1256,1189,165,3481.8
198.2,66.2,0.8804,-340,1256,1189,164.1,3481.8
198.22,66.2,0.8804,-340,1257,1190,162.6,3482.5
198.24,66.2,0.8804,-340,1257,1190,160.9,3482.5
198.26,66.2,0.8804,-341,1258,1190,159.2,3482.5
198.28,66.2,0.8806,-341,1259,1190,157.8,3477.5
198.3,66.2,0.8805,-341,1260,1191,156.5,3478.2
198.32,66.2,0.8804,-341,1261,1191,155.7,3482.5
198.34,66.2,0.8804,-341,1261,1191,155,3482.5
198.36,66.2,0.8804,-342,1262,1191,154.4,3481.2
198.38,66.2,0.8805,-342,1262,1191,153.8,3480.6
198.4,66.2,0.8806,-343,1262,1191,153,3477.5
198.42,66.2,0.8805,-343,1262,1191,152.1,3478.2
198.44,66.2,0.8805,-344,1263,1191,151.1,3479.4
198.46,66.2,0.8805,-344,1263,1191,150,3479.4
198.48,66.2,0.8807,-345,1263,1191,148.9,3472
198.5,66.2,0.8807,-345,1263,1191,147.8,3472.6
198.52,66.2,0.881,-346,1264,1191,146.8,3464.7
198.54,66.2,0.881,-345,1265,1191,146.3,3464.7
198.56,66.2,0.881,-345,1266,1191,146.1,3463.4
198.58,66.2,0.881,-345,1267,1191,146.4,3463.4
198.6,66.2,0.8813,-345,1268,1191,146.9,3455.5
198.62,66.2,0.8813,-345,1269,1191,147.9,3455.5
198.64,66.2,0.8813,-345,1270,1191,149.1,3454.2
198.66,66.2,0.8813,-345,1271,1190,150.8,3454.9
198.68,66.2,0.8815,-345,1272,1190,152.8,3448.7
198.7,66.2,0.8815,-345,1273,1189,154.9,3448.1
198.72,66.2,0.8818,-345,1273,1188,157.2,3440.8
198.74,66.2,0.8817,-346,1274,1188,159.1,3441.4
198.76,66.2,0.8819,-346,1274,1187,160.2,3435.2
198.78,66.2,0.8819,-346,1275,1187,160.1,3435.2
198.8,66.2,0.8821,-347,1274,1186,158.9,3429.7
198.82,66.2,0.8821,-346,1274,1186,156.7,3429.1
198.84,66.2,0.8823,-346,1273,1185,153.9,3424.2
198.86,66.2,0.8823,-346,1272,1185,151,3424.8
198.88,66.2,0.882,-345,1271,1184,148.3,3432.2
198.9,66.2,0.882,-344,1270,1184,145.9,3432.2
198.92,66.2,0.882,-343,1269,1185,144.4,3432.2
198.94,66.2,0.882,-341,1267,1186,143.6,3432.2
198.96,66.2,0.8819,-340,1266,1187,143.9,3437.1
198.98,66.2,0.8819,-339,1265,1188,145,3437.1
199,66.2,0.8819,-338,1264,1189,146.9,3437.1
199.02,66.2,0.8819,-338,1263,1190,149.6,3437.1
199.04,66.2,0.8819,-337,1262,1191,152.7,3437.1
199.06,66.2,0.8819,-337,1262,1192,156.3,3437.1
199.08,66.2,0.882,-337,1261,1193,160,3434
199.1,66.2,0.882,-337,1261,1194,163.3,3434
199.12,66.2,0.8823,-337,1261,1195,165.4,3425.4
199.14,66.2,0.8823,-338,1261,1197,165.3,3424.8
199.16,66.2,0.8821,-338,1262,1198,162.8,3431
199.18,66.2,0.8821,-338,1262,1198,159,3431
199.2,66.2,0.8822,-338,1263,1199,154.4,3427.9
199.22,66.2,0.8822,-338,1265,1200,149.7,3427.9
199.24,66.2,0.8824,-338,1266,1200,145.2,3420.5
199.26,66.2,0.8824,-338,1267,1200,140.9,3420.5
199.28,66.2,0.8823,-337,1268,1201,136.9,3423
199.3,66.2,0.8823,-336,1270,1201,133.4,3423.6
199.32,66.2,0.8822,-335,1271,1200,130.4,3426.7
199.34,66.2,0.8822,-335,1272,1200,127.8,3426.7
199.36,66.2,0.8824,-334,1272,1200,125.5,3420.5
199.38,66.2,0.8824,-334,1273,1200,123.5,3421.2
199.4,66.2,0.8827,-334,1274,1200,121.8,3410.7
199.42,66.2,0.8828,-333,1274,1199,120.4,3409.5
199.44,66.2,0.8827,-333,1275,1198,119.4,3412.6
199.46,66.2,0.8827,-333,1275,1198,118.6,3413.2
199.48,66.2,0.8831,-332,1275,1197,118,3399.7
199.5,66.2,0.8831,-332,1275,1197,117.9,3399.7
199.52,66.2,0.8834,-332,1274,1196,117.9,3389.3
199.54,66.2,0.8834,-332,1274,1196,118.3,3389.9
199.56,66.2,0.8834,-331,1274,1195,119.1,3389.9
199.58,66.2,0.8834,-331,1273,1195,120.1,3389.3
199.6,66.2,0.8832,-331,1273,1195,121.3,3395.4
199.62,66.2,0.8832,-331,1272,1195,122.5,3395.4
199.64,66.2,0.8835,-332,1272,1195,123.8,3388.1
199.66,66.2,0.8835,-332,1271,1195,125.2,3388.1
199.68,66.2,0.8837,-332,1271,1195,126.5,3382
199.7,66.2,0.8837,-333,1271,1195,127.7,3382
199.72,66.2,0.8838,-334,1271,1195,128.7,3377.1
199.74,66.2,0.8838,-335,1270,1195,129.6,3377.7
199.76,66.2,0.8837,-335,1270,1195,130.3,3382
199.78,66.2,0.8837,-336,1270,1195,130.8,3382
199.8,66.2,0.8839,-337,1270,1195,131.1,3375.9
199.82,66.2,0.8839,-337,1269,1195,131.2,3375.9
199.84,66.2,0.884,-338,1269,1195,131.2,3373.4
199.86,66.2,0.884,-339,1269,1195,130.9,3372.8
199.88,66.2,0.8837,-339,1269,1195,130.5,3380.1
199.9,66.2,0.8837,-340,1268,1195,130,3380.1
199.92,66.2,0.8839,-340,1268,1195,129.2,3375.9
199.94,66.2,0.8839,-341,1268,1195,128.4,3375.9
199.96,66.2,0.8839,-341,1268,1196,127.5,3374.6
199.98,66.2,0.8839,-341,1268,1197,126.6,3374.6
200,66.2,0.8836,-342,1268,1197,125.8,3383.2
200.02,66.2,0.8836,-342,1268,1198,125,3383.8
200.04,66.2,0.8834,-342,1268,1199,124.7,3389.3
200.06,66.2,0.8835,-341,1268,1200,125.4,3388.7
200.08,66.2,0.8841,-340,1268,1201,126.3,3369.8
200.1,66.2,0.8841,-340,1267,1203,127.9,3369.8
200.12,66.2,0.8842,-340,1267,1204,130.2,3365.5
200.14,66.2,0.8842,-340,1267,1205,133,3365.5
200.16,66.2,0.8847,-340,1267,1206,136.2,3352
200.18,66.2,0.8847,-340,1266,1206,139.8,3352
200.2,66.2,0.8848,-340,1266,1207,143.6,3347.1
200.22,66.2,0.8848,-340,1266,1208,147.4,3347.7
200.24,66.2,0.8848,-341,1266,1208,151,3347.7
200.26,66.2,0.8848,-342,1266,1209,154,3347.1
200.28,66.2,0.885,-343,1266,1209,156.1,3342.9
200.3,66.2,0.8849,-344,1266,1209,156.8,3343.5
200.32,66.2,0.8851,-345,1266,1209,156.2,3337.4
200.34,66.2,0.8851,-346,1266,1209,154.4,3337.4
200.36,66.2,0.8851,-346,1266,1209,151.5,3337.4
200.38,66.2,0.8852,-347,1267,1209,147.9,3336.7
200.4,66.2,0.885,-347,1268,1209,144,3342.9
200.42,66.2,0.8849,-347,1269,1209,140.4,3343.5
200.44,66.2,0.8847,-347,1271,1209,136.8,3352
200.46,66.2,0.8847,-346,1272,1209,133.8,3351.4
200.48,66.2,0.8846,-345,1274,1209,131.5,3354.5
200.5,66.2,0.8846,-344,1275,1208,130,3355.1
200.52,66.2,0.8846,-343,1276,1208,129.2,3355.1
200.54,66.2,0.8846,-342,1277,1208,129,3355.1
200.56,66.2,0.8852,-341,1278,1209,129.3,3336.7
200.58,66.2,0.8851,-340,1279,1209,130,3337.4
200.6,66.2,0.8851,-340,1280,1209,131,3338.6
200.62,66.2,0.8851,-339,1281,1209,132,3338.6
200.64,66.2,0.8855,-339,1282,1209,133.1,3327
200.66,66.2,0.8855,-339,1282,1209,134.1,3327
200.68,66.2,0.8855,-339,1282,1209,135,3325.1
200.7,66.2,0.8855,-339,1282,1209,135.6,3325.1
200.72,66.2,0.8857,-339,1282,1209,135.9,3320.9
200.74,66.2,0.8857,-340,1282,1210,136,3321.5
200.76,66.2,0.8857,-340,1282,1210,135.8,3319.6
200.78,66.2,0.8857,-340,1282,1211,135.3,3319.6
200.8,66.2,0.8859,-340,1282,1212,134.7,3313.5
200.82,66.2,0.8859,-340,1282,1213,134.1,3313.5
200.84,66.2,0.886,-340,1281,1214,133.5,3312.3
200.86,66.2,0.886,-339,1281,1215,133.1,3312.3
200.88,66.2,0.886,-339,1281,1216,132.8,3310.5
200.9,66.2,0.886,-339,1281,1217,132.6,3311.1
200.92,66.2,0.8862,-339,1281,1218,132.6,3306.2
200.94,66.2,0.8862,-339,1281,1219,132.7,3306.2
200.96,66.2,0.8863,-339,1281,1220,132.8,3303.2
200.98,66.2,0.8863,-340,1281,1220,132.8,3303.2
201,66.2,0.8862,-340,1281,1221,132.7,3306.2
201.02,66.2,0.8861,-340,1281,1221,132.6,3306.8
201.04,66.2,0.8864,-340,1281,1222,132.2,3299.5
201.06,66.2,0.8864,-340,1282,1222,131.7,3298.9
201.08,66.2,0.8862,-341,1282,1222,131.1,3306.2
201.1,66.2,0.8862,-341,1282,1223,130.5,3306.2
201.12,66.2,0.8862,-341,1283,1223,129.7,3306.2
201.14,66.2,0.8862,-341,1283,1222,129,3306.2
201.16,66.2,0.8863,-341,1284,1222,128.3,3303.2
201.18,66.2,0.8863,-341,1284,1222,127.8,3303.2
201.2,66.2,0.8862,-341,1285,1222,127.3,3304.4
201.22,66.2,0.8862,-341,1285,1222,126.9,3305
201.24,66.2,0.8863,-341,1286,1222,126.6,3300.7
201.26,66.2,0.8863,-341,1286,1222,126.5,3300.7
201.28,66.2,0.8863,-341,1287,1222,126.4,3301.9
201.3,66.2,0.8863,-342,1287,1221,126.5,3301.9
201.32,66.2,0.8863,-342,1288,1221,126.7,3300.7
201.34,66.2,0.8863,-342,1288,1221,127,3300.7
201.36,66.2,0.8864,-343,1288,1221,127.3,3297.7
201.38,66.2,0.8864,-343,1288,1221,127.7,3297.7
201.4,66.2,0.8866,-343,1288,1221,128.1,3292.8
201.42,66.2,0.8866,-344,1288,1220,128.5,3292.8
201.44,66.2,0.8866,-344,1289,1220,128.9,3291.6
201.46,66.2,0.8866,-345,1289,1220,129.3,3291.6
201.48,66.2,0.8866,-345,1289,1220,129.8,3291.6
201.5,66.2,0.8866,-345,1289,1220,130.4,3291.6
201.52,66.2,0.8868,-346,1290,1219,131.2,3285.5
201.54,66.2,0.8868,-346,1290,1219,132.1,3285.5
201.56,66.2,0.8871,-346,1290,1219,133.3,3276.9
201.58,66.2,0.8871,-346,1291,1218,134.7,3276.3
201.6,66.2,0.8872,-346,1291,1218,136.3,3274.5
201.62,66.2,0.8872,-346,1291,1217,138.1,3275.1
201.64,66.2,0.8875,-346,1291,1217,140.2,3266
201.66,66.2,0.8875,-347,1292,1216,142.4,3266
201.68,66.2,0.8876,-347,1292,1216,144.6,3261.7
201.7,66.2,0.8876,-347,1292,1215,146.7,3261.7
201.72,66.2,0.8877,-348,1292,1215,148.7,3258.6
201.74,66.2,0.8877,-348,1292,1215,150.4,3258.6
201.76,66.2,0.8879,-349,1292,1214,151.6,3252.5
201.78,66.2,0.8879,-349,1292,1214,152.3,3252.5
201.8,66.2,0.8879,-350,1292,1214,152.4,3252.5
201.82,66.2,0.8879,-350,1292,1214,151.7,3252.5
201.84,66.2,0.8879,-351,1292,1214,150.5,3253.8
201.86,66.2,0.8879,-351,1292,1214,148.7,3254.4
201.88,66.2,0.888,-351,1292,1215,146.6,3249.5
201.9,66.2,0.888,-351,1292,1216,144.4,3249.5
201.92,66.2,0.888,-351,1292,1216,142.3,3251.3
201.94,66.2,0.888,-351,1292,1217,140.4,3251.3
201.96,66.2,0.8878,-351,1292,1218,138.8,3255.6
201.98,66.2,0.8878,-350,1293,1219,137.6,3255.6
202,66.2,0.8876,-350,1293,1220,137,3262.9
202.02,66.2,0.8876,-349,1293,1221,136.9,3262.9
202.04,66.2,0.8879,-349,1294,1221,137.3,3253.8
202.06,66.2,0.8879,-348,1294,1222,138.2,3253.8
202.08,66.2,0.8881,-348,1294,1223,139.6,3247.7
202.1,66.2,0.8881,-348,1295,1224,141.5,3248.3
202.12,66.2,0.8882,-348,1295,1225,143.8,3243.4
202.14,66.2,0.8882,-348,1295,1225,146.4,3243.4
202.16,66.2,0.8883,-348,1296,1226,149.3,3240.4
202.18,66.2,0.8883,-348,1296,1227,152.4,3240.4
202.2,66.2,0.8886,-348,1297,1227,155.5,3233.1
202.22,66.2,0.8885,-349,1297,1228,158.3,3233.7
202.24,66.2,0.8888,-349,1297,1228,160.4,3224.5
202.26,66.2,0.8888,-349,1298,1229,161.4,3224.5
202.28,66.2,0.8892,-350,1298,1229,161,3214.2
202.3,66.2,0.8892,-350,1298,1229,159.2,3214.2
202.32,66.2,0.8892,-350,1299,1229,156.2,3214.2
202.34,66.2,0.8892,-351,1299,1229,152.6,3214.2
202.36,66.2,0.8894,-351,1299,1229,148.4,3208.1
202.38,66.2,0.8894,-351,1300,1229,144.3,3208.7
202.4,66.2,0.8893,-351,1300,1228,140.5,3211.7
202.42,66.2,0.8893,-350,1301,1228,137,3211.1
202.44,66.2,0.8894,-350,1301,1227,134.1,3208.1
202.46,66.2,0.8894,-349,1302,1226,131.7,3208.1
202.48,66.2,0.8893,-348,1302,1226,129.9,3209.9
202.5,66.2,0.8893,-348,1303,1225,128.7,3209.9
202.52,66.2,0.8897,-348,1303,1225,128,3197.8
202.54,66.2,0.8897,-347,1303,1225,127.7,3197.8
202.56,66.2,0.8896,-347,1304,1224,127.9,3202.6
202.58,66.2,0.8896,-347,1304,1224,128.4,3202.6
202.6,66.2,0.8896,-346,1304,1223,129.3,3201.4
202.62,66.2,0.8896,-346,1304,1223,130.5,3200.8
202.64,66.2,0.8895,-346,1304,1223,132,3205.1
202.66,66.2,0.8895,-346,1304,1222,133.6,3205.1
202.68,66.2,0.8895,-346,1304,1222,135.4,3205.1
202.7,66.2,0.8895,-346,1304,1222,137.2,3205.7
202.72,66.2,0.8896,-346,1304,1222,138.9,3200.8
202.74,66.2,0.8896,-346,1304,1222,140.5,3200.8
202.76,66.2,0.8898,-346,1304,1223,142,3194.7
202.78,66.2,0.8898,-346,1304,1223,143.2,3195.3
202.8,66.2,0.8895,-346,1304,1223,144.2,3203.8
202.82,66.2,0.8895,-345,1304,1224,144.9,3203.8
202.84,66.2,0.8895,-345,1304,1225,145.4,3203.8
202.86,66.2,0.8895,-345,1305,1225,145.7,3203.8
202.88,66.2,0.8895,-344,1305,1226,146.1,3203.8
202.9,66.2,0.8895,-344,1305,1227,146.7,3203.8
202.92,66.2,0.8899,-343,1305,1228,147.4,3193.5
202.94,66.2,0.8898,-343,1306,1229,148.5,3194.1
202.96,66.2,0.8898,-343,1306,1229,149.9,3195.3
202.98,66.2,0.8898,-342,1306,1230,151.6,3195.3
203,66.2,0.8897,-342,1306,1231,153.6,3199.6
203.02,66.2,0.8897,-342,1306,1231,155.7,3199.6
203.04,66.2,0.89,-343,1307,1232,157.9,3190.5
203.06,66.2,0.8899,-343,1307,1232,160,3191.1
203.08,66.2,0.89,-344,1307,1232,161.9,3188
203.1,66.2,0.89,-345,1307,1232,163.5,3188
203.12,66.2,0.89,-345,1307,1233,164.8,3188
203.14,66.2,0.8901,-346,1307,1233,165.6,3187.4
203.16,66.2,0.8899,-347,1308,1233,166,3192.3
203.18,66.2,0.8899,-347,1308,1233,165.8,3192.3
203.2,66.2,0.8902,-348,1308,1233,165.3,3183.2
203.22,66.2,0.8902,-348,1308,1234,164.5,3183.8
203.24,66.2,0.8902,-348,1309,1234,163.5,3181.9
203.26,66.2,0.8902,-349,1309,1234,162.3,3181.9
203.28,66.2,0.8903,-349,1309,1235,160.9,3178.9
203.3,66.2,0.8903,-349,1310,1235,159.3,3178.9
203.32,66.2,0.8905,-349,1310,1235,157.8,3174.6
203.34,66.2,0.8905,-350,1311,1236,156.2,3174.6
203.36,66.2,0.8906,-350,1311,1236,154.8,3170.4
203.38,66.2,0.8906,-350,1312,1236,153.3,3169.8
203.4,66.2,0.8906,-350,1312,1236,152,3169.8
203.42,66.2,0.8906,-350,1313,1236,150.8,3169.8
203.44,66.2,0.8908,-350,1313,1237,149.6,3165.5
203.46,66.2,0.8908,-350,1314,1237,148.5,3165.5
203.48,66.2,0.891,-351,1314,1237,147.5,3160.1
203.5,66.2,0.891,-351,1314,1237,146.4,3160.1
203.52,66.2,0.891,-352,1314,1237,145.2,3158.2
203.54,66.2,0.891,-352,1314,1236,144.1,3158.2
203.56,66.2,0.8912,-353,1315,1236,142.9,3152.8
203.58,66.2,0.8912,-353,1315,1236,141.8,3152.2
203.6,66.2,0.8913,-353,1315,1236,140.7,3150.9
203.62,66.2,0.8913,-354,1315,1236,139.8,3150.9
203.64,66.2,0.8912,-354,1315,1236,139,3152.8
203.66,66.2,0.8912,-354,1315,1236,138.4,3152.8
203.68,66.2,0.8914,-354,1315,1236,137.9,3146.7
203.7,66.2,0.8914,-354,1315,1236,137.7,3146.7
203.72,66.2,0.8917,-354,1315,1236,137.5,3137.6
203.74,66.2,0.8917,-354,1315,1236,137.4,3137.6
203.76,66.2,0.8918,-355,1315,1236,137.4,3134.5
203.78,66.2,0.8918,-355,1316,1236,137.4,3134.5
203.8,66.2,0.8919,-356,1316,1236,137.4,3131.5
203.82,66.2,0.8919,-356,1316,1236,137.4,3131.5
203.84,66.2,0.892,-357,1316,1236,137.3,3127.3
203.86,66.2,0.8921,-357,1316,1236,137.3,3126.6
203.88,66.2,0.8922,-358,1316,1236,137.2,3121.2
203.9,66.2,0.8922,-358,1316,1236,137.1,3121.2
203.92,66.2,0.8922,-358,1316,1236,137,3121.2
203.94,66.2,0.8922,-359,1316,1236,136.9,3121.2
203.96,66.2,0.8923,-359,1316,1236,136.9,3118.2
203.98,66.2,0.8923,-359,1316,1236,137,3118.2
204,66.2,0.8925,-358,1316,1236,137.4,3113.9
204.02,66.2,0.8925,-358,1316,1236,138.3,3113.9
204.04,66.2,0.8927,-358,1316,1236,139.5,3106.6
204.06,66.2,0.8927,-357,1315,1236,141.1,3106.6
204.08,66.2,0.8927,-357,1315,1236,142.8,3106.6
204.1,66.2,0.8927,-357,1315,1236,144.8,3106.6
204.12,66.2,0.8928,-357,1315,1237,146.9,3103.6
204.14,66.2,0.8928,-357,1315,1237,149.1,3103.6
204.16,66.2,0.893,-357,1315,1238,151.2,3099.3
204.18,66.2,0.893,-357,1315,1238,153.3,3099.3
204.2,66.2,0.893,-357,1315,1239,155.4,3099.3
204.22,66.2,0.893,-357,1315,1239,157.5,3098.7
204.24,66.2,0.8932,-356,1315,1240,159.5,3091.5
204.26,66.2,0.8932,-356,1315,1241,161.4,3091.5
204.28,66.2,0.8933,-356,1315,1242,163.1,3090.2
204.3,66.2,0.8933,-356,1315,1242,164.6,3090.2
204.32,66.2,0.8932,-356,1315,1243,165.8,3092.1
204.34,66.2,0.8932,-356,1315,1244,166.7,3091.5
204.36,66.2,0.8933,-356,1316,1245,167.4,3090.2
204.38,66.2,0.8933,-356,1316,1246,167.8,3090.2
204.4,66.2,0.8934,-356,1317,1247,167.9,3086
204.42,66.2,0.8934,-356,1317,1247,167.8,3086
204.44,66.2,0.8934,-356,1317,1248,167.5,3086
204.46,66.2,0.8934,-355,1317,1249,166.9,3086
204.48,66.2,0.8935,-355,1318,1249,166.1,3084.2
204.5,66.2,0.8935,-355,1318,1250,165.1,3084.2
204.52,66.2,0.8937,-355,1318,1250,163.8,3076.9
204.54,66.2,0.8937,-354,1319,1251,162.4,3076.9
204.56,66.2,0.8937,-354,1319,1251,160.8,3076.9
204.58,66.2,0.8937,-354,1319,1251,159.3,3076.9
204.6,66.2,0.8938,-353,1320,1251,157.9,3075.1
204.62,66.2,0.8937,-353,1320,1251,156.5,3075.7
204.64,66.2,0.8939,-352,1320,1252,155.2,3069.6
204.66,66.2,0.8939,-352,1320,1252,154.1,3069.6
204.68,66.2,0.8939,-352,1320,1252,153,3072.1
204.7,66.2,0.8938,-351,1320,1252,152,3072.7
204.72,66.2,0.894,-351,1320,1252,151.2,3068.4
204.74,66.2,0.894,-350,1320,1252,150.4,3068.4
204.76,66.2,0.8942,-350,1320,1252,149.8,3062.4
204.78,66.2,0.8942,-349,1320,1253,149.3,3061.8
204.8,66.2,0.8942,-349,1320,1253,148.9,3061.8
204.82,66.2,0.8942,-349,1320,1253,148.5,3061.8
204.84,66.2,0.8943,-349,1320,1253,148.2,3057.5
204.86,66.2,0.8943,-349,1320,1253,147.9,3058.1
204.88,66.2,0.8944,-349,1320,1254,147.6,3055.1
204.9,66.2,0.8944,-349,1320,1254,147.3,3054.5
204.92,66.2,0.8945,-350,1320,1254,147,3053.3
204.94,66.2,0.8945,-350,1320,1254,146.7,3053.3
204.96,66.2,0.8945,-351,1320,1254,146.5,3053.3
204.98,66.2,0.8945,-351,1320,1254,146.2,3053.3
205,66.2,0.8945,-352,1320,1254,146,3052.1
205.02,66.2,0.8945,-352,1320,1254,145.7,3052.1
205.04,66.2,0.8945,-352,1320,1255,145.4,3052.1
205.06,66.2,0.8945,-353,1321,1255,145,3052.1
205.08,66.2,0.8945,-353,1321,1255,144.6,3052.1
205.1,66.2,0.8945,-353,1322,1256,144.2,3051.5
205.12,66.2,0.8947,-354,1322,1256,143.7,3047.2
205.14,66.2,0.8947,-354,1322,1256,143.3,3047.8
205.16,66.2,0.8948,-354,1323,1256,142.9,3044.8
205.18,66.2,0.8948,-354,1323,1257,142.4,3044.8
205.2,66.2,0.8949,-355,1323,1257,141.9,3040
205.22,66.2,0.8949,-355,1324,1257,141.3,3040.6
205.24,66.2,0.895,-356,1324,1257,140.6,3038.7
205.26,66.2,0.895,-357,1324,1257,139.9,3038.7
205.28,66.2,0.8949,-357,1324,1257,139,3041.2
205.3,66.2,0.8949,-358,1324,1257,138.1,3041.8
205.32,66.2,0.8951,-358,1324,1257,137.1,3034.5
205.34,66.2,0.8951,-359,1325,1257,136,3034.5
205.36,66.2,0.8952,-360,1325,1257,134.9,3031.5
205.38,66.2,0.8952,-360,1325,1257,133.7,3031.5
205.4,66.2,0.8953,-360,1326,1257,132.5,3029.7
205.42,66.2,0.8953,-360,1326,1258,131.4,3029.7
205.44,66.2,0.8953,-360,1327,1258,130.3,3029.7
205.46,66.2,0.8953,-360,1327,1258,129.3,3029.7
205.48,66.2,0.8953,-360,1328,1258,128.3,3027.2
205.5,66.2,0.8953,-360,1328,1258,127.3,3027.2
205.52,66.2,0.8953,-360,1329,1258,126.3,3027.2
205.54,66.2,0.8953,-360,1329,1258,125.5,3027.2
205.56,66.2,0.8952,-360,1329,1258,124.6,3031.5
205.58,66.2,0.8952,-361,1329,1258,123.9,3031.5
205.6,66.2,0.8953,-360,1329,1258,123.3,3029.7
205.62,66.2,0.8952,-360,1330,1259,122.9,3030.3
205.64,66.2,0.8952,-361,1330,1259,122.6,3031.5
205.66,66.2,0.8952,-361,1330,1259,122.5,3032.1
205.68,66.2,0.8951,-361,1330,1259,122.5,3033.3
205.7,66.2,0.8951,-361,1329,1259,122.6,3033.3
205.72,66.2,0.895,-361,1329,1259,122.9,3036.3
205.74,66.2,0.8951,-361,1329,1259,123.3,3035.7
205.76,66.2,0.895,-361,1329,1259,124,3037.5
205.78,66.2,0.895,-360,1329,1259,124.9,3037.5
205.8,66.2,0.8952,-360,1329,1260,126.1,3030.3
205.82,66.2,0.8952,-360,1329,1260,127.6,3030.3
205.84,66.2,0.8956,-360,1329,1261,129.4,3020
205.86,66.2,0.8956,-359,1329,1261,131.5,3020
205.88,66.2,0.8958,-359,1329,1262,133.8,3012.7
205.9,66.2,0.8958,-359,1329,1263,136.4,3012.7
205.92,66.2,0.8956,-359,1329,1263,139.1,3018.2
205.94,66.2,0.8956,-359,1329,1264,142,3018.2
205.96,66.2,0.896,-359,1329,1265,145,3007.9
205.98,66.2,0.896,-360,1329,1265,148.1,3007.9
206,66.2,0.896,-360,1330,1266,151.2,3006.7
206.02,66.2,0.896,-360,1330,1266,154.4,3006.7
206.04,66.2,0.8962,-360,1331,1267,157.5,3002.4
206.06,66.2,0.8962,-360,1331,1267,160.5,3002.4
206.08,66.2,0.8961,-361,1331,1268,163.2,3003.6
206.1,66.2,0.8961,-361,1332,1268,165.5,3003.6
206.12,66.2,0.8966,-361,1332,1268,167,2990.3
206.14,66.2,0.8966,-362,1333,1269,167.6,2990.3
206.16,66.2,0.8968,-362,1333,1269,167.1,2984.3
206.18,66.2,0.8968,-362,1334,1269,165.7,2984.3
206.2,66.2,0.8968,-363,1334,1269,163.7,2981.9
206.22,66.2,0.8968,-363,1335,1269,161.3,2981.9
206.24,66.2,0.8972,-363,1335,1269,158.7,2969.8
206.26,66.2,0.8972,-363,1336,1269,156,2969.8
206.28,66.2,0.8972,-364,1336,1269,153.4,2969.8
206.3,66.2,0.8972,-364,1337,1269,150.9,2970.4
206.32,66.2,0.8973,-364,1337,1269,148.4,2967.4
206.34,66.2,0.8974,-364,1337,1269,146.1,2966.2
206.36,66.2,0.8975,-364,1338,1269,143.9,2960.7
206.38,66.2,0.8975,-365,1338,1269,141.9,2960.7
206.4,66.2,0.8976,-365,1339,1269,140,2959.5
206.42,66.2,0.8976,-365,1339,1269,138.2,2959.5
206.44,66.2,0.8976,-365,1339,1268,136.6,2957.7
206.46,66.2,0.8976,-365,1339,1268,135.2,2957.7
206.48,66.2,0.8977,-365,1340,1268,134,2954.7
206.5,66.2,0.8977,-365,1340,1268,133,2954.7
206.52,66.2,0.8978,-365,1340,1268,132.3,2953.5
206.54,66.2,0.8978,-365,1340,1268,131.9,2953.5
206.56,66.2,0.8979,-365,1340,1268,131.7,2949.2
206.58,66.2,0.8979,-365,1340,1268,131.8,2949.2
206.6,66.2,0.898,-365,1340,1268,132.2,2947.4
206.62,66.2,0.898,-365,1340,1268,132.7,2947.4
206.64,66.2,0.8979,-365,1340,1269,133.4,2949.2
206.66,66.2,0.8979,-365,1340,1269,134.3,2949.2
206.68,66.2,0.8979,-365,1340,1269,135.4,2949.2
206.7,66.2,0.8979,-365,1340,1269,136.7,2948.6
206.72,66.2,0.898,-365,1340,1270,138.2,2947.4
206.74,66.2,0.898,-365,1340,1270,139.9,2947.4
206.76,66.2,0.8979,-365,1340,1270,141.8,2948.6
206.78,66.2,0.8979,-365,1340,1271,143.9,2948.6
206.8,66.2,0.8979,-365,1340,1271,146.1,2948.6
206.82,66.2,0.8979,-365,1340,1272,148.5,2948.6
206.84,66.2,0.8978,-365,1340,1272,151,2952.9
206.86,66.2,0.8978,-365,1340,1273,153.5,2953.5
206.88,66.2,0.898,-366,1340,1274,156.2,2946.2
206.9,66.2,0.898,-366,1341,1274,159,2945.6
206.92,66.2,0.898,-366,1341,1275,161.8,2945.6
206.94,66.2,0.898,-366,1341,1275,164.8,2945.6
206.96,66.2,0.8982,-366,1341,1276,167.7,2939.6
206.98,66.2,0.8982,-367,1342,1277,170.6,2939.6
207,66.2,0.8984,-367,1342,1277,173.3,2934.2
207.02,66.2,0.8984,-367,1342,1278,174.9,2933.6
207.04,66.2,0.8985,-367,1343,1278,174.3,2932.3
207.06,66.2,0.8985,-368,1344,1279,172,2932.3
207.08,66.2,0.8989,-368,1344,1279,169,2919.1
207.1,66.2,0.8989,-368,1345,1279,165.8,2919.1
207.12,66.2,0.8991,-368,1345,1280,162.5,2914.8
207.14,66.2,0.8991,-368,1346,1280,159.3,2914.8
207.16,66.2,0.8991,-369,1346,1280,156,2913.6
207.18,66.2,0.8991,-369,1347,1280,152.8,2913
207.2,66.2,0.8993,-369,1347,1280,149.7,2908.8
207.22,66.2,0.8993,-369,1348,1280,146.7,2908.8
207.24,66.2,0.8994,-369,1348,1280,143.8,2905.8
207.26,66.2,0.8994,-370,1348,1280,141.1,2905.8
207.28,66.2,0.8994,-370,1349,1280,138.6,2904.6
207.3,66.2,0.8994,-370,1349,1280,136.3,2904.6
207.32,66.2,0.8996,-370,1349,1280,134.2,2899.8
207.34,66.2,0.8995,-370,1349,1280,132.4,2900.4
207.36,66.2,0.8995,-369,1350,1280,131,2901.6
207.38,66.2,0.8995,-369,1350,1280,129.9,2901.6
207.4,66.2,0.8995,-369,1350,1280,129.2,2901.6
207.42,66.2,0.8995,-369,1350,1280,128.8,2901.6
207.44,66.2,0.8996,-369,1350,1280,128.8,2897.4
207.46,66.2,0.8996,-368,1350,1280,129.1,2897.4
207.48,66.2,0.8998,-368,1351,1280,129.7,2893.1
207.5,66.2,0.8998,-368,1350,1280,130.5,2892.5
207.52,66.2,0.8999,-368,1350,1280,131.6,2889.5
207.54,66.2,0.8999,-368,1350,1281,133,2889.5
207.56,66.2,0.8999,-368,1350,1281,134.6,2888.3
207.58,66.2,0.8999,-368,1350,1281,136.4,2888.3
207.6,66.2,0.9,-368,1350,1281,138.3,2886.5
207.62,66.2,0.9,-368,1350,1282,140.4,2886.5
207.64,66.2,0.9,-368,1349,1282,142.7,2886.5
207.66,66.2,0.9,-368,1349,1282,145.1,2886.5
207.68,66.2,0.9003,-369,1349,1283,147.5,2878.1
207.7,66.2,0.9003,-369,1349,1283,150.1,2878.1
207.72,66.2,0.9003,-369,1349,1284,152.8,2878.1
207.74,66.2,0.9003,-369,1349,1284,155.5,2878.1
207.76,66.2,0.9003,-369,1349,1285,158.2,2878.1
207.78,66.2,0.9003,-369,1349,1285,161,2877.5
207.8,66.2,0.9006,-370,1349,1286,163.8,2867.2
207.82,66.2,0.9006,-370,1349,1286,166.5,2867.8
207.84,66.2,0.9006,-370,1349,1287,169,2869.6
207.86,66.2,0.9006,-370,1349,1288,171,2869
207.88,66.2,0.9007,-371,1349,1288,172,2866
207.9,66.2,0.9007,-371,1349,1289,171.7,2866
207.92,66.2,0.9006,-371,1350,1289,170.2,2869
207.94,66.2,0.9006,-371,1350,1290,168,2869
207.96,66.2,0.9008,-371,1350,1290,165.4,2861.8
207.98,66.2,0.9008,-372,1351,1290,162.6,2862.4
208,66.2,0.901,-372,1351,1291,159.8,2857.6
208.02,66.2,0.901,-372,1351,1291,157,2857
208.04,66.2,0.901,-372,1352,1291,154.4,2857
208.06,66.2,0.901,-372,1352,1291,151.9,2857.6
208.08,66.2,0.9011,-372,1353,1292,149.5,2854.6
208.1,66.2,0.9011,-372,1353,1292,147.2,2854
208.12,66.2,0.901,-372,1354,1292,145.1,2857
208.14,66.2,0.901,-372,1354,1292,143,2857.6
208.16,66.2,0.901,-372,1354,1292,141.1,2855.8
208.18,66.2,0.901,-372,1355,1292,139.4,2855.8
208.2,66.2,0.901,-372,1355,1292,137.8,2855.8
208.22,66.2,0.901,-372,1355,1292,136.4,2855.8
208.24,66.2,0.9011,-372,1356,1292,135.2,2852.8
208.26,66.2,0.9011,-372,1356,1292,134.2,2852.8
208.28,66.2,0.9014,-371,1356,1292,133.4,2843.7
208.3,66.2,0.9014,-371,1356,1292,133,2843.7
208.32,66.2,0.9015,-371,1356,1292,132.8,2842.5
208.34,66.2,0.9015,-371,1356,1293,132.9,2842.5
208.36,66.2,0.9016,-371,1356,1293,133.3,2838.3
208.38,66.2,0.9016,-370,1356,1293,133.9,2838.3
208.4,66.2,0.9017,-370,1356,1293,134.7,2835.3
208.42,66.2,0.9017,-370,1355,1293,135.9,2835.3
208.44,66.2,0.9018,-370,1355,1294,137.2,2831.1
208.46,66.2,0.9018,-370,1355,1294,138.8,2831.1
208.48,66.2,0.902,-370,1355,1294,140.5,2825.1
208.5,66.2,0.902,-370,1355,1295,142.4,2825.1
208.52,66.2,0.9022,-370,1355,1295,144.4,2820.9
208.54,66.2,0.9022,-370,1354,1296,146.5,2820.9
208.56,66.2,0.9023,-371,1354,1296,148.6,2816.7
208.58,66.2,0.9023,-371,1354,1297,150.8,2816.7
208.6,66.2,0.9023,-371,1354,1297,153,2817.9
208.62,66.2,0.9023,-371,1354,1297,155.1,2817.9
208.64,66.2,0.9022,-371,1354,1298,157,2819.1
208.66,66.2,0.9022,-371,1354,1298,158.8,2819.1
208.68,66.2,0.9023,-372,1354,1299,160.3,2816.1
208.7,66.2,0.9023,-372,1354,1299,161.3,2816.1
208.72,66.2,0.9024,-372,1354,1300,161.8,2813.1
208.74,66.2,0.9024,-372,1354,1301,161.8,2813.7
208.76,66.2,0.9025,-373,1354,1301,161.1,2811.9
208.78,66.2,0.9025,-373,1354,1302,159.8,2811.9
208.8,66.2,0.9025,-373,1355,1302,158.1,2810.6
208.82,66.2,0.9025,-374,1355,1303,155.9,2810.6
208.84,66.2,0.9028,-374,1355,1304,153.5,2801.6
208.86,66.2,0.9028,-374,1355,1304,150.9,2801.6
208.88,66.2,0.9028,-375,1356,1305,148.1,2801.6
208.9,66.2,0.9028,-375,1356,1305,145.2,2801.6
208.92,66.2,0.9029,-375,1357,1305,142.2,2799.8
208.94,66.2,0.9029,-376,1357,1306,139.1,2800.4
208.96,66.2,0.903,-376,1358,1306,136,2797.4
208.98,66.2,0.903,-376,1358,1306,132.8,2796.8
209,66.2,0.9031,-376,1359,1306,129.7,2792.6
209.02,66.2,0.9031,-376,1359,1307,126.6,2793.2
209.04,66.2,0.9032,-376,1360,1307,123.7,2791.4
209.06,66.2,0.9032,-376,1360,1307,120.9,2791.4
209.08,66.2,0.9032,-374,1360,1313,118.9,2791.4
209.1,66.2,0.9032,-374,1360,1313,116.9,2791.4
209.12,66.2,0.9034,-374,1360,1313,115.4,2785.4
209.14,66.2,0.9034,-375,1360,1313,113.8,2785.4
209.16,66.2,0.9032,-375,1360,1312,112.3,2791.4
209.18,66.2,0.9032,-376,1361,1311,111,2791.4
209.2,66.2,0.903,-377,1361,1310,110.1,2796.8
209.22,66.2,0.903,-378,1361,1308,109.7,2797.4
209.24,66.2,0.9029,-379,1361,1307,109.8,2800.4
209.26,66.2,0.9029,-380,1361,1306,110.1,2800.4
209.28,66.2,0.9028,-380,1361,1305,110.9,2802.8
209.3,66.2,0.9028,-381,1361,1304,112.2,2802.8
209.32,66.2,0.9028,-381,1361,1303,113.8,2801.6
209.34,66.2,0.9028,-381,1362,1302,116,2801.6
209.36,66.2,0.903,-382,1362,1301,118.4,2796.2
209.38,66.2,0.903,-382,1363,1299,121.1,2796.2
209.4,66.2,0.9031,-381,1364,1298,124.9,2793.2
209.42,66.2,0.9031,-381,1364,1297,129.9,2792.6
209.44,66.2,0.9034,-381,1365,1297,135.6,2784.2
209.46,66.2,0.9034,-381,1366,1297,140.8,2784.2
209.48,66.2,0.904,-381,1367,1297,144.9,2766.8
209.5,66.2,0.904,-381,1368,1298,147.5,2766.8
209.52,66.2,0.9042,-381,1368,1298,148.5,2760.8
209.54,66.2,0.9042,-381,1369,1299,147.9,2760.8
209.56,66.2,0.9042,-381,1370,1299,146.1,2759.6
209.58,66.2,0.9042,-381,1370,1300,143.4,2759.6
209.6,66.2,0.904,-380,1371,1301,140.3,2765.6
209.62,66.2,0.904,-380,1371,1301,137.1,2765.6
209.64,66.2,0.9041,-380,1371,1302,134.3,2762.6
209.66,66.2,0.9041,-379,1371,1303,132,2762.6
209.68,66.2,0.9041,-379,1371,1303,130.1,2763.8
209.7,66.2,0.9041,-379,1372,1304,128.7,2763.8
209.72,66.2,0.9043,-378,1372,1305,127.5,2758.4
209.74,66.2,0.9043,-378,1372,1305,126.8,2758.4
209.76,66.2,0.9047,-378,1372,1305,126.6,2746.4
209.78,66.2,0.9047,-377,1372,1305,126.8,2746.4
209.8,66.2,0.9048,-377,1372,1305,127.5,2743.4
209.82,66.2,0.9047,-376,1372,1305,128.8,2744
209.84,66.2,0.9047,-376,1372,1305,130.7,2745.8
209.86,66.2,0.9047,-376,1372,1304,133,2745.8
209.88,66.2,0.9048,-376,1373,1304,135.4,2741
209.9,66.2,0.9048,-376,1373,1304,137.6,2741
209.92,66.2,0.905,-376,1373,1304,139.7,2736.8
209.94,66.2,0.905,-376,1373,1304,141.6,2736.8
209.96,66.2,0.905,-376,1373,1304,143.6,2735.6
209.98,66.2,0.905,-376,1374,1304,145.2,2735.6
210,66.2,0.9052,-376,1374,1305,146.2,2730.8
210.02,66.2,0.9052,-376,1374,1305,146.5,2731.4
210.04,66.2,0.9053,-377,1374,1305,146.2,2726.6
210.06,66.2,0.9053,-377,1374,1305,145.3,2726.6
210.08,66.2,0.9054,-377,1374,1306,144.3,2724.8
210.1,66.2,0.9054,-376,1374,1307,143.2,2725.4
210.12,66.2,0.9056,-376,1374,1308,142.2,2719.4
210.14,66.2,0.9056,-376,1374,1308,141.4,2719.4
210.16,66.2,0.9056,-376,1373,1309,140.8,2719.4
210.18,66.2,0.9056,-376,1373,1310,140.5,2719.4
210.2,66.2,0.9057,-376,1373,1310,140.2,2716.4
210.22,66.2,0.9057,-376,1373,1311,140.1,2716.4
210.24,66.2,0.9058,-376,1373,1311,140,2713.4
210.26,66.2,0.9058,-376,1373,1311,140.1,2713.4
210.28,66.2,0.9057,-376,1373,1312,140.3,2716.4
210.3,66.2,0.9057,-376,1373,1312,140.6,2716.4
210.32,66.2,0.9057,-376,1373,1312,140.9,2715.2
210.34,66.2,0.9057,-376,1373,1313,141.6,2715.2
210.36,66.2,0.9057,-376,1374,1313,142.7,2715.2
210.38,66.2,0.9057,-376,1374,1314,143.9,2714.6
210.4,66.2,0.906,-377,1374,1314,144.9,2706.2
210.42,66.2,0.906,-377,1374,1315,145.9,2706.2
210.44,66.2,0.906,-377,1375,1316,146.5,2705
210.46,66.2,0.9061,-377,1375,1316,146.7,2704.4
210.48,66.2,0.9062,-377,1375,1317,146.5,2700.2
210.5,66.2,0.9062,-377,1375,1318,145.9,2700.8
210.52,66.2,0.9064,-377,1375,1319,145.1,2694.8
210.54,66.2,0.9064,-378,1375,1319,144,2694.8
210.56,66.2,0.9064,-378,1375,1320,143,2693.6
210.58,66.2,0.9064,-379,1374,1321,141.9,2693
210.6,66.2,0.9065,-379,1374,1322,140.6,2691.2
210.62,66.2,0.9065,-380,1374,1322,139.4,2691.8
210.64,66.2,0.9065,-380,1374,1323,138.1,2691.8
210.66,66.2,0.9065,-380,1374,1323,136.8,2691.8
210.68,66.2,0.9065,-381,1374,1323,135.4,2691.8
210.7,66.2,0.9065,-381,1375,1323,134.1,2691.8
210.72,66.2,0.9066,-382,1375,1324,132.7,2687.6
210.74,66.2,0.9066,-382,1375,1324,131.3,2687
210.76,66.2,0.9065,-382,1375,1324,130,2690
210.78,66.2,0.9065,-382,1376,1324,128.9,2690
210.8,66.2,0.9064,-382,1376,1324,128,2693
210.82,66.2,0.9064,-382,1377,1325,127.8,2693
210.84,66.2,0.9065,-382,1378,1325,127.9,2691.8
210.86,66.2,0.9065,-382,1378,1325,128.5,2691.8
210.88,66.2,0.9066,-382,1379,1325,129.4,2688.8
210.9,66.2,0.9066,-382,1379,1326,130.5,2688.8
210.92,66.2,0.9067,-383,1380,1326,131.9,2685.8
210.94,66.2,0.9067,-383,1380,1326,133.3,2685.8
210.96,66.2,0.9069,-383,1380,1326,134.9,2678.6
210.98,66.2,0.9069,-383,1381,1326,136.8,2678.6
211,66.2,0.907,-384,1381,1326,138.9,2675.6
211.02,66.2,0.907,-384,1381,1327,141.2,2675.6
211.04,66.2,0.9072,-385,1381,1327,143.4,2669.6
211.06,66.2,0.9072,-385,1382,1327,145.6,2670.2
211.08,66.2,0.9074,-385,1382,1327,147.7,2665.4
211.1,66.2,0.9074,-386,1382,1328,149.6,2665.4
211.12,66.2,0.9075,-386,1382,1328,151.2,2661.2
211.14,66.2,0.9075,-387,1383,1329,152.6,2661.2
211.16,66.2,0.9075,-387,1383,1329,153.6,2662.4
211.18,66.2,0.9075,-388,1383,1330,154.4,2662.4
211.2,66.2,0.9076,-388,1383,1330,155.1,2657.1
211.22,66.2,0.9077,-388,1383,1330,155.6,2656.5
211.24,66.2,0.9078,-389,1384,1331,155.8,2653.5
211.26,66.2,0.9077,-389,1384,1331,155.9,2654.1
211.28,66.2,0.9077,-389,1384,1331,155.7,2654.1
211.3,66.2,0.9078,-390,1385,1332,155.2,2653.5
211.32,66.2,0.9079,-390,1385,1332,154.4,2649.3
211.34,66.2,0.9079,-390,1385,1332,153.4,2649.3
211.36,66.2,0.9079,-390,1386,1332,152.3,2648.1
211.38,66.2,0.9079,-390,1386,1333,151.1,2648.7
211.4,66.2,0.9081,-390,1386,1333,150,2643.9
211.42,66.2,0.9081,-390,1387,1333,149.1,2643.3
211.44,66.2,0.9081,-390,1387,1333,148.5,2642.1
211.46,66.2,0.9081,-390,1387,1332,148.3,2642.1
211.48,66.2,0.9083,-390,1388,1332,148.6,2637.9
211.5,66.2,0.9083,-389,1388,1332,149.6,2637.9
211.52,66.2,0.9083,-389,1388,1333,151,2637.9
211.54,66.2,0.9083,-389,1389,1333,153,2637.9
211.56,66.2,0.9083,-388,1389,1333,155.2,2636.1
211.58,66.2,0.9083,-388,1389,1333,157.6,2636.1
211.6,66.2,0.9086,-388,1389,1333,159.7,2628.9
211.62,66.2,0.9086,-388,1389,1334,161.5,2629.5
211.64,66.2,0.9085,-387,1390,1334,162.8,2631.9
211.66,66.2,0.9085,-387,1390,1335,163.5,2631.9
211.68,66.2,0.9086,-387,1390,1335,163.7,2627.1
211.7,66.2,0.9086,-387,1390,1336,163.1,2627.1
211.72,66.2,0.9087,-387,1390,1336,161.7,2625.9
211.74,66.2,0.9087,-387,1390,1336,159.6,2625.9
211.76,66.2,0.9087,-386,1390,1337,157,2624.7
211.78,66.2,0.9087,-386,1390,1337,154.3,2624.1
211.8,66.2,0.9088,-386,1390,1338,151.5,2622.9
211.82,66.2,0.9088,-386,1390,1338,149,2623.5
211.84,66.2,0.9091,-386,1390,1338,146.8,2614.6
211.86,66.2,0.9091,-386,1390,1338,145.1,2614
211.88,66.2,0.909,-385,1390,1338,143.9,2615.8
211.9,66.2,0.909,-385,1390,1339,143.2,2615.8
211.92,66.2,0.9092,-385,1390,1339,143,2611.6
211.94,66.2,0.9092,-385,1390,1339,143.1,2611.6
211.96,66.2,0.9092,-385,1390,1339,143.4,2609.8
211.98,66.2,0.9092,-385,1390,1339,143.8,2609.8
212,66.2,0.9092,-385,1390,1340,144.3,2609.8
212.02,66.2,0.9092,-385,1390,1340,144.9,2610.4
212.04,66.2,0.9093,-385,1390,1340,145.5,2607.4
212.06,66.2,0.9093,-385,1390,1341,146,2607.4
212.08,66.2,0.9094,-385,1390,1341,146.4,2604.4
212.1,66.2,0.9094,-385,1390,1341,146.7,2604.4
212.12,66.2,0.9094,-386,1391,1341,147,2604.4
212.14,66.2,0.9094,-386,1391,1342,147.3,2603.8
212.16,66.2,0.9096,-386,1391,1342,147.5,2598.4
212.18,66.2,0.9096,-386,1391,1343,147.5,2598.4
212.2,66.2,0.9096,-386,1391,1343,147.5,2598.4
212.22,66.2,0.9096,-387,1391,1343,147.2,2598.4
212.24,66.2,0.9098,-387,1392,1343,146.8,2592.5
212.26,66.2,0.9098,-387,1392,1344,146.2,2592.5
212.28,66.2,0.9098,-389,1391,1345,146,2591.3
212.3,66.2,0.9098,-390,1392,1345,145,2591.3
212.32,66.2,0.91,-390,1392,1345,144.1,2585.3
212.34,66.2,0.91,-391,1392,1345,143.6,2585.3
212.36,66.2,0.9099,-391,1392,1345,143,2588.3
212.38,66.2,0.9099,-391,1392,1345,142.8,2588.3
212.4,66.2,0.91,-391,1392,1346,142.7,2585.3
212.42,66.2,0.91,-391,1392,1346,142.9,2585.3
212.44,66.2,0.9101,-391,1393,1346,143.2,2582.3
212.46,66.2,0.9101,-392,1393,1346,143.7,2582.3
212.48,66.2,0.9102,-392,1393,1346,144.3,2581.1
212.5,66.2,0.9102,-392,1393,1347,145.3,2581.1
212.52,66.2,0.9102,-392,1393,1347,146.5,2579.9
212.54,66.2,0.9102,-392,1394,1347,147.8,2579.9
212.56,66.2,0.9104,-393,1394,1347,149.2,2573.9
212.58,66.2,0.9104,-393,1394,1347,150.6,2573.9
212.6,66.2,0.9104,-393,1394,1347,151.9,2575.1
212.62,66.2,0.9104,-393,1395,1348,153.2,2575.1
212.64,66.2,0.9106,-394,1395,1348,154.5,2569.2
212.66,66.2,0.9106,-394,1395,1348,155.7,2569.2
212.68,66.2,0.9107,-394,1395,1348,156.8,2564.4
212.7,66.2,0.9107,-394,1396,1348,157.8,2565
212.72,66.2,0.9108,-394,1396,1348,158.5,2563.8
212.74,66.2,0.9108,-394,1396,1348,159,2563.2
212.76,66.2,0.9107,-394,1397,1348,159.3,2565
212.78,66.2,0.9107,-394,1397,1348,159.5,2565
212.8,66.2,0.9107,-394,1398,1348,159.6,2565
212.82,66.2,0.9107,-394,1398,1348,159.5,2564.4
212.84,66.2,0.911,-394,1398,1348,159.3,2556
212.86,66.2,0.911,-394,1398,1348,159.1,2556
212.88,66.2,0.911,-394,1398,1348,159,2557.8
212.9,66.2,0.911,-394,1398,1348,159,2557.2
212.92,66.2,0.9112,-394,1398,1349,159.3,2551.3
212.94,66.2,0.9112,-394,1398,1349,160.1,2551.3
212.96,66.2,0.9111,-393,1398,1349,161.2,2553.1
212.98,66.2,0.9111,-393,1398,1349,162.5,2553.6
213,66.2,0.9113,-393,1398,1349,163.8,2548.9
213.02,66.2,0.9113,-393,1398,1349,164.9,2548.9
213.04,66.2,0.9112,-393,1398,1349,165.9,2551.9
213.06,66.2,0.9112,-392,1398,1349,166.5,2551.9
213.08,66.2,0.9115,-392,1398,1349,166.9,2542.9
213.1,66.2,0.9115,-392,1398,1349,167,2542.9
213.12,66.2,0.9115,-392,1398,1350,166.8,2542.9
213.14,66.2,0.9115,-392,1398,1350,166.5,2542.9
213.16,66.2,0.9115,-392,1398,1350,166,2542.9
213.18,66.2,0.9115,-392,1398,1350,165.3,2542.9
213.2,66.2,0.9116,-392,1398,1351,164.6,2537.5
213.22,66.2,0.9117,-392,1398,1351,163.7,2536.3
213.24,66.2,0.9117,-392,1398,1351,162.8,2535.2
213.26,66.2,0.9117,-392,1398,1352,161.8,2535.8
213.28,66.2,0.9118,-392,1398,1352,160.7,2532.8
213.3,66.2,0.9118,-392,1398,1352,159.6,2532.8
213.32,66.2,0.9117,-392,1398,1353,158.6,2535.8
213.34,66.2,0.9117,-392,1398,1353,157.6,2535.8
213.36,66.2,0.912,-392,1398,1353,156.7,2527.4
213.38,66.2,0.912,-393,1398,1354,155.9,2526.8
213.4,66.2,0.912,-393,1398,1354,155.1,2526.8
213.42,66.2,0.912,-393,1398,1355,154.4,2526.8
213.44,66.2,0.9121,-393,1398,1355,153.6,2522.6
213.46,66.2,0.9121,-393,1398,1356,152.9,2522.6
213.48,66.2,0.9122,-393,1398,1356,152.1,2519.7
213.5,66.2,0.9122,-394,1398,1356,151.4,2519.7
213.52,66.2,0.9123,-394,1398,1357,150.7,2517.3
213.54,66.2,0.9123,-394,1398,1357,150.1,2516.7
213.56,66.2,0.9123,-394,1398,1357,149.5,2516.7
213.58,66.2,0.9123,-394,1398,1358,148.8,2517.3
213.6,66.2,0.9124,-395,1398,1358,148.1,2514.3
213.62,66.2,0.9124,-395,1398,1359,147.8,2513.7
213.64,66.2,0.9125,-395,1399,1359,147.9,2512.5
213.66,66.2,0.9125,-395,1399,1359,148,2511.9
213.68,66.2,0.9127,-395,1399,1360,148.1,2506.5
213.7,66.2,0.9127,-396,1399,1360,148.2,2506.5
213.72,66.2,0.9127,-396,1399,1361,148.3,2505.3
213.74,66.2,0.9127,-396,1400,1361,148.2,2505.3
213.76,66.2,0.9128,-396,1400,1362,148,2502.4
213.78,66.2,0.9128,-396,1400,1362,147.7,2502.4
213.8,66.2,0.913,-397,1400,1363,147.3,2496.4
213.82,66.2,0.913,-397,1401,1363,146.9,2496.4
213.84,66.2,0.9129,-397,1401,1364,146.7,2499.4
213.86,66.2,0.9129,-397,1401,1364,146.6,2499.4
213.88,66.2,0.913,-397,1401,1365,146.7,2496.4
213.9,66.2,0.913,-398,1402,1365,146.9,2496.4
213.92,66.2,0.9133,-398,1402,1366,147.2,2489.3
213.94,66.2,0.9133,-398,1402,1366,147.6,2489.3
213.96,66.2,0.9133,-398,1403,1366,148.1,2489.3
213.98,66.2,0.9133,-399,1403,1367,148.7,2489.3
214,66.2,0.9134,-399,1403,1367,149.4,2486.3
214.02,66.2,0.9133,-399,1404,1368,150.1,2486.9
214.04,66.2,0.9134,-399,1404,1368,150.8,2483.9
214.06,66.2,0.9134,-399,1405,1369,151.3,2483.9
214.08,66.2,0.9135,-400,1405,1369,151.7,2482.1
214.1,66.2,0.9135,-400,1406,1369,152,2482.1
214.12,66.2,0.9136,-400,1406,1370,152.4,2479.1
214.14,66.2,0.9136,-400,1407,1370,152.7,2479.1
214.16,66.2,0.9136,-401,1407,1370,153,2480.3
214.18,66.2,0.9135,-401,1408,1370,153.2,2480.9
214.2,66.2,0.9136,-401,1408,1371,153.3,2477.9
214.22,66.2,0.9136,-401,1409,1371,153.4,2477.9
214.24,66.2,0.9137,-401,1409,1371,153.6,2476.8
214.26,66.2,0.9137,-401,1410,1371,153.9,2476.8
214.28,66.2,0.9138,-401,1410,1371,154.4,2472
214.3,66.2,0.9138,-401,1410,1371,155.2,2472
214.32,66.2,0.9138,-401,1411,1372,156.1,2472
214.34,66.2,0.9138,-401,1411,1372,157.1,2472
214.36,66.2,0.9139,-401,1411,1372,158.3,2470.2
214.38,66.2,0.9139,-400,1411,1372,159.6,2470.8
214.4,66.2,0.9137,-400,1412,1373,161,2476.8
214.42,66.2,0.9137,-400,1412,1373,162.6,2476.8
214.44,66.2,0.9139,-400,1412,1373,164.4,2469
214.46,66.2,0.9139,-401,1412,1373,166.3,2469
214.48,66.2,0.914,-401,1412,1374,168,2466.6
214.5,66.2,0.914,-401,1412,1374,169.3,2466
214.52,66.2,0.9141,-401,1413,1374,169.7,2463.1
214.54,66.2,0.9141,-401,1413,1375,169.2,2463.1
214.56,66.2,0.9141,-401,1413,1375,168.1,2463.1
214.58,66.2,0.9141,-401,1414,1375,166.5,2463.1
214.6,66.2,0.9142,-401,1414,1375,164.8,2460.1
214.62,66.2,0.9142,-401,1414,1376,163.1,2460.7
214.64,66.2,0.9144,-401,1414,1376,161.5,2456.5
214.66,66.2,0.9144,-401,1414,1376,160.2,2456.5
214.68,66.2,0.9144,-402,1415,1376,159.1,2456.5
214.7,66.2,0.9144,-402,1415,1376,158.1,2455.9
214.72,66.2,0.9143,-402,1415,1376,157.4,2458.9
214.74,66.2,0.9143,-402,1415,1376,156.8,2459.5
214.76,66.2,0.9146,-402,1416,1376,156.4,2449.4
214.78,66.2,0.9146,-402,1416,1377,156.2,2449.4
214.8,66.2,0.9148,-402,1416,1377,155.9,2443.4
214.82,66.2,0.9148,-402,1416,1377,155.5,2442.8
214.84,66.2,0.9149,-402,1416,1377,155,2441
214.86,66.2,0.9149,-402,1416,1377,154.6,2441.6
214.88,66.2,0.915,-403,1416,1378,154.2,2436.9
214.9,66.2,0.915,-403,1416,1378,153.8,2436.9
214.92,66.2,0.9152,-403,1416,1378,153.4,2432.7
214.94,66.2,0.9152,-403,1416,1378,153.1,2432.7
214.96,66.2,0.9153,-403,1416,1378,152.8,2429.7
214.98,66.2,0.9153,-404,1416,1379,152.6,2429.7
215,66.2,0.9153,-404,1416,1379,152.4,2429.7
215.02,66.2,0.9153,-404,1416,1379,152.3,2429.7
215.04,66.2,0.9153,-405,1416,1379,152.3,2429.7
215.06,66.2,0.9153,-405,1416,1380,152.2,2429.7
215.08,66.2,0.9154,-405,1416,1380,152,2424.4
215.1,66.2,0.9155,-406,1416,1380,151.7,2423.8
215.12,66.2,0.9156,-406,1416,1380,151.1,2420.8
215.14,66.2,0.9155,-406,1416,1381,150.5,2421.4
215.16,66.2,0.9156,-407,1416,1381,149.7,2419.6
215.18,66.2,0.9156,-407,1416,1381,148.8,2419.6
215.2,66.2,0.9157,-407,1416,1382,147.7,2416.7
215.22,66.2,0.9157,-407,1417,1382,146.3,2417.3
215.24,66.2,0.9157,-407,1417,1383,144.9,2415.5
215.26,66.2,0.9157,-407,1417,1383,143.4,2415.5
215.28,66.2,0.9158,-408,1417,1383,141.9,2412.5
215.3,66.2,0.9158,-408,1418,1383,140.7,2412.5
215.32,66.2,0.916,-407,1418,1384,139.8,2407.8
215.34,66.2,0.916,-407,1418,1384,139.1,2408.4
215.36,66.2,0.9159,-407,1418,1385,138.9,2409.5
215.38,66.2,0.9159,-407,1418,1385,139.2,2410.1
215.4,66.2,0.916,-407,1419,1385,140,2408.4
215.42,66.2,0.916,-407,1419,1386,141.1,2408.4
215.44,66.2,0.916,-407,1419,1386,142.4,2408.4
215.46,66.2,0.916,-407,1419,1386,143.8,2408.4
215.48,66.2,0.9161,-407,1419,1387,145.4,2404.2
215.5,66.2,0.9161,-407,1420,1387,146.7,2404.2
215.52,66.2,0.9162,-407,1420,1387,147.9,2402.4
215.54,66.2,0.9162,-407,1420,1388,148.9,2402.4
215.56,66.2,0.9164,-406,1420,1389,149.6,2395.3
215.58,66.2,0.9164,-406,1421,1389,150.1,2395.3
215.6,66.2,0.9166,-406,1421,1389,150.5,2391.1
215.62,66.2,0.9166,-405,1422,1389,150.9,2391.1
215.64,66.2,0.9165,-405,1422,1390,151.4,2392.3
215.66,66.2,0.9165,-405,1422,1390,151.8,2392.3
215.68,66.2,0.9168,-405,1422,1390,152,2385.2
215.7,66.2,0.9168,-405,1423,1390,152.1,2385.2
215.72,66.2,0.9167,-404,1423,1390,152.5,2388.2
215.74,66.2,0.9167,-404,1423,1390,152.9,2387.6
215.76,66.2,0.9168,-404,1423,1391,153.3,2385.2
215.78,66.2,0.9168,-404,1423,1391,153.5,2385.2
215.8,66.2,0.9168,-404,1423,1391,153.9,2383.4
215.82,66.2,0.9168,-403,1423,1391,154.6,2383.4
215.84,66.2,0.9169,-403,1423,1391,155.5,2380.4
215.86,66.2,0.9169,-403,1423,1391,156.8,2380.4
215.88,66.2,0.9171,-403,1423,1391,158.3,2376.3
215.9,66.2,0.9171,-403,1423,1392,159.8,2376.3
215.92,66.2,0.9171,-402,1423,1392,161.5,2376.3
215.94,66.2,0.9171,-402,1423,1392,163.2,2376.3
215.96,66.2,0.9171,-402,1423,1393,164.6,2375.1
215.98,66.2,0.9171,-402,1423,1393,165.2,2375.1
216,66.2,0.9171,-402,1423,1394,164.9,2375.1
216.02,66.2,0.9171,-402,1423,1394,164,2375.1
216.04,66.2,0.9171,-402,1423,1395,162.5,2375.1
216.06,66.2,0.9171,-402,1423,1395,160.7,2374.5
216.08,66.2,0.9171,-402,1423,1395,158.6,2374.5
216.1,66.2,0.9171,-402,1423,1396,156.4,2375.1
216.12,66.2,0.9174,-403,1423,1396,154.1,2366.2
216.14,66.2,0.9174,-403,1423,1396,151.7,2366.2
216.16,66.2,0.9175,-403,1423,1397,149.2,2363.8
216.18,66.2,0.9175,-404,1423,1397,146.8,2363.8
216.2,66.2,0.9175,-404,1423,1397,144.5,2363.8
216.22,66.2,0.9175,-404,1423,1397,142.3,2363.8
216.24,66.2,0.9176,-405,1424,1398,140.2,2359.1
216.26,66.2,0.9176,-405,1424,1398,138.3,2359.1
216.28,66.2,0.9179,-405,1424,1399,136.7,2351.9
216.3,66.2,0.9179,-405,1424,1399,135.4,2351.9
216.32,66.2,0.9178,-406,1424,1399,134.3,2354.9
216.34,66.2,0.9178,-406,1424,1399,133.4,2354.9
216.36,66.2,0.9179,-407,1424,1400,132.8,2350.2
216.38,66.2,0.9179,-407,1424,1400,132.3,2350.2
216.4,66.2,0.918,-407,1425,1401,132,2347.2
216.42,66.2,0.918,-407,1425,1401,131.6,2347.8
216.44,66.2,0.918,-408,1425,1401,131.5,2347.8
216.46,66.2,0.918,-408,1425,1402,131.6,2347.8
216.48,66.2,0.9183,-408,1425,1402,132,2340.7
216.5,66.2,0.9183,-408,1426,1403,132.6,2340.1
216.52,66.2,0.9183,-409,1426,1403,133.4,2340.1
216.54,66.2,0.9183,-409,1426,1404,134.3,2340.1
216.56,66.2,0.9185,-409,1426,1404,135.2,2334.2
216.58,66.2,0.9185,-410,1427,1405,135.9,2334.8
216.6,66.2,0.9184,-410,1427,1405,136.6,2337.7
216.62,66.2,0.9184,-410,1427,1405,137.1,2337.7
216.64,66.2,0.9186,-411,1427,1406,137.5,2330.6
216.66,66.2,0.9186,-411,1428,1406,137.9,2330
216.68,66.2,0.9188,-412,1428,1406,138.2,2325.9
216.7,66.2,0.9188,-412,1428,1406,138.5,2325.9
216.72,66.2,0.9187,-413,1429,1407,138.9,2328.8
216.74,66.2,0.9187,-413,1429,1407,139.4,2328.8
216.76,66.2,0.9187,-413,1429,1407,139.9,2327
216.78,66.2,0.9187,-413,1429,1407,140.6,2327.6
216.8,66.2,0.9189,-414,1430,1407,141.4,2321.7
216.82,66.2,0.9189,-414,1430,1408,142.3,2321.7
216.84,66.2,0.919,-414,1430,1408,143.3,2318.7
216.86,66.2,0.919,-414,1430,1408,144.5,2318.7
216.88,66.2,0.9191,-415,1430,1409,145.7,2315.8
216.9,66.2,0.9191,-415,1431,1409,147,2315.8
216.92,66.2,0.9192,-415,1431,1409,148.3,2312.8
216.94,66.2,0.9192,-415,1431,1410,149.5,2312.8
216.96,66.2,0.9193,-415,1431,1410,150.5,2309.9
216.98,66.2,0.9193,-415,1432,1411,151.4,2309.9
217,66.2,0.9194,-415,1432,1411,152,2308.1
217.02,66.2,0.9193,-415,1432,1412,152.3,2308.7
217.04,66.2,0.9194,-415,1432,1412,152.3,2306.9
217.06,66.2,0.9194,-415,1433,1413,151.7,2306.9
217.08,66.2,0.9195,-415,1433,1414,150.6,2303.9
217.1,66.2,0.9195,-414,1433,1414,148.9,2304.5
217.12,66.2,0.9195,-414,1434,1415,146.8,2302.7
217.14,66.2,0.9195,-414,1434,1416,144.3,2302.7
217.16,66.2,0.9196,-414,1435,1416,141.6,2301.6
217.18,66.2,0.9196,-414,1435,1417,139,2301.6
217.2,66.2,0.9197,-414,1436,1417,136.7,2298.6
217.22,66.2,0.9197,-413,1436,1418,134.9,2298.6
217.24,66.2,0.9198,-413,1436,1419,133.4,2295.6
217.26,66.2,0.9198,-413,1437,1419,132.2,2295.6
217.28,66.2,0.9197,-413,1437,1420,131.5,2297.4
217.3,66.2,0.9197,-413,1437,1420,131.3,2296.8
217.32,66.2,0.9198,-413,1437,1421,131.2,2293.9
217.34,66.2,0.9198,-413,1438,1421,131.3,2293.9
217.36,66.2,0.9198,-413,1438,1422,131.5,2293.9
217.38,66.2,0.9198,-414,1438,1422,131.6,2293.9
217.4,66.2,0.92,-414,1438,1423,131.6,2287.9
217.42,66.2,0.92,-414,1438,1423,131.5,2288.5
217.44,66.2,0.9203,-414,1438,1424,131.1,2281.4
217.46,66.2,0.9203,-414,1439,1424,130.6,2280.8
217.48,66.2,0.9203,-415,1439,1425,129.7,2280.8
217.5,66.2,0.9203,-415,1439,1426,128.7,2281.4
217.52,66.2,0.9202,-415,1439,1426,127.5,2282.6
217.54,66.2,0.9202,-415,1440,1426,126.4,2282.6
217.56,66.2,0.9204,-416,1440,1427,125.3,2276.7
217.58,66.3,0.9204,-416,1440,1427,124.2,2276.1
217.6,66.3,0.9203,-416,1440,1427,123.1,2280.8
217.62,66.2,0.9203,-417,1441,1427,122.2,2280.8
217.64,66.2,0.9205,-417,1441,1428,121.4,2273.7
217.66,66.2,0.9205,-417,1441,1428,120.7,2273.7
217.68,66.2,0.9206,-417,1442,1428,120.3,2272.6
217.7,66.3,0.9206,-418,1442,1428,119.8,2272
217.72,66.3,0.9206,-418,1442,1428,119.6,2272
217.74,66.2,0.9206,-418,1442,1428,119.5,2272.6
217.76,66.2,0.9207,-419,1442,1427,119.4,2268.4
217.78,66.2,0.9207,-419,1442,1427,119.3,2268.4
217.8,66.2,0.9208,-420,1443,1427,119.2,2265.5
217.82,66.2,0.9208,-420,1443,1427,119.1,2265.5
217.84,66.2,0.9209,-420,1443,1427,118.9,2262.5
217.86,66.2,0.9209,-421,1443,1427,118.7,2262.5
217.88,66.2,0.921,-421,1443,1427,118.3,2258.4
217.9,66.2,0.921,-421,1444,1427,117.7,2258.4
217.92,66.2,0.921,-422,1444,1427,117.2,2259.5
217.94,66.2,0.921,-422,1444,1427,116.8,2259.5
217.96,66.2,0.921,-422,1444,1427,116.8,2259.5
217.98,66.3,0.921,-422,1445,1426,117.3,2258.9
218,66.3,0.9211,-421,1445,1426,118.2,2257.8
218.02,66.2,0.9211,-421,1445,1426,119.6,2257.8
218.04,66.2,0.9211,-421,1445,1426,121.4,2256.6
218.06,66.2,0.9211,-421,1445,1426,123.6,2256.6
218.08,66.2,0.9213,-421,1445,1427,126.3,2249.5
218.1,66.2,0.9213,-420,1445,1427,129.3,2249.5
218.12,66.2,0.9214,-420,1446,1427,132.6,2246.5
218.14,66.2,0.9214,-419,1446,1427,135.9,2246.5
218.16,66.2,0.9215,-419,1446,1428,139.3,2243.6
218.18,66.2,0.9215,-418,1446,1428,142.4,2243.6
218.2,66.2,0.9218,-418,1446,1429,145,2236.5
218.22,66.2,0.9218,-417,1446,1429,146.8,2236.5
218.24,66.2,0.9218,-417,1446,1430,147.8,2235.3
218.26,66.2,0.9218,-417,1446,1430,148.4,2235.3
218.28,66.2,0.9218,-416,1446,1431,148.7,2236.5
218.3,66.2,0.9218,-416,1446,1432,148.4,2236.5
218.32,66.2,0.922,-415,1446,1433,147.3,2231.2
218.34,66.2,0.922,-415,1446,1433,145.3,2230.6
218.36,66.2,0.9219,-415,1446,1434,142.5,2232.3
218.38,66.2,0.9219,-415,1445,1435,139.1,2232.3
218.4,66.2,0.9218,-415,1445,1435,135.1,2236.5
218.42,66.2,0.9218,-415,1445,1435,130.8,2237.1
218.44,66.2,0.9218,-415,1446,1436,126.6,2235.3
218.46,66.2,0.9218,-415,1446,1436,122.8,2235.3
218.48,66.2,0.9216,-414,1446,1437,119.6,2242.4
218.5,66.2,0.9216,-414,1446,1437,116.9,2242.4
218.52,66.2,0.9214,-414,1447,1438,114.8,2247.1
218.54,66.2,0.9214,-413,1447,1438,113,2247.1
218.56,66.2,0.9217,-413,1447,1439,111.4,2240
218.58,66.2,0.9217,-414,1447,1439,110,2240
218.6,66.2,0.9216,-414,1447,1439,108.8,2243
218.62,66.2,0.9216,-414,1447,1439,107.9,2243
218.64,66.2,0.9217,-414,1447,1439,107.1,2240
218.66,66.2,0.9217,-414,1447,1439,106.4,2240
218.68,66.2,0.9219,-414,1447,1439,105.8,2234.1
218.7,66.2,0.9219,-414,1447,1440,105.6,2234.1
218.72,66.2,0.9219,-414,1447,1440,105.7,2232.3
218.74,66.2,0.9219,-415,1447,1440,105.9,2232.3
218.76,66.2,0.9222,-415,1447,1440,106.1,2225.2
218.78,66.2,0.9222,-416,1447,1440,106.3,2225.2
218.8,66.2,0.9222,-416,1447,1440,106.3,2225.2
218.82,66.2,0.9222,-417,1447,1439,106.2,2225.2
218.84,66.2,0.9224,-417,1447,1439,106.1,2218.2
218.86,66.2,0.9224,-418,1447,1439,106,2218.7
218.88,66.2,0.9221,-418,1447,1439,105.7,2225.8
218.9,66.2,0.9221,-419,1447,1438,105.4,2225.8
218.92,66.2,0.9223,-420,1447,1438,104.7,2221.1
218.94,66.2,0.9223,-420,1447,1438,103.9,2221.7
218.96,66.2,0.9223,-421,1447,1438,102.9,2219.9
218.98,66.2,0.9223,-421,1447,1438,101.7,2219.9
219,66.2,0.9224,-421,1447,1438,100.4,2217
219.02,66.2,0.9224,-422,1447,1438,99,2217
219.04,66.2,0.9223,-422,1447,1438,97.4,2219.9
219.06,66.2,0.9223,-423,1447,1438,95.8,2219.9
219.08,66.2,0.9225,-423,1447,1438,94.3,2214
219.1,66.2,0.9225,-423,1447,1438,92.8,2214
219.12,66.2,0.9225,-423,1447,1438,91.4,2215.2
219.14,66.2,0.9225,-423,1448,1439,90.4,2215.2
219.16,66.2,0.9227,-423,1448,1439,90.1,2209.3
219.18,66.2,0.9227,-423,1448,1439,90.4,2209.9
219.2,66.2,0.9228,-423,1448,1440,91.1,2205.2
219.22,66.2,0.9228,-423,1448,1440,92.3,2205.7
219.24,66.2,0.9224,-423,1448,1440,94,2218.7
219.26,66.2,0.9224,-422,1448,1441,97,2218.2
219.28,66.2,0.9227,-422,1447,1441,102.3,2208.1
219.3,66.2,0.9227,-422,1447,1442,108.9,2208.1
219.32,66.2,0.9237,-422,1447,1442,116.3,2180.4
219.34,66.2,0.9237,-422,1447,1443,123.8,2180.9
219.36,66.2,0.9239,-422,1447,1443,130.8,2175
219.38,66.2,0.9239,-423,1447,1444,136.7,2175
219.4,66.2,0.9236,-423,1448,1445,140.8,2182.1
219.42,66.2,0.9236,-423,1449,1446,143.1,2182.1
219.44,66.2,0.9236,-423,1451,1447,143.4,2183.3
219.46,66.2,0.9236,-423,1452,1448,142.6,2183.9
219.48,66.2,0.9235,-424,1453,1449,141.3,2186.9
219.5,66.2,0.9235,-424,1454,1449,139.9,2186.3
219.52,66.2,0.9239,-424,1454,1450,137.9,2175
219.54,66.2,0.9239,-425,1455,1450,135.3,2175
219.56,66.2,0.924,-425,1455,1451,132.1,2172.1
219.58,66.2,0.924,-425,1455,1451,128.1,2172.1
219.6,66.2,0.9242,-425,1455,1451,123.8,2165
219.62,66.2,0.9242,-426,1455,1452,119.4,2165
219.64,66.2,0.9242,-426,1455,1452,115.4,2166.2
219.66,66.2,0.9241,-426,1455,1452,112.3,2166.8
219.68,66.2,0.924,-426,1454,1453,111,2172.1
219.7,66.2,0.924,-426,1454,1453,111,2172.1
219.72,66.2,0.924,-425,1455,1454,112.7,2172.1
219.74,66.2,0.924,-425,1455,1455,115.7,2172.1
219.76,66.2,0.9242,-425,1455,1455,119.5,2165
219.78,66.2,0.9242,-425,1456,1455,123.7,2165
219.8,66.2,0.9242,-426,1457,1456,127.7,2165
219.82,66.2,0.9242,-426,1458,1456,131,2165
219.84,66.2,0.9244,-426,1460,1457,133.7,2160.3
219.86,66.2,0.9244,-427,1461,1458,135.6,2160.3
219.88,66.2,0.9246,-427,1463,1458,136.5,2152
219.9,66.2,0.9246,-428,1464,1459,136.5,2152
219.92,66.2,0.9249,-428,1464,1459,135.3,2143.2
219.94,66.2,0.9249,-429,1465,1460,132.9,2144.4
219.96,66.2,0.925,-429,1465,1460,129.6,2141.4
219.98,66.2,0.925,-430,1465,1460,125.7,2140.8
220,66.2,0.9252,-430,1466,1461,121.6,2136.7
220.02,66.2,0.9252,-431,1466,1461,117.4,2136.7
220.04,66.2,0.925,-431,1466,1461,113.3,2142.6
220.06,66.2,0.925,-431,1465,1462,109.7,2142.6
220.08,66.2,0.9251,-431,1465,1462,106.6,2137.9
220.1,66.2,0.9251,-431,1465,1463,104.3,2137.9
220.12,66.2,0.9249,-431,1466,1463,103,2145
220.14,66.2,0.9249,-430,1466,1464,103,2145
220.16,66.2,0.9249,-430,1466,1465,104.7,2145
220.18,66.2,0.9249,-429,1466,1465,108.3,2145
220.2,66.2,0.9253,-428,1467,1465,113.5,2133.2
220.22,66.2,0.9253,-428,1467,1466,120,2133.8
220.24,66.2,0.9256,-428,1467,1466,126.8,2123.7
220.26,66.2,0.9256,-428,1467,1466,133.4,2123.7
220.28,66.2,0.9256,-429,1468,1466,139.5,2122.6
220.3,66.2,0.9256,-429,1468,1467,144.3,2122.6
220.32,66.2,0.9258,-430,1469,1467,147.2,2117.9
220.34,66.2,0.9258,-431,1469,1467,148,2117.9
220.36,66.2,0.9257,-432,1470,1467,146.6,2120.8
220.38,66.2,0.9257,-432,1471,1468,144.3,2120.8
220.4,66.2,0.9256,-433,1472,1468,141.4,2123.7
220.42,66.2,0.9256,-433,1473,1468,138.3,2124.3
220.44,66.2,0.9256,-433,1474,1469,135.2,2122.6
220.46,66.2,0.9257,-433,1475,1469,132.4,2122
220.48,66.2,0.9258,-433,1476,1469,129.7,2119
220.5,66.2,0.9257,-433,1477,1469,127,2119.6
220.52,66.2,0.926,-433,1477,1469,124.1,2112.6
220.54,66.2,0.926,-433,1477,1468,120.9,2112.6
220.56,66.2,0.9258,-434,1477,1468,117.6,2118.4
220.58,66.2,0.9258,-434,1476,1468,114.3,2117.9
220.6,66.2,0.9258,-434,1476,1468,111,2116.7
220.62,66.2,0.9258,-435,1475,1468,108,2116.7
220.64,66.2,0.9255,-435,1475,1468,105.2,2126.7
220.66,66.2,0.9255,-436,1475,1468,102.7,2126.7
220.68,66.2,0.9253,-436,1475,1468,100.4,2131.4
220.7,66.2,0.9253,-436,1475,1468,98.4,2131.4
220.72,66.2,0.9252,-437,1475,1468,96.6,2136.7
220.74,66.2,0.9252,-437,1475,1468,95,2136.7
220.76,66.2,0.9255,-437,1475,1469,93.8,2126.7
220.78,66.2,0.9255,-437,1475,1469,93.1,2127.3
220.8,66.2,0.9256,-438,1475,1469,92.9,2123.2
220.82,66.2,0.9256,-438,1475,1470,93.2,2122.6
220.84,66.2,0.926,-438,1475,1470,93.7,2112.6
220.86,66.2,0.926,-438,1474,1470,94.3,2112.6
220.88,66.2,0.9259,-439,1474,1470,94.8,2114.3
220.9,66.2,0.9259,-439,1474,1470,95.3,2114.3
220.92,66.2,0.9262,-439,1474,1471,95.9,2105.5
220.94,66.2,0.9262,-439,1474,1471,96.7,2105.5
220.96,66.2,0.9262,-440,1474,1471,97.7,2107.3
220.98,66.2,0.9262,-440,1474,1471,99.1,2107.3
221,66.2,0.9264,-440,1474,1472,100.9,2101.4
221.02,66.2,0.9264,-440,1474,1472,103.2,2101.4
221.04,66.2,0.9266,-440,1474,1472,106,2093.1
221.06,66.2,0.9266,-440,1474,1472,109.3,2093.1
221.08,66.2,0.9267,-440,1475,1472,113.2,2091.9
221.1,66.2,0.9267,-439,1475,1472,117.9,2091.4
221.12,66.2,0.9271,-439,1475,1471,123.4,2078.4
221.14,66.2,0.9271,-439,1475,1471,130.1,2078.4
221.16,66.2,0.9275,-438,1475,1471,138,2068.4
221.18,66.2,0.9275,-438,1475,1471,147,2068.4
221.2,66.2,0.9278,-438,1475,1471,156.3,2059.6
221.22,66.2,0.9278,-438,1475,1471,165.3,2060.2
221.24,66.2,0.9272,-438,1475,1472,173.3,2077.2
221.26,66.2,0.9272,-439,1476,1473,178.3,2077.2
221.28,66.2,0.9268,-439,1477,1474,174.7,2088.4
221.3,66.2,0.9268,-439,1478,1475,172,2089
221.32,66.2,0.9268,-439,1478,1476,170.2,2089
221.34,66.2,0.9268,-439,1478,1477,169,2089
221.36,66.2,0.9268,-438,1479,1478,168.9,2087.2
221.38,66.2,0.9268,-438,1480,1480,168.8,2087.2
221.4,66.2,0.9274,-439,1480,1481,166.8,2071.4
221.42,66.2,0.9274,-439,1481,1482,162,2071.9
221.44,66.2,0.9277,-440,1481,1483,155.1,2061.9
221.46,66.2,0.9277,-441,1482,1483,146.8,2061.4
221.48,66.2,0.9282,-441,1482,1483,137.8,2048.4
221.5,66.2,0.9281,-441,1483,1483,128.9,2049
221.52,66.2,0.9281,-441,1484,1483,120.6,2049
221.54,66.2,0.9281,-440,1484,1482,113.4,2049
221.56,66.2,0.9278,-439,1485,1482,107.8,2059
221.58,66.2,0.9278,-438,1485,1482,104.4,2059
221.6,66.2,0.9278,-437,1485,1482,103.2,2059
221.62,66.2,0.9278,-435,1485,1482,104.3,2058.4
221.64,66.2,0.9281,-434,1485,1482,107.6,2050.2
221.66,66.2,0.9281,-433,1484,1483,112.7,2050.2
221.68,66.2,0.9283,-433,1483,1483,119.8,2044.3
221.7,66.2,0.9283,-433,1482,1483,129.1,2044.3
221.72,66.2,0.9283,-434,1481,1483,139.1,2044.3
221.74,66.2,0.9283,-436,1480,1484,148.6,2044.9
221.76,66.2,0.9287,-437,1480,1484,156.5,2032
221.78,66.2,0.9287,-437,1481,1484,161.8,2032
221.8,66.2,0.9287,-438,1482,1484,163.6,2032
221.82,66.2,0.9287,-438,1483,1485,162.8,2032
221.84,66.2,0.9287,-437,1484,1485,160.6,2032
221.86,66.2,0.9287,-437,1486,1485,158.2,2032
221.88,66.2,0.9287,-436,1487,1485,155.9,2032
221.9,66.2,0.9287,-436,1488,1485,153.5,2032
221.92,66.2,0.9291,-435,1489,1485,150.9,2020.2
221.94,66.2,0.9291,-435,1489,1485,147.9,2020.2
221.96,66.2,0.9292,-435,1490,1484,144.2,2017.3
221.98,66.2,0.9292,-435,1490,1484,140.3,2017.3
222,66.2,0.9291,-434,1490,1484,137.3,2020.2
222.02,66.2,0.9291,-434,1489,1484,135.3,2020.8
222.04,66.2,0.9293,-433,1488,1484,134.8,2014.9
222.06,66.2,0.9293,-433,1488,1484,135.7,2014.9
222.08,66.2,0.9294,-432,1487,1485,138.1,2010.8
222.1,66.2,0.9294,-432,1487,1485,141.7,2010.8
222.12,66.2,0.9294,-432,1487,1485,146.3,2010.8
222.14,66.2,0.9294,-432,1487,1486,151.6,2010.8
222.16,66.2,0.9294,-432,1487,1486,157.2,2012
222.18,66.2,0.9294,-433,1486,1486,162.9,2012
222.2,66.2,0.9294,-433,1486,1487,168.4,2010.8
222.22,66.2,0.9294,-433,1486,1487,173.7,2011.4
222.24,66.2,0.9294,-434,1486,1488,176.6,2011.4
222.26,66.2,0.9294,-435,1487,1489,173.3,2010.8
222.28,66.2,0.9296,-436,1487,1490,168.3,2006.7
222.3,66.2,0.9296,-436,1487,1490,162.5,2006.1
222.32,66.2,0.9296,-437,1487,1491,156.4,2004.9
222.34,66.2,0.9296,-437,1487,1491,150.7,2004.9
222.36,66.2,0.93,-437,1487,1491,145.7,1995
222.38,66.2,0.93,-437,1487,1491,141.7,1995
222.4,66.2,0.93,-437,1487,1491,139,1993.8
222.42,66.2,0.93,-438,1486,1491,137.2,1993.8
222.44,66.2,0.9302,-438,1486,1491,135.9,1989.7
222.46,66.2,0.9302,-438,1486,1491,135,1989.7
222.48,66.2,0.9303,-439,1486,1491,134.6,1985
222.5,66.2,0.9303,-440,1486,1491,134.7,1985
222.52,66.2,0.9304,-440,1486,1491,135.4,1983.8
222.54,66.2,0.9303,-441,1486,1491,136.6,1984.4
222.56,66.2,0.9303,-441,1486,1491,138.1,1985.6
222.58,66.2,0.9303,-442,1486,1491,139.7,1985.6
222.6,66.2,0.9303,-443,1486,1492,141.3,1985.6
222.62,66.2,0.9303,-443,1486,1492,142.4,1985.6
222.64,66.2,0.9303,-444,1485,1492,143.3,1985.6
222.66,66.2,0.9303,-444,1485,1493,144,1985
222.68,66.2,0.9302,-444,1485,1494,145,1989.7
222.7,66.2,0.9302,-445,1485,1495,146,1989.7
222.72,66.2,0.9303,-445,1485,1495,147.2,1985.6
222.74,66.2,0.9303,-445,1485,1497,148.6,1985
222.76,66.2,0.9301,-445,1486,1497,150.2,1990.9
222.78,66.2,0.9301,-446,1486,1498,151.8,1990.9
222.8,66.2,0.9304,-446,1487,1499,153.3,1983.8
222.82,66.2,0.9304,-446,1487,1500,154.9,1983.8
222.84,66.2,0.9305,-446,1488,1501,156.5,1980.9
222.86,66.2,0.9305,-446,1488,1501,158.1,1980.9
222.88,66.2,0.9304,-446,1488,1502,159.7,1982.1
222.9,66.2,0.9304,-446,1488,1502,161.2,1982.6
222.92,66.2,0.9305,-446,1489,1503,162.2,1979.7
222.94,66.2,0.9305,-446,1489,1503,162.8,1979.7
222.96,66.2,0.9313,-445,1489,1504,163,1955.1
222.98,66.2,0.9313,-445,1489,1504,162.9,1955.1
223,66.2,0.9313,-445,1489,1505,162.1,1955.1
223.02,66.2,0.9313,-445,1489,1505,160.6,1955.1
223.04,66.2,0.9313,-445,1489,1506,158.5,1955.1
223.06,66.2,0.9313,-444,1490,1507,155.8,1955.7
223.08,66.2,0.9314,-444,1490,1507,153.1,1954.5
223.1,66.2,0.9314,-443,1491,1507,151.2,1953.9
223.12,66.2,0.9316,-442,1491,1507,150.6,1948
223.14,66.2,0.9316,-442,1492,1507,151.1,1948
223.16,66.2,0.9316,-441,1492,1507,152.6,1946.9
223.18,66.2,0.9316,-440,1493,1507,155,1946.9
223.2,66.2,0.9316,-440,1493,1508,158,1946.9
223.22,66.2,0.9316,-439,1493,1508,161.8,1946.3
223.24,66.2,0.9316,-439,1493,1509,166.1,1946.3
223.26,66.2,0.9316,-439,1492,1510,170.3,1946.9
223.28,66.2,0.9318,-439,1493,1512,173.7,1942.2
223.3,66.2,0.9318,-439,1493,1513,176.2,1942.2
223.32,66.2,0.9318,-439,1493,1515,177.5,1941
223.34,66.2,0.9318,-440,1494,1516,177.1,1940.4
223.36,66.2,0.9321,-440,1494,1518,176,1932.2
223.38,66.2,0.9321,-440,1495,1519,174.3,1932.2
223.4,66.2,0.932,-440,1495,1520,171.9,1935.1
223.42,66.2,0.932,-441,1496,1520,168.9,1935.1
223.44,66.2,0.9323,-442,1496,1521,166,1928.1
223.46,66.2,0.9323,-442,1496,1521,163.4,1928.1
223.48,66.2,0.9323,-442,1497,1521,160.9,1928.1
223.5,66.2,0.9323,-443,1497,1522,158.8,1928.1
223.52,66.2,0.9323,-443,1497,1522,156.9,1928.1
223.54,66.2,0.9323,-444,1497,1522,155.2,1928.1
223.56,66.2,0.9323,-444,1497,1522,153.6,1926.4
223.58,66.2,0.9323,-445,1498,1522,152.2,1926.9
223.6,66.2,0.9323,-445,1498,1522,151.1,1928.1
223.62,66.2,0.9323,-445,1498,1523,150.4,1927.5
223.64,66.2,0.9324,-445,1499,1523,150,1924.6
223.66,66.2,0.9324,-445,1499,1523,149.8,1925.2
223.68,66.2,0.9324,-445,1499,1524,149.6,1923.4
223.7,66.2,0.9324,-446,1500,1524,149.4,1924
223.72,66.2,0.9326,-446,1500,1524,149.3,1919.3
223.74,66.2,0.9326,-446,1500,1524,149.1,1919.3
223.76,66.2,0.9326,-447,1500,1525,148.7,1918.2
223.78,66.2,0.9326,-447,1501,1525,148.3,1918.2
223.8,66.2,0.9327,-447,1501,1525,148,1915.2
223.82,66.2,0.9327,-448,1501,1525,148.1,1915.2
223.84,66.2,0.9328,-448,1501,1525,148.2,1912.3
223.86,66.2,0.9328,-449,1501,1525,148.3,1912.9
223.88,66.2,0.9328,-449,1502,1525,148.4,1911.1
223.9,66.2,0.9328,-449,1502,1525,148.4,1911.1
223.92,66.2,0.933,-449,1503,1526,148.4,1905.3
223.94,66.2,0.933,-449,1504,1526,148.3,1905.3
223.96,66.2,0.933,-449,1504,1526,148,1905.3
223.98,66.2,0.933,-449,1505,1526,147.4,1905.3
224,66.2,0.9332,-450,1505,1526,146.6,1900.6
224.02,66.2,0.9332,-450,1506,1526,146,1901.2
224.04,66.2,0.9333,-450,1506,1526,145.3,1898.3
224.06,66.2,0.9333,-450,1506,1526,144.7,1898.3
224.08,66.2,0.9331,-451,1506,1526,144.6,1902.4
224.1,66.2,0.9331,-452,1506,1525,145.2,1902.4
224.12,66.2,0.9332,-453,1506,1525,146.2,1899.4
224.14,66.2,0.9332,-453,1507,1525,147.6,1900
224.16,66.2,0.9333,-452,1508,1525,148.8,1897.1
224.18,66.2,0.9333,-452,1509,1525,149.9,1897.1
224.2,66.2,0.9335,-452,1509,1524,150.7,1892.4
224.22,66.2,0.9335,-452,1510,1524,151.6,1892.4
224.24,66.2,0.9336,-452,1510,1524,152.3,1888.3
224.26,66.2,0.9336,-453,1510,1524,152.7,1888.3
224.28,66.2,0.9337,-454,1510,1524,152.5,1885.4
224.3,66.2,0.9337,-454,1510,1523,152.1,1885.4
224.32,66.2,0.9338,-455,1510,1523,151.4,1884.2
224.34,66.2,0.9338,-455,1510,1523,150.6,1884.2
224.36,66.2,0.9338,-455,1510,1523,149.6,1882.5
224.38,66.2,0.9338,-455,1510,1523,148.8,1882.5
224.4,66.2,0.9338,-455,1510,1523,148.1,1882.5
224.42,66.2,0.9338,-456,1510,1523,147.7,1882.5
224.44,66.2,0.9338,-456,1510,1523,147.5,1884.2
224.46,66.2,0.9338,-456,1510,1523,147.4,1883.6
224.48,66.2,0.9338,-456,1510,1523,147.5,1883.6
224.5,66.2,0.9338,-456,1510,1523,147.6,1883.6
224.52,66.2,0.9339,-456,1510,1523,147.4,1879.5
224.54,66.2,0.9339,-456,1510,1523,147.3,1879.5
224.56,66.2,0.9338,-456,1510,1523,147.3,1883.6
224.58,66.2,0.9338,-456,1510,1522,147.6,1884.2
224.6,66.2,0.9339,-455,1510,1522,148.2,1879.5
224.62,66.2,0.9339,-455,1510,1522,149.3,1879.5
224.64,66.2,0.9341,-454,1509,1522,151.1,1874.9
224.66,66.2,0.9341,-454,1509,1522,153,1875.4
224.68,66.2,0.9346,-454,1509,1522,154.5,1860.8
224.7,66.2,0.9346,-455,1509,1523,155.5,1860.8
224.72,66.2,0.9347,-455,1509,1523,155.9,1855.6
224.74,66.2,0.9347,-455,1508,1523,155.7,1855.6
224.76,66.2,0.9346,-455,1508,1523,154.8,1858.5
224.78,66.2,0.9347,-455,1508,1523,153.2,1857.9
224.8,66.2,0.935,-455,1508,1524,151.2,1849.1
224.82,66.2,0.9349,-455,1508,1524,148.7,1849.7
224.84,66.2,0.9352,-455,1508,1524,145.7,1842.7
224.86,66.2,0.9352,-454,1508,1525,142.4,1842.1
224.88,66.2,0.935,-453,1508,1525,139.2,1849.1
224.9,66.2,0.935,-452,1509,1526,136.3,1849.1
224.92,66.2,0.9351,-452,1509,1526,133.6,1843.9
224.94,66.2,0.9352,-451,1509,1526,131.4,1843.3
224.96,66.2,0.9349,-450,1509,1527,129.5,1850.3
224.98,66.2,0.9349,-450,1509,1527,128.3,1851.5
225,66.2,0.9352,-449,1509,1527,127.8,1841.5
225.02,66.2,0.9353,-448,1510,1528,128.2,1840.4
225.04,66.2,0.935,-447,1510,1528,129.1,1848
225.06,66.2,0.935,-447,1510,1528,130.5,1848
225.08,66.2,0.9352,-447,1510,1528,131.9,1842.1
225.1,66.2,0.9352,-447,1510,1528,133.3,1842.1
225.12,66.2,0.9355,-447,1510,1529,134.7,1833.9
225.14,66.2,0.9355,-446,1510,1529,136,1833.9
225.16,66.2,0.9353,-446,1510,1530,137.2,1839.2
225.18,66.2,0.9353,-446,1510,1530,138.1,1839.2
225.2,66.2,0.9357,-446,1510,1531,138.9,1828.1
225.22,66.2,0.9357,-446,1510,1531,139.7,1828.7
225.24,66.2,0.9357,-446,1510,1532,140.3,1828.7
225.26,66.2,0.9357,-446,1510,1532,140.8,1828.1
225.28,66.2,0.9358,-446,1510,1532,141.2,1823.4
225.3,66.2,0.9358,-446,1510,1533,141.5,1823.4
225.32,66.2,0.9353,-446,1510,1533,141.6,1839.2
225.34,66.2,0.9353,-447,1510,1533,141.4,1839.2
225.36,66.2,0.9356,-447,1510,1533,140.8,1830.4
225.38,66.2,0.9356,-447,1510,1533,140.1,1831
225.4,66.2,0.936,-448,1510,1533,139.4,1818.2
225.42,66.2,0.936,-448,1510,1533,138.5,1818.2
225.44,66.2,0.936,-449,1510,1534,137.4,1819.3
225.46,66.2,0.936,-449,1510,1534,136,1819.3
225.48,66.2,0.936,-449,1509,1534,134.7,1819.3
225.5,66.2,0.936,-450,1509,1534,133.5,1819.3
225.52,66.2,0.9363,-450,1509,1534,132.2,1809.4
225.54,66.2,0.9363,-450,1509,1534,130.9,1809.4
225.56,66.2,0.9361,-451,1509,1534,129.8,1815.2
225.58,66.2,0.9361,-451,1509,1534,128.9,1815.2
225.6,66.2,0.9359,-451,1509,1534,128.3,1821.1
225.62,66.2,0.9359,-451,1509,1534,128,1820.5
225.64,66.2,0.9362,-451,1509,1534,128.1,1812.3
225.66,66.2,0.9362,-451,1509,1535,128.8,1812.3
225.68,66.2,0.9366,-451,1509,1535,129.9,1800.7
225.7,66.2,0.9366,-451,1509,1535,131.5,1800.7
225.72,66.2,0.9366,-451,1509,1535,133.5,1800.7
225.74,66.2,0.9366,-451,1508,1535,135.9,1800.7
225.76,66.2,0.9367,-451,1508,1535,138.6,1799.5
225.78,66.2,0.9367,-451,1508,1536,141.3,1799.5
225.8,66.2,0.9369,-451,1508,1536,143.9,1791.3
225.82,66.2,0.9369,-451,1508,1536,146.1,1791.3
225.84,66.2,0.9372,-451,1509,1537,147.9,1784.3
225.86,66.2,0.9372,-450,1509,1537,149.1,1784.3
225.88,66.2,0.9373,-450,1509,1537,149.8,1779.7
225.9,66.2,0.9373,-450,1510,1538,150.2,1779.7
225.92,66.2,0.9374,-450,1511,1538,150.5,1776.7
225.94,66.2,0.9374,-449,1511,1538,150.6,1776.7
225.96,66.2,0.9375,-449,1512,1539,150.6,1775.6
225.98,66.2,0.9375,-448,1513,1540,150.3,1775
226,66.2,0.9374,-448,1514,1540,149.5,1776.7
226.02,66.2,0.9374,-448,1514,1541,148,1776.7
226.04,66.2,0.9375,-448,1515,1541,145.9,1773.8
226.06,66.2,0.9375,-448,1515,1542,143.2,1773.8
226.08,66.2,0.9375,-448,1516,1542,140,1773.8
226.1,66.2,0.9375,-449,1516,1542,136.7,1773.8
226.12,66.2,0.9373,-449,1516,1542,133.3,1780.8
226.14,66.2,0.9373,-450,1515,1542,130.1,1780.8
226.16,66.2,0.9372,-451,1514,1542,127.6,1782.6
226.18,66.2,0.9373,-451,1513,1543,126.3,1782
226.2,66.2,0.9371,-450,1513,1544,126.9,1787.8
226.22,66.2,0.937,-449,1513,1546,129.3,1788.4
226.24,66.2,0.937,-448,1513,1546,133.4,1788.4
226.26,66.2,0.937,-448,1513,1547,138.8,1788.4
226.28,66.2,0.9372,-448,1514,1549,145,1782.6
226.3,66.2,0.9373,-449,1514,1549,151.5,1782
226.32,66.2,0.9377,-449,1515,1550,157.8,1768
226.34,66.2,0.9377,-449,1516,1551,163.3,1768.6
226.36,66.2,0.938,-450,1516,1551,167,1759.8
226.38,66.2,0.938,-450,1517,1551,168.3,1759.8
226.4,66.2,0.9383,-451,1518,1551,167.4,1752.3
226.42,66.2,0.9383,-452,1519,1551,165.5,1752.8
226.44,66.2,0.9383,-452,1519,1551,163.2,1751.7
226.46,66.2,0.9383,-452,1520,1551,161,1751.1
226.48,66.2,0.9383,-453,1521,1551,158.8,1751.1
226.5,66.2,0.9383,-453,1521,1551,156.7,1751.1
226.52,66.2,0.9384,-454,1521,1550,154.6,1748.2
226.54,66.2,0.9384,-455,1522,1550,152.5,1748.8
226.56,66.2,0.9384,-455,1522,1550,150.4,1749.9
226.58,66.2,0.9384,-456,1522,1550,148.4,1749.9
226.6,66.2,0.9382,-457,1522,1550,146.4,1755.8
226.62,66.2,0.9382,-457,1522,1549,144.3,1755.2
226.64,66.2,0.938,-458,1522,1549,142.3,1761
226.66,66.2,0.938,-458,1522,1549,140.3,1761
226.68,66.2,0.9378,-459,1521,1548,138.2,1766.8
226.7,66.2,0.9378,-459,1521,1548,136.2,1767.4
226.72,66.2,0.9383,-460,1521,1548,134.1,1752.8
226.74,66.2,0.9383,-460,1520,1548,131.9,1752.3
226.76,66.2,0.9387,-461,1520,1548,129.7,1739.4
226.78,66.2,0.9387,-461,1520,1548,127.5,1740
226.8,66.2,0.9383,-461,1519,1548,125.5,1751.1
226.82,66.2,0.9383,-461,1519,1549,124.1,1751.1
226.84,66.2,0.9383,-461,1519,1549,123.2,1752.8
226.86,66.2,0.9383,-460,1518,1549,123.2,1752.8
226.88,66.2,0.9384,-459,1518,1550,125,1748.8
226.9,66.2,0.9384,-458,1518,1551,128.8,1748.8
226.92,66.2,0.9385,-457,1518,1552,134.1,1745.8
226.94,66.2,0.9385,-457,1517,1552,140.6,1745.8
226.96,66.2,0.9388,-456,1518,1553,147.6,1737.1
226.98,66.2,0.9388,-455,1519,1554,154.4,1737.1
227,66.2,0.9392,-455,1520,1555,160.1,1726
227.02,66.2,0.9392,-455,1521,1555,163.6,1725.5
227.04,66.2,0.9395,-455,1521,1554,164.2,1715.6
227.06,66.2,0.9395,-455,1522,1554,163,1716.1
227.08,66.2,0.9397,-455,1523,1553,161.5,1710.3
227.1,66.2,0.9397,-456,1524,1553,160.4,1710.3
227.12,66.2,0.9398,-458,1524,1552,159.4,1707.4
227.14,66.2,0.9398,-458,1524,1551,158.5,1707.4
227.16,66.2,0.9397,-458,1524,1550,157.4,1711.5
227.18,66.2,0.9397,-458,1525,1549,155.7,1712.1
227.2,66.2,0.9397,-458,1525,1549,153.3,1710.3
227.22,66.2,0.9397,-458,1525,1549,150.3,1710.3
227.24,66.2,0.9394,-458,1525,1549,147.9,1718.5
227.26,66.2,0.9394,-457,1525,1549,146.2,1718.5
227.28,66.2,0.9392,-457,1525,1549,145.6,1724.3
227.3,66.2,0.9392,-456,1525,1550,146,1724.9
227.32,66.2,0.9393,-456,1525,1550,147.8,1722
227.34,66.2,0.9393,-456,1526,1550,150.7,1721.4
227.36,66.2,0.9398,-456,1526,1551,154.3,1708.6
227.38,66.2,0.9398,-455,1527,1551,158.2,1709.2
227.4,66.2,0.9398,-455,1527,1551,162.1,1706.8
227.42,66.2,0.9399,-455,1528,1551,165.9,1706.2
227.44,66.2,0.94,-455,1528,1551,169.2,1703.3
227.46,66.2,0.94,-455,1529,1551,171.8,1702.8
227.48,66.2,0.9401,-455,1529,1551,173.2,1699.8
227.5,66.2,0.9401,-455,1529,1551,173.2,1700.4
227.52,66.2,0.9404,-456,1529,1551,172.2,1689.4
227.54,66.2,0.9404,-456,1529,1550,170.7,1689.4
227.56,66.2,0.9406,-457,1529,1550,169.1,1683.6
227.58,66.2,0.9406,-458,1529,1550,167.5,1683.6
227.6,66.2,0.9407,-458,1529,1550,165.9,1682.4
227.62,66.2,0.9407,-458,1529,1550,164.5,1681.8
227.64,66.2,0.9409,-459,1529,1550,163.4,1676.6
227.66,66.2,0.9409,-459,1529,1550,162.6,1676.6
227.68,66.2,0.9409,-459,1528,1550,162.4,1675.4
227.7,66.2,0.9409,-459,1528,1550,162.9,1674.8
227.72,66.2,0.941,-459,1528,1550,163.9,1673.7
227.74,66.2,0.941,-459,1527,1551,165.2,1673.7
227.76,66.2,0.941,-459,1527,1551,166.2,1672.5
227.78,66.2,0.941,-459,1528,1552,166.2,1672.5
227.8,66.2,0.9411,-459,1528,1552,165.4,1669.6
227.82,66.2,0.9411,-460,1529,1552,164.2,1669.6
227.84,66.2,0.9413,-460,1529,1553,162.8,1665.5
227.86,66.2,0.9413,-460,1530,1553,161.3,1665.5
227.88,66.2,0.9415,-461,1530,1553,159.8,1659.7
227.9,66.2,0.9415,-461,1530,1553,158.2,1659.7
227.92,66.2,0.9414,-461,1530,1552,156.6,1662.6
227.94,66.2,0.9414,-461,1530,1552,155.1,1662.6
227.96,66.2,0.9414,-461,1530,1553,153.7,1660.9
227.98,66.2,0.9414,-461,1530,1553,152.4,1661.5
228,66.2,0.9415,-461,1530,1553,151.5,1659.7
228.02,66.2,0.9415,-461,1529,1553,151,1659.7
228.04,66.2,0.9415,-460,1529,1554,151.4,1658.6
228.06,66.2,0.9415,-460,1529,1555,152.5,1658.6
228.08,66.2,0.9415,-460,1529,1556,154.2,1658.6
228.1,66.2,0.9415,-460,1529,1556,155.7,1658.6
228.12,66.2,0.9418,-461,1529,1557,157,1648.7
228.14,66.2,0.9418,-461,1529,1557,157.9,1648.7
228.16,66.2,0.942,-461,1530,1557,158.4,1644.6
228.18,66.2,0.942,-461,1530,1557,158.5,1644.6
228.2,66.2,0.9421,-461,1530,1558,158.7,1640
228.22,66.2,0.9421,-461,1530,1558,158.9,1640
228.24,66.2,0.9422,-461,1530,1558,159.8,1638.8
228.26,66.2,0.9422,-460,1530,1559,161.1,1638.8
228.28,66.2,0.9424,-460,1530,1559,162.9,1631.8
228.3,66.2,0.9424,-460,1530,1559,165.3,1631.8
228.32,66.2,0.9424,-459,1530,1560,167.7,1633.6
228.34,66.2,0.9424,-459,1531,1560,170.4,1633.6
228.36,66.2,0.9424,-459,1531,1560,172.6,1632.4
228.38,66.2,0.9424,-459,1532,1561,174.2,1631.8
228.4,66.2,0.9421,-458,1532,1561,174.9,1640
228.42,66.2,0.9421,-458,1532,1562,174.4,1640
228.44,66.2,0.9423,-458,1533,1562,173,1635.9
228.46,66.2,0.9423,-458,1533,1563,171.1,1635.9
228.48,66.2,0.9425,-458,1532,1563,169.2,1628.9
228.5,66.2,0.9425,-458,1532,1564,167.6,1628.9
228.52,66.2,0.9427,-458,1532,1564,166.7,1623.7
228.54,66.2,0.9427,-458,1531,1565,166.7,1623.7
228.56,66.2,0.9426,-457,1531,1565,167.4,1626
228.58,66.2,0.9426,-457,1530,1566,168.4,1626
228.6,66.2,0.9426,-456,1530,1566,169.4,1626
228.62,66.2,0.9426,-456,1530,1566,169.8,1626
228.64,66.2,0.943,-456,1529,1567,169.5,1616.2
228.66,66.2,0.943,-456,1529,1567,168.4,1616.2
228.68,66.2,0.943,-456,1529,1567,166.8,1616.2
228.7,66.2,0.943,-455,1529,1567,165.1,1616.2
228.72,66.2,0.9432,-455,1529,1568,163.5,1609.2
228.74,66.2,0.9432,-455,1529,1568,162.3,1609.2
228.76,66.2,0.9431,-455,1529,1569,161.4,1612.1
228.78,66.2,0.9431,-455,1529,1569,160.8,1612.1
228.8,66.2,0.9433,-455,1530,1570,160.3,1605.1
228.82,66.2,0.9433,-455,1530,1570,159.9,1605.1
228.84,66.2,0.9434,-455,1530,1570,159.6,1603.4
228.86,66.2,0.9434,-455,1530,1571,159.5,1604
228.88,66.2,0.9434,-455,1530,1571,159.5,1602.2
228.9,66.2,0.9435,-455,1530,1571,159.6,1601.7
228.92,66.2,0.9436,-456,1529,1571,159.7,1597.6
228.94,66.2,0.9436,-456,1529,1571,159.6,1597.6
228.96,66.2,0.9435,-457,1529,1572,159.5,1599.3
228.98,66.2,0.9435,-457,1529,1572,159.2,1599.9
229,66.2,0.9436,-457,1529,1572,158.7,1597
229.02,66.2,0.9436,-458,1529,1572,157.9,1596.4
229.04,66.2,0.9436,-458,1530,1573,156.9,1596.4
229.06,66.2,0.9436,-459,1530,1573,155.5,1596.4
229.08,66.2,0.9438,-459,1530,1574,153.9,1592.4
229.1,66.2,0.9438,-459,1530,1574,152.2,1592.4
229.12,66.2,0.9437,-460,1530,1574,150.5,1594.1
229.14,66.2,0.9437,-460,1530,1574,148.9,1594.1
229.16,66.2,0.9438,-460,1531,1574,147.5,1592.4
229.18,66.2,0.9438,-460,1531,1574,146.3,1592.4
229.2,66.2,0.9436,-460,1531,1574,145.4,1596.4
229.22,66.2,0.9436,-460,1531,1574,144.6,1596.4
229.24,66.2,0.9439,-461,1531,1575,143.8,1589.5
229.26,66.2,0.9439,-461,1531,1575,143.1,1589.5
229.28,66.2,0.9439,-461,1531,1575,142.4,1589.5
229.3,66.2,0.9439,-462,1532,1575,141.6,1589.5
229.32,66.2,0.944,-462,1532,1575,140.7,1585.4
229.34,66.2,0.944,-463,1532,1575,139.9,1585.4
229.36,66.2,0.9441,-463,1533,1575,139.1,1582.5
229.38,66.2,0.9441,-463,1533,1575,138.5,1582.5
229.4,66.2,0.9442,-463,1534,1575,138.2,1580.8
229.42,66.2,0.9442,-463,1535,1575,138,1580.8
229.44,66.2,0.9442,-463,1535,1575,138,1580.8
229.46,66.2,0.9442,-464,1536,1575,138.1,1580.8
229.48,66.2,0.9444,-464,1537,1575,138.1,1575.6
229.5,66.2,0.9444,-464,1537,1576,138.1,1575.6
229.52,66.2,0.9444,-464,1538,1576,137.9,1573.8
229.54,66.2,0.9444,-465,1538,1576,137.5,1574.4
229.56,66.2,0.9446,-465,1538,1575,136.8,1569.8
229.58,66.2,0.9446,-466,1539,1575,136,1569.8
229.6,66.2,0.9447,-466,1539,1575,135,1565.7
229.62,66.2,0.9447,-467,1539,1575,134,1565.7
229.64,66.2,0.9448,-467,1539,1575,132.8,1564
229.66,66.2,0.9447,-468,1539,1575,131.7,1564.6
229.68,66.2,0.9448,-468,1539,1575,130.6,1561.7
229.7,66.2,0.9448,-468,1539,1575,129.7,1561.7
229.72,66.2,0.9449,-469,1539,1575,128.9,1559.9
229.74,66.2,0.9449,-469,1539,1575,128.6,1559.9
229.76,66.2,0.945,-469,1540,1575,128.8,1555.9
229.78,66.2,0.945,-468,1540,1574,129.8,1555.9
229.8,66.2,0.9451,-467,1540,1574,132.4,1553
229.82,66.2,0.9451,-466,1540,1574,136.5,1553.5
229.84,66.2,0.9453,-466,1539,1574,141.5,1548.9
229.86,66.2,0.9453,-466,1540,1575,146.2,1548.9
229.88,66.2,0.9457,-465,1540,1575,150.3,1536.2
229.9,66.2,0.9457,-465,1540,1575,153.6,1536.2
229.92,66.2,0.9458,-465,1542,1576,155.9,1533.3
229.94,66.2,0.9458,-465,1543,1576,157.6,1533.9
229.96,66.2,0.9458,-465,1544,1577,158.9,1533.9
229.98,66.2,0.9458,-465,1545,1578,160.1,1533.9
230,66.2,0.9458,-465,1545,1578,161.1,1535
230.02,66.2,0.9458,-465,1545,1578,161.6,1535
230.04,66.2,0.946,-465,1546,1578,161.4,1528.1
230.06,66.2,0.946,-465,1546,1579,160.5,1528.1
230.08,66.2,0.9461,-466,1546,1579,159.2,1525.2
230.1,66.2,0.9461,-466,1546,1579,157.4,1524.6
230.12,66.2,0.9463,-466,1546,1579,155.4,1520.5
230.14,66.2,0.9462,-467,1546,1579,153,1521.1
230.16,66.2,0.9462,-467,1546,1579,150.4,1522.3
230.18,66.2,0.9462,-467,1547,1580,147.8,1522.3
230.2,66.2,0.9463,-466,1548,1580,145.1,1519.4
230.22,66.2,0.9463,-466,1549,1580,142.4,1519.4
230.24,66.2,0.9462,-465,1550,1580,139.8,1522.3
230.26,66.2,0.9462,-465,1551,1581,137.2,1522.3
230.28,66.2,0.9463,-464,1551,1581,134.6,1518.2
230.3,66.2,0.9463,-463,1552,1581,132.2,1518.2
230.32,66.2,0.9463,-463,1552,1582,129.9,1518.2
230.34,66.2,0.9463,-462,1553,1582,128,1518.2
230.36,66.2,0.9464,-461,1553,1582,126.7,1515.3
230.38,66.2,0.9464,-461,1554,1583,126,1515.3
230.4,66.2,0.9464,-460,1554,1583,125.8,1515.3
230.42,66.2,0.9464,-460,1554,1583,125.9,1515.3
230.44,66.2,0.9464,-461,1554,1583,125.9,1516.5
230.46,66.2,0.9464,-461,1554,1584,126,1517.1
230.48,66.2,0.9466,-461,1554,1584,126.2,1511.3
230.5,66.2,0.9466,-461,1555,1584,126.5,1511.3
230.52,66.2,0.9466,-461,1555,1584,127.2,1511.3
230.54,66.2,0.9466,-461,1555,1584,128.5,1511.3
230.56,66.2,0.9466,-461,1555,1584,130.2,1509.5
230.58,66.2,0.9466,-460,1556,1584,132.5,1509.5
230.6,66.2,0.9468,-461,1556,1584,134.9,1505.5
230.62,66.2,0.9468,-461,1556,1584,137.4,1504.9
230.64,66.2,0.9471,-461,1556,1584,139.8,1495.1
230.66,66.2,0.9471,-461,1556,1584,142.1,1495.7
230.68,66.2,0.9474,-462,1556,1584,144.3,1488.7
230.7,66.2,0.9474,-462,1556,1584,146.3,1488.7
230.72,66.2,0.9476,-463,1556,1584,148,1482.9
230.74,66.2,0.9476,-463,1556,1584,149.4,1482.9
230.76,66.2,0.9478,-463,1556,1584,150.7,1477.2
230.78,66.2,0.9478,-464,1556,1584,151.9,1477.2
230.8,66.2,0.9477,-464,1557,1584,153,1478.9
230.82,66.2,0.9477,-464,1557,1584,154.1,1478.3
230.84,66.2,0.9478,-464,1557,1584,155.3,1475.4
230.86,66.2,0.9478,-464,1557,1584,156.4,1475.4
230.88,66.2,0.9477,-464,1558,1584,157.4,1478.3
230.9,66.2,0.9477,-464,1559,1584,158.4,1478.9
230.92,66.2,0.9479,-464,1559,1584,159.3,1473.1
230.94,66.2,0.9479,-465,1559,1584,160,1473.1
230.96,66.2,0.9479,-465,1559,1584,160.2,1473.1
230.98,66.2,0.9479,-465,1560,1584,160,1473.1
231,66.2,0.948,-466,1560,1584,159.2,1470.2
231.02,66.2,0.948,-466,1560,1584,158,1470.8
231.04,66.2,0.9481,-467,1560,1584,156.1,1466.2
231.06,66.2,0.9481,-467,1560,1584,153.8,1466.2
231.08,66.2,0.9483,-467,1560,1583,151.1,1460.4
231.1,66.2,0.9483,-467,1560,1583,148.4,1460.4
231.12,66.2,0.9484,-467,1560,1583,145.8,1459.2
231.14,66.2,0.9484,-467,1560,1583,143.8,1459.2
231.16,66.2,0.9484,-467,1560,1583,142.5,1459.2
231.18,66.2,0.9484,-466,1560,1583,141.7,1459.2
231.2,66.2,0.9484,-466,1560,1582,141.6,1459.2
231.22,66.2,0.9484,-466,1560,1583,142,1459.2
231.24,66.2,0.9485,-466,1559,1583,143,1454.6
231.26,66.2,0.9485,-466,1559,1583,144.2,1455.2
231.28,66.2,0.9487,-466,1559,1583,145.6,1451.2
231.3,66.2,0.9487,-466,1559,1583,147.3,1450.6
231.32,66.2,0.9488,-466,1559,1583,149.1,1447.7
231.34,66.2,0.9488,-466,1559,1583,150.9,1448.3
231.36,66.2,0.9489,-466,1559,1583,152.5,1445.4
231.38,66.2,0.9489,-466,1559,1584,153.9,1444.8
231.4,66.2,0.9489,-466,1559,1584,154.7,1443.7
231.42,66.2,0.9489,-466,1559,1585,154.9,1443.7
231.44,66.2,0.9489,-465,1559,1586,154.2,1444.8
231.46,66.2,0.9489,-465,1559,1586,152.6,1444.8
231.48,66.2,0.9491,-465,1560,1587,150,1439
231.5,66.2,0.9491,-465,1560,1588,146.8,1439.6
231.52,66.2,0.9491,-465,1560,1588,143.4,1437.9
231.54,66.2,0.9491,-465,1560,1589,139.8,1437.9
231.56,66.2,0.9493,-465,1560,1589,136.4,1433.8
231.58,66.2,0.9493,-464,1560,1589,133.5,1433.8
231.6,66.2,0.9493,-464,1560,1589,131.2,1433.8
231.62,66.2,0.9493,-464,1560,1590,129.6,1433.8
231.64,66.2,0.9493,-464,1560,1590,128.6,1433.8
231.66,66.2,0.9493,-464,1560,1590,128.3,1433.8
231.68,66.2,0.9493,-464,1560,1591,128.7,1431.5
231.7,66.2,0.9493,-464,1560,1591,129.8,1431.5
231.72,66.2,0.9494,-464,1560,1591,131.6,1428.6
231.74,66.2,0.9494,-464,1560,1592,133.7,1428.6
231.76,66.2,0.9494,-464,1560,1592,135.9,1428.6
231.78,66.2,0.9495,-464,1560,1592,138.2,1428.1
231.8,66.2,0.9496,-464,1561,1593,140.4,1425.2
231.82,66.2,0.9496,-464,1561,1594,142.5,1425.2
231.84,66.2,0.9498,-464,1561,1594,144.2,1418.3
231.86,66.2,0.9498,-464,1561,1595,145.6,1418.8
231.88,66.2,0.9499,-464,1562,1595,146.6,1415.9
231.9,66.2,0.9499,-465,1562,1596,147.3,1415.4
231.92,66.2,0.9499,-465,1562,1596,147.6,1415.4
231.94,66.2,0.9499,-465,1562,1596,147.7,1415.4
231.96,66.2,0.9501,-466,1562,1596,147.8,1408.4
231.98,66.2,0.9501,-466,1563,1597,148,1408.4
232,66.2,0.9501,-466,1563,1597,148.1,1408.4
232.02,66.2,0.9502,-467,1563,1597,148.2,1407.9
232.04,66.2,0.9502,-467,1563,1597,148.3,1406.7
232.06,66.2,0.9502,-467,1563,1598,148.5,1406.7
232.08,66.2,0.9503,-467,1563,1598,148.8,1402.7
232.1,66.2,0.9503,-467,1564,1598,149.1,1402.7
232.12,66.2,0.9504,-468,1564,1598,149.4,1401.5
232.14,66.2,0.9504,-468,1564,1599,149.7,1401.5
232.16,66.2,0.9504,-468,1564,1599,150,1401.5
232.18,66.2,0.9504,-468,1564,1599,150.3,1400.9
232.2,66.2,0.9504,-468,1564,1599,150.6,1399.8
232.22,66.2,0.9504,-468,1564,1600,151,1399.8
232.24,66.2,0.9507,-468,1564,1600,151.4,1392.9
232.26,66.2,0.9507,-468,1564,1600,151.9,1392.9
232.28,66.2,0.9508,-468,1564,1601,152.2,1390
232.3,66.2,0.9508,-468,1564,1601,152.5,1390
232.32,66.2,0.9508,-468,1565,1601,152.7,1388.3
232.34,66.2,0.9508,-468,1565,1602,152.7,1388.8
232.36,66.2,0.9509,-468,1565,1602,152.5,1387.1
232.38,66.2,0.9509,-468,1565,1603,152.1,1387.1
232.4,66.2,0.951,-468,1565,1603,151.7,1384.2
232.42,66.2,0.951,-468,1565,1604,151.2,1384.2
232.44,66.2,0.951,-468,1566,1604,150.6,1384.2
232.46,66.2,0.951,-468,1566,1605,149.9,1384.2
232.48,66.2,0.9508,-468,1566,1605,149.1,1388.3
232.5,66.2,0.9508,-467,1566,1606,148.1,1388.3
232.52,66.2,0.951,-467,1567,1607,146.8,1384.2
232.54,66.2,0.951,-467,1567,1607,145.5,1384.2
232.56,66.2,0.9512,-467,1567,1608,144.1,1377.3
232.58,66.2,0.9512,-467,1567,1608,143.1,1377.3
232.6,66.2,0.9513,-467,1567,1609,142.3,1376.2
232.62,66.2,0.9513,-467,1567,1609,141.7,1375.6
232.64,66.2,0.9512,-467,1567,1610,141.2,1378.5
232.66,66.2,0.9512,-467,1568,1610,140.8,1378.5
232.68,66.2,0.9513,-467,1568,1611,140.5,1374.4
232.7,66.2,0.9513,-467,1568,1612,140.3,1374.4
232.72,66.2,0.9514,-467,1569,1612,140.3,1371.5
232.74,66.2,0.9514,-468,1569,1613,140.2,1371.5
232.76,66.2,0.9516,-468,1569,1613,140.1,1367.5
232.78,66.2,0.9516,-468,1570,1613,139.9,1366.9
232.8,66.2,0.9515,-468,1570,1614,139.5,1369.8
232.82,66.2,0.9515,-468,1571,1614,139,1370.4
232.84,66.2,0.9518,-469,1571,1614,138.4,1361.8
232.86,66.2,0.9517,-469,1571,1614,137.7,1362.3
232.88,66.2,0.9517,-469,1572,1614,137,1364.6
232.9,66.2,0.9517,-469,1572,1614,136.4,1364.6
232.92,66.2,0.9517,-470,1572,1614,135.9,1362.9
232.94,66.2,0.9517,-470,1573,1614,135.6,1362.9
232.96,66.2,0.952,-470,1573,1614,135.5,1356
232.98,66.2,0.952,-470,1573,1614,135.5,1356
233,66.2,0.9518,-471,1573,1614,135.7,1360.6
233.02,66.2,0.9518,-471,1573,1614,136,1360.6
233.04,66.2,0.952,-471,1574,1614,136.5,1354.8
233.06,66.2,0.952,-472,1574,1614,137.1,1354.8
233.08,66.2,0.9522,-472,1574,1614,137.9,1347.9
233.1,66.2,0.9522,-472,1574,1614,138.9,1347.9
233.12,66.2,0.9523,-472,1574,1613,140.3,1345.1
233.14,66.2,0.9523,-472,1574,1613,142.1,1345.1
233.16,66.2,0.9524,-472,1575,1613,144.3,1342.2
233.18,66.2,0.9524,-471,1575,1613,146.9,1342.2
233.2,66.2,0.9525,-471,1575,1614,149.7,1339.3
233.22,66.2,0.9525,-471,1575,1614,152.4,1339.3
233.24,66.2,0.9527,-471,1575,1614,155,1335.3
233.26,66.2,0.9527,-471,1576,1614,157.5,1335.3
233.28,66.2,0.9528,-471,1576,1614,159.6,1331.2
233.3,66.2,0.9528,-471,1577,1615,161.5,1330.7
233.32,66.2,0.953,-471,1577,1615,163,1326.6
233.34,66.2,0.953,-471,1578,1615,164,1326.6
233.36,66.2,0.9531,-471,1578,1615,164.4,1322.6
233.38,66.2,0.9531,-471,1579,1615,164.5,1322.6
233.4,66.2,0.9532,-471,1579,1615,164.3,1319.7
233.42,66.2,0.9532,-471,1580,1615,163.8,1319.7
233.44,66.2,0.9531,-470,1580,1615,162.8,1322.6
233.46,66.2,0.9531,-471,1581,1615,161.4,1323.2
233.48,66.2,0.9533,-471,1581,1615,159.8,1317.4
233.5,66.2,0.9533,-471,1581,1614,158.2,1316.9
233.52,66.2,0.9536,-471,1582,1614,156.5,1309.9
233.54,66.2,0.9536,-471,1582,1614,155,1309.9
233.56,66.2,0.9535,-471,1582,1614,153.6,1312.8
233.58,66.2,0.9535,-471,1582,1613,152.6,1312.8
233.6,66.2,0.9535,-471,1582,1613,151.9,1312.8
233.62,66.2,0.9535,-471,1583,1613,151.4,1312.8
233.64,66.2,0.9535,-471,1583,1613,151.2,1312.8
233.66,66.2,0.9535,-471,1583,1613,151.1,1312.8
233.68,66.2,0.9537,-471,1583,1613,151.3,1307.1
233.7,66.2,0.9537,-471,1583,1613,151.6,1307.1
233.72,66.2,0.9537,-471,1583,1613,152.1,1304.8
233.74,66.2,0.9538,-471,1583,1613,152.8,1304.2
233.76,66.2,0.9538,-471,1583,1613,153.4,1303
233.78,66.2,0.9538,-471,1583,1613,153.8,1303
233.8,66.2,0.9539,-470,1584,1613,154.1,1300.2
233.82,66.2,0.9539,-470,1584,1614,154.4,1300.2
233.84,66.2,0.9539,-470,1584,1614,154.6,1299
233.86,66.2,0.954,-470,1585,1614,154.7,1298.4
233.88,66.2,0.954,-471,1585,1614,154.6,1297.3
233.9,66.2,0.954,-471,1585,1614,154.3,1297.9
233.92,66.2,0.9542,-471,1586,1614,153.7,1292.1
233.94,66.2,0.9542,-471,1586,1614,153,1291.5
233.96,66.2,0.9541,-471,1587,1614,151.9,1294.4
233.98,66.2,0.9541,-471,1587,1614,150.7,1294.4
234,66.2,0.9542,-471,1587,1614,149.4,1291.5
234.02,66.2,0.9542,-471,1587,1614,148.2,1291.5
234.04,66.2,0.9544,-471,1588,1614,147.1,1285.8
234.06,66.2,0.9544,-471,1588,1614,146.2,1285.8
234.08,66.2,0.9543,-471,1588,1614,145.7,1288.7
234.1,66.2,0.9543,-471,1588,1614,145.4,1288.7
234.12,66.2,0.9544,-471,1588,1614,145.5,1284.7
234.14,66.2,0.9544,-471,1588,1614,145.8,1284.7
234.16,66.2,0.9544,-471,1588,1614,146.3,1285.8
234.18,66.2,0.9544,-471,1588,1614,147.1,1285.8
234.2,66.2,0.9545,-471,1588,1615,148.1,1281.8
234.22,66.2,0.9545,-471,1588,1615,149.4,1281.8
234.24,66.2,0.9545,-471,1588,1615,150.9,1282.9
234.26,66.2,0.9545,-471,1588,1615,152.5,1283.5
234.28,66.2,0.9548,-471,1588,1615,154.2,1273.7
234.3,66.2,0.9548,-471,1588,1615,156,1273.7
234.32,66.2,0.9548,-471,1588,1616,157.6,1273.7
234.34,66.2,0.9548,-471,1588,1616,159,1273.2
234.36,66.2,0.9549,-472,1589,1616,160.1,1270.3
234.38,66.2,0.9549,-472,1589,1616,160.8,1270.3
234.4,66.2,0.9549,-472,1589,1616,161.3,1270.3
234.42,66.2,0.9549,-472,1589,1616,161.4,1270.3
234.44,66.2,0.955,-472,1589,1617,161.3,1267.4
234.46,66.2,0.955,-472,1589,1617,161,1268
234.48,66.2,0.9551,-472,1589,1617,160.7,1265.1
234.5,66.2,0.9551,-471,1589,1617,160.5,1265.1
234.52,66.2,0.9551,-471,1589,1618,160.4,1265.1
234.54,66.2,0.9551,-471,1589,1618,160.6,1265.1
234.56,66.2,0.9553,-470,1589,1618,161.1,1259.4
234.58,66.2,0.9553,-470,1589,1619,161.8,1259.4
234.6,66.2,0.9553,-470,1589,1619,162.7,1259.4
234.62,66.2,0.9553,-470,1588,1619,163.8,1258.8
234.64,66.2,0.9553,-468,1589,1620,164.9,1258.8
234.66,66.2,0.9553,-430,1599,1621,164.1,1259.4
234.68,66.2,0.956,-434,1598,1623,147.2,1238.7
234.7,66.2,0.9561,-436,1598,1626,126.1,1238.1
234.72,66.2,0.9555,-437,1597,1629,105.1,1255.4
234.74,66.2,0.9555,-421,1596,1635,98.3,1255.4
234.76,66.2,0.956,-427,1595,1634,102.2,1239.9
234.78,66.2,0.956,-427,1594,1634,103.7,1239.9
234.8,66.2,0.9559,-427,1594,1634,106.7,1242.7
234.82,66.2,0.9559,-427,1594,1634,109.9,1242.7
234.84,66.2,0.9558,-428,1594,1635,113.4,1245.6
234.86,66.2,0.9558,-428,1594,1635,116.7,1245.6
234.88,66.2,0.9558,-429,1594,1636,119.9,1246.7
234.9,66.2,0.9558,-432,1593,1637,119.5,1246.7
234.92,66.2,0.9557,-432,1593,1637,115.4,1249.6
234.94,66.2,0.9557,-433,1593,1637,111.7,1249.6
234.96,66.2,0.9558,-434,1593,1638,108.5,1245.6
234.98,66.2,0.9558,-430,1593,1642,108.2,1245.6
235,66.2,0.9558,-432,1592,1643,108.8,1246.7
235.02,66.2,0.9558,-433,1591,1645,108.9,1246.7
235.04,66.2,0.9557,-433,1590,1647,109,1248.5
235.06,66.2,0.9557,-433,1590,1648,109.3,1247.9
235.08,66.2,0.9558,-434,1590,1649,109.4,1245.6
235.1,66.2,0.9558,-434,1590,1649,109.4,1245.6
235.12,66.2,0.9558,-434,1590,1650,109.3,1245.6
235.14,66.2,0.9558,-434,1589,1650,109.1,1245.6
235.16,66.2,0.9557,-434,1589,1651,108.9,1247.3
235.18,66.2,0.9558,-434,1589,1651,108.7,1246.7
235.2,66.2,0.9559,-434,1588,1652,108.7,1242.7
235.22,66.2,0.9559,-435,1588,1652,108.6,1242.7
235.24,66.2,0.9558,-435,1588,1653,108.7,1246.7
235.26,66.2,0.9558,-435,1588,1653,108.6,1246.7
235.28,66.2,0.9558,-435,1588,1653,108.7,1244.4
235.3,66.2,0.9558,-435,1588,1653,108.7,1244.4
235.32,66.2,0.9558,-435,1588,1654,108.7,1245.6
235.34,66.2,0.9558,-435,1588,1654,108.7,1245.6
235.36,66.2,0.9558,-435,1588,1654,108.7,1245.6
235.38,66.2,0.9558,-435,1588,1654,108.7,1245.6
235.4,66.2,0.9558,-435,1588,1655,108.7,1245.6
235.42,66.2,0.9558,-435,1588,1655,108.7,1245.6
235.44,66.2,0.9558,-435,1588,1655,108.7,1245.6
235.46,66.2,0.9558,-435,1588,1655,108.7,1245.6
235.48,66.2,0.9559,-435,1588,1656,108.7,1243.3
235.5,66.2,0.9559,-435,1588,1656,108.7,1243.3
235.52,66.2,0.9558,-435,1588,1656,108.7,1246.2
235.54,66.2,0.9558,-435,1588,1656,108.7,1246.2
235.56,66.2,0.9559,-435,1588,1657,108.7,1243.3
235.58,66.2,0.9559,-435,1588,1657,108.7,1243.3
235.6,66.2,0.9558,-435,1588,1657,108.7,1245.6
235.62,66.2,0.9558,-435,1588,1657,108.7,1245.6
235.64,66.2,0.9559,-435,1588,1658,108.7,1243.3
235.66,66.2,0.9559,-435,1588,1658,108.7,1243.3
235.68,66.2,0.9557,-435,1588,1658,108.7,1247.3
235.7,66.2,0.9557,-435,1588,1658,108.7,1247.3
235.72,66.2,0.9559,-436,1588,1659,108.7,1243.3
235.74,66.2,0.9559,-436,1588,1659,108.7,1243.3
235.76,66.2,0.9558,-436,1588,1659,108.7,1246.2
235.78,66.2,0.9558,-436,1588,1659,108.7,1246.2
235.8,66.2,0.9558,-436,1588,1660,108.7,1244.4
235.82,66.2,0.9558,-436,1588,1660,108.7,1244.4
235.84,66.2,0.9558,-436,1588,1660,108.7,1244.4
235.86,66.2,0.9558,-436,1588,1660,108.7,1244.4
235.88,66.2,0.9558,-436,1588,1661,108.7,1245.6
235.9,66.2,0.9558,-436,1588,1661,108.7,1246.2
235.92,66.2,0.9559,-436,1588,1661,108.7,1242.1
235.94,66.2,0.9559,-436,1588,1661,108.7,1241.6
235.96,66.2,0.9557,-436,1588,1662,108.7,1247.3
235.98,66.2,0.9557,-436,1588,1662,108.7,1247.3
236,66.2,0.9559,-436,1588,1662,108.7,1243.3
236.02,66.2,0.9559,-436,1588,1662,108.7,1243.3
236.04,66.2,0.9559,-436,1588,1663,108.7,1243.3
236.06,66.2,0.9559,-436,1588,1663,108.7,1242.7
236.08,66.2,0.9558,-436,1588,1663,108.7,1244.4
236.1,66.2,0.9558,-436,1588,1663,108.7,1244.4
236.12,66.2,0.9557,-436,1588,1664,108.7,1249
236.14,66.2,0.9557,-436,1588,1664,108.7,1249
236.16,66.2,0.9557,-436,1588,1664,108.7,1247.9
236.18,66.2,0.9557,-436,1588,1665,108.7,1247.3
236.2,66.2,0.9559,-436,1588,1665,108.7,1243.3
236.22,66.2,0.9559,-436,1588,1665,108.7,1243.3
236.24,66.2,0.9558,-436,1588,1665,108.7,1245.6
236.26,66.2,0.9558,-437,1588,1666,108.7,1246.2
236.28,66.2,0.9558,-437,1588,1666,108.7,1246.2
236.3,66.2,0.9558,-437,1588,1666,108.7,1245.6
236.32,66.2,0.9559,-437,1588,1666,108.7,1242.7
236.34,66.2,0.9559,-437,1588,1667,108.7,1243.3
236.36,66.2,0.9557,-437,1588,1667,108.7,1248.5
236.38,66.2,0.9557,-437,1588,1667,108.7,1248.5
236.4,66.2,0.9558,-437,1588,1667,108.7,1244.4
236.42,66.2,0.9558,-437,1588,1668,108.7,1244.4
236.44,66.2,0.9558,-437,1588,1668,108.7,1244.4
236.46,66.2,0.9558,-437,1588,1668,108.7,1244.4
236.48,66.2,0.9559,-437,1588,1668,108.7,1243.3
236.5,66.2,0.9559,-437,1588,1669,108.7,1243.3
236.52,66.2,0.9557,-437,1588,1669,108.7,1247.3
236.54,66.2,0.9557,-437,1588,1669,108.7,1247.3
236.56,66.2,0.9557,-437,1588,1669,108.7,1247.3
236.58,66.2,0.9557,-437,1588,1670,108.7,1247.3
236.6,66.2,0.9558,-437,1588,1670,108.7,1244.4
236.62,66.2,0.9558,-437,1588,1670,108.7,1244.4
236.64,66.2,0.9558,-437,1588,1670,108.7,1245.6
236.66,66.2,0.9558,-437,1588,1671,108.7,1245.6
236.68,66.2,0.9558,-437,1587,1671,108.7,1246.7
236.7,66.2,0.9557,-437,1587,1671,108.7,1247.3
236.72,66.2,0.9558,-437,1587,1671,108.7,1245.6
236.74,66.2,0.9558,-437,1587,1672,108.7,1245.6
236.76,66.2,0.9558,-437,1587,1672,108.7,1244.4
236.78,66.2,0.9558,-437,1587,1672,108.7,1244.4
236.8,66.2,0.9558,-438,1587,1672,108.7,1245.6
236.82,66.2,0.9558,-438,1587,1673,108.7,1245.6
236.84,66.2,0.9557,-438,1587,1673,108.7,1247.3
236.86,66.2,0.9558,-438,1587,1673,108.7,1246.7
236.88,66.2,0.9558,-438,1587,1673,108.7,1246.7
236.9,66.2,0.9558,-438,1587,1674,108.7,1246.7
236.92,66.2,0.9558,-438,1587,1674,108.7,1244.4
236.94,66.2,0.9558,-438,1587,1674,108.7,1244.4
236.96,66.2,0.9558,-438,1587,1674,108.7,1244.4
236.98,66.2,0.9558,-438,1587,1675,108.7,1244.4
237,66.2,0.9558,-438,1587,1675,108.7,1244.4
237.02,66.2,0.9559,-438,1587,1675,108.7,1243.9
237.04,66.2,0.9558,-438,1587,1675,108.7,1245.6
237.06,66.2,0.9558,-438,1587,1676,108.7,1245.6
237.08,66.2,0.9559,-438,1587,1676,108.7,1243.9
237.1,66.2,0.9559,-438,1587,1676,108.7,1243.9
237.12,66.2,0.9557,-438,1587,1676,108.7,1247.9
237.14,66.2,0.9557,-438,1587,1677,108.7,1248.5
237.16,66.2,0.9558,-438,1587,1677,108.7,1245.6
237.18,66.2,0.9558,-438,1587,1677,108.7,1245.6
237.2,66.2,0.9558,-438,1587,1677,108.7,1246.7
237.22,66.2,0.9558,-438,1587,1678,108.7,1246.7
237.24,66.2,0.9558,-438,1587,1678,108.7,1245.6
237.26,66.2,0.9558,-438,1587,1678,108.7,1245.6
237.28,66.2,0.9558,-438,1587,1679,108.7,1245.6
237.3,66.2,0.9558,-438,1587,1679,108.7,1245.6
237.32,66.2,0.9558,-438,1587,1679,108.7,1244.4
237.34,66.2,0.9558,-438,1587,1679,108.7,1244.4
237.36,66.2,0.9558,-439,1587,1680,108.7,1245.6
237.38,66.2,0.9558,-439,1587,1680,108.7,1245.6
237.4,66.2,0.9558,-439,1587,1680,108.7,1245.6
237.42,66.2,0.9558,-439,1587,1680,108.7,1245.6
237.44,66.2,0.9558,-439,1587,1681,108.7,1245.6
237.46,66.2,0.9558,-439,1587,1681,108.7,1245.6
237.48,66.2,0.9558,-439,1587,1681,108.7,1246.7
237.5,66.2,0.9558,-439,1587,1681,108.7,1246.7
237.52,66.2,0.9558,-439,1587,1682,108.7,1245.6
237.54,66.2,0.9558,-439,1587,1682,108.7,1245
237.56,66.2,0.9558,-439,1587,1682,108.7,1246.7
237.58,66.2,0.9558,-439,1587,1682,108.7,1246.7
237.6,66.2,0.9559,-439,1587,1683,108.7,1242.1
237.62,66.2,0.9559,-439,1587,1683,108.7,1242.1
237.64,66.2,0.9558,-439,1587,1683,108.7,1246.7
237.66,66.2,0.9558,-439,1587,1683,108.7,1246.2
237.68,66.2,0.9558,-439,1587,1684,108.7,1245
237.7,66.2,0.9558,-439,1587,1684,108.7,1245.6
237.72,66.2,0.9558,-439,1587,1684,108.7,1245.6
237.74,66.2,0.9558,-439,1587,1684,108.7,1245.6
237.76,66.2,0.9557,-439,1587,1685,108.7,1247.9
237.78,66.2,0.9557,-439,1587,1685,108.7,1247.9
237.8,66.2,0.9559,-439,1587,1685,108.7,1243.9
237.82,66.2,0.9559,-439,1587,1685,108.7,1243.9
237.84,66.2,0.9557,-439,1587,1686,108.7,1247.9
237.86,66.2,0.9557,-439,1587,1686,108.7,1247.9
237.88,66.2,0.9556,-439,1587,1686,108.7,1252.5
237.9,66.2,0.9556,-440,1587,1686,108.7,1251.9
237.92,66.2,0.9556,-440,1587,1687,108.7,1250.8
237.94,66.2,0.9556,-440,1587,1687,108.7,1250.8
237.96,66.2,0.9559,-440,1587,1687,108.7,1243.9
237.98,66.2,0.9559,-440,1587,1687,108.7,1243.3
238,66.2,0.9557,-440,1587,1688,108.7,1247.3
238.02,66.2,0.9557,-440,1587,1688,108.7,1247.9
238.04,66.2,0.9559,-440,1587,1688,108.7,1243.9
238.06,66.2,0.9559,-440,1587,1688,108.7,1243.9
238.08,66.2,0.9558,-440,1587,1689,108.7,1245.6
238.1,66.2,0.9558,-440,1587,1689,108.7,1245.6
238.12,66.2,0.9559,-440,1587,1689,108.7,1243.9
238.14,66.2,0.9559,-440,1587,1689,108.7,1243.9
238.16,66.2,0.9558,-440,1587,1690,108.7,1246.7
238.18,66.2,0.9558,-440,1587,1690,108.7,1246.7
238.2,66.2,0.9559,-440,1587,1690,108.7,1243.9
238.22,66.2,0.9559,-440,1587,1690,108.7,1243.3
238.24,66.2,0.9559,-440,1587,1691,108.7,1242.1
238.26,66.2,0.9559,-440,1587,1691,108.7,1242.1
238.28,66.2,0.9558,-440,1587,1691,108.7,1246.2
238.3,66.2,0.9558,-440,1587,1691,108.7,1246.7
238.32,66.2,0.9558,-440,1587,1692,108.7,1245.6
238.34,66.2,0.9558,-440,1587,1692,108.7,1245
238.36,66.2,0.9558,-440,1587,1692,108.7,1246.7
238.38,66.2,0.9558,-440,1587,1692,108.7,1246.7
238.4,66.2,0.9558,-440,1587,1693,108.7,1245
238.42,66.2,0.9558,-440,1587,1693,108.7,1245
238.44,66.2,0.9557,-440,1587,1693,108.7,1247.9
238.46,66.2,0.9557,-441,1587,1694,108.7,1247.9
238.48,66.2,0.9559,-441,1587,1694,108.7,1243.9
238.5,66.2,0.9559,-441,1587,1694,108.7,1243.9
238.52,66.2,0.9558,-441,1587,1694,108.7,1245
238.54,66.2,0.9558,-441,1587,1695,108.7,1245
238.56,66.2,0.9558,-441,1587,1695,108.7,1245
238.58,66.2,0.9558,-441,1587,1695,108.7,1245
238.6,66.2,0.9557,-441,1587,1695,108.7,1249
238.62,66.2,0.9557,-441,1587,1696,108.7,1249
238.64,66.2,0.9558,-441,1587,1696,108.7,1246.7
238.66,66.2,0.9558,-441,1587,1696,108.7,1246.2
238.68,66.2,0.9558,-441,1586,1696,108.7,1246.2
238.7,66.2,0.9558,-441,1586,1697,108.7,1246.2
238.72,66.2,0.9558,-441,1586,1697,108.7,1245
238.74,66.2,0.9558,-441,1586,1697,108.7,1245
238.76,66.2,0.9559,-441,1586,1697,108.7,1243.9
238.78,66.2,0.9559,-441,1586,1698,108.7,1243.9
238.8,66.2,0.9558,-441,1586,1698,108.7,1245
238.82,66.2,0.9558,-441,1586,1698,108.7,1245
238.84,66.2,0.9557,-441,1586,1698,108.7,1249
238.86,66.2,0.9557,-441,1586,1699,108.7,1248.5
238.88,66.2,0.9558,-441,1586,1699,108.7,1244.4
238.9,66.2,0.9558,-441,1586,1699,108.7,1245
238.92,66.2,0.9558,-441,1586,1699,108.7,1245
238.94,66.2,0.9558,-441,1586,1700,108.7,1245
238.96,66.2,0.9558,-441,1586,1700,108.7,1246.7
238.98,66.2,0.9558,-441,1586,1700,108.7,1246.2
239,66.2,0.9558,-442,1586,1700,108.7,1246.2
239.02,66.2,0.9558,-442,1586,1701,108.7,1246.2
239.04,66.2,0.9557,-442,1586,1701,108.7,1247.3
239.06,66.2,0.9557,-442,1586,1701,108.7,1247.3
239.08,66.2,0.9559,-442,1586,1701,108.7,1241.6
239.1,66.2,0.9559,-442,1586,1702,108.7,1242.1
239.12,66.2,0.9558,-442,1586,1702,108.7,1246.7
239.14,66.2,0.9558,-442,1586,1702,108.7,1246.2
239.16,66.2,0.9558,-442,1586,1702,108.7,1246.2
239.18,66.2,0.9558,-442,1586,1703,108.7,1246.2
239.2,66.2,0.9557,-442,1586,1703,108.7,1247.3
239.22,66.2,0.9557,-442,1586,1703,108.7,1247.9
239.24,66.2,0.9558,-442,1586,1703,108.7,1246.7
239.26,66.2,0.9558,-442,1586,1704,108.7,1246.2
239.28,66.2,0.9558,-442,1586,1704,108.7,1245
239.3,66.2,0.9558,-442,1586,1704,108.7,1245
239.32,66.2,0.9557,-442,1586,1704,108.7,1247.3
239.34,66.2,0.9557,-442,1586,1705,108.7,1247.3
239.36,66.2,0.9558,-442,1586,1705,108.7,1244.4
239.38,66.2,0.9558,-442,1586,1705,108.7,1245
239.4,66.2,0.9558,-442,1586,1705,108.7,1245
239.42,66.2,0.9558,-442,1586,1706,108.7,1244.4
239.44,66.2,0.9558,-442,1586,1706,108.7,1246.2
239.46,66.2,0.9558,-442,1586,1706,108.7,1246.2
239.48,66.2,0.9557,-442,1586,1706,108.7,1249
239.5,66.2,0.9557,-442,1586,1707,108.7,1249
239.52,66.2,0.9558,-442,1586,1707,108.7,1246.2
239.54,66.2,0.9558,-443,1586,1707,108.7,1246.2
239.56,66.2,0.9557,-443,1586,1708,108.7,1247.3
239.58,66.2,0.9557,-443,1586,1708,108.7,1247.3
239.6,66.2,0.9557,-443,1586,1708,108.7,1247.3
239.62,66.2,0.9557,-443,1586,1708,108.7,1247.9
239.64,66.2,0.9558,-443,1586,1709,108.7,1245
239.66,66.2,0.9558,-443,1586,1709,108.7,1244.4
239.68,66.2,0.9558,-443,1586,1709,108.7,1246.2
239.7,66.2,0.9558,-443,1586,1709,108.7,1246.2
239.72,66.2,0.9557,-443,1586,1710,108.7,1247.3
239.74,66.2,0.9557,-443,1586,1710,108.7,1247.3
239.76,66.2,0.9557,-443,1586,1710,108.7,1247.3
239.78,66.2,0.9557,-443,1586,1710,108.7,1247.3
239.8,66.2,0.9558,-443,1586,1711,108.7,1246.2
239.82,66.2,0.9558,-443,1586,1711,108.7,1245.6
239.84,66.2,0.9558,-443,1586,1711,108.7,1244.4
239.86,66.2,0.9558,-443,1586,1711,108.7,1245
239.88,66.2,0.9558,-443,1586,1712,108.7,1245
239.9,66.2,0.9558,-443,1586,1712,108.7,1245
239.92,66.2,0.9557,-443,1586,1712,108.7,1249
239.94,66.2,0.9557,-443,1586,1712,108.7,1249
239.96,66.2,0.9557,-443,1586,1713,108.7,1247.3
239.98,66.2,0.9557,-443,1586,1713,108.7,1247.3
240,66.2,0.9559,-443,1586,1713,108.7,1243.3
240.02,66.2,0.9559,-443,1586,1713,108.7,1243.3
240.04,66.2,0.9558,-443,1586,1714,108.7,1246.2
240.06,66.2,0.9558,-443,1586,1714,108.7,1245.6
240.08,66.2,0.9559,-443,1586,1714,108.7,1242.7
240.1,66.2,0.9559,-444,1586,1714,108.7,1243.3
240.12,66.2,0.9557,-444,1586,1715,108.7,1249
240.14,66.2,0.9557,-444,1586,1715,108.7,1248.5
240.16,66.2,0.9558,-444,1586,1715,108.7,1246.2
240.18,66.2,0.9558,-444,1586,1715,108.7,1246.2
240.2,66.2,0.9558,-444,1586,1716,108.7,1246.2
240.22,66.2,0.9558,-444,1586,1716,108.7,1246.2
240.24,66.2,0.9558,-444,1586,1716,108.7,1244.4
240.26,66.2,0.9558,-444,1586,1716,108.7,1244.4
240.28,66.2,0.9557,-444,1586,1717,108.7,1247.3
240.3,66.2,0.9557,-444,1586,1717,108.7,1247.3
240.32,66.2,0.9557,-444,1586,1717,108.7,1248.5
240.34,66.2,0.9557,-444,1586,1717,108.7,1248.5
240.36,66.2,0.9558,-444,1586,1718,108.7,1246.2
240.38,66.2,0.9558,-444,1586,1718,108.7,1246.2
240.4,66.2,0.9558,-444,1586,1718,108.7,1244.4
240.42,66.2,0.9558,-444,1586,1718,108.7,1244.4
240.44,66.2,0.9559,-444,1586,1719,108.7,1243.3
240.46,66.2,0.9559,-444,1586,1719,108.7,1243.3
240.48,66.2,0.9557,-444,1586,1719,108.7,1249
240.5,66.2,0.9557,-444,1586,1719,108.7,1248.5
240.52,66.2,0.9558,-444,1586,1720,108.7,1244.4
240.54,66.2,0.9558,-444,1586,1720,108.7,1244.4
240.56,66.2,0.9557,-444,1586,1720,108.7,1247.3
240.58,66.2,0.9557,-444,1586,1721,108.7,1247.3
