Flight Time Rounded (s),Thrust (lb),Accel (ft/sec^2),Weight (lb)
0,0,0,46.5
0.01,1058.739,700.4025684,46.5
0.02,903.2264,593.2253651,46.46693
0.03,891.4601,585.6737059,46.42134
0.04,879.694,578.0505345,46.37965
0.05,871.4578,572.8522106,46.3385
0.06,871.4582,573.356651,46.29788
0.07,871.4586,573.8552239,46.25739
0.08,871.4592,574.3496112,46.21691
0.09,871.4597,574.8397543,46.17642
0.1,871.4604,575.3258492,46.13594
0.11,871.4611,575.8077678,46.09545
0.12,871.4619,576.2856626,46.05496
0.13,871.4628,576.7594293,46.01448
0.14,871.4638,577.2290282,45.97399
0.15,871.4648,577.694553,45.93351
0.16,871.4659,578.1559036,45.89302
0.17,871.4672,578.6132143,45.85254
0.18,871.4684,579.066345,45.81205
0.19,871.4697,579.5153254,45.77156
0.2,871.4712,579.9602449,45.73108
0.21,871.4727,580.4009104,45.69059
0.22,871.4742,580.8374962,45.65011
0.23,871.4759,581.2699023,45.60962
0.24,871.4776,581.698066,45.56914
0.25,871.4794,582.1221203,45.52865
0.26,871.4813,582.543038,45.48817
0.27,871.4833,582.6438705,45.44768
0.28,871.4854,583.0635351,45.4072
0.29,871.4875,583.4798503,45.36671
0.3,871.4897,583.8932644,45.32623
0.31,871.492,584.3035426,45.28574
0.32,871.4944,584.7107568,45.24525
0.33,871.4968,585.1150934,45.20477
0.34,871.4994,585.5165535,45.16428
0.35,871.502,585.9152505,45.1238
0.36,871.5047,586.3112129,45.08331
0.37,871.5074,586.7042905,45.04283
0.38,871.5103,587.0947436,45.00234
0.39,871.5132,587.4826564,44.96185
0.4,871.5162,587.8680291,44.92137
0.41,871.5192,588.2507795,44.88088
0.42,871.5224,588.6310425,44.8404
0.43,871.5256,589.00897,44.79991
0.44,871.5289,589.3845288,44.75943
0.45,871.5323,589.7577984,44.71894
0.46,871.5357,590.1287646,44.67846
0.47,871.5392,590.4974279,44.63797
0.48,871.5428,590.8640821,44.59748
0.49,871.5466,591.2270296,44.557
0.5,871.5503,591.5864533,44.51651
0.51,872.1543,592.377901,44.47603
0.52,872.9083,593.2763172,44.43553
0.53,873.6625,594.1739683,44.395
0.54,874.4167,595.0706516,44.35443
0.55,875.171,595.9664107,44.31384
0.56,875.9255,596.8614341,44.2732
0.57,876.6799,597.7556397,44.23252
0.58,877.4907,598.6897628,44.19182
0.59,878.8079,599.9921111,44.15108
0.6,880.1252,601.2945176,44.11028
0.61,881.4426,602.5968399,44.06943
0.62,882.76,603.8993198,44.02851
0.63,884.0776,605.201696,43.98754
0.64,885.3952,606.504079,43.9465
0.65,886.7129,607.8066041,43.9054
0.66,888.0307,609.1091399,43.86424
0.67,889.3485,610.4115511,43.82302
0.68,890.6664,611.7136585,43.78174
0.69,891.9845,613.0154959,43.74039
0.7,893.3026,614.3165851,43.69899
0.71,894.6207,615.6170698,43.65752
0.72,895.9389,616.9166473,43.616
0.73,897.2573,618.2153997,43.57441
0.74,898.5757,619.5129732,43.53276
0.75,899.8942,620.8095049,43.49105
0.76,901.2128,622.104955,43.44928
0.77,902.5314,623.3991055,43.40745
0.78,903.8501,624.6919538,43.36555
0.79,905.1689,625.9835327,43.3236
0.8,906.4878,627.2734992,43.28159
0.81,907.8068,628.5620615,43.23951
0.82,909.1259,629.8490319,43.19737
0.83,910.4449,631.1344837,43.15517
0.84,911.7642,632.4181364,43.11292
0.85,913.0834,633.7002537,43.07059
0.86,914.4028,634.9806655,43.02821
0.87,915.7223,636.2593519,42.98577
0.88,917.0418,637.5363757,42.94327
0.89,918.3614,638.8116412,42.9007
0.9,919.6811,640.085335,42.85808
0.91,921.0009,641.3575213,42.81539
0.92,922.3207,642.6281529,42.77264
0.93,923.6407,643.8974595,42.72984
0.94,924.9608,645.1655665,42.68697
0.95,926.2809,646.4325956,42.64404
0.96,927.601,647.6987181,42.60104
0.97,928.9213,648.9649631,42.55799
0.98,930.2417,650.2314795,42.51488
0.99,931.5621,651.4987081,42.4717
1,932.8826,652.7674984,42.42847
1.01,934.2032,654.038155,42.38517
1.02,935.524,655.311404,42.34181
1.03,936.8447,656.5873367,42.29839
1.04,938.1656,657.8664632,42.25491
1.05,939.4866,659.1490557,42.21136
1.06,940.8076,660.4352601,42.16776
1.07,942.1287,661.7255122,42.12409
1.08,943.4499,663.0230399,42.08036
1.09,944.7712,664.3259134,42.03657
1.1,946.0925,665.6329977,41.99272
1.11,947.414,666.9338251,41.94881
1.12,948.7355,668.2174688,41.90484
1.13,950.0571,669.5046293,41.86081
1.14,951.3788,670.7949452,41.81671
1.15,952.7006,672.0885328,41.77256
1.16,954.0225,673.3854007,41.72834
1.17,955.3444,674.6856538,41.68406
1.18,956.6665,675.9892842,41.63972
1.19,957.9886,677.2963242,41.59533
1.2,959.3109,678.6071073,41.55087
1.21,960.6331,679.9215939,41.50634
1.22,961.9555,681.2403722,41.46176
1.23,963.278,682.5633645,41.41712
1.24,964.4795,683.7969528,41.37241
1.25,964.5909,684.1106273,41.32765
1.26,964.7024,684.3357073,41.28286
1.27,964.814,684.5560359,41.23806
1.28,964.9256,684.7941429,41.19325
1.29,965.0374,685.032201,41.14845
1.3,965.1492,685.2656031,41.10363
1.31,965.261,685.4939021,41.05882
1.32,965.3731,685.7161745,41.01399
1.33,965.4852,685.931609,40.96917
1.34,965.5974,686.1392673,40.92434
1.35,965.7095,686.3385554,40.8795
1.36,965.822,686.5291488,40.83466
1.37,965.9344,686.7107748,40.78981
1.38,966.0469,686.882918,40.74496
1.39,966.1594,687.0454397,40.70011
1.4,966.2722,687.1985737,40.65525
1.41,966.3849,687.341878,40.61039
1.42,966.4978,687.47556,40.56552
1.43,966.6107,687.5996578,40.52065
1.44,966.7237,687.6481009,40.47577
1.45,966.8369,687.6681472,40.43088
1.46,966.9501,687.6777571,40.38599
1.47,967.0633,687.67827,40.3411
1.48,967.1767,687.6705815,40.2962
1.49,967.2901,687.6554399,40.2513
1.5,967.4037,687.633671,40.20639
1.51,967.5173,687.6054809,40.16148
1.52,967.631,687.5715199,40.11657
1.53,967.7448,687.5318495,40.07165
1.54,967.8586,687.4862837,40.02672
1.55,967.9727,687.4348751,39.98179
1.56,968.0867,687.3773188,39.93686
1.57,968.2007,687.3133552,39.89192
1.58,968.3149,687.2428993,39.84697
1.59,968.4293,687.1658004,39.80202
1.6,968.5436,687.0933865,39.75707
1.61,968.6581,686.7279948,39.71211
1.62,968.7726,685.9997505,39.66715
1.63,968.8873,684.8951416,39.62218
1.64,969.002,683.931842,39.57721
1.65,969.1168,683.1456845,39.53223
1.66,969.2317,682.335136,39.48725
1.67,969.3467,681.4990758,39.44226
1.68,969.4617,680.6369933,39.39727
1.69,969.5768,679.7476359,39.35227
1.7,969.6921,678.8297509,39.30727
1.71,969.8073,677.8827214,39.26226
1.72,969.9228,676.9058202,39.21725
1.73,970.0382,675.8990399,39.17224
1.74,970.1537,674.8619857,39.12722
1.75,970.2693,673.7949653,39.08219
1.76,970.3851,672.6983689,39.03716
1.77,970.5009,671.573201,38.99213
1.78,970.6167,670.4201483,38.94709
1.79,970.7327,669.2401234,38.90204
1.8,970.8486,668.033998,38.85699
1.81,970.9445,666.7856581,38.81194
1.82,970.9592,665.4448761,38.76688
1.83,970.9739,664.0795395,38.72182
1.84,970.9888,662.9497094,38.67677
1.85,971.0037,662.6415914,38.63171
1.86,971.0186,662.3312741,38.58665
1.87,971.0337,662.0187217,38.54159
1.88,971.0488,661.7039261,38.49653
1.89,967.9146,658.7513352,38.45147
1.9,960.0532,651.8343689,38.40644
1.91,952.192,644.9061344,38.36171
1.92,942.9456,636.8027467,38.31734
1.93,921.2114,618.1887192,38.27335
1.94,899.4773,599.551493,38.23011
1.95,877.7432,580.8878009,38.18788
1.96,856.0092,562.1985928,38.14667
1.97,834.2752,543.4851312,38.10646
1.98,812.5413,524.7485966,38.06728
1.99,790.8075,505.9897777,38.0291
2,769.0737,487.2095341,37.99194
2.01,751.9408,472.3089103,37.95578
2.02,734.8088,457.3915274,37.92054
2.03,717.677,442.4925799,37.88609
2.04,700.5452,427.586993,37.85245
2.05,683.4133,412.6692288,37.8196
2.06,666.2816,397.7409751,37.78755
2.07,654.1209,387.0403012,37.75629
2.08,645.2761,379.1608621,37.72577
2.09,636.4313,371.2788681,37.69569
2.1,627.5866,363.3956447,37.66603
2.11,618.742,355.5118381,37.63677
2.12,609.8973,347.6277639,37.60793
2.13,601.0527,339.7440642,37.57951
2.14,592.2082,332.0166426,37.55149
2.15,583.3636,324.2306645,37.52389
2.16,581.6068,322.5276809,37.4967
2.17,581.6235,322.3474357,37.46979
2.18,581.6402,322.169304,37.44289
2.19,581.657,321.993151,37.41599
2.2,581.6738,321.8183459,37.38908
2.21,581.6907,321.6438457,37.36218
2.22,581.7075,321.4693755,37.33528
2.23,581.7244,321.2936744,37.30838
2.24,581.7414,321.1159858,37.28148
2.25,576.1243,316.0708551,37.25458
2.26,569.0972,309.8041073,37.22778
2.27,562.0702,303.5328358,37.20131
2.28,555.0432,297.2568371,37.17516
2.29,541.2609,285.1275264,37.14935
2.3,524.5812,270.4848627,37.12397
2.31,507.9016,255.8391159,37.09934
2.32,491.222,241.1914567,37.0755
2.33,474.5424,226.5437728,37.05243
2.34,457.8629,211.8976467,37.03014
2.35,438.4663,194.8927577,37.00863
2.36,412.7251,172.3755444,36.98791
2.37,386.9839,149.8673493,36.96829
2.38,361.2427,127.3705487,36.94987
2.39,339.1721,108.0857448,36.93265
2.4,319.5505,90.95098507,36.91658
2.41,299.9288,73.83739,36.90145
2.42,280.3072,56.7551385,36.88723
2.43,260.6855,39.7281952,36.87392
2.44,245.7105,26.83945123,36.86153
2.45,233.8357,16.8232237,36.84999
2.46,221.9608,7.671166928,36.83903
2.47,210.086,-6.857429002,36.82862
2.48,198.2111,-15.70879938,36.81877
2.49,190.1149,-22.42041932,36.80947
2.5,185.8,-25.99780897,36.80069
2.51,181.4852,-29.5822349,36.79215
2.52,177.1703,-33.17181978,36.78381
2.53,172.8554,-36.76599045,36.77567
2.54,168.5405,-40.36466751,36.76774
2.55,161.0131,-46.76471103,36.76001
2.56,150.2708,-55.97861913,36.75251
2.57,139.5284,-65.19855304,36.74548
2.58,128.786,-74.41806971,36.73895
2.59,118.0436,-83.63317065,36.73292
2.6,109.599,-90.82996868,36.72739
2.61,104.6037,-94.99984679,36.72234
2.62,99.60844,-99.16587082,36.71758
2.63,94.61316,-103.3273803,36.71304
2.64,89.61785,-107.4844129,36.70874
2.65,84.62252,-111.6362692,36.70468
2.66,79.62718,-115.7826491,36.70084
2.67,74.6318,-119.9233065,36.69724
2.68,69.63642,-124.0578508,36.69388
2.69,64.64101,-128.1858464,36.69075
2.7,59.64557,-132.3068832,36.68785
2.71,54.65011,-136.4209454,36.68518
2.72,50.44075,-139.8384819,36.68275
2.73,48.06745,-141.6402918,36.68054
2.74,45.69412,-143.4383803,36.67848
2.75,43.32079,-145.2328257,36.67653
2.76,40.9474,-147.0239325,36.67468
2.77,38.57402,-148.8121299,36.67295
2.78,36.20058,-150.5972621,36.67134
2.79,33.82715,-152.3799171,36.66983
2.8,31.45369,-154.1599088,36.66843
2.81,29.08018,-155.9378279,36.66715
2.82,26.70667,-157.7132598,36.66598
2.83,24.3331,-159.4868154,36.66492
2.84,21.95954,-161.2578796,36.66397
2.85,19.58595,-163.0269391,36.66313
2.86,17.2123,-164.7936553,36.6624
2.87,15.93979,-165.5919053,36.66179
2.88,14.94289,-166.147449,36.66126
2.89,13.946,-166.7026791,36.66078
2.9,12.94905,-167.2575544,36.66035
2.91,11.95207,-167.8119193,36.65997
2.92,10.9551,-168.3657584,36.65963
2.93,9.958069,-168.9187739,36.65934
2.94,8.961017,-169.4710464,36.6591
2.95,7.963939,-170.0223578,36.65891
2.96,6.966861,-170.5728158,36.65876
2.97,5.969729,-171.1221476,36.65866
2.98,0,-180.4102591,36.65861
2.99,0,-180.0555176,36.6586
3,0,-179.7014253,36.6586
3.01,0,-179.3480834,36.6586
3.02,0,-178.9955538,36.6586
3.03,0,-178.6441982,36.6586
3.04,0,-178.2938369,36.6586
3.05,0,-177.9447659,36.6586
3.06,0,-177.5968658,36.6586
3.07,0,-177.250341,36.6586
3.08,0,-176.9050735,36.6586
3.09,0,-176.5612152,36.6586
3.1,0,-176.2185483,36.6586
3.11,0,-175.9225408,36.6586
3.12,0,-175.5371758,36.6586
3.13,0,-175.1531942,36.6586
3.14,0,-174.7707263,36.6586
3.15,0,-174.3893723,36.6586
3.16,0,-174.0092315,36.6586
3.17,0,-173.6302051,36.6586
3.18,0,-173.2522222,36.6586
3.19,0,-172.8753979,36.6586
3.2,0,-172.4996637,36.6586
3.21,0,-172.1249486,36.6586
3.22,0,-171.7513281,36.6586
3.23,0,-171.3790346,36.6586
3.24,0,-171.0080562,36.6586
3.25,0,-170.638145,36.6586
3.26,0,-170.2697965,36.6586
3.27,0,-169.9029134,36.6586
3.28,0,-169.537358,36.6586
3.29,0,-169.1732309,36.6586
3.3,0,-168.8107308,36.6586
3.31,0,-168.449461,36.6586
3.32,0,-168.0896764,36.6586
3.33,0,-167.731139,36.6586
3.34,0,-167.3739465,36.6586
3.35,0,-167.0179382,36.6586
3.36,0,-166.6632033,36.6586
3.37,0,-166.3048838,36.6586
3.38,0,-165.9386534,36.6586
3.39,0,-165.5736877,36.6586
3.4,0,-165.209838,36.6586
3.41,0,-164.8472907,36.6586
3.42,0,-164.4858999,36.6586
3.43,0,-164.1256674,36.6586
3.44,0,-163.7666599,36.6586
3.45,0,-163.408871,36.6586
3.46,0,-163.0523976,36.6586
3.47,0,-162.6972219,36.6586
3.48,0,-162.3434158,36.6586
3.49,0,-161.9910563,36.6586
3.5,0,-161.6399079,36.6586
3.51,0,-161.2901873,36.6586
3.52,0,-160.9417433,36.6586
3.53,0,-160.5947878,36.6586
3.54,0,-160.2489919,36.6586
3.55,0,-159.9047398,36.6586
3.56,0,-159.5615551,36.6586
3.57,0,-159.219521,36.6586
3.58,0,-158.8789512,36.6586
3.59,0,-158.5393496,36.6586
3.6,0,-158.2010642,36.6586
3.61,0,-157.8637743,36.6586
3.62,0,-157.5276136,36.6586
3.63,0,-157.1926736,36.6586
3.64,0,-156.8587299,36.6586
3.65,0,-156.5259415,36.6586
3.66,0,-156.1942612,36.6586
3.67,0,-155.8637422,36.6586
3.68,0,-155.5343013,36.6586
3.69,0,-155.2059627,36.6586
3.7,0,-154.8789412,36.6586
3.71,0,-154.5529964,36.6586
3.72,0,-154.2281748,36.6586
3.73,0,-153.9047192,36.6586
3.74,0,-153.5823505,36.6586
3.75,0,-153.2612542,36.6586
3.76,0,-152.9412509,36.6586
3.77,0,-152.622277,36.6586
3.78,0,-152.304668,36.6586
3.79,0,-151.9881784,36.6586
3.8,0,-151.6726595,36.6586
3.81,0,-151.3583781,36.6586
3.82,0,-151.0449537,36.6586
3.83,0,-150.7326473,36.6586
3.84,0,-150.4214827,36.6586
3.85,0,-150.1111884,36.6586
3.86,0,-149.8021512,36.6586
3.87,0,-149.4940835,36.6586
3.88,0,-149.1869531,36.6586
3.89,0,-148.8809575,36.6586
3.9,0,-148.5758463,36.6586
3.91,0,-148.2719044,36.6586
3.92,0,-147.968882,36.6586
3.93,0,-147.6669439,36.6586
3.94,0,-147.3660578,36.6586
3.95,0,-147.0661958,36.6586
3.96,0,-146.7673375,36.6586
3.97,0,-146.4694852,36.6586
3.98,0,-146.172804,36.6586
3.99,0,-145.8771281,36.6586
4,0,-145.5825447,36.6586
4.01,0,-145.2888825,36.6586
4.02,0,-144.9962474,36.6586
4.03,0,-144.7046802,36.6586
4.04,0,-144.414086,36.6586
4.05,0,-144.1244235,36.6586
4.06,0,-143.8355932,36.6586
4.07,0,-143.5478134,36.6586
4.08,0,-143.2609862,36.6586
4.09,0,-142.9751366,36.6586
4.1,0,-142.6902688,36.6586
4.11,0,-142.3766831,36.6586
4.12,0,-141.8639141,36.6586
4.13,0,-141.354317,36.6586
4.14,0,-140.8482938,36.6586
4.15,0,-140.3453116,36.6586
4.16,0,-139.8457706,36.6586
4.17,0,-139.3494376,36.6586
4.18,0,-138.8566025,36.6586
4.19,0,-138.3667636,36.6586
4.2,0,-137.8803773,36.6586
4.21,0,-137.3972562,36.6586
4.22,0,-136.9170119,36.6586
4.23,0,-136.4398188,36.6586
4.24,0,-135.9658754,36.6586
4.25,0,-135.4951828,36.6586
4.26,0,-135.0272675,36.6586
4.27,0,-134.5624347,36.6586
4.28,0,-134.1006815,36.6586
4.29,0,-133.6419206,36.6586
4.3,0,-133.1859833,36.6586
4.31,0,-132.7329668,36.6586
4.32,0,-132.2827744,36.6586
4.33,0,-131.8354347,36.6586
4.34,0,-131.3910314,36.6586
4.35,0,-130.9490824,36.6586
4.36,0,-130.509982,36.6586
4.37,0,-130.0739361,36.6586
4.38,0,-129.6402322,36.6586
4.39,0,-129.2097607,36.6586
4.4,0,-128.7816184,36.6586
4.41,0,-128.3560031,36.6586
4.42,0,-127.9330124,36.6586
4.43,0,-127.5130087,36.6586
4.44,0,-127.0954164,36.6586
4.45,0,-126.6804182,36.6586
4.46,0,-126.2678053,36.6586
4.47,0,-125.8578734,36.6586
4.48,0,-125.4502246,36.6586
4.49,0,-125.0452585,36.6586
4.5,0,-124.6426618,36.6586
4.51,0,-124.2425491,36.6586
4.52,0,-123.8448337,36.6586
4.53,0,-123.4496028,36.6586
4.54,0,-123.05657,36.6586
4.55,0,-122.6661367,36.6586
4.56,0,-122.2780142,36.6586
4.57,0,-121.8922036,36.6586
4.58,0,-121.5088173,36.6586
4.59,0,-121.1277562,36.6586
4.6,0,-120.7487285,36.6586
4.61,0,-120.371925,36.6586
4.62,0,-119.9974556,36.6586
4.63,0,-119.6253095,36.6586
4.64,0,-119.2550941,36.6586
4.65,0,-118.8870982,36.6586
4.66,0,-118.5214213,36.6586
4.67,0,-118.1577758,36.6586
4.68,0,-117.7961328,36.6586
4.69,0,-117.4368954,36.6586
4.7,0,-117.0795588,36.6586
4.71,0,-116.7244117,36.6586
4.72,0,-116.3711662,36.6586
4.73,0,-116.0200114,36.6586
4.74,0,-115.6708585,36.6586
4.75,0,-115.3238811,36.6586
4.76,0,-114.9787047,36.6586
4.77,0,-114.6357209,36.6586
4.78,0,-114.2944223,36.6586
4.79,0,-113.955416,36.6586
4.8,0,-113.6182237,36.6586
4.81,0,-113.2827333,36.6586
4.82,0,-112.9494455,36.6586
4.83,0,-112.6178723,36.6586
4.84,0,-112.288113,36.6586
4.85,0,-111.9603557,36.6586
4.86,0,-111.6344252,36.6586
4.87,0,-111.3102202,36.6586
4.88,0,-110.9877275,36.6586
4.89,0,-110.667059,36.6586
4.9,0,-110.3482901,36.6586
4.91,0,-110.0313448,36.6586
4.92,0,-109.7161106,36.6586
4.93,0,-109.4024992,36.6586
4.94,0,-109.0905952,36.6586
4.95,0,-108.7804012,36.6586
4.96,0,-108.4719012,36.6586
4.97,0,-108.1653027,36.6586
4.98,0,-107.8603987,36.6586
4.99,0,-107.5571918,36.6586
5,0,-107.2555917,36.6586
5.01,0,-106.9555872,36.6586
5.02,0,-106.6572785,36.6586
5.03,0,-106.3605652,36.6586
5.04,0,-106.0654491,36.6586
5.05,0,-105.7720271,36.6586
5.06,0,-105.4799247,36.6586
5.07,0,-105.1893171,36.6586
5.08,0,-104.9004176,36.6586
5.09,0,-104.6130263,36.6586
5.1,0,-104.3272401,36.6586
5.11,0,-104.042963,36.6586
5.12,0,-103.7602904,36.6586
5.13,0,-103.4791271,36.6586
5.14,0,-103.1992793,36.6586
5.15,0,-102.9210381,36.6586
5.16,0,-102.6442142,36.6586
5.17,0,-102.3688958,36.6586
5.18,0,-102.0948924,36.6586
5.19,0,-101.8223944,36.6586
5.2,0,-101.5513004,36.6586
5.21,0,-101.2818101,36.6586
5.22,0,-101.0135362,36.6586
5.23,0,-100.7466649,36.6586
5.24,0,-100.4812866,36.6586
5.25,0,-100.2172216,36.6586
5.26,0,-99.95453804,36.6586
5.27,0,-99.69305778,36.6586
5.28,0,-99.43302873,36.6586
5.29,0,-99.17443314,36.6586
5.3,0,-98.91707863,36.6586
5.31,0,-98.66109681,36.6586
5.32,0,-98.34119808,36.6586
5.33,0,-98.01394145,36.6586
5.34,0,-97.69506285,36.6586
5.35,0,-97.38443009,36.6586
5.36,0,-97.08199929,36.6586
5.37,0,-96.78759223,36.6586
5.38,0,-96.50110586,36.6586
5.39,0,-96.22240141,36.6586
5.4,0,-95.9513601,36.6586
5.41,0,-95.68784928,36.6586
5.42,0,-95.43178794,36.6586
5.43,0,-95.18299756,36.6586
5.44,0,-94.94144844,36.6586
5.45,0,-94.70693882,36.6586
5.46,0,-94.47941758,36.6586
5.47,0,-94.25881555,36.6586
5.48,0,-94.04495121,36.6586
5.49,0,-93.8377924,36.6586
5.5,0,-93.6372525,36.6586
5.51,0,-93.44318872,36.6586
5.52,0,-93.25554153,36.6586
5.53,0,-93.07426167,36.6586
5.54,0,-92.89919605,36.6586
5.55,0,-92.73034763,36.6586
5.56,0,-92.56755582,36.6586
5.57,0,-92.41075883,36.6586
5.58,0,-92.25994646,36.6586
5.59,0,-92.11503096,36.6586
5.6,0,-91.97586976,36.6586
5.61,0,-91.84242348,36.6586
5.62,0,-91.69900004,36.6586
5.63,0,-91.55302947,36.6586
5.64,0,-91.4075542,36.6586
5.65,0,-91.26248527,36.6586
5.66,0,-91.11793068,36.6586
5.67,0,-90.97379105,36.6586
5.68,0,-90.83015563,36.6586
5.69,0,-90.68695665,36.6586
5.7,0,-90.54417228,36.6586
5.71,0,-90.40188117,36.6586
5.72,0,-90.26003732,36.6586
5.73,0,-90.11861861,36.6586
5.74,0,-89.97763436,36.6586
5.75,0,-89.83709499,36.6586
5.76,0,-89.69701946,36.6586
5.77,0,-89.55735922,36.6586
5.78,0,-89.41817271,36.6586
5.79,0,-89.27937201,36.6586
5.8,0,-89.14103624,36.6586
5.81,0,-89.00310393,36.6586
5.82,0,-88.86562864,36.6586
5.83,0,-88.72858609,36.6586
5.84,0,-88.59193001,36.6586
5.85,0,-88.45574697,36.6586
5.86,0,-88.31997896,36.6586
5.87,0,-88.18460541,36.6586
5.88,0,-88.04966848,36.6586
5.89,0,-87.91515555,36.6586
5.9,0,-87.78104682,36.6586
5.91,0,-87.64736458,36.6586
5.92,0,-87.51406631,36.6586
5.93,0,-87.38118299,36.6586
5.94,0,-87.24874661,36.6586
5.95,0,-87.11667376,36.6586
5.96,0,-86.98503629,36.6586
5.97,0,-86.85377305,36.6586
5.98,0,-86.72292344,36.6586
5.99,0,-86.59248961,36.6586
6,0,-86.4624419,36.6586
6.01,0,-86.33278896,36.6586
6.02,0,-86.20353981,36.6586
6.03,0,-86.07465602,36.6586
6.04,0,-85.94618709,36.6586
6.05,0,-85.81811239,36.6586
6.06,0,-85.69042199,36.6586
6.07,0,-85.56311691,36.6586
6.08,0,-85.43619656,36.6586
6.09,0,-85.30966058,36.6586
6.1,0,-85.1835093,36.6586
6.11,0,-85.05773386,36.6586
6.12,0,-84.93232359,36.6586
6.13,0,-84.80732795,36.6586
6.14,0,-84.68269616,36.6586
6.15,0,-84.55843035,36.6586
6.16,0,-84.43453815,36.6586
6.17,0,-84.31101163,36.6586
6.18,0,-84.18786008,36.6586
6.19,0,-84.06508342,36.6586
6.2,0,-83.94268191,36.6586
6.21,0,-83.82062493,36.6586
6.22,0,-83.69896346,36.6586
6.23,0,-83.57763769,36.6586
6.24,0,-83.45667564,36.6586
6.25,0,-83.33608852,36.6586
6.26,0,-83.21582625,36.6586
6.27,0,-83.09594855,36.6586
6.28,0,-82.97641743,36.6586
6.29,0,-82.8572401,36.6586
6.3,0,-82.73842795,36.6586
6.31,0,-82.61993793,36.6586
6.32,0,-82.50182585,36.6586
6.33,0,-82.38402821,36.6586
6.34,0,-82.26662504,36.6586
6.35,0,-82.14956563,36.6586
6.36,0,-82.03282101,36.6586
6.37,0,-81.91643145,36.6586
6.38,0,-81.80036698,36.6586
6.39,0,-81.68466727,36.6586
6.4,0,-81.56929284,36.6586
6.41,0,-81.45423313,36.6586
6.42,0,-81.33956906,36.6586
6.43,0,-81.22518969,36.6586
6.44,0,-81.11116396,36.6586
6.45,0,-81.01220078,36.6586
6.46,0,-80.92954513,36.6586
6.47,0,-80.84699458,36.6586
6.48,0,-80.76452784,36.6586
6.49,0,-80.68213638,36.6586
6.5,0,-80.59987852,36.6586
6.51,0,-80.51771486,36.6586
6.52,0,-80.43564614,36.6586
6.53,0,-80.35364249,36.6586
6.54,0,-80.27178441,36.6586
6.55,0,-80.18999916,36.6586
6.56,0,-80.1083092,36.6586
6.57,0,-80.02672307,36.6586
6.58,0,-79.94524117,36.6586
6.59,0,-79.86386422,36.6586
6.6,0,-79.78258186,36.6586
6.61,0,-79.70139322,36.6586
6.62,0,-79.62029949,36.6586
6.63,0,-79.53932924,36.6586
6.64,0,-79.4584556,36.6586
6.65,0,-79.37766394,36.6586
6.66,0,-79.29695802,36.6586
6.67,0,-79.21639655,36.6586
6.68,0,-79.13593023,36.6586
6.69,0,-79.05554892,36.6586
6.7,0,-78.9752511,36.6586
6.71,0,-78.89506817,36.6586
6.72,0,-78.81501023,36.6586
6.73,0,-78.73505709,36.6586
6.74,0,-78.65516793,36.6586
6.75,0,-78.57540325,36.6586
6.76,0,-78.49573337,36.6586
6.77,0,-78.41617892,36.6586
6.78,0,-78.33670859,36.6586
6.79,0,-78.25735297,36.6586
6.8,0,-78.17809223,36.6586
6.81,0,-78.09895537,36.6586
6.82,0,-78.01987479,36.6586
6.83,0,-77.94091792,36.6586
6.84,0,-77.86207549,36.6586
6.85,0,-77.78333779,36.6586
6.86,0,-77.70469555,36.6586
6.87,0,-77.62614695,36.6586
6.88,0,-77.54771288,36.6586
6.89,0,-77.46935454,36.6586
6.9,0,-77.39114015,36.6586
6.91,0,-77.31299152,36.6586
6.92,0,-77.23496606,36.6586
6.93,0,-77.15705617,36.6586
6.94,0,-77.07927026,36.6586
6.95,0,-77.00155127,36.6586
6.96,0,-76.92392504,36.6586
6.97,0,-76.84643289,36.6586
6.98,0,-76.77676719,36.6586
6.99,0,-76.70740757,36.6586
7,0,-76.63811285,36.6586
7.01,0,-76.5688823,36.6586
7.02,0,-76.49968676,36.6586
7.03,0,-76.43057565,36.6586
7.04,0,-76.36151045,36.6586
7.05,0,-76.29252813,36.6586
7.06,0,-76.22357239,36.6586
7.07,0,-76.15467026,36.6586
7.08,0,-76.08585467,36.6586
7.09,0,-76.01711323,36.6586
7.1,0,-75.94840429,36.6586
7.11,0,-75.87975223,36.6586
7.12,0,-75.81116318,36.6586
7.13,0,-75.74264966,36.6586
7.14,0,-75.67419021,36.6586
7.15,0,-75.60578695,36.6586
7.16,0,-75.53743752,36.6586
7.17,0,-75.46915462,36.6586
7.18,0,-75.40095505,36.6586
7.19,0,-75.33280083,36.6586
7.2,0,-75.26470096,36.6586
7.21,0,-75.19668701,36.6586
7.22,0,-75.12870755,36.6586
7.23,0,-75.06081408,36.6586
7.24,0,-74.99296365,36.6586
7.25,0,-74.92521005,36.6586
7.26,0,-74.8574996,36.6586
7.27,0,-74.78984497,36.6586
7.28,0,-74.72226492,36.6586
7.29,0,-74.65609676,36.6586
7.3,0,-74.59100606,36.6586
7.31,0,-74.52599189,36.6586
7.32,0,-74.46102074,36.6586
7.33,0,-74.39611688,36.6586
7.34,0,-74.33125565,36.6586
7.35,0,-74.2664488,36.6586
7.36,0,-74.20171837,36.6586
7.37,0,-74.137001,36.6586
7.38,0,-74.0723705,36.6586
7.39,0,-74.00779351,36.6586
7.4,0,-73.94325323,36.6586
7.41,0,-73.87878667,36.6586
7.42,0,-73.81436601,36.6586
7.43,0,-73.74998871,36.6586
7.44,0,-73.68568846,36.6586
7.45,0,-73.62144206,36.6586
7.46,0,-73.55723153,36.6586
7.47,0,-73.49311433,36.6586
7.48,0,-73.42901474,36.6586
7.49,0,-73.36501092,36.6586
7.5,0,-73.30103129,36.6586
7.51,0,-73.23711787,36.6586
7.52,0,-73.17327799,36.6586
7.53,0,-73.10949458,36.6586
7.54,0,-73.04575515,36.6586
7.55,0,-72.98209238,36.6586
7.56,0,-72.9184829,36.6586
7.57,0,-72.8549309,36.6586
7.58,0,-72.79142237,36.6586
7.59,0,-72.7279578,36.6586
7.6,0,-72.66457025,36.6586
7.61,0,-72.6012451,36.6586
7.62,0,-72.53798579,36.6586
7.63,0,-72.47478111,36.6586
7.64,0,-72.41164278,36.6586
7.65,0,-72.34855912,36.6586
7.66,0,-72.2855227,36.6586
7.67,0,-72.22256826,36.6586
7.68,0,-72.15966031,36.6586
7.69,0,-72.09681951,36.6586
7.7,0,-72.03403283,36.6586
7.71,0,-71.97131284,36.6586
7.72,0,-71.90865694,36.6586
7.73,0,-71.84604738,36.6586
7.74,0,-71.7835013,36.6586
7.75,0,-71.72105203,36.6586
7.76,0,-71.65863589,36.6586
7.77,0,-71.59630715,36.6586
7.78,0,-71.53400206,36.6586
7.79,0,-71.47176491,36.6586
7.8,0,-71.40961103,36.6586
7.81,0,-71.34751381,36.6586
7.82,0,-71.28546968,36.6586
7.83,0,-71.2235125,36.6586
7.84,0,-71.16157891,36.6586
7.85,0,-71.09973251,36.6586
7.86,0,-71.03794076,36.6586
7.87,0,-70.97620539,36.6586
7.88,0,-70.91455666,36.6586
7.89,0,-70.85295119,36.6586
7.9,0,-70.7914328,36.6586
7.91,0,-70.72994798,36.6586
7.92,0,-70.66856044,36.6586
7.93,0,-70.60720746,36.6586
7.94,0,-70.54592149,36.6586
7.95,0,-70.48470839,36.6586
7.96,0,-70.42355254,36.6586
7.97,0,-70.36247012,36.6586
7.98,0,-70.30145471,36.6586
7.99,0,-70.24048283,36.6586
8,0,-70.1796083,36.6586
8.01,0,-70.118757,36.6586
8.02,0,-70.05801248,36.6586
8.03,0,-69.99731623,36.6586
8.04,0,-69.93668332,36.6586
8.05,0,-69.87611747,36.6586
8.06,0,-69.81560631,36.6586
8.07,0,-69.75517164,36.6586
8.08,0,-69.69479043,36.6586
8.09,0,-69.63449681,36.6586
8.1,0,-69.57426658,36.6586
8.11,0,-69.51410353,36.6586
8.12,0,-69.45395378,36.6586
8.13,0,-69.393932,36.6586
8.14,0,-69.33394702,36.6586
8.15,0,-69.2740552,36.6586
8.16,0,-69.21421127,36.6586
8.17,0,-69.15443105,36.6586
8.18,0,-69.09470804,36.6586
8.19,0,-69.03507796,36.6586
8.2,0,-68.97549617,36.6586
8.21,0,-68.9159874,36.6586
8.22,0,-68.85654587,36.6586
8.23,0,-68.79715763,36.6586
8.24,0,-68.73784684,36.6586
8.25,0,-68.67860386,36.6586
8.26,0,-68.61943467,36.6586
8.27,0,-68.56033224,36.6586
8.28,0,-68.50128314,36.6586
8.29,0,-68.44231233,36.6586
8.3,0,-68.383404,36.6586
8.31,0,-68.32457441,36.6586
8.32,0,-68.26580248,36.6586
8.33,0,-68.2070745,36.6586
8.34,0,-68.14844379,36.6586
8.35,0,-68.08986545,36.6586
8.36,0,-68.03137491,36.6586
8.37,0,-67.97294744,36.6586
8.38,0,-67.91457825,36.6586
8.39,0,-67.85628686,36.6586
8.4,0,-67.79805844,36.6586
8.41,0,-67.73987821,36.6586
8.42,0,-67.68181158,36.6586
8.43,0,-67.62377261,36.6586
8.44,0,-67.56581674,36.6586
8.45,0,-67.50793868,36.6586
8.46,0,-67.4500944,36.6586
8.47,0,-67.39233753,36.6586
8.48,0,-67.33466867,36.6586
8.49,0,-67.277053,36.6586
8.5,0,-67.21949535,36.6586
8.51,0,-67.16200065,36.6586
8.52,0,-67.10460401,36.6586
8.53,0,-67.0472458,36.6586
8.54,0,-66.98718915,36.6586
8.55,0,-66.92783263,36.6586
8.56,0,-66.86853934,36.6586
8.57,0,-66.80934341,36.6586
8.58,0,-66.75022618,36.6586
8.59,0,-66.69122216,36.6586
8.6,0,-66.6322654,36.6586
8.61,0,-66.57343233,36.6586
8.62,0,-66.51465717,36.6586
8.63,0,-66.45599505,36.6586
8.64,0,-66.39739156,36.6586
8.65,0,-66.33887665,36.6586
8.66,0,-66.28046457,36.6586
8.67,0,-66.2221205,36.6586
8.68,0,-66.16385962,36.6586
8.69,0,-66.10570697,36.6586
8.7,0,-66.04761272,36.6586
8.71,0,-65.98960101,36.6586
8.72,0,-65.9316876,36.6586
8.73,0,-65.87386789,36.6586
8.74,0,-65.81612609,36.6586
8.75,0,-65.75846713,36.6586
8.76,0,-65.70088721,36.6586
8.77,0,-65.64339474,36.6586
8.78,0,-65.58600661,36.6586
8.79,0,-65.52868601,36.6586
8.8,0,-65.47143941,36.6586
8.81,0,-65.41428021,36.6586
8.82,0,-65.35719935,36.6586
8.83,0,-65.30020203,36.6586
8.84,0,-65.24330335,36.6586
8.85,0,-65.18649245,36.6586
8.86,0,-65.12974452,36.6586
8.87,0,-65.07310512,36.6586
8.88,0,-65.01651902,36.6586
8.89,0,-64.96005115,36.6586
8.9,0,-64.90365132,36.6586
8.91,0,-64.84732574,36.6586
8.92,0,-64.79107721,36.6586
8.93,0,-64.73495819,36.6586
8.94,0,-64.67887127,36.6586
8.95,0,-64.62288364,36.6586
8.96,0,-64.56696848,36.6586
8.97,0,-64.51114186,36.6586
8.98,0,-64.45542398,36.6586
8.99,0,-64.39975778,36.6586
9,0,-64.34418089,36.6586
9.01,0,-64.28867727,36.6586
9.02,0,-64.23328293,36.6586
9.03,0,-64.17795598,36.6586
9.04,0,-64.12270322,36.6586
9.05,0,-64.06754819,36.6586
9.06,0,-64.01245111,36.6586
9.07,0,-63.95744855,36.6586
9.08,0,-63.90252425,36.6586
9.09,0,-63.84768249,36.6586
9.1,0,-63.7929295,36.6586
9.11,0,-63.73824494,36.6586
9.12,0,-63.68366386,36.6586
9.13,0,-63.6291315,36.6586
9.14,0,-63.57470677,36.6586
9.15,0,-63.52036522,36.6586
9.16,0,-63.46608232,36.6586
9.17,0,-63.4118927,36.6586
9.18,0,-63.3577822,36.6586
9.19,0,-63.30374973,36.6586
9.2,0,-63.24979062,36.6586
9.21,0,-63.19592969,36.6586
9.22,0,-63.14212789,36.6586
9.23,0,-63.08844868,36.6586
9.24,0,-63.03479877,36.6586
9.25,0,-62.98125712,36.6586
9.26,0,-62.92779795,36.6586
9.27,0,-62.87440749,36.6586
9.28,0,-62.82110613,36.6586
9.29,0,-62.76786776,36.6586
9.3,0,-62.71473792,36.6586
9.31,0,-62.66164759,36.6586
9.32,0,-62.60866001,36.6586
9.33,0,-62.5557609,36.6586
9.34,0,-62.5029305,36.6586
9.35,0,-62.45017222,36.6586
9.36,0,-62.39752349,36.6586
9.37,0,-62.34492366,36.6586
9.38,0,-62.29240613,36.6586
9.39,0,-62.2399783,36.6586
9.4,0,-62.18761834,36.6586
9.41,0,-62.13534237,36.6586
9.42,0,-62.08314495,36.6586
9.43,0,-62.03101571,36.6586
9.44,0,-61.97898019,36.6586
9.45,0,-61.92700287,36.6586
9.46,0,-61.87512454,36.6586
9.47,0,-61.8233189,36.6586
9.48,0,-61.77160242,36.6586
9.49,0,-61.71995023,36.6586
9.5,0,-61.66836664,36.6586
9.51,0,-61.6168616,36.6586
9.52,0,-61.5654491,36.6586
9.53,0,-61.51409497,36.6586
9.54,0,-61.4628401,36.6586
9.55,0,-61.41165832,36.6586
9.56,0,-61.36053485,36.6586
9.57,0,-61.30951081,36.6586
9.58,0,-61.25855585,36.6586
9.59,0,-61.2076546,36.6586
9.6,0,-61.15686127,36.6586
9.61,0,-61.10613683,36.6586
9.62,0,-61.05549557,36.6586
9.63,0,-61.00492351,36.6586
9.64,0,-60.95443,36.6586
9.65,0,-60.90398903,36.6586
9.66,0,-60.85365705,36.6586
9.67,0,-60.80338486,36.6586
9.68,0,-60.75319526,36.6586
9.69,0,-60.70309447,36.6586
9.7,0,-60.65303313,36.6586
9.71,0,-60.60309024,36.6586
9.72,0,-60.55319095,36.6586
9.73,0,-60.50338971,36.6586
9.74,0,-60.45364843,36.6586
9.75,0,-60.40398995,36.6586
9.76,0,-60.35440009,36.6586
9.77,0,-60.30489946,36.6586
9.78,0,-60.25545748,36.6586
9.79,0,-60.20609918,36.6586
9.8,0,-60.15681997,36.6586
9.81,0,-60.10762989,36.6586
9.82,0,-60.05847256,36.6586
9.83,0,-60.0094043,36.6586
9.84,0,-59.96042465,36.6586
9.85,0,-59.91151443,36.6586
9.86,0,-59.86269749,36.6586
9.87,0,-59.81391923,36.6586
9.88,0,-59.76524009,36.6586
9.89,0,-59.71663421,36.6586
9.9,0,-59.66806768,36.6586
9.91,0,-59.61963003,36.6586
9.92,0,-59.57124167,36.6586
9.93,0,-59.52290607,36.6586
9.94,0,-59.47465981,36.6586
9.95,0,-59.42649291,36.6586
9.96,0,-59.3783888,36.6586
9.97,0,-59.33037352,36.6586
9.98,0,-59.28241773,36.6586
9.99,0,-59.23454129,36.6586
10,0,-59.18672775,36.6586
10.01,0,-59.13900221,36.6586
10.02,0,-59.09135655,36.6586
10.03,0,-59.04378387,36.6586
10.04,0,-58.99627016,36.6586
10.05,0,-58.94881542,36.6586
10.06,0,-58.90147052,36.6586
10.07,0,-58.85417867,36.6586
10.08,0,-58.80694601,36.6586
10.09,0,-58.75977231,36.6586
10.1,0,-58.71271798,36.6586
10.11,0,-58.6657167,36.6586
10.12,0,-58.61877388,36.6586
10.13,0,-58.57191104,36.6586
10.14,0,-58.52514733,36.6586
10.15,0,-58.47842642,36.6586
10.16,0,-58.43177504,36.6586
10.17,0,-58.3852128,36.6586
10.18,0,-58.33871022,36.6586
10.19,0,-58.2922599,36.6586
10.2,0,-58.24590928,36.6586
10.21,0,-58.19962799,36.6586
10.22,0,-58.15341612,36.6586
10.23,0,-58.10725418,36.6586
10.24,0,-58.06118404,36.6586
10.25,0,-58.01518409,36.6586
10.26,0,-57.96925348,36.6586
10.27,0,-57.92339168,36.6586
10.28,0,-57.87759336,36.6586
10.29,0,-57.83186427,36.6586
10.3,0,-57.78621515,36.6586
10.31,0,-57.74062456,36.6586
10.32,0,-57.69511406,36.6586
10.33,0,-57.64967655,36.6586
10.34,0,-57.60432855,36.6586
10.35,0,-57.56069666,36.6586
10.36,0,-57.51709461,36.6586
10.37,0,-57.47357451,36.6586
10.38,0,-57.43012359,36.6586
10.39,0,-57.38673247,36.6586
10.4,0,-57.34339157,36.6586
10.41,0,-57.30012329,36.6586
10.42,0,-57.25690412,36.6586
10.43,0,-57.21376456,36.6586
10.44,0,-57.17069454,36.6586
10.45,0,-57.12766439,36.6586
10.46,0,-57.08470641,36.6586
10.47,0,-57.04180823,36.6586
10.48,0,-56.99897943,36.6586
10.49,0,-56.9561903,36.6586
10.5,0,-56.91350042,36.6586
10.51,0,-56.87085395,36.6586
10.52,0,-56.82825678,36.6586
10.53,0,-56.78574903,36.6586
10.54,0,-56.74327121,36.6586
10.55,0,-56.70087266,36.6586
10.56,0,-56.65854708,36.6586
10.57,0,-56.61627091,36.6586
10.58,0,-56.5740442,36.6586
10.59,0,-56.53190725,36.6586
10.6,0,-56.48981926,36.6586
10.61,0,-56.44780151,36.6586
10.62,0,-56.40582625,36.6586
10.63,0,-56.36393037,36.6586
10.64,0,-56.3220842,36.6586
10.65,0,-56.28030742,36.6586
10.66,0,-56.23859049,36.6586
10.67,0,-56.19692363,36.6586
10.68,0,-56.1553368,36.6586
10.69,0,-56.11379195,36.6586
10.7,0,-56.07230655,36.6586
10.71,0,-56.03089089,36.6586
10.72,0,-55.98954503,36.6586
10.73,0,-55.94824843,36.6586
10.74,0,-55.90703201,36.6586
10.75,0,-55.86584823,36.6586
10.76,0,-55.82473435,36.6586
10.77,0,-55.7836902,36.6586
10.78,0,-55.74269547,36.6586
10.79,0,-55.70175091,36.6586
10.8,0,-55.66087873,36.6586
10.81,0,-55.62007585,36.6586
10.82,0,-55.57932288,36.6586
10.83,0,-55.53862961,36.6586
10.84,0,-55.49799615,36.6586
10.85,0,-55.45741261,36.6586
10.86,0,-55.4169086,36.6586
10.87,0,-55.37645735,36.6586
10.88,0,-55.33605571,36.6586
10.89,0,-55.29572426,36.6586
10.9,0,-55.25544267,36.6586
10.91,0,-55.21524023,36.6586
10.92,0,-55.17506757,36.6586
10.93,0,-55.13496516,36.6586
10.94,0,-55.09492528,36.6586
10.95,0,-55.05493492,36.6586
10.96,0,-55.01501386,36.6586
10.97,0,-54.97515315,36.6586
10.98,0,-54.93535244,36.6586
10.99,0,-54.89560126,36.6586
11,0,-54.85592976,36.6586
11.01,0,-54.81628826,36.6586
11.02,0,-54.77671971,36.6586
11.03,0,-54.73719069,36.6586
11.04,0,-54.69775125,36.6586
11.05,0,-54.65835105,36.6586
11.06,0,-54.61902148,36.6586
11.07,0,-54.57973174,36.6586
11.08,0,-54.54050192,36.6586
11.09,0,-54.50135177,36.6586
11.1,0,-54.46224152,36.6586
11.11,0,-54.42320076,36.6586
11.12,0,-54.38420338,36.6586
11.13,0,-54.34526551,36.6586
11.14,0,-54.30639714,36.6586
11.15,0,-54.26755877,36.6586
11.16,0,-54.228811,36.6586
11.17,0,-54.19010258,36.6586
11.18,0,-54.15144446,36.6586
11.19,0,-54.11284616,36.6586
11.2,0,-54.07433774,36.6586
11.21,0,-54.03585911,36.6586
11.22,0,-53.99743323,36.6586
11.23,0,-53.95906707,36.6586
11.24,0,-53.92075122,36.6586
11.25,0,-53.88249504,36.6586
11.26,0,-53.84429886,36.6586
11.27,0,-53.80615221,36.6586
11.28,0,-53.76808534,36.6586
11.29,0,-53.73004935,36.6586
11.3,0,-53.69207313,36.6586
11.31,0,-53.65416694,36.6586
11.32,0,-53.61631034,36.6586
11.33,0,-53.5785135,36.6586
11.34,0,-53.54075698,36.6586
11.35,0,-53.50307289,36.6586
11.36,0,-53.46543921,36.6586
11.37,0,-53.4278554,36.6586
11.38,0,-53.39033135,36.6586
11.39,0,-53.35286702,36.6586
11.4,0,-53.31545299,36.6586
11.41,0,-53.27809917,36.6586
11.42,0,-53.24079532,36.6586
11.43,0,-53.20355176,36.6586
11.44,0,-53.16635798,36.6586
11.45,0,-53.12921413,36.6586
11.46,0,-53.09214061,36.6586
11.47,0,-53.05509698,36.6586
11.48,0,-53.01813305,36.6586
11.49,0,-52.98121962,36.6586
11.5,0,-52.94435588,36.6586
11.51,0,-52.907552,36.6586
11.52,0,-52.87079877,36.6586
11.53,0,-52.83409521,36.6586
11.54,0,-52.79744188,36.6586
11.55,0,-52.76086833,36.6586
11.56,0,-52.72434577,36.6586
11.57,0,-52.68785239,36.6586
11.58,0,-52.65143193,36.6586
11.59,0,-52.61505141,36.6586
11.6,0,-52.57871144,36.6586
11.61,0,-52.54245103,36.6586
11.62,0,-52.50624112,36.6586
11.63,0,-52.47008122,36.6586
11.64,0,-52.43398153,36.6586
11.65,0,-52.39792124,36.6586
11.66,0,-52.36191202,36.6586
11.67,0,-52.32597208,36.6586
11.68,0,-52.29007261,36.6586
11.69,0,-52.25423342,36.6586
11.7,0,-52.2184542,36.6586
11.71,0,-52.18271267,36.6586
11.72,0,-52.14704081,36.6586
11.73,0,-52.11140926,36.6586
11.74,0,-52.07584877,36.6586
11.75,0,-52.0403372,36.6586
11.76,0,-52.00486666,36.6586
11.77,0,-51.96945637,36.6586
11.78,0,-51.93408649,36.6586
11.79,0,-51.89878657,36.6586
11.8,0,-51.86352677,36.6586
11.81,0,-51.828318,36.6586
11.82,0,-51.79316871,36.6586
11.83,0,-51.75805978,36.6586
11.84,0,-51.72301073,36.6586
11.85,0,-51.68802197,36.6586
11.86,0,-51.65308394,36.6586
11.87,0,-51.61819579,36.6586
11.88,0,-51.58334999,36.6586
11.89,0,-51.5485543,36.6586
11.9,0,-51.5138092,36.6586
11.91,0,-51.4791243,36.6586
11.92,0,-51.44448687,36.6586
11.93,0,-51.40992005,36.6586
11.94,0,-51.37537371,36.6586
11.95,0,-51.3408976,36.6586
11.96,0,-51.30647118,36.6586
11.97,0,-51.27207542,36.6586
11.98,0,-51.23774966,36.6586
11.99,0,-51.20348457,36.6586
12,0,-51.16924966,36.6586
12.01,0,-51.13507518,36.6586
12.02,0,-51.10095077,36.6586
12.03,0,-51.06686621,36.6586
12.04,0,-51.03286233,36.6586
12.05,0,-50.99886857,36.6586
12.06,0,-50.96496492,36.6586
12.07,0,-50.9310697,36.6586
12.08,0,-50.89725475,36.6586
12.09,0,-50.86348996,36.6586
12.1,0,-50.8297758,36.6586
12.11,0,-50.79610209,36.6586
12.12,0,-50.76248798,36.6586
12.13,0,-50.72891478,36.6586
12.14,0,-50.69540183,36.6586
12.15,0,-50.66192694,36.6586
12.16,0,-50.62850293,36.6586
12.17,0,-50.59513901,36.6586
12.18,0,-50.56181499,36.6586
12.19,0,-50.52853194,36.6586
12.2,0,-50.49530917,36.6586
12.21,0,-50.46213634,36.6586
12.22,0,-50.42902449,36.6586
12.23,0,-50.39593985,36.6586
12.24,0,-50.36293617,36.6586
12.25,0,-50.32995344,36.6586
12.26,0,-50.29702045,36.6586
12.27,0,-50.26413827,36.6586
12.28,0,-50.23131582,36.6586
12.29,0,-50.1985341,36.6586
12.3,0,-50.16580042,36.6586
12.31,0,-50.13313734,36.6586
12.32,0,-50.10050495,36.6586
12.33,0,-50.06792305,36.6586
12.34,0,-50.03538081,36.6586
12.35,0,-50.00289992,36.6586
12.36,0,-49.97046901,36.6586
12.37,0,-49.93807901,36.6586
12.38,0,-49.9057191,36.6586
12.39,0,-49.8734372,36.6586
12.4,0,-49.84119575,36.6586
12.41,0,-49.80900487,36.6586
12.42,0,-49.77685412,36.6586
12.43,0,-49.74475395,36.6586
12.44,0,-49.71270476,36.6586
12.45,0,-49.6806957,36.6586
12.46,0,-49.64873721,36.6586
12.47,0,-49.61681738,36.6586
12.48,0,-49.58495802,36.6586
12.49,0,-49.55314845,36.6586
12.5,0,-49.52137961,36.6586
12.51,0,-49.48966166,36.6586
12.52,0,-49.4579841,36.6586
12.53,0,-49.42635492,36.6586
12.54,0,-49.39477645,36.6586
12.55,0,-49.3632476,36.6586
12.56,0,-49.33175964,36.6586
12.57,0,-49.30033238,36.6586
12.58,0,-49.26893604,36.6586
12.59,0,-49.23757799,36.6586
12.6,0,-49.20629026,36.6586
12.61,0,-49.17503344,36.6586
12.62,0,-49.14383664,36.6586
12.63,0,-49.11268023,36.6586
12.64,0,-49.08157253,36.6586
12.65,0,-49.05050536,36.6586
12.66,0,-49.0194889,36.6586
12.67,0,-48.98851301,36.6586
12.68,0,-48.95759573,36.6586
12.69,0,-48.92670886,36.6586
12.7,0,-48.89588245,36.6586
12.71,0,-48.86509653,36.6586
12.72,0,-48.8343591,36.6586
12.73,0,-48.80367246,36.6586
12.74,0,-48.77303657,36.6586
12.75,0,-48.7424314,36.6586
12.76,0,-48.71187476,36.6586
12.77,0,-48.68135875,36.6586
12.78,0,-48.65089335,36.6586
12.79,0,-48.6204786,36.6586
12.8,0,-48.59010424,36.6586
12.81,0,-48.55978864,36.6586
12.82,0,-48.52950354,36.6586
12.83,0,-48.49925923,36.6586
12.84,0,-48.46906346,36.6586
12.85,0,-48.4389188,36.6586
12.86,0,-48.40882438,36.6586
12.87,0,-48.37876055,36.6586
12.88,0,-48.34875561,36.6586
12.89,0,-48.3187813,36.6586
12.9,0,-48.2888572,36.6586
12.91,0,-48.25898406,36.6586
12.92,0,-48.22914983,36.6586
12.93,0,-48.19936594,36.6586
12.94,0,-48.16961295,36.6586
12.95,0,-48.13991872,36.6586
12.96,0,-48.11026465,36.6586
12.97,0,-48.08065192,36.6586
12.98,0,-48.05109961,36.6586
12.99,0,-48.02157604,36.6586
13,0,-47.99209278,36.6586
13.01,0,-47.96267056,36.6586
13.02,0,-47.93329707,36.6586
13.03,0,-47.90393427,36.6586
13.04,0,-47.87464259,36.6586
13.05,0,-47.84538158,36.6586
13.06,0,-47.81615966,36.6586
13.07,0,-47.78699825,36.6586
13.08,0,-47.75785751,36.6586
13.09,0,-47.72878563,36.6586
13.1,0,-47.69975427,36.6586
13.11,0,-47.67075344,36.6586
13.12,0,-47.6418017,36.6586
13.13,0,-47.61288116,36.6586
13.14,0,-47.58402117,36.6586
13.15,0,-47.55519992,36.6586
13.16,0,-47.52641956,36.6586
13.17,0,-47.49768002,36.6586
13.18,0,-47.46898914,36.6586
13.19,0,-47.44033882,36.6586
13.2,0,-47.41172915,36.6586
13.21,0,-47.3831593,36.6586
13.22,0,-47.35463992,36.6586
13.23,0,-47.32616937,36.6586
13.24,0,-47.29771944,36.6586
13.25,0,-47.26934001,36.6586
13.26,0,-47.24099987,36.6586
13.27,0,-47.21269078,36.6586
13.28,0,-47.18442067,36.6586
13.29,0,-47.15620116,36.6586
13.3,0,-47.12801209,36.6586
13.31,0,-47.09987247,36.6586
13.32,0,-47.07178407,36.6586
13.33,0,-47.04371606,36.6586
13.34,0,-47.01570725,36.6586
13.35,0,-46.98774898,36.6586
13.36,0,-46.95980985,36.6586
13.37,0,-46.93193169,36.6586
13.38,0,-46.90409284,36.6586
13.39,0,-46.87628459,36.6586
13.4,0,-46.84851716,36.6586
13.41,0,-46.82079919,36.6586
13.42,0,-46.79312183,36.6586
13.43,0,-46.76549357,36.6586
13.44,0,-46.73789593,36.6586
13.45,0,-46.71033932,36.6586
13.46,0,-46.68283209,36.6586
13.47,0,-46.65535542,36.6586
13.48,0,-46.62792791,36.6586
13.49,0,-46.60055125,36.6586
13.5,0,-46.57319369,36.6586
13.51,0,-46.54589702,36.6586
13.52,0,-46.51863955,36.6586
13.53,0,-46.49141287,36.6586
13.54,0,-46.46422735,36.6586
13.55,0,-46.437081,36.6586
13.56,0,-46.40999519,36.6586
13.57,0,-46.38293877,36.6586
13.58,0,-46.35591335,36.6586
13.59,0,-46.32893718,36.6586
13.6,0,-46.30200229,36.6586
13.61,0,-46.27509646,36.6586
13.62,0,-46.2482413,36.6586
13.63,0,-46.22142574,36.6586
13.64,0,-46.19464079,36.6586
13.65,0,-46.16791534,36.6586
13.66,0,-46.14123027,36.6586
13.67,0,-46.11455638,36.6586
13.68,0,-46.08794178,36.6586
13.69,0,-46.06137806,36.6586
13.7,0,-46.0348437,36.6586
13.71,0,-46.00834873,36.6586
13.72,0,-45.98189436,36.6586
13.73,0,-45.95547963,36.6586
13.74,0,-45.92909581,36.6586
13.75,0,-45.90276159,36.6586
13.76,0,-45.87646821,36.6586
13.77,0,-45.85020446,36.6586
13.78,0,-45.82400144,36.6586
13.79,0,-45.79781775,36.6586
13.8,0,-45.771675,36.6586
13.81,0,-45.74557194,36.6586
13.82,0,-45.71951937,36.6586
13.83,0,-45.69349668,36.6586
13.84,0,-45.66751445,36.6586
13.85,0,-45.64157196,36.6586
13.86,0,-45.6156689,36.6586
13.87,0,-45.5897967,36.6586
13.88,0,-45.56398431,36.6586
13.89,0,-45.53818266,36.6586
13.9,0,-45.51244047,36.6586
13.91,0,-45.48672926,36.6586
13.92,0,-45.46105779,36.6586
13.93,0,-45.43541547,36.6586
13.94,0,-45.40983406,36.6586
13.95,0,-45.38428232,36.6586
13.96,0,-45.35877133,36.6586
13.97,0,-45.33328035,36.6586
13.98,0,-45.3078391,36.6586
13.99,0,-45.28243852,36.6586
14,0,-45.25707722,36.6586
14.01,0,-45.231746,36.6586
14.02,0,-45.2064654,36.6586
14.03,0,-45.18121422,36.6586
14.04,0,-45.15601285,36.6586
14.05,0,-45.13083246,36.6586
14.06,0,-45.10571159,36.6586
14.07,0,-45.08061069,36.6586
14.08,0,-45.05555037,36.6586
14.09,0,-45.03053,36.6586
14.1,0,-45.00554034,36.6586
14.11,0,-44.98060047,36.6586
14.12,0,-44.95570025,36.6586
14.13,0,-44.93083091,36.6586
14.14,0,-44.90600099,36.6586
14.15,0,-44.88121122,36.6586
14.16,0,-44.85645079,36.6586
14.17,0,-44.83173178,36.6586
14.18,0,-44.80704214,36.6586
14.19,0,-44.7824124,36.6586
14.2,0,-44.7577938,36.6586
14.21,0,-44.73321445,36.6586
14.22,0,-44.70869499,36.6586
14.23,0,-44.68419671,36.6586
14.24,0,-44.65972831,36.6586
14.25,0,-44.63531926,36.6586
14.26,0,-44.61092127,36.6586
14.27,0,-44.58658297,36.6586
14.28,0,-44.56226452,36.6586
14.29,0,-44.53799584,36.6586
14.3,0,-44.5137582,36.6586
14.31,0,-44.48954062,36.6586
14.32,0,-44.4653826,36.6586
14.33,0,-44.44125558,36.6586
14.34,0,-44.41715806,36.6586
14.35,0,-44.39310046,36.6586
14.36,0,-44.36909268,36.6586
14.37,0,-44.34510602,36.6586
14.38,0,-44.32114924,36.6586
14.39,0,-44.29724217,36.6586
14.4,0,-44.27337492,36.6586
14.41,0,-44.24952838,36.6586
14.42,0,-44.22573192,36.6586
14.43,0,-44.20196562,36.6586
14.44,0,-44.17823874,36.6586
14.45,0,-44.15453306,36.6586
14.46,0,-44.13087709,36.6586
14.47,0,-44.10727118,36.6586
14.48,0,-44.08367517,36.6586
14.49,0,-44.06011907,36.6586
14.5,0,-44.03660375,36.6586
14.51,0,-44.01311851,36.6586
14.52,0,-43.98967286,36.6586
14.53,0,-43.96626753,36.6586
14.54,0,-43.94290187,36.6586
14.55,0,-43.91955642,36.6586
14.56,0,-43.89625187,36.6586
14.57,0,-43.87297732,36.6586
14.58,0,-43.84974285,36.6586
14.59,0,-43.82653826,36.6586
14.6,0,-43.80338341,36.6586
14.61,0,-43.78025857,36.6586
14.62,0,-43.75716341,36.6586
14.63,0,-43.73410942,36.6586
14.64,0,-43.7110856,36.6586
14.65,0,-43.68809198,36.6586
14.66,0,-43.66513775,36.6586
14.67,0,-43.64222392,36.6586
14.68,0,-43.61932986,36.6586
14.69,0,-43.59647588,36.6586
14.7,0,-43.57367189,36.6586
14.71,0,-43.55088799,36.6586
14.72,0,-43.52815379,36.6586
14.73,0,-43.50543954,36.6586
14.74,0,-43.48276668,36.6586
14.75,0,-43.46012383,36.6586
14.76,0,-43.43750111,36.6586
14.77,0,-43.41493821,36.6586
14.78,0,-43.39239533,36.6586
14.79,0,-43.36989256,36.6586
14.8,0,-43.34741983,36.6586
14.81,0,-43.32498707,36.6586
14.82,0,-43.30257431,36.6586
14.83,0,-43.28021167,36.6586
14.84,0,-43.25787926,36.6586
14.85,0,-43.23557663,36.6586
14.86,0,-43.21331419,36.6586
14.87,0,-43.19108172,36.6586
14.88,0,-43.16888952,36.6586
14.89,0,-43.14671702,36.6586
14.9,0,-43.12459495,36.6586
14.91,0,-43.10249273,36.6586
14.92,0,-43.0804309,36.6586
14.93,0,-43.05839884,36.6586
14.94,0,-43.03640694,36.6586
14.95,0,-43.01444517,36.6586
14.96,0,-42.9925136,36.6586
14.97,0,-42.97061243,36.6586
14.98,0,-42.94875121,36.6586
14.99,0,-42.92692996,36.6586
15,0,-42.90512887,36.6586
15.01,0,-42.88336807,36.6586
15.02,0,-42.86162743,36.6586
15.03,0,-42.83993694,36.6586
15.04,0,-42.81826677,36.6586
15.05,0,-42.79663653,36.6586
15.06,0,-42.77503669,36.6586
15.07,0,-42.75346582,36.6586
15.08,0,-42.73193523,36.6586
15.09,0,-42.71043485,36.6586
15.1,0,-42.68896447,36.6586
15.11,0,-42.6675344,36.6586
15.12,0,-42.64612474,36.6586
15.13,0,-42.62475488,36.6586
15.14,0,-42.60341545,36.6586
15.15,0,-42.58211603,36.6586
15.16,0,-42.56083693,36.6586
15.17,0,-42.53959802,36.6586
15.18,0,-42.51838857,36.6586
15.19,0,-42.49720928,36.6586
15.2,0,-42.47607023,36.6586
15.21,0,-42.45495127,36.6586
15.22,0,-42.43388245,36.6586
15.23,0,-42.41283388,36.6586
15.24,0,-42.3918157,36.6586
15.25,0,-42.37083679,36.6586
15.26,0,-42.34988811,36.6586
15.27,0,-42.32896964,36.6586
15.28,0,-42.30807164,36.6586
15.29,0,-42.28721387,36.6586
15.3,0,-42.26639622,36.6586
15.31,0,-42.24560784,36.6586
15.32,0,-42.22485008,36.6586
15.33,0,-42.20412241,36.6586
15.34,0,-42.18341502,36.6586
15.35,0,-42.162758,36.6586
15.36,0,-42.14212019,36.6586
15.37,0,-42.1215228,36.6586
15.38,0,-42.1009457,36.6586
15.39,0,-42.0804089,36.6586
15.4,0,-42.05990165,36.6586
15.41,0,-42.03942478,36.6586
15.42,0,-42.01897812,36.6586
15.43,0,-41.99856184,36.6586
15.44,0,-41.97817499,36.6586
15.45,0,-41.95782845,36.6586
15.46,0,-41.93750227,36.6586
15.47,0,-41.91721563,36.6586
15.48,0,-41.89694907,36.6586
15.49,0,-41.87672325,36.6586
15.5,0,-41.85652685,36.6586
15.51,0,-41.83636073,36.6586
15.52,0,-41.81622492,36.6586
15.53,0,-41.7961185,36.6586
15.54,0,-41.77604263,36.6586
15.55,0,-41.75599718,36.6586
15.56,0,-41.73598151,36.6586
15.57,0,-41.71600603,36.6586
15.58,0,-41.69605083,36.6586
15.59,0,-41.67613521,36.6586
15.6,0,-41.65623998,36.6586
15.61,0,-41.63638411,36.6586
15.62,0,-41.61654897,36.6586
15.63,0,-41.59675406,36.6586
15.64,0,-41.57697878,36.6586
15.65,0,-41.55724396,36.6586
15.66,0,-41.53753872,36.6586
15.67,0,-41.51786395,36.6586
15.68,0,-41.49820946,36.6586
15.69,0,-41.47859462,36.6586
15.7,0,-41.45901017,36.6586
15.71,0,-41.43944536,36.6586
15.72,0,-41.4199311,36.6586
15.73,0,-41.40042645,36.6586
15.74,0,-41.38096214,36.6586
15.75,0,-41.36152773,36.6586
15.76,0,-41.34211351,36.6586
15.77,0,-41.32274978,36.6586
15.78,0,-41.30339577,36.6586
15.79,0,-41.2840822,36.6586
15.8,0,-41.26479827,36.6586
15.81,0,-41.24554476,36.6586
15.82,0,-41.22631123,36.6586
15.83,0,-41.20710837,36.6586
15.84,0,-41.18794514,36.6586
15.85,0,-41.16879223,36.6586
15.86,0,-41.14968901,36.6586
15.87,0,-41.13060551,36.6586
15.88,0,-41.11155269,36.6586
15.89,0,-41.09252928,36.6586
15.9,0,-41.0735368,36.6586
15.91,0,-41.05457404,36.6586
15.92,0,-41.03563184,36.6586
15.93,0,-41.01672939,36.6586
15.94,0,-40.99784728,36.6586
15.95,0,-40.97899496,36.6586
15.96,0,-40.96018249,36.6586
15.97,0,-40.94139033,36.6586
15.98,0,-40.92261825,36.6586
15.99,0,-40.90389577,36.6586
16,0,-40.88519382,36.6586
16.01,0,-40.86653201,36.6586
16.02,0,-40.84787053,36.6586
16.03,0,-40.82925885,36.6586
16.04,0,-40.81066701,36.6586
16.05,0,-40.79210565,36.6586
16.06,0,-40.77357448,36.6586
16.07,0,-40.7550731,36.6586
16.08,0,-40.73659217,36.6586
16.09,0,-40.71815106,36.6586
16.1,0,-40.69973977,36.6586
16.11,0,-40.68133913,36.6586
16.12,0,-40.6629786,36.6586
16.13,0,-40.64463779,36.6586
16.14,0,-40.62633694,36.6586
16.15,0,-40.60805654,36.6586
16.16,0,-40.58981618,36.6586
16.17,0,-40.57159584,36.6586
16.18,0,-40.55339529,36.6586
16.19,0,-40.53522544,36.6586
16.2,0,-40.51709548,36.6586
16.21,0,-40.49899527,36.6586
16.22,0,-40.48091497,36.6586
16.23,0,-40.46286446,36.6586
16.24,0,-40.44484486,36.6586
16.25,0,-40.42684531,36.6586
16.26,0,-40.40887552,36.6586
16.27,0,-40.39094569,36.6586
16.28,0,-40.37302595,36.6586
16.29,0,-40.35513699,36.6586
16.3,0,-40.33727781,36.6586
16.31,0,-40.31945859,36.6586
16.32,0,-40.30164925,36.6586
16.33,0,-40.28387974,36.6586
16.34,0,-40.26613063,36.6586
16.35,0,-40.24842142,36.6586
16.36,0,-40.23073208,36.6586
16.37,0,-40.21306343,36.6586
16.38,0,-40.19542497,36.6586
16.39,0,-40.17781659,36.6586
16.4,0,-40.16023804,36.6586
16.41,0,-40.14267954,36.6586
16.42,0,-40.12516125,36.6586
16.43,0,-40.10765292,36.6586
16.44,0,-40.09017455,36.6586
16.45,0,-40.07273619,36.6586
16.46,0,-40.05531812,36.6586
16.47,0,-40.0379301,36.6586
16.48,0,-40.02057188,36.6586
16.49,0,-40.0032241,36.6586
16.5,0,-39.9859064,36.6586
16.51,0,-39.96862856,36.6586
16.52,0,-39.95137084,36.6586
16.53,0,-39.93414348,36.6586
16.54,0,-39.91694596,36.6586
16.55,0,-39.89976862,36.6586
16.56,0,-39.88261166,36.6586
16.57,0,-39.86548455,36.6586
16.58,0,-39.84838764,36.6586
16.59,0,-39.83132076,36.6586
16.6,0,-39.81428347,36.6586
16.61,0,-39.79725635,36.6586
16.62,0,-39.78026933,36.6586
16.63,0,-39.76331263,36.6586
16.64,0,-39.74637599,36.6586
16.65,0,-39.72945928,36.6586
16.66,0,-39.7125728,36.6586
16.67,0,-39.69571612,36.6586
16.68,0,-39.67888937,36.6586
16.69,0,-39.66208302,36.6586
16.7,0,-39.645307,36.6586
16.71,0,-39.62855081,36.6586
16.72,0,-39.61182481,36.6586
16.73,0,-39.59511861,36.6586
16.74,0,-39.57845256,36.6586
16.75,0,-39.56179698,36.6586
16.76,0,-39.54517137,36.6586
16.77,0,-39.52858538,36.6586
16.78,0,-39.51199973,36.6586
16.79,0,-39.49546425,36.6586
16.8,0,-39.47893893,36.6586
16.81,0,-39.46244334,36.6586
16.82,0,-39.44597803,36.6586
16.83,0,-39.42954277,36.6586
16.84,0,-39.41311777,36.6586
16.85,0,-39.39673246,36.6586
16.86,0,-39.38036745,36.6586
16.87,0,-39.36402283,36.6586
16.88,0,-39.34771786,36.6586
16.89,0,-39.33142305,36.6586
16.9,0,-39.31516866,36.6586
16.91,0,-39.29892388,36.6586
16.92,0,-39.28272923,36.6586
16.93,0,-39.26653457,36.6586
16.94,0,-39.25037019,36.6586
16.95,0,-39.2342362,36.6586
16.96,0,-39.21813198,36.6586
16.97,0,-39.20204819,36.6586
16.98,0,-39.18598396,36.6586
16.99,0,-39.16995008,36.6586
17,0,-39.15393605,36.6586
17.01,0,-39.13795216,36.6586
17.02,0,-39.12199794,36.6586
17.03,0,-39.10607441,36.6586
17.04,0,-39.09016039,36.6586
17.05,0,-39.07427692,36.6586
17.06,0,-39.05842315,36.6586
17.07,0,-39.04258995,36.6586
17.08,0,-39.02677638,36.6586
17.09,0,-39.01099326,36.6586
17.1,0,-38.99524009,36.6586
17.11,0,-38.97949714,36.6586
17.12,0,-38.96379425,36.6586
17.13,0,-38.94810153,36.6586
17.14,0,-38.93244863,36.6586
17.15,0,-38.91681579,36.6586
17.16,0,-38.9012034,36.6586
17.17,0,-38.88561082,36.6586
17.18,0,-38.87005803,36.6586
17.19,0,-38.85451571,36.6586
17.2,0,-38.8390033,36.6586
17.21,0,-38.82352065,36.6586
17.22,0,-38.8080585,36.6586
17.23,0,-38.79261639,36.6586
17.24,0,-38.77720415,36.6586
17.25,0,-38.76181223,36.6586
17.26,0,-38.74645036,36.6586
17.27,0,-38.73110836,36.6586
17.28,0,-38.71579647,36.6586
17.29,0,-38.7004948,36.6586
17.3,0,-38.68523327,36.6586
17.31,0,-38.66998153,36.6586
17.32,0,-38.65477005,36.6586
17.33,0,-38.63956826,36.6586
17.34,0,-38.62439722,36.6586
17.35,0,-38.60924608,36.6586
17.36,0,-38.59412503,36.6586
17.37,0,-38.57902385,36.6586
17.38,0,-38.56394275,36.6586
17.39,0,-38.54889149,36.6586
17.4,0,-38.53386045,36.6586
17.41,0,-38.51885975,36.6586
17.42,0,-38.50387933,36.6586
17.43,0,-38.48892872,36.6586
17.44,0,-38.47398832,36.6586
17.45,0,-38.4590778,36.6586
17.46,0,-38.44419736,36.6586
17.47,0,-38.42933693,36.6586
17.48,0,-38.41449664,36.6586
17.49,0,-38.39967637,36.6586
17.5,0,-38.38488624,36.6586
17.51,0,-38.37012609,36.6586
17.52,0,-38.35537608,36.6586
17.53,0,-38.34065612,36.6586
17.54,0,-38.32595637,36.6586
17.55,0,-38.31127679,36.6586
17.56,0,-38.29663676,36.6586
17.57,0,-38.28200655,36.6586
17.58,0,-38.26740684,36.6586
17.59,0,-38.25282724,36.6586
17.6,0,-38.2382676,36.6586
17.61,0,-38.22373828,36.6586
17.62,0,-38.20921899,36.6586
17.63,0,-38.19473941,36.6586
17.64,0,-38.18026987,36.6586
17.65,0,-38.16583071,36.6586
17.66,0,-38.15141166,36.6586
17.67,0,-38.13701268,36.6586
17.68,0,-38.12264349,36.6586
17.69,0,-38.10830447,36.6586
17.7,0,-38.09396566,36.6586
17.71,0,-38.07966696,36.6586
17.72,0,-38.06538814,36.6586
17.73,0,-38.05112963,36.6586
17.74,0,-38.03690106,36.6586
17.75,0,-38.02269221,36.6586
17.76,0,-38.008494,36.6586
17.77,0,-37.9943257,36.6586
17.78,0,-37.98018715,36.6586
17.79,0,-37.96606896,36.6586
17.8,0,-37.95197063,36.6586
17.81,0,-37.93789244,36.6586
17.82,0,-37.92384455,36.6586
17.83,0,-37.90981639,36.6586
17.84,0,-37.89580859,36.6586
17.85,0,-37.88182071,36.6586
17.86,0,-37.86786293,36.6586
17.87,0,-37.85392511,36.6586
17.88,0,-37.84000771,36.6586
17.89,0,-37.82609992,36.6586
17.9,0,-37.81223235,36.6586
17.91,0,-37.79838473,36.6586
17.92,0,-37.78455742,36.6586
17.93,0,-37.77074996,36.6586
17.94,0,-37.75697279,36.6586
17.95,0,-37.7432158,36.6586
17.96,0,-37.7294685,36.6586
17.97,0,-37.7157516,36.6586
17.98,0,-37.70206468,36.6586
17.99,0,-37.68838786,36.6586
18,0,-37.67474119,36.6586
18.01,0,-37.6611045,36.6586
18.02,0,-37.64750768,36.6586
18.03,0,-37.63392114,36.6586
18.04,0,-37.6203548,36.6586
18.05,0,-37.60681822,36.6586
18.06,0,-37.5932921,36.6586
18.07,0,-37.57979583,36.6586
18.08,0,-37.56632956,36.6586
18.09,0,-37.55287354,36.6586
18.1,0,-37.53943715,36.6586
18.11,0,-37.5260313,36.6586
18.12,0,-37.51264563,36.6586
18.13,0,-37.49927974,36.6586
18.14,0,-37.485934,36.6586
18.15,0,-37.47261814,36.6586
18.16,0,-37.45931239,36.6586
18.17,0,-37.44603665,36.6586
18.18,0,-37.43278111,36.6586
18.19,0,-37.41954549,36.6586
18.2,0,-37.40633994,36.6586
18.21,0,-37.3931446,36.6586
18.22,0,-37.37997914,36.6586
18.23,0,-37.36682382,36.6586
18.24,0,-37.3536986,36.6586
18.25,0,-37.34059343,36.6586
18.26,0,-37.32750831,36.6586
18.27,0,-37.31444347,36.6586
18.28,0,-37.30139871,36.6586
18.29,0,-37.28837394,36.6586
18.3,0,-37.27537945,36.6586
18.31,0,-37.26239504,36.6586
18.32,0,-37.24944033,36.6586
18.33,0,-37.23650575,36.6586
18.34,0,-37.22358138,36.6586
18.35,0,-37.21068717,36.6586
18.36,0,-37.19781301,36.6586
18.37,0,-37.1849587,36.6586
18.38,0,-37.17213465,36.6586
18.39,0,-37.15932083,36.6586
18.4,0,-37.14652665,36.6586
18.41,0,-37.13376276,36.6586
18.42,0,-37.12101885,36.6586
18.43,0,-37.10828486,36.6586
18.44,0,-37.09558116,36.6586
18.45,0,-37.08289763,36.6586
18.46,0,-37.07023408,36.6586
18.47,0,-37.05759054,36.6586
18.48,0,-37.04496689,36.6586
18.49,0,-37.03236359,36.6586
18.5,0,-37.01979005,36.6586
18.51,0,-37.00722677,36.6586
18.52,0,-36.99468345,36.6586
18.53,0,-36.98216044,36.6586
18.54,0,-36.96967719,36.6586
18.55,0,-36.95719421,36.6586
18.56,0,-36.94473124,36.6586
18.57,0,-36.93229828,36.6586
18.58,0,-36.91988545,36.6586
18.59,0,-36.90749252,36.6586
18.6,0,-36.89511962,36.6586
18.61,0,-36.88276713,36.6586
18.62,0,-36.87042469,36.6586
18.63,0,-36.85812201,36.6586
18.64,0,-36.84581963,36.6586
18.65,0,-36.83354743,36.6586
18.66,0,-36.82129519,36.6586
18.67,0,-36.80906274,36.6586
18.68,0,-36.79686042,36.6586
18.69,0,-36.78466816,36.6586
18.7,0,-36.77249626,36.6586
18.71,0,-36.76033447,36.6586
18.72,0,-36.74821253,36.6586
18.73,0,-36.73610064,36.6586
18.74,0,-36.72400886,36.6586
18.75,0,-36.71193723,36.6586
18.76,0,-36.6998855,36.6586
18.77,0,-36.6878638,36.6586
18.78,0,-36.67585221,36.6586
18.79,0,-36.66386072,36.6586
18.8,0,-36.65188948,36.6586
18.81,0,-36.63992829,36.6586
18.82,0,-36.62800666,36.6586
18.83,0,-36.61609525,36.6586
18.84,0,-36.60420391,36.6586
18.85,0,-36.59233285,36.6586
18.86,0,-36.58049183,36.6586
18.87,0,-36.56865077,36.6586
18.88,0,-36.55683962,36.6586
18.89,0,-36.54504867,36.6586
18.9,0,-36.53327794,36.6586
18.91,0,-36.52152704,36.6586
18.92,0,-36.50990675,36.6586
18.93,0,-36.49831698,36.6586
18.94,0,-36.48675697,36.6586
18.95,0,-36.47520719,36.6586
18.96,0,-36.46368762,36.6586
18.97,0,-36.45217794,36.6586
18.98,0,-36.44068845,36.6586
18.99,0,-36.42921865,36.6586
19,0,-36.41777921,36.6586
19.01,0,-36.4063497,36.6586
19.02,0,-36.3949404,36.6586
19.03,0,-36.38354105,36.6586
19.04,0,-36.37216163,36.6586
19.05,0,-36.36081248,36.6586
19.06,0,-36.34947311,36.6586
19.07,0,-36.33815408,36.6586
19.08,0,-36.32685505,36.6586
19.09,0,-36.31557595,36.6586
19.1,0,-36.30430689,36.6586
19.11,0,-36.29306818,36.6586
19.12,0,-36.28183952,36.6586
19.13,0,-36.27063084,36.6586
19.14,0,-36.25943223,36.6586
19.15,0,-36.2482634,36.6586
19.16,0,-36.23711484,36.6586
19.17,0,-36.22598637,36.6586
19.18,0,-36.21485802,36.6586
19.19,0,-36.20375975,36.6586
19.2,0,-36.19269149,36.6586
19.21,0,-36.18162336,36.6586
19.22,0,-36.1705753,36.6586
19.23,0,-36.15955725,36.6586
19.24,0,-36.14854913,36.6586
19.25,0,-36.13756115,36.6586
19.26,0,-36.12659331,36.6586
19.27,0,-36.11563553,36.6586
19.28,0,-36.10470762,36.6586
19.29,0,-36.09378987,36.6586
19.3,0,-36.08289221,36.6586
19.31,0,-36.07200468,36.6586
19.32,0,-36.06114701,36.6586
19.33,0,-36.05030953,36.6586
19.34,0,-36.03948222,36.6586
19.35,0,-36.02867488,36.6586
19.36,0,-36.01787746,36.6586
19.37,0,-36.00712018,36.6586
19.38,0,-35.99636287,36.6586
19.39,0,-35.98562568,36.6586
19.4,0,-35.97490844,36.6586
19.41,0,-35.96421144,36.6586
19.42,0,-35.95352434,36.6586
19.43,0,-35.94286741,36.6586
19.44,0,-35.93222056,36.6586
19.45,0,-35.92158397,36.6586
19.46,0,-35.91097731,36.6586
19.47,0,-35.90038063,36.6586
19.48,0,-35.88980421,36.6586
19.49,0,-35.87924755,36.6586
19.5,0,-35.8687109,36.6586
19.51,0,-35.85818449,36.6586
19.52,0,-35.84768808,36.6586
19.53,0,-35.83720177,36.6586
19.54,0,-35.8267255,36.6586
19.55,0,-35.81627921,36.6586
19.56,0,-35.80584296,36.6586
19.57,0,-35.79542684,36.6586
19.58,0,-35.78503077,36.6586
19.59,0,-35.77465478,36.6586
19.6,0,-35.76428885,36.6586
19.61,0,-35.75394299,36.6586
19.62,0,-35.74361724,36.6586
19.63,0,-35.73330157,36.6586
19.64,0,-35.72300596,36.6586
19.65,0,-35.71272048,36.6586
19.66,0,-35.70246508,36.6586
19.67,0,-35.6922196,36.6586
19.68,0,-35.68199424,36.6586
19.69,0,-35.67178909,36.6586
19.7,0,-35.66159381,36.6586
19.71,0,-35.65141864,36.6586
19.72,0,-35.64126364,36.6586
19.73,0,-35.63112861,36.6586
19.74,0,-35.62100374,36.6586
19.75,0,-35.61089885,36.6586
19.76,0,-35.60080404,36.6586
19.77,0,-35.59073928,36.6586
19.78,0,-35.58067462,36.6586
19.79,0,-35.57064001,36.6586
19.8,0,-35.56061533,36.6586
19.81,0,-35.55062085,36.6586
19.82,0,-35.54063643,36.6586
19.83,0,-35.53066195,36.6586
19.84,0,-35.5207075,36.6586
19.85,0,-35.51077329,36.6586
19.86,0,-35.50085909,36.6586
19.87,0,-35.49095491,36.6586
19.88,0,-35.48107074,36.6586
19.89,0,-35.47120668,36.6586
19.9,0,-35.46135263,36.6586
19.91,0,-35.45151861,36.6586
19.92,0,-35.44170469,36.6586
19.93,0,-35.43190086,36.6586
19.94,0,-35.42212707,36.6586
19.95,0,-35.41236318,36.6586
19.96,0,-35.40260934,36.6586
19.97,0,-35.39287569,36.6586
19.98,0,-35.38316206,36.6586
19.99,0,-35.37346834,36.6586
20,0,-35.36378478,36.6586
20.01,0,-35.35412134,36.6586
20.02,0,-35.34446782,36.6586
20.03,0,-35.33484445,36.6586
20.04,0,-35.325231,36.6586
20.05,0,-35.31563775,36.6586
20.06,0,-35.30605441,36.6586
20.07,0,-35.29649127,36.6586
20.08,0,-35.28693807,36.6586
20.09,0,-35.27741492,36.6586
20.1,0,-35.2679019,36.6586
20.11,0,-35.25839908,36.6586
20.12,0,-35.24891629,36.6586
20.13,0,-35.23945348,36.6586
20.14,0,-35.2300009,36.6586
20.15,0,-35.22056836,36.6586
20.16,0,-35.21114583,36.6586
20.17,0,-35.20174335,36.6586
20.18,0,-35.19236092,36.6586
20.19,0,-35.18298855,36.6586
20.2,0,-35.17364622,36.6586
20.21,0,-35.16430397,36.6586
20.22,0,-35.15499163,36.6586
20.23,0,-35.14568932,36.6586
20.24,0,-35.13639714,36.6586
20.25,0,-35.12713508,36.6586
20.26,0,-35.11788311,36.6586
20.27,0,-35.10864122,36.6586
20.28,0,-35.09940944,36.6586
20.29,0,-35.09020763,36.6586
20.3,0,-35.0810159,36.6586
20.31,0,-35.07184414,36.6586
20.32,0,-35.06268252,36.6586
20.33,0,-35.05355087,36.6586
20.34,0,-35.04441936,36.6586
20.35,0,-35.03530786,36.6586
20.36,0,-35.02622637,36.6586
20.37,0,-35.01714486,36.6586
20.38,0,-35.00808371,36.6586
20.39,0,-34.99903262,36.6586
20.4,0,-34.99000148,36.6586
20.41,0,-34.98099043,36.6586
20.42,0,-34.97199936,36.6586
20.43,0,-34.9630084,36.6586
20.44,0,-34.95404743,36.6586
20.45,0,-34.94509653,36.6586
20.46,0,-34.93616568,36.6586
20.47,0,-34.92724478,36.6586
20.48,0,-34.91834414,36.6586
20.49,0,-34.90917166,36.6586
20.5,0,-34.90001931,36.6586
20.51,0,-34.89088693,36.6586
20.52,0,-34.88177467,36.6586
20.53,0,-34.87267236,36.6586
20.54,0,-34.86359019,36.6586
20.55,0,-34.85452794,36.6586
20.56,0,-34.84548593,36.6586
20.57,0,-34.83646387,36.6586
20.58,0,-34.82745184,36.6586
20.59,0,-34.81846012,36.6586
20.6,0,-34.80947847,36.6586
20.61,0,-34.80051675,36.6586
20.62,0,-34.79158512,36.6586
20.63,0,-34.78266353,36.6586
20.64,0,-34.77376194,36.6586
20.65,0,-34.76487048,36.6586
20.66,0,-34.75599903,36.6586
20.67,0,-34.74714766,36.6586
20.68,0,-34.73831654,36.6586
20.69,0,-34.72949555,36.6586
20.7,0,-34.72069447,36.6586
20.71,0,-34.71191349,36.6586
20.72,0,-34.70314261,36.6586
20.73,0,-34.69440173,36.6586
20.74,0,-34.68567096,36.6586
20.75,0,-34.67695014,36.6586
20.76,0,-34.66824965,36.6586
20.77,0,-34.65956912,36.6586
20.78,0,-34.65090871,36.6586
20.79,0,-34.64226833,36.6586
20.8,0,-34.63362795,36.6586
20.81,0,-34.62502762,36.6586
20.82,0,-34.61642733,36.6586
20.83,0,-34.60784724,36.6586
20.84,0,-34.59928733,36.6586
20.85,0,-34.59073752,36.6586
20.86,0,-34.58220757,36.6586
20.87,0,-34.57369767,36.6586
20.88,0,-34.56520789,36.6586
20.89,0,-34.55672818,36.6586
20.9,0,-34.54826872,36.6586
20.91,0,-34.53981921,36.6586
20.92,0,-34.53138979,36.6586
20.93,0,-34.52298037,36.6586
20.94,0,-34.51459102,36.6586
20.95,0,-34.50621172,36.6586
20.96,0,-34.49784269,36.6586
20.97,0,-34.48950365,36.6586
20.98,0,-34.48117463,36.6586
20.99,0,-34.47286561,36.6586
21,0,-34.4645768,36.6586
21.01,0,-34.456288,36.6586
21.02,0,-34.44802937,36.6586
21.03,0,-34.43978081,36.6586
21.04,0,-34.4315423,36.6586
21.05,0,-34.42333372,36.6586
21.06,0,-34.41514521,36.6586
21.07,0,-34.40696677,36.6586
21.08,0,-34.39878861,36.6586
21.09,0,-34.39064039,36.6586
21.1,0,-34.38251228,36.6586
21.11,0,-34.37439414,36.6586
21.12,0,-34.36629613,36.6586
21.13,0,-34.35820828,36.6586
21.14,0,-34.35014048,36.6586
21.15,0,-34.34209273,36.6586
21.16,0,-34.33405502,36.6586
21.17,0,-34.32603733,36.6586
21.18,0,-34.31802971,36.6586
21.19,0,-34.31004225,36.6586
21.2,0,-34.30207484,36.6586
21.21,0,-34.29411749,36.6586
21.22,0,-34.28617023,36.6586
21.23,0,-34.2782531,36.6586
21.24,0,-34.27033605,36.6586
21.25,0,-34.26244905,36.6586
21.26,0,-34.25457202,36.6586
21.27,0,-34.2467051,36.6586
21.28,0,-34.23885837,36.6586
21.29,0,-34.23103161,36.6586
21.3,0,-34.22321496,36.6586
21.31,0,-34.21541833,36.6586
21.32,0,-34.20763189,36.6586
21.33,0,-34.19986545,36.6586
21.34,0,-34.19210908,36.6586
21.35,0,-34.18437273,36.6586
21.36,0,-34.17665645,36.6586
21.37,0,-34.16895035,36.6586
21.38,0,-34.16125425,36.6586
21.39,0,-34.1535782,36.6586
21.4,0,-34.14592225,36.6586
21.41,0,-34.13827641,36.6586
21.42,0,-34.1306407,36.6586
21.43,0,-34.12302496,36.6586
21.44,0,-34.11542926,36.6586
21.45,0,-34.10784384,36.6586
21.46,0,-34.10027842,36.6586
21.47,0,-34.09272303,36.6586
21.48,0,-34.08518765,36.6586
21.49,0,-34.07766228,36.6586
21.5,0,-34.07015717,36.6586
21.51,0,-34.06266205,36.6586
21.52,0,-34.05518697,36.6586
21.53,0,-34.04772213,36.6586
21.54,0,-34.04026724,36.6586
21.55,0,-34.03284242,36.6586
21.56,0,-34.02541758,36.6586
21.57,0,-34.01802287,36.6586
21.58,0,-34.01062833,36.6586
21.59,0,-34.00325379,36.6586
21.6,0,-33.99589928,36.6586
21.61,0,-33.98855496,36.6586
21.62,0,-33.9812207,36.6586
21.63,0,-33.97390644,36.6586
21.64,0,-33.96661227,36.6586
21.65,0,-33.95931821,36.6586
21.66,0,-33.95205423,36.6586
21.67,0,-33.94479033,36.6586
21.68,0,-33.93755661,36.6586
21.69,0,-33.93032282,36.6586
21.7,0,-33.92310918,36.6586
21.71,0,-33.91591554,36.6586
21.72,0,-33.90873205,36.6586
21.73,0,-33.90155861,36.6586
21.74,0,-33.89439522,36.6586
21.75,0,-33.887262,36.6586
21.76,0,-33.88012883,36.6586
21.77,0,-33.8730157,36.6586
21.78,0,-33.86592254,36.6586
21.79,0,-33.85883964,36.6586
21.8,0,-33.85176671,36.6586
21.81,0,-33.84471388,36.6586
21.82,0,-33.83767105,36.6586
21.83,0,-33.8306384,36.6586
21.84,0,-33.82363578,36.6586
21.85,0,-33.81663317,36.6586
21.86,0,-33.80965079,36.6586
21.87,0,-33.80267844,36.6586
21.88,0,-33.79571611,36.6586
21.89,0,-33.78877395,36.6586
21.9,0,-33.78184183,36.6586
21.91,0,-33.7749297,36.6586
21.92,0,-33.76802786,36.6586
21.93,0,-33.76113598,36.6586
21.94,0,-33.75426412,36.6586
21.95,0,-33.74741227,36.6586
21.96,0,-33.74056065,36.6586
21.97,0,-33.73372903,36.6586
21.98,0,-33.72690747,36.6586
21.99,0,-33.72010613,36.6586
22,0,-33.71330481,36.6586
22.01,0,-33.70653351,36.6586
22.02,0,-33.69976242,36.6586
22.03,0,-33.69301134,36.6586
22.04,0,-33.68627026,36.6586
22.05,0,-33.67954935,36.6586
22.06,0,-33.67283846,36.6586
22.07,0,-33.66613763,36.6586
22.08,0,-33.65945699,36.6586
22.09,0,-33.65277641,36.6586
22.1,0,-33.64612587,36.6586
22.11,0,-33.6394755,36.6586
22.12,0,-33.63284517,36.6586
22.13,0,-33.62622486,36.6586
22.14,0,-33.6196247,36.6586
22.15,0,-33.61302463,36.6586
22.16,0,-33.60644463,36.6586
22.17,0,-33.59987478,36.6586
22.18,0,-33.5933249,36.6586
22.19,0,-33.58678508,36.6586
22.2,0,-33.58025546,36.6586
22.21,0,-33.57373585,36.6586
22.22,0,-33.56723647,36.6586
22.23,0,-33.56074707,36.6586
22.24,0,-33.5542677,36.6586
22.25,0,-33.54780835,36.6586
22.26,0,-33.54135922,36.6586
22.27,0,-33.53491008,36.6586
22.28,0,-33.52849114,36.6586
22.29,0,-33.5220723,36.6586
22.3,0,-33.5156734,36.6586
22.31,0,-33.50928476,36.6586
22.32,0,-33.50290615,36.6586
22.33,0,-33.49653752,36.6586
22.34,0,-33.49018906,36.6586
22.35,0,-33.48385065,36.6586
22.36,0,-33.47752226,36.6586
22.37,0,-33.47121408,36.6586
22.38,0,-33.46491588,36.6586
22.39,0,-33.45861796,36.6586
22.4,0,-33.45233998,36.6586
22.41,0,-33.44607211,36.6586
22.42,0,-33.4398144,36.6586
22.43,0,-33.43357672,36.6586
22.44,0,-33.42734908,36.6586
22.45,0,-33.42113163,36.6586
22.46,0,-33.41492414,36.6586
22.47,0,-33.40873691,36.6586
22.48,0,-33.40254966,36.6586
22.49,0,-33.39638251,36.6586
22.5,0,-33.39021551,36.6586
22.51,0,-33.38406852,36.6586
22.52,0,-33.37793175,36.6586
22.53,0,-33.37180499,36.6586
22.54,0,-33.36569822,36.6586
22.55,0,-33.35960168,36.6586
22.56,0,-33.35350513,36.6586
22.57,0,-33.34743865,36.6586
22.58,0,-33.34137234,36.6586
22.59,0,-33.33531609,36.6586
22.6,0,-33.32926999,36.6586
22.61,0,-33.32324392,36.6586
22.62,0,-33.31722786,36.6586
22.63,0,-33.311212,36.6586
22.64,0,-33.3052162,36.6586
22.65,0,-33.2992306,36.6586
22.66,0,-33.29325504,36.6586
22.67,0,-33.2872895,36.6586
22.68,0,-33.28133414,36.6586
22.69,0,-33.27539877,36.6586
22.7,0,-33.26946364,36.6586
22.71,0,-33.26353854,36.6586
22.72,0,-33.25763345,36.6586
22.73,0,-33.25173853,36.6586
22.74,0,-33.24585366,36.6586
22.75,0,-33.23996899,36.6586
22.76,0,-33.23410433,36.6586
22.77,0,-33.22824991,36.6586
22.78,0,-33.2224055,36.6586
22.79,0,-33.21657106,36.6586
22.8,0,-33.21074688,36.6586
22.81,0,-33.20493274,36.6586
22.82,0,-33.19912879,36.6586
22.83,0,-33.19333482,36.6586
22.84,0,-33.18755089,36.6586
22.85,0,-33.18178717,36.6586
22.86,0,-33.17602348,36.6586
22.87,0,-33.17026998,36.6586
22.88,0,-33.16452649,36.6586
22.89,0,-33.15879319,36.6586
22.9,0,-33.15306998,36.6586
22.91,0,-33.14736674,36.6586
22.92,0,-33.14166371,36.6586
22.93,0,-33.13597071,36.6586
22.94,0,-33.13028788,36.6586
22.95,0,-33.12461512,36.6586
22.96,0,-33.11895253,36.6586
22.97,0,-33.11330001,36.6586
22.98,0,-33.10764769,36.6586
22.99,0,-33.10202537,36.6586
23,0,-33.09639312,36.6586
23.01,0,-33.09078103,36.6586
23.02,0,-33.085179,36.6586
23.03,0,-33.07957716,36.6586
23.04,0,-33.07398532,36.6586
23.05,0,-33.06841369,36.6586
23.06,0,-33.06284208,36.6586
23.07,0,-33.05729054,36.6586
23.08,0,-33.05173918,36.6586
23.09,0,-33.04619786,36.6586
23.1,0,-33.04066676,36.6586
23.11,0,-33.03514568,36.6586
23.12,0,-33.02962476,36.6586
23.13,0,-33.02412391,36.6586
23.14,0,-33.01862328,36.6586
23.15,0,-33.01313263,36.6586
23.16,0,-33.00766203,36.6586
23.17,0,-33.0021916,36.6586
23.18,0,-32.9967313,36.6586
23.19,0,-32.99127115,36.6586
23.2,0,-32.98582108,36.6586
23.21,0,-32.98038117,36.6586
23.22,0,-32.97496129,36.6586
23.23,0,-32.96954163,36.6586
23.24,0,-32.96412201,36.6586
23.25,0,-32.95872256,36.6586
23.26,0,-32.95332316,36.6586
23.27,0,-32.94793382,36.6586
23.28,0,-32.94255465,36.6586
23.29,0,-32.93718554,36.6586
23.3,0,-32.93181663,36.6586
23.31,0,-32.92645776,36.6586
23.32,0,-32.9211091,36.6586
23.33,0,-32.91577044,36.6586
23.34,0,-32.91043201,36.6586
23.35,0,-32.90510361,36.6586
23.36,0,-32.8997854,36.6586
23.37,0,-32.89447725,36.6586
23.38,0,-32.88916929,36.6586
23.39,0,-32.88387143,36.6586
23.4,0,-32.87856376,36.6586
23.41,0,-32.8732862,36.6586
23.42,0,-32.86800868,36.6586
23.43,0,-32.86273141,36.6586
23.44,0,-32.85746421,36.6586
23.45,0,-32.85220726,36.6586
23.46,0,-32.84695047,36.6586
23.47,0,-32.84170383,36.6586
23.48,0,-32.83645742,36.6586
23.49,0,-32.83121114,36.6586
23.5,0,-32.82597506,36.6586
23.51,0,-32.82074917,36.6586
23.52,0,-32.81552341,36.6586
23.53,0,-32.81029789,36.6586
23.54,0,-32.80509258,36.6586
23.55,0,-32.79987746,36.6586
23.56,0,-32.79467256,36.6586
23.57,0,-32.78946788,36.6586
23.58,0,-32.78426339,36.6586
23.59,0,-32.77906911,36.6586
23.6,0,-32.77387506,36.6586
23.61,0,-32.76869124,36.6586
23.62,0,-32.76350765,36.6586
23.63,0,-32.75832426,36.6586
23.64,0,-32.7531411,36.6586
23.65,0,-32.74796821,36.6586
23.66,0,-32.74279555,36.6586
23.67,0,-32.73762309,36.6586
23.68,0,-32.73244091,36.6586
23.69,0,-32.72727895,36.6586
23.7,0,-32.72211726,36.6586
23.71,0,-32.71695581,36.6586
23.72,0,-32.71178461,36.6586
23.73,0,-32.70662367,36.6586
23.74,0,-32.70147299,36.6586
23.75,0,-32.69631256,36.6586
23.76,0,-32.69116239,36.6586
23.77,0,-32.68600249,36.6586
23.78,0,-32.68085284,36.6586
23.79,0,-32.67569345,36.6586
23.8,0,-32.67054433,36.6586
23.81,0,-32.6653855,36.6586
23.82,0,-32.66023692,36.6586
23.83,0,-32.65508863,36.6586
23.84,0,-32.64993059,36.6586
23.85,0,-32.64478285,36.6586
23.86,0,-32.63962538,36.6586
23.87,0,-32.6344682,36.6586
23.88,0,-32.62932128,36.6586
23.89,0,-32.62416464,36.6586
23.9,0,-32.61900831,36.6586
23.91,0,-32.61385221,36.6586
23.92,0,-32.60869643,36.6586
23.93,0,-32.60354093,36.6586
23.94,0,-32.59837569,36.6586
23.95,0,-32.59321074,36.6586
23.96,0,-32.5880461,36.6586
23.97,0,-32.58289175,36.6586
23.98,0,-32.57771767,36.6586
23.99,0,-32.57254389,36.6586
24,0,-32.56738039,36.6586
24.01,0,-32.56219717,36.6586
24.02,0,-32.55702427,36.6586
24.03,0,-32.55184166,36.6586
24.04,0,-32.54665932,36.6586
24.05,0,-32.54147729,36.6586
24.06,0,-32.53628555,36.6586
24.07,0,-32.53109409,36.6586
24.08,0,-32.52589295,36.6586
24.09,0,-32.5206921,36.6586
24.1,0,-32.51549153,36.6586
24.11,0,-32.51028126,36.6586
24.12,0,-32.50507125,36.6586
24.13,0,-32.4998516,36.6586
24.14,0,-32.49463224,36.6586
24.15,0,-32.48940316,36.6586
24.16,0,-32.48417437,36.6586
24.17,0,-32.47893589,36.6586
24.18,0,-32.47667207,36.6586
24.19,0,-32.47138457,36.6586
24.2,0,-32.46607733,36.6586
24.21,0,-32.46078037,36.6586
24.22,0,-32.45547367,36.6586
24.23,0,-32.45016723,36.6586
24.24,0,-32.44485108,36.6586
24.25,0,-32.43951517,36.6586
24.26,0,-32.43419953,36.6586
24.27,0,-32.42886418,36.6586
24.28,0,-32.42351908,36.6586
24.29,0,-32.41816425,36.6586
24.3,0,-32.41281971,36.6586
24.31,0,-32.40745544,36.6586
24.32,0,-32.40209145,36.6586
24.33,0,-32.39670774,36.6586
24.34,0,-32.39132429,36.6586
24.35,0,-32.38593109,36.6586
24.36,0,-32.38053818,36.6586
24.37,0,-32.37512553,36.6586
24.38,0,-32.36971316,36.6586
24.39,0,-32.36429105,36.6586
24.4,0,-32.35885923,36.6586
24.41,0,-32.35341765,36.6586
24.42,0,-32.34796637,36.6586
24.43,0,-32.34251534,36.6586
24.44,0,-32.33704459,36.6586
24.45,0,-32.33156408,36.6586
24.46,0,-32.32607387,36.6586
24.47,0,-32.32057393,36.6586
24.48,0,-32.31506425,36.6586
24.49,0,-32.30954486,36.6586
24.5,0,-32.30401574,36.6586
24.51,0,-32.29847688,36.6586
24.52,0,-32.29291828,36.6586
24.53,0,-32.28735997,36.6586
24.54,0,-32.28178193,36.6586
24.55,0,-32.27619413,36.6586
24.56,0,-32.27059664,36.6586
24.57,0,-32.26497942,36.6586
24.58,0,-32.25935242,36.6586
24.59,0,-32.25371569,36.6586
24.6,0,-32.24805926,36.6586
24.61,0,-32.24239306,36.6586
24.62,0,-32.23671714,36.6586
24.63,0,-32.23102147,36.6586
24.64,0,-32.22530608,36.6586
24.65,0,-32.21959094,36.6586
24.66,0,-32.21384606,36.6586
24.67,0,-32.20809144,36.6586
24.68,0,-32.20232706,36.6586
24.69,0,-32.19654295,36.6586
24.7,0,-32.19073912,36.6586
24.71,0,-32.18491552,36.6586
24.72,0,-32.17908219,36.6586
24.73,0,-32.1732391,36.6586
24.74,0,-32.16736623,36.6586
24.75,0,-32.16147363,36.6586
24.76,0,-32.15557128,36.6586
24.77,0,-32.14964915,36.6586
24.78,0,-32.14370728,36.6586
24.79,0,-32.13775566,36.6586
24.8,0,-32.13177425,36.6586
24.81,0,-32.12577311,36.6586
24.82,0,-32.11976216,36.6586
24.83,0,-32.11372147,36.6586
24.84,0,-32.10766099,36.6586
24.85,0,-32.10158075,36.6586
24.86,0,-32.09548075,36.6586
24.87,0,-32.08935094,36.6586
24.88,0,-32.08321135,36.6586
24.89,0,-32.07704199,36.6586
24.9,0,-32.07085283,36.6586
24.91,0,-32.06464388,36.6586
24.92,0,-32.05840518,36.6586
24.93,0,-32.05214664,36.6586
24.94,0,-32.0458583,36.6586
24.95,0,-32.03955014,36.6586
24.96,0,-32.0332222,36.6586
24.97,0,-32.02686445,36.6586
24.98,0,-32.02047686,36.6586
24.99,0,-32.01406944,36.6586
25,0,-32.00763223,36.6586
25.01,0,-32.00116515,36.6586
25.02,0,-31.99467823,36.6586
25.03,0,-31.9881615,36.6586
25.04,0,-31.98161494,36.6586
25.05,0,-31.97504851,36.6586
25.06,0,-31.96844222,36.6586
25.07,0,-31.96180607,36.6586
25.08,0,-31.95515005,36.6586
25.09,0,-31.94845414,36.6586
25.1,0,-31.94172836,36.6586
25.11,0,-31.93498269,36.6586
25.12,0,-31.92819714,36.6586
25.13,0,-31.92138165,36.6586
25.14,0,-31.91453627,36.6586
25.15,0,-31.90765101,36.6586
25.16,0,-31.9007358,36.6586
25.17,0,-31.89379067,36.6586
25.18,0,-31.88681558,36.6586
25.19,0,-31.87979055,36.6586
25.2,0,-31.87274557,36.6586
25.21,0,-31.8656606,36.6586
25.22,0,-31.85853566,36.6586
25.23,0,-31.85138077,36.6586
25.24,0,-31.84418586,36.6586
25.25,0,-31.83695096,36.6586
25.26,0,-31.82968603,36.6586
25.27,0,-31.82237111,36.6586
25.28,0,-31.81502611,36.6586
25.29,0,-31.80764111,36.6586
25.3,0,-31.80021601,36.6586
25.31,0,-31.79275084,36.6586
25.32,0,-31.78524561,36.6586
25.33,0,-31.77770031,36.6586
25.34,0,-31.77011486,36.6586
25.35,0,-31.76248928,36.6586
25.36,0,-31.75481362,36.6586
25.37,0,-31.74709779,36.6586
25.38,0,-31.73934179,36.6586
25.39,0,-31.7315356,36.6586
25.4,0,-31.72368923,36.6586
25.41,0,-31.71579266,36.6586
25.42,0,-31.7078559,36.6586
25.43,0,-31.69986888,36.6586
25.44,0,-31.69184162,36.6586
25.45,0,-31.68376402,36.6586
25.46,0,-31.67564617,36.6586
25.47,0,-31.66746803,36.6586
25.48,0,-31.65924953,36.6586
25.49,0,-31.65098073,36.6586
25.5,0,-31.64266154,36.6586
25.51,0,-31.634292,36.6586
25.52,0,-31.62587205,36.6586
25.53,0,-31.61740165,36.6586
25.54,0,-31.60888079,36.6586
25.55,0,-31.60030952,36.6586
25.56,0,-31.59168776,36.6586
25.57,0,-31.58300549,36.6586
25.58,0,-31.57427267,36.6586
25.59,0,-31.56548934,36.6586
25.6,0,-31.55664539,36.6586
25.61,0,-31.54776086,36.6586
25.62,0,-31.53880575,36.6586
25.63,0,-31.52979996,36.6586
25.64,0,-31.52074352,36.6586
25.65,0,-31.51162636,36.6586
25.66,0,-31.50244847,36.6586
25.67,0,-31.49321983,36.6586
25.68,0,-31.48393044,36.6586
25.69,0,-31.47459022,36.6586
25.7,0,-31.46518917,36.6586
25.71,0,-31.45572728,36.6586
25.72,0,-31.44619449,36.6586
25.73,0,-31.4366208,36.6586
25.74,0,-31.42697614,36.6586
25.75,0,-31.41727055,36.6586
25.76,0,-31.4075139,36.6586
25.77,0,-31.39768626,36.6586
25.78,0,-31.38779753,36.6586
25.79,0,-31.37785769,36.6586
25.801,0,-31.36784672,36.6586
25.811,0,-31.35777462,36.6586
25.821,0,-31.34764133,36.6586
25.831,0,-31.3374468,36.6586
25.841,0,-31.327191,36.6586
25.851,0,-31.31686393,36.6586
25.861,0,-31.30647553,36.6586
25.871,0,-31.29602577,36.6586
25.881,0,-31.2855246,36.6586
25.891,0,-31.27494202,36.6586
25.901,0,-31.26429799,36.6586
25.911,0,-31.25359243,36.6586
25.921,0,-31.24282535,36.6586
25.931,0,-31.23198672,36.6586
25.941,0,-31.22108652,36.6586
25.951,0,-31.21012462,36.6586
25.961,0,-31.19910108,36.6586
25.971,0,-31.18800584,36.6586
25.981,0,-31.17684885,36.6586
25.991,0,-31.1656301,36.6586
26.001,0,-31.15433953,36.6586
26.011,0,-31.14298712,36.6586
26.021,0,-31.13157283,36.6586
26.031,0,-31.12008661,36.6586
26.041,0,-31.10853844,36.6586
26.051,0,-31.09693828,36.6586
26.061,0,-31.08526611,36.6586
26.071,0,-31.07352191,36.6586
26.081,0,-31.06172559,36.6586
26.091,0,-31.04986716,36.6586
26.101,0,-31.0379366,36.6586
26.111,0,-31.02595382,36.6586
26.121,0,-31.01389883,36.6586
26.131,0,-31.00179159,36.6586
26.141,0,-30.98962205,36.6586
26.151,0,-30.97738025,36.6586
26.161,0,-30.96508611,36.6586
26.171,0,-30.95273956,36.6586
26.181,0,-30.94032064,36.6586
26.191,0,-30.92784933,36.6586
26.201,0,-30.91532553,36.6586
26.211,0,-30.90273926,36.6586
26.221,0,-30.89009052,36.6586
26.231,0,-30.87739924,36.6586
26.241,0,-30.86463542,36.6586
26.251,0,-30.85182905,36.6586
26.261,0,-30.83897006,36.6586
26.271,0,-30.8260585,36.6586
26.281,0,-30.8130943,36.6586
26.291,0,-30.8000775,36.6586
26.301,0,-30.78700803,36.6586
26.311,0,-30.77389586,36.6586
26.321,0,-30.76073106,36.6586
26.331,0,-30.74752358,36.6586
26.341,0,-30.73427336,36.6586
26.351,0,-30.72097049,36.6586
26.361,0,-30.70763488,36.6586
26.371,0,-30.6942466,36.6586
26.381,0,-30.6808256,36.6586
26.391,0,-30.66737188,36.6586
26.401,0,-30.65386547,36.6586
26.411,0,-30.64032635,36.6586
26.421,0,-30.62676454,36.6586
26.431,0,-30.61316005,36.6586
26.441,0,-30.59952288,36.6586
26.451,0,-30.58586303,36.6586
26.461,0,-30.57217056,36.6586
26.471,0,-30.55844548,36.6586
26.481,0,-30.54470777,36.6586
26.491,0,-30.53093748,36.6586
26.501,0,-30.51715462,36.6586
26.511,0,-30.50334924,36.6586
26.521,0,-30.48952136,36.6586
26.531,0,-30.47569101,36.6586
26.541,0,-30.46183822,36.6586
26.551,0,-30.44797304,36.6586
26.561,0,-30.43410549,36.6586
26.571,0,-30.42022565,36.6586
26.581,0,-30.40634351,36.6586
26.591,0,-30.39244919,36.6586
26.601,0,-32.15119896,36.6586
26.611,0,-32.14932764,36.6586
26.621,0,-32.14745633,36.6586
26.631,0,-32.14558502,36.6586
26.641,0,-32.14371373,36.6586
26.651,0,-32.14185245,36.6586
26.661,0,-32.13999117,36.6586
26.671,0,-32.13812991,36.6586
26.681,0,-32.13626865,36.6586
26.691,0,-32.13440741,36.6586
26.701,0,-32.13254617,36.6586
26.711,0,-32.13069495,36.6586
26.721,0,-32.12884374,36.6586
26.731,0,-32.12698254,36.6586
26.741,0,-32.12513135,36.6586
26.751,0,-32.12329017,36.6586
26.761,0,-32.12143901,36.6586
26.771,0,-32.11959786,36.6586
26.781,0,-32.11774672,36.6586
26.791,0,-32.1159056,36.6586
26.801,0,-32.1140645,36.6586
26.811,0,-32.1122234,36.6586
26.821,0,-32.11038233,36.6586
26.831,0,-32.10855127,36.6586
26.841,0,-32.10671023,36.6586
26.851,0,-32.1048792,36.6586
26.861,0,-32.10304819,36.6586
26.871,0,-32.1012172,36.6586
26.881,0,-32.09937623,36.6586
26.891,0,-32.09755528,36.6586
26.901,0,-32.09572434,36.6586
26.911,0,-32.09389343,36.6586
26.921,0,-32.09207254,36.6586
26.931,0,-32.09024167,36.6586
26.941,0,-32.08842082,36.6586
26.951,0,-32.08659,36.6586
26.961,0,-32.08476919,36.6586
26.971,0,-32.08294842,36.6586
26.981,0,-32.08112766,36.6586
26.991,0,-32.07931693,36.6586
27.001,0,-32.07749623,36.6586
27.011,0,-32.07567555,36.6586
27.021,0,-32.0738549,36.6586
27.031,0,-32.07204427,36.6586
27.041,0,-32.07022368,36.6586
27.051,0,-32.06841311,36.6586
27.061,0,-32.06659257,36.6586
27.071,0,-32.06478206,36.6586
27.081,0,-32.06297158,36.6586
27.091,0,-32.06115114,36.6586
27.101,0,-32.05934072,36.6586
27.111,0,-32.05753034,36.6586
27.121,0,-32.05571999,36.6586
27.131,0,-32.05390967,36.6586
27.141,0,-32.05208938,36.6586
27.151,0,-32.05027914,36.6586
27.161,0,-32.04846892,36.6586
27.171,0,-32.04665875,36.6586
27.181,0,-32.04484861,36.6586
27.191,0,-32.0430285,36.6586
27.201,0,-32.04121844,36.6586
27.211,0,-32.03940842,36.6586
27.221,0,-32.03759843,36.6586
27.231,0,-32.03578848,36.6586
27.241,0,-32.03397858,36.6586
27.251,0,-32.03215872,36.6586
27.261,0,-32.0303389,36.6586
27.271,0,-32.02852912,36.6586
27.281,0,-32.02671938,36.6586
27.291,0,-32.02489969,36.6586
27.301,0,-32.02309004,36.6586
27.311,0,-32.02127044,36.6586
27.321,0,-32.01945089,36.6586
27.331,0,-32.01763138,36.6586
27.341,0,-32.01581192,36.6586
27.351,0,-32.0139925,36.6586
27.361,0,-32.01217314,36.6586
27.371,0,-32.01034382,36.6586
27.381,0,-32.00852456,36.6586
27.391,0,-32.00670534,36.6586
27.401,0,-32.00487618,36.6586
27.411,0,-32.00304707,36.6586
27.421,0,-32.00121801,36.6586
27.431,0,-31.99938901,36.6586
27.441,0,-31.99756006,36.6586
27.451,0,-31.99572116,36.6586
27.461,0,-31.99388232,36.6586
27.471,0,-31.99205354,36.6586
27.481,0,-31.99021481,36.6586
27.491,0,-31.98836614,36.6586
27.501,0,-31.98652753,36.6586
27.511,0,-31.98467898,36.6586
27.521,0,-31.98284048,36.6586
27.531,0,-31.98099205,36.6586
27.541,0,-31.97913368,36.6586
27.551,0,-31.97728537,36.6586
27.561,0,-31.97542712,36.6586
27.571,0,-31.97356893,36.6586
27.581,0,-31.97171081,36.6586
27.591,0,-31.96985275,36.6586
27.601,0,-31.96798476,36.6586
27.611,0,-31.96611683,36.6586
27.621,0,-31.96423897,36.6586
27.631,0,-31.96237117,36.6586
27.641,0,-31.96049344,36.6586
27.651,0,-31.95861578,36.6586
27.661,0,-31.95672819,36.6586
27.671,0,-31.95485067,36.6586
27.681,0,-31.95296322,36.6586
27.691,0,-31.95106584,36.6586
27.701,0,-31.94916853,36.6586
27.711,0,-31.9472713,36.6586
27.721,0,-31.94536413,36.6586
27.731,0,-31.94345704,36.6586
27.741,0,-31.94155003,36.6586
27.751,0,-31.93964309,36.6586
27.761,0,-31.93771622,36.6586
27.771,0,-31.93579943,36.6586
27.781,0,-31.93388272,36.6586
27.791,0,-31.93194608,36.6586
27.801,0,-31.93000953,36.6586
27.811,0,-31.92808305,36.6586
27.821,0,-31.92613665,36.6586
27.831,0,-31.92419033,36.6586
27.841,0,-31.92224409,36.6586
27.851,0,-31.92028793,36.6586
27.861,0,-31.91833186,36.6586
27.871,0,-31.91636586,36.6586
27.881,0,-31.91439995,36.6586
27.891,0,-31.91242412,36.6586
27.901,0,-31.91044838,36.6586
27.911,0,-31.90846272,36.6586
27.921,0,-31.90647715,36.6586
27.931,0,-31.90449166,36.6586
27.941,0,-31.90248626,36.6586
27.951,0,-31.90048095,36.6586
27.961,0,-31.89847572,36.6586
27.971,0,-31.89646059,36.6586
27.981,0,-31.89444554,36.6586
27.991,0,-31.89242058,36.6586
28.001,0,-31.89038571,36.6586
28.011,0,-31.88835093,36.6586
28.021,0,-31.88631624,36.6586
28.031,0,-31.88426165,36.6586
28.041,0,-31.88220714,36.6586
28.051,0,-31.88015273,36.6586
28.061,0,-31.87808841,36.6586
28.071,0,-31.87601418,36.6586
28.081,0,-31.87393004,36.6586
28.091,0,-31.871856,36.6586
28.101,0,-31.86976206,36.6586
28.111,0,-31.86765821,36.6586
28.121,0,-31.86555445,36.6586
28.131,0,-31.86344079,36.6586
28.141,0,-31.86132723,36.6586
28.151,0,-31.85920376,36.6586
28.161,0,-31.85707039,36.6586
28.171,0,-31.85492711,36.6586
28.181,0,-31.85278393,36.6586
28.191,0,-31.85063085,36.6586
28.201,0,-31.84846786,36.6586
28.211,0,-31.84629498,36.6586
28.221,0,-31.84412219,36.6586
28.231,0,-31.84193949,36.6586
28.241,0,-31.8397469,36.6586
28.251,0,-31.8375444,36.6586
28.261,0,-31.83533201,36.6586
28.271,0,-31.83311971,36.6586
28.281,0,-31.8308975,36.6586
28.291,0,-31.8286654,36.6586
28.301,0,-31.82642339,36.6586
28.311,0,-31.82417148,36.6586
28.321,0,-31.82190968,36.6586
28.331,0,-31.81964796,36.6586
28.341,0,-31.81736635,36.6586
28.351,0,-31.81508483,36.6586
28.361,0,-31.81279341,36.6586
28.371,0,-31.81048208,36.6586
28.381,0,-31.80817085,36.6586
28.391,0,-31.80584972,36.6586
28.401,0,-31.80351869,36.6586
28.411,0,-31.80117775,36.6586
28.421,0,-31.7988269,36.6586
28.431,0,-31.79647615,36.6586
28.441,0,-31.79410549,36.6586
28.451,0,-31.79172493,36.6586
28.461,0,-31.78933446,36.6586
28.471,0,-31.78693408,36.6586
28.481,0,-31.78452381,36.6586
28.491,0,-31.78210362,36.6586
28.501,0,-31.77967352,36.6586
28.511,0,-31.77722351,36.6586
28.521,0,-31.7747736,36.6586
28.531,0,-31.77231377,36.6586
28.541,0,-31.76984402,36.6586
28.551,0,-31.76735437,36.6586
28.561,0,-31.7648548,36.6586
28.571,0,-31.76235532,36.6586
28.581,0,-31.75983591,36.6586
28.591,0,-31.75730659,36.6586
28.601,0,-31.75476736,36.6586
28.611,0,-31.7522082,36.6586
28.621,0,-31.74964912,36.6586
28.631,0,-31.74707011,36.6586
28.641,0,-31.74448118,36.6586
28.651,0,-31.74187232,36.6586
28.661,0,-31.73926354,36.6586
28.671,0,-31.73663482,36.6586
28.681,0,-31.73399617,36.6586
28.691,0,-31.73134759,36.6586
28.701,0,-31.72867908,36.6586
28.711,0,-31.72600062,36.6586
28.721,0,-31.72331223,36.6586
28.731,0,-31.72061389,36.6586
28.741,0,-31.71789561,36.6586
28.751,0,-31.71516738,36.6586
28.761,0,-31.71241921,36.6586
28.771,0,-31.70966109,36.6586
28.781,0,-31.70689301,36.6586
28.791,0,-31.70410498,36.6586
28.801,0,-31.70130698,36.6586
28.811,0,-31.69849903,36.6586
28.821,0,-31.69567112,36.6586
28.831,0,-31.69283324,36.6586
28.841,0,-31.68997539,36.6586
28.851,0,-31.68709757,36.6586
28.861,0,-31.68421978,36.6586
28.871,0,-31.68131201,36.6586
28.881,0,-31.67840426,36.6586
28.891,0,-31.67546652,36.6586
28.901,0,-31.6725288,36.6586
28.911,0,-31.66956109,36.6586
28.921,0,-31.66658339,36.6586
28.931,0,-31.66359569,36.6586
28.941,0,-31.66058799,36.6586
28.951,0,-31.65757029,36.6586
28.961,0,-31.65452258,36.6586
28.971,0,-31.65147487,36.6586
28.981,0,-31.653385,36.6586
28.991,0,-31.65031705,36.6586
29.001,0,-31.64723909,36.6586
29.011,0,-31.64414111,36.6586
29.021,0,-31.6410331,36.6586
29.031,0,-31.63790506,36.6586
29.041,0,-31.63476699,36.6586
29.051,0,-31.63160888,36.6586
29.061,0,-31.62843073,36.6586
29.071,0,-31.62523254,36.6586
29.081,0,-31.62202431,36.6586
29.091,0,-31.61879602,36.6586
29.101,0,-31.61555768,36.6586
29.111,0,-31.61228928,36.6586
29.121,0,-31.60901082,36.6586
29.131,0,-31.60572229,36.6586
29.141,0,-31.60240369,36.6586
29.151,0,-31.59907502,36.6586
29.161,0,-31.59572627,36.6586
29.171,0,-31.59235744,36.6586
29.181,0,-31.58896853,36.6586
29.191,0,-31.58556953,36.6586
29.201,0,-31.58215043,36.6586
29.211,0,-31.57872125,36.6586
29.221,0,-31.57526196,36.6586
29.231,0,-31.57179256,36.6586
29.241,0,-31.56829305,36.6586
29.251,0,-31.56478344,36.6586
29.261,0,-31.56126371,36.6586
29.271,0,-31.55771387,36.6586
29.281,0,-31.5541539,36.6586
29.291,0,-31.55057381,36.6586
29.301,0,-31.54696359,36.6586
29.311,0,-31.54335323,36.6586
29.321,0,-31.53971274,36.6586
29.331,0,-31.53605211,36.6586
29.341,0,-31.53238134,36.6586
29.351,0,-31.52869042,36.6586
29.361,0,-31.52497935,36.6586
29.371,0,-31.52124813,36.6586
29.381,0,-31.51749676,36.6586
29.391,0,-31.51373523,36.6586
29.401,0,-31.50994354,36.6586
29.411,0,-31.50614168,36.6586
29.421,0,-31.50231966,36.6586
29.431,0,-31.49847747,36.6586
29.441,0,-31.49461511,36.6586
29.451,0,-31.49074257,36.6586
29.461,0,-31.48683986,36.6586
29.471,0,-31.48292697,36.6586
29.481,0,-31.47899391,36.6586
29.491,0,-31.47504066,36.6586
29.501,0,-31.47106723,36.6586
29.511,0,-31.46708361,36.6586
29.521,0,-31.4630698,36.6586
29.531,0,-31.45904581,36.6586
29.541,0,-31.45500163,36.6586
29.551,0,-31.45094725,36.6586
29.561,0,-31.44686269,36.6586
29.571,0,-31.44275793,36.6586
29.581,0,-31.43864298,36.6586
29.591,0,-31.43451784,36.6586
29.601,0,-31.4303625,36.6586
29.611,0,-31.42619697,36.6586
29.621,0,-31.42200125,36.6586
29.631,0,-31.41779533,36.6586
29.641,0,-31.41357922,36.6586
29.651,0,-31.40933292,36.6586
29.661,0,-31.40507642,36.6586
29.671,0,-31.40079973,36.6586
29.681,0,-31.39651285,36.6586
29.691,0,-31.39219578,36.6586
29.701,0,-31.38786852,36.6586
29.711,0,-31.38353107,36.6586
29.721,0,-31.37917343,36.6586
29.731,0,-31.37479562,36.6586
29.741,0,-31.37039762,36.6586
29.751,0,-31.36598944,36.6586
29.761,0,-31.36157109,36.6586
29.771,0,-31.35713256,36.6586
29.781,0,-31.35267385,36.6586
29.791,0,-31.34819498,36.6586
29.801,0,-31.34370594,36.6586
29.811,0,-31.33920675,36.6586
29.821,0,-31.33468738,36.6586
29.831,0,-31.33014787,36.6586
29.841,0,-31.32559819,36.6586
29.851,0,-31.32103837,36.6586
29.861,0,-31.31645841,36.6586
29.871,0,-31.31186831,36.6586
29.881,0,-31.30725807,36.6586
29.891,0,-31.30263769,36.6586
29.901,0,-31.29800719,36.6586
29.911,0,-31.29335658,36.6586
29.921,0,-31.28869584,36.6586
29.931,0,-31.284025,36.6586
29.941,0,-31.27933404,36.6586
29.951,0,-31.27463298,36.6586
29.961,0,-31.26992184,36.6586
29.971,0,-31.2652006,36.6586
29.981,0,-31.26045928,36.6586
29.991,0,-31.25570788,36.6586
30.001,0,-31.25094642,36.6586
30.011,0,-31.24617488,36.6586
30.021,0,-31.2413933,36.6586
30.031,0,-31.23660165,36.6586
30.041,0,-31.23178996,36.6586
30.051,0,-31.22697823,36.6586
30.061,0,-31.22214647,36.6586
30.071,0,-31.21731467,36.6586
30.081,0,-31.21246286,36.6586
30.091,0,-31.20761104,36.6586
30.101,0,-31.2027492,36.6586
30.111,0,-31.19786738,36.6586
30.121,0,-31.19298556,36.6586
30.131,0,-31.18809376,36.6586
30.141,0,-31.183192,36.6586
30.151,0,-31.17828026,36.6586
30.161,0,-31.17336856,36.6586
30.171,0,-31.16843692,36.6586
30.181,0,-31.16350533,36.6586
30.191,0,-31.15857382,36.6586
30.201,0,-31.15362238,36.6586
30.211,0,-31.14867101,36.6586
30.221,0,-31.14370975,36.6586
30.231,0,-31.13873858,36.6586
30.241,0,-31.13376752,36.6586
30.251,0,-31.12878659,36.6586
30.261,0,-31.12380577,36.6586
30.271,0,-31.1188151,36.6586
30.281,0,-31.11382456,36.6586
30.291,0,-31.10882417,36.6586
30.301,0,-31.10382395,36.6586
30.311,0,-31.0988139,36.6586
30.321,0,-31.09380402,36.6586
30.331,0,-31.08879434,36.6586
30.341,0,-31.08377484,36.6586
30.351,0,-31.07875555,36.6586
30.361,0,-31.07372648,36.6586
30.371,0,-31.06869762,36.6586
30.381,0,-31.06366899,36.6586
30.391,0,-31.0586406,36.6586
30.401,0,-31.05360246,36.6586
30.411,0,-31.04856457,36.6586
30.421,0,-31.04352694,36.6586
30.431,0,-31.03847959,36.6586
30.441,0,-31.03344251,36.6586
30.451,0,-31.02839572,36.6586
30.461,0,-31.02334923,36.6586
30.471,0,-31.01830304,36.6586
30.481,0,-31.01325716,36.6586
30.491,0,-31.00820161,36.6586
30.501,0,-31.00315638,36.6586
30.511,0,-30.99811148,36.6586
30.521,0,-30.99305693,36.6586
30.531,0,-30.98801272,36.6586
30.541,0,-30.98295888,36.6586
30.551,0,-30.97790541,36.6586
30.561,0,-30.97286229,36.6586
30.571,0,-30.96780956,36.6586
30.581,0,-30.96275722,36.6586
30.591,0,-30.95771526,36.6586
30.601,0,-30.95266371,36.6586
30.611,0,-30.94762257,36.6586
30.621,0,-30.94257182,36.6586
30.631,0,-30.9375215,36.6586
30.641,0,-30.93248161,36.6586
30.651,0,-30.92743214,36.6586
30.661,0,-30.92239311,36.6586
30.671,0,-30.91734452,36.6586
30.681,0,-30.91230637,36.6586
30.691,0,-30.90725867,36.6586
30.701,0,-30.90222143,36.6586
30.711,0,-30.89717464,36.6586
30.721,0,-30.89213832,36.6586
30.731,0,-30.88709246,36.6586
30.741,0,-30.88205707,36.6586
30.751,0,-30.87701216,36.6586
30.761,0,-30.87197772,36.6586
30.771,0,-30.86693377,36.6586
30.781,0,-30.8619003,36.6586
30.791,0,-30.85685731,36.6586
30.801,0,-30.85181481,36.6586
30.811,0,-30.8467828,36.6586
30.821,0,-30.84173128,36.6586
30.831,0,-30.83670024,36.6586
30.841,0,-30.8316497,36.6586
30.851,0,-30.82660964,36.6586
30.861,0,-30.82157009,36.6586
30.871,0,-30.81652101,36.6586
30.881,0,-30.81147243,36.6586
30.891,0,-30.80642434,36.6586
30.901,0,-30.80137672,36.6586
30.911,0,-30.7963296,36.6586
30.921,0,-30.79127295,36.6586
30.931,0,-30.78620678,36.6586
30.941,0,-30.78115109,36.6586
30.951,0,-30.77608586,36.6586
30.961,0,-30.7710211,36.6586
30.971,0,-30.76594679,36.6586
30.981,0,-30.76087295,36.6586
30.991,0,-30.75579954,36.6586
31.001,0,-30.75071658,36.6586
31.011,0,-30.74562405,36.6586
31.021,0,-30.74053195,36.6586
31.031,0,-30.73543026,36.6586
31.041,0,-30.73032899,36.6586
31.051,0,-30.72521811,36.6586
31.061,0,-30.72010763,36.6586
31.071,0,-30.71497752,36.6586
31.081,0,-30.70984777,36.6586
31.091,0,-30.70470839,36.6586
31.101,0,-30.69955934,36.6586
31.111,0,-30.69441063,36.6586
31.121,0,-30.68924223,36.6586
31.131,0,-30.68407415,36.6586
31.141,0,-30.67888634,36.6586
31.151,0,-30.67369881,36.6586
31.161,0,-30.66849153,36.6586
31.171,0,-30.6632845,36.6586
31.181,0,-30.65806769,36.6586
31.191,0,-30.65283109,36.6586
31.201,0,-30.64758468,36.6586
31.211,0,-30.64232844,36.6586
31.221,0,-30.63705236,36.6586
31.231,0,-30.63177642,36.6586
31.241,0,-30.6264806,36.6586
31.251,0,-30.62117488,36.6586
31.261,0,-30.61584923,36.6586
31.271,0,-30.61051364,36.6586
31.281,0,-30.60515809,36.6586
31.291,0,-30.59979255,36.6586
31.301,0,-30.59441699,36.6586
31.311,0,-30.5890214,36.6586
31.321,0,-30.58360576,36.6586
31.331,0,-30.57818004,36.6586
31.341,0,-30.57273421,36.6586
31.351,0,-30.56725826,36.6586
31.361,0,-30.56178215,36.6586
31.371,0,-30.55628587,36.6586
31.381,0,-30.55076937,36.6586
31.391,0,-30.54522266,36.6586
31.401,0,-30.5396657,36.6586
31.411,0,-30.53408846,36.6586
31.421,0,-30.52850091,36.6586
31.431,0,-30.52288304,36.6586
31.441,0,-30.51725482,36.6586
31.451,0,-30.51159622,36.6586
31.461,0,-30.50591723,36.6586
31.471,0,-30.50021781,36.6586
31.481,0,-30.49449794,36.6586
31.491,0,-30.48875761,36.6586
31.501,0,-30.48299677,36.6586
31.511,0,-30.47720541,36.6586
31.521,0,-30.47140351,36.6586
31.531,0,-30.46557105,36.6586
31.541,0,-30.459718,36.6586
31.551,0,-30.45383436,36.6586
31.561,0,-30.44793007,36.6586
31.571,0,-30.44201514,36.6586
31.581,0,-30.43606955,36.6586
31.591,0,-30.43009327,36.6586
31.601,0,-30.42409629,36.6586
31.611,0,-30.41807858,36.6586
31.621,0,-30.41204014,36.6586
31.631,0,-30.40597094,36.6586
31.641,0,-30.39987099,36.6586
31.651,0,-30.39376025,36.6586
31.661,0,-30.38761873,36.6586
31.671,0,-30.38145639,36.6586
31.681,0,-30.37526325,36.6586
31.691,0,-30.36904928,36.6586
31.701,0,-30.36281448,36.6586
31.711,0,-30.35654884,36.6586
31.721,0,-30.35026235,36.6586
31.731,0,-30.34394502,36.6586
31.741,0,-30.33760684,36.6586
31.751,0,-30.3312478,36.6586
31.761,0,-30.3248679,36.6586
31.771,0,-30.31845715,36.6586
31.781,0,-30.31201555,36.6586
31.791,0,-30.30556309,36.6586
31.801,0,-30.29908979,36.6586
31.811,0,-30.29258564,36.6586
31.821,0,-30.28606066,36.6586
31.831,0,-30.27950485,36.6586
31.841,0,-30.27293822,36.6586
31.851,0,-30.26634078,36.6586
31.861,0,-30.25972255,36.6586
31.871,0,-30.25308353,36.6586
31.881,0,-30.24642374,36.6586
31.891,0,-30.23974319,36.6586
31.901,0,-30.23304191,36.6586
31.911,0,-30.22631991,36.6586
31.921,0,-30.2195672,36.6586
31.931,0,-30.21280382,36.6586
31.941,0,-30.20601977,36.6586
31.951,0,-30.19921508,36.6586
31.961,0,-30.19239977,36.6586
31.971,0,-30.18555387,36.6586
31.981,0,-30.17869741,36.6586
31.991,0,-30.1718204,36.6586
32.001,0,-30.16493287,36.6586
32.011,0,-30.15801487,36.6586
32.021,0,-30.15109639,36.6586
32.031,0,-30.14414749,36.6586
32.041,0,-30.13719819,36.6586
32.051,0,-30.13021852,36.6586
32.061,0,-30.12323851,36.6586
32.071,0,-30.1162282,36.6586
32.081,0,-30.10921761,36.6586
32.091,0,-30.10218678,36.6586
32.101,0,-30.09514574,36.6586
32.111,0,-30.08810453,36.6586
32.121,0,-30.08104316,36.6586
32.131,0,-30.07396171,36.6586
32.141,0,-30.06688017,36.6586
32.151,0,-30.0597886,36.6586
32.161,0,-30.05268701,36.6586
32.171,0,-30.04557546,36.6586
32.181,0,-30.03845395,36.6586
32.191,0,-30.03133255,36.6586
32.201,0,-30.02419127,36.6586
32.211,0,-30.01705018,36.6586
32.221,0,-30.00989926,36.6586
32.231,0,-30.00274859,36.6586
32.241,0,-29.99558818,36.6586
32.251,0,-29.98842808,36.6586
32.261,0,-29.98125832,36.6586
32.271,0,-29.97408893,36.6586
32.281,0,-29.96691994,36.6586
32.291,0,-29.95974139,36.6586
32.301,0,-29.95256331,36.6586
32.311,0,-29.94537574,36.6586
32.321,0,-29.93819871,36.6586
32.331,0,-29.93102223,36.6586
32.341,0,-29.92383636,36.6586
32.351,0,-29.91665111,36.6586
32.361,0,-29.90946652,36.6586
32.371,0,-29.90229261,36.6586
32.381,0,-29.89510942,36.6586
32.391,0,-29.88793696,36.6586
32.401,0,-29.88075529,36.6586
32.411,0,-29.87358439,36.6586
32.421,0,-29.86641432,36.6586
32.431,0,-29.85924508,36.6586
32.441,0,-29.85208672,36.6586
32.451,0,-29.84491924,36.6586
32.461,0,-29.83776268,36.6586
32.471,0,-29.83060704,36.6586
32.481,0,-29.82346236,36.6586
32.491,0,-29.81631865,36.6586
32.501,0,-29.80917592,36.6586
32.511,0,-29.8020442,36.6586
32.521,0,-29.7949135,36.6586
32.531,0,-29.78779382,36.6586
32.541,0,-29.78067521,36.6586
32.551,0,-29.77355764,36.6586
32.561,0,-29.76645117,36.6586
32.571,0,-29.75934576,36.6586
32.581,0,-29.75224145,36.6586
32.591,0,-29.74514824,36.6586
32.601,0,-29.73805613,36.6586
32.611,0,-29.73097514,36.6586
32.621,0,-29.72389526,36.6586
32.631,0,-29.71682649,36.6586
32.641,0,-29.70975884,36.6586
32.651,0,-29.70269232,36.6586
32.661,0,-29.69563691,36.6586
32.671,0,-29.68858262,36.6586
32.681,0,-29.68152943,36.6586
32.691,0,-29.67447736,36.6586
32.701,0,-29.66743637,36.6586
32.711,0,-29.66039647,36.6586
32.721,0,-29.65335766,36.6586
32.731,0,-29.6463299,36.6586
32.741,0,-29.63929321,36.6586
32.751,0,-29.63225755,36.6586
32.761,0,-29.62523291,36.6586
32.771,0,-29.61819927,36.6586
32.781,0,-29.61117661,36.6586
32.791,0,-29.60414492,36.6586
32.801,0,-29.59712415,36.6586
32.811,0,-29.59009429,36.6586
32.821,0,-29.58306533,36.6586
32.831,0,-29.57602722,36.6586
32.841,0,-29.56899994,36.6586
32.85,0,-29.56196345,36.6586
32.86,0,-29.55491772,36.6586
32.87,0,-29.54787272,36.6586
32.88,0,-29.54082841,36.6586
32.89,0,-29.53377474,36.6586
32.9,0,-29.52672169,36.6586
32.91,0,-29.51965921,36.6586
32.92,0,-29.51258725,36.6586
32.93,0,-29.50550579,36.6586
32.94,0,-29.49842477,36.6586
32.95,0,-29.49132412,36.6586
32.96,0,-29.48422381,36.6586
32.97,0,-29.47711382,36.6586
32.98,0,-29.46998405,36.6586
32.99,0,-29.46285447,36.6586
33,0,-29.45570503,36.6586
33.01,0,-29.44855569,36.6586
33.02,0,-29.44138639,36.6586
33.03,0,-29.43419706,36.6586
33.04,0,-29.42700765,36.6586
33.05,0,-29.41978812,36.6586
33.06,0,-29.4125584,36.6586
33.07,0,-29.40531843,36.6586
33.08,0,-29.39805817,36.6586
33.09,0,-29.39078754,36.6586
33.1,0,-29.38350642,36.6586
33.11,0,-29.37643358,36.6586
33.12,0,-29.36935018,36.6586
33.13,0,-29.36223619,36.6586
33.14,0,-29.35512154,36.6586
33.15,0,-29.34797617,36.6586
33.16,0,-29.34081003,36.6586
33.17,0,-29.33363307,36.6586
33.18,0,-29.32643524,36.6586
33.19,0,-29.31921649,36.6586
33.2,0,-29.31196676,36.6586
33.21,0,-29.30470599,36.6586
33.22,0,-29.29742418,36.6586
33.23,0,-29.29011123,36.6586
33.24,0,-29.28278713,36.6586
33.25,0,-29.27543182,36.6586
33.26,0,-29.2680653,36.6586
33.27,0,-29.26066748,36.6586
33.28,0,-29.25324836,36.6586
33.29,0,-29.24580787,36.6586
33.3,0,-29.23834604,36.6586
33.31,0,-29.2308528,36.6586
33.32,0,-29.22333814,36.6586
33.33,0,-29.21580204,36.6586
33.34,0,-29.20823449,36.6586
33.35,0,-29.20066543,36.6586
33.36,0,-29.19304491,36.6586
33.37,0,-29.18542288,36.6586
33.38,0,-29.17776935,36.6586
33.39,0,-29.17008432,36.6586
33.4,0,-29.16238779,36.6586
33.41,0,-29.15465974,36.6586
33.42,0,-29.14691021,36.6586
33.43,0,-29.13913919,36.6586
33.44,0,-29.1313467,36.6586
33.45,0,-29.12352276,36.6586
33.46,0,-29.11568738,36.6586
33.47,0,-29.10782059,36.6586
33.48,0,-29.09994241,36.6586
33.49,0,-29.09204287,36.6586
33.5,0,-29.08411202,36.6586
33.51,0,-29.07616987,36.6586
33.52,0,-29.06820647,36.6586
33.53,0,-29.06022186,36.6586
33.54,0,-29.05221609,36.6586
33.55,0,-29.04419918,36.6586
33.56,0,-29.03615122,36.6586
33.57,0,-29.0281022,36.6586
33.58,0,-29.02002223,36.6586
33.59,0,-29.01193134,36.6586
33.6,0,-29.00381958,36.6586
33.61,0,-28.99570703,36.6586
33.62,0,-28.98756374,36.6586
33.63,0,-28.97941975,36.6586
33.64,0,-28.97125516,36.6586
33.65,0,-28.96308002,36.6586
33.66,0,-28.95488437,36.6586
33.67,0,-28.94668832,36.6586
33.68,0,-28.9384819,36.6586
33.69,0,-28.93025521,36.6586
33.7,0,-28.92202828,36.6586
33.71,0,-28.91378123,36.6586
33.72,0,-28.90553408,36.6586
33.73,0,-28.89728692,36.6586
33.74,0,-28.88901981,36.6586
33.75,0,-28.88076283,36.6586
33.76,0,-28.87248604,36.6586
33.77,0,-28.8642095,36.6586
33.78,0,-28.85592329,36.6586
33.79,0,-28.84763748,36.6586
33.8,0,-28.83935211,36.6586
33.81,0,-28.83106728,36.6586
33.82,0,-28.82277303,36.6586
33.83,0,-28.81448943,36.6586
33.84,0,-28.80619656,36.6586
33.85,0,-28.79790446,36.6586
33.86,0,-28.78961319,36.6586
33.87,0,-28.78132281,36.6586
33.88,0,-28.77304338,36.6586
33.89,0,-28.76475495,36.6586
33.9,0,-28.75647756,36.6586
33.91,0,-28.74820129,36.6586
33.92,0,-28.73992617,36.6586
33.93,0,-28.73166226,36.6586
33.94,0,-28.72338958,36.6586
33.95,0,-28.71513818,36.6586
33.96,0,-28.70688811,36.6586
33.97,0,-28.6986394,36.6586
33.98,0,-28.6903921,36.6586
33.99,0,-28.68216621,36.6586
34,0,-28.6739418,36.6586
34.01,0,-28.66571886,36.6586
34.02,0,-28.65749743,36.6586
34.03,0,-28.64929754,36.6586
34.04,0,-28.64109919,36.6586
34.05,0,-28.6329124,36.6586
34.06,0,-28.62471722,36.6586
34.07,0,-28.61654361,36.6586
34.08,0,-28.60837162,36.6586
34.09,0,-28.60021121,36.6586
34.1,0,-28.59205243,36.6586
34.11,0,-28.58390525,36.6586
34.12,0,-28.57576966,36.6586
34.13,0,-28.56762568,36.6586
34.14,0,-28.55950326,36.6586
34.15,0,-28.55138243,36.6586
34.16,0,-28.54326314,36.6586
34.17,0,-28.5351554,36.6586
34.18,0,-28.52704917,36.6586
34.19,0,-28.51895442,36.6586
34.2,0,-28.51086112,36.6586
34.21,0,-28.50276926,36.6586
34.22,0,-28.49468876,36.6586
34.23,0,-28.48659963,36.6586
34.24,0,-28.47852182,36.6586
34.25,0,-28.47044525,36.6586
34.26,0,-28.46236992,36.6586
34.27,0,-28.45429574,36.6586
34.28,0,-28.44622268,36.6586
34.29,0,-28.43815068,36.6586
34.3,0,-28.43006966,36.6586
34.31,0,-28.42199958,36.6586
34.32,0,-28.41392038,36.6586
34.33,0,-28.40585199,36.6586
34.34,0,-28.39776434,36.6586
34.35,0,-28.38967734,36.6586
34.36,0,-28.38159093,36.6586
34.37,0,-28.37349504,36.6586
34.38,0,-28.36539958,36.6586
34.39,0,-28.35729449,36.6586
34.4,0,-28.34917969,36.6586
34.41,0,-28.34105506,36.6586
34.42,0,-28.33293054,36.6586
34.43,0,-28.32479608,36.6586
34.44,0,-28.31664156,36.6586
34.45,0,-28.30848688,36.6586
34.46,0,-28.300312,36.6586
34.47,0,-28.29213679,36.6586
34.48,0,-28.2839412,36.6586
34.49,0,-28.27573512,36.6586
34.5,0,-28.26751847,36.6586
34.51,0,-28.25928119,36.6586
34.52,0,-28.25103316,36.6586
34.53,0,-28.24276432,36.6586
34.54,0,-28.23448457,36.6586
34.55,0,-28.22618385,36.6586
34.56,0,-28.21787209,36.6586
34.57,0,-28.20953918,36.6586
34.58,0,-28.2011851,36.6586
34.59,0,-28.19281974,36.6586
34.6,0,-28.18443304,36.6586
34.61,0,-28.17602492,36.6586
34.62,0,-28.16759536,36.6586
34.63,0,-28.15915428,36.6586
34.64,0,-28.15068165,36.6586
34.65,0,-28.14219739,36.6586
34.66,0,-28.13369148,36.6586
34.67,0,-28.12516386,36.6586
34.68,0,-28.1166145,36.6586
34.69,0,-28.10805337,36.6586
34.7,0,-28.09946047,36.6586
34.71,0,-28.09084575,36.6586
34.72,0,-28.0822092,36.6586
34.73,0,-28.07355082,36.6586
34.74,0,-28.06488058,36.6586
34.75,0,-28.05617851,36.6586
34.76,0,-28.04746459,36.6586
34.77,0,-28.03871884,36.6586
34.78,0,-28.02996128,36.6586
34.79,0,-28.02118192,36.6586
34.8,0,-28.01238077,36.6586
34.81,0,-28.0035579,36.6586
34.82,0,-27.99472331,36.6586
34.83,0,-27.98586703,36.6586
34.84,0,-27.97698915,36.6586
34.85,0,-27.96808971,36.6586
34.86,0,-27.95917873,36.6586
34.87,0,-27.95024628,36.6586
34.88,0,-27.94129244,36.6586
34.89,0,-27.93232725,36.6586
34.9,0,-27.9233508,36.6586
34.91,0,-27.91435316,36.6586
34.92,0,-27.90534438,36.6586
34.93,0,-27.89632456,36.6586
34.94,0,-27.88728379,36.6586
34.95,0,-27.87823214,36.6586
34.96,0,-27.86916971,36.6586
34.97,0,-27.86009655,36.6586
34.98,0,-27.85101282,36.6586
34.99,0,-27.84190853,36.6586
35,0,-27.83280382,36.6586
35.01,0,-27.82369877,36.6586
35.02,0,-27.8145735,36.6586
35.03,0,-27.80544807,36.6586
35.04,0,-27.79630261,36.6586
35.05,0,-27.78716718,36.6586
35.06,0,-27.77802187,36.6586
35.07,0,-27.76886682,36.6586
35.08,0,-27.75971206,36.6586
35.09,0,-27.75046817,36.6586
35.1,0,-27.74120488,36.6586
35.11,0,-27.73194219,36.6586
35.12,0,-27.72268016,36.6586
35.13,0,-27.71340892,36.6586
35.14,0,-27.70414852,36.6586
35.15,0,-27.69487907,36.6586
35.16,0,-27.6856206,36.6586
35.17,0,-27.67635326,36.6586
35.18,0,-27.66708706,36.6586
35.19,0,-27.6578321,36.6586
35.2,0,-27.64856843,36.6586
35.21,0,-27.63931611,36.6586
35.22,0,-27.63006523,36.6586
35.23,0,-27.62081581,36.6586
35.24,0,-27.61157794,36.6586
35.25,0,-27.60234163,36.6586
35.26,0,-27.59310697,36.6586
35.27,0,-27.58388394,36.6586
35.28,0,-27.57466263,36.6586
35.29,0,-27.56545306,36.6586
35.3,0,-27.55624521,36.6586
35.31,0,-27.54703918,36.6586
35.32,0,-27.53784494,36.6586
35.33,0,-27.52865253,36.6586
35.34,0,-27.51946194,36.6586
35.35,0,-27.51028317,36.6586
35.36,0,-27.50110623,36.6586
35.37,0,-27.4919411,36.6586
35.38,0,-27.48277783,36.6586
35.39,0,-27.47362632,36.6586
35.4,0,-27.4644766,36.6586
35.41,0,-27.45532864,36.6586
35.42,0,-27.44618244,36.6586
35.43,0,-27.43704789,36.6586
35.44,0,-27.42791503,36.6586
35.45,0,-27.41878377,36.6586
35.46,0,-27.4096541,36.6586
35.47,0,-27.40053593,36.6586
35.48,0,-27.39141923,36.6586
35.49,0,-27.38229395,36.6586
35.5,0,-27.37318,36.6586
35.51,0,-27.36406732,36.6586
35.52,0,-27.35495582,36.6586
35.53,0,-27.34584548,36.6586
35.54,0,-27.33672615,36.6586
35.55,0,-27.32760782,36.6586
35.56,0,-27.31849036,36.6586
35.57,0,-27.30937367,36.6586
35.58,0,-27.3002477,36.6586
35.59,0,-27.29112232,36.6586
35.6,0,-27.28198746,36.6586
35.61,0,-27.27284302,36.6586
35.62,0,-27.26369888,36.6586
35.63,0,-27.25455493,36.6586
35.64,0,-27.24540111,36.6586
35.65,0,-27.2362273,36.6586
35.66,0,-27.22705337,36.6586
35.67,0,-27.21786926,36.6586
35.68,0,-27.20868485,36.6586
35.69,0,-27.19948002,36.6586
35.7,0,-27.19026468,36.6586
35.71,0,-27.18103873,36.6586
35.72,0,-27.17180209,36.6586
35.73,0,-27.16254464,36.6586
35.74,0,-27.15328627,36.6586
35.75,0,-27.14400692,36.6586
35.76,0,-27.13471646,36.6586
35.77,0,-27.12541485,36.6586
35.78,0,-27.11609197,36.6586
35.79,0,-27.10675775,36.6586
35.8,0,-27.09740214,36.6586
35.81,0,-27.08803501,36.6586
35.82,0,-27.07865635,36.6586
35.83,0,-27.06924609,36.6586
35.84,0,-27.05982416,36.6586
35.85,0,-27.0503905,36.6586
35.86,0,-27.04093509,36.6586
35.87,0,-27.0314579,36.6586
35.88,0,-27.02196886,36.6586
35.89,0,-27.01245797,36.6586
35.9,0,-27.00292517,36.6586
35.91,0,-26.99338049,36.6586
35.92,0,-26.98381391,36.6586
35.93,0,-26.97423542,36.6586
35.94,0,-26.96463503,36.6586
35.95,0,-26.95502279,36.6586
35.96,0,-26.94538864,36.6586
35.97,0,-26.93573266,36.6586
35.98,0,-26.92606486,36.6586
35.99,0,-26.91638531,36.6586
36,0,-26.90668402,36.6586
36.01,0,-26.89696105,36.6586
36.02,0,-26.88723645,36.6586
36.03,0,-26.87748031,36.6586
36.04,0,-26.86771267,36.6586
36.05,0,-26.85793358,36.6586
36.06,0,-26.84814314,36.6586
36.07,0,-26.83834146,36.6586
36.08,0,-26.82851858,36.6586
36.09,0,-26.81868461,36.6586
36.1,0,-26.8088396,36.6586
36.11,0,-26.79898372,36.6586
36.12,0,-26.789117,36.6586
36.13,0,-26.77923961,36.6586
36.14,0,-26.76936158,36.6586
36.15,0,-26.75946304,36.6586
36.16,0,-26.74956412,36.6586
36.17,0,-26.7396449,36.6586
36.18,0,-26.72972551,36.6586
36.19,0,-26.71980601,36.6586
36.2,0,-26.70988654,36.6586
36.21,0,-26.69994722,36.6586
36.22,0,-26.69000815,36.6586
36.23,0,-26.68006944,36.6586
36.24,0,-26.67012117,36.6586
36.25,0,-26.66017344,36.6586
36.26,0,-26.65022637,36.6586
36.27,0,-26.64028006,36.6586
36.28,0,-26.63033458,36.6586
36.29,0,-26.62038005,36.6586
36.3,0,-26.61042658,36.6586
36.31,0,-26.6004742,36.6586
36.32,0,-26.59052302,36.6586
36.33,0,-26.58058308,36.6586
36.34,0,-26.5706345,36.6586
36.35,0,-26.56068736,36.6586
36.36,0,-26.55075164,36.6586
36.37,0,-26.54081748,36.6586
36.38,0,-26.53087494,36.6586
36.39,0,-26.520954,36.6586
36.4,0,-26.51102474,36.6586
36.41,0,-26.50110717,36.6586
36.42,0,-26.4911814,36.6586
36.43,0,-26.48126738,36.6586
36.44,0,-26.47136514,36.6586
36.45,0,-26.46145472,36.6586
36.46,0,-26.45155614,36.6586
36.47,0,-26.44165934,36.6586
36.48,0,-26.43177436,36.6586
36.49,0,-26.42189116,36.6586
36.5,0,-26.41200979,36.6586
36.51,0,-26.40212019,36.6586
36.52,0,-26.39225232,36.6586
36.53,0,-26.38238614,36.6586
36.54,0,-26.37251166,36.6586
36.55,0,-26.36264877,36.6586
36.56,0,-26.35278746,36.6586
36.57,0,-26.34292768,36.6586
36.58,0,-26.33306935,36.6586
36.59,0,-26.3232224,36.6586
36.6,0,-26.31335681,36.6586
36.61,0,-26.3035124,36.6586
36.62,0,-26.2936492,36.6586
36.63,0,-26.28379707,36.6586
36.64,0,-26.27394591,36.6586
36.65,0,-26.26409567,36.6586
36.66,0,-26.25422625,36.6586
36.67,0,-26.24437752,36.6586
36.68,0,-26.23450941,36.6586
36.69,0,-26.22464181,36.6586
36.7,0,-26.21476459,36.6586
36.71,0,-26.20489766,36.6586
36.72,0,-26.19501092,36.6586
36.73,0,-26.1851243,36.6586
36.74,0,-26.17522761,36.6586
36.75,0,-26.16532078,36.6586
36.76,0,-26.1554137,36.6586
36.77,0,-26.14550623,36.6586
36.78,0,-26.13556835,36.6586
36.79,0,-26.12563987,36.6586
36.8,0,-26.1157007,36.6586
36.81,0,-26.10574079,36.6586
36.82,0,-26.09577,36.6586
36.83,0,-26.08579824,36.6586
36.84,0,-26.07580542,36.6586
36.85,0,-26.06581144,36.6586
36.86,0,-26.05579624,36.6586
36.87,0,-26.04576974,36.6586
36.88,0,-26.03573186,36.6586
36.89,0,-26.02567252,36.6586
36.9,0,-26.01561165,36.6586
36.91,0,-26.00552926,36.6586
36.92,0,-25.99543522,36.6586
36.93,0,-25.98532954,36.6586
36.94,0,-25.97520215,36.6586
36.95,0,-25.96506306,36.6586
36.96,0,-25.95491219,36.6586
36.97,0,-25.94474961,36.6586
36.98,0,-25.93456525,36.6586
36.99,0,-25.92436907,36.6586
37,0,-25.91416118,36.6586
37.01,0,-25.90393152,36.6586
37.02,0,-25.89369014,36.6586
37.03,0,-25.88344705,36.6586
37.04,0,-25.87317228,36.6586
37.05,0,-25.86289587,36.6586
37.06,0,-25.85259789,36.6586
37.07,0,-25.84229838,36.6586
37.08,0,-25.83197741,36.6586
37.09,0,-25.82164504,36.6586
37.1,0,-25.81131135,36.6586
37.11,0,-25.80094639,36.6586
37.12,0,-25.79058029,36.6586
37.13,0,-25.78021305,36.6586
37.14,0,-25.76982485,36.6586
37.15,0,-25.75943574,36.6586
37.16,0,-25.74902583,36.6586
37.17,0,-25.7386152,36.6586
37.18,0,-25.72820396,36.6586
37.19,0,-25.71777227,36.6586
37.2,0,-25.70734018,36.6586
37.21,0,-25.69690777,36.6586
37.22,0,-25.68646518,36.6586
37.23,0,-25.67600256,36.6586
37.24,0,-25.66554996,36.6586
37.25,0,-25.65508754,36.6586
37.26,0,-25.64462536,36.6586
37.27,0,-25.63416353,36.6586
37.28,0,-25.62369218,36.6586
37.29,0,-25.6132214,36.6586
37.3,0,-25.60274129,36.6586
37.31,0,-25.59227192,36.6586
37.32,0,-25.58179341,36.6586
37.33,0,-25.57131585,36.6586
37.34,0,-25.56083936,36.6586
37.35,0,-25.55036391,36.6586
37.36,0,-25.53989967,36.6586
37.37,0,-25.52942669,36.6586
37.38,0,-25.51895505,36.6586
37.39,0,-25.50848473,36.6586
37.4,0,-25.49802588,36.6586
37.41,0,-25.48755853,36.6586
37.42,0,-25.47709273,36.6586
37.43,0,-25.46663846,36.6586
37.44,0,-25.45618578,36.6586
37.45,0,-25.44572474,36.6586
37.46,0,-25.43528531,36.6586
37.47,0,-25.42482756,36.6586
37.48,0,-25.41439146,36.6586
37.49,0,-25.40393702,36.6586
37.5,0,-25.39350417,36.6586
37.51,0,-25.383063,36.6586
37.52,0,-25.37263339,36.6586
37.53,0,-25.36219537,36.6586
37.54,0,-25.35176891,36.6586
37.55,0,-25.34134394,36.6586
37.56,0,-25.33091041,36.6586
37.57,0,-25.32049828,36.6586
37.58,0,-25.3100675,36.6586
37.59,0,-25.29964799,36.6586
37.6,0,-25.2892297,36.6586
37.61,0,-25.27881254,36.6586
37.62,0,-25.2683964,36.6586
37.63,0,-25.25797127,36.6586
37.64,0,-25.24754703,36.6586
37.65,0,-25.2371236,36.6586
37.66,0,-25.22670082,36.6586
37.67,0,-25.21627867,36.6586
37.68,0,-25.20584704,36.6586
37.69,0,-25.19540581,36.6586
37.7,0,-25.18497487,36.6586
37.71,0,-25.17453414,36.6586
37.72,0,-25.16408349,36.6586
37.73,0,-25.15362285,36.6586
37.74,0,-25.14316206,36.6586
37.75,0,-25.13270106,36.6586
37.76,0,-25.12222974,36.6586
37.77,0,-25.11175798,36.6586
37.78,0,-25.1012757,36.6586
37.79,0,-25.09078281,36.6586
37.8,0,-25.08027916,36.6586
37.81,0,-25.06977472,36.6586
37.82,0,-25.05924941,36.6586
37.83,0,-25.04872307,36.6586
37.84,0,-25.03819567,36.6586
37.85,0,-25.0276372,36.6586
37.86,0,-25.01707748,36.6586
37.87,0,-25.00651651,36.6586
37.88,0,-24.99593419,36.6586
37.89,0,-24.9853405,36.6586
37.9,0,-24.97474541,36.6586
37.91,0,-24.96412885,36.6586
37.92,0,-24.9535108,36.6586
37.93,0,-24.94287124,36.6586
37.94,0,-24.93222018,36.6586
37.95,0,-24.92156757,36.6586
37.96,0,-24.91090341,36.6586
37.97,0,-24.90021773,36.6586
37.98,0,-24.88953051,36.6586
37.99,0,-24.87882181,36.6586
38,0,-24.86811163,36.6586
38.01,0,-24.85738996,36.6586
38.02,0,-24.84665697,36.6586
38.03,0,-24.83590259,36.6586
38.04,0,-24.82515686,36.6586
38.05,0,-24.81438996,36.6586
38.06,0,-24.80361183,36.6586
38.07,0,-24.79283258,36.6586
38.08,0,-24.78204232,36.6586
38.09,0,-24.7712411,36.6586
38.1,0,-24.76043897,36.6586
38.11,0,-24.74962605,36.6586
38.12,0,-24.73880247,36.6586
38.13,0,-24.72796825,36.6586
38.14,0,-24.71713352,36.6586
38.15,0,-24.70629838,36.6586
38.16,0,-24.69544299,36.6586
38.17,0,-24.68458735,36.6586
38.18,0,-24.67373158,36.6586
38.19,0,-24.66286582,36.6586
38.2,0,-24.65201013,36.6586
38.21,0,-24.64113465,36.6586
38.22,0,-24.63026943,36.6586
38.23,0,-24.61939461,36.6586
38.24,0,-24.60852027,36.6586
38.25,0,-24.59763654,36.6586
38.26,0,-24.58675344,36.6586
38.27,0,-24.57588106,36.6586
38.28,0,-24.56499952,36.6586
38.29,0,-24.55411888,36.6586
38.3,0,-24.54323924,36.6586
38.31,0,-24.53235069,36.6586
38.32,0,-24.52147317,36.6586
38.33,0,-24.51059685,36.6586
38.34,0,-24.49971175,36.6586
38.35,0,-24.4888379,36.6586
38.36,0,-24.47796538,36.6586
38.37,0,-24.46709417,36.6586
38.38,0,-24.45622435,36.6586
38.39,0,-24.44535594,36.6586
38.4,0,-24.43447894,36.6586
38.41,0,-24.4236133,36.6586
38.42,0,-24.4127391,36.6586
38.43,0,-24.40188627,36.6586
38.44,0,-24.39102489,36.6586
38.45,0,-24.38016483,36.6586
38.46,0,-24.36930615,36.6586
38.47,0,-24.35844881,36.6586
38.48,0,-24.34759275,36.6586
38.49,0,-24.33673789,36.6586
38.5,0,-24.32589421,36.6586
38.51,0,-24.31503172,36.6586
38.52,0,-24.30418031,36.6586
38.53,0,-24.29331992,36.6586
38.54,0,-24.28247041,36.6586
38.55,0,-24.27161186,36.6586
38.56,0,-24.26075404,36.6586
38.57,0,-24.24989691,36.6586
38.58,0,-24.23905041,36.6586
38.59,0,-24.2281845,36.6586
38.6,0,-24.217319,36.6586
38.61,0,-24.20645389,36.6586
38.62,0,-24.19558898,36.6586
38.63,0,-24.18471431,36.6586
38.64,0,-24.1738397,36.6586
38.65,0,-24.16295507,36.6586
38.66,0,-24.15208027,36.6586
38.67,0,-24.1411853,36.6586
38.68,0,-24.13029006,36.6586
38.69,0,-24.11939435,36.6586
38.7,0,-24.10848822,36.6586
38.71,0,-24.09758151,36.6586
38.72,0,-24.08665419,36.6586
38.73,0,-24.07573606,36.6586
38.74,0,-24.06479718,36.6586
38.75,0,-24.05385748,36.6586
38.76,0,-24.04290679,36.6586
38.77,0,-24.03196507,36.6586
38.78,0,-24.02099236,36.6586
38.79,0,-24.01002852,36.6586
38.8,0,-23.99904351,36.6586
38.809,0,-23.9880573,36.6586
38.819,0,-23.97705996,36.6586
38.829,0,-23.9660513,36.6586
38.839,0,-23.95503144,36.6586
38.849,0,-23.94401027,36.6586
38.859,0,-23.93297784,36.6586
38.869,0,-23.92194408,36.6586
38.879,0,-23.91089912,36.6586
38.889,0,-23.89984294,36.6586
38.899,0,-23.8887655,36.6586
38.909,0,-23.87768689,36.6586
38.919,0,-23.8666071,36.6586
38.929,0,-23.85551618,36.6586
38.939,0,-23.84441422,36.6586
38.949,0,-23.83331125,36.6586
38.959,0,-23.82219731,36.6586
38.969,0,-23.81108241,36.6586
38.979,0,-23.79995674,36.6586
38.989,0,-23.78883027,36.6586
38.999,0,-23.77768319,36.6586
39.009,0,-23.76654545,36.6586
39.019,0,-23.75539716,36.6586
39.029,0,-23.7442385,36.6586
39.039,0,-23.7330794,36.6586
39.049,0,-23.72192007,36.6586
39.059,0,-23.71075055,36.6586
39.069,0,-23.69958092,36.6586
39.079,0,-23.68841134,36.6586
39.089,0,-23.67723178,36.6586
39.099,0,-23.66605242,36.6586
39.109,0,-23.6548733,36.6586
39.119,0,-23.64368457,36.6586
39.129,0,-23.63250619,36.6586
39.139,0,-23.62131835,36.6586
39.149,0,-23.61012115,36.6586
39.159,0,-23.59893455,36.6586
39.169,0,-23.58773865,36.6586
39.179,0,-23.57654361,36.6586
39.189,0,-23.56535934,36.6586
39.199,0,-23.55415601,36.6586
39.209,0,-23.54297363,36.6586
39.219,0,-23.53178219,36.6586
39.229,0,-23.52059185,36.6586
39.239,0,-23.50941255,36.6586
39.249,0,-23.49821442,36.6586
39.259,0,-23.48702733,36.6586
39.269,0,-23.47585145,36.6586
39.279,0,-23.4646567,36.6586
39.289,0,-23.45348311,36.6586
39.299,0,-23.44230061,36.6586
39.309,0,-23.43111933,36.6586
39.319,0,-23.41993916,36.6586
39.329,0,-23.40876009,36.6586
39.339,0,-23.39757216,36.6586
39.349,0,-23.38639518,36.6586
39.359,0,-23.37520929,36.6586
39.369,0,-23.36404437,36.6586
39.379,0,-23.35286037,36.6586
39.389,0,-23.34168724,36.6586
39.399,0,-23.33050489,36.6586
39.409,0,-23.3193333,36.6586
39.419,0,-23.30814247,36.6586
39.429,0,-23.29696219,36.6586
39.439,0,-23.28577248,36.6586
39.449,0,-23.2745932,36.6586
39.459,0,-23.26340435,36.6586
39.469,0,-23.25221585,36.6586
39.479,0,-23.24102755,36.6586
39.489,0,-23.22983941,36.6586
39.499,0,-23.21864133,36.6586
39.509,0,-23.20744327,36.6586
39.519,0,-23.19623512,36.6586
39.529,0,-23.18503676,36.6586
39.539,0,-23.17381817,36.6586
39.549,0,-23.16260929,36.6586
39.559,0,-23.15138996,36.6586
39.569,0,-23.14017021,36.6586
39.579,0,-23.12892989,36.6586
39.589,0,-23.11769896,36.6586
39.599,0,-23.1064474,36.6586
39.609,0,-23.09521506,36.6586
39.619,0,-23.08396195,36.6586
39.629,0,-23.07269807,36.6586
39.639,0,-23.06143327,36.6586
39.649,0,-23.05016756,36.6586
39.659,0,-23.03889089,36.6586
39.669,0,-23.02760334,36.6586
39.679,0,-23.0163147,36.6586
39.689,0,-23.00501514,36.6586
39.699,0,-22.99371455,36.6586
39.709,0,-22.9824129,36.6586
39.719,0,-22.97109029,36.6586
39.729,0,-22.95976665,36.6586
39.739,0,-22.94844197,36.6586
39.749,0,-22.93711635,36.6586
39.759,0,-22.9257699,36.6586
39.769,0,-22.91443235,36.6586
39.779,0,-22.90307408,36.6586
39.789,0,-22.89171496,36.6586
39.799,0,-22.88035501,36.6586
39.809,0,-22.86898443,36.6586
39.819,0,-22.85761306,36.6586
39.829,0,-22.8462311,36.6586
39.839,0,-22.83484863,36.6586
39.849,0,-22.82346564,36.6586
39.859,0,-22.81207227,36.6586
39.869,0,-22.80066853,36.6586
39.879,0,-22.78927448,36.6586
39.889,0,-22.77787024,36.6586
39.899,0,-22.76646588,36.6586
39.909,0,-22.75506144,36.6586
39.919,0,-22.74365707,36.6586
39.929,0,-22.73224277,36.6586
39.939,0,-22.72082861,36.6586
39.949,0,-22.70940476,36.6586
39.959,0,-22.69799113,36.6586
39.969,0,-22.68656794,36.6586
39.979,0,-22.67515515,36.6586
39.989,0,-22.66373289,36.6586
39.999,0,-22.65231115,36.6586
40.009,0,-22.64089005,36.6586
40.019,0,-22.62945967,36.6586
40.029,0,-22.61803996,36.6586
40.039,0,-22.60661106,36.6586
40.049,0,-22.59520284,36.6586
40.059,0,-22.58377553,36.6586
40.069,0,-22.57235909,36.6586
40.079,0,-22.5609335,36.6586
40.089,0,-22.5495088,36.6586
40.099,0,-22.53808499,36.6586
40.109,0,-22.52666216,36.6586
40.119,0,-22.51525018,36.6586
40.129,0,-22.50382915,36.6586
40.139,0,-22.49240902,36.6586
40.149,0,-22.48099974,36.6586
40.159,0,-22.46958133,36.6586
40.169,0,-22.45816373,36.6586
40.179,0,-22.44673706,36.6586
40.189,0,-22.4353211,36.6586
40.199,0,-22.42391577,36.6586
40.209,0,-22.4124912,36.6586
40.219,0,-22.40107731,36.6586
40.229,0,-22.38965398,36.6586
40.239,0,-22.37824115,36.6586
40.249,0,-22.36681885,36.6586
40.259,0,-22.35539696,36.6586
40.269,0,-22.34397536,36.6586
40.279,0,-22.33254414,36.6586
40.289,0,-22.32112307,36.6586
40.299,0,-22.30969219,36.6586
40.309,0,-22.29826138,36.6586
40.319,0,-22.28683061,36.6586
40.329,0,-22.27539977,36.6586
40.339,0,-22.26395889,36.6586
40.349,0,-22.25251771,36.6586
40.359,0,-22.24107638,36.6586
40.369,0,-22.2296347,36.6586
40.379,0,-22.2181827,36.6586
40.389,0,-22.20672026,36.6586
40.399,0,-22.19526738,36.6586
40.409,0,-22.18380396,36.6586
40.419,0,-22.17233994,36.6586
40.429,0,-22.16086532,36.6586
40.439,0,-22.14939004,36.6586
40.449,0,-22.1379141,36.6586
40.459,0,-22.12642742,36.6586
40.469,0,-22.11493998,36.6586
40.479,0,-22.10345178,36.6586
40.489,0,-22.09195289,36.6586
40.499,0,-22.08045313,36.6586
40.509,0,-22.06893268,36.6586
40.519,0,-22.05743134,36.6586
40.529,0,-22.0459093,36.6586
40.539,0,-22.03438645,36.6586
40.549,0,-22.02287276,36.6586
40.559,0,-22.01133846,36.6586
40.569,0,-21.9997935,36.6586
40.579,0,-21.98825779,36.6586
40.589,0,-21.97672144,36.6586
40.599,0,-21.96517447,36.6586
40.609,0,-21.95362695,36.6586
40.619,0,-21.94206899,36.6586
40.629,0,-21.93051043,36.6586
40.639,0,-21.91895157,36.6586
40.649,0,-21.9073923,36.6586
40.659,0,-21.89582278,36.6586
40.669,0,-21.88425295,36.6586
40.679,0,-21.87268299,36.6586
40.689,0,-21.86110293,36.6586
40.699,0,-21.84952274,36.6586
40.709,0,-21.83794262,36.6586
40.719,0,-21.82636248,36.6586
40.729,0,-21.81478246,36.6586
40.739,0,-21.8032026,36.6586
40.749,0,-21.79161306,36.6586
40.759,0,-21.78002379,36.6586
40.769,0,-21.76844482,36.6586
40.779,0,-21.75685622,36.6586
40.789,0,-21.74526812,36.6586
40.799,0,-21.73368044,36.6586
40.809,0,-21.72209326,36.6586
40.819,0,-21.71050674,36.6586
40.829,0,-21.69891074,36.6586
40.839,0,-21.68732543,36.6586
40.849,0,-21.67574073,36.6586
40.859,0,-21.66415665,36.6586
40.869,0,-21.65257332,36.6586
40.879,0,-21.64097073,36.6586
40.889,0,-21.62938877,36.6586
40.899,0,-21.61780749,36.6586
40.909,0,-21.60621697,36.6586
40.919,0,-21.59463717,36.6586
40.929,0,-21.583048,36.6586
40.939,0,-21.57145955,36.6586
40.949,0,-21.55987173,36.6586
40.959,0,-21.54829457,36.6586
40.969,0,-21.5367079,36.6586
40.979,0,-21.52512192,36.6586
40.989,0,-21.51353637,36.6586
40.999,0,-21.50195136,36.6586
41.009,0,-21.49036673,36.6586
41.019,0,-21.4787826,36.6586
41.029,0,-21.46719871,36.6586
41.039,0,-21.45560523,36.6586
41.049,0,-21.44402198,36.6586
41.059,0,-21.43242894,36.6586
41.069,0,-21.42083605,36.6586
41.079,0,-21.40925319,36.6586
41.089,0,-21.39766035,36.6586
41.099,0,-21.38606761,36.6586
41.109,0,-21.37447472,36.6586
41.119,0,-21.3628718,36.6586
41.129,0,-21.35125864,36.6586
41.139,0,-21.33965527,36.6586
41.149,0,-21.32805155,36.6586
41.159,0,-21.31644768,36.6586
41.169,0,-21.30483337,36.6586
41.179,0,-21.29321871,36.6586
41.189,0,-21.28160355,36.6586
41.199,0,-21.26997795,36.6586
41.209,0,-21.25835189,36.6586
41.219,0,-21.24672522,36.6586
41.229,0,-21.23509805,36.6586
41.239,0,-21.22347032,36.6586
41.249,0,-21.21183199,36.6586
41.259,0,-21.2001831,36.6586
41.269,0,-21.18854359,36.6586
41.279,0,-21.17690347,36.6586
41.289,0,-21.16525279,36.6586
41.299,0,-21.15360149,36.6586
41.309,0,-21.14193968,36.6586
41.319,0,-21.1302773,36.6586
41.329,0,-21.11862439,36.6586
41.339,0,-21.10696097,36.6586
41.349,0,-21.09529697,36.6586
41.359,0,-21.08362256,36.6586
41.369,0,-21.07194772,36.6586
41.379,0,-21.06027251,36.6586
41.389,0,-21.04859702,36.6586
41.399,0,-21.03692105,36.6586
41.409,0,-21.02523497,36.6586
41.419,0,-21.01354862,36.6586
41.429,0,-21.00187207,36.6586
41.439,0,-20.99018536,36.6586
41.449,0,-20.97849863,36.6586
41.459,0,-20.96680184,36.6586
41.469,0,-20.95511501,36.6586
41.479,0,-20.94341832,36.6586
41.489,0,-20.93172176,36.6586
41.499,0,-20.92003521,36.6586
41.509,0,-20.90833902,36.6586
41.519,0,-20.89664305,36.6586
41.529,0,-20.88495721,36.6586
41.539,0,-20.87325188,36.6586
41.549,0,-20.86155677,36.6586
41.559,0,-20.84986215,36.6586
41.569,0,-20.83816793,36.6586
41.579,0,-20.8264641,36.6586
41.589,0,-20.8147808,36.6586
41.599,0,-20.80307797,36.6586
41.609,0,-20.79137569,36.6586
41.619,0,-20.77969388,36.6586
41.629,0,-20.76800258,36.6586
41.639,0,-20.75630185,36.6586
41.649,0,-20.74461166,36.6586
41.659,0,-20.73291199,36.6586
41.669,0,-20.72122286,36.6586
41.679,0,-20.70953418,36.6586
41.689,0,-20.69784606,36.6586
41.699,0,-20.68614841,36.6586
41.709,0,-20.67446126,36.6586
41.719,0,-20.66276453,36.6586
41.729,0,-20.65106821,36.6586
41.739,0,-20.63938228,36.6586
41.749,0,-20.6276966,36.6586
41.759,0,-20.61600135,36.6586
41.769,0,-20.60430641,36.6586
41.779,0,-20.59261167,36.6586
41.789,0,-20.58091713,36.6586
41.799,0,-20.56922275,36.6586
41.809,0,-20.55752851,36.6586
41.819,0,-20.54584421,36.6586
41.829,0,-20.53414009,36.6586
41.839,0,-20.52243596,36.6586
41.849,0,-20.51075175,36.6586
41.859,0,-20.49904745,36.6586
41.869,0,-20.48734304,36.6586
41.879,0,-20.47563842,36.6586
41.889,0,-20.46393358,36.6586
41.899,0,-20.4522385,36.6586
41.909,0,-20.44052324,36.6586
41.919,0,-20.42881769,36.6586
41.929,0,-20.41711165,36.6586
41.939,0,-20.4053953,36.6586
41.949,0,-20.39367868,36.6586
41.959,0,-20.38197161,36.6586
41.969,0,-20.37024412,36.6586
41.979,0,-20.35852624,36.6586
41.989,0,-20.34680782,36.6586
41.999,0,-20.33507907,36.6586
42.009,0,-20.32335971,36.6586
42.019,0,-20.31163008,36.6586
42.029,0,-20.29989003,36.6586
42.039,0,-20.2881594,36.6586
42.049,0,-20.2764285,36.6586
42.059,0,-20.2646871,36.6586
42.069,0,-20.25295536,36.6586
42.079,0,-20.24121323,36.6586
42.089,0,-20.22947076,36.6586
42.099,0,-20.217728,36.6586
42.109,0,-20.20598495,36.6586
42.119,0,-20.19424162,36.6586
42.129,0,-20.1824981,36.6586
42.139,0,-20.17075439,36.6586
42.149,0,-20.15900057,36.6586
42.159,0,-20.14724657,36.6586
42.169,0,-20.13550247,36.6586
42.179,0,-20.12374842,36.6586
42.189,0,-20.1119943,36.6586
42.199,0,-20.10024021,36.6586
42.209,0,-20.08848614,36.6586
42.219,0,-20.07673233,36.6586
42.229,0,-20.06497855,36.6586
42.239,0,-20.05322491,36.6586
42.249,0,-20.04147146,36.6586
42.259,0,-20.02971832,36.6586
42.269,0,-20.01795545,36.6586
42.279,0,-20.00620281,36.6586
42.289,0,-19.99445048,36.6586
42.299,0,-19.98268858,36.6586
42.309,0,-19.97093692,36.6586
42.319,0,-19.95918568,36.6586
42.329,0,-19.9474348,36.6586
42.339,0,-19.93568434,36.6586
42.349,0,-19.92392426,36.6586
42.359,0,-19.91218452,36.6586
42.369,0,-19.90042529,36.6586
42.379,0,-19.88867635,36.6586
42.389,0,-19.87692779,36.6586
42.399,0,-19.86518969,36.6586
42.409,0,-19.85343199,36.6586
42.419,0,-19.84169447,36.6586
42.429,0,-19.82993746,36.6586
42.439,0,-19.8181907,36.6586
42.449,0,-19.80644432,36.6586
42.459,0,-19.79469815,36.6586
42.469,0,-19.78295213,36.6586
42.479,0,-19.77120649,36.6586
42.489,0,-19.759461,36.6586
42.499,0,-19.74772555,36.6586
42.509,0,-19.73597044,36.6586
42.519,0,-19.72422532,36.6586
42.529,0,-19.71248024,36.6586
42.539,0,-19.70073515,36.6586
42.549,0,-19.68898018,36.6586
42.559,0,-19.67723507,36.6586
42.569,0,-19.66548002,36.6586
42.579,0,-19.65373473,36.6586
42.589,0,-19.64198948,36.6586
42.599,0,-19.63023396,36.6586
42.609,0,-19.61847831,36.6586
42.619,0,-19.60672238,36.6586
42.629,0,-19.5949763,36.6586
42.639,0,-19.58322987,36.6586
42.649,0,-19.57147329,36.6586
42.659,0,-19.55970653,36.6586
42.669,0,-19.54795928,36.6586
42.679,0,-19.53619177,36.6586
42.689,0,-19.52444387,36.6586
42.699,0,-19.51267582,36.6586
42.709,0,-19.50092732,36.6586
42.719,0,-19.48915856,36.6586
42.729,0,-19.47739943,36.6586
42.739,0,-19.46563013,36.6586
42.749,0,-19.45387034,36.6586
42.759,0,-19.44210044,36.6586
42.769,0,-19.43033017,36.6586
42.779,0,-19.41856953,36.6586
42.789,0,-19.40679878,36.6586
42.799,0,-19.39501779,36.6586
42.809,0,-19.38325646,36.6586
42.819,0,-19.37148502,36.6586
42.829,0,-19.35972343,36.6586
42.839,0,-19.34794179,36.6586
42.849,0,-19.33616988,36.6586
42.859,0,-19.32439801,36.6586
42.869,0,-19.31262612,36.6586
42.879,0,-19.30085409,36.6586
42.889,0,-19.2890821,36.6586
42.899,0,-19.27730021,36.6586
42.909,0,-19.26553816,36.6586
42.919,0,-19.25376645,36.6586
42.929,0,-19.24199477,36.6586
42.939,0,-19.23022312,36.6586
42.949,0,-19.21845175,36.6586
42.959,0,-19.2066706,36.6586
42.969,0,-19.19490951,36.6586
42.979,0,-19.1831387,36.6586
42.989,0,-19.17137809,36.6586
42.999,0,-19.15960782,36.6586
43.009,0,-19.14782784,36.6586
43.019,0,-19.13606804,36.6586
43.029,0,-19.12430851,36.6586
43.039,0,-19.11253932,36.6586
43.049,0,-19.10078039,36.6586
43.059,0,-19.08901186,36.6586
43.069,0,-19.07724355,36.6586
43.079,0,-19.06547551,36.6586
43.089,0,-19.05371773,36.6586
43.099,0,-19.04196023,36.6586
43.109,0,-19.03020306,36.6586
43.119,0,-19.01844599,36.6586
43.129,0,-19.00667939,36.6586
43.139,0,-18.99492287,36.6586
43.149,0,-18.98316658,36.6586
43.159,0,-18.97141044,36.6586
43.169,0,-18.95964443,36.6586
43.179,0,-18.94788868,36.6586
43.189,0,-18.93614278,36.6586
43.199,0,-18.92438724,36.6586
43.209,0,-18.91263174,36.6586
43.219,0,-18.9008861,36.6586
43.229,0,-18.88913064,36.6586
43.239,0,-18.87736524,36.6586
43.249,0,-18.86560963,36.6586
43.259,0,-18.85386405,36.6586
43.269,0,-18.84210842,36.6586
43.279,0,-18.83035266,36.6586
43.289,0,-18.81860669,36.6586
43.299,0,-18.80684073,36.6586
43.309,0,-18.7950945,36.6586
43.319,0,-18.78333815,36.6586
43.329,0,-18.77158166,36.6586
43.339,0,-18.7598349,36.6586
43.349,0,-18.74807791,36.6586
43.359,0,-18.73631074,36.6586
43.369,0,-18.72456335,36.6586
43.379,0,-18.71280571,36.6586
43.389,0,-18.7010578,36.6586
43.399,0,-18.68928973,36.6586
43.409,0,-18.67754137,36.6586
43.419,0,-18.66578283,36.6586
43.429,0,-18.65403402,36.6586
43.439,0,-18.64228506,36.6586
43.449,0,-18.63051594,36.6586
43.459,0,-18.61876653,36.6586
43.469,0,-18.60700699,36.6586
43.479,0,-18.59524732,36.6586
43.489,0,-18.58349742,36.6586
43.499,0,-18.57173752,36.6586
43.509,0,-18.55997743,36.6586
43.519,0,-18.54821719,36.6586
43.529,0,-18.53646703,36.6586
43.539,0,-18.52471672,36.6586
43.549,0,-18.51295642,36.6586
43.559,0,-18.50120601,36.6586
43.569,0,-18.48945571,36.6586
43.579,0,-18.47768548,36.6586
43.589,0,-18.46594529,36.6586
43.599,0,-18.45418518,36.6586
43.609,0,-18.44243509,36.6586
43.619,0,-18.43069514,36.6586
43.629,0,-18.41894538,36.6586
43.639,0,-18.40718579,36.6586
43.649,0,-18.39544632,36.6586
43.659,0,-18.38370696,36.6586
43.669,0,-18.3719579,36.6586
43.679,0,-18.36019902,36.6586
43.689,0,-18.34847025,36.6586
43.699,0,-18.33672174,36.6586
43.709,0,-18.32498344,36.6586
43.719,0,-18.3132453,36.6586
43.729,0,-18.30150745,36.6586
43.739,0,-18.28975984,36.6586
43.749,0,-18.27802238,36.6586
43.759,0,-18.26628509,36.6586
43.769,0,-18.25454815,36.6586
43.779,0,-18.24282123,36.6586
43.789,0,-18.23108456,36.6586
43.799,0,-18.2193581,36.6586
43.809,0,-18.20761179,36.6586
43.819,0,-18.19588561,36.6586
43.829,0,-18.18416945,36.6586
43.839,0,-18.1724335,36.6586
43.849,0,-18.16070764,36.6586
43.859,0,-18.14897184,36.6586
43.869,0,-18.13724614,36.6586
43.879,0,-18.12553033,36.6586
43.889,0,-18.11380472,36.6586
43.899,0,-18.10207915,36.6586
43.909,0,-18.09035339,36.6586
43.919,0,-18.07863764,36.6586
43.929,0,-18.06691184,36.6586
43.939,0,-18.05518609,36.6586
43.949,0,-18.04347018,36.6586
43.959,0,-18.03175406,36.6586
43.969,0,-18.02002788,36.6586
43.979,0,-18.00831173,36.6586
43.989,0,-17.99660517,36.6586
43.999,0,-17.98487876,36.6586
44.009,0,-17.97317197,36.6586
44.019,0,-17.96144534,36.6586
44.029,0,-17.94972828,36.6586
44.039,0,-17.93802107,36.6586
44.049,0,-17.92630379,36.6586
44.059,0,-17.91459629,36.6586
44.069,0,-17.90287866,36.6586
44.079,0,-17.89116089,36.6586
44.089,0,-17.87944291,36.6586
44.099,0,-17.86773476,36.6586
44.109,0,-17.85602659,36.6586
44.119,0,-17.84430823,36.6586
44.129,0,-17.83259971,36.6586
44.139,0,-17.8208911,36.6586
44.149,0,-17.80917255,36.6586
44.159,0,-17.79747376,36.6586
44.169,0,-17.78576483,36.6586
44.179,0,-17.77405601,36.6586
44.189,0,-17.76234704,36.6586
44.199,0,-17.75063817,36.6586
44.209,0,-17.73892916,36.6586
44.219,0,-17.72723023,36.6586
44.229,0,-17.71553122,36.6586
44.239,0,-17.70383238,36.6586
44.249,0,-17.69213351,36.6586
44.259,0,-17.68043481,36.6586
44.269,0,-17.66873616,36.6586
44.279,0,-17.65703761,36.6586
44.289,0,-17.64534915,36.6586
44.299,0,-17.63365075,36.6586
44.309,0,-17.62195252,36.6586
44.319,0,-17.61026451,36.6586
44.329,0,-17.59857654,36.6586
44.339,0,-17.58688868,36.6586
44.349,0,-17.57520105,36.6586
44.359,0,-17.56352345,36.6586
44.369,0,-17.55182619,36.6586
44.379,0,-17.54015892,36.6586
44.389,0,-17.5284819,36.6586
44.399,0,-17.51680512,36.6586
44.409,0,-17.50511834,36.6586
44.419,0,-17.49345176,36.6586
44.429,0,-17.4817654,36.6586
44.439,0,-17.47009904,36.6586
44.449,0,-17.45842282,36.6586
44.459,0,-17.44675675,36.6586
44.469,0,-17.43509079,36.6586
44.479,0,-17.42341483,36.6586
44.489,0,-17.41174909,36.6586
44.499,0,-17.40009325,36.6586
44.509,0,-17.3884177,36.6586
44.519,0,-17.37676189,36.6586
44.529,0,-17.36509628,36.6586
44.539,0,-17.35344063,36.6586
44.549,0,-17.34177504,36.6586
44.559,0,-17.33011929,36.6586
44.569,0,-17.31847357,36.6586
44.579,0,-17.30681778,36.6586
44.589,0,-17.29516204,36.6586
44.599,0,-17.28350621,36.6586
44.609,0,-17.27185024,36.6586
44.619,0,-17.26020429,36.6586
44.629,0,-17.24855819,36.6586
44.639,0,-17.23691201,36.6586
44.649,0,-17.2252557,36.6586
44.659,0,-17.21360928,36.6586
44.669,0,-17.20197268,36.6586
44.679,0,-17.19032609,36.6586
44.689,0,-17.17867935,36.6586
44.699,0,-17.16704257,36.6586
44.709,0,-17.15540557,36.6586
44.719,0,-17.1437585,36.6586
44.729,0,-17.13212132,36.6586
44.739,0,-17.12048399,36.6586
44.749,0,-17.1088366,36.6586
44.759,0,-17.09719916,36.6586
44.768,0,-17.08557161,36.6586
44.778,0,-17.073934,36.6586
44.788,0,-17.0623062,36.6586
44.798,0,-17.05066855,36.6586
44.808,0,-17.03905082,36.6586
44.818,0,-17.02741299,36.6586
44.828,0,-17.01578511,36.6586
44.838,0,-17.00416725,36.6586
44.848,0,-16.99253952,36.6586
44.858,0,-16.98092162,36.6586
44.868,0,-16.96930383,36.6586
44.878,0,-16.95768609,36.6586
44.888,0,-16.94606838,36.6586
44.898,0,-16.93445079,36.6586
44.908,0,-16.92283332,36.6586
44.918,0,-16.91122573,36.6586
44.928,0,-16.89960834,36.6586
44.938,0,-16.88801102,36.6586
44.948,0,-16.87640377,36.6586
44.958,0,-16.86480661,36.6586
44.968,0,-16.85318968,36.6586
44.978,0,-16.84159274,36.6586
44.988,0,-16.82999592,36.6586
44.998,0,-16.81838937,36.6586
45.008,0,-16.80679271,36.6586
45.018,0,-16.79519624,36.6586
45.028,0,-16.78360001,36.6586
45.038,0,-16.77201381,36.6586
45.048,0,-16.76042758,36.6586
45.058,0,-16.74884161,36.6586
45.068,0,-16.73724571,36.6586
45.078,0,-16.72566988,36.6586
45.088,0,-16.71408419,36.6586
45.098,0,-16.70249848,36.6586
45.108,0,-16.69093277,36.6586
45.118,0,-16.6793572,36.6586
45.128,0,-16.66778175,36.6586
45.138,0,-16.65620627,36.6586
45.148,0,-16.64463078,36.6586
45.158,0,-16.63305541,36.6586
45.168,0,-16.62148985,36.6586
45.178,0,-16.60993446,36.6586
45.188,0,-16.59835903,36.6586
45.198,0,-16.58679362,36.6586
45.208,0,-16.5752381,36.6586
45.218,0,-16.56367251,36.6586
45.228,0,-16.55211695,36.6586
45.238,0,-16.54057114,36.6586
45.248,0,-16.52901533,36.6586
45.258,0,-16.51745957,36.6586
45.268,0,-16.50590372,36.6586
45.278,0,-16.49435783,36.6586
45.288,0,-16.48280187,36.6586
45.298,0,-16.47125573,36.6586
45.308,0,-16.45971954,36.6586
45.318,0,-16.44817328,36.6586
45.328,0,-16.43662701,36.6586
45.338,0,-16.42509062,36.6586
45.348,0,-16.41355406,36.6586
45.358,0,-16.40202753,36.6586
45.368,0,-16.39048096,36.6586
45.378,0,-16.37895439,36.6586
45.388,0,-16.36741768,36.6586
45.398,0,-16.35588095,36.6586
45.408,0,-16.34436407,36.6586
45.418,0,-16.33283727,36.6586
45.428,0,-16.32131051,36.6586
45.438,0,-16.30978367,36.6586
45.448,0,-16.29826677,36.6586
45.458,0,-16.28674992,36.6586
45.468,0,-16.27522308,36.6586
45.478,0,-16.26371616,36.6586
45.488,0,-16.25220929,36.6586
45.498,0,-16.24069249,36.6586
45.508,0,-16.22917588,36.6586
45.518,0,-16.21767912,36.6586
45.528,0,-16.20617237,36.6586
45.538,0,-16.19466588,36.6586
45.548,0,-16.18315936,36.6586
45.558,0,-16.17167285,36.6586
45.568,0,-16.16016657,36.6586
45.578,0,-16.14867017,36.6586
45.588,0,-16.13719391,36.6586
45.598,0,-16.12568792,36.6586
45.608,0,-16.11420179,36.6586
45.618,0,-16.10272575,36.6586
45.628,0,-16.09123986,36.6586
45.638,0,-16.07975415,36.6586
45.648,0,-16.0682685,36.6586
45.658,0,-16.05679273,36.6586
45.668,0,-16.04531715,36.6586
45.678,0,-16.03384169,36.6586
45.688,0,-16.02237611,36.6586
45.698,0,-16.01091079,36.6586
45.708,0,-15.99944553,36.6586
45.718,0,-15.98798017,36.6586
45.728,0,-15.97651494,36.6586
45.738,0,-15.96506963,36.6586
45.748,0,-15.95359452,36.6586
45.758,0,-15.94215922,36.6586
45.768,0,-15.93069426,36.6586
45.778,0,-15.91924901,36.6586
45.788,0,-15.90780374,36.6586
45.798,0,-15.89634876,36.6586
45.808,0,-15.88491356,36.6586
45.818,0,-15.87346837,36.6586
45.828,0,-15.86203313,36.6586
45.838,0,-15.85058797,36.6586
45.848,0,-15.83915262,36.6586
45.858,0,-15.82771731,36.6586
45.868,0,-15.81627209,36.6586
45.878,0,-15.80483659,36.6586
45.888,0,-15.79341113,36.6586
45.898,0,-15.78199554,36.6586
45.908,0,-15.77057002,36.6586
45.918,0,-15.75914434,36.6586
45.928,0,-15.74772876,36.6586
45.938,0,-15.73630303,36.6586
45.948,0,-15.72488726,36.6586
45.958,0,-15.71348136,36.6586
45.968,0,-15.70207551,36.6586
45.978,0,-15.69064977,36.6586
45.988,0,-15.6792438,36.6586
45.998,0,-15.66784778,36.6586
46.008,0,-15.65644177,36.6586
46.018,0,-15.64504585,36.6586
46.028,0,-15.63363986,36.6586
46.038,0,-15.6222538,36.6586
46.048,0,-15.61084777,36.6586
46.058,0,-15.59946165,36.6586
46.068,0,-15.58807559,36.6586
46.078,0,-15.57668973,36.6586
46.088,0,-15.56531366,36.6586
46.098,0,-15.55392768,36.6586
46.108,0,-15.54255171,36.6586
46.118,0,-15.53117565,36.6586
46.128,0,-15.51979004,36.6586
46.138,0,-15.50842405,36.6586
46.148,0,-15.49704836,36.6586
46.158,0,-15.4856827,36.6586
46.168,0,-15.47431701,36.6586
46.178,0,-15.46296149,36.6586
46.188,0,-15.4515959,36.6586
46.198,0,-15.44024049,36.6586
46.208,0,-15.42888505,36.6586
46.218,0,-15.41752966,36.6586
46.228,0,-15.40617447,36.6586
46.238,0,-15.39482924,36.6586
46.248,0,-15.3834941,36.6586
46.258,0,-15.37214903,36.6586
46.268,0,-15.36081392,36.6586
46.278,0,-15.34946882,36.6586
46.288,0,-15.33812399,36.6586
46.298,0,-15.326799,36.6586
46.308,0,-15.31547415,36.6586
46.318,0,-15.30414934,36.6586
46.328,0,-15.29283441,36.6586
46.338,0,-15.28149959,36.6586
46.348,0,-15.27018484,36.6586
46.358,0,-15.25886999,36.6586
46.368,0,-15.2475453,36.6586
46.378,0,-15.23624052,36.6586
46.388,0,-15.22492576,36.6586
46.398,0,-15.21363084,36.6586
46.408,0,-15.20232607,36.6586
46.418,0,-15.19102128,36.6586
46.428,0,-15.17971655,36.6586
46.438,0,-15.16842176,36.6586
46.448,0,-15.15712687,36.6586
46.458,0,-15.14583196,36.6586
46.468,0,-15.134547,36.6586
46.478,0,-15.1232522,36.6586
46.488,0,-15.11197709,36.6586
46.498,0,-15.10068216,36.6586
46.508,0,-15.08940708,36.6586
46.518,0,-15.07813212,36.6586
46.528,0,-15.06685707,36.6586
46.538,0,-15.05559188,36.6586
46.548,0,-15.04431663,36.6586
46.558,0,-15.03305139,36.6586
46.568,0,-15.02179611,36.6586
46.578,0,-15.01052101,36.6586
46.588,0,-14.99926583,36.6586
46.598,0,-14.98801047,36.6586
46.608,0,-14.97675517,36.6586
46.618,0,-14.96549999,36.6586
46.628,0,-14.9542546,36.6586
46.638,0,-14.94300943,36.6586
46.648,0,-14.93177412,36.6586
46.658,0,-14.92052889,36.6586
46.668,0,-14.90927374,36.6586
46.678,0,-14.89803852,36.6586
46.688,0,-14.88681331,36.6586
46.698,0,-14.875588,36.6586
46.708,0,-14.86435293,36.6586
46.718,0,-14.85312788,36.6586
46.728,0,-14.8419127,36.6586
46.738,0,-14.83069773,36.6586
46.748,0,-14.81947277,36.6586
46.758,0,-14.80825775,36.6586
46.768,0,-14.7970529,36.6586
46.778,0,-14.78583799,36.6586
46.788,0,-14.77464315,36.6586
46.798,0,-14.76343831,36.6586
46.808,0,-14.75224357,36.6586
46.818,0,-14.74104881,36.6586
46.828,0,-14.72984429,36.6586
46.838,0,-14.71865968,36.6586
46.848,0,-14.70747498,36.6586
46.858,0,-14.69628051,36.6586
46.868,0,-14.68510604,36.6586
46.878,0,-14.67392165,36.6586
46.888,0,-14.66274728,36.6586
46.898,0,-14.6515926,36.6586
46.908,0,-14.64041842,36.6586
46.918,0,-14.62924406,36.6586
46.928,0,-14.61808977,36.6586
46.938,0,-14.60692541,36.6586
46.948,0,-14.59577108,36.6586
46.958,0,-14.58462653,36.6586
46.968,0,-14.57346233,36.6586
46.978,0,-14.56231813,36.6586
46.988,0,-14.55115389,36.6586
46.998,0,-14.54001953,36.6586
47.008,0,-14.52886528,36.6586
47.018,0,-14.5177209,36.6586
47.028,0,-14.50658663,36.6586
47.038,0,-14.49546222,36.6586
47.048,0,-14.48432774,36.6586
47.058,0,-14.47319347,36.6586
47.068,0,-14.46206914,36.6586
47.078,0,-14.4509546,36.6586
47.088,0,-14.4398402,36.6586
47.098,0,-14.42872577,36.6586
47.108,0,-14.41760134,36.6586
47.118,0,-14.40649667,36.6586
47.128,0,-14.39539222,36.6586
47.138,0,-14.38428773,36.6586
47.148,0,-14.37318331,36.6586
47.158,0,-14.36209863,36.6586
47.168,0,-14.35100412,36.6586
47.178,0,-14.33990951,36.6586
47.188,0,-14.32881503,36.6586
47.198,0,-14.31774022,36.6586
47.208,0,-14.30664585,36.6586
47.218,0,-14.29556119,36.6586
47.228,0,-14.28449659,36.6586
47.238,0,-14.27342208,36.6586
47.248,0,-14.26233758,36.6586
47.258,0,-14.25128303,36.6586
47.268,0,-14.24020861,36.6586
47.278,0,-14.2291541,36.6586
47.288,0,-14.21808975,36.6586
47.298,0,-14.20703535,36.6586
47.308,0,-14.19598092,36.6586
47.318,0,-14.18493643,36.6586
47.328,0,-14.17389216,36.6586
47.338,0,-14.16284787,36.6586
47.348,0,-14.15181351,36.6586
47.358,0,-14.14076941,36.6586
47.368,0,-14.12973525,36.6586
47.378,0,-14.118721,36.6586
47.388,0,-14.10767707,36.6586
47.398,0,-14.09666277,36.6586
47.408,0,-14.08563872,36.6586
47.418,0,-14.07462477,36.6586
47.428,0,-14.06361088,36.6586
47.438,0,-14.05260694,36.6586
47.448,0,-14.041593,36.6586
47.458,0,-14.03057903,36.6586
47.468,0,-14.01958506,36.6586
47.478,0,-14.00859114,36.6586
47.488,0,-13.99758731,36.6586
47.498,0,-13.98660348,36.6586
47.508,0,-13.97559976,36.6586
47.518,0,-13.96462584,36.6586
47.528,0,-13.95364209,36.6586
47.538,0,-13.94265815,36.6586
47.548,0,-13.93167444,36.6586
47.558,0,-13.92071063,36.6586
47.568,0,-13.90973674,36.6586
47.578,0,-13.89877297,36.6586
47.588,0,-13.88780925,36.6586
47.598,0,-13.87686527,36.6586
47.608,0,-13.86589161,36.6586
47.618,0,-13.85494775,36.6586
47.628,0,-13.84399389,36.6586
47.638,0,-13.83305005,36.6586
47.648,0,-13.82210619,36.6586
47.658,0,-13.81116231,36.6586
47.668,0,-13.80023825,36.6586
47.678,0,-13.78930452,36.6586
47.688,0,-13.77837061,36.6586
47.698,0,-13.76743684,36.6586
47.708,0,-13.75651284,36.6586
47.718,0,-13.74557909,36.6586
47.728,0,-13.73466517,36.6586
47.738,0,-13.72374143,36.6586
47.748,0,-13.71283734,36.6586
47.758,0,-13.70192351,36.6586
47.768,0,-13.69100965,36.6586
47.778,0,-13.68011578,36.6586
47.788,0,-13.66922188,36.6586
47.798,0,-13.65832804,36.6586
47.808,0,-13.64743409,36.6586
47.818,0,-13.63655034,36.6586
47.828,0,-13.62566647,36.6586
47.838,0,-13.61477269,36.6586
47.848,0,-13.60389899,36.6586
47.858,0,-13.59301513,36.6586
47.868,0,-13.58214145,36.6586
47.878,0,-13.57127764,36.6586
47.888,0,-13.56042401,36.6586
47.898,0,-13.54956039,36.6586
47.908,0,-13.53869675,36.6586
47.918,0,-13.52784304,36.6586
47.928,0,-13.51699945,36.6586
47.938,0,-13.50614594,36.6586
47.948,0,-13.49530238,36.6586
47.958,0,-13.48446875,36.6586
47.968,0,-13.47362538,36.6586
47.978,0,-13.46279196,36.6586
47.988,0,-13.45195851,36.6586
47.998,0,-13.44114504,36.6586
48.008,0,-13.43032159,36.6586
48.018,0,-13.41950816,36.6586
48.028,0,-13.40868499,36.6586
48.038,0,-13.3978715,36.6586
48.048,0,-13.38705825,36.6586
48.058,0,-13.3762649,36.6586
48.068,0,-13.36546181,36.6586
48.078,0,-13.35464848,36.6586
48.088,0,-13.34385522,36.6586
48.098,0,-13.33307215,36.6586
48.108,0,-13.3222888,36.6586
48.118,0,-13.31149572,36.6586
48.128,0,-13.30071248,36.6586
48.138,0,-13.28993919,36.6586
48.148,0,-13.27916587,36.6586
48.158,0,-13.26839269,36.6586
48.168,0,-13.25762937,36.6586
48.178,0,-13.2468661,36.6586
48.188,0,-13.23609302,36.6586
48.198,0,-13.22533984,36.6586
48.208,0,-13.21458654,36.6586
48.218,0,-13.20384318,36.6586
48.228,0,-13.19309009,36.6586
48.238,0,-13.18235664,36.6586
48.248,0,-13.17161337,36.6586
48.258,0,-13.16087008,36.6586
48.268,0,-13.15014685,36.6586
48.278,0,-13.13941373,36.6586
48.288,0,-13.12869037,36.6586
48.298,0,-13.11796732,36.6586
48.308,0,-13.10725387,36.6586
48.318,0,-13.09653068,36.6586
48.328,0,-13.0858177,36.6586
48.338,0,-13.07511439,36.6586
48.348,0,-13.06442109,36.6586
48.358,0,-13.05370803,36.6586
48.368,0,-13.04302464,36.6586
48.378,0,-13.03232148,36.6586
48.388,0,-13.02164836,36.6586
48.398,0,-13.01095528,36.6586
48.408,0,-13.00027214,36.6586
48.418,0,-12.98959893,36.6586
48.428,0,-12.97891591,36.6586
48.438,0,-12.96825288,36.6586
48.448,0,-12.95758981,36.6586
48.458,0,-12.9469269,36.6586
48.468,0,-12.93627383,36.6586
48.478,0,-12.9256307,36.6586
48.488,0,-12.91496805,36.6586
48.498,0,-12.90432495,36.6586
48.508,0,-12.89367222,36.6586
48.518,0,-12.88303938,36.6586
48.528,0,-12.87239646,36.6586
48.538,0,-12.86177371,36.6586
48.548,0,-12.85114078,36.6586
48.558,0,-12.84052784,36.6586
48.568,0,-12.82988526,36.6586
48.578,0,-12.81927254,36.6586
48.588,0,-12.80865987,36.6586
48.598,0,-12.79805687,36.6586
48.608,0,-12.78745438,36.6586
48.618,0,-12.77684164,36.6586
48.628,0,-12.76624896,36.6586
48.638,0,-12.75564639,36.6586
48.648,0,-12.74506362,36.6586
48.658,0,-12.73447096,36.6586
48.668,0,-12.72388831,36.6586
48.678,0,-12.71330564,36.6586
48.688,0,-12.70273299,36.6586
48.698,0,-12.69216023,36.6586
48.708,0,-12.68159766,36.6586
48.718,0,-12.67101515,36.6586
48.728,0,-12.6604624,36.6586
48.738,0,-12.64990971,36.6586
48.748,0,-12.63935709,36.6586
48.758,0,-12.62880452,36.6586
48.768,0,-12.61827176,36.6586
48.778,0,-12.60771924,36.6586
48.788,0,-12.5971866,36.6586
48.798,0,-12.58665393,36.6586
48.808,0,-12.57612142,36.6586
48.818,0,-12.56559866,36.6586
48.828,0,-12.55507615,36.6586
48.838,0,-12.54456365,36.6586
48.848,0,-12.53404099,36.6586
48.858,0,-12.5235384,36.6586
48.868,0,-12.51303559,36.6586
48.878,0,-12.50252317,36.6586
48.888,0,-12.49203054,36.6586
48.898,0,-12.48152802,36.6586
48.908,0,-12.47104557,36.6586
48.918,0,-12.460543,36.6586
48.928,0,-12.45007045,36.6586
48.938,0,-12.43958819,36.6586
48.948,0,-12.42910563,36.6586
48.958,0,-12.41863327,36.6586
48.968,0,-12.40817084,36.6586
48.978,0,-12.39769852,36.6586
48.988,0,-12.38723604,36.6586
48.998,0,-12.37678367,36.6586
49.008,0,-12.36633118,36.6586
49.018,0,-12.35587903,36.6586
49.028,0,-12.34544668,36.6586
49.038,0,-12.33500434,36.6586
49.048,0,-12.32457202,36.6586
49.058,0,-12.31412981,36.6586
49.068,0,-12.30370758,36.6586
49.078,0,-12.29328551,36.6586
49.088,0,-12.28285317,36.6586
49.098,0,-12.27245086,36.6586
49.108,0,-12.26203894,36.6586
49.118,0,-12.25161684,36.6586
49.128,0,-12.24121473,36.6586
49.138,0,-12.23082236,36.6586
49.148,0,-12.22042046,36.6586
49.158,0,-12.21001845,36.6586
49.168,0,-12.19963614,36.6586
49.178,0,-12.18926403,36.6586
49.188,0,-12.17887208,36.6586
49.198,0,-12.16849005,36.6586
49.208,0,-12.15811814,36.6586
49.218,0,-12.14775587,36.6586
49.228,0,-12.13738391,36.6586
49.238,0,-12.12701191,36.6586
49.248,0,-12.11666008,36.6586
49.258,0,-12.10630794,36.6586
49.268,0,-12.09596592,36.6586
49.278,0,-12.08559418,36.6586
49.288,0,-12.07526206,36.6586
49.298,0,-12.06493019,36.6586
49.308,0,-12.05458814,36.6586
49.318,0,-12.04426617,36.6586
49.328,0,-12.03394435,36.6586
49.338,0,-12.02363228,36.6586
49.348,0,-12.0133105,36.6586
49.358,0,-12.00299865,36.6586
49.368,0,-11.99268678,36.6586
49.378,0,-11.98238473,36.6586
49.388,0,-11.97208275,36.6586
49.398,0,-11.96179089,36.6586
49.408,0,-11.951499,36.6586
49.418,0,-11.94120707,36.6586
49.428,0,-11.93091551,36.6586
49.438,0,-11.92064344,36.6586
49.448,0,-11.91036157,36.6586
49.458,0,-11.90008983,36.6586
49.468,0,-11.8898081,36.6586
49.478,0,-11.8795563,36.6586
49.488,0,-11.86930457,36.6586
49.498,0,-11.85904285,36.6586
49.508,0,-11.84879106,36.6586
49.518,0,-11.83855915,36.6586
49.528,0,-11.82831745,36.6586
49.538,0,-11.81807591,36.6586
49.548,0,-11.8078442,36.6586
49.558,0,-11.79762242,36.6586
49.568,0,-11.78739094,36.6586
49.578,0,-11.7771691,36.6586
49.588,0,-11.76695756,36.6586
49.598,0,-11.75675586,36.6586
49.608,0,-11.74654436,36.6586
49.618,0,-11.73633274,36.6586
49.628,0,-11.72614119,36.6586
49.638,0,-11.71594962,36.6586
49.648,0,-11.70574844,36.6586
49.658,0,-11.69556676,36.6586
49.668,0,-11.68538544,36.6586
49.678,0,-11.67520399,36.6586
49.688,0,-11.66503246,36.6586
49.698,0,-11.6548609,36.6586
49.708,0,-11.64470952,36.6586
49.718,0,-11.634538,36.6586
49.728,0,-11.6243766,36.6586
49.738,0,-11.61421527,36.6586
49.748,0,-11.60408396,36.6586
49.758,0,-11.59392258,36.6586
49.768,0,-11.58380107,36.6586
49.778,0,-11.57365982,36.6586
49.788,0,-11.56351874,36.6586
49.798,0,-11.55339723,36.6586
49.808,0,-11.543276,36.6586
49.818,0,-11.53316468,36.6586
49.828,0,-11.52305324,36.6586
49.838,0,-11.51294187,36.6586
49.848,0,-11.50283076,36.6586
49.858,0,-11.49274938,36.6586
49.868,0,-11.48263802,36.6586
49.878,0,-11.47255688,36.6586
49.888,0,-11.46244575,36.6586
49.898,0,-11.4523743,36.6586
49.908,0,-11.44228322,36.6586
49.918,0,-11.43221191,36.6586
49.928,0,-11.42215062,36.6586
49.938,0,-11.41207955,36.6586
49.948,0,-11.40200835,36.6586
49.958,0,-11.39195722,36.6586
49.968,0,-11.38190596,36.6586
49.978,0,-11.37185477,36.6586
49.988,0,-11.3618137,36.6586
49.998,0,-11.3517725,36.6586
50.008,0,-11.34172152,36.6586
50.018,0,-11.33170036,36.6586
50.028,0,-11.32165957,36.6586
50.038,0,-11.31163846,36.6586
50.048,0,-11.30161741,36.6586
50.058,0,-11.29161633,36.6586
50.068,0,-11.28159542,36.6586
50.078,0,-11.27159429,36.6586
50.088,0,-11.26159322,36.6586
50.098,0,-11.25160217,36.6586
50.108,0,-11.24162114,36.6586
50.118,0,-11.23164039,36.6586
50.128,0,-11.22164955,36.6586
50.138,0,-11.21165859,36.6586
50.148,0,-11.20167785,36.6586
50.158,0,-11.19171687,36.6586
50.168,0,-11.18174612,36.6586
50.178,0,-11.17178518,36.6586
50.188,0,-11.16182452,36.6586
50.198,0,-11.15188373,36.6586
50.208,0,-11.14193295,36.6586
50.218,0,-11.1319922,36.6586
50.228,0,-11.12205132,36.6586
50.238,0,-11.1121306,36.6586
50.248,0,-11.10220002,36.6586
50.258,0,-11.09226929,36.6586
50.268,0,-11.08234849,36.6586
50.278,0,-11.07242776,36.6586
50.288,0,-11.06250731,36.6586
50.298,0,-11.05261646,36.6586
50.308,0,-11.04270589,36.6586
50.318,0,-11.03281519,36.6586
50.328,0,-11.02292446,36.6586
50.338,0,-11.01302396,36.6586
50.348,0,-11.00314311,36.6586
50.358,0,-10.9932527,36.6586
50.368,0,-10.98337231,36.6586
50.378,0,-10.97350163,36.6586
50.388,0,-10.96364107,36.6586
50.398,0,-10.95377043,36.6586
50.408,0,-10.94391986,36.6586
50.418,0,-10.93405932,36.6586
50.428,0,-10.92420869,36.6586
50.438,0,-10.91436818,36.6586
50.448,0,-10.90452775,36.6586
50.458,0,-10.89467744,36.6586
50.468,0,-10.88484689,36.6586
50.478,0,-10.87502636,36.6586
50.488,0,-10.86519606,36.6586
50.498,0,-10.85538542,36.6586
50.508,0,-10.84556532,36.6586
50.518,0,-10.83576487,36.6586
50.528,0,-10.82596439,36.6586
50.538,0,-10.81615394,36.6586
50.548,0,-10.80635382,36.6586
50.558,0,-10.79655356,36.6586
50.568,0,-10.78677316,36.6586
50.578,0,-10.77700258,36.6586
50.588,0,-10.76721259,36.6586
50.598,0,-10.75744215,36.6586
50.608,0,-10.74768194,36.6586
50.618,0,-10.73791165,36.6586
50.628,0,-10.72814154,36.6586
50.638,0,-10.71840134,36.6586
50.648,0,-10.70863117,36.6586
50.658,0,-10.69889111,36.6586
50.668,0,-10.68915092,36.6586
50.678,0,-10.67942065,36.6586
50.688,0,-10.66968082,36.6586
50.698,0,-10.65996053,36.6586
50.708,0,-10.65023059,36.6586
50.717,0,-10.64051045,36.6586
50.727,0,-10.63082022,36.6586
50.737,0,-10.6210906,36.6586
50.747,0,-10.61140031,36.6586
50.757,0,-10.60169052,36.6586
50.767,0,-10.59200049,36.6586
50.777,0,-10.58232036,36.6586
50.787,0,-10.57263048,36.6586
50.797,0,-10.56295029,36.6586
50.807,0,-10.55328034,36.6586
50.817,0,-10.54360062,36.6586
50.827,0,-10.53393061,36.6586
50.837,0,-10.52427061,36.6586
50.847,0,-10.51461101,36.6586
50.857,0,-10.50496089,36.6586
50.867,0,-10.49530123,36.6586
50.877,0,-10.48565137,36.6586
50.887,0,-10.47602147,36.6586
50.897,0,-10.46638182,36.6586
50.907,0,-10.45675186,36.6586
50.917,0,-10.44713203,36.6586
50.927,0,-10.43751227,36.6586
50.937,0,-10.42790243,36.6586
50.947,0,-10.41827277,36.6586
50.957,0,-10.40867313,36.6586
50.967,0,-10.3990633,36.6586
50.977,0,-10.38946359,36.6586
50.987,0,-10.37987391,36.6586
50.997,0,-10.37029402,36.6586
51.007,0,-10.3607046,36.6586
51.017,0,-10.35112476,36.6586
51.027,0,-10.34154532,36.6586
51.037,0,-10.33197569,36.6586
51.047,0,-10.32242591,36.6586
51.057,0,-10.31286615,36.6586
51.067,0,-10.30329696,36.6586
51.077,0,-10.2937473,36.6586
51.087,0,-10.28421749,36.6586
51.097,0,-10.2746681,36.6586
51.107,0,-10.26512883,36.6586
51.117,0,-10.25558931,36.6586
51.127,0,-10.2460798,36.6586
51.137,0,-10.23654022,36.6586
51.147,0,-10.22703075,36.6586
51.157,0,-10.21751142,36.6586
51.167,0,-10.20800223,36.6586
51.177,0,-10.19851255,36.6586
51.187,0,-10.18901323,36.6586
51.197,0,-10.17951365,36.6586
51.207,0,-10.17002443,36.6586
51.217,0,-10.16053539,36.6586
51.227,0,-10.15105593,36.6586
51.237,0,-10.14158671,36.6586
51.247,0,-10.13211724,36.6586
51.257,0,-10.12264807,36.6586
51.267,0,-10.11317898,36.6586
51.277,0,-10.10372984,36.6586
51.287,0,-10.09428056,36.6586
51.297,0,-10.08484141,36.6586
51.307,0,-10.0753924,36.6586
51.317,0,-10.06597307,36.6586
51.327,0,-10.05653791,36.6586
51.337,0,-10.04711564,36.6586
51.347,0,-10.03768373,36.6586
51.357,0,-10.02826747,36.6586
51.367,0,-10.01885538,36.6586
51.377,0,-10.00944038,36.6586
51.387,0,-10.00003628,36.6586
51.397,0,-9.99064033,36.6586
51.407,0,-9.981244122,36.6586
51.417,0,-9.971860141,36.6586
51.427,0,-9.962480104,36.6586
51.437,0,-9.953090209,36.6586
51.447,0,-9.943719052,36.6586
51.457,0,-9.934358136,36.6586
51.467,0,-9.924988021,36.6586
51.477,0,-9.915630134,36.6586
51.487,0,-9.906278178,36.6586
51.497,0,-9.896920228,36.6586
51.507,0,-9.887584107,36.6586
51.517,0,-9.878233611,36.6586
51.527,0,-9.868904719,36.6586
51.537,0,-9.859570602,36.6586
51.547,0,-9.850244739,36.6586
51.557,0,-9.840916315,36.6586
51.567,0,-9.831599445,36.6586
51.577,0,-9.822293359,36.6586
51.587,0,-9.812983719,36.6586
51.597,0,-9.803687957,36.6586
51.607,0,-9.794388302,36.6586
51.617,0,-9.785096564,36.6586
51.627,0,-9.77581893,36.6586
51.637,0,-9.766531102,36.6586
51.647,0,-9.757259479,36.6586
51.657,0,-9.747988931,36.6586
51.667,0,-9.738723319,36.6586
51.677,0,-9.729466616,36.6586
51.687,0,-9.720206901,36.6586
51.697,0,-9.710952463,36.6586
51.707,0,-9.701703075,36.6586
51.717,0,-9.692460609,36.6586
51.727,0,-9.683215245,36.6586
51.737,0,-9.673981656,36.6586
51.747,0,-9.664759957,36.6586
51.757,0,-9.655539561,36.6586
51.767,0,-9.646320242,36.6586
51.777,0,-9.637110825,36.6586
51.787,0,-9.627896409,36.6586
51.797,0,-9.618703815,36.6586
51.807,0,-9.60951948,36.6586
51.817,0,-9.60032495,36.6586
51.827,0,-9.591139673,36.6586
51.837,0,-9.58195337,36.6586
51.847,0,-9.572765164,36.6586
51.857,0,-9.56360065,36.6586
51.867,0,-9.55442751,36.6586
51.877,0,-9.545268013,36.6586
51.887,0,-9.536103864,36.6586
51.897,0,-9.526956569,36.6586
51.907,0,-9.517801295,36.6586
51.917,0,-9.508664861,36.6586
51.927,0,-9.499529851,36.6586
51.937,0,-9.490390488,36.6586
51.947,0,-9.481265463,36.6586
51.957,0,-9.472135323,36.6586
51.967,0,-9.463027001,36.6586
51.977,0,-9.453909824,36.6586
51.987,0,-9.444803889,36.6586
51.997,0,-9.435703414,36.6586
52.007,0,-9.426600394,36.6586
52.017,0,-9.417516212,36.6586
52.027,0,-9.408424168,36.6586
52.037,0,-9.399334196,36.6586
52.047,0,-9.390254474,36.6586
52.057,0,-9.381196333,36.6586
52.067,0,-9.372119291,36.6586
52.077,0,-9.363062195,36.6586
52.087,0,-9.354000336,36.6586
52.097,0,-9.344940431,36.6586
52.107,0,-9.335890659,36.6586
52.117,0,-9.326836765,36.6586
52.127,0,-9.317803928,36.6586
52.137,0,-9.308773044,36.6586
52.147,0,-9.299742245,36.6586
52.157,0,-9.290726309,36.6586
52.167,0,-9.28171566,36.6586
52.177,0,-9.272696797,36.6586
52.187,0,-9.263691048,36.6586
52.197,0,-9.254678552,36.6586
52.207,0,-9.245680918,36.6586
52.217,0,-9.236692069,36.6586
52.227,0,-9.227699334,36.6586
52.237,0,-9.218711769,36.6586
52.247,0,-9.209730009,36.6586
52.257,0,-9.200756517,36.6586
52.267,0,-9.191785852,36.6586
52.277,0,-9.182825202,36.6586
52.287,0,-9.17386166,36.6586
52.297,0,-9.16490726,36.6586
52.307,0,-9.155963509,36.6586
52.317,0,-9.147022069,36.6586
52.327,0,-9.138070669,36.6586
52.337,0,-9.129146042,36.6586
52.347,0,-9.120209708,36.6586
52.357,0,-9.111295302,36.6586
52.367,0,-9.102388445,36.6586
52.377,0,-9.093471115,36.6586
52.387,0,-9.084552881,36.6586
52.397,0,-9.075653475,36.6586
52.407,0,-9.066755029,36.6586
52.417,0,-9.057854564,36.6586
52.427,0,-9.048969319,36.6586
52.437,0,-9.040074986,36.6586
52.447,0,-9.031204686,36.6586
52.457,0,-9.022331375,36.6586
52.467,0,-9.013469942,36.6586
52.477,0,-9.004601021,36.6586
52.487,0,-8.995745599,36.6586
52.497,0,-8.986889272,36.6586
52.507,0,-8.978051022,36.6586
52.517,0,-8.969195987,36.6586
52.527,0,-8.960367596,36.6586
52.537,0,-8.951528498,36.6586
52.547,0,-8.942703628,36.6586
52.557,0,-8.933886299,36.6586
52.567,0,-8.925064341,36.6586
52.577,0,-8.916251404,36.6586
52.587,0,-8.907456177,36.6586
52.597,0,-8.898642304,36.6586
52.607,0,-8.889846263,36.6586
52.617,0,-8.881056388,36.6586
52.627,0,-8.872259288,36.6586
52.637,0,-8.863472447,36.6586
52.647,0,-8.854700583,36.6586
52.657,0,-8.845925708,36.6586
52.667,0,-8.837154892,36.6586
52.677,0,-8.828395829,36.6586
52.687,0,-8.81963611,36.6586
52.697,0,-8.810890374,36.6586
52.707,0,-8.802143613,36.6586
52.717,0,-8.793405501,36.6586
52.727,0,-8.784656192,36.6586
52.737,0,-8.775931161,36.6586
52.747,0,-8.767194438,36.6586
52.757,0,-8.758480876,36.6586
52.767,0,-8.749765296,36.6586
52.777,0,-8.74105427,36.6586
52.787,0,-8.732353507,36.6586
52.797,0,-8.723654076,36.6586
52.807,0,-8.714957464,36.6586
52.817,0,-8.706271607,36.6586
52.827,0,-8.697586091,36.6586
52.837,0,-8.688898683,36.6586
52.847,0,-8.680226124,36.6586
52.857,0,-8.671561468,36.6586
52.867,0,-8.662893061,36.6586
52.877,0,-8.65423144,36.6586
52.887,0,-8.645564334,36.6586
52.897,0,-8.636929683,36.6586
52.907,0,-8.62828607,36.6586
52.917,0,-8.619647635,36.6586
52.927,0,-8.611024046,36.6586
52.937,0,-8.602392,36.6586
52.947,0,-8.593765494,36.6586
52.957,0,-8.585140325,36.6586
52.967,0,-8.576535702,36.6586
52.977,0,-8.567922623,36.6586
52.987,0,-8.55932612,36.6586
52.997,0,-8.550721902,36.6586
53.007,0,-8.54213179,36.6586
53.017,0,-8.533558254,36.6586
53.027,0,-8.524977256,36.6586
53.037,0,-8.51639325,36.6586
53.047,0,-8.507830649,36.6586
53.057,0,-8.499260843,36.6586
53.067,0,-8.490688766,36.6586
53.077,0,-8.482137483,36.6586
53.087,0,-8.473598451,36.6586
53.097,0,-8.465050331,36.6586
53.107,0,-8.456498466,36.6586
53.117,0,-8.447967395,36.6586
53.127,0,-8.439433443,36.6586
53.137,0,-8.430909375,36.6586
53.147,0,-8.422394583,36.6586
53.157,0,-8.413886315,36.6586
53.167,0,-8.405383484,36.6586
53.177,0,-8.396865744,36.6586
53.187,0,-8.388376859,36.6586
53.197,0,-8.379890786,36.6586
53.207,0,-8.371395882,36.6586
53.217,0,-8.362914828,36.6586
53.227,0,-8.354433264,36.6586
53.237,0,-8.345961195,36.6586
53.247,0,-8.337492584,36.6586
53.257,0,-8.329032863,36.6586
53.267,0,-8.320576083,36.6586
53.277,0,-8.312116295,36.6586
53.287,0,-8.303671864,36.6586
53.297,0,-8.295239771,36.6586
53.307,0,-8.286796394,36.6586
53.317,0,-8.278361046,36.6586
53.327,0,-8.269935319,36.6586
53.337,0,-8.261516629,36.6586
53.347,0,-8.253110793,36.6586
53.357,0,-8.244687338,36.6586
53.367,0,-8.236303767,36.6586
53.377,0,-8.22789822,36.6586
53.387,0,-8.219504667,36.6586
53.397,0,-8.211104401,36.6586
53.407,0,-8.202723799,36.6586
53.417,0,-8.194357172,36.6586
53.427,0,-8.185981122,36.6586
53.437,0,-8.177607619,36.6586
53.447,0,-8.169245249,36.6586
53.457,0,-8.160887073,36.6586
53.467,0,-8.152528863,36.6586
53.477,0,-8.144188462,36.6586
53.487,0,-8.135850141,36.6586
53.497,0,-8.127521962,36.6586
53.507,0,-8.119192362,36.6586
53.517,0,-8.110851493,36.6586
53.527,0,-8.102541912,36.6586
53.537,0,-8.094213002,36.6586
53.547,0,-8.085912538,36.6586
53.557,0,-8.077596445,36.6586
53.567,0,-8.069313292,36.6586
53.577,0,-8.061012131,36.6586
53.587,0,-8.052729175,36.6586
53.597,0,-8.044449157,36.6586
53.607,0,-8.036171679,36.6586
53.617,0,-8.027896682,36.6586
53.627,0,-8.019628987,36.6586
53.637,0,-8.011362841,36.6586
53.647,0,-8.003100891,36.6586
53.657,0,-7.99485404,36.6586
53.667,0,-7.986611118,36.6586
53.677,0,-7.978362939,36.6586
53.687,0,-7.970143865,36.6586
53.697,0,-7.961913268,36.6586
53.707,0,-7.953671601,36.6586
53.717,0,-7.945459629,36.6586
53.727,0,-7.937258791,36.6586
53.737,0,-7.92903684,36.6586
53.747,0,-7.920836067,36.6586
53.757,0,-7.912634403,36.6586
53.767,0,-7.904437795,36.6586
53.777,0,-7.896241152,36.6586
53.787,0,-7.888070641,36.6586
53.797,0,-7.879881991,36.6586
53.807,0,-7.87170943,36.6586
53.817,0,-7.863538096,36.6586
53.827,0,-7.855389964,36.6586
53.837,0,-7.84723482,36.6586
53.847,0,-7.839081353,36.6586
53.857,0,-7.830946538,36.6586
53.867,0,-7.822803316,36.6586
53.877,0,-7.814670549,36.6586
53.887,0,-7.80654509,36.6586
53.897,0,-7.798424822,36.6586
53.907,0,-7.790300421,36.6586
53.917,0,-7.782199761,36.6586
53.927,0,-7.77408038,36.6586
53.937,0,-7.765990102,36.6586
53.947,0,-7.757888756,36.6586
53.957,0,-7.749803361,36.6586
53.967,0,-7.741711135,36.6586
53.977,0,-7.733632467,36.6586
53.987,0,-7.725550626,36.6586
53.997,0,-7.717489276,36.6586
54.007,0,-7.70942591,36.6586
54.017,0,-7.701353595,36.6586
54.027,0,-7.69330741,36.6586
54.037,0,-7.68526529,36.6586
54.047,0,-7.677219174,36.6586
54.057,0,-7.669182074,36.6586
54.067,0,-7.661150029,36.6586
54.077,0,-7.653118802,36.6586
54.087,0,-7.64509362,36.6586
54.097,0,-7.637081693,36.6586
54.107,0,-7.62906888,36.6586
54.117,0,-7.621058587,36.6586
54.127,0,-7.613056736,36.6586
54.137,0,-7.60505301,36.6586
54.147,0,-7.597064953,36.6586
54.157,0,-7.589087182,36.6586
54.167,0,-7.581092403,36.6586
54.177,0,-7.573123613,36.6586
54.187,0,-7.565166391,36.6586
54.197,0,-7.55719385,36.6586
54.207,0,-7.549242068,36.6586
54.217,0,-7.541280489,36.6586
54.227,0,-7.533334148,36.6586
54.237,0,-7.525394282,36.6586
54.247,0,-7.517457773,36.6586
54.257,0,-7.509527878,36.6586
54.267,0,-7.50160346,36.6586
54.277,0,-7.493684948,36.6586
54.287,0,-7.485776301,36.6586
54.297,0,-7.477864648,36.6586
54.307,0,-7.469966962,36.6586
54.317,0,-7.462058774,36.6586
54.327,0,-7.45414843,36.6586
54.337,0,-7.446270861,36.6586
54.347,0,-7.438385053,36.6586
54.357,0,-7.430519575,36.6586
54.367,0,-7.422646143,36.6586
54.377,0,-7.414781161,36.6586
54.387,0,-7.406915577,36.6586
54.397,0,-7.399063958,36.6586
54.407,0,-7.391221637,36.6586
54.417,0,-7.38335977,36.6586
54.427,0,-7.375527982,36.6586
54.437,0,-7.367688811,36.6586
54.447,0,-7.359854552,36.6586
54.457,0,-7.352041472,36.6586
54.467,0,-7.344222132,36.6586
54.477,0,-7.336403746,36.6586
54.487,0,-7.32860866,36.6586
54.497,0,-7.320802796,36.6586
54.507,0,-7.313007352,36.6586
54.517,0,-7.305217251,36.6586
54.527,0,-7.297428105,36.6586
54.537,0,-7.289654342,36.6586
54.547,0,-7.281882091,36.6586
54.557,0,-7.274100053,36.6586
54.567,0,-7.26634612,36.6586
54.577,0,-7.258580565,36.6586
54.587,0,-7.250823303,36.6586
54.597,0,-7.24306446,36.6586
54.607,0,-7.2353176,36.6586
54.617,0,-7.227588105,36.6586
54.627,0,-7.219853192,36.6586
54.637,0,-7.212129127,36.6586
54.647,0,-7.204402784,36.6586
54.657,0,-7.196689269,36.6586
54.667,0,-7.188972604,36.6586
54.677,0,-7.181278368,36.6586
54.687,0,-7.173575628,36.6586
54.697,0,-7.16587754,36.6586
54.707,0,-7.158193672,36.6586
54.717,0,-7.150506102,36.6586
54.727,0,-7.142815822,36.6586
54.737,0,-7.135145292,36.6586
54.747,0,-7.127483336,36.6586
54.757,0,-7.119819952,36.6586
54.767,0,-7.112153564,36.6586
54.777,0,-7.104505534,36.6586
54.787,0,-7.096862962,36.6586
54.797,0,-7.089218376,36.6586
54.807,0,-7.081572365,36.6586
54.817,0,-7.073935368,36.6586
54.827,0,-7.066322472,36.6586
54.837,0,-7.058702218,36.6586
54.847,0,-7.051078961,36.6586
54.857,0,-7.043483804,36.6586
54.867,0,-7.035881541,36.6586
54.877,0,-7.028280082,36.6586
54.887,0,-7.020694015,36.6586
54.897,0,-7.013097726,36.6586
54.907,0,-7.005523454,36.6586
54.917,0,-6.997939554,36.6586
54.927,0,-6.990384147,36.6586
54.937,0,-6.982810064,36.6586
54.947,0,-6.975239061,36.6586
54.957,0,-6.967677518,36.6586
54.967,0,-6.960139075,36.6586
54.977,0,-6.952603169,36.6586
54.987,0,-6.945056352,36.6586
54.997,0,-6.937526997,36.6586
55.007,0,-6.929999043,36.6586
55.017,0,-6.922477584,36.6586
55.027,0,-6.914970471,36.6586
55.037,0,-6.907466438,36.6586
55.047,0,-6.899950266,36.6586
55.057,0,-6.892455058,36.6586
55.067,0,-6.884967185,36.6586
55.077,0,-6.877464898,36.6586
55.087,0,-6.869986989,36.6586
55.097,0,-6.862509346,36.6586
55.107,0,-6.855032805,36.6586
55.117,0,-6.847566568,36.6586
55.127,0,-6.84011946,36.6586
55.137,0,-6.832653685,36.6586
55.147,0,-6.825213191,36.6586
55.157,0,-6.8177608,36.6586
55.167,0,-6.81033027,36.6586
55.177,0,-6.802887006,36.6586
55.187,0,-6.795456404,36.6586
55.197,0,-6.788028882,36.6586
55.207,0,-6.78062056,36.6586
55.217,0,-6.773211896,36.6586
55.227,0,-6.765796887,36.6586
55.237,0,-6.758390738,36.6586
55.247,0,-6.750995953,36.6586
55.257,0,-6.743602579,36.6586
55.267,0,-6.736228097,36.6586
55.277,0,-6.728840356,36.6586
55.287,0,-6.721471883,36.6586
55.297,0,-6.714109303,36.6586
55.307,0,-6.706743501,36.6586
55.317,0,-6.69938739,36.6586
55.327,0,-6.692028806,36.6586
55.337,0,-6.684682811,36.6586
55.347,0,-6.677350459,36.6586
55.357,0,-6.670017235,36.6586
55.367,0,-6.662672891,36.6586
55.377,0,-6.65534682,36.6586
55.387,0,-6.648027259,36.6586
55.397,0,-6.640718743,36.6586
55.407,0,-6.63339911,36.6586
55.417,0,-6.62610315,36.6586
55.427,0,-6.618808297,36.6586
55.437,0,-6.611511431,36.6586
55.447,0,-6.604233454,36.6586
55.457,0,-6.596951644,36.6586
55.467,0,-6.589669432,36.6586
55.477,0,-6.582395451,36.6586
55.487,0,-6.575130791,36.6586
55.497,0,-6.567873166,36.6586
55.507,0,-6.560624549,36.6586
55.517,0,-6.553371113,36.6586
55.527,0,-6.5461323,36.6586
55.537,0,-6.538885706,36.6586
55.547,0,-6.531660802,36.6586
55.557,0,-6.524422663,36.6586
55.567,0,-6.517191086,36.6586
55.577,0,-6.509972784,36.6586
55.587,0,-6.502769415,36.6586
55.597,0,-6.495556292,36.6586
55.607,0,-6.48836075,36.6586
55.617,0,-6.481164184,36.6586
55.627,0,-6.473973663,36.6586
55.637,0,-6.46679215,36.6586
55.647,0,-6.459627861,36.6586
55.657,0,-6.452444103,36.6586
55.667,0,-6.445273658,36.6586
55.677,0,-6.438121265,36.6586
55.687,0,-6.430964057,36.6586
55.697,0,-6.423816685,36.6586
55.707,0,-6.416673542,36.6586
55.717,0,-6.409525904,36.6586
55.727,0,-6.402380873,36.6586
55.737,0,-6.395242557,36.6586
55.747,0,-6.388136273,36.6586
55.757,0,-6.381015462,36.6586
55.767,0,-6.373902513,36.6586
55.777,0,-6.366788059,36.6586
55.787,0,-6.359674368,36.6586
55.797,0,-6.352581851,36.6586
55.807,0,-6.345487002,36.6586
55.817,0,-6.338406922,36.6586
55.827,0,-6.331323338,36.6586
55.837,0,-6.324239396,36.6586
55.847,0,-6.317165769,36.6586
55.857,0,-6.310111019,36.6586
55.867,0,-6.303051298,36.6586
55.877,0,-6.295991861,36.6586
55.887,0,-6.288951965,36.6586
55.897,0,-6.281915314,36.6586
55.907,0,-6.274872042,36.6586
55.917,0,-6.267838116,36.6586
55.927,0,-6.26080891,36.6586
55.937,0,-6.253810095,36.6586
55.947,0,-6.246785424,36.6586
55.957,0,-6.239773206,36.6586
55.967,0,-6.232775091,36.6586
55.977,0,-6.22577464,36.6586
55.987,0,-6.218778098,36.6586
55.997,0,-6.211794509,36.6586
56.007,0,-6.204819264,36.6586
56.017,0,-6.197845628,36.6586
56.027,0,-6.190863729,36.6586
56.037,0,-6.183899388,36.6586
56.047,0,-6.176946025,36.6586
56.057,0,-6.169988842,36.6586
56.067,0,-6.163038527,36.6586
56.077,0,-6.156088339,36.6586
56.087,0,-6.14915258,36.6586
56.097,0,-6.142216291,36.6586
56.107,0,-6.135290322,36.6586
56.117,0,-6.128360042,36.6586
56.127,0,-6.121449779,36.6586
56.137,0,-6.114543754,36.6586
56.147,0,-6.107641802,36.6586
56.157,0,-6.100734881,36.6586
56.167,0,-6.093846336,36.6586
56.177,0,-6.086947561,36.6586
56.187,0,-6.080063542,36.6586
56.197,0,-6.073185899,36.6586
56.207,0,-6.066318081,36.6586
56.217,0,-6.059445461,36.6586
56.227,0,-6.05258529,36.6586
56.237,0,-6.04573051,36.6586
56.247,0,-6.038872901,36.6586
56.257,0,-6.03204353,36.6586
56.267,0,-6.025201789,36.6586
56.277,0,-6.018373814,36.6586
56.287,0,-6.011541539,36.6586
56.297,0,-6.004716129,36.6586
56.307,0,-5.997902177,36.6586
56.317,0,-5.991087871,36.6586
56.327,0,-5.9842755,36.6586
56.337,0,-5.97747706,36.6586
56.347,0,-5.970685483,36.6586
56.357,0,-5.963890429,36.6586
56.367,0,-5.957108803,36.6586
56.377,0,-5.950326825,36.6586
56.387,0,-5.943544305,36.6586
56.397,0,-5.936778193,36.6586
56.407,0,-5.930009255,36.6586
56.417,0,-5.923250136,36.6586
56.427,0,-5.916488023,36.6586
56.437,0,-5.909747724,36.6586
56.447,0,-5.903012264,36.6586
56.457,0,-5.896271072,36.6586
56.467,0,-5.889544234,36.6586
56.477,0,-5.882817018,36.6586
56.487,0,-5.876103136,36.6586
56.497,0,-5.869384272,36.6586
56.507,0,-5.862686047,36.6586
56.517,0,-5.855973292,36.6586
56.527,0,-5.849283146,36.6586
56.537,0,-5.842593132,36.6586
56.547,0,-5.835905204,36.6586
56.557,0,-5.829226704,36.6586
56.567,0,-5.822550711,36.6586
56.577,0,-5.815879521,36.6586
56.587,0,-5.809212918,36.6586
56.597,0,-5.80254543,36.6586
56.607,0,-5.795887841,36.6586
56.617,0,-5.789243124,36.6586
56.627,0,-5.782599492,36.6586
56.637,0,-5.775966743,36.6586
56.647,0,-5.769338551,36.6586
56.657,0,-5.762716578,36.6586
56.667,0,-5.756101133,36.6586
56.676,0,-5.749490141,36.6586
56.686,0,-5.74287982,36.6586
56.696,0,-5.736263741,36.6586
56.706,0,-5.729670278,36.6586
56.716,0,-5.72307104,36.6586
56.726,0,-5.7164935,36.6586
56.736,0,-5.709906055,36.6586
56.746,0,-5.703331983,36.6586
56.756,0,-5.69675552,36.6586
56.766,0,-5.690195367,36.6586
56.776,0,-5.683626016,36.6586
56.786,0,-5.677087623,36.6586
56.796,0,-5.670530762,36.6586
56.806,0,-5.663999497,36.6586
56.816,0,-5.657451666,36.6586
56.826,0,-5.650911586,36.6586
56.836,0,-5.644390191,36.6586
56.846,0,-5.637867525,36.6586
56.856,0,-5.631345401,36.6586
56.866,0,-5.624828829,36.6586
56.876,0,-5.618339237,36.6586
56.886,0,-5.611838567,36.6586
56.896,0,-5.605339757,36.6586
56.906,0,-5.598851807,36.6586
56.916,0,-5.59236301,36.6586
56.926,0,-5.585880187,36.6586
56.936,0,-5.579410738,36.6586
56.946,0,-5.572940898,36.6586
56.956,0,-5.566487386,36.6586
56.966,0,-5.560028524,36.6586
56.976,0,-5.55358771,36.6586
56.986,0,-5.547132362,36.6586
56.996,0,-5.540693758,36.6586
57.006,0,-5.534265442,36.6586
57.016,0,-5.527841337,36.6586
57.026,0,-5.52142072,36.6586
57.036,0,-5.514994303,36.6586
57.046,0,-5.508587203,36.6586
57.056,0,-5.502174537,36.6586
57.066,0,-5.495780114,36.6586
57.076,0,-5.489376458,36.6586
57.086,0,-5.482990131,36.6586
57.096,0,-5.476595109,36.6586
57.106,0,-5.470221709,36.6586
57.116,0,-5.463833784,36.6586
57.126,0,-5.45746358,36.6586
57.136,0,-5.451105574,36.6586
57.146,0,-5.444736313,36.6586
57.156,0,-5.438395203,36.6586
57.166,0,-5.432046753,36.6586
57.176,0,-5.425703886,36.6586
57.186,0,-5.419365022,36.6586
57.196,0,-5.41303064,36.6586
57.206,0,-5.406710674,36.6586
57.216,0,-5.400393306,36.6586
57.226,0,-5.39408896,36.6586
57.236,0,-5.387772991,36.6586
57.246,0,-5.381470439,36.6586
57.256,0,-5.37517038,36.6586
57.266,0,-5.368875889,36.6586
57.276,0,-5.362594616,36.6586
57.286,0,-5.356308168,36.6586
57.296,0,-5.350033626,36.6586
57.306,0,-5.343764052,36.6586
57.316,0,-5.337496314,36.6586
57.326,0,-5.331227736,36.6586
57.336,0,-5.324976887,36.6586
57.346,0,-5.318741387,36.6586
57.356,0,-5.312481996,36.6586
57.366,0,-5.306255557,36.6586
57.376,0,-5.300012037,36.6586
57.386,0,-5.293788762,36.6586
57.396,0,-5.287580006,36.6586
57.406,0,-5.281352867,36.6586
57.416,0,-5.275152171,36.6586
57.426,0,-5.268944832,36.6586
57.436,0,-5.26274639,36.6586
57.446,0,-5.256565262,36.6586
57.456,0,-5.250373897,36.6586
57.466,0,-5.24418594,36.6586
57.476,0,-5.238021937,36.6586
57.486,0,-5.231842021,36.6586
57.496,0,-5.225675916,36.6586
57.506,0,-5.219515852,36.6586
57.516,0,-5.213375418,36.6586
57.526,0,-5.207229252,36.6586
57.536,0,-5.201083233,36.6586
57.546,0,-5.194948633,36.6586
57.556,0,-5.188807483,36.6586
57.566,0,-5.182676827,36.6586
57.576,0,-5.176552522,36.6586
57.586,0,-5.170438711,36.6586
57.596,0,-5.164326993,36.6586
57.606,0,-5.158210874,36.6586
57.616,0,-5.152112108,36.6586
57.626,0,-5.146018945,36.6586
57.636,0,-5.139934112,36.6586
57.646,0,-5.13384937,36.6586
57.656,0,-5.127766477,36.6586
57.666,0,-5.121693117,36.6586
57.676,0,-5.115626082,36.6586
57.686,0,-5.109574453,36.6586
57.696,0,-5.103506751,36.6586
57.706,0,-5.09745829,36.6586
57.716,0,-5.091405125,36.6586
57.726,0,-5.085370594,36.6586
57.736,0,-5.079323525,36.6586
57.746,0,-5.073294843,36.6586
57.756,0,-5.067267938,36.6586
57.766,0,-5.06125613,36.6586
57.776,0,-5.055239562,36.6586
57.786,0,-5.049227719,36.6586
57.796,0,-5.043226691,36.6586
57.806,0,-5.037238479,36.6586
57.816,0,-5.031247805,36.6586
57.826,0,-5.025258644,36.6586
57.836,0,-5.01927154,36.6586
57.846,0,-5.01329138,36.6586
57.856,0,-5.007333462,36.6586
57.866,0,-5.001375081,36.6586
57.876,0,-4.995406055,36.6586
57.886,0,-4.989455402,36.6586
57.896,0,-4.983511693,36.6586
57.906,0,-4.977570137,36.6586
57.916,0,-4.971634216,36.6586
57.926,0,-4.965712106,36.6586
57.936,0,-4.959785242,36.6586
57.946,0,-4.953871169,36.6586
57.956,0,-4.947961133,36.6586
57.966,0,-4.942039554,36.6586
57.976,0,-4.936146042,36.6586
57.986,0,-4.930245255,36.6586
57.996,0,-4.924363413,36.6586
58.006,0,-4.918466505,36.6586
58.016,0,-4.912588854,36.6586
58.026,0,-4.90671526,36.6586
58.036,0,-4.900837915,36.6586
58.046,0,-4.894971377,36.6586
58.056,0,-4.889099167,36.6586
58.066,0,-4.883244647,36.6586
58.076,0,-4.877386339,36.6586
58.086,0,-4.871547994,36.6586
58.096,0,-4.865691683,36.6586
58.106,0,-4.859873142,36.6586
58.116,0,-4.854043399,36.6586
58.126,0,-4.848223225,36.6586
58.136,0,-4.842407068,36.6586
58.146,0,-4.836589067,36.6586
58.156,0,-4.830781947,36.6586
58.166,0,-4.824980805,36.6586
58.176,0,-4.81918176,36.6586
58.186,0,-4.813387733,36.6586
58.196,0,-4.807603,36.6586
58.206,0,-4.801817752,36.6586
58.216,0,-4.796043996,36.6586
58.226,0,-4.790289228,36.6586
58.236,0,-4.784523566,36.6586
58.246,0,-4.778766783,36.6586
58.256,0,-4.773015017,36.6586
58.266,0,-4.767264369,36.6586
58.276,0,-4.761531119,36.6586
58.286,0,-4.755792166,36.6586
58.296,0,-4.750048491,36.6586
58.306,0,-4.74431925,36.6586
58.316,0,-4.738600207,36.6586
58.326,0,-4.732879342,36.6586
58.336,0,-4.72717779,36.6586
58.346,0,-4.7214608,36.6586
58.356,0,-4.715759245,36.6586
58.366,0,-4.710074719,36.6586
58.376,0,-4.704381277,36.6586
58.386,0,-4.698704129,36.6586
58.396,0,-4.693033373,36.6586
58.406,0,-4.687356898,36.6586
58.416,0,-4.681698072,36.6586
58.426,0,-4.676036132,36.6586
58.436,0,-4.670391234,36.6586
58.446,0,-4.664735448,36.6586
58.456,0,-4.659099925,36.6586
58.466,0,-4.653446427,36.6586
58.476,0,-4.647817057,36.6586
58.486,0,-4.642180992,36.6586
58.496,0,-4.636550003,36.6586
58.506,0,-4.630940534,36.6586
58.516,0,-4.625324104,36.6586
58.526,0,-4.619707143,36.6586
58.536,0,-4.614104927,36.6586
58.546,0,-4.608519107,36.6586
58.556,0,-4.602928552,36.6586
58.566,0,-4.597343726,36.6586
58.576,0,-4.591770685,36.6586
58.586,0,-4.586196846,36.6586
58.596,0,-4.580628002,36.6586
58.606,0,-4.575058341,36.6586
58.616,0,-4.569493675,36.6586
58.626,0,-4.563942749,36.6586
58.636,0,-4.558399773,36.6586
58.646,0,-4.55285598,36.6586
58.656,0,-4.547315635,36.6586
58.666,0,-4.541791306,36.6586
58.676,0,-4.536267818,36.6586
58.686,0,-4.53074541,36.6586
58.696,0,-4.525229036,36.6586
58.706,0,-4.519727356,36.6586
58.716,0,-4.514223903,36.6586
58.726,0,-4.508730251,36.6586
58.736,0,-4.503227771,36.6586
58.746,0,-4.497742939,36.6586
58.756,0,-4.492261142,36.6586
58.766,0,-4.486777301,36.6586
58.776,0,-4.481315269,36.6586
58.786,0,-4.475840457,36.6586
58.796,0,-4.470380397,36.6586
58.806,0,-4.46493727,36.6586
58.816,0,-4.459477498,36.6586
58.826,0,-4.454035305,36.6586
58.836,0,-4.448582353,36.6586
58.846,0,-4.443147999,36.6586
58.856,0,-4.43771768,36.6586
58.866,0,-4.432295997,36.6586
58.876,0,-4.426888306,36.6586
58.886,0,-4.421468154,36.6586
58.896,0,-4.41606051,36.6586
58.906,0,-4.410661767,36.6586
58.916,0,-4.405277031,36.6586
58.926,0,-4.399879555,36.6586
58.936,0,-4.394484841,36.6586
58.946,0,-4.389100027,36.6586
58.956,0,-4.383724069,36.6586
58.966,0,-4.378352188,36.6586
58.976,0,-4.373000806,36.6586
58.986,0,-4.367621461,36.6586
58.996,0,-4.362282754,36.6586
59.006,0,-4.356934803,36.6586
59.016,0,-4.351597385,36.6586
59.026,0,-4.346261323,36.6586
59.036,0,-4.34091326,36.6586
59.046,0,-4.335588643,36.6586
59.056,0,-4.330268993,36.6586
59.066,0,-4.324952464,36.6586
59.076,0,-4.319650606,36.6586
59.086,0,-4.314347939,36.6586
59.096,0,-4.309050281,36.6586
59.106,0,-4.303750611,36.6586
59.116,0,-4.298459087,36.6586
59.126,0,-4.293178067,36.6586
59.136,0,-4.287887267,36.6586
59.146,0,-4.282617972,36.6586
59.156,0,-4.277353952,36.6586
59.166,0,-4.272085929,36.6586
59.176,0,-4.266841381,36.6586
59.186,0,-4.261578537,36.6586
59.196,0,-4.256344005,36.6586
59.206,0,-4.251099944,36.6586
59.216,0,-4.245871522,36.6586
59.226,0,-4.240640145,36.6586
59.236,0,-4.235423366,36.6586
59.246,0,-4.230200727,36.6586
59.256,0,-4.224992009,36.6586
59.266,0,-4.219778387,36.6586
59.276,0,-4.214569774,36.6586
59.286,0,-4.209371197,36.6586
59.296,0,-4.204178455,36.6586
59.306,0,-4.198986817,36.6586
59.316,0,-4.193804979,36.6586
59.326,0,-4.188634746,36.6586
59.336,0,-4.183458778,36.6586
59.346,0,-4.178291675,36.6586
59.356,0,-4.173127627,36.6586
59.366,0,-4.167970352,36.6586
59.376,0,-4.162825822,36.6586
59.386,0,-4.157679697,36.6586
59.396,0,-4.152538395,36.6586
59.406,0,-4.147402099,36.6586
59.416,0,-4.1422795,36.6586
59.426,0,-4.137156765,36.6586
59.436,0,-4.13204584,36.6586
59.446,0,-4.126935996,36.6586
59.456,0,-4.121834105,36.6586
59.466,0,-4.116731411,36.6586
59.476,0,-4.111637312,36.6586
59.486,0,-4.106546533,36.6586
59.496,0,-4.101448927,36.6586
59.506,0,-4.096365255,36.6586
59.516,0,-4.091299951,36.6586
59.526,0,-4.086234799,36.6586
59.536,0,-4.081159828,36.6586
59.546,0,-4.076106277,36.6586
59.556,0,-4.071049046,36.6586
59.566,0,-4.065992942,36.6586
59.576,0,-4.060964125,36.6586
59.586,0,-4.055928682,36.6586
59.596,0,-4.050885427,36.6586
59.606,0,-4.045857089,36.6586
59.616,0,-4.040831617,36.6586
59.626,0,-4.035819087,36.6586
59.636,0,-4.030807159,36.6586
59.646,0,-4.02580216,36.6586
59.656,0,-4.020796408,36.6586
59.666,0,-4.01580044,36.6586
59.676,0,-4.010816294,36.6586
59.686,0,-4.005828472,36.6586
59.696,0,-4.000857183,36.6586
59.706,0,-3.995879342,36.6586
59.716,0,-3.990908405,36.6586
59.726,0,-3.985941338,36.6586
59.736,0,-3.980996507,36.6586
59.746,0,-3.976038152,36.6586
59.756,0,-3.971089623,36.6586
59.766,0,-3.966144369,36.6586
59.776,0,-3.961208717,36.6586
59.786,0,-3.956274262,36.6586
59.796,0,-3.951360271,36.6586
59.806,0,-3.946438692,36.6586
59.816,0,-3.941531756,36.6586
59.826,0,-3.936619225,36.6586
59.836,0,-3.931704709,36.6586
59.846,0,-3.926802157,36.6586
59.856,0,-3.921912046,36.6586
59.866,0,-3.917020947,36.6586
59.876,0,-3.912145438,36.6586
59.886,0,-3.907254866,36.6586
59.896,0,-3.902384558,36.6586
59.906,0,-3.897525064,36.6586
59.916,0,-3.892664799,36.6586
59.926,0,-3.887814328,36.6586
59.936,0,-3.882966909,36.6586
59.946,0,-3.87810811,36.6586
59.956,0,-3.873274253,36.6586
59.966,0,-3.868439418,36.6586
59.976,0,-3.863615508,36.6586
59.986,0,-3.858777189,36.6586
59.996,0,-3.853962323,36.6586
60.006,0,-3.849141689,36.6586
60.016,0,-3.844334963,36.6586
60.026,0,-3.839538817,36.6586
60.036,0,-3.834732225,36.6586
60.046,0,-3.829942851,36.6586
60.056,0,-3.82515074,36.6586
60.066,0,-3.82037138,36.6586
60.076,0,-3.815592178,36.6586
60.086,0,-3.810828442,36.6586
60.096,0,-3.806051523,36.6586
60.106,0,-3.801289226,36.6586
60.116,0,-3.79654242,36.6586
60.126,0,-3.791782407,36.6586
60.136,0,-3.78704751,36.6586
60.146,0,-3.782306062,36.6586
60.156,0,-3.777571529,36.6586
60.166,0,-3.772838891,36.6586
60.176,0,-3.768117878,36.6586
60.186,0,-3.763397972,36.6586
60.196,0,-3.758676186,36.6586
60.206,0,-3.753961528,36.6586
60.216,0,-3.749274943,36.6586
60.226,0,-3.744572119,36.6586
60.236,0,-3.739877132,36.6586
60.246,0,-3.735189174,36.6586
60.256,0,-3.730501189,36.6586
60.266,0,-3.725821136,36.6586
60.276,0,-3.721145312,36.6586
60.286,0,-3.716479694,36.6586
60.296,0,-3.711816225,36.6586
60.306,0,-3.707163527,36.6586
60.316,0,-3.702512954,36.6586
60.326,0,-3.69786929,36.6586
60.336,0,-3.693231611,36.6586
60.346,0,-3.688603597,36.6586
60.356,0,-3.683972962,36.6586
60.366,0,-3.679351199,36.6586
60.376,0,-3.674718551,36.6586
60.386,0,-3.670112255,36.6586
60.396,0,-3.665504001,36.6586
60.406,0,-3.660904618,36.6586
60.416,0,-3.656299671,36.6586
60.426,0,-3.65171141,36.6586
60.436,0,-3.647129953,36.6586
60.446,0,-3.642556346,36.6586
60.456,0,-3.637970359,36.6586
60.466,0,-3.633394115,36.6586
60.476,0,-3.628820119,36.6586
60.486,0,-3.624264548,36.6586
60.496,0,-3.619703851,36.6586
60.506,0,-3.615156991,36.6586
60.516,0,-3.610625546,36.6586
60.526,0,-3.606074256,36.6586
60.536,0,-3.601545097,36.6586
60.546,0,-3.59700752,36.6586
60.556,0,-3.592484504,36.6586
60.566,0,-3.587961699,36.6586
60.576,0,-3.583438089,36.6586
60.586,0,-3.578938757,36.6586
60.596,0,-3.574427057,36.6586
60.606,0,-3.569923276,36.6586
60.616,0,-3.56543659,36.6586
60.626,0,-3.560937455,36.6586
60.636,0,-3.556450199,36.6586
60.646,0,-3.551971647,36.6586
60.656,0,-3.547509765,36.6586
60.666,0,-3.543033527,36.6586
60.676,0,-3.538568064,36.6586
60.686,0,-3.534108504,36.6586
60.696,0,-3.529670324,36.6586
60.706,0,-3.525221749,36.6586
60.716,0,-3.520773066,36.6586
60.726,0,-3.516337858,36.6586
60.736,0,-3.511905796,36.6586
60.746,0,-3.507476802,36.6586
60.756,0,-3.503054751,36.6586
60.766,0,-3.498632718,36.6586
60.776,0,-3.494218719,36.6586
60.786,0,-3.48981539,36.6586
60.796,0,-3.485417018,36.6586
60.806,0,-3.481014112,36.6586
60.816,0,-3.476630567,36.6586
60.826,0,-3.472248179,36.6586
60.836,0,-3.467871665,36.6586
