
                -------->  BODY TRANSITIONING TO TURBULENT FLOW  <--------

 0.01  0.00   0.290   0.283  0.169   0.009   0.020  0.056   0.036   0.000  0.000    868729
 0.01 13.37 110.136
 0.01 30.00   6.344   4.499
 0.01 30.00  10.842  98.322
 0.01 30.00   9.197   5.756  10.842   0.387
 0.01 30.00   9.201   5.748  10.842   0.378

 0.02  0.00   0.291   0.284  0.197   0.011   0.018  0.040   0.025   0.000  0.000   1737457
 0.02 13.37 110.136
 0.02 30.00   6.344   4.499
 0.02 30.00  10.842  98.322
 0.02 30.00   9.196   5.757  10.842   0.387
 0.02 30.00   9.201   5.749  10.842   0.379

 0.03  0.00   0.282   0.275  0.199   0.011   0.018  0.032   0.021   0.000  0.000   2606186
 0.03 13.37 110.136
 0.03 30.00   6.344   4.499
 0.03 30.00  10.842  98.322
 0.03 30.00   9.202   5.746  10.842   0.375
 0.03 30.00   9.206   5.739  10.842   0.367

 0.04  0.00   0.273   0.267  0.198   0.011   0.018  0.028   0.018   0.000  0.000   3474914
 0.04 13.37 110.136
 0.04 30.00   6.344   4.499
 0.04 30.00  10.842  98.322
 0.04 30.00   9.208   5.737  10.842   0.364
 0.04 30.00   9.212   5.729  10.842   0.355

 0.05  0.00   0.269   0.262  0.196   0.011   0.018  0.027   0.017   0.000  0.000   4343642
 0.05 13.37 110.136
 0.05 30.00   6.344   4.499
 0.05 30.00  10.842  98.322
 0.05 30.00   9.211   5.731  10.842   0.358
 0.05 30.00   9.215   5.724  10.842   0.349

 0.06  0.00   0.266   0.260  0.193   0.011   0.018  0.027   0.017   0.000  0.000   5212371
 0.06 13.37 110.136
 0.06 30.00   6.344   4.499
 0.06 30.00  10.842  98.322
 0.06 30.00   9.212   5.729  10.842   0.355
 0.06 30.00   9.217   5.721  10.842   0.346

 0.07  0.00   0.264   0.257  0.191   0.010   0.018  0.027   0.017   0.000  0.000   6081100
 0.07 13.37 110.136
 0.07 30.00   6.344   4.499
 0.07 30.00  10.842  98.322
 0.07 30.00   9.214   5.726  10.842   0.352
 0.07 30.00   9.218   5.718  10.842   0.343

 0.08  0.00   0.261   0.255  0.189   0.010   0.019  0.027   0.017   0.000  0.000   6949828
 0.08 13.37 110.136
 0.08 30.00   6.344   4.499
 0.08 30.00  10.842  98.322
 0.08 30.00   9.216   5.723  10.842   0.349
 0.08 30.00   9.220   5.715  10.842   0.340

 0.09  0.00   0.259   0.253  0.187   0.010   0.019  0.027   0.017   0.000  0.000   7818557
 0.09 13.37 110.136
 0.09 30.00   6.344   4.499
 0.09 30.00  10.842  98.322
 0.09 30.00   9.217   5.721  10.842   0.346
 0.09 30.00   9.221   5.713  10.842   0.337

 0.10  0.00   0.258   0.251  0.185   0.010   0.019  0.027   0.017   0.000  0.000   8687285
 0.10 13.37 110.136
 0.10 30.00   6.344   4.499
 0.10 30.00  10.842  98.322
 0.10 30.00   9.218   5.719  10.842   0.344
 0.10 30.00   9.222   5.711  10.842   0.335

 0.11  0.00   0.258   0.251  0.185   0.010   0.019  0.027   0.017   0.000  0.000   9556014
 0.11 13.37 110.136
 0.11 30.00   6.344   4.499
 0.11 30.00  10.842  98.322
 0.11 30.00   9.218   5.719  10.842   0.344
 0.11 30.00   9.222   5.711  10.842   0.335

 0.12  0.00   0.258   0.251  0.185   0.010   0.019  0.027   0.017   0.000  0.000  10424740
 0.12 13.37 110.136
 0.12 30.00   6.344   4.499
 0.12 30.00  10.842  98.322
 0.12 30.00   9.218   5.719  10.842   0.344
 0.12 30.00   9.222   5.711  10.842   0.335

                -------->  FINS TRANSITIONING TO TURBULENT FLOW  <--------

 0.13  0.00   0.258   0.251  0.185   0.010   0.019  0.027   0.017   0.000  0.000  11293470
 0.13 13.37 110.136
 0.13 30.00   6.344   4.499
 0.13 30.00  10.842  98.322
 0.13 30.00   9.218   5.719  10.842   0.344
 0.13 30.00   9.222   5.711  10.842   0.335

 0.14  0.00   0.258   0.251  0.185   0.010   0.019  0.027   0.017   0.000  0.000  12162200
 0.14 13.37 110.136
 0.14 30.00   6.344   4.499
 0.14 30.00  10.842  98.322
 0.14 30.00   9.218   5.719  10.842   0.344
 0.14 30.00   9.222   5.711  10.842   0.335

 0.15  0.00   0.258   0.251  0.185   0.010   0.019  0.027   0.017   0.000  0.000  13030930
 0.15 13.37 110.136
 0.15 30.00   6.344   4.499
 0.15 30.00  10.842  98.322
 0.15 30.00   9.218   5.719  10.842   0.344
 0.15 30.00   9.222   5.711  10.842   0.335

 0.16  0.00   0.258   0.251  0.185   0.010   0.019  0.027   0.017   0.000  0.000  13899660
 0.16 13.37 110.136
 0.16 30.00   6.344   4.499
 0.16 30.00  10.842  98.322
 0.16 30.00   9.218   5.719  10.842   0.344
 0.16 30.00   9.222   5.711  10.842   0.335

 0.17  0.00   0.258   0.251  0.185   0.010   0.019  0.027   0.017   0.000  0.000  14768380
 0.17 13.37 110.136
 0.17 30.00   6.344   4.499
 0.17 30.00  10.842  98.322
 0.17 30.00   9.218   5.719  10.842   0.344
 0.17 30.00   9.222   5.711  10.842   0.335

 0.18  0.00   0.258   0.251  0.185   0.010   0.019  0.027   0.017   0.000  0.000  15637110
 0.18 13.37 110.136
 0.18 30.00   6.344   4.499
 0.18 30.00  10.842  98.322
 0.18 30.00   9.218   5.719  10.842   0.344
 0.18 30.00   9.222   5.711  10.842   0.335

 0.19  0.00   0.258   0.251  0.185   0.010   0.019  0.027   0.017   0.000  0.000  16505840
 0.19 13.37 110.136
 0.19 30.00   6.344   4.499
 0.19 30.00  10.842  98.322
 0.19 30.00   9.218   5.719  10.842   0.343
 0.19 30.00   9.222   5.711  10.842   0.335

 0.20  0.00   0.258   0.251  0.185   0.010   0.019  0.027   0.017   0.000  0.000  17374570
 0.20 13.37 110.136
 0.20 30.00   6.344   4.499
 0.20 30.00  10.842  98.322
 0.20 30.00   9.218   5.719  10.842   0.343
 0.20 30.00   9.222   5.711  10.842   0.335

 0.21  0.00   0.258   0.251  0.185   0.010   0.019  0.027   0.017   0.000  0.000  18243300
 0.21 13.37 110.136
 0.21 30.00   6.344   4.380
 0.21 30.00  10.724  98.560
 0.21 30.00   9.115   5.659  10.724   0.343
 0.21 30.00   9.120   5.652  10.724   0.335

 0.22  0.00   0.257   0.251  0.185   0.010   0.019  0.027   0.017   0.000  0.000  19112030
 0.22 13.37 110.136
 0.22 30.00   6.344   4.261
 0.22 30.00  10.605  98.804
 0.22 30.00   9.012   5.600  10.605   0.343
 0.22 30.00   9.017   5.592  10.605   0.334

 0.23  0.00   0.257   0.251  0.185   0.010   0.019  0.027   0.017   0.000  0.000  19980760
 0.23 13.37 110.136
 0.23 30.00   6.344   4.143
 0.23 30.00  10.486  99.053
 0.23 30.00   8.910   5.540  10.486   0.343
 0.23 30.00   8.914   5.533  10.486   0.334

 0.24  0.00   0.257   0.251  0.185   0.010   0.019  0.027   0.017   0.000  0.000  20849480
 0.24 13.37 110.136
 0.24 30.00   6.344   4.024
 0.24 30.00  10.368  99.308
 0.24 30.00   8.807   5.481  10.368   0.343
 0.24 30.00   8.811   5.473  10.368   0.334

 0.25  0.00   0.257   0.251  0.185   0.010   0.019  0.027   0.017   0.000  0.000  21718210
 0.25 13.37 110.136
 0.25 30.00   6.344   3.905
 0.25 30.00  10.249  99.569
 0.25 30.00   8.704   5.422  10.249   0.343
 0.25 30.00   8.709   5.414  10.249   0.334

 0.26  0.00   0.257   0.251  0.185   0.010   0.019  0.027   0.017   0.000  0.000  22586940
 0.26 13.37 110.136
 0.26 30.00   6.344   3.786
 0.26 30.00  10.130  99.836
 0.26 30.00   8.601   5.362  10.130   0.343
 0.26 30.00   8.606   5.355  10.130   0.334

 0.27  0.00   0.257   0.251  0.185   0.010   0.019  0.027   0.017   0.000  0.000  23455670
 0.27 13.37 110.136
 0.27 30.00   6.344   3.668
 0.27 30.00  10.011 100.109
 0.27 30.00   8.498   5.303  10.011   0.343
 0.27 30.00   8.503   5.295  10.011   0.335

 0.28  0.00   0.258   0.251  0.185   0.010   0.019  0.027   0.017   0.000  0.000  24324400
 0.28 13.37 110.136
 0.28 30.00   6.344   3.549
 0.28 30.00   9.893 100.389
 0.28 30.00   8.396   5.244   9.893   0.343
 0.28 30.00   8.400   5.236   9.893   0.335

 0.29  0.00   0.258   0.251  0.185   0.010   0.019  0.027   0.017   0.000  0.000  25193130
 0.29 13.37 110.136
 0.29 30.00   6.344   3.430
 0.29 30.00   9.774 100.675
 0.29 30.00   8.293   5.184   9.774   0.343
 0.29 30.00   8.297   5.177   9.774   0.335

 0.30  0.00   0.258   0.251  0.185   0.010   0.019  0.027   0.017   0.000  0.000  26061860
 0.30 13.37 110.136
 0.30 30.00   6.344   3.312
 0.30 30.00   9.655 100.969
 0.30 30.00   8.190   5.125   9.655   0.344
 0.30 30.00   8.194   5.118   9.655   0.335

 0.31  0.00   0.258   0.251  0.185   0.010   0.019  0.027   0.017   0.000  0.000  26930580
 0.31 13.37 110.136
 0.31 30.00   6.344   3.193
 0.31 30.00   9.537 101.270
 0.31 30.00   8.087   5.066   9.537   0.344
 0.31 30.00   8.091   5.058   9.537   0.335

 0.32  0.00   0.258   0.251  0.184   0.010   0.019  0.027   0.017   0.000  0.000  27799310
 0.32 13.37 110.136
 0.32 30.00   6.344   3.074
 0.32 30.00   9.418 101.578
 0.32 30.00   7.984   5.007   9.418   0.344
 0.32 30.00   7.989   4.999   9.418   0.335

 0.33  0.00   0.258   0.251  0.184   0.010   0.019  0.027   0.017   0.000  0.000  28668040
 0.33 13.37 110.136
 0.33 30.00   6.344   2.955
 0.33 30.00   9.299 101.894
 0.33 30.00   7.881   4.947   9.299   0.344
 0.33 30.00   7.886   4.940   9.299   0.335

 0.34  0.00   0.258   0.251  0.184   0.010   0.019  0.027   0.017   0.000  0.000  29536770
 0.34 13.37 110.136
 0.34 30.00   6.344   2.837
 0.34 30.00   9.180 102.219
 0.34 30.00   7.778   4.888   9.180   0.344
 0.34 30.00   7.783   4.880   9.180   0.335

 0.35  0.00   0.258   0.251  0.184   0.010   0.019  0.027   0.018   0.000  0.000  30405500
 0.35 13.37 110.136
 0.35 30.00   6.344   2.718
 0.35 30.00   9.062 102.552
 0.35 30.00   7.676   4.829   9.062   0.344
 0.35 30.00   7.680   4.821   9.062   0.335

 0.36  0.00   0.258   0.251  0.184   0.010   0.019  0.027   0.018   0.000  0.000  31274230
 0.36 13.37 110.136
 0.36 30.00   6.344   2.599
 0.36 30.00   8.943 102.894
 0.36 30.00   7.573   4.769   8.943   0.344
 0.36 30.00   7.577   4.762   8.943   0.335

 0.37  0.00   0.258   0.251  0.184   0.010   0.019  0.027   0.018   0.000  0.000  32142960
 0.37 13.37 110.136
 0.37 30.00   6.344   2.481
 0.37 30.00   8.824 103.245
 0.37 30.00   7.470   4.710   8.824   0.344
 0.37 30.00   7.474   4.702   8.824   0.335

 0.38  0.00   0.258   0.252  0.184   0.010   0.019  0.027   0.018   0.000  0.000  33011680
 0.38 13.37 110.136
 0.38 30.00   6.344   2.362
 0.38 30.00   8.706 103.606
 0.38 30.00   7.367   4.651   8.706   0.344
 0.38 30.00   7.372   4.643   8.706   0.335

 0.39  0.00   0.258   0.252  0.184   0.010   0.019  0.027   0.018   0.000  0.000  33880410
 0.39 13.37 110.136
 0.39 30.00   6.344   2.243
 0.39 30.00   8.587 103.976
 0.39 30.00   7.264   4.592   8.587   0.344
 0.39 30.00   7.269   4.584   8.587   0.335

 0.40  0.00   0.258   0.252  0.184   0.010   0.019  0.028   0.018   0.000  0.000  34749140
 0.40 13.37 110.136
 0.40 30.00   6.344   2.124
 0.40 30.00   8.468 104.357
 0.40 30.00   7.161   4.532   8.468   0.344
 0.40 30.00   7.166   4.525   8.468   0.336

 0.41  0.00   0.258   0.252  0.184   0.010   0.019  0.028   0.018   0.000  0.000  35617870
 0.41 13.37 110.136
 0.41 30.00   6.344   2.006
 0.41 30.00   8.349 104.749
 0.41 30.00   7.059   4.473   8.349   0.344
 0.41 30.00   7.063   4.465   8.349   0.336

 0.42  0.00   0.258   0.252  0.184   0.010   0.019  0.028   0.018   0.000  0.000  36486600
 0.42 13.37 110.136
 0.42 30.00   6.344   1.887
 0.42 30.00   8.231 105.152
 0.42 30.00   6.956   4.414   8.231   0.345
 0.42 30.00   6.960   4.406   8.231   0.336

 0.43  0.00   0.258   0.252  0.184   0.010   0.019  0.028   0.018   0.000  0.000  37355330
 0.43 13.37 110.136
 0.43 30.00   6.344   1.768
 0.43 30.00   8.112 105.567
 0.43 30.00   6.853   4.354   8.112   0.345
 0.43 30.00   6.857   4.347   8.112   0.336

 0.44  0.00   0.259   0.252  0.184   0.010   0.019  0.028   0.018   0.000  0.000  38224060
 0.44 13.37 110.136
 0.44 30.00   6.344   1.650
 0.44 30.00   7.993 105.995
 0.44 30.00   6.750   4.295   7.993   0.345
 0.44 30.00   6.754   4.287   7.993   0.336

 0.45  0.00   0.259   0.252  0.184   0.010   0.019  0.028   0.018   0.000  0.000  39092780
 0.45 13.37 110.136
 0.45 30.00   6.344   1.531
 0.45 30.00   7.875 106.435
 0.45 30.00   6.647   4.236   7.875   0.345
 0.45 30.00   6.652   4.228   7.875   0.336

 0.46  0.00   0.259   0.252  0.184   0.010   0.019  0.028   0.018   0.000  0.000  39961510
 0.46 13.37 110.136
 0.46 30.00   6.344   1.412
 0.46 30.00   7.756 106.889
 0.46 30.00   6.544   4.177   7.756   0.345
 0.46 30.00   6.549   4.169   7.756   0.336

 0.47  0.00   0.259   0.252  0.184   0.010   0.019  0.028   0.018   0.000  0.000  40830240
 0.47 13.37 110.136
 0.47 30.00   6.344   1.293
 0.47 30.00   7.637 107.356
 0.47 30.00   6.441   4.117   7.637   0.345
 0.47 30.00   6.446   4.110   7.637   0.336

 0.48  0.00   0.259   0.252  0.184   0.010   0.019  0.028   0.018   0.000  0.000  41698970
 0.48 13.37 110.136
 0.48 30.00   6.344   1.175
 0.48 30.00   7.518 107.839
 0.48 30.00   6.339   4.058   7.518   0.345
 0.48 30.00   6.343   4.050   7.518   0.336

 0.49  0.00   0.259   0.252  0.184   0.010   0.019  0.028   0.018   0.000  0.000  42567700
 0.49 13.37 110.136
 0.49 30.00   6.344   1.056
 0.49 30.00   7.400 108.337
 0.49 30.00   6.236   3.999   7.400   0.345
 0.49 30.00   6.240   3.991   7.400   0.336

 0.50  0.00   0.259   0.252  0.184   0.010   0.019  0.028   0.018   0.000  0.000  43436420
 0.50 13.37 110.136
 0.50 30.00   6.344   0.937
 0.50 30.00   7.281 108.851
 0.50 30.00   6.133   3.939   7.281   0.345
 0.50 30.00   6.137   3.932   7.281   0.336

 0.51  0.00   0.259   0.252  0.184   0.010   0.019  0.028   0.018   0.000  0.000  44305150
 0.51 13.37 110.136
 0.51 30.00   6.344   0.937
 0.51 30.00   7.281 108.851
 0.51 30.00   6.133   3.939   7.281   0.345
 0.51 30.00   6.137   3.932   7.281   0.336

 0.52  0.00   0.259   0.252  0.184   0.010   0.019  0.028   0.018   0.000  0.000  45173880
 0.52 13.37 110.136
 0.52 30.00   6.344   0.937
 0.52 30.00   7.281 108.851
 0.52 30.00   6.133   3.940   7.281   0.345
 0.52 30.00   6.137   3.932   7.281   0.336

 0.53  0.00   0.259   0.252  0.184   0.010   0.019  0.028   0.018   0.000  0.000  46042610
 0.53 13.37 110.136
 0.53 30.00   6.344   0.937
 0.53 30.00   7.281 108.851
 0.53 30.00   6.133   3.940   7.281   0.345
 0.53 30.00   6.137   3.932   7.281   0.337

 0.54  0.00   0.259   0.252  0.184   0.010   0.019  0.028   0.018   0.000  0.000  46911340
 0.54 13.37 110.136
 0.54 30.00   6.344   0.937
 0.54 30.00   7.281 108.851
 0.54 30.00   6.133   3.940   7.281   0.345
 0.54 30.00   6.137   3.932   7.281   0.337

 0.55  0.00   0.259   0.253  0.184   0.010   0.019  0.028   0.018   0.000  0.000  47780070
 0.55 13.37 110.136
 0.55 30.00   6.344   0.937
 0.55 30.00   7.281 108.851
 0.55 30.00   6.133   3.940   7.281   0.346
 0.55 30.00   6.137   3.932   7.281   0.337

 0.56  0.00   0.259   0.253  0.184   0.010   0.019  0.028   0.018   0.000  0.000  48648800
 0.56 13.37 110.136
 0.56 30.00   6.344   0.937
 0.56 30.00   7.281 108.851
 0.56 30.00   6.133   3.940   7.281   0.346
 0.56 30.00   6.137   3.932   7.281   0.337

 0.57  0.00   0.259   0.253  0.184   0.010   0.019  0.029   0.018   0.000  0.000  49517520
 0.57 13.37 110.136
 0.57 30.00   6.344   0.937
 0.57 30.00   7.281 108.851
 0.57 30.00   6.133   3.940   7.281   0.346
 0.57 30.00   6.137   3.932   7.281   0.337

 0.58  0.00   0.259   0.253  0.184   0.010   0.019  0.029   0.018   0.000  0.000  50386250
 0.58 13.37 110.136
 0.58 30.00   6.344   0.937
 0.58 30.00   7.281 108.851
 0.58 30.00   6.133   3.940   7.281   0.346
 0.58 30.00   6.137   3.932   7.281   0.337

 0.59  0.00   0.259   0.253  0.183   0.010   0.019  0.029   0.018   0.000  0.000  51254980
 0.59 13.37 110.136
 0.59 30.00   6.344   0.937
 0.59 30.00   7.281 108.851
 0.59 30.00   6.133   3.940   7.281   0.346
 0.59 30.00   6.137   3.932   7.281   0.337

 0.60  0.00   0.259   0.253  0.183   0.010   0.019  0.029   0.018   0.000  0.000  52123710
 0.60 13.37 110.136
 0.60 30.00   6.344   0.937
 0.60 30.00   7.281 108.851
 0.60 30.00   6.132   3.940   7.281   0.346
 0.60 30.00   6.137   3.932   7.281   0.337

 0.61  0.00   0.260   0.253  0.183   0.010   0.019  0.029   0.019   0.000  0.000  52992440
 0.61 13.37 110.136
 0.61 30.00   6.344   0.937
 0.61 30.00   7.281 108.851
 0.61 30.00   6.132   3.940   7.281   0.346
 0.61 30.00   6.137   3.932   7.281   0.337

 0.62  0.00   0.260   0.253  0.183   0.010   0.019  0.029   0.019   0.000  0.000  53861170
 0.62 13.37 110.136
 0.62 30.00   6.344   0.937
 0.62 30.00   7.281 108.851
 0.62 30.00   6.132   3.941   7.281   0.347
 0.62 30.00   6.137   3.932   7.281   0.337

 0.63  0.00   0.260   0.253  0.183   0.010   0.019  0.029   0.019   0.000  0.000  54729900
 0.63 13.37 110.136
 0.63 30.00   6.344   0.937
 0.63 30.00   7.281 108.851
 0.63 30.00   6.132   3.941   7.281   0.347
 0.63 30.00   6.137   3.932   7.281   0.337

 0.64  0.00   0.260   0.253  0.183   0.010   0.019  0.029   0.019   0.000  0.000  55598620
 0.64 13.37 110.136
 0.64 30.00   6.344   0.937
 0.64 30.00   7.281 108.851
 0.64 30.00   6.132   3.941   7.281   0.347
 0.64 30.00   6.137   3.933   7.281   0.337

 0.65  0.00   0.261   0.253  0.183   0.010   0.019  0.030   0.019   0.000  0.000  56467350
 0.65 13.37 110.136
 0.65 30.00   6.344   0.937
 0.65 30.00   7.281 108.851
 0.65 30.00   6.132   3.941   7.281   0.348
 0.65 30.00   6.137   3.933   7.281   0.337

 0.66  0.00   0.261   0.253  0.183   0.010   0.019  0.030   0.019   0.000  0.000  57336080
 0.66 13.37 110.136
 0.66 30.00   6.344   0.937
 0.66 30.00   7.281 108.851
 0.66 30.00   6.132   3.942   7.281   0.348
 0.66 30.00   6.137   3.933   7.281   0.338

 0.67  0.00   0.261   0.253  0.183   0.010   0.019  0.030   0.019   0.000  0.000  58204810
 0.67 13.37 110.136
 0.67 30.00   6.344   0.937
 0.67 30.00   7.281 108.851
 0.67 30.00   6.131   3.942   7.281   0.348
 0.67 30.00   6.137   3.933   7.281   0.338

 0.68  0.00   0.261   0.253  0.183   0.010   0.019  0.030   0.019   0.000  0.000  59073540
 0.68 13.37 110.136
 0.68 30.00   6.344   0.937
 0.68 30.00   7.281 108.851
 0.68 30.00   6.131   3.942   7.281   0.348
 0.68 30.00   6.137   3.933   7.281   0.338

 0.69  0.00   0.262   0.253  0.183   0.010   0.019  0.030   0.019   0.000  0.000  59942270
 0.69 13.37 110.136
 0.69 30.00   6.344   0.937
 0.69 30.00   7.281 108.851
 0.69 30.00   6.131   3.942   7.281   0.349
 0.69 30.00   6.137   3.933   7.281   0.338

 0.70  0.00   0.262   0.254  0.183   0.010   0.019  0.030   0.020   0.000  0.000  60811000
 0.70 13.37 110.136
 0.70 30.00   6.344   0.937
 0.70 30.00   7.281 108.851
 0.70 30.00   6.131   3.943   7.281   0.349
 0.70 30.00   6.136   3.933   7.281   0.338

 0.71  0.00   0.262   0.254  0.183   0.010   0.019  0.031   0.020   0.000  0.000  61679720
 0.71 13.37 110.136
 0.71 30.00   6.344   0.937
 0.71 30.00   7.281 108.851
 0.71 30.00   6.131   3.943   7.281   0.349
 0.71 30.00   6.136   3.933   7.281   0.338

 0.72  0.00   0.262   0.254  0.183   0.010   0.019  0.031   0.020   0.000  0.000  62548460
 0.72 13.37 110.136
 0.72 30.00   6.344   0.937
 0.72 30.00   7.281 108.851
 0.72 30.00   6.131   3.943   7.281   0.350
 0.72 30.00   6.136   3.933   7.281   0.338

 0.73  0.00   0.262   0.254  0.183   0.010   0.019  0.031   0.020   0.000  0.000  63417180
 0.73 13.37 110.136
 0.73 30.00   6.344   0.937
 0.73 30.00   7.281 108.851
 0.73 30.00   6.130   3.944   7.281   0.350
 0.73 30.00   6.136   3.934   7.281   0.338

 0.74  0.00   0.263   0.254  0.183   0.010   0.019  0.031   0.020   0.000  0.000  64285910
 0.74 13.37 110.136
 0.74 30.00   6.344   0.937
 0.74 30.00   7.281 108.851
 0.74 30.00   6.130   3.944   7.281   0.350
 0.74 30.00   6.136   3.934   7.281   0.339

 0.75  0.00   0.263   0.254  0.183   0.010   0.019  0.031   0.020   0.000  0.000  65154640
 0.75 13.37 110.136
 0.75 30.00   6.344   0.937
 0.75 30.00   7.281 108.851
 0.75 30.00   6.130   3.944   7.281   0.351
 0.75 30.00   6.136   3.934   7.281   0.339

 0.76  0.00   0.263   0.254  0.183   0.010   0.019  0.031   0.020   0.000  0.000  66023370
 0.76 13.37 110.136
 0.76 30.00   6.344   0.937
 0.76 30.00   7.281 108.851
 0.76 30.00   6.130   3.944   7.281   0.351
 0.76 30.00   6.136   3.934   7.281   0.339

 0.77  0.00   0.263   0.254  0.183   0.010   0.019  0.031   0.020   0.000  0.000  66892100
 0.77 13.37 110.136
 0.77 30.00   6.344   0.937
 0.77 30.00   7.281 108.851
 0.77 30.00   6.130   3.945   7.281   0.351
 0.77 30.00   6.136   3.934   7.281   0.339

 0.78  0.00   0.264   0.254  0.183   0.010   0.019  0.032   0.020   0.000  0.000  67760820
 0.78 13.37 110.136
 0.78 30.00   6.344   0.937
 0.78 30.00   7.281 108.851
 0.78 30.00   6.130   3.945   7.281   0.352
 0.78 30.00   6.136   3.934   7.281   0.339

 0.79  0.00   0.264   0.254  0.183   0.010   0.019  0.032   0.020   0.000  0.000  68629550
 0.79 13.37 110.136
 0.79 30.00   6.344   0.937
 0.79 30.00   7.281 108.851
 0.79 30.00   6.130   3.945   7.281   0.352
 0.79 30.00   6.136   3.934   7.281   0.339

 0.80  0.00   0.264   0.255  0.183   0.010   0.019  0.032   0.021   0.000  0.000  69498280
 0.80 13.37 110.136
 0.80 30.00   6.344   0.937
 0.80 30.00   7.281 108.851
 0.80 30.00   6.129   3.945   7.281   0.352
 0.80 30.00   6.136   3.934   7.281   0.339

 0.81  0.00   0.264   0.255  0.183   0.010   0.019  0.032   0.021   0.000  0.000  70367010
 0.81 13.37 110.136
 0.81 30.00   6.344   1.145
 0.81 30.00   7.488 107.963
 0.81 30.00   6.309   4.049   7.488   0.352
 0.81 30.00   6.315   4.038   7.488   0.339

 0.82  0.00   0.265   0.255  0.183   0.010   0.019  0.032   0.021   0.000  0.000  71235740
 0.82 13.37 110.136
 0.82 30.00   6.344   1.352
 0.82 30.00   7.696 107.123
 0.82 30.00   6.489   4.153   7.696   0.353
 0.82 30.00   6.495   4.142   7.696   0.340

 0.83  0.00   0.265   0.255  0.183   0.010   0.019  0.032   0.021   0.000  0.000  72104460
 0.83 13.37 110.136
 0.83 30.00   6.344   1.560
 0.83 30.00   7.903 106.326
 0.83 30.00   6.668   4.257   7.903   0.353
 0.83 30.00   6.675   4.246   7.903   0.340

 0.84  0.00   0.265   0.255  0.183   0.010   0.019  0.033   0.021   0.000  0.000  72973190
 0.84 13.37 110.136
 0.84 30.00   6.344   1.767
 0.84 30.00   8.111 105.571
 0.84 30.00   6.848   4.361   8.111   0.353
 0.84 30.00   6.854   4.350   8.111   0.340

 0.85  0.00   0.265   0.255  0.183   0.010   0.019  0.033   0.021   0.000  0.000  73841930
 0.85 13.37 110.136
 0.85 30.00   6.344   1.975
 0.85 30.00   8.318 104.853
 0.85 30.00   7.027   4.465   8.318   0.354
 0.85 30.00   7.034   4.454   8.318   0.340

 0.86  0.00   0.265   0.255  0.183   0.010   0.019  0.033   0.021   0.000  0.000  74710660
 0.86 13.37 110.136
 0.86 30.00   6.344   2.182
 0.86 30.00   8.526 104.170
 0.86 30.00   7.207   4.570   8.526   0.354
 0.86 30.00   7.214   4.558   8.526   0.340

 0.87  0.00   0.266   0.255  0.182   0.010   0.019  0.033   0.021   0.000  0.000  75579380
 0.87 13.37 110.136
 0.87 30.00   6.344   2.390
 0.87 30.00   8.733 103.520
 0.87 30.00   7.386   4.674   8.733   0.354
 0.87 30.00   7.393   4.661   8.733   0.340

 0.88  0.00   0.266   0.255  0.182   0.010   0.019  0.033   0.021   0.000  0.000  76448110
 0.88 13.37 110.136
 0.88 30.00   6.344   2.597
 0.88 30.00   8.941 102.900
 0.88 30.00   7.566   4.778   8.941   0.355
 0.88 30.00   7.573   4.765   8.941   0.340

 0.89  0.00   0.266   0.255  0.182   0.010   0.019  0.033   0.021   0.000  0.000  77316840
 0.89 13.37 110.136
 0.89 30.00   6.344   2.805
 0.89 30.00   9.148 102.308
 0.89 30.00   7.745   4.882   9.148   0.355
 0.89 30.00   7.753   4.869   9.148   0.341

 0.90  0.00   0.266   0.255  0.182   0.010   0.019  0.034   0.022   0.000  0.000  78185570
 0.90 13.37 110.136
 0.90 30.00   6.344   3.012
 0.90 30.00   9.356 101.742
 0.90 30.00   7.925   4.986   9.356   0.355
 0.90 30.00   7.932   4.973   9.356   0.341

 0.91  0.00   0.268   0.257   79054300
 0.91   13.45   110.568
 0.91 30.00   6.383   3.159
 0.91 30.00   9.542   101.739
 0.91 30.00   8.085   5.081   9.542   0.358
 0.91 30.00   8.092   5.068   9.542   0.343

 0.92  0.00   0.274   0.262   79923020
 0.92   13.52   111.000
 0.92 30.00   6.423   3.305
 0.92 30.00   9.728   101.737
 0.92 30.00   8.242   5.180   9.728   0.365
 0.92 30.00   8.250   5.167   9.728   0.350

 0.93  0.00   0.293   0.281   80791750
 0.93   13.60   111.433
 0.93 30.00   6.463   3.451
 0.93 30.00   9.914   101.734
 0.93 30.00   8.391   5.295   9.914   0.390
 0.93 30.00   8.399   5.282   9.914   0.375

 0.94  0.00   0.323   0.310   81660480
 0.94   13.67   111.865
 0.94 30.00   6.503   3.598
 0.94 30.00  10.100   101.732
 0.94 30.00   8.532   5.423  10.100   0.430
 0.94 30.00   8.540   5.409  10.100   0.414

 0.95  0.00   0.353   0.340   82529210
 0.95   13.75   112.298
 0.95 30.00   6.543   3.744
 0.95 30.00  10.286   101.729
 0.95 30.00   8.673   5.551  10.286   0.470
 0.95 30.00   8.682   5.536  10.286   0.453

 0.96  0.00   0.383   0.369   83397940
 0.96   13.83   112.730
 0.96 30.00   6.582   3.890
 0.96 30.00  10.473   101.727
 0.96 30.00   8.814   5.678  10.473   0.510
 0.96 30.00   8.823   5.663  10.473   0.492

 0.97  0.00   0.413   0.399   84266670
 0.97   13.90   113.162
 0.97 30.00   6.622   4.036
 0.97 30.00  10.659   101.724
 0.97 30.00   8.955   5.806  10.659   0.550
 0.97 30.00   8.965   5.790  10.659   0.531

 0.98  0.00   0.443   0.428   85135400
 0.98   13.98   113.595
 0.98 30.00   6.662   4.183
 0.98 30.00  10.845   101.721
 0.98 30.00   9.097   5.934  10.845   0.590
 0.98 30.00   9.106   5.917  10.845   0.571

 0.99  0.00   0.473   0.457   86004130
 0.99   14.05   114.027
 0.99 30.00   6.702   4.329
 0.99 30.00  11.031   101.719
 0.99 30.00   9.238   6.061  11.031   0.630
 0.99 30.00   9.248   6.044  11.031   0.610

 1.00  0.00   0.503   0.487   86872850
 1.00   14.13   114.460
 1.00 30.00   6.741   4.475
 1.00 30.00  11.217   101.716
 1.00 30.00   9.379   6.189  11.217   0.670
 1.00 30.00   9.390   6.171  11.217   0.649

 1.01  0.00   0.533   0.516   87741580
 1.01   14.21   114.892
 1.01 30.00   6.781   4.622
 1.01 30.00  11.403   101.714
 1.01 30.00   9.520   6.317  11.403   0.710
 1.01 30.00   9.531   6.298  11.403   0.688

 1.02  0.00   0.563   0.546   88610300
 1.02   14.28   115.324
 1.02 30.00   6.821   4.768
 1.02 30.00  11.589   101.711
 1.02 30.00   9.661   6.444  11.589   0.750
 1.02 30.00   9.673   6.425  11.589   0.727

 1.03  0.00   0.593   0.575   89479030
 1.03   14.36   115.757
 1.03 30.00   6.861   4.914
 1.03 30.00  11.775   101.709
 1.03 30.00   9.802   6.572  11.775   0.790
 1.03 30.00   9.814   6.551  11.775   0.767

 1.04  0.00   0.623   0.604   90347760
 1.04   14.43   116.189
 1.04 30.00   6.901   5.061
 1.04 30.00  11.961   101.706
 1.04 30.00   9.944   6.700  11.961   0.830
 1.04 30.00   9.956   6.678  11.961   0.806

 1.05  0.00   0.653   0.634   0.179   0.133   0.060   0.021   0.204   0.014   0.000   0.042   0.000  91216490
 1.05   14.51   116.622
 1.05 30.00   6.940   5.207
 1.05 30.00  12.147   101.704
 1.05 30.00  10.085   6.827  12.147   0.870
 1.05 30.00  10.097   6.805  12.147   0.845

 1.06  0.00   0.665   0.646   0.178   0.132   0.060   0.021   0.218   0.014   0.000   0.042   0.000  92085220
 1.06   14.38   116.315
 1.06 30.00   6.870   5.232
 1.06 30.00  12.102   101.375
 1.06 30.00  10.038   6.819  12.102   0.886
 1.06 30.00  10.051   6.797  12.102   0.861

 1.07  0.00   0.677   0.658   0.177   0.131   0.060   0.021   0.232   0.014   0.000   0.041   0.000  92953960
 1.07   14.25   116.026
 1.07 30.00   6.805   5.258
 1.07 30.00  12.063   101.064
 1.07 30.00   9.995   6.813  12.063   0.903
 1.07 30.00  10.008   6.791  12.063   0.878

 1.08  0.00   0.690   0.671   0.177   0.131   0.060   0.021   0.247   0.014   0.000   0.041   0.000  93822680
 1.08   14.14   115.752
 1.08 30.00   6.744   5.283
 1.08 30.00  12.028   100.767
 1.08 30.00   9.956   6.811  12.028   0.920
 1.08 30.00   9.969   6.789  12.028   0.895

 1.09  0.00   0.704   0.685   0.176   0.130   0.060   0.021   0.263   0.014   0.000   0.040   0.000  94691410
 1.09   14.03   115.488
 1.09 30.00   6.687   5.310
 1.09 30.00  11.997   100.481
 1.09 30.00   9.920   6.811  11.997   0.938
 1.09 30.00   9.933   6.789  11.997   0.914

 1.10  0.00   0.718   0.700   0.175   0.129   0.060   0.021   0.279   0.014   0.000   0.040   0.000  95560140
 1.10   13.92   115.233
 1.10 30.00   6.632   5.337
 1.10 30.00  11.968   100.203
 1.10 30.00   9.886   6.814  11.968   0.958
 1.10 30.00   9.899   6.792  11.968   0.933

 1.11  0.00   0.733   0.715   0.175   0.129   0.060   0.021   0.296   0.014   0.000   0.040   0.000  96428860
 1.11   13.82   114.985
 1.11 30.00   6.579   5.364
 1.11 30.00  11.943    99.934
 1.11 30.00   9.854   6.818  11.943   0.978
 1.11 30.00   9.866   6.797  11.943   0.953

 1.12  0.00   0.749   0.730   0.174   0.128   0.060   0.021   0.313   0.013   0.000   0.039   0.000  97297590
 1.12   13.72   114.744
 1.12 30.00   6.528   5.392
 1.12 30.00  11.920    99.671
 1.12 30.00   9.824   6.825  11.920   0.999
 1.12 30.00   9.836   6.803  11.920   0.974

 1.13  0.00   0.765   0.747   0.173   0.128   0.060   0.021   0.331   0.013   0.000   0.039   0.000  98166320
 1.13   13.63   114.508
 1.13 30.00   6.479   5.420
 1.13 30.00  11.899    99.413
 1.13 30.00   9.795   6.833  11.899   1.020
 1.13 30.00   9.807   6.812  11.899   0.996

 1.14  0.00   0.782   0.764   0.173   0.127   0.060   0.021   0.349   0.013   0.000   0.039   0.000  99035050
 1.14   13.54   114.277
 1.14 30.00   6.432   5.448
 1.14 30.00  11.880    99.160
 1.14 30.00   9.767   6.843  11.880   1.043
 1.14 30.00   9.779   6.822  11.880   1.018

 1.15  0.00   0.800   0.781   0.172   0.126   0.060   0.021   0.369   0.013   0.000   0.038   0.000  99903780
 1.15   13.45   114.054
 1.15 30.00   6.387   5.477
 1.15 30.00  11.864    98.916
 1.15 30.00   9.741   6.855  11.864   1.066
 1.15 30.00   9.753   6.834  11.864   1.042

 1.16  0.00   0.817   0.799   0.171   0.126   0.060   0.021   0.388   0.013   0.000   0.038   0.000 100772500
 1.16   13.37   113.845
 1.16 30.00   6.345   5.506
 1.16 30.00  11.852    98.685
 1.16 30.00   9.719   6.870  11.852   1.090
 1.16 30.00   9.731   6.849  11.852   1.066

 1.17  0.00   0.836   0.818   0.171   0.125   0.059   0.021   0.409   0.013   0.000   0.038   0.000 101641200
 1.17   13.30   113.641
 1.17 30.00   6.305   5.536
 1.17 30.00  11.842    98.459
 1.17 30.00   9.698   6.886  11.842   1.115
 1.17 30.00   9.710   6.865  11.842   1.090

 1.18  0.00   0.855   0.837   0.170   0.125   0.059   0.021   0.430   0.013   0.000   0.037   0.000 102510000
 1.18   13.22   113.440
 1.18 30.00   6.267   5.567
 1.18 30.00  11.833    98.236
 1.18 30.00   9.678   6.904  11.833   1.140
 1.18 30.00   9.690   6.883  11.833   1.116

                              -------->  FIN LEADING EDGE SUPERSONIC  <--------

 1.19  0.00   0.871   0.853   0.169   0.124   0.059   0.021   0.448   0.013   0.000   0.037   0.000 103378700
 1.19   13.15   113.246
 1.19 30.00   6.230   5.597
 1.19 30.00  11.827    98.020
 1.19 30.00   9.661   6.920  11.827   1.162
 1.19 30.00   9.673   6.899  11.827   1.138

 1.20  0.00   0.864   0.846   0.169   0.124   0.059   0.021   0.442   0.013   0.000   0.037   0.000 104247400
 1.20   13.09   113.063
 1.20 30.00   6.196   5.628
 1.20 30.00  11.824    97.815
 1.20 30.00   9.664   6.909  11.824   1.151
 1.20 30.00   9.676   6.889  11.824   1.128

 1.21  0.00   0.856   0.838   0.168   0.123   0.058   0.020   0.437   0.013   0.000   0.036   0.000 105116200
 1.21   13.02   112.865
 1.21 30.00   6.159   5.623
 1.21 30.00  11.782    97.661
 1.21 30.00   9.633   6.880  11.782   1.142
 1.21 30.00   9.645   6.859  11.782   1.118

 1.22  0.00   0.850   0.832   0.168   0.123   0.058   0.020   0.432   0.013   0.000   0.036   0.000 105984900
 1.22   12.94   112.653
 1.22 30.00   6.119   5.623
 1.22 30.00  11.743    97.487
 1.22 30.00   9.603   6.852  11.743   1.133
 1.22 30.00   9.615   6.832  11.743   1.109

 1.23  0.00   0.843   0.825   0.167   0.122   0.058   0.020   0.427   0.013   0.000   0.036   0.000 106853600
 1.23   12.86   112.432
 1.23 30.00   6.078   5.623
 1.23 30.00  11.701    97.306
 1.23 30.00   9.571   6.824  11.701   1.124
 1.23 30.00   9.583   6.804  11.701   1.101

 1.24  0.00   0.837   0.820   0.166   0.122   0.058   0.020   0.423   0.013   0.000   0.036   0.000 107722300
 1.24   12.78   112.202
 1.24 30.00   6.035   5.623
 1.24 30.00  11.658    97.118
 1.24 30.00   9.538   6.796  11.658   1.117
 1.24 30.00   9.550   6.775  11.658   1.093

 1.25  0.00   0.832   0.814   0.166   0.121   0.057   0.020   0.419   0.013   0.000   0.035   0.000 108591100
 1.25   12.70   111.965
 1.25 30.00   5.991   5.623
 1.25 30.00  11.615    96.927
 1.25 30.00   9.504   6.768  11.615   1.109
 1.25 30.00   9.516   6.747  11.615   1.085

 1.26  0.00   0.827   0.809   0.165   0.121   0.057   0.020   0.416   0.013   0.000   0.035   0.000 109459800
 1.26   12.61   111.723
 1.26 30.00   5.947   5.623
 1.26 30.00  11.571    96.731
 1.26 30.00   9.469   6.740  11.571   1.102
 1.26 30.00   9.481   6.719  11.571   1.078

 1.27  0.00   0.822   0.804   0.164   0.120   0.057   0.020   0.412   0.013   0.000   0.035   0.000 110328500
 1.27   12.53   111.478
 1.27 30.00   5.903   5.623
 1.27 30.00  11.526    96.534
 1.27 30.00   9.434   6.712  11.526   1.096
 1.27 30.00   9.446   6.691  11.526   1.072

 1.28  0.00   0.817   0.799   0.164   0.120   0.056   0.020   0.409   0.013   0.000   0.034   0.000 111197200
 1.28   12.44   111.229
 1.28 30.00   5.859   5.623
 1.28 30.00  11.482    96.335
 1.28 30.00   9.399   6.685  11.482   1.089
 1.28 30.00   9.411   6.664  11.482   1.066

 1.29  0.00   0.813   0.795   0.163   0.119   0.056   0.020   0.407   0.013   0.000   0.034   0.000 112066000
 1.29   12.36   110.977
 1.29 30.00   5.815   5.623
 1.29 30.00  11.438    96.135
 1.29 30.00   9.364   6.657  11.438   1.084
 1.29 30.00   9.376   6.637  11.438   1.060

 1.30  0.00   0.808   0.791   0.163   0.119   0.056   0.020   0.404   0.013   0.000   0.034   0.000 112934700
 1.30   12.28   110.724
 1.30 30.00   5.771   5.623
 1.30 30.00  11.394    95.935
 1.30 30.00   9.329   6.631  11.394   1.078
 1.30 30.00   9.340   6.610  11.394   1.054

 1.31  0.00   0.804   0.787   0.162   0.119   0.056   0.020   0.402   0.013   0.000   0.034   0.000 113803400
 1.31   12.19   110.470
 1.31 30.00   5.727   5.623
 1.31 30.00  11.351    95.735
 1.31 30.00   9.294   6.604  11.351   1.073
 1.31 30.00   9.305   6.584  11.351   1.049

 1.32  0.00   0.801   0.783   0.161   0.118   0.056   0.020   0.400   0.013   0.000   0.033   0.000 114672200
 1.32   12.11   110.214
 1.32 30.00   5.684   5.623
 1.32 30.00  11.308    95.536
 1.32 30.00   9.259   6.578  11.308   1.068
 1.32 30.00   9.271   6.558  11.308   1.044

 1.33  0.00   0.797   0.779   0.161   0.118   0.055   0.020   0.398   0.013   0.000   0.033   0.000 115540900
 1.33   12.03   109.959
 1.33 30.00   5.642   5.623
 1.33 30.00  11.265    95.338
 1.33 30.00   9.224   6.553  11.265   1.063
 1.33 30.00   9.236   6.532  11.265   1.039

 1.34  0.00   0.794   0.776   0.160   0.117   0.055   0.020   0.396   0.013   0.000   0.033   0.000 116409600
 1.34   11.95   109.703
 1.34 30.00   5.600   5.623
 1.34 30.00  11.223    95.141
 1.34 30.00   9.190   6.528  11.223   1.058
 1.34 30.00   9.202   6.507  11.223   1.034

 1.35  0.00   0.790   0.772   0.160   0.117   0.055   0.020   0.394   0.013   0.000   0.033   0.000 117278400
 1.35   11.87   109.447
 1.35 30.00   5.558   5.623
 1.35 30.00  11.182    94.945
 1.35 30.00   9.157   6.503  11.182   1.054
 1.35 30.00   9.169   6.483  11.182   1.030

 1.36  0.00   0.787   0.769   0.159   0.117   0.055   0.020   0.392   0.013   0.000   0.032   0.000 118147100
 1.36   11.79   109.192
 1.36 30.00   5.518   5.623
 1.36 30.00  11.141    94.750
 1.36 30.00   9.124   6.479  11.141   1.049
 1.36 30.00   9.136   6.459  11.141   1.026

 1.37  0.00   0.784   0.766   0.158   0.116   0.054   0.020   0.391   0.013   0.000   0.032   0.000 119015800
 1.37   11.72   108.937
 1.37 30.00   5.478   5.623
 1.37 30.00  11.101    94.558
 1.37 30.00   9.091   6.456  11.101   1.045
 1.37 30.00   9.103   6.435  11.101   1.021

 1.38  0.00   0.781   0.763   0.158   0.116   0.054   0.020   0.389   0.013   0.000   0.032   0.000 119884500
 1.38   11.64   108.684
 1.38 30.00   5.438   5.623
 1.38 30.00  11.062    94.367
 1.38 30.00   9.059   6.433  11.062   1.041
 1.38 30.00   9.071   6.412  11.062   1.018

 1.39  0.00   0.778   0.760   0.157   0.115   0.054   0.019   0.388   0.013   0.000   0.032   0.000 120753300
 1.39   11.57   108.430
 1.39 30.00   5.400   5.623
 1.39 30.00  11.023    94.177
 1.39 30.00   9.028   6.410  11.023   1.038
 1.39 30.00   9.040   6.390  11.023   1.014

 1.40  0.00   0.775   0.758   0.157   0.115   0.054   0.019   0.387   0.012   0.000   0.032   0.000 121622000
 1.40   11.49   108.178
 1.40 30.00   5.362   5.623
 1.40 30.00  10.985    93.990
 1.40 30.00   8.997   6.388  10.985   1.034
 1.40 30.00   9.008   6.367  10.985   1.010

 1.41  0.00   0.773   0.755   0.156   0.115   0.053   0.019   0.386   0.012   0.000   0.031   0.000 122490700
 1.41   11.42   107.927
 1.41 30.00   5.325   5.623
 1.41 30.00  10.948    93.804
 1.41 30.00   8.966   6.366  10.948   1.030
 1.41 30.00   8.978   6.346  10.948   1.007

 1.42  0.00   0.770   0.752   0.155   0.114   0.053   0.019   0.385   0.012   0.000   0.031   0.000 123359400
 1.42   11.35   107.677
 1.42 30.00   5.288   5.623
 1.42 30.00  10.911    93.621
 1.42 30.00   8.936   6.345  10.911   1.027
 1.42 30.00   8.948   6.324  10.911   1.003

 1.43  0.00   0.768   0.750   0.155   0.114   0.053   0.019   0.384   0.012   0.000   0.031   0.000 124228200
 1.43   11.28   107.429
 1.43 30.00   5.252   5.623
 1.43 30.00  10.875    93.439
 1.43 30.00   8.907   6.324  10.875   1.024
 1.43 30.00   8.918   6.304  10.875   1.000

 1.44  0.00   0.765   0.747   0.154   0.114   0.053   0.019   0.383   0.012   0.000   0.031   0.000 125096900
 1.44   11.21   107.189
 1.44 30.00   5.217   5.623
 1.44 30.00  10.840    93.260
 1.44 30.00   8.878   6.304  10.840   1.020
 1.44 30.00   8.890   6.283  10.840   0.997

 1.45  0.00   0.763   0.745   0.154   0.113   0.052   0.019   0.382   0.012   0.000   0.030   0.000 125965600
 1.45   11.14   106.956
 1.45 30.00   5.182   5.623
 1.45 30.00  10.806    93.082
 1.45 30.00   8.849   6.284  10.806   1.017
 1.45 30.00   8.861   6.263  10.806   0.994

 1.46  0.00   0.761   0.743   0.153   0.113   0.052   0.019   0.381   0.012   0.000   0.030   0.000 126834400
 1.46   11.07   106.723
 1.46 30.00   5.148   5.623
 1.46 30.00  10.772    92.907
 1.46 30.00   8.821   6.264  10.772   1.014
 1.46 30.00   8.833   6.244  10.772   0.991

 1.47  0.00   0.759   0.741   0.152   0.113   0.052   0.019   0.380   0.012   0.000   0.030   0.000 127703100
 1.47   11.01   106.493
 1.47 30.00   5.115   5.623
 1.47 30.00  10.738    92.733
 1.47 30.00   8.794   6.245  10.738   1.011
 1.47 30.00   8.806   6.224  10.738   0.988

 1.48  0.00   0.756   0.739   0.152   0.112   0.052   0.019   0.380   0.012   0.000   0.030   0.000 128571800
 1.48   10.94   106.263
 1.48 30.00   5.082   5.623
 1.48 30.00  10.705    92.562
 1.48 30.00   8.767   6.226  10.705   1.009
 1.48 30.00   8.779   6.206  10.705   0.985

 1.49  0.00   0.754   0.736   0.151   0.112   0.051   0.019   0.379   0.012   0.000   0.030   0.000 129440600
 1.49   10.87   106.035
 1.49 30.00   5.050   5.623
 1.49 30.00  10.673    92.392
 1.49 30.00   8.741   6.208  10.673   1.006
 1.49 30.00   8.752   6.187  10.673   0.982

 1.50  0.00   0.752   0.734   0.151   0.112   0.051   0.019   0.378   0.012   0.000   0.029   0.000 130309300
 1.50   10.81   105.808
 1.50 30.00   5.018   5.623
 1.50 30.00  10.642    92.224
 1.50 30.00   8.715   6.190  10.642   1.003
 1.50 30.00   8.726   6.169  10.642   0.979

 1.51  0.00   0.750   0.732   0.150   0.111   0.051   0.019   0.378   0.012   0.000   0.029   0.000 131178000
 1.51   10.74   105.583
 1.51 30.00   4.988   5.623
 1.51 30.00  10.611    92.059
 1.51 30.00   8.689   6.172  10.611   1.000
 1.51 30.00   8.701   6.151  10.611   0.977

 1.52  0.00   0.748   0.731   0.150   0.111   0.051   0.019   0.377   0.012   0.000   0.029   0.000 132046700
 1.52   10.68   105.359
 1.52 30.00   4.957   5.623
 1.52 30.00  10.581    91.895
 1.52 30.00   8.664   6.154  10.581   0.998
 1.52 30.00   8.676   6.134  10.581   0.974

 1.53  0.00   0.747   0.729   0.149   0.111   0.051   0.019   0.377   0.012   0.000   0.029   0.000 132915500
 1.53   10.62   105.137
 1.53 30.00   4.927   5.623
 1.53 30.00  10.551    91.733
 1.53 30.00   8.640   6.137  10.551   0.995
 1.53 30.00   8.651   6.117  10.551   0.972

 1.54  0.00   0.745   0.727   0.148   0.110   0.050   0.019   0.376   0.012   0.000   0.029   0.000 133784200
 1.54   10.56   104.916
 1.54 30.00   4.898   5.623
 1.54 30.00  10.521    91.574
 1.54 30.00   8.615   6.121  10.521   0.993
 1.54 30.00   8.627   6.100  10.521   0.969

 1.55  0.00   0.743   0.725   0.148   0.110   0.050   0.019   0.376   0.012   0.000   0.028   0.000 134652900
 1.55   10.50   104.697
 1.55 30.00   4.869   5.623
 1.55 30.00  10.493    91.416
 1.55 30.00   8.592   6.104  10.493   0.991
 1.55 30.00   8.604   6.084  10.493   0.967

 1.56  0.00   0.741   0.723   0.147   0.110   0.050   0.019   0.375   0.012   0.000   0.028   0.000 135521600
 1.56   10.44   104.479
 1.56 30.00   4.841   5.623
 1.56 30.00  10.464    91.260
 1.56 30.00   8.568   6.088  10.464   0.988
 1.56 30.00   8.580   6.067  10.464   0.964

 1.57  0.00   0.739   0.722   0.147   0.110   0.050   0.018   0.375   0.012   0.000   0.028   0.000 136390400
 1.57   10.38   104.263
 1.57 30.00   4.813   5.623
 1.57 30.00  10.437    91.105
 1.57 30.00   8.546   6.072  10.437   0.986
 1.57 30.00   8.557   6.052  10.437   0.962

 1.58  0.00   0.738   0.720   0.146   0.109   0.049   0.018   0.375   0.012   0.000   0.028   0.000 137259100
 1.58   10.33   104.047
 1.58 30.00   4.786   5.623
 1.58 30.00  10.410    90.953
 1.58 30.00   8.523   6.057  10.410   0.984
 1.58 30.00   8.535   6.036  10.410   0.960

 1.59  0.00   0.736   0.718   0.146   0.109   0.049   0.018   0.374   0.012   0.000   0.028   0.000 138127800
 1.59   10.27   103.834
 1.59 30.00   4.759   5.623
 1.59 30.00  10.383    90.802
 1.59 30.00   8.501   6.041  10.383   0.981
 1.59 30.00   8.513   6.021  10.383   0.958

 1.60  0.00   0.734   0.717   0.145   0.109   0.049   0.018   0.374   0.012   0.000   0.028   0.000 138996600
 1.60   10.22   103.622
 1.60 30.00   4.733   5.623
 1.60 30.00  10.356    90.653
 1.60 30.00   8.479   6.026  10.356   0.979
 1.60 30.00   8.491   6.006  10.356   0.955

 1.61  0.00   0.733   0.715   0.144   0.109   0.049   0.018   0.374   0.012   0.000   0.027   0.000 139865300
 1.61   10.16   103.411
 1.61 30.00   4.707   5.589
 1.61 30.00  10.297    90.551
 1.61 30.00   8.429   5.995  10.297   0.977
 1.61 30.00   8.441   5.974  10.297   0.953

 1.62  0.00   0.731   0.713   0.144   0.108   0.049   0.018   0.373   0.012   0.000   0.027   0.000 140734000
 1.62   10.11   103.202
 1.62 30.00   4.682   5.573
 1.62 30.00  10.255    90.427
 1.62 30.00   8.394   5.972  10.255   0.975
 1.62 30.00   8.406   5.951  10.255   0.951

 1.63  0.00   0.730   0.712   0.143   0.108   0.048   0.018   0.373   0.012   0.000   0.027   0.000 141602800
 1.63   10.06   102.994
 1.63 30.00   4.657   5.557
 1.63 30.00  10.214    90.304
 1.63 30.00   8.359   5.950  10.214   0.973
 1.63 30.00   8.371   5.929  10.214   0.949

 1.64  0.00   0.728   0.710   0.143   0.108   0.048   0.018   0.373   0.012   0.000   0.027   0.000 142471500
 1.64   10.01   102.788
 1.64 30.00   4.632   5.541
 1.64 30.00  10.174    90.182
 1.64 30.00   8.325   5.928  10.174   0.971
 1.64 30.00   8.337   5.907  10.174   0.947

 1.65  0.00   0.727   0.709   0.142   0.107   0.048   0.018   0.373   0.012   0.000   0.027   0.000 143340200
 1.65    9.96   102.583
 1.65 30.00   4.608   5.525
 1.65 30.00  10.134    90.061
 1.65 30.00   8.292   5.906  10.134   0.969
 1.65 30.00   8.304   5.885  10.134   0.945

 1.66  0.00   0.725   0.707   0.142   0.107   0.048   0.018   0.372   0.012   0.000   0.027   0.000 144208900
 1.66    9.91   102.379
 1.66 30.00   4.585   5.510
 1.66 30.00  10.095    89.941
 1.66 30.00   8.259   5.885  10.095   0.967
 1.66 30.00   8.271   5.864  10.095   0.943

 1.67  0.00   0.724   0.706   0.141   0.107   0.048   0.018   0.372   0.012   0.000   0.026   0.000 145077700
 1.67    9.86   102.177
 1.67 30.00   4.561   5.495
 1.67 30.00  10.056    89.822
 1.67 30.00   8.226   5.864  10.056   0.965
 1.67 30.00   8.238   5.843  10.056   0.941

 1.68  0.00   0.722   0.704   0.141   0.107   0.047   0.018   0.372   0.011   0.000   0.026   0.000 145946400
 1.68    9.81   101.976
 1.68 30.00   4.538   5.479
 1.68 30.00  10.018    89.704
 1.68 30.00   8.194   5.843  10.018   0.963
 1.68 30.00   8.206   5.822  10.018   0.939

 1.69  0.00   0.721   0.703   0.140   0.107   0.047   0.018   0.372   0.011   0.000   0.026   0.000 146815100
 1.69    9.76   101.776
 1.69 30.00   4.516   5.464
 1.69 30.00   9.980    89.588
 1.69 30.00   8.163   5.822   9.980   0.961
 1.69 30.00   8.175   5.802   9.980   0.937

 1.70  0.00   0.719   0.702   0.140   0.106   0.047   0.018   0.372   0.011   0.000   0.026   0.000 147683900
 1.70    9.71   101.578
 1.70 30.00   4.494   5.450
 1.70 30.00   9.943    89.472
 1.70 30.00   8.132   5.802   9.943   0.959
 1.70 30.00   8.143   5.782   9.943   0.935

 1.71  0.00   0.718   0.700   0.139   0.106   0.047   0.018   0.371   0.011   0.000   0.026   0.000 148552600
 1.71    9.67   101.381
 1.71 30.00   4.472   5.435
 1.71 30.00   9.907    89.357
 1.71 30.00   8.101   5.783   9.907   0.957
 1.71 30.00   8.113   5.762   9.907   0.934

 1.72  0.00   0.717   0.699   0.138   0.106   0.047   0.018   0.371   0.011   0.000   0.026   0.000 149421300
 1.72    9.62   101.185
 1.72 30.00   4.450   5.421
 1.72 30.00   9.871    89.244
 1.72 30.00   8.071   5.763   9.871   0.956
 1.72 30.00   8.083   5.742   9.871   0.932

 1.73  0.00   0.715   0.697   0.138   0.106   0.046   0.018   0.371   0.011   0.000   0.026   0.000 150290000
 1.73    9.58   100.991
 1.73 30.00   4.429   5.406
 1.73 30.00   9.836    89.131
 1.73 30.00   8.041   5.744   9.836   0.954
 1.73 30.00   8.053   5.723   9.836   0.930

 1.74  0.00   0.714   0.696   0.137   0.105   0.046   0.018   0.371   0.011   0.000   0.025   0.000 151158800
 1.74    9.53   100.798
 1.74 30.00   4.408   5.392
 1.74 30.00   9.801    89.019
 1.74 30.00   8.012   5.725   9.801   0.952
 1.74 30.00   8.024   5.704   9.801   0.928

 1.75  0.00   0.713   0.695   0.137   0.105   0.046   0.017   0.371   0.011   0.000   0.025   0.000 152027500
 1.75    9.49   100.606
 1.75 30.00   4.388   5.378
 1.75 30.00   9.766    88.908
 1.75 30.00   7.983   5.706   9.766   0.950
 1.75 30.00   7.995   5.685   9.766   0.926

 1.76  0.00   0.711   0.693   0.136   0.105   0.046   0.017   0.371   0.011   0.000   0.025   0.000 152896200
 1.76    9.45   100.416
 1.76 30.00   4.368   5.365
 1.76 30.00   9.732    88.799
 1.76 30.00   7.954   5.688   9.732   0.948
 1.76 30.00   7.966   5.667   9.732   0.925

 1.77  0.00   0.710   0.692   0.136   0.105   0.045   0.017   0.371   0.011   0.000   0.025   0.000 153764900
 1.77    9.40   100.227
 1.77 30.00   4.348   5.351
 1.77 30.00   9.699    88.690
 1.77 30.00   7.926   5.669   9.699   0.947
 1.77 30.00   7.938   5.649   9.699   0.923

 1.78  0.00   0.709   0.691   0.135   0.104   0.045   0.017   0.371   0.011   0.000   0.025   0.000 154633700
 1.78    9.36   100.039
 1.78 30.00   4.328   5.338
 1.78 30.00   9.666    88.581
 1.78 30.00   7.899   5.651   9.666   0.945
 1.78 30.00   7.910   5.631   9.666   0.921

 1.79  0.00   0.708   0.690   0.135   0.104   0.045   0.017   0.370   0.011   0.000   0.025   0.000 155502400
 1.79    9.32    99.852
 1.79 30.00   4.309   5.325
 1.79 30.00   9.634    88.474
 1.79 30.00   7.871   5.634   9.634   0.943
 1.79 30.00   7.883   5.613   9.634   0.920

 1.80  0.00   0.706   0.688   0.134   0.104   0.045   0.017   0.370   0.011   0.000   0.025   0.000 156371100
 1.80    9.28    99.666
 1.80 30.00   4.290   5.312
 1.80 30.00   9.602    88.368
 1.80 30.00   7.844   5.616   9.602   0.942
 1.80 30.00   7.856   5.596   9.602   0.918

 1.81  0.00   0.705   0.687   0.134   0.104   0.045   0.017   0.370   0.011   0.000   0.024   0.000 157239900
 1.81    9.24    99.482
 1.81 30.00   4.271   5.299
 1.81 30.00   9.570    88.262
 1.81 30.00   7.818   5.599   9.570   0.940
 1.81 30.00   7.830   5.578   9.570   0.916

 1.82  0.00   0.704   0.686   0.133   0.104   0.044   0.017   0.370   0.011   0.000   0.024   0.000 158108600
 1.82    9.20    99.299
 1.82 30.00   4.253   5.286
 1.82 30.00   9.539    88.158
 1.82 30.00   7.792   5.582   9.539   0.938
 1.82 30.00   7.804   5.561   9.539   0.915

 1.83  0.00   0.703   0.685   0.133   0.103   0.044   0.017   0.370   0.011   0.000   0.024   0.000 158977300
 1.83    9.16    99.117
 1.83 30.00   4.235   5.274
 1.83 30.00   9.508    88.054
 1.83 30.00   7.766   5.565   9.508   0.937
 1.83 30.00   7.778   5.545   9.508   0.913

 1.84  0.00   0.701   0.683   0.132   0.103   0.044   0.017   0.370   0.011   0.000   0.024   0.000 159846000
 1.84    9.12    98.936
 1.84 30.00   4.217   5.261
 1.84 30.00   9.478    87.951
 1.84 30.00   7.741   5.549   9.478   0.935
 1.84 30.00   7.752   5.528   9.478   0.911

 1.85  0.00   0.700   0.682   0.131   0.103   0.044   0.017   0.370   0.011   0.000   0.024   0.000 160714800
 1.85    9.08    98.757
 1.85 30.00   4.199   5.249
 1.85 30.00   9.448    87.849
 1.85 30.00   7.715   5.532   9.448   0.934
 1.85 30.00   7.727   5.512   9.448   0.910

 1.86  0.00   0.699   0.681   0.131   0.103   0.044   0.017   0.370   0.011   0.000   0.024   0.000 161583500
 1.86    9.04    98.578
 1.86 30.00   4.182   5.237
 1.86 30.00   9.419    87.747
 1.86 30.00   7.691   5.516   9.419   0.932
 1.86 30.00   7.703   5.496   9.419   0.908

 1.87  0.00   0.698   0.680   0.130   0.103   0.044   0.017   0.370   0.011   0.000   0.024   0.000 162452200
 1.87    9.01    98.397
 1.87 30.00   4.165   5.225
 1.87 30.00   9.390    87.645
 1.87 30.00   7.667   5.501   9.390   0.930
 1.87 30.00   7.679   5.480   9.390   0.907

 1.88  0.00   0.697   0.679   0.130   0.102   0.043   0.017   0.370   0.011   0.000   0.023   0.000 163321000
 1.88    8.97    98.204
 1.88 30.00   4.150   5.213
 1.88 30.00   9.364    87.540
 1.88 30.00   7.645   5.486   9.364   0.929
 1.88 30.00   7.657   5.466   9.364   0.905

 1.89  0.00   0.695   0.678   0.129   0.102   0.043   0.017   0.370   0.011   0.000   0.023   0.000 164189700
 1.89    8.94    98.013
 1.89 30.00   4.136   5.202
 1.89 30.00   9.338    87.435
 1.89 30.00   7.623   5.472   9.338   0.927
 1.89 30.00   7.635   5.451   9.338   0.903

 1.90  0.00   0.694   0.676   0.129   0.102   0.043   0.017   0.370   0.011   0.000   0.023   0.000 165058400
 1.90    8.91    97.823
 1.90 30.00   4.122   5.190
 1.90 30.00   9.312    87.331
 1.90 30.00   7.602   5.458   9.312   0.926
 1.90 30.00   7.614   5.437   9.312   0.902

 1.91  0.00   0.693   0.675   0.128   0.102   0.043   0.017   0.370   0.011   0.000   0.023   0.000 165927200
 1.91    8.88    97.635
 1.91 30.00   4.108   5.179
 1.91 30.00   9.287    87.228
 1.91 30.00   7.581   5.444   9.287   0.924
 1.91 30.00   7.592   5.423   9.287   0.900

 1.92  0.00   0.692   0.674   0.128   0.102   0.043   0.017   0.370   0.011   0.000   0.023   0.000 166795900
 1.92    8.85    97.447
 1.92 30.00   4.094   5.168
 1.92 30.00   9.262    87.126
 1.92 30.00   7.560   5.430   9.262   0.923
 1.92 30.00   7.572   5.409   9.262   0.899

 1.93  0.00   0.691   0.673   0.127   0.102   0.042   0.016   0.370   0.011   0.000   0.023   0.000 167664600
 1.93    8.82    97.261
 1.93 30.00   4.080   5.157
 1.93 30.00   9.237    87.025
 1.93 30.00   7.539   5.416   9.237   0.921
 1.93 30.00   7.551   5.396   9.237   0.897

 1.94  0.00   0.690   0.672   0.127   0.101   0.042   0.016   0.369   0.011   0.000   0.023   0.000 168533300
 1.94    8.79    97.077
 1.94 30.00   4.067   5.146
 1.94 30.00   9.213    86.925
 1.94 30.00   7.519   5.403   9.213   0.920
 1.94 30.00   7.531   5.382   9.213   0.896

 1.95  0.00   0.689   0.671   0.126   0.101   0.042   0.016   0.369   0.011   0.000   0.023   0.000 169402100
 1.95    8.76    96.893
 1.95 30.00   4.054   5.136
 1.95 30.00   9.189    86.825
 1.95 30.00   7.499   5.390   9.189   0.918
 1.95 30.00   7.511   5.369   9.189   0.894

 1.96  0.00   0.687   0.670   0.126   0.101   0.042   0.016   0.369   0.011   0.000   0.023   0.000 170270800
 1.96    8.73    96.711
 1.96 30.00   4.041   5.125
 1.96 30.00   9.166    86.726
 1.96 30.00   7.480   5.377   9.166   0.917
 1.96 30.00   7.491   5.356   9.166   0.893

 1.97  0.00   0.686   0.668   0.125   0.101   0.042   0.016   0.369   0.010   0.000   0.022   0.000 171139500
 1.97    8.70    96.530
 1.97 30.00   4.028   5.115
 1.97 30.00   9.143    86.628
 1.97 30.00   7.460   5.364   9.143   0.915
 1.97 30.00   7.472   5.343   9.143   0.891

 1.98  0.00   0.685   0.667   0.125   0.101   0.041   0.016   0.369   0.010   0.000   0.022   0.000 172008300
 1.98    8.67    96.351
 1.98 30.00   4.015   5.105
 1.98 30.00   9.120    86.530
 1.98 30.00   7.441   5.351   9.120   0.914
 1.98 30.00   7.453   5.330   9.120   0.890

 1.99  0.00   0.684   0.666   0.124   0.101   0.041   0.016   0.369   0.010   0.000   0.022   0.000 172877000
 1.99    8.64    96.172
 1.99 30.00   4.003   5.095
 1.99 30.00   9.097    86.434
 1.99 30.00   7.422   5.339   9.097   0.912
 1.99 30.00   7.434   5.318   9.097   0.888

 2.00  0.00   0.683   0.665   0.124   0.100   0.041   0.016   0.369   0.010   0.000   0.022   0.000 173745700
 2.00    8.61    95.995
 2.00 30.00   3.991   5.085
 2.00 30.00   9.075    86.338
 2.00 30.00   7.404   5.326   9.075   0.911
 2.00 30.00   7.416   5.305   9.075   0.887

 2.01  0.00   0.682   0.664   0.123   0.100   0.041   0.016   0.369   0.010   0.000   0.022   0.000 174614400
 2.01    8.59    95.819
 2.01 30.00   3.978   5.075
 2.01 30.00   9.053    86.243
 2.01 30.00   7.386   5.314   9.053   0.909
 2.01 30.00   7.398   5.293   9.053   0.885

 2.02  0.00   0.681   0.663   0.123   0.100   0.041   0.016   0.369   0.010   0.000   0.022   0.000 175483200
 2.02    8.56    95.644
 2.02 30.00   3.967   5.065
 2.02 30.00   9.032    86.149
 2.02 30.00   7.368   5.302   9.032   0.908
 2.02 30.00   7.380   5.281   9.032   0.884

 2.03  0.00   0.680   0.662   0.122   0.100   0.041   0.016   0.369   0.010   0.000   0.022   0.000 176351900
 2.03    8.53    95.470
 2.03 30.00   3.955   5.056
 2.03 30.00   9.010    86.055
 2.03 30.00   7.350   5.290   9.010   0.907
 2.03 30.00   7.362   5.270   9.010   0.883

 2.04  0.00   0.679   0.661   0.122   0.100   0.040   0.016   0.369   0.010   0.000   0.022   0.000 177220600
 2.04    8.51    95.298
 2.04 30.00   3.943   5.046
 2.04 30.00   8.990    85.962
 2.04 30.00   7.332   5.279   8.990   0.905
 2.04 30.00   7.345   5.258   8.990   0.881

 2.05  0.00   0.678   0.660   0.122   0.100   0.040   0.016   0.369   0.010   0.000   0.022   0.000 178089300
 2.05    8.48    95.127
 2.05 30.00   3.932   5.037
 2.05 30.00   8.969    85.870
 2.05 30.00   7.315   5.267   8.969   0.904
 2.05 30.00   7.327   5.246   8.969   0.880

 2.06  0.00   0.677   0.659   0.121   0.099   0.040   0.016   0.369   0.010   0.000   0.021   0.000 178958100
 2.06    8.45    94.957
 2.06 30.00   3.921   5.028
 2.06 30.00   8.949    85.778
 2.06 30.00   7.298   5.256   8.949   0.903
 2.06 30.00   7.310   5.235   8.949   0.878

 2.07  0.00   0.676   0.658   0.121   0.099   0.040   0.016   0.369   0.010   0.000   0.021   0.000 179826800
 2.07    8.43    94.787
 2.07 30.00   3.910   5.019
 2.07 30.00   8.928    85.688
 2.07 30.00   7.281   5.245   8.928   0.902
 2.07 30.00   7.294   5.224   8.928   0.877

 2.08  0.00   0.675   0.657   0.120   0.099   0.040   0.016   0.369   0.010   0.000   0.021   0.000 180695500
 2.08    8.40    94.620
 2.08 30.00   3.899   5.010
 2.08 30.00   8.909    85.597
 2.08 30.00   7.265   5.234   8.909   0.900
 2.08 30.00   7.277   5.213   8.909   0.876

 2.09  0.00   0.674   0.656   0.120   0.099   0.040   0.016   0.369   0.010   0.000   0.021   0.000 181564300
 2.09    8.38    94.453
 2.09 30.00   3.888   5.001
 2.09 30.00   8.889    85.508
 2.09 30.00   7.249   5.223   8.889   0.899
 2.09 30.00   7.261   5.202   8.889   0.874

 2.10  0.00   0.673   0.655   0.119   0.099   0.039   0.016   0.369   0.010   0.000   0.021   0.000 182433000
 2.10    8.35    94.287
 2.10 30.00   3.877   4.993
 2.10 30.00   8.870    85.419
 2.10 30.00   7.233   5.212   8.870   0.898
 2.10 30.00   7.245   5.191   8.870   0.873

 2.11  0.00   0.672   0.654   0.119   0.099   0.039   0.016   0.369   0.010   0.000   0.021   0.000 183301700
 2.11    8.33    94.123
 2.11 30.00   3.867   4.984
 2.11 30.00   8.851    85.331
 2.11 30.00   7.217   5.202   8.851   0.896
 2.11 30.00   7.229   5.180   8.851   0.872

 2.12  0.00   0.671   0.653   0.118   0.099   0.039   0.016   0.369   0.010   0.000   0.021   0.000 184170400
 2.12    8.30    93.959
 2.12 30.00   3.856   4.976
 2.12 30.00   8.832    85.244
 2.12 30.00   7.201   5.191   8.832   0.895
 2.12 30.00   7.214   5.170   8.832   0.870

 2.13  0.00   0.670   0.652   0.118   0.098   0.039   0.016   0.369   0.010   0.000   0.021   0.000 185039200
 2.13    8.28    93.797
 2.13 30.00   3.846   4.968
 2.13 30.00   8.814    85.157
 2.13 30.00   7.186   5.181   8.814   0.894
 2.13 30.00   7.198   5.160   8.814   0.869

 2.14  0.00   0.670   0.651   0.118   0.098   0.039   0.016   0.369   0.010   0.000   0.021   0.000 185907900
 2.14    8.25    93.636
 2.14 30.00   3.836   4.959
 2.14 30.00   8.795    85.071
 2.14 30.00   7.171   5.171   8.795   0.893
 2.14 30.00   7.183   5.149   8.795   0.868

 2.15  0.00   0.669   0.650   0.117   0.098   0.039   0.016   0.369   0.010   0.000   0.021   0.000 186776600
 2.15    8.23    93.476
 2.15 30.00   3.826   4.951
 2.15 30.00   8.777    84.986
 2.15 30.00   7.156   5.161   8.777   0.892
 2.15 30.00   7.168   5.139   8.777   0.867

 2.16  0.00   0.668   0.649   0.117   0.098   0.038   0.016   0.369   0.010   0.000   0.020   0.000 187645400
 2.16    8.21    93.317
 2.16 30.00   3.816   4.944
 2.16 30.00   8.760    84.901
 2.16 30.00   7.141   5.151   8.760   0.890
 2.16 30.00   7.154   5.129   8.760   0.865

 2.17  0.00   0.667   0.648   0.116   0.098   0.038   0.015   0.369   0.010   0.000   0.020   0.000 188514100
 2.17    8.18    93.159
 2.17 30.00   3.806   4.936
 2.17 30.00   8.742    84.817
 2.17 30.00   7.126   5.141   8.742   0.889
 2.17 30.00   7.139   5.119   8.742   0.864

 2.18  0.00   0.666   0.647   0.116   0.098   0.038   0.015   0.369   0.010   0.000   0.020   0.000 189382800
 2.18    8.16    93.002
 2.18 30.00   3.797   4.928
 2.18 30.00   8.725    84.733
 2.18 30.00   7.112   5.131   8.725   0.888
 2.18 30.00   7.125   5.110   8.725   0.863

 2.19  0.00   0.665   0.646   0.116   0.098   0.038   0.015   0.369   0.010   0.000   0.020   0.000 190251600
 2.19    8.14    92.846
 2.19 30.00   3.787   4.921
 2.19 30.00   8.708    84.650
 2.19 30.00   7.098   5.122   8.708   0.887
 2.19 30.00   7.111   5.100   8.708   0.862

 2.20  0.00   0.664   0.645   0.115   0.097   0.038   0.015   0.369   0.010   0.000   0.020   0.000 191120300
 2.20    8.12    92.691
 2.20 30.00   3.778   4.913
 2.20 30.00   8.691    84.568
 2.20 30.00   7.084   5.113   8.691   0.886
 2.20 30.00   7.097   5.091   8.691   0.860

 2.21  0.00   0.663   0.644   0.115   0.097   0.038   0.015   0.368   0.010   0.000   0.020   0.000 191989000
 2.21    8.09    92.537
 2.21 30.00   3.769   4.906
 2.21 30.00   8.675    84.486
 2.21 30.00   7.070   5.103   8.675   0.884
 2.21 30.00   7.083   5.081   8.675   0.859

 2.22  0.00   0.662   0.643   0.114   0.097   0.037   0.015   0.368   0.010   0.000   0.020   0.000 192857700
 2.22    8.07    92.385
 2.22 30.00   3.760   4.899
 2.22 30.00   8.658    84.405
 2.22 30.00   7.057   5.094   8.658   0.883
 2.22 30.00   7.070   5.072   8.658   0.858

 2.23  0.00   0.661   0.642   0.114   0.097   0.037   0.015   0.368   0.010   0.000   0.020   0.000 193726500
 2.23    8.05    92.233
 2.23 30.00   3.751   4.892
 2.23 30.00   8.642    84.325
 2.23 30.00   7.044   5.085   8.642   0.882
 2.23 30.00   7.056   5.063   8.642   0.857

 2.24  0.00   0.661   0.641   0.114   0.097   0.037   0.015   0.368   0.010   0.000   0.020   0.000 194595200
 2.24    8.03    92.082
 2.24 30.00   3.742   4.885
 2.24 30.00   8.626    84.245
 2.24 30.00   7.030   5.076   8.626   0.881
 2.24 30.00   7.043   5.054   8.626   0.855

 2.25  0.00   0.660   0.641   0.113   0.097   0.037   0.015   0.368   0.010   0.000   0.020   0.000 195463900
 2.25    8.01    91.932
 2.25 30.00   3.733   4.878
 2.25 30.00   8.611    84.166
 2.25 30.00   7.017   5.067   8.611   0.880
 2.25 30.00   7.030   5.045   8.611   0.854

 2.26  0.00   0.659   0.640   0.113   0.097   0.037   0.015   0.368   0.010   0.000   0.020   0.000 196332600
 2.26    7.99    91.783
 2.26 30.00   3.724   4.871
 2.26 30.00   8.595    84.087
 2.26 30.00   7.005   5.058   8.595   0.878
 2.26 30.00   7.017   5.036   8.595   0.853

 2.27  0.00   0.658   0.639   0.112   0.097   0.037   0.015   0.368   0.010   0.000   0.019   0.000 197201400
 2.27    7.96    91.636
 2.27 30.00   3.716   4.864
 2.27 30.00   8.580    84.009
 2.27 30.00   6.992   5.050   8.580   0.877
 2.27 30.00   7.005   5.028   8.580   0.852

 2.28  0.00   0.657   0.638   0.112   0.096   0.036   0.015   0.368   0.010   0.000   0.019   0.000 198070100
 2.28    7.94    91.489
 2.28 30.00   3.707   4.858
 2.28 30.00   8.565    83.932
 2.28 30.00   6.979   5.041   8.565   0.876
 2.28 30.00   6.992   5.019   8.565   0.850

 2.29  0.00   0.656   0.637   0.112   0.096   0.036   0.015   0.368   0.010   0.000   0.019   0.000 198938800
 2.29    7.92    91.343
 2.29 30.00   3.699   4.851
 2.29 30.00   8.550    83.855
 2.29 30.00   6.967   5.033   8.550   0.875
 2.29 30.00   6.980   5.011   8.550   0.849

 2.30  0.00   0.655   0.636   0.111   0.096   0.036   0.015   0.368   0.010   0.000   0.019   0.000 199807600
 2.30    7.90    91.198
 2.30 30.00   3.691   4.845
 2.30 30.00   8.536    83.779
 2.30 30.00   6.955   5.025   8.536   0.874
 2.30 30.00   6.968   5.002   8.536   0.848

 2.31  0.00   0.655   0.635   0.111   0.096   0.036   0.015   0.368   0.010   0.000   0.019   0.000 200676300
 2.31    7.88    91.054
 2.31 30.00   3.683   4.838
 2.31 30.00   8.521    83.703
 2.31 30.00   6.943   5.016   8.521   0.873
 2.31 30.00   6.956   4.994   8.521   0.847

 2.32  0.00   0.654   0.634   0.110   0.096   0.036   0.015   0.368   0.010   0.000   0.019   0.000 201545000
 2.32    7.86    90.911
 2.32 30.00   3.675   4.832
 2.32 30.00   8.507    83.628
 2.32 30.00   6.931   5.008   8.507   0.872
 2.32 30.00   6.944   4.986   8.507   0.846

 2.33  0.00   0.653   0.633   0.110   0.096   0.036   0.015   0.368   0.010   0.000   0.019   0.000 202413700
 2.33    7.84    90.769
 2.33 30.00   3.667   4.826
 2.33 30.00   8.493    83.553
 2.33 30.00   6.920   5.000   8.493   0.871
 2.33 30.00   6.933   4.978   8.493   0.845

 2.34  0.00   0.652   0.633   0.110   0.096   0.035   0.015   0.368   0.010   0.000   0.019   0.000 203282500
 2.34    7.82    90.628
 2.34 30.00   3.659   4.820
 2.34 30.00   8.479    83.479
 2.34 30.00   6.908   4.992   8.479   0.869
 2.34 30.00   6.921   4.970   8.479   0.843

 2.35  0.00   0.651   0.632   0.109   0.096   0.035   0.015   0.368   0.010   0.000   0.019   0.000 204151200
 2.35    7.80    90.488
 2.35 30.00   3.651   4.814
 2.35 30.00   8.465    83.406
 2.35 30.00   6.897   4.985   8.465   0.868
 2.35 30.00   6.910   4.962   8.465   0.842

 2.36  0.00   0.650   0.631   0.109   0.095   0.035   0.015   0.368   0.009   0.000   0.019   0.000 205019900
 2.36    7.78    90.349
 2.36 30.00   3.643   4.808
 2.36 30.00   8.452    83.333
 2.36 30.00   6.886   4.977   8.452   0.867
 2.36 30.00   6.899   4.954   8.452   0.841

 2.37  0.00   0.650   0.630   0.109   0.095   0.035   0.015   0.368   0.009   0.000   0.019   0.000 205888700
 2.37    7.77    90.211
 2.37 30.00   3.636   4.803
 2.37 30.00   8.438    83.260
 2.37 30.00   6.875   4.969   8.438   0.866
 2.37 30.00   6.888   4.947   8.438   0.840

 2.38  0.00   0.649   0.629   0.108   0.095   0.035   0.015   0.368   0.009   0.000   0.019   0.000 206757400
 2.38    7.75    90.073
 2.38 30.00   3.628   4.797
 2.38 30.00   8.425    83.188
 2.38 30.00   6.864   4.962   8.425   0.865
 2.38 30.00   6.877   4.939   8.425   0.839

 2.39  0.00   0.648   0.628   0.108   0.095   0.035   0.015   0.368   0.009   0.000   0.018   0.000 207626100
 2.39    7.73    89.937
 2.39 30.00   3.621   4.791
 2.39 30.00   8.412    83.117
 2.39 30.00   6.853   4.954   8.412   0.864
 2.39 30.00   6.866   4.931   8.412   0.838

 2.40  0.00   0.647   0.627   0.108   0.095   0.035   0.015   0.368   0.009   0.000   0.018   0.000 208494800
 2.40    7.71    89.801
 2.40 30.00   3.613   4.786
 2.40 30.00   8.399    83.046
 2.40 30.00   6.843   4.947   8.399   0.863
 2.40 30.00   6.856   4.924   8.399   0.836

 2.41  0.00   0.646   0.626   0.107   0.095   0.034   0.015   0.368   0.009   0.000   0.018   0.000 209363600
 2.41    7.69    89.667
 2.41 30.00   3.606   4.780
 2.41 30.00   8.387    82.976
 2.41 30.00   6.832   4.940   8.387   0.862
 2.41 30.00   6.845   4.917   8.387   0.835

 2.42  0.00   0.646   0.626   0.107   0.095   0.034   0.015   0.368   0.009   0.000   0.018   0.000 210232300
 2.42    7.67    89.533
 2.42 30.00   3.599   4.775
 2.42 30.00   8.374    82.906
 2.42 30.00   6.822   4.933   8.374   0.861
 2.42 30.00   6.835   4.910   8.374   0.834

 2.43  0.00   0.645   0.625   0.106   0.095   0.034   0.015   0.367   0.009   0.000   0.018   0.000 211101000
 2.43    7.65    89.405
 2.43 30.00   3.592   4.770
 2.43 30.00   8.362    82.840
 2.43 30.00   6.812   4.926   8.362   0.860
 2.43 30.00   6.825   4.903   8.362   0.833

 2.44  0.00   0.644   0.624   0.106   0.095   0.034   0.014   0.367   0.009   0.000   0.018   0.000 211969800
 2.44    7.64    89.268
 2.44 30.00   3.586   4.765
 2.44 30.00   8.350    82.769
 2.44 30.00   6.802   4.919   8.350   0.859
 2.44 30.00   6.816   4.896   8.350   0.832

 2.45  0.00   0.643   0.623   0.106   0.095   0.034   0.014   0.367   0.009   0.000   0.018   0.000 212838500
 2.45    7.62    89.132
 2.45 30.00   3.579   4.760
 2.45 30.00   8.339    82.699
 2.45 30.00   6.793   4.912   8.339   0.858
 2.45 30.00   6.806   4.889   8.339   0.831

 2.46  0.00   0.642   0.622   0.105   0.094   0.034   0.014   0.367   0.009   0.000   0.018   0.000 213707200
 2.46    7.60    88.997
 2.46 30.00   3.572   4.755
 2.46 30.00   8.327    82.629
 2.46 30.00   6.783   4.905   8.327   0.857
 2.46 30.00   6.796   4.882   8.327   0.830

 2.47  0.00   0.642   0.622   0.105   0.094   0.034   0.014   0.367   0.009   0.000   0.018   0.000 214576000
 2.47    7.59    88.862
 2.47 30.00   3.566   4.750
 2.47 30.00   8.316    82.560
 2.47 30.00   6.774   4.899   8.316   0.856
 2.47 30.00   6.787   4.876   8.316   0.829

 2.48  0.00   0.641   0.621   0.105   0.094   0.033   0.014   0.367   0.009   0.000   0.018   0.000 215444700
 2.48    7.57    88.728
 2.48 30.00   3.560   4.745
 2.48 30.00   8.304    82.491
 2.48 30.00   6.765   4.892   8.304   0.854
 2.48 30.00   6.778   4.869   8.304   0.828

 2.49  0.00   0.640   0.620   0.104   0.094   0.033   0.014   0.367   0.009   0.000   0.018   0.000 216313400
 2.49    7.55    88.595
 2.49 30.00   3.553   4.740
 2.49 30.00   8.293    82.423
 2.49 30.00   6.756   4.886   8.293   0.853
 2.49 30.00   6.769   4.863   8.293   0.827

 2.50  0.00   0.639   0.620   0.104   0.094   0.033   0.014   0.367   0.009   0.000   0.018   0.000 217182100
 2.50    7.54    88.462
 2.50 30.00   3.547   4.735
 2.50 30.00   8.282    82.355
 2.50 30.00   6.747   4.879   8.282   0.852
 2.50 30.00   6.760   4.857   8.282   0.826

 2.51  0.00   0.639   0.619   0.104   0.094   0.033   0.014   0.367   0.009   0.000   0.018   0.000 218050900
 2.51    7.52    88.330
 2.51 30.00   3.541   4.730
 2.51 30.00   8.272    82.287
 2.51 30.00   6.738   4.873   8.272   0.851
 2.51 30.00   6.751   4.851   8.272   0.825

 2.52  0.00   0.638   0.618   0.103   0.094   0.033   0.014   0.367   0.009   0.000   0.018   0.000 218919600
 2.52    7.50    88.199
 2.52 30.00   3.535   4.726
 2.52 30.00   8.261    82.220
 2.52 30.00   6.729   4.867   8.261   0.850
 2.52 30.00   6.742   4.845   8.261   0.824

 2.53  0.00   0.637   0.618   0.103   0.094   0.033   0.014   0.367   0.009   0.000   0.017   0.000 219788300
 2.53    7.49    88.068
 2.53 30.00   3.529   4.721
 2.53 30.00   8.251    82.153
 2.53 30.00   6.721   4.861   8.251   0.849
 2.53 30.00   6.733   4.839   8.251   0.824

 2.54  0.00   0.636   0.617   0.103   0.094   0.033   0.014   0.367   0.009   0.000   0.017   0.000 220657000
 2.54    7.47    87.939
 2.54 30.00   3.523   4.717
 2.54 30.00   8.240    82.087
 2.54 30.00   6.712   4.855   8.240   0.848
 2.54 30.00   6.725   4.833   8.240   0.823

 2.55  0.00   0.635   0.616   0.102   0.093   0.032   0.014   0.367   0.009   0.000   0.017   0.000 221525800
 2.55    7.46    87.809
 2.55 30.00   3.518   4.712
 2.55 30.00   8.230    82.021
 2.55 30.00   6.704   4.849   8.230   0.847
 2.55 30.00   6.717   4.827   8.230   0.822

 2.56  0.00   0.635   0.616   0.102   0.093   0.032   0.014   0.367   0.009   0.000   0.017   0.000 222394500
 2.56    7.44    87.681
 2.56 30.00   3.512   4.708
 2.56 30.00   8.220    81.956
 2.56 30.00   6.696   4.843   8.220   0.846
 2.56 30.00   6.708   4.821   8.220   0.821

 2.57  0.00   0.634   0.615   0.102   0.093   0.032   0.014   0.367   0.009   0.000   0.017   0.000 223263200
 2.57    7.43    87.553
 2.57 30.00   3.506   4.704
 2.57 30.00   8.210    81.891
 2.57 30.00   6.688   4.837   8.210   0.845
 2.57 30.00   6.700   4.815   8.210   0.820

 2.58  0.00   0.633   0.614   0.101   0.093   0.032   0.014   0.367   0.009   0.000   0.017   0.000 224132000
 2.58    7.41    87.426
 2.58 30.00   3.501   4.699
 2.58 30.00   8.200    81.826
 2.58 30.00   6.680   4.831   8.200   0.844
 2.58 30.00   6.692   4.810   8.200   0.819

 2.59  0.00   0.633   0.614   0.101   0.093   0.032   0.014   0.367   0.009   0.000   0.017   0.000 225000700
 2.59    7.40    87.299
 2.59 30.00   3.495   4.695
 2.59 30.00   8.191    81.762
 2.59 30.00   6.672   4.826   8.191   0.843
 2.59 30.00   6.684   4.804   8.191   0.818

 2.60  0.00   0.632   0.613   0.101   0.093   0.032   0.014   0.367   0.009   0.000   0.017   0.000 225869400
 2.60    7.38    87.173
 2.60 30.00   3.490   4.691
 2.60 30.00   8.181    81.698
 2.60 30.00   6.664   4.820   8.181   0.842
 2.60 30.00   6.676   4.799   8.181   0.817

 2.61  0.00   0.631   0.612   0.100   0.093   0.032   0.014   0.366   0.009   0.000   0.017   0.000 226738100
 2.61    7.37    87.048
 2.61 30.00   3.485   4.687
 2.61 30.00   8.172    81.635
 2.61 30.00   6.656   4.815   8.172   0.841
 2.61 30.00   6.669   4.793   8.172   0.817

 2.62  0.00   0.630   0.612   0.100   0.093   0.032   0.014   0.366   0.009   0.000   0.017   0.000 227606900
 2.62    7.35    86.923
 2.62 30.00   3.479   4.683
 2.62 30.00   8.162    81.572
 2.62 30.00   6.649   4.809   8.162   0.840
 2.62 30.00   6.661   4.788   8.162   0.816

 2.63  0.00   0.630   0.611   0.100   0.093   0.031   0.014   0.366   0.009   0.000   0.017   0.000 228475600
 2.63    7.34    86.799
 2.63 30.00   3.474   4.679
 2.63 30.00   8.153    81.510
 2.63 30.00   6.641   4.804   8.153   0.839
 2.63 30.00   6.653   4.782   8.153   0.815

 2.64  0.00   0.629   0.611   0.099   0.093   0.031   0.014   0.366   0.009   0.000   0.017   0.000 229344300
 2.64    7.32    86.676
 2.64 30.00   3.469   4.675
 2.64 30.00   8.144    81.448
 2.64 30.00   6.634   4.798   8.144   0.838
 2.64 30.00   6.646   4.777   8.144   0.814

 2.65  0.00   0.628   0.610   0.099   0.093   0.031   0.014   0.366   0.009   0.000   0.017   0.000 230213100
 2.65    7.31    86.553
 2.65 30.00   3.464   4.671
 2.65 30.00   8.135    81.386
 2.65 30.00   6.627   4.793   8.135   0.837
 2.65 30.00   6.639   4.772   8.135   0.813

 2.66  0.00   0.627   0.609   0.099   0.092   0.031   0.014   0.366   0.009   0.000   0.017   0.000 231081800
 2.66    7.29    86.431
 2.66 30.00   3.459   4.667
 2.66 30.00   8.126    81.325
 2.66 30.00   6.619   4.788   8.126   0.837
 2.66 30.00   6.631   4.767   8.126   0.812

 2.67  0.00   0.627   0.609   0.098   0.092   0.031   0.014   0.366   0.009   0.000   0.017   0.000 231950500
 2.67    7.28    86.310
 2.67 30.00   3.454   4.663
 2.67 30.00   8.118    81.264
 2.67 30.00   6.612   4.782   8.118   0.836
 2.67 30.00   6.624   4.762   8.118   0.812

 2.68  0.00   0.626   0.608   0.098   0.092   0.031   0.014   0.366   0.009   0.000   0.016   0.000 232819200
 2.68    7.27    86.189
 2.68 30.00   3.449   4.660
 2.68 30.00   8.109    81.203
 2.68 30.00   6.605   4.777   8.109   0.835
 2.68 30.00   6.617   4.757   8.109   0.811

 2.69  0.00   0.625   0.607   0.098   0.092   0.031   0.014   0.366   0.009   0.000   0.016   0.000 233688000
 2.69    7.25    86.069
 2.69 30.00   3.445   4.656
 2.69 30.00   8.101    81.143
 2.69 30.00   6.598   4.772   8.101   0.834
 2.69 30.00   6.610   4.752   8.101   0.810

 2.70  0.00   0.625   0.607   0.097   0.092   0.031   0.014   0.366   0.009   0.000   0.016   0.000 234556700
 2.70    7.24    85.949
 2.70 30.00   3.440   4.652
 2.70 30.00   8.092    81.084
 2.70 30.00   6.592   4.767   8.092   0.833
 2.70 30.00   6.603   4.747   8.092   0.809

 2.71  0.00   0.624   0.606   0.097   0.092   0.030   0.014   0.366   0.009   0.000   0.016   0.000 235425400
 2.71    7.23    85.830
 2.71 30.00   3.435   4.649
 2.71 30.00   8.084    81.024
 2.71 30.00   6.585   4.762   8.084   0.832
 2.71 30.00   6.597   4.742   8.084   0.808

 2.72  0.00   0.623   0.606   0.097   0.092   0.030   0.014   0.366   0.009   0.000   0.016   0.000 236294200
 2.72    7.21    85.712
 2.72 30.00   3.431   4.645
 2.72 30.00   8.076    80.965
 2.72 30.00   6.578   4.757   8.076   0.831
 2.72 30.00   6.590   4.737   8.076   0.807

 2.73  0.00   0.622   0.605   0.096   0.092   0.030   0.013   0.366   0.009   0.000   0.016   0.000 237162900
 2.73    7.20    85.594
 2.73 30.00   3.426   4.641
 2.73 30.00   8.067    80.907
 2.73 30.00   6.572   4.752   8.067   0.830
 2.73 30.00   6.583   4.732   8.067   0.807

 2.74  0.00   0.622   0.604   0.096   0.092   0.030   0.013   0.366   0.009   0.000   0.016   0.000 238031600
 2.74    7.19    85.477
 2.74 30.00   3.421   4.638
 2.74 30.00   8.059    80.849
 2.74 30.00   6.565   4.748   8.059   0.829
 2.74 30.00   6.577   4.728   8.059   0.806

 2.75  0.00   0.621   0.604   0.096   0.092   0.030   0.013   0.366   0.009   0.000   0.016   0.000 238900300
 2.75    7.17    85.360
 2.75 30.00   3.417   4.634
 2.75 30.00   8.051    80.791
 2.75 30.00   6.559   4.743   8.051   0.828
 2.75 30.00   6.570   4.723   8.051   0.805

 2.76  0.00   0.620   0.603   0.095   0.092   0.030   0.013   0.366   0.009   0.000   0.016   0.000 239769100
 2.76    7.16    85.244
 2.76 30.00   3.413   4.631
 2.76 30.00   8.044    80.734
 2.76 30.00   6.552   4.738   8.044   0.827
 2.76 30.00   6.564   4.718   8.044   0.804

 2.77  0.00   0.620   0.603   0.095   0.092   0.030   0.013   0.365   0.009   0.000   0.016   0.000 240637800
 2.77    7.15    85.129
 2.77 30.00   3.408   4.627
 2.77 30.00   8.036    80.677
 2.77 30.00   6.546   4.733   8.036   0.826
 2.77 30.00   6.558   4.714   8.036   0.803

 2.78  0.00   0.619   0.602   0.095   0.091   0.030   0.013   0.365   0.009   0.000   0.016   0.000 241506500
 2.78    7.13    85.014
 2.78 30.00   3.404   4.624
 2.78 30.00   8.028    80.620
 2.78 30.00   6.540   4.729   8.028   0.825
 2.78 30.00   6.551   4.709   8.028   0.803

 2.79  0.00   0.618   0.601   0.095   0.091   0.029   0.013   0.365   0.009   0.000   0.016   0.000 242375200
 2.79    7.12    84.900
 2.79 30.00   3.400   4.621
 2.79 30.00   8.021    80.564
 2.79 30.00   6.534   4.724   8.021   0.824
 2.79 30.00   6.545   4.705   8.021   0.802

 2.80  0.00   0.618   0.601   0.094   0.091   0.029   0.013   0.365   0.009   0.000   0.016   0.000 243244000
 2.80    7.11    84.786
 2.80 30.00   3.396   4.617
 2.80 30.00   8.013    80.508
 2.80 30.00   6.528   4.720   8.013   0.824
 2.80 30.00   6.539   4.700   8.013   0.801

 2.81  0.00   0.617   0.600   0.094   0.091   0.029   0.013   0.365   0.008   0.000   0.016   0.000 244112700
 2.81    7.10    84.673
 2.81 30.00   3.392   4.614
 2.81 30.00   8.006    80.452
 2.81 30.00   6.522   4.715   8.006   0.823
 2.81 30.00   6.533   4.696   8.006   0.800

 2.82  0.00   0.616   0.600   0.094   0.091   0.029   0.013   0.365   0.008   0.000   0.016   0.000 244981400
 2.82    7.08    84.561
 2.82 30.00   3.388   4.611
 2.82 30.00   7.998    80.397
 2.82 30.00   6.516   4.711   7.998   0.822
 2.82 30.00   6.527   4.692   7.998   0.800

 2.83  0.00   0.616   0.599   0.093   0.091   0.029   0.013   0.365   0.008   0.000   0.016   0.000 245850200
 2.83    7.07    84.449
 2.83 30.00   3.384   4.607
 2.83 30.00   7.991    80.342
 2.83 30.00   6.510   4.706   7.991   0.821
 2.83 30.00   6.521   4.687   7.991   0.799

 2.84  0.00   0.615   0.599   0.093   0.091   0.029   0.013   0.365   0.008   0.000   0.016   0.000 246718900
 2.84    7.06    84.338
 2.84 30.00   3.380   4.604
 2.84 30.00   7.984    80.288
 2.84 30.00   6.504   4.702   7.984   0.820
 2.84 30.00   6.515   4.683   7.984   0.798

 2.85  0.00   0.614   0.598   0.093   0.091   0.029   0.013   0.365   0.008   0.000   0.015   0.000 247587600
 2.85    7.05    84.227
 2.85 30.00   3.376   4.601
 2.85 30.00   7.977    80.234
 2.85 30.00   6.498   4.698   7.977   0.819
 2.85 30.00   6.509   4.679   7.977   0.797

 2.86  0.00   0.614   0.597   0.092   0.091   0.029   0.013   0.365   0.008   0.000   0.015   0.000 248456400
 2.86    7.04    84.117
 2.86 30.00   3.372   4.598
 2.86 30.00   7.969    80.180
 2.86 30.00   6.493   4.693   7.969   0.818
 2.86 30.00   6.504   4.675   7.969   0.796

 2.87  0.00   0.613   0.597   0.092   0.091   0.028   0.013   0.365   0.008   0.000   0.015   0.000 249325100
 2.87    7.02    84.007
 2.87 30.00   3.368   4.594
 2.87 30.00   7.962    80.127
 2.87 30.00   6.487   4.689   7.962   0.817
 2.87 30.00   6.498   4.670   7.962   0.796

 2.88  0.00   0.612   0.596   0.092   0.091   0.028   0.013   0.365   0.008   0.000   0.015   0.000 250193800
 2.88    7.01    83.898
 2.88 30.00   3.364   4.591
 2.88 30.00   7.955    80.074
 2.88 30.00   6.481   4.685   7.955   0.816
 2.88 30.00   6.492   4.666   7.955   0.795

 2.89  0.00   0.612   0.596   0.092   0.091   0.028   0.013   0.365   0.008   0.000   0.015   0.000 251062500
 2.89    7.00    83.790
 2.89 30.00   3.361   4.588
 2.89 30.00   7.949    80.021
 2.89 30.00   6.476   4.681   7.949   0.816
 2.89 30.00   6.487   4.662   7.949   0.794

 2.90  0.00   0.611   0.595   0.091   0.091   0.028   0.013   0.365   0.008   0.000   0.015   0.000 251931300
 2.90    6.99    83.682
 2.90 30.00   3.357   4.585
 2.90 30.00   7.942    79.969
 2.90 30.00   6.470   4.676   7.942   0.815
 2.90 30.00   6.481   4.658   7.942   0.793

 2.91  0.00   0.610   0.595   0.091   0.091   0.028   0.013   0.364   0.008   0.000   0.015   0.000 252800000
 2.91    6.98    83.575
 2.91 30.00   3.354   4.581
 2.91 30.00   7.935    79.917
 2.91 30.00   6.465   4.672   7.935   0.814
 2.91 30.00   6.476   4.654   7.935   0.793

 2.92  0.00   0.610   0.594   0.091   0.090   0.028   0.013   0.364   0.008   0.000   0.015   0.000 253668700
 2.92    6.97    83.468
 2.92 30.00   3.350   4.578
 2.92 30.00   7.928    79.866
 2.92 30.00   6.460   4.668   7.928   0.813
 2.92 30.00   6.470   4.650   7.928   0.792

 2.93  0.00   0.609   0.593   0.090   0.090   0.028   0.013   0.364   0.008   0.000   0.015   0.000 254537500
 2.93    6.95    83.362
 2.93 30.00   3.346   4.575
 2.93 30.00   7.922    79.814
 2.93 30.00   6.454   4.664   7.922   0.812
 2.93 30.00   6.465   4.646   7.922   0.791

 2.94  0.00   0.608   0.593   0.090   0.090   0.028   0.013   0.364   0.008   0.000   0.015   0.000 255406200
 2.94    6.94    83.256
 2.94 30.00   3.343   4.572
 2.94 30.00   7.915    79.763
 2.94 30.00   6.449   4.660   7.915   0.811
 2.94 30.00   6.459   4.642   7.915   0.791

 2.95  0.00   0.608   0.592   0.090   0.090   0.028   0.013   0.364   0.008   0.000   0.015   0.000 256274900
 2.95    6.93    83.151
 2.95 30.00   3.340   4.569
 2.95 30.00   7.908    79.713
 2.95 30.00   6.444   4.656   7.908   0.810
 2.95 30.00   6.454   4.638   7.908   0.790

 2.96  0.00   0.607   0.592   0.090   0.090   0.027   0.013   0.364   0.008   0.000   0.015   0.000 257143600
 2.96    6.92    83.046
 2.96 30.00   3.336   4.566
 2.96 30.00   7.902    79.663
 2.96 30.00   6.438   4.652   7.902   0.810
 2.96 30.00   6.449   4.634   7.902   0.789

 2.97  0.00   0.607   0.591   0.089   0.090   0.027   0.013   0.364   0.008   0.000   0.015   0.000 258012400
 2.97    6.91    82.942
 2.97 30.00   3.333   4.562
 2.97 30.00   7.895    79.613
 2.97 30.00   6.433   4.648   7.895   0.809
 2.97 30.00   6.443   4.630   7.895   0.788

 2.98  0.00   0.606   0.591   0.089   0.090   0.027   0.013   0.364   0.008   0.000   0.015   0.000 258881100
 2.98    6.90    82.839
 2.98 30.00   3.330   4.559
 2.98 30.00   7.889    79.563
 2.98 30.00   6.428   4.644   7.889   0.808
 2.98 30.00   6.438   4.627   7.889   0.788

 2.99  0.00   0.605   0.590   0.089   0.090   0.027   0.013   0.364   0.008   0.000   0.015   0.000 259749800
 2.99    6.89    82.736
 2.99 30.00   3.326   4.556
 2.99 30.00   7.883    79.514
 2.99 30.00   6.423   4.640   7.883   0.807
 2.99 30.00   6.433   4.623   7.883   0.787

 3.00  0.00   0.605   0.590   0.088   0.090   0.027   0.013   0.364   0.008   0.000   0.015   0.000 260618600
 3.00    6.88    82.633
 3.00 30.00   3.323   4.553
 3.00 30.00   7.876    79.465
 3.00 30.00   6.418   4.636   7.876   0.806
 3.00 30.00   6.428   4.619   7.876   0.786

 3.01  0.00   0.604   0.589   0.088   0.090   0.027   0.013   0.364   0.008   0.000   0.015   0.000 261487300
 3.01    6.87    82.531
 3.01 30.00   3.320   4.550
 3.01 30.00   7.870    79.417
 3.01 30.00   6.413   4.632   7.870   0.805
 3.01 30.00   6.423   4.615   7.870   0.786

 3.02  0.00   0.603   0.589   0.088   0.090   0.027   0.013   0.364   0.008   0.000   0.015   0.000 262356000
 3.02    6.86    82.430
 3.02 30.00   3.317   4.547
 3.02 30.00   7.864    79.369
 3.02 30.00   6.408   4.629   7.864   0.805
 3.02 30.00   6.418   4.612   7.864   0.785

 3.03  0.00   0.603   0.588   0.088   0.090   0.027   0.013   0.364   0.008   0.000   0.015   0.000 263224700
 3.03    6.85    82.329
 3.03 30.00   3.314   4.543
 3.03 30.00   7.857    79.321
 3.03 30.00   6.403   4.625   7.857   0.804
 3.03 30.00   6.413   4.608   7.857   0.784

 3.04  0.00   0.602   0.588   0.088   0.090   0.027   0.012   0.364   0.008   0.000   0.014   0.000 264093500
 3.04    6.84    82.229
 3.04 30.00   3.311   4.540
 3.04 30.00   7.851    79.273
 3.04 30.00   6.398   4.621   7.851   0.803
 3.04 30.00   6.408   4.604   7.851   0.783

 3.05  0.00   0.602   0.587   0.087   0.090   0.027   0.012   0.363   0.008   0.000   0.014   0.000 264962200
 3.05    6.83    82.129
 3.05 30.00   3.308   4.537
 3.05 30.00   7.845    79.226
 3.05 30.00   6.393   4.617   7.845   0.802
 3.05 30.00   6.403   4.600   7.845   0.783

 3.06  0.00   0.601   0.587   0.087   0.089   0.026   0.012   0.363   0.008   0.000   0.014   0.000 265830900
 3.06    6.82    82.030
 3.06 30.00   3.305   4.534
 3.06 30.00   7.839    79.179
 3.06 30.00   6.388   4.614   7.839   0.802
 3.06 30.00   6.398   4.597   7.839   0.782

 3.07  0.00   0.601   0.586   0.087   0.089   0.026   0.012   0.363   0.008   0.000   0.014   0.000 266699600
 3.07    6.81    81.931
 3.07 30.00   3.302   4.530
 3.07 30.00   7.833    79.132
 3.07 30.00   6.383   4.610   7.833   0.801
 3.07 30.00   6.393   4.593   7.833   0.781

 3.08  0.00   0.600   0.586   0.087   0.089   0.026   0.012   0.363   0.008   0.000   0.014   0.000 267568400
 3.08    6.80    81.833
 3.08 30.00   3.299   4.527
 3.08 30.00   7.827    79.086
 3.08 30.00   6.378   4.606   7.827   0.800
 3.08 30.00   6.388   4.589   7.827   0.781

 3.09  0.00   0.600   0.585   0.087   0.089   0.026   0.012   0.363   0.008   0.000   0.014   0.000 268437100
 3.09    6.79    81.735
 3.09 30.00   3.297   4.524
 3.09 30.00   7.820    79.040
 3.09 30.00   6.373   4.603   7.820   0.799
 3.09 30.00   6.383   4.586   7.820   0.780

 3.10  0.00   0.599   0.585   0.086   0.089   0.026   0.012   0.363   0.008   0.000   0.014   0.000 269305800
 3.10    6.78    81.638
 3.10 30.00   3.294   4.521
 3.10 30.00   7.814    78.994
 3.10 30.00   6.368   4.599   7.814   0.799
 3.10 30.00   6.378   4.582   7.814   0.779

 3.11  0.00   0.598   0.584   0.086   0.089   0.026   0.012   0.363   0.008   0.000   0.014   0.000 270174600
 3.11    6.77    81.541
 3.11 30.00   3.291   4.517
 3.11 30.00   7.808    78.949
 3.11 30.00   6.363   4.595   7.808   0.798
 3.11 30.00   6.373   4.579   7.808   0.779

 3.12  0.00   0.598   0.583   0.086   0.089   0.026   0.012   0.363   0.008   0.000   0.014   0.000 271043300
 3.12    6.76    81.445
 3.12 30.00   3.288   4.514
 3.12 30.00   7.802    78.904
 3.12 30.00   6.358   4.592   7.802   0.797
 3.12 30.00   6.368   4.575   7.802   0.778

 3.13  0.00   0.597   0.583   0.086   0.089   0.026   0.012   0.363   0.008   0.000   0.014   0.000 271912000
 3.13    6.75    81.349
 3.13 30.00   3.286   4.511
 3.13 30.00   7.796    78.859
 3.13 30.00   6.354   4.588   7.796   0.796
 3.13 30.00   6.363   4.571   7.796   0.777

 3.14  0.00   0.597   0.582   0.086   0.089   0.026   0.012   0.363   0.008   0.000   0.014   0.000 272780800
 3.14    6.74    81.254
 3.14 30.00   3.283   4.507
 3.14 30.00   7.790    78.815
 3.14 30.00   6.349   4.584   7.790   0.796
 3.14 30.00   6.358   4.568   7.790   0.777

 3.15  0.00   0.596   0.582   0.085   0.089   0.026   0.012   0.363   0.008   0.000   0.014   0.000 273649500
 3.15    6.73    81.159
 3.15 30.00   3.280   4.504
 3.15 30.00   7.784    78.771
 3.15 30.00   6.344   4.581   7.784   0.795
 3.15 30.00   6.353   4.564   7.784   0.776

 3.16  0.00   0.596   0.581   0.085   0.089   0.025   0.012   0.363   0.008   0.000   0.014   0.000 274518200
 3.16    6.72    81.065
 3.16 30.00   3.278   4.500
 3.16 30.00   7.778    78.727
 3.16 30.00   6.339   4.577   7.778   0.794
 3.16 30.00   6.349   4.561   7.778   0.775

 3.17  0.00   0.595   0.581   0.085   0.089   0.025   0.012   0.363   0.008   0.000   0.014   0.000 275386900
 3.17    6.71    80.972
 3.17 30.00   3.275   4.497
 3.17 30.00   7.772    78.683
 3.17 30.00   6.334   4.573   7.772   0.793
 3.17 30.00   6.344   4.557   7.772   0.775

 3.18  0.00   0.595   0.580   0.085   0.089   0.025   0.012   0.362   0.008   0.000   0.014   0.000 276255700
 3.18    6.70    80.878
 3.18 30.00   3.273   4.493
 3.18 30.00   7.766    78.640
 3.18 30.00   6.329   4.570   7.766   0.793
 3.18 30.00   6.339   4.553   7.766   0.774

 3.19  0.00   0.594   0.580   0.084   0.089   0.025   0.012   0.362   0.008   0.000   0.014   0.000 277124400
 3.19    6.69    80.786
 3.19 30.00   3.270   4.490
 3.19 30.00   7.760    78.597
 3.19 30.00   6.325   4.566   7.760   0.792
 3.19 30.00   6.334   4.550   7.760   0.773

 3.20  0.00   0.594   0.580   0.084   0.089   0.025   0.012   0.362   0.008   0.000   0.014   0.000 277993100
 3.20    6.68    80.694
 3.20 30.00   3.268   4.486
 3.20 30.00   7.754    78.554
 3.20 30.00   6.320   4.563   7.754   0.791
 3.20 30.00   6.329   4.546   7.754   0.773

 3.21  0.00   0.593   0.579   0.084   0.089   0.025   0.012   0.362   0.008   0.000   0.013   0.000 278861900
 3.21    6.67    80.602
 3.21 30.00   3.266   4.499
 3.21 30.00   7.764    78.508
 3.21 30.00   6.329   4.567   7.764   0.791
 3.21 30.00   6.338   4.551   7.764   0.772

 3.22  0.00   0.592   0.579   0.084   0.088   0.025   0.012   0.362   0.008   0.000   0.013   0.000 279730600
 3.22    6.66    80.511
 3.22 30.00   3.263   4.499
 3.22 30.00   7.762    78.466
 3.22 30.00   6.327   4.565   7.762   0.790
 3.22 30.00   6.336   4.549   7.762   0.771

 3.23  0.00   0.592   0.578   0.084   0.088   0.025   0.012   0.362   0.008   0.000   0.013   0.000 280599300
 3.23    6.65    80.420
 3.23 30.00   3.261   4.499
 3.23 30.00   7.760    78.423
 3.23 30.00   6.325   4.563   7.760   0.789
 3.23 30.00   6.335   4.547   7.760   0.771

 3.24  0.00   0.591   0.578   0.083   0.088   0.025   0.012   0.362   0.008   0.000   0.013   0.000 281468000
 3.24    6.64    80.330
 3.24 30.00   3.259   4.499
 3.24 30.00   7.757    78.381
 3.24 30.00   6.324   4.562   7.757   0.788
 3.24 30.00   6.333   4.546   7.757   0.770

 3.25  0.00   0.591   0.577   0.083   0.088   0.025   0.012   0.362   0.008   0.000   0.013   0.000 282336800
 3.25    6.63    80.240
 3.25 30.00   3.256   4.499
 3.25 30.00   7.755    78.339
 3.25 30.00   6.322   4.560   7.755   0.788
 3.25 30.00   6.331   4.544   7.755   0.769

 3.26  0.00   0.590   0.577   0.083   0.088   0.024   0.012   0.362   0.008   0.000   0.013   0.000 283205500
 3.26    6.63    80.151
 3.26 30.00   3.254   4.499
 3.26 30.00   7.753    78.298
 3.26 30.00   6.321   4.558   7.753   0.787
 3.26 30.00   6.330   4.542   7.753   0.769

 3.27  0.00   0.590   0.576   0.083   0.088   0.024   0.012   0.362   0.008   0.000   0.013   0.000 284074200
 3.27    6.62    80.062
 3.27 30.00   3.252   4.499
 3.27 30.00   7.751    78.256
 3.27 30.00   6.319   4.556   7.751   0.786
 3.27 30.00   6.328   4.541   7.751   0.768

 3.28  0.00   0.589   0.576   0.083   0.088   0.024   0.012   0.362   0.008   0.000   0.013   0.000 284942900
 3.28    6.61    79.974
 3.28 30.00   3.250   4.499
 3.28 30.00   7.749    78.215
 3.28 30.00   6.318   4.555   7.749   0.786
 3.28 30.00   6.327   4.539   7.749   0.768

 3.29  0.00   0.589   0.575   0.082   0.088   0.024   0.012   0.362   0.008   0.000   0.013   0.000 285811700
 3.29    6.60    79.886
 3.29 30.00   3.248   4.499
 3.29 30.00   7.747    78.175
 3.29 30.00   6.316   4.553   7.747   0.785
 3.29 30.00   6.325   4.537   7.747   0.767

 3.30  0.00   0.588   0.575   0.082   0.088   0.024   0.012   0.362   0.008   0.000   0.013   0.000 286680400
 3.30    6.59    79.798
 3.30 30.00   3.246   4.499
 3.30 30.00   7.744    78.134
 3.30 30.00   6.315   4.551   7.744   0.784
 3.30 30.00   6.324   4.536   7.744   0.766

 3.31  0.00   0.588   0.574   0.082   0.088   0.024   0.012   0.361   0.008   0.000   0.013   0.000 287549100
 3.31    6.58    79.708
 3.31 30.00   3.243   4.499
 3.31 30.00   7.742    78.093
 3.31 30.00   6.313   4.550   7.742   0.784
 3.31 30.00   6.322   4.534   7.742   0.766

 3.32  0.00   0.587   0.574   0.082   0.088   0.024   0.012   0.361   0.008   0.000   0.013   0.000 288417900
 3.32    6.57    79.633
 3.32 30.00   3.239   4.499
 3.32 30.00   7.737    78.057
 3.32 30.00   6.309   4.547   7.737   0.783
 3.32 30.00   6.318   4.531   7.737   0.765

 3.33  0.00   0.587   0.573   0.082   0.088   0.024   0.012   0.361   0.007   0.000   0.013   0.000 289286600
 3.33    6.56    79.559
 3.33 30.00   3.234   4.499
 3.33 30.00   7.733    78.023
 3.33 30.00   6.306   4.544   7.733   0.782
 3.33 30.00   6.315   4.529   7.733   0.764

 3.34  0.00   0.586   0.573   0.081   0.088   0.024   0.012   0.361   0.007   0.000   0.013   0.000 290155300
 3.34    6.54    79.485
 3.34 30.00   3.230   4.499
 3.34 30.00   7.729    77.988
 3.34 30.00   6.303   4.541   7.729   0.782
 3.34 30.00   6.311   4.526   7.729   0.764

 3.35  0.00   0.586   0.572   0.081   0.088   0.024   0.012   0.361   0.007   0.000   0.013   0.000 291024000
 3.35    6.53    79.412
 3.35 30.00   3.226   4.499
 3.35 30.00   7.725    77.954
 3.35 30.00   6.299   4.539   7.725   0.781
 3.35 30.00   6.308   4.523   7.725   0.763

 3.36  0.00   0.585   0.572   0.081   0.088   0.024   0.012   0.361   0.007   0.000   0.013   0.000 291892800
 3.36    6.52    79.339
 3.36 30.00   3.222   4.499
 3.36 30.00   7.720    77.921
 3.36 30.00   6.296   4.536   7.720   0.780
 3.36 30.00   6.305   4.521   7.720   0.763

 3.37  0.00   0.585   0.571   0.081   0.088   0.023   0.012   0.361   0.007   0.000   0.013   0.000 292761500
 3.37    6.50    79.267
 3.37 30.00   3.217   4.499
 3.37 30.00   7.716    77.887
 3.37 30.00   6.292   4.533   7.716   0.780
 3.37 30.00   6.301   4.518   7.716   0.762

 3.38  0.00   0.584   0.571   0.081   0.088   0.023   0.012   0.361   0.007   0.000   0.013   0.000 293630200
 3.38    6.49    79.196
 3.38 30.00   3.213   4.499
 3.38 30.00   7.712    77.854
 3.38 30.00   6.289   4.530   7.712   0.779
 3.38 30.00   6.298   4.515   7.712   0.761

 3.39  0.00   0.584   0.571   0.081   0.088   0.023   0.011   0.361   0.007   0.000   0.012   0.000 294499000
 3.39    6.48    79.125
 3.39 30.00   3.209   4.499
 3.39 30.00   7.707    77.821
 3.39 30.00   6.286   4.528   7.707   0.778
 3.39 30.00   6.294   4.513   7.707   0.761

 3.40  0.00   0.583   0.570   0.080   0.088   0.023   0.011   0.361   0.007   0.000   0.012   0.000 295367700
 3.40    6.47    79.054
 3.40 30.00   3.204   4.499
 3.40 30.00   7.703    77.789
 3.40 30.00   6.282   4.525   7.703   0.778
 3.40 30.00   6.291   4.510   7.703   0.760

 3.41  0.00   0.583   0.570   0.080   0.087   0.023   0.011   0.361   0.007   0.000   0.012   0.000 296236400
 3.41    6.45    78.984
 3.41 30.00   3.200   4.499
 3.41 30.00   7.699    77.757
 3.41 30.00   6.279   4.522   7.699   0.777
 3.41 30.00   6.288   4.507   7.699   0.760

 3.42  0.00   0.582   0.569   0.080   0.087   0.023   0.011   0.361   0.007   0.000   0.012   0.000 297105200
 3.42    6.44    78.914
 3.42 30.00   3.196   4.499
 3.42 30.00   7.695    77.725
 3.42 30.00   6.276   4.520   7.695   0.776
 3.42 30.00   6.284   4.505   7.695   0.759

 3.43  0.00   0.582   0.569   0.080   0.087   0.023   0.011   0.361   0.007   0.000   0.012   0.000 297973900
 3.43    6.43    78.845
 3.43 30.00   3.192   4.499
 3.43 30.00   7.690    77.693
 3.43 30.00   6.272   4.517   7.690   0.776
 3.43 30.00   6.281   4.502   7.690   0.758

 3.44  0.00   0.581   0.568   0.080   0.087   0.023   0.011   0.361   0.007   0.000   0.012   0.000 298842600
 3.44    6.42    78.776
 3.44 30.00   3.187   4.499
 3.44 30.00   7.686    77.662
 3.44 30.00   6.269   4.514   7.686   0.775
 3.44 30.00   6.278   4.499   7.686   0.758

 3.45  0.00   0.581   0.568   0.079   0.087   0.023   0.011   0.360   0.007   0.000   0.012   0.000 299711300
 3.45    6.40    78.707
 3.45 30.00   3.183   4.499
 3.45 30.00   7.682    77.631
 3.45 30.00   6.266   4.511   7.682   0.774
 3.45 30.00   6.274   4.497   7.682   0.757

 3.46  0.00   0.580   0.567   0.079   0.087   0.023   0.011   0.360   0.007   0.000   0.012   0.000 300580100
 3.46    6.39    78.639
 3.46 30.00   3.179   4.499
 3.46 30.00   7.678    77.600
 3.46 30.00   6.262   4.509   7.678   0.774
 3.46 30.00   6.271   4.494   7.678   0.757

 3.47  0.00   0.580   0.567   0.079   0.087   0.023   0.011   0.360   0.007   0.000   0.012   0.000 301448800
 3.47    6.38    78.572
 3.47 30.00   3.175   4.499
 3.47 30.00   7.674    77.569
 3.47 30.00   6.259   4.506   7.674   0.773
 3.47 30.00   6.268   4.491   7.674   0.756

 3.48  0.00   0.579   0.567   0.079   0.087   0.023   0.011   0.360   0.007   0.000   0.012   0.000 302317500
 3.48    6.36    78.505
 3.48 30.00   3.171   4.499
 3.48 30.00   7.669    77.539
 3.48 30.00   6.256   4.503   7.669   0.772
 3.48 30.00   6.264   4.489   7.669   0.755

 3.49  0.00   0.579   0.566   0.079   0.087   0.022   0.011   0.360   0.007   0.000   0.012   0.000 303186200
 3.49    6.35    78.438
 3.49 30.00   3.166   4.499
 3.49 30.00   7.665    77.509
 3.49 30.00   6.252   4.501   7.665   0.772
 3.49 30.00   6.261   4.486   7.665   0.755

 3.50  0.00   0.578   0.566   0.078   0.087   0.022   0.011   0.360   0.007   0.000   0.012   0.000 304055000
 3.50    6.34    78.372
 3.50 30.00   3.162   4.499
 3.50 30.00   7.661    77.479
 3.50 30.00   6.249   4.498   7.661   0.771
 3.50 30.00   6.257   4.484   7.661   0.754

 3.51  0.00   0.578   0.565   0.078   0.087   0.022   0.011   0.360   0.007   0.000   0.012   0.000 304923700
 3.51    6.33    78.306
 3.51 30.00   3.158   4.499
 3.51 30.00   7.657    77.450
 3.51 30.00   6.246   4.496   7.657   0.770
 3.51 30.00   6.254   4.481   7.657   0.754

 3.52  0.00   0.577   0.565   0.078   0.087   0.022   0.011   0.360   0.007   0.000   0.012   0.000 305792400
 3.52    6.31    78.240
 3.52 30.00   3.154   4.499
 3.52 30.00   7.653    77.420
 3.52 30.00   6.243   4.493   7.653   0.770
 3.52 30.00   6.251   4.479   7.653   0.753

 3.53  0.00   0.577   0.564   0.078   0.087   0.022   0.011   0.360   0.007   0.000   0.012   0.000 306661200
 3.53    6.30    78.175
 3.53 30.00   3.150   4.499
 3.53 30.00   7.649    77.391
 3.53 30.00   6.239   4.490   7.649   0.769
 3.53 30.00   6.248   4.476   7.649   0.752

 3.54  0.00   0.576   0.564   0.078   0.087   0.022   0.011   0.360   0.007   0.000   0.012   0.000 307529900
 3.54    6.29    78.110
 3.54 30.00   3.146   4.499
 3.54 30.00   7.644    77.362
 3.54 30.00   6.236   4.488   7.644   0.768
 3.54 30.00   6.244   4.473   7.644   0.752

 3.55  0.00   0.576   0.564   0.078   0.087   0.022   0.011   0.360   0.007   0.000   0.012   0.000 308398600
 3.55    6.28    78.045
 3.55 30.00   3.142   4.499
 3.55 30.00   7.640    77.334
 3.55 30.00   6.233   4.485   7.640   0.768
 3.55 30.00   6.241   4.471   7.640   0.751

 3.56  0.00   0.575   0.563   0.077   0.087   0.022   0.011   0.360   0.007   0.000   0.012   0.000 309267400
 3.56    6.26    77.981
 3.56 30.00   3.137   4.499
 3.56 30.00   7.636    77.305
 3.56 30.00   6.229   4.482   7.636   0.767
 3.56 30.00   6.238   4.468   7.636   0.751

 3.57  0.00   0.575   0.563   0.077   0.087   0.022   0.011   0.360   0.007   0.000   0.012   0.000 310136100
 3.57    6.25    77.917
 3.57 30.00   3.133   4.499
 3.57 30.00   7.632    77.277
 3.57 30.00   6.226   4.480   7.632   0.767
 3.57 30.00   6.234   4.466   7.632   0.750

 3.58  0.00   0.574   0.562   0.077   0.087   0.022   0.011   0.359   0.007   0.000   0.012   0.000 311004800
 3.58    6.24    77.854
 3.58 30.00   3.129   4.499
 3.58 30.00   7.628    77.249
 3.58 30.00   6.223   4.477   7.628   0.766
 3.58 30.00   6.231   4.463   7.628   0.750

 3.59  0.00   0.574   0.562   0.077   0.087   0.022   0.011   0.359   0.007   0.000   0.012   0.000 311873500
 3.59    6.23    77.790
 3.59 30.00   3.125   4.499
 3.59 30.00   7.624    77.222
 3.59 30.00   6.220   4.475   7.624   0.765
 3.59 30.00   6.228   4.461   7.624   0.749

 3.60  0.00   0.573   0.561   0.077   0.087   0.022   0.011   0.359   0.007   0.000   0.011   0.000 312742300
 3.60    6.22    77.726
 3.60 30.00   3.121   4.499
 3.60 30.00   7.620    77.194
 3.60 30.00   6.217   4.472   7.620   0.765
 3.60 30.00   6.225   4.458   7.620   0.749

 3.61  0.00   0.573   0.561   0.076   0.086   0.022   0.011   0.359   0.007   0.000   0.011   0.000 313611000
 3.61    6.21    77.663
 3.61 30.00   3.117   4.499
 3.61 30.00   7.616    77.167
 3.61 30.00   6.213   4.470   7.616   0.764
 3.61 30.00   6.221   4.456   7.616   0.748

 3.62  0.00   0.573   0.561   0.076   0.086   0.021   0.011   0.359   0.007   0.000   0.011   0.000 314479700
 3.62    6.21    77.601
 3.62 30.00   3.113   4.499
 3.62 30.00   7.612    77.140
 3.62 30.00   6.210   4.467   7.612   0.763
 3.62 30.00   6.218   4.453   7.612   0.747

 3.63  0.00   0.572   0.560   0.076   0.086   0.021   0.011   0.359   0.007   0.000   0.011   0.000 315348400
 3.63    6.20    77.538
 3.63 30.00   3.109   4.499
 3.63 30.00   7.608    77.113
 3.63 30.00   6.207   4.464   7.608   0.763
 3.63 30.00   6.215   4.451   7.608   0.747

 3.64  0.00   0.572   0.560   0.076   0.086   0.021   0.011   0.359   0.007   0.000   0.011   0.000 316217200
 3.64    6.19    77.476
 3.64 30.00   3.105   4.499
 3.64 30.00   7.603    77.086
 3.64 30.00   6.204   4.462   7.603   0.762
 3.64 30.00   6.212   4.448   7.603   0.746

 3.65  0.00   0.571   0.559   0.076   0.086   0.021   0.011   0.359   0.007   0.000   0.011   0.000 317085900
 3.65    6.18    77.415
 3.65 30.00   3.101   4.499
 3.65 30.00   7.599    77.060
 3.65 30.00   6.201   4.459   7.599   0.762
 3.65 30.00   6.208   4.446   7.599   0.746

 3.66  0.00   0.571   0.559   0.076   0.086   0.021   0.011   0.359   0.007   0.000   0.011   0.000 317954700
 3.66    6.18    77.353
 3.66 30.00   3.097   4.499
 3.66 30.00   7.595    77.034
 3.66 30.00   6.197   4.457   7.595   0.761
 3.66 30.00   6.205   4.443   7.595   0.745

 3.67  0.00   0.570   0.559   0.075   0.086   0.021   0.011   0.359   0.007   0.000   0.011   0.000 318823400
 3.67    6.17    77.292
 3.67 30.00   3.093   4.499
 3.67 30.00   7.591    77.008
 3.67 30.00   6.194   4.454   7.591   0.760
 3.67 30.00   6.202   4.441   7.591   0.745

 3.68  0.00   0.570   0.558   0.075   0.086   0.021   0.011   0.359   0.007   0.000   0.011   0.000 319692100
 3.68    6.16    77.232
 3.68 30.00   3.089   4.499
 3.68 30.00   7.587    76.982
 3.68 30.00   6.191   4.452   7.587   0.760
 3.68 30.00   6.199   4.438   7.587   0.744

 3.69  0.00   0.569   0.558   0.075   0.086   0.021   0.011   0.359   0.007   0.000   0.011   0.000 320560800
 3.69    6.15    77.172
 3.69 30.00   3.085   4.499
 3.69 30.00   7.583    76.956
 3.69 30.00   6.188   4.449   7.583   0.759
 3.69 30.00   6.196   4.436   7.583   0.744

 3.70  0.00   0.569   0.557   0.075   0.086   0.021   0.011   0.359   0.007   0.000   0.011   0.000 321429600
 3.70    6.15    77.112
 3.70 30.00   3.081   4.499
 3.70 30.00   7.579    76.930
 3.70 30.00   6.185   4.447   7.579   0.759
 3.70 30.00   6.192   4.433   7.579   0.743

 3.71  0.00   0.568   0.557   0.075   0.086   0.021   0.011   0.359   0.007   0.000   0.011   0.000 322298300
 3.71    6.14    77.052
 3.71 30.00   3.077   4.499
 3.71 30.00   7.575    76.905
 3.71 30.00   6.182   4.444   7.575   0.758
 3.71 30.00   6.189   4.431   7.575   0.743

 3.72  0.00   0.568   0.557   0.074   0.086   0.021   0.011   0.358   0.007   0.000   0.011   0.000 323167000
 3.72    6.13    76.993
 3.72 30.00   3.073   4.499
 3.72 30.00   7.571    76.880
 3.72 30.00   6.178   4.442   7.571   0.757
 3.72 30.00   6.186   4.428   7.571   0.742

 3.73  0.00   0.568   0.556   0.074   0.086   0.021   0.011   0.358   0.007   0.000   0.011   0.000 324035700
 3.73    6.12    76.934
 3.73 30.00   3.069   4.499
 3.73 30.00   7.568    76.855
 3.73 30.00   6.175   4.439   7.568   0.757
 3.73 30.00   6.183   4.426   7.568   0.742

 3.74  0.00   0.567   0.556   0.074   0.086   0.021   0.011   0.358   0.007   0.000   0.011   0.000 324904500
 3.74    6.11    76.876
 3.74 30.00   3.065   4.499
 3.74 30.00   7.564    76.830
 3.74 30.00   6.172   4.437   7.564   0.756
 3.74 30.00   6.180   4.424   7.564   0.741

 3.75  0.00   0.567   0.555   0.074   0.086   0.021   0.011   0.358   0.007   0.000   0.011   0.000 325773200
 3.75    6.11    76.818
 3.75 30.00   3.061   4.499
 3.75 30.00   7.560    76.805
 3.75 30.00   6.169   4.434   7.560   0.756
 3.75 30.00   6.177   4.421   7.560   0.740

 3.76  0.00   0.566   0.555   0.074   0.086   0.020   0.011   0.358   0.007   0.000   0.011   0.000 326641900
 3.76    6.10    76.760
 3.76 30.00   3.057   4.499
 3.76 30.00   7.556    76.781
 3.76 30.00   6.166   4.432   7.556   0.755
 3.76 30.00   6.173   4.419   7.556   0.740

 3.77  0.00   0.566   0.555   0.074   0.086   0.020   0.010   0.358   0.007   0.000   0.011   0.000 327510700
 3.77    6.09    76.702
 3.77 30.00   3.053   4.499
 3.77 30.00   7.552    76.757
 3.77 30.00   6.163   4.429   7.552   0.754
 3.77 30.00   6.170   4.416   7.552   0.739

 3.78  0.00   0.565   0.554   0.073   0.086   0.020   0.010   0.358   0.007   0.000   0.011   0.000 328379400
 3.78    6.08    76.645
 3.78 30.00   3.049   4.499
 3.78 30.00   7.548    76.733
 3.78 30.00   6.160   4.427   7.548   0.754
 3.78 30.00   6.167   4.414   7.548   0.739

 3.79  0.00   0.565   0.554   0.073   0.086   0.020   0.010   0.358   0.007   0.000   0.011   0.000 329248100
 3.79    6.08    76.588
 3.79 30.00   3.045   4.499
 3.79 30.00   7.544    76.709
 3.79 30.00   6.157   4.424   7.544   0.753
 3.79 30.00   6.164   4.411   7.544   0.738

 3.80  0.00   0.565   0.553   0.073   0.086   0.020   0.010   0.358   0.007   0.000   0.011   0.000 330116800
 3.80    6.07    76.531
 3.80 30.00   3.041   4.499
 3.80 30.00   7.540    76.685
 3.80 30.00   6.154   4.422   7.540   0.753
 3.80 30.00   6.161   4.409   7.540   0.738

 3.81  0.00   0.564   0.553   0.073   0.086   0.020   0.010   0.358   0.007   0.000   0.011   0.000 330985600
 3.81    6.06    76.475
 3.81 30.00   3.038   4.499
 3.81 30.00   7.536    76.661
 3.81 30.00   6.151   4.419   7.536   0.752
 3.81 30.00   6.158   4.407   7.536   0.737

 3.82  0.00   0.564   0.553   0.073   0.086   0.020   0.010   0.358   0.007   0.000   0.010   0.000 331854300
 3.82    6.06    76.419
 3.82 30.00   3.034   4.499
 3.82 30.00   7.532    76.637
 3.82 30.00   6.147   4.417   7.532   0.752
 3.82 30.00   6.155   4.404   7.532   0.737

 3.83  0.00   0.563   0.552   0.073   0.086   0.020   0.010   0.358   0.007   0.000   0.010   0.000 332723000
 3.83    6.05    76.363
 3.83 30.00   3.030   4.499
 3.83 30.00   7.529    76.614
 3.83 30.00   6.144   4.415   7.529   0.751
 3.83 30.00   6.152   4.402   7.529   0.736

 3.84  0.00   0.563   0.552   0.072   0.086   0.020   0.010   0.358   0.007   0.000   0.010   0.000 333591700
 3.84    6.04    76.307
 3.84 30.00   3.026   4.499
 3.84 30.00   7.525    76.591
 3.84 30.00   6.141   4.412   7.525   0.750
 3.84 30.00   6.149   4.400   7.525   0.736

 3.85  0.00   0.562   0.552   0.072   0.085   0.020   0.010   0.358   0.007   0.000   0.010   0.000 334460500
 3.85    6.03    76.252
 3.85 30.00   3.022   4.499
 3.85 30.00   7.521    76.568
 3.85 30.00   6.138   4.410   7.521   0.750
 3.85 30.00   6.146   4.397   7.521   0.735

 3.86  0.00   0.562   0.551   0.072   0.085   0.020   0.010   0.357   0.007   0.000   0.010   0.000 335329200
 3.86    6.03    76.197
 3.86 30.00   3.018   4.499
 3.86 30.00   7.517    76.545
 3.86 30.00   6.135   4.407   7.517   0.749
 3.86 30.00   6.143   4.395   7.517   0.735

 3.87  0.00   0.562   0.551   0.072   0.085   0.020   0.010   0.357   0.007   0.000   0.010   0.000 336197900
 3.87    6.02    76.142
 3.87 30.00   3.015   4.499
 3.87 30.00   7.513    76.522
 3.87 30.00   6.132   4.405   7.513   0.749
 3.87 30.00   6.139   4.393   7.513   0.734

 3.88  0.00   0.561   0.550   0.072   0.085   0.020   0.010   0.357   0.007   0.000   0.010   0.000 337066700
 3.88    6.01    76.088
 3.88 30.00   3.011   4.499
 3.88 30.00   7.509    76.499
 3.88 30.00   6.129   4.403   7.509   0.748
 3.88 30.00   6.136   4.390   7.509   0.734

 3.89  0.00   0.561   0.550   0.072   0.085   0.020   0.010   0.357   0.007   0.000   0.010   0.000 337935400
 3.89    6.00    76.033
 3.89 30.00   3.007   4.499
 3.89 30.00   7.506    76.477
 3.89 30.00   6.126   4.400   7.506   0.748
 3.89 30.00   6.133   4.388   7.506   0.733

 3.90  0.00   0.560   0.550   0.071   0.085   0.020   0.010   0.357   0.007   0.000   0.010   0.000 338804100
 3.90    6.00    75.979
 3.90 30.00   3.003   4.499
 3.90 30.00   7.502    76.455
 3.90 30.00   6.123   4.398   7.502   0.747
 3.90 30.00   6.130   4.386   7.502   0.733

 3.91  0.00   0.560   0.549   0.071   0.085   0.020   0.010   0.357   0.007   0.000   0.010   0.000 339672900
 3.91    5.99    75.926
 3.91 30.00   2.999   4.499
 3.91 30.00   7.498    76.432
 3.91 30.00   6.120   4.396   7.498   0.747
 3.91 30.00   6.127   4.383   7.498   0.732

 3.92  0.00   0.559   0.549   0.071   0.085   0.019   0.010   0.357   0.007   0.000   0.010   0.000 340541600
 3.92    5.98    75.872
 3.92 30.00   2.996   4.499
 3.92 30.00   7.494    76.410
 3.92 30.00   6.117   4.393   7.494   0.746
 3.92 30.00   6.124   4.381   7.494   0.732

 3.93  0.00   0.559   0.548   0.071   0.085   0.019   0.010   0.357   0.007   0.000   0.010   0.000 341410300
 3.93    5.98    75.819
 3.93 30.00   2.992   4.499
 3.93 30.00   7.491    76.388
 3.93 30.00   6.114   4.391   7.491   0.745
 3.93 30.00   6.121   4.379   7.491   0.731

 3.94  0.00   0.559   0.548   0.071   0.085   0.019   0.010   0.357   0.006   0.000   0.010   0.000 342279000
 3.94    5.97    75.766
 3.94 30.00   2.988   4.499
 3.94 30.00   7.487    76.366
 3.94 30.00   6.111   4.388   7.487   0.745
 3.94 30.00   6.118   4.376   7.487   0.731

 3.95  0.00   0.558   0.548   0.071   0.085   0.019   0.010   0.357   0.006   0.000   0.010   0.000 343147800
 3.95    5.96    75.713
 3.95 30.00   2.984   4.499
 3.95 30.00   7.483    76.345
 3.95 30.00   6.108   4.386   7.483   0.744
 3.95 30.00   6.115   4.374   7.483   0.730

 3.96  0.00   0.558   0.547   0.070   0.085   0.019   0.010   0.357   0.006   0.000   0.010   0.000 344016500
 3.96    5.95    75.660
 3.96 30.00   2.981   4.499
 3.96 30.00   7.479    76.323
 3.96 30.00   6.105   4.384   7.479   0.744
 3.96 30.00   6.112   4.372   7.479   0.730

 3.97  0.00   0.557   0.547   0.070   0.085   0.019   0.010   0.357   0.006   0.000   0.010   0.000 344885200
 3.97    5.95    75.608
 3.97 30.00   2.977   4.499
 3.97 30.00   7.476    76.302
 3.97 30.00   6.103   4.381   7.476   0.743
 3.97 30.00   6.110   4.369   7.476   0.729

 3.98  0.00   0.557   0.547   0.070   0.085   0.019   0.010   0.357   0.006   0.000   0.010   0.000 345754000
 3.98    5.94    75.556
 3.98 30.00   2.973   4.499
 3.98 30.00   7.472    76.280
 3.98 30.00   6.100   4.379   7.472   0.743
 3.98 30.00   6.107   4.367   7.472   0.729

 3.99  0.00   0.557   0.546   0.070   0.085   0.019   0.010   0.357   0.006   0.000   0.010   0.000 346622700
 3.99    5.93    75.504
 3.99 30.00   2.970   4.499
 3.99 30.00   7.468    76.259
 3.99 30.00   6.097   4.377   7.468   0.742
 3.99 30.00   6.104   4.365   7.468   0.728

 4.00  0.00   0.556   0.546   0.070   0.085   0.019   0.010   0.356   0.006   0.000   0.010   0.000 347491400
 4.00    5.93    75.452
 4.00 30.00   2.966   4.499
 4.00 30.00   7.465    76.238
 4.00 30.00   6.094   4.375   7.465   0.742
 4.00 30.00   6.101   4.363   7.465   0.728

 4.01  0.00   0.556   0.545   0.070   0.085   0.019   0.010   0.356   0.006   0.000   0.010   0.000 348360200
 4.01    5.92    75.401
 4.01 30.00   2.962   4.499
 4.01 30.00   7.461    76.217
 4.01 30.00   6.091   4.372   7.461   0.741
 4.01 30.00   6.098   4.360   7.461   0.727

 4.02  0.00   0.555   0.545   0.070   0.085   0.019   0.010   0.356   0.006   0.000   0.010   0.000 349228900
 4.02    5.91    75.350
 4.02 30.00   2.959   4.499
 4.02 30.00   7.457    76.196
 4.02 30.00   6.088   4.370   7.457   0.741
 4.02 30.00   6.095   4.358   7.457   0.727

 4.03  0.00   0.555   0.545   0.069   0.085   0.019   0.010   0.356   0.006   0.000   0.010   0.000 350097600
 4.03    5.90    75.299
 4.03 30.00   2.955   4.499
 4.03 30.00   7.454    76.175
 4.03 30.00   6.085   4.368   7.454   0.740
 4.03 30.00   6.092   4.356   7.454   0.726

 4.04  0.00   0.555   0.544   0.069   0.085   0.019   0.010   0.356   0.006   0.000   0.010   0.000 350966300
 4.04    5.90    75.248
 4.04 30.00   2.951   4.499
 4.04 30.00   7.450    76.155
 4.04 30.00   6.082   4.365   7.450   0.740
 4.04 30.00   6.089   4.354   7.450   0.726

 4.05  0.00   0.554   0.544   0.069   0.085   0.019   0.010   0.356   0.006   0.000   0.010   0.000 351835100
 4.05    5.89    75.197
 4.05 30.00   2.948   4.499
 4.05 30.00   7.446    76.134
 4.05 30.00   6.079   4.363   7.446   0.739
 4.05 30.00   6.086   4.351   7.446   0.725

 4.06  0.00   0.554   0.544   0.069   0.085   0.019   0.010   0.356   0.006   0.000   0.010   0.000 352703800
 4.06    5.88    75.147
 4.06 30.00   2.944   4.499
 4.06 30.00   7.443    76.114
 4.06 30.00   6.076   4.361   7.443   0.739
 4.06 30.00   6.083   4.349   7.443   0.725

 4.07  0.00   0.554   0.543   0.069   0.085   0.019   0.010   0.356   0.006   0.000   0.010   0.000 353572500
 4.07    5.88    75.097
 4.07 30.00   2.940   4.499
 4.07 30.00   7.439    76.093
 4.07 30.00   6.073   4.359   7.439   0.738
 4.07 30.00   6.080   4.347   7.439   0.724

 4.08  0.00   0.553   0.543   0.069   0.085   0.018   0.010   0.356   0.006   0.000   0.010   0.000 354441200
 4.08    5.87    75.047
 4.08 30.00   2.937   4.499
 4.08 30.00   7.436    76.073
 4.08 30.00   6.071   4.357   7.436   0.738
 4.08 30.00   6.077   4.345   7.436   0.724

 4.09  0.00   0.553   0.543   0.068   0.085   0.018   0.010   0.356   0.006   0.000   0.009   0.000 355310000
 4.09    5.86    74.997
 4.09 30.00   2.933   4.499
 4.09 30.00   7.432    76.053
 4.09 30.00   6.068   4.354   7.432   0.737
 4.09 30.00   6.075   4.343   7.432   0.724

 4.10  0.00   0.552   0.542   0.068   0.085   0.018   0.010   0.356   0.006   0.000   0.009   0.000 356178700
 4.10    5.86    74.947
 4.10 30.00   2.930   4.499
 4.10 30.00   7.428    76.033
 4.10 30.00   6.065   4.352   7.428   0.737
 4.10 30.00   6.072   4.340   7.428   0.723

 4.11  0.00   0.552   0.542   0.068   0.085   0.018   0.010   0.356   0.006   0.000   0.009   0.000 357047400
 4.11    5.85    74.898
 4.11 30.00   2.926   4.499
 4.11 30.00   7.425    76.013
 4.11 30.00   6.062   4.350   7.425   0.736
 4.11 30.00   6.069   4.338   7.425   0.723

 4.12  0.00   0.552   0.542   0.068   0.084   0.018   0.010   0.356   0.006   0.000   0.009   0.000 357916100
 4.12    5.84    74.849
 4.12 30.00   2.923   4.499
 4.12 30.00   7.421    75.994
 4.12 30.00   6.059   4.348   7.421   0.736
 4.12 30.00   6.066   4.336   7.421   0.722

 4.13  0.00   0.551   0.541   0.068   0.084   0.018   0.010   0.356   0.006   0.000   0.009   0.000 358784900
 4.13    5.84    74.799
 4.13 30.00   2.919   4.499
 4.13 30.00   7.418    75.974
 4.13 30.00   6.056   4.345   7.418   0.735
 4.13 30.00   6.063   4.334   7.418   0.722

 4.14  0.00   0.551   0.541   0.068   0.084   0.018   0.010   0.355   0.006   0.000   0.009   0.000 359653600
 4.14    5.83    74.751
 4.14 30.00   2.916   4.499
 4.14 30.00   7.414    75.954
 4.14 30.00   6.054   4.343   7.414   0.735
 4.14 30.00   6.060   4.332   7.414   0.721

 4.15  0.00   0.551   0.541   0.068   0.084   0.018   0.010   0.355   0.006   0.000   0.009   0.000 360522300
 4.15    5.82    74.702
 4.15 30.00   2.912   4.499
 4.15 30.00   7.411    75.935
 4.15 30.00   6.051   4.341   7.411   0.734
 4.15 30.00   6.057   4.330   7.411   0.721

 4.16  0.00   0.550   0.540   0.067   0.084   0.018   0.010   0.355   0.006   0.000   0.009   0.000 361391000
 4.16    5.82    74.653
 4.16 30.00   2.908   4.499
 4.16 30.00   7.407    75.915
 4.16 30.00   6.048   4.339   7.407   0.734
 4.16 30.00   6.055   4.327   7.407   0.720

 4.17  0.00   0.550   0.540   0.067   0.084   0.018   0.010   0.355   0.006   0.000   0.009   0.000 362259800
 4.17    5.81    74.605
 4.17 30.00   2.905   4.499
 4.17 30.00   7.404    75.896
 4.17 30.00   6.045   4.337   7.404   0.733
 4.17 30.00   6.052   4.325   7.404   0.720

 4.18  0.00   0.549   0.540   0.067   0.084   0.018   0.010   0.355   0.006   0.000   0.009   0.000 363128500
 4.18    5.80    74.557
 4.18 30.00   2.901   4.499
 4.18 30.00   7.400    75.877
 4.18 30.00   6.042   4.335   7.400   0.733
 4.18 30.00   6.049   4.323   7.400   0.719

 4.19  0.00   0.549   0.539   0.067   0.084   0.018   0.010   0.355   0.006   0.000   0.009   0.000 363997200
 4.19    5.80    74.509
 4.19 30.00   2.898   4.499
 4.19 30.00   7.397    75.858
 4.19 30.00   6.040   4.332   7.397   0.732
 4.19 30.00   6.046   4.321   7.397   0.719

 4.20  0.00   0.549   0.539   0.067   0.084   0.018   0.010   0.355   0.006   0.000   0.009   0.000 364866000
 4.20    5.79    74.461
 4.20 30.00   2.895   4.499
 4.20 30.00   7.393    75.839
 4.20 30.00   6.037   4.330   7.393   0.732
 4.20 30.00   6.043   4.319   7.393   0.719

 4.21  0.00   0.548   0.539   0.067   0.084   0.018   0.009   0.355   0.006   0.000   0.009   0.000 365734700
 4.21    5.78    74.413
 4.21 30.00   2.891   4.499
 4.21 30.00   7.390    75.820
 4.21 30.00   6.034   4.328   7.390   0.731
 4.21 30.00   6.041   4.317   7.390   0.718

 4.22  0.00   0.548   0.538   0.066   0.084   0.018   0.009   0.355   0.006   0.000   0.009   0.000 366603400
 4.22    5.78    74.366
 4.22 30.00   2.888   4.499
 4.22 30.00   7.386    75.801
 4.22 30.00   6.031   4.326   7.386   0.731
 4.22 30.00   6.038   4.315   7.386   0.718

 4.23  0.00   0.548   0.538   0.066   0.084   0.018   0.009   0.355   0.006   0.000   0.009   0.000 367472200
 4.23    5.77    74.318
 4.23 30.00   2.884   4.499
 4.23 30.00   7.383    75.783
 4.23 30.00   6.029   4.324   7.383   0.730
 4.23 30.00   6.035   4.313   7.383   0.717

 4.24  0.00   0.547   0.538   0.066   0.084   0.018   0.009   0.355   0.006   0.000   0.009   0.000 368340900
 4.24    5.76    74.271
 4.24 30.00   2.881   4.499
 4.24 30.00   7.379    75.764
 4.24 30.00   6.026   4.322   7.379   0.730
 4.24 30.00   6.032   4.311   7.379   0.717

 4.25  0.00   0.547   0.537   0.066   0.084   0.018   0.009   0.355   0.006   0.000   0.009   0.000 369209600
 4.25    5.76    74.224
 4.25 30.00   2.877   4.499
 4.25 30.00   7.376    75.745
 4.25 30.00   6.023   4.320   7.376   0.729
 4.25 30.00   6.030   4.308   7.376   0.716

 4.26  0.00   0.547   0.537   0.066   0.084   0.017   0.009   0.355   0.006   0.000   0.009   0.000 370078400
 4.26    5.75    74.177
 4.26 30.00   2.874   4.499
 4.26 30.00   7.373    75.727
 4.26 30.00   6.020   4.317   7.373   0.729
 4.26 30.00   6.027   4.306   7.373   0.716

 4.27  0.00   0.546   0.537   0.066   0.084   0.017   0.009   0.355   0.006   0.000   0.009   0.000 370947100
 4.27    5.74    74.131
 4.27 30.00   2.870   4.499
 4.27 30.00   7.369    75.709
 4.27 30.00   6.018   4.315   7.369   0.728
 4.27 30.00   6.024   4.304   7.369   0.716

 4.28  0.00   0.546   0.536   0.066   0.084   0.017   0.009   0.355   0.006   0.000   0.009   0.000 371815800
 4.28    5.74    74.084
 4.28 30.00   2.867   4.499
 4.28 30.00   7.366    75.690
 4.28 30.00   6.015   4.313   7.366   0.728
 4.28 30.00   6.021   4.302   7.366   0.715

 4.29  0.00   0.546   0.536   0.065   0.084   0.017   0.009   0.354   0.006   0.000   0.009   0.000 372684500
 4.29    5.73    74.038
 4.29 30.00   2.864   4.499
 4.29 30.00   7.362    75.672
 4.29 30.00   6.012   4.311   7.362   0.727
 4.29 30.00   6.019   4.300   7.362   0.715

 4.30  0.00   0.545   0.536   0.065   0.084   0.017   0.009   0.354   0.006   0.000   0.009   0.000 373553300
 4.30    5.72    73.991
 4.30 30.00   2.860   4.499
 4.30 30.00   7.359    75.654
 4.30 30.00   6.010   4.309   7.359   0.727
 4.30 30.00   6.016   4.298   7.359   0.714

 4.31  0.00   0.545   0.535   0.065   0.084   0.017   0.009   0.354   0.006   0.000   0.009   0.000 374422000
 4.31    5.72    73.945
 4.31 30.00   2.857   4.499
 4.31 30.00   7.356    75.636
 4.31 30.00   6.007   4.307   7.356   0.727
 4.31 30.00   6.013   4.296   7.356   0.714

 4.32  0.00   0.545   0.535   0.065   0.084   0.017   0.009   0.354   0.006   0.000   0.009   0.000 375290700
 4.32    5.71    73.899
 4.32 30.00   2.854   4.499
 4.32 30.00   7.352    75.618
 4.32 30.00   6.004   4.305   7.352   0.726
 4.32 30.00   6.011   4.294   7.352   0.713

 4.33  0.00   0.544   0.535   0.065   0.084   0.017   0.009   0.354   0.006   0.000   0.009   0.000 376159500
 4.33    5.70    73.853
 4.33 30.00   2.850   4.499
 4.33 30.00   7.349    75.600
 4.33 30.00   6.002   4.303   7.349   0.726
 4.33 30.00   6.008   4.292   7.349   0.713

 4.34  0.00   0.544   0.534   0.065   0.084   0.017   0.009   0.354   0.006   0.000   0.009   0.000 377028200
 4.34    5.70    73.808
 4.34 30.00   2.847   4.499
 4.34 30.00   7.346    75.583
 4.34 30.00   5.999   4.301   7.346   0.725
 4.34 30.00   6.005   4.290   7.346   0.713

 4.35  0.00   0.544   0.534   0.065   0.084   0.017   0.009   0.354   0.006   0.000   0.009   0.000 377896900
 4.35    5.69    73.762
 4.35 30.00   2.844   4.499
 4.35 30.00   7.342    75.565
 4.35 30.00   5.996   4.299   7.342   0.725
 4.35 30.00   6.003   4.288   7.342   0.712

 4.36  0.00   0.543   0.534   0.064   0.084   0.017   0.009   0.354   0.006   0.000   0.009   0.000 378765600
 4.36    5.69    73.717
 4.36 30.00   2.840   4.499
 4.36 30.00   7.339    75.547
 4.36 30.00   5.994   4.297   7.339   0.724
 4.36 30.00   6.000   4.286   7.339   0.712

 4.37  0.00   0.543   0.534   0.064   0.084   0.017   0.009   0.354   0.006   0.000   0.009   0.000 379634400
 4.37    5.68    73.672
 4.37 30.00   2.837   4.499
 4.37 30.00   7.336    75.530
 4.37 30.00   5.991   4.295   7.336   0.724
 4.37 30.00   5.997   4.284   7.336   0.711

 4.38  0.00   0.543   0.533   0.064   0.084   0.017   0.009   0.354   0.006   0.000   0.009   0.000 380503100
 4.38    5.67    73.626
 4.38 30.00   2.834   4.499
 4.38 30.00   7.332    75.512
 4.38 30.00   5.988   4.293   7.332   0.723
 4.38 30.00   5.995   4.282   7.332   0.711

 4.39  0.00   0.542   0.533   0.064   0.084   0.017   0.009   0.354   0.006   0.000   0.009   0.000 381371800
 4.39    5.67    73.581
 4.39 30.00   2.830   4.499
 4.39 30.00   7.329    75.495
 4.39 30.00   5.986   4.291   7.329   0.723
 4.39 30.00   5.992   4.280   7.329   0.711

 4.40  0.00   0.542   0.533   0.064   0.084   0.017   0.009   0.354   0.006   0.000   0.009   0.000 382240500
 4.40    5.66    73.537
 4.40 30.00   2.827   4.499
 4.40 30.00   7.326    75.478
 4.40 30.00   5.983   4.289   7.326   0.722
 4.40 30.00   5.989   4.278   7.326   0.710

 4.41  0.00   0.542   0.532   0.064   0.084   0.017   0.009   0.354   0.006   0.000   0.009   0.000 383109200
 4.41    5.65    73.492
 4.41 30.00   2.824   4.499
 4.41 30.00   7.323    75.460
 4.41 30.00   5.981   4.287   7.323   0.722
 4.41 30.00   5.987   4.276   7.323   0.710

 4.42  0.00   0.541   0.532   0.064   0.084   0.017   0.009   0.354   0.006   0.000   0.009   0.000 383978000
 4.42    5.65    73.447
 4.42 30.00   2.821   4.499
 4.42 30.00   7.319    75.443
 4.42 30.00   5.978   4.285   7.319   0.722
 4.42 30.00   5.984   4.274   7.319   0.709

 4.43  0.00   0.541   0.532   0.063   0.083   0.017   0.009   0.354   0.006   0.000   0.009   0.000 384846700
 4.43    5.64    73.403
 4.43 30.00   2.817   4.499
 4.43 30.00   7.316    75.426
 4.43 30.00   5.975   4.283   7.316   0.721
 4.43 30.00   5.981   4.272   7.316   0.709

 4.44  0.00   0.541   0.531   0.063   0.083   0.017   0.009   0.354   0.006   0.000   0.009   0.000 385715500
 4.44    5.64    73.358
 4.44 30.00   2.814   4.499
 4.44 30.00   7.313    75.409
 4.44 30.00   5.973   4.281   7.313   0.721
 4.44 30.00   5.979   4.270   7.313   0.709

 4.45  0.00   0.540   0.531   0.063   0.083   0.017   0.009   0.353   0.006   0.000   0.009   0.000 386584200
 4.45    5.63    73.314
 4.45 30.00   2.811   4.499
 4.45 30.00   7.310    75.392
 4.45 30.00   5.970   4.279   7.310   0.720
 4.45 30.00   5.976   4.268   7.310   0.708

 4.46  0.00   0.540   0.531   0.063   0.083   0.016   0.009   0.353   0.006   0.000   0.009   0.000 387452900
 4.46    5.62    73.270
 4.46 30.00   2.808   4.499
 4.46 30.00   7.306    75.375
 4.46 30.00   5.968   4.277   7.306   0.720
 4.46 30.00   5.974   4.266   7.306   0.708

 4.47  0.00   0.540   0.530   0.063   0.083   0.016   0.009   0.353   0.006   0.000   0.009   0.000 388321600
 4.47    5.62    73.226
 4.47 30.00   2.804   4.499
 4.47 30.00   7.303    75.359
 4.47 30.00   5.965   4.275   7.303   0.719
 4.47 30.00   5.971   4.264   7.303   0.707

 4.48  0.00   0.539   0.530   0.063   0.083   0.016   0.009   0.353   0.006   0.000   0.009   0.000 389190400
 4.48    5.61    73.182
 4.48 30.00   2.801   4.499
 4.48 30.00   7.300    75.342
 4.48 30.00   5.962   4.273   7.300   0.719
 4.48 30.00   5.969   4.262   7.300   0.707

 4.49  0.00   0.539   0.530   0.063   0.083   0.016   0.009   0.353   0.006   0.000   0.009   0.000 390059100
 4.49    5.61    73.139
 4.49 30.00   2.798   4.499
 4.49 30.00   7.297    75.325
 4.49 30.00   5.960   4.271   7.297   0.719
 4.49 30.00   5.966   4.260   7.297   0.706

 4.50  0.00   0.539   0.530   0.063   0.083   0.016   0.009   0.353   0.006   0.000   0.009   0.000 390927800
 4.50    5.60    73.095
 4.50 30.00   2.795   4.499
 4.50 30.00   7.294    75.309
 4.50 30.00   5.957   4.269   7.294   0.718
 4.50 30.00   5.963   4.258   7.294   0.706

 4.51  0.00   0.538   0.529   0.062   0.083   0.016   0.009   0.353   0.006   0.000   0.009   0.000 391796600
 4.51    5.59    73.052
 4.51 30.00   2.792   4.499
 4.51 30.00   7.290    75.292
 4.51 30.00   5.955   4.267   7.290   0.718
 4.51 30.00   5.961   4.256   7.290   0.706

 4.52  0.00   0.538   0.529   0.062   0.083   0.016   0.009   0.353   0.006   0.000   0.009   0.000 392665300
 4.52    5.59    73.008
 4.52 30.00   2.789   4.499
 4.52 30.00   7.287    75.276
 4.52 30.00   5.952   4.265   7.287   0.717
 4.52 30.00   5.958   4.254   7.287   0.705

 4.53  0.00   0.538   0.529   0.062   0.083   0.016   0.009   0.353   0.006   0.000   0.009   0.000 393534000
 4.53    5.58    72.965
 4.53 30.00   2.785   4.499
 4.53 30.00   7.284    75.259
 4.53 30.00   5.950   4.263   7.284   0.717
 4.53 30.00   5.956   4.252   7.284   0.705

 4.54  0.00   0.537   0.528   0.062   0.083   0.016   0.009   0.353   0.006   0.000   0.009   0.000 394402800
 4.54    5.58    72.922
 4.54 30.00   2.782   4.499
 4.54 30.00   7.281    75.243
 4.54 30.00   5.947   4.261   7.281   0.716
 4.54 30.00   5.953   4.251   7.281   0.704

 4.55  0.00   0.537   0.528   0.062   0.083   0.016   0.009   0.353   0.006   0.000   0.009   0.000 395271500
 4.55    5.57    72.879
 4.55 30.00   2.779   4.499
 4.55 30.00   7.278    75.227
 4.55 30.00   5.945   4.259   7.278   0.716
 4.55 30.00   5.951   4.249   7.278   0.704

 4.56  0.00   0.537   0.528   0.062   0.083   0.016   0.009   0.353   0.006   0.000   0.009   0.000 396140200
 4.56    5.56    72.836
 4.56 30.00   2.776   4.499
 4.56 30.00   7.275    75.211
 4.56 30.00   5.942   4.257   7.275   0.716
 4.56 30.00   5.948   4.247   7.275   0.704

 4.57  0.00   0.536   0.527   0.062   0.083   0.016   0.009   0.353   0.006   0.000   0.009   0.000 397009000
 4.57    5.56    72.793
 4.57 30.00   2.773   4.499
 4.57 30.00   7.272    75.195
 4.57 30.00   5.940   4.255   7.272   0.715
 4.57 30.00   5.946   4.245   7.272   0.703

 4.58  0.00   0.536   0.527   0.061   0.083   0.016   0.009   0.353   0.006   0.000   0.008   0.000 397877700
 4.58    5.55    72.751
 4.58 30.00   2.770   4.499
 4.58 30.00   7.268    75.179
 4.58 30.00   5.937   4.253   7.268   0.715
 4.58 30.00   5.943   4.243   7.268   0.703

 4.59  0.00   0.536   0.527   0.061   0.083   0.016   0.009   0.353   0.006   0.000   0.008   0.000 398746400
 4.59    5.55    72.708
 4.59 30.00   2.767   4.499
 4.59 30.00   7.265    75.163
 4.59 30.00   5.935   4.251   7.265   0.714
 4.59 30.00   5.941   4.241   7.265   0.702

 4.60  0.00   0.535   0.527   0.061   0.083   0.016   0.009   0.353   0.006   0.000   0.008   0.000 399615100
 4.60    5.54    72.666
 4.60 30.00   2.764   4.499
 4.60 30.00   7.262    75.147
 4.60 30.00   5.932   4.249   7.262   0.714
 4.60 30.00   5.938   4.239   7.262   0.702

 4.61  0.00   0.535   0.526   0.061   0.083   0.016   0.009   0.352   0.006   0.000   0.008   0.000 400483900
 4.61    5.53    72.623
 4.61 30.00   2.761   4.499
 4.61 30.00   7.259    75.131
 4.61 30.00   5.930   4.247   7.259   0.713
 4.61 30.00   5.936   4.237   7.259   0.702

 4.62  0.00   0.535   0.526   0.061   0.083   0.016   0.009   0.352   0.006   0.000   0.008   0.000 401352600
 4.62    5.53    72.581
 4.62 30.00   2.757   4.499
 4.62 30.00   7.256    75.115
 4.62 30.00   5.927   4.246   7.256   0.713
 4.62 30.00   5.933   4.235   7.256   0.701

 4.63  0.00   0.534   0.526   0.061   0.083   0.016   0.009   0.352   0.006   0.000   0.008   0.000 402221300
 4.63    5.52    72.539
 4.63 30.00   2.754   4.499
 4.63 30.00   7.253    75.099
 4.63 30.00   5.925   4.244   7.253   0.713
 4.63 30.00   5.931   4.234   7.253   0.701

 4.64  0.00   0.534   0.525   0.061   0.083   0.016   0.009   0.352   0.006   0.000   0.008   0.000 403090000
 4.64    5.52    72.497
 4.64 30.00   2.751   4.499
 4.64 30.00   7.250    75.084
 4.64 30.00   5.923   4.242   7.250   0.712
 4.64 30.00   5.928   4.232   7.250   0.700

 4.65  0.00   0.534   0.525   0.061   0.083   0.016   0.009   0.352   0.006   0.000   0.008   0.000 403958800
 4.65    5.51    72.455
 4.65 30.00   2.748   4.499
 4.65 30.00   7.247    75.068
 4.65 30.00   5.920   4.240   7.247   0.712
 4.65 30.00   5.926   4.230   7.247   0.700

 4.66  0.00   0.534   0.525   0.060   0.083   0.016   0.009   0.352   0.006   0.000   0.008   0.000 404827500
 4.66    5.50    72.413
 4.66 30.00   2.745   4.499
 4.66 30.00   7.244    75.053
 4.66 30.00   5.918   4.238   7.244   0.711
 4.66 30.00   5.924   4.228   7.244   0.700

 4.67  0.00   0.533   0.524   0.060   0.083   0.016   0.009   0.352   0.006   0.000   0.008   0.000 405696200
 4.67    5.50    72.372
 4.67 30.00   2.742   4.499
 4.67 30.00   7.241    75.037
 4.67 30.00   5.915   4.236   7.241   0.711
 4.67 30.00   5.921   4.226   7.241   0.699

 4.68  0.00   0.533   0.524   0.060   0.083   0.015   0.009   0.352   0.006   0.000   0.008   0.000 406564900
 4.68    5.49    72.330
 4.68 30.00   2.739   4.499
 4.68 30.00   7.238    75.022
 4.68 30.00   5.913   4.234   7.238   0.711
 4.68 30.00   5.919   4.224   7.238   0.699

 4.69  0.00   0.533   0.524   0.060   0.083   0.015   0.009   0.352   0.006   0.000   0.008   0.000 407433700
 4.69    5.49    72.288
 4.69 30.00   2.736   4.499
 4.69 30.00   7.235    75.006
 4.69 30.00   5.911   4.232   7.235   0.710
 4.69 30.00   5.916   4.222   7.235   0.699

 4.70  0.00   0.532   0.524   0.060   0.083   0.015   0.009   0.352   0.005   0.000   0.008   0.000 408302400
 4.70    5.48    72.247
 4.70 30.00   2.733   4.499
 4.70 30.00   7.232    74.991
 4.70 30.00   5.908   4.231   7.232   0.710
 4.70 30.00   5.914   4.221   7.232   0.698

 4.71  0.00   0.532   0.523   0.060   0.083   0.015   0.009   0.352   0.005   0.000   0.008   0.000 409171100
 4.71    5.48    72.206
 4.71 30.00   2.730   4.499
 4.71 30.00   7.229    74.976
 4.71 30.00   5.906   4.229   7.229   0.709
 4.71 30.00   5.912   4.219   7.229   0.698

 4.72  0.00   0.532   0.523   0.060   0.083   0.015   0.009   0.352   0.005   0.000   0.008   0.000 410039800
 4.72    5.47    72.164
 4.72 30.00   2.727   4.499
 4.72 30.00   7.226    74.961
 4.72 30.00   5.903   4.227   7.226   0.709
 4.72 30.00   5.909   4.217   7.226   0.697

 4.73  0.00   0.531   0.523   0.060   0.083   0.015   0.008   0.352   0.005   0.000   0.008   0.000 410908600
 4.73    5.46    72.123
 4.73 30.00   2.724   4.499
 4.73 30.00   7.223    74.946
 4.73 30.00   5.901   4.225   7.223   0.709
 4.73 30.00   5.907   4.215   7.223   0.697

 4.74  0.00   0.531   0.523   0.059   0.083   0.015   0.008   0.352   0.005   0.000   0.008   0.000 411777300
 4.74    5.46    72.082
 4.74 30.00   2.721   4.499
 4.74 30.00   7.220    74.930
 4.74 30.00   5.899   4.223   7.220   0.708
 4.74 30.00   5.904   4.213   7.220   0.697

 4.75  0.00   0.531   0.522   0.059   0.083   0.015   0.008   0.352   0.005   0.000   0.008   0.000 412646000
 4.75    5.45    72.041
 4.75 30.00   2.718   4.499
 4.75 30.00   7.217    74.915
 4.75 30.00   5.896   4.221   7.217   0.708
 4.75 30.00   5.902   4.212   7.217   0.696

 4.76  0.00   0.531   0.522   0.059   0.083   0.015   0.008   0.352   0.005   0.000   0.008   0.000 413514800
 4.76    5.45    72.001
 4.76 30.00   2.715   4.499
 4.76 30.00   7.214    74.900
 4.76 30.00   5.894   4.220   7.214   0.707
 4.76 30.00   5.900   4.210   7.214   0.696

 4.77  0.00   0.530   0.522   0.059   0.083   0.015   0.008   0.352   0.005   0.000   0.008   0.000 414383500
 4.77    5.44    71.960
 4.77 30.00   2.712   4.499
 4.77 30.00   7.211    74.886
 4.77 30.00   5.892   4.218   7.211   0.707
 4.77 30.00   5.897   4.208   7.211   0.696

 4.78  0.00   0.530   0.521   0.059   0.083   0.015   0.008   0.351   0.005   0.000   0.008   0.000 415252300
 4.78    5.44    71.919
 4.78 30.00   2.710   4.499
 4.78 30.00   7.208    74.871
 4.78 30.00   5.889   4.216   7.208   0.707
 4.78 30.00   5.895   4.206   7.208   0.695

 4.79  0.00   0.530   0.521   0.059   0.083   0.015   0.008   0.351   0.005   0.000   0.008   0.000 416121000
 4.79    5.43    71.879
 4.79 30.00   2.707   4.499
 4.79 30.00   7.205    74.856
 4.79 30.00   5.887   4.214   7.205   0.706
 4.79 30.00   5.893   4.204   7.205   0.695

 4.80  0.00   0.529   0.521   0.059   0.082   0.015   0.008   0.351   0.005   0.000   0.008   0.000 416989700
 4.80    5.42    71.838
 4.80 30.00   2.704   4.499
 4.80 30.00   7.202    74.841
 4.80 30.00   5.885   4.212   7.202   0.706
 4.80 30.00   5.890   4.203   7.202   0.694

 4.81  0.00   0.529   0.521   0.059   0.082   0.015   0.008   0.351   0.005   0.000   0.008   0.000 417858400
 4.81    5.42    71.798
 4.81 30.00   2.701   4.499
 4.81 30.00   7.199    74.826
 4.81 30.00   5.882   4.211   7.199   0.705
 4.81 30.00   5.888   4.201   7.199   0.694

 4.82  0.00   0.529   0.520   0.058   0.082   0.015   0.008   0.351   0.005   0.000   0.008   0.000 418727200
 4.82    5.41    71.758
 4.82 30.00   2.698   4.499
 4.82 30.00   7.197    74.812
 4.82 30.00   5.880   4.209   7.197   0.705
 4.82 30.00   5.886   4.199   7.197   0.694

 4.83  0.00   0.528   0.520   0.058   0.082   0.015   0.008   0.351   0.005   0.000   0.008   0.000 419595900
 4.83    5.41    71.718
 4.83 30.00   2.695   4.499
 4.83 30.00   7.194    74.797
 4.83 30.00   5.878   4.207   7.194   0.705
 4.83 30.00   5.883   4.197   7.194   0.693

 4.84  0.00   0.528   0.520   0.058   0.082   0.015   0.008   0.351   0.005   0.000   0.008   0.000 420464600
 4.84    5.40    71.678
 4.84 30.00   2.692   4.499
 4.84 30.00   7.191    74.783
 4.84 30.00   5.875   4.205   7.191   0.704
 4.84 30.00   5.881   4.196   7.191   0.693

 4.85  0.00   0.528   0.519   0.058   0.082   0.015   0.008   0.351   0.005   0.000   0.008   0.000 421333300
 4.85    5.40    71.638
 4.85 30.00   2.689   4.499
 4.85 30.00   7.188    74.768
 4.85 30.00   5.873   4.204   7.188   0.704
 4.85 30.00   5.879   4.194   7.188   0.693

 4.86  0.00   0.528   0.519   0.058   0.082   0.015   0.008   0.351   0.005   0.000   0.008   0.000 422202100
 4.86    5.39    71.598
 4.86 30.00   2.686   4.499
 4.86 30.00   7.185    74.754
 4.86 30.00   5.871   4.202   7.185   0.703
 4.86 30.00   5.876   4.192   7.185   0.692

 4.87  0.00   0.527   0.519   0.058   0.082   0.015   0.008   0.351   0.005   0.000   0.008   0.000 423070800
 4.87    5.39    71.558
 4.87 30.00   2.684   4.499
 4.87 30.00   7.182    74.739
 4.87 30.00   5.868   4.200   7.182   0.703
 4.87 30.00   5.874   4.190   7.182   0.692

 4.88  0.00   0.527   0.519   0.058   0.082   0.015   0.008   0.351   0.005   0.000   0.008   0.000 423939500
 4.88    5.38    71.518
 4.88 30.00   2.681   4.499
 4.88 30.00   7.179    74.725
 4.88 30.00   5.866   4.198   7.179   0.703
 4.88 30.00   5.872   4.189   7.179   0.692

 4.89  0.00   0.527   0.518   0.058   0.082   0.015   0.008   0.351   0.005   0.000   0.008   0.000 424808200
 4.89    5.38    71.478
 4.89 30.00   2.678   4.499
 4.89 30.00   7.177    74.711
 4.89 30.00   5.864   4.196   7.177   0.702
 4.89 30.00   5.869   4.187   7.177   0.691

 4.90  0.00   0.526   0.518   0.057   0.082   0.015   0.008   0.351   0.005   0.000   0.008   0.000 425677000
 4.90    5.37    71.439
 4.90 30.00   2.675   4.499
 4.90 30.00   7.174    74.697
 4.90 30.00   5.862   4.195   7.174   0.702
 4.90 30.00   5.867   4.185   7.174   0.691

 4.91  0.00   0.526   0.518   0.057   0.082   0.014   0.008   0.351   0.005   0.000   0.008   0.000 426545700
 4.91    5.36    71.399
 4.91 30.00   2.672   4.499
 4.91 30.00   7.171    74.682
 4.91 30.00   5.859   4.193   7.171   0.702
 4.91 30.00   5.865   4.183   7.171   0.691

 4.92  0.00   0.526   0.518   0.057   0.082   0.014   0.008   0.351   0.005   0.000   0.008   0.000 427414400
 4.92    5.36    71.360
 4.92 30.00   2.669   4.499
 4.92 30.00   7.168    74.668
 4.92 30.00   5.857   4.191   7.168   0.701
 4.92 30.00   5.863   4.182   7.168   0.690

 4.93  0.00   0.526   0.517   0.057   0.082   0.014   0.008   0.351   0.005   0.000   0.008   0.000 428283100
 4.93    5.35    71.321
 4.93 30.00   2.667   4.499
 4.93 30.00   7.165    74.654
 4.93 30.00   5.855   4.190   7.165   0.701
 4.93 30.00   5.860   4.180   7.165   0.690

 4.94  0.00   0.525   0.517   0.057   0.082   0.014   0.008   0.351   0.005   0.000   0.008   0.000 429151900
 4.94    5.35    71.282
 4.94 30.00   2.664   4.499
 4.94 30.00   7.162    74.640
 4.94 30.00   5.853   4.188   7.162   0.700
 4.94 30.00   5.858   4.178   7.162   0.689

 4.95  0.00   0.525   0.517   0.057   0.082   0.014   0.008   0.351   0.005   0.000   0.008   0.000 430020600
 4.95    5.34    71.242
 4.95 30.00   2.661   4.499
 4.95 30.00   7.160    74.626
 4.95 30.00   5.850   4.186   7.160   0.700
 4.95 30.00   5.856   4.177   7.160   0.689

 4.96  0.00   0.525   0.517   0.057   0.082   0.014   0.008   0.350   0.005   0.000   0.008   0.000 430889300
 4.96    5.34    71.203
 4.96 30.00   2.658   4.499
 4.96 30.00   7.157    74.612
 4.96 30.00   5.848   4.184   7.157   0.700
 4.96 30.00   5.854   4.175   7.157   0.689

 4.97  0.00   0.524   0.516   0.057   0.082   0.014   0.008   0.350   0.005   0.000   0.008   0.000 431758000
 4.97    5.33    71.164
 4.97 30.00   2.655   4.499
 4.97 30.00   7.154    74.598
 4.97 30.00   5.846   4.183   7.154   0.699
 4.97 30.00   5.851   4.173   7.154   0.688

 4.98  0.00   0.524   0.516   0.057   0.082   0.014   0.008   0.350   0.005   0.000   0.008   0.000 432626800
 4.98    5.33    71.126
 4.98 30.00   2.653   4.499
 4.98 30.00   7.151    74.585
 4.98 30.00   5.844   4.181   7.151   0.699
 4.98 30.00   5.849   4.172   7.151   0.688

 4.99  0.00   0.524   0.516   0.056   0.082   0.014   0.008   0.350   0.005   0.000   0.008   0.000 433495500
 4.99    5.32    71.087
 4.99 30.00   2.650   4.499
 4.99 30.00   7.149    74.571
 4.99 30.00   5.842   4.179   7.149   0.699
 4.99 30.00   5.847   4.170   7.149   0.688

 5.00  0.00   0.524   0.516   0.056   0.082   0.014   0.008   0.350   0.005   0.000   0.008   0.000 434364300
 5.00    5.32    71.048
 5.00 30.00   2.647   4.499
 5.00 30.00   7.146    74.557
 5.00 30.00   5.839   4.178   7.146   0.698
 5.00 30.00   5.845   4.168   7.146   0.687

 5.01  0.00   0.523   0.515   0.056   0.082   0.014   0.008   0.350   0.005   0.000   0.008   0.000 435233000
 5.01    5.31    71.009
 5.01 30.00   2.644   4.499
 5.01 30.00   7.143    74.543
 5.01 30.00   5.837   4.176   7.143   0.698
 5.01 30.00   5.843   4.167   7.143   0.687

 5.02  0.00   0.523   0.515   0.056   0.082   0.014   0.008   0.350   0.005   0.000   0.008   0.000 436101700
 5.02    5.31    70.971
 5.02 30.00   2.642   4.499
 5.02 30.00   7.140    74.530
 5.02 30.00   5.835   4.174   7.140   0.697
 5.02 30.00   5.840   4.165   7.140   0.687

 5.03  0.00   0.523   0.515   0.056   0.082   0.014   0.008   0.350   0.005   0.000   0.008   0.000 436970500
 5.03    5.30    70.932
 5.03 30.00   2.639   4.499
 5.03 30.00   7.138    74.516
 5.03 30.00   5.833   4.173   7.138   0.697
 5.03 30.00   5.838   4.163   7.138   0.686

 5.04  0.00   0.523   0.515   0.056   0.082   0.014   0.008   0.350   0.005   0.000   0.008   0.000 437839200
 5.04    5.30    70.894
 5.04 30.00   2.636   4.499
 5.04 30.00   7.135    74.502
 5.04 30.00   5.831   4.171   7.135   0.697
 5.04 30.00   5.836   4.162   7.135   0.686

 5.05  0.00   0.522   0.514   0.056   0.082   0.014   0.008   0.350   0.005   0.000   0.008   0.000 438707900
 5.05    5.29    70.856
 5.05 30.00   2.634   4.499
 5.05 30.00   7.132    74.489
 5.05 30.00   5.828   4.169   7.132   0.696
 5.05 30.00   5.834   4.160   7.132   0.686

 5.06  0.00   0.522   0.514   0.056   0.082   0.014   0.008   0.350   0.005   0.000   0.008   0.000 439576600
 5.06    5.29    70.817
 5.06 30.00   2.631   4.499
 5.06 30.00   7.130    74.475
 5.06 30.00   5.826   4.168   7.130   0.696
 5.06 30.00   5.832   4.158   7.130   0.685

 5.07  0.00   0.522   0.514   0.056   0.082   0.014   0.008   0.350   0.005   0.000   0.008   0.000 440445400
 5.07    5.28    70.779
 5.07 30.00   2.628   4.499
 5.07 30.00   7.127    74.462
 5.07 30.00   5.824   4.166   7.127   0.696
 5.07 30.00   5.830   4.157   7.127   0.685

 5.08  0.00   0.521   0.513   0.055   0.082   0.014   0.008   0.350   0.005   0.000   0.008   0.000 441314100
 5.08    5.28    70.741
 5.08 30.00   2.625   4.499
 5.08 30.00   7.124    74.449
 5.08 30.00   5.822   4.164   7.124   0.695
 5.08 30.00   5.827   4.155   7.124   0.685

 5.09  0.00   0.521   0.513   0.055   0.082   0.014   0.008   0.350   0.005   0.000   0.008   0.000 442182800
 5.09    5.27    70.703
 5.09 30.00   2.623   4.499
 5.09 30.00   7.121    74.435
 5.09 30.00   5.820   4.163   7.121   0.695
 5.09 30.00   5.825   4.153   7.121   0.684

 5.10  0.00   0.521   0.513   0.055   0.082   0.014   0.008   0.350   0.005   0.000   0.008   0.000 443051600
 5.10    5.27    70.665
 5.10 30.00   2.620   4.499
 5.10 30.00   7.119    74.422
 5.10 30.00   5.818   4.161   7.119   0.695
 5.10 30.00   5.823   4.152   7.119   0.684

 5.11  0.00   0.521   0.513   0.055   0.082   0.014   0.008   0.350   0.005   0.000   0.008   0.000 443920300
 5.11    5.26    70.627
 5.11 30.00   2.617   4.499
 5.11 30.00   7.116    74.409
 5.11 30.00   5.816   4.159   7.116   0.694
 5.11 30.00   5.821   4.150   7.116   0.684

 5.12  0.00   0.520   0.512   0.055   0.082   0.014   0.008   0.350   0.005   0.000   0.008   0.000 444789000
 5.12    5.26    70.589
 5.12 30.00   2.615   4.499
 5.12 30.00   7.113    74.396
 5.12 30.00   5.814   4.158   7.113   0.694
 5.12 30.00   5.819   4.149   7.113   0.683

 5.13  0.00   0.520   0.512   0.055   0.082   0.014   0.008   0.350   0.005   0.000   0.008   0.000 445657700
 5.13    5.25    70.552
 5.13 30.00   2.612   4.499
 5.13 30.00   7.111    74.382
 5.13 30.00   5.811   4.156   7.111   0.694
 5.13 30.00   5.817   4.147   7.111   0.683

 5.14  0.00   0.520   0.512   0.055   0.082   0.014   0.008   0.349   0.005   0.000   0.008   0.000 446526400
 5.14    5.25    70.514
 5.14 30.00   2.610   4.499
 5.14 30.00   7.108    74.369
 5.14 30.00   5.809   4.154   7.108   0.693
 5.14 30.00   5.815   4.145   7.108   0.683

 5.15  0.00   0.520   0.512   0.055   0.082   0.014   0.008   0.349   0.005   0.000   0.008   0.000 447395200
 5.15    5.24    70.476
 5.15 30.00   2.607   4.499
 5.15 30.00   7.106    74.356
 5.15 30.00   5.807   4.153   7.106   0.693
 5.15 30.00   5.812   4.144   7.106   0.682

 5.16  0.00   0.519   0.512   0.055   0.082   0.013   0.008   0.349   0.005   0.000   0.008   0.000 448263900
 5.16    5.24    70.439
 5.16 30.00   2.604   4.499
 5.16 30.00   7.103    74.343
 5.16 30.00   5.805   4.151   7.103   0.692
 5.16 30.00   5.810   4.142   7.103   0.682

 5.17  0.00   0.519   0.511   0.054   0.082   0.013   0.008   0.349   0.005   0.000   0.008   0.000 449132600
 5.17    5.23    70.401
 5.17 30.00   2.602   4.499
 5.17 30.00   7.100    74.330
 5.17 30.00   5.803   4.150   7.100   0.692
 5.17 30.00   5.808   4.141   7.100   0.682

 5.18  0.00   0.519   0.511   0.054   0.082   0.013   0.008   0.349   0.005   0.000   0.007   0.000 450001300
 5.18    5.23    70.364
 5.18 30.00   2.599   4.499
 5.18 30.00   7.098    74.317
 5.18 30.00   5.801   4.148   7.098   0.692
 5.18 30.00   5.806   4.139   7.098   0.681

 5.19  0.00   0.519   0.511   0.054   0.082   0.013   0.008   0.349   0.005   0.000   0.007   0.000 450870100
 5.19    5.22    70.327
 5.19 30.00   2.596   4.499
 5.19 30.00   7.095    74.304
 5.19 30.00   5.799   4.146   7.095   0.691
 5.19 30.00   5.804   4.137   7.095   0.681

 5.20  0.00   0.518   0.511   0.054   0.082   0.013   0.008   0.349   0.005   0.000   0.007   0.000 451738800
 5.20    5.22    70.289
 5.20 30.00   2.594   4.499
 5.20 30.00   7.093    74.291
 5.20 30.00   5.797   4.145   7.093   0.691
 5.20 30.00   5.802   4.136   7.093   0.681

 5.21  0.00   0.518   0.510   0.054   0.082   0.013   0.008   0.349   0.005   0.000   0.007   0.000 452607600
 5.21    5.21    70.252
 5.21 30.00   2.591   4.499
 5.21 30.00   7.090    74.279
 5.21 30.00   5.795   4.143   7.090   0.691
 5.21 30.00   5.800   4.134   7.090   0.680

 5.22  0.00   0.518   0.510   0.054   0.082   0.013   0.008   0.349   0.005   0.000   0.007   0.000 453476300
 5.22    5.21    70.215
 5.22 30.00   2.589   4.499
 5.22 30.00   7.087    74.266
 5.22 30.00   5.793   4.142   7.087   0.690
 5.22 30.00   5.798   4.133   7.087   0.680

 5.23  0.00   0.518   0.510   0.054   0.082   0.013   0.008   0.349   0.005   0.000   0.007   0.000 454345000
 5.23    5.20    70.178
 5.23 30.00   2.586   4.499
 5.23 30.00   7.085    74.253
 5.23 30.00   5.791   4.140   7.085   0.690
 5.23 30.00   5.796   4.131   7.085   0.680

 5.24  0.00   0.517   0.510   0.054   0.081   0.013   0.008   0.349   0.005   0.000   0.007   0.000 455213700
 5.24    5.20    70.141
 5.24 30.00   2.584   4.499
 5.24 30.00   7.082    74.240
 5.24 30.00   5.789   4.138   7.082   0.690
 5.24 30.00   5.794   4.129   7.082   0.679

 5.25  0.00   0.517   0.509   0.054   0.081   0.013   0.008   0.349   0.005   0.000   0.007   0.000 456082500
 5.25    5.19    70.104
 5.25 30.00   2.581   4.499
 5.25 30.00   7.080    74.228
 5.25 30.00   5.786   4.137   7.080   0.689
 5.25 30.00   5.792   4.128   7.080   0.679

 5.26  0.00   0.517   0.509   0.053   0.081   0.013   0.008   0.349   0.005   0.000   0.007   0.000 456951200
 5.26    5.19    70.068
 5.26 30.00   2.578   4.499
 5.26 30.00   7.077    74.215
 5.26 30.00   5.784   4.135   7.077   0.689
 5.26 30.00   5.790   4.126   7.077   0.679

 5.27  0.00   0.516   0.509   0.053   0.081   0.013   0.008   0.349   0.005   0.000   0.007   0.000 457819900
 5.27    5.18    70.031
 5.27 30.00   2.576   4.499
 5.27 30.00   7.075    74.202
 5.27 30.00   5.782   4.134   7.075   0.689
 5.27 30.00   5.788   4.125   7.075   0.678

 5.28  0.00   0.516   0.509   0.053   0.081   0.013   0.008   0.349   0.005   0.000   0.007   0.000 458688700
 5.28    5.18    69.994
 5.28 30.00   2.573   4.499
 5.28 30.00   7.072    74.190
 5.28 30.00   5.780   4.132   7.072   0.688
 5.28 30.00   5.785   4.123   7.072   0.678

 5.29  0.00   0.516   0.508   0.053   0.081   0.013   0.008   0.349   0.005   0.000   0.007   0.000 459557400
 5.29    5.17    69.957
 5.29 30.00   2.571   4.499
 5.29 30.00   7.069    74.177
 5.29 30.00   5.778   4.131   7.069   0.688
 5.29 30.00   5.783   4.122   7.069   0.678

 5.30  0.00   0.516   0.508   0.053   0.081   0.013   0.008   0.349   0.005   0.000   0.007   0.000 460426100
 5.30    5.17    69.921
 5.30 30.00   2.568   4.499
 5.30 30.00   7.067    74.165
 5.30 30.00   5.776   4.129   7.067   0.688
 5.30 30.00   5.781   4.120   7.067   0.678

 5.31  0.00   0.515   0.508   0.053   0.081   0.013   0.008   0.349   0.005   0.000   0.007   0.000 461294800
 5.31    5.16    69.884
 5.31 30.00   2.566   4.499
 5.31 30.00   7.064    74.152
 5.31 30.00   5.774   4.127   7.064   0.687
 5.31 30.00   5.779   4.119   7.064   0.677

 5.32  0.00   0.515   0.508   0.053   0.081   0.013   0.008   0.349   0.005   0.000   0.007   0.000 462163600
 5.32    5.16    69.848
 5.32 30.00   2.563   4.499
 5.32 30.00   7.062    74.140
 5.32 30.00   5.772   4.126   7.062   0.687
 5.32 30.00   5.777   4.117   7.062   0.677

 5.33  0.00   0.515   0.507   0.053   0.081   0.013   0.008   0.349   0.005   0.000   0.007   0.000 463032300
 5.33    5.15    69.812
 5.33 30.00   2.561   4.499
 5.33 30.00   7.059    74.128
 5.33 30.00   5.770   4.124   7.059   0.687
 5.33 30.00   5.775   4.116   7.059   0.677

 5.34  0.00   0.515   0.507   0.053   0.081   0.013   0.008   0.348   0.005   0.000   0.007   0.000 463901100
 5.34    5.15    69.775
 5.34 30.00   2.558   4.499
 5.34 30.00   7.057    74.115
 5.34 30.00   5.768   4.123   7.057   0.686
 5.34 30.00   5.773   4.114   7.057   0.676

 5.35  0.00   0.514   0.507   0.053   0.081   0.013   0.007   0.348   0.005   0.000   0.007   0.000 464769800
 5.35    5.14    69.739
 5.35 30.00   2.556   4.499
 5.35 30.00   7.054    74.103
 5.35 30.00   5.766   4.121   7.054   0.686
 5.35 30.00   5.771   4.113   7.054   0.676

 5.36  0.00   0.514   0.507   0.052   0.081   0.013   0.007   0.348   0.005   0.000   0.007   0.000 465638500
 5.36    5.14    69.703
 5.36 30.00   2.553   4.499
 5.36 30.00   7.052    74.091
 5.36 30.00   5.764   4.120   7.052   0.686
 5.36 30.00   5.769   4.111   7.052   0.676

 5.37  0.00   0.514   0.506   0.052   0.081   0.013   0.007   0.348   0.005   0.000   0.007   0.000 466507200
 5.37    5.13    69.667
 5.37 30.00   2.551   4.499
 5.37 30.00   7.049    74.078
 5.37 30.00   5.762   4.118   7.049   0.685
 5.37 30.00   5.767   4.110   7.049   0.675

 5.38  0.00   0.514   0.506   0.052   0.081   0.013   0.007   0.348   0.005   0.000   0.007   0.000 467376000
 5.38    5.13    69.631
 5.38 30.00   2.548   4.499
 5.38 30.00   7.047    74.066
 5.38 30.00   5.760   4.117   7.047   0.685
 5.38 30.00   5.765   4.108   7.047   0.675

 5.39  0.00   0.513   0.506   0.052   0.081   0.013   0.007   0.348   0.005   0.000   0.007   0.000 468244700
 5.39    5.12    69.595
 5.39 30.00   2.546   4.499
 5.39 30.00   7.045    74.054
 5.39 30.00   5.758   4.115   7.045   0.685
 5.39 30.00   5.763   4.107   7.045   0.675

 5.40  0.00   0.513   0.506   0.052   0.081   0.012   0.007   0.348   0.005   0.000   0.007   0.000 469113400
 5.40    5.12    69.559
 5.40 30.00   2.543   4.499
 5.40 30.00   7.042    74.042
 5.40 30.00   5.757   4.114   7.042   0.684
 5.40 30.00   5.761   4.105   7.042   0.674

 5.41  0.00   0.513   0.506   0.052   0.081   0.012   0.007   0.348   0.005   0.000   0.007   0.000 469982100
 5.41    5.11    69.523
 5.41 30.00   2.541   4.499
 5.41 30.00   7.040    74.030
 5.41 30.00   5.755   4.112   7.040   0.684
 5.41 30.00   5.759   4.104   7.040   0.674

 5.42  0.00   0.513   0.505   0.052   0.081   0.012   0.007   0.348   0.005   0.000   0.007   0.000 470850800
 5.42    5.11    69.487
 5.42 30.00   2.539   4.499
 5.42 30.00   7.037    74.018
 5.42 30.00   5.753   4.111   7.037   0.684
 5.42 30.00   5.758   4.102   7.037   0.674

 5.43  0.00   0.512   0.505   0.052   0.081   0.012   0.007   0.348   0.005   0.000   0.007   0.000 471719600
 5.43    5.10    69.452
 5.43 30.00   2.536   4.499
 5.43 30.00   7.035    74.006
 5.43 30.00   5.751   4.109   7.035   0.683
 5.43 30.00   5.756   4.101   7.035   0.673

 5.44  0.00   0.512   0.505   0.052   0.081   0.012   0.007   0.348   0.005   0.000   0.007   0.000 472588300
 5.44    5.10    69.416
 5.44 30.00   2.534   4.499
 5.44 30.00   7.032    73.994
 5.44 30.00   5.749   4.108   7.032   0.683
 5.44 30.00   5.754   4.099   7.032   0.673

 5.45  0.00   0.512   0.505   0.052   0.081   0.012   0.007   0.348   0.005   0.000   0.007   0.000 473457000
 5.45    5.10    69.380
 5.45 30.00   2.531   4.499
 5.45 30.00   7.030    73.982
 5.45 30.00   5.747   4.106   7.030   0.683
 5.45 30.00   5.752   4.098   7.030   0.673

 5.46  0.00   0.512   0.504   0.051   0.081   0.012   0.007   0.348   0.005   0.000   0.007   0.000 474325800
 5.46    5.09    69.345
 5.46 30.00   2.529   4.499
 5.46 30.00   7.028    73.970
 5.46 30.00   5.745   4.105   7.028   0.682
 5.46 30.00   5.750   4.096   7.028   0.673

 5.47  0.00   0.511   0.504   0.051   0.081   0.012   0.007   0.348   0.005   0.000   0.007   0.000 475194500
 5.47    5.09    69.309
 5.47 30.00   2.526   4.499
 5.47 30.00   7.025    73.958
 5.47 30.00   5.743   4.103   7.025   0.682
 5.47 30.00   5.748   4.095   7.025   0.672

 5.48  0.00   0.511   0.504   0.051   0.081   0.012   0.007   0.348   0.005   0.000   0.007   0.000 476063200
 5.48    5.08    69.274
 5.48 30.00   2.524   4.499
 5.48 30.00   7.023    73.946
 5.48 30.00   5.741   4.102   7.023   0.682
 5.48 30.00   5.746   4.093   7.023   0.672

 5.49  0.00   0.511   0.504   0.051   0.081   0.012   0.007   0.348   0.005   0.000   0.007   0.000 476931900
 5.49    5.08    69.239
 5.49 30.00   2.522   4.499
 5.49 30.00   7.020    73.935
 5.49 30.00   5.739   4.100   7.020   0.681
 5.49 30.00   5.744   4.092   7.020   0.672

 5.50  0.00   0.511   0.504   0.051   0.081   0.012   0.007   0.348   0.005   0.000   0.007   0.000 477800700
 5.50    5.07    69.203
 5.50 30.00   2.519   4.499
 5.50 30.00   7.018    73.923
 5.50 30.00   5.737   4.099   7.018   0.681
 5.50 30.00   5.742   4.090   7.018   0.671

 5.51  0.00   0.511   0.503   0.051   0.081   0.012   0.007   0.348   0.005   0.000   0.007   0.000 478669400
 5.51    5.07    69.168
 5.51 30.00   2.517   4.499
 5.51 30.00   7.016    73.911
 5.51 30.00   5.735   4.097   7.016   0.681
 5.51 30.00   5.740   4.089   7.016   0.671

 5.52  0.00   0.510   0.503   0.051   0.081   0.012   0.007   0.348   0.005   0.000   0.007   0.000 479538100
 5.52    5.06    69.133
 5.52 30.00   2.515   4.499
 5.52 30.00   7.013    73.899
 5.52 30.00   5.733   4.096   7.013   0.680
 5.52 30.00   5.738   4.088   7.013   0.671

 5.53  0.00   0.510   0.503   0.051   0.081   0.012   0.007   0.348   0.005   0.000   0.007   0.000 480406900
 5.53    5.06    69.098
 5.53 30.00   2.512   4.499
 5.53 30.00   7.011    73.888
 5.53 30.00   5.732   4.094   7.011   0.680
 5.53 30.00   5.736   4.086   7.011   0.670

 5.54  0.00   0.510   0.503   0.051   0.081   0.012   0.007   0.347   0.005   0.000   0.007   0.000 481275600
 5.54    5.05    69.063
 5.54 30.00   2.510   4.499
 5.54 30.00   7.008    73.876
 5.54 30.00   5.730   4.093   7.008   0.680
 5.54 30.00   5.734   4.085   7.008   0.670

 5.55  0.00   0.510   0.502   0.051   0.081   0.012   0.007   0.347   0.005   0.000   0.007   0.000 482144400
 5.55    5.05    69.028
 5.55 30.00   2.507   4.499
 5.55 30.00   7.006    73.864
 5.55 30.00   5.728   4.091   7.006   0.679
 5.55 30.00   5.733   4.083   7.006   0.670

 5.56  0.00   0.509   0.502   0.050   0.081   0.012   0.007   0.347   0.005   0.000   0.007   0.000 483013100
 5.56    5.05    68.993
 5.56 30.00   2.505   4.499
 5.56 30.00   7.004    73.853
 5.56 30.00   5.726   4.090   7.004   0.679
 5.56 30.00   5.731   4.082   7.004   0.670

 5.57  0.00   0.509   0.502   0.050   0.081   0.012   0.007   0.347   0.005   0.000   0.007   0.000 483881800
 5.57    5.04    68.958
 5.57 30.00   2.503   4.499
 5.57 30.00   7.001    73.841
 5.57 30.00   5.724   4.089   7.001   0.679
 5.57 30.00   5.729   4.080   7.001   0.669

 5.58  0.00   0.509   0.502   0.050   0.081   0.012   0.007   0.347   0.005   0.000   0.007   0.000 484750500
 5.58    5.04    68.923
 5.58 30.00   2.500   4.499
 5.58 30.00   6.999    73.830
 5.58 30.00   5.722   4.087   6.999   0.678
 5.58 30.00   5.727   4.079   6.999   0.669

 5.59  0.00   0.509   0.502   0.050   0.081   0.012   0.007   0.347   0.005   0.000   0.007   0.000 485619300
 5.59    5.03    68.888
 5.59 30.00   2.498   4.499
 5.59 30.00   6.997    73.818
 5.59 30.00   5.720   4.086   6.997   0.678
 5.59 30.00   5.725   4.078   6.997   0.669

 5.60  0.00   0.508   0.501   0.050   0.081   0.012   0.007   0.347   0.005   0.000   0.007   0.000 486488000
 5.60    5.03    68.854
 5.60 30.00   2.496   4.499
 5.60 30.00   6.994    73.807
 5.60 30.00   5.718   4.084   6.994   0.678
 5.60 30.00   5.723   4.076   6.994   0.668

 5.61  0.00   0.508   0.501   0.050   0.081   0.012   0.007   0.347   0.005   0.000   0.007   0.000 487356700
 5.61    5.02    68.819
 5.61 30.00   2.493   4.499
 5.61 30.00   6.992    73.796
 5.61 30.00   5.717   4.083   6.992   0.678
 5.61 30.00   5.721   4.075   6.992   0.668

 5.62  0.00   0.508   0.501   0.050   0.081   0.012   0.007   0.347   0.005   0.000   0.007   0.000 488225400
 5.62    5.02    68.784
 5.62 30.00   2.491   4.499
 5.62 30.00   6.990    73.784
 5.62 30.00   5.715   4.081   6.990   0.677
 5.62 30.00   5.719   4.073   6.990   0.668

 5.63  0.00   0.508   0.501   0.050   0.081   0.012   0.007   0.347   0.005   0.000   0.007   0.000 489094200
 5.63    5.01    68.750
 5.63 30.00   2.489   4.499
 5.63 30.00   6.988    73.773
 5.63 30.00   5.713   4.080   6.988   0.677
 5.63 30.00   5.718   4.072   6.988   0.668

 5.64  0.00   0.507   0.500   0.050   0.081   0.011   0.007   0.347   0.005   0.000   0.007   0.000 489962900
 5.64    5.01    68.715
 5.64 30.00   2.487   4.499
 5.64 30.00   6.985    73.762
 5.64 30.00   5.711   4.079   6.985   0.677
 5.64 30.00   5.716   4.070   6.985   0.667

 5.65  0.00   0.507   0.500   0.050   0.081   0.011   0.007   0.347   0.005   0.000   0.007   0.000 490831600
 5.65    5.01    68.681
 5.65 30.00   2.484   4.499
 5.65 30.00   6.983    73.750
 5.65 30.00   5.709   4.077   6.983   0.676
 5.65 30.00   5.714   4.069   6.983   0.667

 5.66  0.00   0.507   0.500   0.049   0.081   0.011   0.007   0.347   0.005   0.000   0.007   0.000 491700300
 5.66    5.00    68.647
 5.66 30.00   2.482   4.499
 5.66 30.00   6.981    73.739
 5.66 30.00   5.707   4.076   6.981   0.676
 5.66 30.00   5.712   4.068   6.981   0.667

 5.67  0.00   0.507   0.500   0.049   0.081   0.011   0.007   0.347   0.005   0.000   0.007   0.000 492569100
 5.67    5.00    68.612
 5.67 30.00   2.480   4.499
 5.67 30.00   6.978    73.728
 5.67 30.00   5.706   4.074   6.978   0.676
 5.67 30.00   5.710   4.066   6.978   0.666

 5.68  0.00   0.506   0.500   0.049   0.081   0.011   0.007   0.347   0.005   0.000   0.007   0.000 493437800
 5.68    4.99    68.578
 5.68 30.00   2.477   4.499
 5.68 30.00   6.976    73.717
 5.68 30.00   5.704   4.073   6.976   0.675
 5.68 30.00   5.708   4.065   6.976   0.666

 5.69  0.00   0.506   0.499   0.049   0.081   0.011   0.007   0.347   0.005   0.000   0.007   0.000 494306500
 5.69    4.99    68.544
 5.69 30.00   2.475   4.499
 5.69 30.00   6.974    73.706
 5.69 30.00   5.702   4.072   6.974   0.675
 5.69 30.00   5.707   4.064   6.974   0.666

 5.70  0.00   0.506   0.499   0.049   0.081   0.011   0.007   0.347   0.005   0.000   0.007   0.000 495175200
 5.70    4.98    68.510
 5.70 30.00   2.473   4.499
 5.70 30.00   6.972    73.694
 5.70 30.00   5.700   4.070   6.972   0.675
 5.70 30.00   5.705   4.062   6.972   0.666

 5.71  0.00   0.506   0.499   0.049   0.081   0.011   0.007   0.347   0.004   0.000   0.007   0.000 496044000
 5.71    4.98    68.476
 5.71 30.00   2.471   4.499
 5.71 30.00   6.969    73.683
 5.71 30.00   5.698   4.069   6.969   0.674
 5.71 30.00   5.703   4.061   6.969   0.665

 5.72  0.00   0.506   0.499   0.049   0.081   0.011   0.007   0.347   0.004   0.000   0.007   0.000 496912700
 5.72    4.98    68.441
 5.72 30.00   2.468   4.499
 5.72 30.00   6.967    73.672
 5.72 30.00   5.697   4.067   6.967   0.674
 5.72 30.00   5.701   4.059   6.967   0.665

 5.73  0.00   0.505   0.498   0.049   0.081   0.011   0.007   0.347   0.004   0.000   0.007   0.000 497781400
 5.73    4.97    68.407
 5.73 30.00   2.466   4.499
 5.73 30.00   6.965    73.661
 5.73 30.00   5.695   4.066   6.965   0.674
 5.73 30.00   5.699   4.058   6.965   0.665

 5.74  0.00   0.505   0.498   0.049   0.081   0.011   0.007   0.347   0.004   0.000   0.007   0.000 498650100
 5.74    4.97    68.381
 5.74 30.00   2.464   4.499
 5.74 30.00   6.963    73.650
 5.74 30.00   5.693   4.065   6.963   0.673
 5.74 30.00   5.698   4.057   6.963   0.664

 5.75  0.00   0.505   0.498   0.049   0.081   0.011   0.007   0.347   0.004   0.000   0.007   0.000 499518900
 5.75    4.98    68.361
 5.75 30.00   2.462   4.499
 5.75 30.00   6.960    73.639
 5.75 30.00   5.691   4.063   6.960   0.673
 5.75 30.00   5.696   4.055   6.960   0.664

 5.76  0.00   0.505   0.498   0.049   0.081   0.011   0.007   0.346   0.004   0.000   0.007   0.000 500387600
 5.76    4.98    68.341
 5.76 30.00   2.460   4.499
 5.76 30.00   6.958    73.628
 5.76 30.00   5.690   4.062   6.958   0.673
 5.76 30.00   5.694   4.054   6.958   0.664

 5.77  0.00   0.504   0.498   0.048   0.080   0.011   0.007   0.346   0.004   0.000   0.007   0.000 501256400
 5.77    4.98    68.321
 5.77 30.00   2.457   4.499
 5.77 30.00   6.956    73.618
 5.77 30.00   5.688   4.060   6.956   0.673
 5.77 30.00   5.692   4.053   6.956   0.664

 5.78  0.00   0.504   0.497   0.048   0.080   0.011   0.007   0.346   0.004   0.000   0.007   0.000 502125100
 5.78    4.99    68.302
 5.78 30.00   2.455   4.499
 5.78 30.00   6.954    73.607
 5.78 30.00   5.686   4.059   6.954   0.672
 5.78 30.00   5.691   4.051   6.954   0.663

 5.79  0.00   0.504   0.497   0.048   0.080   0.011   0.007   0.346   0.004   0.000   0.007   0.000 502993800
 5.79    4.99    68.282
 5.79 30.00   2.453   4.499
 5.79 30.00   6.952    73.596
 5.79 30.00   5.684   4.058   6.952   0.672
 5.79 30.00   5.689   4.050   6.952   0.663

 5.80  0.00   0.504   0.497   0.048   0.080   0.011   0.007   0.346   0.004   0.000   0.007   0.000 503862600
 5.80    4.99    68.263
 5.80 30.00   2.451   4.499
 5.80 30.00   6.949    73.585
 5.80 30.00   5.683   4.056   6.949   0.672
 5.80 30.00   5.687   4.049   6.949   0.663

 5.81  0.00   0.503   0.497   0.048   0.080   0.011   0.007   0.346   0.004   0.000   0.007   0.000 504731300
 5.81    5.00    68.244
 5.81 30.00   2.449   4.499
 5.81 30.00   6.947    73.574
 5.81 30.00   5.681   4.055   6.947   0.671
 5.81 30.00   5.685   4.047   6.947   0.662

 5.82  0.00   0.503   0.497   0.048   0.080   0.011   0.007   0.346   0.004   0.000   0.007   0.000 505600000
 5.82    5.00    68.224
 5.82 30.00   2.446   4.499
 5.82 30.00   6.945    73.563
 5.82 30.00   5.679   4.054   6.945   0.671
 5.82 30.00   5.683   4.046   6.945   0.662

 5.83  0.00   0.503   0.496   0.048   0.080   0.011   0.007   0.346   0.004   0.000   0.007   0.000 506468700
 5.83    5.01    68.205
 5.83 30.00   2.444   4.499
 5.83 30.00   6.943    73.553
 5.83 30.00   5.677   4.052   6.943   0.671
 5.83 30.00   5.682   4.045   6.943   0.662

 5.84  0.00   0.503   0.496   0.048   0.080   0.011   0.007   0.346   0.004   0.000   0.007   0.000 507337500
 5.84    5.01    68.186
 5.84 30.00   2.442   4.499
 5.84 30.00   6.941    73.542
 5.84 30.00   5.676   4.051   6.941   0.670
 5.84 30.00   5.680   4.043   6.941   0.662

 5.85  0.00   0.503   0.496   0.048   0.080   0.011   0.007   0.346   0.004   0.000   0.007   0.000 508206200
 5.85    5.01    68.168
 5.85 30.00   2.440   4.499
 5.85 30.00   6.938    73.531
 5.85 30.00   5.674   4.050   6.938   0.670
 5.85 30.00   5.678   4.042   6.938   0.661

 5.86  0.00   0.502   0.496   0.048   0.080   0.010   0.007   0.346   0.004   0.000   0.007   0.000 509074900
 5.86    5.02    68.149
 5.86 30.00   2.438   4.499
 5.86 30.00   6.936    73.521
 5.86 30.00   5.672   4.048   6.936   0.670
 5.86 30.00   5.677   4.041   6.936   0.661

 5.87  0.00   0.502   0.495   0.048   0.080   0.010   0.007   0.346   0.004   0.000   0.007   0.000 509943600
 5.87    5.02    68.131
 5.87 30.00   2.435   4.499
 5.87 30.00   6.934    73.510
 5.87 30.00   5.670   4.047   6.934   0.669
 5.87 30.00   5.675   4.039   6.934   0.661

 5.88  0.00   0.502   0.495   0.047   0.080   0.010   0.007   0.346   0.004   0.000   0.007   0.000 510812400
 5.88    5.03    68.112
 5.88 30.00   2.433   4.499
 5.88 30.00   6.932    73.500
 5.88 30.00   5.669   4.046   6.932   0.669
 5.88 30.00   5.673   4.038   6.932   0.660

 5.89  0.00   0.502   0.495   0.047   0.080   0.010   0.007   0.346   0.004   0.000   0.007   0.000 511681100
 5.89    5.03    68.094
 5.89 30.00   2.431   4.499
 5.89 30.00   6.930    73.489
 5.89 30.00   5.667   4.044   6.930   0.669
 5.89 30.00   5.671   4.037   6.930   0.660

 5.90  0.00   0.501   0.495   0.047   0.080   0.010   0.007   0.346   0.004   0.000   0.007   0.000 512549800
 5.90    5.03    68.076
 5.90 30.00   2.429   4.499
 5.90 30.00   6.928    73.479
 5.90 30.00   5.665   4.043   6.928   0.669
 5.90 30.00   5.670   4.035   6.928   0.660

 5.91  0.00   0.501   0.495   0.047   0.080   0.010   0.007   0.346   0.004   0.000   0.007   0.000 513418500
 5.91    5.04    68.058
 5.91 30.00   2.427   4.499
 5.91 30.00   6.926    73.468
 5.91 30.00   5.664   4.042   6.926   0.668
 5.91 30.00   5.668   4.034   6.926   0.659

 5.92  0.00   0.501   0.494   0.047   0.080   0.010   0.007   0.346   0.004   0.000   0.007   0.000 514287300
 5.92    5.04    68.040
 5.92 30.00   2.425   4.499
 5.92 30.00   6.923    73.458
 5.92 30.00   5.662   4.040   6.923   0.668
 5.92 30.00   5.666   4.033   6.923   0.659

 5.93  0.00   0.501   0.494   0.047   0.080   0.010   0.007   0.346   0.004   0.000   0.007   0.000 515156000
 5.93    5.05    68.023
 5.93 30.00   2.423   4.499
 5.93 30.00   6.921    73.447
 5.93 30.00   5.660   4.039   6.921   0.668
 5.93 30.00   5.665   4.031   6.921   0.659

 5.94  0.00   0.501   0.494   0.047   0.080   0.010   0.007   0.346   0.004   0.000   0.007   0.000 516024700
 5.94    5.05    68.005
 5.94 30.00   2.421   4.499
 5.94 30.00   6.919    73.437
 5.94 30.00   5.659   4.038   6.919   0.667
 5.94 30.00   5.663   4.030   6.919   0.659

 5.95  0.00   0.500   0.494   0.047   0.080   0.010   0.007   0.346   0.004   0.000   0.007   0.000 516893400
 5.95    5.05    67.988
 5.95 30.00   2.418   4.499
 5.95 30.00   6.917    73.426
 5.95 30.00   5.657   4.036   6.917   0.667
 5.95 30.00   5.661   4.029   6.917   0.658

 5.96  0.00   0.500   0.493   0.047   0.080   0.010   0.007   0.346   0.004   0.000   0.007   0.000 517762200
 5.96    5.06    67.970
 5.96 30.00   2.416   4.499
 5.96 30.00   6.915    73.416
 5.96 30.00   5.655   4.035   6.915   0.667
 5.96 30.00   5.660   4.027   6.915   0.658

 5.97  0.00   0.500   0.493   0.047   0.080   0.010   0.007   0.346   0.004   0.000   0.007   0.000 518630900
 5.97    5.06    67.953
 5.97 30.00   2.414   4.499
 5.97 30.00   6.913    73.406
 5.97 30.00   5.654   4.034   6.913   0.666
 5.97 30.00   5.658   4.026   6.913   0.658

 5.98  0.00   0.500   0.493   0.047   0.080   0.010   0.007   0.346   0.004   0.000   0.006   0.000 519499600
 5.98    5.07    67.936
 5.98 30.00   2.412   4.499
 5.98 30.00   6.911    73.395
 5.98 30.00   5.652   4.032   6.911   0.666
 5.98 30.00   5.656   4.025   6.911   0.657

 5.99  0.00   0.499   0.493   0.047   0.080   0.010   0.007   0.345   0.004   0.000   0.006   0.000 520368400
 5.99    5.07    67.919
 5.99 30.00   2.410   4.499
 5.99 30.00   6.909    73.385
 5.99 30.00   5.650   4.031   6.909   0.666
 5.99 30.00   5.655   4.023   6.909   0.657

 6.00  0.00   0.499   0.493   0.046   0.080   0.010   0.007   0.345   0.004   0.000   0.006   0.000 521237100
 6.00    5.07    67.902
 6.00 30.00   2.408   4.499
 6.00 30.00   6.907    73.375
 6.00 30.00   5.649   4.030   6.907   0.666
 6.00 30.00   5.653   4.022   6.907   0.657

 6.01  0.00   0.499   0.492   0.046   0.080   0.010   0.007   0.345   0.004   0.000   0.006   0.000 522105900
 6.01    5.08    67.886
 6.01 30.00   2.406   4.499
 6.01 30.00   6.905    73.365
 6.01 30.00   5.647   4.028   6.905   0.665
 6.01 30.00   5.651   4.021   6.905   0.656

 6.02  0.00   0.499   0.492   0.046   0.080   0.010   0.007   0.345   0.004   0.000   0.006   0.000 522974600
 6.02    5.08    67.869
 6.02 30.00   2.404   4.499
 6.02 30.00   6.903    73.354
 6.02 30.00   5.645   4.027   6.903   0.665
 6.02 30.00   5.650   4.020   6.903   0.656

 6.03  0.00   0.499   0.492   0.046   0.080   0.010   0.007   0.345   0.004   0.000   0.006   0.000 523843300
 6.03    5.09    67.853
 6.03 30.00   2.402   4.499
 6.03 30.00   6.900    73.344
 6.03 30.00   5.644   4.026   6.900   0.665
 6.03 30.00   5.648   4.018   6.900   0.656

 6.04  0.00   0.498   0.492   0.046   0.080   0.010   0.007   0.345   0.004   0.000   0.006   0.000 524712000
 6.04    5.09    67.836
 6.04 30.00   2.400   4.499
 6.04 30.00   6.898    73.334
 6.04 30.00   5.642   4.025   6.898   0.665
 6.04 30.00   5.646   4.017   6.898   0.656

 6.05  0.00   0.498   0.492   0.046   0.080   0.010   0.007   0.345   0.004   0.000   0.006   0.000 525580800
 6.05    5.10    67.820
 6.05 30.00   2.398   4.499
 6.05 30.00   6.896    73.324
 6.05 30.00   5.640   4.023   6.896   0.664
 6.05 30.00   5.645   4.016   6.896   0.655

 6.06  0.00   0.498   0.491   0.046   0.080   0.010   0.007   0.345   0.004   0.000   0.006   0.000 526449500
 6.06    5.10    67.804
 6.06 30.00   2.396   4.499
 6.06 30.00   6.894    73.314
 6.06 30.00   5.639   4.022   6.894   0.664
 6.06 30.00   5.643   4.015   6.894   0.655

 6.07  0.00   0.498   0.491   0.046   0.080   0.010   0.007   0.345   0.004   0.000   0.006   0.000 527318200
 6.07    5.10    67.788
 6.07 30.00   2.394   4.499
 6.07 30.00   6.892    73.304
 6.07 30.00   5.637   4.021   6.892   0.664
 6.07 30.00   5.641   4.013   6.892   0.655

 6.08  0.00   0.498   0.491   0.046   0.080   0.010   0.007   0.345   0.004   0.000   0.006   0.000 528186900
 6.08    5.11    67.772
 6.08 30.00   2.392   4.499
 6.08 30.00   6.890    73.294
 6.08 30.00   5.635   4.020   6.890   0.663
 6.08 30.00   5.640   4.012   6.890   0.655

 6.09  0.00   0.497   0.491   0.046   0.080   0.010   0.007   0.345   0.004   0.000   0.006   0.000 529055700
 6.09    5.11    67.757
 6.09 30.00   2.390   4.499
 6.09 30.00   6.888    73.284
 6.09 30.00   5.634   4.018   6.888   0.663
 6.09 30.00   5.638   4.011   6.888   0.654

 6.10  0.00   0.497   0.491   0.046   0.080   0.009   0.007   0.345   0.004   0.000   0.006   0.000 529924400
 6.10    5.12    67.741
 6.10 30.00   2.387   4.499
 6.10 30.00   6.886    73.274
 6.10 30.00   5.632   4.017   6.886   0.663
 6.10 30.00   5.637   4.010   6.886   0.654

 6.11  0.00   0.497   0.490   0.046   0.080   0.009   0.006   0.345   0.004   0.000   0.006   0.000 530793200
 6.11    5.12    67.726
 6.11 30.00   2.385   4.499
 6.11 30.00   6.884    73.264
 6.11 30.00   5.631   4.016   6.884   0.663
 6.11 30.00   5.635   4.008   6.884   0.654

 6.12  0.00   0.497   0.490   0.045   0.080   0.009   0.006   0.345   0.004   0.000   0.006   0.000 531661900
 6.12    5.12    67.710
 6.12 30.00   2.383   4.499
 6.12 30.00   6.882    73.254
 6.12 30.00   5.629   4.015   6.882   0.662
 6.12 30.00   5.633   4.007   6.882   0.654

 6.13  0.00   0.497   0.490   0.045   0.080   0.009   0.006   0.345   0.004   0.000   0.006   0.000 532530600
 6.13    5.13    67.695
 6.13 30.00   2.381   4.499
 6.13 30.00   6.880    73.244
 6.13 30.00   5.627   4.013   6.880   0.662
 6.13 30.00   5.632   4.006   6.880   0.653

 6.14  0.00   0.496   0.490   0.045   0.080   0.009   0.006   0.345   0.004   0.000   0.006   0.000 533399300
 6.14    5.13    67.680
 6.14 30.00   2.379   4.499
 6.14 30.00   6.878    73.234
 6.14 30.00   5.626   4.012   6.878   0.662
 6.14 30.00   5.630   4.005   6.878   0.653

 6.15  0.00   0.496   0.490   0.045   0.080   0.009   0.006   0.345   0.004   0.000   0.006   0.000 534268000
 6.15    5.14    67.665
 6.15 30.00   2.377   4.499
 6.15 30.00   6.876    73.224
 6.15 30.00   5.624   4.011   6.876   0.662
 6.15 30.00   5.628   4.003   6.876   0.653

 6.16  0.00   0.496   0.489   0.045   0.080   0.009   0.006   0.345   0.004   0.000   0.006   0.000 535136800
 6.16    5.14    67.650
 6.16 30.00   2.375   4.499
 6.16 30.00   6.874    73.214
 6.16 30.00   5.622   4.010   6.874   0.661
 6.16 30.00   5.627   4.002   6.874   0.653

 6.17  0.00   0.496   0.489   0.045   0.080   0.009   0.006   0.345   0.004   0.000   0.006   0.000 536005500
 6.17    5.15    67.635
 6.17 30.00   2.373   4.499
 6.17 30.00   6.872    73.205
 6.17 30.00   5.621   4.009   6.872   0.661
 6.17 30.00   5.625   4.001   6.872   0.652

 6.18  0.00   0.496   0.489   0.045   0.080   0.009   0.006   0.345   0.004   0.000   0.006   0.000 536874200
 6.18    5.15    67.620
 6.18 30.00   2.371   4.499
 6.18 30.00   6.870    73.195
 6.18 30.00   5.619   4.007   6.870   0.661
 6.18 30.00   5.624   4.000   6.870   0.652

 6.19  0.00   0.495   0.489   0.045   0.080   0.009   0.006   0.345   0.004   0.000   0.006   0.000 537743000
 6.19    5.15    67.606
 6.19 30.00   2.369   4.499
 6.19 30.00   6.868    73.185
 6.19 30.00   5.618   4.006   6.868   0.661
 6.19 30.00   5.622   3.998   6.868   0.652

 6.20  0.00   0.495   0.489   0.045   0.080   0.009   0.006   0.345   0.004   0.000   0.006   0.000 538611600
 6.20    5.16    67.592
 6.20 30.00   2.367   4.499
 6.20 30.00   6.866    73.175
 6.20 30.00   5.616   4.005   6.866   0.660
 6.20 30.00   5.621   3.997   6.866   0.651

 6.21  0.00   0.495   0.488   0.045   0.080   0.009   0.006   0.345   0.004   0.000   0.006   0.000 539480400
 6.21    5.16    67.577
 6.21 30.00   2.366   4.499
 6.21 30.00   6.864    73.166
 6.21 30.00   5.615   4.004   6.864   0.660
 6.21 30.00   5.619   3.996   6.864   0.651

 6.22  0.00   0.495   0.488   0.045   0.080   0.009   0.006   0.345   0.004   0.000   0.006   0.000 540349100
 6.22    5.17    67.563
 6.22 30.00   2.364   4.499
 6.22 30.00   6.862    73.156
 6.22 30.00   5.613   4.003   6.862   0.660
 6.22 30.00   5.617   3.995   6.862   0.651

 6.23  0.00   0.495   0.488   0.045   0.080   0.009   0.006   0.345   0.004   0.000   0.006   0.000 541217900
 6.23    5.17    67.549
 6.23 30.00   2.362   4.499
 6.23 30.00   6.860    73.146
 6.23 30.00   5.611   4.001   6.860   0.660
 6.23 30.00   5.616   3.994   6.860   0.651

 6.24  0.00   0.494   0.488   0.045   0.080   0.009   0.006   0.344   0.004   0.000   0.006   0.000 542086600
 6.24    5.18    67.535
 6.24 30.00   2.360   4.499
 6.24 30.00   6.858    73.137
 6.24 30.00   5.610   4.000   6.858   0.659
 6.24 30.00   5.614   3.992   6.858   0.650

 6.25  0.00   0.494   0.488   0.044   0.080   0.009   0.006   0.344   0.004   0.000   0.006   0.000 542955300
 6.25    5.18    67.521
 6.25 30.00   2.358   4.499
 6.25 30.00   6.856    73.127
 6.25 30.00   5.608   3.999   6.856   0.659
 6.25 30.00   5.613   3.991   6.856   0.650

 6.26  0.00   0.494   0.487   0.044   0.080   0.009   0.006   0.344   0.004   0.000   0.006   0.000 543824100
 6.26    5.18    67.507
 6.26 30.00   2.356   4.499
 6.26 30.00   6.854    73.117
 6.26 30.00   5.607   3.998   6.854   0.659
 6.26 30.00   5.611   3.990   6.854   0.650

 6.27  0.00   0.494   0.487   0.044   0.080   0.009   0.006   0.344   0.004   0.000   0.006   0.000 544692800
 6.27    5.19    67.494
 6.27 30.00   2.354   4.499
 6.27 30.00   6.852    73.108
 6.27 30.00   5.605   3.997   6.852   0.659
 6.27 30.00   5.610   3.989   6.852   0.650

 6.28  0.00   0.494   0.487   0.044   0.080   0.009   0.006   0.344   0.004   0.000   0.006   0.000 545561500
 6.28    5.19    67.480
 6.28 30.00   2.352   4.499
 6.28 30.00   6.851    73.098
 6.28 30.00   5.604   3.995   6.851   0.658
 6.28 30.00   5.608   3.988   6.851   0.649

 6.29  0.00   0.493   0.487   0.044   0.080   0.009   0.006   0.344   0.004   0.000   0.006   0.000 546430200
 6.29    5.20    67.466
 6.29 30.00   2.350   4.499
 6.29 30.00   6.849    73.089
 6.29 30.00   5.602   3.994   6.849   0.658
 6.29 30.00   5.606   3.987   6.849   0.649

 6.30  0.00   0.493   0.487   0.044   0.080   0.009   0.006   0.344   0.004   0.000   0.006   0.000 547299000
 6.30    5.20    67.453
 6.30 30.00   2.348   4.499
 6.30 30.00   6.847    73.079
 6.30 30.00   5.601   3.993   6.847   0.658
 6.30 30.00   5.605   3.985   6.847   0.649

 6.31  0.00   0.493   0.486   0.044   0.080   0.009   0.006   0.344   0.004   0.000   0.006   0.000 548167700
 6.31    5.21    67.440
 6.31 30.00   2.346   4.499
 6.31 30.00   6.845    73.070
 6.31 30.00   5.599   3.992   6.845   0.657
 6.31 30.00   5.603   3.984   6.845   0.649

 6.32  0.00   0.493   0.486   0.044   0.080   0.009   0.006   0.344   0.004   0.000   0.006   0.000 549036400
 6.32    5.21    67.427
 6.32 30.00   2.344   4.499
 6.32 30.00   6.843    73.060
 6.32 30.00   5.597   3.991   6.843   0.657
 6.32 30.00   5.602   3.983   6.843   0.648

 6.33  0.00   0.493   0.486   0.044   0.080   0.009   0.006   0.344   0.004   0.000   0.006   0.000 549905200
 6.33    5.22    67.414
 6.33 30.00   2.342   4.499
 6.33 30.00   6.841    73.051
 6.33 30.00   5.596   3.989   6.841   0.657
 6.33 30.00   5.600   3.982   6.841   0.648

 6.34  0.00   0.493   0.486   0.044   0.080   0.009   0.006   0.344   0.004   0.000   0.006   0.000 550773900
 6.34    5.22    67.401
 6.34 30.00   2.340   4.499
 6.34 30.00   6.839    73.042
 6.34 30.00   5.594   3.988   6.839   0.657
 6.34 30.00   5.599   3.981   6.839   0.648

 6.35  0.00   0.492   0.486   0.044   0.080   0.009   0.006   0.344   0.004   0.000   0.006   0.000 551642600
 6.35    5.22    67.388
 6.35 30.00   2.338   4.499
 6.35 30.00   6.837    73.032
 6.35 30.00   5.593   3.987   6.837   0.656
 6.35 30.00   5.597   3.979   6.837   0.648

 6.36  0.00   0.492   0.486   0.044   0.080   0.009   0.006   0.344   0.004   0.000   0.006   0.000 552511400
 6.36    5.23    67.375
 6.36 30.00   2.337   4.499
 6.36 30.00   6.835    73.023
 6.36 30.00   5.591   3.986   6.835   0.656
 6.36 30.00   5.596   3.978   6.835   0.647

 6.37  0.00   0.492   0.485   0.044   0.080   0.009   0.006   0.344   0.004   0.000   0.006   0.000 553380000
 6.37    5.23    67.363
 6.37 30.00   2.335   4.499
 6.37 30.00   6.833    73.014
 6.37 30.00   5.590   3.985   6.833   0.656
 6.37 30.00   5.594   3.977   6.833   0.647

 6.38  0.00   0.492   0.485   0.043   0.080   0.009   0.006   0.344   0.004   0.000   0.006   0.000 554248800
 6.38    5.24    67.350
 6.38 30.00   2.333   4.499
 6.38 30.00   6.831    73.004
 6.38 30.00   5.588   3.984   6.831   0.656
 6.38 30.00   5.593   3.976   6.831   0.647

 6.39  0.00   0.492   0.485   0.043   0.080   0.009   0.006   0.344   0.004   0.000   0.006   0.000 555117500
 6.39    5.24    67.338
 6.39 30.00   2.331   4.499
 6.39 30.00   6.830    72.995
 6.39 30.00   5.587   3.982   6.830   0.656
 6.39 30.00   5.591   3.975   6.830   0.647

 6.40  0.00   0.491   0.485   0.043   0.080   0.009   0.006   0.344   0.004   0.000   0.006   0.000 555986200
 6.40    5.25    67.325
 6.40 30.00   2.329   4.499
 6.40 30.00   6.828    72.986
 6.40 30.00   5.585   3.981   6.828   0.655
 6.40 30.00   5.590   3.974   6.828   0.646

 6.41  0.00   0.491   0.485   0.043   0.080   0.009   0.006   0.344   0.004   0.000   0.006   0.000 556855000
 6.41    5.25    67.313
 6.41 30.00   2.327   4.499
 6.41 30.00   6.826    72.977
 6.41 30.00   5.584   3.980   6.826   0.655
 6.41 30.00   5.588   3.973   6.826   0.646

 6.42  0.00   0.491   0.484   0.043   0.080   0.009   0.006   0.344   0.004   0.000   0.006   0.000 557723700
 6.42    5.26    67.301
 6.42 30.00   2.325   4.499
 6.42 30.00   6.824    72.967
 6.42 30.00   5.582   3.979   6.824   0.655
 6.42 30.00   5.587   3.971   6.824   0.646

 6.43  0.00   0.491   0.484   0.043   0.079   0.008   0.006   0.344   0.004   0.000   0.006   0.000 558592400
 6.43    5.26    67.289
 6.43 30.00   2.323   4.499
 6.43 30.00   6.822    72.958
 6.43 30.00   5.581   3.978   6.822   0.655
 6.43 30.00   5.585   3.970   6.822   0.646

 6.44  0.00   0.491   0.484   0.043   0.079   0.008   0.006   0.344   0.004   0.000   0.006   0.000 559461200
 6.44    5.26    67.277
 6.44 30.00   2.322   4.499
 6.44 30.00   6.820    72.949
 6.44 30.00   5.579   3.977   6.820   0.654
 6.44 30.00   5.584   3.969   6.820   0.645

 6.45  0.00   0.491   0.484   0.043   0.079   0.008   0.006   0.344   0.004   0.000   0.006   0.000 560329900
 6.45    5.27    67.265
 6.45 30.00   2.320   4.499
 6.45 30.00   6.818    72.940
 6.45 30.00   5.578   3.976   6.818   0.654
 6.45 30.00   5.582   3.968   6.818   0.645

 6.46  0.00   0.490   0.484   0.043   0.079   0.008   0.006   0.344   0.004   0.000   0.006   0.000 561198700
 6.46    5.27    67.253
 6.46 30.00   2.318   4.499
 6.46 30.00   6.817    72.931
 6.46 30.00   5.576   3.974   6.817   0.654
 6.46 30.00   5.581   3.967   6.817   0.645

 6.47  0.00   0.490   0.484   0.043   0.079   0.008   0.006   0.344   0.004   0.000   0.006   0.000 562067300
 6.47    5.28    67.242
 6.47 30.00   2.316   4.499
 6.47 30.00   6.815    72.922
 6.47 30.00   5.575   3.973   6.815   0.654
 6.47 30.00   5.579   3.966   6.815   0.645

 6.48  0.00   0.490   0.483   0.043   0.079   0.008   0.006   0.344   0.004   0.000   0.006   0.000 562936100
 6.48    5.28    67.230
 6.48 30.00   2.314   4.499
 6.48 30.00   6.813    72.913
 6.48 30.00   5.573   3.972   6.813   0.653
 6.48 30.00   5.578   3.965   6.813   0.644

 6.49  0.00   0.490   0.483   0.043   0.079   0.008   0.006   0.344   0.004   0.000   0.006   0.000 563804800
 6.49    5.29    67.219
 6.49 30.00   2.312   4.499
 6.49 30.00   6.811    72.903
 6.49 30.00   5.572   3.971   6.811   0.653
 6.49 30.00   5.576   3.963   6.811   0.644

 6.50  0.00   0.490   0.483   0.043   0.079   0.008   0.006   0.343   0.004   0.000   0.006   0.000 564673500
 6.50    5.29    67.208
 6.50 30.00   2.311   4.499
 6.50 30.00   6.809    72.894
 6.50 30.00   5.571   3.970   6.809   0.653
 6.50 30.00   5.575   3.962   6.809   0.644

 6.51  0.00   0.489   0.483   0.042   0.079   0.008   0.006   0.343   0.004   0.000   0.006   0.000 565542300
 6.51    5.30    67.196
 6.51 30.00   2.309   4.499
 6.51 30.00   6.807    72.885
 6.51 30.00   5.569   3.969   6.807   0.653
 6.51 30.00   5.573   3.961   6.807   0.644

 6.52  0.00   0.489   0.483   0.042   0.079   0.008   0.006   0.343   0.004   0.000   0.006   0.000 566411000
 6.52    5.30    67.185
 6.52 30.00   2.307   4.499
 6.52 30.00   6.806    72.876
 6.52 30.00   5.568   3.968   6.806   0.652
 6.52 30.00   5.572   3.960   6.806   0.644

 6.53  0.00   0.489   0.482   0.042   0.079   0.008   0.006   0.343   0.004   0.000   0.006   0.000 567279700
 6.53    5.31    67.174
 6.53 30.00   2.305   4.499
 6.53 30.00   6.804    72.867
 6.53 30.00   5.566   3.967   6.804   0.652
 6.53 30.00   5.571   3.959   6.804   0.643

 6.54  0.00   0.489   0.482   0.042   0.079   0.008   0.006   0.343   0.004   0.000   0.006   0.000 568148400
 6.54    5.31    67.163
 6.54 30.00   2.303   4.499
 6.54 30.00   6.802    72.859
 6.54 30.00   5.565   3.965   6.802   0.652
 6.54 30.00   5.569   3.958   6.802   0.643

 6.55  0.00   0.489   0.482   0.042   0.079   0.008   0.006   0.343   0.004   0.000   0.006   0.000 569017200
 6.55    5.32    67.152
 6.55 30.00   2.301   4.499
 6.55 30.00   6.800    72.850
 6.55 30.00   5.563   3.964   6.800   0.652
 6.55 30.00   5.568   3.957   6.800   0.643

 6.56  0.00   0.489   0.482   0.042   0.079   0.008   0.006   0.343   0.004   0.000   0.006   0.000 569885900
 6.56    5.32    67.141
 6.56 30.00   2.300   4.499
 6.56 30.00   6.798    72.841
 6.56 30.00   5.562   3.963   6.798   0.651
 6.56 30.00   5.566   3.956   6.798   0.643

 6.57  0.00   0.488   0.482   0.042   0.079   0.008   0.006   0.343   0.004   0.000   0.006   0.000 570754600
 6.57    5.32    67.131
 6.57 30.00   2.298   4.499
 6.57 30.00   6.797    72.832
 6.57 30.00   5.560   3.962   6.797   0.651
 6.57 30.00   5.565   3.955   6.797   0.642

 6.58  0.00   0.488   0.482   0.042   0.079   0.008   0.006   0.343   0.004   0.000   0.006   0.000 571623400
 6.58    5.33    67.120
 6.58 30.00   2.296   4.499
 6.58 30.00   6.795    72.823
 6.58 30.00   5.559   3.961   6.795   0.651
 6.58 30.00   5.563   3.953   6.795   0.642

 6.59  0.00   0.488   0.481   0.042   0.079   0.008   0.006   0.343   0.004   0.000   0.006   0.000 572492100
 6.59    5.33    67.110
 6.59 30.00   2.294   4.499
 6.59 30.00   6.793    72.814
 6.59 30.00   5.558   3.960   6.793   0.651
 6.59 30.00   5.562   3.952   6.793   0.642

 6.60  0.00   0.488   0.481   0.042   0.079   0.008   0.006   0.343   0.004   0.000   0.006   0.000 573360800
 6.60    5.34    67.099
 6.60 30.00   2.292   4.499
 6.60 30.00   6.791    72.805
 6.60 30.00   5.556   3.959   6.791   0.650
 6.60 30.00   5.561   3.951   6.791   0.642

 6.61  0.00   0.488   0.481   0.042   0.079   0.008   0.006   0.343   0.004   0.000   0.006   0.000 574229600
 6.61    5.34    67.089
 6.61 30.00   2.291   4.499
 6.61 30.00   6.789    72.796
 6.61 30.00   5.555   3.958   6.789   0.650
 6.61 30.00   5.559   3.950   6.789   0.641

 6.62  0.00   0.487   0.481   0.042   0.079   0.008   0.006   0.343   0.004   0.000   0.006   0.000 575098200
 6.62    5.35    67.079
 6.62 30.00   2.289   4.499
 6.62 30.00   6.788    72.788
 6.62 30.00   5.553   3.957   6.788   0.650
 6.62 30.00   5.558   3.949   6.788   0.641

 6.63  0.00   0.487   0.481   0.042   0.079   0.008   0.006   0.343   0.004   0.000   0.006   0.000 575967000
 6.63    5.35    67.068
 6.63 30.00   2.287   4.499
 6.63 30.00   6.786    72.779
 6.63 30.00   5.552   3.956   6.786   0.650
 6.63 30.00   5.556   3.948   6.786   0.641

 6.64  0.00   0.487   0.481   0.042   0.079   0.008   0.006   0.343   0.004   0.000   0.006   0.000 576835700
 6.64    5.36    67.058
 6.64 30.00   2.285   4.499
 6.64 30.00   6.784    72.770
 6.64 30.00   5.550   3.955   6.784   0.650
 6.64 30.00   5.555   3.947   6.784   0.641

 6.65  0.00   0.487   0.480   0.041   0.079   0.008   0.006   0.343   0.004   0.000   0.006   0.000 577704400
 6.65    5.36    67.048
 6.65 30.00   2.284   4.499
 6.65 30.00   6.782    72.761
 6.65 30.00   5.549   3.953   6.782   0.649
 6.65 30.00   5.553   3.946   6.782   0.640

 6.66  0.00   0.487   0.480   0.041   0.079   0.008   0.006   0.343   0.004   0.000   0.006   0.000 578573200
 6.66    5.37    67.039
 6.66 30.00   2.282   4.499
 6.66 30.00   6.781    72.753
 6.66 30.00   5.548   3.952   6.781   0.649
 6.66 30.00   5.552   3.945   6.781   0.640

 6.67  0.00   0.487   0.480   0.041   0.079   0.008   0.006   0.343   0.004   0.000   0.006   0.000 579441900
 6.67    5.37    67.029
 6.67 30.00   2.280   4.499
 6.67 30.00   6.779    72.744
 6.67 30.00   5.546   3.951   6.779   0.649
 6.67 30.00   5.551   3.944   6.779   0.640

 6.68  0.00   0.486   0.480   0.041   0.079   0.008   0.006   0.343   0.004   0.000   0.006   0.000 580310700
 6.68    5.38    67.019
 6.68 30.00   2.278   4.499
 6.68 30.00   6.777    72.735
 6.68 30.00   5.545   3.950   6.777   0.649
 6.68 30.00   5.549   3.943   6.777   0.640

 6.69  0.00   0.486   0.480   0.041   0.079   0.008   0.006   0.343   0.004   0.000   0.006   0.000 581179400
 6.69    5.38    67.009
 6.69 30.00   2.277   4.499
 6.69 30.00   6.775    72.727
 6.69 30.00   5.543   3.949   6.775   0.648
 6.69 30.00   5.548   3.941   6.775   0.640

 6.70  0.00   0.486   0.479   0.041   0.079   0.008   0.006   0.343   0.004   0.000   0.006   0.000 582048100
 6.70    5.39    67.000
 6.70 30.00   2.275   4.499
 6.70 30.00   6.774    72.718
 6.70 30.00   5.542   3.948   6.774   0.648
 6.70 30.00   5.546   3.940   6.774   0.639

 6.71  0.00   0.486   0.479   0.041   0.079   0.008   0.006   0.343   0.004   0.000   0.006   0.000 582916900
 6.71    5.39    66.990
 6.71 30.00   2.273   4.499
 6.71 30.00   6.772    72.710
 6.71 30.00   5.541   3.947   6.772   0.648
 6.71 30.00   5.545   3.939   6.772   0.639

 6.72  0.00   0.486   0.479   0.041   0.079   0.008   0.006   0.343   0.004   0.000   0.006   0.000 583785500
 6.72    5.39    66.981
 6.72 30.00   2.271   4.499
 6.72 30.00   6.770    72.701
 6.72 30.00   5.539   3.946   6.770   0.648
 6.72 30.00   5.544   3.938   6.770   0.639

 6.73  0.00   0.486   0.479   0.041   0.079   0.008   0.006   0.343   0.004   0.000   0.006   0.000 584654300
 6.73    5.40    66.972
 6.73 30.00   2.270   4.499
 6.73 30.00   6.768    72.693
 6.73 30.00   5.538   3.945   6.768   0.647
 6.73 30.00   5.542   3.937   6.768   0.639

 6.74  0.00   0.485   0.479   0.041   0.079   0.008   0.006   0.343   0.004   0.000   0.006   0.000 585523000
 6.74    5.40    66.962
 6.74 30.00   2.268   4.499
 6.74 30.00   6.767    72.684
 6.74 30.00   5.536   3.944   6.767   0.647
 6.74 30.00   5.541   3.936   6.767   0.638

 6.75  0.00   0.485   0.479   0.041   0.079   0.007   0.006   0.343   0.004   0.000   0.006   0.000 586391700
 6.75    5.41    66.953
 6.75 30.00   2.266   4.499
 6.75 30.00   6.765    72.675
 6.75 30.00   5.535   3.943   6.765   0.647
 6.75 30.00   5.540   3.935   6.765   0.638

 6.76  0.00   0.485   0.478   0.041   0.079   0.007   0.006   0.343   0.004   0.000   0.006   0.000 587260500
 6.76    5.41    66.944
 6.76 30.00   2.265   4.499
 6.76 30.00   6.763    72.667
 6.76 30.00   5.534   3.942   6.763   0.647
 6.76 30.00   5.538   3.934   6.763   0.638

 6.77  0.00   0.485   0.478   0.041   0.079   0.007   0.006   0.343   0.004   0.000   0.006   0.000 588129200
 6.77    5.42    66.935
 6.77 30.00   2.263   4.499
 6.77 30.00   6.761    72.659
 6.77 30.00   5.532   3.941   6.761   0.647
 6.77 30.00   5.537   3.933   6.761   0.638

 6.78  0.00   0.485   0.478   0.041   0.079   0.007   0.006   0.342   0.004   0.000   0.006   0.000 588998000
 6.78    5.42    66.926
 6.78 30.00   2.261   4.499
 6.78 30.00   6.760    72.650
 6.78 30.00   5.531   3.940   6.760   0.646
 6.78 30.00   5.535   3.932   6.760   0.637

 6.79  0.00   0.485   0.478   0.041   0.079   0.007   0.006   0.342   0.004   0.000   0.006   0.000 589866700
 6.79    5.43    66.918
 6.79 30.00   2.259   4.499
 6.79 30.00   6.758    72.642
 6.79 30.00   5.530   3.939   6.758   0.646
 6.79 30.00   5.534   3.931   6.758   0.637

 6.80  0.00   0.484   0.478   0.040   0.079   0.007   0.006   0.342   0.004   0.000   0.006   0.000 590735400
 6.80    5.43    66.909
 6.80 30.00   2.258   4.499
 6.80 30.00   6.756    72.633
 6.80 30.00   5.528   3.938   6.756   0.646
 6.80 30.00   5.533   3.930   6.756   0.637

 6.81  0.00   0.484   0.478   0.040   0.079   0.007   0.006   0.342   0.004   0.000   0.006   0.000 591604100
 6.81    5.44    66.900
 6.81 30.00   2.256   4.499
 6.81 30.00   6.755    72.625
 6.81 30.00   5.527   3.936   6.755   0.646
 6.81 30.00   5.531   3.929   6.755   0.637

 6.82  0.00   0.484   0.477   0.040   0.079   0.007   0.006   0.342   0.004   0.000   0.006   0.000 592472900
 6.82    5.44    66.892
 6.82 30.00   2.254   4.499
 6.82 30.00   6.753    72.616
 6.82 30.00   5.526   3.935   6.753   0.645
 6.82 30.00   5.530   3.928   6.753   0.637

 6.83  0.00   0.484   0.477   0.040   0.079   0.007   0.006   0.342   0.004   0.000   0.006   0.000 593341600
 6.83    5.45    66.883
 6.83 30.00   2.253   4.499
 6.83 30.00   6.751    72.608
 6.83 30.00   5.524   3.934   6.751   0.645
 6.83 30.00   5.529   3.927   6.751   0.636

 6.84  0.00   0.484   0.477   0.040   0.079   0.007   0.006   0.342   0.004   0.000   0.006   0.000 594210300
 6.84    5.45    66.875
 6.84 30.00   2.251   4.499
 6.84 30.00   6.750    72.600
 6.84 30.00   5.523   3.933   6.750   0.645
 6.84 30.00   5.527   3.926   6.750   0.636

 6.85  0.00   0.484   0.477   0.040   0.079   0.007   0.006   0.342   0.004   0.000   0.006   0.000 595079000
 6.85    5.46    66.867
 6.85 30.00   2.249   4.499
 6.85 30.00   6.748    72.591
 6.85 30.00   5.522   3.932   6.748   0.645
 6.85 30.00   5.526   3.925   6.748   0.636

 6.86  0.00   0.483   0.477   0.040   0.079   0.007   0.006   0.342   0.004   0.000   0.006   0.000 595947800
 6.86    5.46    66.858
 6.86 30.00   2.248   4.499
 6.86 30.00   6.746    72.583
 6.86 30.00   5.520   3.931   6.746   0.645
 6.86 30.00   5.525   3.924   6.746   0.636

 6.87  0.00   0.483   0.477   0.040   0.079   0.007   0.006   0.342   0.004   0.000   0.006   0.000 596816500
 6.87    5.47    66.850
 6.87 30.00   2.246   4.499
 6.87 30.00   6.745    72.575
 6.87 30.00   5.519   3.930   6.745   0.644
 6.87 30.00   5.523   3.923   6.745   0.635

 6.88  0.00   0.483   0.476   0.040   0.079   0.007   0.006   0.342   0.004   0.000   0.006   0.000 597685200
 6.88    5.47    66.842
 6.88 30.00   2.244   4.499
 6.88 30.00   6.743    72.567
 6.88 30.00   5.518   3.929   6.743   0.644
 6.88 30.00   5.522   3.922   6.743   0.635

 6.89  0.00   0.483   0.476   0.040   0.079   0.007   0.006   0.342   0.004   0.000   0.006   0.000 598553900
 6.89    5.48    66.834
 6.89 30.00   2.243   4.499
 6.89 30.00   6.741    72.558
 6.89 30.00   5.516   3.928   6.741   0.644
 6.89 30.00   5.521   3.921   6.741   0.635

 6.90  0.00   0.483   0.476   0.040   0.079   0.007   0.006   0.342   0.004   0.000   0.006   0.000 599422700
 6.90    5.48    66.826
 6.90 30.00   2.241   4.499
 6.90 30.00   6.740    72.550
 6.90 30.00   5.515   3.927   6.740   0.644
 6.90 30.00   5.519   3.920   6.740   0.635

 6.91  0.00   0.483   0.476   0.040   0.079   0.007   0.006   0.342   0.004   0.000   0.006   0.000 600291400
 6.91    5.49    66.818
 6.91 30.00   2.239   4.499
 6.91 30.00   6.738    72.542
 6.91 30.00   5.514   3.926   6.738   0.643
 6.91 30.00   5.518   3.919   6.738   0.635

 6.92  0.00   0.482   0.476   0.040   0.079   0.007   0.006   0.342   0.004   0.000   0.006   0.000 601160100
 6.92    5.49    66.810
 6.92 30.00   2.238   4.499
 6.92 30.00   6.736    72.534
 6.92 30.00   5.512   3.925   6.736   0.643
 6.92 30.00   5.517   3.918   6.736   0.634

 6.93  0.00   0.482   0.476   0.040   0.079   0.007   0.006   0.342   0.004   0.000   0.006   0.000 602028900
 6.93    5.50    66.803
 6.93 30.00   2.236   4.499
 6.93 30.00   6.735    72.526
 6.93 30.00   5.511   3.924   6.735   0.643
 6.93 30.00   5.515   3.917   6.735   0.634

 6.94  0.00   0.482   0.475   0.040   0.079   0.007   0.006   0.342   0.004   0.000   0.006   0.000 602897600
 6.94    5.50    66.795
 6.94 30.00   2.234   4.499
 6.94 30.00   6.733    72.517
 6.94 30.00   5.510   3.923   6.733   0.643
 6.94 30.00   5.514   3.916   6.733   0.634

 6.95  0.00   0.482   0.475   0.039   0.079   0.007   0.006   0.342   0.004   0.000   0.006   0.000 603766300
 6.95    5.51    66.788
 6.95 30.00   2.233   4.499
 6.95 30.00   6.731    72.509
 6.95 30.00   5.508   3.922   6.731   0.643
 6.95 30.00   5.513   3.914   6.731   0.634

 6.96  0.00   0.482   0.475   0.039   0.079   0.007   0.006   0.342   0.004   0.000   0.006   0.000 604635100
 6.96    5.51    66.780
 6.96 30.00   2.231   4.499
 6.96 30.00   6.730    72.501
 6.96 30.00   5.507   3.921   6.730   0.642
 6.96 30.00   5.511   3.913   6.730   0.633

 6.97  0.00   0.482   0.475   0.039   0.079   0.007   0.006   0.342   0.004   0.000   0.006   0.000 605503700
 6.97    5.52    66.773
 6.97 30.00   2.229   4.499
 6.97 30.00   6.728    72.493
 6.97 30.00   5.506   3.920   6.728   0.642
 6.97 30.00   5.510   3.912   6.728   0.633

 6.98  0.00   0.481   0.475   0.039   0.079   0.007   0.006   0.342   0.004   0.000   0.006   0.000 606372500
 6.98    5.52    66.765
 6.98 30.00   2.228   4.499
 6.98 30.00   6.727    72.485
 6.98 30.00   5.504   3.919   6.727   0.642
 6.98 30.00   5.509   3.911   6.727   0.633

 6.99  0.00   0.481   0.475   0.039   0.079   0.007   0.006   0.342   0.004   0.000   0.006   0.000 607241200
 6.99    5.53    66.758
 6.99 30.00   2.226   4.499
 6.99 30.00   6.725    72.477
 6.99 30.00   5.503   3.918   6.725   0.642
 6.99 30.00   5.507   3.910   6.725   0.633

 7.00  0.00   0.481   0.474   0.039   0.079   0.007   0.006   0.342   0.004   0.000   0.006   0.000 608110000
 7.00    5.53    66.751
 7.00 30.00   2.225   4.499
 7.00 30.00   6.723    72.469
 7.00 30.00   5.502   3.917   6.723   0.641
 7.00 30.00   5.506   3.910   6.723   0.633

 7.01  0.00   0.481   0.474   0.039   0.079   0.007   0.006   0.342   0.004   0.000   0.006   0.000 608978700
 7.01    5.54    66.744
 7.01 30.00   2.223   4.499
 7.01 30.00   6.722    72.461
 7.01 30.00   5.500   3.916   6.722   0.641
 7.01 30.00   5.505   3.909   6.722   0.632

 7.02  0.00   0.481   0.474   0.039   0.079   0.007   0.006   0.342   0.004   0.000   0.006   0.000 609847400
 7.02    5.54    66.737
 7.02 30.00   2.221   4.499
 7.02 30.00   6.720    72.453
 7.02 30.00   5.499   3.915   6.720   0.641
 7.02 30.00   5.504   3.908   6.720   0.632

 7.03  0.00   0.481   0.474   0.039   0.079   0.007   0.006   0.342   0.004   0.000   0.006   0.000 610716200
 7.03    5.55    66.730
 7.03 30.00   2.220   4.499
 7.03 30.00   6.718    72.445
 7.03 30.00   5.498   3.914   6.718   0.641
 7.03 30.00   5.502   3.907   6.718   0.632

 7.04  0.00   0.481   0.474   0.039   0.079   0.007   0.006   0.342   0.004   0.000   0.006   0.000 611584900
 7.04    5.55    66.723
 7.04 30.00   2.218   4.499
 7.04 30.00   6.717    72.437
 7.04 30.00   5.497   3.913   6.717   0.641
 7.04 30.00   5.501   3.906   6.717   0.632

 7.05  0.00   0.480   0.474   0.039   0.079   0.007   0.006   0.342   0.004   0.000   0.006   0.000 612453600
 7.05    5.56    66.716
 7.05 30.00   2.217   4.499
 7.05 30.00   6.715    72.429
 7.05 30.00   5.495   3.912   6.715   0.640
 7.05 30.00   5.500   3.905   6.715   0.632

 7.06  0.00   0.480   0.474   0.039   0.079   0.007   0.006   0.342   0.004   0.000   0.006   0.000 613322300
 7.06    5.56    66.709
 7.06 30.00   2.215   4.499
 7.06 30.00   6.714    72.421
 7.06 30.00   5.494   3.911   6.714   0.640
 7.06 30.00   5.498   3.904   6.714   0.631

 7.07  0.00   0.480   0.473   0.039   0.079   0.007   0.006   0.342   0.004   0.000   0.005   0.000 614191100
 7.07    5.57    66.702
 7.07 30.00   2.213   4.499
 7.07 30.00   6.712    72.413
 7.07 30.00   5.493   3.910   6.712   0.640
 7.07 30.00   5.497   3.903   6.712   0.631

 7.08  0.00   0.480   0.473   0.039   0.079   0.007   0.006   0.341   0.004   0.000   0.005   0.000 615059800
 7.08    5.57    66.696
 7.08 30.00   2.212   4.499
 7.08 30.00   6.710    72.405
 7.08 30.00   5.491   3.909   6.710   0.640
 7.08 30.00   5.496   3.902   6.710   0.631

 7.09  0.00   0.480   0.473   0.039   0.079   0.007   0.005   0.341   0.004   0.000   0.005   0.000 615928500
 7.09    5.58    66.689
 7.09 30.00   2.210   4.499
 7.09 30.00   6.709    72.398
 7.09 30.00   5.490   3.908   6.709   0.640
 7.09 30.00   5.495   3.901   6.709   0.631

 7.10  0.00   0.480   0.473   0.039   0.079   0.007   0.005   0.341   0.004   0.000   0.005   0.000 616797200
 7.10    5.58    66.683
 7.10 30.00   2.209   4.499
 7.10 30.00   6.707    72.390
 7.10 30.00   5.489   3.907   6.707   0.640
 7.10 30.00   5.493   3.900   6.707   0.631

 7.11  0.00   0.479   0.473   0.038   0.079   0.007   0.005   0.341   0.004   0.000   0.005   0.000 617666000
 7.11    5.59    66.676
 7.11 30.00   2.207   4.499
 7.11 30.00   6.706    72.382
 7.11 30.00   5.488   3.907   6.706   0.639
 7.11 30.00   5.492   3.899   6.706   0.630

 7.12  0.00   0.479   0.473   0.038   0.079   0.007   0.005   0.341   0.004   0.000   0.005   0.000 618534700
 7.12    5.59    66.670
 7.12 30.00   2.205   4.499
 7.12 30.00   6.704    72.374
 7.12 30.00   5.486   3.906   6.704   0.639
 7.12 30.00   5.491   3.898   6.704   0.630

 7.13  0.00   0.479   0.473   0.038   0.079   0.007   0.005   0.341   0.004   0.000   0.005   0.000 619403500
 7.13    5.60    66.664
 7.13 30.00   2.204   4.499
 7.13 30.00   6.703    72.366
 7.13 30.00   5.485   3.905   6.703   0.639
 7.13 30.00   5.490   3.897   6.703   0.630

 7.14  0.00   0.479   0.472   0.038   0.079   0.006   0.005   0.341   0.004   0.000   0.005   0.000 620272100
 7.14    5.60    66.658
 7.14 30.00   2.202   4.499
 7.14 30.00   6.701    72.358
 7.14 30.00   5.484   3.904   6.701   0.639
 7.14 30.00   5.488   3.896   6.701   0.630

 7.15  0.00   0.479   0.472   0.038   0.079   0.006   0.005   0.341   0.004   0.000   0.005   0.000 621140900
 7.15    5.61    66.651
 7.15 30.00   2.201   4.499
 7.15 30.00   6.699    72.351
 7.15 30.00   5.483   3.903   6.699   0.639
 7.15 30.00   5.487   3.895   6.699   0.630

 7.16  0.00   0.479   0.472   0.038   0.079   0.006   0.005   0.341   0.003   0.000   0.005   0.000 622009600
 7.16    5.61    66.645
 7.16 30.00   2.199   4.499
 7.16 30.00   6.698    72.343
 7.16 30.00   5.481   3.902   6.698   0.638
 7.16 30.00   5.486   3.894   6.698   0.630

 7.17  0.00   0.479   0.472   0.038   0.079   0.006   0.005   0.341   0.003   0.000   0.005   0.000 622878300
 7.17    5.62    66.637
 7.17 30.00   2.198   4.499
 7.17 30.00   6.696    72.335
 7.17 30.00   5.480   3.901   6.696   0.638
 7.17 30.00   5.485   3.893   6.696   0.629

 7.18  0.00   0.478   0.472   0.038   0.079   0.006   0.005   0.341   0.003   0.000   0.005   0.000 623747100
 7.18    5.61    66.618
 7.18 30.00   2.196   4.499
 7.18 30.00   6.695    72.327
 7.18 30.00   5.479   3.900   6.695   0.638
 7.18 30.00   5.483   3.892   6.695   0.629

 7.19  0.00   0.478   0.472   0.038   0.079   0.006   0.005   0.341   0.003   0.000   0.005   0.000 624615800
 7.19    5.61    66.599
 7.19 30.00   2.195   4.499
 7.19 30.00   6.693    72.320
 7.19 30.00   5.478   3.899   6.693   0.638
 7.19 30.00   5.482   3.891   6.693   0.629

 7.20  0.00   0.478   0.472   0.038   0.079   0.006   0.005   0.341   0.003   0.000   0.005   0.000 625484500
 7.20    5.61    66.580
 7.20 30.00   2.193   4.499
 7.20 30.00   6.692    72.312
 7.20 30.00   5.476   3.898   6.692   0.638
 7.20 30.00   5.481   3.890   6.692   0.629

 7.21  0.00   0.478   0.471   0.038   0.079   0.006   0.005   0.341   0.003   0.000   0.005   0.000 626353300
 7.21    5.61    66.561
 7.21 30.00   2.191   4.499
 7.21 30.00   6.690    72.304
 7.21 30.00   5.475   3.897   6.690   0.637
 7.21 30.00   5.480   3.889   6.690   0.629

 7.22  0.00   0.478   0.471   0.038   0.079   0.006   0.005   0.341   0.003   0.000   0.005   0.000 627222000
 7.22    5.61    66.542
 7.22 30.00   2.190   4.499
 7.22 30.00   6.689    72.297
 7.22 30.00   5.474   3.896   6.689   0.637
 7.22 30.00   5.478   3.889   6.689   0.628

 7.23  0.00   0.478   0.471   0.038   0.079   0.006   0.005   0.341   0.003   0.000   0.005   0.000 628090800
 7.23    5.60    66.524
 7.23 30.00   2.188   4.499
 7.23 30.00   6.687    72.289
 7.23 30.00   5.473   3.895   6.687   0.637
 7.23 30.00   5.477   3.888   6.687   0.628

 7.24  0.00   0.478   0.471   0.038   0.079   0.006   0.005   0.341   0.003   0.000   0.005   0.000 628959400
 7.24    5.60    66.505
 7.24 30.00   2.187   4.499
 7.24 30.00   6.686    72.282
 7.24 30.00   5.471   3.894   6.686   0.637
 7.24 30.00   5.476   3.887   6.686   0.628

 7.25  0.00   0.478   0.471   0.038   0.079   0.006   0.005   0.341   0.003   0.000   0.005   0.000 629828200
 7.25    5.60    66.486
 7.25 30.00   2.185   4.499
 7.25 30.00   6.684    72.274
 7.25 30.00   5.470   3.893   6.684   0.637
 7.25 30.00   5.475   3.886   6.684   0.628

 7.26  0.00   0.477   0.471   0.038   0.079   0.006   0.005   0.341   0.003   0.000   0.005   0.000 630696900
 7.26    5.60    66.468
 7.26 30.00   2.184   4.499
 7.26 30.00   6.682    72.266
 7.26 30.00   5.469   3.892   6.682   0.637
 7.26 30.00   5.473   3.885   6.682   0.628

 7.27  0.00   0.477   0.471   0.037   0.078   0.006   0.005   0.341   0.003   0.000   0.005   0.000 631565600
 7.27    5.60    66.449
 7.27 30.00   2.182   4.499
 7.27 30.00   6.681    72.259
 7.27 30.00   5.468   3.892   6.681   0.636
 7.27 30.00   5.472   3.884   6.681   0.627

 7.28  0.00   0.477   0.470   0.037   0.078   0.006   0.005   0.341   0.003   0.000   0.005   0.000 632434400
 7.28    5.59    66.431
 7.28 30.00   2.181   4.499
 7.28 30.00   6.679    72.251
 7.28 30.00   5.467   3.891   6.679   0.636
 7.28 30.00   5.471   3.883   6.679   0.627

 7.29  0.00   0.477   0.470   0.037   0.078   0.006   0.005   0.341   0.003   0.000   0.005   0.000 633303100
 7.29    5.59    66.412
 7.29 30.00   2.179   4.499
 7.29 30.00   6.678    72.244
 7.29 30.00   5.465   3.890   6.678   0.636
 7.29 30.00   5.470   3.882   6.678   0.627

 7.30  0.00   0.477   0.470   0.037   0.078   0.006   0.005   0.341   0.003   0.000   0.005   0.000 634171800
 7.30    5.59    66.394
 7.30 30.00   2.178   4.499
 7.30 30.00   6.676    72.236
 7.30 30.00   5.464   3.889   6.676   0.636
 7.30 30.00   5.468   3.881   6.676   0.627

 7.31  0.00   0.477   0.470   0.037   0.078   0.006   0.005   0.341   0.003   0.000   0.005   0.000 635040500
 7.31    5.59    66.375
 7.31 30.00   2.176   4.499
 7.31 30.00   6.675    72.229
 7.31 30.00   5.463   3.888   6.675   0.636
 7.31 30.00   5.467   3.880   6.675   0.627

 7.32  0.00   0.477   0.470   0.037   0.078   0.006   0.005   0.341   0.003   0.000   0.005   0.000 635909300
 7.32    5.59    66.357
 7.32 30.00   2.175   4.499
 7.32 30.00   6.673    72.221
 7.32 30.00   5.462   3.887   6.673   0.635
 7.32 30.00   5.466   3.879   6.673   0.627

 7.33  0.00   0.476   0.470   0.037   0.078   0.006   0.005   0.341   0.003   0.000   0.005   0.000 636778000
 7.33    5.58    66.339
 7.33 30.00   2.173   4.499
 7.33 30.00   6.672    72.214
 7.33 30.00   5.460   3.886   6.672   0.635
 7.33 30.00   5.465   3.878   6.672   0.626

 7.34  0.00   0.476   0.470   0.037   0.078   0.006   0.005   0.341   0.003   0.000   0.005   0.000 637646700
 7.34    5.58    66.320
 7.34 30.00   2.172   4.499
 7.34 30.00   6.670    72.206
 7.34 30.00   5.459   3.885   6.670   0.635
 7.34 30.00   5.464   3.878   6.670   0.626

 7.35  0.00   0.476   0.470   0.037   0.078   0.006   0.005   0.341   0.003   0.000   0.005   0.000 638515500
 7.35    5.58    66.302
 7.35 30.00   2.170   4.499
 7.35 30.00   6.669    72.199
 7.35 30.00   5.458   3.884   6.669   0.635
 7.35 30.00   5.462   3.877   6.669   0.626

 7.36  0.00   0.476   0.469   0.037   0.078   0.006   0.005   0.341   0.003   0.000   0.005   0.000 639384200
 7.36    5.58    66.284
 7.36 30.00   2.169   4.499
 7.36 30.00   6.667    72.192
 7.36 30.00   5.457   3.883   6.667   0.635
 7.36 30.00   5.461   3.876   6.667   0.626

 7.37  0.00   0.476   0.469   0.037   0.078   0.006   0.005   0.341   0.003   0.000   0.005   0.000 640252900
 7.37    5.58    66.266
 7.37 30.00   2.167   4.499
 7.37 30.00   6.666    72.184
 7.37 30.00   5.456   3.882   6.666   0.635
 7.37 30.00   5.460   3.875   6.666   0.626

 7.38  0.00   0.476   0.469   0.037   0.078   0.006   0.005   0.341   0.003   0.000   0.005   0.000 641121700
 7.38    5.57    66.248
 7.38 30.00   2.166   4.499
 7.38 30.00   6.665    72.177
 7.38 30.00   5.454   3.882   6.665   0.634
 7.38 30.00   5.459   3.874   6.665   0.626

 7.39  0.00   0.476   0.469   0.037   0.078   0.006   0.005   0.341   0.003   0.000   0.005   0.000 641990300
 7.39    5.57    66.230
 7.39 30.00   2.164   4.499
 7.39 30.00   6.663    72.169
 7.39 30.00   5.453   3.881   6.663   0.634
 7.39 30.00   5.458   3.873   6.663   0.625

 7.40  0.00   0.475   0.469   0.037   0.078   0.006   0.005   0.340   0.003   0.000   0.005   0.000 642859100
 7.40    5.57    66.212
 7.40 30.00   2.163   4.499
 7.40 30.00   6.662    72.162
 7.40 30.00   5.452   3.880   6.662   0.634
 7.40 30.00   5.456   3.872   6.662   0.625

 7.41  0.00   0.475   0.469   0.037   0.078   0.006   0.005   0.340   0.003   0.000   0.005   0.000 643727800
 7.41    5.57    66.194
 7.41 30.00   2.161   4.499
 7.41 30.00   6.660    72.155
 7.41 30.00   5.451   3.879   6.660   0.634
 7.41 30.00   5.455   3.871   6.660   0.625

 7.42  0.00   0.475   0.469   0.037   0.078   0.006   0.005   0.340   0.003   0.000   0.005   0.000 644596500
 7.42    5.57    66.176
 7.42 30.00   2.160   4.499
 7.42 30.00   6.659    72.147
 7.42 30.00   5.450   3.878   6.659   0.634
 7.42 30.00   5.454   3.870   6.659   0.625

 7.43  0.00   0.475   0.468   0.037   0.078   0.006   0.005   0.340   0.003   0.000   0.005   0.000 645465300
 7.43    5.56    66.158
 7.43 30.00   2.158   4.499
 7.43 30.00   6.657    72.140
 7.43 30.00   5.449   3.877   6.657   0.633
 7.43 30.00   5.453   3.870   6.657   0.625

 7.44  0.00   0.475   0.468   0.036   0.078   0.006   0.005   0.340   0.003   0.000   0.005   0.000 646334000
 7.44    5.56    66.140
 7.44 30.00   2.157   4.499
 7.44 30.00   6.656    72.133
 7.44 30.00   5.447   3.876   6.656   0.633
 7.44 30.00   5.452   3.869   6.656   0.624

 7.45  0.00   0.475   0.468   0.036   0.078   0.006   0.005   0.340   0.003   0.000   0.005   0.000 647202800
 7.45    5.56    66.122
 7.45 30.00   2.156   4.499
 7.45 30.00   6.654    72.126
 7.45 30.00   5.446   3.875   6.654   0.633
 7.45 30.00   5.451   3.868   6.654   0.624

 7.46  0.00   0.475   0.468   0.036   0.078   0.006   0.005   0.340   0.003   0.000   0.005   0.000 648071500
 7.46    5.56    66.104
 7.46 30.00   2.154   4.499
 7.46 30.00   6.653    72.118
 7.46 30.00   5.445   3.875   6.653   0.633
 7.46 30.00   5.449   3.867   6.653   0.624

 7.47  0.00   0.475   0.468   0.036   0.078   0.006   0.005   0.340   0.003   0.000   0.005   0.000 648940200
 7.47    5.56    66.087
 7.47 30.00   2.153   4.499
 7.47 30.00   6.651    72.111
 7.47 30.00   5.444   3.874   6.651   0.633
 7.47 30.00   5.448   3.866   6.651   0.624

 7.48  0.00   0.474   0.468   0.036   0.078   0.006   0.005   0.340   0.003   0.000   0.005   0.000 649809000
 7.48    5.56    66.069
 7.48 30.00   2.151   4.499
 7.48 30.00   6.650    72.104
 7.48 30.00   5.443   3.873   6.650   0.633
 7.48 30.00   5.447   3.865   6.650   0.624

 7.49  0.00   0.474   0.468   0.036   0.078   0.006   0.005   0.340   0.003   0.000   0.005   0.000 650677600
 7.49    5.55    66.052
 7.49 30.00   2.150   4.499
 7.49 30.00   6.648    72.097
 7.49 30.00   5.442   3.872   6.648   0.632
 7.49 30.00   5.446   3.864   6.648   0.624

 7.50  0.00   0.474   0.468   0.036   0.078   0.006   0.005   0.340   0.003   0.000   0.005   0.000 651546400
 7.50    5.55    66.034
 7.50 30.00   2.148   4.499
 7.50 30.00   6.647    72.089
 7.50 30.00   5.440   3.871   6.647   0.632
 7.50 30.00   5.445   3.863   6.647   0.623

 7.51  0.00   0.474   0.467   0.036   0.078   0.006   0.005   0.340   0.003   0.000   0.005   0.000 652415200
 7.51    5.55    66.016
 7.51 30.00   2.147   4.499
 7.51 30.00   6.646    72.082
 7.51 30.00   5.439   3.870   6.646   0.632
 7.51 30.00   5.444   3.863   6.646   0.623

 7.52  0.00   0.474   0.467   0.036   0.078   0.006   0.005   0.340   0.003   0.000   0.005   0.000 653283800
 7.52    5.55    65.999
 7.52 30.00   2.145   4.499
 7.52 30.00   6.644    72.075
 7.52 30.00   5.438   3.869   6.644   0.632
 7.52 30.00   5.442   3.862   6.644   0.623

 7.53  0.00   0.474   0.467   0.036   0.078   0.006   0.005   0.340   0.003   0.000   0.005   0.000 654152600
 7.53    5.55    65.981
 7.53 30.00   2.144   4.499
 7.53 30.00   6.643    72.068
 7.53 30.00   5.437   3.868   6.643   0.632
 7.53 30.00   5.441   3.861   6.643   0.623

 7.54  0.00   0.474   0.467   0.036   0.078   0.006   0.005   0.340   0.003   0.000   0.005   0.000 655021300
 7.54    5.55    65.964
 7.54 30.00   2.143   4.499
 7.54 30.00   6.641    72.061
 7.54 30.00   5.436   3.868   6.641   0.632
 7.54 30.00   5.440   3.860   6.641   0.623

 7.55  0.00   0.474   0.467   0.036   0.078   0.006   0.005   0.340   0.003   0.000   0.005   0.000 655890000
 7.55    5.54    65.947
 7.55 30.00   2.141   4.499
 7.55 30.00   6.640    72.054
 7.55 30.00   5.435   3.867   6.640   0.631
 7.55 30.00   5.439   3.859   6.640   0.623

 7.56  0.00   0.473   0.467   0.036   0.078   0.006   0.005   0.340   0.003   0.000   0.005   0.000 656758800
 7.56    5.54    65.929
 7.56 30.00   2.140   4.499
 7.56 30.00   6.638    72.047
 7.56 30.00   5.433   3.866   6.638   0.631
 7.56 30.00   5.438   3.858   6.638   0.622

 7.57  0.00   0.473   0.467   0.036   0.078   0.006   0.005   0.340   0.003   0.000   0.005   0.000 657627500
 7.57    5.54    65.912
 7.57 30.00   2.138   4.499
 7.57 30.00   6.637    72.040
 7.57 30.00   5.432   3.865   6.637   0.631
 7.57 30.00   5.437   3.857   6.637   0.622

 7.58  0.00   0.473   0.467   0.036   0.078   0.006   0.005   0.340   0.003   0.000   0.005   0.000 658496200
 7.58    5.54    65.895
 7.58 30.00   2.137   4.499
 7.58 30.00   6.636    72.033
 7.58 30.00   5.431   3.864   6.636   0.631
 7.58 30.00   5.436   3.857   6.636   0.622

 7.59  0.00   0.473   0.466   0.036   0.078   0.006   0.005   0.340   0.003   0.000   0.005   0.000 659364900
 7.59    5.54    65.878
 7.59 30.00   2.135   4.499
 7.59 30.00   6.634    72.025
 7.59 30.00   5.430   3.863   6.634   0.631
 7.59 30.00   5.434   3.856   6.634   0.622

 7.60  0.00   0.473   0.466   0.036   0.078   0.006   0.005   0.340   0.003   0.000   0.005   0.000 660233700
 7.60    5.53    65.860
 7.60 30.00   2.134   4.499
 7.60 30.00   6.633    72.018
 7.60 30.00   5.429   3.862   6.633   0.631
 7.60 30.00   5.433   3.855   6.633   0.622

 7.61  0.00   0.473   0.466   0.036   0.078   0.006   0.005   0.340   0.003   0.000   0.005   0.000 661102400
 7.61    5.53    65.843
 7.61 30.00   2.133   4.499
 7.61 30.00   6.631    72.011
 7.61 30.00   5.428   3.862   6.631   0.630
 7.61 30.00   5.432   3.854   6.631   0.622

 7.62  0.00   0.473   0.466   0.035   0.078   0.006   0.005   0.340   0.003   0.000   0.005   0.000 661971100
 7.62    5.53    65.826
 7.62 30.00   2.131   4.499
 7.62 30.00   6.630    72.004
 7.62 30.00   5.427   3.861   6.630   0.630
 7.62 30.00   5.431   3.853   6.630   0.621

 7.63  0.00   0.473   0.466   0.035   0.078   0.006   0.005   0.340   0.003   0.000   0.005   0.000 662839900
 7.63    5.53    65.809
 7.63 30.00   2.130   4.499
 7.63 30.00   6.629    71.997
 7.63 30.00   5.425   3.860   6.629   0.630
 7.63 30.00   5.430   3.852   6.629   0.621

 7.64  0.00   0.472   0.466   0.035   0.078   0.006   0.005   0.340   0.003   0.000   0.005   0.000 663708600
 7.64    5.53    65.792
 7.64 30.00   2.128   4.499
 7.64 30.00   6.627    71.990
 7.64 30.00   5.424   3.859   6.627   0.630
 7.64 30.00   5.429   3.851   6.627   0.621

 7.65  0.00   0.472   0.466   0.035   0.078   0.006   0.005   0.340   0.003   0.000   0.005   0.000 664577300
 7.65    5.53    65.775
 7.65 30.00   2.127   4.499
 7.65 30.00   6.626    71.983
 7.65 30.00   5.423   3.858   6.626   0.630
 7.65 30.00   5.428   3.851   6.626   0.621

 7.66  0.00   0.472   0.466   0.035   0.078   0.006   0.005   0.340   0.003   0.000   0.005   0.000 665446000
 7.66    5.52    65.758
 7.66 30.00   2.126   4.499
 7.66 30.00   6.624    71.977
 7.66 30.00   5.422   3.857   6.624   0.630
 7.66 30.00   5.427   3.850   6.624   0.621

 7.67  0.00   0.472   0.465   0.035   0.078   0.006   0.005   0.340   0.003   0.000   0.005   0.000 666314800
 7.67    5.52    65.742
 7.67 30.00   2.124   4.499
 7.67 30.00   6.623    71.970
 7.67 30.00   5.421   3.857   6.623   0.629
 7.67 30.00   5.425   3.849   6.623   0.621

 7.68  0.00   0.472   0.465   0.035   0.078   0.006   0.005   0.340   0.003   0.000   0.005   0.000 667183500
 7.68    5.52    65.725
 7.68 30.00   2.123   4.499
 7.68 30.00   6.622    71.963
 7.68 30.00   5.420   3.856   6.622   0.629
 7.68 30.00   5.424   3.848   6.622   0.620

 7.69  0.00   0.472   0.465   0.035   0.078   0.006   0.005   0.340   0.003   0.000   0.005   0.000 668052200
 7.69    5.52    65.708
 7.69 30.00   2.122   4.499
 7.69 30.00   6.620    71.956
 7.69 30.00   5.419   3.855   6.620   0.629
 7.69 30.00   5.423   3.847   6.620   0.620

 7.70  0.00   0.472   0.465   0.035   0.078   0.006   0.005   0.340   0.003   0.000   0.005   0.000 668921000
 7.70    5.52    65.691
 7.70 30.00   2.120   4.499
 7.70 30.00   6.619    71.949
 7.70 30.00   5.418   3.854   6.619   0.629
 7.70 30.00   5.422   3.846   6.619   0.620

 7.71  0.00   0.472   0.465   0.035   0.078   0.006   0.005   0.340   0.003   0.000   0.005   0.000 669789700
 7.71    5.52    65.675
 7.71 30.00   2.119   4.499
 7.71 30.00   6.617    71.942
 7.71 30.00   5.417   3.853   6.617   0.629
 7.71 30.00   5.421   3.846   6.617   0.620

 7.72  0.00   0.471   0.465   0.035   0.078   0.006   0.005   0.340   0.003   0.000   0.005   0.000 670658400
 7.72    5.51    65.658
 7.72 30.00   2.117   4.499
 7.72 30.00   6.616    71.935
 7.72 30.00   5.415   3.852   6.616   0.629
 7.72 30.00   5.420   3.845   6.616   0.620

 7.73  0.00   0.471   0.465   0.035   0.078   0.006   0.005   0.340   0.003   0.000   0.005   0.000 671527200
 7.73    5.51    65.641
 7.73 30.00   2.116   4.499
 7.73 30.00   6.615    71.928
 7.73 30.00   5.414   3.852   6.615   0.628
 7.73 30.00   5.419   3.844   6.615   0.620

 7.74  0.00   0.471   0.465   0.035   0.078   0.006   0.005   0.340   0.003   0.000   0.005   0.000 672395800
 7.74    5.51    65.625
 7.74 30.00   2.115   4.499
 7.74 30.00   6.613    71.921
 7.74 30.00   5.413   3.851   6.613   0.628
 7.74 30.00   5.418   3.843   6.613   0.619

 7.75  0.00   0.471   0.464   0.035   0.078   0.006   0.005   0.339   0.003   0.000   0.005   0.000 673264600
 7.75    5.51    65.608
 7.75 30.00   2.113   4.499
 7.75 30.00   6.612    71.915
 7.75 30.00   5.412   3.850   6.612   0.628
 7.75 30.00   5.417   3.842   6.612   0.619

 7.76  0.00   0.471   0.464   0.035   0.078   0.006   0.005   0.339   0.003   0.000   0.005   0.000 674133400
 7.76    5.51    65.592
 7.76 30.00   2.112   4.499
 7.76 30.00   6.611    71.908
 7.76 30.00   5.411   3.849   6.611   0.628
 7.76 30.00   5.415   3.841   6.611   0.619

 7.77  0.00   0.471   0.464   0.035   0.078   0.006   0.005   0.339   0.003   0.000   0.005   0.000 675002000
 7.77    5.51    65.575
 7.77 30.00   2.111   4.499
 7.77 30.00   6.609    71.901
 7.77 30.00   5.410   3.848   6.609   0.628
 7.77 30.00   5.414   3.841   6.609   0.619

 7.78  0.00   0.471   0.464   0.035   0.078   0.006   0.005   0.339   0.003   0.000   0.005   0.000 675870800
 7.78    5.51    65.559
 7.78 30.00   2.109   4.499
 7.78 30.00   6.608    71.894
 7.78 30.00   5.409   3.847   6.608   0.628
 7.78 30.00   5.413   3.840   6.608   0.619

 7.79  0.00   0.471   0.464   0.035   0.078   0.006   0.005   0.339   0.003   0.000   0.005   0.000 676739500
 7.79    5.50    65.543
 7.79 30.00   2.108   4.499
 7.79 30.00   6.607    71.888
 7.79 30.00   5.408   3.847   6.607   0.627
 7.79 30.00   5.412   3.839   6.607   0.619

 7.80  0.00   0.470   0.464   0.035   0.078   0.006   0.005   0.339   0.003   0.000   0.005   0.000 677608300
 7.80    5.50    65.526
 7.80 30.00   2.107   4.499
 7.80 30.00   6.605    71.881
 7.80 30.00   5.407   3.846   6.605   0.627
 7.80 30.00   5.411   3.838   6.605   0.618

 7.81  0.00   0.470   0.464   0.034   0.078   0.006   0.005   0.339   0.003   0.000   0.005   0.000 678477000
 7.81    5.50    65.510
 7.81 30.00   2.105   4.499
 7.81 30.00   6.604    71.874
 7.81 30.00   5.406   3.845   6.604   0.627
 7.81 30.00   5.410   3.837   6.604   0.618

 7.82  0.00   0.470   0.464   0.034   0.078   0.005   0.005   0.339   0.003   0.000   0.005   0.000 679345700
 7.82    5.50    65.494
 7.82 30.00   2.104   4.499
 7.82 30.00   6.603    71.867
 7.82 30.00   5.405   3.844   6.603   0.627
 7.82 30.00   5.409   3.837   6.603   0.618

 7.83  0.00   0.470   0.463   0.034   0.078   0.005   0.005   0.339   0.003   0.000   0.005   0.000 680214400
 7.83    5.50    65.477
 7.83 30.00   2.103   4.499
 7.83 30.00   6.601    71.861
 7.83 30.00   5.403   3.843   6.601   0.627
 7.83 30.00   5.408   3.836   6.601   0.618

 7.84  0.00   0.470   0.463   0.034   0.078   0.005   0.005   0.339   0.003   0.000   0.005   0.000 681083200
 7.84    5.50    65.461
 7.84 30.00   2.101   4.499
 7.84 30.00   6.600    71.854
 7.84 30.00   5.402   3.843   6.600   0.627
 7.84 30.00   5.407   3.835   6.600   0.618

 7.85  0.00   0.470   0.463   0.034   0.078   0.005   0.005   0.339   0.003   0.000   0.005   0.000 681951900
 7.85    5.49    65.445
 7.85 30.00   2.100   4.499
 7.85 30.00   6.599    71.847
 7.85 30.00   5.401   3.842   6.599   0.626
 7.85 30.00   5.406   3.834   6.599   0.618

 7.86  0.00   0.470   0.463   0.034   0.078   0.005   0.005   0.339   0.003   0.000   0.005   0.000 682820600
 7.86    5.49    65.429
 7.86 30.00   2.099   4.499
 7.86 30.00   6.597    71.841
 7.86 30.00   5.400   3.841   6.597   0.626
 7.86 30.00   5.405   3.833   6.597   0.617

 7.87  0.00   0.470   0.463   0.034   0.078   0.005   0.005   0.339   0.003   0.000   0.005   0.000 683689300
 7.87    5.49    65.413
 7.87 30.00   2.097   4.499
 7.87 30.00   6.596    71.834
 7.87 30.00   5.399   3.840   6.596   0.626
 7.87 30.00   5.404   3.833   6.596   0.617

 7.88  0.00   0.470   0.463   0.034   0.078   0.005   0.005   0.339   0.003   0.000   0.005   0.000 684558100
 7.88    5.49    65.397
 7.88 30.00   2.096   4.499
 7.88 30.00   6.595    71.827
 7.88 30.00   5.398   3.839   6.595   0.626
 7.88 30.00   5.402   3.832   6.595   0.617

 7.89  0.00   0.469   0.463   0.034   0.078   0.005   0.005   0.339   0.003   0.000   0.005   0.000 685426800
 7.89    5.49    65.381
 7.89 30.00   2.095   4.499
 7.89 30.00   6.593    71.821
 7.89 30.00   5.397   3.839   6.593   0.626
 7.89 30.00   5.401   3.831   6.593   0.617

 7.90  0.00   0.469   0.463   0.034   0.078   0.005   0.005   0.339   0.003   0.000   0.005   0.000 686295600
 7.90    5.49    65.365
 7.90 30.00   2.093   4.499
 7.90 30.00   6.592    71.814
 7.90 30.00   5.396   3.838   6.592   0.626
 7.90 30.00   5.400   3.830   6.592   0.617

 7.91  0.00   0.469   0.463   0.034   0.078   0.005   0.005   0.339   0.003   0.000   0.005   0.000 687164200
 7.91    5.49    65.349
 7.91 30.00   2.092   4.499
 7.91 30.00   6.591    71.808
 7.91 30.00   5.395   3.837   6.591   0.626
 7.91 30.00   5.399   3.829   6.591   0.617

 7.92  0.00   0.469   0.462   0.034   0.078   0.005   0.005   0.339   0.003   0.000   0.005   0.000 688033000
 7.92    5.48    65.333
 7.92 30.00   2.091   4.499
 7.92 30.00   6.589    71.801
 7.92 30.00   5.394   3.836   6.589   0.625
 7.92 30.00   5.398   3.829   6.589   0.617

 7.93  0.00   0.469   0.462   0.034   0.078   0.005   0.005   0.339   0.003   0.000   0.005   0.000 688901700
 7.93    5.48    65.318
 7.93 30.00   2.089   4.499
 7.93 30.00   6.588    71.794
 7.93 30.00   5.393   3.835   6.588   0.625
 7.93 30.00   5.397   3.828   6.588   0.616

 7.94  0.00   0.469   0.462   0.034   0.078   0.005   0.005   0.339   0.003   0.000   0.005   0.000 689770400
 7.94    5.48    65.302
 7.94 30.00   2.088   4.499
 7.94 30.00   6.587    71.788
 7.94 30.00   5.392   3.835   6.587   0.625
 7.94 30.00   5.396   3.827   6.587   0.616

 7.95  0.00   0.469   0.462   0.034   0.078   0.005   0.005   0.339   0.003   0.000   0.005   0.000 690639200
 7.95    5.48    65.286
 7.95 30.00   2.087   4.499
 7.95 30.00   6.585    71.781
 7.95 30.00   5.391   3.834   6.585   0.625
 7.95 30.00   5.395   3.826   6.585   0.616

 7.96  0.00   0.469   0.462   0.034   0.078   0.005   0.005   0.339   0.003   0.000   0.005   0.000 691507900
 7.96    5.48    65.271
 7.96 30.00   2.085   4.499
 7.96 30.00   6.584    71.775
 7.96 30.00   5.390   3.833   6.584   0.625
 7.96 30.00   5.394   3.825   6.584   0.616

 7.97  0.00   0.468   0.462   0.034   0.078   0.005   0.005   0.339   0.003   0.000   0.005   0.000 692376600
 7.97    5.48    65.255
 7.97 30.00   2.084   4.499
 7.97 30.00   6.583    71.768
 7.97 30.00   5.389   3.832   6.583   0.625
 7.97 30.00   5.393   3.825   6.583   0.616

 7.98  0.00   0.468   0.462   0.034   0.078   0.005   0.005   0.339   0.003   0.000   0.005   0.000 693245400
 7.98    5.48    65.239
 7.98 30.00   2.083   4.499
 7.98 30.00   6.581    71.762
 7.98 30.00   5.388   3.832   6.581   0.624
 7.98 30.00   5.392   3.824   6.581   0.616

 7.99  0.00   0.468   0.462   0.034   0.078   0.005   0.005   0.339   0.003   0.000   0.005   0.000 694114000
 7.99    5.47    65.224
 7.99 30.00   2.082   4.499
 7.99 30.00   6.580    71.755
 7.99 30.00   5.386   3.831   6.580   0.624
 7.99 30.00   5.391   3.823   6.580   0.615

 8.00  0.00   0.468   0.462   0.034   0.078   0.005   0.005   0.339   0.003   0.000   0.005   0.000 694982800
 8.00    5.47    65.208
 8.00 30.00   2.080   4.499
 8.00 30.00   6.579    71.749
 8.00 30.00   5.385   3.830   6.579   0.624
 8.00 30.00   5.390   3.822   6.579   0.615

 8.01  0.00   0.468   0.461   0.033   0.078   0.005   0.005   0.339   0.003   0.000   0.005   0.000 695851600
 8.01    5.47    65.193
 8.01 30.00   2.079   4.499
 8.01 30.00   6.578    71.742
 8.01 30.00   5.384   3.829   6.578   0.624
 8.01 30.00   5.389   3.822   6.578   0.615

 8.02  0.00   0.468   0.461   0.033   0.078   0.005   0.005   0.339   0.003   0.000   0.005   0.000 696720300
 8.02    5.47    65.177
 8.02 30.00   2.078   4.499
 8.02 30.00   6.576    71.736
 8.02 30.00   5.383   3.828   6.576   0.624
 8.02 30.00   5.388   3.821   6.576   0.615

 8.03  0.00   0.468   0.461   0.033   0.078   0.005   0.005   0.339   0.003   0.000   0.005   0.000 697589000
 8.03    5.47    65.162
 8.03 30.00   2.076   4.499
 8.03 30.00   6.575    71.730
 8.03 30.00   5.382   3.828   6.575   0.624
 8.03 30.00   5.387   3.820   6.575   0.615

 8.04  0.00   0.468   0.461   0.033   0.078   0.005   0.005   0.339   0.003   0.000   0.005   0.000 698457700
 8.04    5.47    65.147
 8.04 30.00   2.075   4.499
 8.04 30.00   6.574    71.723
 8.04 30.00   5.381   3.827   6.574   0.624
 8.04 30.00   5.386   3.819   6.574   0.615

 8.05  0.00   0.468   0.461   0.033   0.078   0.005   0.005   0.339   0.003   0.000   0.005   0.000 699326500
 8.05    5.47    65.131
 8.05 30.00   2.074   4.499
 8.05 30.00   6.573    71.717
 8.05 30.00   5.380   3.826   6.573   0.623
 8.05 30.00   5.385   3.819   6.573   0.615

 8.06  0.00   0.467   0.461   0.033   0.078   0.005   0.005   0.339   0.003   0.000   0.005   0.000 700195200
 8.06    5.46    65.116
 8.06 30.00   2.073   4.499
 8.06 30.00   6.571    71.710
 8.06 30.00   5.379   3.825   6.571   0.623
 8.06 30.00   5.384   3.818   6.571   0.614

 8.07  0.00   0.467   0.461   0.033   0.078   0.005   0.005   0.339   0.003   0.000   0.005   0.000 701063900
 8.07    5.46    65.101
 8.07 30.00   2.071   4.499
 8.07 30.00   6.570    71.704
 8.07 30.00   5.378   3.825   6.570   0.623
 8.07 30.00   5.383   3.817   6.570   0.614

 8.08  0.00   0.467   0.461   0.033   0.078   0.005   0.005   0.339   0.003   0.000   0.005   0.000 701932600
 8.08    5.46    65.085
 8.08 30.00   2.070   4.499
 8.08 30.00   6.569    71.698
 8.08 30.00   5.377   3.824   6.569   0.623
 8.08 30.00   5.382   3.816   6.569   0.614

 8.09  0.00   0.467   0.460   0.033   0.078   0.005   0.005   0.339   0.003   0.000   0.005   0.000 702801400
 8.09    5.46    65.070
 8.09 30.00   2.069   4.499
 8.09 30.00   6.567    71.691
 8.09 30.00   5.376   3.823   6.567   0.623
 8.09 30.00   5.381   3.815   6.567   0.614

 8.10  0.00   0.467   0.460   0.033   0.078   0.005   0.005   0.339   0.003   0.000   0.005   0.000 703670100
 8.10    5.46    65.055
 8.10 30.00   2.067   4.499
 8.10 30.00   6.566    71.685
 8.10 30.00   5.375   3.822   6.566   0.623
 8.10 30.00   5.380   3.815   6.566   0.614

 8.11  0.00   0.467   0.460   0.033   0.078   0.005   0.005   0.339   0.003   0.000   0.005   0.000 704538800
 8.11    5.46    65.040
 8.11 30.00   2.066   4.499
 8.11 30.00   6.565    71.679
 8.11 30.00   5.374   3.822   6.565   0.623
 8.11 30.00   5.379   3.814   6.565   0.614

 8.12  0.00   0.467   0.460   0.033   0.078   0.005   0.005   0.339   0.003   0.000   0.005   0.000 705407600
 8.12    5.46    65.025
 8.12 30.00   2.065   4.499
 8.12 30.00   6.564    71.672
 8.12 30.00   5.373   3.821   6.564   0.622
 8.12 30.00   5.378   3.813   6.564   0.614

 8.13  0.00   0.467   0.460   0.033   0.078   0.005   0.005   0.338   0.003   0.000   0.005   0.000 706276300
 8.13    5.46    65.010
 8.13 30.00   2.064   4.499
 8.13 30.00   6.562    71.666
 8.13 30.00   5.372   3.820   6.562   0.622
 8.13 30.00   5.376   3.812   6.562   0.613

 8.14  0.00   0.467   0.460   0.033   0.078   0.005   0.005   0.338   0.003   0.000   0.005   0.000 707145000
 8.14    5.45    64.995
 8.14 30.00   2.062   4.499
 8.14 30.00   6.561    71.660
 8.14 30.00   5.371   3.819   6.561   0.622
 8.14 30.00   5.375   3.812   6.561   0.613

 8.15  0.00   0.466   0.460   0.033   0.078   0.005   0.005   0.338   0.003   0.000   0.005   0.000 708013700
 8.15    5.45    64.980
 8.15 30.00   2.061   4.499
 8.15 30.00   6.560    71.653
 8.15 30.00   5.370   3.819   6.560   0.622
 8.15 30.00   5.374   3.811   6.560   0.613

 8.16  0.00   0.466   0.460   0.033   0.078   0.005   0.005   0.338   0.003   0.000   0.005   0.000 708882400
 8.16    5.45    64.965
 8.16 30.00   2.060   4.499
 8.16 30.00   6.559    71.647
 8.16 30.00   5.369   3.818   6.559   0.622
 8.16 30.00   5.373   3.810   6.559   0.613

 8.17  0.00   0.466   0.460   0.033   0.078   0.005   0.005   0.338   0.003   0.000   0.005   0.000 709751200
 8.17    5.45    64.950
 8.17 30.00   2.059   4.499
 8.17 30.00   6.557    71.641
 8.17 30.00   5.368   3.817   6.557   0.622
 8.17 30.00   5.372   3.809   6.557   0.613

 8.18  0.00   0.466   0.460   0.033   0.078   0.005   0.005   0.338   0.003   0.000   0.005   0.000 710620000
 8.18    5.45    64.936
 8.18 30.00   2.057   4.499
 8.18 30.00   6.556    71.635
 8.18 30.00   5.367   3.816   6.556   0.622
 8.18 30.00   5.371   3.809   6.556   0.613

 8.19  0.00   0.466   0.459   0.033   0.078   0.005   0.005   0.338   0.003   0.000   0.005   0.000 711488600
 8.19    5.45    64.921
 8.19 30.00   2.056   4.499
 8.19 30.00   6.555    71.628
 8.19 30.00   5.366   3.816   6.555   0.621
 8.19 30.00   5.370   3.808   6.555   0.613

 8.20  0.00   0.466   0.459   0.033   0.078   0.005   0.005   0.338   0.003   0.000   0.005   0.000 712357400
 8.20    5.45    64.906
 8.20 30.00   2.055   4.499
 8.20 30.00   6.554    71.622
 8.20 30.00   5.365   3.815   6.554   0.621
 8.20 30.00   5.369   3.807   6.554   0.612

 8.21  0.00   0.466   0.459   0.033   0.078   0.005   0.005   0.338   0.003   0.000   0.005   0.000 713226100
 8.21    5.45    64.891
 8.21 30.00   2.054   4.499
 8.21 30.00   6.552    71.616
 8.21 30.00   5.364   3.814   6.552   0.621
 8.21 30.00   5.368   3.806   6.552   0.612

 8.22  0.00   0.466   0.459   0.032   0.078   0.005   0.005   0.338   0.003   0.000   0.005   0.000 714094800
 8.22    5.44    64.877
 8.22 30.00   2.053   4.499
 8.22 30.00   6.551    71.610
 8.22 30.00   5.363   3.813   6.551   0.621
 8.22 30.00   5.367   3.806   6.551   0.612

 8.23  0.00   0.466   0.459   0.032   0.078   0.005   0.005   0.338   0.003   0.000   0.005   0.000 714963500
 8.23    5.44    64.862
 8.23 30.00   2.051   4.499
 8.23 30.00   6.550    71.604
 8.23 30.00   5.362   3.813   6.550   0.621
 8.23 30.00   5.366   3.805   6.550   0.612

 8.24  0.00   0.465   0.459   0.032   0.078   0.005   0.005   0.338   0.003   0.000   0.005   0.000 715832300
 8.24    5.44    64.848
 8.24 30.00   2.050   4.499
 8.24 30.00   6.549    71.597
 8.24 30.00   5.361   3.812   6.549   0.621
 8.24 30.00   5.365   3.804   6.549   0.612

 8.25  0.00   0.465   0.459   0.032   0.078   0.005   0.005   0.338   0.003   0.000   0.005   0.000 716701100
 8.25    5.44    64.833
 8.25 30.00   2.049   4.499
 8.25 30.00   6.548    71.591
 8.25 30.00   5.360   3.811   6.548   0.621
 8.25 30.00   5.365   3.804   6.548   0.612

 8.26  0.00   0.465   0.459   0.032   0.078   0.005   0.005   0.338   0.003   0.000   0.005   0.000 717569800
 8.26    5.44    64.819
 8.26 30.00   2.048   4.499
 8.26 30.00   6.546    71.585
 8.26 30.00   5.359   3.810   6.546   0.620
 8.26 30.00   5.364   3.803   6.546   0.612

 8.27  0.00   0.465   0.459   0.032   0.078   0.005   0.005   0.338   0.003   0.000   0.005   0.000 718438500
 8.27    5.44    64.804
 8.27 30.00   2.046   4.499
 8.27 30.00   6.545    71.579
 8.27 30.00   5.358   3.810   6.545   0.620
 8.27 30.00   5.363   3.802   6.545   0.611

 8.28  0.00   0.465   0.458   0.032   0.078   0.005   0.005   0.338   0.003   0.000   0.005   0.000 719307200
 8.28    5.44    64.790
 8.28 30.00   2.045   4.499
 8.28 30.00   6.544    71.573
 8.28 30.00   5.357   3.809   6.544   0.620
 8.28 30.00   5.362   3.801   6.544   0.611

 8.29  0.00   0.465   0.458   0.032   0.078   0.005   0.005   0.338   0.003   0.000   0.005   0.000 720175900
 8.29    5.44    64.775
 8.29 30.00   2.044   4.499
 8.29 30.00   6.543    71.567
 8.29 30.00   5.356   3.808   6.543   0.620
 8.29 30.00   5.361   3.801   6.543   0.611

 8.30  0.00   0.465   0.458   0.032   0.078   0.005   0.005   0.338   0.003   0.000   0.005   0.000 721044700
 8.30    5.43    64.761
 8.30 30.00   2.043   4.499
 8.30 30.00   6.541    71.561
 8.30 30.00   5.355   3.807   6.541   0.620
 8.30 30.00   5.360   3.800   6.541   0.611

 8.31  0.00   0.465   0.458   0.032   0.078   0.005   0.005   0.338   0.003   0.000   0.005   0.000 721913400
 8.31    5.43    64.747
 8.31 30.00   2.042   4.499
 8.31 30.00   6.540    71.555
 8.31 30.00   5.354   3.807   6.540   0.620
 8.31 30.00   5.359   3.799   6.540   0.611

 8.32  0.00   0.465   0.458   0.032   0.078   0.005   0.005   0.338   0.003   0.000   0.005   0.000 722782100
 8.32    5.43    64.732
 8.32 30.00   2.040   4.499
 8.32 30.00   6.539    71.549
 8.32 30.00   5.353   3.806   6.539   0.620
 8.32 30.00   5.358   3.798   6.539   0.611

 8.33  0.00   0.465   0.458   0.032   0.078   0.005   0.005   0.338   0.003   0.000   0.005   0.000 723650900
 8.33    5.43    64.718
 8.33 30.00   2.039   4.499
 8.33 30.00   6.538    71.543
 8.33 30.00   5.352   3.805   6.538   0.619
 8.33 30.00   5.357   3.798   6.538   0.611

 8.34  0.00   0.464   0.458   0.032   0.078   0.005   0.005   0.338   0.003   0.000   0.005   0.000 724519600
 8.34    5.43    64.704
 8.34 30.00   2.038   4.499
 8.34 30.00   6.537    71.537
 8.34 30.00   5.351   3.805   6.537   0.619
 8.34 30.00   5.356   3.797   6.537   0.610

 8.35  0.00   0.464   0.458   0.032   0.078   0.005   0.005   0.338   0.003   0.000   0.005   0.000 725388400
 8.35    5.43    64.690
 8.35 30.00   2.037   4.499
 8.35 30.00   6.535    71.531
 8.35 30.00   5.350   3.804   6.535   0.619
 8.35 30.00   5.355   3.796   6.535   0.610

 8.36  0.00   0.464   0.458   0.032   0.078   0.005   0.005   0.338   0.003   0.000   0.005   0.000 726257000
 8.36    5.43    64.676
 8.36 30.00   2.036   4.499
 8.36 30.00   6.534    71.525
 8.36 30.00   5.349   3.803   6.534   0.619
 8.36 30.00   5.354   3.796   6.534   0.610

 8.37  0.00   0.464   0.457   0.032   0.077   0.005   0.005   0.338   0.003   0.000   0.005   0.000 727125800
 8.37    5.43    64.662
 8.37 30.00   2.034   4.499
 8.37 30.00   6.533    71.519
 8.37 30.00   5.348   3.802   6.533   0.619
 8.37 30.00   5.353   3.795   6.533   0.610

 8.38  0.00   0.464   0.457   0.032   0.077   0.005   0.005   0.338   0.003   0.000   0.005   0.000 727994500
 8.38    5.43    64.648
 8.38 30.00   2.033   4.499
 8.38 30.00   6.532    71.513
 8.38 30.00   5.347   3.802   6.532   0.619
 8.38 30.00   5.352   3.794   6.532   0.610

 8.39  0.00   0.464   0.457   0.032   0.077   0.005   0.005   0.338   0.003   0.000   0.005   0.000 728863200
 8.39    5.42    64.634
 8.39 30.00   2.032   4.499
 8.39 30.00   6.531    71.507
 8.39 30.00   5.346   3.801   6.531   0.619
 8.39 30.00   5.351   3.793   6.531   0.610

 8.40  0.00   0.464   0.457   0.032   0.077   0.005   0.005   0.338   0.003   0.000   0.005   0.000 729731900
 8.40    5.42    64.620
 8.40 30.00   2.031   4.499
 8.40 30.00   6.530    71.501
 8.40 30.00   5.346   3.800   6.530   0.618
 8.40 30.00   5.350   3.793   6.530   0.610

 8.41  0.00   0.464   0.457   0.032   0.077   0.005   0.005   0.338   0.003   0.000   0.005   0.000 730600600
 8.41    5.42    64.606
 8.41 30.00   2.030   4.499
 8.41 30.00   6.528    71.495
 8.41 30.00   5.345   3.800   6.528   0.618
 8.41 30.00   5.349   3.792   6.528   0.609

 8.42  0.00   0.464   0.457   0.032   0.077   0.005   0.005   0.338   0.003   0.000   0.005   0.000 731469400
 8.42    5.42    64.592
 8.42 30.00   2.028   4.499
 8.42 30.00   6.527    71.489
 8.42 30.00   5.344   3.799   6.527   0.618
 8.42 30.00   5.348   3.791   6.527   0.609

 8.43  0.00   0.463   0.457   0.032   0.077   0.005   0.004   0.338   0.003   0.000   0.005   0.000 732338200
 8.43    5.42    64.578
 8.43 30.00   2.027   4.499
 8.43 30.00   6.526    71.483
 8.43 30.00   5.343   3.798   6.526   0.618
 8.43 30.00   5.347   3.791   6.526   0.609

 8.44  0.00   0.463   0.457   0.031   0.077   0.005   0.004   0.338   0.003   0.000   0.005   0.000 733206800
 8.44    5.42    64.564
 8.44 30.00   2.026   4.499
 8.44 30.00   6.525    71.477
 8.44 30.00   5.342   3.797   6.525   0.618
 8.44 30.00   5.346   3.790   6.525   0.609

 8.45  0.00   0.463   0.457   0.031   0.077   0.005   0.004   0.338   0.003   0.000   0.005   0.000 734075600
 8.45    5.42    64.550
 8.45 30.00   2.025   4.499
 8.45 30.00   6.524    71.471
 8.45 30.00   5.341   3.797   6.524   0.618
 8.45 30.00   5.345   3.789   6.524   0.609

 8.46  0.00   0.463   0.457   0.031   0.077   0.005   0.004   0.338   0.003   0.000   0.005   0.000 734944300
 8.46    5.42    64.537
 8.46 30.00   2.024   4.499
 8.46 30.00   6.522    71.465
 8.46 30.00   5.340   3.796   6.522   0.618
 8.46 30.00   5.344   3.788   6.522   0.609

 8.47  0.00   0.463   0.456   0.031   0.077   0.005   0.004   0.338   0.003   0.000   0.005   0.000 735813100
 8.47    5.42    64.523
 8.47 30.00   2.023   4.499
 8.47 30.00   6.521    71.459
 8.47 30.00   5.339   3.795   6.521   0.617
 8.47 30.00   5.343   3.788   6.521   0.609

 8.48  0.00   0.463   0.456   0.031   0.077   0.005   0.004   0.338   0.003   0.000   0.005   0.000 736681700
 8.48    5.42    64.509
 8.48 30.00   2.021   4.499
 8.48 30.00   6.520    71.453
 8.48 30.00   5.338   3.795   6.520   0.617
 8.48 30.00   5.342   3.787   6.520   0.608

 8.49  0.00   0.463   0.456   0.031   0.077   0.005   0.004   0.338   0.003   0.000   0.005   0.000 737550500
 8.49    5.41    64.496
 8.49 30.00   2.020   4.499
 8.49 30.00   6.519    71.447
 8.49 30.00   5.337   3.794   6.519   0.617
 8.49 30.00   5.341   3.786   6.519   0.608

 8.50  0.00   0.463   0.456   0.031   0.077   0.005   0.004   0.338   0.003   0.000   0.005   0.000 738419300
 8.50    5.41    64.482
 8.50 30.00   2.019   4.499
 8.50 30.00   6.518    71.442
 8.50 30.00   5.336   3.793   6.518   0.617
 8.50 30.00   5.340   3.786   6.518   0.608

 8.51  0.00   0.463   0.456   0.031   0.077   0.005   0.004   0.338   0.003   0.000   0.005   0.000 739288000
 8.51    5.41    64.469
 8.51 30.00   2.018   4.499
 8.51 30.00   6.517    71.436
 8.51 30.00   5.335   3.793   6.517   0.617
 8.51 30.00   5.340   3.785   6.517   0.608

 8.52  0.00   0.463   0.456   0.031   0.077   0.005   0.004   0.338   0.003   0.000   0.005   0.000 740156700
 8.52    5.41    64.455
 8.52 30.00   2.017   4.499
 8.52 30.00   6.515    71.430
 8.52 30.00   5.334   3.792   6.515   0.617
 8.52 30.00   5.339   3.784   6.515   0.608

 8.53  0.00   0.462   0.456   0.031   0.077   0.005   0.004   0.338   0.003   0.000   0.005   0.000 741025400
 8.53    5.41    64.442
 8.53 30.00   2.016   4.499
 8.53 30.00   6.514    71.424
 8.53 30.00   5.333   3.791   6.514   0.617
 8.53 30.00   5.338   3.784   6.514   0.608

 8.54  0.00   0.462   0.456   0.031   0.077   0.005   0.004   0.337   0.003   0.000   0.005   0.000 741894100
 8.54    5.41    64.428
 8.54 30.00   2.014   4.499
 8.54 30.00   6.513    71.418
 8.54 30.00   5.332   3.791   6.513   0.617
 8.54 30.00   5.337   3.783   6.513   0.608

 8.55  0.00   0.462   0.456   0.031   0.077   0.005   0.004   0.337   0.003   0.000   0.005   0.000 742762900
 8.55    5.41    64.415
 8.55 30.00   2.013   4.499
 8.55 30.00   6.512    71.412
 8.55 30.00   5.331   3.790   6.512   0.616
 8.55 30.00   5.336   3.782   6.512   0.608

 8.56  0.00   0.462   0.456   0.031   0.077   0.005   0.004   0.337   0.003   0.000   0.005   0.000 743631700
 8.56    5.41    64.401
 8.56 30.00   2.012   4.499
 8.56 30.00   6.511    71.407
 8.56 30.00   5.330   3.789   6.511   0.616
 8.56 30.00   5.335   3.781   6.511   0.607

 8.57  0.00   0.462   0.455   0.031   0.077   0.005   0.004   0.337   0.003   0.000   0.005   0.000 744500300
 8.57    5.41    64.388
 8.57 30.00   2.011   4.499
 8.57 30.00   6.510    71.401
 8.57 30.00   5.330   3.788   6.510   0.616
 8.57 30.00   5.334   3.781   6.510   0.607

 8.58  0.00   0.462   0.455   0.031   0.077   0.005   0.004   0.337   0.003   0.000   0.005   0.000 745369100
 8.58    5.41    64.375
 8.58 30.00   2.010   4.499
 8.58 30.00   6.509    71.395
 8.58 30.00   5.329   3.788   6.509   0.616
 8.58 30.00   5.333   3.780   6.509   0.607

 8.59  0.00   0.462   0.455   0.031   0.077   0.005   0.004   0.337   0.003   0.000   0.005   0.000 746237800
 8.59    5.40    64.361
 8.59 30.00   2.009   4.499
 8.59 30.00   6.507    71.389
 8.59 30.00   5.328   3.787   6.507   0.616
 8.59 30.00   5.332   3.779   6.507   0.607

 8.60  0.00   0.462   0.455   0.031   0.077   0.005   0.004   0.337   0.003   0.000   0.005   0.000 747106600
 8.60    5.40    64.348
 8.60 30.00   2.008   4.499
 8.60 30.00   6.506    71.384
 8.60 30.00   5.327   3.786   6.506   0.616
 8.60 30.00   5.331   3.779   6.506   0.607

 8.61  0.00   0.462   0.455   0.031   0.077   0.005   0.004   0.337   0.003   0.000   0.005   0.000 747975200
 8.61    5.40    64.329
 8.61 30.00   2.006   4.499
 8.61 30.00   6.505    71.378
 8.61 30.00   5.326   3.786   6.505   0.616
 8.61 30.00   5.330   3.778   6.505   0.607

 8.62  0.00   0.462   0.455   0.031   0.077   0.005   0.004   0.337   0.003   0.000   0.005   0.000 748844000
 8.62    5.40    64.314
 8.62 30.00   2.005   4.499
 8.62 30.00   6.504    71.372
 8.62 30.00   5.325   3.785   6.504   0.615
 8.62 30.00   5.329   3.777   6.504   0.607

 8.63  0.00   0.462   0.455   0.031   0.077   0.005   0.004   0.337   0.003   0.000   0.005   0.000 749712700
 8.63    5.40    64.298
 8.63 30.00   2.004   4.499
 8.63 30.00   6.503    71.367
 8.63 30.00   5.324   3.784   6.503   0.615
 8.63 30.00   5.328   3.777   6.503   0.607

 8.64  0.00   0.461   0.455   0.031   0.077   0.005   0.004   0.337   0.003   0.000   0.004   0.000 750581400
 8.64    5.39    64.282
 8.64 30.00   2.003   4.499
 8.64 30.00   6.502    71.361
 8.64 30.00   5.323   3.784   6.502   0.615
 8.64 30.00   5.328   3.776   6.502   0.606

 8.65  0.00   0.461   0.455   0.031   0.077   0.005   0.004   0.337   0.003   0.000   0.004   0.000 751450100
 8.65    5.39    64.266
 8.65 30.00   2.002   4.499
 8.65 30.00   6.501    71.355
 8.65 30.00   5.322   3.783   6.501   0.615
 8.65 30.00   5.327   3.775   6.501   0.606

 8.66  0.00   0.461   0.455   0.031   0.077   0.005   0.004   0.337   0.003   0.000   0.004   0.000 752318900
 8.66    5.39    64.250
 8.66 30.00   2.001   4.499
 8.66 30.00   6.500    71.349
 8.66 30.00   5.321   3.782   6.500   0.615
 8.66 30.00   5.326   3.775   6.500   0.606

 8.67  0.00   0.461   0.454   0.030   0.077   0.005   0.004   0.337   0.003   0.000   0.004   0.000 753187600
 8.67    5.39    64.234
 8.67 30.00   2.000   4.499
 8.67 30.00   6.498    71.344
 8.67 30.00   5.320   3.782   6.498   0.615
 8.67 30.00   5.325   3.774   6.498   0.606

 8.68  0.00   0.461   0.454   0.030   0.077   0.005   0.004   0.337   0.003   0.000   0.004   0.000 754056400
 8.68    5.38    64.218
 8.68 30.00   1.999   4.499
 8.68 30.00   6.497    71.338
 8.68 30.00   5.319   3.781   6.497   0.615
 8.68 30.00   5.324   3.773   6.497   0.606

 8.69  0.00   0.461   0.454   0.030   0.077   0.005   0.004   0.337   0.003   0.000   0.004   0.000 754925100
 8.69    5.38    64.202
 8.69 30.00   1.997   4.499
 8.69 30.00   6.496    71.333
 8.69 30.00   5.319   3.780   6.496   0.615
 8.69 30.00   5.323   3.773   6.496   0.606

 8.70  0.00   0.461   0.454   0.030   0.077   0.005   0.004   0.337   0.003   0.000   0.004   0.000 755793800
 8.70    5.38    64.187
 8.70 30.00   1.996   4.499
 8.70 30.00   6.495    71.327
 8.70 30.00   5.318   3.780   6.495   0.614
 8.70 30.00   5.322   3.772   6.495   0.606

 8.71  0.00   0.461   0.454   0.030   0.077   0.005   0.004   0.337   0.003   0.000   0.004   0.000 756662500
 8.71    5.38    64.171
 8.71 30.00   1.995   4.499
 8.71 30.00   6.494    71.321
 8.71 30.00   5.317   3.779   6.494   0.614
 8.71 30.00   5.321   3.771   6.494   0.605

 8.72  0.00   0.461   0.454   0.030   0.077   0.004   0.004   0.337   0.003   0.000   0.004   0.000 757531300
 8.72    5.38    64.155
 8.72 30.00   1.994   4.499
 8.72 30.00   6.493    71.316
 8.72 30.00   5.316   3.778   6.493   0.614
 8.72 30.00   5.320   3.771   6.493   0.605

 8.73  0.00   0.461   0.454   0.030   0.077   0.004   0.004   0.337   0.003   0.000   0.004   0.000 758399900
 8.73    5.37    64.139
 8.73 30.00   1.993   4.499
 8.73 30.00   6.492    71.310
 8.73 30.00   5.315   3.778   6.492   0.614
 8.73 30.00   5.319   3.770   6.492   0.605

 8.74  0.00   0.460   0.454   0.030   0.077   0.004   0.004   0.337   0.003   0.000   0.004   0.000 759268700
 8.74    5.37    64.124
 8.74 30.00   1.992   4.499
 8.74 30.00   6.491    71.305
 8.74 30.00   5.314   3.777   6.491   0.614
 8.74 30.00   5.318   3.769   6.491   0.605

 8.75  0.00   0.460   0.454   0.030   0.077   0.004   0.004   0.337   0.003   0.000   0.004   0.000 760137500
 8.75    5.37    64.108
 8.75 30.00   1.991   4.499
 8.75 30.00   6.490    71.299
 8.75 30.00   5.313   3.776   6.490   0.614
 8.75 30.00   5.318   3.769   6.490   0.605

 8.76  0.00   0.460   0.454   0.030   0.077   0.004   0.004   0.337   0.003   0.000   0.004   0.000 761006200
 8.76    5.37    64.092
 8.76 30.00   1.990   4.499
 8.76 30.00   6.488    71.293
 8.76 30.00   5.312   3.776   6.488   0.614
 8.76 30.00   5.317   3.768   6.488   0.605

 8.77  0.00   0.460   0.454   0.030   0.077   0.004   0.004   0.337   0.003   0.000   0.004   0.000 761874900
 8.77    5.37    64.077
 8.77 30.00   1.989   4.499
 8.77 30.00   6.487    71.288
 8.77 30.00   5.311   3.775   6.487   0.614
 8.77 30.00   5.316   3.767   6.487   0.605

 8.78  0.00   0.460   0.453   0.030   0.077   0.004   0.004   0.337   0.003   0.000   0.004   0.000 762743600
 8.78    5.36    64.061
 8.78 30.00   1.988   4.499
 8.78 30.00   6.486    71.282
 8.78 30.00   5.311   3.774   6.486   0.613
 8.78 30.00   5.315   3.767   6.486   0.605

 8.79  0.00   0.460   0.453   0.030   0.077   0.004   0.004   0.337   0.003   0.000   0.004   0.000 763612400
 8.79    5.36    64.045
 8.79 30.00   1.986   4.499
 8.79 30.00   6.485    71.277
 8.79 30.00   5.310   3.774   6.485   0.613
 8.79 30.00   5.314   3.766   6.485   0.604

 8.80  0.00   0.460   0.453   0.030   0.077   0.004   0.004   0.337   0.003   0.000   0.004   0.000 764481100
 8.80    5.36    64.030
 8.80 30.00   1.985   4.499
 8.80 30.00   6.484    71.271
 8.80 30.00   5.309   3.773   6.484   0.613
 8.80 30.00   5.313   3.765   6.484   0.604

 8.81  0.00   0.460   0.453   0.030   0.077   0.004   0.004   0.337   0.003   0.000   0.004   0.000 765349900
 8.81    5.36    64.014
 8.81 30.00   1.984   4.499
 8.81 30.00   6.483    71.266
 8.81 30.00   5.308   3.772   6.483   0.613
 8.81 30.00   5.312   3.765   6.483   0.604

 8.82  0.00   0.460   0.453   0.030   0.077   0.004   0.004   0.337   0.003   0.000   0.004   0.000 766218500
 8.82    5.36    63.999
 8.82 30.00   1.983   4.499
 8.82 30.00   6.482    71.260
 8.82 30.00   5.307   3.772   6.482   0.613
 8.82 30.00   5.311   3.764   6.482   0.604

 8.83  0.00   0.460   0.453   0.030   0.077   0.004   0.004   0.337   0.003   0.000   0.004   0.000 767087300
 8.83    5.35    63.983
 8.83 30.00   1.982   4.499
 8.83 30.00   6.481    71.255
 8.83 30.00   5.306   3.771   6.481   0.613
 8.83 30.00   5.311   3.763   6.481   0.604

 8.84  0.00   0.460   0.453   0.030   0.077   0.004   0.004   0.337   0.003   0.000   0.004   0.000 767956000
 8.84    5.35    63.968
 8.84 30.00   1.981   4.499
 8.84 30.00   6.480    71.249
 8.84 30.00   5.305   3.770   6.480   0.613
 8.84 30.00   5.310   3.763   6.480   0.604

 8.85  0.00   0.459   0.453   0.030   0.077   0.004   0.004   0.337   0.003   0.000   0.004   0.000 768824800
 8.85    5.35    63.952
 8.85 30.00   1.980   4.499
 8.85 30.00   6.479    71.244
 8.85 30.00   5.304   3.770   6.479   0.613
 8.85 30.00   5.309   3.762   6.479   0.604

 8.86  0.00   0.459   0.453   0.030   0.077   0.004   0.004   0.337   0.003   0.000   0.004   0.000 769693400
 8.86    5.35    63.937
 8.86 30.00   1.979   4.499
 8.86 30.00   6.478    71.238
 8.86 30.00   5.303   3.769   6.478   0.612
 8.86 30.00   5.308   3.762   6.478   0.604

 8.87  0.00   0.459   0.453   0.030   0.077   0.004   0.004   0.337   0.003   0.000   0.004   0.000 770562200
 8.87    5.35    63.922
 8.87 30.00   1.978   4.499
 8.87 30.00   6.476    71.233
 8.87 30.00   5.303   3.769   6.476   0.612
 8.87 30.00   5.307   3.761   6.476   0.603

 8.88  0.00   0.459   0.453   0.030   0.077   0.004   0.004   0.337   0.003   0.000   0.004   0.000 771430900
 8.88    5.34    63.906
 8.88 30.00   1.977   4.499
 8.88 30.00   6.475    71.227
 8.88 30.00   5.302   3.768   6.475   0.612
 8.88 30.00   5.306   3.760   6.475   0.603

 8.89  0.00   0.459   0.452   0.030   0.077   0.004   0.004   0.337   0.003   0.000   0.004   0.000 772299700
 8.89    5.34    63.891
 8.89 30.00   1.976   4.499
 8.89 30.00   6.474    71.222
 8.89 30.00   5.301   3.767   6.474   0.612
 8.89 30.00   5.305   3.760   6.474   0.603

 8.90  0.00   0.459   0.452   0.030   0.077   0.004   0.004   0.337   0.003   0.000   0.004   0.000 773168300
 8.90    5.34    63.875
 8.90 30.00   1.975   4.499
 8.90 30.00   6.473    71.217
 8.90 30.00   5.300   3.767   6.473   0.612
 8.90 30.00   5.304   3.759   6.473   0.603

 8.91  0.00   0.459   0.452   0.030   0.077   0.004   0.004   0.337   0.003   0.000   0.004   0.000 774037100
 8.91    5.34    63.860
 8.91 30.00   1.973   4.499
 8.91 30.00   6.472    71.211
 8.91 30.00   5.299   3.766   6.472   0.612
 8.91 30.00   5.304   3.758   6.472   0.603

 8.92  0.00   0.459   0.452   0.029   0.077   0.004   0.004   0.337   0.003   0.000   0.004   0.000 774905900
 8.92    5.33    63.845
 8.92 30.00   1.972   4.499
 8.92 30.00   6.471    71.206
 8.92 30.00   5.298   3.765   6.471   0.612
 8.92 30.00   5.303   3.758   6.471   0.603

 8.93  0.00   0.459   0.452   0.029   0.077   0.004   0.004   0.337   0.003   0.000   0.004   0.000 775774600
 8.93    5.33    63.830
 8.93 30.00   1.971   4.499
 8.93 30.00   6.470    71.200
 8.93 30.00   5.297   3.765   6.470   0.612
 8.93 30.00   5.302   3.757   6.470   0.603

 8.94  0.00   0.459   0.452   0.029   0.077   0.004   0.004   0.337   0.003   0.000   0.004   0.000 776643300
 8.94    5.33    63.814
 8.94 30.00   1.970   4.499
 8.94 30.00   6.469    71.195
 8.94 30.00   5.297   3.764   6.469   0.611
 8.94 30.00   5.301   3.756   6.469   0.603

 8.95  0.00   0.459   0.452   0.029   0.077   0.004   0.004   0.337   0.003   0.000   0.004   0.000 777512000
 8.95    5.33    63.799
 8.95 30.00   1.969   4.499
 8.95 30.00   6.468    71.190
 8.95 30.00   5.296   3.763   6.468   0.611
 8.95 30.00   5.300   3.756   6.468   0.603

 8.96  0.00   0.458   0.452   0.029   0.077   0.004   0.004   0.337   0.003   0.000   0.004   0.000 778380700
 8.96    5.33    63.784
 8.96 30.00   1.968   4.499
 8.96 30.00   6.467    71.184
 8.96 30.00   5.295   3.763   6.467   0.611
 8.96 30.00   5.299   3.755   6.467   0.602

 8.97  0.00   0.458   0.452   0.029   0.077   0.004   0.004   0.337   0.003   0.000   0.004   0.000 779249500
 8.97    5.32    63.769
 8.97 30.00   1.967   4.499
 8.97 30.00   6.466    71.179
 8.97 30.00   5.294   3.762   6.466   0.611
 8.97 30.00   5.298   3.754   6.466   0.602

 8.98  0.00   0.458   0.452   0.029   0.077   0.004   0.004   0.337   0.003   0.000   0.004   0.000 780118100
 8.98    5.32    63.753
 8.98 30.00   1.966   4.499
 8.98 30.00   6.465    71.174
 8.98 30.00   5.293   3.762   6.465   0.611
 8.98 30.00   5.298   3.754   6.465   0.602

 8.99  0.00   0.458   0.452   0.029   0.077   0.004   0.004   0.336   0.003   0.000   0.004   0.000 780986900
 8.99    5.32    63.738
 8.99 30.00   1.965   4.499
 8.99 30.00   6.464    71.168
 8.99 30.00   5.292   3.761   6.464   0.611
 8.99 30.00   5.297   3.753   6.464   0.602

 9.00  0.00   0.458   0.451   0.029   0.077   0.004   0.004   0.336   0.003   0.000   0.004   0.000 781855700
 9.00    5.32    63.723
 9.00 30.00   1.964   4.499
 9.00 30.00   6.463    71.163
 9.00 30.00   5.291   3.760   6.463   0.611
 9.00 30.00   5.296   3.753   6.463   0.602

 9.01  0.00   0.458   0.451   0.029   0.077   0.004   0.004   0.336   0.003   0.000   0.004   0.000 782724400
 9.01    5.32    63.708
 9.01 30.00   1.963   4.499
 9.01 30.00   6.462    71.158
 9.01 30.00   5.291   3.760   6.462   0.611
 9.01 30.00   5.295   3.752   6.462   0.602

 9.02  0.00   0.458   0.451   0.029   0.077   0.004   0.004   0.336   0.003   0.000   0.004   0.000 783593200
 9.02    5.31    63.693
 9.02 30.00   1.962   4.499
 9.02 30.00   6.461    71.152
 9.02 30.00   5.290   3.759   6.461   0.611
 9.02 30.00   5.294   3.751   6.461   0.602

 9.03  0.00   0.458   0.451   0.029   0.077   0.004   0.004   0.336   0.003   0.000   0.004   0.000 784461800
 9.03    5.31    63.678
 9.03 30.00   1.961   4.499
 9.03 30.00   6.460    71.147
 9.03 30.00   5.289   3.758   6.460   0.610
 9.03 30.00   5.293   3.751   6.460   0.602

 9.04  0.00   0.458   0.451   0.029   0.077   0.004   0.004   0.336   0.003   0.000   0.004   0.000 785330600
 9.04    5.31    63.663
 9.04 30.00   1.960   4.499
 9.04 30.00   6.458    71.142
 9.04 30.00   5.288   3.758   6.458   0.610
 9.04 30.00   5.292   3.750   6.458   0.601

 9.05  0.00   0.458   0.451   0.029   0.077   0.004   0.004   0.336   0.003   0.000   0.004   0.000 786199300
 9.05    5.31    63.648
 9.05 30.00   1.959   4.499
 9.05 30.00   6.457    71.137
 9.05 30.00   5.287   3.757   6.457   0.610
 9.05 30.00   5.292   3.749   6.457   0.601

 9.06  0.00   0.458   0.451   0.029   0.077   0.004   0.004   0.336   0.003   0.000   0.004   0.000 787068100
 9.06    5.31    63.633
 9.06 30.00   1.958   4.499
 9.06 30.00   6.456    71.131
 9.06 30.00   5.286   3.757   6.456   0.610
 9.06 30.00   5.291   3.749   6.456   0.601

 9.07  0.00   0.457   0.451   0.029   0.077   0.004   0.004   0.336   0.003   0.000   0.004   0.000 787936800
 9.07    5.30    63.618
 9.07 30.00   1.957   4.499
 9.07 30.00   6.455    71.126
 9.07 30.00   5.286   3.756   6.455   0.610
 9.07 30.00   5.290   3.748   6.455   0.601

 9.08  0.00   0.457   0.451   0.029   0.077   0.004   0.004   0.336   0.003   0.000   0.004   0.000 788805500
 9.08    5.30    63.603
 9.08 30.00   1.956   4.499
 9.08 30.00   6.454    71.121
 9.08 30.00   5.285   3.755   6.454   0.610
 9.08 30.00   5.289   3.748   6.454   0.601

 9.09  0.00   0.457   0.451   0.029   0.077   0.004   0.004   0.336   0.003   0.000   0.004   0.000 789674200
 9.09    5.30    63.588
 9.09 30.00   1.955   4.499
 9.09 30.00   6.453    71.116
 9.09 30.00   5.284   3.755   6.453   0.610
 9.09 30.00   5.288   3.747   6.453   0.601

 9.10  0.00   0.457   0.451   0.029   0.077   0.004   0.004   0.336   0.003   0.000   0.004   0.000 790543000
 9.10    5.30    63.573
 9.10 30.00   1.954   4.499
 9.10 30.00   6.452    71.111
 9.10 30.00   5.283   3.754   6.452   0.610
 9.10 30.00   5.287   3.746   6.452   0.601

 9.11  0.00   0.457   0.450   0.029   0.077   0.004   0.004   0.336   0.003   0.000   0.004   0.000 791411600
 9.11    5.30    63.558
 9.11 30.00   1.953   4.499
 9.11 30.00   6.451    71.105
 9.11 30.00   5.282   3.753   6.451   0.609
 9.11 30.00   5.287   3.746   6.451   0.601

 9.12  0.00   0.457   0.450   0.029   0.077   0.004   0.004   0.336   0.003   0.000   0.004   0.000 792280400
 9.12    5.29    63.543
 9.12 30.00   1.952   4.499
 9.12 30.00   6.450    71.100
 9.12 30.00   5.281   3.753   6.450   0.609
 9.12 30.00   5.286   3.745   6.450   0.601

 9.13  0.00   0.457   0.450   0.029   0.077   0.004   0.004   0.336   0.003   0.000   0.004   0.000 793149100
 9.13    5.29    63.528
 9.13 30.00   1.950   4.499
 9.13 30.00   6.449    71.095
 9.13 30.00   5.281   3.752   6.449   0.609
 9.13 30.00   5.285   3.745   6.449   0.600

 9.14  0.00   0.457   0.450   0.029   0.077   0.004   0.004   0.336   0.003   0.000   0.004   0.000 794017900
 9.14    5.29    63.514
 9.14 30.00   1.949   4.499
 9.14 30.00   6.448    71.090
 9.14 30.00   5.280   3.752   6.448   0.609
 9.14 30.00   5.284   3.744   6.448   0.600

 9.15  0.00   0.457   0.450   0.029   0.077   0.004   0.004   0.336   0.003   0.000   0.004   0.000 794886600
 9.15    5.29    63.499
 9.15 30.00   1.948   4.499
 9.15 30.00   6.447    71.085
 9.15 30.00   5.279   3.751   6.447   0.609
 9.15 30.00   5.283   3.743   6.447   0.600

 9.16  0.00   0.457   0.450   0.029   0.077   0.004   0.004   0.336   0.003   0.000   0.004   0.000 795755300
 9.16    5.29    63.484
 9.16 30.00   1.947   4.499
 9.16 30.00   6.446    71.079
 9.16 30.00   5.278   3.750   6.446   0.609
 9.16 30.00   5.282   3.743   6.446   0.600

 9.17  0.00   0.457   0.450   0.029   0.077   0.004   0.004   0.336   0.003   0.000   0.004   0.000 796624100
 9.17    5.29    63.469
 9.17 30.00   1.946   4.499
 9.17 30.00   6.445    71.074
 9.17 30.00   5.277   3.750   6.445   0.609
 9.17 30.00   5.282   3.742   6.445   0.600

 9.18  0.00   0.456   0.450   0.028   0.077   0.004   0.004   0.336   0.003   0.000   0.004   0.000 797492800
 9.18    5.28    63.455
 9.18 30.00   1.945   4.499
 9.18 30.00   6.444    71.069
 9.18 30.00   5.276   3.749   6.444   0.609
 9.18 30.00   5.281   3.742   6.444   0.600

 9.19  0.00   0.456   0.450   0.028   0.077   0.004   0.004   0.336   0.003   0.000   0.004   0.000 798361500
 9.19    5.28    63.440
 9.19 30.00   1.944   4.499
 9.19 30.00   6.443    71.064
 9.19 30.00   5.276   3.749   6.443   0.609
 9.19 30.00   5.280   3.741   6.443   0.600

 9.20  0.00   0.456   0.450   0.028   0.077   0.004   0.004   0.336   0.003   0.000   0.004   0.000 799230200
 9.20    5.28    63.425
 9.20 30.00   1.943   4.499
 9.20 30.00   6.442    71.059
 9.20 30.00   5.275   3.748   6.442   0.608
 9.20 30.00   5.279   3.740   6.442   0.600

 9.21  0.00   0.456   0.450   0.028   0.077   0.004   0.004   0.336   0.003   0.000   0.004   0.000 800098900
 9.21    5.28    63.410
 9.21 30.00   1.942   4.499
 9.21 30.00   6.441    71.054
 9.21 30.00   5.274   3.747   6.441   0.608
 9.21 30.00   5.278   3.740   6.441   0.599

 9.22  0.00   0.456   0.450   0.028   0.077   0.004   0.004   0.336   0.003   0.000   0.004   0.000 800967700
 9.22    5.28    63.396
 9.22 30.00   1.941   4.499
 9.22 30.00   6.440    71.049
 9.22 30.00   5.273   3.747   6.440   0.608
 9.22 30.00   5.278   3.739   6.440   0.599

 9.23  0.00   0.456   0.449   0.028   0.077   0.004   0.004   0.336   0.003   0.000   0.004   0.000 801836400
 9.23    5.27    63.381
 9.23 30.00   1.940   4.499
 9.23 30.00   6.439    71.044
 9.23 30.00   5.272   3.746   6.439   0.608
 9.23 30.00   5.277   3.738   6.439   0.599

 9.24  0.00   0.456   0.449   0.028   0.077   0.004   0.004   0.336   0.003   0.000   0.004   0.000 802705200
 9.24    5.27    63.366
 9.24 30.00   1.939   4.499
 9.24 30.00   6.438    71.039
 9.24 30.00   5.272   3.746   6.438   0.608
 9.24 30.00   5.276   3.738   6.438   0.599

 9.25  0.00   0.456   0.449   0.028   0.077   0.004   0.004   0.336   0.003   0.000   0.004   0.000 803573900
 9.25    5.27    63.352
 9.25 30.00   1.938   4.499
 9.25 30.00   6.437    71.033
 9.25 30.00   5.271   3.745   6.437   0.608
 9.25 30.00   5.275   3.737   6.437   0.599

 9.26  0.00   0.456   0.449   0.028   0.077   0.004   0.004   0.336   0.003   0.000   0.004   0.000 804442600
 9.26    5.27    63.337
 9.26 30.00   1.937   4.499
 9.26 30.00   6.436    71.028
 9.26 30.00   5.270   3.744   6.436   0.608
 9.26 30.00   5.274   3.737   6.436   0.599

 9.27  0.00   0.456   0.449   0.028   0.077   0.004   0.004   0.336   0.003   0.000   0.004   0.000 805311400
 9.27    5.27    63.323
 9.27 30.00   1.936   4.499
 9.27 30.00   6.435    71.023
 9.27 30.00   5.269   3.744   6.435   0.608
 9.27 30.00   5.274   3.736   6.435   0.599

 9.28  0.00   0.456   0.449   0.028   0.077   0.004   0.004   0.336   0.003   0.000   0.004   0.000 806180000
 9.28    5.26    63.308
 9.28 30.00   1.935   4.499
 9.28 30.00   6.434    71.018
 9.28 30.00   5.268   3.743   6.434   0.608
 9.28 30.00   5.273   3.736   6.434   0.599

 9.29  0.00   0.456   0.449   0.028   0.077   0.004   0.004   0.336   0.003   0.000   0.004   0.000 807048800
 9.29    5.26    63.294
 9.29 30.00   1.934   4.499
 9.29 30.00   6.433    71.013
 9.29 30.00   5.267   3.743   6.433   0.607
 9.29 30.00   5.272   3.735   6.433   0.599

 9.30  0.00   0.455   0.449   0.028   0.077   0.004   0.004   0.336   0.003   0.000   0.004   0.000 807917600
 9.30    5.26    63.279
 9.30 30.00   1.933   4.499
 9.30 30.00   6.432    71.008
 9.30 30.00   5.267   3.742   6.432   0.607
 9.30 30.00   5.271   3.734   6.432   0.598

 9.31  0.00   0.455   0.449   0.028   0.077   0.004   0.004   0.336   0.003   0.000   0.004   0.000 808786300
 9.31    5.26    63.265
 9.31 30.00   1.932   4.499
 9.31 30.00   6.431    71.003
 9.31 30.00   5.266   3.741   6.431   0.607
 9.31 30.00   5.270   3.734   6.431   0.598

 9.32  0.00   0.455   0.449   0.028   0.077   0.004   0.004   0.336   0.003   0.000   0.004   0.000 809655000
 9.32    5.26    63.250
 9.32 30.00   1.931   4.499
 9.32 30.00   6.430    70.998
 9.32 30.00   5.265   3.741   6.430   0.607
 9.32 30.00   5.270   3.733   6.430   0.598

 9.33  0.00   0.455   0.449   0.028   0.077   0.004   0.004   0.336   0.003   0.000   0.004   0.000 810523700
 9.33    5.25    63.236
 9.33 30.00   1.930   4.499
 9.33 30.00   6.429    70.993
 9.33 30.00   5.264   3.740   6.429   0.607
 9.33 30.00   5.269   3.733   6.429   0.598

 9.34  0.00   0.455   0.449   0.028   0.077   0.004   0.004   0.336   0.003   0.000   0.004   0.000 811392400
 9.34    5.25    63.221
 9.34 30.00   1.929   4.499
 9.34 30.00   6.428    70.988
 9.34 30.00   5.263   3.740   6.428   0.607
 9.34 30.00   5.268   3.732   6.428   0.598

 9.35  0.00   0.455   0.448   0.028   0.077   0.004   0.004   0.336   0.003   0.000   0.004   0.000 812261200
 9.35    5.25    63.207
 9.35 30.00   1.928   4.499
 9.35 30.00   6.427    70.983
 9.35 30.00   5.263   3.739   6.427   0.607
 9.35 30.00   5.267   3.731   6.427   0.598

 9.36  0.00   0.455   0.448   0.028   0.077   0.004   0.004   0.336   0.003   0.000   0.004   0.000 813129900
 9.36    5.25    63.192
 9.36 30.00   1.927   4.499
 9.36 30.00   6.426    70.978
 9.36 30.00   5.262   3.738   6.426   0.607
 9.36 30.00   5.266   3.731   6.426   0.598

 9.37  0.00   0.455   0.448   0.028   0.077   0.004   0.004   0.336   0.003   0.000   0.004   0.000 813998600
 9.37    5.25    63.178
 9.37 30.00   1.926   4.499
 9.37 30.00   6.425    70.973
 9.37 30.00   5.261   3.738   6.425   0.607
 9.37 30.00   5.266   3.730   6.425   0.598

 9.38  0.00   0.455   0.448   0.028   0.077   0.004   0.004   0.336   0.003   0.000   0.004   0.000 814867400
 9.38    5.25    63.164
 9.38 30.00   1.926   4.499
 9.38 30.00   6.424    70.968
 9.38 30.00   5.260   3.737   6.424   0.606
 9.38 30.00   5.265   3.730   6.424   0.598

 9.39  0.00   0.455   0.448   0.028   0.077   0.004   0.004   0.336   0.003   0.000   0.004   0.000 815736100
 9.39    5.24    63.149
 9.39 30.00   1.925   4.499
 9.39 30.00   6.423    70.963
 9.39 30.00   5.260   3.737   6.423   0.606
 9.39 30.00   5.264   3.729   6.423   0.597

 9.40  0.00   0.455   0.448   0.028   0.077   0.004   0.004   0.336   0.003   0.000   0.004   0.000 816604800
 9.40    5.24    63.135
 9.40 30.00   1.924   4.499
 9.40 30.00   6.422    70.959
 9.40 30.00   5.259   3.736   6.422   0.606
 9.40 30.00   5.263   3.728   6.422   0.597

 9.41  0.00   0.455   0.448   0.028   0.077   0.004   0.004   0.336   0.003   0.000   0.004   0.000 817473500
 9.41    5.24    63.121
 9.41 30.00   1.923   4.499
 9.41 30.00   6.421    70.954
 9.41 30.00   5.258   3.736   6.421   0.606
 9.41 30.00   5.262   3.728   6.421   0.597

 9.42  0.00   0.454   0.448   0.028   0.077   0.004   0.004   0.336   0.003   0.000   0.004   0.000 818342300
 9.42    5.24    63.107
 9.42 30.00   1.922   4.499
 9.42 30.00   6.420    70.949
 9.42 30.00   5.257   3.735   6.420   0.606
 9.42 30.00   5.262   3.727   6.420   0.597

 9.43  0.00   0.454   0.448   0.028   0.077   0.004   0.004   0.336   0.003   0.000   0.004   0.000 819211000
 9.43    5.24    63.092
 9.43 30.00   1.921   4.499
 9.43 30.00   6.419    70.944
 9.43 30.00   5.256   3.734   6.419   0.606
 9.43 30.00   5.261   3.727   6.419   0.597

 9.44  0.00   0.454   0.448   0.028   0.077   0.004   0.004   0.336   0.003   0.000   0.004   0.000 820079700
 9.44    5.23    63.078
 9.44 30.00   1.920   4.499
 9.44 30.00   6.418    70.939
 9.44 30.00   5.256   3.734   6.418   0.606
 9.44 30.00   5.260   3.726   6.418   0.597

 9.45  0.00   0.454   0.448   0.028   0.077   0.004   0.004   0.336   0.003   0.000   0.004   0.000 820948400
 9.45    5.23    63.064
 9.45 30.00   1.919   4.499
 9.45 30.00   6.417    70.934
 9.45 30.00   5.255   3.733   6.417   0.606
 9.45 30.00   5.259   3.726   6.417   0.597

 9.46  0.00   0.454   0.448   0.027   0.077   0.004   0.004   0.336   0.003   0.000   0.004   0.000 821817200
 9.46    5.23    63.050
 9.46 30.00   1.918   4.499
 9.46 30.00   6.416    70.929
 9.46 30.00   5.254   3.733   6.416   0.606
 9.46 30.00   5.258   3.725   6.416   0.597

 9.47  0.00   0.454   0.447   0.027   0.077   0.004   0.004   0.336   0.003   0.000   0.004   0.000 822686000
 9.47    5.23    63.036
 9.47 30.00   1.917   4.499
 9.47 30.00   6.416    70.924
 9.47 30.00   5.253   3.732   6.416   0.605
 9.47 30.00   5.258   3.724   6.416   0.597

 9.48  0.00   0.454   0.447   0.027   0.077   0.004   0.004   0.336   0.003   0.000   0.004   0.000 823554600
 9.48    5.23    63.021
 9.48 30.00   1.916   4.499
 9.48 30.00   6.415    70.919
 9.48 30.00   5.252   3.732   6.415   0.605
 9.48 30.00   5.257   3.724   6.415   0.597

 9.49  0.00   0.454   0.447   0.027   0.077   0.004   0.004   0.335   0.003   0.000   0.004   0.000 824423400
 9.49    5.22    63.007
 9.49 30.00   1.915   4.499
 9.49 30.00   6.414    70.915
 9.49 30.00   5.252   3.731   6.414   0.605
 9.49 30.00   5.256   3.723   6.414   0.596

 9.50  0.00   0.454   0.447   0.027   0.077   0.004   0.004   0.335   0.003   0.000   0.004   0.000 825292100
 9.50    5.22    62.993
 9.50 30.00   1.914   4.499
 9.50 30.00   6.413    70.910
 9.50 30.00   5.251   3.730   6.413   0.605
 9.50 30.00   5.255   3.723   6.413   0.596

 9.51  0.00   0.454   0.447   0.027   0.077   0.004   0.004   0.335   0.003   0.000   0.004   0.000 826160800
 9.51    5.22    62.979
 9.51 30.00   1.913   4.499
 9.51 30.00   6.412    70.905
 9.51 30.00   5.250   3.730   6.412   0.605
 9.51 30.00   5.255   3.722   6.412   0.596

 9.52  0.00   0.454   0.447   0.027   0.077   0.004   0.004   0.335   0.002   0.000   0.004   0.000 827029600
 9.52    5.22    62.965
 9.52 30.00   1.912   4.499
 9.52 30.00   6.411    70.900
 9.52 30.00   5.249   3.729   6.411   0.605
 9.52 30.00   5.254   3.722   6.411   0.596

 9.53  0.00   0.454   0.447   0.027   0.077   0.004   0.004   0.335   0.002   0.000   0.004   0.000 827898200
 9.53    5.22    62.951
 9.53 30.00   1.911   4.499
 9.53 30.00   6.410    70.895
 9.53 30.00   5.249   3.729   6.410   0.605
 9.53 30.00   5.253   3.721   6.410   0.596

 9.54  0.00   0.454   0.447   0.027   0.077   0.004   0.004   0.335   0.002   0.000   0.004   0.000 828767000
 9.54    5.22    62.937
 9.54 30.00   1.910   4.499
 9.54 30.00   6.409    70.890
 9.54 30.00   5.248   3.728   6.409   0.605
 9.54 30.00   5.252   3.720   6.409   0.596

 9.55  0.00   0.453   0.447   0.027   0.077   0.004   0.004   0.335   0.002   0.000   0.004   0.000 829635800
 9.55    5.21    62.923
 9.55 30.00   1.909   4.499
 9.55 30.00   6.408    70.886
 9.55 30.00   5.247   3.728   6.408   0.605
 9.55 30.00   5.252   3.720   6.408   0.596

 9.56  0.00   0.453   0.447   0.027   0.077   0.004   0.004   0.335   0.002   0.000   0.004   0.000 830504500
 9.56    5.21    62.909
 9.56 30.00   1.908   4.499
 9.56 30.00   6.407    70.881
 9.56 30.00   5.246   3.727   6.407   0.604
 9.56 30.00   5.251   3.719   6.407   0.596

 9.57  0.00   0.453   0.447   0.027   0.077   0.004   0.004   0.335   0.002   0.000   0.004   0.000 831373200
 9.57    5.21    62.895
 9.57 30.00   1.907   4.499
 9.57 30.00   6.406    70.876
 9.57 30.00   5.246   3.726   6.406   0.604
 9.57 30.00   5.250   3.719   6.406   0.596

 9.58  0.00   0.453   0.447   0.027   0.077   0.004   0.004   0.335   0.002   0.000   0.004   0.000 832241900
 9.58    5.21    62.881
 9.58 30.00   1.906   4.499
 9.58 30.00   6.405    70.871
 9.58 30.00   5.245   3.726   6.405   0.604
 9.58 30.00   5.249   3.718   6.405   0.595

 9.59  0.00   0.453   0.447   0.027   0.077   0.004   0.004   0.335   0.002   0.000   0.004   0.000 833110700
 9.59    5.21    62.867
 9.59 30.00   1.905   4.499
 9.59 30.00   6.404    70.867
 9.59 30.00   5.244   3.725   6.404   0.604
 9.59 30.00   5.248   3.718   6.404   0.595

 9.60  0.00   0.453   0.446   0.027   0.077   0.004   0.004   0.335   0.002   0.000   0.004   0.000 833979400
 9.60    5.21    62.853
 9.60 30.00   1.905   4.499
 9.60 30.00   6.403    70.862
 9.60 30.00   5.243   3.725   6.403   0.604
 9.60 30.00   5.248   3.717   6.403   0.595

 9.61  0.00   0.453   0.446   0.027   0.077   0.004   0.004   0.335   0.002   0.000   0.004   0.000 834848100
 9.61    5.20    62.839
 9.61 30.00   1.904   4.499
 9.61 30.00   6.402    70.857
 9.61 30.00   5.243   3.724   6.402   0.604
 9.61 30.00   5.247   3.717   6.402   0.595

 9.62  0.00   0.453   0.446   0.027   0.077   0.004   0.004   0.335   0.002   0.000   0.004   0.000 835716800
 9.62    5.20    62.825
 9.62 30.00   1.903   4.499
 9.62 30.00   6.401    70.852
 9.62 30.00   5.242   3.724   6.401   0.604
 9.62 30.00   5.246   3.716   6.401   0.595

 9.63  0.00   0.453   0.446   0.027   0.077   0.004   0.004   0.335   0.002   0.000   0.004   0.000 836585600
 9.63    5.20    62.811
 9.63 30.00   1.902   4.499
 9.63 30.00   6.400    70.848
 9.63 30.00   5.241   3.723   6.400   0.604
 9.63 30.00   5.245   3.715   6.400   0.595

 9.64  0.00   0.453   0.446   0.027   0.077   0.004   0.004   0.335   0.002   0.000   0.004   0.000 837454300
 9.64    5.20    62.798
 9.64 30.00   1.901   4.499
 9.64 30.00   6.399    70.843
 9.64 30.00   5.240   3.723   6.399   0.604
 9.64 30.00   5.245   3.715   6.399   0.595

 9.65  0.00   0.453   0.446   0.027   0.077   0.004   0.004   0.335   0.002   0.000   0.004   0.000 838323000
 9.65    5.20    62.784
 9.65 30.00   1.900   4.499
 9.65 30.00   6.399    70.838
 9.65 30.00   5.240   3.722   6.399   0.604
 9.65 30.00   5.244   3.714   6.399   0.595

 9.66  0.00   0.453   0.446   0.027   0.077   0.004   0.004   0.335   0.002   0.000   0.004   0.000 839191700
 9.66    5.19    62.770
 9.66 30.00   1.899   4.499
 9.66 30.00   6.398    70.833
 9.66 30.00   5.239   3.721   6.398   0.603
 9.66 30.00   5.243   3.714   6.398   0.595

 9.67  0.00   0.453   0.446   0.027   0.077   0.004   0.004   0.335   0.002   0.000   0.004   0.000 840060500
 9.67    5.19    62.756
 9.67 30.00   1.898   4.499
 9.67 30.00   6.397    70.829
 9.67 30.00   5.238   3.721   6.397   0.603
 9.67 30.00   5.242   3.713   6.397   0.595

 9.68  0.00   0.452   0.446   0.027   0.077   0.004   0.004   0.335   0.002   0.000   0.004   0.000 840929200
 9.68    5.19    62.742
 9.68 30.00   1.897   4.499
 9.68 30.00   6.396    70.824
 9.68 30.00   5.237   3.720   6.396   0.603
 9.68 30.00   5.242   3.713   6.396   0.594

 9.69  0.00   0.452   0.446   0.027   0.077   0.004   0.004   0.335   0.002   0.000   0.004   0.000 841797900
 9.69    5.19    62.729
 9.69 30.00   1.896   4.499
 9.69 30.00   6.395    70.819
 9.69 30.00   5.237   3.720   6.395   0.603
 9.69 30.00   5.241   3.712   6.395   0.594

 9.70  0.00   0.452   0.446   0.027   0.077   0.004   0.004   0.335   0.002   0.000   0.004   0.000 842666600
 9.70    5.19    62.715
 9.70 30.00   1.895   4.499
 9.70 30.00   6.394    70.815
 9.70 30.00   5.236   3.719   6.394   0.603
 9.70 30.00   5.240   3.712   6.394   0.594

 9.71  0.00   0.452   0.446   0.027   0.077   0.004   0.004   0.335   0.002   0.000   0.004   0.000 843535400
 9.71    5.19    62.701
 9.71 30.00   1.894   4.499
 9.71 30.00   6.393    70.810
 9.71 30.00   5.235   3.719   6.393   0.603
 9.71 30.00   5.239   3.711   6.393   0.594

 9.72  0.00   0.452   0.446   0.027   0.077   0.004   0.004   0.335   0.002   0.000   0.004   0.000 844404200
 9.72    5.18    62.687
 9.72 30.00   1.893   4.499
 9.72 30.00   6.392    70.805
 9.72 30.00   5.234   3.718   6.392   0.603
 9.72 30.00   5.239   3.710   6.392   0.594

 9.73  0.00   0.452   0.445   0.027   0.077   0.004   0.004   0.335   0.002   0.000   0.004   0.000 845272800
 9.73    5.18    62.674
 9.73 30.00   1.892   4.499
 9.73 30.00   6.391    70.801
 9.73 30.00   5.234   3.718   6.391   0.603
 9.73 30.00   5.238   3.710   6.391   0.594

 9.74  0.00   0.452   0.445   0.027   0.077   0.004   0.004   0.335   0.002   0.000   0.004   0.000 846141600
 9.74    5.18    62.660
 9.74 30.00   1.892   4.499
 9.74 30.00   6.390    70.796
 9.74 30.00   5.233   3.717   6.390   0.603
 9.74 30.00   5.237   3.709   6.390   0.594

 9.75  0.00   0.452   0.445   0.026   0.077   0.004   0.004   0.335   0.002   0.000   0.004   0.000 847010300
 9.75    5.18    62.646
 9.75 30.00   1.891   4.499
 9.75 30.00   6.389    70.791
 9.75 30.00   5.232   3.716   6.389   0.603
 9.75 30.00   5.236   3.709   6.389   0.594

 9.76  0.00   0.452   0.445   0.026   0.077   0.004   0.004   0.335   0.002   0.000   0.004   0.000 847879000
 9.76    5.18    62.633
 9.76 30.00   1.890   4.499
 9.76 30.00   6.388    70.787
 9.76 30.00   5.231   3.716   6.388   0.602
 9.76 30.00   5.236   3.708   6.388   0.594

 9.77  0.00   0.452   0.445   0.026   0.077   0.004   0.004   0.335   0.002   0.000   0.004   0.000 848747800
 9.77    5.18    62.619
 9.77 30.00   1.889   4.499
 9.77 30.00   6.388    70.782
 9.77 30.00   5.231   3.715   6.388   0.602
 9.77 30.00   5.235   3.708   6.388   0.594

 9.78  0.00   0.452   0.445   0.026   0.077   0.004   0.004   0.335   0.002   0.000   0.004   0.000 849616400
 9.78    5.17    62.606
 9.78 30.00   1.888   4.499
 9.78 30.00   6.387    70.778
 9.78 30.00   5.230   3.715   6.387   0.602
 9.78 30.00   5.234   3.707   6.387   0.593

 9.79  0.00   0.452   0.445   0.026   0.077   0.004   0.004   0.335   0.002   0.000   0.004   0.000 850485200
 9.79    5.17    62.592
 9.79 30.00   1.887   4.499
 9.79 30.00   6.386    70.773
 9.79 30.00   5.229   3.714   6.386   0.602
 9.79 30.00   5.234   3.707   6.386   0.593

 9.80  0.00   0.452   0.445   0.026   0.077   0.004   0.004   0.335   0.002   0.000   0.004   0.000 851354000
 9.80    5.17    62.579
 9.80 30.00   1.886   4.499
 9.80 30.00   6.385    70.768
 9.80 30.00   5.228   3.714   6.385   0.602
 9.80 30.00   5.233   3.706   6.385   0.593

 9.81  0.00   0.451   0.445   0.026   0.077   0.004   0.004   0.335   0.002   0.000   0.004   0.000 852222700
 9.81    5.17    62.565
 9.81 30.00   1.885   4.499
 9.81 30.00   6.384    70.764
 9.81 30.00   5.228   3.713   6.384   0.602
 9.81 30.00   5.232   3.706   6.384   0.593

 9.82  0.00   0.451   0.445   0.026   0.077   0.004   0.004   0.335   0.002   0.000   0.004   0.000 853091400
 9.82    5.17    62.552
 9.82 30.00   1.884   4.499
 9.82 30.00   6.383    70.759
 9.82 30.00   5.227   3.713   6.383   0.602
 9.82 30.00   5.231   3.705   6.383   0.593

 9.83  0.00   0.451   0.445   0.026   0.077   0.004   0.004   0.335   0.002   0.000   0.004   0.000 853960100
 9.83    5.16    62.538
 9.83 30.00   1.883   4.499
 9.83 30.00   6.382    70.755
 9.83 30.00   5.226   3.712   6.382   0.602
 9.83 30.00   5.231   3.705   6.382   0.593

 9.84  0.00   0.451   0.445   0.026   0.077   0.004   0.004   0.335   0.002   0.000   0.004   0.000 854828900
 9.84    5.16    62.525
 9.84 30.00   1.883   4.499
 9.84 30.00   6.381    70.750
 9.84 30.00   5.225   3.712   6.381   0.602
 9.84 30.00   5.230   3.704   6.381   0.593

 9.85  0.00   0.451   0.445   0.026   0.077   0.004   0.004   0.335   0.002   0.000   0.004   0.000 855697600
 9.85    5.16    62.511
 9.85 30.00   1.882   4.499
 9.85 30.00   6.380    70.746
 9.85 30.00   5.225   3.711   6.380   0.602
 9.85 30.00   5.229   3.703   6.380   0.593

 9.86  0.00   0.451   0.444   0.026   0.077   0.004   0.004   0.335   0.002   0.000   0.004   0.000 856566300
 9.86    5.16    62.498
 9.86 30.00   1.881   4.499
 9.86 30.00   6.379    70.741
 9.86 30.00   5.224   3.711   6.379   0.601
 9.86 30.00   5.228   3.703   6.379   0.593

 9.87  0.00   0.451   0.444   0.026   0.077   0.004   0.004   0.335   0.002   0.000   0.004   0.000 857435000
 9.87    5.16    62.484
 9.87 30.00   1.880   4.499
 9.87 30.00   6.379    70.737
 9.87 30.00   5.223   3.710   6.379   0.601
 9.87 30.00   5.228   3.702   6.379   0.593

 9.88  0.00   0.451   0.444   0.026   0.077   0.004   0.004   0.335   0.002   0.000   0.004   0.000 858303800
 9.88    5.16    62.471
 9.88 30.00   1.879   4.499
 9.88 30.00   6.378    70.732
 9.88 30.00   5.223   3.710   6.378   0.601
 9.88 30.00   5.227   3.702   6.378   0.592

 9.89  0.00   0.451   0.444   0.026   0.076   0.004   0.004   0.335   0.002   0.000   0.004   0.000 859172500
 9.89    5.15    62.457
 9.89 30.00   1.878   4.499
 9.89 30.00   6.377    70.728
 9.89 30.00   5.222   3.709   6.377   0.601
 9.89 30.00   5.226   3.701   6.377   0.592

 9.90  0.00   0.451   0.444   0.026   0.076   0.004   0.004   0.335   0.002   0.000   0.004   0.000 860041200
 9.90    5.15    62.444
 9.90 30.00   1.877   4.499
 9.90 30.00   6.376    70.723
 9.90 30.00   5.221   3.708   6.376   0.601
 9.90 30.00   5.226   3.701   6.376   0.592

 9.91  0.00   0.451   0.444   0.026   0.076   0.004   0.004   0.335   0.002   0.000   0.004   0.000 860910000
 9.91    5.15    62.431
 9.91 30.00   1.876   4.499
 9.91 30.00   6.375    70.719
 9.91 30.00   5.220   3.708   6.375   0.601
 9.91 30.00   5.225   3.700   6.375   0.592

 9.92  0.00   0.451   0.444   0.026   0.076   0.004   0.004   0.335   0.002   0.000   0.004   0.000 861778700
 9.92    5.15    62.417
 9.92 30.00   1.875   4.499
 9.92 30.00   6.374    70.714
 9.92 30.00   5.220   3.707   6.374   0.601
 9.92 30.00   5.224   3.700   6.374   0.592

 9.93  0.00   0.451   0.444   0.026   0.076   0.004   0.004   0.335   0.002   0.000   0.004   0.000 862647400
 9.93    5.15    62.404
 9.93 30.00   1.875   4.499
 9.93 30.00   6.373    70.710
 9.93 30.00   5.219   3.707   6.373   0.601
 9.93 30.00   5.223   3.699   6.373   0.592

 9.94  0.00   0.450   0.444   0.026   0.076   0.004   0.004   0.335   0.002   0.000   0.004   0.000 863516100
 9.94    5.15    62.391
 9.94 30.00   1.874   4.499
 9.94 30.00   6.372    70.705
 9.94 30.00   5.218   3.706   6.372   0.601
 9.94 30.00   5.223   3.699   6.372   0.592

 9.95  0.00   0.450   0.444   0.026   0.076   0.004   0.004   0.335   0.002   0.000   0.004   0.000 864384800
 9.95    5.14    62.377
 9.95 30.00   1.873   4.499
 9.95 30.00   6.371    70.701
 9.95 30.00   5.218   3.706   6.371   0.601
 9.95 30.00   5.222   3.698   6.371   0.592

 9.96  0.00   0.450   0.444   0.026   0.076   0.004   0.004   0.335   0.002   0.000   0.004   0.000 865253600
 9.96    5.14    62.364
 9.96 30.00   1.872   4.499
 9.96 30.00   6.371    70.696
 9.96 30.00   5.217   3.705   6.371   0.600
 9.96 30.00   5.221   3.698   6.371   0.592

 9.97  0.00   0.450   0.444   0.026   0.076   0.004   0.004   0.335   0.002   0.000   0.004   0.000 866122400
 9.97    5.14    62.351
 9.97 30.00   1.871   4.499
 9.97 30.00   6.370    70.692
 9.97 30.00   5.216   3.705   6.370   0.600
 9.97 30.00   5.221   3.697   6.370   0.592

 9.98  0.00   0.450   0.444   0.026   0.076   0.004   0.004   0.335   0.002   0.000   0.004   0.000 866991000
 9.98    5.14    62.338
 9.98 30.00   1.870   4.499
 9.98 30.00   6.369    70.687
 9.98 30.00   5.215   3.704   6.369   0.600
 9.98 30.00   5.220   3.697   6.369   0.591

 9.99  0.00   0.450   0.444   0.026   0.076   0.003   0.004   0.335   0.002   0.000   0.004   0.000 867859800
 9.99    5.14    62.325
 9.99 30.00   1.869   4.499
 9.99 30.00   6.368    70.683
 9.99 30.00   5.215   3.704   6.368   0.600
 9.99 30.00   5.219   3.696   6.368   0.591

10.00  0.00   0.450   0.443   0.026   0.076   0.003   0.004   0.335   0.002   0.000   0.004   0.000 868728500
10.00    5.14    62.311
10.00 30.00   1.868   4.499
10.00 30.00   6.367    70.678
10.00 30.00   5.214   3.703   6.367   0.600
10.00 30.00   5.218   3.696   6.367   0.591

10.01  0.00   0.450   0.443   0.026   0.076   0.003   0.004   0.335   0.002   0.000   0.004   0.000 869597200
10.01    5.13    62.298
10.01 30.00   1.868   4.499
10.01 30.00   6.366    70.674
10.01 30.00   5.213   3.703   6.366   0.600
10.01 30.00   5.218   3.695   6.366   0.591

10.02  0.00   0.450   0.443   0.026   0.076   0.003   0.004   0.335   0.002   0.000   0.004   0.000 870466000
10.02    5.13    62.285
10.02 30.00   1.867   4.499
10.02 30.00   6.365    70.670
10.02 30.00   5.213   3.702   6.365   0.600
10.02 30.00   5.217   3.695   6.365   0.591

10.03  0.00   0.450   0.443   0.026   0.076   0.003   0.004   0.335   0.002   0.000   0.004   0.000 871334700
10.03    5.13    62.272
10.03 30.00   1.866   4.499
10.03 30.00   6.365    70.665
10.03 30.00   5.212   3.702   6.365   0.600
10.03 30.00   5.216   3.694   6.365   0.591

10.04  0.00   0.450   0.443   0.026   0.076   0.003   0.004   0.334   0.002   0.000   0.004   0.000 872203500
10.04    5.13    62.259
10.04 30.00   1.865   4.499
10.04 30.00   6.364    70.661
10.04 30.00   5.211   3.701   6.364   0.600
10.04 30.00   5.216   3.694   6.364   0.591

10.05  0.00   0.450   0.443   0.026   0.076   0.003   0.004   0.334   0.002   0.000   0.004   0.000 873072200
10.05    5.13    62.246
10.05 30.00   1.864   4.499
10.05 30.00   6.363    70.656
10.05 30.00   5.210   3.701   6.363   0.600
10.05 30.00   5.215   3.693   6.363   0.591

10.06  0.00   0.450   0.443   0.026   0.076   0.003   0.004   0.334   0.002   0.000   0.004   0.000 873940900
10.06    5.13    62.233
10.06 30.00   1.863   4.499
10.06 30.00   6.362    70.652
10.06 30.00   5.210   3.700   6.362   0.600
10.06 30.00   5.214   3.693   6.362   0.591

10.07  0.00   0.450   0.443   0.026   0.076   0.003   0.004   0.334   0.002   0.000   0.004   0.000 874809600
10.07    5.12    62.219
10.07 30.00   1.862   4.499
10.07 30.00   6.361    70.648
10.07 30.00   5.209   3.700   6.361   0.600
10.07 30.00   5.213   3.692   6.361   0.591

10.08  0.00   0.450   0.443   0.026   0.076   0.003   0.004   0.334   0.002   0.000   0.004   0.000 875678300
10.08    5.12    62.206
10.08 30.00   1.862   4.499
10.08 30.00   6.360    70.643
10.08 30.00   5.208   3.699   6.360   0.600
10.08 30.00   5.213   3.692   6.360   0.591

10.09  0.00   0.450   0.443   0.026   0.076   0.003   0.004   0.334   0.002   0.000   0.004   0.000 876547100
10.09    5.12    62.193
10.09 30.00   1.861   4.499
10.09 30.00   6.359    70.639
10.09 30.00   5.208   3.699   6.359   0.600
10.09 30.00   5.212   3.691   6.359   0.591

10.10  0.00   0.450   0.443   0.026   0.076   0.003   0.004   0.334   0.002   0.000   0.004   0.000 877415800
10.10    5.12    62.180
10.10 30.00   1.860   4.499
10.10 30.00   6.358    70.635
10.10 30.00   5.207   3.699   6.358   0.600
10.10 30.00   5.211   3.691   6.358   0.591

10.11  0.00   0.450   0.443   0.026   0.076   0.003   0.004   0.334   0.002   0.000   0.004   0.000 878284500
10.11    5.12    62.167
10.11 30.00   1.859   4.499
10.11 30.00   6.358    70.630
10.11 30.00   5.206   3.698   6.358   0.600
10.11 30.00   5.210   3.690   6.358   0.591

10.12  0.00   0.450   0.443   0.026   0.076   0.003   0.004   0.334   0.002   0.000   0.004   0.000 879153300
10.12    5.12    62.154
10.12 30.00   1.858   4.499
10.12 30.00   6.357    70.626
10.12 30.00   5.205   3.698   6.357   0.600
10.12 30.00   5.210   3.690   6.357   0.591

10.13  0.00   0.450   0.443   0.026   0.076   0.003   0.004   0.334   0.002   0.000   0.004   0.000 880022000
10.13    5.11    62.141
10.13 30.00   1.857   4.499
10.13 30.00   6.356    70.622
10.13 30.00   5.205   3.697   6.356   0.600
10.13 30.00   5.209   3.690   6.356   0.591

10.14  0.00   0.450   0.443   0.026   0.076   0.003   0.004   0.334   0.002   0.000   0.004   0.000 880890800
10.14    5.11    62.128
10.14 30.00   1.856   4.499
10.14 30.00   6.355    70.617
10.14 30.00   5.204   3.697   6.355   0.599
10.14 30.00   5.208   3.689   6.355   0.591

10.15  0.00   0.450   0.443   0.026   0.076   0.003   0.004   0.334   0.002   0.000   0.004   0.000 881759400
10.15    5.11    62.116
10.15 30.00   1.856   4.499
10.15 30.00   6.354    70.613
10.15 30.00   5.203   3.696   6.354   0.599
10.15 30.00   5.208   3.689   6.354   0.591

10.16  0.00   0.450   0.443   0.026   0.076   0.003   0.004   0.334   0.002   0.000   0.004   0.000 882628200
10.16    5.11    62.103
10.16 30.00   1.855   4.499
10.16 30.00   6.353    70.609
10.16 30.00   5.202   3.696   6.353   0.599
10.16 30.00   5.207   3.688   6.353   0.591

10.17  0.00   0.450   0.443   0.026   0.076   0.003   0.004   0.334   0.002   0.000   0.004   0.000 883496900
10.17    5.11    62.090
10.17 30.00   1.854   4.499
10.17 30.00   6.353    70.604
10.17 30.00   5.202   3.695   6.353   0.599
10.17 30.00   5.206   3.688   6.353   0.591

10.18  0.00   0.449   0.443   0.026   0.076   0.003   0.004   0.334   0.002   0.000   0.004   0.000 884365600
10.18    5.11    62.077
10.18 30.00   1.853   4.499
10.18 30.00   6.352    70.600
10.18 30.00   5.201   3.695   6.352   0.599
10.18 30.00   5.205   3.687   6.352   0.590

10.19  0.00   0.449   0.443   0.026   0.076   0.003   0.004   0.334   0.002   0.000   0.004   0.000 885234300
10.19    5.11    62.064
10.19 30.00   1.852   4.499
10.19 30.00   6.351    70.596
10.19 30.00   5.200   3.694   6.351   0.599
10.19 30.00   5.205   3.687   6.351   0.590

10.20  0.00   0.449   0.443   0.026   0.076   0.003   0.004   0.334   0.002   0.000   0.004   0.000 886103100
10.20    5.10    62.051
10.20 30.00   1.851   4.499
10.20 30.00   6.350    70.591
10.20 30.00   5.200   3.694   6.350   0.599
10.20 30.00   5.204   3.686   6.350   0.590

10.21  0.00   0.449   0.443   0.026   0.076   0.003   0.004   0.334   0.002   0.000   0.004   0.000 886971800
10.21    5.10    62.038
10.21 30.00   1.850   4.499
10.21 30.00   6.349    70.587
10.21 30.00   5.199   3.693   6.349   0.599
10.21 30.00   5.203   3.686   6.349   0.590

10.22  0.00   0.449   0.443   0.026   0.076   0.003   0.004   0.334   0.002   0.000   0.004   0.000 887840600
10.22    5.10    62.025
10.22 30.00   1.850   4.499
10.22 30.00   6.348    70.583
10.22 30.00   5.198   3.693   6.348   0.599
10.22 30.00   5.203   3.685   6.348   0.590

10.23  0.00   0.449   0.443   0.026   0.076   0.003   0.004   0.334   0.002   0.000   0.004   0.000 888709200
10.23    5.10    62.013
10.23 30.00   1.849   4.499
10.23 30.00   6.347    70.579
10.23 30.00   5.198   3.693   6.347   0.599
10.23 30.00   5.202   3.685   6.347   0.590

10.24  0.00   0.449   0.443   0.026   0.076   0.003   0.004   0.334   0.002   0.000   0.004   0.000 889578000
10.24    5.10    62.000
10.24 30.00   1.848   4.499
10.24 30.00   6.347    70.574
10.24 30.00   5.197   3.692   6.347   0.599
10.24 30.00   5.201   3.684   6.347   0.590

10.25  0.00   0.449   0.443   0.026   0.076   0.003   0.004   0.334   0.002   0.000   0.004   0.000 890446700
10.25    5.10    61.987
10.25 30.00   1.847   4.499
10.25 30.00   6.346    70.570
10.25 30.00   5.196   3.692   6.346   0.599
10.25 30.00   5.201   3.684   6.346   0.590

10.26  0.00   0.449   0.443   0.026   0.076   0.003   0.004   0.334   0.002   0.000   0.004   0.000 891315500
10.26    5.09    61.974
10.26 30.00   1.846   4.499
10.26 30.00   6.345    70.566
10.26 30.00   5.195   3.691   6.345   0.599
10.26 30.00   5.200   3.684   6.345   0.590

10.27  0.00   0.449   0.443   0.026   0.076   0.003   0.004   0.334   0.002   0.000   0.004   0.000 892184300
10.27    5.09    61.962
10.27 30.00   1.845   4.499
10.27 30.00   6.344    70.562
10.27 30.00   5.195   3.691   6.344   0.599
10.27 30.00   5.199   3.683   6.344   0.590

10.28  0.00   0.449   0.443   0.026   0.076   0.003   0.004   0.334   0.002   0.000   0.004   0.000 893052900
10.28    5.09    61.949
10.28 30.00   1.845   4.499
10.28 30.00   6.343    70.557
10.28 30.00   5.194   3.690   6.343   0.599
10.28 30.00   5.198   3.683   6.343   0.590

10.29  0.00   0.449   0.443   0.026   0.076   0.003   0.004   0.334   0.002   0.000   0.004   0.000 893921700
10.29    5.09    61.936
10.29 30.00   1.844   4.499
10.29 30.00   6.343    70.553
10.29 30.00   5.193   3.690   6.343   0.599
10.29 30.00   5.198   3.682   6.343   0.590

10.30  0.00   0.449   0.442   0.026   0.076   0.003   0.004   0.334   0.002   0.000   0.004   0.000 894790400
10.30    5.09    61.924
10.30 30.00   1.843   4.499
10.30 30.00   6.342    70.549
10.30 30.00   5.193   3.689   6.342   0.599
10.30 30.00   5.197   3.682   6.342   0.590

10.31  0.00   0.449   0.442   0.026   0.076   0.003   0.004   0.334   0.002   0.000   0.004   0.000 895659100
10.31    5.09    61.911
10.31 30.00   1.842   4.499
10.31 30.00   6.341    70.545
10.31 30.00   5.192   3.689   6.341   0.599
10.31 30.00   5.196   3.681   6.341   0.590

10.32  0.00   0.449   0.442   0.026   0.076   0.003   0.004   0.334   0.002   0.000   0.004   0.000 896527800
10.32    5.08    61.898
10.32 30.00   1.841   4.499
10.32 30.00   6.340    70.541
10.32 30.00   5.191   3.689   6.340   0.599
10.32 30.00   5.196   3.681   6.340   0.590

10.33  0.00   0.449   0.442   0.026   0.076   0.003   0.004   0.334   0.002   0.000   0.004   0.000 897396500
10.33    5.08    61.886
10.33 30.00   1.841   4.499
10.33 30.00   6.339    70.536
10.33 30.00   5.191   3.688   6.339   0.599
10.33 30.00   5.195   3.680   6.339   0.590

10.34  0.00   0.449   0.442   0.026   0.076   0.003   0.004   0.334   0.002   0.000   0.004   0.000 898265300
10.34    5.08    61.873
10.34 30.00   1.840   4.499
10.34 30.00   6.338    70.532
10.34 30.00   5.190   3.688   6.338   0.599
10.34 30.00   5.194   3.680   6.338   0.590

10.35  0.00   0.449   0.442   0.026   0.076   0.003   0.004   0.334   0.002   0.000   0.004   0.000 899134100
10.35    5.08    61.860
10.35 30.00   1.839   4.499
10.35 30.00   6.338    70.528
10.35 30.00   5.189   3.687   6.338   0.599
10.35 30.00   5.194   3.680   6.338   0.590

10.36  0.00   0.449   0.442   0.026   0.076   0.003   0.004   0.334   0.002   0.000   0.004   0.000 900002700
10.36    5.08    61.848
10.36 30.00   1.838   4.499
10.36 30.00   6.337    70.524
10.36 30.00   5.189   3.687   6.337   0.599
10.36 30.00   5.193   3.679   6.337   0.590

10.37  0.00   0.449   0.442   0.026   0.076   0.003   0.004   0.334   0.002   0.000   0.004   0.000 900871500
10.37    5.08    61.835
10.37 30.00   1.837   4.499
10.37 30.00   6.336    70.520
10.37 30.00   5.188   3.686   6.336   0.599
10.37 30.00   5.192   3.679   6.336   0.590

10.38  0.00   0.449   0.442   0.026   0.076   0.003   0.004   0.334   0.002   0.000   0.004   0.000 901740200
10.38    5.08    61.823
10.38 30.00   1.836   4.499
10.38 30.00   6.335    70.516
10.38 30.00   5.187   3.686   6.335   0.598
10.38 30.00   5.192   3.678   6.335   0.590

10.39  0.00   0.449   0.442   0.026   0.076   0.003   0.004   0.334   0.002   0.000   0.004   0.000 902609000
10.39    5.07    61.810
10.39 30.00   1.836   4.499
10.39 30.00   6.334    70.511
10.39 30.00   5.186   3.685   6.334   0.598
10.39 30.00   5.191   3.678   6.334   0.590

10.40  0.00   0.449   0.442   0.026   0.076   0.003   0.004   0.334   0.002   0.000   0.004   0.000 903477600
10.40    5.07    61.798
10.40 30.00   1.835   4.499
10.40 30.00   6.334    70.507
10.40 30.00   5.186   3.685   6.334   0.598
10.40 30.00   5.190   3.677   6.334   0.590

10.41  0.00   0.449   0.442   0.026   0.076   0.003   0.004   0.334   0.002   0.000   0.004   0.000 904346400
10.41    5.07    61.785
10.41 30.00   1.834   4.499
10.41 30.00   6.333    70.503
10.41 30.00   5.185   3.685   6.333   0.598
10.41 30.00   5.190   3.677   6.333   0.590

10.42  0.00   0.449   0.442   0.026   0.076   0.003   0.004   0.334   0.002   0.000   0.004   0.000 905215100
10.42    5.07    61.773
10.42 30.00   1.833   4.499
10.42 30.00   6.332    70.499
10.42 30.00   5.184   3.684   6.332   0.598
10.42 30.00   5.189   3.676   6.332   0.589

10.43  0.00   0.449   0.442   0.026   0.076   0.003   0.004   0.334   0.002   0.000   0.004   0.000 906083800
10.43    5.07    61.760
10.43 30.00   1.832   4.499
10.43 30.00   6.331    70.495
10.43 30.00   5.184   3.684   6.331   0.598
10.43 30.00   5.188   3.676   6.331   0.589

10.44  0.00   0.449   0.442   0.026   0.076   0.003   0.004   0.334   0.002   0.000   0.004   0.000 906952500
10.44    5.07    61.748
10.44 30.00   1.832   4.499
10.44 30.00   6.330    70.491
10.44 30.00   5.183   3.683   6.330   0.598
10.44 30.00   5.187   3.676   6.330   0.589

10.45  0.00   0.449   0.442   0.026   0.076   0.003   0.004   0.334   0.002   0.000   0.004   0.000 907821300
10.45    5.06    61.735
10.45 30.00   1.831   4.499
10.45 30.00   6.329    70.487
10.45 30.00   5.182   3.683   6.329   0.598
10.45 30.00   5.187   3.675   6.329   0.589

10.46  0.00   0.449   0.442   0.026   0.076   0.003   0.004   0.334   0.002   0.000   0.004   0.000 908690000
10.46    5.06    61.723
10.46 30.00   1.830   4.499
10.46 30.00   6.329    70.483
10.46 30.00   5.182   3.682   6.329   0.598
10.46 30.00   5.186   3.675   6.329   0.589

10.47  0.00   0.449   0.442   0.026   0.076   0.003   0.004   0.334   0.002   0.000   0.004   0.000 909558800
10.47    5.06    61.710
10.47 30.00   1.829   4.499
10.47 30.00   6.328    70.479
10.47 30.00   5.181   3.682   6.328   0.598
10.47 30.00   5.185   3.674   6.328   0.589

10.48  0.00   0.449   0.442   0.026   0.076   0.003   0.004   0.334   0.002   0.000   0.004   0.000 910427500
10.48    5.06    61.698
10.48 30.00   1.828   4.499
10.48 30.00   6.327    70.475
10.48 30.00   5.180   3.681   6.327   0.598
10.48 30.00   5.185   3.674   6.327   0.589

10.49  0.00   0.449   0.442   0.026   0.076   0.003   0.004   0.334   0.002   0.000   0.004   0.000 911296200
10.49    5.06    61.686
10.49 30.00   1.828   4.499
10.49 30.00   6.326    70.470
10.49 30.00   5.180   3.681   6.326   0.598
10.49 30.00   5.184   3.673   6.326   0.589

10.50  0.00   0.448   0.442   0.026   0.076   0.003   0.004   0.334   0.002   0.000   0.004   0.000 912164900
10.50    5.06    61.673
10.50 30.00   1.827   4.499
10.50 30.00   6.325    70.466
10.50 30.00   5.179   3.681   6.325   0.598
10.50 30.00   5.183   3.673   6.325   0.589

10.51  0.00   0.448   0.442   0.026   0.076   0.003   0.004   0.334   0.002   0.000   0.004   0.000 913033700
10.51    5.06    61.661
10.51 30.00   1.826   4.499
10.51 30.00   6.325    70.462
10.51 30.00   5.178   3.680   6.325   0.598
10.51 30.00   5.183   3.673   6.325   0.589

10.52  0.00   0.448   0.442   0.026   0.076   0.003   0.004   0.334   0.002   0.000   0.004   0.000 913902500
10.52    5.05    61.649
10.52 30.00   1.825   4.499
10.52 30.00   6.324    70.458
10.52 30.00   5.178   3.680   6.324   0.598
10.52 30.00   5.182   3.672   6.324   0.589

10.53  0.00   0.448   0.442   0.026   0.076   0.003   0.004   0.334   0.002   0.000   0.004   0.000 914771100
10.53    5.05    61.636
10.53 30.00   1.824   4.499
10.53 30.00   6.323    70.454
10.53 30.00   5.177   3.679   6.323   0.598
10.53 30.00   5.181   3.672   6.323   0.589

10.54  0.00   0.448   0.442   0.026   0.076   0.003   0.004   0.334   0.002   0.000   0.004   0.000 915639900
10.54    5.05    61.624
10.54 30.00   1.824   4.499
10.54 30.00   6.322    70.450
10.54 30.00   5.176   3.679   6.322   0.598
10.54 30.00   5.181   3.671   6.322   0.589

10.55  0.00   0.448   0.442   0.026   0.076   0.003   0.004   0.334   0.002   0.000   0.004   0.000 916508600
10.55    5.05    61.612
10.55 30.00   1.823   4.499
10.55 30.00   6.322    70.446
10.55 30.00   5.176   3.678   6.322   0.598
10.55 30.00   5.180   3.671   6.322   0.589

10.56  0.00   0.448   0.442   0.026   0.076   0.003   0.004   0.334   0.002   0.000   0.004   0.000 917377300
10.56    5.05    61.600
10.56 30.00   1.822   4.499
10.56 30.00   6.321    70.442
10.56 30.00   5.175   3.678   6.321   0.598
10.56 30.00   5.179   3.670   6.321   0.589

10.57  0.00   0.448   0.442   0.026   0.076   0.003   0.004   0.334   0.002   0.000   0.004   0.000 918246000
10.57    5.05    61.587
10.57 30.00   1.821   4.499
10.57 30.00   6.320    70.438
10.57 30.00   5.174   3.678   6.320   0.598
10.57 30.00   5.179   3.670   6.320   0.589

10.58  0.00   0.448   0.442   0.026   0.076   0.003   0.004   0.334   0.002   0.000   0.004   0.000 919114800
10.58    5.04    61.575
10.58 30.00   1.820   4.499
10.58 30.00   6.319    70.434
10.58 30.00   5.174   3.677   6.319   0.598
10.58 30.00   5.178   3.670   6.319   0.589

10.59  0.00   0.448   0.442   0.026   0.076   0.003   0.004   0.334   0.002   0.000   0.004   0.000 919983500
10.59    5.04    61.563
10.59 30.00   1.820   4.499
10.59 30.00   6.318    70.430
10.59 30.00   5.173   3.677   6.318   0.598
10.59 30.00   5.177   3.669   6.318   0.589

10.60  0.00   0.448   0.442   0.026   0.076   0.003   0.004   0.334   0.002   0.000   0.004   0.000 920852300
10.60    5.04    61.551
10.60 30.00   1.819   4.499
10.60 30.00   6.318    70.426
10.60 30.00   5.172   3.676   6.318   0.598
10.60 30.00   5.177   3.669   6.318   0.589

10.61  0.00   0.448   0.442   0.026   0.076   0.003   0.004   0.334   0.002   0.000   0.004   0.000 921721000
10.61    5.04    61.538
10.61 30.00   1.818   4.499
10.61 30.00   6.317    70.422
10.61 30.00   5.172   3.676   6.317   0.598
10.61 30.00   5.176   3.668   6.317   0.589

10.62  0.00   0.448   0.442   0.026   0.076   0.003   0.004   0.334   0.002   0.000   0.004   0.000 922589700
10.62    5.04    61.526
10.62 30.00   1.817   4.499
10.62 30.00   6.316    70.418
10.62 30.00   5.171   3.675   6.316   0.598
10.62 30.00   5.175   3.668   6.316   0.589

10.63  0.00   0.448   0.441   0.026   0.076   0.003   0.004   0.334   0.002   0.000   0.004   0.000 923458400
10.63    5.04    61.514
10.63 30.00   1.817   4.499
10.63 30.00   6.315    70.414
10.63 30.00   5.170   3.675   6.315   0.597
10.63 30.00   5.175   3.667   6.315   0.589

10.64  0.00   0.448   0.441   0.026   0.076   0.003   0.004   0.334   0.002   0.000   0.004   0.000 924327200
10.64    5.04    61.502
10.64 30.00   1.816   4.499
10.64 30.00   6.314    70.410
10.64 30.00   5.170   3.675   6.314   0.597
10.64 30.00   5.174   3.667   6.314   0.589

10.65  0.00   0.448   0.441   0.026   0.076   0.003   0.004   0.333   0.002   0.000   0.004   0.000 925195800
10.65    5.03    61.490
10.65 30.00   1.815   4.499
10.65 30.00   6.314    70.406
10.65 30.00   5.169   3.674   6.314   0.597
10.65 30.00   5.174   3.667   6.314   0.589

10.66  0.00   0.448   0.441   0.026   0.076   0.003   0.004   0.333   0.002   0.000   0.004   0.000 926064600
10.66    5.03    61.478
10.66 30.00   1.814   4.499
10.66 30.00   6.313    70.402
10.66 30.00   5.168   3.674   6.313   0.597
10.66 30.00   5.173   3.666   6.313   0.589

10.67  0.00   0.448   0.441   0.026   0.076   0.003   0.004   0.333   0.002   0.000   0.004   0.000 926933300
10.67    5.03    61.466
10.67 30.00   1.813   4.499
10.67 30.00   6.312    70.398
10.67 30.00   5.168   3.673   6.312   0.597
10.67 30.00   5.172   3.666   6.312   0.588

10.68  0.00   0.448   0.441   0.026   0.076   0.003   0.004   0.333   0.002   0.000   0.004   0.000 927802100
10.68    5.03    61.454
10.68 30.00   1.813   4.499
10.68 30.00   6.311    70.394
10.68 30.00   5.167   3.673   6.311   0.597
10.68 30.00   5.172   3.665   6.311   0.588

10.69  0.00   0.448   0.441   0.026   0.076   0.003   0.004   0.333   0.002   0.000   0.004   0.000 928670700
10.69    5.03    61.442
10.69 30.00   1.812   4.499
10.69 30.00   6.311    70.390
10.69 30.00   5.167   3.673   6.311   0.597
10.69 30.00   5.171   3.665   6.311   0.588

10.70  0.00   0.448   0.441   0.026   0.076   0.003   0.004   0.333   0.002   0.000   0.004   0.000 929539500
10.70    5.03    61.429
10.70 30.00   1.811   4.499
10.70 30.00   6.310    70.387
10.70 30.00   5.166   3.672   6.310   0.597
10.70 30.00   5.170   3.664   6.310   0.588

10.71  0.00   0.448   0.441   0.026   0.076   0.003   0.004   0.333   0.002   0.000   0.004   0.000 930408300
10.71    5.03    61.417
10.71 30.00   1.810   4.499
10.71 30.00   6.309    70.383
10.71 30.00   5.165   3.672   6.309   0.597
10.71 30.00   5.170   3.664   6.309   0.588

10.72  0.00   0.448   0.441   0.026   0.076   0.003   0.004   0.333   0.002   0.000   0.004   0.000 931277000
10.72    5.02    61.405
10.72 30.00   1.810   4.499
10.72 30.00   6.308    70.379
10.72 30.00   5.165   3.671   6.308   0.597
10.72 30.00   5.169   3.664   6.308   0.588

10.73  0.00   0.448   0.441   0.026   0.076   0.003   0.004   0.333   0.002   0.000   0.004   0.000 932145700
10.73    5.02    61.393
10.73 30.00   1.809   4.499
10.73 30.00   6.307    70.375
10.73 30.00   5.164   3.671   6.307   0.597
10.73 30.00   5.168   3.663   6.307   0.588

10.74  0.00   0.448   0.441   0.026   0.076   0.003   0.004   0.333   0.002   0.000   0.004   0.000 933014400
10.74    5.02    61.381
10.74 30.00   1.808   4.499
10.74 30.00   6.307    70.371
10.74 30.00   5.163   3.670   6.307   0.597
10.74 30.00   5.168   3.663   6.307   0.588

10.75  0.00   0.448   0.441   0.026   0.076   0.003   0.004   0.333   0.002   0.000   0.004   0.000 933883100
10.75    5.02    61.369
10.75 30.00   1.807   4.499
10.75 30.00   6.306    70.367
10.75 30.00   5.163   3.670   6.306   0.597
10.75 30.00   5.167   3.662   6.306   0.588

10.76  0.00   0.448   0.441   0.026   0.076   0.003   0.004   0.333   0.002   0.000   0.004   0.000 934751900
10.76    5.02    61.358
10.76 30.00   1.807   4.499
10.76 30.00   6.305    70.363
10.76 30.00   5.162   3.670   6.305   0.597
10.76 30.00   5.166   3.662   6.305   0.588

10.77  0.00   0.448   0.441   0.026   0.076   0.003   0.004   0.333   0.002   0.000   0.004   0.000 935620700
10.77    5.02    61.346
10.77 30.00   1.806   4.499
10.77 30.00   6.304    70.359
10.77 30.00   5.161   3.669   6.304   0.597
10.77 30.00   5.166   3.662   6.304   0.588

10.78  0.00   0.448   0.441   0.026   0.076   0.003   0.004   0.333   0.002   0.000   0.004   0.000 936489300
10.78    5.02    61.334
10.78 30.00   1.805   4.499
10.78 30.00   6.304    70.355
10.78 30.00   5.161   3.669   6.304   0.597
10.78 30.00   5.165   3.661   6.304   0.588

10.79  0.00   0.448   0.441   0.026   0.076   0.003   0.004   0.333   0.002   0.000   0.004   0.000 937358100
10.79    5.01    61.322
10.79 30.00   1.804   4.499
10.79 30.00   6.303    70.351
10.79 30.00   5.160   3.668   6.303   0.597
10.79 30.00   5.164   3.661   6.303   0.588

10.80  0.00   0.448   0.441   0.026   0.076   0.003   0.004   0.333   0.002   0.000   0.004   0.000 938226800
10.80    5.01    61.310
10.80 30.00   1.803   4.499
10.80 30.00   6.302    70.348
10.80 30.00   5.159   3.668   6.302   0.597
10.80 30.00   5.164   3.660   6.302   0.588

10.81  0.00   0.448   0.441   0.026   0.076   0.003   0.004   0.333   0.002   0.000   0.004   0.000 939095600
10.81    5.01    61.298
10.81 30.00   1.803   4.499
10.81 30.00   6.301    70.344
10.81 30.00   5.159   3.668   6.301   0.597
10.81 30.00   5.163   3.660   6.301   0.588

10.82  0.00   0.448   0.441   0.026   0.076   0.003   0.004   0.333   0.002   0.000   0.004   0.000 939964200
10.82    5.01    61.286
10.82 30.00   1.802   4.499
10.82 30.00   6.301    70.340
10.82 30.00   5.158   3.667   6.301   0.597
10.82 30.00   5.163   3.659   6.301   0.588

10.83  0.00   0.448   0.441   0.026   0.076   0.003   0.004   0.333   0.002   0.000   0.004   0.000 940833000
10.83    5.01    61.274
10.83 30.00   1.801   4.499
10.83 30.00   6.300    70.336
10.83 30.00   5.158   3.667   6.300   0.597
10.83 30.00   5.162   3.659   6.300   0.588

10.84  0.00   0.447   0.441   0.026   0.076   0.003   0.004   0.333   0.002   0.000   0.004   0.000 941701700
10.84    5.01    61.262
10.84 30.00   1.800   4.499
10.84 30.00   6.299    70.332
10.84 30.00   5.157   3.666   6.299   0.597
10.84 30.00   5.161   3.659   6.299   0.588

10.85  0.00   0.447   0.441   0.026   0.076   0.003   0.004   0.333   0.002   0.000   0.004   0.000 942570500
10.85    5.00    61.251
10.85 30.00   1.800   4.499
10.85 30.00   6.298    70.328
10.85 30.00   5.156   3.666   6.298   0.597
10.85 30.00   5.161   3.658   6.298   0.588

10.86  0.00   0.447   0.441   0.026   0.076   0.003   0.004   0.333   0.002   0.000   0.004   0.000 943439200
10.86    5.00    61.239
10.86 30.00   1.799   4.499
10.86 30.00   6.298    70.324
10.86 30.00   5.156   3.665   6.298   0.597
10.86 30.00   5.160   3.658   6.298   0.588

10.87  0.00   0.447   0.441   0.026   0.076   0.003   0.004   0.333   0.002   0.000   0.004   0.000 944307900
10.87    5.00    61.227
10.87 30.00   1.798   4.499
10.87 30.00   6.297    70.321
10.87 30.00   5.155   3.665   6.297   0.597
10.87 30.00   5.159   3.657   6.297   0.588

10.88  0.00   0.447   0.441   0.026   0.076   0.003   0.004   0.333   0.002   0.000   0.004   0.000 945176600
10.88    5.00    61.215
10.88 30.00   1.797   4.499
10.88 30.00   6.296    70.317
10.88 30.00   5.154   3.665   6.296   0.597
10.88 30.00   5.159   3.657   6.296   0.588

10.89  0.00   0.447   0.441   0.026   0.076   0.003   0.004   0.333   0.002   0.000   0.004   0.000 946045400
10.89    5.00    61.203
10.89 30.00   1.797   4.499
10.89 30.00   6.295    70.313
10.89 30.00   5.154   3.664   6.295   0.596
10.89 30.00   5.158   3.657   6.295   0.588

10.90  0.00   0.447   0.441   0.026   0.076   0.003   0.004   0.333   0.002   0.000   0.004   0.000 946914000
10.90    5.00    61.192
10.90 30.00   1.796   4.499
10.90 30.00   6.295    70.309
10.90 30.00   5.153   3.664   6.295   0.596
10.90 30.00   5.158   3.656   6.295   0.588

10.91  0.00   0.447   0.441   0.026   0.076   0.003   0.004   0.333   0.002   0.000   0.004   0.000 947782800
10.91    5.00    61.180
10.91 30.00   1.795   4.499
10.91 30.00   6.294    70.305
10.91 30.00   5.152   3.663   6.294   0.596
10.91 30.00   5.157   3.656   6.294   0.588

10.92  0.00   0.447   0.441   0.026   0.076   0.003   0.004   0.333   0.002   0.000   0.004   0.000 948651500
10.92    4.99    61.168
10.92 30.00   1.794   4.499
10.92 30.00   6.293    70.302
10.92 30.00   5.152   3.663   6.293   0.596
10.92 30.00   5.156   3.655   6.293   0.588

10.93  0.00   0.447   0.441   0.026   0.076   0.003   0.004   0.333   0.002   0.000   0.004   0.000 949520300
10.93    4.99    61.157
10.93 30.00   1.794   4.499
10.93 30.00   6.292    70.298
10.93 30.00   5.151   3.663   6.292   0.596
10.93 30.00   5.156   3.655   6.292   0.587

10.94  0.00   0.447   0.441   0.026   0.076   0.003   0.004   0.333   0.002   0.000   0.004   0.000 950389000
10.94    4.99    61.145
10.94 30.00   1.793   4.499
10.94 30.00   6.292    70.294
10.94 30.00   5.151   3.662   6.292   0.596
10.94 30.00   5.155   3.655   6.292   0.587

10.95  0.00   0.447   0.441   0.026   0.076   0.003   0.004   0.333   0.002   0.000   0.004   0.000 951257700
10.95    4.99    61.133
10.95 30.00   1.792   4.499
10.95 30.00   6.291    70.290
10.95 30.00   5.150   3.662   6.291   0.596
10.95 30.00   5.154   3.654   6.291   0.587

10.96  0.00   0.447   0.441   0.026   0.076   0.003   0.004   0.333   0.002   0.000   0.004   0.000 952126500
10.96    4.99    61.122
10.96 30.00   1.792   4.499
10.96 30.00   6.290    70.287
10.96 30.00   5.149   3.661   6.290   0.596
10.96 30.00   5.154   3.654   6.290   0.587

10.97  0.00   0.447   0.441   0.026   0.076   0.003   0.004   0.333   0.002   0.000   0.004   0.000 952995200
10.97    4.99    61.110
10.97 30.00   1.791   4.499
10.97 30.00   6.289    70.283
10.97 30.00   5.149   3.661   6.289   0.596
10.97 30.00   5.153   3.653   6.289   0.587

10.98  0.00   0.447   0.440   0.026   0.076   0.003   0.004   0.333   0.002   0.000   0.004   0.000 953863900
10.98    4.99    61.098
10.98 30.00   1.790   4.499
10.98 30.00   6.289    70.279
10.98 30.00   5.148   3.661   6.289   0.596
10.98 30.00   5.153   3.653   6.289   0.587

10.99  0.00   0.447   0.440   0.026   0.076   0.003   0.004   0.333   0.002   0.000   0.004   0.000 954732600
10.99    4.99    61.087
10.99 30.00   1.789   4.499
10.99 30.00   6.288    70.275
10.99 30.00   5.148   3.660   6.288   0.596
10.99 30.00   5.152   3.653   6.288   0.587

11.00  0.00   0.447   0.440   0.026   0.076   0.003   0.004   0.333   0.002   0.000   0.004   0.000 955601300
11.00    4.98    61.075
11.00 30.00   1.789   4.499
11.00 30.00   6.287    70.272
11.00 30.00   5.147   3.660   6.287   0.596
11.00 30.00   5.151   3.652   6.287   0.587

11.01  0.00   0.447   0.440   0.026   0.076   0.003   0.004   0.333   0.002   0.000   0.004   0.000 956470100
11.01    4.98    61.064
11.01 30.00   1.788   4.499
11.01 30.00   6.287    70.268
11.01 30.00   5.146   3.659   6.287   0.596
11.01 30.00   5.151   3.652   6.287   0.587

11.02  0.00   0.447   0.440   0.026   0.076   0.003   0.004   0.333   0.002   0.000   0.004   0.000 957338900
11.02    4.98    61.052
11.02 30.00   1.787   4.499
11.02 30.00   6.286    70.264
11.02 30.00   5.146   3.659   6.286   0.596
11.02 30.00   5.150   3.651   6.286   0.587

11.03  0.00   0.447   0.440   0.026   0.076   0.003   0.004   0.333   0.002   0.000   0.004   0.000 958207600
11.03    4.98    61.040
11.03 30.00   1.786   4.499
11.03 30.00   6.285    70.260
11.03 30.00   5.145   3.659   6.285   0.596
11.03 30.00   5.149   3.651   6.285   0.587

11.04  0.00   0.447   0.440   0.026   0.076   0.003   0.004   0.333   0.002   0.000   0.004   0.000 959076300
11.04    4.98    61.029
11.04 30.00   1.786   4.499
11.04 30.00   6.284    70.257
11.04 30.00   5.144   3.658   6.284   0.596
11.04 30.00   5.149   3.651   6.284   0.587

11.05  0.00   0.447   0.440   0.026   0.076   0.003   0.004   0.333   0.002   0.000   0.004   0.000 959945000
11.05    4.98    61.017
11.05 30.00   1.785   4.499
11.05 30.00   6.284    70.253
11.05 30.00   5.144   3.658   6.284   0.596
11.05 30.00   5.148   3.650   6.284   0.587

11.06  0.00   0.447   0.440   0.026   0.076   0.003   0.004   0.333   0.002   0.000   0.004   0.000 960813800
11.06    4.98    61.006
11.06 30.00   1.784   4.499
11.06 30.00   6.283    70.249
11.06 30.00   5.143   3.657   6.283   0.596
11.06 30.00   5.148   3.650   6.283   0.587

11.07  0.00   0.447   0.440   0.026   0.076   0.003   0.004   0.333   0.002   0.000   0.004   0.000 961682400
11.07    4.97    60.994
11.07 30.00   1.783   4.499
11.07 30.00   6.282    70.246
11.07 30.00   5.143   3.657   6.282   0.596
11.07 30.00   5.147   3.649   6.282   0.587

11.08  0.00   0.447   0.440   0.026   0.076   0.003   0.004   0.333   0.002   0.000   0.004   0.000 962551200
11.08    4.97    60.983
11.08 30.00   1.783   4.499
11.08 30.00   6.281    70.242
11.08 30.00   5.142   3.657   6.281   0.596
11.08 30.00   5.146   3.649   6.281   0.587

11.09  0.00   0.447   0.440   0.026   0.076   0.003   0.004   0.333   0.002   0.000   0.004   0.000 963420000
11.09    4.97    60.971
11.09 30.00   1.782   4.499
11.09 30.00   6.281    70.238
11.09 30.00   5.141   3.656   6.281   0.596
11.09 30.00   5.146   3.649   6.281   0.587

11.10  0.00   0.447   0.440   0.026   0.076   0.003   0.004   0.333   0.002   0.000   0.003   0.000 964288700
11.10    4.97    60.960
11.10 30.00   1.781   4.499
11.10 30.00   6.280    70.234
11.10 30.00   5.141   3.656   6.280   0.596
11.10 30.00   5.145   3.648   6.280   0.587

11.11  0.00   0.447   0.440   0.026   0.076   0.003   0.004   0.333   0.002   0.000   0.003   0.000 965157400
11.11    4.97    60.949
11.11 30.00   1.781   4.499
11.11 30.00   6.279    70.231
11.11 30.00   5.140   3.656   6.279   0.596
11.11 30.00   5.145   3.648   6.279   0.587

11.12  0.00   0.447   0.440   0.026   0.076   0.003   0.004   0.333   0.002   0.000   0.003   0.000 966026100
11.12    4.97    60.937
11.12 30.00   1.780   4.499
11.12 30.00   6.279    70.227
11.12 30.00   5.140   3.655   6.279   0.596
11.12 30.00   5.144   3.647   6.279   0.587

11.13  0.00   0.447   0.440   0.026   0.076   0.003   0.004   0.333   0.002   0.000   0.003   0.000 966894800
11.13    4.97    60.926
11.13 30.00   1.779   4.499
11.13 30.00   6.278    70.223
11.13 30.00   5.139   3.655   6.278   0.596
11.13 30.00   5.143   3.647   6.278   0.587

11.14  0.00   0.447   0.440   0.026   0.076   0.003   0.004   0.333   0.002   0.000   0.003   0.000 967763600
11.14    4.96    60.914
11.14 30.00   1.778   4.499
11.14 30.00   6.277    70.220
11.14 30.00   5.138   3.654   6.277   0.596
11.14 30.00   5.143   3.647   6.277   0.587

11.15  0.00   0.447   0.440   0.026   0.076   0.003   0.004   0.333   0.002   0.000   0.003   0.000 968632300
11.15    4.96    60.903
11.15 30.00   1.778   4.499
11.15 30.00   6.276    70.216
11.15 30.00   5.138   3.654   6.276   0.596
11.15 30.00   5.142   3.646   6.276   0.587

11.16  0.00   0.447   0.440   0.026   0.076   0.003   0.004   0.333   0.002   0.000   0.003   0.000 969501000
11.16    4.96    60.892
11.16 30.00   1.777   4.499
11.16 30.00   6.276    70.212
11.16 30.00   5.137   3.654   6.276   0.595
11.16 30.00   5.142   3.646   6.276   0.587

11.17  0.00   0.447   0.440   0.026   0.076   0.003   0.004   0.333   0.002   0.000   0.003   0.000 970369800
11.17    4.96    60.880
11.17 30.00   1.776   4.499
11.17 30.00   6.275    70.209
11.17 30.00   5.137   3.653   6.275   0.595
11.17 30.00   5.141   3.646   6.275   0.587

11.18  0.00   0.447   0.440   0.026   0.076   0.003   0.004   0.333   0.002   0.000   0.003   0.000 971238500
11.18    4.96    60.869
11.18 30.00   1.776   4.499
11.18 30.00   6.274    70.205
11.18 30.00   5.136   3.653   6.274   0.595
11.18 30.00   5.140   3.645   6.274   0.587

11.19  0.00   0.447   0.440   0.026   0.076   0.003   0.004   0.333   0.002   0.000   0.003   0.000 972107200
11.19    4.96    60.857
11.19 30.00   1.775   4.499
11.19 30.00   6.274    70.202
11.19 30.00   5.135   3.652   6.274   0.595
11.19 30.00   5.140   3.645   6.274   0.587

11.20  0.00   0.447   0.440   0.026   0.076   0.003   0.004   0.333   0.002   0.000   0.003   0.000 972975900
11.20    4.96    60.846
11.20 30.00   1.774   4.499
11.20 30.00   6.273    70.198
11.20 30.00   5.135   3.652   6.273   0.595
11.20 30.00   5.139   3.644   6.273   0.587

11.21  0.00   0.446   0.440   0.026   0.076   0.003   0.004   0.333   0.002   0.000   0.003   0.000 973844700
11.21    4.95    60.835
11.21 30.00   1.773   4.499
11.21 30.00   6.272    70.194
11.21 30.00   5.134   3.652   6.272   0.595
11.21 30.00   5.139   3.644   6.272   0.586

11.22  0.00   0.446   0.440   0.026   0.076   0.003   0.004   0.333   0.002   0.000   0.003   0.000 974713400
11.22    4.95    60.824
11.22 30.00   1.773   4.499
11.22 30.00   6.271    70.191
11.22 30.00   5.134   3.651   6.271   0.595
11.22 30.00   5.138   3.644   6.271   0.586

11.23  0.00   0.446   0.440   0.026   0.076   0.003   0.004   0.333   0.002   0.000   0.003   0.000 975582100
11.23    4.95    60.812
11.23 30.00   1.772   4.499
11.23 30.00   6.271    70.187
11.23 30.00   5.133   3.651   6.271   0.595
11.23 30.00   5.137   3.643   6.271   0.586

11.24  0.00   0.446   0.440   0.026   0.076   0.003   0.004   0.333   0.002   0.000   0.003   0.000 976450800
11.24    4.95    60.801
11.24 30.00   1.771   4.499
11.24 30.00   6.270    70.184
11.24 30.00   5.132   3.650   6.270   0.595
11.24 30.00   5.137   3.643   6.270   0.586

11.25  0.00   0.446   0.440   0.026   0.076   0.003   0.004   0.333   0.002   0.000   0.003   0.000 977319600
11.25    4.95    60.790
11.25 30.00   1.771   4.499
11.25 30.00   6.269    70.180
11.25 30.00   5.132   3.650   6.269   0.595
11.25 30.00   5.136   3.642   6.269   0.586

11.26  0.00   0.446   0.440   0.026   0.076   0.003   0.004   0.333   0.002   0.000   0.003   0.000 978188400
11.26    4.95    60.779
11.26 30.00   1.770   4.499
11.26 30.00   6.269    70.176
11.26 30.00   5.131   3.650   6.269   0.595
11.26 30.00   5.136   3.642   6.269   0.586

11.27  0.00   0.446   0.440   0.026   0.076   0.003   0.004   0.333   0.002   0.000   0.003   0.000 979057100
11.27    4.95    60.767
11.27 30.00   1.769   4.499
11.27 30.00   6.268    70.173
11.27 30.00   5.131   3.649   6.268   0.595
11.27 30.00   5.135   3.642   6.268   0.586

11.28  0.00   0.446   0.440   0.026   0.076   0.003   0.004   0.333   0.002   0.000   0.003   0.000 979925800
11.28    4.95    60.756
11.28 30.00   1.769   4.499
11.28 30.00   6.267    70.169
11.28 30.00   5.130   3.649   6.267   0.595
11.28 30.00   5.134   3.641   6.267   0.586

11.29  0.00   0.446   0.440   0.026   0.076   0.003   0.004   0.333   0.002   0.000   0.003   0.000 980794500
11.29    4.94    60.745
11.29 30.00   1.768   4.499
11.29 30.00   6.267    70.166
11.29 30.00   5.129   3.649   6.267   0.595
11.29 30.00   5.134   3.641   6.267   0.586

11.30  0.00   0.446   0.440   0.026   0.076   0.003   0.004   0.333   0.002   0.000   0.003   0.000 981663200
11.30    4.94    60.734
11.30 30.00   1.767   4.499
11.30 30.00   6.266    70.162
11.30 30.00   5.129   3.648   6.266   0.595
11.30 30.00   5.133   3.641   6.266   0.586

11.31  0.00   0.446   0.440   0.026   0.076   0.003   0.004   0.333   0.002   0.000   0.003   0.000 982532000
11.31    4.94    60.723
11.31 30.00   1.766   4.499
11.31 30.00   6.265    70.158
11.31 30.00   5.128   3.648   6.265   0.595
11.31 30.00   5.133   3.640   6.265   0.586

11.32  0.00   0.446   0.440   0.026   0.076   0.003   0.004   0.333   0.002   0.000   0.003   0.000 983400600
11.32    4.94    60.712
11.32 30.00   1.766   4.499
11.32 30.00   6.264    70.155
11.32 30.00   5.128   3.647   6.264   0.595
11.32 30.00   5.132   3.640   6.264   0.586

11.33  0.00   0.446   0.440   0.026   0.076   0.003   0.004   0.332   0.002   0.000   0.003   0.000 984269400
11.33    4.94    60.700
11.33 30.00   1.765   4.499
11.33 30.00   6.264    70.151
11.33 30.00   5.127   3.647   6.264   0.595
11.33 30.00   5.132   3.639   6.264   0.586

11.34  0.00   0.446   0.440   0.026   0.076   0.003   0.004   0.332   0.002   0.000   0.003   0.000 985138200
11.34    4.94    60.689
11.34 30.00   1.764   4.499
11.34 30.00   6.263    70.148
11.34 30.00   5.127   3.647   6.263   0.595
11.34 30.00   5.131   3.639   6.263   0.586

11.35  0.00   0.446   0.440   0.026   0.076   0.003   0.004   0.332   0.002   0.000   0.003   0.000 986006900
11.35    4.94    60.678
11.35 30.00   1.764   4.499
11.35 30.00   6.262    70.144
11.35 30.00   5.126   3.646   6.262   0.595
11.35 30.00   5.130   3.639   6.262   0.586

11.36  0.00   0.446   0.439   0.026   0.076   0.003   0.004   0.332   0.002   0.000   0.003   0.000 986875600
11.36    4.93    60.667
11.36 30.00   1.763   4.499
11.36 30.00   6.262    70.141
11.36 30.00   5.125   3.646   6.262   0.595
11.36 30.00   5.130   3.638   6.262   0.586

11.37  0.00   0.446   0.439   0.026   0.076   0.003   0.004   0.332   0.002   0.000   0.003   0.000 987744300
11.37    4.93    60.656
11.37 30.00   1.762   4.499
11.37 30.00   6.261    70.137
11.37 30.00   5.125   3.646   6.261   0.595
11.37 30.00   5.129   3.638   6.261   0.586

11.38  0.00   0.446   0.439   0.026   0.076   0.003   0.004   0.332   0.002   0.000   0.003   0.000 988613100
11.38    4.93    60.645
11.38 30.00   1.762   4.499
11.38 30.00   6.260    70.134
11.38 30.00   5.124   3.645   6.260   0.595
11.38 30.00   5.129   3.638   6.260   0.586

11.39  0.00   0.446   0.439   0.026   0.076   0.003   0.004   0.332   0.002   0.000   0.003   0.000 989481800
11.39    4.93    60.634
11.39 30.00   1.761   4.499
11.39 30.00   6.260    70.130
11.39 30.00   5.124   3.645   6.260   0.595
11.39 30.00   5.128   3.637   6.260   0.586

11.40  0.00   0.446   0.439   0.026   0.076   0.003   0.004   0.332   0.002   0.000   0.003   0.000 990350500
11.40    4.93    60.623
11.40 30.00   1.760   4.499
11.40 30.00   6.259    70.127
11.40 30.00   5.123   3.644   6.259   0.595
11.40 30.00   5.127   3.637   6.259   0.586

11.41  0.00   0.446   0.439   0.026   0.076   0.003   0.004   0.332   0.002   0.000   0.003   0.000 991219200
11.41    4.93    60.612
11.41 30.00   1.760   4.499
11.41 30.00   6.258    70.123
11.41 30.00   5.122   3.644   6.258   0.595
11.41 30.00   5.127   3.636   6.258   0.586

11.42  0.00   0.446   0.439   0.026   0.076   0.003   0.004   0.332   0.002   0.000   0.003   0.000 992088000
11.42    4.93    60.601
11.42 30.00   1.759   4.499
11.42 30.00   6.258    70.120
11.42 30.00   5.122   3.644   6.258   0.595
11.42 30.00   5.126   3.636   6.258   0.586

11.43  0.00   0.446   0.439   0.026   0.076   0.003   0.004   0.332   0.002   0.000   0.003   0.000 992956700
11.43    4.93    60.590
11.43 30.00   1.758   4.499
11.43 30.00   6.257    70.116
11.43 30.00   5.121   3.643   6.257   0.595
11.43 30.00   5.126   3.636   6.257   0.586

11.44  0.00   0.446   0.439   0.026   0.076   0.003   0.004   0.332   0.002   0.000   0.003   0.000 993825400
11.44    4.92    60.579
11.44 30.00   1.757   4.499
11.44 30.00   6.256    70.113
11.44 30.00   5.121   3.643   6.256   0.595
11.44 30.00   5.125   3.635   6.256   0.586

11.45  0.00   0.446   0.439   0.026   0.076   0.003   0.004   0.332   0.002   0.000   0.003   0.000 994694100
11.45    4.92    60.568
11.45 30.00   1.757   4.499
11.45 30.00   6.255    70.109
11.45 30.00   5.120   3.643   6.255   0.595
11.45 30.00   5.125   3.635   6.255   0.586

11.46  0.00   0.446   0.439   0.026   0.076   0.003   0.004   0.332   0.002   0.000   0.003   0.000 995562900
11.46    4.92    60.557
11.46 30.00   1.756   4.499
11.46 30.00   6.255    70.106
11.46 30.00   5.120   3.642   6.255   0.594
11.46 30.00   5.124   3.635   6.255   0.586

11.47  0.00   0.446   0.439   0.026   0.076   0.003   0.004   0.332   0.002   0.000   0.003   0.000 996431600
11.47    4.92    60.530
11.47 30.00   1.755   4.499
11.47 30.00   6.254    70.102
11.47 30.00   5.119   3.642   6.254   0.594
11.47 30.00   5.123   3.634   6.254   0.586

11.48  0.00   0.446   0.439   0.026   0.076   0.003   0.004   0.332   0.002   0.000   0.003   0.000 997300300
11.48    4.91    60.516
11.48 30.00   1.755   4.499
11.48 30.00   6.253    70.099
11.48 30.00   5.118   3.641   6.253   0.594
11.48 30.00   5.123   3.634   6.253   0.586

11.49  0.00   0.446   0.439   0.026   0.076   0.003   0.004   0.332   0.002   0.000   0.003   0.000 998169000
11.49    4.91    60.503
11.49 30.00   1.754   4.499
11.49 30.00   6.253    70.095
11.49 30.00   5.118   3.641   6.253   0.594
11.49 30.00   5.122   3.633   6.253   0.586

11.50  0.00   0.446   0.439   0.026   0.076   0.003   0.004   0.332   0.002   0.000   0.003   0.000 999037800
11.50    4.91    60.490
11.50 30.00   1.753   4.499
11.50 30.00   6.252    70.092
11.50 30.00   5.117   3.641   6.252   0.594
11.50 30.00   5.122   3.633   6.252   0.586

11.51  0.00   0.446   0.439   0.026   0.076   0.003   0.004   0.332   0.002   0.000   0.003   0.000 999906600
11.51    4.91    60.477
11.51 30.00   1.753   4.499
11.51 30.00   6.251    70.088
11.51 30.00   5.117   3.640   6.251   0.594
11.51 30.00   5.121   3.633   6.251   0.585

11.52  0.00   0.446   0.439   0.026   0.076   0.003   0.004   0.332   0.002   0.000   0.003   0.000 1000775000
11.52    4.91    60.464
11.52 30.00   1.752   4.499
11.52 30.00   6.251    70.085
11.52 30.00   5.116   3.640   6.251   0.594
11.52 30.00   5.121   3.632   6.251   0.585

11.53  0.00   0.446   0.439   0.026   0.076   0.003   0.004   0.332   0.002   0.000   0.003   0.000 1001644000
11.53    4.90    60.451
11.53 30.00   1.751   4.499
11.53 30.00   6.250    70.082
11.53 30.00   5.116   3.640   6.250   0.594
11.53 30.00   5.120   3.632   6.250   0.585

11.54  0.00   0.446   0.439   0.026   0.076   0.003   0.004   0.332   0.002   0.000   0.003   0.000 1002513000
11.54    4.90    60.438
11.54 30.00   1.751   4.499
11.54 30.00   6.249    70.078
11.54 30.00   5.115   3.639   6.249   0.594
11.54 30.00   5.119   3.632   6.249   0.585

11.55  0.00   0.446   0.439   0.026   0.076   0.003   0.004   0.332   0.002   0.000   0.003   0.000 1003381000
11.55    4.90    60.425
11.55 30.00   1.750   4.499
11.55 30.00   6.249    70.075
11.55 30.00   5.114   3.639   6.249   0.594
11.55 30.00   5.119   3.631   6.249   0.585

11.56  0.00   0.446   0.439   0.026   0.076   0.003   0.004   0.332   0.002   0.000   0.003   0.000 1004250000
11.56    4.90    60.412
11.56 30.00   1.749   4.499
11.56 30.00   6.248    70.071
11.56 30.00   5.114   3.639   6.248   0.594
11.56 30.00   5.118   3.631   6.248   0.585

11.57  0.00   0.446   0.439   0.026   0.076   0.003   0.004   0.332   0.002   0.000   0.003   0.000 1005119000
11.57    4.90    60.399
11.57 30.00   1.749   4.499
11.57 30.00   6.247    70.068
11.57 30.00   5.113   3.638   6.247   0.594
11.57 30.00   5.118   3.631   6.247   0.585

11.58  0.00   0.446   0.439   0.026   0.076   0.003   0.004   0.332   0.002   0.000   0.003   0.000 1005988000
11.58    4.89    60.386
11.58 30.00   1.748   4.499
11.58 30.00   6.247    70.064
11.58 30.00   5.113   3.638   6.247   0.594
11.58 30.00   5.117   3.630   6.247   0.585

11.59  0.00   0.446   0.439   0.026   0.076   0.003   0.004   0.332   0.002   0.000   0.003   0.000 1006856000
11.59    4.89    60.373
11.59 30.00   1.747   4.499
11.59 30.00   6.246    70.061
11.59 30.00   5.112   3.637   6.246   0.594
11.59 30.00   5.117   3.630   6.246   0.585

11.60  0.00   0.446   0.439   0.026   0.076   0.003   0.004   0.332   0.002   0.000   0.003   0.000 1007725000
11.60    4.89    60.360
11.60 30.00   1.747   4.499
11.60 30.00   6.245    70.058
11.60 30.00   5.112   3.637   6.245   0.594
11.60 30.00   5.116   3.629   6.245   0.585

11.61  0.00   0.445   0.439   0.026   0.076   0.003   0.004   0.332   0.002   0.000   0.003   0.000 1008594000
11.61    4.89    60.348
11.61 30.00   1.746   4.499
11.61 30.00   6.245    70.054
11.61 30.00   5.111   3.637   6.245   0.594
11.61 30.00   5.116   3.629   6.245   0.585

11.62  0.00   0.445   0.439   0.026   0.076   0.003   0.004   0.332   0.002   0.000   0.003   0.000 1009463000
11.62    4.89    60.335
11.62 30.00   1.745   4.499
11.62 30.00   6.244    70.051
11.62 30.00   5.111   3.636   6.244   0.594
11.62 30.00   5.115   3.629   6.244   0.585

11.63  0.00   0.445   0.439   0.026   0.076   0.003   0.004   0.332   0.002   0.000   0.003   0.000 1010331000
11.63    4.88    60.322
11.63 30.00   1.745   4.499
11.63 30.00   6.243    70.048
11.63 30.00   5.110   3.636   6.243   0.594
11.63 30.00   5.114   3.628   6.243   0.585

11.64  0.00   0.445   0.439   0.026   0.076   0.003   0.004   0.332   0.002   0.000   0.003   0.000 1011200000
11.64    4.88    60.309
11.64 30.00   1.744   4.499
11.64 30.00   6.243    70.044
11.64 30.00   5.109   3.636   6.243   0.594
11.64 30.00   5.114   3.628   6.243   0.585

11.65  0.00   0.445   0.439   0.026   0.076   0.003   0.004   0.332   0.002   0.000   0.003   0.000 1012069000
11.65    4.88    60.296
11.65 30.00   1.743   4.499
11.65 30.00   6.242    70.041
11.65 30.00   5.109   3.635   6.242   0.594
11.65 30.00   5.113   3.628   6.242   0.585

11.66  0.00   0.445   0.439   0.026   0.076   0.003   0.004   0.332   0.002   0.000   0.003   0.000 1012937000
11.66    4.88    60.283
11.66 30.00   1.743   4.499
11.66 30.00   6.241    70.037
11.66 30.00   5.108   3.635   6.241   0.594
11.66 30.00   5.113   3.627   6.241   0.585

11.67  0.00   0.445   0.439   0.026   0.076   0.003   0.004   0.332   0.002   0.000   0.003   0.000 1013806000
11.67    4.88    60.270
11.67 30.00   1.742   4.499
11.67 30.00   6.241    70.034
11.67 30.00   5.108   3.635   6.241   0.594
11.67 30.00   5.112   3.627   6.241   0.585

11.68  0.00   0.445   0.439   0.026   0.076   0.003   0.004   0.332   0.002   0.000   0.003   0.000 1014675000
11.68    4.88    60.257
11.68 30.00   1.741   4.499
11.68 30.00   6.240    70.031
11.68 30.00   5.107   3.634   6.240   0.594
11.68 30.00   5.112   3.627   6.240   0.585

11.69  0.00   0.445   0.439   0.026   0.076   0.003   0.004   0.332   0.002   0.000   0.003   0.000 1015544000
11.69    4.87    60.245
11.69 30.00   1.741   4.499
11.69 30.00   6.239    70.027
11.69 30.00   5.107   3.634   6.239   0.594
11.69 30.00   5.111   3.626   6.239   0.585

11.70  0.00   0.445   0.439   0.026   0.076   0.003   0.004   0.332   0.002   0.000   0.003   0.000 1016412000
11.70    4.87    60.232
11.70 30.00   1.740   4.499
11.70 30.00   6.239    70.024
11.70 30.00   5.106   3.634   6.239   0.594
11.70 30.00   5.111   3.626   6.239   0.585

11.71  0.00   0.445   0.439   0.026   0.076   0.003   0.004   0.332   0.002   0.000   0.003   0.000 1017281000
11.71    4.87    60.219
11.71 30.00   1.739   4.499
11.71 30.00   6.238    70.021
11.71 30.00   5.106   3.633   6.238   0.594
11.71 30.00   5.110   3.626   6.238   0.585

11.72  0.00   0.445   0.439   0.026   0.076   0.003   0.004   0.332   0.002   0.000   0.003   0.000 1018150000
11.72    4.87    60.206
11.72 30.00   1.739   4.499
11.72 30.00   6.237    70.017
11.72 30.00   5.105   3.633   6.237   0.594
11.72 30.00   5.109   3.625   6.237   0.585

11.73  0.00   0.445   0.439   0.026   0.076   0.003   0.004   0.332   0.002   0.000   0.003   0.000 1019018000
11.73    4.87    60.193
11.73 30.00   1.738   4.499
11.73 30.00   6.237    70.014
11.73 30.00   5.104   3.632   6.237   0.594
11.73 30.00   5.109   3.625   6.237   0.585

11.74  0.00   0.445   0.439   0.026   0.076   0.003   0.004   0.332   0.002   0.000   0.003   0.000 1019887000
11.74    4.86    60.181
11.74 30.00   1.737   4.499
11.74 30.00   6.236    70.011
11.74 30.00   5.104   3.632   6.236   0.594
11.74 30.00   5.108   3.624   6.236   0.585

11.75  0.00   0.445   0.439   0.026   0.076   0.003   0.004   0.332   0.002   0.000   0.003   0.000 1020756000
11.75    4.86    60.168
11.75 30.00   1.737   4.499
11.75 30.00   6.236    70.007
11.75 30.00   5.103   3.632   6.236   0.594
11.75 30.00   5.108   3.624   6.236   0.585

11.76  0.00   0.445   0.439   0.026   0.076   0.003   0.004   0.332   0.002   0.000   0.003   0.000 1021625000
11.76    4.86    60.155
11.76 30.00   1.736   4.499
11.76 30.00   6.235    70.004
11.76 30.00   5.103   3.631   6.235   0.593
11.76 30.00   5.107   3.624   6.235   0.585

11.77  0.00   0.445   0.438   0.026   0.076   0.003   0.004   0.332   0.002   0.000   0.003   0.000 1022494000
11.77    4.86    60.142
11.77 30.00   1.736   4.499
11.77 30.00   6.234    70.001
11.77 30.00   5.102   3.631   6.234   0.593
11.77 30.00   5.107   3.623   6.234   0.585

11.78  0.00   0.445   0.438   0.026   0.076   0.003   0.004   0.332   0.002   0.000   0.003   0.000 1023362000
11.78    4.86    60.130
11.78 30.00   1.735   4.499
11.78 30.00   6.234    69.997
11.78 30.00   5.102   3.631   6.234   0.593
11.78 30.00   5.106   3.623   6.234   0.585

11.79  0.00   0.445   0.438   0.026   0.076   0.003   0.004   0.332   0.002   0.000   0.003   0.000 1024231000
11.79    4.85    60.117
11.79 30.00   1.734   4.499
11.79 30.00   6.233    69.994
11.79 30.00   5.101   3.630   6.233   0.593
11.79 30.00   5.106   3.623   6.233   0.585

11.80  0.00   0.445   0.438   0.026   0.076   0.003   0.004   0.332   0.002   0.000   0.003   0.000 1025100000
11.80    4.85    60.104
11.80 30.00   1.734   4.499
11.80 30.00   6.232    69.991
11.80 30.00   5.101   3.630   6.232   0.593
11.80 30.00   5.105   3.622   6.232   0.585

11.81  0.00   0.445   0.438   0.026   0.076   0.003   0.004   0.332   0.002   0.000   0.003   0.000 1025968000
11.81    4.85    60.092
11.81 30.00   1.733   4.499
11.81 30.00   6.232    69.987
11.81 30.00   5.100   3.630   6.232   0.593
11.81 30.00   5.105   3.622   6.232   0.585

11.82  0.00   0.445   0.438   0.026   0.076   0.003   0.004   0.332   0.002   0.000   0.003   0.000 1026837000
11.82    4.85    60.079
11.82 30.00   1.732   4.499
11.82 30.00   6.231    69.984
11.82 30.00   5.100   3.629   6.231   0.593
11.82 30.00   5.104   3.622   6.231   0.584

11.83  0.00   0.445   0.438   0.026   0.076   0.003   0.004   0.332   0.002   0.000   0.003   0.000 1027706000
11.83    4.85    60.066
11.83 30.00   1.732   4.499
11.83 30.00   6.230    69.981
11.83 30.00   5.099   3.629   6.230   0.593
11.83 30.00   5.103   3.621   6.230   0.584

11.84  0.00   0.445   0.438   0.026   0.076   0.003   0.004   0.332   0.002   0.000   0.003   0.000 1028575000
11.84    4.85    60.054
11.84 30.00   1.731   4.499
11.84 30.00   6.230    69.978
11.84 30.00   5.098   3.629   6.230   0.593
11.84 30.00   5.103   3.621   6.230   0.584

11.85  0.00   0.445   0.438   0.026   0.076   0.003   0.004   0.332   0.002   0.000   0.003   0.000 1029443000
11.85    4.84    60.041
11.85 30.00   1.730   4.499
11.85 30.00   6.229    69.974
11.85 30.00   5.098   3.628   6.229   0.593
11.85 30.00   5.102   3.621   6.229   0.584

11.86  0.00   0.445   0.438   0.026   0.076   0.003   0.004   0.332   0.002   0.000   0.003   0.000 1030312000
11.86    4.84    60.028
11.86 30.00   1.730   4.499
11.86 30.00   6.228    69.971
11.86 30.00   5.097   3.628   6.228   0.593
11.86 30.00   5.102   3.620   6.228   0.584

11.87  0.00   0.445   0.438   0.026   0.076   0.003   0.004   0.332   0.002   0.000   0.003   0.000 1031181000
11.87    4.84    60.016
11.87 30.00   1.729   4.499
11.87 30.00   6.228    69.968
11.87 30.00   5.097   3.628   6.228   0.593
11.87 30.00   5.101   3.620   6.228   0.584

11.88  0.00   0.445   0.438   0.026   0.076   0.003   0.004   0.332   0.002   0.000   0.003   0.000 1032049000
11.88    4.84    60.003
11.88 30.00   1.728   4.499
11.88 30.00   6.227    69.965
11.88 30.00   5.096   3.627   6.227   0.593
11.88 30.00   5.101   3.620   6.227   0.584

11.89  0.00   0.445   0.438   0.026   0.076   0.003   0.004   0.332   0.002   0.000   0.003   0.000 1032918000
11.89    4.84    59.991
11.89 30.00   1.728   4.499
11.89 30.00   6.227    69.961
11.89 30.00   5.096   3.627   6.227   0.593
11.89 30.00   5.100   3.619   6.227   0.584

11.90  0.00   0.445   0.438   0.026   0.076   0.003   0.004   0.332   0.002   0.000   0.003   0.000 1033787000
11.90    4.83    59.978
11.90 30.00   1.727   4.499
11.90 30.00   6.226    69.958
11.90 30.00   5.095   3.627   6.226   0.593
11.90 30.00   5.100   3.619   6.226   0.584

11.91  0.00   0.445   0.438   0.026   0.076   0.003   0.004   0.332   0.002   0.000   0.003   0.000 1034656000
11.91    4.83    59.965
11.91 30.00   1.727   4.499
11.91 30.00   6.225    69.955
11.91 30.00   5.095   3.626   6.225   0.593
11.91 30.00   5.099   3.619   6.225   0.584

11.92  0.00   0.445   0.438   0.026   0.076   0.003   0.004   0.332   0.002   0.000   0.003   0.000 1035524000
11.92    4.83    59.953
11.92 30.00   1.726   4.499
11.92 30.00   6.225    69.952
11.92 30.00   5.094   3.626   6.225   0.593
11.92 30.00   5.099   3.618   6.225   0.584

11.93  0.00   0.445   0.438   0.026   0.076   0.003   0.004   0.332   0.002   0.000   0.003   0.000 1036393000
11.93    4.83    59.940
11.93 30.00   1.725   4.499
11.93 30.00   6.224    69.948
11.93 30.00   5.094   3.626   6.224   0.593
11.93 30.00   5.098   3.618   6.224   0.584

11.94  0.00   0.445   0.438   0.026   0.076   0.003   0.004   0.332   0.002   0.000   0.003   0.000 1037262000
11.94    4.83    59.928
11.94 30.00   1.725   4.499
11.94 30.00   6.223    69.945
11.94 30.00   5.093   3.625   6.223   0.593
11.94 30.00   5.098   3.618   6.223   0.584

11.95  0.00   0.445   0.438   0.026   0.076   0.002   0.004   0.332   0.002   0.000   0.003   0.000 1038131000
11.95    4.83    59.915
11.95 30.00   1.724   4.499
11.95 30.00   6.223    69.942
11.95 30.00   5.093   3.625   6.223   0.593
11.95 30.00   5.097   3.617   6.223   0.584

11.96  0.00   0.445   0.438   0.026   0.076   0.002   0.004   0.332   0.002   0.000   0.003   0.000 1038999000
11.96    4.82    59.903
11.96 30.00   1.723   4.499
11.96 30.00   6.222    69.939
11.96 30.00   5.092   3.624   6.222   0.593
11.96 30.00   5.096   3.617   6.222   0.584

11.97  0.00   0.445   0.438   0.026   0.076   0.002   0.004   0.332   0.002   0.000   0.003   0.000 1039868000
11.97    4.82    59.890
11.97 30.00   1.723   4.499
11.97 30.00   6.221    69.935
11.97 30.00   5.092   3.624   6.221   0.593
11.97 30.00   5.096   3.617   6.221   0.584

11.98  0.00   0.445   0.438   0.026   0.076   0.002   0.004   0.332   0.002   0.000   0.003   0.000 1040737000
11.98    4.82    59.878
11.98 30.00   1.722   4.499
11.98 30.00   6.221    69.932
11.98 30.00   5.091   3.624   6.221   0.593
11.98 30.00   5.095   3.616   6.221   0.584

11.99  0.00   0.445   0.438   0.026   0.076   0.002   0.004   0.332   0.002   0.000   0.003   0.000 1041606000
11.99    4.82    59.865
11.99 30.00   1.722   4.499
11.99 30.00   6.220    69.929
11.99 30.00   5.090   3.623   6.220   0.593
11.99 30.00   5.095   3.616   6.220   0.584

12.00  0.00   0.445   0.438   0.026   0.076   0.002   0.004   0.332   0.002   0.000   0.003   0.000 1042474000
12.00    4.82    59.853
12.00 30.00   1.721   4.499
12.00 30.00   6.220    69.926
12.00 30.00   5.090   3.623   6.220   0.593
12.00 30.00   5.094   3.615   6.220   0.584

12.01  0.00   0.445   0.438   0.026   0.076   0.002   0.004   0.332   0.002   0.000   0.003   0.000 1043343000
12.01    4.82    59.840
12.01 30.00   1.720   4.499
12.01 30.00   6.219    69.923
12.01 30.00   5.089   3.623   6.219   0.593
12.01 30.00   5.094   3.615   6.219   0.584

12.02  0.00   0.445   0.438   0.026   0.076   0.002   0.004   0.332   0.002   0.000   0.003   0.000 1044212000
12.02    4.81    59.828
12.02 30.00   1.720   4.499
12.02 30.00   6.218    69.919
12.02 30.00   5.089   3.622   6.218   0.593
12.02 30.00   5.093   3.615   6.218   0.584

12.03  0.00   0.445   0.438   0.026   0.076   0.002   0.004   0.332   0.002   0.000   0.003   0.000 1045080000
12.03    4.81    59.816
12.03 30.00   1.719   4.499
12.03 30.00   6.218    69.916
12.03 30.00   5.088   3.622   6.218   0.593
12.03 30.00   5.093   3.614   6.218   0.584

12.04  0.00   0.444   0.438   0.026   0.076   0.002   0.004   0.332   0.002   0.000   0.003   0.000 1045949000
12.04    4.81    59.803
12.04 30.00   1.718   4.499
12.04 30.00   6.217    69.913
12.04 30.00   5.088   3.622   6.217   0.593
12.04 30.00   5.092   3.614   6.217   0.584

12.05  0.00   0.444   0.438   0.026   0.076   0.002   0.004   0.332   0.002   0.000   0.003   0.000 1046818000
12.05    4.81    59.791
12.05 30.00   1.718   4.499
12.05 30.00   6.216    69.910
12.05 30.00   5.087   3.621   6.216   0.593
12.05 30.00   5.092   3.614   6.216   0.584

12.06  0.00   0.444   0.438   0.026   0.076   0.002   0.004   0.332   0.002   0.000   0.003   0.000 1047687000
12.06    4.81    59.778
12.06 30.00   1.717   4.499
12.06 30.00   6.216    69.907
12.06 30.00   5.087   3.621   6.216   0.593
12.06 30.00   5.091   3.613   6.216   0.584

12.07  0.00   0.444   0.438   0.026   0.076   0.002   0.004   0.332   0.002   0.000   0.003   0.000 1048555000
12.07    4.80    59.766
12.07 30.00   1.717   4.499
12.07 30.00   6.215    69.904
12.07 30.00   5.086   3.621   6.215   0.593
12.07 30.00   5.091   3.613   6.215   0.584

12.08  0.00   0.444   0.438   0.026   0.076   0.002   0.004   0.332   0.002   0.000   0.003   0.000 1049424000
12.08    4.80    59.754
12.08 30.00   1.716   4.499
12.08 30.00   6.215    69.900
12.08 30.00   5.086   3.620   6.215   0.593
12.08 30.00   5.090   3.613   6.215   0.584

12.09  0.00   0.444   0.438   0.026   0.076   0.002   0.004   0.332   0.002   0.000   0.003   0.000 1050293000
12.09    4.80    59.741
12.09 30.00   1.715   4.499
12.09 30.00   6.214    69.897
12.09 30.00   5.085   3.620   6.214   0.592
12.09 30.00   5.090   3.612   6.214   0.584

12.10  0.00   0.444   0.438   0.026   0.075   0.002   0.004   0.332   0.002   0.000   0.003   0.000 1051162000
12.10    4.80    59.729
12.10 30.00   1.715   4.499
12.10 30.00   6.213    69.894
12.10 30.00   5.085   3.620   6.213   0.592
12.10 30.00   5.089   3.612   6.213   0.584

12.11  0.00   0.444   0.438   0.026   0.075   0.002   0.004   0.331   0.002   0.000   0.003   0.000 1052030000
12.11    4.80    59.717
12.11 30.00   1.714   4.499
12.11 30.00   6.213    69.891
12.11 30.00   5.084   3.619   6.213   0.592
12.11 30.00   5.089   3.612   6.213   0.584

12.12  0.00   0.444   0.438   0.026   0.075   0.002   0.004   0.331   0.002   0.000   0.003   0.000 1052899000
12.12    4.80    59.704
12.12 30.00   1.713   4.499
12.12 30.00   6.212    69.888
12.12 30.00   5.084   3.619   6.212   0.592
12.12 30.00   5.088   3.611   6.212   0.584

12.13  0.00   0.444   0.438   0.026   0.075   0.002   0.004   0.331   0.002   0.000   0.003   0.000 1053768000
12.13    4.79    59.692
12.13 30.00   1.713   4.499
12.13 30.00   6.212    69.885
12.13 30.00   5.083   3.619   6.212   0.592
12.13 30.00   5.088   3.611   6.212   0.584

12.14  0.00   0.444   0.438   0.026   0.075   0.002   0.004   0.331   0.002   0.000   0.003   0.000 1054636000
12.14    4.79    59.680
12.14 30.00   1.712   4.499
12.14 30.00   6.211    69.882
12.14 30.00   5.083   3.618   6.211   0.592
12.14 30.00   5.087   3.611   6.211   0.584

12.15  0.00   0.444   0.438   0.026   0.075   0.002   0.004   0.331   0.002   0.000   0.003   0.000 1055505000
12.15    4.79    59.667
12.15 30.00   1.712   4.499
12.15 30.00   6.210    69.878
12.15 30.00   5.082   3.618   6.210   0.592
12.15 30.00   5.087   3.610   6.210   0.583

12.16  0.00   0.444   0.438   0.026   0.075   0.002   0.004   0.331   0.002   0.000   0.003   0.000 1056374000
12.16    4.79    59.655
12.16 30.00   1.711   4.499
12.16 30.00   6.210    69.875
12.16 30.00   5.082   3.618   6.210   0.592
12.16 30.00   5.086   3.610   6.210   0.583

12.17  0.00   0.444   0.438   0.026   0.075   0.002   0.004   0.331   0.002   0.000   0.003   0.000 1057243000
12.17    4.79    59.643
12.17 30.00   1.710   4.499
12.17 30.00   6.209    69.872
12.17 30.00   5.081   3.617   6.209   0.592
12.17 30.00   5.086   3.610   6.209   0.583

12.18  0.00   0.444   0.438   0.026   0.075   0.002   0.004   0.331   0.002   0.000   0.003   0.000 1058111000
12.18    4.79    59.631
12.18 30.00   1.710   4.499
12.18 30.00   6.208    69.869
12.18 30.00   5.081   3.617   6.208   0.592
12.18 30.00   5.085   3.609   6.208   0.583

12.19  0.00   0.444   0.438   0.026   0.075   0.002   0.004   0.331   0.002   0.000   0.003   0.000 1058980000
12.19    4.78    59.618
12.19 30.00   1.709   4.499
12.19 30.00   6.208    69.866
12.19 30.00   5.080   3.617   6.208   0.592
12.19 30.00   5.084   3.609   6.208   0.583

12.20  0.00   0.444   0.438   0.026   0.075   0.002   0.004   0.331   0.002   0.000   0.003   0.000 1059849000
12.20    4.78    59.606
12.20 30.00   1.709   4.499
12.20 30.00   6.207    69.863
12.20 30.00   5.080   3.616   6.207   0.592
12.20 30.00   5.084   3.609   6.207   0.583

12.21  0.00   0.444   0.437   0.026   0.075   0.002   0.004   0.331   0.002   0.000   0.003   0.000 1060718000
12.21    4.78    59.594
12.21 30.00   1.708   4.499
12.21 30.00   6.207    69.860
12.21 30.00   5.079   3.616   6.207   0.592
12.21 30.00   5.083   3.608   6.207   0.583

12.22  0.00   0.444   0.437   0.026   0.075   0.002   0.004   0.331   0.002   0.000   0.003   0.000 1061586000
12.22    4.78    59.582
12.22 30.00   1.707   4.499
12.22 30.00   6.206    69.857
12.22 30.00   5.079   3.616   6.206   0.592
12.22 30.00   5.083   3.608   6.206   0.583

12.23  0.00   0.444   0.437   0.026   0.075   0.002   0.004   0.331   0.002   0.000   0.003   0.000 1062455000
12.23    4.78    59.570
12.23 30.00   1.707   4.499
12.23 30.00   6.205    69.854
12.23 30.00   5.078   3.615   6.205   0.592
12.23 30.00   5.082   3.608   6.205   0.583

12.24  0.00   0.444   0.437   0.026   0.075   0.002   0.004   0.331   0.002   0.000   0.003   0.000 1063324000
12.24    4.77    59.557
12.24 30.00   1.706   4.499
12.24 30.00   6.205    69.851
12.24 30.00   5.078   3.615   6.205   0.592
12.24 30.00   5.082   3.608   6.205   0.583

12.25  0.00   0.444   0.437   0.026   0.075   0.002   0.004   0.331   0.002   0.000   0.003   0.000 1064192000
12.25    4.77    59.545
12.25 30.00   1.706   4.499
12.25 30.00   6.204    69.847
12.25 30.00   5.077   3.615   6.204   0.592
12.25 30.00   5.081   3.607   6.204   0.583

12.26  0.00   0.444   0.437   0.026   0.075   0.002   0.004   0.331   0.002   0.000   0.003   0.000 1065061000
12.26    4.77    59.533
12.26 30.00   1.705   4.499
12.26 30.00   6.204    69.844
12.26 30.00   5.077   3.615   6.204   0.592
12.26 30.00   5.081   3.607   6.204   0.583

12.27  0.00   0.444   0.437   0.026   0.075   0.002   0.004   0.331   0.002   0.000   0.003   0.000 1065930000
12.27    4.77    59.521
12.27 30.00   1.704   4.499
12.27 30.00   6.203    69.841
12.27 30.00   5.076   3.614   6.203   0.592
12.27 30.00   5.080   3.607   6.203   0.583

12.28  0.00   0.444   0.437   0.026   0.075   0.002   0.004   0.331   0.002   0.000   0.003   0.000 1066799000
12.28    4.77    59.509
12.28 30.00   1.704   4.499
12.28 30.00   6.202    69.838
12.28 30.00   5.076   3.614   6.202   0.592
12.28 30.00   5.080   3.606   6.202   0.583

12.29  0.00   0.444   0.437   0.026   0.075   0.002   0.004   0.331   0.002   0.000   0.003   0.000 1067667000
12.29    4.77    59.497
12.29 30.00   1.703   4.499
12.29 30.00   6.202    69.835
12.29 30.00   5.075   3.614   6.202   0.592
12.29 30.00   5.079   3.606   6.202   0.583

12.30  0.00   0.444   0.437   0.026   0.075   0.002   0.004   0.331   0.002   0.000   0.003   0.000 1068536000
12.30    4.76    59.485
12.30 30.00   1.703   4.499
12.30 30.00   6.201    69.832
12.30 30.00   5.075   3.613   6.201   0.592
12.30 30.00   5.079   3.606   6.201   0.583

12.31  0.00   0.444   0.437   0.026   0.075   0.002   0.004   0.331   0.002   0.000   0.003   0.000 1069405000
12.31    4.76    59.472
12.31 30.00   1.702   4.499
12.31 30.00   6.201    69.829
12.31 30.00   5.074   3.613   6.201   0.592
12.31 30.00   5.078   3.605   6.201   0.583

12.32  0.00   0.444   0.437   0.026   0.075   0.002   0.004   0.331   0.002   0.000   0.003   0.000 1070274000
12.32    4.76    59.460
12.32 30.00   1.701   4.499
12.32 30.00   6.200    69.826
12.32 30.00   5.073   3.613   6.200   0.592
12.32 30.00   5.078   3.605   6.200   0.583

12.33  0.00   0.444   0.437   0.026   0.075   0.002   0.004   0.331   0.002   0.000   0.003   0.000 1071142000
12.33    4.76    59.448
12.33 30.00   1.701   4.499
12.33 30.00   6.199    69.823
12.33 30.00   5.073   3.612   6.199   0.592
12.33 30.00   5.077   3.605   6.199   0.583

12.34  0.00   0.444   0.437   0.026   0.075   0.002   0.004   0.331   0.002   0.000   0.003   0.000 1072011000
12.34    4.76    59.436
12.34 30.00   1.700   4.499
12.34 30.00   6.199    69.820
12.34 30.00   5.072   3.612   6.199   0.592
12.34 30.00   5.077   3.604   6.199   0.583

12.35  0.00   0.444   0.437   0.026   0.075   0.002   0.004   0.331   0.002   0.000   0.003   0.000 1072880000
12.35    4.76    59.424
12.35 30.00   1.700   4.499
12.35 30.00   6.198    69.817
12.35 30.00   5.072   3.612   6.198   0.592
12.35 30.00   5.076   3.604   6.198   0.583

12.36  0.00   0.444   0.437   0.026   0.075   0.002   0.004   0.331   0.002   0.000   0.003   0.000 1073748000
12.36    4.75    59.412
12.36 30.00   1.699   4.499
12.36 30.00   6.198    69.814
12.36 30.00   5.071   3.611   6.198   0.592
12.36 30.00   5.076   3.604   6.198   0.583

12.37  0.00   0.444   0.437   0.026   0.075   0.002   0.004   0.331   0.002   0.000   0.003   0.000 1074617000
12.37    4.75    59.400
12.37 30.00   1.698   4.499
12.37 30.00   6.197    69.811
12.37 30.00   5.071   3.611   6.197   0.592
12.37 30.00   5.075   3.603   6.197   0.583

12.38  0.00   0.444   0.437   0.026   0.075   0.002   0.004   0.331   0.002   0.000   0.003   0.000 1075486000
12.38    4.75    59.388
12.38 30.00   1.698   4.499
12.38 30.00   6.196    69.808
12.38 30.00   5.071   3.611   6.196   0.592
12.38 30.00   5.075   3.603   6.196   0.583

12.39  0.00   0.444   0.437   0.026   0.075   0.002   0.004   0.331   0.002   0.000   0.003   0.000 1076355000
12.39    4.75    59.376
12.39 30.00   1.697   4.499
12.39 30.00   6.196    69.805
12.39 30.00   5.070   3.610   6.196   0.592
12.39 30.00   5.074   3.603   6.196   0.583

12.40  0.00   0.444   0.437   0.026   0.075   0.002   0.004   0.331   0.002   0.000   0.003   0.000 1077223000
12.40    4.75    59.364
12.40 30.00   1.697   4.499
12.40 30.00   6.195    69.802
12.40 30.00   5.070   3.610   6.195   0.592
12.40 30.00   5.074   3.602   6.195   0.583

12.41  0.00   0.444   0.437   0.026   0.075   0.002   0.004   0.331   0.002   0.000   0.003   0.000 1078092000
12.41    4.75    59.352
12.41 30.00   1.696   4.499
12.41 30.00   6.195    69.799
12.41 30.00   5.069   3.610   6.195   0.592
12.41 30.00   5.073   3.602   6.195   0.583

12.42  0.00   0.444   0.437   0.026   0.075   0.002   0.004   0.331   0.002   0.000   0.003   0.000 1078961000
12.42    4.74    59.340
12.42 30.00   1.695   4.499
12.42 30.00   6.194    69.796
12.42 30.00   5.069   3.609   6.194   0.592
12.42 30.00   5.073   3.602   6.194   0.583

12.43  0.00   0.444   0.437   0.026   0.075   0.002   0.004   0.331   0.002   0.000   0.003   0.000 1079830000
12.43    4.74    59.328
12.43 30.00   1.695   4.499
12.43 30.00   6.194    69.793
12.43 30.00   5.068   3.609   6.194   0.592
12.43 30.00   5.072   3.601   6.194   0.583

12.44  0.00   0.444   0.437   0.026   0.075   0.002   0.004   0.331   0.002   0.000   0.003   0.000 1080698000
12.44    4.74    59.316
12.44 30.00   1.694   4.499
12.44 30.00   6.193    69.790
12.44 30.00   5.068   3.609   6.193   0.591
12.44 30.00   5.072   3.601   6.193   0.583

12.45  0.00   0.444   0.437   0.026   0.075   0.002   0.004   0.331   0.002   0.000   0.003   0.000 1081567000
12.45    4.74    59.304
12.45 30.00   1.694   4.499
12.45 30.00   6.192    69.787
12.45 30.00   5.067   3.608   6.192   0.591
12.45 30.00   5.071   3.601   6.192   0.583

12.46  0.00   0.444   0.437   0.026   0.075   0.002   0.004   0.331   0.002   0.000   0.003   0.000 1082436000
12.46    4.74    59.292
12.46 30.00   1.693   4.499
12.46 30.00   6.192    69.784
12.46 30.00   5.067   3.608   6.192   0.591
12.46 30.00   5.071   3.600   6.192   0.583

12.47  0.00   0.444   0.437   0.026   0.075   0.002   0.004   0.331   0.002   0.000   0.003   0.000 1083304000
12.47    4.74    59.280
12.47 30.00   1.693   4.499
12.47 30.00   6.191    69.781
12.47 30.00   5.066   3.608   6.191   0.591
12.47 30.00   5.070   3.600   6.191   0.583

12.48  0.00   0.444   0.437   0.026   0.075   0.002   0.004   0.331   0.002   0.000   0.003   0.000 1084173000
12.48    4.73    59.269
12.48 30.00   1.692   4.499
12.48 30.00   6.191    69.778
12.48 30.00   5.066   3.607   6.191   0.591
12.48 30.00   5.070   3.600   6.191   0.583

12.49  0.00   0.444   0.437   0.026   0.075   0.002   0.004   0.331   0.002   0.000   0.003   0.000 1085042000
12.49    4.73    59.257
12.49 30.00   1.691   4.499
12.49 30.00   6.190    69.775
12.49 30.00   5.065   3.607   6.190   0.591
12.49 30.00   5.069   3.599   6.190   0.583

12.50  0.00   0.443   0.437   0.026   0.075   0.002   0.004   0.331   0.002   0.000   0.003   0.000 1085911000
12.50    4.73    59.245
12.50 30.00   1.691   4.499
12.50 30.00   6.189    69.772
12.50 30.00   5.065   3.607   6.189   0.591
12.50 30.00   5.069   3.599   6.189   0.582

12.51  0.00   0.443   0.437   0.026   0.075   0.002   0.004   0.331   0.002   0.000   0.003   0.000 1086779000
12.51    4.73    59.233
12.51 30.00   1.690   4.499
12.51 30.00   6.189    69.769
12.51 30.00   5.064   3.607   6.189   0.591
12.51 30.00   5.069   3.599   6.189   0.582

12.52  0.00   0.443   0.437   0.026   0.075   0.002   0.004   0.331   0.002   0.000   0.003   0.000 1087648000
12.52    4.73    59.221
12.52 30.00   1.690   4.499
12.52 30.00   6.188    69.766
12.52 30.00   5.064   3.606   6.188   0.591
12.52 30.00   5.068   3.599   6.188   0.582

12.53  0.00   0.443   0.437   0.026   0.075   0.002   0.004   0.331   0.002   0.000   0.003   0.000 1088517000
12.53    4.73    59.209
12.53 30.00   1.689   4.499
12.53 30.00   6.188    69.763
12.53 30.00   5.063   3.606   6.188   0.591
12.53 30.00   5.068   3.598   6.188   0.582

12.54  0.00   0.443   0.437   0.026   0.075   0.002   0.004   0.331   0.002   0.000   0.003   0.000 1089386000
12.54    4.72    59.197
12.54 30.00   1.688   4.499
12.54 30.00   6.187    69.760
12.54 30.00   5.063   3.606   6.187   0.591
12.54 30.00   5.067   3.598   6.187   0.582

12.55  0.00   0.443   0.437   0.026   0.075   0.002   0.004   0.331   0.002   0.000   0.003   0.000 1090254000
12.55    4.72    59.185
12.55 30.00   1.688   4.499
12.55 30.00   6.187    69.757
12.55 30.00   5.062   3.605   6.187   0.591
12.55 30.00   5.067   3.598   6.187   0.582

12.56  0.00   0.443   0.437   0.026   0.075   0.002   0.004   0.331   0.002   0.000   0.003   0.000 1091123000
12.56    4.72    59.174
12.56 30.00   1.687   4.499
12.56 30.00   6.186    69.754
12.56 30.00   5.062   3.605   6.186   0.591
12.56 30.00   5.066   3.597   6.186   0.582

12.57  0.00   0.443   0.437   0.026   0.075   0.002   0.004   0.331   0.002   0.000   0.003   0.000 1091992000
12.57    4.72    59.162
12.57 30.00   1.687   4.499
12.57 30.00   6.185    69.751
12.57 30.00   5.061   3.605   6.185   0.591
12.57 30.00   5.066   3.597   6.185   0.582

12.58  0.00   0.443   0.437   0.026   0.075   0.002   0.004   0.331   0.002   0.000   0.003   0.000 1092860000
12.58    4.72    59.150
12.58 30.00   1.686   4.499
12.58 30.00   6.185    69.748
12.58 30.00   5.061   3.604   6.185   0.591
12.58 30.00   5.065   3.597   6.185   0.582

12.59  0.00   0.443   0.437   0.026   0.075   0.002   0.004   0.331   0.002   0.000   0.003   0.000 1093729000
12.59    4.72    59.138
12.59 30.00   1.686   4.499
12.59 30.00   6.184    69.745
12.59 30.00   5.060   3.604   6.184   0.591
12.59 30.00   5.065   3.596   6.184   0.582

12.60  0.00   0.443   0.437   0.026   0.075   0.002   0.004   0.331   0.002   0.000   0.003   0.000 1094598000
12.60    4.71    59.126
12.60 30.00   1.685   4.499
12.60 30.00   6.184    69.743
12.60 30.00   5.060   3.604   6.184   0.591
12.60 30.00   5.064   3.596   6.184   0.582

12.61  0.00   0.443   0.437   0.026   0.075   0.002   0.004   0.331   0.002   0.000   0.003   0.000 1095467000
12.61    4.71    59.115
12.61 30.00   1.684   4.499
12.61 30.00   6.183    69.740
12.61 30.00   5.059   3.603   6.183   0.591
12.61 30.00   5.064   3.596   6.183   0.582

12.62  0.00   0.443   0.437   0.026   0.075   0.002   0.004   0.331   0.002   0.000   0.003   0.000 1096335000
12.62    4.71    59.103
12.62 30.00   1.684   4.499
12.62 30.00   6.183    69.737
12.62 30.00   5.059   3.603   6.183   0.591
12.62 30.00   5.063   3.595   6.183   0.582

12.63  0.00   0.443   0.437   0.026   0.075   0.002   0.004   0.331   0.002   0.000   0.003   0.000 1097204000
12.63    4.71    59.091
12.63 30.00   1.683   4.499
12.63 30.00   6.182    69.734
12.63 30.00   5.058   3.603   6.182   0.591
12.63 30.00   5.063   3.595   6.182   0.582

12.64  0.00   0.443   0.437   0.026   0.075   0.002   0.004   0.331   0.002   0.000   0.003   0.000 1098073000
12.64    4.71    59.079
12.64 30.00   1.683   4.499
12.64 30.00   6.181    69.731
12.64 30.00   5.058   3.602   6.181   0.591
12.64 30.00   5.062   3.595   6.181   0.582

12.65  0.00   0.443   0.437   0.026   0.075   0.002   0.004   0.331   0.002   0.000   0.003   0.000 1098942000
12.65    4.71    59.068
12.65 30.00   1.682   4.499
12.65 30.00   6.181    69.728
12.65 30.00   5.057   3.602   6.181   0.591
12.65 30.00   5.062   3.595   6.181   0.582

12.66  0.00   0.443   0.437   0.026   0.075   0.002   0.004   0.331   0.002   0.000   0.003   0.000 1099810000
12.66    4.70    59.056
12.66 30.00   1.682   4.499
12.66 30.00   6.180    69.725
12.66 30.00   5.057   3.602   6.180   0.591
12.66 30.00   5.061   3.594   6.180   0.582

12.67  0.00   0.443   0.437   0.026   0.075   0.002   0.004   0.331   0.002   0.000   0.003   0.000 1100679000
12.67    4.70    59.044
12.67 30.00   1.681   4.499
12.67 30.00   6.180    69.722
12.67 30.00   5.056   3.602   6.180   0.591
12.67 30.00   5.061   3.594   6.180   0.582

12.68  0.00   0.443   0.436   0.026   0.075   0.002   0.004   0.331   0.002   0.000   0.003   0.000 1101548000
12.68    4.70    59.033
12.68 30.00   1.680   4.499
12.68 30.00   6.179    69.719
12.68 30.00   5.056   3.601   6.179   0.591
12.68 30.00   5.060   3.594   6.179   0.582

12.69  0.00   0.443   0.436   0.026   0.075   0.002   0.004   0.331   0.002   0.000   0.003   0.000 1102417000
12.69    4.70    59.021
12.69 30.00   1.680   4.499
12.69 30.00   6.179    69.716
12.69 30.00   5.055   3.601   6.179   0.591
12.69 30.00   5.060   3.593   6.179   0.582

12.70  0.00   0.443   0.436   0.026   0.075   0.002   0.004   0.331   0.002   0.000   0.003   0.000 1103285000
12.70    4.70    59.009
12.70 30.00   1.679   4.499
12.70 30.00   6.178    69.714
12.70 30.00   5.055   3.601   6.178   0.591
12.70 30.00   5.059   3.593   6.178   0.582

12.71  0.00   0.443   0.436   0.026   0.075   0.002   0.004   0.331   0.002   0.000   0.003   0.000 1104154000
12.71    4.70    58.998
12.71 30.00   1.679   4.499
12.71 30.00   6.177    69.711
12.71 30.00   5.054   3.600   6.177   0.591
12.71 30.00   5.059   3.593   6.177   0.582

12.72  0.00   0.443   0.436   0.026   0.075   0.002   0.004   0.331   0.002   0.000   0.003   0.000 1105023000
12.72    4.70    58.986
12.72 30.00   1.678   4.499
12.72 30.00   6.177    69.708
12.72 30.00   5.054   3.600   6.177   0.591
12.72 30.00   5.058   3.592   6.177   0.582

12.73  0.00   0.443   0.436   0.026   0.075   0.002   0.004   0.331   0.002   0.000   0.003   0.000 1105891000
12.73    4.69    58.974
12.73 30.00   1.678   4.499
12.73 30.00   6.176    69.705
12.73 30.00   5.054   3.600   6.176   0.591
12.73 30.00   5.058   3.592   6.176   0.582

12.74  0.00   0.443   0.436   0.026   0.075   0.002   0.004   0.331   0.002   0.000   0.003   0.000 1106760000
12.74    4.69    58.963
12.74 30.00   1.677   4.499
12.74 30.00   6.176    69.702
12.74 30.00   5.053   3.599   6.176   0.591
12.74 30.00   5.057   3.592   6.176   0.582

12.75  0.00   0.443   0.436   0.026   0.075   0.002   0.004   0.331   0.002   0.000   0.003   0.000 1107629000
12.75    4.69    58.951
12.75 30.00   1.677   4.499
12.75 30.00   6.175    69.699
12.75 30.00   5.053   3.599   6.175   0.591
12.75 30.00   5.057   3.591   6.175   0.582

12.76  0.00   0.443   0.436   0.026   0.075   0.002   0.004   0.331   0.002   0.000   0.003   0.000 1108498000
12.76    4.69    58.940
12.76 30.00   1.676   4.499
12.76 30.00   6.175    69.696
12.76 30.00   5.052   3.599   6.175   0.591
12.76 30.00   5.057   3.591   6.175   0.582

12.77  0.00   0.443   0.436   0.026   0.075   0.002   0.004   0.331   0.002   0.000   0.003   0.000 1109366000
12.77    4.69    58.928
12.77 30.00   1.675   4.499
12.77 30.00   6.174    69.693
12.77 30.00   5.052   3.599   6.174   0.591
12.77 30.00   5.056   3.591   6.174   0.582

12.78  0.00   0.443   0.436   0.026   0.075   0.002   0.004   0.331   0.002   0.000   0.003   0.000 1110235000
12.78    4.69    58.916
12.78 30.00   1.675   4.499
12.78 30.00   6.174    69.691
12.78 30.00   5.051   3.598   6.174   0.591
12.78 30.00   5.056   3.591   6.174   0.582

12.79  0.00   0.443   0.436   0.026   0.075   0.002   0.004   0.331   0.002   0.000   0.003   0.000 1111104000
12.79    4.68    58.905
12.79 30.00   1.674   4.499
12.79 30.00   6.173    69.688
12.79 30.00   5.051   3.598   6.173   0.591
12.79 30.00   5.055   3.590   6.173   0.582

12.80  0.00   0.443   0.436   0.026   0.075   0.002   0.004   0.331   0.002   0.000   0.003   0.000 1111972000
12.80    4.68    58.893
12.80 30.00   1.674   4.499
12.80 30.00   6.172    69.685
12.80 30.00   5.050   3.598   6.172   0.590
12.80 30.00   5.055   3.590   6.172   0.582

12.81  0.00   0.443   0.436   0.026   0.075   0.002   0.004   0.331   0.002   0.000   0.003   0.000 1112841000
12.81    4.68    58.882
12.81 30.00   1.673   4.499
12.81 30.00   6.172    69.682
12.81 30.00   5.050   3.597   6.172   0.590
12.81 30.00   5.054   3.590   6.172   0.582

12.82  0.00   0.443   0.436   0.026   0.075   0.002   0.004   0.331   0.002   0.000   0.003   0.000 1113710000
12.82    4.68    58.870
12.82 30.00   1.673   4.499
12.82 30.00   6.171    69.679
12.82 30.00   5.049   3.597   6.171   0.590
12.82 30.00   5.054   3.589   6.171   0.582

12.83  0.00   0.443   0.436   0.026   0.075   0.002   0.004   0.331   0.002   0.000   0.003   0.000 1114579000
12.83    4.68    58.859
12.83 30.00   1.672   4.499
12.83 30.00   6.171    69.676
12.83 30.00   5.049   3.597   6.171   0.590
12.83 30.00   5.053   3.589   6.171   0.582

12.84  0.00   0.443   0.436   0.026   0.075   0.002   0.004   0.331   0.002   0.000   0.003   0.000 1115447000
12.84    4.68    58.847
12.84 30.00   1.672   4.499
12.84 30.00   6.170    69.674
12.84 30.00   5.048   3.596   6.170   0.590
12.84 30.00   5.053   3.589   6.170   0.582

12.85  0.00   0.443   0.436   0.026   0.075   0.002   0.004   0.331   0.002   0.000   0.003   0.000 1116316000
12.85    4.67    58.836
12.85 30.00   1.671   4.499
12.85 30.00   6.170    69.671
12.85 30.00   5.048   3.596   6.170   0.590
12.85 30.00   5.052   3.588   6.170   0.582

12.86  0.00   0.443   0.436   0.026   0.075   0.002   0.004   0.331   0.002   0.000   0.003   0.000 1117185000
12.86    4.67    58.824
12.86 30.00   1.670   4.499
12.86 30.00   6.169    69.668
12.86 30.00   5.047   3.596   6.169   0.590
12.86 30.00   5.052   3.588   6.169   0.582

12.87  0.00   0.443   0.436   0.026   0.075   0.002   0.004   0.331   0.002   0.000   0.003   0.000 1118054000
12.87    4.67    58.813
12.87 30.00   1.670   4.499
12.87 30.00   6.169    69.665
12.87 30.00   5.047   3.596   6.169   0.590
12.87 30.00   5.051   3.588   6.169   0.581

12.88  0.00   0.443   0.436   0.026   0.075   0.002   0.004   0.331   0.002   0.000   0.003   0.000 1118922000
12.88    4.67    58.801
12.88 30.00   1.669   4.499
12.88 30.00   6.168    69.662
12.88 30.00   5.047   3.595   6.168   0.590
12.88 30.00   5.051   3.588   6.168   0.581

12.89  0.00   0.443   0.436   0.026   0.075   0.002   0.004   0.331   0.002   0.000   0.003   0.000 1119791000
12.89    4.67    58.790
12.89 30.00   1.669   4.499
12.89 30.00   6.167    69.660
12.89 30.00   5.046   3.595   6.167   0.590
12.89 30.00   5.050   3.587   6.167   0.581

12.90  0.00   0.443   0.436   0.026   0.075   0.002   0.004   0.331   0.002   0.000   0.003   0.000 1120660000
12.90    4.67    58.778
12.90 30.00   1.668   4.499
12.90 30.00   6.167    69.657
12.90 30.00   5.046   3.595   6.167   0.590
12.90 30.00   5.050   3.587   6.167   0.581

12.91  0.00   0.443   0.436   0.026   0.075   0.002   0.004   0.331   0.002   0.000   0.003   0.000 1121528000
12.91    4.67    58.767
12.91 30.00   1.668   4.499
12.91 30.00   6.166    69.654
12.91 30.00   5.045   3.594   6.166   0.590
12.91 30.00   5.050   3.587   6.166   0.581

12.92  0.00   0.443   0.436   0.026   0.075   0.002   0.004   0.331   0.002   0.000   0.003   0.000 1122397000
12.92    4.66    58.755
12.92 30.00   1.667   4.499
12.92 30.00   6.166    69.651
12.92 30.00   5.045   3.594   6.166   0.590
12.92 30.00   5.049   3.586   6.166   0.581

12.93  0.00   0.443   0.436   0.026   0.075   0.002   0.004   0.331   0.002   0.000   0.003   0.000 1123266000
12.93    4.66    58.744
12.93 30.00   1.667   4.499
12.93 30.00   6.165    69.648
12.93 30.00   5.044   3.594   6.165   0.590
12.93 30.00   5.049   3.586   6.165   0.581

12.94  0.00   0.443   0.436   0.026   0.075   0.002   0.004   0.331   0.002   0.000   0.003   0.000 1124135000
12.94    4.66    58.733
12.94 30.00   1.666   4.499
12.94 30.00   6.165    69.646
12.94 30.00   5.044   3.593   6.165   0.590
12.94 30.00   5.048   3.586   6.165   0.581

12.95  0.00   0.443   0.436   0.026   0.075   0.002   0.004   0.331   0.002   0.000   0.003   0.000 1125003000
12.95    4.66    58.721
12.95 30.00   1.666   4.499
12.95 30.00   6.164    69.643
12.95 30.00   5.043   3.593   6.164   0.590
12.95 30.00   5.048   3.586   6.164   0.581

12.96  0.00   0.443   0.436   0.026   0.075   0.002   0.004   0.331   0.002   0.000   0.003   0.000 1125872000
12.96    4.66    58.710
12.96 30.00   1.665   4.499
12.96 30.00   6.164    69.640
12.96 30.00   5.043   3.593   6.164   0.590
12.96 30.00   5.047   3.585   6.164   0.581

12.97  0.00   0.443   0.436   0.026   0.075   0.002   0.004   0.331   0.002   0.000   0.003   0.000 1126741000
12.97    4.66    58.699
12.97 30.00   1.664   4.499
12.97 30.00   6.163    69.637
12.97 30.00   5.042   3.593   6.163   0.590
12.97 30.00   5.047   3.585   6.163   0.581

12.98  0.00   0.443   0.436   0.026   0.075   0.002   0.004   0.331   0.002   0.000   0.003   0.000 1127610000
12.98    4.65    58.687
12.98 30.00   1.664   4.499
12.98 30.00   6.163    69.634
12.98 30.00   5.042   3.592   6.163   0.590
12.98 30.00   5.046   3.585   6.163   0.581

12.99  0.00   0.443   0.436   0.026   0.075   0.002   0.004   0.330   0.002   0.000   0.003   0.000 1128478000
12.99    4.65    58.676
12.99 30.00   1.663   4.499
12.99 30.00   6.162    69.632
12.99 30.00   5.041   3.592   6.162   0.590
12.99 30.00   5.046   3.584   6.162   0.581

13.00  0.00   0.442   0.436   0.026   0.075   0.002   0.004   0.330   0.002   0.000   0.003   0.000 1129347000
13.00    4.65    58.664
13.00 30.00   1.663   4.499
13.00 30.00   6.161    69.629
13.00 30.00   5.041   3.592   6.161   0.590
13.00 30.00   5.045   3.584   6.161   0.581

13.01  0.00   0.442   0.436   0.026   0.075   0.002   0.004   0.330   0.002   0.000   0.003   0.000 1130216000
13.01    4.65    58.653
13.01 30.00   1.662   4.499
13.01 30.00   6.161    69.626
13.01 30.00   5.041   3.591   6.161   0.590
13.01 30.00   5.045   3.584   6.161   0.581

13.02  0.00   0.442   0.436   0.026   0.075   0.002   0.004   0.330   0.002   0.000   0.003   0.000 1131085000
13.02    4.65    58.642
13.02 30.00   1.662   4.499
13.02 30.00   6.160    69.623
13.02 30.00   5.040   3.591   6.160   0.590
13.02 30.00   5.045   3.583   6.160   0.581

13.03  0.00   0.442   0.436   0.026   0.075   0.002   0.004   0.330   0.002   0.000   0.003   0.000 1131953000
13.03    4.65    58.631
13.03 30.00   1.661   4.499
13.03 30.00   6.160    69.621
13.03 30.00   5.040   3.591   6.160   0.590
13.03 30.00   5.044   3.583   6.160   0.581

13.04  0.00   0.442   0.436   0.026   0.075   0.002   0.004   0.330   0.002   0.000   0.003   0.000 1132822000
13.04    4.65    58.619
13.04 30.00   1.661   4.499
13.04 30.00   6.159    69.618
13.04 30.00   5.039   3.591   6.159   0.590
13.04 30.00   5.044   3.583   6.159   0.581

13.05  0.00   0.442   0.436   0.026   0.075   0.002   0.004   0.330   0.002   0.000   0.003   0.000 1133691000
13.05    4.64    58.608
13.05 30.00   1.660   4.499
13.05 30.00   6.159    69.615
13.05 30.00   5.039   3.590   6.159   0.590
13.05 30.00   5.043   3.583   6.159   0.581

13.06  0.00   0.442   0.436   0.026   0.075   0.002   0.004   0.330   0.002   0.000   0.003   0.000 1134559000
13.06    4.64    58.597
13.06 30.00   1.660   4.499
13.06 30.00   6.158    69.612
13.06 30.00   5.038   3.590   6.158   0.590
13.06 30.00   5.043   3.582   6.158   0.581

13.07  0.00   0.442   0.436   0.026   0.075   0.002   0.004   0.330   0.002   0.000   0.003   0.000 1135428000
13.07    4.64    58.585
13.07 30.00   1.659   4.499
13.07 30.00   6.158    69.610
13.07 30.00   5.038   3.590   6.158   0.590
13.07 30.00   5.042   3.582   6.158   0.581

13.08  0.00   0.442   0.436   0.026   0.075   0.002   0.004   0.330   0.002   0.000   0.003   0.000 1136297000
13.08    4.64    58.574
13.08 30.00   1.659   4.499
13.08 30.00   6.157    69.607
13.08 30.00   5.037   3.589   6.157   0.590
13.08 30.00   5.042   3.582   6.157   0.581

13.09  0.00   0.442   0.436   0.026   0.075   0.002   0.004   0.330   0.002   0.000   0.003   0.000 1137166000
13.09    4.64    58.563
13.09 30.00   1.658   4.499
13.09 30.00   6.157    69.604
13.09 30.00   5.037   3.589   6.157   0.590
13.09 30.00   5.041   3.581   6.157   0.581

13.10  0.00   0.442   0.436   0.026   0.075   0.002   0.004   0.330   0.002   0.000   0.003   0.000 1138034000
13.10    4.64    58.552
13.10 30.00   1.657   4.499
13.10 30.00   6.156    69.602
13.10 30.00   5.037   3.589   6.156   0.590
13.10 30.00   5.041   3.581   6.156   0.581

13.11  0.00   0.442   0.436   0.026   0.075   0.002   0.004   0.330   0.002   0.000   0.003   0.000 1138903000
13.11    4.64    58.540
13.11 30.00   1.657   4.499
13.11 30.00   6.156    69.599
13.11 30.00   5.036   3.588   6.156   0.590
13.11 30.00   5.040   3.581   6.156   0.581

13.12  0.00   0.442   0.436   0.026   0.075   0.002   0.004   0.330   0.002   0.000   0.003   0.000 1139772000
13.12    4.63    58.529
13.12 30.00   1.656   4.499
13.12 30.00   6.155    69.596
13.12 30.00   5.036   3.588   6.155   0.590
13.12 30.00   5.040   3.581   6.155   0.581

13.13  0.00   0.442   0.436   0.026   0.075   0.002   0.004   0.330   0.002   0.000   0.003   0.000 1140641000
13.13    4.63    58.518
13.13 30.00   1.656   4.499
13.13 30.00   6.155    69.593
13.13 30.00   5.035   3.588   6.155   0.590
13.13 30.00   5.040   3.580   6.155   0.581

13.14  0.00   0.442   0.436   0.026   0.075   0.002   0.004   0.330   0.002   0.000   0.003   0.000 1141509000
13.14    4.63    58.507
13.14 30.00   1.655   4.499
13.14 30.00   6.154    69.591
13.14 30.00   5.035   3.588   6.154   0.590
13.14 30.00   5.039   3.580   6.154   0.581

13.15  0.00   0.442   0.436   0.026   0.075   0.002   0.004   0.330   0.002   0.000   0.003   0.000 1142378000
13.15    4.63    58.496
13.15 30.00   1.655   4.499
13.15 30.00   6.153    69.588
13.15 30.00   5.034   3.587   6.153   0.590
13.15 30.00   5.039   3.580   6.153   0.581

13.16  0.00   0.442   0.436   0.026   0.075   0.002   0.004   0.330   0.002   0.000   0.003   0.000 1143247000
13.16    4.63    58.484
13.16 30.00   1.654   4.499
13.16 30.00   6.153    69.585
13.16 30.00   5.034   3.587   6.153   0.590
13.16 30.00   5.038   3.579   6.153   0.581

13.17  0.00   0.442   0.436   0.026   0.075   0.002   0.004   0.330   0.002   0.000   0.003   0.000 1144115000
13.17    4.63    58.473
13.17 30.00   1.654   4.499
13.17 30.00   6.152    69.583
13.17 30.00   5.033   3.587   6.152   0.590
13.17 30.00   5.038   3.579   6.152   0.581

13.18  0.00   0.442   0.436   0.026   0.075   0.002   0.004   0.330   0.002   0.000   0.003   0.000 1144984000
13.18    4.62    58.462
13.18 30.00   1.653   4.499
13.18 30.00   6.152    69.580
13.18 30.00   5.033   3.586   6.152   0.590
13.18 30.00   5.037   3.579   6.152   0.581

13.19  0.00   0.442   0.436   0.026   0.075   0.002   0.004   0.330   0.002   0.000   0.003   0.000 1145853000
13.19    4.62    58.451
13.19 30.00   1.653   4.499
13.19 30.00   6.151    69.577
13.19 30.00   5.033   3.586   6.151   0.590
13.19 30.00   5.037   3.579   6.151   0.581

13.20  0.00   0.442   0.435   0.026   0.075   0.002   0.004   0.330   0.002   0.000   0.003   0.000 1146722000
13.20    4.62    58.440
13.20 30.00   1.652   4.499
13.20 30.00   6.151    69.575
13.20 30.00   5.032   3.586   6.151   0.589
13.20 30.00   5.036   3.578   6.151   0.581

13.21  0.00   0.442   0.435   0.026   0.075   0.002   0.004   0.330   0.002   0.000   0.003   0.000 1147590000
13.21    4.62    58.429
13.21 30.00   1.652   4.499
13.21 30.00   6.150    69.572
13.21 30.00   5.032   3.586   6.150   0.589
13.21 30.00   5.036   3.578   6.150   0.581

13.22  0.00   0.442   0.435   0.026   0.075   0.002   0.004   0.330   0.002   0.000   0.003   0.000 1148459000
13.22    4.62    58.418
13.22 30.00   1.651   4.499
13.22 30.00   6.150    69.569
13.22 30.00   5.031   3.585   6.150   0.589
13.22 30.00   5.036   3.578   6.150   0.581

13.23  0.00   0.442   0.435   0.026   0.075   0.002   0.004   0.330   0.002   0.000   0.003   0.000 1149328000
13.23    4.62    58.407
13.23 30.00   1.651   4.499
13.23 30.00   6.149    69.567
13.23 30.00   5.031   3.585   6.149   0.589
13.23 30.00   5.035   3.577   6.149   0.581

13.24  0.00   0.442   0.435   0.026   0.075   0.002   0.004   0.330   0.002   0.000   0.003   0.000 1150196000
13.24    4.62    58.396
13.24 30.00   1.650   4.499
13.24 30.00   6.149    69.564
13.24 30.00   5.030   3.585   6.149   0.589
13.24 30.00   5.035   3.577   6.149   0.581

13.25  0.00   0.442   0.435   0.026   0.075   0.002   0.004   0.330   0.002   0.000   0.003   0.000 1151065000
13.25    4.61    58.384
13.25 30.00   1.650   4.499
13.25 30.00   6.148    69.561
13.25 30.00   5.030   3.585   6.148   0.589
13.25 30.00   5.034   3.577   6.148   0.581

13.26  0.00   0.442   0.435   0.026   0.075   0.002   0.004   0.330   0.002   0.000   0.003   0.000 1151934000
13.26    4.61    58.373
13.26 30.00   1.649   4.499
13.26 30.00   6.148    69.559
13.26 30.00   5.029   3.584   6.148   0.589
13.26 30.00   5.034   3.577   6.148   0.580

13.27  0.00   0.442   0.435   0.026   0.075   0.002   0.004   0.330   0.002   0.000   0.003   0.000 1152803000
13.27    4.61    58.362
13.27 30.00   1.649   4.499
13.27 30.00   6.147    69.556
13.27 30.00   5.029   3.584   6.147   0.589
13.27 30.00   5.033   3.576   6.147   0.580

13.28  0.00   0.442   0.435   0.026   0.075   0.002   0.004   0.330   0.002   0.000   0.003   0.000 1153671000
13.28    4.61    58.351
13.28 30.00   1.648   4.499
13.28 30.00   6.147    69.553
13.28 30.00   5.029   3.584   6.147   0.589
13.28 30.00   5.033   3.576   6.147   0.580

13.29  0.00   0.442   0.435   0.026   0.075   0.002   0.004   0.330   0.002   0.000   0.003   0.000 1154540000
13.29    4.61    58.340
13.29 30.00   1.647   4.499
13.29 30.00   6.146    69.551
13.29 30.00   5.028   3.583   6.146   0.589
13.29 30.00   5.033   3.576   6.146   0.580

13.30  0.00   0.442   0.435   0.026   0.075   0.002   0.004   0.330   0.002   0.000   0.003   0.000 1155409000
13.30    4.61    58.329
13.30 30.00   1.647   4.499
13.30 30.00   6.146    69.548
13.30 30.00   5.028   3.583   6.146   0.589
13.30 30.00   5.032   3.575   6.146   0.580

13.31  0.00   0.442   0.435   0.026   0.075   0.002   0.004   0.330   0.002   0.000   0.003   0.000 1156278000
13.31    4.61    58.318
13.31 30.00   1.646   4.499
13.31 30.00   6.145    69.545
13.31 30.00   5.027   3.583   6.145   0.589
13.31 30.00   5.032   3.575   6.145   0.580

13.32  0.00   0.442   0.435   0.026   0.075   0.002   0.004   0.330   0.002   0.000   0.003   0.000 1157146000
13.32    4.60    58.307
13.32 30.00   1.646   4.499
13.32 30.00   6.145    69.543
13.32 30.00   5.027   3.583   6.145   0.589
13.32 30.00   5.031   3.575   6.145   0.580

13.33  0.00   0.442   0.435   0.026   0.075   0.002   0.004   0.330   0.002   0.000   0.003   0.000 1158015000
13.33    4.60    58.296
13.33 30.00   1.645   4.499
13.33 30.00   6.144    69.540
13.33 30.00   5.026   3.582   6.144   0.589
13.33 30.00   5.031   3.575   6.144   0.580

13.34  0.00   0.442   0.435   0.026   0.075   0.002   0.004   0.330   0.002   0.000   0.003   0.000 1158884000
13.34    4.60    58.285
13.34 30.00   1.645   4.499
13.34 30.00   6.144    69.537
13.34 30.00   5.026   3.582   6.144   0.589
13.34 30.00   5.030   3.574   6.144   0.580

13.35  0.00   0.442   0.435   0.026   0.075   0.002   0.004   0.330   0.002   0.000   0.003   0.000 1159753000
13.35    4.60    58.274
13.35 30.00   1.644   4.499
13.35 30.00   6.143    69.535
13.35 30.00   5.025   3.582   6.143   0.589
13.35 30.00   5.030   3.574   6.143   0.580

13.36  0.00   0.442   0.435   0.026   0.075   0.002   0.004   0.330   0.002   0.000   0.003   0.000 1160621000
13.36    4.60    58.263
13.36 30.00   1.644   4.499
13.36 30.00   6.143    69.532
13.36 30.00   5.025   3.581   6.143   0.589
13.36 30.00   5.029   3.574   6.143   0.580

13.37  0.00   0.442   0.435   0.026   0.075   0.002   0.004   0.330   0.002   0.000   0.003   0.000 1161490000
13.37    4.60    58.252
13.37 30.00   1.643   4.499
13.37 30.00   6.142    69.530
13.37 30.00   5.025   3.581   6.142   0.589
13.37 30.00   5.029   3.574   6.142   0.580

13.38  0.00   0.442   0.435   0.026   0.075   0.002   0.004   0.330   0.002   0.000   0.003   0.000 1162359000
13.38    4.60    58.241
13.38 30.00   1.643   4.499
13.38 30.00   6.142    69.527
13.38 30.00   5.024   3.581   6.142   0.589
13.38 30.00   5.029   3.573   6.142   0.580

13.39  0.00   0.442   0.435   0.026   0.075   0.002   0.004   0.330   0.002   0.000   0.003   0.000 1163228000
13.39    4.59    58.230
13.39 30.00   1.642   4.499
13.39 30.00   6.141    69.524
13.39 30.00   5.024   3.581   6.141   0.589
13.39 30.00   5.028   3.573   6.141   0.580

13.40  0.00   0.442   0.435   0.026   0.075   0.002   0.004   0.330   0.002   0.000   0.003   0.000 1164096000
13.40    4.59    58.220
13.40 30.00   1.642   4.499
13.40 30.00   6.141    69.522
13.40 30.00   5.023   3.580   6.141   0.589
13.40 30.00   5.028   3.573   6.141   0.580

13.41  0.00   0.442   0.435   0.026   0.075   0.002   0.004   0.330   0.002   0.000   0.003   0.000 1164965000
13.41    4.59    58.209
13.41 30.00   1.641   4.499
13.41 30.00   6.140    69.519
13.41 30.00   5.023   3.580   6.140   0.589
13.41 30.00   5.027   3.572   6.140   0.580

13.42  0.00   0.442   0.435   0.026   0.075   0.002   0.004   0.330   0.002   0.000   0.003   0.000 1165834000
13.42    4.59    58.198
13.42 30.00   1.641   4.499
13.42 30.00   6.139    69.516
13.42 30.00   5.022   3.580   6.139   0.589
13.42 30.00   5.027   3.572   6.139   0.580

13.43  0.00   0.442   0.435   0.026   0.075   0.002   0.004   0.330   0.002   0.000   0.003   0.000 1166702000
13.43    4.59    58.187
13.43 30.00   1.640   4.499
13.43 30.00   6.139    69.514
13.43 30.00   5.022   3.580   6.139   0.589
13.43 30.00   5.026   3.572   6.139   0.580

13.44  0.00   0.442   0.435   0.026   0.075   0.002   0.004   0.330   0.002   0.000   0.003   0.000 1167571000
13.44    4.59    58.176
13.44 30.00   1.640   4.499
13.44 30.00   6.138    69.511
13.44 30.00   5.022   3.579   6.138   0.589
13.44 30.00   5.026   3.572   6.138   0.580

13.45  0.00   0.442   0.435   0.026   0.075   0.002   0.004   0.330   0.002   0.000   0.003   0.000 1168440000
13.45    4.59    58.165
13.45 30.00   1.639   4.499
13.45 30.00   6.138    69.509
13.45 30.00   5.021   3.579   6.138   0.589
13.45 30.00   5.026   3.571   6.138   0.580

13.46  0.00   0.442   0.435   0.026   0.075   0.002   0.004   0.330   0.002   0.000   0.003   0.000 1169309000
13.46    4.58    58.154
13.46 30.00   1.639   4.499
13.46 30.00   6.137    69.506
13.46 30.00   5.021   3.579   6.137   0.589
13.46 30.00   5.025   3.571   6.137   0.580

13.47  0.00   0.442   0.435   0.026   0.075   0.002   0.004   0.330   0.002   0.000   0.003   0.000 1170177000
13.47    4.58    58.143
13.47 30.00   1.638   4.499
13.47 30.00   6.137    69.504
13.47 30.00   5.020   3.578   6.137   0.589
13.47 30.00   5.025   3.571   6.137   0.580

13.48  0.00   0.442   0.435   0.026   0.075   0.002   0.004   0.330   0.002   0.000   0.003   0.000 1171046000
13.48    4.58    58.133
13.48 30.00   1.638   4.499
13.48 30.00   6.136    69.501
13.48 30.00   5.020   3.578   6.136   0.589
13.48 30.00   5.024   3.570   6.136   0.580

13.49  0.00   0.442   0.435   0.026   0.075   0.002   0.004   0.330   0.002   0.000   0.003   0.000 1171915000
13.49    4.58    58.122
13.49 30.00   1.637   4.499
13.49 30.00   6.136    69.498
13.49 30.00   5.019   3.578   6.136   0.589
13.49 30.00   5.024   3.570   6.136   0.580

13.50  0.00   0.442   0.435   0.026   0.075   0.002   0.004   0.330   0.002   0.000   0.003   0.000 1172783000
13.50    4.58    58.111
13.50 30.00   1.637   4.499
13.50 30.00   6.135    69.496
13.50 30.00   5.019   3.578   6.135   0.589
13.50 30.00   5.023   3.570   6.135   0.580

13.51  0.00   0.442   0.435   0.026   0.075   0.002   0.004   0.330   0.002   0.000   0.003   0.000 1173652000
13.51    4.58    58.100
13.51 30.00   1.636   4.499
13.51 30.00   6.135    69.493
13.51 30.00   5.019   3.577   6.135   0.589
13.51 30.00   5.023   3.570   6.135   0.580

13.52  0.00   0.442   0.435   0.026   0.075   0.002   0.004   0.330   0.002   0.000   0.003   0.000 1174521000
13.52    4.58    58.089
13.52 30.00   1.636   4.499
13.52 30.00   6.134    69.491
13.52 30.00   5.018   3.577   6.134   0.589
13.52 30.00   5.023   3.569   6.134   0.580

13.53  0.00   0.442   0.435   0.026   0.075   0.002   0.004   0.330   0.002   0.000   0.003   0.000 1175390000
13.53    4.57    58.079
13.53 30.00   1.635   4.499
13.53 30.00   6.134    69.488
13.53 30.00   5.018   3.577   6.134   0.589
13.53 30.00   5.022   3.569   6.134   0.580

13.54  0.00   0.441   0.435   0.026   0.075   0.002   0.004   0.330   0.002   0.000   0.003   0.000 1176258000
13.54    4.57    58.068
13.54 30.00   1.635   4.499
13.54 30.00   6.133    69.486
13.54 30.00   5.017   3.577   6.133   0.589
13.54 30.00   5.022   3.569   6.133   0.580

13.55  0.00   0.441   0.435   0.026   0.075   0.002   0.004   0.330   0.002   0.000   0.003   0.000 1177127000
13.55    4.57    58.057
13.55 30.00   1.634   4.499
13.55 30.00   6.133    69.483
13.55 30.00   5.017   3.576   6.133   0.589
13.55 30.00   5.021   3.569   6.133   0.580

13.56  0.00   0.441   0.435   0.026   0.075   0.002   0.004   0.330   0.002   0.000   0.003   0.000 1177996000
13.56    4.57    58.046
13.56 30.00   1.634   4.499
13.56 30.00   6.132    69.480
13.56 30.00   5.017   3.576   6.132   0.589
13.56 30.00   5.021   3.568   6.132   0.580

13.57  0.00   0.441   0.435   0.026   0.075   0.002   0.004   0.330   0.002   0.000   0.003   0.000 1178865000
13.57    4.57    58.036
13.57 30.00   1.633   4.499
13.57 30.00   6.132    69.478
13.57 30.00   5.016   3.576   6.132   0.589
13.57 30.00   5.021   3.568   6.132   0.580

13.58  0.00   0.441   0.435   0.026   0.075   0.002   0.004   0.330   0.002   0.000   0.003   0.000 1179733000
13.58    4.57    58.025
13.58 30.00   1.633   4.499
13.58 30.00   6.131    69.475
13.58 30.00   5.016   3.575   6.131   0.589
13.58 30.00   5.020   3.568   6.131   0.580

13.59  0.00   0.441   0.435   0.026   0.075   0.002   0.004   0.330   0.002   0.000   0.003   0.000 1180602000
13.59    4.57    58.014
13.59 30.00   1.632   4.499
13.59 30.00   6.131    69.473
13.59 30.00   5.015   3.575   6.131   0.589
13.59 30.00   5.020   3.568   6.131   0.580

13.60  0.00   0.441   0.435   0.026   0.075   0.002   0.004   0.330   0.002   0.000   0.003   0.000 1181471000
13.60    4.56    58.003
13.60 30.00   1.632   4.499
13.60 30.00   6.130    69.470
13.60 30.00   5.015   3.575   6.130   0.589
13.60 30.00   5.019   3.567   6.130   0.580

13.61  0.00   0.441   0.435   0.026   0.075   0.002   0.004   0.330   0.002   0.000   0.003   0.000 1182339000
13.61    4.56    57.993
13.61 30.00   1.631   4.499
13.61 30.00   6.130    69.468
13.61 30.00   5.014   3.575   6.130   0.588
13.61 30.00   5.019   3.567   6.130   0.580

13.62  0.00   0.441   0.435   0.026   0.075   0.002   0.004   0.330   0.002   0.000   0.003   0.000 1183208000
13.62    4.56    57.982
13.62 30.00   1.631   4.499
13.62 30.00   6.129    69.465
13.62 30.00   5.014   3.574   6.129   0.588
13.62 30.00   5.018   3.567   6.129   0.580

13.63  0.00   0.441   0.435   0.026   0.075   0.002   0.004   0.330   0.002   0.000   0.003   0.000 1184077000
13.63    4.56    57.971
13.63 30.00   1.630   4.499
13.63 30.00   6.129    69.463
13.63 30.00   5.014   3.574   6.129   0.588
13.63 30.00   5.018   3.566   6.129   0.580

13.64  0.00   0.441   0.435   0.026   0.075   0.002   0.004   0.330   0.002   0.000   0.003   0.000 1184946000
13.64    4.56    57.961
13.64 30.00   1.630   4.499
13.64 30.00   6.128    69.460
13.64 30.00   5.013   3.574   6.128   0.588
13.64 30.00   5.018   3.566   6.128   0.580

13.65  0.00   0.441   0.435   0.026   0.075   0.002   0.004   0.330   0.002   0.000   0.003   0.000 1185814000
13.65    4.56    57.950
13.65 30.00   1.629   4.499
13.65 30.00   6.128    69.458
13.65 30.00   5.013   3.574   6.128   0.588
13.65 30.00   5.017   3.566   6.128   0.580

13.66  0.00   0.441   0.435   0.026   0.075   0.002   0.004   0.330   0.002   0.000   0.003   0.000 1186683000
13.66    4.56    57.939
13.66 30.00   1.629   4.499
13.66 30.00   6.127    69.455
13.66 30.00   5.012   3.573   6.127   0.588
13.66 30.00   5.017   3.566   6.127   0.580

13.67  0.00   0.441   0.435   0.026   0.075   0.002   0.004   0.330   0.002   0.000   0.003   0.000 1187552000
13.67    4.55    57.929
13.67 30.00   1.628   4.499
13.67 30.00   6.127    69.453
13.67 30.00   5.012   3.573   6.127   0.588
13.67 30.00   5.016   3.565   6.127   0.580

13.68  0.00   0.441   0.435   0.026   0.075   0.002   0.004   0.330   0.002   0.000   0.003   0.000 1188421000
13.68    4.55    57.918
13.68 30.00   1.628   4.499
13.68 30.00   6.126    69.450
13.68 30.00   5.012   3.573   6.126   0.588
13.68 30.00   5.016   3.565   6.126   0.580

13.69  0.00   0.441   0.435   0.026   0.075   0.002   0.004   0.330   0.002   0.000   0.003   0.000 1189289000
13.69    4.55    57.907
13.69 30.00   1.627   4.499
13.69 30.00   6.126    69.448
13.69 30.00   5.011   3.572   6.126   0.588
13.69 30.00   5.016   3.565   6.126   0.579

13.70  0.00   0.441   0.435   0.026   0.075   0.002   0.004   0.330   0.002   0.000   0.003   0.000 1190158000
13.70    4.55    57.897
13.70 30.00   1.627   4.499
13.70 30.00   6.126    69.445
13.70 30.00   5.011   3.572   6.126   0.588
13.70 30.00   5.015   3.565   6.126   0.579

13.71  0.00   0.441   0.435   0.026   0.075   0.002   0.004   0.330   0.002   0.000   0.003   0.000 1191027000
13.71    4.55    57.886
13.71 30.00   1.626   4.499
13.71 30.00   6.125    69.443
13.71 30.00   5.010   3.572   6.125   0.588
13.71 30.00   5.015   3.564   6.125   0.579

13.72  0.00   0.441   0.435   0.026   0.075   0.002   0.004   0.330   0.002   0.000   0.003   0.000 1191896000
13.72    4.55    57.876
13.72 30.00   1.626   4.499
13.72 30.00   6.125    69.440
13.72 30.00   5.010   3.572   6.125   0.588
13.72 30.00   5.014   3.564   6.125   0.579

13.73  0.00   0.441   0.435   0.026   0.075   0.002   0.004   0.330   0.002   0.000   0.003   0.000 1192764000
13.73    4.55    57.865
13.73 30.00   1.625   4.499
13.73 30.00   6.124    69.438
13.73 30.00   5.009   3.571   6.124   0.588
13.73 30.00   5.014   3.564   6.124   0.579

13.74  0.00   0.441   0.435   0.026   0.075   0.002   0.004   0.330   0.002   0.000   0.003   0.000 1193633000
13.74    4.55    57.854
13.74 30.00   1.625   4.499
13.74 30.00   6.124    69.435
13.74 30.00   5.009   3.571   6.124   0.588
13.74 30.00   5.013   3.564   6.124   0.579

13.75  0.00   0.441   0.435   0.026   0.075   0.002   0.004   0.330   0.002   0.000   0.003   0.000 1194502000
13.75    4.54    57.844
13.75 30.00   1.624   4.499
13.75 30.00   6.123    69.433
13.75 30.00   5.009   3.571   6.123   0.588
13.75 30.00   5.013   3.563   6.123   0.579

13.76  0.00   0.441   0.434   0.026   0.075   0.002   0.004   0.330   0.002   0.000   0.003   0.000 1195370000
13.76    4.54    57.833
13.76 30.00   1.624   4.499
13.76 30.00   6.123    69.430
13.76 30.00   5.008   3.571   6.123   0.588
13.76 30.00   5.013   3.563   6.123   0.579

13.77  0.00   0.441   0.434   0.026   0.075   0.002   0.004   0.330   0.002   0.000   0.003   0.000 1196239000
13.77    4.54    57.823
13.77 30.00   1.623   4.499
13.77 30.00   6.122    69.428
13.77 30.00   5.008   3.570   6.122   0.588
13.77 30.00   5.012   3.563   6.122   0.579

13.78  0.00   0.441   0.434   0.026   0.075   0.002   0.004   0.330   0.002   0.000   0.003   0.000 1197108000
13.78    4.54    57.812
13.78 30.00   1.623   4.499
13.78 30.00   6.122    69.425
13.78 30.00   5.007   3.570   6.122   0.588
13.78 30.00   5.012   3.562   6.122   0.579

13.79  0.00   0.441   0.434   0.026   0.075   0.002   0.004   0.330   0.002   0.000   0.003   0.000 1197977000
13.79    4.54    57.802
13.79 30.00   1.622   4.499
13.79 30.00   6.121    69.423
13.79 30.00   5.007   3.570   6.121   0.588
13.79 30.00   5.011   3.562   6.121   0.579

13.80  0.00   0.441   0.434   0.026   0.075   0.002   0.004   0.330   0.002   0.000   0.003   0.000 1198845000
13.80    4.54    57.791
13.80 30.00   1.622   4.499
13.80 30.00   6.121    69.420
13.80 30.00   5.007   3.570   6.121   0.588
13.80 30.00   5.011   3.562   6.121   0.579

13.81  0.00   0.441   0.434   0.026   0.075   0.002   0.004   0.330   0.002   0.000   0.003   0.000 1199714000
13.81    4.54    57.781
13.81 30.00   1.621   4.499
13.81 30.00   6.120    69.418
13.81 30.00   5.006   3.569   6.120   0.588
13.81 30.00   5.011   3.562   6.120   0.579

13.82  0.00   0.441   0.434   0.026   0.075   0.002   0.004   0.330   0.002   0.000   0.003   0.000 1200583000
13.82    4.53    57.770
13.82 30.00   1.621   4.499
13.82 30.00   6.120    69.415
13.82 30.00   5.006   3.569   6.120   0.588
13.82 30.00   5.010   3.561   6.120   0.579

13.83  0.00   0.441   0.434   0.026   0.075   0.002   0.004   0.330   0.002   0.000   0.003   0.000 1201452000
13.83    4.53    57.760
13.83 30.00   1.621   4.499
13.83 30.00   6.119    69.413
13.83 30.00   5.005   3.569   6.119   0.588
13.83 30.00   5.010   3.561   6.119   0.579

13.84  0.00   0.441   0.434   0.026   0.075   0.002   0.004   0.330   0.002   0.000   0.003   0.000 1202320000
13.84    4.53    57.749
13.84 30.00   1.620   4.499
13.84 30.00   6.119    69.410
13.84 30.00   5.005   3.569   6.119   0.588
13.84 30.00   5.009   3.561   6.119   0.579

13.85  0.00   0.441   0.434   0.026   0.075   0.002   0.004   0.330   0.002   0.000   0.003   0.000 1203189000
13.85    4.53    57.739
13.85 30.00   1.620   4.499
13.85 30.00   6.118    69.408
13.85 30.00   5.005   3.568   6.118   0.588
13.85 30.00   5.009   3.561   6.118   0.579

13.86  0.00   0.441   0.434   0.026   0.075   0.002   0.004   0.330   0.002   0.000   0.003   0.000 1204058000
13.86    4.53    57.728
13.86 30.00   1.619   4.499
13.86 30.00   6.118    69.405
13.86 30.00   5.004   3.568   6.118   0.588
13.86 30.00   5.009   3.560   6.118   0.579

13.87  0.00   0.441   0.434   0.026   0.075   0.002   0.004   0.330   0.002   0.000   0.003   0.000 1204926000
13.87    4.53    57.718
13.87 30.00   1.619   4.499
13.87 30.00   6.117    69.403
13.87 30.00   5.004   3.568   6.117   0.588
13.87 30.00   5.008   3.560   6.117   0.579

13.88  0.00   0.441   0.434   0.026   0.075   0.002   0.004   0.330   0.002   0.000   0.003   0.000 1205795000
13.88    4.53    57.707
13.88 30.00   1.618   4.499
13.88 30.00   6.117    69.401
13.88 30.00   5.003   3.568   6.117   0.588
13.88 30.00   5.008   3.560   6.117   0.579

13.89  0.00   0.441   0.434   0.026   0.075   0.002   0.004   0.330   0.002   0.000   0.003   0.000 1206664000
13.89    4.52    57.697
13.89 30.00   1.618   4.499
13.89 30.00   6.116    69.398
13.89 30.00   5.003   3.567   6.116   0.588
13.89 30.00   5.007   3.560   6.116   0.579

13.90  0.00   0.441   0.434   0.026   0.075   0.002   0.004   0.330   0.002   0.000   0.003   0.000 1207533000
13.90    4.52    57.687
13.90 30.00   1.617   4.499
13.90 30.00   6.116    69.396
13.90 30.00   5.003   3.567   6.116   0.588
13.90 30.00   5.007   3.559   6.116   0.579

13.91  0.00   0.441   0.434   0.026   0.075   0.002   0.004   0.330   0.002   0.000   0.003   0.000 1208401000
13.91    4.52    57.676
13.91 30.00   1.617   4.499
13.91 30.00   6.115    69.393
13.91 30.00   5.002   3.567   6.115   0.588
13.91 30.00   5.007   3.559   6.115   0.579

13.92  0.00   0.441   0.434   0.026   0.075   0.002   0.004   0.330   0.002   0.000   0.003   0.000 1209270000
13.92    4.52    57.666
13.92 30.00   1.616   4.499
13.92 30.00   6.115    69.391
13.92 30.00   5.002   3.566   6.115   0.588
13.92 30.00   5.006   3.559   6.115   0.579

13.93  0.00   0.441   0.434   0.026   0.075   0.002   0.004   0.330   0.002   0.000   0.003   0.000 1210139000
13.93    4.52    57.655
13.93 30.00   1.616   4.499
13.93 30.00   6.114    69.388
13.93 30.00   5.001   3.566   6.114   0.588
13.93 30.00   5.006   3.559   6.114   0.579

13.94  0.00   0.441   0.434   0.026   0.075   0.002   0.004   0.330   0.002   0.000   0.003   0.000 1211007000
13.94    4.52    57.645
13.94 30.00   1.615   4.499
13.94 30.00   6.114    69.386
13.94 30.00   5.001   3.566   6.114   0.588
13.94 30.00   5.005   3.558   6.114   0.579

13.95  0.00   0.441   0.434   0.026   0.075   0.002   0.004   0.330   0.002   0.000   0.003   0.000 1211876000
13.95    4.52    57.635
13.95 30.00   1.615   4.499
13.95 30.00   6.113    69.384
13.95 30.00   5.001   3.566   6.113   0.588
13.95 30.00   5.005   3.558   6.113   0.579

13.96  0.00   0.441   0.434   0.026   0.075   0.002   0.004   0.330   0.002   0.000   0.003   0.000 1212745000
13.96    4.52    57.624
13.96 30.00   1.614   4.499
13.96 30.00   6.113    69.381
13.96 30.00   5.000   3.565   6.113   0.588
13.96 30.00   5.005   3.558   6.113   0.579

13.97  0.00   0.441   0.434   0.026   0.075   0.002   0.004   0.330   0.002   0.000   0.003   0.000 1213614000
13.97    4.51    57.614
13.97 30.00   1.614   4.499
13.97 30.00   6.113    69.379
13.97 30.00   5.000   3.565   6.113   0.588
13.97 30.00   5.004   3.558   6.113   0.579

13.98  0.00   0.441   0.434   0.026   0.075   0.002   0.004   0.330   0.002   0.000   0.003   0.000 1214482000
13.98    4.51    57.604
13.98 30.00   1.613   4.499
13.98 30.00   6.112    69.376
13.98 30.00   4.999   3.565   6.112   0.588
13.98 30.00   5.004   3.557   6.112   0.579

13.99  0.00   0.441   0.434   0.026   0.075   0.002   0.004   0.330   0.002   0.000   0.003   0.000 1215351000
13.99    4.51    57.593
13.99 30.00   1.613   4.499
13.99 30.00   6.112    69.374
13.99 30.00   4.999   3.565   6.112   0.588
13.99 30.00   5.003   3.557   6.112   0.579

14.00  0.00   0.441   0.434   0.026   0.075   0.002   0.004   0.329   0.002   0.000   0.003   0.000 1216220000
14.00    4.51    57.583
14.00 30.00   1.612   4.499
14.00 30.00   6.111    69.372
14.00 30.00   4.999   3.564   6.111   0.588
14.00 30.00   5.003   3.557   6.111   0.579

14.01  0.00   0.441   0.434   0.026   0.075   0.002   0.004   0.329   0.002   0.000   0.003   0.000 1217089000
14.01    4.51    57.573
14.01 30.00   1.612   4.499
14.01 30.00   6.111    69.369
14.01 30.00   4.998   3.564   6.111   0.588
14.01 30.00   5.003   3.557   6.111   0.579

14.02  0.00   0.441   0.434   0.026   0.075   0.002   0.004   0.329   0.002   0.000   0.003   0.000 1217957000
14.02    4.51    57.562
14.02 30.00   1.611   4.499
14.02 30.00   6.110    69.367
14.02 30.00   4.998   3.564   6.110   0.588
14.02 30.00   5.002   3.556   6.110   0.579

14.03  0.00   0.441   0.434   0.026   0.075   0.002   0.004   0.329   0.002   0.000   0.003   0.000 1218826000
14.03    4.51    57.552
14.03 30.00   1.611   4.499
14.03 30.00   6.110    69.364
14.03 30.00   4.997   3.564   6.110   0.588
14.03 30.00   5.002   3.556   6.110   0.579

14.04  0.00   0.441   0.434   0.026   0.075   0.002   0.004   0.329   0.002   0.000   0.003   0.000 1219695000
14.04    4.51    57.542
14.04 30.00   1.611   4.499
14.04 30.00   6.109    69.362
14.04 30.00   4.997   3.563   6.109   0.588
14.04 30.00   5.001   3.556   6.109   0.579

14.05  0.00   0.441   0.434   0.026   0.075   0.002   0.004   0.329   0.002   0.000   0.003   0.000 1220564000
14.05    4.50    57.532
14.05 30.00   1.610   4.499
14.05 30.00   6.109    69.360
14.05 30.00   4.997   3.563   6.109   0.588
14.05 30.00   5.001   3.556   6.109   0.579

14.06  0.00   0.441   0.434   0.026   0.075   0.002   0.004   0.329   0.002   0.000   0.003   0.000 1221432000
14.06    4.50    57.521
14.06 30.00   1.610   4.499
14.06 30.00   6.108    69.357
14.06 30.00   4.996   3.563   6.108   0.587
14.06 30.00   5.001   3.555   6.108   0.579

14.07  0.00   0.441   0.434   0.026   0.075   0.002   0.004   0.329   0.002   0.000   0.003   0.000 1222301000
14.07    4.50    57.511
14.07 30.00   1.609   4.499
14.07 30.00   6.108    69.355
14.07 30.00   4.996   3.563   6.108   0.587
14.07 30.00   5.000   3.555   6.108   0.579

14.08  0.00   0.441   0.434   0.026   0.075   0.002   0.004   0.329   0.002   0.000   0.003   0.000 1223170000
14.08    4.50    57.501
14.08 30.00   1.609   4.499
14.08 30.00   6.107    69.352
14.08 30.00   4.995   3.562   6.107   0.587
14.08 30.00   5.000   3.555   6.107   0.579

14.09  0.00   0.441   0.434   0.026   0.075   0.002   0.004   0.329   0.002   0.000   0.003   0.000 1224039000
14.09    4.50    57.491
14.09 30.00   1.608   4.499
14.09 30.00   6.107    69.350
14.09 30.00   4.995   3.562   6.107   0.587
14.09 30.00   4.999   3.555   6.107   0.579

14.10  0.00   0.441   0.434   0.026   0.075   0.002   0.004   0.329   0.002   0.000   0.003   0.000 1224907000
14.10    4.50    57.480
14.10 30.00   1.608   4.499
14.10 30.00   6.106    69.348
14.10 30.00   4.995   3.562   6.106   0.587
14.10 30.00   4.999   3.554   6.106   0.579

14.11  0.00   0.441   0.434   0.026   0.075   0.002   0.004   0.329   0.002   0.000   0.003   0.000 1225776000
14.11    4.50    57.470
14.11 30.00   1.607   4.499
14.11 30.00   6.106    69.345
14.11 30.00   4.994   3.562   6.106   0.587
14.11 30.00   4.999   3.554   6.106   0.579

14.12  0.00   0.441   0.434   0.026   0.075   0.002   0.004   0.329   0.002   0.000   0.003   0.000 1226645000
14.12    4.49    57.460
14.12 30.00   1.607   4.499
14.12 30.00   6.106    69.343
14.12 30.00   4.994   3.561   6.106   0.587
14.12 30.00   4.998   3.554   6.106   0.579

14.13  0.00   0.440   0.434   0.026   0.075   0.002   0.004   0.329   0.002   0.000   0.003   0.000 1227513000
14.13    4.49    57.450
14.13 30.00   1.606   4.499
14.13 30.00   6.105    69.341
14.13 30.00   4.993   3.561   6.105   0.587
14.13 30.00   4.998   3.554   6.105   0.579

14.14  0.00   0.440   0.434   0.026   0.075   0.002   0.004   0.329   0.002   0.000   0.003   0.000 1228382000
14.14    4.49    57.440
14.14 30.00   1.606   4.499
14.14 30.00   6.105    69.338
14.14 30.00   4.993   3.561   6.105   0.587
14.14 30.00   4.997   3.553   6.105   0.578

14.15  0.00   0.440   0.434   0.026   0.075   0.002   0.004   0.329   0.002   0.000   0.003   0.000 1229251000
14.15    4.49    57.429
14.15 30.00   1.605   4.499
14.15 30.00   6.104    69.336
14.15 30.00   4.993   3.561   6.104   0.587
14.15 30.00   4.997   3.553   6.104   0.578

14.16  0.00   0.440   0.434   0.026   0.075   0.002   0.004   0.329   0.002   0.000   0.003   0.000 1230120000
14.16    4.49    57.419
14.16 30.00   1.605   4.499
14.16 30.00   6.104    69.333
14.16 30.00   4.992   3.560   6.104   0.587
14.16 30.00   4.997   3.553   6.104   0.578

14.17  0.00   0.440   0.434   0.026   0.075   0.002   0.004   0.329   0.002   0.000   0.003   0.000 1230988000
14.17    4.49    57.409
14.17 30.00   1.605   4.499
14.17 30.00   6.103    69.331
14.17 30.00   4.992   3.560   6.103   0.587
14.17 30.00   4.996   3.553   6.103   0.578

14.18  0.00   0.440   0.434   0.026   0.075   0.002   0.004   0.329   0.002   0.000   0.003   0.000 1231857000
14.18    4.49    57.399
14.18 30.00   1.604   4.499
14.18 30.00   6.103    69.329
14.18 30.00   4.992   3.560   6.103   0.587
14.18 30.00   4.996   3.552   6.103   0.578

14.19  0.00   0.440   0.434   0.026   0.075   0.002   0.004   0.329   0.002   0.000   0.003   0.000 1232726000
14.19    4.49    57.389
14.19 30.00   1.604   4.499
14.19 30.00   6.102    69.326
14.19 30.00   4.991   3.560   6.102   0.587
14.19 30.00   4.996   3.552   6.102   0.578

14.20  0.00   0.440   0.434   0.026   0.075   0.002   0.004   0.329   0.002   0.000   0.003   0.000 1233594000
14.20    4.48    57.379
14.20 30.00   1.603   4.499
14.20 30.00   6.102    69.324
14.20 30.00   4.991   3.559   6.102   0.587
14.20 30.00   4.995   3.552   6.102   0.578

14.21  0.00   0.440   0.434   0.026   0.075   0.002   0.004   0.329   0.002   0.000   0.003   0.000 1234463000
14.21    4.48    57.369
14.21 30.00   1.603   4.499
14.21 30.00   6.101    69.322
14.21 30.00   4.990   3.559   6.101   0.587
14.21 30.00   4.995   3.552   6.101   0.578

14.22  0.00   0.440   0.434   0.026   0.075   0.002   0.004   0.329   0.002   0.000   0.003   0.000 1235332000
14.22    4.48    57.359
14.22 30.00   1.602   4.499
14.22 30.00   6.101    69.319
14.22 30.00   4.990   3.559   6.101   0.587
14.22 30.00   4.994   3.551   6.101   0.578

14.23  0.00   0.440   0.434   0.026   0.075   0.002   0.004   0.329   0.002   0.000   0.003   0.000 1236201000
14.23    4.48    57.348
14.23 30.00   1.602   4.499
14.23 30.00   6.100    69.317
14.23 30.00   4.990   3.559   6.100   0.587
14.23 30.00   4.994   3.551   6.100   0.578

14.24  0.00   0.440   0.434   0.026   0.075   0.002   0.004   0.329   0.002   0.000   0.003   0.000 1237069000
14.24    4.48    57.338
14.24 30.00   1.601   4.499
14.24 30.00   6.100    69.315
14.24 30.00   4.989   3.558   6.100   0.587
14.24 30.00   4.994   3.551   6.100   0.578

14.25  0.00   0.440   0.434   0.026   0.075   0.002   0.004   0.329   0.002   0.000   0.003   0.000 1237938000
14.25    4.48    57.328
14.25 30.00   1.601   4.499
14.25 30.00   6.100    69.312
14.25 30.00   4.989   3.558   6.100   0.587
14.25 30.00   4.993   3.551   6.100   0.578

14.26  0.00   0.440   0.434   0.026   0.075   0.002   0.004   0.329   0.002   0.000   0.003   0.000 1238807000
14.26    4.48    57.318
14.26 30.00   1.600   4.499
14.26 30.00   6.099    69.310
14.26 30.00   4.988   3.558   6.099   0.587
14.26 30.00   4.993   3.550   6.099   0.578

14.27  0.00   0.440   0.434   0.026   0.075   0.002   0.004   0.329   0.002   0.000   0.003   0.000 1239676000
14.27    4.48    57.308
14.27 30.00   1.600   4.499
14.27 30.00   6.099    69.308
14.27 30.00   4.988   3.558   6.099   0.587
14.27 30.00   4.992   3.550   6.099   0.578

14.28  0.00   0.440   0.434   0.026   0.075   0.002   0.004   0.329   0.002   0.000   0.003   0.000 1240544000
14.28    4.47    57.298
14.28 30.00   1.599   4.499
14.28 30.00   6.098    69.305
14.28 30.00   4.988   3.557   6.098   0.587
14.28 30.00   4.992   3.550   6.098   0.578

14.29  0.00   0.440   0.434   0.026   0.075   0.002   0.004   0.329   0.002   0.000   0.003   0.000 1241413000
14.29    4.47    57.288
14.29 30.00   1.599   4.499
14.29 30.00   6.098    69.303
14.29 30.00   4.987   3.557   6.098   0.587
14.29 30.00   4.992   3.550   6.098   0.578

14.30  0.00   0.440   0.434   0.026   0.075   0.002   0.004   0.329   0.002   0.000   0.003   0.000 1242282000
14.30    4.47    57.278
14.30 30.00   1.599   4.499
14.30 30.00   6.097    69.301
14.30 30.00   4.987   3.557   6.097   0.587
14.30 30.00   4.991   3.549   6.097   0.578

14.31  0.00   0.440   0.434   0.026   0.075   0.002   0.004   0.329   0.002   0.000   0.003   0.000 1243151000
14.31    4.47    57.268
14.31 30.00   1.598   4.499
14.31 30.00   6.097    69.299
14.31 30.00   4.987   3.557   6.097   0.587
14.31 30.00   4.991   3.549   6.097   0.578

14.32  0.00   0.440   0.434   0.026   0.075   0.002   0.004   0.329   0.002   0.000   0.003   0.000 1244019000
14.32    4.47    57.258
14.32 30.00   1.598   4.499
14.32 30.00   6.096    69.296
14.32 30.00   4.986   3.556   6.096   0.587
14.32 30.00   4.991   3.549   6.096   0.578

14.33  0.00   0.440   0.434   0.026   0.075   0.002   0.004   0.329   0.002   0.000   0.003   0.000 1244888000
14.33    4.47    57.248
14.33 30.00   1.597   4.499
14.33 30.00   6.096    69.294
14.33 30.00   4.986   3.556   6.096   0.587
14.33 30.00   4.990   3.549   6.096   0.578

14.34  0.00   0.440   0.434   0.026   0.075   0.002   0.004   0.329   0.002   0.000   0.003   0.000 1245757000
14.34    4.47    57.238
14.34 30.00   1.597   4.499
14.34 30.00   6.095    69.292
14.34 30.00   4.985   3.556   6.095   0.587
14.34 30.00   4.990   3.548   6.095   0.578

14.35  0.00   0.440   0.434   0.026   0.075   0.002   0.004   0.329   0.002   0.000   0.003   0.000 1246625000
14.35    4.47    57.228
14.35 30.00   1.596   4.499
14.35 30.00   6.095    69.289
14.35 30.00   4.985   3.556   6.095   0.587
14.35 30.00   4.989   3.548   6.095   0.578

14.36  0.00   0.440   0.434   0.026   0.075   0.002   0.004   0.329   0.002   0.000   0.003   0.000 1247494000
14.36    4.46    57.218
14.36 30.00   1.596   4.499
14.36 30.00   6.095    69.287
14.36 30.00   4.985   3.556   6.095   0.587
14.36 30.00   4.989   3.548   6.095   0.578

14.37  0.00   0.440   0.433   0.026   0.075   0.002   0.004   0.329   0.002   0.000   0.003   0.000 1248363000
14.37    4.46    57.208
14.37 30.00   1.595   4.499
14.37 30.00   6.094    69.285
14.37 30.00   4.984   3.555   6.094   0.587
14.37 30.00   4.989   3.548   6.094   0.578

14.38  0.00   0.440   0.433   0.026   0.075   0.002   0.004   0.329   0.002   0.000   0.003   0.000 1249232000
14.38    4.46    57.198
14.38 30.00   1.595   4.499
14.38 30.00   6.094    69.282
14.38 30.00   4.984   3.555   6.094   0.587
14.38 30.00   4.988   3.547   6.094   0.578

14.39  0.00   0.440   0.433   0.026   0.075   0.002   0.004   0.329   0.002   0.000   0.003   0.000 1250100000
14.39    4.46    57.188
14.39 30.00   1.595   4.499
14.39 30.00   6.093    69.280
14.39 30.00   4.983   3.555   6.093   0.587
14.39 30.00   4.988   3.547   6.093   0.578

14.40  0.00   0.440   0.433   0.026   0.075   0.002   0.004   0.329   0.002   0.000   0.003   0.000 1250969000
14.40    4.46    57.178
14.40 30.00   1.594   4.499
14.40 30.00   6.093    69.278
14.40 30.00   4.983   3.555   6.093   0.587
14.40 30.00   4.988   3.547   6.093   0.578

14.41  0.00   0.440   0.433   0.026   0.075   0.002   0.004   0.329   0.002   0.000   0.003   0.000 1251838000
14.41    4.46    57.168
14.41 30.00   1.594   4.499
14.41 30.00   6.092    69.276
14.41 30.00   4.983   3.554   6.092   0.587
14.41 30.00   4.987   3.547   6.092   0.578

14.42  0.00   0.440   0.433   0.026   0.075   0.002   0.004   0.329   0.002   0.000   0.003   0.000 1252707000
14.42    4.46    57.159
14.42 30.00   1.593   4.499
14.42 30.00   6.092    69.273
14.42 30.00   4.982   3.554   6.092   0.587
14.42 30.00   4.987   3.546   6.092   0.578

14.43  0.00   0.440   0.433   0.026   0.075   0.002   0.004   0.329   0.002   0.000   0.003   0.000 1253575000
14.43    4.46    57.149
14.43 30.00   1.593   4.499
14.43 30.00   6.091    69.271
14.43 30.00   4.982   3.554   6.091   0.587
14.43 30.00   4.986   3.546   6.091   0.578

14.44  0.00   0.440   0.433   0.026   0.075   0.002   0.004   0.329   0.002   0.000   0.003   0.000 1254444000
14.44    4.45    57.139
14.44 30.00   1.592   4.499
14.44 30.00   6.091    69.269
14.44 30.00   4.982   3.554   6.091   0.587
14.44 30.00   4.986   3.546   6.091   0.578

14.45  0.00   0.440   0.433   0.026   0.075   0.002   0.004   0.329   0.002   0.000   0.003   0.000 1255313000
14.45    4.45    57.129
14.45 30.00   1.592   4.499
14.45 30.00   6.091    69.267
14.45 30.00   4.981   3.553   6.091   0.587
14.45 30.00   4.986   3.546   6.091   0.578

14.46  0.00   0.440   0.433   0.026   0.075   0.002   0.004   0.329   0.002   0.000   0.003   0.000 1256182000
14.46    4.45    57.119
14.46 30.00   1.591   4.499
14.46 30.00   6.090    69.264
14.46 30.00   4.981   3.553   6.090   0.587
14.46 30.00   4.985   3.545   6.090   0.578

14.47  0.00   0.440   0.433   0.026   0.075   0.002   0.004   0.329   0.002   0.000   0.003   0.000 1257050000
14.47    4.45    57.109
14.47 30.00   1.591   4.499
14.47 30.00   6.090    69.262
14.47 30.00   4.980   3.553   6.090   0.587
14.47 30.00   4.985   3.545   6.090   0.578

14.48  0.00   0.440   0.433   0.026   0.075   0.002   0.004   0.329   0.002   0.000   0.003   0.000 1257919000
14.48    4.45    57.099
14.48 30.00   1.591   4.499
14.48 30.00   6.089    69.260
14.48 30.00   4.980   3.553   6.089   0.587
14.48 30.00   4.985   3.545   6.089   0.578

14.49  0.00   0.440   0.433   0.026   0.075   0.002   0.004   0.329   0.002   0.000   0.003   0.000 1258788000
14.49    4.45    57.089
14.49 30.00   1.590   4.499
14.49 30.00   6.089    69.258
14.49 30.00   4.980   3.552   6.089   0.587
14.49 30.00   4.984   3.545   6.089   0.578

14.50  0.00   0.440   0.433   0.026   0.075   0.002   0.004   0.329   0.002   0.000   0.003   0.000 1259656000
14.50    4.45    57.080
14.50 30.00   1.590   4.499
14.50 30.00   6.088    69.255
14.50 30.00   4.979   3.552   6.088   0.587
14.50 30.00   4.984   3.544   6.088   0.578

14.51  0.00   0.440   0.433   0.026   0.075   0.002   0.004   0.329   0.002   0.000   0.003   0.000 1260525000
14.51    4.45    57.070
14.51 30.00   1.589   4.499
14.51 30.00   6.088    69.253
14.51 30.00   4.979   3.552   6.088   0.587
14.51 30.00   4.983   3.544   6.088   0.578

14.52  0.00   0.440   0.433   0.026   0.075   0.002   0.004   0.329   0.002   0.000   0.003   0.000 1261394000
14.52    4.44    57.060
14.52 30.00   1.589   4.499
14.52 30.00   6.087    69.251
14.52 30.00   4.979   3.552   6.087   0.587
14.52 30.00   4.983   3.544   6.087   0.578

14.53  0.00   0.440   0.433   0.026   0.075   0.002   0.004   0.329   0.002   0.000   0.003   0.000 1262263000
14.53    4.44    57.050
14.53 30.00   1.588   4.499
14.53 30.00   6.087    69.249
14.53 30.00   4.978   3.551   6.087   0.586
14.53 30.00   4.983   3.544   6.087   0.578

14.54  0.00   0.440   0.433   0.026   0.075   0.002   0.004   0.329   0.002   0.000   0.003   0.000 1263131000
14.54    4.44    57.040
14.54 30.00   1.588   4.499
14.54 30.00   6.087    69.246
14.54 30.00   4.978   3.551   6.087   0.586
14.54 30.00   4.982   3.544   6.087   0.578

14.55  0.00   0.440   0.433   0.026   0.075   0.002   0.004   0.329   0.002   0.000   0.003   0.000 1264000000
14.55    4.44    57.031
14.55 30.00   1.587   4.499
14.55 30.00   6.086    69.244
14.55 30.00   4.978   3.551   6.086   0.586
14.55 30.00   4.982   3.543   6.086   0.578

14.56  0.00   0.440   0.433   0.026   0.075   0.002   0.004   0.329   0.002   0.000   0.003   0.000 1264869000
14.56    4.44    57.021
14.56 30.00   1.587   4.499
14.56 30.00   6.086    69.242
14.56 30.00   4.977   3.551   6.086   0.586
14.56 30.00   4.982   3.543   6.086   0.578

14.57  0.00   0.440   0.433   0.026   0.075   0.002   0.004   0.329   0.002   0.000   0.003   0.000 1265737000
14.57    4.44    57.011
14.57 30.00   1.587   4.499
14.57 30.00   6.085    69.240
14.57 30.00   4.977   3.550   6.085   0.586
14.57 30.00   4.981   3.543   6.085   0.578

14.58  0.00   0.440   0.433   0.026   0.075   0.002   0.004   0.329   0.002   0.000   0.003   0.000 1266606000
14.58    4.44    57.001
14.58 30.00   1.586   4.499
14.58 30.00   6.085    69.237
14.58 30.00   4.976   3.550   6.085   0.586
14.58 30.00   4.981   3.543   6.085   0.578

14.59  0.00   0.440   0.433   0.026   0.075   0.002   0.004   0.329   0.002   0.000   0.003   0.000 1267475000
14.59    4.44    56.991
14.59 30.00   1.586   4.499
14.59 30.00   6.084    69.235
14.59 30.00   4.976   3.550   6.084   0.586
14.59 30.00   4.980   3.542   6.084   0.578

14.60  0.00   0.440   0.433   0.026   0.075   0.002   0.004   0.329   0.002   0.000   0.003   0.000 1268344000
14.60    4.44    56.982
14.60 30.00   1.585   4.499
14.60 30.00   6.084    69.233
14.60 30.00   4.976   3.550   6.084   0.586
14.60 30.00   4.980   3.542   6.084   0.578

14.61  0.00   0.440   0.433   0.026   0.075   0.002   0.004   0.329   0.002   0.000   0.003   0.000 1269212000
14.61    4.43    56.972
14.61 30.00   1.585   4.499
14.61 30.00   6.084    69.231
14.61 30.00   4.975   3.550   6.084   0.586
14.61 30.00   4.980   3.542   6.084   0.578

14.62  0.00   0.440   0.433   0.026   0.075   0.002   0.004   0.329   0.002   0.000   0.003   0.000 1270081000
14.62    4.43    56.962
14.62 30.00   1.584   4.499
14.62 30.00   6.083    69.228
14.62 30.00   4.975   3.549   6.083   0.586
14.62 30.00   4.979   3.542   6.083   0.577

14.63  0.00   0.440   0.433   0.026   0.075   0.002   0.004   0.329   0.002   0.000   0.003   0.000 1270950000
14.63    4.43    56.953
14.63 30.00   1.584   4.499
14.63 30.00   6.083    69.226
14.63 30.00   4.975   3.549   6.083   0.586
14.63 30.00   4.979   3.541   6.083   0.577

14.64  0.00   0.440   0.433   0.026   0.075   0.002   0.004   0.329   0.002   0.000   0.003   0.000 1271819000
14.64    4.43    56.943
14.64 30.00   1.584   4.499
14.64 30.00   6.082    69.224
14.64 30.00   4.974   3.549   6.082   0.586
14.64 30.00   4.979   3.541   6.082   0.577

14.65  0.00   0.440   0.433   0.026   0.075   0.002   0.004   0.329   0.002   0.000   0.003   0.000 1272687000
14.65    4.43    56.933
14.65 30.00   1.583   4.499
14.65 30.00   6.082    69.222
14.65 30.00   4.974   3.549   6.082   0.586
14.65 30.00   4.978   3.541   6.082   0.577

14.66  0.00   0.440   0.433   0.026   0.075   0.002   0.004   0.329   0.002   0.000   0.003   0.000 1273556000
14.66    4.43    56.923
14.66 30.00   1.583   4.499
14.66 30.00   6.081    69.220
14.66 30.00   4.973   3.548   6.081   0.586
14.66 30.00   4.978   3.541   6.081   0.577

14.67  0.00   0.440   0.433   0.026   0.075   0.002   0.004   0.329   0.002   0.000   0.003   0.000 1274425000
14.67    4.43    56.914
14.67 30.00   1.582   4.499
14.67 30.00   6.081    69.217
14.67 30.00   4.973   3.548   6.081   0.586
14.67 30.00   4.978   3.540   6.081   0.577

14.68  0.00   0.440   0.433   0.026   0.075   0.002   0.004   0.329   0.002   0.000   0.003   0.000 1275293000
14.68    4.43    56.904
14.68 30.00   1.582   4.499
14.68 30.00   6.080    69.215
14.68 30.00   4.973   3.548   6.080   0.586
14.68 30.00   4.977   3.540   6.080   0.577

14.69  0.00   0.440   0.433   0.026   0.075   0.002   0.004   0.329   0.002   0.000   0.003   0.000 1276162000
14.69    4.42    56.894
14.69 30.00   1.581   4.499
14.69 30.00   6.080    69.213
14.69 30.00   4.972   3.548   6.080   0.586
14.69 30.00   4.977   3.540   6.080   0.577

14.70  0.00   0.440   0.433   0.026   0.075   0.002   0.004   0.329   0.002   0.000   0.003   0.000 1277031000
14.70    4.42    56.885
14.70 30.00   1.581   4.499
14.70 30.00   6.080    69.211
14.70 30.00   4.972   3.547   6.080   0.586
14.70 30.00   4.976   3.540   6.080   0.577

14.71  0.00   0.440   0.433   0.026   0.075   0.002   0.004   0.329   0.002   0.000   0.003   0.000 1277900000
14.71    4.42    56.875
14.71 30.00   1.581   4.499
14.71 30.00   6.079    69.209
14.71 30.00   4.972   3.547   6.079   0.586
14.71 30.00   4.976   3.540   6.079   0.577

14.72  0.00   0.440   0.433   0.026   0.075   0.002   0.004   0.329   0.002   0.000   0.003   0.000 1278768000
14.72    4.42    56.865
14.72 30.00   1.580   4.499
14.72 30.00   6.079    69.206
14.72 30.00   4.971   3.547   6.079   0.586
14.72 30.00   4.976   3.539   6.079   0.577

14.73  0.00   0.440   0.433   0.026   0.075   0.002   0.004   0.329   0.002   0.000   0.003   0.000 1279637000
14.73    4.42    56.856
14.73 30.00   1.580   4.499
14.73 30.00   6.078    69.204
14.73 30.00   4.971   3.547   6.078   0.586
14.73 30.00   4.975   3.539   6.078   0.577

14.74  0.00   0.440   0.433   0.026   0.075   0.002   0.004   0.329   0.002   0.000   0.003   0.000 1280506000
14.74    4.42    56.846
14.74 30.00   1.579   4.499
14.74 30.00   6.078    69.202
14.74 30.00   4.971   3.547   6.078   0.586
14.74 30.00   4.975   3.539   6.078   0.577

14.75  0.00   0.440   0.433   0.026   0.075   0.002   0.004   0.329   0.002   0.000   0.003   0.000 1281375000
14.75    4.42    56.837
14.75 30.00   1.579   4.499
14.75 30.00   6.077    69.200
14.75 30.00   4.970   3.546   6.077   0.586
14.75 30.00   4.975   3.539   6.077   0.577

14.76  0.00   0.440   0.433   0.026   0.075   0.002   0.004   0.329   0.002   0.000   0.003   0.000 1282243000
14.76    4.42    56.827
14.76 30.00   1.578   4.499
14.76 30.00   6.077    69.198
14.76 30.00   4.970   3.546   6.077   0.586
14.76 30.00   4.974   3.538   6.077   0.577

14.77  0.00   0.440   0.433   0.026   0.075   0.002   0.004   0.329   0.002   0.000   0.003   0.000 1283112000
14.77    4.42    56.817
14.77 30.00   1.578   4.499
14.77 30.00   6.077    69.196
14.77 30.00   4.970   3.546   6.077   0.586
14.77 30.00   4.974   3.538   6.077   0.577

14.78  0.00   0.440   0.433   0.026   0.075   0.002   0.004   0.329   0.002   0.000   0.003   0.000 1283981000
14.78    4.41    56.808
14.78 30.00   1.578   4.499
14.78 30.00   6.076    69.193
14.78 30.00   4.969   3.546   6.076   0.586
14.78 30.00   4.974   3.538   6.076   0.577

14.79  0.00   0.439   0.433   0.026   0.075   0.002   0.004   0.329   0.002   0.000   0.003   0.000 1284850000
14.79    4.41    56.798
14.79 30.00   1.577   4.499
14.79 30.00   6.076    69.191
14.79 30.00   4.969   3.545   6.076   0.586
14.79 30.00   4.973   3.538   6.076   0.577

14.80  0.00   0.439   0.433   0.026   0.075   0.002   0.004   0.329   0.002   0.000   0.003   0.000 1285718000
14.80    4.41    56.789
14.80 30.00   1.577   4.499
14.80 30.00   6.075    69.189
14.80 30.00   4.968   3.545   6.075   0.586
14.80 30.00   4.973   3.537   6.075   0.577

14.81  0.00   0.439   0.433   0.026   0.075   0.002   0.004   0.329   0.002   0.000   0.003   0.000 1286587000
14.81    4.41    56.779
14.81 30.00   1.576   4.499
14.81 30.00   6.075    69.187
14.81 30.00   4.968   3.545   6.075   0.586
14.81 30.00   4.972   3.537   6.075   0.577

14.82  0.00   0.439   0.433   0.026   0.075   0.002   0.004   0.329   0.002   0.000   0.003   0.000 1287456000
14.82    4.41    56.770
14.82 30.00   1.576   4.499
14.82 30.00   6.075    69.185
14.82 30.00   4.968   3.545   6.075   0.586
14.82 30.00   4.972   3.537   6.075   0.577

14.83  0.00   0.439   0.433   0.026   0.075   0.002   0.004   0.329   0.002   0.000   0.003   0.000 1288324000
14.83    4.41    56.760
14.83 30.00   1.575   4.499
14.83 30.00   6.074    69.183
14.83 30.00   4.967   3.544   6.074   0.586
14.83 30.00   4.972   3.537   6.074   0.577

14.84  0.00   0.439   0.433   0.026   0.075   0.002   0.004   0.329   0.002   0.000   0.003   0.000 1289193000
14.84    4.41    56.751
14.84 30.00   1.575   4.499
14.84 30.00   6.074    69.180
14.84 30.00   4.967   3.544   6.074   0.586
14.84 30.00   4.971   3.537   6.074   0.577

14.85  0.00   0.439   0.433   0.026   0.075   0.002   0.004   0.329   0.002   0.000   0.003   0.000 1290062000
14.85    4.41    56.741
14.85 30.00   1.575   4.499
14.85 30.00   6.073    69.178
14.85 30.00   4.967   3.544   6.073   0.586
14.85 30.00   4.971   3.536   6.073   0.577

14.86  0.00   0.439   0.433   0.026   0.075   0.002   0.004   0.329   0.002   0.000   0.003   0.000 1290931000
14.86    4.40    56.732
14.86 30.00   1.574   4.499
14.86 30.00   6.073    69.176
14.86 30.00   4.966   3.544   6.073   0.586
14.86 30.00   4.971   3.536   6.073   0.577

14.87  0.00   0.439   0.433   0.026   0.075   0.002   0.004   0.329   0.002   0.000   0.003   0.000 1291799000
14.87    4.40    56.722
14.87 30.00   1.574   4.499
14.87 30.00   6.072    69.174
14.87 30.00   4.966   3.544   6.072   0.586
14.87 30.00   4.970   3.536   6.072   0.577

14.88  0.00   0.439   0.433   0.026   0.075   0.002   0.004   0.329   0.002   0.000   0.003   0.000 1292668000
14.88    4.40    56.713
14.88 30.00   1.573   4.499
14.88 30.00   6.072    69.172
14.88 30.00   4.966   3.543   6.072   0.586
14.88 30.00   4.970   3.536   6.072   0.577

14.89  0.00   0.439   0.433   0.026   0.075   0.002   0.004   0.329   0.002   0.000   0.003   0.000 1293537000
14.89    4.40    56.703
14.89 30.00   1.573   4.499
14.89 30.00   6.072    69.170
14.89 30.00   4.965   3.543   6.072   0.586
14.89 30.00   4.970   3.535   6.072   0.577

14.90  0.00   0.439   0.433   0.026   0.075   0.002   0.004   0.329   0.002   0.000   0.003   0.000 1294406000
14.90    4.40    56.694
14.90 30.00   1.572   4.499
14.90 30.00   6.071    69.168
14.90 30.00   4.965   3.543   6.071   0.586
14.90 30.00   4.969   3.535   6.071   0.577

14.91  0.00   0.439   0.433   0.026   0.075   0.002   0.004   0.329   0.002   0.000   0.003   0.000 1295274000
14.91    4.40    56.684
14.91 30.00   1.572   4.499
14.91 30.00   6.071    69.165
14.91 30.00   4.965   3.543   6.071   0.586
14.91 30.00   4.969   3.535   6.071   0.577

14.92  0.00   0.439   0.433   0.026   0.075   0.002   0.004   0.329   0.002   0.000   0.003   0.000 1296143000
14.92    4.40    56.675
14.92 30.00   1.572   4.499
14.92 30.00   6.070    69.163
14.92 30.00   4.964   3.542   6.070   0.586
14.92 30.00   4.969   3.535   6.070   0.577

14.93  0.00   0.439   0.433   0.026   0.075   0.002   0.004   0.329   0.002   0.000   0.003   0.000 1297012000
14.93    4.40    56.665
14.93 30.00   1.571   4.499
14.93 30.00   6.070    69.161
14.93 30.00   4.964   3.542   6.070   0.586
14.93 30.00   4.968   3.535   6.070   0.577

14.94  0.00   0.439   0.433   0.026   0.075   0.002   0.004   0.329   0.002   0.000   0.003   0.000 1297880000
14.94    4.40    56.656
14.94 30.00   1.571   4.499
14.94 30.00   6.069    69.159
14.94 30.00   4.963   3.542   6.069   0.586
14.94 30.00   4.968   3.534   6.069   0.577

14.95  0.00   0.439   0.433   0.026   0.075   0.002   0.004   0.329   0.002   0.000   0.003   0.000 1298749000
14.95    4.39    56.646
14.95 30.00   1.570   4.499
14.95 30.00   6.069    69.157
14.95 30.00   4.963   3.542   6.069   0.586
14.95 30.00   4.968   3.534   6.069   0.577

14.96  0.00   0.439   0.433   0.026   0.075   0.002   0.004   0.329   0.002   0.000   0.003   0.000 1299618000
14.96    4.39    56.637
14.96 30.00   1.570   4.499
14.96 30.00   6.069    69.155
14.96 30.00   4.963   3.542   6.069   0.586
14.96 30.00   4.967   3.534   6.069   0.577

14.97  0.00   0.439   0.433   0.026   0.075   0.002   0.004   0.329   0.002   0.000   0.003   0.000 1300487000
14.97    4.39    56.628
14.97 30.00   1.570   4.499
14.97 30.00   6.068    69.153
14.97 30.00   4.962   3.541   6.068   0.586
14.97 30.00   4.967   3.534   6.068   0.577

14.98  0.00   0.439   0.433   0.026   0.075   0.002   0.004   0.329   0.002   0.000   0.003   0.000 1301355000
14.98    4.39    56.618
14.98 30.00   1.569   4.499
14.98 30.00   6.068    69.151
14.98 30.00   4.962   3.541   6.068   0.586
14.98 30.00   4.966   3.533   6.068   0.577

14.99  0.00   0.439   0.433   0.026   0.075   0.002   0.004   0.329   0.002   0.000   0.003   0.000 1302224000
14.99    4.39    56.609
14.99 30.00   1.569   4.499
14.99 30.00   6.067    69.148
14.99 30.00   4.962   3.541   6.067   0.586
14.99 30.00   4.966   3.533   6.067   0.577

15.00  0.00   0.439   0.433   0.026   0.075   0.002   0.004   0.329   0.002   0.000   0.003   0.000 1303093000
15.00    4.39    56.599
15.00 30.00   1.568   4.499
15.00 30.00   6.067    69.146
15.00 30.00   4.961   3.541   6.067   0.586
15.00 30.00   4.966   3.533   6.067   0.577

15.01  0.00   0.439   0.433   0.026   0.075   0.002   0.004   0.329   0.002   0.000   0.003   0.000 1303961000
15.01    4.39    56.590
15.01 30.00   1.568   4.499
15.01 30.00   6.067    69.144
15.01 30.00   4.961   3.540   6.067   0.586
15.01 30.00   4.965   3.533   6.067   0.577

15.02  0.00   0.439   0.433   0.026   0.075   0.002   0.004   0.329   0.002   0.000   0.003   0.000 1304830000
15.02    4.39    56.581
15.02 30.00   1.567   4.499
15.02 30.00   6.066    69.142
15.02 30.00   4.961   3.540   6.066   0.586
15.02 30.00   4.965   3.533   6.066   0.577

15.03  0.00   0.439   0.433   0.026   0.075   0.002   0.004   0.329   0.002   0.000   0.003   0.000 1305699000
15.03    4.39    56.571
15.03 30.00   1.567   4.499
15.03 30.00   6.066    69.140
15.03 30.00   4.960   3.540   6.066   0.586
15.03 30.00   4.965   3.532   6.066   0.577

15.04  0.00   0.439   0.433   0.026   0.075   0.002   0.004   0.329   0.002   0.000   0.003   0.000 1306568000
15.04    4.38    56.562
15.04 30.00   1.567   4.499
15.04 30.00   6.065    69.138
15.04 30.00   4.960   3.540   6.065   0.586
15.04 30.00   4.964   3.532   6.065   0.577

15.05  0.00   0.439   0.432   0.026   0.075   0.002   0.004   0.329   0.002   0.000   0.003   0.000 1307436000
15.05    4.38    56.553
15.05 30.00   1.566   4.499
15.05 30.00   6.065    69.136
15.05 30.00   4.960   3.540   6.065   0.585
15.05 30.00   4.964   3.532   6.065   0.577

15.06  0.00   0.439   0.432   0.026   0.075   0.002   0.004   0.329   0.002   0.000   0.003   0.000 1308305000
15.06    4.38    56.543
15.06 30.00   1.566   4.499
15.06 30.00   6.065    69.134
15.06 30.00   4.959   3.539   6.065   0.585
15.06 30.00   4.964   3.532   6.065   0.577

15.07  0.00   0.439   0.432   0.026   0.075   0.002   0.004   0.329   0.002   0.000   0.003   0.000 1309174000
15.07    4.38    56.534
15.07 30.00   1.565   4.499
15.07 30.00   6.064    69.132
15.07 30.00   4.959   3.539   6.064   0.585
15.07 30.00   4.963   3.531   6.064   0.577

15.08  0.00   0.439   0.432   0.026   0.075   0.002   0.004   0.329   0.002   0.000   0.003   0.000 1310043000
15.08    4.38    56.525
15.08 30.00   1.565   4.499
15.08 30.00   6.064    69.130
15.08 30.00   4.959   3.539   6.064   0.585
15.08 30.00   4.963   3.531   6.064   0.577

15.09  0.00   0.439   0.432   0.026   0.075   0.002   0.004   0.329   0.002   0.000   0.003   0.000 1310911000
15.09    4.38    56.515
15.09 30.00   1.565   4.499
15.09 30.00   6.063    69.127
15.09 30.00   4.958   3.539   6.063   0.585
15.09 30.00   4.963   3.531   6.063   0.577

15.10  0.00   0.439   0.432   0.026   0.075   0.002   0.004   0.329   0.002   0.000   0.003   0.000 1311780000
15.10    4.38    56.506
15.10 30.00   1.564   4.499
15.10 30.00   6.063    69.125
15.10 30.00   4.958   3.538   6.063   0.585
15.10 30.00   4.962   3.531   6.063   0.577

15.11  0.00   0.439   0.432   0.026   0.075   0.002   0.004   0.329   0.002   0.000   0.003   0.000 1312649000
15.11    4.38    56.497
15.11 30.00   1.564   4.499
15.11 30.00   6.062    69.123
15.11 30.00   4.958   3.538   6.062   0.585
15.11 30.00   4.962   3.531   6.062   0.577

15.12  0.00   0.439   0.432   0.026   0.075   0.002   0.004   0.329   0.002   0.000   0.003   0.000 1313518000
15.12    4.38    56.488
15.12 30.00   1.563   4.499
15.12 30.00   6.062    69.121
15.12 30.00   4.957   3.538   6.062   0.585
15.12 30.00   4.962   3.530   6.062   0.577

15.13  0.00   0.439   0.432   0.026   0.075   0.002   0.004   0.329   0.002   0.000   0.003   0.000 1314386000
15.13    4.37    56.478
15.13 30.00   1.563   4.499
15.13 30.00   6.062    69.119
15.13 30.00   4.957   3.538   6.062   0.585
15.13 30.00   4.961   3.530   6.062   0.577

15.14  0.00   0.439   0.432   0.026   0.075   0.002   0.004   0.329   0.002   0.000   0.003   0.000 1315255000
15.14    4.37    56.469
15.14 30.00   1.563   4.499
15.14 30.00   6.061    69.117
15.14 30.00   4.957   3.538   6.061   0.585
15.14 30.00   4.961   3.530   6.061   0.576

15.15  0.00   0.439   0.432   0.026   0.075   0.002   0.004   0.329   0.002   0.000   0.003   0.000 1316124000
15.15    4.37    56.460
15.15 30.00   1.562   4.499
15.15 30.00   6.061    69.115
15.15 30.00   4.956   3.537   6.061   0.585
15.15 30.00   4.961   3.530   6.061   0.576

15.16  0.00   0.439   0.432   0.026   0.075   0.002   0.004   0.329   0.002   0.000   0.003   0.000 1316992000
15.16    4.37    56.451
15.16 30.00   1.562   4.499
15.16 30.00   6.060    69.113
15.16 30.00   4.956   3.537   6.060   0.585
15.16 30.00   4.960   3.529   6.060   0.576

15.17  0.00   0.439   0.432   0.026   0.075   0.002   0.004   0.328   0.002   0.000   0.003   0.000 1317861000
15.17    4.37    56.441
15.17 30.00   1.561   4.499
15.17 30.00   6.060    69.111
15.17 30.00   4.956   3.537   6.060   0.585
15.17 30.00   4.960   3.529   6.060   0.576

15.18  0.00   0.439   0.432   0.026   0.075   0.002   0.004   0.328   0.002   0.000   0.003   0.000 1318730000
15.18    4.37    56.432
15.18 30.00   1.561   4.499
15.18 30.00   6.060    69.109
15.18 30.00   4.955   3.537   6.060   0.585
15.18 30.00   4.960   3.529   6.060   0.576

15.19  0.00   0.439   0.432   0.026   0.075   0.002   0.004   0.328   0.002   0.000   0.003   0.000 1319599000
15.19    4.37    56.423
15.19 30.00   1.561   4.499
15.19 30.00   6.059    69.107
15.19 30.00   4.955   3.536   6.059   0.585
15.19 30.00   4.959   3.529   6.059   0.576

15.20  0.00   0.439   0.432   0.026   0.075   0.002   0.004   0.328   0.002   0.000   0.003   0.000 1320467000
15.20    4.37    56.414
15.20 30.00   1.560   4.499
15.20 30.00   6.059    69.105
15.20 30.00   4.954   3.536   6.059   0.585
15.20 30.00   4.959   3.529   6.059   0.576

15.21  0.00   0.439   0.432   0.026   0.075   0.002   0.004   0.328   0.002   0.000   0.003   0.000 1321336000
15.21    4.37    56.405
15.21 30.00   1.560   4.499
15.21 30.00   6.058    69.103
15.21 30.00   4.954   3.536   6.058   0.585
15.21 30.00   4.959   3.528   6.058   0.576

15.22  0.00   0.439   0.432   0.026   0.075   0.002   0.004   0.328   0.002   0.000   0.003   0.000 1322205000
15.22    4.36    56.395
15.22 30.00   1.559   4.499
15.22 30.00   6.058    69.101
15.22 30.00   4.954   3.536   6.058   0.585
15.22 30.00   4.958   3.528   6.058   0.576

15.23  0.00   0.439   0.432   0.026   0.075   0.002   0.004   0.328   0.002   0.000   0.003   0.000 1323074000
15.23    4.36    56.386
15.23 30.00   1.559   4.499
15.23 30.00   6.058    69.099
15.23 30.00   4.953   3.536   6.058   0.585
15.23 30.00   4.958   3.528   6.058   0.576

15.24  0.00   0.439   0.432   0.026   0.075   0.002   0.004   0.328   0.002   0.000   0.003   0.000 1323942000
15.24    4.36    56.377
15.24 30.00   1.559   4.499
15.24 30.00   6.057    69.096
15.24 30.00   4.953   3.535   6.057   0.585
15.24 30.00   4.958   3.528   6.057   0.576

15.25  0.00   0.439   0.432   0.026   0.075   0.002   0.004   0.328   0.002   0.000   0.003   0.000 1324811000
15.25    4.36    56.368
15.25 30.00   1.558   4.499
15.25 30.00   6.057    69.094
15.25 30.00   4.953   3.535   6.057   0.585
15.25 30.00   4.957   3.527   6.057   0.576

15.26  0.00   0.439   0.432   0.026   0.075   0.002   0.004   0.328   0.002   0.000   0.003   0.000 1325680000
15.26    4.36    56.359
15.26 30.00   1.558   4.499
15.26 30.00   6.056    69.092
15.26 30.00   4.952   3.535   6.056   0.585
15.26 30.00   4.957   3.527   6.056   0.576

15.27  0.00   0.439   0.432   0.026   0.075   0.002   0.004   0.328   0.002   0.000   0.003   0.000 1326548000
15.27    4.36    56.350
15.27 30.00   1.557   4.499
15.27 30.00   6.056    69.090
15.27 30.00   4.952   3.535   6.056   0.585
15.27 30.00   4.957   3.527   6.056   0.576

15.28  0.00   0.439   0.432   0.026   0.075   0.002   0.004   0.328   0.002   0.000   0.003   0.000 1327417000
15.28    4.36    56.341
15.28 30.00   1.557   4.499
15.28 30.00   6.056    69.088
15.28 30.00   4.952   3.534   6.056   0.585
15.28 30.00   4.956   3.527   6.056   0.576

15.29  0.00   0.439   0.432   0.026   0.075   0.002   0.004   0.328   0.002   0.000   0.003   0.000 1328286000
15.29    4.36    56.331
15.29 30.00   1.557   4.499
15.29 30.00   6.055    69.086
15.29 30.00   4.951   3.534   6.055   0.585
15.29 30.00   4.956   3.527   6.055   0.576

15.30  0.00   0.439   0.432   0.026   0.075   0.002   0.004   0.328   0.002   0.000   0.003   0.000 1329155000
15.30    4.36    56.322
15.30 30.00   1.556   4.499
15.30 30.00   6.055    69.084
15.30 30.00   4.951   3.534   6.055   0.585
15.30 30.00   4.956   3.526   6.055   0.576

15.31  0.00   0.439   0.432   0.026   0.075   0.002   0.004   0.328   0.002   0.000   0.003   0.000 1330023000
15.31    4.35    56.313
15.31 30.00   1.556   4.499
15.31 30.00   6.054    69.082
15.31 30.00   4.951   3.534   6.054   0.585
15.31 30.00   4.955   3.526   6.054   0.576

15.32  0.00   0.439   0.432   0.026   0.075   0.002   0.004   0.328   0.002   0.000   0.003   0.000 1330892000
15.32    4.35    56.304
15.32 30.00   1.555   4.499
15.32 30.00   6.054    69.080
15.32 30.00   4.950   3.534   6.054   0.585
15.32 30.00   4.955   3.526   6.054   0.576

15.33  0.00   0.439   0.432   0.026   0.075   0.002   0.004   0.328   0.002   0.000   0.003   0.000 1331761000
15.33    4.35    56.295
15.33 30.00   1.555   4.499
15.33 30.00   6.054    69.078
15.33 30.00   4.950   3.533   6.054   0.585
15.33 30.00   4.955   3.526   6.054   0.576

15.34  0.00   0.439   0.432   0.026   0.075   0.002   0.004   0.328   0.002   0.000   0.003   0.000 1332630000
15.34    4.35    56.286
15.34 30.00   1.555   4.499
15.34 30.00   6.053    69.076
15.34 30.00   4.950   3.533   6.053   0.585
15.34 30.00   4.954   3.526   6.053   0.576

15.35  0.00   0.439   0.432   0.026   0.075   0.002   0.004   0.328   0.002   0.000   0.003   0.000 1333498000
15.35    4.35    56.277
15.35 30.00   1.554   4.499
15.35 30.00   6.053    69.074
15.35 30.00   4.949   3.533   6.053   0.585
15.35 30.00   4.954   3.525   6.053   0.576

15.36  0.00   0.439   0.432   0.026   0.075   0.002   0.004   0.328   0.002   0.000   0.003   0.000 1334367000
15.36    4.35    56.268
15.36 30.00   1.554   4.499
15.36 30.00   6.052    69.072
15.36 30.00   4.949   3.533   6.052   0.585
15.36 30.00   4.954   3.525   6.052   0.576

15.37  0.00   0.439   0.432   0.026   0.075   0.002   0.004   0.328   0.002   0.000   0.003   0.000 1335236000
15.37    4.35    56.259
15.37 30.00   1.553   4.499
15.37 30.00   6.052    69.070
15.37 30.00   4.949   3.533   6.052   0.585
15.37 30.00   4.953   3.525   6.052   0.576

15.38  0.00   0.439   0.432   0.026   0.075   0.002   0.004   0.328   0.002   0.000   0.003   0.000 1336104000
15.38    4.35    56.250
15.38 30.00   1.553   4.499
15.38 30.00   6.052    69.068
15.38 30.00   4.948   3.532   6.052   0.585
15.38 30.00   4.953   3.525   6.052   0.576

15.39  0.00   0.439   0.432   0.026   0.075   0.002   0.004   0.328   0.002   0.000   0.003   0.000 1336973000
15.39    4.35    56.241
15.39 30.00   1.553   4.499
15.39 30.00   6.051    69.066
15.39 30.00   4.948   3.532   6.051   0.585
15.39 30.00   4.953   3.524   6.051   0.576

15.40  0.00   0.439   0.432   0.026   0.075   0.002   0.004   0.328   0.002   0.000   0.003   0.000 1337842000
15.40    4.35    56.232
15.40 30.00   1.552   4.499
15.40 30.00   6.051    69.064
15.40 30.00   4.948   3.532   6.051   0.585
15.40 30.00   4.952   3.524   6.051   0.576

15.41  0.00   0.439   0.432   0.026   0.075   0.002   0.004   0.328   0.002   0.000   0.003   0.000 1338711000
15.41    4.34    56.223
15.41 30.00   1.552   4.499
15.41 30.00   6.050    69.062
15.41 30.00   4.947   3.532   6.050   0.585
15.41 30.00   4.952   3.524   6.050   0.576

15.42  0.00   0.439   0.432   0.026   0.075   0.002   0.004   0.328   0.002   0.000   0.003   0.000 1339579000
15.42    4.34    56.214
15.42 30.00   1.551   4.499
15.42 30.00   6.050    69.060
15.42 30.00   4.947   3.531   6.050   0.585
15.42 30.00   4.952   3.524   6.050   0.576

15.43  0.00   0.439   0.432   0.026   0.075   0.002   0.004   0.328   0.002   0.000   0.003   0.000 1340448000
15.43    4.34    56.205
15.43 30.00   1.551   4.499
15.43 30.00   6.050    69.058
15.43 30.00   4.947   3.531   6.050   0.585
15.43 30.00   4.951   3.524   6.050   0.576

15.44  0.00   0.439   0.432   0.026   0.075   0.002   0.004   0.328   0.002   0.000   0.003   0.000 1341317000
15.44    4.34    56.196
15.44 30.00   1.551   4.499
15.44 30.00   6.049    69.056
15.44 30.00   4.946   3.531   6.049   0.585
15.44 30.00   4.951   3.523   6.049   0.576

15.45  0.00   0.439   0.432   0.026   0.075   0.002   0.004   0.328   0.002   0.000   0.003   0.000 1342186000
15.45    4.34    56.187
15.45 30.00   1.550   4.499
15.45 30.00   6.049    69.054
15.45 30.00   4.946   3.531   6.049   0.585
15.45 30.00   4.951   3.523   6.049   0.576

15.46  0.00   0.439   0.432   0.026   0.075   0.002   0.004   0.328   0.002   0.000   0.003   0.000 1343054000
15.46    4.34    56.178
15.46 30.00   1.550   4.499
15.46 30.00   6.048    69.052
15.46 30.00   4.946   3.531   6.048   0.585
15.46 30.00   4.950   3.523   6.048   0.576

15.47  0.00   0.439   0.432   0.026   0.075   0.002   0.004   0.328   0.002   0.000   0.003   0.000 1343923000
15.47    4.34    56.169
15.47 30.00   1.549   4.499
15.47 30.00   6.048    69.050
15.47 30.00   4.945   3.530   6.048   0.585
15.47 30.00   4.950   3.523   6.048   0.576

15.48  0.00   0.439   0.432   0.026   0.075   0.002   0.004   0.328   0.002   0.000   0.003   0.000 1344792000
15.48    4.34    56.160
15.48 30.00   1.549   4.499
15.48 30.00   6.048    69.048
15.48 30.00   4.945   3.530   6.048   0.585
15.48 30.00   4.950   3.523   6.048   0.576

15.49  0.00   0.439   0.432   0.026   0.075   0.002   0.004   0.328   0.002   0.000   0.003   0.000 1345660000
15.49    4.34    56.151
15.49 30.00   1.549   4.499
15.49 30.00   6.047    69.046
15.49 30.00   4.945   3.530   6.047   0.585
15.49 30.00   4.949   3.522   6.047   0.576

15.50  0.00   0.438   0.432   0.026   0.075   0.002   0.004   0.328   0.002   0.000   0.003   0.000 1346529000
15.50    4.33    56.142
15.50 30.00   1.548   4.499
15.50 30.00   6.047    69.044
15.50 30.00   4.944   3.530   6.047   0.585
15.50 30.00   4.949   3.522   6.047   0.576

15.51  0.00   0.438   0.432   0.026   0.075   0.002   0.004   0.328   0.002   0.000   0.003   0.000 1347398000
15.51    4.33    56.133
15.51 30.00   1.548   4.499
15.51 30.00   6.047    69.042
15.51 30.00   4.944   3.530   6.047   0.585
15.51 30.00   4.949   3.522   6.047   0.576

15.52  0.00   0.438   0.432   0.026   0.075   0.002   0.004   0.328   0.002   0.000   0.003   0.000 1348267000
15.52    4.33    56.124
15.52 30.00   1.547   4.499
15.52 30.00   6.046    69.040
15.52 30.00   4.944   3.529   6.046   0.585
15.52 30.00   4.948   3.522   6.046   0.576

15.53  0.00   0.438   0.432   0.026   0.075   0.002   0.004   0.328   0.002   0.000   0.003   0.000 1349135000
15.53    4.33    56.115
15.53 30.00   1.547   4.499
15.53 30.00   6.046    69.038
15.53 30.00   4.943   3.529   6.046   0.585
15.53 30.00   4.948   3.522   6.046   0.576

15.54  0.00   0.438   0.432   0.026   0.075   0.002   0.004   0.328   0.002   0.000   0.002   0.000 1350004000
15.54    4.33    56.106
15.54 30.00   1.547   4.499
15.54 30.00   6.045    69.036
15.54 30.00   4.943   3.529   6.045   0.585
15.54 30.00   4.948   3.521   6.045   0.576

15.55  0.00   0.438   0.432   0.026   0.075   0.002   0.004   0.328   0.002   0.000   0.002   0.000 1350873000
15.55    4.33    56.097
15.55 30.00   1.546   4.499
15.55 30.00   6.045    69.034
15.55 30.00   4.943   3.529   6.045   0.585
15.55 30.00   4.947   3.521   6.045   0.576

15.56  0.00   0.438   0.432   0.026   0.075   0.002   0.004   0.328   0.002   0.000   0.002   0.000 1351742000
15.56    4.33    56.088
15.56 30.00   1.546   4.499
15.56 30.00   6.045    69.032
15.56 30.00   4.942   3.529   6.045   0.585
15.56 30.00   4.947   3.521   6.045   0.576

15.57  0.00   0.438   0.432   0.026   0.075   0.002   0.004   0.328   0.002   0.000   0.002   0.000 1352610000
15.57    4.33    56.079
15.57 30.00   1.546   4.499
15.57 30.00   6.044    69.030
15.57 30.00   4.942   3.528   6.044   0.585
15.57 30.00   4.947   3.521   6.044   0.576

15.58  0.00   0.438   0.432   0.026   0.075   0.002   0.004   0.328   0.002   0.000   0.002   0.000 1353479000
15.58    4.33    56.071
15.58 30.00   1.545   4.499
15.58 30.00   6.044    69.028
15.58 30.00   4.942   3.528   6.044   0.585
15.58 30.00   4.946   3.520   6.044   0.576

15.59  0.00   0.438   0.432   0.026   0.075   0.002   0.004   0.328   0.002   0.000   0.002   0.000 1354348000
15.59    4.33    56.062
15.59 30.00   1.545   4.499
15.59 30.00   6.043    69.026
15.59 30.00   4.942   3.528   6.043   0.585
15.59 30.00   4.946   3.520   6.043   0.576

15.60  0.00   0.438   0.432   0.026   0.075   0.002   0.004   0.328   0.002   0.000   0.002   0.000 1355217000
15.60    4.32    56.053
15.60 30.00   1.544   4.499
15.60 30.00   6.043    69.024
15.60 30.00   4.941   3.528   6.043   0.584
15.60 30.00   4.946   3.520   6.043   0.576

15.61  0.00   0.438   0.432   0.026   0.075   0.002   0.004   0.328   0.002   0.000   0.002   0.000 1356085000
15.61    4.32    56.044
15.61 30.00   1.544   4.499
15.61 30.00   6.043    69.022
15.61 30.00   4.941   3.528   6.043   0.584
15.61 30.00   4.945   3.520   6.043   0.576

15.62  0.00   0.438   0.432   0.026   0.074   0.002   0.004   0.328   0.002   0.000   0.002   0.000 1356954000
15.62    4.32    56.035
15.62 30.00   1.544   4.499
15.62 30.00   6.042    69.021
15.62 30.00   4.941   3.527   6.042   0.584
15.62 30.00   4.945   3.520   6.042   0.576

15.63  0.00   0.438   0.432   0.026   0.074   0.001   0.004   0.328   0.002   0.000   0.002   0.000 1357823000
15.63    4.32    56.026
15.63 30.00   1.543   4.499
15.63 30.00   6.042    69.019
15.63 30.00   4.940   3.527   6.042   0.584
15.63 30.00   4.945   3.519   6.042   0.576

15.64  0.00   0.438   0.432   0.026   0.074   0.001   0.004   0.328   0.002   0.000   0.002   0.000 1358691000
15.64    4.32    56.018
15.64 30.00   1.543   4.499
15.64 30.00   6.042    69.017
15.64 30.00   4.940   3.527   6.042   0.584
15.64 30.00   4.944   3.519   6.042   0.576

15.65  0.00   0.438   0.432   0.026   0.074   0.001   0.004   0.328   0.002   0.000   0.002   0.000 1359560000
15.65    4.32    56.009
15.65 30.00   1.542   4.499
15.65 30.00   6.041    69.015
15.65 30.00   4.940   3.527   6.041   0.584
15.65 30.00   4.944   3.519   6.041   0.576

15.66  0.00   0.438   0.432   0.026   0.074   0.001   0.004   0.328   0.002   0.000   0.002   0.000 1360429000
15.66    4.32    56.000
15.66 30.00   1.542   4.499
15.66 30.00   6.041    69.013
15.66 30.00   4.939   3.526   6.041   0.584
15.66 30.00   4.944   3.519   6.041   0.576

15.67  0.00   0.438   0.432   0.026   0.074   0.001   0.004   0.328   0.002   0.000   0.002   0.000 1361298000
15.67    4.32    55.991
15.67 30.00   1.542   4.499
15.67 30.00   6.040    69.011
15.67 30.00   4.939   3.526   6.040   0.584
15.67 30.00   4.943   3.519   6.040   0.576

15.68  0.00   0.438   0.432   0.026   0.074   0.001   0.004   0.328   0.002   0.000   0.002   0.000 1362166000
15.68    4.32    55.982
15.68 30.00   1.541   4.499
15.68 30.00   6.040    69.009
15.68 30.00   4.939   3.526   6.040   0.584
15.68 30.00   4.943   3.518   6.040   0.576

15.69  0.00   0.438   0.432   0.026   0.074   0.001   0.004   0.328   0.002   0.000   0.002   0.000 1363035000
15.69    4.32    55.974
15.69 30.00   1.541   4.499
15.69 30.00   6.040    69.007
15.69 30.00   4.938   3.526   6.040   0.584
15.69 30.00   4.943   3.518   6.040   0.576

15.70  0.00   0.438   0.432   0.026   0.074   0.001   0.004   0.328   0.002   0.000   0.002   0.000 1363904000
15.70    4.31    55.965
15.70 30.00   1.541   4.499
15.70 30.00   6.039    69.005
15.70 30.00   4.938   3.526   6.039   0.584
15.70 30.00   4.942   3.518   6.039   0.575

15.71  0.00   0.438   0.432   0.026   0.074   0.001   0.004   0.328   0.002   0.000   0.002   0.000 1364772000
15.71    4.31    55.956
15.71 30.00   1.540   4.499
15.71 30.00   6.039    69.003
15.71 30.00   4.938   3.525   6.039   0.584
15.71 30.00   4.942   3.518   6.039   0.575

15.72  0.00   0.438   0.432   0.026   0.074   0.001   0.004   0.328   0.002   0.000   0.002   0.000 1365641000
15.72    4.31    55.947
15.72 30.00   1.540   4.499
15.72 30.00   6.038    69.001
15.72 30.00   4.937   3.525   6.038   0.584
15.72 30.00   4.942   3.518   6.038   0.575

15.73  0.00   0.438   0.432   0.026   0.074   0.001   0.004   0.328   0.002   0.000   0.002   0.000 1366510000
15.73    4.31    55.938
15.73 30.00   1.539   4.499
15.73 30.00   6.038    68.999
15.73 30.00   4.937   3.525   6.038   0.584
15.73 30.00   4.941   3.517   6.038   0.575

15.74  0.00   0.438   0.432   0.026   0.074   0.001   0.004   0.328   0.002   0.000   0.002   0.000 1367379000
15.74    4.31    55.930
15.74 30.00   1.539   4.499
15.74 30.00   6.038    68.997
15.74 30.00   4.937   3.525   6.038   0.584
15.74 30.00   4.941   3.517   6.038   0.575

15.75  0.00   0.438   0.432   0.026   0.074   0.001   0.004   0.328   0.002   0.000   0.002   0.000 1368247000
15.75    4.31    55.921
15.75 30.00   1.539   4.499
15.75 30.00   6.037    68.995
15.75 30.00   4.936   3.525   6.037   0.584
15.75 30.00   4.941   3.517   6.037   0.575

15.76  0.00   0.438   0.432   0.026   0.074   0.001   0.004   0.328   0.002   0.000   0.002   0.000 1369116000
15.76    4.31    55.912
15.76 30.00   1.538   4.499
15.76 30.00   6.037    68.993
15.76 30.00   4.936   3.524   6.037   0.584
15.76 30.00   4.940   3.517   6.037   0.575

15.77  0.00   0.438   0.432   0.026   0.074   0.001   0.004   0.328   0.002   0.000   0.002   0.000 1369985000
15.77    4.31    55.904
15.77 30.00   1.538   4.499
15.77 30.00   6.037    68.991
15.77 30.00   4.936   3.524   6.037   0.584
15.77 30.00   4.940   3.517   6.037   0.575

15.78  0.00   0.438   0.432   0.026   0.074   0.001   0.004   0.328   0.002   0.000   0.002   0.000 1370854000
15.78    4.31    55.895
15.78 30.00   1.538   4.499
15.78 30.00   6.036    68.990
15.78 30.00   4.935   3.524   6.036   0.584
15.78 30.00   4.940   3.516   6.036   0.575

15.79  0.00   0.438   0.431   0.026   0.074   0.001   0.004   0.328   0.002   0.000   0.002   0.000 1371722000
15.79    4.30    55.886
15.79 30.00   1.537   4.499
15.79 30.00   6.036    68.988
15.79 30.00   4.935   3.524   6.036   0.584
15.79 30.00   4.940   3.516   6.036   0.575

15.80  0.00   0.438   0.431   0.026   0.074   0.001   0.004   0.328   0.002   0.000   0.002   0.000 1372591000
15.80    4.30    55.877
15.80 30.00   1.537   4.499
15.80 30.00   6.035    68.986
15.80 30.00   4.935   3.524   6.035   0.584
15.80 30.00   4.939   3.516   6.035   0.575

15.81  0.00   0.438   0.431   0.026   0.074   0.001   0.004   0.328   0.002   0.000   0.002   0.000 1373460000
15.81    4.30    55.869
15.81 30.00   1.536   4.499
15.81 30.00   6.035    68.984
15.81 30.00   4.934   3.523   6.035   0.584
15.81 30.00   4.939   3.516   6.035   0.575

15.82  0.00   0.438   0.431   0.026   0.074   0.001   0.004   0.328   0.002   0.000   0.002   0.000 1374328000
15.82    4.30    55.860
15.82 30.00   1.536   4.499
15.82 30.00   6.035    68.982
15.82 30.00   4.934   3.523   6.035   0.584
15.82 30.00   4.939   3.516   6.035   0.575

15.83  0.00   0.438   0.431   0.026   0.074   0.001   0.004   0.328   0.002   0.000   0.002   0.000 1375197000
15.83    4.30    55.851
15.83 30.00   1.536   4.499
15.83 30.00   6.034    68.980
15.83 30.00   4.934   3.523   6.034   0.584
15.83 30.00   4.938   3.515   6.034   0.575

15.84  0.00   0.438   0.431   0.026   0.074   0.001   0.004   0.328   0.002   0.000   0.002   0.000 1376066000
15.84    4.30    55.843
15.84 30.00   1.535   4.499
15.84 30.00   6.034    68.978
15.84 30.00   4.934   3.523   6.034   0.584
15.84 30.00   4.938   3.515   6.034   0.575

15.85  0.00   0.438   0.431   0.026   0.074   0.001   0.004   0.328   0.002   0.000   0.002   0.000 1376935000
15.85    4.30    55.834
15.85 30.00   1.535   4.499
15.85 30.00   6.034    68.976
15.85 30.00   4.933   3.523   6.034   0.584
15.85 30.00   4.938   3.515   6.034   0.575

15.86  0.00   0.438   0.431   0.026   0.074   0.001   0.004   0.328   0.002   0.000   0.002   0.000 1377803000
15.86    4.30    55.826
15.86 30.00   1.535   4.499
15.86 30.00   6.033    68.974
15.86 30.00   4.933   3.522   6.033   0.584
15.86 30.00   4.937   3.515   6.033   0.575

15.87  0.00   0.438   0.431   0.026   0.074   0.001   0.004   0.328   0.002   0.000   0.002   0.000 1378672000
15.87    4.30    55.817
15.87 30.00   1.534   4.499
15.87 30.00   6.033    68.972
15.87 30.00   4.933   3.522   6.033   0.584
15.87 30.00   4.937   3.515   6.033   0.575

15.88  0.00   0.438   0.431   0.026   0.074   0.001   0.004   0.328   0.002   0.000   0.002   0.000 1379541000
15.88    4.30    55.808
15.88 30.00   1.534   4.499
15.88 30.00   6.032    68.971
15.88 30.00   4.932   3.522   6.032   0.584
15.88 30.00   4.937   3.514   6.032   0.575

15.89  0.00   0.438   0.431   0.026   0.074   0.001   0.004   0.328   0.002   0.000   0.002   0.000 1380410000
15.89    4.29    55.800
15.89 30.00   1.533   4.499
15.89 30.00   6.032    68.969
15.89 30.00   4.932   3.522   6.032   0.584
15.89 30.00   4.936   3.514   6.032   0.575

15.90  0.00   0.438   0.431   0.026   0.074   0.001   0.004   0.328   0.002   0.000   0.002   0.000 1381278000
15.90    4.29    55.791
15.90 30.00   1.533   4.499
15.90 30.00   6.032    68.967
15.90 30.00   4.932   3.522   6.032   0.584
15.90 30.00   4.936   3.514   6.032   0.575

15.91  0.00   0.438   0.431   0.026   0.074   0.001   0.004   0.328   0.002   0.000   0.002   0.000 1382147000
15.91    4.29    55.782
15.91 30.00   1.533   4.499
15.91 30.00   6.031    68.965
15.91 30.00   4.931   3.521   6.031   0.584
15.91 30.00   4.936   3.514   6.031   0.575

15.92  0.00   0.438   0.431   0.026   0.074   0.001   0.004   0.328   0.002   0.000   0.002   0.000 1383016000
15.92    4.29    55.774
15.92 30.00   1.532   4.499
15.92 30.00   6.031    68.963
15.92 30.00   4.931   3.521   6.031   0.584
15.92 30.00   4.935   3.514   6.031   0.575

15.93  0.00   0.438   0.431   0.026   0.074   0.001   0.004   0.328   0.002   0.000   0.002   0.000 1383885000
15.93    4.29    55.765
15.93 30.00   1.532   4.499
15.93 30.00   6.031    68.961
15.93 30.00   4.931   3.521   6.031   0.584
15.93 30.00   4.935   3.513   6.031   0.575

15.94  0.00   0.438   0.431   0.026   0.074   0.001   0.004   0.328   0.002   0.000   0.002   0.000 1384753000
15.94    4.29    55.757
15.94 30.00   1.532   4.499
15.94 30.00   6.030    68.959
15.94 30.00   4.930   3.521   6.030   0.584
15.94 30.00   4.935   3.513   6.030   0.575

15.95  0.00   0.438   0.431   0.026   0.074   0.001   0.004   0.328   0.002   0.000   0.002   0.000 1385622000
15.95    4.29    55.748
15.95 30.00   1.531   4.499
15.95 30.00   6.030    68.957
15.95 30.00   4.930   3.521   6.030   0.584
15.95 30.00   4.934   3.513   6.030   0.575

15.96  0.00   0.438   0.431   0.026   0.074   0.001   0.004   0.328   0.002   0.000   0.002   0.000 1386491000
15.96    4.29    55.740
15.96 30.00   1.531   4.499
15.96 30.00   6.030    68.955
15.96 30.00   4.930   3.520   6.030   0.584
15.96 30.00   4.934   3.513   6.030   0.575

15.97  0.00   0.438   0.431   0.026   0.074   0.001   0.004   0.328   0.002   0.000   0.002   0.000 1387359000
15.97    4.29    55.731
15.97 30.00   1.530   4.499
15.97 30.00   6.029    68.954
15.97 30.00   4.929   3.520   6.029   0.584
15.97 30.00   4.934   3.513   6.029   0.575

15.98  0.00   0.438   0.431   0.026   0.074   0.001   0.004   0.328   0.002   0.000   0.002   0.000 1388228000
15.98    4.29    55.722
15.98 30.00   1.530   4.499
15.98 30.00   6.029    68.952
15.98 30.00   4.929   3.520   6.029   0.584
15.98 30.00   4.934   3.512   6.029   0.575

15.99  0.00   0.438   0.431   0.026   0.074   0.001   0.004   0.328   0.002   0.000   0.002   0.000 1389097000
15.99    4.29    55.714
15.99 30.00   1.530   4.499
15.99 30.00   6.028    68.950
15.99 30.00   4.929   3.520   6.028   0.584
15.99 30.00   4.933   3.512   6.028   0.575

16.00  0.00   0.438   0.431   0.026   0.074   0.001   0.004   0.328   0.002   0.000   0.002   0.000 1389966000
16.00    4.28    55.705
16.00 30.00   1.529   4.499
16.00 30.00   6.028    68.948
16.00 30.00   4.929   3.520   6.028   0.584
16.00 30.00   4.933   3.512   6.028   0.575

16.01  0.00   0.438   0.431   0.026   0.074   0.001   0.004   0.328   0.002   0.000   0.002   0.000 1390834000
16.01    4.28    55.697
16.01 30.00   1.529   4.499
16.01 30.00   6.028    68.946
16.01 30.00   4.928   3.519   6.028   0.584
16.01 30.00   4.933   3.512   6.028   0.575

16.02  0.00   0.438   0.431   0.026   0.074   0.001   0.004   0.328   0.002   0.000   0.002   0.000 1391703000
16.02    4.28    55.688
16.02 30.00   1.529   4.499
16.02 30.00   6.027    68.944
16.02 30.00   4.928   3.519   6.027   0.584
16.02 30.00   4.932   3.512   6.027   0.575

16.03  0.00   0.438   0.431   0.026   0.074   0.001   0.004   0.328   0.002   0.000   0.002   0.000 1392572000
16.03    4.28    55.680
16.03 30.00   1.528   4.499
16.03 30.00   6.027    68.942
16.03 30.00   4.928   3.519   6.027   0.584
16.03 30.00   4.932   3.511   6.027   0.575

16.04  0.00   0.438   0.431   0.026   0.074   0.001   0.004   0.328   0.002   0.000   0.002   0.000 1393441000
16.04    4.28    55.671
16.04 30.00   1.528   4.499
16.04 30.00   6.027    68.941
16.04 30.00   4.927   3.519   6.027   0.584
16.04 30.00   4.932   3.511   6.027   0.575

16.05  0.00   0.438   0.431   0.026   0.074   0.001   0.004   0.328   0.002   0.000   0.002   0.000 1394309000
16.05    4.28    55.663
16.05 30.00   1.528   4.499
16.05 30.00   6.026    68.939
16.05 30.00   4.927   3.519   6.026   0.584
16.05 30.00   4.931   3.511   6.026   0.575

16.06  0.00   0.438   0.431   0.026   0.074   0.001   0.004   0.328   0.002   0.000   0.002   0.000 1395178000
16.06    4.28    55.654
16.06 30.00   1.527   4.499
16.06 30.00   6.026    68.937
16.06 30.00   4.927   3.518   6.026   0.584
16.06 30.00   4.931   3.511   6.026   0.575

16.07  0.00   0.438   0.431   0.026   0.074   0.001   0.004   0.328   0.002   0.000   0.002   0.000 1396047000
16.07    4.28    55.646
16.07 30.00   1.527   4.499
16.07 30.00   6.025    68.935
16.07 30.00   4.926   3.518   6.025   0.584
16.07 30.00   4.931   3.511   6.025   0.575

16.08  0.00   0.438   0.431   0.026   0.074   0.001   0.004   0.328   0.002   0.000   0.002   0.000 1396915000
16.08    4.28    55.637
16.08 30.00   1.526   4.499
16.08 30.00   6.025    68.933
16.08 30.00   4.926   3.518   6.025   0.584
16.08 30.00   4.930   3.510   6.025   0.575

16.09  0.00   0.438   0.431   0.026   0.074   0.001   0.004   0.328   0.002   0.000   0.002   0.000 1397784000
16.09    4.28    55.629
16.09 30.00   1.526   4.499
16.09 30.00   6.025    68.931
16.09 30.00   4.926   3.518   6.025   0.584
16.09 30.00   4.930   3.510   6.025   0.575

16.10  0.00   0.438   0.431   0.026   0.074   0.001   0.004   0.328   0.002   0.000   0.002   0.000 1398653000
16.10    4.27    55.621
16.10 30.00   1.526   4.499
16.10 30.00   6.024    68.929
16.10 30.00   4.925   3.518   6.024   0.584
16.10 30.00   4.930   3.510   6.024   0.575

16.11  0.00   0.438   0.431   0.026   0.074   0.001   0.004   0.328   0.002   0.000   0.002   0.000 1399522000
16.11    4.27    55.612
16.11 30.00   1.525   4.499
16.11 30.00   6.024    68.928
16.11 30.00   4.925   3.517   6.024   0.584
16.11 30.00   4.930   3.510   6.024   0.575

16.12  0.00   0.438   0.431   0.026   0.074   0.001   0.004   0.328   0.002   0.000   0.002   0.000 1400390000
16.12    4.27    55.604
16.12 30.00   1.525   4.499
16.12 30.00   6.024    68.926
16.12 30.00   4.925   3.517   6.024   0.584
16.12 30.00   4.929   3.510   6.024   0.575

16.13  0.00   0.438   0.431   0.026   0.074   0.001   0.004   0.328   0.002   0.000   0.002   0.000 1401259000
16.13    4.27    55.595
16.13 30.00   1.525   4.499
16.13 30.00   6.023    68.924
16.13 30.00   4.925   3.517   6.023   0.584
16.13 30.00   4.929   3.509   6.023   0.575

16.14  0.00   0.438   0.431   0.026   0.074   0.001   0.004   0.328   0.002   0.000   0.002   0.000 1402128000
16.14    4.27    55.587
16.14 30.00   1.524   4.499
16.14 30.00   6.023    68.922
16.14 30.00   4.924   3.517   6.023   0.584
16.14 30.00   4.929   3.509   6.023   0.575

16.15  0.00   0.438   0.431   0.026   0.074   0.001   0.004   0.328   0.002   0.000   0.002   0.000 1402996000
16.15    4.27    55.578
16.15 30.00   1.524   4.499
16.15 30.00   6.023    68.920
16.15 30.00   4.924   3.517   6.023   0.584
16.15 30.00   4.928   3.509   6.023   0.575

16.16  0.00   0.438   0.431   0.026   0.074   0.001   0.004   0.328   0.002   0.000   0.002   0.000 1403865000
16.16    4.27    55.570
16.16 30.00   1.524   4.499
16.16 30.00   6.022    68.918
16.16 30.00   4.924   3.516   6.022   0.584
16.16 30.00   4.928   3.509   6.022   0.575

16.17  0.00   0.438   0.431   0.026   0.074   0.001   0.004   0.328   0.002   0.000   0.002   0.000 1404734000
16.17    4.27    55.562
16.17 30.00   1.523   4.499
16.17 30.00   6.022    68.917
16.17 30.00   4.923   3.516   6.022   0.584
16.17 30.00   4.928   3.509   6.022   0.575

16.18  0.00   0.438   0.431   0.026   0.074   0.001   0.004   0.328   0.002   0.000   0.002   0.000 1405603000
16.18    4.27    55.553
16.18 30.00   1.523   4.499
16.18 30.00   6.022    68.915
16.18 30.00   4.923   3.516   6.022   0.584
16.18 30.00   4.927   3.508   6.022   0.575

16.19  0.00   0.438   0.431   0.026   0.074   0.001   0.004   0.328   0.002   0.000   0.002   0.000 1406472000
16.19    4.27    55.545
16.19 30.00   1.522   4.499
16.19 30.00   6.021    68.913
16.19 30.00   4.923   3.516   6.021   0.583
16.19 30.00   4.927   3.508   6.021   0.575

16.20  0.00   0.438   0.431   0.026   0.074   0.001   0.004   0.328   0.002   0.000   0.002   0.000 1407340000
16.20    4.27    55.537
16.20 30.00   1.522   4.499
16.20 30.00   6.021    68.911
16.20 30.00   4.922   3.516   6.021   0.583
16.20 30.00   4.927   3.508   6.021   0.575

16.21  0.00   0.438   0.431   0.026   0.074   0.001   0.004   0.328   0.002   0.000   0.002   0.000 1408209000
16.21    4.26    55.528
16.21 30.00   1.522   4.499
16.21 30.00   6.020    68.909
16.21 30.00   4.922   3.516   6.020   0.583
16.21 30.00   4.927   3.508   6.020   0.575

16.22  0.00   0.438   0.431   0.026   0.074   0.001   0.004   0.328   0.002   0.000   0.002   0.000 1409078000
16.22    4.26    55.520
16.22 30.00   1.521   4.499
16.22 30.00   6.020    68.907
16.22 30.00   4.922   3.515   6.020   0.583
16.22 30.00   4.926   3.508   6.020   0.575

16.23  0.00   0.438   0.431   0.026   0.074   0.001   0.004   0.328   0.002   0.000   0.002   0.000 1409946000
16.23    4.26    55.511
16.23 30.00   1.521   4.499
16.23 30.00   6.020    68.906
16.23 30.00   4.922   3.515   6.020   0.583
16.23 30.00   4.926   3.507   6.020   0.575

16.24  0.00   0.438   0.431   0.026   0.074   0.001   0.004   0.328   0.002   0.000   0.002   0.000 1410815000
16.24    4.26    55.503
16.24 30.00   1.521   4.499
16.24 30.00   6.019    68.904
16.24 30.00   4.921   3.515   6.019   0.583
16.24 30.00   4.926   3.507   6.019   0.575

16.25  0.00   0.438   0.431   0.026   0.074   0.001   0.004   0.328   0.002   0.000   0.002   0.000 1411684000
16.25    4.26    55.495
16.25 30.00   1.520   4.499
16.25 30.00   6.019    68.902
16.25 30.00   4.921   3.515   6.019   0.583
16.25 30.00   4.925   3.507   6.019   0.575

16.26  0.00   0.438   0.431   0.026   0.074   0.001   0.004   0.328   0.002   0.000   0.002   0.000 1412553000
16.26    4.26    55.487
16.26 30.00   1.520   4.499
16.26 30.00   6.019    68.900
16.26 30.00   4.921   3.515   6.019   0.583
16.26 30.00   4.925   3.507   6.019   0.575

16.27  0.00   0.438   0.431   0.026   0.074   0.001   0.004   0.328   0.002   0.000   0.002   0.000 1413421000
16.27    4.26    55.478
16.27 30.00   1.520   4.499
16.27 30.00   6.018    68.898
16.27 30.00   4.920   3.514   6.018   0.583
16.27 30.00   4.925   3.507   6.018   0.575

16.28  0.00   0.438   0.431   0.026   0.074   0.001   0.004   0.328   0.002   0.000   0.002   0.000 1414290000
16.28    4.26    55.470
16.28 30.00   1.519   4.499
16.28 30.00   6.018    68.897
16.28 30.00   4.920   3.514   6.018   0.583
16.28 30.00   4.924   3.507   6.018   0.575

16.29  0.00   0.438   0.431   0.026   0.074   0.001   0.004   0.328   0.002   0.000   0.002   0.000 1415159000
16.29    4.26    55.462
16.29 30.00   1.519   4.499
16.29 30.00   6.018    68.895
16.29 30.00   4.920   3.514   6.018   0.583
16.29 30.00   4.924   3.506   6.018   0.575

16.30  0.00   0.437   0.431   0.026   0.074   0.001   0.004   0.328   0.002   0.000   0.002   0.000 1416027000
16.30    4.26    55.453
16.30 30.00   1.519   4.499
16.30 30.00   6.017    68.893
16.30 30.00   4.919   3.514   6.017   0.583
16.30 30.00   4.924   3.506   6.017   0.574

16.31  0.00   0.437   0.431   0.026   0.074   0.001   0.004   0.328   0.002   0.000   0.002   0.000 1416896000
16.31    4.25    55.445
16.31 30.00   1.518   4.499
16.31 30.00   6.017    68.891
16.31 30.00   4.919   3.514   6.017   0.583
16.31 30.00   4.924   3.506   6.017   0.574

16.32  0.00   0.437   0.431   0.026   0.074   0.001   0.004   0.328   0.002   0.000   0.002   0.000 1417765000
16.32    4.25    55.437
16.32 30.00   1.518   4.499
16.32 30.00   6.017    68.889
16.32 30.00   4.919   3.513   6.017   0.583
16.32 30.00   4.923   3.506   6.017   0.574

16.33  0.00   0.437   0.431   0.026   0.074   0.001   0.004   0.328   0.002   0.000   0.002   0.000 1418634000
16.33    4.25    55.429
16.33 30.00   1.517   4.499
16.33 30.00   6.016    68.888
16.33 30.00   4.919   3.513   6.016   0.583
16.33 30.00   4.923   3.506   6.016   0.574

16.34  0.00   0.437   0.431   0.026   0.074   0.001   0.004   0.328   0.002   0.000   0.002   0.000 1419502000
16.34    4.25    55.420
16.34 30.00   1.517   4.499
16.34 30.00   6.016    68.886
16.34 30.00   4.918   3.513   6.016   0.583
16.34 30.00   4.923   3.505   6.016   0.574

16.35  0.00   0.437   0.431   0.026   0.074   0.001   0.004   0.328   0.002   0.000   0.002   0.000 1420371000
16.35    4.25    55.412
16.35 30.00   1.517   4.499
16.35 30.00   6.015    68.884
16.35 30.00   4.918   3.513   6.015   0.583
16.35 30.00   4.922   3.505   6.015   0.574

16.36  0.00   0.437   0.431   0.026   0.074   0.001   0.004   0.328   0.002   0.000   0.002   0.000 1421240000
16.36    4.25    55.404
16.36 30.00   1.516   4.499
16.36 30.00   6.015    68.882
16.36 30.00   4.918   3.513   6.015   0.583
16.36 30.00   4.922   3.505   6.015   0.574

16.37  0.00   0.437   0.431   0.026   0.074   0.001   0.004   0.328   0.002   0.000   0.002   0.000 1422109000
16.37    4.25    55.396
16.37 30.00   1.516   4.499
16.37 30.00   6.015    68.880
16.37 30.00   4.917   3.512   6.015   0.583
16.37 30.00   4.922   3.505   6.015   0.574

16.38  0.00   0.437   0.431   0.026   0.074   0.001   0.004   0.328   0.002   0.000   0.002   0.000 1422977000
16.38    4.25    55.387
16.38 30.00   1.516   4.499
16.38 30.00   6.014    68.879
16.38 30.00   4.917   3.512   6.014   0.583
16.38 30.00   4.921   3.505   6.014   0.574

16.39  0.00   0.437   0.431   0.026   0.074   0.001   0.004   0.328   0.002   0.000   0.002   0.000 1423846000
16.39    4.25    55.379
16.39 30.00   1.515   4.499
16.39 30.00   6.014    68.877
16.39 30.00   4.917   3.512   6.014   0.583
16.39 30.00   4.921   3.504   6.014   0.574

16.40  0.00   0.437   0.431   0.026   0.074   0.001   0.004   0.328   0.002   0.000   0.002   0.000 1424715000
16.40    4.25    55.371
16.40 30.00   1.515   4.499
16.40 30.00   6.014    68.875
16.40 30.00   4.916   3.512   6.014   0.583
16.40 30.00   4.921   3.504   6.014   0.574

16.41  0.00   0.437   0.431   0.026   0.074   0.001   0.004   0.328   0.002   0.000   0.002   0.000 1425583000
16.41    4.25    55.363
16.41 30.00   1.515   4.499
16.41 30.00   6.013    68.873
16.41 30.00   4.916   3.512   6.013   0.583
16.41 30.00   4.921   3.504   6.013   0.574

16.42  0.00   0.437   0.431   0.026   0.074   0.001   0.004   0.328   0.002   0.000   0.002   0.000 1426452000
16.42    4.24    55.354
16.42 30.00   1.514   4.499
16.42 30.00   6.013    68.872
16.42 30.00   4.916   3.512   6.013   0.583
16.42 30.00   4.920   3.504   6.013   0.574

16.43  0.00   0.437   0.431   0.026   0.074   0.001   0.004   0.328   0.002   0.000   0.002   0.000 1427321000
16.43    4.24    55.346
16.43 30.00   1.514   4.499
16.43 30.00   6.013    68.870
16.43 30.00   4.916   3.511   6.013   0.583
16.43 30.00   4.920   3.504   6.013   0.574

16.44  0.00   0.437   0.431   0.026   0.074   0.001   0.004   0.328   0.002   0.000   0.002   0.000 1428190000
16.44    4.24    55.338
16.44 30.00   1.514   4.499
16.44 30.00   6.012    68.868
16.44 30.00   4.915   3.511   6.012   0.583
16.44 30.00   4.920   3.503   6.012   0.574

16.45  0.00   0.437   0.431   0.026   0.074   0.001   0.004   0.328   0.002   0.000   0.002   0.000 1429058000
16.45    4.24    55.330
16.45 30.00   1.513   4.499
16.45 30.00   6.012    68.866
16.45 30.00   4.915   3.511   6.012   0.583
16.45 30.00   4.919   3.503   6.012   0.574

16.46  0.00   0.437   0.431   0.026   0.074   0.001   0.004   0.328   0.002   0.000   0.002   0.000 1429927000
16.46    4.24    55.322
16.46 30.00   1.513   4.499
16.46 30.00   6.012    68.864
16.46 30.00   4.915   3.511   6.012   0.583
16.46 30.00   4.919   3.503   6.012   0.574

16.47  0.00   0.437   0.431   0.026   0.074   0.001   0.004   0.328   0.002   0.000   0.002   0.000 1430796000
16.47    4.24    55.314
16.47 30.00   1.513   4.499
16.47 30.00   6.011    68.863
16.47 30.00   4.914   3.511   6.011   0.583
16.47 30.00   4.919   3.503   6.011   0.574

16.48  0.00   0.437   0.431   0.026   0.074   0.001   0.004   0.328   0.002   0.000   0.002   0.000 1431665000
16.48    4.24    55.305
16.48 30.00   1.512   4.499
16.48 30.00   6.011    68.861
16.48 30.00   4.914   3.510   6.011   0.583
16.48 30.00   4.919   3.503   6.011   0.574

16.49  0.00   0.437   0.431   0.026   0.074   0.001   0.004   0.328   0.002   0.000   0.002   0.000 1432533000
16.49    4.24    55.297
16.49 30.00   1.512   4.499
16.49 30.00   6.011    68.859
16.49 30.00   4.914   3.510   6.011   0.583
16.49 30.00   4.918   3.503   6.011   0.574

16.50  0.00   0.437   0.431   0.026   0.074   0.001   0.004   0.328   0.002   0.000   0.002   0.000 1433402000
16.50    4.24    55.289
16.50 30.00   1.512   4.499
16.50 30.00   6.010    68.857
16.50 30.00   4.914   3.510   6.010   0.583
16.50 30.00   4.918   3.502   6.010   0.574

16.51  0.00   0.437   0.431   0.026   0.074   0.001   0.004   0.328   0.002   0.000   0.002   0.000 1434271000
16.51    4.24    55.281
16.51 30.00   1.511   4.499
16.51 30.00   6.010    68.856
16.51 30.00   4.913   3.510   6.010   0.583
16.51 30.00   4.918   3.502   6.010   0.574

16.52  0.00   0.437   0.431   0.026   0.074   0.001   0.004   0.328   0.002   0.000   0.002   0.000 1435140000
16.52    4.24    55.273
16.52 30.00   1.511   4.499
16.52 30.00   6.010    68.854
16.52 30.00   4.913   3.510   6.010   0.583
16.52 30.00   4.917   3.502   6.010   0.574

16.53  0.00   0.437   0.431   0.026   0.074   0.001   0.004   0.328   0.002   0.000   0.002   0.000 1436008000
16.53    4.23    55.265
16.53 30.00   1.511   4.499
16.53 30.00   6.009    68.852
16.53 30.00   4.913   3.509   6.009   0.583
16.53 30.00   4.917   3.502   6.009   0.574

16.54  0.00   0.437   0.431   0.026   0.074   0.001   0.004   0.328   0.002   0.000   0.002   0.000 1436877000
16.54    4.23    55.257
16.54 30.00   1.510   4.499
16.54 30.00   6.009    68.850
16.54 30.00   4.912   3.509   6.009   0.583
16.54 30.00   4.917   3.502   6.009   0.574

16.55  0.00   0.437   0.431   0.026   0.074   0.001   0.004   0.328   0.002   0.000   0.002   0.000 1437746000
16.55    4.23    55.249
16.55 30.00   1.510   4.499
16.55 30.00   6.009    68.849
16.55 30.00   4.912   3.509   6.009   0.583
16.55 30.00   4.916   3.501   6.009   0.574

16.56  0.00   0.437   0.431   0.026   0.074   0.001   0.004   0.327   0.002   0.000   0.002   0.000 1438614000
16.56    4.23    55.241
16.56 30.00   1.509   4.499
16.56 30.00   6.008    68.847
16.56 30.00   4.912   3.509   6.008   0.583
16.56 30.00   4.916   3.501   6.008   0.574

16.57  0.00   0.437   0.431   0.026   0.074   0.001   0.004   0.327   0.002   0.000   0.002   0.000 1439483000
16.57    4.23    55.232
16.57 30.00   1.509   4.499
16.57 30.00   6.008    68.845
16.57 30.00   4.911   3.509   6.008   0.583
16.57 30.00   4.916   3.501   6.008   0.574

16.58  0.00   0.437   0.431   0.026   0.074   0.001   0.004   0.327   0.002   0.000   0.002   0.000 1440352000
16.58    4.23    55.224
16.58 30.00   1.509   4.499
16.58 30.00   6.007    68.843
16.58 30.00   4.911   3.509   6.007   0.583
16.58 30.00   4.916   3.501   6.007   0.574

16.59  0.00   0.437   0.431   0.026   0.074   0.001   0.004   0.327   0.002   0.000   0.002   0.000 1441221000
16.59    4.23    55.216
16.59 30.00   1.508   4.499
16.59 30.00   6.007    68.842
16.59 30.00   4.911   3.508   6.007   0.583
16.59 30.00   4.915   3.501   6.007   0.574

16.60  0.00   0.437   0.431   0.026   0.074   0.001   0.004   0.327   0.002   0.000   0.002   0.000 1442089000
16.60    4.23    55.208
16.60 30.00   1.508   4.499
16.60 30.00   6.007    68.840
16.60 30.00   4.911   3.508   6.007   0.583
16.60 30.00   4.915   3.501   6.007   0.574

16.61  0.00   0.437   0.431   0.026   0.074   0.001   0.004   0.327   0.002   0.000   0.002   0.000 1442958000
16.61    4.23    55.200
16.61 30.00   1.508   4.499
16.61 30.00   6.006    68.838
16.61 30.00   4.910   3.508   6.006   0.583
16.61 30.00   4.915   3.500   6.006   0.574

16.62  0.00   0.437   0.430   0.026   0.074   0.001   0.004   0.327   0.002   0.000   0.002   0.000 1443827000
16.62    4.23    55.192
16.62 30.00   1.507   4.499
16.62 30.00   6.006    68.836
16.62 30.00   4.910   3.508   6.006   0.583
16.62 30.00   4.914   3.500   6.006   0.574

16.63  0.00   0.437   0.430   0.026   0.074   0.001   0.004   0.327   0.002   0.000   0.002   0.000 1444695000
16.63    4.23    55.184
16.63 30.00   1.507   4.499
16.63 30.00   6.006    68.835
16.63 30.00   4.910   3.508   6.006   0.583
16.63 30.00   4.914   3.500   6.006   0.574

16.64  0.00   0.437   0.430   0.026   0.074   0.001   0.004   0.327   0.002   0.000   0.002   0.000 1445564000
16.64    4.22    55.176
16.64 30.00   1.507   4.499
16.64 30.00   6.005    68.833
16.64 30.00   4.909   3.507   6.005   0.583
16.64 30.00   4.914   3.500   6.005   0.574

16.65  0.00   0.437   0.430   0.026   0.074   0.001   0.004   0.327   0.002   0.000   0.002   0.000 1446433000
16.65    4.22    55.168
16.65 30.00   1.506   4.499
16.65 30.00   6.005    68.831
16.65 30.00   4.909   3.507   6.005   0.583
16.65 30.00   4.914   3.500   6.005   0.574

16.66  0.00   0.437   0.430   0.026   0.074   0.001   0.004   0.327   0.002   0.000   0.002   0.000 1447302000
16.66    4.22    55.160
16.66 30.00   1.506   4.499
16.66 30.00   6.005    68.830
16.66 30.00   4.909   3.507   6.005   0.583
16.66 30.00   4.913   3.499   6.005   0.574

16.67  0.00   0.437   0.430   0.026   0.074   0.001   0.004   0.327   0.002   0.000   0.002   0.000 1448170000
16.67    4.22    55.152
16.67 30.00   1.506   4.499
16.67 30.00   6.004    68.828
16.67 30.00   4.909   3.507   6.004   0.583
16.67 30.00   4.913   3.499   6.004   0.574

16.68  0.00   0.437   0.430   0.026   0.074   0.001   0.004   0.327   0.002   0.000   0.002   0.000 1449039000
16.68    4.22    55.144
16.68 30.00   1.505   4.499
16.68 30.00   6.004    68.826
16.68 30.00   4.908   3.507   6.004   0.583
16.68 30.00   4.913   3.499   6.004   0.574

16.69  0.00   0.437   0.430   0.026   0.074   0.001   0.004   0.327   0.002   0.000   0.002   0.000 1449908000
16.69    4.22    55.136
16.69 30.00   1.505   4.499
16.69 30.00   6.004    68.824
16.69 30.00   4.908   3.507   6.004   0.583
16.69 30.00   4.912   3.499   6.004   0.574

16.70  0.00   0.437   0.430   0.026   0.074   0.001   0.004   0.327   0.002   0.000   0.002   0.000 1450777000
16.70    4.22    55.128
16.70 30.00   1.505   4.499
16.70 30.00   6.003    68.823
16.70 30.00   4.908   3.506   6.003   0.583
16.70 30.00   4.912   3.499   6.003   0.574

16.71  0.00   0.437   0.430   0.026   0.074   0.001   0.004   0.327   0.002   0.000   0.002   0.000 1451645000
16.71    4.22    55.120
16.71 30.00   1.504   4.499
16.71 30.00   6.003    68.821
16.71 30.00   4.907   3.506   6.003   0.583
16.71 30.00   4.912   3.498   6.003   0.574

16.72  0.00   0.437   0.430   0.026   0.074   0.001   0.004   0.327   0.002   0.000   0.002   0.000 1452514000
16.72    4.22    55.112
16.72 30.00   1.504   4.499
16.72 30.00   6.003    68.819
16.72 30.00   4.907   3.506   6.003   0.583
16.72 30.00   4.912   3.498   6.003   0.574

16.73  0.00   0.437   0.430   0.026   0.074   0.001   0.004   0.327   0.002   0.000   0.002   0.000 1453383000
16.73    4.22    55.104
16.73 30.00   1.504   4.499
16.73 30.00   6.002    68.818
16.73 30.00   4.907   3.506   6.002   0.583
16.73 30.00   4.911   3.498   6.002   0.574

16.74  0.00   0.437   0.430   0.026   0.074   0.001   0.004   0.327   0.002   0.000   0.002   0.000 1454252000
16.74    4.22    55.096
16.74 30.00   1.503   4.499
16.74 30.00   6.002    68.816
16.74 30.00   4.907   3.506   6.002   0.583
16.74 30.00   4.911   3.498   6.002   0.574

16.75  0.00   0.437   0.430   0.026   0.074   0.001   0.004   0.327   0.002   0.000   0.002   0.000 1455120000
16.75    4.21    55.088
16.75 30.00   1.503   4.499
16.75 30.00   6.002    68.814
16.75 30.00   4.906   3.505   6.002   0.583
16.75 30.00   4.911   3.498   6.002   0.574

16.76  0.00   0.437   0.430   0.026   0.074   0.001   0.004   0.327   0.002   0.000   0.002   0.000 1455989000
16.76    4.21    55.080
16.76 30.00   1.503   4.499
16.76 30.00   6.001    68.812
16.76 30.00   4.906   3.505   6.001   0.583
16.76 30.00   4.910   3.498   6.001   0.574

16.77  0.00   0.437   0.430   0.026   0.074   0.001   0.004   0.327   0.002   0.000   0.002   0.000 1456858000
16.77    4.21    55.072
16.77 30.00   1.502   4.499
16.77 30.00   6.001    68.811
16.77 30.00   4.906   3.505   6.001   0.583
16.77 30.00   4.910   3.497   6.001   0.574

16.78  0.00   0.437   0.430   0.026   0.074   0.001   0.004   0.327   0.002   0.000   0.002   0.000 1457726000
16.78    4.21    55.065
16.78 30.00   1.502   4.499
16.78 30.00   6.001    68.809
16.78 30.00   4.905   3.505   6.001   0.583
16.78 30.00   4.910   3.497   6.001   0.574

16.79  0.00   0.437   0.430   0.026   0.074   0.001   0.004   0.327   0.002   0.000   0.002   0.000 1458595000
16.79    4.21    55.057
16.79 30.00   1.502   4.499
16.79 30.00   6.000    68.807
16.79 30.00   4.905   3.505   6.000   0.583
16.79 30.00   4.910   3.497   6.000   0.574

16.80  0.00   0.437   0.430   0.026   0.074   0.001   0.004   0.327   0.002   0.000   0.002   0.000 1459464000
16.80    4.21    55.049
16.80 30.00   1.501   4.499
16.80 30.00   6.000    68.806
16.80 30.00   4.905   3.505   6.000   0.583
16.80 30.00   4.909   3.497   6.000   0.574

16.81  0.00   0.437   0.430   0.026   0.074   0.001   0.004   0.327   0.002   0.000   0.002   0.000 1460333000
16.81    4.21    55.041
16.81 30.00   1.501   4.499
16.81 30.00   6.000    68.804
16.81 30.00   4.905   3.504   6.000   0.583
16.81 30.00   4.909   3.497   6.000   0.574

16.82  0.00   0.437   0.430   0.026   0.074   0.001   0.004   0.327   0.002   0.000   0.002   0.000 1461201000
16.82    4.21    55.033
16.82 30.00   1.501   4.499
16.82 30.00   5.999    68.802
16.82 30.00   4.904   3.504   5.999   0.583
16.82 30.00   4.909   3.497   5.999   0.574

16.83  0.00   0.437   0.430   0.026   0.074   0.001   0.004   0.327   0.002   0.000   0.002   0.000 1462070000
16.83    4.21    55.025
16.83 30.00   1.500   4.499
16.83 30.00   5.999    68.800
16.83 30.00   4.904   3.504   5.999   0.583
16.83 30.00   4.908   3.496   5.999   0.574

16.84  0.00   0.437   0.430   0.026   0.074   0.001   0.004   0.327   0.002   0.000   0.002   0.000 1462939000
16.84    4.21    55.017
16.84 30.00   1.500   4.499
16.84 30.00   5.999    68.799
16.84 30.00   4.904   3.504   5.999   0.582
16.84 30.00   4.908   3.496   5.999   0.574

16.85  0.00   0.437   0.430   0.026   0.074   0.001   0.004   0.327   0.002   0.000   0.002   0.000 1463808000
16.85    4.21    55.009
16.85 30.00   1.500   4.499
16.85 30.00   5.998    68.797
16.85 30.00   4.903   3.504   5.998   0.582
16.85 30.00   4.908   3.496   5.998   0.574

16.86  0.00   0.437   0.430   0.026   0.074   0.001   0.004   0.327   0.002   0.000   0.002   0.000 1464676000
16.86    4.21    55.001
16.86 30.00   1.499   4.499
16.86 30.00   5.998    68.795
16.86 30.00   4.903   3.503   5.998   0.582
16.86 30.00   4.908   3.496   5.998   0.574

16.87  0.00   0.437   0.430   0.026   0.074   0.001   0.004   0.327   0.002   0.000   0.002   0.000 1465545000
16.87    4.20    54.994
16.87 30.00   1.499   4.499
16.87 30.00   5.998    68.794
16.87 30.00   4.903   3.503   5.998   0.582
16.87 30.00   4.907   3.496   5.998   0.574

16.88  0.00   0.437   0.430   0.026   0.074   0.001   0.004   0.327   0.002   0.000   0.002   0.000 1466414000
16.88    4.20    54.986
16.88 30.00   1.499   4.499
16.88 30.00   5.997    68.792
16.88 30.00   4.903   3.503   5.997   0.582
16.88 30.00   4.907   3.495   5.997   0.574

16.89  0.00   0.437   0.430   0.026   0.074   0.001   0.004   0.327   0.002   0.000   0.002   0.000 1467282000
16.89    4.20    54.978
16.89 30.00   1.498   4.499
16.89 30.00   5.997    68.790
16.89 30.00   4.902   3.503   5.997   0.582
16.89 30.00   4.907   3.495   5.997   0.574

16.90  0.00   0.437   0.430   0.026   0.074   0.001   0.004   0.327   0.002   0.000   0.002   0.000 1468151000
16.90    4.20    54.970
16.90 30.00   1.498   4.499
16.90 30.00   5.997    68.789
16.90 30.00   4.902   3.503   5.997   0.582
16.90 30.00   4.907   3.495   5.997   0.574

16.91  0.00   0.437   0.430   0.026   0.074   0.001   0.004   0.327   0.002   0.000   0.002   0.000 1469020000
16.91    4.20    54.962
16.91 30.00   1.498   4.499
16.91 30.00   5.996    68.787
16.91 30.00   4.902   3.503   5.996   0.582
16.91 30.00   4.906   3.495   5.996   0.574

16.92  0.00   0.437   0.430   0.026   0.074   0.001   0.004   0.327   0.002   0.000   0.002   0.000 1469889000
16.92    4.20    54.954
16.92 30.00   1.497   4.499
16.92 30.00   5.996    68.785
16.92 30.00   4.902   3.502   5.996   0.582
16.92 30.00   4.906   3.495   5.996   0.574

16.93  0.00   0.437   0.430   0.026   0.074   0.001   0.004   0.327   0.002   0.000   0.002   0.000 1470757000
16.93    4.20    54.947
16.93 30.00   1.497   4.499
16.93 30.00   5.996    68.784
16.93 30.00   4.901   3.502   5.996   0.582
16.93 30.00   4.906   3.495   5.996   0.574

16.94  0.00   0.437   0.430   0.026   0.074   0.001   0.004   0.327   0.002   0.000   0.002   0.000 1471626000
16.94    4.20    54.939
16.94 30.00   1.497   4.499
16.94 30.00   5.995    68.782
16.94 30.00   4.901   3.502   5.995   0.582
16.94 30.00   4.905   3.494   5.995   0.574

16.95  0.00   0.437   0.430   0.026   0.074   0.001   0.004   0.327   0.002   0.000   0.002   0.000 1472495000
16.95    4.20    54.931
16.95 30.00   1.496   4.499
16.95 30.00   5.995    68.780
16.95 30.00   4.901   3.502   5.995   0.582
16.95 30.00   4.905   3.494   5.995   0.573

16.96  0.00   0.437   0.430   0.026   0.074   0.001   0.004   0.327   0.002   0.000   0.002   0.000 1473363000
16.96    4.20    54.923
16.96 30.00   1.496   4.499
16.96 30.00   5.995    68.779
16.96 30.00   4.900   3.502   5.995   0.582
16.96 30.00   4.905   3.494   5.995   0.573

16.97  0.00   0.437   0.430   0.026   0.074   0.001   0.004   0.327   0.002   0.000   0.002   0.000 1474232000
16.97    4.20    54.915
16.97 30.00   1.496   4.499
16.97 30.00   5.994    68.777
16.97 30.00   4.900   3.501   5.994   0.582
16.97 30.00   4.905   3.494   5.994   0.573

16.98  0.00   0.437   0.430   0.026   0.074   0.001   0.004   0.327   0.002   0.000   0.002   0.000 1475101000
16.98    4.20    54.908
16.98 30.00   1.495   4.499
16.98 30.00   5.994    68.775
16.98 30.00   4.900   3.501   5.994   0.582
16.98 30.00   4.904   3.494   5.994   0.573

16.99  0.00   0.437   0.430   0.026   0.074   0.001   0.004   0.327   0.002   0.000   0.002   0.000 1475970000
16.99    4.19    54.900
16.99 30.00   1.495   4.499
16.99 30.00   5.994    68.774
16.99 30.00   4.900   3.501   5.994   0.582
16.99 30.00   4.904   3.493   5.994   0.573

17.00  0.00   0.437   0.430   0.026   0.074   0.001   0.004   0.327   0.002   0.000   0.002   0.000 1476839000
17.00    4.19    54.892
17.00 30.00   1.495   4.499
17.00 30.00   5.993    68.772
17.00 30.00   4.899   3.501   5.993   0.582
17.00 30.00   4.904   3.493   5.993   0.573

17.01  0.00   0.437   0.430   0.026   0.074   0.001   0.004   0.327   0.002   0.000   0.002   0.000 1477707000
17.01    4.19    54.884
17.01 30.00   1.494   4.499
17.01 30.00   5.993    68.770
17.01 30.00   4.899   3.501   5.993   0.582
17.01 30.00   4.903   3.493   5.993   0.573

17.02  0.00   0.437   0.430   0.026   0.074   0.001   0.004   0.327   0.002   0.000   0.002   0.000 1478576000
17.02    4.19    54.877
17.02 30.00   1.494   4.499
17.02 30.00   5.993    68.769
17.02 30.00   4.899   3.501   5.993   0.582
17.02 30.00   4.903   3.493   5.993   0.573

17.03  0.00   0.437   0.430   0.026   0.074   0.001   0.004   0.327   0.002   0.000   0.002   0.000 1479445000
17.03    4.19    54.869
17.03 30.00   1.494   4.499
17.03 30.00   5.992    68.767
17.03 30.00   4.898   3.500   5.992   0.582
17.03 30.00   4.903   3.493   5.992   0.573

17.04  0.00   0.437   0.430   0.026   0.074   0.001   0.004   0.327   0.002   0.000   0.002   0.000 1480313000
17.04    4.19    54.861
17.04 30.00   1.493   4.499
17.04 30.00   5.992    68.765
17.04 30.00   4.898   3.500   5.992   0.582
17.04 30.00   4.903   3.493   5.992   0.573

17.05  0.00   0.437   0.430   0.026   0.074   0.001   0.004   0.327   0.002   0.000   0.002   0.000 1481182000
17.05    4.19    54.853
17.05 30.00   1.493   4.499
17.05 30.00   5.992    68.764
17.05 30.00   4.898   3.500   5.992   0.582
17.05 30.00   4.902   3.492   5.992   0.573

17.06  0.00   0.437   0.430   0.026   0.074   0.001   0.004   0.327   0.002   0.000   0.002   0.000 1482051000
17.06    4.19    54.846
17.06 30.00   1.493   4.499
17.06 30.00   5.991    68.762
17.06 30.00   4.898   3.500   5.991   0.582
17.06 30.00   4.902   3.492   5.991   0.573

17.07  0.00   0.437   0.430   0.026   0.074   0.001   0.004   0.327   0.002   0.000   0.002   0.000 1482920000
17.07    4.19    54.838
17.07 30.00   1.492   4.499
17.07 30.00   5.991    68.760
17.07 30.00   4.897   3.500   5.991   0.582
17.07 30.00   4.902   3.492   5.991   0.573

17.08  0.00   0.437   0.430   0.026   0.074   0.001   0.004   0.327   0.002   0.000   0.002   0.000 1483788000
17.08    4.19    54.830
17.08 30.00   1.492   4.499
17.08 30.00   5.991    68.759
17.08 30.00   4.897   3.500   5.991   0.582
17.08 30.00   4.902   3.492   5.991   0.573

17.09  0.00   0.437   0.430   0.026   0.074   0.001   0.004   0.327   0.002   0.000   0.002   0.000 1484657000
17.09    4.19    54.823
17.09 30.00   1.492   4.499
17.09 30.00   5.990    68.757
17.09 30.00   4.897   3.499   5.990   0.582
17.09 30.00   4.901   3.492   5.990   0.573

17.10  0.00   0.437   0.430   0.026   0.074   0.001   0.004   0.327   0.002   0.000   0.002   0.000 1485526000
17.10    4.19    54.815
17.10 30.00   1.491   4.499
17.10 30.00   5.990    68.755
17.10 30.00   4.897   3.499   5.990   0.582
17.10 30.00   4.901   3.492   5.990   0.573

17.11  0.00   0.437   0.430   0.026   0.074   0.001   0.004   0.327   0.002   0.000   0.002   0.000 1486394000
17.11    4.18    54.807
17.11 30.00   1.491   4.499
17.11 30.00   5.990    68.754
17.11 30.00   4.896   3.499   5.990   0.582
17.11 30.00   4.901   3.491   5.990   0.573

17.12  0.00   0.437   0.430   0.026   0.074   0.001   0.004   0.327   0.002   0.000   0.002   0.000 1487263000
17.12    4.18    54.800
17.12 30.00   1.491   4.499
17.12 30.00   5.990    68.752
17.12 30.00   4.896   3.499   5.990   0.582
17.12 30.00   4.900   3.491   5.990   0.573

17.13  0.00   0.437   0.430   0.026   0.074   0.001   0.004   0.327   0.002   0.000   0.002   0.000 1488132000
17.13    4.18    54.792
17.13 30.00   1.491   4.499
17.13 30.00   5.989    68.751
17.13 30.00   4.896   3.499   5.989   0.582
17.13 30.00   4.900   3.491   5.989   0.573

17.14  0.00   0.437   0.430   0.026   0.074   0.001   0.004   0.327   0.002   0.000   0.002   0.000 1489001000
17.14    4.18    54.784
17.14 30.00   1.490   4.499
17.14 30.00   5.989    68.749
17.14 30.00   4.895   3.499   5.989   0.582
17.14 30.00   4.900   3.491   5.989   0.573

17.15  0.00   0.437   0.430   0.026   0.074   0.001   0.004   0.327   0.002   0.000   0.002   0.000 1489869000
17.15    4.18    54.777
17.15 30.00   1.490   4.499
17.15 30.00   5.989    68.747
17.15 30.00   4.895   3.498   5.989   0.582
17.15 30.00   4.900   3.491   5.989   0.573

17.16  0.00   0.437   0.430   0.026   0.074   0.001   0.004   0.327   0.002   0.000   0.002   0.000 1490738000
17.16    4.18    54.769
17.16 30.00   1.490   4.499
17.16 30.00   5.988    68.746
17.16 30.00   4.895   3.498   5.988   0.582
17.16 30.00   4.899   3.491   5.988   0.573

17.17  0.00   0.437   0.430   0.026   0.074   0.001   0.004   0.327   0.002   0.000   0.002   0.000 1491607000
17.17    4.18    54.761
17.17 30.00   1.489   4.499
17.17 30.00   5.988    68.744
17.17 30.00   4.895   3.498   5.988   0.582
17.17 30.00   4.899   3.490   5.988   0.573

17.18  0.00   0.436   0.430   0.026   0.074   0.001   0.004   0.327   0.002   0.000   0.002   0.000 1492476000
17.18    4.18    54.754
17.18 30.00   1.489   4.499
17.18 30.00   5.988    68.742
17.18 30.00   4.894   3.498   5.988   0.582
17.18 30.00   4.899   3.490   5.988   0.573

17.19  0.00   0.436   0.430   0.026   0.074   0.001   0.004   0.327   0.002   0.000   0.002   0.000 1493344000
17.19    4.18    54.746
17.19 30.00   1.489   4.499
17.19 30.00   5.987    68.741
17.19 30.00   4.894   3.498   5.987   0.582
17.19 30.00   4.899   3.490   5.987   0.573

17.20  0.00   0.436   0.430   0.026   0.074   0.001   0.004   0.327   0.002   0.000   0.002   0.000 1494213000
17.20    4.18    54.738
17.20 30.00   1.488   4.499
17.20 30.00   5.987    68.739
17.20 30.00   4.894   3.497   5.987   0.582
17.20 30.00   4.898   3.490   5.987   0.573

17.21  0.00   0.436   0.430   0.026   0.074   0.001   0.004   0.327   0.002   0.000   0.002   0.000 1495082000
17.21    4.18    54.731
17.21 30.00   1.488   4.499
17.21 30.00   5.987    68.738
17.21 30.00   4.894   3.497   5.987   0.582
17.21 30.00   4.898   3.490   5.987   0.573

17.22  0.00   0.436   0.430   0.026   0.074   0.001   0.004   0.327   0.002   0.000   0.002   0.000 1495950000
17.22    4.18    54.723
17.22 30.00   1.488   4.499
17.22 30.00   5.986    68.736
17.22 30.00   4.893   3.497   5.986   0.582
17.22 30.00   4.898   3.489   5.986   0.573

17.23  0.00   0.436   0.430   0.026   0.074   0.001   0.004   0.327   0.002   0.000   0.002   0.000 1496819000
17.23    4.17    54.716
17.23 30.00   1.487   4.499
17.23 30.00   5.986    68.734
17.23 30.00   4.893   3.497   5.986   0.582
17.23 30.00   4.897   3.489   5.986   0.573

17.24  0.00   0.436   0.430   0.026   0.074   0.001   0.004   0.327   0.002   0.000   0.002   0.000 1497688000
17.24    4.17    54.708
17.24 30.00   1.487   4.499
17.24 30.00   5.986    68.733
17.24 30.00   4.893   3.497   5.986   0.582
17.24 30.00   4.897   3.489   5.986   0.573

17.25  0.00   0.436   0.430   0.026   0.074   0.001   0.004   0.327   0.002   0.000   0.002   0.000 1498557000
17.25    4.17    54.700
17.25 30.00   1.487   4.499
17.25 30.00   5.985    68.731
17.25 30.00   4.893   3.497   5.985   0.582
17.25 30.00   4.897   3.489   5.985   0.573

17.26  0.00   0.436   0.430   0.026   0.074   0.001   0.004   0.327   0.002   0.000   0.002   0.000 1499425000
17.26    4.17    54.693
17.26 30.00   1.486   4.499
17.26 30.00   5.985    68.729
17.26 30.00   4.892   3.496   5.985   0.582
17.26 30.00   4.897   3.489   5.985   0.573

17.27  0.00   0.436   0.430   0.026   0.074   0.001   0.004   0.327   0.002   0.000   0.002   0.000 1500294000
17.27    4.17    54.685
17.27 30.00   1.486   4.499
17.27 30.00   5.985    68.728
17.27 30.00   4.892   3.496   5.985   0.582
17.27 30.00   4.896   3.489   5.985   0.573

17.28  0.00   0.436   0.430   0.026   0.074   0.001   0.004   0.327   0.002   0.000   0.002   0.000 1501163000
17.28    4.17    54.678
17.28 30.00   1.486   4.499
17.28 30.00   5.984    68.726
17.28 30.00   4.892   3.496   5.984   0.582
17.28 30.00   4.896   3.488   5.984   0.573

17.29  0.00   0.436   0.430   0.026   0.074   0.001   0.004   0.327   0.002   0.000   0.002   0.000 1502032000
17.29    4.17    54.670
17.29 30.00   1.485   4.499
17.29 30.00   5.984    68.725
17.29 30.00   4.891   3.496   5.984   0.582
17.29 30.00   4.896   3.488   5.984   0.573

17.30  0.00   0.436   0.430   0.026   0.074   0.001   0.004   0.327   0.002   0.000   0.002   0.000 1502900000
17.30    4.17    54.663
17.30 30.00   1.485   4.499
17.30 30.00   5.984    68.723
17.30 30.00   4.891   3.496   5.984   0.582
17.30 30.00   4.896   3.488   5.984   0.573

17.31  0.00   0.436   0.430   0.026   0.074   0.001   0.004   0.327   0.002   0.000   0.002   0.000 1503769000
17.31    4.17    54.655
17.31 30.00   1.485   4.499
17.31 30.00   5.983    68.721
17.31 30.00   4.891   3.496   5.983   0.582
17.31 30.00   4.895   3.488   5.983   0.573

17.32  0.00   0.436   0.430   0.026   0.074   0.001   0.004   0.327   0.002   0.000   0.002   0.000 1504638000
17.32    4.17    54.648
17.32 30.00   1.484   4.499
17.32 30.00   5.983    68.720
17.32 30.00   4.891   3.495   5.983   0.582
17.32 30.00   4.895   3.488   5.983   0.573

17.33  0.00   0.436   0.430   0.026   0.074   0.001   0.004   0.327   0.002   0.000   0.002   0.000 1505507000
17.33    4.17    54.640
17.33 30.00   1.484   4.499
17.33 30.00   5.983    68.718
17.33 30.00   4.890   3.495   5.983   0.582
17.33 30.00   4.895   3.488   5.983   0.573

17.34  0.00   0.436   0.430   0.026   0.074   0.001   0.004   0.327   0.002   0.000   0.002   0.000 1506375000
17.34    4.17    54.633
17.34 30.00   1.484   4.499
17.34 30.00   5.982    68.717
17.34 30.00   4.890   3.495   5.982   0.582
17.34 30.00   4.895   3.487   5.982   0.573

17.35  0.00   0.436   0.430   0.026   0.074   0.001   0.004   0.327   0.002   0.000   0.002   0.000 1507244000
17.35    4.16    54.625
17.35 30.00   1.483   4.499
17.35 30.00   5.982    68.715
17.35 30.00   4.890   3.495   5.982   0.582
17.35 30.00   4.894   3.487   5.982   0.573

17.36  0.00   0.436   0.430   0.026   0.074   0.001   0.004   0.327   0.002   0.000   0.002   0.000 1508113000
17.36    4.16    54.618
17.36 30.00   1.483   4.499
17.36 30.00   5.982    68.713
17.36 30.00   4.890   3.495   5.982   0.582
17.36 30.00   4.894   3.487   5.982   0.573

17.37  0.00   0.436   0.430   0.026   0.074   0.001   0.004   0.327   0.002   0.000   0.002   0.000 1508982000
17.37    4.16    54.610
17.37 30.00   1.483   4.499
17.37 30.00   5.982    68.712
17.37 30.00   4.889   3.495   5.982   0.582
17.37 30.00   4.894   3.487   5.982   0.573

17.38  0.00   0.436   0.430   0.026   0.074   0.001   0.004   0.327   0.002   0.000   0.002   0.000 1509850000
17.38    4.16    54.603
17.38 30.00   1.483   4.499
17.38 30.00   5.981    68.710
17.38 30.00   4.889   3.494   5.981   0.582
17.38 30.00   4.893   3.487   5.981   0.573

17.39  0.00   0.436   0.430   0.026   0.074   0.001   0.004   0.327   0.002   0.000   0.002   0.000 1510719000
17.39    4.16    54.595
17.39 30.00   1.482   4.499
17.39 30.00   5.981    68.709
17.39 30.00   4.889   3.494   5.981   0.582
17.39 30.00   4.893   3.487   5.981   0.573

17.40  0.00   0.436   0.430   0.026   0.074   0.001   0.004   0.327   0.002   0.000   0.002   0.000 1511588000
17.40    4.16    54.588
17.40 30.00   1.482   4.499
17.40 30.00   5.981    68.707
17.40 30.00   4.889   3.494   5.981   0.582
17.40 30.00   4.893   3.486   5.981   0.573

17.41  0.00   0.436   0.430   0.026   0.074   0.001   0.004   0.327   0.002   0.000   0.002   0.000 1512456000
17.41    4.16    54.580
17.41 30.00   1.482   4.499
17.41 30.00   5.980    68.705
17.41 30.00   4.888   3.494   5.980   0.582
17.41 30.00   4.893   3.486   5.980   0.573

17.42  0.00   0.436   0.430   0.026   0.074   0.001   0.004   0.327   0.002   0.000   0.002   0.000 1513325000
17.42    4.16    54.573
17.42 30.00   1.481   4.499
17.42 30.00   5.980    68.704
17.42 30.00   4.888   3.494   5.980   0.582
17.42 30.00   4.892   3.486   5.980   0.573

17.43  0.00   0.436   0.430   0.026   0.074   0.001   0.004   0.327   0.002   0.000   0.002   0.000 1514194000
17.43    4.16    54.565
17.43 30.00   1.481   4.499
17.43 30.00   5.980    68.702
17.43 30.00   4.888   3.494   5.980   0.582
17.43 30.00   4.892   3.486   5.980   0.573

17.44  0.00   0.436   0.430   0.026   0.074   0.001   0.004   0.327   0.002   0.000   0.002   0.000 1515063000
17.44    4.16    54.558
17.44 30.00   1.481   4.499
17.44 30.00   5.979    68.701
17.44 30.00   4.887   3.493   5.979   0.582
17.44 30.00   4.892   3.486   5.979   0.573

17.45  0.00   0.436   0.430   0.026   0.074   0.001   0.004   0.327   0.002   0.000   0.002   0.000 1515931000
17.45    4.16    54.550
17.45 30.00   1.480   4.499
17.45 30.00   5.979    68.699
17.45 30.00   4.887   3.493   5.979   0.582
17.45 30.00   4.892   3.486   5.979   0.573

17.46  0.00   0.436   0.430   0.026   0.074   0.001   0.004   0.327   0.002   0.000   0.002   0.000 1516800000
17.46    4.16    54.543
17.46 30.00   1.480   4.499
17.46 30.00   5.979    68.698
17.46 30.00   4.887   3.493   5.979   0.582
17.46 30.00   4.891   3.485   5.979   0.573

17.47  0.00   0.436   0.430   0.026   0.074   0.001   0.004   0.327   0.002   0.000   0.002   0.000 1517669000
17.47    4.15    54.535
17.47 30.00   1.480   4.499
17.47 30.00   5.978    68.696
17.47 30.00   4.887   3.493   5.978   0.582
17.47 30.00   4.891   3.485   5.978   0.573

17.48  0.00   0.436   0.430   0.026   0.074   0.001   0.004   0.327   0.002   0.000   0.002   0.000 1518537000
17.48    4.15    54.528
17.48 30.00   1.479   4.499
17.48 30.00   5.978    68.694
17.48 30.00   4.886   3.493   5.978   0.582
17.48 30.00   4.891   3.485   5.978   0.573

17.49  0.00   0.436   0.430   0.026   0.074   0.001   0.004   0.327   0.002   0.000   0.002   0.000 1519406000
17.49    4.15    54.521
17.49 30.00   1.479   4.499
17.49 30.00   5.978    68.693
17.49 30.00   4.886   3.493   5.978   0.582
17.49 30.00   4.891   3.485   5.978   0.573

17.50  0.00   0.436   0.430   0.026   0.074   0.001   0.004   0.327   0.002   0.000   0.002   0.000 1520275000
17.50    4.15    54.513
17.50 30.00   1.479   4.499
17.50 30.00   5.977    68.691
17.50 30.00   4.886   3.492   5.977   0.582
17.50 30.00   4.890   3.485   5.977   0.573

17.51  0.00   0.436   0.430   0.026   0.074   0.001   0.004   0.327   0.002   0.000   0.002   0.000 1521144000
17.51    4.15    54.506
17.51 30.00   1.478   4.499
17.51 30.00   5.977    68.690
17.51 30.00   4.886   3.492   5.977   0.582
17.51 30.00   4.890   3.485   5.977   0.573

17.52  0.00   0.436   0.430   0.026   0.074   0.001   0.004   0.327   0.002   0.000   0.002   0.000 1522012000
17.52    4.15    54.498
17.52 30.00   1.478   4.499
17.52 30.00   5.977    68.688
17.52 30.00   4.885   3.492   5.977   0.582
17.52 30.00   4.890   3.484   5.977   0.573

17.53  0.00   0.436   0.430   0.026   0.074   0.001   0.004   0.327   0.002   0.000   0.002   0.000 1522881000
17.53    4.15    54.491
17.53 30.00   1.478   4.499
17.53 30.00   5.977    68.687
17.53 30.00   4.885   3.492   5.977   0.582
17.53 30.00   4.890   3.484   5.977   0.573

17.54  0.00   0.436   0.429   0.026   0.074   0.001   0.004   0.327   0.002   0.000   0.002   0.000 1523750000
17.54    4.15    54.484
17.54 30.00   1.478   4.499
17.54 30.00   5.976    68.685
17.54 30.00   4.885   3.492   5.976   0.581
17.54 30.00   4.889   3.484   5.976   0.573

17.55  0.00   0.436   0.429   0.026   0.074   0.001   0.004   0.327   0.002   0.000   0.002   0.000 1524618000
17.55    4.15    54.476
17.55 30.00   1.477   4.499
17.55 30.00   5.976    68.683
17.55 30.00   4.885   3.492   5.976   0.581
17.55 30.00   4.889   3.484   5.976   0.573

17.56  0.00   0.436   0.429   0.026   0.074   0.001   0.004   0.327   0.002   0.000   0.002   0.000 1525487000
17.56    4.15    54.469
17.56 30.00   1.477   4.499
17.56 30.00   5.976    68.682
17.56 30.00   4.884   3.491   5.976   0.581
17.56 30.00   4.889   3.484   5.976   0.573

17.57  0.00   0.436   0.429   0.026   0.074   0.001   0.004   0.327   0.002   0.000   0.002   0.000 1526356000
17.57    4.15    54.461
17.57 30.00   1.477   4.499
17.57 30.00   5.975    68.680
17.57 30.00   4.884   3.491   5.975   0.581
17.57 30.00   4.888   3.484   5.975   0.573

17.58  0.00   0.436   0.429   0.026   0.074   0.001   0.004   0.327   0.002   0.000   0.002   0.000 1527225000
17.58    4.15    54.454
17.58 30.00   1.476   4.499
17.58 30.00   5.975    68.679
17.58 30.00   4.884   3.491   5.975   0.581
17.58 30.00   4.888   3.483   5.975   0.573

17.59  0.00   0.436   0.429   0.026   0.074   0.001   0.004   0.327   0.002   0.000   0.002   0.000 1528093000
17.59    4.15    54.447
17.59 30.00   1.476   4.499
17.59 30.00   5.975    68.677
17.59 30.00   4.884   3.491   5.975   0.581
17.59 30.00   4.888   3.483   5.975   0.573

17.60  0.00   0.436   0.429   0.026   0.074   0.001   0.004   0.327   0.002   0.000   0.002   0.000 1528962000
17.60    4.14    54.439
17.60 30.00   1.476   4.499
17.60 30.00   5.974    68.676
17.60 30.00   4.883   3.491   5.974   0.581
17.60 30.00   4.888   3.483   5.974   0.573

17.61  0.00   0.436   0.429   0.026   0.074   0.001   0.004   0.327   0.002   0.000   0.002   0.000 1529831000
17.61    4.14    54.432
17.61 30.00   1.475   4.499
17.61 30.00   5.974    68.674
17.61 30.00   4.883   3.491   5.974   0.581
17.61 30.00   4.887   3.483   5.974   0.573

17.62  0.00   0.436   0.429   0.026   0.074   0.001   0.004   0.327   0.002   0.000   0.002   0.000 1530700000
17.62    4.14    54.425
17.62 30.00   1.475   4.499
17.62 30.00   5.974    68.673
17.62 30.00   4.883   3.490   5.974   0.581
17.62 30.00   4.887   3.483   5.974   0.573

17.63  0.00   0.436   0.429   0.026   0.074   0.001   0.004   0.327   0.002   0.000   0.002   0.000 1531568000
17.63    4.14    54.417
17.63 30.00   1.475   4.499
17.63 30.00   5.973    68.671
17.63 30.00   4.883   3.490   5.973   0.581
17.63 30.00   4.887   3.483   5.973   0.573

17.64  0.00   0.436   0.429   0.026   0.074   0.001   0.004   0.327   0.002   0.000   0.002   0.000 1532437000
17.64    4.14    54.410
17.64 30.00   1.475   4.499
17.64 30.00   5.973    68.669
17.64 30.00   4.882   3.490   5.973   0.581
17.64 30.00   4.887   3.482   5.973   0.573

17.65  0.00   0.436   0.429   0.026   0.074   0.001   0.004   0.327   0.002   0.000   0.002   0.000 1533306000
17.65    4.14    54.403
17.65 30.00   1.474   4.499
17.65 30.00   5.973    68.668
17.65 30.00   4.882   3.490   5.973   0.581
17.65 30.00   4.886   3.482   5.973   0.573

17.66  0.00   0.436   0.429   0.026   0.074   0.001   0.004   0.327   0.002   0.000   0.002   0.000 1534175000
17.66    4.14    54.396
17.66 30.00   1.474   4.499
17.66 30.00   5.973    68.666
17.66 30.00   4.882   3.490   5.973   0.581
17.66 30.00   4.886   3.482   5.973   0.573

17.67  0.00   0.436   0.429   0.026   0.074   0.001   0.004   0.327   0.002   0.000   0.002   0.000 1535043000
17.67    4.14    54.388
17.67 30.00   1.474   4.499
17.67 30.00   5.972    68.665
17.67 30.00   4.881   3.490   5.972   0.581
17.67 30.00   4.886   3.482   5.972   0.572

17.68  0.00   0.436   0.429   0.026   0.074   0.001   0.004   0.327   0.002   0.000   0.002   0.000 1535912000
17.68    4.14    54.381
17.68 30.00   1.473   4.499
17.68 30.00   5.972    68.663
17.68 30.00   4.881   3.489   5.972   0.581
17.68 30.00   4.886   3.482   5.972   0.572

17.69  0.00   0.436   0.429   0.026   0.074   0.001   0.004   0.327   0.002   0.000   0.002   0.000 1536781000
17.69    4.14    54.374
17.69 30.00   1.473   4.499
17.69 30.00   5.972    68.662
17.69 30.00   4.881   3.489   5.972   0.581
17.69 30.00   4.885   3.482   5.972   0.572

17.70  0.00   0.436   0.429   0.026   0.074   0.001   0.004   0.327   0.002   0.000   0.002   0.000 1537650000
17.70    4.14    54.366
17.70 30.00   1.473   4.499
17.70 30.00   5.971    68.660
17.70 30.00   4.881   3.489   5.971   0.581
17.70 30.00   4.885   3.481   5.971   0.572

17.71  0.00   0.436   0.429   0.026   0.074   0.001   0.004   0.327   0.002   0.000   0.002   0.000 1538518000
17.71    4.14    54.359
17.71 30.00   1.472   4.499
17.71 30.00   5.971    68.659
17.71 30.00   4.880   3.489   5.971   0.581
17.71 30.00   4.885   3.481   5.971   0.572

17.72  0.00   0.436   0.429   0.026   0.074   0.001   0.004   0.327   0.002   0.000   0.002   0.000 1539387000
17.72    4.14    54.352
17.72 30.00   1.472   4.499
17.72 30.00   5.971    68.657
17.72 30.00   4.880   3.489   5.971   0.581
17.72 30.00   4.885   3.481   5.971   0.572

17.73  0.00   0.436   0.429   0.026   0.074   0.001   0.004   0.327   0.002   0.000   0.002   0.000 1540256000
17.73    4.13    54.345
17.73 30.00   1.472   4.499
17.73 30.00   5.970    68.656
17.73 30.00   4.880   3.489   5.970   0.581
17.73 30.00   4.884   3.481   5.970   0.572

17.74  0.00   0.436   0.429   0.026   0.074   0.001   0.004   0.327   0.002   0.000   0.002   0.000 1541124000
17.74    4.13    54.337
17.74 30.00   1.471   4.499
17.74 30.00   5.970    68.654
17.74 30.00   4.880   3.488   5.970   0.581
17.74 30.00   4.884   3.481   5.970   0.572

17.75  0.00   0.436   0.429   0.026   0.074   0.001   0.004   0.327   0.002   0.000   0.002   0.000 1541993000
17.75    4.13    54.330
17.75 30.00   1.471   4.499
17.75 30.00   5.970    68.653
17.75 30.00   4.879   3.488   5.970   0.581
17.75 30.00   4.884   3.481   5.970   0.572

17.76  0.00   0.436   0.429   0.026   0.074   0.001   0.004   0.327   0.002   0.000   0.002   0.000 1542862000
17.76    4.13    54.323
17.76 30.00   1.471   4.499
17.76 30.00   5.970    68.651
17.76 30.00   4.879   3.488   5.970   0.581
17.76 30.00   4.884   3.480   5.970   0.572

17.77  0.00   0.436   0.429   0.026   0.074   0.001   0.004   0.327   0.002   0.000   0.002   0.000 1543731000
17.77    4.13    54.316
17.77 30.00   1.471   4.499
17.77 30.00   5.969    68.649
17.77 30.00   4.879   3.488   5.969   0.581
17.77 30.00   4.883   3.480   5.969   0.572

17.78  0.00   0.436   0.429   0.026   0.074   0.001   0.004   0.327   0.002   0.000   0.002   0.000 1544599000
17.78    4.13    54.308
17.78 30.00   1.470   4.499
17.78 30.00   5.969    68.648
17.78 30.00   4.879   3.488   5.969   0.581
17.78 30.00   4.883   3.480   5.969   0.572

17.79  0.00   0.436   0.429   0.026   0.074   0.001   0.004   0.327   0.002   0.000   0.002   0.000 1545468000
17.79    4.13    54.301
17.79 30.00   1.470   4.499
17.79 30.00   5.969    68.646
17.79 30.00   4.878   3.488   5.969   0.581
17.79 30.00   4.883   3.480   5.969   0.572

17.80  0.00   0.436   0.429   0.026   0.074   0.001   0.004   0.327   0.002   0.000   0.002   0.000 1546337000
17.80    4.13    54.294
17.80 30.00   1.470   4.499
17.80 30.00   5.968    68.645
17.80 30.00   4.878   3.487   5.968   0.581
17.80 30.00   4.883   3.480   5.968   0.572

17.81  0.00   0.436   0.429   0.026   0.074   0.001   0.004   0.327   0.002   0.000   0.002   0.000 1547206000
17.81    4.13    54.287
17.81 30.00   1.469   4.499
17.81 30.00   5.968    68.643
17.81 30.00   4.878   3.487   5.968   0.581
17.81 30.00   4.882   3.480   5.968   0.572

17.82  0.00   0.436   0.429   0.026   0.074   0.001   0.004   0.327   0.002   0.000   0.002   0.000 1548074000
17.82    4.13    54.280
17.82 30.00   1.469   4.499
17.82 30.00   5.968    68.642
17.82 30.00   4.878   3.487   5.968   0.581
17.82 30.00   4.882   3.479   5.968   0.572

17.83  0.00   0.436   0.429   0.026   0.074   0.001   0.004   0.327   0.002   0.000   0.002   0.000 1548943000
17.83    4.13    54.272
17.83 30.00   1.469   4.499
17.83 30.00   5.967    68.640
17.83 30.00   4.877   3.487   5.967   0.581
17.83 30.00   4.882   3.479   5.967   0.572

17.84  0.00   0.436   0.429   0.026   0.074   0.001   0.004   0.327   0.002   0.000   0.002   0.000 1549812000
17.84    4.13    54.265
17.84 30.00   1.468   4.499
17.84 30.00   5.967    68.639
17.84 30.00   4.877   3.487   5.967   0.581
17.84 30.00   4.882   3.479   5.967   0.572

17.85  0.00   0.436   0.429   0.026   0.074   0.001   0.004   0.327   0.002   0.000   0.002   0.000 1550680000
17.85    4.13    54.258
17.85 30.00   1.468   4.499
17.85 30.00   5.967    68.637
17.85 30.00   4.877   3.487   5.967   0.581
17.85 30.00   4.881   3.479   5.967   0.572

17.86  0.00   0.436   0.429   0.026   0.074   0.001   0.004   0.327   0.002   0.000   0.002   0.000 1551549000
17.86    4.12    54.251
17.86 30.00   1.468   4.499
17.86 30.00   5.967    68.636
17.86 30.00   4.877   3.486   5.967   0.581
17.86 30.00   4.881   3.479   5.967   0.572

17.87  0.00   0.436   0.429   0.026   0.074   0.001   0.004   0.327   0.002   0.000   0.002   0.000 1552418000
17.87    4.12    54.244
17.87 30.00   1.468   4.499
17.87 30.00   5.966    68.634
17.87 30.00   4.876   3.486   5.966   0.581
17.87 30.00   4.881   3.479   5.966   0.572

17.88  0.00   0.436   0.429   0.026   0.074   0.001   0.004   0.327   0.002   0.000   0.002   0.000 1553287000
17.88    4.12    54.236
17.88 30.00   1.467   4.499
17.88 30.00   5.966    68.633
17.88 30.00   4.876   3.486   5.966   0.581
17.88 30.00   4.881   3.479   5.966   0.572

17.89  0.00   0.436   0.429   0.026   0.074   0.001   0.004   0.327   0.002   0.000   0.002   0.000 1554155000
17.89    4.12    54.229
17.89 30.00   1.467   4.499
17.89 30.00   5.966    68.631
17.89 30.00   4.876   3.486   5.966   0.581
17.89 30.00   4.880   3.478   5.966   0.572

17.90  0.00   0.436   0.429   0.026   0.074   0.001   0.004   0.327   0.002   0.000   0.002   0.000 1555024000
17.90    4.12    54.222
17.90 30.00   1.467   4.499
17.90 30.00   5.965    68.630
17.90 30.00   4.876   3.486   5.965   0.581
17.90 30.00   4.880   3.478   5.965   0.572

17.91  0.00   0.436   0.429   0.026   0.074   0.001   0.004   0.327   0.002   0.000   0.002   0.000 1555893000
17.91    4.12    54.215
17.91 30.00   1.466   4.499
17.91 30.00   5.965    68.628
17.91 30.00   4.875   3.486   5.965   0.581
17.91 30.00   4.880   3.478   5.965   0.572

17.92  0.00   0.436   0.429   0.026   0.074   0.001   0.004   0.327   0.002   0.000   0.002   0.000 1556761000
17.92    4.12    54.208
17.92 30.00   1.466   4.499
17.92 30.00   5.965    68.627
17.92 30.00   4.875   3.486   5.965   0.581
17.92 30.00   4.880   3.478   5.965   0.572

17.93  0.00   0.436   0.429   0.026   0.074   0.001   0.004   0.327   0.002   0.000   0.002   0.000 1557630000
17.93    4.12    54.201
17.93 30.00   1.466   4.499
17.93 30.00   5.964    68.625
17.93 30.00   4.875   3.485   5.964   0.581
17.93 30.00   4.879   3.478   5.964   0.572

17.94  0.00   0.436   0.429   0.026   0.074   0.001   0.004   0.327   0.002   0.000   0.002   0.000 1558499000
17.94    4.12    54.194
17.94 30.00   1.465   4.499
17.94 30.00   5.964    68.624
17.94 30.00   4.875   3.485   5.964   0.581
17.94 30.00   4.879   3.478   5.964   0.572

17.95  0.00   0.436   0.429   0.026   0.074   0.001   0.004   0.327   0.002   0.000   0.002   0.000 1559368000
17.95    4.12    54.187
17.95 30.00   1.465   4.499
17.95 30.00   5.964    68.622
17.95 30.00   4.874   3.485   5.964   0.581
17.95 30.00   4.879   3.477   5.964   0.572

17.96  0.00   0.436   0.429   0.026   0.074   0.001   0.004   0.327   0.002   0.000   0.002   0.000 1560236000
17.96    4.12    54.179
17.96 30.00   1.465   4.499
17.96 30.00   5.964    68.621
17.96 30.00   4.874   3.485   5.964   0.581
17.96 30.00   4.879   3.477   5.964   0.572

17.97  0.00   0.436   0.429   0.026   0.074   0.001   0.004   0.327   0.002   0.000   0.002   0.000 1561105000
17.97    4.12    54.172
17.97 30.00   1.465   4.499
17.97 30.00   5.963    68.619
17.97 30.00   4.874   3.485   5.963   0.581
17.97 30.00   4.878   3.477   5.963   0.572

17.98  0.00   0.436   0.429   0.026   0.074   0.001   0.004   0.327   0.002   0.000   0.002   0.000 1561974000
17.98    4.12    54.165
17.98 30.00   1.464   4.499
17.98 30.00   5.963    68.618
17.98 30.00   4.874   3.485   5.963   0.581
17.98 30.00   4.878   3.477   5.963   0.572

17.99  0.00   0.436   0.429   0.026   0.074   0.001   0.004   0.327   0.002   0.000   0.002   0.000 1562843000
17.99    4.11    54.158
17.99 30.00   1.464   4.499
17.99 30.00   5.963    68.616
17.99 30.00   4.873   3.484   5.963   0.581
17.99 30.00   4.878   3.477   5.963   0.572

18.00  0.00   0.436   0.429   0.026   0.074   0.001   0.004   0.327   0.002   0.000   0.002   0.000 1563711000
18.00    4.11    54.151
18.00 30.00   1.464   4.499
18.00 30.00   5.962    68.615
18.00 30.00   4.873   3.484   5.962   0.581
18.00 30.00   4.878   3.477   5.962   0.572

18.01  0.00   0.436   0.429   0.026   0.074   0.001   0.004   0.327   0.002   0.000   0.002   0.000 1564580000
18.01    4.11    54.144
18.01 30.00   1.463   4.499
18.01 30.00   5.962    68.613
18.01 30.00   4.873   3.484   5.962   0.581
18.01 30.00   4.877   3.476   5.962   0.572

18.02  0.00   0.436   0.429   0.026   0.074   0.001   0.004   0.327   0.002   0.000   0.002   0.000 1565449000
18.02    4.11    54.137
18.02 30.00   1.463   4.499
18.02 30.00   5.962    68.612
18.02 30.00   4.873   3.484   5.962   0.581
18.02 30.00   4.877   3.476   5.962   0.572

18.03  0.00   0.436   0.429   0.026   0.074   0.001   0.004   0.327   0.002   0.000   0.002   0.000 1566318000
18.03    4.11    54.130
18.03 30.00   1.463   4.499
18.03 30.00   5.962    68.610
18.03 30.00   4.872   3.484   5.962   0.581
18.03 30.00   4.877   3.476   5.962   0.572

18.04  0.00   0.436   0.429   0.026   0.074   0.001   0.004   0.327   0.002   0.000   0.002   0.000 1567186000
18.04    4.11    54.123
18.04 30.00   1.463   4.499
18.04 30.00   5.961    68.609
18.04 30.00   4.872   3.484   5.961   0.581
18.04 30.00   4.877   3.476   5.961   0.572

18.05  0.00   0.436   0.429   0.026   0.074   0.001   0.004   0.327   0.002   0.000   0.002   0.000 1568055000
18.05    4.11    54.116
18.05 30.00   1.462   4.499
18.05 30.00   5.961    68.607
18.05 30.00   4.872   3.483   5.961   0.581
18.05 30.00   4.876   3.476   5.961   0.572

18.06  0.00   0.436   0.429   0.026   0.074   0.001   0.004   0.327   0.002   0.000   0.002   0.000 1568924000
18.06    4.11    54.109
18.06 30.00   1.462   4.499
18.06 30.00   5.961    68.606
18.06 30.00   4.872   3.483   5.961   0.581
18.06 30.00   4.876   3.476   5.961   0.572

18.07  0.00   0.436   0.429   0.026   0.074   0.001   0.004   0.327   0.002   0.000   0.002   0.000 1569792000
18.07    4.11    54.102
18.07 30.00   1.462   4.499
18.07 30.00   5.960    68.605
18.07 30.00   4.871   3.483   5.960   0.581
18.07 30.00   4.876   3.476   5.960   0.572

18.08  0.00   0.436   0.429   0.026   0.074   0.001   0.004   0.327   0.002   0.000   0.002   0.000 1570661000
18.08    4.11    54.095
18.08 30.00   1.461   4.499
18.08 30.00   5.960    68.603
18.08 30.00   4.871   3.483   5.960   0.581
18.08 30.00   4.876   3.475   5.960   0.572

18.09  0.00   0.436   0.429   0.026   0.074   0.001   0.004   0.327   0.002   0.000   0.002   0.000 1571530000
18.09    4.11    54.088
18.09 30.00   1.461   4.499
18.09 30.00   5.960    68.602
18.09 30.00   4.871   3.483   5.960   0.581
18.09 30.00   4.875   3.475   5.960   0.572

18.10  0.00   0.436   0.429   0.026   0.074   0.001   0.004   0.327   0.002   0.000   0.002   0.000 1572399000
18.10    4.11    54.081
18.10 30.00   1.461   4.499
18.10 30.00   5.959    68.600
18.10 30.00   4.871   3.483   5.959   0.581
18.10 30.00   4.875   3.475   5.959   0.572

18.11  0.00   0.436   0.429   0.026   0.074   0.001   0.004   0.327   0.002   0.000   0.002   0.000 1573267000
18.11    4.11    54.074
18.11 30.00   1.461   4.499
18.11 30.00   5.959    68.599
18.11 30.00   4.870   3.483   5.959   0.581
18.11 30.00   4.875   3.475   5.959   0.572

18.12  0.00   0.436   0.429   0.026   0.074   0.001   0.004   0.327   0.002   0.000   0.002   0.000 1574136000
18.12    4.11    54.067
18.12 30.00   1.460   4.499
18.12 30.00   5.959    68.597
18.12 30.00   4.870   3.482   5.959   0.581
18.12 30.00   4.875   3.475   5.959   0.572

18.13  0.00   0.436   0.429   0.026   0.074   0.001   0.004   0.327   0.002   0.000   0.002   0.000 1575005000
18.13    4.10    54.060
18.13 30.00   1.460   4.499
18.13 30.00   5.959    68.596
18.13 30.00   4.870   3.482   5.959   0.581
18.13 30.00   4.874   3.475   5.959   0.572

18.14  0.00   0.436   0.429   0.026   0.074   0.001   0.004   0.327   0.002   0.000   0.002   0.000 1575874000
18.14    4.10    54.053
18.14 30.00   1.460   4.499
18.14 30.00   5.958    68.594
18.14 30.00   4.870   3.482   5.958   0.581
18.14 30.00   4.874   3.474   5.958   0.572

18.15  0.00   0.436   0.429   0.026   0.074   0.001   0.004   0.327   0.002   0.000   0.002   0.000 1576742000
18.15    4.10    54.046
18.15 30.00   1.459   4.499
18.15 30.00   5.958    68.593
18.15 30.00   4.869   3.482   5.958   0.581
18.15 30.00   4.874   3.474   5.958   0.572

18.16  0.00   0.436   0.429   0.026   0.074   0.001   0.004   0.327   0.002   0.000   0.002   0.000 1577611000
18.16    4.10    54.039
18.16 30.00   1.459   4.499
18.16 30.00   5.958    68.591
18.16 30.00   4.869   3.482   5.958   0.581
18.16 30.00   4.874   3.474   5.958   0.572

18.17  0.00   0.435   0.429   0.026   0.074   0.001   0.004   0.327   0.002   0.000   0.002   0.000 1578480000
18.17    4.10    54.032
18.17 30.00   1.459   4.499
18.17 30.00   5.957    68.590
18.17 30.00   4.869   3.482   5.957   0.581
18.17 30.00   4.873   3.474   5.957   0.572

18.18  0.00   0.435   0.429   0.026   0.074   0.001   0.004   0.327   0.002   0.000   0.002   0.000 1579348000
18.18    4.10    54.025
18.18 30.00   1.458   4.499
18.18 30.00   5.957    68.588
18.18 30.00   4.869   3.481   5.957   0.581
18.18 30.00   4.873   3.474   5.957   0.572

18.19  0.00   0.435   0.429   0.026   0.074   0.001   0.004   0.327   0.002   0.000   0.002   0.000 1580217000
18.19    4.10    54.018
18.19 30.00   1.458   4.499
18.19 30.00   5.957    68.587
18.19 30.00   4.868   3.481   5.957   0.581
18.19 30.00   4.873   3.474   5.957   0.572

18.20  0.00   0.435   0.429   0.026   0.074   0.001   0.004   0.327   0.002   0.000   0.002   0.000 1581086000
18.20    4.10    54.011
18.20 30.00   1.458   4.499
18.20 30.00   5.957    68.585
18.20 30.00   4.868   3.481   5.957   0.581
18.20 30.00   4.873   3.473   5.957   0.572

18.21  0.00   0.435   0.429   0.026   0.074   0.001   0.004   0.326   0.002   0.000   0.002   0.000 1581955000
18.21    4.10    54.004
18.21 30.00   1.458   4.499
18.21 30.00   5.956    68.584
18.21 30.00   4.868   3.481   5.956   0.581
18.21 30.00   4.872   3.473   5.956   0.572

18.22  0.00   0.435   0.429   0.026   0.074   0.001   0.004   0.326   0.002   0.000   0.002   0.000 1582823000
18.22    4.10    53.997
18.22 30.00   1.457   4.499
18.22 30.00   5.956    68.583
18.22 30.00   4.868   3.481   5.956   0.581
18.22 30.00   4.872   3.473   5.956   0.572

18.23  0.00   0.435   0.429   0.026   0.074   0.001   0.004   0.326   0.002   0.000   0.002   0.000 1583692000
18.23    4.10    53.990
18.23 30.00   1.457   4.499
18.23 30.00   5.956    68.581
18.23 30.00   4.868   3.481   5.956   0.581
18.23 30.00   4.872   3.473   5.956   0.572

18.24  0.00   0.435   0.429   0.026   0.074   0.001   0.004   0.326   0.002   0.000   0.002   0.000 1584561000
18.24    4.10    53.983
18.24 30.00   1.457   4.499
18.24 30.00   5.955    68.580
18.24 30.00   4.867   3.481   5.955   0.581
18.24 30.00   4.872   3.473   5.955   0.572

18.25  0.00   0.435   0.429   0.026   0.074   0.001   0.004   0.326   0.002   0.000   0.002   0.000 1585430000
18.25    4.10    53.976
18.25 30.00   1.456   4.499
18.25 30.00   5.955    68.578
18.25 30.00   4.867   3.480   5.955   0.581
18.25 30.00   4.871   3.473   5.955   0.572

18.26  0.00   0.435   0.429   0.026   0.074   0.001   0.004   0.326   0.002   0.000   0.002   0.000 1586298000
18.26    4.10    53.969
18.26 30.00   1.456   4.499
18.26 30.00   5.955    68.577
18.26 30.00   4.867   3.480   5.955   0.581
18.26 30.00   4.871   3.473   5.955   0.572

18.27  0.00   0.435   0.429   0.026   0.074   0.001   0.004   0.326   0.002   0.000   0.002   0.000 1587167000
18.27    4.09    53.962
18.27 30.00   1.456   4.499
18.27 30.00   5.955    68.575
18.27 30.00   4.867   3.480   5.955   0.581
18.27 30.00   4.871   3.472   5.955   0.572

18.28  0.00   0.435   0.429   0.026   0.074   0.001   0.004   0.326   0.002   0.000   0.002   0.000 1588036000
18.28    4.09    53.955
18.28 30.00   1.456   4.499
18.28 30.00   5.954    68.574
18.28 30.00   4.866   3.480   5.954   0.581
18.28 30.00   4.871   3.472   5.954   0.572

18.29  0.00   0.435   0.429   0.026   0.074   0.001   0.004   0.326   0.002   0.000   0.002   0.000 1588905000
18.29    4.09    53.948
18.29 30.00   1.455   4.499
18.29 30.00   5.954    68.572
18.29 30.00   4.866   3.480   5.954   0.581
18.29 30.00   4.870   3.472   5.954   0.572

18.30  0.00   0.435   0.429   0.026   0.074   0.001   0.004   0.326   0.002   0.000   0.002   0.000 1589773000
18.30    4.09    53.941
18.30 30.00   1.455   4.499
18.30 30.00   5.954    68.571
18.30 30.00   4.866   3.480   5.954   0.580
18.30 30.00   4.870   3.472   5.954   0.572

18.31  0.00   0.435   0.429   0.026   0.074   0.001   0.004   0.326   0.002   0.000   0.002   0.000 1590642000
18.31    4.09    53.935
18.31 30.00   1.455   4.499
18.31 30.00   5.953    68.570
18.31 30.00   4.866   3.479   5.953   0.580
18.31 30.00   4.870   3.472   5.953   0.572

18.32  0.00   0.435   0.429   0.026   0.074   0.001   0.004   0.326   0.002   0.000   0.002   0.000 1591511000
18.32    4.09    53.928
18.32 30.00   1.454   4.499
18.32 30.00   5.953    68.568
18.32 30.00   4.865   3.479   5.953   0.580
18.32 30.00   4.870   3.472   5.953   0.572

18.33  0.00   0.435   0.429   0.026   0.074   0.001   0.004   0.326   0.002   0.000   0.002   0.000 1592379000
18.33    4.09    53.921
18.33 30.00   1.454   4.499
18.33 30.00   5.953    68.567
18.33 30.00   4.865   3.479   5.953   0.580
18.33 30.00   4.870   3.471   5.953   0.572

18.34  0.00   0.435   0.429   0.026   0.074   0.001   0.004   0.326   0.002   0.000   0.002   0.000 1593248000
18.34    4.09    53.914
18.34 30.00   1.454   4.499
18.34 30.00   5.953    68.565
18.34 30.00   4.865   3.479   5.953   0.580
18.34 30.00   4.869   3.471   5.953   0.572

18.35  0.00   0.435   0.429   0.026   0.074   0.001   0.004   0.326   0.002   0.000   0.002   0.000 1594117000
18.35    4.09    53.907
18.35 30.00   1.454   4.499
18.35 30.00   5.952    68.564
18.35 30.00   4.865   3.479   5.952   0.580
18.35 30.00   4.869   3.471   5.952   0.572

18.36  0.00   0.435   0.429   0.026   0.074   0.001   0.004   0.326   0.002   0.000   0.002   0.000 1594986000
18.36    4.09    53.900
18.36 30.00   1.453   4.499
18.36 30.00   5.952    68.562
18.36 30.00   4.864   3.479   5.952   0.580
18.36 30.00   4.869   3.471   5.952   0.572

18.37  0.00   0.435   0.429   0.026   0.074   0.001   0.004   0.326   0.002   0.000   0.002   0.000 1595854000
18.37    4.09    53.893
18.37 30.00   1.453   4.499
18.37 30.00   5.952    68.561
18.37 30.00   4.864   3.479   5.952   0.580
18.37 30.00   4.869   3.471   5.952   0.572

18.38  0.00   0.435   0.429   0.026   0.074   0.001   0.004   0.326   0.002   0.000   0.002   0.000 1596723000
18.38    4.09    53.886
18.38 30.00   1.453   4.499
18.38 30.00   5.951    68.560
18.38 30.00   4.864   3.478   5.951   0.580
18.38 30.00   4.868   3.471   5.951   0.572

18.39  0.00   0.435   0.429   0.026   0.074   0.001   0.004   0.326   0.002   0.000   0.002   0.000 1597592000
18.39    4.09    53.880
18.39 30.00   1.453   4.499
18.39 30.00   5.951    68.558
18.39 30.00   4.864   3.478   5.951   0.580
18.39 30.00   4.868   3.471   5.951   0.572

18.40  0.00   0.435   0.429   0.026   0.074   0.001   0.004   0.326   0.002   0.000   0.002   0.000 1598460000
18.40    4.09    53.873
18.40 30.00   1.452   4.499
18.40 30.00   5.951    68.557
18.40 30.00   4.863   3.478   5.951   0.580
18.40 30.00   4.868   3.470   5.951   0.572

18.41  0.00   0.435   0.429   0.026   0.074   0.001   0.004   0.326   0.002   0.000   0.002   0.000 1599329000
18.41    4.08    53.866
18.41 30.00   1.452   4.499
18.41 30.00   5.951    68.555
18.41 30.00   4.863   3.478   5.951   0.580
18.41 30.00   4.868   3.470   5.951   0.572

18.42  0.00   0.435   0.429   0.026   0.074   0.001   0.004   0.326   0.002   0.000   0.002   0.000 1600198000
18.42    4.08    53.859
18.42 30.00   1.452   4.499
18.42 30.00   5.950    68.554
18.42 30.00   4.863   3.478   5.950   0.580
18.42 30.00   4.867   3.470   5.950   0.572

18.43  0.00   0.435   0.429   0.026   0.074   0.001   0.004   0.326   0.002   0.000   0.002   0.000 1601067000
18.43    4.08    53.852
18.43 30.00   1.451   4.499
18.43 30.00   5.950    68.552
18.43 30.00   4.863   3.478   5.950   0.580
18.43 30.00   4.867   3.470   5.950   0.572

18.44  0.00   0.435   0.429   0.026   0.074   0.001   0.004   0.326   0.002   0.000   0.002   0.000 1601935000
18.44    4.08    53.846
18.44 30.00   1.451   4.499
18.44 30.00   5.950    68.551
18.44 30.00   4.863   3.477   5.950   0.580
18.44 30.00   4.867   3.470   5.950   0.571

18.45  0.00   0.435   0.429   0.026   0.074   0.001   0.004   0.326   0.002   0.000   0.002   0.000 1602804000
18.45    4.08    53.839
18.45 30.00   1.451   4.499
18.45 30.00   5.950    68.550
18.45 30.00   4.862   3.477   5.950   0.580
18.45 30.00   4.867   3.470   5.950   0.571

18.46  0.00   0.435   0.429   0.026   0.074   0.001   0.004   0.326   0.002   0.000   0.002   0.000 1603673000
18.46    4.08    53.832
18.46 30.00   1.451   4.499
18.46 30.00   5.949    68.548
18.46 30.00   4.862   3.477   5.949   0.580
18.46 30.00   4.866   3.470   5.949   0.571

18.47  0.00   0.435   0.429   0.026   0.074   0.001   0.004   0.326   0.002   0.000   0.002   0.000 1604542000
18.47    4.08    53.825
18.47 30.00   1.450   4.499
18.47 30.00   5.949    68.547
18.47 30.00   4.862   3.477   5.949   0.580
18.47 30.00   4.866   3.469   5.949   0.571

18.48  0.00   0.435   0.429   0.026   0.074   0.001   0.004   0.326   0.002   0.000   0.002   0.000 1605410000
18.48    4.08    53.818
18.48 30.00   1.450   4.499
18.48 30.00   5.949    68.545
18.48 30.00   4.862   3.477   5.949   0.580
18.48 30.00   4.866   3.469   5.949   0.571

18.49  0.00   0.435   0.429   0.026   0.074   0.001   0.004   0.326   0.002   0.000   0.002   0.000 1606279000
18.49    4.08    53.812
18.49 30.00   1.450   4.499
18.49 30.00   5.948    68.544
18.49 30.00   4.861   3.477   5.948   0.580
18.49 30.00   4.866   3.469   5.948   0.571

18.50  0.00   0.435   0.429   0.026   0.074   0.001   0.004   0.326   0.002   0.000   0.002   0.000 1607148000
18.50    4.08    53.805
18.50 30.00   1.449   4.499
18.50 30.00   5.948    68.543
18.50 30.00   4.861   3.477   5.948   0.580
18.50 30.00   4.865   3.469   5.948   0.571

18.51  0.00   0.435   0.429   0.026   0.074   0.001   0.004   0.326   0.002   0.000   0.002   0.000 1608017000
18.51    4.08    53.798
18.51 30.00   1.449   4.499
18.51 30.00   5.948    68.541
18.51 30.00   4.861   3.476   5.948   0.580
18.51 30.00   4.865   3.469   5.948   0.571

18.52  0.00   0.435   0.429   0.026   0.074   0.001   0.004   0.326   0.002   0.000   0.002   0.000 1608885000
18.52    4.08    53.791
18.52 30.00   1.449   4.499
18.52 30.00   5.948    68.540
18.52 30.00   4.861   3.476   5.948   0.580
18.52 30.00   4.865   3.469   5.948   0.571

18.53  0.00   0.435   0.429   0.026   0.074   0.001   0.004   0.326   0.002   0.000   0.002   0.000 1609754000
18.53    4.08    53.784
18.53 30.00   1.449   4.499
18.53 30.00   5.947    68.538
18.53 30.00   4.860   3.476   5.947   0.580
18.53 30.00   4.865   3.468   5.947   0.571

18.54  0.00   0.435   0.429   0.026   0.074   0.001   0.004   0.326   0.002   0.000   0.002   0.000 1610623000
18.54    4.08    53.778
18.54 30.00   1.448   4.499
18.54 30.00   5.947    68.537
18.54 30.00   4.860   3.476   5.947   0.580
18.54 30.00   4.865   3.468   5.947   0.571

18.55  0.00   0.435   0.429   0.026   0.074   0.001   0.004   0.326   0.002   0.000   0.002   0.000 1611491000
18.55    4.07    53.771
18.55 30.00   1.448   4.499
18.55 30.00   5.947    68.535
18.55 30.00   4.860   3.476   5.947   0.580
18.55 30.00   4.864   3.468   5.947   0.571

18.56  0.00   0.435   0.429   0.026   0.074   0.001   0.004   0.326   0.002   0.000   0.002   0.000 1612360000
18.56    4.07    53.764
18.56 30.00   1.448   4.499
18.56 30.00   5.946    68.534
18.56 30.00   4.860   3.476   5.946   0.580
18.56 30.00   4.864   3.468   5.946   0.571

18.57  0.00   0.435   0.429   0.026   0.074   0.001   0.004   0.326   0.002   0.000   0.002   0.000 1613229000
18.57    4.07    53.757
18.57 30.00   1.447   4.499
18.57 30.00   5.946    68.533
18.57 30.00   4.859   3.476   5.946   0.580
18.57 30.00   4.864   3.468   5.946   0.571

18.58  0.00   0.435   0.428   0.026   0.074   0.001   0.004   0.326   0.002   0.000   0.002   0.000 1614098000
18.58    4.07    53.751
18.58 30.00   1.447   4.499
18.58 30.00   5.946    68.531
18.58 30.00   4.859   3.475   5.946   0.580
18.58 30.00   4.864   3.468   5.946   0.571

18.59  0.00   0.435   0.428   0.026   0.074   0.001   0.004   0.326   0.002   0.000   0.002   0.000 1614966000
18.59    4.07    53.744
18.59 30.00   1.447   4.499
18.59 30.00   5.946    68.530
18.59 30.00   4.859   3.475   5.946   0.580
18.59 30.00   4.863   3.468   5.946   0.571

18.60  0.00   0.435   0.428   0.026   0.074   0.001   0.004   0.326   0.002   0.000   0.002   0.000 1615835000
18.60    4.07    53.737
18.60 30.00   1.447   4.499
18.60 30.00   5.945    68.528
18.60 30.00   4.859   3.475   5.945   0.580
18.60 30.00   4.863   3.467   5.945   0.571

18.61  0.00   0.435   0.428   0.026   0.074   0.001   0.004   0.326   0.002   0.000   0.002   0.000 1616704000
18.61    4.07    53.731
18.61 30.00   1.446   4.499
18.61 30.00   5.945    68.527
18.61 30.00   4.859   3.475   5.945   0.580
18.61 30.00   4.863   3.467   5.945   0.571

18.62  0.00   0.435   0.428   0.026   0.074   0.001   0.004   0.326   0.002   0.000   0.002   0.000 1617573000
18.62    4.07    53.724
18.62 30.00   1.446   4.499
18.62 30.00   5.945    68.526
18.62 30.00   4.858   3.475   5.945   0.580
18.62 30.00   4.863   3.467   5.945   0.571

18.63  0.00   0.435   0.428   0.026   0.074   0.001   0.004   0.326   0.002   0.000   0.002   0.000 1618441000
18.63    4.07    53.717
18.63 30.00   1.446   4.499
18.63 30.00   5.945    68.524
18.63 30.00   4.858   3.475   5.945   0.580
18.63 30.00   4.862   3.467   5.945   0.571

18.64  0.00   0.435   0.428   0.026   0.074   0.001   0.004   0.326   0.002   0.000   0.002   0.000 1619310000
18.64    4.07    53.710
18.64 30.00   1.446   4.499
18.64 30.00   5.944    68.523
18.64 30.00   4.858   3.474   5.944   0.580
18.64 30.00   4.862   3.467   5.944   0.571

18.65  0.00   0.435   0.428   0.026   0.074   0.001   0.004   0.326   0.002   0.000   0.002   0.000 1620179000
18.65    4.07    53.704
18.65 30.00   1.445   4.499
18.65 30.00   5.944    68.522
18.65 30.00   4.858   3.474   5.944   0.580
18.65 30.00   4.862   3.467   5.944   0.571

18.66  0.00   0.435   0.428   0.026   0.074   0.001   0.004   0.326   0.002   0.000   0.002   0.000 1621047000
18.66    4.07    53.697
18.66 30.00   1.445   4.499
18.66 30.00   5.944    68.520
18.66 30.00   4.857   3.474   5.944   0.580
18.66 30.00   4.862   3.467   5.944   0.571

18.67  0.00   0.435   0.428   0.026   0.074   0.001   0.004   0.326   0.002   0.000   0.002   0.000 1621916000
18.67    4.07    53.690
18.67 30.00   1.445   4.499
18.67 30.00   5.943    68.519
18.67 30.00   4.857   3.474   5.943   0.580
18.67 30.00   4.862   3.466   5.943   0.571

18.68  0.00   0.435   0.428   0.026   0.074   0.001   0.004   0.326   0.002   0.000   0.002   0.000 1622785000
18.68    4.07    53.684
18.68 30.00   1.444   4.499
18.68 30.00   5.943    68.517
18.68 30.00   4.857   3.474   5.943   0.580
18.68 30.00   4.861   3.466   5.943   0.571

18.69  0.00   0.435   0.428   0.026   0.074   0.001   0.004   0.326   0.002   0.000   0.002   0.000 1623654000
18.69    4.07    53.677
18.69 30.00   1.444   4.499
18.69 30.00   5.943    68.516
18.69 30.00   4.857   3.474   5.943   0.580
18.69 30.00   4.861   3.466   5.943   0.571

18.70  0.00   0.435   0.428   0.026   0.074   0.001   0.004   0.326   0.002   0.000   0.002   0.000 1624522000
18.70    4.06    53.670
18.70 30.00   1.444   4.499
18.70 30.00   5.943    68.515
18.70 30.00   4.856   3.474   5.943   0.580
18.70 30.00   4.861   3.466   5.943   0.571

18.71  0.00   0.435   0.428   0.026   0.074   0.001   0.004   0.326   0.002   0.000   0.002   0.000 1625391000
18.71    4.06    53.664
18.71 30.00   1.444   4.499
18.71 30.00   5.942    68.513
18.71 30.00   4.856   3.473   5.942   0.580
18.71 30.00   4.861   3.466   5.942   0.571

18.72  0.00   0.435   0.428   0.026   0.074   0.001   0.004   0.326   0.002   0.000   0.002   0.000 1626260000
18.72    4.06    53.657
18.72 30.00   1.443   4.499
18.72 30.00   5.942    68.512
18.72 30.00   4.856   3.473   5.942   0.580
18.72 30.00   4.860   3.466   5.942   0.571

18.73  0.00   0.435   0.428   0.026   0.074   0.001   0.004   0.326   0.002   0.000   0.002   0.000 1627128000
18.73    4.06    53.650
18.73 30.00   1.443   4.499
18.73 30.00   5.942    68.510
18.73 30.00   4.856   3.473   5.942   0.580
18.73 30.00   4.860   3.466   5.942   0.571

18.74  0.00   0.435   0.428   0.026   0.074   0.001   0.004   0.326   0.002   0.000   0.002   0.000 1627997000
18.74    4.06    53.644
18.74 30.00   1.443   4.499
18.74 30.00   5.941    68.509
18.74 30.00   4.856   3.473   5.941   0.580
18.74 30.00   4.860   3.465   5.941   0.571

18.75  0.00   0.435   0.428   0.026   0.074   0.001   0.004   0.326   0.002   0.000   0.002   0.000 1628866000
18.75    4.06    53.637
18.75 30.00   1.443   4.499
18.75 30.00   5.941    68.508
18.75 30.00   4.855   3.473   5.941   0.580
18.75 30.00   4.860   3.465   5.941   0.571

18.76  0.00   0.435   0.428   0.026   0.074   0.001   0.004   0.326   0.002   0.000   0.002   0.000 1629735000
18.76    4.06    53.631
18.76 30.00   1.442   4.499
18.76 30.00   5.941    68.506
18.76 30.00   4.855   3.473   5.941   0.580
18.76 30.00   4.859   3.465   5.941   0.571

18.77  0.00   0.435   0.428   0.026   0.074   0.001   0.004   0.326   0.002   0.000   0.002   0.000 1630604000
18.77    4.06    53.624
18.77 30.00   1.442   4.499
18.77 30.00   5.941    68.505
18.77 30.00   4.855   3.473   5.941   0.580
18.77 30.00   4.859   3.465   5.941   0.571

18.78  0.00   0.435   0.428   0.026   0.074   0.001   0.004   0.326   0.002   0.000   0.002   0.000 1631472000
18.78    4.06    53.617
18.78 30.00   1.442   4.499
18.78 30.00   5.940    68.504
18.78 30.00   4.855   3.472   5.940   0.580
18.78 30.00   4.859   3.465   5.940   0.571

18.79  0.00   0.435   0.428   0.026   0.074   0.001   0.004   0.326   0.002   0.000   0.002   0.000 1632341000
18.79    4.06    53.611
18.79 30.00   1.441   4.499
18.79 30.00   5.940    68.502
18.79 30.00   4.854   3.472   5.940   0.580
18.79 30.00   4.859   3.465   5.940   0.571

18.80  0.00   0.435   0.428   0.026   0.074   0.001   0.004   0.326   0.002   0.000   0.002   0.000 1633210000
18.80    4.06    53.604
18.80 30.00   1.441   4.499
18.80 30.00   5.940    68.501
18.80 30.00   4.854   3.472   5.940   0.580
18.80 30.00   4.859   3.464   5.940   0.571

18.81  0.00   0.435   0.428   0.026   0.074   0.001   0.004   0.326   0.002   0.000   0.002   0.000 1634078000
18.81    4.06    53.597
18.81 30.00   1.441   4.499
18.81 30.00   5.940    68.500
18.81 30.00   4.854   3.472   5.940   0.580
18.81 30.00   4.858   3.464   5.940   0.571

18.82  0.00   0.435   0.428   0.026   0.074   0.001   0.004   0.326   0.002   0.000   0.002   0.000 1634947000
18.82    4.06    53.591
18.82 30.00   1.441   4.499
18.82 30.00   5.939    68.498
18.82 30.00   4.854   3.472   5.939   0.580
18.82 30.00   4.858   3.464   5.939   0.571

18.83  0.00   0.435   0.428   0.026   0.074   0.001   0.004   0.326   0.002   0.000   0.002   0.000 1635816000
18.83    4.06    53.584
18.83 30.00   1.440   4.499
18.83 30.00   5.939    68.497
18.83 30.00   4.853   3.472   5.939   0.580
18.83 30.00   4.858   3.464   5.939   0.571

18.84  0.00   0.435   0.428   0.026   0.074   0.001   0.004   0.326   0.002   0.000   0.002   0.000 1636685000
18.84    4.06    53.578
18.84 30.00   1.440   4.499
18.84 30.00   5.939    68.495
18.84 30.00   4.853   3.472   5.939   0.580
18.84 30.00   4.858   3.464   5.939   0.571

18.85  0.00   0.435   0.428   0.026   0.074   0.001   0.004   0.326   0.002   0.000   0.002   0.000 1637553000
18.85    4.05    53.571
18.85 30.00   1.440   4.499
18.85 30.00   5.939    68.494
18.85 30.00   4.853   3.471   5.939   0.580
18.85 30.00   4.857   3.464   5.939   0.571

18.86  0.00   0.435   0.428   0.026   0.074   0.001   0.004   0.326   0.002   0.000   0.002   0.000 1638422000
18.86    4.05    53.565
18.86 30.00   1.440   4.499
18.86 30.00   5.938    68.493
18.86 30.00   4.853   3.471   5.938   0.580
18.86 30.00   4.857   3.464   5.938   0.571

18.87  0.00   0.435   0.428   0.026   0.074   0.001   0.004   0.326   0.002   0.000   0.002   0.000 1639291000
18.87    4.05    53.558
18.87 30.00   1.439   4.499
18.87 30.00   5.938    68.491
18.87 30.00   4.853   3.471   5.938   0.580
18.87 30.00   4.857   3.463   5.938   0.571

18.88  0.00   0.435   0.428   0.026   0.074   0.001   0.004   0.326   0.002   0.000   0.002   0.000 1640159000
18.88    4.05    53.551
18.88 30.00   1.439   4.499
18.88 30.00   5.938    68.490
18.88 30.00   4.852   3.471   5.938   0.580
18.88 30.00   4.857   3.463   5.938   0.571

18.89  0.00   0.435   0.428   0.026   0.074   0.001   0.004   0.326   0.002   0.000   0.002   0.000 1641028000
18.89    4.05    53.545
18.89 30.00   1.439   4.499
18.89 30.00   5.937    68.489
18.89 30.00   4.852   3.471   5.937   0.580
18.89 30.00   4.856   3.463   5.937   0.571

18.90  0.00   0.435   0.428   0.026   0.074   0.001   0.004   0.326   0.002   0.000   0.002   0.000 1641897000
18.90    4.05    53.538
18.90 30.00   1.438   4.499
18.90 30.00   5.937    68.487
18.90 30.00   4.852   3.471   5.937   0.580
18.90 30.00   4.856   3.463   5.937   0.571

18.91  0.00   0.435   0.428   0.026   0.074   0.001   0.004   0.326   0.002   0.000   0.002   0.000 1642766000
18.91    4.05    53.532
18.91 30.00   1.438   4.499
18.91 30.00   5.937    68.486
18.91 30.00   4.852   3.471   5.937   0.580
18.91 30.00   4.856   3.463   5.937   0.571

18.92  0.00   0.435   0.428   0.026   0.074   0.001   0.004   0.326   0.002   0.000   0.002   0.000 1643634000
18.92    4.05    53.525
18.92 30.00   1.438   4.499
18.92 30.00   5.937    68.485
18.92 30.00   4.851   3.470   5.937   0.580
18.92 30.00   4.856   3.463   5.937   0.571

18.93  0.00   0.435   0.428   0.026   0.074   0.001   0.004   0.326   0.002   0.000   0.002   0.000 1644503000
18.93    4.05    53.519
18.93 30.00   1.438   4.499
18.93 30.00   5.936    68.483
18.93 30.00   4.851   3.470   5.936   0.580
18.93 30.00   4.856   3.463   5.936   0.571

18.94  0.00   0.435   0.428   0.026   0.074   0.001   0.004   0.326   0.002   0.000   0.002   0.000 1645372000
18.94    4.05    53.512
18.94 30.00   1.437   4.499
18.94 30.00   5.936    68.482
18.94 30.00   4.851   3.470   5.936   0.580
18.94 30.00   4.855   3.462   5.936   0.571

18.95  0.00   0.435   0.428   0.026   0.074   0.001   0.004   0.326   0.002   0.000   0.002   0.000 1646241000
18.95    4.05    53.506
18.95 30.00   1.437   4.499
18.95 30.00   5.936    68.481
18.95 30.00   4.851   3.470   5.936   0.580
18.95 30.00   4.855   3.462   5.936   0.571

18.96  0.00   0.435   0.428   0.026   0.074   0.001   0.004   0.326   0.002   0.000   0.002   0.000 1647109000
18.96    4.05    53.499
18.96 30.00   1.437   4.499
18.96 30.00   5.936    68.479
18.96 30.00   4.851   3.470   5.936   0.580
18.96 30.00   4.855   3.462   5.936   0.571

18.97  0.00   0.435   0.428   0.026   0.074   0.001   0.004   0.326   0.002   0.000   0.002   0.000 1647978000
18.97    4.05    53.493
18.97 30.00   1.437   4.499
18.97 30.00   5.935    68.478
18.97 30.00   4.850   3.470   5.935   0.580
18.97 30.00   4.855   3.462   5.935   0.571

18.98  0.00   0.435   0.428   0.026   0.074   0.001   0.004   0.326   0.002   0.000   0.002   0.000 1648847000
18.98    4.05    53.486
18.98 30.00   1.436   4.499
18.98 30.00   5.935    68.477
18.98 30.00   4.850   3.470   5.935   0.580
18.98 30.00   4.854   3.462   5.935   0.571

18.99  0.00   0.435   0.428   0.026   0.074   0.001   0.004   0.326   0.002   0.000   0.002   0.000 1649715000
18.99    4.05    53.480
18.99 30.00   1.436   4.499
18.99 30.00   5.935    68.475
18.99 30.00   4.850   3.469   5.935   0.580
18.99 30.00   4.854   3.462   5.935   0.571

19.00  0.00   0.435   0.428   0.026   0.074   0.001   0.004   0.326   0.002   0.000   0.002   0.000 1650584000
19.00    4.04    53.473
19.00 30.00   1.436   4.499
19.00 30.00   5.935    68.474
19.00 30.00   4.850   3.469   5.935   0.580
19.00 30.00   4.854   3.462   5.935   0.571

19.01  0.00   0.435   0.428   0.026   0.074   0.001   0.004   0.326   0.002   0.000   0.002   0.000 1651453000
19.01    4.04    53.467
19.01 30.00   1.436   4.499
19.01 30.00   5.934    68.472
19.01 30.00   4.849   3.469   5.934   0.580
19.01 30.00   4.854   3.461   5.934   0.571

19.02  0.00   0.435   0.428   0.026   0.074   0.001   0.004   0.326   0.002   0.000   0.002   0.000 1652322000
19.02    4.04    53.460
19.02 30.00   1.435   4.499
19.02 30.00   5.934    68.471
19.02 30.00   4.849   3.469   5.934   0.580
19.02 30.00   4.854   3.461   5.934   0.571

19.03  0.00   0.435   0.428   0.026   0.074   0.001   0.004   0.326   0.002   0.000   0.002   0.000 1653190000
19.03    4.04    53.454
19.03 30.00   1.435   4.499
19.03 30.00   5.934    68.470
19.03 30.00   4.849   3.469   5.934   0.580
19.03 30.00   4.853   3.461   5.934   0.571

19.04  0.00   0.435   0.428   0.026   0.074   0.001   0.004   0.326   0.002   0.000   0.002   0.000 1654059000
19.04    4.04    53.447
19.04 30.00   1.435   4.499
19.04 30.00   5.933    68.468
19.04 30.00   4.849   3.469   5.933   0.580
19.04 30.00   4.853   3.461   5.933   0.571

19.05  0.00   0.435   0.428   0.026   0.074   0.001   0.004   0.326   0.002   0.000   0.002   0.000 1654928000
19.05    4.04    53.441
19.05 30.00   1.435   4.499
19.05 30.00   5.933    68.467
19.05 30.00   4.848   3.469   5.933   0.580
19.05 30.00   4.853   3.461   5.933   0.571

19.06  0.00   0.435   0.428   0.026   0.074   0.001   0.004   0.326   0.002   0.000   0.002   0.000 1655796000
19.06    4.04    53.434
19.06 30.00   1.434   4.499
19.06 30.00   5.933    68.466
19.06 30.00   4.848   3.468   5.933   0.580
19.06 30.00   4.853   3.461   5.933   0.571

19.07  0.00   0.435   0.428   0.026   0.074   0.001   0.004   0.326   0.002   0.000   0.002   0.000 1656665000
19.07    4.04    53.428
19.07 30.00   1.434   4.499
19.07 30.00   5.933    68.465
19.07 30.00   4.848   3.468   5.933   0.580
19.07 30.00   4.852   3.461   5.933   0.571

19.08  0.00   0.435   0.428   0.026   0.074   0.001   0.004   0.326   0.002   0.000   0.002   0.000 1657534000
19.08    4.04    53.421
19.08 30.00   1.434   4.499
19.08 30.00   5.932    68.463
19.08 30.00   4.848   3.468   5.932   0.580
19.08 30.00   4.852   3.460   5.932   0.571

19.09  0.00   0.435   0.428   0.026   0.074   0.001   0.004   0.326   0.002   0.000   0.002   0.000 1658403000
19.09    4.04    53.415
19.09 30.00   1.433   4.499
19.09 30.00   5.932    68.462
19.09 30.00   4.848   3.468   5.932   0.580
19.09 30.00   4.852   3.460   5.932   0.571

19.10  0.00   0.435   0.428   0.026   0.074   0.001   0.004   0.326   0.002   0.000   0.002   0.000 1659272000
19.10    4.04    53.408
19.10 30.00   1.433   4.499
19.10 30.00   5.932    68.461
19.10 30.00   4.847   3.468   5.932   0.580
19.10 30.00   4.852   3.460   5.932   0.571

19.11  0.00   0.435   0.428   0.026   0.074   0.001   0.004   0.326   0.002   0.000   0.002   0.000 1660140000
19.11    4.04    53.402
19.11 30.00   1.433   4.499
19.11 30.00   5.932    68.459
19.11 30.00   4.847   3.468   5.932   0.580
19.11 30.00   4.852   3.460   5.932   0.571

19.12  0.00   0.435   0.428   0.026   0.074   0.001   0.004   0.326   0.002   0.000   0.002   0.000 1661009000
19.12    4.04    53.395
19.12 30.00   1.433   4.499
19.12 30.00   5.931    68.458
19.12 30.00   4.847   3.468   5.931   0.580
19.12 30.00   4.851   3.460   5.931   0.571

19.13  0.00   0.435   0.428   0.026   0.074   0.001   0.004   0.326   0.002   0.000   0.002   0.000 1661878000
19.13    4.04    53.389
19.13 30.00   1.432   4.499
19.13 30.00   5.931    68.457
19.13 30.00   4.847   3.467   5.931   0.580
19.13 30.00   4.851   3.460   5.931   0.571

19.14  0.00   0.435   0.428   0.026   0.074   0.001   0.004   0.326   0.002   0.000   0.002   0.000 1662746000
19.14    4.04    53.383
19.14 30.00   1.432   4.499
19.14 30.00   5.931    68.455
19.14 30.00   4.846   3.467   5.931   0.579
19.14 30.00   4.851   3.460   5.931   0.571

19.15  0.00   0.435   0.428   0.026   0.074   0.001   0.004   0.326   0.002   0.000   0.002   0.000 1663615000
19.15    4.03    53.376
19.15 30.00   1.432   4.499
19.15 30.00   5.931    68.454
19.15 30.00   4.846   3.467   5.931   0.579
19.15 30.00   4.851   3.459   5.931   0.571

19.16  0.00   0.435   0.428   0.026   0.074   0.001   0.004   0.326   0.002   0.000   0.002   0.000 1664484000
19.16    4.03    53.370
19.16 30.00   1.432   4.499
19.16 30.00   5.930    68.453
19.16 30.00   4.846   3.467   5.930   0.579
19.16 30.00   4.850   3.459   5.930   0.571

19.17  0.00   0.435   0.428   0.026   0.074   0.001   0.004   0.326   0.002   0.000   0.002   0.000 1665353000
19.17    4.03    53.363
19.17 30.00   1.431   4.499
19.17 30.00   5.930    68.451
19.17 30.00   4.846   3.467   5.930   0.579
19.17 30.00   4.850   3.459   5.930   0.571

19.18  0.00   0.435   0.428   0.026   0.074   0.001   0.004   0.326   0.002   0.000   0.002   0.000 1666221000
19.18    4.03    53.357
19.18 30.00   1.431   4.499
19.18 30.00   5.930    68.450
19.18 30.00   4.846   3.467   5.930   0.579
19.18 30.00   4.850   3.459   5.930   0.571

19.19  0.00   0.435   0.428   0.026   0.074   0.001   0.004   0.326   0.002   0.000   0.002   0.000 1667090000
19.19    4.03    53.351
19.19 30.00   1.431   4.499
19.19 30.00   5.930    68.449
19.19 30.00   4.845   3.467   5.930   0.579
19.19 30.00   4.850   3.459   5.930   0.571

19.20  0.00   0.435   0.428   0.026   0.074   0.001   0.004   0.326   0.002   0.000   0.002   0.000 1667959000
19.20    4.03    53.344
19.20 30.00   1.431   4.499
19.20 30.00   5.929    68.447
19.20 30.00   4.845   3.466   5.929   0.579
19.20 30.00   4.850   3.459   5.929   0.571

19.21  0.00   0.435   0.428   0.026   0.074   0.001   0.004   0.326   0.002   0.000   0.002   0.000 1668827000
19.21    4.03    53.338
19.21 30.00   1.430   4.499
19.21 30.00   5.929    68.446
19.21 30.00   4.845   3.466   5.929   0.579
19.21 30.00   4.849   3.459   5.929   0.571

19.22  0.00   0.435   0.428   0.026   0.074   0.001   0.004   0.326   0.002   0.000   0.002   0.000 1669696000
19.22    4.03    53.331
19.22 30.00   1.430   4.499
19.22 30.00   5.929    68.445
19.22 30.00   4.845   3.466   5.929   0.579
19.22 30.00   4.849   3.459   5.929   0.571

19.23  0.00   0.435   0.428   0.026   0.074   0.001   0.004   0.326   0.002   0.000   0.002   0.000 1670565000
19.23    4.03    53.325
19.23 30.00   1.430   4.499
19.23 30.00   5.928    68.443
19.23 30.00   4.845   3.466   5.928   0.579
19.23 30.00   4.849   3.458   5.928   0.571

19.24  0.00   0.435   0.428   0.026   0.074   0.001   0.004   0.326   0.002   0.000   0.002   0.000 1671434000
19.24    4.03    53.319
19.24 30.00   1.430   4.499
19.24 30.00   5.928    68.442
19.24 30.00   4.844   3.466   5.928   0.579
19.24 30.00   4.849   3.458   5.928   0.571

19.25  0.00   0.435   0.428   0.026   0.074   0.001   0.004   0.326   0.002   0.000   0.002   0.000 1672302000
19.25    4.03    53.312
19.25 30.00   1.429   4.499
19.25 30.00   5.928    68.441
19.25 30.00   4.844   3.466   5.928   0.579
19.25 30.00   4.848   3.458   5.928   0.571

19.26  0.00   0.435   0.428   0.026   0.074   0.001   0.004   0.326   0.002   0.000   0.002   0.000 1673171000
19.26    4.03    53.306
19.26 30.00   1.429   4.499
19.26 30.00   5.928    68.440
19.26 30.00   4.844   3.466   5.928   0.579
19.26 30.00   4.848   3.458   5.928   0.571

19.27  0.00   0.435   0.428   0.026   0.074   0.001   0.004   0.326   0.002   0.000   0.002   0.000 1674040000
19.27    4.03    53.300
19.27 30.00   1.429   4.499
19.27 30.00   5.927    68.438
19.27 30.00   4.844   3.465   5.927   0.579
19.27 30.00   4.848   3.458   5.927   0.571

19.28  0.00   0.435   0.428   0.026   0.074   0.001   0.004   0.326   0.002   0.000   0.002   0.000 1674909000
19.28    4.03    53.293
19.28 30.00   1.429   4.499
19.28 30.00   5.927    68.437
19.28 30.00   4.843   3.465   5.927   0.579
19.28 30.00   4.848   3.458   5.927   0.571

19.29  0.00   0.434   0.428   0.026   0.074   0.001   0.004   0.326   0.002   0.000   0.002   0.000 1675777000
19.29    4.03    53.287
19.29 30.00   1.428   4.499
19.29 30.00   5.927    68.436
19.29 30.00   4.843   3.465   5.927   0.579
19.29 30.00   4.848   3.458   5.927   0.571

19.30  0.00   0.434   0.428   0.026   0.074   0.001   0.004   0.326   0.002   0.000   0.002   0.000 1676646000
19.30    4.03    53.281
19.30 30.00   1.428   4.499
19.30 30.00   5.927    68.434
19.30 30.00   4.843   3.465   5.927   0.579
19.30 30.00   4.847   3.457   5.927   0.570

19.31  0.00   0.434   0.428   0.026   0.074   0.001   0.004   0.326   0.002   0.000   0.002   0.000 1677515000
19.31    4.02    53.274
19.31 30.00   1.428   4.499
19.31 30.00   5.926    68.433
19.31 30.00   4.843   3.465   5.926   0.579
19.31 30.00   4.847   3.457   5.926   0.570

19.32  0.00   0.434   0.428   0.026   0.074   0.001   0.004   0.326   0.002   0.000   0.002   0.000 1678383000
19.32    4.02    53.268
19.32 30.00   1.427   4.499
19.32 30.00   5.926    68.432
19.32 30.00   4.843   3.465   5.926   0.579
19.32 30.00   4.847   3.457   5.926   0.570

19.33  0.00   0.434   0.428   0.026   0.074   0.001   0.004   0.326   0.002   0.000   0.002   0.000 1679252000
19.33    4.02    53.262
19.33 30.00   1.427   4.499
19.33 30.00   5.926    68.430
19.33 30.00   4.842   3.465   5.926   0.579
19.33 30.00   4.847   3.457   5.926   0.570

19.34  0.00   0.434   0.428   0.026   0.074   0.001   0.004   0.326   0.002   0.000   0.002   0.000 1680121000
19.34    4.02    53.255
19.34 30.00   1.427   4.499
19.34 30.00   5.926    68.429
19.34 30.00   4.842   3.464   5.926   0.579
19.34 30.00   4.847   3.457   5.926   0.570

19.35  0.00   0.434   0.428   0.026   0.074   0.001   0.004   0.326   0.002   0.000   0.002   0.000 1680990000
19.35    4.02    53.249
19.35 30.00   1.427   4.499
19.35 30.00   5.925    68.428
19.35 30.00   4.842   3.464   5.925   0.579
19.35 30.00   4.846   3.457   5.925   0.570

19.36  0.00   0.434   0.428   0.026   0.074   0.001   0.004   0.326   0.002   0.000   0.002   0.000 1681858000
19.36    4.02    53.243
19.36 30.00   1.426   4.499
19.36 30.00   5.925    68.427
19.36 30.00   4.842   3.464   5.925   0.579
19.36 30.00   4.846   3.457   5.925   0.570

19.37  0.00   0.434   0.428   0.026   0.074   0.001   0.004   0.326   0.002   0.000   0.002   0.000 1682727000
19.37    4.02    53.236
19.37 30.00   1.426   4.499
19.37 30.00   5.925    68.425
19.37 30.00   4.841   3.464   5.925   0.579
19.37 30.00   4.846   3.456   5.925   0.570

19.38  0.00   0.434   0.428   0.026   0.074   0.001   0.004   0.326   0.002   0.000   0.002   0.000 1683596000
19.38    4.02    53.230
19.38 30.00   1.426   4.499
19.38 30.00   5.925    68.424
19.38 30.00   4.841   3.464   5.925   0.579
19.38 30.00   4.846   3.456   5.925   0.570

19.39  0.00   0.434   0.428   0.026   0.074   0.001   0.004   0.326   0.002   0.000   0.002   0.000 1684465000
19.39    4.02    53.224
19.39 30.00   1.426   4.499
19.39 30.00   5.924    68.423
19.39 30.00   4.841   3.464   5.924   0.579
19.39 30.00   4.845   3.456   5.924   0.570

19.40  0.00   0.434   0.428   0.026   0.074   0.001   0.004   0.326   0.002   0.000   0.002   0.000 1685333000
19.40    4.02    53.217
19.40 30.00   1.425   4.499
19.40 30.00   5.924    68.421
19.40 30.00   4.841   3.464   5.924   0.579
19.40 30.00   4.845   3.456   5.924   0.570

19.41  0.00   0.434   0.428   0.026   0.074   0.001   0.004   0.326   0.002   0.000   0.002   0.000 1686202000
19.41    4.02    53.211
19.41 30.00   1.425   4.499
19.41 30.00   5.924    68.420
19.41 30.00   4.841   3.464   5.924   0.579
19.41 30.00   4.845   3.456   5.924   0.570

19.42  0.00   0.434   0.428   0.026   0.074   0.001   0.004   0.326   0.002   0.000   0.002   0.000 1687071000
19.42    4.02    53.205
19.42 30.00   1.425   4.499
19.42 30.00   5.924    68.419
19.42 30.00   4.840   3.463   5.924   0.579
19.42 30.00   4.845   3.456   5.924   0.570

19.43  0.00   0.434   0.428   0.026   0.074   0.001   0.004   0.326   0.002   0.000   0.002   0.000 1687940000
19.43    4.02    53.199
19.43 30.00   1.425   4.499
19.43 30.00   5.923    68.418
19.43 30.00   4.840   3.463   5.923   0.579
19.43 30.00   4.845   3.456   5.923   0.570

19.44  0.00   0.434   0.428   0.026   0.074   0.001   0.004   0.326   0.002   0.000   0.002   0.000 1688808000
19.44    4.02    53.192
19.44 30.00   1.424   4.499
19.44 30.00   5.923    68.416
19.44 30.00   4.840   3.463   5.923   0.579
19.44 30.00   4.844   3.455   5.923   0.570

19.45  0.00   0.434   0.428   0.026   0.074   0.001   0.004   0.326   0.002   0.000   0.002   0.000 1689677000
19.45    4.02    53.186
19.45 30.00   1.424   4.499
19.45 30.00   5.923    68.415
19.45 30.00   4.840   3.463   5.923   0.579
19.45 30.00   4.844   3.455   5.923   0.570

19.46  0.00   0.434   0.428   0.026   0.074   0.001   0.004   0.326   0.002   0.000   0.002   0.000 1690546000
19.46    4.02    53.180
19.46 30.00   1.424   4.499
19.46 30.00   5.923    68.414
19.46 30.00   4.840   3.463   5.923   0.579
19.46 30.00   4.844   3.455   5.923   0.570

19.47  0.00   0.434   0.428   0.026   0.074   0.001   0.004   0.326   0.002   0.000   0.002   0.000 1691414000
19.47    4.01    53.173
19.47 30.00   1.424   4.499
19.47 30.00   5.922    68.412
19.47 30.00   4.839   3.463   5.922   0.579
19.47 30.00   4.844   3.455   5.922   0.570

19.48  0.00   0.434   0.428   0.026   0.074   0.001   0.004   0.326   0.002   0.000   0.002   0.000 1692283000
19.48    4.01    53.167
19.48 30.00   1.423   4.499
19.48 30.00   5.922    68.411
19.48 30.00   4.839   3.463   5.922   0.579
19.48 30.00   4.844   3.455   5.922   0.570

19.49  0.00   0.434   0.428   0.026   0.074   0.001   0.004   0.326   0.002   0.000   0.002   0.000 1693152000
19.49    4.01    53.161
19.49 30.00   1.423   4.499
19.49 30.00   5.922    68.410
19.49 30.00   4.839   3.462   5.922   0.579
19.49 30.00   4.843   3.455   5.922   0.570

19.50  0.00   0.434   0.428   0.026   0.074   0.001   0.004   0.326   0.002   0.000   0.002   0.000 1694021000
19.50    4.01    53.155
19.50 30.00   1.423   4.499
19.50 30.00   5.922    68.409
19.50 30.00   4.839   3.462   5.922   0.579
19.50 30.00   4.843   3.455   5.922   0.570

19.51  0.00   0.434   0.428   0.026   0.074   0.001   0.004   0.326   0.002   0.000   0.002   0.000 1694889000
19.51    4.01    53.149
19.51 30.00   1.423   4.499
19.51 30.00   5.921    68.407
19.51 30.00   4.838   3.462   5.921   0.579
19.51 30.00   4.843   3.455   5.921   0.570

19.52  0.00   0.434   0.428   0.026   0.074   0.001   0.004   0.326   0.002   0.000   0.002   0.000 1695758000
19.52    4.01    53.142
19.52 30.00   1.422   4.499
19.52 30.00   5.921    68.406
19.52 30.00   4.838   3.462   5.921   0.579
19.52 30.00   4.843   3.454   5.921   0.570

19.53  0.00   0.434   0.428   0.026   0.074   0.001   0.004   0.326   0.002   0.000   0.002   0.000 1696627000
19.53    4.01    53.136
19.53 30.00   1.422   4.499
19.53 30.00   5.921    68.405
19.53 30.00   4.838   3.462   5.921   0.579
19.53 30.00   4.842   3.454   5.921   0.570

19.54  0.00   0.434   0.428   0.026   0.074   0.001   0.004   0.326   0.002   0.000   0.002   0.000 1697496000
19.54    4.01    53.130
19.54 30.00   1.422   4.499
19.54 30.00   5.921    68.404
19.54 30.00   4.838   3.462   5.921   0.579
19.54 30.00   4.842   3.454   5.921   0.570

19.55  0.00   0.434   0.428   0.026   0.074   0.001   0.004   0.326   0.002   0.000   0.002   0.000 1698364000
19.55    4.01    53.124
19.55 30.00   1.422   4.499
19.55 30.00   5.920    68.402
19.55 30.00   4.838   3.462   5.920   0.579
19.55 30.00   4.842   3.454   5.920   0.570

19.56  0.00   0.434   0.428   0.026   0.074   0.001   0.004   0.326   0.002   0.000   0.002   0.000 1699233000
19.56    4.01    53.117
19.56 30.00   1.421   4.499
19.56 30.00   5.920    68.401
19.56 30.00   4.837   3.461   5.920   0.579
19.56 30.00   4.842   3.454   5.920   0.570

19.57  0.00   0.434   0.428   0.026   0.074   0.001   0.004   0.326   0.002   0.000   0.002   0.000 1700102000
19.57    4.01    53.111
19.57 30.00   1.421   4.499
19.57 30.00   5.920    68.400
19.57 30.00   4.837   3.461   5.920   0.579
19.57 30.00   4.842   3.454   5.920   0.570

19.58  0.00   0.434   0.428   0.026   0.074   0.001   0.004   0.326   0.002   0.000   0.002   0.000 1700970000
19.58    4.01    53.105
19.58 30.00   1.421   4.499
19.58 30.00   5.920    68.398
19.58 30.00   4.837   3.461   5.920   0.579
19.58 30.00   4.841   3.454   5.920   0.570

19.59  0.00   0.434   0.428   0.026   0.074   0.001   0.004   0.326   0.002   0.000   0.002   0.000 1701839000
19.59    4.01    53.099
19.59 30.00   1.421   4.499
19.59 30.00   5.919    68.397
19.59 30.00   4.837   3.461   5.919   0.579
19.59 30.00   4.841   3.453   5.919   0.570

19.60  0.00   0.434   0.428   0.026   0.074   0.001   0.004   0.326   0.002   0.000   0.002   0.000 1702708000
19.60    4.01    53.093
19.60 30.00   1.420   4.499
19.60 30.00   5.919    68.396
19.60 30.00   4.837   3.461   5.919   0.579
19.60 30.00   4.841   3.453   5.919   0.570

19.61  0.00   0.434   0.428   0.026   0.074   0.001   0.004   0.326   0.002   0.000   0.002   0.000 1703577000
19.61    4.01    53.086
19.61 30.00   1.420   4.499
19.61 30.00   5.919    68.395
19.61 30.00   4.836   3.461   5.919   0.579
19.61 30.00   4.841   3.453   5.919   0.570

19.62  0.00   0.434   0.428   0.026   0.074   0.001   0.004   0.326   0.002   0.000   0.002   0.000 1704445000
19.62    4.01    53.080
19.62 30.00   1.420   4.499
19.62 30.00   5.919    68.393
19.62 30.00   4.836   3.461   5.919   0.579
19.62 30.00   4.841   3.453   5.919   0.570

19.63  0.00   0.434   0.428   0.026   0.074   0.001   0.004   0.326   0.002   0.000   0.002   0.000 1705314000
19.63    4.00    53.074
19.63 30.00   1.420   4.499
19.63 30.00   5.918    68.392
19.63 30.00   4.836   3.461   5.918   0.579
19.63 30.00   4.840   3.453   5.918   0.570

19.64  0.00   0.434   0.428   0.026   0.074   0.001   0.004   0.326   0.002   0.000   0.002   0.000 1706183000
19.64    4.00    53.068
19.64 30.00   1.419   4.499
19.64 30.00   5.918    68.391
19.64 30.00   4.836   3.460   5.918   0.579
19.64 30.00   4.840   3.453   5.918   0.570

19.65  0.00   0.434   0.428   0.026   0.074   0.001   0.004   0.326   0.002   0.000   0.002   0.000 1707052000
19.65    4.00    53.062
19.65 30.00   1.419   4.499
19.65 30.00   5.918    68.390
19.65 30.00   4.836   3.460   5.918   0.579
19.65 30.00   4.840   3.453   5.918   0.570

19.66  0.00   0.434   0.428   0.026   0.074   0.001   0.004   0.326   0.002   0.000   0.002   0.000 1707920000
19.66    4.00    53.056
19.66 30.00   1.419   4.499
19.66 30.00   5.918    68.388
19.66 30.00   4.835   3.460   5.918   0.579
19.66 30.00   4.840   3.453   5.918   0.570

19.67  0.00   0.434   0.428   0.026   0.074   0.001   0.004   0.326   0.002   0.000   0.002   0.000 1708789000
19.67    4.00    53.049
19.67 30.00   1.419   4.499
19.67 30.00   5.917    68.387
19.67 30.00   4.835   3.460   5.917   0.579
19.67 30.00   4.840   3.452   5.917   0.570

19.68  0.00   0.434   0.428   0.026   0.074   0.001   0.004   0.326   0.002   0.000   0.002   0.000 1709658000
19.68    4.00    53.043
19.68 30.00   1.418   4.499
19.68 30.00   5.917    68.386
19.68 30.00   4.835   3.460   5.917   0.579
19.68 30.00   4.839   3.452   5.917   0.570

19.69  0.00   0.434   0.428   0.026   0.074   0.001   0.004   0.326   0.002   0.000   0.002   0.000 1710526000
19.69    4.00    53.037
19.69 30.00   1.418   4.499
19.69 30.00   5.917    68.385
19.69 30.00   4.835   3.460   5.917   0.579
19.69 30.00   4.839   3.452   5.917   0.570

19.70  0.00   0.434   0.428   0.026   0.074   0.001   0.004   0.326   0.002   0.000   0.002   0.000 1711395000
19.70    4.00    53.031
19.70 30.00   1.418   4.499
19.70 30.00   5.917    68.383
19.70 30.00   4.834   3.460   5.917   0.579
19.70 30.00   4.839   3.452   5.917   0.570

19.71  0.00   0.434   0.428   0.026   0.074   0.001   0.004   0.326   0.002   0.000   0.002   0.000 1712264000
19.71    4.00    53.025
19.71 30.00   1.418   4.499
19.71 30.00   5.916    68.382
19.71 30.00   4.834   3.459   5.916   0.579
19.71 30.00   4.839   3.452   5.916   0.570

19.72  0.00   0.434   0.428   0.026   0.074   0.001   0.004   0.326   0.002   0.000   0.002   0.000 1713133000
19.72    4.00    53.019
19.72 30.00   1.417   4.499
19.72 30.00   5.916    68.381
19.72 30.00   4.834   3.459   5.916   0.579
19.72 30.00   4.838   3.452   5.916   0.570

19.73  0.00   0.434   0.428   0.026   0.074   0.001   0.004   0.326   0.002   0.000   0.002   0.000 1714001000
19.73    4.00    53.013
19.73 30.00   1.417   4.499
19.73 30.00   5.916    68.380
19.73 30.00   4.834   3.459   5.916   0.579
19.73 30.00   4.838   3.452   5.916   0.570

19.74  0.00   0.434   0.428   0.026   0.074   0.001   0.004   0.326   0.002   0.000   0.002   0.000 1714870000
19.74    4.00    53.006
19.74 30.00   1.417   4.499
19.74 30.00   5.916    68.378
19.74 30.00   4.834   3.459   5.916   0.579
19.74 30.00   4.838   3.451   5.916   0.570

19.75  0.00   0.434   0.427   0.026   0.074   0.001   0.004   0.326   0.002   0.000   0.002   0.000 1715739000
19.75    4.00    53.000
19.75 30.00   1.417   4.499
19.75 30.00   5.915    68.377
19.75 30.00   4.833   3.459   5.915   0.579
19.75 30.00   4.838   3.451   5.915   0.570

19.76  0.00   0.434   0.427   0.026   0.074   0.001   0.004   0.326   0.002   0.000   0.002   0.000 1716608000
19.76    4.00    52.994
19.76 30.00   1.416   4.499
19.76 30.00   5.915    68.376
19.76 30.00   4.833   3.459   5.915   0.579
19.76 30.00   4.838   3.451   5.915   0.570

19.77  0.00   0.434   0.427   0.026   0.074   0.001   0.004   0.326   0.002   0.000   0.002   0.000 1717476000
19.77    4.00    52.988
19.77 30.00   1.416   4.499
19.77 30.00   5.915    68.375
19.77 30.00   4.833   3.459   5.915   0.579
19.77 30.00   4.837   3.451   5.915   0.570

19.78  0.00   0.434   0.427   0.026   0.074   0.001   0.004   0.326   0.002   0.000   0.002   0.000 1718345000
19.78    4.00    52.982
19.78 30.00   1.416   4.499
19.78 30.00   5.915    68.373
19.78 30.00   4.833   3.459   5.915   0.579
19.78 30.00   4.837   3.451   5.915   0.570

19.79  0.00   0.434   0.427   0.026   0.074   0.001   0.004   0.326   0.002   0.000   0.002   0.000 1719214000
19.79    3.99    52.976
19.79 30.00   1.416   4.499
19.79 30.00   5.914    68.372
19.79 30.00   4.833   3.458   5.914   0.579
19.79 30.00   4.837   3.451   5.914   0.570

19.80  0.00   0.434   0.427   0.026   0.074   0.001   0.004   0.326   0.002   0.000   0.002   0.000 1720082000
19.80    3.99    52.970
19.80 30.00   1.415   4.499
19.80 30.00   5.914    68.371
19.80 30.00   4.832   3.458   5.914   0.579
19.80 30.00   4.837   3.451   5.914   0.570

19.81  0.00   0.434   0.427   0.026   0.074   0.001   0.004   0.326   0.002   0.000   0.002   0.000 1720951000
19.81    3.99    52.964
19.81 30.00   1.415   4.499
19.81 30.00   5.914    68.370
19.81 30.00   4.832   3.458   5.914   0.579
19.81 30.00   4.837   3.451   5.914   0.570

19.82  0.00   0.434   0.427   0.026   0.074   0.001   0.004   0.326   0.002   0.000   0.002   0.000 1721820000
19.82    3.99    52.958
19.82 30.00   1.415   4.499
19.82 30.00   5.914    68.369
19.82 30.00   4.832   3.458   5.914   0.579
19.82 30.00   4.836   3.450   5.914   0.570

19.83  0.00   0.434   0.427   0.026   0.074   0.001   0.004   0.326   0.002   0.000   0.002   0.000 1722689000
19.83    3.99    52.951
19.83 30.00   1.415   4.499
19.83 30.00   5.913    68.367
19.83 30.00   4.832   3.458   5.913   0.579
19.83 30.00   4.836   3.450   5.913   0.570

19.84  0.00   0.434   0.427   0.026   0.074   0.001   0.004   0.326   0.002   0.000   0.002   0.000 1723557000
19.84    3.99    52.945
19.84 30.00   1.414   4.499
19.84 30.00   5.913    68.366
19.84 30.00   4.832   3.458   5.913   0.579
19.84 30.00   4.836   3.450   5.913   0.570

19.85  0.00   0.434   0.427   0.026   0.074   0.001   0.004   0.326   0.002   0.000   0.002   0.000 1724426000
19.85    3.99    52.939
19.85 30.00   1.414   4.499
19.85 30.00   5.913    68.365
19.85 30.00   4.831   3.458   5.913   0.579
19.85 30.00   4.836   3.450   5.913   0.570

19.86  0.00   0.434   0.427   0.026   0.074   0.001   0.004   0.326   0.002   0.000   0.002   0.000 1725295000
19.86    3.99    52.933
19.86 30.00   1.414   4.499
19.86 30.00   5.913    68.364
19.86 30.00   4.831   3.458   5.913   0.579
19.86 30.00   4.836   3.450   5.913   0.570

19.87  0.00   0.434   0.427   0.026   0.074   0.001   0.004   0.326   0.002   0.000   0.002   0.000 1726164000
19.87    3.99    52.927
19.87 30.00   1.414   4.499
19.87 30.00   5.912    68.362
19.87 30.00   4.831   3.457   5.912   0.579
19.87 30.00   4.835   3.450   5.912   0.570

19.88  0.00   0.434   0.427   0.026   0.074   0.001   0.004   0.326   0.002   0.000   0.002   0.000 1727032000
19.88    3.99    52.921
19.88 30.00   1.413   4.499
19.88 30.00   5.912    68.361
19.88 30.00   4.831   3.457   5.912   0.579
19.88 30.00   4.835   3.450   5.912   0.570

19.89  0.00   0.434   0.427   0.026   0.074   0.001   0.004   0.326   0.002   0.000   0.002   0.000 1727901000
19.89    3.99    52.915
19.89 30.00   1.413   4.499
19.89 30.00   5.912    68.360
19.89 30.00   4.831   3.457   5.912   0.579
19.89 30.00   4.835   3.449   5.912   0.570

19.90  0.00   0.434   0.427   0.026   0.074   0.001   0.004   0.326   0.002   0.000   0.002   0.000 1728770000
19.90    3.99    52.909
19.90 30.00   1.413   4.499
19.90 30.00   5.912    68.359
19.90 30.00   4.830   3.457   5.912   0.579
19.90 30.00   4.835   3.449   5.912   0.570

19.91  0.00   0.434   0.427   0.026   0.074   0.001   0.004   0.326   0.002   0.000   0.002   0.000 1729639000
19.91    3.99    52.903
19.91 30.00   1.413   4.499
19.91 30.00   5.911    68.358
19.91 30.00   4.830   3.457   5.911   0.579
19.91 30.00   4.835   3.449   5.911   0.570

19.92  0.00   0.434   0.427   0.026   0.074   0.001   0.004   0.326   0.002   0.000   0.002   0.000 1730507000
19.92    3.99    52.897
19.92 30.00   1.413   4.499
19.92 30.00   5.911    68.356
19.92 30.00   4.830   3.457   5.911   0.579
19.92 30.00   4.834   3.449   5.911   0.570

19.93  0.00   0.434   0.427   0.026   0.074   0.001   0.004   0.326   0.002   0.000   0.002   0.000 1731376000
19.93    3.99    52.891
19.93 30.00   1.412   4.499
19.93 30.00   5.911    68.355
19.93 30.00   4.830   3.457   5.911   0.579
19.93 30.00   4.834   3.449   5.911   0.570

19.94  0.00   0.434   0.427   0.026   0.074   0.001   0.004   0.326   0.002   0.000   0.002   0.000 1732245000
19.94    3.99    52.885
19.94 30.00   1.412   4.499
19.94 30.00   5.911    68.354
19.94 30.00   4.830   3.456   5.911   0.579
19.94 30.00   4.834   3.449   5.911   0.570

19.95  0.00   0.434   0.427   0.026   0.074   0.001   0.004   0.326   0.002   0.000   0.002   0.000 1733113000
19.95    3.99    52.879
19.95 30.00   1.412   4.499
19.95 30.00   5.910    68.353
19.95 30.00   4.829   3.456   5.910   0.579
19.95 30.00   4.834   3.449   5.910   0.570

19.96  0.00   0.434   0.427   0.026   0.074   0.001   0.004   0.326   0.002   0.000   0.002   0.000 1733982000
19.96    3.98    52.873
19.96 30.00   1.412   4.499
19.96 30.00   5.910    68.351
19.96 30.00   4.829   3.456   5.910   0.579
19.96 30.00   4.834   3.449   5.910   0.570

19.97  0.00   0.434   0.427   0.026   0.074   0.001   0.004   0.326   0.002   0.000   0.002   0.000 1734851000
19.97    3.98    52.867
19.97 30.00   1.411   4.499
19.97 30.00   5.910    68.350
19.97 30.00   4.829   3.456   5.910   0.579
19.97 30.00   4.833   3.448   5.910   0.570

19.98  0.00   0.434   0.427   0.026   0.074   0.001   0.004   0.326   0.002   0.000   0.002   0.000 1735720000
19.98    3.98    52.861
19.98 30.00   1.411   4.499
19.98 30.00   5.910    68.349
19.98 30.00   4.829   3.456   5.910   0.579
19.98 30.00   4.833   3.448   5.910   0.570

19.99  0.00   0.434   0.427   0.026   0.074   0.001   0.004   0.326   0.002   0.000   0.002   0.000 1736588000
19.99    3.98    52.855
19.99 30.00   1.411   4.499
19.99 30.00   5.910    68.348
19.99 30.00   4.828   3.456   5.910   0.579
19.99 30.00   4.833   3.448   5.910   0.570

20.00  0.00   0.434   0.427   0.026   0.074   0.001   0.004   0.326   0.002   0.000   0.002   0.000 1737457000
20.00    3.98    52.849
20.00 30.00   1.411   4.499
20.00 30.00   5.909    68.347
20.00 30.00   4.828   3.456   5.909   0.579
20.00 30.00   4.833   3.448   5.909   0.570

20.01  0.00   0.434   0.427   0.026   0.074   0.001   0.004   0.326   0.002   0.000   0.002   0.000 1738326000
20.01    3.98    52.843
20.01 30.00   1.410   4.499
20.01 30.00   5.909    68.345
20.01 30.00   4.828   3.456   5.909   0.579
20.01 30.00   4.833   3.448   5.909   0.570

20.02  0.00   0.434   0.427   0.026   0.074   0.001   0.004   0.326   0.002   0.000   0.002   0.000 1739194000
20.02    3.98    52.837
20.02 30.00   1.410   4.499
20.02 30.00   5.909    68.344
20.02 30.00   4.828   3.455   5.909   0.579
20.02 30.00   4.832   3.448   5.909   0.570

20.03  0.00   0.434   0.427   0.026   0.074   0.001   0.004   0.326   0.002   0.000   0.002   0.000 1740063000
20.03    3.98    52.831
20.03 30.00   1.410   4.499
20.03 30.00   5.909    68.343
20.03 30.00   4.828   3.455   5.909   0.579
20.03 30.00   4.832   3.448   5.909   0.570

20.04  0.00   0.434   0.427   0.026   0.074   0.001   0.004   0.326   0.002   0.000   0.002   0.000 1740932000
20.04    3.98    52.825
20.04 30.00   1.410   4.499
20.04 30.00   5.908    68.342
20.04 30.00   4.827   3.455   5.908   0.579
20.04 30.00   4.832   3.448   5.908   0.570

20.05  0.00   0.434   0.427   0.026   0.074   0.001   0.004   0.326   0.002   0.000   0.002   0.000 1741801000
20.05    3.98    52.819
20.05 30.00   1.409   4.499
20.05 30.00   5.908    68.341
20.05 30.00   4.827   3.455   5.908   0.579
20.05 30.00   4.832   3.447   5.908   0.570

20.06  0.00   0.434   0.427   0.026   0.074   0.001   0.004   0.326   0.002   0.000   0.002   0.000 1742669000
20.06    3.98    52.813
20.06 30.00   1.409   4.499
20.06 30.00   5.908    68.339
20.06 30.00   4.827   3.455   5.908   0.579
20.06 30.00   4.831   3.447   5.908   0.570

20.07  0.00   0.434   0.427   0.026   0.074   0.001   0.004   0.326   0.002   0.000   0.002   0.000 1743538000
20.07    3.98    52.807
20.07 30.00   1.409   4.499
20.07 30.00   5.908    68.338
20.07 30.00   4.827   3.455   5.908   0.578
20.07 30.00   4.831   3.447   5.908   0.570

20.08  0.00   0.434   0.427   0.026   0.074   0.001   0.004   0.326   0.002   0.000   0.002   0.000 1744407000
20.08    3.98    52.801
20.08 30.00   1.409   4.499
20.08 30.00   5.907    68.337
20.08 30.00   4.827   3.455   5.907   0.578
20.08 30.00   4.831   3.447   5.907   0.570

20.09  0.00   0.434   0.427   0.026   0.074   0.001   0.004   0.326   0.002   0.000   0.002   0.000 1745276000
20.09    3.98    52.795
20.09 30.00   1.408   4.499
20.09 30.00   5.907    68.336
20.09 30.00   4.826   3.455   5.907   0.578
20.09 30.00   4.831   3.447   5.907   0.570

20.10  0.00   0.434   0.427   0.026   0.074   0.001   0.004   0.326   0.002   0.000   0.002   0.000 1746144000
20.10    3.98    52.789
20.10 30.00   1.408   4.499
20.10 30.00   5.907    68.335
20.10 30.00   4.826   3.454   5.907   0.578
20.10 30.00   4.831   3.447   5.907   0.570

20.11  0.00   0.434   0.427   0.026   0.074   0.001   0.004   0.326   0.002   0.000   0.002   0.000 1747013000
20.11    3.98    52.783
20.11 30.00   1.408   4.499
20.11 30.00   5.907    68.333
20.11 30.00   4.826   3.454   5.907   0.578
20.11 30.00   4.830   3.447   5.907   0.570

20.12  0.00   0.434   0.427   0.026   0.074   0.001   0.004   0.326   0.002   0.000   0.002   0.000 1747882000
20.12    3.98    52.777
20.12 30.00   1.408   4.499
20.12 30.00   5.906    68.332
20.12 30.00   4.826   3.454   5.906   0.578
20.12 30.00   4.830   3.446   5.906   0.570

20.13  0.00   0.434   0.427   0.026   0.074   0.001   0.004   0.326   0.002   0.000   0.002   0.000 1748750000
20.13    3.97    52.771
20.13 30.00   1.407   4.499
20.13 30.00   5.906    68.331
20.13 30.00   4.826   3.454   5.906   0.578
20.13 30.00   4.830   3.446   5.906   0.570

20.14  0.00   0.434   0.427   0.026   0.074   0.001   0.004   0.326   0.002   0.000   0.002   0.000 1749619000
20.14    3.97    52.765
20.14 30.00   1.407   4.499
20.14 30.00   5.906    68.330
20.14 30.00   4.825   3.454   5.906   0.578
20.14 30.00   4.830   3.446   5.906   0.570

20.15  0.00   0.434   0.427   0.026   0.074   0.001   0.004   0.326   0.002   0.000   0.002   0.000 1750488000
20.15    3.97    52.759
20.15 30.00   1.407   4.499
20.15 30.00   5.906    68.329
20.15 30.00   4.825   3.454   5.906   0.578
20.15 30.00   4.830   3.446   5.906   0.570

20.16  0.00   0.434   0.427   0.026   0.074   0.001   0.004   0.326   0.002   0.000   0.002   0.000 1751357000
20.16    3.97    52.753
20.16 30.00   1.407   4.499
20.16 30.00   5.905    68.327
20.16 30.00   4.825   3.454   5.905   0.578
20.16 30.00   4.829   3.446   5.905   0.570

20.17  0.00   0.434   0.427   0.026   0.074   0.001   0.004   0.326   0.002   0.000   0.002   0.000 1752225000
20.17    3.97    52.747
20.17 30.00   1.407   4.499
20.17 30.00   5.905    68.326
20.17 30.00   4.825   3.454   5.905   0.578
20.17 30.00   4.829   3.446   5.905   0.570

20.18  0.00   0.434   0.427   0.026   0.074   0.001   0.004   0.326   0.002   0.000   0.002   0.000 1753094000
20.18    3.97    52.741
20.18 30.00   1.406   4.499
20.18 30.00   5.905    68.325
20.18 30.00   4.825   3.453   5.905   0.578
20.18 30.00   4.829   3.446   5.905   0.570

20.19  0.00   0.434   0.427   0.026   0.074   0.001   0.004   0.326   0.002   0.000   0.002   0.000 1753963000
20.19    3.97    52.735
20.19 30.00   1.406   4.499
20.19 30.00   5.905    68.324
20.19 30.00   4.824   3.453   5.905   0.578
20.19 30.00   4.829   3.446   5.905   0.570

20.20  0.00   0.434   0.427   0.026   0.074   0.001   0.004   0.326   0.002   0.000   0.002   0.000 1754832000
20.20    3.97    52.729
20.20 30.00   1.406   4.499
20.20 30.00   5.905    68.323
20.20 30.00   4.824   3.453   5.905   0.578
20.20 30.00   4.829   3.445   5.905   0.570

20.21  0.00   0.434   0.427   0.026   0.074   0.001   0.004   0.326   0.002   0.000   0.002   0.000 1755700000
20.21    3.97    52.723
20.21 30.00   1.406   4.499
20.21 30.00   5.904    68.321
20.21 30.00   4.824   3.453   5.904   0.578
20.21 30.00   4.828   3.445   5.904   0.570

20.22  0.00   0.434   0.427   0.026   0.074   0.001   0.004   0.325   0.002   0.000   0.002   0.000 1756569000
20.22    3.97    52.717
20.22 30.00   1.405   4.499
20.22 30.00   5.904    68.320
20.22 30.00   4.824   3.453   5.904   0.578
20.22 30.00   4.828   3.445   5.904   0.570

20.23  0.00   0.434   0.427   0.026   0.074   0.001   0.004   0.325   0.002   0.000   0.002   0.000 1757438000
20.23    3.97    52.712
20.23 30.00   1.405   4.499
20.23 30.00   5.904    68.319
20.23 30.00   4.824   3.453   5.904   0.578
20.23 30.00   4.828   3.445   5.904   0.569

20.24  0.00   0.434   0.427   0.026   0.074   0.001   0.004   0.325   0.002   0.000   0.002   0.000 1758307000
20.24    3.97    52.706
20.24 30.00   1.405   4.499
20.24 30.00   5.904    68.318
20.24 30.00   4.823   3.453   5.904   0.578
20.24 30.00   4.828   3.445   5.904   0.569

20.25  0.00   0.434   0.427   0.026   0.074   0.001   0.004   0.325   0.002   0.000   0.002   0.000 1759175000
20.25    3.97    52.700
20.25 30.00   1.405   4.499
20.25 30.00   5.903    68.317
20.25 30.00   4.823   3.452   5.903   0.578
20.25 30.00   4.828   3.445   5.903   0.569

20.26  0.00   0.434   0.427   0.026   0.074   0.001   0.004   0.325   0.002   0.000   0.002   0.000 1760044000
20.26    3.97    52.694
20.26 30.00   1.404   4.499
20.26 30.00   5.903    68.315
20.26 30.00   4.823   3.452   5.903   0.578
20.26 30.00   4.827   3.445   5.903   0.569

20.27  0.00   0.434   0.427   0.026   0.074   0.001   0.004   0.325   0.002   0.000   0.002   0.000 1760913000
20.27    3.97    52.688
20.27 30.00   1.404   4.499
20.27 30.00   5.903    68.314
20.27 30.00   4.823   3.452   5.903   0.578
20.27 30.00   4.827   3.445   5.903   0.569

20.28  0.00   0.434   0.427   0.026   0.074   0.001   0.004   0.325   0.002   0.000   0.002   0.000 1761782000
20.28    3.97    52.682
20.28 30.00   1.404   4.499
20.28 30.00   5.903    68.313
20.28 30.00   4.823   3.452   5.903   0.578
20.28 30.00   4.827   3.444   5.903   0.569

20.29  0.00   0.434   0.427   0.026   0.074   0.001   0.004   0.325   0.002   0.000   0.002   0.000 1762650000
20.29    3.97    52.676
20.29 30.00   1.404   4.499
20.29 30.00   5.902    68.312
20.29 30.00   4.822   3.452   5.902   0.578
20.29 30.00   4.827   3.444   5.902   0.569

20.30  0.00   0.434   0.427   0.026   0.074   0.001   0.004   0.325   0.002   0.000   0.002   0.000 1763519000
20.30    3.96    52.670
20.30 30.00   1.403   4.499
20.30 30.00   5.902    68.311
20.30 30.00   4.822   3.452   5.902   0.578
20.30 30.00   4.827   3.444   5.902   0.569

20.31  0.00   0.434   0.427   0.026   0.074   0.001   0.004   0.325   0.002   0.000   0.002   0.000 1764388000
20.31    3.96    52.664
20.31 30.00   1.403   4.499
20.31 30.00   5.902    68.310
20.31 30.00   4.822   3.452   5.902   0.578
20.31 30.00   4.827   3.444   5.902   0.569

20.32  0.00   0.434   0.427   0.026   0.074   0.001   0.004   0.325   0.002   0.000   0.002   0.000 1765256000
20.32    3.96    52.659
20.32 30.00   1.403   4.499
20.32 30.00   5.902    68.308
20.32 30.00   4.822   3.452   5.902   0.578
20.32 30.00   4.826   3.444   5.902   0.569

20.33  0.00   0.434   0.427   0.026   0.074   0.001   0.004   0.325   0.002   0.000   0.002   0.000 1766125000
20.33    3.96    52.653
20.33 30.00   1.403   4.499
20.33 30.00   5.901    68.307
20.33 30.00   4.822   3.451   5.901   0.578
20.33 30.00   4.826   3.444   5.901   0.569

20.34  0.00   0.434   0.427   0.026   0.074   0.001   0.004   0.325   0.002   0.000   0.002   0.000 1766994000
20.34    3.96    52.647
20.34 30.00   1.403   4.499
20.34 30.00   5.901    68.306
20.34 30.00   4.821   3.451   5.901   0.578
20.34 30.00   4.826   3.444   5.901   0.569

20.35  0.00   0.434   0.427   0.026   0.074   0.001   0.004   0.325   0.002   0.000   0.002   0.000 1767863000
20.35    3.96    52.641
20.35 30.00   1.402   4.499
20.35 30.00   5.901    68.305
20.35 30.00   4.821   3.451   5.901   0.578
20.35 30.00   4.826   3.444   5.901   0.569

20.36  0.00   0.434   0.427   0.026   0.074   0.001   0.004   0.325   0.002   0.000   0.002   0.000 1768731000
20.36    3.96    52.635
20.36 30.00   1.402   4.499
20.36 30.00   5.901    68.304
20.36 30.00   4.821   3.451   5.901   0.578
20.36 30.00   4.826   3.443   5.901   0.569

20.37  0.00   0.434   0.427   0.026   0.074   0.001   0.004   0.325   0.002   0.000   0.002   0.000 1769600000
20.37    3.96    52.629
20.37 30.00   1.402   4.499
20.37 30.00   5.901    68.303
20.37 30.00   4.821   3.451   5.901   0.578
20.37 30.00   4.825   3.443   5.901   0.569

20.38  0.00   0.434   0.427   0.026   0.074   0.001   0.004   0.325   0.002   0.000   0.002   0.000 1770469000
20.38    3.96    52.623
20.38 30.00   1.402   4.499
20.38 30.00   5.900    68.301
20.38 30.00   4.821   3.451   5.900   0.578
20.38 30.00   4.825   3.443   5.900   0.569

20.39  0.00   0.434   0.427   0.026   0.074   0.001   0.004   0.325   0.002   0.000   0.002   0.000 1771337000
20.39    3.96    52.618
20.39 30.00   1.401   4.499
20.39 30.00   5.900    68.300
20.39 30.00   4.821   3.451   5.900   0.578
20.39 30.00   4.825   3.443   5.900   0.569

20.40  0.00   0.434   0.427   0.026   0.074   0.001   0.004   0.325   0.002   0.000   0.002   0.000 1772206000
20.40    3.96    52.612
20.40 30.00   1.401   4.499
20.40 30.00   5.900    68.299
20.40 30.00   4.820   3.451   5.900   0.578
20.40 30.00   4.825   3.443   5.900   0.569

20.41  0.00   0.434   0.427   0.026   0.074   0.001   0.004   0.325   0.002   0.000   0.002   0.000 1773075000
20.41    3.96    52.606
20.41 30.00   1.401   4.499
20.41 30.00   5.900    68.298
20.41 30.00   4.820   3.450   5.900   0.578
20.41 30.00   4.825   3.443   5.900   0.569

20.42  0.00   0.434   0.427   0.026   0.074   0.001   0.004   0.325   0.002   0.000   0.002   0.000 1773944000
20.42    3.96    52.600
20.42 30.00   1.401   4.499
20.42 30.00   5.899    68.297
20.42 30.00   4.820   3.450   5.899   0.578
20.42 30.00   4.824   3.443   5.899   0.569

20.43  0.00   0.434   0.427   0.026   0.074   0.001   0.004   0.325   0.002   0.000   0.002   0.000 1774812000
20.43    3.96    52.594
20.43 30.00   1.400   4.499
20.43 30.00   5.899    68.296
20.43 30.00   4.820   3.450   5.899   0.578
20.43 30.00   4.824   3.443   5.899   0.569

20.44  0.00   0.434   0.427   0.026   0.074   0.001   0.004   0.325   0.002   0.000   0.002   0.000 1775681000
20.44    3.96    52.588
20.44 30.00   1.400   4.499
20.44 30.00   5.899    68.294
20.44 30.00   4.820   3.450   5.899   0.578
20.44 30.00   4.824   3.442   5.899   0.569

20.45  0.00   0.434   0.427   0.026   0.074   0.001   0.004   0.325   0.002   0.000   0.002   0.000 1776550000
20.45    3.96    52.583
20.45 30.00   1.400   4.499
20.45 30.00   5.899    68.293
20.45 30.00   4.819   3.450   5.899   0.578
20.45 30.00   4.824   3.442   5.899   0.569

20.46  0.00   0.434   0.427   0.026   0.074   0.001   0.004   0.325   0.002   0.000   0.002   0.000 1777418000
20.46    3.96    52.577
20.46 30.00   1.400   4.499
20.46 30.00   5.898    68.292
20.46 30.00   4.819   3.450   5.898   0.578
20.46 30.00   4.824   3.442   5.898   0.569

20.47  0.00   0.434   0.427   0.026   0.074   0.001   0.004   0.325   0.002   0.000   0.002   0.000 1778287000
20.47    3.96    52.571
20.47 30.00   1.400   4.499
20.47 30.00   5.898    68.291
20.47 30.00   4.819   3.450   5.898   0.578
20.47 30.00   4.823   3.442   5.898   0.569

20.48  0.00   0.434   0.427   0.026   0.074   0.001   0.004   0.325   0.002   0.000   0.002   0.000 1779156000
20.48    3.95    52.565
20.48 30.00   1.399   4.499
20.48 30.00   5.898    68.290
20.48 30.00   4.819   3.450   5.898   0.578
20.48 30.00   4.823   3.442   5.898   0.569

20.49  0.00   0.434   0.427   0.026   0.074   0.001   0.004   0.325   0.002   0.000   0.002   0.000 1780025000
20.49    3.95    52.559
20.49 30.00   1.399   4.499
20.49 30.00   5.898    68.289
20.49 30.00   4.819   3.449   5.898   0.578
20.49 30.00   4.823   3.442   5.898   0.569

20.50  0.00   0.434   0.427   0.026   0.074   0.001   0.004   0.325   0.002   0.000   0.002   0.000 1780893000
20.50    3.95    52.553
20.50 30.00   1.399   4.499
20.50 30.00   5.898    68.287
20.50 30.00   4.818   3.449   5.898   0.578
20.50 30.00   4.823   3.442   5.898   0.569

20.51  0.00   0.434   0.427   0.026   0.074   0.001   0.004   0.325   0.002   0.000   0.002   0.000 1781762000
20.51    3.95    52.548
20.51 30.00   1.399   4.499
20.51 30.00   5.897    68.286
20.51 30.00   4.818   3.449   5.897   0.578
20.51 30.00   4.823   3.442   5.897   0.569

20.52  0.00   0.434   0.427   0.026   0.074   0.001   0.004   0.325   0.002   0.000   0.002   0.000 1782631000
20.52    3.95    52.542
20.52 30.00   1.398   4.499
20.52 30.00   5.897    68.285
20.52 30.00   4.818   3.449   5.897   0.578
20.52 30.00   4.822   3.441   5.897   0.569

20.53  0.00   0.434   0.427   0.026   0.074   0.001   0.004   0.325   0.002   0.000   0.002   0.000 1783500000
20.53    3.95    52.536
20.53 30.00   1.398   4.499
20.53 30.00   5.897    68.284
20.53 30.00   4.818   3.449   5.897   0.578
20.53 30.00   4.822   3.441   5.897   0.569

20.54  0.00   0.434   0.427   0.026   0.074   0.001   0.004   0.325   0.002   0.000   0.002   0.000 1784369000
20.54    3.95    52.530
20.54 30.00   1.398   4.499
20.54 30.00   5.897    68.283
20.54 30.00   4.818   3.449   5.897   0.578
20.54 30.00   4.822   3.441   5.897   0.569

20.55  0.00   0.434   0.427   0.026   0.074   0.001   0.004   0.325   0.002   0.000   0.002   0.000 1785237000
20.55    3.95    52.525
20.55 30.00   1.398   4.499
20.55 30.00   5.896    68.282
20.55 30.00   4.817   3.449   5.896   0.578
20.55 30.00   4.822   3.441   5.896   0.569

20.56  0.00   0.433   0.427   0.026   0.074   0.001   0.004   0.325   0.002   0.000   0.002   0.000 1786106000
20.56    3.95    52.519
20.56 30.00   1.397   4.499
20.56 30.00   5.896    68.281
20.56 30.00   4.817   3.449   5.896   0.578
20.56 30.00   4.822   3.441   5.896   0.569

20.57  0.00   0.433   0.427   0.026   0.074   0.001   0.004   0.325   0.002   0.000   0.002   0.000 1786975000
20.57    3.95    52.513
20.57 30.00   1.397   4.499
20.57 30.00   5.896    68.279
20.57 30.00   4.817   3.449   5.896   0.578
20.57 30.00   4.821   3.441   5.896   0.569

20.58  0.00   0.433   0.427   0.026   0.074   0.001   0.004   0.325   0.002   0.000   0.002   0.000 1787843000
20.58    3.95    52.507
20.58 30.00   1.397   4.499
20.58 30.00   5.896    68.278
20.58 30.00   4.817   3.448   5.896   0.578
20.58 30.00   4.821   3.441   5.896   0.569

20.59  0.00   0.433   0.427   0.026   0.074   0.001   0.004   0.325   0.002   0.000   0.002   0.000 1788712000
20.59    3.95    52.501
20.59 30.00   1.397   4.499
20.59 30.00   5.895    68.277
20.59 30.00   4.817   3.448   5.895   0.578
20.59 30.00   4.821   3.441   5.895   0.569

20.60  0.00   0.433   0.427   0.026   0.074   0.001   0.004   0.325   0.002   0.000   0.002   0.000 1789581000
20.60    3.95    52.496
20.60 30.00   1.397   4.499
20.60 30.00   5.895    68.276
20.60 30.00   4.816   3.448   5.895   0.578
20.60 30.00   4.821   3.441   5.895   0.569

20.61  0.00   0.433   0.427   0.026   0.074   0.001   0.004   0.325   0.002   0.000   0.002   0.000 1790450000
20.61    3.95    52.490
20.61 30.00   1.396   4.499
20.61 30.00   5.895    68.275
20.61 30.00   4.816   3.448   5.895   0.578
20.61 30.00   4.821   3.440   5.895   0.569

20.62  0.00   0.433   0.427   0.026   0.074   0.001   0.004   0.325   0.002   0.000   0.002   0.000 1791318000
20.62    3.95    52.484
20.62 30.00   1.396   4.499
20.62 30.00   5.895    68.274
20.62 30.00   4.816   3.448   5.895   0.578
20.62 30.00   4.820   3.440   5.895   0.569

20.63  0.00   0.433   0.427   0.026   0.074   0.001   0.004   0.325   0.002   0.000   0.002   0.000 1792187000
20.63    3.95    52.478
20.63 30.00   1.396   4.499
20.63 30.00   5.895    68.273
20.63 30.00   4.816   3.448   5.895   0.578
20.63 30.00   4.820   3.440   5.895   0.569

20.64  0.00   0.433   0.427   0.026   0.074   0.001   0.004   0.325   0.002   0.000   0.002   0.000 1793056000
20.64    3.95    52.473
20.64 30.00   1.396   4.499
20.64 30.00   5.894    68.271
20.64 30.00   4.816   3.448   5.894   0.578
20.64 30.00   4.820   3.440   5.894   0.569

20.65  0.00   0.433   0.427   0.026   0.074   0.001   0.004   0.325   0.002   0.000   0.002   0.000 1793924000
20.65    3.94    52.467
20.65 30.00   1.395   4.499
20.65 30.00   5.894    68.270
20.65 30.00   4.815   3.448   5.894   0.578
20.65 30.00   4.820   3.440   5.894   0.569

20.66  0.00   0.433   0.427   0.026   0.074   0.001   0.004   0.325   0.002   0.000   0.002   0.000 1794793000
20.66    3.94    52.461
20.66 30.00   1.395   4.499
20.66 30.00   5.894    68.269
20.66 30.00   4.815   3.447   5.894   0.578
20.66 30.00   4.820   3.440   5.894   0.569

20.67  0.00   0.433   0.427   0.026   0.074   0.001   0.004   0.325   0.002   0.000   0.002   0.000 1795662000
20.67    3.94    52.455
20.67 30.00   1.395   4.499
20.67 30.00   5.894    68.268
20.67 30.00   4.815   3.447   5.894   0.578
20.67 30.00   4.820   3.440   5.894   0.569

20.68  0.00   0.433   0.427   0.026   0.074   0.001   0.004   0.325   0.002   0.000   0.002   0.000 1796531000
20.68    3.94    52.450
20.68 30.00   1.395   4.499
20.68 30.00   5.893    68.267
20.68 30.00   4.815   3.447   5.893   0.578
20.68 30.00   4.819   3.440   5.893   0.569

20.69  0.00   0.433   0.427   0.026   0.074   0.001   0.004   0.325   0.002   0.000   0.002   0.000 1797399000
20.69    3.94    52.444
20.69 30.00   1.395   4.499
20.69 30.00   5.893    68.266
20.69 30.00   4.815   3.447   5.893   0.578
20.69 30.00   4.819   3.439   5.893   0.569

20.70  0.00   0.433   0.427   0.026   0.074   0.001   0.004   0.325   0.002   0.000   0.002   0.000 1798268000
20.70    3.94    52.438
20.70 30.00   1.394   4.499
20.70 30.00   5.893    68.265
20.70 30.00   4.815   3.447   5.893   0.578
20.70 30.00   4.819   3.439   5.893   0.569

20.71  0.00   0.433   0.427   0.026   0.074   0.001   0.004   0.325   0.002   0.000   0.002   0.000 1799137000
20.71    3.94    52.432
20.71 30.00   1.394   4.499
20.71 30.00   5.893    68.264
20.71 30.00   4.814   3.447   5.893   0.578
20.71 30.00   4.819   3.439   5.893   0.569

20.72  0.00   0.433   0.427   0.026   0.074   0.001   0.004   0.325   0.002   0.000   0.002   0.000 1800005000
20.72    3.94    52.427
20.72 30.00   1.394   4.499
20.72 30.00   5.893    68.262
20.72 30.00   4.814   3.447   5.893   0.578
20.72 30.00   4.819   3.439   5.893   0.569

20.73  0.00   0.433   0.427   0.026   0.074   0.001   0.004   0.325   0.002   0.000   0.002   0.000 1800874000
20.73    3.94    52.421
20.73 30.00   1.394   4.499
20.73 30.00   5.892    68.261
20.73 30.00   4.814   3.447   5.892   0.578
20.73 30.00   4.818   3.439   5.892   0.569

20.74  0.00   0.433   0.427   0.026   0.074   0.001   0.004   0.325   0.002   0.000   0.002   0.000 1801743000
20.74    3.94    52.415
20.74 30.00   1.393   4.499
20.74 30.00   5.892    68.260
20.74 30.00   4.814   3.446   5.892   0.578
20.74 30.00   4.818   3.439   5.892   0.569

20.75  0.00   0.433   0.427   0.026   0.074   0.001   0.004   0.325   0.002   0.000   0.002   0.000 1802612000
20.75    3.94    52.410
20.75 30.00   1.393   4.499
20.75 30.00   5.892    68.259
20.75 30.00   4.814   3.446   5.892   0.578
20.75 30.00   4.818   3.439   5.892   0.569

20.76  0.00   0.433   0.427   0.026   0.074   0.001   0.004   0.325   0.002   0.000   0.002   0.000 1803480000
20.76    3.94    52.404
20.76 30.00   1.393   4.499
20.76 30.00   5.892    68.258
20.76 30.00   4.813   3.446   5.892   0.578
20.76 30.00   4.818   3.439   5.892   0.569

20.77  0.00   0.433   0.427   0.026   0.074   0.001   0.004   0.325   0.002   0.000   0.002   0.000 1804349000
20.77    3.94    52.398
20.77 30.00   1.393   4.499
20.77 30.00   5.891    68.257
20.77 30.00   4.813   3.446   5.891   0.578
20.77 30.00   4.818   3.438   5.891   0.569

20.78  0.00   0.433   0.427   0.026   0.074   0.001   0.004   0.325   0.002   0.000   0.002   0.000 1805218000
20.78    3.94    52.392
20.78 30.00   1.392   4.499
20.78 30.00   5.891    68.256
20.78 30.00   4.813   3.446   5.891   0.578
20.78 30.00   4.817   3.438   5.891   0.569

20.79  0.00   0.433   0.427   0.026   0.074   0.001   0.004   0.325   0.002   0.000   0.002   0.000 1806087000
20.79    3.94    52.387
20.79 30.00   1.392   4.499
20.79 30.00   5.891    68.255
20.79 30.00   4.813   3.446   5.891   0.578
20.79 30.00   4.817   3.438   5.891   0.569

20.80  0.00   0.433   0.427   0.026   0.074   0.001   0.004   0.325   0.002   0.000   0.002   0.000 1806955000
20.80    3.94    52.381
20.80 30.00   1.392   4.499
20.80 30.00   5.891    68.253
20.80 30.00   4.813   3.446   5.891   0.578
20.80 30.00   4.817   3.438   5.891   0.569

20.81  0.00   0.433   0.427   0.026   0.074   0.001   0.004   0.325   0.002   0.000   0.002   0.000 1807824000
20.81    3.94    52.375
20.81 30.00   1.392   4.499
20.81 30.00   5.891    68.252
20.81 30.00   4.812   3.446   5.891   0.578
20.81 30.00   4.817   3.438   5.891   0.569

20.82  0.00   0.433   0.427   0.026   0.074   0.001   0.004   0.325   0.002   0.000   0.002   0.000 1808693000
20.82    3.94    52.370
20.82 30.00   1.392   4.499
20.82 30.00   5.890    68.251
20.82 30.00   4.812   3.445   5.890   0.578
20.82 30.00   4.817   3.438   5.890   0.569

20.83  0.00   0.433   0.427   0.026   0.074   0.001   0.004   0.325   0.002   0.000   0.002   0.000 1809561000
20.83    3.93    52.364
20.83 30.00   1.391   4.499
20.83 30.00   5.890    68.250
20.83 30.00   4.812   3.445   5.890   0.578
20.83 30.00   4.816   3.438   5.890   0.569

20.84  0.00   0.433   0.427   0.026   0.074   0.001   0.004   0.325   0.002   0.000   0.002   0.000 1810430000
20.84    3.93    52.358
20.84 30.00   1.391   4.499
20.84 30.00   5.890    68.249
20.84 30.00   4.812   3.445   5.890   0.578
20.84 30.00   4.816   3.438   5.890   0.569

20.85  0.00   0.433   0.427   0.026   0.074   0.001   0.004   0.325   0.002   0.000   0.002   0.000 1811299000
20.85    3.93    52.353
20.85 30.00   1.391   4.499
20.85 30.00   5.890    68.248
20.85 30.00   4.812   3.445   5.890   0.578
20.85 30.00   4.816   3.437   5.890   0.569

20.86  0.00   0.433   0.427   0.026   0.074   0.001   0.004   0.325   0.002   0.000   0.002   0.000 1812168000
20.86    3.93    52.347
20.86 30.00   1.391   4.499
20.86 30.00   5.889    68.247
20.86 30.00   4.812   3.445   5.889   0.578
20.86 30.00   4.816   3.437   5.889   0.569

20.87  0.00   0.433   0.427   0.026   0.074   0.001   0.004   0.325   0.002   0.000   0.002   0.000 1813037000
20.87    3.93    52.341
20.87 30.00   1.390   4.499
20.87 30.00   5.889    68.246
20.87 30.00   4.811   3.445   5.889   0.578
20.87 30.00   4.816   3.437   5.889   0.569

20.88  0.00   0.433   0.427   0.026   0.074   0.001   0.004   0.325   0.002   0.000   0.002   0.000 1813905000
20.88    3.93    52.336
20.88 30.00   1.390   4.499
20.88 30.00   5.889    68.244
20.88 30.00   4.811   3.445   5.889   0.578
20.88 30.00   4.816   3.437   5.889   0.569

20.89  0.00   0.433   0.427   0.026   0.074   0.001   0.004   0.325   0.002   0.000   0.002   0.000 1814774000
20.89    3.93    52.330
20.89 30.00   1.390   4.499
20.89 30.00   5.889    68.243
20.89 30.00   4.811   3.445   5.889   0.578
20.89 30.00   4.815   3.437   5.889   0.569

20.90  0.00   0.433   0.427   0.026   0.074   0.001   0.004   0.325   0.002   0.000   0.002   0.000 1815643000
20.90    3.93    52.324
20.90 30.00   1.390   4.499
20.90 30.00   5.889    68.242
20.90 30.00   4.811   3.445   5.889   0.578
20.90 30.00   4.815   3.437   5.889   0.569

20.91  0.00   0.433   0.427   0.026   0.074   0.001   0.004   0.325   0.002   0.000   0.002   0.000 1816511000
20.91    3.93    52.319
20.91 30.00   1.390   4.499
20.91 30.00   5.888    68.241
20.91 30.00   4.811   3.444   5.888   0.578
20.91 30.00   4.815   3.437   5.888   0.569

20.92  0.00   0.433   0.427   0.026   0.074   0.001   0.004   0.325   0.002   0.000   0.002   0.000 1817380000
20.92    3.93    52.313
20.92 30.00   1.389   4.499
20.92 30.00   5.888    68.240
20.92 30.00   4.810   3.444   5.888   0.578
20.92 30.00   4.815   3.437   5.888   0.569

20.93  0.00   0.433   0.427   0.026   0.074   0.001   0.004   0.325   0.002   0.000   0.002   0.000 1818249000
20.93    3.93    52.307
20.93 30.00   1.389   4.499
20.93 30.00   5.888    68.239
20.93 30.00   4.810   3.444   5.888   0.578
20.93 30.00   4.815   3.437   5.888   0.569

20.94  0.00   0.433   0.427   0.026   0.074   0.001   0.004   0.325   0.002   0.000   0.002   0.000 1819118000
20.94    3.93    52.302
20.94 30.00   1.389   4.499
20.94 30.00   5.888    68.238
20.94 30.00   4.810   3.444   5.888   0.578
20.94 30.00   4.814   3.436   5.888   0.569

20.95  0.00   0.433   0.427   0.026   0.074   0.001   0.004   0.325   0.002   0.000   0.002   0.000 1819986000
20.95    3.93    52.296
20.95 30.00   1.389   4.499
20.95 30.00   5.887    68.237
20.95 30.00   4.810   3.444   5.887   0.578
20.95 30.00   4.814   3.436   5.887   0.569

20.96  0.00   0.433   0.427   0.026   0.074   0.001   0.004   0.325   0.002   0.000   0.002   0.000 1820855000
20.96    3.93    52.290
20.96 30.00   1.389   4.499
20.96 30.00   5.887    68.236
20.96 30.00   4.810   3.444   5.887   0.578
20.96 30.00   4.814   3.436   5.887   0.569

20.97  0.00   0.433   0.427   0.026   0.074   0.001   0.004   0.325   0.002   0.000   0.002   0.000 1821724000
20.97    3.93    52.285
20.97 30.00   1.388   4.499
20.97 30.00   5.887    68.234
20.97 30.00   4.809   3.444   5.887   0.578
20.97 30.00   4.814   3.436   5.887   0.569

20.98  0.00   0.433   0.427   0.026   0.074   0.001   0.004   0.325   0.002   0.000   0.002   0.000 1822592000
20.98    3.93    52.279
20.98 30.00   1.388   4.499
20.98 30.00   5.887    68.233
20.98 30.00   4.809   3.444   5.887   0.578
20.98 30.00   4.814   3.436   5.887   0.569

20.99  0.00   0.433   0.427   0.026   0.074   0.001   0.004   0.325   0.002   0.000   0.002   0.000 1823461000
20.99    3.93    52.274
20.99 30.00   1.388   4.499
20.99 30.00   5.887    68.232
20.99 30.00   4.809   3.443   5.887   0.578
20.99 30.00   4.814   3.436   5.887   0.569

21.00  0.00   0.433   0.427   0.026   0.074   0.001   0.004   0.325   0.002   0.000   0.002   0.000 1824330000
21.00    3.93    52.268
21.00 30.00   1.388   4.499
21.00 30.00   5.886    68.231
21.00 30.00   4.809   3.443   5.886   0.578
21.00 30.00   4.813   3.436   5.886   0.569

21.01  0.00   0.433   0.427   0.026   0.074   0.001   0.004   0.325   0.002   0.000   0.002   0.000 1825199000
21.01    3.93    52.262
21.01 30.00   1.387   4.499
21.01 30.00   5.886    68.230
21.01 30.00   4.809   3.443   5.886   0.578
21.01 30.00   4.813   3.436   5.886   0.569

21.02  0.00   0.433   0.427   0.026   0.074   0.001   0.004   0.325   0.002   0.000   0.002   0.000 1826067000
21.02    3.92    52.257
21.02 30.00   1.387   4.499
21.02 30.00   5.886    68.229
21.02 30.00   4.809   3.443   5.886   0.578
21.02 30.00   4.813   3.435   5.886   0.569

21.03  0.00   0.433   0.427   0.026   0.074   0.001   0.004   0.325   0.002   0.000   0.002   0.000 1826936000
21.03    3.92    52.251
21.03 30.00   1.387   4.499
21.03 30.00   5.886    68.228
21.03 30.00   4.808   3.443   5.886   0.578
21.03 30.00   4.813   3.435   5.886   0.569

21.04  0.00   0.433   0.427   0.026   0.074   0.001   0.004   0.325   0.002   0.000   0.002   0.000 1827805000
21.04    3.92    52.245
21.04 30.00   1.387   4.499
21.04 30.00   5.885    68.227
21.04 30.00   4.808   3.443   5.885   0.578
21.04 30.00   4.813   3.435   5.885   0.569

21.05  0.00   0.433   0.427   0.026   0.074   0.001   0.004   0.325   0.002   0.000   0.002   0.000 1828673000
21.05    3.92    52.240
21.05 30.00   1.387   4.499
21.05 30.00   5.885    68.226
21.05 30.00   4.808   3.443   5.885   0.578
21.05 30.00   4.812   3.435   5.885   0.569

21.06  0.00   0.433   0.427   0.026   0.074   0.001   0.004   0.325   0.002   0.000   0.002   0.000 1829542000
21.06    3.92    52.234
21.06 30.00   1.386   4.499
21.06 30.00   5.885    68.225
21.06 30.00   4.808   3.443   5.885   0.578
21.06 30.00   4.812   3.435   5.885   0.569

21.07  0.00   0.433   0.427   0.026   0.074   0.001   0.004   0.325   0.002   0.000   0.002   0.000 1830411000
21.07    3.92    52.229
21.07 30.00   1.386   4.499
21.07 30.00   5.885    68.224
21.07 30.00   4.808   3.443   5.885   0.578
21.07 30.00   4.812   3.435   5.885   0.569

21.08  0.00   0.433   0.427   0.026   0.074   0.001   0.004   0.325   0.002   0.000   0.002   0.000 1831280000
21.08    3.92    52.223
21.08 30.00   1.386   4.499
21.08 30.00   5.885    68.222
21.08 30.00   4.807   3.442   5.885   0.578
21.08 30.00   4.812   3.435   5.885   0.569

21.09  0.00   0.433   0.426   0.026   0.074   0.001   0.004   0.325   0.002   0.000   0.002   0.000 1832148000
21.09    3.92    52.217
21.09 30.00   1.386   4.499
21.09 30.00   5.884    68.221
21.09 30.00   4.807   3.442   5.884   0.577
21.09 30.00   4.812   3.435   5.884   0.569

21.10  0.00   0.433   0.426   0.026   0.074   0.001   0.004   0.325   0.002   0.000   0.002   0.000 1833017000
21.10    3.92    52.212
21.10 30.00   1.385   4.499
21.10 30.00   5.884    68.220
21.10 30.00   4.807   3.442   5.884   0.577
21.10 30.00   4.811   3.435   5.884   0.569

21.11  0.00   0.433   0.426   0.026   0.074   0.001   0.004   0.325   0.002   0.000   0.002   0.000 1833886000
21.11    3.92    52.206
21.11 30.00   1.385   4.499
21.11 30.00   5.884    68.219
21.11 30.00   4.807   3.442   5.884   0.577
21.11 30.00   4.811   3.434   5.884   0.569

21.12  0.00   0.433   0.426   0.026   0.074   0.001   0.004   0.325   0.002   0.000   0.002   0.000 1834755000
21.12    3.92    52.201
21.12 30.00   1.385   4.499
21.12 30.00   5.884    68.218
21.12 30.00   4.807   3.442   5.884   0.577
21.12 30.00   4.811   3.434   5.884   0.569

21.13  0.00   0.433   0.426   0.026   0.074   0.001   0.004   0.325   0.002   0.000   0.002   0.000 1835623000
21.13    3.92    52.195
21.13 30.00   1.385   4.499
21.13 30.00   5.883    68.217
21.13 30.00   4.807   3.442   5.883   0.577
21.13 30.00   4.811   3.434   5.883   0.569

21.14  0.00   0.433   0.426   0.026   0.074   0.001   0.004   0.325   0.002   0.000   0.002   0.000 1836492000
21.14    3.92    52.190
21.14 30.00   1.385   4.499
21.14 30.00   5.883    68.216
21.14 30.00   4.806   3.442   5.883   0.577
21.14 30.00   4.811   3.434   5.883   0.569

21.15  0.00   0.433   0.426   0.026   0.074   0.001   0.004   0.325   0.002   0.000   0.002   0.000 1837361000
21.15    3.92    52.184
21.15 30.00   1.384   4.499
21.15 30.00   5.883    68.215
21.15 30.00   4.806   3.442   5.883   0.577
21.15 30.00   4.811   3.434   5.883   0.569

21.16  0.00   0.433   0.426   0.026   0.074   0.001   0.004   0.325   0.002   0.000   0.002   0.000 1838230000
21.16    3.92    52.178
21.16 30.00   1.384   4.499
21.16 30.00   5.883    68.214
21.16 30.00   4.806   3.441   5.883   0.577
21.16 30.00   4.810   3.434   5.883   0.569

21.17  0.00   0.433   0.426   0.026   0.074   0.001   0.004   0.325   0.002   0.000   0.002   0.000 1839098000
21.17    3.92    52.173
21.17 30.00   1.384   4.499
21.17 30.00   5.883    68.213
21.17 30.00   4.806   3.441   5.883   0.577
21.17 30.00   4.810   3.434   5.883   0.569

21.18  0.00   0.433   0.426   0.026   0.074   0.001   0.004   0.325   0.002   0.000   0.002   0.000 1839967000
21.18    3.92    52.167
21.18 30.00   1.384   4.499
21.18 30.00   5.882    68.212
21.18 30.00   4.806   3.441   5.882   0.577
21.18 30.00   4.810   3.434   5.882   0.569

21.19  0.00   0.433   0.426   0.026   0.074   0.001   0.004   0.325   0.002   0.000   0.002   0.000 1840836000
21.19    3.92    52.162
21.19 30.00   1.383   4.499
21.19 30.00   5.882    68.210
21.19 30.00   4.805   3.441   5.882   0.577
21.19 30.00   4.810   3.433   5.882   0.569

21.20  0.00   0.433   0.426   0.026   0.074   0.001   0.004   0.325   0.002   0.000   0.002   0.000 1841705000
21.20    3.91    52.156
21.20 30.00   1.383   4.499
21.20 30.00   5.882    68.209
21.20 30.00   4.805   3.441   5.882   0.577
21.20 30.00   4.810   3.433   5.882   0.569

21.21  0.00   0.433   0.426   0.026   0.074   0.001   0.004   0.325   0.002   0.000   0.002   0.000 1842573000
21.21    3.91    52.151
21.21 30.00   1.383   4.499
21.21 30.00   5.882    68.208
21.21 30.00   4.805   3.441   5.882   0.577
21.21 30.00   4.809   3.433   5.882   0.569

21.22  0.00   0.433   0.426   0.026   0.074   0.001   0.004   0.325   0.002   0.000   0.002   0.000 1843442000
21.22    3.91    52.145
21.22 30.00   1.383   4.499
21.22 30.00   5.882    68.207
21.22 30.00   4.805   3.441   5.882   0.577
21.22 30.00   4.809   3.433   5.882   0.569

21.23  0.00   0.433   0.426   0.026   0.074   0.001   0.004   0.325   0.002   0.000   0.002   0.000 1844311000
21.23    3.91    52.139
21.23 30.00   1.383   4.499
21.23 30.00   5.881    68.206
21.23 30.00   4.805   3.441   5.881   0.577
21.23 30.00   4.809   3.433   5.881   0.569

21.24  0.00   0.433   0.426   0.026   0.074   0.001   0.004   0.325   0.002   0.000   0.002   0.000 1845179000
21.24    3.91    52.134
21.24 30.00   1.382   4.499
21.24 30.00   5.881    68.205
21.24 30.00   4.805   3.441   5.881   0.577
21.24 30.00   4.809   3.433   5.881   0.569

21.25  0.00   0.433   0.426   0.026   0.074   0.001   0.004   0.325   0.002   0.000   0.002   0.000 1846048000
21.25    3.91    52.128
21.25 30.00   1.382   4.499
21.25 30.00   5.881    68.204
21.25 30.00   4.804   3.440   5.881   0.577
21.25 30.00   4.809   3.433   5.881   0.569

21.26  0.00   0.433   0.426   0.026   0.074   0.001   0.004   0.325   0.002   0.000   0.002   0.000 1846917000
21.26    3.91    52.123
21.26 30.00   1.382   4.499
21.26 30.00   5.881    68.203
21.26 30.00   4.804   3.440   5.881   0.577
21.26 30.00   4.809   3.433   5.881   0.569

21.27  0.00   0.433   0.426   0.026   0.074   0.001   0.004   0.325   0.002   0.000   0.002   0.000 1847786000
21.27    3.91    52.117
21.27 30.00   1.382   4.499
21.27 30.00   5.880    68.202
21.27 30.00   4.804   3.440   5.880   0.577
21.27 30.00   4.808   3.433   5.880   0.568

21.28  0.00   0.433   0.426   0.026   0.074   0.001   0.004   0.325   0.002   0.000   0.002   0.000 1848654000
21.28    3.91    52.112
21.28 30.00   1.382   4.499
21.28 30.00   5.880    68.201
21.28 30.00   4.804   3.440   5.880   0.577
21.28 30.00   4.808   3.432   5.880   0.568

21.29  0.00   0.433   0.426   0.026   0.074   0.001   0.004   0.325   0.002   0.000   0.002   0.000 1849523000
21.29    3.91    52.106
21.29 30.00   1.381   4.499
21.29 30.00   5.880    68.200
21.29 30.00   4.804   3.440   5.880   0.577
21.29 30.00   4.808   3.432   5.880   0.568

21.30  0.00   0.433   0.426   0.026   0.074   0.001   0.004   0.325   0.002   0.000   0.002   0.000 1850392000
21.30    3.91    52.101
21.30 30.00   1.381   4.499
21.30 30.00   5.880    68.199
21.30 30.00   4.803   3.440   5.880   0.577
21.30 30.00   4.808   3.432   5.880   0.568

21.31  0.00   0.433   0.426   0.026   0.074   0.001   0.004   0.325   0.002   0.000   0.002   0.000 1851260000
21.31    3.91    52.095
21.31 30.00   1.381   4.499
21.31 30.00   5.880    68.198
21.31 30.00   4.803   3.440   5.880   0.577
21.31 30.00   4.808   3.432   5.880   0.568

21.32  0.00   0.433   0.426   0.026   0.074   0.001   0.004   0.325   0.002   0.000   0.002   0.000 1852129000
21.32    3.91    52.090
21.32 30.00   1.381   4.499
21.32 30.00   5.879    68.197
21.32 30.00   4.803   3.440   5.879   0.577
21.32 30.00   4.807   3.432   5.879   0.568

21.33  0.00   0.433   0.426   0.026   0.074   0.001   0.004   0.325   0.002   0.000   0.002   0.000 1852998000
21.33    3.91    52.084
21.33 30.00   1.381   4.499
21.33 30.00   5.879    68.195
21.33 30.00   4.803   3.440   5.879   0.577
21.33 30.00   4.807   3.432   5.879   0.568

21.34  0.00   0.433   0.426   0.026   0.074   0.001   0.004   0.325   0.002   0.000   0.002   0.000 1853867000
21.34    3.91    52.079
21.34 30.00   1.380   4.499
21.34 30.00   5.879    68.194
21.34 30.00   4.803   3.439   5.879   0.577
21.34 30.00   4.807   3.432   5.879   0.568

21.35  0.00   0.433   0.426   0.026   0.074   0.001   0.004   0.325   0.002   0.000   0.002   0.000 1854735000
21.35    3.91    52.073
21.35 30.00   1.380   4.499
21.35 30.00   5.879    68.193
21.35 30.00   4.803   3.439   5.879   0.577
21.35 30.00   4.807   3.432   5.879   0.568

21.36  0.00   0.433   0.426   0.026   0.074   0.001   0.004   0.325   0.002   0.000   0.002   0.000 1855604000
21.36    3.91    52.068
21.36 30.00   1.380   4.499
21.36 30.00   5.879    68.192
21.36 30.00   4.802   3.439   5.879   0.577
21.36 30.00   4.807   3.432   5.879   0.568

21.37  0.00   0.433   0.426   0.026   0.074   0.001   0.004   0.325   0.002   0.000   0.002   0.000 1856473000
21.37    3.91    52.062
21.37 30.00   1.380   4.499
21.37 30.00   5.878    68.191
21.37 30.00   4.802   3.439   5.878   0.577
21.37 30.00   4.807   3.431   5.878   0.568

21.38  0.00   0.433   0.426   0.026   0.074   0.001   0.004   0.325   0.002   0.000   0.002   0.000 1857341000
21.38    3.91    52.057
21.38 30.00   1.379   4.499
21.38 30.00   5.878    68.190
21.38 30.00   4.802   3.439   5.878   0.577
21.38 30.00   4.806   3.431   5.878   0.568

21.39  0.00   0.433   0.426   0.026   0.074   0.001   0.004   0.325   0.002   0.000   0.002   0.000 1858210000
21.39    3.90    52.051
21.39 30.00   1.379   4.499
21.39 30.00   5.878    68.189
21.39 30.00   4.802   3.439   5.878   0.577
21.39 30.00   4.806   3.431   5.878   0.568

21.40  0.00   0.433   0.426   0.026   0.074   0.001   0.004   0.325   0.002   0.000   0.002   0.000 1859079000
21.40    3.90    52.046
21.40 30.00   1.379   4.499
21.40 30.00   5.878    68.188
21.40 30.00   4.802   3.439   5.878   0.577
21.40 30.00   4.806   3.431   5.878   0.568

21.41  0.00   0.433   0.426   0.026   0.074   0.001   0.004   0.325   0.002   0.000   0.002   0.000 1859948000
21.41    3.90    52.040
21.41 30.00   1.379   4.499
21.41 30.00   5.877    68.187
21.41 30.00   4.801   3.439   5.877   0.577
21.41 30.00   4.806   3.431   5.877   0.568

21.42  0.00   0.433   0.426   0.026   0.074   0.001   0.004   0.325   0.002   0.000   0.002   0.000 1860817000
21.42    3.90    52.035
21.42 30.00   1.379   4.499
21.42 30.00   5.877    68.186
21.42 30.00   4.801   3.439   5.877   0.577
21.42 30.00   4.806   3.431   5.877   0.568

21.43  0.00   0.433   0.426   0.026   0.074   0.001   0.004   0.325   0.002   0.000   0.002   0.000 1861685000
21.43    3.90    52.029
21.43 30.00   1.378   4.499
21.43 30.00   5.877    68.185
21.43 30.00   4.801   3.438   5.877   0.577
21.43 30.00   4.806   3.431   5.877   0.568

21.44  0.00   0.433   0.426   0.026   0.074   0.001   0.004   0.325   0.002   0.000   0.002   0.000 1862554000
21.44    3.90    52.024
21.44 30.00   1.378   4.499
21.44 30.00   5.877    68.184
21.44 30.00   4.801   3.438   5.877   0.577
21.44 30.00   4.805   3.431   5.877   0.568

21.45  0.00   0.433   0.426   0.026   0.074   0.001   0.004   0.325   0.002   0.000   0.002   0.000 1863423000
21.45    3.90    52.018
21.45 30.00   1.378   4.499
21.45 30.00   5.877    68.183
21.45 30.00   4.801   3.438   5.877   0.577
21.45 30.00   4.805   3.431   5.877   0.568

21.46  0.00   0.433   0.426   0.026   0.074   0.001   0.004   0.325   0.002   0.000   0.002   0.000 1864291000
21.46    3.90    52.013
21.46 30.00   1.378   4.499
21.46 30.00   5.876    68.182
21.46 30.00   4.801   3.438   5.876   0.577
21.46 30.00   4.805   3.430   5.876   0.568

21.47  0.00   0.433   0.426   0.026   0.074   0.001   0.004   0.325   0.002   0.000   0.002   0.000 1865160000
21.47    3.90    52.007
21.47 30.00   1.378   4.499
21.47 30.00   5.876    68.181
21.47 30.00   4.800   3.438   5.876   0.577
21.47 30.00   4.805   3.430   5.876   0.568

21.48  0.00   0.433   0.426   0.026   0.074   0.001   0.004   0.325   0.002   0.000   0.002   0.000 1866029000
21.48    3.90    52.002
21.48 30.00   1.377   4.499
21.48 30.00   5.876    68.180
21.48 30.00   4.800   3.438   5.876   0.577
21.48 30.00   4.805   3.430   5.876   0.568

21.49  0.00   0.433   0.426   0.026   0.074   0.001   0.004   0.325   0.002   0.000   0.002   0.000 1866898000
21.49    3.90    51.996
21.49 30.00   1.377   4.499
21.49 30.00   5.876    68.179
21.49 30.00   4.800   3.438   5.876   0.577
21.49 30.00   4.804   3.430   5.876   0.568

21.50  0.00   0.433   0.426   0.026   0.074   0.001   0.004   0.325   0.002   0.000   0.002   0.000 1867766000
21.50    3.90    51.991
21.50 30.00   1.377   4.499
21.50 30.00   5.876    68.177
21.50 30.00   4.800   3.438   5.876   0.577
21.50 30.00   4.804   3.430   5.876   0.568

21.51  0.00   0.433   0.426   0.026   0.074   0.001   0.004   0.325   0.002   0.000   0.002   0.000 1868635000
21.51    3.90    51.985
21.51 30.00   1.377   4.499
21.51 30.00   5.875    68.176
21.51 30.00   4.800   3.437   5.875   0.577
21.51 30.00   4.804   3.430   5.875   0.568

21.52  0.00   0.433   0.426   0.026   0.074   0.001   0.004   0.325   0.002   0.000   0.002   0.000 1869504000
21.52    3.90    51.980
21.52 30.00   1.376   4.499
21.52 30.00   5.875    68.175
21.52 30.00   4.800   3.437   5.875   0.577
21.52 30.00   4.804   3.430   5.875   0.568

21.53  0.00   0.433   0.426   0.026   0.074   0.001   0.004   0.325   0.002   0.000   0.002   0.000 1870373000
21.53    3.90    51.974
21.53 30.00   1.376   4.499
21.53 30.00   5.875    68.174
21.53 30.00   4.799   3.437   5.875   0.577
21.53 30.00   4.804   3.430   5.875   0.568

21.54  0.00   0.433   0.426   0.026   0.074   0.001   0.004   0.325   0.002   0.000   0.002   0.000 1871241000
21.54    3.90    51.969
21.54 30.00   1.376   4.499
21.54 30.00   5.875    68.173
21.54 30.00   4.799   3.437   5.875   0.577
21.54 30.00   4.804   3.430   5.875   0.568

21.55  0.00   0.433   0.426   0.026   0.074   0.001   0.004   0.325   0.002   0.000   0.002   0.000 1872110000
21.55    3.90    51.963
21.55 30.00   1.376   4.499
21.55 30.00   5.875    68.172
21.55 30.00   4.799   3.437   5.875   0.577
21.55 30.00   4.803   3.429   5.875   0.568

21.56  0.00   0.433   0.426   0.026   0.074   0.001   0.004   0.325   0.002   0.000   0.002   0.000 1872979000
21.56    3.90    51.958
21.56 30.00   1.376   4.499
21.56 30.00   5.874    68.171
21.56 30.00   4.799   3.437   5.874   0.577
21.56 30.00   4.803   3.429   5.874   0.568

21.57  0.00   0.433   0.426   0.026   0.074   0.001   0.004   0.325   0.002   0.000   0.002   0.000 1873847000
21.57    3.90    51.953
21.57 30.00   1.375   4.499
21.57 30.00   5.874    68.170
21.57 30.00   4.799   3.437   5.874   0.577
21.57 30.00   4.803   3.429   5.874   0.568

21.58  0.00   0.433   0.426   0.026   0.074   0.001   0.004   0.325   0.002   0.000   0.002   0.000 1874716000
21.58    3.89    51.947
21.58 30.00   1.375   4.499
21.58 30.00   5.874    68.169
21.58 30.00   4.798   3.437   5.874   0.577
21.58 30.00   4.803   3.429   5.874   0.568

21.59  0.00   0.433   0.426   0.026   0.074   0.001   0.004   0.325   0.002   0.000   0.002   0.000 1875585000
21.59    3.89    51.942
21.59 30.00   1.375   4.499
21.59 30.00   5.874    68.168
21.59 30.00   4.798   3.437   5.874   0.577
21.59 30.00   4.803   3.429   5.874   0.568

21.60  0.00   0.433   0.426   0.026   0.074   0.001   0.004   0.325   0.002   0.000   0.002   0.000 1876454000
21.60    3.89    51.936
21.60 30.00   1.375   4.499
21.60 30.00   5.874    68.167
21.60 30.00   4.798   3.436   5.874   0.577
21.60 30.00   4.803   3.429   5.874   0.568

21.61  0.00   0.433   0.426   0.026   0.074   0.001   0.004   0.325   0.002   0.000   0.002   0.000 1877322000
21.61    3.89    51.931
21.61 30.00   1.375   4.499
21.61 30.00   5.873    68.166
21.61 30.00   4.798   3.436   5.873   0.577
21.61 30.00   4.802   3.429   5.873   0.568

21.62  0.00   0.433   0.426   0.026   0.074   0.001   0.004   0.325   0.002   0.000   0.002   0.000 1878191000
21.62    3.89    51.925
21.62 30.00   1.374   4.499
21.62 30.00   5.873    68.165
21.62 30.00   4.798   3.436   5.873   0.577
21.62 30.00   4.802   3.429   5.873   0.568

21.63  0.00   0.433   0.426   0.026   0.074   0.001   0.004   0.325   0.002   0.000   0.002   0.000 1879060000
21.63    3.89    51.920
21.63 30.00   1.374   4.499
21.63 30.00   5.873    68.164
21.63 30.00   4.798   3.436   5.873   0.577
21.63 30.00   4.802   3.429   5.873   0.568

21.64  0.00   0.433   0.426   0.026   0.074   0.001   0.004   0.325   0.002   0.000   0.002   0.000 1879928000
21.64    3.89    51.915
21.64 30.00   1.374   4.499
21.64 30.00   5.873    68.163
21.64 30.00   4.797   3.436   5.873   0.577
21.64 30.00   4.802   3.428   5.873   0.568

21.65  0.00   0.433   0.426   0.026   0.074   0.001   0.004   0.325   0.002   0.000   0.002   0.000 1880797000
21.65    3.89    51.909
21.65 30.00   1.374   4.499
21.65 30.00   5.872    68.162
21.65 30.00   4.797   3.436   5.872   0.577
21.65 30.00   4.802   3.428   5.872   0.568

21.66  0.00   0.433   0.426   0.026   0.074   0.001   0.004   0.325   0.002   0.000   0.002   0.000 1881666000
21.66    3.89    51.904
21.66 30.00   1.374   4.499
21.66 30.00   5.872    68.161
21.66 30.00   4.797   3.436   5.872   0.577
21.66 30.00   4.801   3.428   5.872   0.568

21.67  0.00   0.433   0.426   0.026   0.074   0.001   0.004   0.325   0.002   0.000   0.002   0.000 1882535000
21.67    3.89    51.898
21.67 30.00   1.373   4.499
21.67 30.00   5.872    68.160
21.67 30.00   4.797   3.436   5.872   0.577
21.67 30.00   4.801   3.428   5.872   0.568

21.68  0.00   0.433   0.426   0.026   0.074   0.001   0.004   0.325   0.002   0.000   0.002   0.000 1883403000
21.68    3.89    51.893
21.68 30.00   1.373   4.499
21.68 30.00   5.872    68.159
21.68 30.00   4.797   3.436   5.872   0.577
21.68 30.00   4.801   3.428   5.872   0.568

21.69  0.00   0.433   0.426   0.026   0.074   0.001   0.004   0.325   0.002   0.000   0.002   0.000 1884272000
21.69    3.89    51.887
21.69 30.00   1.373   4.499
21.69 30.00   5.872    68.158
21.69 30.00   4.797   3.435   5.872   0.577
21.69 30.00   4.801   3.428   5.872   0.568

21.70  0.00   0.433   0.426   0.026   0.074   0.001   0.004   0.325   0.002   0.000   0.002   0.000 1885141000
21.70    3.89    51.882
21.70 30.00   1.373   4.499
21.70 30.00   5.871    68.157
21.70 30.00   4.796   3.435   5.871   0.577
21.70 30.00   4.801   3.428   5.871   0.568

21.71  0.00   0.433   0.426   0.026   0.074   0.001   0.004   0.325   0.002   0.000   0.002   0.000 1886009000
21.71    3.89    51.877
21.71 30.00   1.373   4.499
21.71 30.00   5.871    68.156
21.71 30.00   4.796   3.435   5.871   0.577
21.71 30.00   4.801   3.428   5.871   0.568

21.72  0.00   0.433   0.426   0.026   0.074   0.001   0.004   0.325   0.002   0.000   0.002   0.000 1886878000
21.72    3.89    51.871
21.72 30.00   1.372   4.499
21.72 30.00   5.871    68.155
21.72 30.00   4.796   3.435   5.871   0.577
21.72 30.00   4.800   3.428   5.871   0.568

21.73  0.00   0.433   0.426   0.026   0.074   0.001   0.004   0.325   0.002   0.000   0.002   0.000 1887747000
21.73    3.89    51.866
21.73 30.00   1.372   4.499
21.73 30.00   5.871    68.154
21.73 30.00   4.796   3.435   5.871   0.577
21.73 30.00   4.800   3.427   5.871   0.568

21.74  0.00   0.433   0.426   0.026   0.074   0.001   0.004   0.325   0.002   0.000   0.002   0.000 1888616000
21.74    3.89    51.860
21.74 30.00   1.372   4.499
21.74 30.00   5.871    68.153
21.74 30.00   4.796   3.435   5.871   0.577
21.74 30.00   4.800   3.427   5.871   0.568

21.75  0.00   0.433   0.426   0.026   0.074   0.001   0.004   0.325   0.002   0.000   0.002   0.000 1889485000
21.75    3.89    51.855
21.75 30.00   1.372   4.499
21.75 30.00   5.870    68.152
21.75 30.00   4.795   3.435   5.870   0.577
21.75 30.00   4.800   3.427   5.870   0.568

21.76  0.00   0.433   0.426   0.026   0.074   0.001   0.004   0.325   0.002   0.000   0.002   0.000 1890353000
21.76    3.89    51.850
21.76 30.00   1.372   4.499
21.76 30.00   5.870    68.150
21.76 30.00   4.795   3.435   5.870   0.577
21.76 30.00   4.800   3.427   5.870   0.568

21.77  0.00   0.433   0.426   0.026   0.074   0.001   0.004   0.325   0.002   0.000   0.002   0.000 1891222000
21.77    3.89    51.844
21.77 30.00   1.371   4.499
21.77 30.00   5.870    68.149
21.77 30.00   4.795   3.435   5.870   0.577
21.77 30.00   4.800   3.427   5.870   0.568

21.78  0.00   0.433   0.426   0.026   0.074   0.001   0.004   0.325   0.002   0.000   0.002   0.000 1892091000
21.78    3.88    51.839
21.78 30.00   1.371   4.499
21.78 30.00   5.870    68.148
21.78 30.00   4.795   3.434   5.870   0.577
21.78 30.00   4.799   3.427   5.870   0.568

21.79  0.00   0.433   0.426   0.026   0.074   0.001   0.004   0.325   0.002   0.000   0.002   0.000 1892959000
21.79    3.88    51.833
21.79 30.00   1.371   4.499
21.79 30.00   5.870    68.147
21.79 30.00   4.795   3.434   5.870   0.577
21.79 30.00   4.799   3.427   5.870   0.568

21.80  0.00   0.433   0.426   0.026   0.074   0.001   0.004   0.325   0.002   0.000   0.002   0.000 1893828000
21.80    3.88    51.828
21.80 30.00   1.371   4.499
21.80 30.00   5.869    68.146
21.80 30.00   4.795   3.434   5.869   0.577
21.80 30.00   4.799   3.427   5.869   0.568

21.81  0.00   0.433   0.426   0.026   0.074   0.001   0.004   0.325   0.002   0.000   0.002   0.000 1894697000
21.81    3.88    51.823
21.81 30.00   1.371   4.499
21.81 30.00   5.869    68.145
21.81 30.00   4.794   3.434   5.869   0.577
21.81 30.00   4.799   3.427   5.869   0.568

21.82  0.00   0.433   0.426   0.026   0.074   0.001   0.004   0.325   0.002   0.000   0.002   0.000 1895566000
21.82    3.88    51.817
21.82 30.00   1.370   4.499
21.82 30.00   5.869    68.144
21.82 30.00   4.794   3.434   5.869   0.577
21.82 30.00   4.799   3.426   5.869   0.568

21.83  0.00   0.433   0.426   0.026   0.074   0.001   0.004   0.325   0.002   0.000   0.002   0.000 1896434000
21.83    3.88    51.812
21.83 30.00   1.370   4.499
21.83 30.00   5.869    68.143
21.83 30.00   4.794   3.434   5.869   0.577
21.83 30.00   4.799   3.426   5.869   0.568

21.84  0.00   0.433   0.426   0.026   0.074   0.001   0.004   0.325   0.002   0.000   0.002   0.000 1897303000
21.84    3.88    51.806
21.84 30.00   1.370   4.499
21.84 30.00   5.869    68.142
21.84 30.00   4.794   3.434   5.869   0.577
21.84 30.00   4.798   3.426   5.869   0.568

21.85  0.00   0.433   0.426   0.026   0.074   0.001   0.004   0.325   0.002   0.000   0.002   0.000 1898172000
21.85    3.88    51.801
21.85 30.00   1.370   4.499
21.85 30.00   5.868    68.141
21.85 30.00   4.794   3.434   5.868   0.577
21.85 30.00   4.798   3.426   5.868   0.568

21.86  0.00   0.433   0.426   0.026   0.074   0.001   0.004   0.325   0.002   0.000   0.002   0.000 1899041000
21.86    3.88    51.796
21.86 30.00   1.369   4.499
21.86 30.00   5.868    68.140
21.86 30.00   4.794   3.434   5.868   0.577
21.86 30.00   4.798   3.426   5.868   0.568

21.87  0.00   0.433   0.426   0.026   0.074   0.001   0.004   0.325   0.002   0.000   0.002   0.000 1899909000
21.87    3.88    51.790
21.87 30.00   1.369   4.499
21.87 30.00   5.868    68.139
21.87 30.00   4.793   3.434   5.868   0.577
21.87 30.00   4.798   3.426   5.868   0.568

21.88  0.00   0.433   0.426   0.026   0.074   0.001   0.004   0.325   0.002   0.000   0.002   0.000 1900778000
21.88    3.88    51.785
21.88 30.00   1.369   4.499
21.88 30.00   5.868    68.138
21.88 30.00   4.793   3.433   5.868   0.577
21.88 30.00   4.798   3.426   5.868   0.568

21.89  0.00   0.433   0.426   0.026   0.074   0.001   0.004   0.325   0.002   0.000   0.002   0.000 1901647000
21.89    3.88    51.780
21.89 30.00   1.369   4.499
21.89 30.00   5.868    68.137
21.89 30.00   4.793   3.433   5.868   0.577
21.89 30.00   4.797   3.426   5.868   0.568

21.90  0.00   0.433   0.426   0.026   0.074   0.001   0.004   0.325   0.002   0.000   0.002   0.000 1902515000
21.90    3.88    51.774
21.90 30.00   1.369   4.499
21.90 30.00   5.867    68.136
21.90 30.00   4.793   3.433   5.867   0.577
21.90 30.00   4.797   3.426   5.867   0.568

21.91  0.00   0.433   0.426   0.026   0.074   0.001   0.004   0.325   0.002   0.000   0.002   0.000 1903384000
21.91    3.88    51.769
21.91 30.00   1.368   4.499
21.91 30.00   5.867    68.135
21.91 30.00   4.793   3.433   5.867   0.577
21.91 30.00   4.797   3.425   5.867   0.568

21.92  0.00   0.433   0.426   0.026   0.074   0.001   0.004   0.325   0.002   0.000   0.002   0.000 1904253000
21.92    3.88    51.763
21.92 30.00   1.368   4.499
21.92 30.00   5.867    68.134
21.92 30.00   4.793   3.433   5.867   0.577
21.92 30.00   4.797   3.425   5.867   0.568

21.93  0.00   0.433   0.426   0.026   0.074   0.001   0.004   0.325   0.002   0.000   0.002   0.000 1905122000
21.93    3.88    51.758
21.93 30.00   1.368   4.499
21.93 30.00   5.867    68.133
21.93 30.00   4.792   3.433   5.867   0.577
21.93 30.00   4.797   3.425   5.867   0.568

21.94  0.00   0.433   0.426   0.026   0.074   0.001   0.004   0.325   0.002   0.000   0.002   0.000 1905990000
21.94    3.88    51.753
21.94 30.00   1.368   4.499
21.94 30.00   5.867    68.132
21.94 30.00   4.792   3.433   5.867   0.577
21.94 30.00   4.797   3.425   5.867   0.568

21.95  0.00   0.433   0.426   0.026   0.074   0.001   0.004   0.325   0.002   0.000   0.002   0.000 1906859000
21.95    3.88    51.747
21.95 30.00   1.368   4.499
21.95 30.00   5.866    68.131
21.95 30.00   4.792   3.433   5.866   0.577
21.95 30.00   4.796   3.425   5.866   0.568

21.96  0.00   0.433   0.426   0.026   0.074   0.001   0.004   0.325   0.002   0.000   0.002   0.000 1907728000
21.96    3.88    51.742
21.96 30.00   1.367   4.499
21.96 30.00   5.866    68.130
21.96 30.00   4.792   3.433   5.866   0.577
21.96 30.00   4.796   3.425   5.866   0.568

21.97  0.00   0.433   0.426   0.026   0.074   0.001   0.004   0.325   0.002   0.000   0.002   0.000 1908596000
21.97    3.87    51.737
21.97 30.00   1.367   4.499
21.97 30.00   5.866    68.129
21.97 30.00   4.792   3.432   5.866   0.577
21.97 30.00   4.796   3.425   5.866   0.568

21.98  0.00   0.433   0.426   0.026   0.074   0.001   0.004   0.325   0.002   0.000   0.002   0.000 1909465000
21.98    3.87    51.731
21.98 30.00   1.367   4.499
21.98 30.00   5.866    68.128
21.98 30.00   4.792   3.432   5.866   0.577
21.98 30.00   4.796   3.425   5.866   0.568

21.99  0.00   0.433   0.426   0.026   0.074   0.001   0.004   0.325   0.002   0.000   0.002   0.000 1910334000
21.99    3.87    51.726
21.99 30.00   1.367   4.499
21.99 30.00   5.866    68.127
21.99 30.00   4.791   3.432   5.866   0.577
21.99 30.00   4.796   3.425   5.866   0.568

22.00  0.00   0.433   0.426   0.026   0.074   0.001   0.004   0.325   0.002   0.000   0.002   0.000 1911203000
22.00    3.87    51.721
22.00 30.00   1.367   4.499
22.00 30.00   5.865    68.126
22.00 30.00   4.791   3.432   5.865   0.577
22.00 30.00   4.796   3.424   5.865   0.568

22.01  0.00   0.433   0.426   0.026   0.074   0.001   0.004   0.325   0.002   0.000   0.002   0.000 1912072000
22.01    3.87    51.715
22.01 30.00   1.366   4.499
22.01 30.00   5.865    68.125
22.01 30.00   4.791   3.432   5.865   0.577
22.01 30.00   4.795   3.424   5.865   0.568

22.02  0.00   0.433   0.426   0.026   0.074   0.001   0.004   0.325   0.002   0.000   0.002   0.000 1912940000
22.02    3.87    51.710
22.02 30.00   1.366   4.499
22.02 30.00   5.865    68.124
22.02 30.00   4.791   3.432   5.865   0.577
22.02 30.00   4.795   3.424   5.865   0.568

22.03  0.00   0.432   0.426   0.026   0.074   0.001   0.004   0.325   0.002   0.000   0.002   0.000 1913809000
22.03    3.87    51.705
22.03 30.00   1.366   4.499
22.03 30.00   5.865    68.123
22.03 30.00   4.791   3.432   5.865   0.577
22.03 30.00   4.795   3.424   5.865   0.568

22.04  0.00   0.432   0.426   0.026   0.074   0.001   0.004   0.325   0.002   0.000   0.002   0.000 1914678000
22.04    3.87    51.699
22.04 30.00   1.366   4.499
22.04 30.00   5.865    68.122
22.04 30.00   4.791   3.432   5.865   0.577
22.04 30.00   4.795   3.424   5.865   0.568

22.05  0.00   0.432   0.426   0.026   0.074   0.001   0.004   0.325   0.002   0.000   0.002   0.000 1915546000
22.05    3.87    51.694
22.05 30.00   1.366   4.499
22.05 30.00   5.864    68.121
22.05 30.00   4.790   3.432   5.864   0.577
22.05 30.00   4.795   3.424   5.864   0.568

22.06  0.00   0.432   0.426   0.026   0.074   0.001   0.004   0.325   0.002   0.000   0.002   0.000 1916415000
22.06    3.87    51.689
22.06 30.00   1.365   4.499
22.06 30.00   5.864    68.120
22.06 30.00   4.790   3.431   5.864   0.577
22.06 30.00   4.795   3.424   5.864   0.568

22.07  0.00   0.432   0.426   0.026   0.074   0.001   0.004   0.325   0.002   0.000   0.002   0.000 1917284000
22.07    3.87    51.683
22.07 30.00   1.365   4.499
22.07 30.00   5.864    68.119
22.07 30.00   4.790   3.431   5.864   0.577
22.07 30.00   4.794   3.424   5.864   0.568

22.08  0.00   0.432   0.426   0.026   0.074   0.001   0.004   0.325   0.002   0.000   0.002   0.000 1918153000
22.08    3.87    51.678
22.08 30.00   1.365   4.499
22.08 30.00   5.864    68.118
22.08 30.00   4.790   3.431   5.864   0.577
22.08 30.00   4.794   3.424   5.864   0.568

22.09  0.00   0.432   0.426   0.026   0.074   0.001   0.004   0.325   0.002   0.000   0.002   0.000 1919021000
22.09    3.87    51.673
22.09 30.00   1.365   4.499
22.09 30.00   5.864    68.117
22.09 30.00   4.790   3.431   5.864   0.577
22.09 30.00   4.794   3.423   5.864   0.568

22.10  0.00   0.432   0.426   0.026   0.074   0.001   0.004   0.325   0.002   0.000   0.002   0.000 1919890000
22.10    3.87    51.667
22.10 30.00   1.365   4.499
22.10 30.00   5.863    68.116
22.10 30.00   4.790   3.431   5.863   0.577
22.10 30.00   4.794   3.423   5.863   0.568

22.11  0.00   0.432   0.426   0.026   0.074   0.001   0.004   0.325   0.002   0.000   0.002   0.000 1920759000
22.11    3.87    51.662
22.11 30.00   1.364   4.499
22.11 30.00   5.863    68.115
22.11 30.00   4.789   3.431   5.863   0.577
22.11 30.00   4.794   3.423   5.863   0.568

22.12  0.00   0.432   0.426   0.026   0.073   0.001   0.004   0.325   0.002   0.000   0.002   0.000 1921628000
22.12    3.87    51.657
22.12 30.00   1.364   4.499
22.12 30.00   5.863    68.114
22.12 30.00   4.789   3.431   5.863   0.577
22.12 30.00   4.794   3.423   5.863   0.568

22.13  0.00   0.432   0.426   0.026   0.073   0.001   0.004   0.325   0.002   0.000   0.002   0.000 1922496000
22.13    3.87    51.651
22.13 30.00   1.364   4.499
22.13 30.00   5.863    68.113
22.13 30.00   4.789   3.431   5.863   0.577
22.13 30.00   4.793   3.423   5.863   0.568

22.14  0.00   0.432   0.426   0.026   0.073   0.001   0.004   0.325   0.002   0.000   0.002   0.000 1923365000
22.14    3.87    51.646
22.14 30.00   1.364   4.499
22.14 30.00   5.863    68.112
22.14 30.00   4.789   3.431   5.863   0.577
22.14 30.00   4.793   3.423   5.863   0.568

22.15  0.00   0.432   0.426   0.026   0.073   0.001   0.004   0.325   0.002   0.000   0.002   0.000 1924234000
22.15    3.87    51.641
22.15 30.00   1.364   4.499
22.15 30.00   5.862    68.111
22.15 30.00   4.789   3.430   5.862   0.577
22.15 30.00   4.793   3.423   5.862   0.568

22.16  0.00   0.432   0.426   0.026   0.073   0.001   0.004   0.325   0.002   0.000   0.002   0.000 1925102000
22.16    3.87    51.635
22.16 30.00   1.363   4.499
22.16 30.00   5.862    68.110
22.16 30.00   4.789   3.430   5.862   0.577
22.16 30.00   4.793   3.423   5.862   0.568

22.17  0.00   0.432   0.426   0.026   0.073   0.001   0.004   0.325   0.002   0.000   0.002   0.000 1925971000
22.17    3.86    51.630
22.17 30.00   1.363   4.499
22.17 30.00   5.862    68.109
22.17 30.00   4.788   3.430   5.862   0.577
22.17 30.00   4.793   3.423   5.862   0.568

22.18  0.00   0.432   0.426   0.026   0.073   0.001   0.004   0.325   0.002   0.000   0.002   0.000 1926840000
22.18    3.86    51.625
22.18 30.00   1.363   4.499
22.18 30.00   5.862    68.108
22.18 30.00   4.788   3.430   5.862   0.577
22.18 30.00   4.793   3.423   5.862   0.568

22.19  0.00   0.432   0.426   0.026   0.073   0.001   0.004   0.325   0.002   0.000   0.002   0.000 1927709000
22.19    3.86    51.620
22.19 30.00   1.363   4.499
22.19 30.00   5.862    68.107
22.19 30.00   4.788   3.430   5.862   0.577
22.19 30.00   4.792   3.422   5.862   0.568

22.20  0.00   0.432   0.426   0.026   0.073   0.001   0.004   0.325   0.002   0.000   0.002   0.000 1928577000
22.20    3.86    51.614
22.20 30.00   1.363   4.499
22.20 30.00   5.861    68.106
22.20 30.00   4.788   3.430   5.861   0.577
22.20 30.00   4.792   3.422   5.861   0.568

22.21  0.00   0.432   0.426   0.026   0.073   0.001   0.004   0.325   0.002   0.000   0.002   0.000 1929446000
22.21    3.86    51.609
22.21 30.00   1.362   4.499
22.21 30.00   5.861    68.105
22.21 30.00   4.788   3.430   5.861   0.577
22.21 30.00   4.792   3.422   5.861   0.568

22.22  0.00   0.432   0.426   0.026   0.073   0.001   0.004   0.325   0.002   0.000   0.002   0.000 1930315000
22.22    3.86    51.604
22.22 30.00   1.362   4.499
22.22 30.00   5.861    68.104
22.22 30.00   4.788   3.430   5.861   0.576
22.22 30.00   4.792   3.422   5.861   0.568

22.23  0.00   0.432   0.426   0.026   0.073   0.001   0.004   0.325   0.002   0.000   0.002   0.000 1931183000
22.23    3.86    51.598
22.23 30.00   1.362   4.499
22.23 30.00   5.861    68.103
22.23 30.00   4.787   3.430   5.861   0.576
22.23 30.00   4.792   3.422   5.861   0.568

22.24  0.00   0.432   0.426   0.026   0.073   0.001   0.004   0.325   0.002   0.000   0.002   0.000 1932052000
22.24    3.86    51.593
22.24 30.00   1.362   4.499
22.24 30.00   5.861    68.102
22.24 30.00   4.787   3.430   5.861   0.576
22.24 30.00   4.792   3.422   5.861   0.568

22.25  0.00   0.432   0.426   0.026   0.073   0.001   0.004   0.325   0.002   0.000   0.002   0.000 1932921000
22.25    3.86    51.588
22.25 30.00   1.362   4.499
22.25 30.00   5.860    68.101
22.25 30.00   4.787   3.429   5.860   0.576
22.25 30.00   4.791   3.422   5.860   0.568

22.26  0.00   0.432   0.426   0.026   0.073   0.001   0.004   0.325   0.002   0.000   0.002   0.000 1933790000
22.26    3.86    51.583
22.26 30.00   1.362   4.499
22.26 30.00   5.860    68.100
22.26 30.00   4.787   3.429   5.860   0.576
22.26 30.00   4.791   3.422   5.860   0.568

22.27  0.00   0.432   0.426   0.026   0.073   0.001   0.004   0.325   0.002   0.000   0.002   0.000 1934658000
22.27    3.86    51.577
22.27 30.00   1.361   4.499
22.27 30.00   5.860    68.099
22.27 30.00   4.787   3.429   5.860   0.576
22.27 30.00   4.791   3.422   5.860   0.568

22.28  0.00   0.432   0.426   0.026   0.073   0.001   0.004   0.325   0.002   0.000   0.002   0.000 1935527000
22.28    3.86    51.572
22.28 30.00   1.361   4.499
22.28 30.00   5.860    68.098
22.28 30.00   4.787   3.429   5.860   0.576
22.28 30.00   4.791   3.421   5.860   0.568

22.29  0.00   0.432   0.426   0.026   0.073   0.001   0.004   0.325   0.002   0.000   0.002   0.000 1936396000
22.29    3.86    51.567
22.29 30.00   1.361   4.499
22.29 30.00   5.860    68.097
22.29 30.00   4.786   3.429   5.860   0.576
22.29 30.00   4.791   3.421   5.860   0.568

22.30  0.00   0.432   0.426   0.026   0.073   0.001   0.004   0.325   0.002   0.000   0.002   0.000 1937265000
22.30    3.86    51.561
22.30 30.00   1.361   4.499
22.30 30.00   5.859    68.096
22.30 30.00   4.786   3.429   5.859   0.576
22.30 30.00   4.791   3.421   5.859   0.568

22.31  0.00   0.432   0.426   0.026   0.073   0.001   0.004   0.325   0.002   0.000   0.002   0.000 1938133000
22.31    3.86    51.556
22.31 30.00   1.361   4.499
22.31 30.00   5.859    68.095
22.31 30.00   4.786   3.429   5.859   0.576
22.31 30.00   4.790   3.421   5.859   0.568

22.32  0.00   0.432   0.426   0.026   0.073   0.001   0.004   0.325   0.002   0.000   0.002   0.000 1939002000
22.32    3.86    51.551
22.32 30.00   1.360   4.499
22.32 30.00   5.859    68.094
22.32 30.00   4.786   3.429   5.859   0.576
22.32 30.00   4.790   3.421   5.859   0.568

22.33  0.00   0.432   0.426   0.026   0.073   0.001   0.004   0.325   0.002   0.000   0.002   0.000 1939871000
22.33    3.86    51.546
22.33 30.00   1.360   4.499
22.33 30.00   5.859    68.094
22.33 30.00   4.786   3.429   5.859   0.576
22.33 30.00   4.790   3.421   5.859   0.568

22.34  0.00   0.432   0.426   0.026   0.073   0.001   0.004   0.325   0.002   0.000   0.002   0.000 1940740000
22.34    3.86    51.540
22.34 30.00   1.360   4.499
22.34 30.00   5.859    68.093
22.34 30.00   4.786   3.428   5.859   0.576
22.34 30.00   4.790   3.421   5.859   0.568

22.35  0.00   0.432   0.426   0.026   0.073   0.001   0.004   0.325   0.002   0.000   0.002   0.000 1941608000
22.35    3.86    51.535
22.35 30.00   1.360   4.499
22.35 30.00   5.858    68.092
22.35 30.00   4.785   3.428   5.858   0.576
22.35 30.00   4.790   3.421   5.858   0.568

22.36  0.00   0.432   0.426   0.026   0.073   0.001   0.004   0.325   0.002   0.000   0.002   0.000 1942477000
22.36    3.86    51.530
22.36 30.00   1.360   4.499
22.36 30.00   5.858    68.091
22.36 30.00   4.785   3.428   5.858   0.576
22.36 30.00   4.790   3.421   5.858   0.568

22.37  0.00   0.432   0.426   0.026   0.073   0.001   0.004   0.325   0.002   0.000   0.002   0.000 1943346000
22.37    3.85    51.525
22.37 30.00   1.359   4.499
22.37 30.00   5.858    68.090
22.37 30.00   4.785   3.428   5.858   0.576
22.37 30.00   4.789   3.421   5.858   0.568

22.38  0.00   0.432   0.426   0.026   0.073   0.001   0.004   0.325   0.002   0.000   0.002   0.000 1944214000
22.38    3.85    51.519
22.38 30.00   1.359   4.499
22.38 30.00   5.858    68.089
22.38 30.00   4.785   3.428   5.858   0.576
22.38 30.00   4.789   3.420   5.858   0.568

22.39  0.00   0.432   0.426   0.026   0.073   0.001   0.004   0.325   0.002   0.000   0.002   0.000 1945083000
22.39    3.85    51.514
22.39 30.00   1.359   4.499
22.39 30.00   5.858    68.088
22.39 30.00   4.785   3.428   5.858   0.576
22.39 30.00   4.789   3.420   5.858   0.568

22.40  0.00   0.432   0.426   0.026   0.073   0.001   0.004   0.325   0.002   0.000   0.002   0.000 1945952000
22.40    3.85    51.509
22.40 30.00   1.359   4.499
22.40 30.00   5.857    68.087
22.40 30.00   4.785   3.428   5.857   0.576
22.40 30.00   4.789   3.420   5.857   0.568

22.41  0.00   0.432   0.426   0.026   0.073   0.001   0.004   0.325   0.002   0.000   0.002   0.000 1946821000
22.41    3.85    51.503
22.41 30.00   1.359   4.499
22.41 30.00   5.857    68.086
22.41 30.00   4.784   3.428   5.857   0.576
22.41 30.00   4.789   3.420   5.857   0.568

22.42  0.00   0.432   0.426   0.026   0.073   0.001   0.004   0.325   0.002   0.000   0.002   0.000 1947689000
22.42    3.85    51.498
22.42 30.00   1.358   4.499
22.42 30.00   5.857    68.085
22.42 30.00   4.784   3.428   5.857   0.576
22.42 30.00   4.789   3.420   5.857   0.568

22.43  0.00   0.432   0.426   0.026   0.073   0.001   0.004   0.325   0.002   0.000   0.002   0.000 1948558000
22.43    3.85    51.493
22.43 30.00   1.358   4.499
22.43 30.00   5.857    68.084
22.43 30.00   4.784   3.428   5.857   0.576
22.43 30.00   4.788   3.420   5.857   0.567

22.44  0.00   0.432   0.426   0.026   0.073   0.001   0.004   0.325   0.002   0.000   0.002   0.000 1949427000
22.44    3.85    51.488
22.44 30.00   1.358   4.499
22.44 30.00   5.857    68.083
22.44 30.00   4.784   3.427   5.857   0.576
22.44 30.00   4.788   3.420   5.857   0.567

22.45  0.00   0.432   0.426   0.026   0.073   0.001   0.004   0.325   0.002   0.000   0.002   0.000 1950296000
22.45    3.85    51.482
22.45 30.00   1.358   4.499
22.45 30.00   5.857    68.082
22.45 30.00   4.784   3.427   5.857   0.576
22.45 30.00   4.788   3.420   5.857   0.567

22.46  0.00   0.432   0.426   0.026   0.073   0.001   0.004   0.325   0.002   0.000   0.002   0.000 1951164000
22.46    3.85    51.477
22.46 30.00   1.358   4.499
22.46 30.00   5.856    68.081
22.46 30.00   4.784   3.427   5.856   0.576
22.46 30.00   4.788   3.420   5.856   0.567

22.47  0.00   0.432   0.426   0.026   0.073   0.001   0.004   0.325   0.002   0.000   0.002   0.000 1952033000
22.47    3.85    51.472
22.47 30.00   1.357   4.499
22.47 30.00   5.856    68.080
22.47 30.00   4.783   3.427   5.856   0.576
22.47 30.00   4.788   3.419   5.856   0.567

22.48  0.00   0.432   0.426   0.026   0.073   0.001   0.004   0.325   0.002   0.000   0.002   0.000 1952902000
22.48    3.85    51.467
22.48 30.00   1.357   4.499
22.48 30.00   5.856    68.079
22.48 30.00   4.783   3.427   5.856   0.576
22.48 30.00   4.788   3.419   5.856   0.567

22.49  0.00   0.432   0.426   0.026   0.073   0.001   0.004   0.325   0.002   0.000   0.002   0.000 1953770000
22.49    3.85    51.461
22.49 30.00   1.357   4.499
22.49 30.00   5.856    68.078
22.49 30.00   4.783   3.427   5.856   0.576
22.49 30.00   4.787   3.419   5.856   0.567

22.50  0.00   0.432   0.426   0.026   0.073   0.001   0.004   0.325   0.002   0.000   0.002   0.000 1954639000
22.50    3.85    51.456
22.50 30.00   1.357   4.499
22.50 30.00   5.856    68.077
22.50 30.00   4.783   3.427   5.856   0.576
22.50 30.00   4.787   3.419   5.856   0.567

22.51  0.00   0.432   0.426   0.026   0.073   0.001   0.004   0.325   0.002   0.000   0.002   0.000 1955508000
22.51    3.85    51.451
22.51 30.00   1.357   4.499
22.51 30.00   5.855    68.076
22.51 30.00   4.783   3.427   5.855   0.576
22.51 30.00   4.787   3.419   5.855   0.567

22.52  0.00   0.432   0.426   0.026   0.073   0.001   0.004   0.325   0.002   0.000   0.002   0.000 1956377000
22.52    3.85    51.446
22.52 30.00   1.356   4.499
22.52 30.00   5.855    68.075
22.52 30.00   4.783   3.427   5.855   0.576
22.52 30.00   4.787   3.419   5.855   0.567

22.53  0.00   0.432   0.426   0.026   0.073   0.001   0.004   0.325   0.002   0.000   0.002   0.000 1957245000
22.53    3.85    51.441
22.53 30.00   1.356   4.499
22.53 30.00   5.855    68.074
22.53 30.00   4.782   3.427   5.855   0.576
22.53 30.00   4.787   3.419   5.855   0.567

22.54  0.00   0.432   0.426   0.026   0.073   0.001   0.004   0.325   0.002   0.000   0.002   0.000 1958114000
22.54    3.85    51.435
22.54 30.00   1.356   4.499
22.54 30.00   5.855    68.073
22.54 30.00   4.782   3.426   5.855   0.576
22.54 30.00   4.787   3.419   5.855   0.567

22.55  0.00   0.432   0.426   0.026   0.073   0.001   0.004   0.325   0.002   0.000   0.002   0.000 1958983000
22.55    3.85    51.430
22.55 30.00   1.356   4.499
22.55 30.00   5.855    68.072
22.55 30.00   4.782   3.426   5.855   0.576
22.55 30.00   4.787   3.419   5.855   0.567

22.56  0.00   0.432   0.426   0.026   0.073   0.001   0.004   0.325   0.002   0.000   0.002   0.000 1959852000
22.56    3.85    51.425
22.56 30.00   1.356   4.499
22.56 30.00   5.854    68.071
22.56 30.00   4.782   3.426   5.854   0.576
22.56 30.00   4.786   3.419   5.854   0.567

22.57  0.00   0.432   0.426   0.026   0.073   0.001   0.004   0.325   0.002   0.000   0.002   0.000 1960720000
22.57    3.84    51.420
22.57 30.00   1.356   4.499
22.57 30.00   5.854    68.070
22.57 30.00   4.782   3.426   5.854   0.576
22.57 30.00   4.786   3.418   5.854   0.567

22.58  0.00   0.432   0.426   0.026   0.073   0.001   0.004   0.325   0.002   0.000   0.002   0.000 1961589000
22.58    3.84    51.414
22.58 30.00   1.355   4.499
22.58 30.00   5.854    68.069
22.58 30.00   4.782   3.426   5.854   0.576
22.58 30.00   4.786   3.418   5.854   0.567

22.59  0.00   0.432   0.426   0.026   0.073   0.001   0.004   0.325   0.002   0.000   0.002   0.000 1962458000
22.59    3.84    51.409
22.59 30.00   1.355   4.499
22.59 30.00   5.854    68.068
22.59 30.00   4.781   3.426   5.854   0.576
22.59 30.00   4.786   3.418   5.854   0.567

22.60  0.00   0.432   0.426   0.026   0.073   0.001   0.004   0.325   0.002   0.000   0.002   0.000 1963326000
22.60    3.84    51.404
22.60 30.00   1.355   4.499
22.60 30.00   5.854    68.068
22.60 30.00   4.781   3.426   5.854   0.576
22.60 30.00   4.786   3.418   5.854   0.567

22.61  0.00   0.432   0.426   0.026   0.073   0.001   0.004   0.325   0.002   0.000   0.002   0.000 1964195000
22.61    3.84    51.399
22.61 30.00   1.355   4.499
22.61 30.00   5.853    68.067
22.61 30.00   4.781   3.426   5.853   0.576
22.61 30.00   4.786   3.418   5.853   0.567

22.62  0.00   0.432   0.426   0.026   0.073   0.001   0.004   0.325   0.002   0.000   0.002   0.000 1965064000
22.62    3.84    51.393
22.62 30.00   1.355   4.499
22.62 30.00   5.853    68.066
22.62 30.00   4.781   3.426   5.853   0.576
22.62 30.00   4.785   3.418   5.853   0.567

22.63  0.00   0.432   0.426   0.026   0.073   0.001   0.004   0.325   0.002   0.000   0.002   0.000 1965933000
22.63    3.84    51.388
22.63 30.00   1.354   4.499
22.63 30.00   5.853    68.065
22.63 30.00   4.781   3.426   5.853   0.576
22.63 30.00   4.785   3.418   5.853   0.567

22.64  0.00   0.432   0.425   0.026   0.073   0.001   0.004   0.325   0.002   0.000   0.002   0.000 1966801000
22.64    3.84    51.383
22.64 30.00   1.354   4.499
22.64 30.00   5.853    68.064
22.64 30.00   4.781   3.425   5.853   0.576
22.64 30.00   4.785   3.418   5.853   0.567

22.65  0.00   0.432   0.425   0.026   0.073   0.001   0.004   0.325   0.002   0.000   0.002   0.000 1967670000
22.65    3.84    51.378
22.65 30.00   1.354   4.499
22.65 30.00   5.853    68.063
22.65 30.00   4.780   3.425   5.853   0.576
22.65 30.00   4.785   3.418   5.853   0.567

22.66  0.00   0.432   0.425   0.026   0.073   0.001   0.004   0.325   0.002   0.000   0.002   0.000 1968539000
22.66    3.84    51.373
22.66 30.00   1.354   4.499
22.66 30.00   5.852    68.062
22.66 30.00   4.780   3.425   5.852   0.576
22.66 30.00   4.785   3.418   5.852   0.567

22.67  0.00   0.432   0.425   0.026   0.073   0.001   0.004   0.325   0.002   0.000   0.002   0.000 1969408000
22.67    3.84    51.367
22.67 30.00   1.354   4.499
22.67 30.00   5.852    68.061
22.67 30.00   4.780   3.425   5.852   0.576
22.67 30.00   4.785   3.417   5.852   0.567

22.68  0.00   0.432   0.425   0.026   0.073   0.001   0.004   0.325   0.002   0.000   0.002   0.000 1970276000
22.68    3.84    51.362
22.68 30.00   1.353   4.499
22.68 30.00   5.852    68.060
22.68 30.00   4.780   3.425   5.852   0.576
22.68 30.00   4.784   3.417   5.852   0.567

22.69  0.00   0.432   0.425   0.026   0.073   0.001   0.004   0.325   0.002   0.000   0.002   0.000 1971145000
22.69    3.84    51.357
22.69 30.00   1.353   4.499
22.69 30.00   5.852    68.059
22.69 30.00   4.780   3.425   5.852   0.576
22.69 30.00   4.784   3.417   5.852   0.567

22.70  0.00   0.432   0.425   0.026   0.073   0.001   0.004   0.325   0.002   0.000   0.002   0.000 1972014000
22.70    3.84    51.352
22.70 30.00   1.353   4.499
22.70 30.00   5.852    68.058
22.70 30.00   4.780   3.425   5.852   0.576
22.70 30.00   4.784   3.417   5.852   0.567

22.71  0.00   0.432   0.425   0.026   0.073   0.001   0.004   0.324   0.002   0.000   0.002   0.000 1972882000
22.71    3.84    51.347
22.71 30.00   1.353   4.499
22.71 30.00   5.852    68.057
22.71 30.00   4.780   3.425   5.852   0.576
22.71 30.00   4.784   3.417   5.852   0.567

22.72  0.00   0.432   0.425   0.026   0.073   0.001   0.004   0.324   0.002   0.000   0.002   0.000 1973751000
22.72    3.84    51.341
22.72 30.00   1.353   4.499
22.72 30.00   5.851    68.056
22.72 30.00   4.779   3.425   5.851   0.576
22.72 30.00   4.784   3.417   5.851   0.567

22.73  0.00   0.432   0.425   0.026   0.073   0.001   0.004   0.324   0.002   0.000   0.002   0.000 1974620000
22.73    3.84    51.336
22.73 30.00   1.352   4.499
22.73 30.00   5.851    68.055
22.73 30.00   4.779   3.424   5.851   0.576
22.73 30.00   4.784   3.417   5.851   0.567

22.74  0.00   0.432   0.425   0.026   0.073   0.001   0.004   0.324   0.002   0.000   0.002   0.000 1975489000
22.74    3.84    51.331
22.74 30.00   1.352   4.499
22.74 30.00   5.851    68.054
22.74 30.00   4.779   3.424   5.851   0.576
22.74 30.00   4.783   3.417   5.851   0.567

22.75  0.00   0.432   0.425   0.026   0.073   0.001   0.004   0.324   0.002   0.000   0.002   0.000 1976357000
22.75    3.84    51.326
22.75 30.00   1.352   4.499
22.75 30.00   5.851    68.053
22.75 30.00   4.779   3.424   5.851   0.576
22.75 30.00   4.783   3.417   5.851   0.567

22.76  0.00   0.432   0.425   0.026   0.073   0.001   0.004   0.324   0.002   0.000   0.002   0.000 1977226000
22.76    3.84    51.320
22.76 30.00   1.352   4.499
22.76 30.00   5.851    68.052
22.76 30.00   4.779   3.424   5.851   0.576
22.76 30.00   4.783   3.417   5.851   0.567

22.77  0.00   0.432   0.425   0.026   0.073   0.001   0.004   0.324   0.002   0.000   0.002   0.000 1978095000
22.77    3.83    51.315
22.77 30.00   1.352   4.499
22.77 30.00   5.850    68.051
22.77 30.00   4.779   3.424   5.850   0.576
22.77 30.00   4.783   3.416   5.850   0.567

22.78  0.00   0.432   0.425   0.026   0.073   0.001   0.004   0.324   0.002   0.000   0.002   0.000 1978964000
22.78    3.83    51.310
22.78 30.00   1.352   4.499
22.78 30.00   5.850    68.051
22.78 30.00   4.778   3.424   5.850   0.576
22.78 30.00   4.783   3.416   5.850   0.567

22.79  0.00   0.432   0.425   0.026   0.073   0.001   0.004   0.324   0.002   0.000   0.002   0.000 1979832000
22.79    3.83    51.305
22.79 30.00   1.351   4.499
22.79 30.00   5.850    68.050
22.79 30.00   4.778   3.424   5.850   0.576
22.79 30.00   4.783   3.416   5.850   0.567

22.80  0.00   0.432   0.425   0.026   0.073   0.001   0.004   0.324   0.002   0.000   0.002   0.000 1980701000
22.80    3.83    51.300
22.80 30.00   1.351   4.499
22.80 30.00   5.850    68.049
22.80 30.00   4.778   3.424   5.850   0.576
22.80 30.00   4.783   3.416   5.850   0.567

22.81  0.00   0.432   0.425   0.026   0.073   0.001   0.004   0.324   0.002   0.000   0.002   0.000 1981570000
22.81    3.83    51.295
22.81 30.00   1.351   4.499
22.81 30.00   5.850    68.048
22.81 30.00   4.778   3.424   5.850   0.576
22.81 30.00   4.782   3.416   5.850   0.567

22.82  0.00   0.432   0.425   0.026   0.073   0.001   0.004   0.324   0.002   0.000   0.002   0.000 1982438000
22.82    3.83    51.289
22.82 30.00   1.351   4.499
22.82 30.00   5.849    68.047
22.82 30.00   4.778   3.424   5.849   0.576
22.82 30.00   4.782   3.416   5.849   0.567

22.83  0.00   0.432   0.425   0.026   0.073   0.001   0.004   0.324   0.002   0.000   0.002   0.000 1983307000
22.83    3.83    51.284
22.83 30.00   1.351   4.499
22.83 30.00   5.849    68.046
22.83 30.00   4.778   3.423   5.849   0.576
22.83 30.00   4.782   3.416   5.849   0.567

22.84  0.00   0.432   0.425   0.026   0.073   0.001   0.004   0.324   0.002   0.000   0.002   0.000 1984176000
22.84    3.83    51.279
22.84 30.00   1.350   4.499
22.84 30.00   5.849    68.045
22.84 30.00   4.777   3.423   5.849   0.576
22.84 30.00   4.782   3.416   5.849   0.567

22.85  0.00   0.432   0.425   0.026   0.073   0.001   0.004   0.324   0.002   0.000   0.002   0.000 1985045000
22.85    3.83    51.274
22.85 30.00   1.350   4.499
22.85 30.00   5.849    68.044
22.85 30.00   4.777   3.423   5.849   0.576
22.85 30.00   4.782   3.416   5.849   0.567

22.86  0.00   0.432   0.425   0.026   0.073   0.001   0.004   0.324   0.002   0.000   0.002   0.000 1985913000
22.86    3.83    51.269
22.86 30.00   1.350   4.499
22.86 30.00   5.849    68.043
22.86 30.00   4.777   3.423   5.849   0.576
22.86 30.00   4.782   3.416   5.849   0.567

22.87  0.00   0.432   0.425   0.026   0.073   0.001   0.004   0.324   0.002   0.000   0.002   0.000 1986782000
22.87    3.83    51.263
22.87 30.00   1.350   4.499
22.87 30.00   5.849    68.042
22.87 30.00   4.777   3.423   5.849   0.576
22.87 30.00   4.781   3.415   5.849   0.567

22.88  0.00   0.432   0.425   0.026   0.073   0.001   0.004   0.324   0.002   0.000   0.002   0.000 1987651000
22.88    3.83    51.258
22.88 30.00   1.350   4.499
22.88 30.00   5.848    68.041
22.88 30.00   4.777   3.423   5.848   0.576
22.88 30.00   4.781   3.415   5.848   0.567

22.89  0.00   0.432   0.425   0.026   0.073   0.001   0.004   0.324   0.002   0.000   0.002   0.000 1988520000
22.89    3.83    51.253
22.89 30.00   1.349   4.499
22.89 30.00   5.848    68.040
22.89 30.00   4.777   3.423   5.848   0.576
22.89 30.00   4.781   3.415   5.848   0.567

22.90  0.00   0.432   0.425   0.026   0.073   0.001   0.004   0.324   0.002   0.000   0.002   0.000 1989388000
22.90    3.83    51.248
22.90 30.00   1.349   4.499
22.90 30.00   5.848    68.039
22.90 30.00   4.777   3.423   5.848   0.576
22.90 30.00   4.781   3.415   5.848   0.567

22.91  0.00   0.432   0.425   0.026   0.073   0.001   0.004   0.324   0.002   0.000   0.002   0.000 1990257000
22.91    3.83    51.243
22.91 30.00   1.349   4.499
22.91 30.00   5.848    68.038
22.91 30.00   4.776   3.423   5.848   0.576
22.91 30.00   4.781   3.415   5.848   0.567

22.92  0.00   0.432   0.425   0.026   0.073   0.001   0.004   0.324   0.002   0.000   0.002   0.000 1991126000
22.92    3.83    51.237
22.92 30.00   1.349   4.499
22.92 30.00   5.848    68.038
22.92 30.00   4.776   3.423   5.848   0.576
22.92 30.00   4.781   3.415   5.848   0.567

22.93  0.00   0.432   0.425   0.026   0.073   0.001   0.004   0.324   0.002   0.000   0.002   0.000 1991994000
22.93    3.83    51.232
22.93 30.00   1.349   4.499
22.93 30.00   5.847    68.037
22.93 30.00   4.776   3.422   5.847   0.576
22.93 30.00   4.780   3.415   5.847   0.567

22.94  0.00   0.432   0.425   0.026   0.073   0.001   0.004   0.324   0.002   0.000   0.002   0.000 1992863000
22.94    3.83    51.250
22.94 30.00   1.349   4.499
22.94 30.00   5.847    68.036
22.94 30.00   4.776   3.422   5.847   0.576
22.94 30.00   4.780   3.415   5.847   0.567

22.95  0.00   0.432   0.425   0.026   0.073   0.001   0.004   0.324   0.002   0.000   0.002   0.000 1993732000
22.95    3.83    51.246
22.95 30.00   1.348   4.499
22.95 30.00   5.847    68.035
22.95 30.00   4.776   3.422   5.847   0.576
22.95 30.00   4.780   3.415   5.847   0.567

22.96  0.00   0.432   0.425   0.026   0.073   0.001   0.004   0.324   0.002   0.000   0.002   0.000 1994601000
22.96    3.83    51.242
22.96 30.00   1.348   4.499
22.96 30.00   5.847    68.034
22.96 30.00   4.776   3.422   5.847   0.576
22.96 30.00   4.780   3.415   5.847   0.567

22.97  0.00   0.432   0.425   0.026   0.073   0.001   0.004   0.324   0.002   0.000   0.002   0.000 1995469000
22.97    3.83    51.238
22.97 30.00   1.348   4.499
22.97 30.00   5.847    68.033
22.97 30.00   4.775   3.422   5.847   0.576
22.97 30.00   4.780   3.414   5.847   0.567

22.98  0.00   0.432   0.425   0.026   0.073   0.001   0.004   0.324   0.002   0.000   0.002   0.000 1996338000
22.98    3.83    51.233
22.98 30.00   1.348   4.499
22.98 30.00   5.847    68.032
22.98 30.00   4.775   3.422   5.847   0.576
22.98 30.00   4.780   3.414   5.847   0.567

22.99  0.00   0.432   0.425   0.026   0.073   0.001   0.004   0.324   0.002   0.000   0.002   0.000 1997207000
22.99    3.83    51.229
22.99 30.00   1.348   4.499
22.99 30.00   5.846    68.031
22.99 30.00   4.775   3.422   5.846   0.576
22.99 30.00   4.780   3.414   5.846   0.567

23.00  0.00   0.432   0.425   0.026   0.073   0.001   0.004   0.324   0.002   0.000   0.002   0.000 1998076000
23.00    3.83    51.225
23.00 30.00   1.347   4.499
23.00 30.00   5.846    68.030
23.00 30.00   4.775   3.422   5.846   0.576
23.00 30.00   4.779   3.414   5.846   0.567

23.01  0.00   0.432   0.425   0.026   0.073   0.001   0.004   0.324   0.002   0.000   0.002   0.000 1998944000
23.01    3.83    51.221
23.01 30.00   1.347   4.499
23.01 30.00   5.846    68.029
23.01 30.00   4.775   3.422   5.846   0.576
23.01 30.00   4.779   3.414   5.846   0.567

23.02  0.00   0.432   0.425   0.026   0.073   0.001   0.004   0.324   0.002   0.000   0.002   0.000 1999813000
23.02    3.83    51.216
23.02 30.00   1.347   4.499
23.02 30.00   5.846    68.028
23.02 30.00   4.775   3.422   5.846   0.576
23.02 30.00   4.779   3.414   5.846   0.567

23.03  0.00   0.432   0.425   0.026   0.073   0.001   0.004   0.324   0.002   0.000   0.002   0.000 2000682000
23.03    3.83    51.212
23.03 30.00   1.347   4.499
23.03 30.00   5.846    68.027
23.03 30.00   4.775   3.421   5.846   0.576
23.03 30.00   4.779   3.414   5.846   0.567

23.04  0.00   0.432   0.425   0.026   0.073   0.001   0.004   0.324   0.002   0.000   0.002   0.000 2001551000
23.04    3.83    51.208
23.04 30.00   1.347   4.499
23.04 30.00   5.845    68.026
23.04 30.00   4.774   3.421   5.845   0.576
23.04 30.00   4.779   3.414   5.845   0.567

23.05  0.00   0.432   0.425   0.026   0.073   0.001   0.004   0.324   0.002   0.000   0.002   0.000 2002419000
23.05    3.83    51.204
23.05 30.00   1.347   4.499
23.05 30.00   5.845    68.026
23.05 30.00   4.774   3.421   5.845   0.576
23.05 30.00   4.779   3.414   5.845   0.567

23.06  0.00   0.432   0.425   0.026   0.073   0.001   0.004   0.324   0.002   0.000   0.002   0.000 2003288000
23.06    3.83    51.200
23.06 30.00   1.346   4.499
23.06 30.00   5.845    68.025
23.06 30.00   4.774   3.421   5.845   0.576
23.06 30.00   4.778   3.414   5.845   0.567

23.07  0.00   0.432   0.425   0.026   0.073   0.001   0.004   0.324   0.002   0.000   0.002   0.000 2004157000
23.07    3.83    51.195
23.07 30.00   1.346   4.499
23.07 30.00   5.845    68.024
23.07 30.00   4.774   3.421   5.845   0.576
23.07 30.00   4.778   3.413   5.845   0.567

23.08  0.00   0.432   0.425   0.026   0.073   0.001   0.004   0.324   0.002   0.000   0.002   0.000 2005025000
23.08    3.82    51.191
23.08 30.00   1.346   4.499
23.08 30.00   5.845    68.023
23.08 30.00   4.774   3.421   5.845   0.576
23.08 30.00   4.778   3.413   5.845   0.567

23.09  0.00   0.432   0.425   0.026   0.073   0.001   0.004   0.324   0.002   0.000   0.002   0.000 2005894000
23.09    3.82    51.187
23.09 30.00   1.346   4.499
23.09 30.00   5.844    68.022
23.09 30.00   4.774   3.421   5.844   0.576
23.09 30.00   4.778   3.413   5.844   0.567

23.10  0.00   0.432   0.425   0.026   0.073   0.001   0.004   0.324   0.002   0.000   0.002   0.000 2006763000
23.10    3.82    51.183
23.10 30.00   1.346   4.499
23.10 30.00   5.844    68.021
23.10 30.00   4.773   3.421   5.844   0.576
23.10 30.00   4.778   3.413   5.844   0.567

23.11  0.00   0.432   0.425   0.026   0.073   0.001   0.004   0.324   0.002   0.000   0.002   0.000 2007632000
23.11    3.82    51.179
23.11 30.00   1.345   4.499
23.11 30.00   5.844    68.020
23.11 30.00   4.773   3.421   5.844   0.576
23.11 30.00   4.778   3.413   5.844   0.567

23.12  0.00   0.432   0.425   0.026   0.073   0.001   0.004   0.324   0.002   0.000   0.002   0.000 2008500000
23.12    3.82    51.174
23.12 30.00   1.345   4.499
23.12 30.00   5.844    68.019
23.12 30.00   4.773   3.421   5.844   0.576
23.12 30.00   4.778   3.413   5.844   0.567

23.13  0.00   0.432   0.425   0.026   0.073   0.001   0.004   0.324   0.002   0.000   0.002   0.000 2009369000
23.13    3.82    51.170
23.13 30.00   1.345   4.499
23.13 30.00   5.844    68.018
23.13 30.00   4.773   3.421   5.844   0.576
23.13 30.00   4.777   3.413   5.844   0.567

23.14  0.00   0.432   0.425   0.026   0.073   0.001   0.004   0.324   0.002   0.000   0.002   0.000 2010238000
23.14    3.82    51.166
23.14 30.00   1.345   4.499
23.14 30.00   5.844    68.017
23.14 30.00   4.773   3.420   5.844   0.576
23.14 30.00   4.777   3.413   5.844   0.567

23.15  0.00   0.432   0.425   0.026   0.073   0.001   0.004   0.324   0.002   0.000   0.002   0.000 2011106000
23.15    3.82    51.162
23.15 30.00   1.345   4.499
23.15 30.00   5.843    68.016
23.15 30.00   4.773   3.420   5.843   0.576
23.15 30.00   4.777   3.413   5.843   0.567

23.16  0.00   0.432   0.425   0.026   0.073   0.001   0.004   0.324   0.002   0.000   0.002   0.000 2011975000
23.16    3.82    51.158
23.16 30.00   1.345   4.499
23.16 30.00   5.843    68.016
23.16 30.00   4.772   3.420   5.843   0.576
23.16 30.00   4.777   3.413   5.843   0.567

23.17  0.00   0.432   0.425   0.026   0.073   0.001   0.004   0.324   0.002   0.000   0.002   0.000 2012844000
23.17    3.82    51.153
23.17 30.00   1.344   4.499
23.17 30.00   5.843    68.015
23.17 30.00   4.772   3.420   5.843   0.576
23.17 30.00   4.777   3.412   5.843   0.567

23.18  0.00   0.432   0.425   0.026   0.073   0.001   0.004   0.324   0.002   0.000   0.002   0.000 2013713000
23.18    3.82    51.149
23.18 30.00   1.344   4.499
23.18 30.00   5.843    68.014
23.18 30.00   4.772   3.420   5.843   0.576
23.18 30.00   4.777   3.412   5.843   0.567

23.19  0.00   0.432   0.425   0.026   0.073   0.001   0.004   0.324   0.002   0.000   0.002   0.000 2014582000
23.19    3.82    51.145
23.19 30.00   1.344   4.499
23.19 30.00   5.843    68.013
23.19 30.00   4.772   3.420   5.843   0.576
23.19 30.00   4.776   3.412   5.843   0.567

23.20  0.00   0.432   0.425   0.026   0.073   0.001   0.004   0.324   0.002   0.000   0.002   0.000 2015450000
23.20    3.82    51.141
23.20 30.00   1.344   4.499
23.20 30.00   5.842    68.012
23.20 30.00   4.772   3.420   5.842   0.576
23.20 30.00   4.776   3.412   5.842   0.567

23.21  0.00   0.432   0.425   0.026   0.073   0.001   0.004   0.324   0.002   0.000   0.002   0.000 2016319000
23.21    3.82    51.137
23.21 30.00   1.344   4.499
23.21 30.00   5.842    68.011
23.21 30.00   4.772   3.420   5.842   0.576
23.21 30.00   4.776   3.412   5.842   0.567

23.22  0.00   0.432   0.425   0.026   0.073   0.001   0.004   0.324   0.002   0.000   0.002   0.000 2017188000
23.22    3.82    51.133
23.22 30.00   1.343   4.499
23.22 30.00   5.842    68.010
23.22 30.00   4.772   3.420   5.842   0.576
23.22 30.00   4.776   3.412   5.842   0.567

23.23  0.00   0.432   0.425   0.026   0.073   0.001   0.004   0.324   0.002   0.000   0.002   0.000 2018056000
23.23    3.82    51.128
23.23 30.00   1.343   4.499
23.23 30.00   5.842    68.009
23.23 30.00   4.771   3.420   5.842   0.576
23.23 30.00   4.776   3.412   5.842   0.567

23.24  0.00   0.432   0.425   0.026   0.073   0.001   0.004   0.324   0.002   0.000   0.002   0.000 2018925000
23.24    3.82    51.124
23.24 30.00   1.343   4.499
23.24 30.00   5.842    68.008
23.24 30.00   4.771   3.419   5.842   0.576
23.24 30.00   4.776   3.412   5.842   0.567

23.25  0.00   0.432   0.425   0.026   0.073   0.001   0.004   0.324   0.002   0.000   0.002   0.000 2019794000
23.25    3.82    51.120
23.25 30.00   1.343   4.499
23.25 30.00   5.842    68.007
23.25 30.00   4.771   3.419   5.842   0.576
23.25 30.00   4.776   3.412   5.842   0.567

23.26  0.00   0.432   0.425   0.026   0.073   0.001   0.004   0.324   0.002   0.000   0.002   0.000 2020663000
23.26    3.82    51.116
23.26 30.00   1.343   4.499
23.26 30.00   5.841    68.007
23.26 30.00   4.771   3.419   5.841   0.576
23.26 30.00   4.775   3.412   5.841   0.567

23.27  0.00   0.432   0.425   0.026   0.073   0.001   0.004   0.324   0.002   0.000   0.002   0.000 2021531000
23.27    3.82    51.112
23.27 30.00   1.343   4.499
23.27 30.00   5.841    68.006
23.27 30.00   4.771   3.419   5.841   0.576
23.27 30.00   4.775   3.412   5.841   0.567

23.28  0.00   0.432   0.425   0.026   0.073   0.001   0.004   0.324   0.002   0.000   0.002   0.000 2022400000
23.28    3.82    51.108
23.28 30.00   1.342   4.499
23.28 30.00   5.841    68.005
23.28 30.00   4.771   3.419   5.841   0.576
23.28 30.00   4.775   3.411   5.841   0.567

23.29  0.00   0.432   0.425   0.026   0.073   0.001   0.004   0.324   0.002   0.000   0.002   0.000 2023269000
23.29    3.82    51.104
23.29 30.00   1.342   4.499
23.29 30.00   5.841    68.004
23.29 30.00   4.771   3.419   5.841   0.576
23.29 30.00   4.775   3.411   5.841   0.567

23.30  0.00   0.432   0.425   0.026   0.073   0.001   0.004   0.324   0.002   0.000   0.002   0.000 2024137000
23.30    3.82    51.099
23.30 30.00   1.342   4.499
23.30 30.00   5.841    68.003
23.30 30.00   4.770   3.419   5.841   0.576
23.30 30.00   4.775   3.411   5.841   0.567

23.31  0.00   0.432   0.425   0.026   0.073   0.001   0.004   0.324   0.002   0.000   0.002   0.000 2025006000
23.31    3.82    51.095
23.31 30.00   1.342   4.499
23.31 30.00   5.841    68.002
23.31 30.00   4.770   3.419   5.841   0.576
23.31 30.00   4.775   3.411   5.841   0.567

23.32  0.00   0.432   0.425   0.026   0.073   0.001   0.004   0.324   0.002   0.000   0.002   0.000 2025875000
23.32    3.82    51.091
23.32 30.00   1.342   4.499
23.32 30.00   5.840    68.001
23.32 30.00   4.770   3.419   5.840   0.576
23.32 30.00   4.774   3.411   5.840   0.567

23.33  0.00   0.432   0.425   0.026   0.073   0.001   0.004   0.324   0.002   0.000   0.002   0.000 2026744000
23.33    3.82    51.087
23.33 30.00   1.341   4.499
23.33 30.00   5.840    68.000
23.33 30.00   4.770   3.419   5.840   0.576
23.33 30.00   4.774   3.411   5.840   0.567

23.34  0.00   0.432   0.425   0.026   0.073   0.001   0.004   0.324   0.002   0.000   0.002   0.000 2027612000
23.34    3.82    51.083
23.34 30.00   1.341   4.499
23.34 30.00   5.840    67.999
23.34 30.00   4.770   3.418   5.840   0.576
23.34 30.00   4.774   3.411   5.840   0.567

23.35  0.00   0.432   0.425   0.026   0.073   0.001   0.004   0.324   0.002   0.000   0.002   0.000 2028481000
23.35    3.82    51.079
23.35 30.00   1.341   4.499
23.35 30.00   5.840    67.998
23.35 30.00   4.770   3.418   5.840   0.576
23.35 30.00   4.774   3.411   5.840   0.567

23.36  0.00   0.432   0.425   0.026   0.073   0.001   0.004   0.324   0.002   0.000   0.002   0.000 2029350000
23.36    3.82    51.075
23.36 30.00   1.341   4.499
23.36 30.00   5.840    67.998
23.36 30.00   4.769   3.418   5.840   0.576
23.36 30.00   4.774   3.411   5.840   0.567

23.37  0.00   0.432   0.425   0.026   0.073   0.001   0.004   0.324   0.002   0.000   0.002   0.000 2030219000
23.37    3.81    51.071
23.37 30.00   1.341   4.499
23.37 30.00   5.839    67.997
23.37 30.00   4.769   3.418   5.839   0.576
23.37 30.00   4.774   3.411   5.839   0.567

23.38  0.00   0.432   0.425   0.026   0.073   0.001   0.004   0.324   0.002   0.000   0.002   0.000 2031087000
23.38    3.81    51.066
23.38 30.00   1.341   4.499
23.38 30.00   5.839    67.996
23.38 30.00   4.769   3.418   5.839   0.576
23.38 30.00   4.774   3.410   5.839   0.567

23.39  0.00   0.432   0.425   0.026   0.073   0.001   0.004   0.324   0.002   0.000   0.002   0.000 2031956000
23.39    3.81    51.062
23.39 30.00   1.340   4.499
23.39 30.00   5.839    67.995
23.39 30.00   4.769   3.418   5.839   0.576
23.39 30.00   4.773   3.410   5.839   0.567

23.40  0.00   0.432   0.425   0.026   0.073   0.001   0.004   0.324   0.002   0.000   0.002   0.000 2032825000
23.40    3.81    51.058
23.40 30.00   1.340   4.499
23.40 30.00   5.839    67.994
23.40 30.00   4.769   3.418   5.839   0.576
23.40 30.00   4.773   3.410   5.839   0.567

23.41  0.00   0.432   0.425   0.026   0.073   0.001   0.004   0.324   0.002   0.000   0.002   0.000 2033693000
23.41    3.81    51.054
23.41 30.00   1.340   4.499
23.41 30.00   5.839    67.993
23.41 30.00   4.769   3.418   5.839   0.576
23.41 30.00   4.773   3.410   5.839   0.567

23.42  0.00   0.432   0.425   0.026   0.073   0.001   0.004   0.324   0.002   0.000   0.002   0.000 2034562000
23.42    3.81    51.050
23.42 30.00   1.340   4.499
23.42 30.00   5.839    67.992
23.42 30.00   4.769   3.418   5.839   0.576
23.42 30.00   4.773   3.410   5.839   0.567

23.43  0.00   0.432   0.425   0.026   0.073   0.001   0.004   0.324   0.002   0.000   0.002   0.000 2035431000
23.43    3.81    51.046
23.43 30.00   1.340   4.499
23.43 30.00   5.838    67.991
23.43 30.00   4.768   3.418   5.838   0.576
23.43 30.00   4.773   3.410   5.838   0.567

23.44  0.00   0.432   0.425   0.026   0.073   0.001   0.004   0.324   0.002   0.000   0.002   0.000 2036300000
23.44    3.81    51.042
23.44 30.00   1.339   4.499
23.44 30.00   5.838    67.990
23.44 30.00   4.768   3.418   5.838   0.576
23.44 30.00   4.773   3.410   5.838   0.567

23.45  0.00   0.432   0.425   0.026   0.073   0.001   0.004   0.324   0.002   0.000   0.002   0.000 2037168000
23.45    3.81    51.038
23.45 30.00   1.339   4.499
23.45 30.00   5.838    67.990
23.45 30.00   4.768   3.417   5.838   0.576
23.45 30.00   4.773   3.410   5.838   0.567

23.46  0.00   0.432   0.425   0.026   0.073   0.001   0.004   0.324   0.002   0.000   0.002   0.000 2038037000
23.46    3.81    51.034
23.46 30.00   1.339   4.499
23.46 30.00   5.838    67.989
23.46 30.00   4.768   3.417   5.838   0.576
23.46 30.00   4.772   3.410   5.838   0.567

23.47  0.00   0.432   0.425   0.026   0.073   0.001   0.004   0.324   0.002   0.000   0.002   0.000 2038906000
23.47    3.81    51.030
23.47 30.00   1.339   4.499
23.47 30.00   5.838    67.988
23.47 30.00   4.768   3.417   5.838   0.576
23.47 30.00   4.772   3.410   5.838   0.567

23.48  0.00   0.432   0.425   0.026   0.073   0.001   0.004   0.324   0.002   0.000   0.002   0.000 2039774000
23.48    3.81    51.025
23.48 30.00   1.339   4.499
23.48 30.00   5.837    67.987
23.48 30.00   4.768   3.417   5.837   0.576
23.48 30.00   4.772   3.409   5.837   0.567

23.49  0.00   0.432   0.425   0.026   0.073   0.001   0.004   0.324   0.002   0.000   0.002   0.000 2040643000
23.49    3.81    51.021
23.49 30.00   1.339   4.499
23.49 30.00   5.837    67.986
23.49 30.00   4.767   3.417   5.837   0.576
23.49 30.00   4.772   3.409   5.837   0.567

23.50  0.00   0.432   0.425   0.026   0.073   0.001   0.004   0.324   0.002   0.000   0.002   0.000 2041512000
23.50    3.81    51.017
23.50 30.00   1.338   4.499
23.50 30.00   5.837    67.985
23.50 30.00   4.767   3.417   5.837   0.575
23.50 30.00   4.772   3.409   5.837   0.567

23.51  0.00   0.432   0.425   0.026   0.073   0.001   0.004   0.324   0.002   0.000   0.002   0.000 2042381000
23.51    3.81    51.013
23.51 30.00   1.338   4.499
23.51 30.00   5.837    67.984
23.51 30.00   4.767   3.417   5.837   0.575
23.51 30.00   4.772   3.409   5.837   0.567

23.52  0.00   0.432   0.425   0.026   0.073   0.001   0.004   0.324   0.002   0.000   0.002   0.000 2043250000
23.52    3.81    51.009
23.52 30.00   1.338   4.499
23.52 30.00   5.837    67.983
23.52 30.00   4.767   3.417   5.837   0.575
23.52 30.00   4.771   3.409   5.837   0.567

23.53  0.00   0.432   0.425   0.026   0.073   0.001   0.004   0.324   0.002   0.000   0.002   0.000 2044118000
23.53    3.81    51.005
23.53 30.00   1.338   4.499
23.53 30.00   5.837    67.983
23.53 30.00   4.767   3.417   5.837   0.575
23.53 30.00   4.771   3.409   5.837   0.567

23.54  0.00   0.432   0.425   0.026   0.073   0.001   0.004   0.324   0.002   0.000   0.002   0.000 2044987000
23.54    3.81    51.001
23.54 30.00   1.338   4.499
23.54 30.00   5.836    67.982
23.54 30.00   4.767   3.417   5.836   0.575
23.54 30.00   4.771   3.409   5.836   0.567

23.55  0.00   0.432   0.425   0.026   0.073   0.001   0.004   0.324   0.002   0.000   0.002   0.000 2045856000
23.55    3.81    50.997
23.55 30.00   1.338   4.499
23.55 30.00   5.836    67.981
23.55 30.00   4.767   3.416   5.836   0.575
23.55 30.00   4.771   3.409   5.836   0.567

23.56  0.00   0.432   0.425   0.026   0.073   0.001   0.004   0.324   0.002   0.000   0.002   0.000 2046724000
23.56    3.81    50.993
23.56 30.00   1.337   4.499
23.56 30.00   5.836    67.980
23.56 30.00   4.766   3.416   5.836   0.575
23.56 30.00   4.771   3.409   5.836   0.567

23.57  0.00   0.432   0.425   0.026   0.073   0.001   0.004   0.324   0.002   0.000   0.002   0.000 2047593000
23.57    3.81    50.989
23.57 30.00   1.337   4.499
23.57 30.00   5.836    67.979
23.57 30.00   4.766   3.416   5.836   0.575
23.57 30.00   4.771   3.409   5.836   0.567

23.58  0.00   0.432   0.425   0.026   0.073   0.001   0.004   0.324   0.002   0.000   0.002   0.000 2048462000
23.58    3.81    50.985
23.58 30.00   1.337   4.499
23.58 30.00   5.836    67.978
23.58 30.00   4.766   3.416   5.836   0.575
23.58 30.00   4.771   3.409   5.836   0.567

23.59  0.00   0.432   0.425   0.026   0.073   0.001   0.004   0.324   0.002   0.000   0.002   0.000 2049331000
23.59    3.81    50.981
23.59 30.00   1.337   4.499
23.59 30.00   5.836    67.977
23.59 30.00   4.766   3.416   5.836   0.575
23.59 30.00   4.770   3.408   5.836   0.567

23.60  0.00   0.432   0.425   0.026   0.073   0.001   0.004   0.324   0.002   0.000   0.002   0.000 2050199000
23.60    3.81    50.977
23.60 30.00   1.337   4.499
23.60 30.00   5.835    67.976
23.60 30.00   4.766   3.416   5.835   0.575
23.60 30.00   4.770   3.408   5.835   0.567

23.61  0.00   0.432   0.425   0.026   0.073   0.001   0.004   0.324   0.002   0.000   0.002   0.000 2051068000
23.61    3.81    50.973
23.61 30.00   1.336   4.499
23.61 30.00   5.835    67.976
23.61 30.00   4.766   3.416   5.835   0.575
23.61 30.00   4.770   3.408   5.835   0.567

23.62  0.00   0.432   0.425   0.026   0.073   0.001   0.004   0.324   0.002   0.000   0.002   0.000 2051937000
23.62    3.81    50.969
23.62 30.00   1.336   4.499
23.62 30.00   5.835    67.975
23.62 30.00   4.766   3.416   5.835   0.575
23.62 30.00   4.770   3.408   5.835   0.567

23.63  0.00   0.432   0.425   0.026   0.073   0.001   0.004   0.324   0.002   0.000   0.002   0.000 2052805000
23.63    3.81    50.965
23.63 30.00   1.336   4.499
23.63 30.00   5.835    67.974
23.63 30.00   4.765   3.416   5.835   0.575
23.63 30.00   4.770   3.408   5.835   0.567

23.64  0.00   0.432   0.425   0.026   0.073   0.001   0.004   0.324   0.002   0.000   0.002   0.000 2053674000
23.64    3.81    50.960
23.64 30.00   1.336   4.499
23.64 30.00   5.835    67.973
23.64 30.00   4.765   3.416   5.835   0.575
23.64 30.00   4.770   3.408   5.835   0.567

23.65  0.00   0.432   0.425   0.026   0.073   0.001   0.004   0.324   0.002   0.000   0.002   0.000 2054543000
23.65    3.81    50.956
23.65 30.00   1.336   4.499
23.65 30.00   5.834    67.972
23.65 30.00   4.765   3.416   5.834   0.575
23.65 30.00   4.770   3.408   5.834   0.567

23.66  0.00   0.432   0.425   0.026   0.073   0.001   0.004   0.324   0.002   0.000   0.002   0.000 2055412000
23.66    3.81    50.952
23.66 30.00   1.336   4.499
23.66 30.00   5.834    67.971
23.66 30.00   4.765   3.415   5.834   0.575
23.66 30.00   4.769   3.408   5.834   0.567

23.67  0.00   0.432   0.425   0.026   0.073   0.001   0.004   0.324   0.002   0.000   0.002   0.000 2056280000
23.67    3.80    50.948
23.67 30.00   1.335   4.499
23.67 30.00   5.834    67.970
23.67 30.00   4.765   3.415   5.834   0.575
23.67 30.00   4.769   3.408   5.834   0.567

23.68  0.00   0.432   0.425   0.026   0.073   0.001   0.004   0.324   0.002   0.000   0.002   0.000 2057149000
23.68    3.80    50.944
23.68 30.00   1.335   4.499
23.68 30.00   5.834    67.969
23.68 30.00   4.765   3.415   5.834   0.575
23.68 30.00   4.769   3.408   5.834   0.567

23.69  0.00   0.432   0.425   0.026   0.073   0.001   0.004   0.324   0.002   0.000   0.002   0.000 2058018000
23.69    3.80    50.940
23.69 30.00   1.335   4.499
23.69 30.00   5.834    67.969
23.69 30.00   4.765   3.415   5.834   0.575
23.69 30.00   4.769   3.408   5.834   0.567

23.70  0.00   0.432   0.425   0.026   0.073   0.001   0.004   0.324   0.002   0.000   0.002   0.000 2058887000
23.70    3.80    50.936
23.70 30.00   1.335   4.499
23.70 30.00   5.834    67.968
23.70 30.00   4.764   3.415   5.834   0.575
23.70 30.00   4.769   3.407   5.834   0.567

23.71  0.00   0.432   0.425   0.026   0.073   0.001   0.004   0.324   0.002   0.000   0.002   0.000 2059755000
23.71    3.80    50.932
23.71 30.00   1.335   4.499
23.71 30.00   5.833    67.967
23.71 30.00   4.764   3.415   5.833   0.575
23.71 30.00   4.769   3.407   5.833   0.567

23.72  0.00   0.431   0.425   0.026   0.073   0.001   0.004   0.324   0.002   0.000   0.002   0.000 2060624000
23.72    3.80    50.928
23.72 30.00   1.335   4.499
23.72 30.00   5.833    67.966
23.72 30.00   4.764   3.415   5.833   0.575
23.72 30.00   4.769   3.407   5.833   0.567

23.73  0.00   0.431   0.425   0.026   0.073   0.001   0.004   0.324   0.002   0.000   0.002   0.000 2061493000
23.73    3.80    50.924
23.73 30.00   1.334   4.499
23.73 30.00   5.833    67.965
23.73 30.00   4.764   3.415   5.833   0.575
23.73 30.00   4.768   3.407   5.833   0.566

23.74  0.00   0.431   0.425   0.026   0.073   0.001   0.004   0.324   0.002   0.000   0.002   0.000 2062361000
23.74    3.80    50.920
23.74 30.00   1.334   4.499
23.74 30.00   5.833    67.964
23.74 30.00   4.764   3.415   5.833   0.575
23.74 30.00   4.768   3.407   5.833   0.566

23.75  0.00   0.431   0.425   0.026   0.073   0.001   0.004   0.324   0.002   0.000   0.002   0.000 2063230000
23.75    3.80    50.916
23.75 30.00   1.334   4.499
23.75 30.00   5.833    67.963
23.75 30.00   4.764   3.415   5.833   0.575
23.75 30.00   4.768   3.407   5.833   0.566

23.76  0.00   0.431   0.425   0.026   0.073   0.001   0.004   0.324   0.002   0.000   0.002   0.000 2064099000
23.76    3.80    50.912
23.76 30.00   1.334   4.499
23.76 30.00   5.833    67.963
23.76 30.00   4.764   3.415   5.833   0.575
23.76 30.00   4.768   3.407   5.833   0.566

23.77  0.00   0.431   0.425   0.026   0.073   0.001   0.004   0.324   0.002   0.000   0.002   0.000 2064968000
23.77    3.80    50.908
23.77 30.00   1.334   4.499
23.77 30.00   5.832    67.962
23.77 30.00   4.763   3.414   5.832   0.575
23.77 30.00   4.768   3.407   5.832   0.566

23.78  0.00   0.431   0.425   0.026   0.073   0.001   0.004   0.324   0.002   0.000   0.002   0.000 2065836000
23.78    3.80    50.904
23.78 30.00   1.334   4.499
23.78 30.00   5.832    67.961
23.78 30.00   4.763   3.414   5.832   0.575
23.78 30.00   4.768   3.407   5.832   0.566

23.79  0.00   0.431   0.425   0.026   0.073   0.001   0.004   0.324   0.002   0.000   0.002   0.000 2066705000
23.79    3.80    50.900
23.79 30.00   1.333   4.499
23.79 30.00   5.832    67.960
23.79 30.00   4.763   3.414   5.832   0.575
23.79 30.00   4.767   3.407   5.832   0.566

23.80  0.00   0.431   0.425   0.026   0.073   0.001   0.004   0.324   0.002   0.000   0.002   0.000 2067574000
23.80    3.80    50.896
23.80 30.00   1.333   4.499
23.80 30.00   5.832    67.959
23.80 30.00   4.763   3.414   5.832   0.575
23.80 30.00   4.767   3.406   5.832   0.566

23.81  0.00   0.431   0.425   0.026   0.073   0.001   0.004   0.324   0.002   0.000   0.002   0.000 2068442000
23.81    3.80    50.892
23.81 30.00   1.333   4.499
23.81 30.00   5.832    67.958
23.81 30.00   4.763   3.414   5.832   0.575
23.81 30.00   4.767   3.406   5.832   0.566

23.82  0.00   0.431   0.425   0.026   0.073   0.001   0.004   0.324   0.002   0.000   0.002   0.000 2069311000
23.82    3.80    50.888
23.82 30.00   1.333   4.499
23.82 30.00   5.832    67.957
23.82 30.00   4.763   3.414   5.832   0.575
23.82 30.00   4.767   3.406   5.832   0.566

23.83  0.00   0.431   0.425   0.026   0.073   0.001   0.004   0.324   0.002   0.000   0.002   0.000 2070180000
23.83    3.80    50.884
23.83 30.00   1.333   4.499
23.83 30.00   5.831    67.957
23.83 30.00   4.762   3.414   5.831   0.575
23.83 30.00   4.767   3.406   5.831   0.566

23.84  0.00   0.431   0.425   0.026   0.073   0.001   0.004   0.324   0.002   0.000   0.002   0.000 2071049000
23.84    3.80    50.880
23.84 30.00   1.333   4.499
23.84 30.00   5.831    67.956
23.84 30.00   4.762   3.414   5.831   0.575
23.84 30.00   4.767   3.406   5.831   0.566

23.85  0.00   0.431   0.425   0.026   0.073   0.001   0.004   0.324   0.002   0.000   0.002   0.000 2071918000
23.85    3.80    50.876
23.85 30.00   1.332   4.499
23.85 30.00   5.831    67.955
23.85 30.00   4.762   3.414   5.831   0.575
23.85 30.00   4.767   3.406   5.831   0.566

23.86  0.00   0.431   0.425   0.026   0.073   0.001   0.004   0.324   0.002   0.000   0.002   0.000 2072786000
23.86    3.80    50.872
23.86 30.00   1.332   4.499
23.86 30.00   5.831    67.954
23.86 30.00   4.762   3.414   5.831   0.575
23.86 30.00   4.766   3.406   5.831   0.566

23.87  0.00   0.431   0.425   0.026   0.073   0.001   0.004   0.324   0.002   0.000   0.002   0.000 2073655000
23.87    3.80    50.868
23.87 30.00   1.332   4.499
23.87 30.00   5.831    67.953
23.87 30.00   4.762   3.413   5.831   0.575
23.87 30.00   4.766   3.406   5.831   0.566

23.88  0.00   0.431   0.425   0.026   0.073   0.001   0.004   0.324   0.002   0.000   0.002   0.000 2074524000
23.88    3.80    50.864
23.88 30.00   1.332   4.499
23.88 30.00   5.831    67.952
23.88 30.00   4.762   3.413   5.831   0.575
23.88 30.00   4.766   3.406   5.831   0.566

23.89  0.00   0.431   0.425   0.026   0.073   0.001   0.004   0.324   0.002   0.000   0.002   0.000 2075392000
23.89    3.80    50.860
23.89 30.00   1.332   4.499
23.89 30.00   5.830    67.951
23.89 30.00   4.762   3.413   5.830   0.575
23.89 30.00   4.766   3.406   5.830   0.566

23.90  0.00   0.431   0.425   0.026   0.073   0.001   0.004   0.324   0.002   0.000   0.002   0.000 2076261000
23.90    3.80    50.856
23.90 30.00   1.331   4.499
23.90 30.00   5.830    67.951
23.90 30.00   4.761   3.413   5.830   0.575
23.90 30.00   4.766   3.406   5.830   0.566

23.91  0.00   0.431   0.425   0.026   0.073   0.001   0.004   0.324   0.002   0.000   0.002   0.000 2077130000
23.91    3.80    50.852
23.91 30.00   1.331   4.499
23.91 30.00   5.830    67.950
23.91 30.00   4.761   3.413   5.830   0.575
23.91 30.00   4.766   3.405   5.830   0.566

23.92  0.00   0.431   0.425   0.026   0.073   0.001   0.004   0.324   0.002   0.000   0.002   0.000 2077999000
23.92    3.80    50.849
23.92 30.00   1.331   4.499
23.92 30.00   5.830    67.949
23.92 30.00   4.761   3.413   5.830   0.575
23.92 30.00   4.766   3.405   5.830   0.566

23.93  0.00   0.431   0.425   0.026   0.073   0.001   0.004   0.324   0.002   0.000   0.002   0.000 2078867000
23.93    3.80    50.845
23.93 30.00   1.331   4.499
23.93 30.00   5.830    67.948
23.93 30.00   4.761   3.413   5.830   0.575
23.93 30.00   4.765   3.405   5.830   0.566

23.94  0.00   0.431   0.425   0.026   0.073   0.001   0.004   0.324   0.002   0.000   0.002   0.000 2079736000
23.94    3.80    50.841
23.94 30.00   1.331   4.499
23.94 30.00   5.829    67.947
23.94 30.00   4.761   3.413   5.829   0.575
23.94 30.00   4.765   3.405   5.829   0.566

23.95  0.00   0.431   0.425   0.026   0.073   0.001   0.004   0.324   0.002   0.000   0.002   0.000 2080605000
23.95    3.80    50.837
23.95 30.00   1.331   4.499
23.95 30.00   5.829    67.946
23.95 30.00   4.761   3.413   5.829   0.575
23.95 30.00   4.765   3.405   5.829   0.566

23.96  0.00   0.431   0.425   0.026   0.073   0.001   0.004   0.324   0.002   0.000   0.002   0.000 2081473000
23.96    3.80    50.833
23.96 30.00   1.330   4.499
23.96 30.00   5.829    67.945
23.96 30.00   4.761   3.413   5.829   0.575
23.96 30.00   4.765   3.405   5.829   0.566

23.97  0.00   0.431   0.425   0.026   0.073   0.001   0.004   0.324   0.002   0.000   0.002   0.000 2082342000
23.97    3.79    50.829
23.97 30.00   1.330   4.499
23.97 30.00   5.829    67.945
23.97 30.00   4.760   3.413   5.829   0.575
23.97 30.00   4.765   3.405   5.829   0.566

23.98  0.00   0.431   0.425   0.026   0.073   0.001   0.004   0.324   0.002   0.000   0.002   0.000 2083211000
23.98    3.79    50.825
23.98 30.00   1.330   4.499
23.98 30.00   5.829    67.944
23.98 30.00   4.760   3.412   5.829   0.575
23.98 30.00   4.765   3.405   5.829   0.566

23.99  0.00   0.431   0.425   0.026   0.073   0.001   0.004   0.324   0.002   0.000   0.002   0.000 2084080000
23.99    3.79    50.821
23.99 30.00   1.330   4.499
23.99 30.00   5.829    67.943
23.99 30.00   4.760   3.412   5.829   0.575
23.99 30.00   4.765   3.405   5.829   0.566

24.00  0.00   0.431   0.425   0.026   0.073   0.001   0.004   0.324   0.002   0.000   0.002   0.000 2084948000
24.00    3.79    50.817
24.00 30.00   1.330   4.499
24.00 30.00   5.828    67.942
24.00 30.00   4.760   3.412   5.828   0.575
24.00 30.00   4.764   3.405   5.828   0.566

24.01  0.00   0.431   0.425   0.026   0.073   0.001   0.004   0.324   0.002   0.000   0.002   0.000 2085817000
24.01    3.79    50.813
24.01 30.00   1.330   4.499
24.01 30.00   5.828    67.941
24.01 30.00   4.760   3.412   5.828   0.575
24.01 30.00   4.764   3.405   5.828   0.566

24.02  0.00   0.431   0.425   0.026   0.073   0.001   0.004   0.324   0.002   0.000   0.002   0.000 2086686000
24.02    3.79    50.809
24.02 30.00   1.329   4.499
24.02 30.00   5.828    67.940
24.02 30.00   4.760   3.412   5.828   0.575
24.02 30.00   4.764   3.404   5.828   0.566

24.03  0.00   0.431   0.425   0.026   0.073   0.001   0.004   0.324   0.002   0.000   0.002   0.000 2087555000
24.03    3.79    50.805
24.03 30.00   1.329   4.499
24.03 30.00   5.828    67.940
24.03 30.00   4.760   3.412   5.828   0.575
24.03 30.00   4.764   3.404   5.828   0.566

24.04  0.00   0.431   0.425   0.026   0.073   0.001   0.004   0.324   0.002   0.000   0.002   0.000 2088423000
24.04    3.79    50.801
24.04 30.00   1.329   4.499
24.04 30.00   5.828    67.939
24.04 30.00   4.759   3.412   5.828   0.575
24.04 30.00   4.764   3.404   5.828   0.566

24.05  0.00   0.431   0.425   0.026   0.073   0.001   0.004   0.324   0.002   0.000   0.002   0.000 2089292000
24.05    3.79    50.797
24.05 30.00   1.329   4.499
24.05 30.00   5.828    67.938
24.05 30.00   4.759   3.412   5.828   0.575
24.05 30.00   4.764   3.404   5.828   0.566

24.06  0.00   0.431   0.425   0.026   0.073   0.001   0.004   0.324   0.002   0.000   0.002   0.000 2090161000
24.06    3.79    50.793
24.06 30.00   1.329   4.499
24.06 30.00   5.827    67.937
24.06 30.00   4.759   3.412   5.827   0.575
24.06 30.00   4.764   3.404   5.827   0.566

24.07  0.00   0.431   0.425   0.026   0.073   0.001   0.004   0.324   0.002   0.000   0.002   0.000 2091030000
24.07    3.79    50.789
24.07 30.00   1.329   4.499
24.07 30.00   5.827    67.936
24.07 30.00   4.759   3.412   5.827   0.575
24.07 30.00   4.763   3.404   5.827   0.566

24.08  0.00   0.431   0.425   0.026   0.073   0.001   0.004   0.324   0.002   0.000   0.002   0.000 2091898000
24.08    3.79    50.785
24.08 30.00   1.328   4.499
24.08 30.00   5.827    67.935
24.08 30.00   4.759   3.412   5.827   0.575
24.08 30.00   4.763   3.404   5.827   0.566

24.09  0.00   0.431   0.425   0.026   0.073   0.001   0.004   0.324   0.002   0.000   0.002   0.000 2092767000
24.09    3.79    50.782
24.09 30.00   1.328   4.499
24.09 30.00   5.827    67.934
24.09 30.00   4.759   3.411   5.827   0.575
24.09 30.00   4.763   3.404   5.827   0.566

24.10  0.00   0.431   0.425   0.026   0.073   0.001   0.004   0.324   0.002   0.000   0.002   0.000 2093636000
24.10    3.79    50.778
24.10 30.00   1.328   4.499
24.10 30.00   5.827    67.934
24.10 30.00   4.759   3.411   5.827   0.575
24.10 30.00   4.763   3.404   5.827   0.566

24.11  0.00   0.431   0.425   0.026   0.073   0.001   0.004   0.324   0.002   0.000   0.002   0.000 2094504000
24.11    3.79    50.774
24.11 30.00   1.328   4.499
24.11 30.00   5.827    67.933
24.11 30.00   4.758   3.411   5.827   0.575
24.11 30.00   4.763   3.404   5.827   0.566

24.12  0.00   0.431   0.425   0.026   0.073   0.001   0.004   0.324   0.002   0.000   0.002   0.000 2095373000
24.12    3.79    50.770
24.12 30.00   1.328   4.499
24.12 30.00   5.826    67.932
24.12 30.00   4.758   3.411   5.826   0.575
24.12 30.00   4.763   3.404   5.826   0.566

24.13  0.00   0.431   0.425   0.026   0.073   0.001   0.004   0.324   0.002   0.000   0.002   0.000 2096242000
24.13    3.79    50.766
24.13 30.00   1.328   4.499
24.13 30.00   5.826    67.931
24.13 30.00   4.758   3.411   5.826   0.575
24.13 30.00   4.763   3.403   5.826   0.566

24.14  0.00   0.431   0.425   0.026   0.073   0.001   0.004   0.324   0.002   0.000   0.002   0.000 2097111000
24.14    3.79    50.762
24.14 30.00   1.327   4.499
24.14 30.00   5.826    67.930
24.14 30.00   4.758   3.411   5.826   0.575
24.14 30.00   4.762   3.403   5.826   0.566

24.15  0.00   0.431   0.425   0.026   0.073   0.001   0.004   0.324   0.002   0.000   0.002   0.000 2097979000
24.15    3.79    50.758
24.15 30.00   1.327   4.499
24.15 30.00   5.826    67.929
24.15 30.00   4.758   3.411   5.826   0.575
24.15 30.00   4.762   3.403   5.826   0.566

24.16  0.00   0.431   0.425   0.026   0.073   0.001   0.004   0.324   0.002   0.000   0.002   0.000 2098848000
24.16    3.79    50.754
24.16 30.00   1.327   4.499
24.16 30.00   5.826    67.929
24.16 30.00   4.758   3.411   5.826   0.575
24.16 30.00   4.762   3.403   5.826   0.566

24.17  0.00   0.431   0.425   0.026   0.073   0.001   0.004   0.324   0.002   0.000   0.002   0.000 2099717000
24.17    3.79    50.750
24.17 30.00   1.327   4.499
24.17 30.00   5.826    67.928
24.17 30.00   4.758   3.411   5.826   0.575
24.17 30.00   4.762   3.403   5.826   0.566

24.18  0.00   0.431   0.425   0.026   0.073   0.001   0.004   0.324   0.002   0.000   0.002   0.000 2100586000
24.18    3.79    50.746
24.18 30.00   1.327   4.499
24.18 30.00   5.825    67.927
24.18 30.00   4.757   3.411   5.825   0.575
24.18 30.00   4.762   3.403   5.825   0.566

24.19  0.00   0.431   0.425   0.026   0.073   0.001   0.004   0.324   0.002   0.000   0.002   0.000 2101454000
24.19    3.79    50.742
24.19 30.00   1.327   4.499
24.19 30.00   5.825    67.926
24.19 30.00   4.757   3.411   5.825   0.575
24.19 30.00   4.762   3.403   5.825   0.566

24.20  0.00   0.431   0.425   0.026   0.073   0.001   0.004   0.324   0.002   0.000   0.002   0.000 2102323000
24.20    3.79    50.739
24.20 30.00   1.326   4.499
24.20 30.00   5.825    67.925
24.20 30.00   4.757   3.411   5.825   0.575
24.20 30.00   4.762   3.403   5.825   0.566

24.21  0.00   0.431   0.425   0.026   0.073   0.001   0.004   0.324   0.002   0.000   0.002   0.000 2103192000
24.21    3.79    50.735
24.21 30.00   1.326   4.499
24.21 30.00   5.825    67.924
24.21 30.00   4.757   3.410   5.825   0.575
24.21 30.00   4.761   3.403   5.825   0.566

24.22  0.00   0.431   0.425   0.026   0.073   0.001   0.004   0.324   0.002   0.000   0.002   0.000 2104060000
24.22    3.79    50.731
24.22 30.00   1.326   4.499
24.22 30.00   5.825    67.924
24.22 30.00   4.757   3.410   5.825   0.575
24.22 30.00   4.761   3.403   5.825   0.566

24.23  0.00   0.431   0.425   0.026   0.073   0.001   0.004   0.324   0.002   0.000   0.002   0.000 2104929000
24.23    3.79    50.727
24.23 30.00   1.326   4.499
24.23 30.00   5.825    67.923
24.23 30.00   4.757   3.410   5.825   0.575
24.23 30.00   4.761   3.403   5.825   0.566

24.24  0.00   0.431   0.425   0.026   0.073   0.001   0.004   0.324   0.002   0.000   0.002   0.000 2105798000
24.24    3.79    50.723
24.24 30.00   1.326   4.499
24.24 30.00   5.824    67.922
24.24 30.00   4.757   3.410   5.824   0.575
24.24 30.00   4.761   3.402   5.824   0.566

24.25  0.00   0.431   0.425   0.026   0.073   0.001   0.004   0.324   0.002   0.000   0.002   0.000 2106667000
24.25    3.79    50.719
24.25 30.00   1.326   4.499
24.25 30.00   5.824    67.921
24.25 30.00   4.756   3.410   5.824   0.575
24.25 30.00   4.761   3.402   5.824   0.566

24.26  0.00   0.431   0.425   0.026   0.073   0.001   0.004   0.324   0.002   0.000   0.002   0.000 2107535000
24.26    3.79    50.715
24.26 30.00   1.325   4.499
24.26 30.00   5.824    67.920
24.26 30.00   4.756   3.410   5.824   0.575
24.26 30.00   4.761   3.402   5.824   0.566

24.27  0.00   0.431   0.425   0.026   0.073   0.001   0.004   0.324   0.002   0.000   0.002   0.000 2108404000
24.27    3.79    50.711
24.27 30.00   1.325   4.499
24.27 30.00   5.824    67.920
24.27 30.00   4.756   3.410   5.824   0.575
24.27 30.00   4.761   3.402   5.824   0.566

24.28  0.00   0.431   0.425   0.026   0.073   0.001   0.004   0.324   0.002   0.000   0.002   0.000 2109273000
24.28    3.78    50.708
24.28 30.00   1.325   4.499
24.28 30.00   5.824    67.919
24.28 30.00   4.756   3.410   5.824   0.575
24.28 30.00   4.760   3.402   5.824   0.566

24.29  0.00   0.431   0.425   0.026   0.073   0.001   0.004   0.324   0.002   0.000   0.002   0.000 2110142000
24.29    3.78    50.704
24.29 30.00   1.325   4.499
24.29 30.00   5.824    67.918
24.29 30.00   4.756   3.410   5.824   0.575
24.29 30.00   4.760   3.402   5.824   0.566

24.30  0.00   0.431   0.425   0.026   0.073   0.001   0.004   0.324   0.002   0.000   0.002   0.000 2111010000
24.30    3.78    50.700
24.30 30.00   1.325   4.499
24.30 30.00   5.823    67.917
24.30 30.00   4.756   3.410   5.823   0.575
24.30 30.00   4.760   3.402   5.823   0.566

24.31  0.00   0.431   0.425   0.026   0.073   0.001   0.004   0.324   0.002   0.000   0.002   0.000 2111879000
24.31    3.78    50.696
24.31 30.00   1.325   4.499
24.31 30.00   5.823    67.916
24.31 30.00   4.756   3.410   5.823   0.575
24.31 30.00   4.760   3.402   5.823   0.566

24.32  0.00   0.431   0.425   0.026   0.073   0.001   0.004   0.324   0.002   0.000   0.002   0.000 2112748000
24.32    3.78    50.692
24.32 30.00   1.324   4.499
24.32 30.00   5.823    67.915
24.32 30.00   4.755   3.409   5.823   0.575
24.32 30.00   4.760   3.402   5.823   0.566

24.33  0.00   0.431   0.425   0.026   0.073   0.001   0.004   0.324   0.002   0.000   0.002   0.000 2113617000
24.33    3.78    50.688
24.33 30.00   1.324   4.499
24.33 30.00   5.823    67.915
24.33 30.00   4.755   3.409   5.823   0.575
24.33 30.00   4.760   3.402   5.823   0.566

24.34  0.00   0.431   0.425   0.026   0.073   0.001   0.004   0.324   0.002   0.000   0.002   0.000 2114485000
24.34    3.78    50.684
24.34 30.00   1.324   4.499
24.34 30.00   5.823    67.914
24.34 30.00   4.755   3.409   5.823   0.575
24.34 30.00   4.760   3.402   5.823   0.566

24.35  0.00   0.431   0.425   0.026   0.073   0.001   0.004   0.324   0.002   0.000   0.002   0.000 2115354000
24.35    3.78    50.681
24.35 30.00   1.324   4.499
24.35 30.00   5.823    67.913
24.35 30.00   4.755   3.409   5.823   0.575
24.35 30.00   4.759   3.402   5.823   0.566

24.36  0.00   0.431   0.425   0.026   0.073   0.001   0.004   0.324   0.002   0.000   0.002   0.000 2116223000
24.36    3.78    50.677
24.36 30.00   1.324   4.499
24.36 30.00   5.822    67.912
24.36 30.00   4.755   3.409   5.822   0.575
24.36 30.00   4.759   3.401   5.822   0.566

24.37  0.00   0.431   0.425   0.026   0.073   0.001   0.004   0.324   0.002   0.000   0.002   0.000 2117091000
24.37    3.78    50.673
24.37 30.00   1.324   4.499
24.37 30.00   5.822    67.911
24.37 30.00   4.755   3.409   5.822   0.575
24.37 30.00   4.759   3.401   5.822   0.566

24.38  0.00   0.431   0.425   0.026   0.073   0.001   0.004   0.324   0.002   0.000   0.002   0.000 2117960000
24.38    3.78    50.669
24.38 30.00   1.323   4.499
24.38 30.00   5.822    67.910
24.38 30.00   4.755   3.409   5.822   0.575
24.38 30.00   4.759   3.401   5.822   0.566

24.39  0.00   0.431   0.425   0.026   0.073   0.001   0.004   0.324   0.002   0.000   0.002   0.000 2118829000
24.39    3.78    50.665
24.39 30.00   1.323   4.499
24.39 30.00   5.822    67.910
24.39 30.00   4.755   3.409   5.822   0.575
24.39 30.00   4.759   3.401   5.822   0.566

24.40  0.00   0.431   0.425   0.026   0.073   0.001   0.004   0.324   0.002   0.000   0.002   0.000 2119698000
24.40    3.78    50.661
24.40 30.00   1.323   4.499
24.40 30.00   5.822    67.909
24.40 30.00   4.754   3.409   5.822   0.575
24.40 30.00   4.759   3.401   5.822   0.566

24.41  0.00   0.431   0.425   0.026   0.073   0.001   0.004   0.324   0.002   0.000   0.002   0.000 2120566000
24.41    3.78    50.658
24.41 30.00   1.323   4.499
24.41 30.00   5.822    67.908
24.41 30.00   4.754   3.409   5.822   0.575
24.41 30.00   4.759   3.401   5.822   0.566

24.42  0.00   0.431   0.425   0.026   0.073   0.001   0.004   0.324   0.002   0.000   0.002   0.000 2121435000
24.42    3.78    50.654
24.42 30.00   1.323   4.499
24.42 30.00   5.821    67.907
24.42 30.00   4.754   3.409   5.821   0.575
24.42 30.00   4.759   3.401   5.821   0.566

24.43  0.00   0.431   0.425   0.026   0.073   0.001   0.004   0.324   0.002   0.000   0.002   0.000 2122304000
24.43    3.78    50.650
24.43 30.00   1.323   4.499
24.43 30.00   5.821    67.906
24.43 30.00   4.754   3.408   5.821   0.575
24.43 30.00   4.758   3.401   5.821   0.566

24.44  0.00   0.431   0.424   0.026   0.073   0.001   0.004   0.324   0.002   0.000   0.002   0.000 2123173000
24.44    3.78    50.646
24.44 30.00   1.322   4.499
24.44 30.00   5.821    67.906
24.44 30.00   4.754   3.408   5.821   0.575
24.44 30.00   4.758   3.401   5.821   0.566

24.45  0.00   0.431   0.424   0.026   0.073   0.001   0.004   0.324   0.002   0.000   0.002   0.000 2124041000
24.45    3.78    50.642
24.45 30.00   1.322   4.499
24.45 30.00   5.821    67.905
24.45 30.00   4.754   3.408   5.821   0.575
24.45 30.00   4.758   3.401   5.821   0.566

24.46  0.00   0.431   0.424   0.026   0.073   0.001   0.004   0.324   0.002   0.000   0.002   0.000 2124910000
24.46    3.78    50.638
24.46 30.00   1.322   4.499
24.46 30.00   5.821    67.904
24.46 30.00   4.754   3.408   5.821   0.575
24.46 30.00   4.758   3.401   5.821   0.566

24.47  0.00   0.431   0.424   0.026   0.073   0.001   0.004   0.324   0.002   0.000   0.002   0.000 2125779000
24.47    3.78    50.635
24.47 30.00   1.322   4.499
24.47 30.00   5.821    67.903
24.47 30.00   4.753   3.408   5.821   0.575
24.47 30.00   4.758   3.400   5.821   0.566

24.48  0.00   0.431   0.424   0.026   0.073   0.001   0.004   0.324   0.002   0.000   0.002   0.000 2126647000
24.48    3.78    50.631
24.48 30.00   1.322   4.499
24.48 30.00   5.820    67.902
24.48 30.00   4.753   3.408   5.820   0.575
24.48 30.00   4.758   3.400   5.820   0.566

24.49  0.00   0.431   0.424   0.026   0.073   0.001   0.004   0.324   0.002   0.000   0.002   0.000 2127516000
24.49    3.78    50.627
24.49 30.00   1.322   4.499
24.49 30.00   5.820    67.901
24.49 30.00   4.753   3.408   5.820   0.575
24.49 30.00   4.758   3.400   5.820   0.566

24.50  0.00   0.431   0.424   0.026   0.073   0.001   0.004   0.324   0.002   0.000   0.002   0.000 2128385000
24.50    3.78    50.623
24.50 30.00   1.321   4.499
24.50 30.00   5.820    67.901
24.50 30.00   4.753   3.408   5.820   0.575
24.50 30.00   4.757   3.400   5.820   0.566

24.51  0.00   0.431   0.424   0.026   0.073   0.001   0.004   0.324   0.002   0.000   0.002   0.000 2129254000
24.51    3.78    50.619
24.51 30.00   1.321   4.499
24.51 30.00   5.820    67.900
24.51 30.00   4.753   3.408   5.820   0.575
24.51 30.00   4.757   3.400   5.820   0.566

24.52  0.00   0.431   0.424   0.026   0.073   0.001   0.004   0.324   0.002   0.000   0.002   0.000 2130122000
24.52    3.78    50.616
24.52 30.00   1.321   4.499
24.52 30.00   5.820    67.899
24.52 30.00   4.753   3.408   5.820   0.575
24.52 30.00   4.757   3.400   5.820   0.566

24.53  0.00   0.431   0.424   0.026   0.073   0.001   0.004   0.324   0.002   0.000   0.002   0.000 2130991000
24.53    3.78    50.612
24.53 30.00   1.321   4.499
24.53 30.00   5.820    67.898
24.53 30.00   4.753   3.408   5.820   0.575
24.53 30.00   4.757   3.400   5.820   0.566

24.54  0.00   0.431   0.424   0.026   0.073   0.001   0.004   0.324   0.002   0.000   0.002   0.000 2131860000
24.54    3.78    50.608
24.54 30.00   1.321   4.499
24.54 30.00   5.819    67.897
24.54 30.00   4.752   3.407   5.819   0.575
24.54 30.00   4.757   3.400   5.819   0.566

24.55  0.00   0.431   0.424   0.026   0.073   0.001   0.004   0.324   0.002   0.000   0.002   0.000 2132728000
24.55    3.78    50.604
24.55 30.00   1.321   4.499
24.55 30.00   5.819    67.897
24.55 30.00   4.752   3.407   5.819   0.575
24.55 30.00   4.757   3.400   5.819   0.566

24.56  0.00   0.431   0.424   0.026   0.073   0.001   0.004   0.324   0.002   0.000   0.002   0.000 2133597000
24.56    3.78    50.600
24.56 30.00   1.320   4.499
24.56 30.00   5.819    67.896
24.56 30.00   4.752   3.407   5.819   0.575
24.56 30.00   4.757   3.400   5.819   0.566

24.57  0.00   0.431   0.424   0.026   0.073   0.001   0.004   0.324   0.002   0.000   0.002   0.000 2134466000
24.57    3.78    50.597
24.57 30.00   1.320   4.499
24.57 30.00   5.819    67.895
24.57 30.00   4.752   3.407   5.819   0.575
24.57 30.00   4.756   3.400   5.819   0.566

24.58  0.00   0.431   0.424   0.026   0.073   0.001   0.004   0.324   0.002   0.000   0.002   0.000 2135335000
24.58    3.78    50.593
24.58 30.00   1.320   4.499
24.58 30.00   5.819    67.894
24.58 30.00   4.752   3.407   5.819   0.575
24.58 30.00   4.756   3.400   5.819   0.566

24.59  0.00   0.431   0.424   0.026   0.073   0.001   0.004   0.324   0.002   0.000   0.002   0.000 2136203000
24.59    3.78    50.589
24.59 30.00   1.320   4.499
24.59 30.00   5.819    67.893
24.59 30.00   4.752   3.407   5.819   0.575
24.59 30.00   4.756   3.399   5.819   0.566

24.60  0.00   0.431   0.424   0.026   0.073   0.001   0.004   0.324   0.002   0.000   0.002   0.000 2137072000
24.60    3.77    50.585
24.60 30.00   1.320   4.499
24.60 30.00   5.819    67.893
24.60 30.00   4.752   3.407   5.819   0.575
24.60 30.00   4.756   3.399   5.819   0.566

24.61  0.00   0.431   0.424   0.026   0.073   0.001   0.004   0.324   0.002   0.000   0.002   0.000 2137941000
24.61    3.77    50.581
24.61 30.00   1.320   4.499
24.61 30.00   5.818    67.892
24.61 30.00   4.751   3.407   5.818   0.575
24.61 30.00   4.756   3.399   5.818   0.566

24.62  0.00   0.431   0.424   0.026   0.073   0.001   0.004   0.324   0.002   0.000   0.002   0.000 2138810000
24.62    3.77    50.578
24.62 30.00   1.320   4.499
24.62 30.00   5.818    67.891
24.62 30.00   4.751   3.407   5.818   0.575
24.62 30.00   4.756   3.399   5.818   0.566

24.63  0.00   0.431   0.424   0.026   0.073   0.001   0.004   0.324   0.002   0.000   0.002   0.000 2139678000
24.63    3.77    50.574
24.63 30.00   1.319   4.499
24.63 30.00   5.818    67.890
24.63 30.00   4.751   3.407   5.818   0.575
24.63 30.00   4.756   3.399   5.818   0.566

24.64  0.00   0.431   0.424   0.026   0.073   0.001   0.004   0.324   0.002   0.000   0.002   0.000 2140547000
24.64    3.77    50.570
24.64 30.00   1.319   4.499
24.64 30.00   5.818    67.889
24.64 30.00   4.751   3.407   5.818   0.575
24.64 30.00   4.755   3.399   5.818   0.566

24.65  0.00   0.431   0.424   0.026   0.073   0.001   0.004   0.324   0.002   0.000   0.002   0.000 2141416000
24.65    3.77    50.566
24.65 30.00   1.319   4.499
24.65 30.00   5.818    67.889
24.65 30.00   4.751   3.407   5.818   0.575
24.65 30.00   4.755   3.399   5.818   0.566

24.66  0.00   0.431   0.424   0.026   0.073   0.001   0.004   0.324   0.002   0.000   0.002   0.000 2142285000
24.66    3.77    50.563
24.66 30.00   1.319   4.499
24.66 30.00   5.818    67.888
24.66 30.00   4.751   3.406   5.818   0.575
24.66 30.00   4.755   3.399   5.818   0.566

24.67  0.00   0.431   0.424   0.026   0.073   0.001   0.004   0.324   0.002   0.000   0.002   0.000 2143153000
24.67    3.77    50.559
24.67 30.00   1.319   4.499
24.67 30.00   5.817    67.887
24.67 30.00   4.751   3.406   5.817   0.575
24.67 30.00   4.755   3.399   5.817   0.566

24.68  0.00   0.431   0.424   0.026   0.073   0.001   0.004   0.324   0.002   0.000   0.002   0.000 2144022000
24.68    3.77    50.555
24.68 30.00   1.319   4.499
24.68 30.00   5.817    67.886
24.68 30.00   4.751   3.406   5.817   0.575
24.68 30.00   4.755   3.399   5.817   0.566

24.69  0.00   0.431   0.424   0.026   0.073   0.001   0.004   0.324   0.002   0.000   0.002   0.000 2144891000
24.69    3.77    50.551
24.69 30.00   1.318   4.499
24.69 30.00   5.817    67.885
24.69 30.00   4.750   3.406   5.817   0.575
24.69 30.00   4.755   3.399   5.817   0.566

24.70  0.00   0.431   0.424   0.026   0.073   0.001   0.004   0.324   0.002   0.000   0.002   0.000 2145759000
24.70    3.77    50.547
24.70 30.00   1.318   4.499
24.70 30.00   5.817    67.885
24.70 30.00   4.750   3.406   5.817   0.575
24.70 30.00   4.755   3.398   5.817   0.566

24.71  0.00   0.431   0.424   0.026   0.073   0.001   0.004   0.324   0.002   0.000   0.002   0.000 2146628000
24.71    3.77    50.544
24.71 30.00   1.318   4.499
24.71 30.00   5.817    67.884
24.71 30.00   4.750   3.406   5.817   0.575
24.71 30.00   4.755   3.398   5.817   0.566

24.72  0.00   0.431   0.424   0.026   0.073   0.001   0.004   0.324   0.002   0.000   0.002   0.000 2147497000
24.72    3.77    50.540
24.72 30.00   1.318   4.499
24.72 30.00   5.817    67.883
24.72 30.00   4.750   3.406   5.817   0.575
24.72 30.00   4.754   3.398   5.817   0.566

24.73  0.00   0.431   0.424   0.026   0.073   0.001   0.004   0.324   0.002   0.000   0.002   0.000 2148366000
24.73    3.77    50.536
24.73 30.00   1.318   4.499
24.73 30.00   5.816    67.882
24.73 30.00   4.750   3.406   5.816   0.575
24.73 30.00   4.754   3.398   5.816   0.566

24.74  0.00   0.431   0.424   0.026   0.073   0.001   0.004   0.324   0.002   0.000   0.002   0.000 2149234000
24.74    3.77    50.532
24.74 30.00   1.318   4.499
24.74 30.00   5.816    67.881
24.74 30.00   4.750   3.406   5.816   0.575
24.74 30.00   4.754   3.398   5.816   0.566

24.75  0.00   0.431   0.424   0.026   0.073   0.001   0.004   0.324   0.002   0.000   0.002   0.000 2150103000
24.75    3.77    50.529
24.75 30.00   1.317   4.499
24.75 30.00   5.816    67.881
24.75 30.00   4.750   3.406   5.816   0.575
24.75 30.00   4.754   3.398   5.816   0.566

24.76  0.00   0.431   0.424   0.026   0.073   0.001   0.004   0.324   0.002   0.000   0.002   0.000 2150972000
24.76    3.77    50.525
24.76 30.00   1.317   4.499
24.76 30.00   5.816    67.880
24.76 30.00   4.749   3.406   5.816   0.575
24.76 30.00   4.754   3.398   5.816   0.566

24.77  0.00   0.431   0.424   0.026   0.073   0.001   0.004   0.324   0.002   0.000   0.002   0.000 2151841000
24.77    3.77    50.521
24.77 30.00   1.317   4.499
24.77 30.00   5.816    67.879
24.77 30.00   4.749   3.406   5.816   0.575
24.77 30.00   4.754   3.398   5.816   0.566

24.78  0.00   0.431   0.424   0.026   0.073   0.001   0.004   0.324   0.002   0.000   0.002   0.000 2152709000
24.78    3.77    50.518
24.78 30.00   1.317   4.499
24.78 30.00   5.816    67.878
24.78 30.00   4.749   3.405   5.816   0.575
24.78 30.00   4.754   3.398   5.816   0.566

24.79  0.00   0.431   0.424   0.026   0.073   0.001   0.004   0.324   0.002   0.000   0.002   0.000 2153578000
24.79    3.77    50.514
24.79 30.00   1.317   4.499
24.79 30.00   5.815    67.877
24.79 30.00   4.749   3.405   5.815   0.575
24.79 30.00   4.753   3.398   5.815   0.566

24.80  0.00   0.431   0.424   0.026   0.073   0.001   0.004   0.324   0.002   0.000   0.002   0.000 2154447000
24.80    3.77    50.510
24.80 30.00   1.317   4.499
24.80 30.00   5.815    67.877
24.80 30.00   4.749   3.405   5.815   0.575
24.80 30.00   4.753   3.398   5.815   0.566

24.81  0.00   0.431   0.424   0.026   0.073   0.001   0.004   0.324   0.002   0.000   0.002   0.000 2155315000
24.81    3.77    50.506
24.81 30.00   1.316   4.499
24.81 30.00   5.815    67.876
24.81 30.00   4.749   3.405   5.815   0.575
24.81 30.00   4.753   3.398   5.815   0.566

24.82  0.00   0.431   0.424   0.026   0.073   0.001   0.004   0.324   0.002   0.000   0.002   0.000 2156184000
24.82    3.77    50.503
24.82 30.00   1.316   4.499
24.82 30.00   5.815    67.875
24.82 30.00   4.749   3.405   5.815   0.575
24.82 30.00   4.753   3.397   5.815   0.566

24.83  0.00   0.431   0.424   0.026   0.073   0.001   0.004   0.324   0.002   0.000   0.002   0.000 2157053000
24.83    3.77    50.499
24.83 30.00   1.316   4.499
24.83 30.00   5.815    67.874
24.83 30.00   4.749   3.405   5.815   0.575
24.83 30.00   4.753   3.397   5.815   0.566

24.84  0.00   0.431   0.424   0.026   0.073   0.001   0.004   0.324   0.002   0.000   0.002   0.000 2157922000
24.84    3.77    50.495
24.84 30.00   1.316   4.499
24.84 30.00   5.815    67.874
24.84 30.00   4.748   3.405   5.815   0.575
24.84 30.00   4.753   3.397   5.815   0.566

24.85  0.00   0.431   0.424   0.026   0.073   0.001   0.004   0.324   0.002   0.000   0.002   0.000 2158790000
24.85    3.77    50.491
24.85 30.00   1.316   4.499
24.85 30.00   5.815    67.873
24.85 30.00   4.748   3.405   5.815   0.575
24.85 30.00   4.753   3.397   5.815   0.566

24.86  0.00   0.431   0.424   0.026   0.073   0.001   0.004   0.324   0.002   0.000   0.002   0.000 2159659000
24.86    3.77    50.488
24.86 30.00   1.316   4.499
24.86 30.00   5.814    67.872
24.86 30.00   4.748   3.405   5.814   0.575
24.86 30.00   4.753   3.397   5.814   0.566

24.87  0.00   0.431   0.424   0.026   0.073   0.001   0.004   0.324   0.002   0.000   0.002   0.000 2160528000
24.87    3.77    50.484
24.87 30.00   1.316   4.499
24.87 30.00   5.814    67.871
24.87 30.00   4.748   3.405   5.814   0.575
24.87 30.00   4.752   3.397   5.814   0.566

24.88  0.00   0.431   0.424   0.026   0.073   0.001   0.004   0.324   0.002   0.000   0.002   0.000 2161396000
24.88    3.77    50.480
24.88 30.00   1.315   4.499
24.88 30.00   5.814    67.870
24.88 30.00   4.748   3.405   5.814   0.575
24.88 30.00   4.752   3.397   5.814   0.566

24.89  0.00   0.431   0.424   0.026   0.073   0.001   0.004   0.324   0.002   0.000   0.002   0.000 2162265000
24.89    3.77    50.477
24.89 30.00   1.315   4.499
24.89 30.00   5.814    67.870
24.89 30.00   4.748   3.404   5.814   0.575
24.89 30.00   4.752   3.397   5.814   0.566

24.90  0.00   0.431   0.424   0.026   0.073   0.001   0.004   0.324   0.002   0.000   0.002   0.000 2163134000
24.90    3.77    50.473
24.90 30.00   1.315   4.499
24.90 30.00   5.814    67.869
24.90 30.00   4.748   3.404   5.814   0.575
24.90 30.00   4.752   3.397   5.814   0.566

24.91  0.00   0.431   0.424   0.026   0.073   0.001   0.004   0.324   0.002   0.000   0.002   0.000 2164003000
24.91    3.77    50.469
24.91 30.00   1.315   4.499
24.91 30.00   5.814    67.868
24.91 30.00   4.747   3.404   5.814   0.575
24.91 30.00   4.752   3.397   5.814   0.566

24.92  0.00   0.431   0.424   0.026   0.073   0.001   0.004   0.324   0.002   0.000   0.002   0.000 2164871000
24.92    3.77    50.465
24.92 30.00   1.315   4.499
24.92 30.00   5.813    67.867
24.92 30.00   4.747   3.404   5.813   0.575
24.92 30.00   4.752   3.397   5.813   0.566

24.93  0.00   0.431   0.424   0.026   0.073   0.001   0.004   0.324   0.002   0.000   0.002   0.000 2165740000
24.93    3.76    50.462
24.93 30.00   1.315   4.499
24.93 30.00   5.813    67.866
24.93 30.00   4.747   3.404   5.813   0.574
24.93 30.00   4.752   3.397   5.813   0.566

24.94  0.00   0.431   0.424   0.026   0.073   0.001   0.004   0.324   0.002   0.000   0.002   0.000 2166609000
24.94    3.76    50.458
24.94 30.00   1.314   4.499
24.94 30.00   5.813    67.866
24.94 30.00   4.747   3.404   5.813   0.574
24.94 30.00   4.751   3.396   5.813   0.566

24.95  0.00   0.431   0.424   0.026   0.073   0.001   0.004   0.324   0.002   0.000   0.002   0.000 2167478000
24.95    3.76    50.454
24.95 30.00   1.314   4.499
24.95 30.00   5.813    67.865
24.95 30.00   4.747   3.404   5.813   0.574
24.95 30.00   4.751   3.396   5.813   0.566

24.96  0.00   0.431   0.424   0.026   0.073   0.001   0.004   0.324   0.002   0.000   0.002   0.000 2168346000
24.96    3.76    50.451
24.96 30.00   1.314   4.499
24.96 30.00   5.813    67.864
24.96 30.00   4.747   3.404   5.813   0.574
24.96 30.00   4.751   3.396   5.813   0.566

24.97  0.00   0.431   0.424   0.026   0.073   0.001   0.004   0.324   0.002   0.000   0.002   0.000 2169215000
24.97    3.76    50.447
24.97 30.00   1.314   4.499
24.97 30.00   5.813    67.863
24.97 30.00   4.747   3.404   5.813   0.574
24.97 30.00   4.751   3.396   5.813   0.566

24.98  0.00   0.431   0.424   0.026   0.073   0.001   0.004   0.324   0.002   0.000   0.002   0.000 2170084000
24.98    3.76    50.443
24.98 30.00   1.314   4.499
24.98 30.00   5.812    67.863
24.98 30.00   4.747   3.404   5.812   0.574
24.98 30.00   4.751   3.396   5.812   0.566

24.99  0.00   0.431   0.424   0.026   0.073   0.001   0.004   0.324   0.002   0.000   0.002   0.000 2170952000
24.99    3.76    50.440
24.99 30.00   1.314   4.499
24.99 30.00   5.812    67.862
24.99 30.00   4.746   3.404   5.812   0.574
24.99 30.00   4.751   3.396   5.812   0.566

25.00  0.00   0.431   0.424   0.026   0.073   0.001   0.004   0.324   0.002   0.000   0.002   0.000 2171821000
25.00    3.76    50.436
25.00 30.00   1.313   4.499
25.00 30.00   5.812    67.861
25.00 30.00   4.746   3.404   5.812   0.574
25.00 30.00   4.751   3.396   5.812   0.566
