
                -------->  BODY TRANSITIONING TO TURBULENT FLOW  <--------

 0.01  0.00   0.290   0.283  0.169   0.009   0.020  0.056   0.036   0.000  0.000    868729
 0.01 13.37 110.136
 0.01 15.00   3.172   1.205
 0.01 15.00   4.377 103.456
 0.01 15.00   4.148   1.433   4.377   0.311
 0.01 15.00   4.150   1.426   4.377   0.304

 0.02  0.00   0.291   0.284  0.197   0.011   0.018  0.040   0.025   0.000  0.000   1737457
 0.02 13.37 110.136
 0.02 15.00   3.172   1.205
 0.02 15.00   4.377 103.456
 0.02 15.00   4.148   1.434   4.377   0.311
 0.02 15.00   4.149   1.427   4.377   0.304

 0.03  0.00   0.282   0.275  0.199   0.011   0.018  0.032   0.021   0.000  0.000   2606186
 0.03 13.37 110.136
 0.03 15.00   3.172   1.205
 0.03 15.00   4.377 103.456
 0.03 15.00   4.150   1.424   4.377   0.302
 0.03 15.00   4.152   1.418   4.377   0.295

 0.04  0.00   0.273   0.267  0.198   0.011   0.018  0.028   0.018   0.000  0.000   3474914
 0.04 13.37 110.136
 0.04 15.00   3.172   1.205
 0.04 15.00   4.377 103.456
 0.04 15.00   4.152   1.416   4.377   0.293
 0.04 15.00   4.154   1.409   4.377   0.286

 0.05  0.00   0.269   0.262  0.196   0.011   0.018  0.027   0.017   0.000  0.000   4343642
 0.05 13.37 110.136
 0.05 15.00   3.172   1.205
 0.05 15.00   4.377 103.456
 0.05 15.00   4.154   1.411   4.377   0.288
 0.05 15.00   4.155   1.404   4.377   0.281

 0.06  0.00   0.266   0.260  0.193   0.011   0.018  0.027   0.017   0.000  0.000   5212371
 0.06 13.37 110.136
 0.06 15.00   3.172   1.205
 0.06 15.00   4.377 103.456
 0.06 15.00   4.154   1.408   4.377   0.285
 0.06 15.00   4.156   1.402   4.377   0.278

 0.07  0.00   0.264   0.257  0.191   0.010   0.018  0.027   0.017   0.000  0.000   6081100
 0.07 13.37 110.136
 0.07 15.00   3.172   1.205
 0.07 15.00   4.377 103.456
 0.07 15.00   4.155   1.406   4.377   0.283
 0.07 15.00   4.157   1.399   4.377   0.276

 0.08  0.00   0.261   0.255  0.189   0.010   0.019  0.027   0.017   0.000  0.000   6949828
 0.08 13.37 110.136
 0.08 15.00   3.172   1.205
 0.08 15.00   4.377 103.456
 0.08 15.00   4.156   1.404   4.377   0.280
 0.08 15.00   4.157   1.397   4.377   0.273

 0.09  0.00   0.259   0.253  0.187   0.010   0.019  0.027   0.017   0.000  0.000   7818557
 0.09 13.37 110.136
 0.09 15.00   3.172   1.205
 0.09 15.00   4.377 103.456
 0.09 15.00   4.156   1.401   4.377   0.278
 0.09 15.00   4.158   1.394   4.377   0.271

 0.10  0.00   0.258   0.251  0.185   0.010   0.019  0.027   0.017   0.000  0.000   8687285
 0.10 13.37 110.136
 0.10 15.00   3.172   1.205
 0.10 15.00   4.377 103.456
 0.10 15.00   4.157   1.400   4.377   0.276
 0.10 15.00   4.158   1.393   4.377   0.269

 0.11  0.00   0.258   0.251  0.185   0.010   0.019  0.027   0.017   0.000  0.000   9556014
 0.11 13.37 110.136
 0.11 15.00   3.172   1.205
 0.11 15.00   4.377 103.456
 0.11 15.00   4.157   1.400   4.377   0.276
 0.11 15.00   4.158   1.393   4.377   0.269

 0.12  0.00   0.258   0.251  0.185   0.010   0.019  0.027   0.017   0.000  0.000  10424740
 0.12 13.37 110.136
 0.12 15.00   3.172   1.205
 0.12 15.00   4.377 103.456
 0.12 15.00   4.157   1.400   4.377   0.276
 0.12 15.00   4.158   1.393   4.377   0.269

                -------->  FINS TRANSITIONING TO TURBULENT FLOW  <--------

 0.13  0.00   0.258   0.251  0.185   0.010   0.019  0.027   0.017   0.000  0.000  11293470
 0.13 13.37 110.136
 0.13 15.00   3.172   1.205
 0.13 15.00   4.377 103.456
 0.13 15.00   4.157   1.400   4.377   0.276
 0.13 15.00   4.158   1.393   4.377   0.269

 0.14  0.00   0.258   0.251  0.185   0.010   0.019  0.027   0.017   0.000  0.000  12162200
 0.14 13.37 110.136
 0.14 15.00   3.172   1.205
 0.14 15.00   4.377 103.456
 0.14 15.00   4.157   1.400   4.377   0.276
 0.14 15.00   4.158   1.393   4.377   0.269

 0.15  0.00   0.258   0.251  0.185   0.010   0.019  0.027   0.017   0.000  0.000  13030930
 0.15 13.37 110.136
 0.15 15.00   3.172   1.205
 0.15 15.00   4.377 103.456
 0.15 15.00   4.157   1.400   4.377   0.276
 0.15 15.00   4.158   1.393   4.377   0.269

 0.16  0.00   0.258   0.251  0.185   0.010   0.019  0.027   0.017   0.000  0.000  13899660
 0.16 13.37 110.136
 0.16 15.00   3.172   1.205
 0.16 15.00   4.377 103.456
 0.16 15.00   4.157   1.400   4.377   0.276
 0.16 15.00   4.158   1.393   4.377   0.269

 0.17  0.00   0.258   0.251  0.185   0.010   0.019  0.027   0.017   0.000  0.000  14768380
 0.17 13.37 110.136
 0.17 15.00   3.172   1.205
 0.17 15.00   4.377 103.456
 0.17 15.00   4.157   1.400   4.377   0.276
 0.17 15.00   4.158   1.393   4.377   0.269

 0.18  0.00   0.258   0.251  0.185   0.010   0.019  0.027   0.017   0.000  0.000  15637110
 0.18 13.37 110.136
 0.18 15.00   3.172   1.205
 0.18 15.00   4.377 103.456
 0.18 15.00   4.157   1.400   4.377   0.276
 0.18 15.00   4.158   1.393   4.377   0.269

 0.19  0.00   0.258   0.251  0.185   0.010   0.019  0.027   0.017   0.000  0.000  16505840
 0.19 13.37 110.136
 0.19 15.00   3.172   1.205
 0.19 15.00   4.377 103.456
 0.19 15.00   4.157   1.400   4.377   0.276
 0.19 15.00   4.158   1.393   4.377   0.269

 0.20  0.00   0.258   0.251  0.185   0.010   0.019  0.027   0.017   0.000  0.000  17374570
 0.20 13.37 110.136
 0.20 15.00   3.172   1.205
 0.20 15.00   4.377 103.456
 0.20 15.00   4.157   1.400   4.377   0.276
 0.20 15.00   4.159   1.393   4.377   0.269

 0.21  0.00   0.258   0.251  0.185   0.010   0.019  0.027   0.017   0.000  0.000  18243300
 0.21 13.37 110.136
 0.21 15.00   3.172   1.205
 0.21 15.00   4.377 103.456
 0.21 15.00   4.157   1.400   4.377   0.276
 0.21 15.00   4.159   1.393   4.377   0.269

 0.22  0.00   0.257   0.251  0.185   0.010   0.019  0.027   0.017   0.000  0.000  19112030
 0.22 13.37 110.136
 0.22 15.00   3.172   1.205
 0.22 15.00   4.377 103.456
 0.22 15.00   4.157   1.399   4.377   0.276
 0.22 15.00   4.159   1.393   4.377   0.269

 0.23  0.00   0.257   0.251  0.185   0.010   0.019  0.027   0.017   0.000  0.000  19980760
 0.23 13.37 110.136
 0.23 15.00   3.172   1.205
 0.23 15.00   4.377 103.456
 0.23 15.00   4.157   1.399   4.377   0.276
 0.23 15.00   4.159   1.393   4.377   0.269

 0.24  0.00   0.257   0.251  0.185   0.010   0.019  0.027   0.017   0.000  0.000  20849480
 0.24 13.37 110.136
 0.24 15.00   3.172   1.205
 0.24 15.00   4.377 103.456
 0.24 15.00   4.157   1.399   4.377   0.276
 0.24 15.00   4.159   1.393   4.377   0.269

 0.25  0.00   0.257   0.251  0.185   0.010   0.019  0.027   0.017   0.000  0.000  21718210
 0.25 13.37 110.136
 0.25 15.00   3.172   1.205
 0.25 15.00   4.377 103.456
 0.25 15.00   4.157   1.399   4.377   0.276
 0.25 15.00   4.159   1.393   4.377   0.269

 0.26  0.00   0.257   0.251  0.185   0.010   0.019  0.027   0.017   0.000  0.000  22586940
 0.26 13.37 110.136
 0.26 15.00   3.172   1.205
 0.26 15.00   4.377 103.456
 0.26 15.00   4.157   1.399   4.377   0.276
 0.26 15.00   4.159   1.393   4.377   0.269

 0.27  0.00   0.257   0.251  0.185   0.010   0.019  0.027   0.017   0.000  0.000  23455670
 0.27 13.37 110.136
 0.27 15.00   3.172   1.205
 0.27 15.00   4.377 103.456
 0.27 15.00   4.157   1.400   4.377   0.276
 0.27 15.00   4.159   1.393   4.377   0.269

 0.28  0.00   0.258   0.251  0.185   0.010   0.019  0.027   0.017   0.000  0.000  24324400
 0.28 13.37 110.136
 0.28 15.00   3.172   1.205
 0.28 15.00   4.377 103.456
 0.28 15.00   4.157   1.400   4.377   0.276
 0.28 15.00   4.159   1.393   4.377   0.269

 0.29  0.00   0.258   0.251  0.185   0.010   0.019  0.027   0.017   0.000  0.000  25193130
 0.29 13.37 110.136
 0.29 15.00   3.172   1.205
 0.29 15.00   4.377 103.456
 0.29 15.00   4.157   1.400   4.377   0.276
 0.29 15.00   4.158   1.393   4.377   0.269

 0.30  0.00   0.258   0.251  0.185   0.010   0.019  0.027   0.017   0.000  0.000  26061860
 0.30 13.37 110.136
 0.30 15.00   3.172   1.205
 0.30 15.00   4.377 103.456
 0.30 15.00   4.157   1.400   4.377   0.276
 0.30 15.00   4.158   1.393   4.377   0.269

 0.31  0.00   0.258   0.251  0.185   0.010   0.019  0.027   0.017   0.000  0.000  26930580
 0.31 13.37 110.136
 0.31 15.00   3.172   1.205
 0.31 15.00   4.377 103.456
 0.31 15.00   4.157   1.400   4.377   0.276
 0.31 15.00   4.158   1.393   4.377   0.269

 0.32  0.00   0.258   0.251  0.184   0.010   0.019  0.027   0.017   0.000  0.000  27799310
 0.32 13.37 110.136
 0.32 15.00   3.172   1.205
 0.32 15.00   4.377 103.456
 0.32 15.00   4.157   1.400   4.377   0.276
 0.32 15.00   4.158   1.393   4.377   0.269

 0.33  0.00   0.258   0.251  0.184   0.010   0.019  0.027   0.017   0.000  0.000  28668040
 0.33 13.37 110.136
 0.33 15.00   3.172   1.205
 0.33 15.00   4.377 103.456
 0.33 15.00   4.157   1.400   4.377   0.276
 0.33 15.00   4.158   1.393   4.377   0.269

 0.34  0.00   0.258   0.251  0.184   0.010   0.019  0.027   0.017   0.000  0.000  29536770
 0.34 13.37 110.136
 0.34 15.00   3.172   1.205
 0.34 15.00   4.377 103.456
 0.34 15.00   4.157   1.400   4.377   0.276
 0.34 15.00   4.158   1.393   4.377   0.269

 0.35  0.00   0.258   0.251  0.184   0.010   0.019  0.027   0.018   0.000  0.000  30405500
 0.35 13.37 110.136
 0.35 15.00   3.172   1.205
 0.35 15.00   4.377 103.456
 0.35 15.00   4.157   1.400   4.377   0.276
 0.35 15.00   4.158   1.393   4.377   0.269

 0.36  0.00   0.258   0.251  0.184   0.010   0.019  0.027   0.018   0.000  0.000  31274230
 0.36 13.37 110.136
 0.36 15.00   3.172   1.205
 0.36 15.00   4.377 103.456
 0.36 15.00   4.157   1.400   4.377   0.277
 0.36 15.00   4.158   1.393   4.377   0.269

 0.37  0.00   0.258   0.251  0.184   0.010   0.019  0.027   0.018   0.000  0.000  32142960
 0.37 13.37 110.136
 0.37 15.00   3.172   1.205
 0.37 15.00   4.377 103.456
 0.37 15.00   4.157   1.400   4.377   0.277
 0.37 15.00   4.158   1.393   4.377   0.270

 0.38  0.00   0.258   0.252  0.184   0.010   0.019  0.027   0.018   0.000  0.000  33011680
 0.38 13.37 110.136
 0.38 15.00   3.172   1.205
 0.38 15.00   4.377 103.456
 0.38 15.00   4.157   1.400   4.377   0.277
 0.38 15.00   4.158   1.393   4.377   0.270

 0.39  0.00   0.258   0.252  0.184   0.010   0.019  0.027   0.018   0.000  0.000  33880410
 0.39 13.37 110.136
 0.39 15.00   3.172   1.199
 0.39 15.00   4.371 103.492
 0.39 15.00   4.151   1.399   4.371   0.277
 0.39 15.00   4.153   1.392   4.371   0.270

 0.40  0.00   0.258   0.252  0.184   0.010   0.019  0.028   0.018   0.000  0.000  34749140
 0.40 13.37 110.136
 0.40 15.00   3.172   1.183
 0.40 15.00   4.355 103.593
 0.40 15.00   4.135   1.394   4.355   0.277
 0.40 15.00   4.137   1.388   4.355   0.270

 0.41  0.00   0.258   0.252  0.184   0.010   0.019  0.028   0.018   0.000  0.000  35617870
 0.41 13.37 110.136
 0.41 15.00   3.172   1.167
 0.41 15.00   4.338 103.695
 0.41 15.00   4.119   1.390   4.338   0.277
 0.41 15.00   4.121   1.383   4.338   0.270

 0.42  0.00   0.258   0.252  0.184   0.010   0.019  0.028   0.018   0.000  0.000  36486600
 0.42 13.37 110.136
 0.42 15.00   3.172   1.150
 0.42 15.00   4.322 103.797
 0.42 15.00   4.103   1.386   4.322   0.277
 0.42 15.00   4.105   1.379   4.322   0.270

 0.43  0.00   0.258   0.252  0.184   0.010   0.019  0.028   0.018   0.000  0.000  37355330
 0.43 13.37 110.136
 0.43 15.00   3.172   1.134
 0.43 15.00   4.305 103.900
 0.43 15.00   4.087   1.382   4.305   0.277
 0.43 15.00   4.089   1.375   4.305   0.270

 0.44  0.00   0.259   0.252  0.184   0.010   0.019  0.028   0.018   0.000  0.000  38224060
 0.44 13.37 110.136
 0.44 15.00   3.172   1.117
 0.44 15.00   4.289 104.004
 0.44 15.00   4.071   1.378   4.289   0.277
 0.44 15.00   4.073   1.371   4.289   0.270

 0.45  0.00   0.259   0.252  0.184   0.010   0.019  0.028   0.018   0.000  0.000  39092780
 0.45 13.37 110.136
 0.45 15.00   3.172   1.101
 0.45 15.00   4.272 104.109
 0.45 15.00   4.055   1.373   4.272   0.277
 0.45 15.00   4.057   1.367   4.272   0.270

 0.46  0.00   0.259   0.252  0.184   0.010   0.019  0.028   0.018   0.000  0.000  39961510
 0.46 13.37 110.136
 0.46 15.00   3.172   1.084
 0.46 15.00   4.256 104.215
 0.46 15.00   4.039   1.369   4.256   0.277
 0.46 15.00   4.041   1.362   4.256   0.270

 0.47  0.00   0.259   0.252  0.184   0.010   0.019  0.028   0.018   0.000  0.000  40830240
 0.47 13.37 110.136
 0.47 15.00   3.172   1.068
 0.47 15.00   4.240 104.321
 0.47 15.00   4.023   1.365   4.240   0.277
 0.47 15.00   4.025   1.358   4.240   0.270

 0.48  0.00   0.259   0.252  0.184   0.010   0.019  0.028   0.018   0.000  0.000  41698970
 0.48 13.37 110.136
 0.48 15.00   3.172   1.051
 0.48 15.00   4.223 104.429
 0.48 15.00   4.007   1.361   4.223   0.277
 0.48 15.00   4.009   1.354   4.223   0.270

 0.49  0.00   0.259   0.252  0.184   0.010   0.019  0.028   0.018   0.000  0.000  42567700
 0.49 13.37 110.136
 0.49 15.00   3.172   1.035
 0.49 15.00   4.207 104.537
 0.49 15.00   3.992   1.357   4.207   0.277
 0.49 15.00   3.993   1.350   4.207   0.270

 0.50  0.00   0.259   0.252  0.184   0.010   0.019  0.028   0.018   0.000  0.000  43436420
 0.50 13.37 110.136
 0.50 15.00   3.172   1.018
 0.50 15.00   4.190 104.646
 0.50 15.00   3.976   1.352   4.190   0.277
 0.50 15.00   3.977   1.346   4.190   0.270

 0.51  0.00   0.259   0.252  0.184   0.010   0.019  0.028   0.018   0.000  0.000  44305150
 0.51 13.37 110.136
 0.51 15.00   3.172   1.002
 0.51 15.00   4.174 104.756
 0.51 15.00   3.960   1.348   4.174   0.278
 0.51 15.00   3.961   1.341   4.174   0.270

 0.52  0.00   0.259   0.252  0.184   0.010   0.019  0.028   0.018   0.000  0.000  45173880
 0.52 13.37 110.136
 0.52 15.00   3.172   0.985
 0.52 15.00   4.157 104.867
 0.52 15.00   3.944   1.344   4.157   0.278
 0.52 15.00   3.946   1.337   4.157   0.270

 0.53  0.00   0.259   0.252  0.184   0.010   0.019  0.028   0.018   0.000  0.000  46042610
 0.53 13.37 110.136
 0.53 15.00   3.172   0.969
 0.53 15.00   4.141 104.978
 0.53 15.00   3.928   1.340   4.141   0.278
 0.53 15.00   3.930   1.333   4.141   0.271

 0.54  0.00   0.259   0.252  0.184   0.010   0.019  0.028   0.018   0.000  0.000  46911340
 0.54 13.37 110.136
 0.54 15.00   3.172   0.952
 0.54 15.00   4.124 105.091
 0.54 15.00   3.912   1.336   4.124   0.278
 0.54 15.00   3.914   1.329   4.124   0.271

 0.55  0.00   0.259   0.253  0.184   0.010   0.019  0.028   0.018   0.000  0.000  47780070
 0.55 13.37 110.136
 0.55 15.00   3.172   0.936
 0.55 15.00   4.108 105.204
 0.55 15.00   3.896   1.332   4.108   0.278
 0.55 15.00   3.898   1.325   4.108   0.271

 0.56  0.00   0.259   0.253  0.184   0.010   0.019  0.028   0.018   0.000  0.000  48648800
 0.56 13.37 110.136
 0.56 15.00   3.172   0.920
 0.56 15.00   4.091 105.318
 0.56 15.00   3.880   1.327   4.091   0.278
 0.56 15.00   3.882   1.320   4.091   0.271

 0.57  0.00   0.259   0.253  0.184   0.010   0.019  0.029   0.018   0.000  0.000  49517520
 0.57 13.37 110.136
 0.57 15.00   3.172   0.903
 0.57 15.00   4.075 105.434
 0.57 15.00   3.864   1.323   4.075   0.278
 0.57 15.00   3.866   1.316   4.075   0.271

 0.58  0.00   0.259   0.253  0.184   0.010   0.019  0.029   0.018   0.000  0.000  50386250
 0.58 13.37 110.136
 0.58 15.00   3.172   0.887
 0.58 15.00   4.058 105.550
 0.58 15.00   3.848   1.319   4.058   0.278
 0.58 15.00   3.850   1.312   4.058   0.271

 0.59  0.00   0.259   0.253  0.183   0.010   0.019  0.029   0.018   0.000  0.000  51254980
 0.59 13.37 110.136
 0.59 15.00   3.172   0.870
 0.59 15.00   4.042 105.667
 0.59 15.00   3.832   1.315   4.042   0.278
 0.59 15.00   3.834   1.308   4.042   0.271

 0.60  0.00   0.259   0.253  0.183   0.010   0.019  0.029   0.018   0.000  0.000  52123710
 0.60 13.37 110.136
 0.60 15.00   3.172   0.854
 0.60 15.00   4.026 105.785
 0.60 15.00   3.816   1.311   4.026   0.278
 0.60 15.00   3.818   1.303   4.026   0.271

 0.61  0.00   0.260   0.253  0.183   0.010   0.019  0.029   0.019   0.000  0.000  52992440
 0.61 13.37 110.136
 0.61 15.00   3.172   0.837
 0.61 15.00   4.009 105.904
 0.61 15.00   3.800   1.306   4.009   0.278
 0.61 15.00   3.802   1.299   4.009   0.271

 0.62  0.00   0.260   0.253  0.183   0.010   0.019  0.029   0.019   0.000  0.000  53861170
 0.62 13.37 110.136
 0.62 15.00   3.172   0.821
 0.62 15.00   3.993 106.024
 0.62 15.00   3.784   1.302   3.993   0.279
 0.62 15.00   3.786   1.295   3.993   0.271

 0.63  0.00   0.260   0.253  0.183   0.010   0.019  0.029   0.019   0.000  0.000  54729900
 0.63 13.37 110.136
 0.63 15.00   3.172   0.804
 0.63 15.00   3.976 106.145
 0.63 15.00   3.768   1.298   3.976   0.279
 0.63 15.00   3.770   1.291   3.976   0.271

 0.64  0.00   0.260   0.253  0.183   0.010   0.019  0.029   0.019   0.000  0.000  55598620
 0.64 13.37 110.136
 0.64 15.00   3.172   0.788
 0.64 15.00   3.960 106.267
 0.64 15.00   3.752   1.294   3.960   0.279
 0.64 15.00   3.755   1.287   3.960   0.271

 0.65  0.00   0.261   0.253  0.183   0.010   0.019  0.030   0.019   0.000  0.000  56467350
 0.65 13.37 110.136
 0.65 15.00   3.172   0.771
 0.65 15.00   3.943 106.390
 0.65 15.00   3.737   1.290   3.943   0.279
 0.65 15.00   3.739   1.283   3.943   0.271

 0.66  0.00   0.261   0.253  0.183   0.010   0.019  0.030   0.019   0.000  0.000  57336080
 0.66 13.37 110.136
 0.66 15.00   3.172   0.755
 0.66 15.00   3.927 106.514
 0.66 15.00   3.721   1.286   3.927   0.280
 0.66 15.00   3.723   1.278   3.927   0.271

 0.67  0.00   0.261   0.253  0.183   0.010   0.019  0.030   0.019   0.000  0.000  58204810
 0.67 13.37 110.136
 0.67 15.00   3.172   0.738
 0.67 15.00   3.910 106.640
 0.67 15.00   3.705   1.282   3.910   0.280
 0.67 15.00   3.707   1.274   3.910   0.271

 0.68  0.00   0.261   0.253  0.183   0.010   0.019  0.030   0.019   0.000  0.000  59073540
 0.68 13.37 110.136
 0.68 15.00   3.172   0.722
 0.68 15.00   3.894 106.766
 0.68 15.00   3.689   1.278   3.894   0.280
 0.68 15.00   3.691   1.270   3.894   0.272

 0.69  0.00   0.262   0.253  0.183   0.010   0.019  0.030   0.019   0.000  0.000  59942270
 0.69 13.37 110.136
 0.69 15.00   3.172   0.705
 0.69 15.00   3.877 106.893
 0.69 15.00   3.673   1.274   3.877   0.280
 0.69 15.00   3.675   1.266   3.877   0.272

 0.70  0.00   0.262   0.254  0.183   0.010   0.019  0.030   0.020   0.000  0.000  60811000
 0.70 13.37 110.136
 0.70 15.00   3.172   0.689
 0.70 15.00   3.861 107.021
 0.70 15.00   3.657   1.270   3.861   0.281
 0.70 15.00   3.659   1.262   3.861   0.272

 0.71  0.00   0.262   0.254  0.183   0.010   0.019  0.031   0.020   0.000  0.000  61679720
 0.71 13.37 110.136
 0.71 15.00   3.172   0.673
 0.71 15.00   3.844 107.151
 0.71 15.00   3.641   1.266   3.844   0.281
 0.71 15.00   3.643   1.258   3.844   0.272

 0.72  0.00   0.262   0.254  0.183   0.010   0.019  0.031   0.020   0.000  0.000  62548460
 0.72 13.37 110.136
 0.72 15.00   3.172   0.656
 0.72 15.00   3.828 107.281
 0.72 15.00   3.625   1.262   3.828   0.281
 0.72 15.00   3.627   1.253   3.828   0.272

 0.73  0.00   0.262   0.254  0.183   0.010   0.019  0.031   0.020   0.000  0.000  63417180
 0.73 13.37 110.136
 0.73 15.00   3.172   0.640
 0.73 15.00   3.811 107.413
 0.73 15.00   3.609   1.258   3.811   0.281
 0.73 15.00   3.611   1.249   3.811   0.272

 0.74  0.00   0.263   0.254  0.183   0.010   0.019  0.031   0.020   0.000  0.000  64285910
 0.74 13.37 110.136
 0.74 15.00   3.172   0.623
 0.74 15.00   3.795 107.546
 0.74 15.00   3.593   1.254   3.795   0.282
 0.74 15.00   3.595   1.245   3.795   0.272

 0.75  0.00   0.263   0.254  0.183   0.010   0.019  0.031   0.020   0.000  0.000  65154640
 0.75 13.37 110.136
 0.75 15.00   3.172   0.607
 0.75 15.00   3.779 107.680
 0.75 15.00   3.577   1.250   3.779   0.282
 0.75 15.00   3.579   1.241   3.779   0.272

 0.76  0.00   0.263   0.254  0.183   0.010   0.019  0.031   0.020   0.000  0.000  66023370
 0.76 13.37 110.136
 0.76 15.00   3.172   0.590
 0.76 15.00   3.762 107.815
 0.76 15.00   3.561   1.246   3.762   0.282
 0.76 15.00   3.563   1.237   3.762   0.272

 0.77  0.00   0.263   0.254  0.183   0.010   0.019  0.031   0.020   0.000  0.000  66892100
 0.77 13.37 110.136
 0.77 15.00   3.172   0.574
 0.77 15.00   3.746 107.951
 0.77 15.00   3.545   1.242   3.746   0.282
 0.77 15.00   3.547   1.233   3.746   0.272

 0.78  0.00   0.264   0.254  0.183   0.010   0.019  0.032   0.020   0.000  0.000  67760820
 0.78 13.37 110.136
 0.78 15.00   3.172   0.557
 0.78 15.00   3.729 108.089
 0.78 15.00   3.529   1.238   3.729   0.283
 0.78 15.00   3.532   1.228   3.729   0.273

 0.79  0.00   0.264   0.254  0.183   0.010   0.019  0.032   0.020   0.000  0.000  68629550
 0.79 13.37 110.136
 0.79 15.00   3.172   0.541
 0.79 15.00   3.713 108.228
 0.79 15.00   3.513   1.234   3.713   0.283
 0.79 15.00   3.516   1.224   3.713   0.273

 0.80  0.00   0.264   0.255  0.183   0.010   0.019  0.032   0.021   0.000  0.000  69498280
 0.80 13.37 110.136
 0.80 15.00   3.172   0.524
 0.80 15.00   3.696 108.368
 0.80 15.00   3.497   1.230   3.696   0.283
 0.80 15.00   3.500   1.220   3.696   0.273

 0.81  0.00   0.264   0.255  0.183   0.010   0.019  0.032   0.021   0.000  0.000  70367010
 0.81 13.37 110.136
 0.81 15.00   3.172   0.508
 0.81 15.00   3.680 108.509
 0.81 15.00   3.481   1.226   3.680   0.283
 0.81 15.00   3.484   1.216   3.680   0.273

 0.82  0.00   0.265   0.255  0.183   0.010   0.019  0.032   0.021   0.000  0.000  71235740
 0.82 13.37 110.136
 0.82 15.00   3.172   0.491
 0.82 15.00   3.663 108.652
 0.82 15.00   3.465   1.222   3.663   0.284
 0.82 15.00   3.468   1.212   3.663   0.273

 0.83  0.00   0.265   0.255  0.183   0.010   0.019  0.032   0.021   0.000  0.000  72104460
 0.83 13.37 110.136
 0.83 15.00   3.172   0.475
 0.83 15.00   3.647 108.796
 0.83 15.00   3.449   1.218   3.647   0.284
 0.83 15.00   3.452   1.208   3.647   0.273

 0.84  0.00   0.265   0.255  0.183   0.010   0.019  0.033   0.021   0.000  0.000  72973190
 0.84 13.37 110.136
 0.84 15.00   3.172   0.458
 0.84 15.00   3.630 108.941
 0.84 15.00   3.433   1.214   3.630   0.284
 0.84 15.00   3.436   1.203   3.630   0.273

 0.85  0.00   0.265   0.255  0.183   0.010   0.019  0.033   0.021   0.000  0.000  73841930
 0.85 13.37 110.136
 0.85 15.00   3.172   0.442
 0.85 15.00   3.614 109.087
 0.85 15.00   3.417   1.210   3.614   0.284
 0.85 15.00   3.420   1.199   3.614   0.273

 0.86  0.00   0.265   0.255  0.183   0.010   0.019  0.033   0.021   0.000  0.000  74710660
 0.86 13.37 110.136
 0.86 15.00   3.172   0.426
 0.86 15.00   3.597 109.235
 0.86 15.00   3.401   1.206   3.597   0.285
 0.86 15.00   3.404   1.195   3.597   0.273

 0.87  0.00   0.266   0.255  0.182   0.010   0.019  0.033   0.021   0.000  0.000  75579380
 0.87 13.37 110.136
 0.87 15.00   3.172   0.409
 0.87 15.00   3.581 109.384
 0.87 15.00   3.385   1.202   3.581   0.285
 0.87 15.00   3.388   1.191   3.581   0.274

 0.88  0.00   0.266   0.255  0.182   0.010   0.019  0.033   0.021   0.000  0.000  76448110
 0.88 13.37 110.136
 0.88 15.00   3.172   0.393
 0.88 15.00   3.564 109.535
 0.88 15.00   3.369   1.198   3.564   0.285
 0.88 15.00   3.372   1.187   3.564   0.274

 0.89  0.00   0.266   0.255  0.182   0.010   0.019  0.033   0.021   0.000  0.000  77316840
 0.89 13.37 110.136
 0.89 15.00   3.172   0.376
 0.89 15.00   3.548 109.687
 0.89 15.00   3.353   1.194   3.548   0.285
 0.89 15.00   3.356   1.183   3.548   0.274

 0.90  0.00   0.266   0.255  0.182   0.010   0.019  0.034   0.022   0.000  0.000  78185570
 0.90 13.37 110.136
 0.90 15.00   3.172   0.360
 0.90 15.00   3.532 109.840
 0.90 15.00   3.337   1.190   3.532   0.286
 0.90 15.00   3.340   1.179   3.532   0.274

 0.91  0.00   0.268   0.257   79054300
 0.91   13.45   110.568
 0.91 15.00   3.192   0.352
 0.91 15.00   3.544   110.347
 0.91 15.00   3.349   1.195   3.544   0.287
 0.91 15.00   3.352   1.184   3.544   0.276

 0.92  0.00   0.274   0.262   79923020
 0.92   13.52   111.000
 0.92 15.00   3.212   0.345
 0.92 15.00   3.557   110.854
 0.92 15.00   3.360   1.204   3.557   0.293
 0.92 15.00   3.363   1.192   3.557   0.281

 0.93  0.00   0.293   0.281   80791750
 0.93   13.60   111.433
 0.93 15.00   3.232   0.338
 0.93 15.00   3.569   111.362
 0.93 15.00   3.367   1.227   3.569   0.314
 0.93 15.00   3.370   1.215   3.569   0.301

 0.94  0.00   0.323   0.310   81660480
 0.94   13.67   111.865
 0.94 15.00   3.251   0.331
 0.94 15.00   3.582   111.869
 0.94 15.00   3.371   1.261   3.582   0.346
 0.94 15.00   3.374   1.249   3.582   0.333

 0.95  0.00   0.353   0.340   82529210
 0.95   13.75   112.298
 0.95 15.00   3.271   0.323
 0.95 15.00   3.595   112.376
 0.95 15.00   3.374   1.296   3.595   0.378
 0.95 15.00   3.378   1.282   3.595   0.364

 0.96  0.00   0.383   0.369   83397940
 0.96   13.83   112.730
 0.96 15.00   3.291   0.316
 0.96 15.00   3.607   112.883
 0.96 15.00   3.378   1.330   3.607   0.410
 0.96 15.00   3.382   1.316   3.607   0.396

 0.97  0.00   0.413   0.399   84266670
 0.97   13.90   113.162
 0.97 15.00   3.311   0.309
 0.97 15.00   3.620   113.390
 0.97 15.00   3.382   1.364   3.620   0.442
 0.97 15.00   3.386   1.350   3.620   0.427

 0.98  0.00   0.443   0.428   85135400
 0.98   13.98   113.595
 0.98 15.00   3.331   0.302
 0.98 15.00   3.633   113.898
 0.98 15.00   3.386   1.399   3.633   0.475
 0.98 15.00   3.390   1.383   3.633   0.459

 0.99  0.00   0.473   0.457   86004130
 0.99   14.05   114.027
 0.99 15.00   3.351   0.295
 0.99 15.00   3.645   114.405
 0.99 15.00   3.390   1.433   3.645   0.507
 0.99 15.00   3.394   1.417   3.645   0.490

 1.00  0.00   0.503   0.487   86872850
 1.00   14.13   114.460
 1.00 15.00   3.371   0.287
 1.00 15.00   3.658   114.912
 1.00 15.00   3.394   1.467   3.658   0.539
 1.00 15.00   3.398   1.451   3.658   0.522

 1.01  0.00   0.533   0.516   87741580
 1.01   14.21   114.892
 1.01 15.00   3.391   0.280
 1.01 15.00   3.671   115.419
 1.01 15.00   3.398   1.502   3.671   0.571
 1.01 15.00   3.402   1.484   3.671   0.553

 1.02  0.00   0.563   0.546   88610300
 1.02   14.28   115.324
 1.02 15.00   3.411   0.273
 1.02 15.00   3.683   115.927
 1.02 15.00   3.402   1.536   3.683   0.603
 1.02 15.00   3.406   1.518   3.683   0.585

 1.03  0.00   0.593   0.575   89479030
 1.03   14.36   115.757
 1.03 15.00   3.430   0.266
 1.03 15.00   3.696   116.434
 1.03 15.00   3.406   1.570   3.696   0.635
 1.03 15.00   3.411   1.552   3.696   0.616

 1.04  0.00   0.623   0.604   90347760
 1.04   14.43   116.189
 1.04 15.00   3.450   0.258
 1.04 15.00   3.709   116.941
 1.04 15.00   3.410   1.605   3.709   0.667
 1.04 15.00   3.415   1.586   3.709   0.648

 1.05  0.00   0.653   0.634   0.179   0.133   0.060   0.021   0.204   0.014   0.000   0.042   0.000  91216490
 1.05   14.51   116.622
 1.05 15.00   3.470   0.251
 1.05 15.00   3.721   117.448
 1.05 15.00   3.413   1.639   3.721   0.700
 1.05 15.00   3.419   1.619   3.721   0.679

 1.06  0.00   0.665   0.646   0.178   0.132   0.060   0.021   0.218   0.014   0.000   0.042   0.000  92085220
 1.06   14.38   116.315
 1.06 15.00   3.435   0.251
 1.06 15.00   3.686   117.143
 1.06 15.00   3.376   1.642   3.686   0.712
 1.06 15.00   3.382   1.622   3.686   0.692

 1.07  0.00   0.677   0.658   0.177   0.131   0.060   0.021   0.232   0.014   0.000   0.041   0.000  92953960
 1.07   14.25   116.026
 1.07 15.00   3.403   0.251
 1.07 15.00   3.654   116.856
 1.07 15.00   3.342   1.647   3.654   0.726
 1.07 15.00   3.347   1.627   3.654   0.705

 1.08  0.00   0.690   0.671   0.177   0.131   0.060   0.021   0.247   0.014   0.000   0.041   0.000  93822680
 1.08   14.14   115.752
 1.08 15.00   3.372   0.251
 1.08 15.00   3.623   116.582
 1.08 15.00   3.308   1.652   3.623   0.740
 1.08 15.00   3.314   1.633   3.623   0.720

 1.09  0.00   0.704   0.685   0.176   0.130   0.060   0.021   0.263   0.014   0.000   0.040   0.000  94691410
 1.09   14.03   115.488
 1.09 15.00   3.343   0.251
 1.09 15.00   3.595   116.319
 1.09 15.00   3.277   1.659   3.595   0.754
 1.09 15.00   3.282   1.640   3.595   0.734

 1.10  0.00   0.718   0.700   0.175   0.129   0.060   0.021   0.279   0.014   0.000   0.040   0.000  95560140
 1.10   13.92   115.233
 1.10 15.00   3.316   0.251
 1.10 15.00   3.567   116.065
 1.10 15.00   3.246   1.667   3.567   0.770
 1.10 15.00   3.251   1.648   3.567   0.750

 1.11  0.00   0.733   0.715   0.175   0.129   0.060   0.021   0.296   0.014   0.000   0.040   0.000  96428860
 1.11   13.82   114.985
 1.11 15.00   3.290   0.251
 1.11 15.00   3.541   115.818
 1.11 15.00   3.217   1.676   3.541   0.786
 1.11 15.00   3.222   1.656   3.541   0.766

 1.12  0.00   0.749   0.730   0.174   0.128   0.060   0.021   0.313   0.013   0.000   0.039   0.000  97297590
 1.12   13.72   114.744
 1.12 15.00   3.264   0.251
 1.12 15.00   3.515   115.578
 1.12 15.00   3.188   1.685   3.515   0.803
 1.12 15.00   3.193   1.666   3.515   0.783

 1.13  0.00   0.765   0.747   0.173   0.128   0.060   0.021   0.331   0.013   0.000   0.039   0.000  98166320
 1.13   13.63   114.508
 1.13 15.00   3.240   0.251
 1.13 15.00   3.491   115.343
 1.13 15.00   3.160   1.696   3.491   0.820
 1.13 15.00   3.165   1.677   3.491   0.800

 1.14  0.00   0.782   0.764   0.173   0.127   0.060   0.021   0.349   0.013   0.000   0.039   0.000  99035050
 1.14   13.54   114.277
 1.14 15.00   3.216   0.251
 1.14 15.00   3.467   115.112
 1.14 15.00   3.132   1.707   3.467   0.838
 1.14 15.00   3.137   1.688   3.467   0.819

 1.15  0.00   0.800   0.781   0.172   0.126   0.060   0.021   0.369   0.013   0.000   0.038   0.000  99903780
 1.15   13.45   114.054
 1.15 15.00   3.193   0.251
 1.15 15.00   3.444   114.889
 1.15 15.00   3.105   1.719   3.444   0.857
 1.15 15.00   3.110   1.700   3.444   0.837

 1.16  0.00   0.817   0.799   0.171   0.126   0.060   0.021   0.388   0.013   0.000   0.038   0.000 100772500
 1.16   13.37   113.845
 1.16 15.00   3.173   0.251
 1.16 15.00   3.424   114.681
 1.16 15.00   3.080   1.732   3.424   0.876
 1.16 15.00   3.085   1.714   3.424   0.857

 1.17  0.00   0.836   0.818   0.171   0.125   0.059   0.021   0.409   0.013   0.000   0.038   0.000 101641200
 1.17   13.30   113.641
 1.17 15.00   3.153   0.251
 1.17 15.00   3.404   114.477
 1.17 15.00   3.056   1.746   3.404   0.896
 1.17 15.00   3.061   1.728   3.404   0.877

 1.18  0.00   0.855   0.837   0.170   0.125   0.059   0.021   0.430   0.013   0.000   0.037   0.000 102510000
 1.18   13.22   113.440
 1.18 15.00   3.133   0.251
 1.18 15.00   3.384   114.276
 1.18 15.00   3.032   1.761   3.384   0.916
 1.18 15.00   3.037   1.743   3.384   0.897

                              -------->  FIN LEADING EDGE SUPERSONIC  <--------

 1.19  0.00   0.871   0.853   0.169   0.124   0.059   0.021   0.448   0.013   0.000   0.037   0.000 103378700
 1.19   13.15   113.246
 1.19 15.00   3.115   0.251
 1.19 15.00   3.366   114.082
 1.19 15.00   3.010   1.773   3.366   0.934
 1.19 15.00   3.015   1.755   3.366   0.915

 1.20  0.00   0.864   0.846   0.169   0.124   0.059   0.021   0.442   0.013   0.000   0.037   0.000 104247400
 1.20   13.09   113.063
 1.20 15.00   3.098   0.251
 1.20 15.00   3.349   113.900
 1.20 15.00   2.995   1.761   3.349   0.926
 1.20 15.00   3.000   1.742   3.349   0.906

 1.21  0.00   0.856   0.838   0.168   0.123   0.058   0.020   0.437   0.013   0.000   0.036   0.000 105116200
 1.21   13.02   112.865
 1.21 15.00   3.079   0.251
 1.21 15.00   3.331   113.701
 1.21 15.00   2.979   1.749   3.331   0.918
 1.21 15.00   2.984   1.730   3.331   0.899

 1.22  0.00   0.850   0.832   0.168   0.123   0.058   0.020   0.432   0.013   0.000   0.036   0.000 105984900
 1.22   12.94   112.653
 1.22 15.00   3.060   0.251
 1.22 15.00   3.311   113.490
 1.22 15.00   2.962   1.736   3.311   0.911
 1.22 15.00   2.967   1.718   3.311   0.891

 1.23  0.00   0.843   0.825   0.167   0.122   0.058   0.020   0.427   0.013   0.000   0.036   0.000 106853600
 1.23   12.86   112.432
 1.23 15.00   3.039   0.251
 1.23 15.00   3.290   113.268
 1.23 15.00   2.944   1.725   3.290   0.904
 1.23 15.00   2.949   1.706   3.290   0.885

 1.24  0.00   0.837   0.820   0.166   0.122   0.058   0.020   0.423   0.013   0.000   0.036   0.000 107722300
 1.24   12.78   112.202
 1.24 15.00   3.017   0.251
 1.24 15.00   3.269   113.038
 1.24 15.00   2.925   1.713   3.269   0.898
 1.24 15.00   2.930   1.694   3.269   0.878

 1.25  0.00   0.832   0.814   0.166   0.121   0.057   0.020   0.419   0.013   0.000   0.035   0.000 108591100
 1.25   12.70   111.965
 1.25 15.00   2.996   0.251
 1.25 15.00   3.247   112.802
 1.25 15.00   2.905   1.702   3.247   0.892
 1.25 15.00   2.910   1.683   3.247   0.872

 1.26  0.00   0.827   0.809   0.165   0.121   0.057   0.020   0.416   0.013   0.000   0.035   0.000 109459800
 1.26   12.61   111.723
 1.26 15.00   2.974   0.251
 1.26 15.00   3.225   112.560
 1.26 15.00   2.886   1.690   3.225   0.886
 1.26 15.00   2.891   1.672   3.225   0.867

 1.27  0.00   0.822   0.804   0.164   0.120   0.057   0.020   0.412   0.013   0.000   0.035   0.000 110328500
 1.27   12.53   111.478
 1.27 15.00   2.952   0.251
 1.27 15.00   3.203   112.314
 1.27 15.00   2.866   1.680   3.203   0.881
 1.27 15.00   2.871   1.661   3.203   0.862

 1.28  0.00   0.817   0.799   0.164   0.120   0.056   0.020   0.409   0.013   0.000   0.034   0.000 111197200
 1.28   12.44   111.229
 1.28 15.00   2.929   0.251
 1.28 15.00   3.181   112.065
 1.28 15.00   2.845   1.669   3.181   0.876
 1.28 15.00   2.850   1.651   3.181   0.857

 1.29  0.00   0.813   0.795   0.163   0.119   0.056   0.020   0.407   0.013   0.000   0.034   0.000 112066000
 1.29   12.36   110.977
 1.29 15.00   2.907   0.251
 1.29 15.00   3.158   111.813
 1.29 15.00   2.825   1.659   3.158   0.871
 1.29 15.00   2.830   1.640   3.158   0.852

 1.30  0.00   0.808   0.791   0.163   0.119   0.056   0.020   0.404   0.013   0.000   0.034   0.000 112934700
 1.30   12.28   110.724
 1.30 15.00   2.885   0.251
 1.30 15.00   3.136   111.559
 1.30 15.00   2.805   1.649   3.136   0.866
 1.30 15.00   2.810   1.630   3.136   0.847

 1.31  0.00   0.804   0.787   0.162   0.119   0.056   0.020   0.402   0.013   0.000   0.034   0.000 113803400
 1.31   12.19   110.470
 1.31 15.00   2.864   0.251
 1.31 15.00   3.115   111.305
 1.31 15.00   2.785   1.639   3.115   0.862
 1.31 15.00   2.790   1.620   3.115   0.843

 1.32  0.00   0.801   0.783   0.161   0.118   0.056   0.020   0.400   0.013   0.000   0.033   0.000 114672200
 1.32   12.11   110.214
 1.32 15.00   2.842   0.251
 1.32 15.00   3.093   111.049
 1.32 15.00   2.766   1.629   3.093   0.858
 1.32 15.00   2.771   1.611   3.093   0.839

 1.33  0.00   0.797   0.779   0.161   0.118   0.055   0.020   0.398   0.013   0.000   0.033   0.000 115540900
 1.33   12.03   109.959
 1.33 15.00   2.821   0.251
 1.33 15.00   3.072   110.793
 1.33 15.00   2.746   1.620   3.072   0.854
 1.33 15.00   2.751   1.602   3.072   0.835

 1.34  0.00   0.794   0.776   0.160   0.117   0.055   0.020   0.396   0.013   0.000   0.033   0.000 116409600
 1.34   11.95   109.703
 1.34 15.00   2.800   0.251
 1.34 15.00   3.051   110.536
 1.34 15.00   2.727   1.611   3.051   0.851
 1.34 15.00   2.732   1.593   3.051   0.831

 1.35  0.00   0.790   0.772   0.160   0.117   0.055   0.020   0.394   0.013   0.000   0.033   0.000 117278400
 1.35   11.87   109.447
 1.35 15.00   2.779   0.251
 1.35 15.00   3.030   110.280
 1.35 15.00   2.708   1.602   3.030   0.847
 1.35 15.00   2.713   1.584   3.030   0.828

 1.36  0.00   0.787   0.769   0.159   0.117   0.055   0.020   0.392   0.013   0.000   0.032   0.000 118147100
 1.36   11.79   109.192
 1.36 15.00   2.759   0.251
 1.36 15.00   3.010   110.023
 1.36 15.00   2.689   1.594   3.010   0.844
 1.36 15.00   2.694   1.575   3.010   0.824

 1.37  0.00   0.784   0.766   0.158   0.116   0.054   0.020   0.391   0.013   0.000   0.032   0.000 119015800
 1.37   11.72   108.937
 1.37 15.00   2.739   0.251
 1.37 15.00   2.990   109.768
 1.37 15.00   2.671   1.585   2.990   0.840
 1.37 15.00   2.676   1.567   2.990   0.821

 1.38  0.00   0.781   0.763   0.158   0.116   0.054   0.020   0.389   0.013   0.000   0.032   0.000 119884500
 1.38   11.64   108.684
 1.38 15.00   2.719   0.251
 1.38 15.00   2.970   109.513
 1.38 15.00   2.653   1.577   2.970   0.837
 1.38 15.00   2.657   1.559   2.970   0.818

 1.39  0.00   0.778   0.760   0.157   0.115   0.054   0.019   0.388   0.013   0.000   0.032   0.000 120753300
 1.39   11.57   108.430
 1.39 15.00   2.700   0.251
 1.39 15.00   2.951   109.258
 1.39 15.00   2.635   1.569   2.951   0.834
 1.39 15.00   2.640   1.551   2.951   0.815

 1.40  0.00   0.775   0.758   0.157   0.115   0.054   0.019   0.387   0.012   0.000   0.032   0.000 121622000
 1.40   11.49   108.178
 1.40 15.00   2.681   0.251
 1.40 15.00   2.932   109.005
 1.40 15.00   2.617   1.562   2.932   0.831
 1.40 15.00   2.622   1.543   2.932   0.812

 1.41  0.00   0.773   0.755   0.156   0.115   0.053   0.019   0.386   0.012   0.000   0.031   0.000 122490700
 1.41   11.42   107.927
 1.41 15.00   2.662   0.251
 1.41 15.00   2.913   108.752
 1.41 15.00   2.600   1.554   2.913   0.828
 1.41 15.00   2.605   1.536   2.913   0.809

 1.42  0.00   0.770   0.752   0.155   0.114   0.053   0.019   0.385   0.012   0.000   0.031   0.000 123359400
 1.42   11.35   107.677
 1.42 15.00   2.644   0.251
 1.42 15.00   2.895   108.501
 1.42 15.00   2.583   1.547   2.895   0.826
 1.42 15.00   2.588   1.528   2.895   0.806

 1.43  0.00   0.768   0.750   0.155   0.114   0.053   0.019   0.384   0.012   0.000   0.031   0.000 124228200
 1.43   11.28   107.429
 1.43 15.00   2.626   0.251
 1.43 15.00   2.877   108.251
 1.43 15.00   2.566   1.539   2.877   0.823
 1.43 15.00   2.571   1.521   2.877   0.804

 1.44  0.00   0.765   0.747   0.154   0.114   0.053   0.019   0.383   0.012   0.000   0.031   0.000 125096900
 1.44   11.21   107.189
 1.44 15.00   2.608   0.251
 1.44 15.00   2.860   108.002
 1.44 15.00   2.550   1.532   2.860   0.820
 1.44 15.00   2.555   1.514   2.860   0.801

 1.45  0.00   0.763   0.745   0.154   0.113   0.052   0.019   0.382   0.012   0.000   0.030   0.000 125965600
 1.45   11.14   106.956
 1.45 15.00   2.591   0.251
 1.45 15.00   2.842   107.754
 1.45 15.00   2.534   1.526   2.842   0.818
 1.45 15.00   2.539   1.507   2.842   0.799

 1.46  0.00   0.761   0.743   0.153   0.113   0.052   0.019   0.381   0.012   0.000   0.030   0.000 126834400
 1.46   11.07   106.723
 1.46 15.00   2.574   0.251
 1.46 15.00   2.825   107.508
 1.46 15.00   2.518   1.519   2.825   0.815
 1.46 15.00   2.523   1.500   2.825   0.796

 1.47  0.00   0.759   0.741   0.152   0.113   0.052   0.019   0.380   0.012   0.000   0.030   0.000 127703100
 1.47   11.01   106.493
 1.47 15.00   2.557   0.251
 1.47 15.00   2.809   107.262
 1.47 15.00   2.502   1.512   2.809   0.813
 1.47 15.00   2.507   1.494   2.809   0.794

 1.48  0.00   0.756   0.739   0.152   0.112   0.052   0.019   0.380   0.012   0.000   0.030   0.000 128571800
 1.48   10.94   106.263
 1.48 15.00   2.541   0.251
 1.48 15.00   2.792   107.019
 1.48 15.00   2.487   1.506   2.792   0.811
 1.48 15.00   2.492   1.487   2.792   0.792

 1.49  0.00   0.754   0.736   0.151   0.112   0.051   0.019   0.379   0.012   0.000   0.030   0.000 129440600
 1.49   10.87   106.035
 1.49 15.00   2.525   0.251
 1.49 15.00   2.776   106.776
 1.49 15.00   2.472   1.499   2.776   0.809
 1.49 15.00   2.477   1.481   2.776   0.789

 1.50  0.00   0.752   0.734   0.151   0.112   0.051   0.019   0.378   0.012   0.000   0.029   0.000 130309300
 1.50   10.81   105.808
 1.50 15.00   2.509   0.251
 1.50 15.00   2.760   106.536
 1.50 15.00   2.458   1.493   2.760   0.806
 1.50 15.00   2.463   1.475   2.760   0.787

 1.51  0.00   0.750   0.732   0.150   0.111   0.051   0.019   0.378   0.012   0.000   0.029   0.000 131178000
 1.51   10.74   105.583
 1.51 15.00   2.494   0.251
 1.51 15.00   2.745   106.296
 1.51 15.00   2.443   1.487   2.745   0.804
 1.51 15.00   2.448   1.469   2.745   0.785

 1.52  0.00   0.748   0.731   0.150   0.111   0.051   0.019   0.377   0.012   0.000   0.029   0.000 132046700
 1.52   10.68   105.359
 1.52 15.00   2.479   0.251
 1.52 15.00   2.730   106.058
 1.52 15.00   2.429   1.481   2.730   0.802
 1.52 15.00   2.434   1.463   2.730   0.783

 1.53  0.00   0.747   0.729   0.149   0.111   0.051   0.019   0.377   0.012   0.000   0.029   0.000 132915500
 1.53   10.62   105.137
 1.53 15.00   2.464   0.251
 1.53 15.00   2.715   105.822
 1.53 15.00   2.415   1.476   2.715   0.800
 1.53 15.00   2.420   1.457   2.715   0.781

 1.54  0.00   0.745   0.727   0.148   0.110   0.050   0.019   0.376   0.012   0.000   0.029   0.000 133784200
 1.54   10.56   104.916
 1.54 15.00   2.449   0.251
 1.54 15.00   2.700   105.586
 1.54 15.00   2.402   1.470   2.700   0.798
 1.54 15.00   2.407   1.451   2.700   0.779

 1.55  0.00   0.743   0.725   0.148   0.110   0.050   0.019   0.376   0.012   0.000   0.028   0.000 134652900
 1.55   10.50   104.697
 1.55 15.00   2.435   0.264
 1.55 15.00   2.699   105.215
 1.55 15.00   2.401   1.468   2.699   0.796
 1.55 15.00   2.406   1.449   2.699   0.777

 1.56  0.00   0.741   0.723   0.147   0.110   0.050   0.019   0.375   0.012   0.000   0.028   0.000 135521600
 1.56   10.44   104.479
 1.56 15.00   2.421   0.293
 1.56 15.00   2.713   104.685
 1.56 15.00   2.415   1.470   2.713   0.794
 1.56 15.00   2.420   1.451   2.713   0.775

 1.57  0.00   0.739   0.722   0.147   0.110   0.050   0.018   0.375   0.012   0.000   0.028   0.000 136390400
 1.57   10.38   104.263
 1.57 15.00   2.407   0.322
 1.57 15.00   2.728   104.164
 1.57 15.00   2.430   1.472   2.728   0.792
 1.57 15.00   2.435   1.453   2.728   0.773

 1.58  0.00   0.738   0.720   0.146   0.109   0.049   0.018   0.375   0.012   0.000   0.028   0.000 137259100
 1.58   10.33   104.047
 1.58 15.00   2.393   0.350
 1.58 15.00   2.744   103.652
 1.58 15.00   2.445   1.474   2.744   0.791
 1.58 15.00   2.450   1.455   2.744   0.771

 1.59  0.00   0.736   0.718   0.146   0.109   0.049   0.018   0.374   0.012   0.000   0.028   0.000 138127800
 1.59   10.27   103.834
 1.59 15.00   2.380   0.379
 1.59 15.00   2.759   103.150
 1.59 15.00   2.461   1.476   2.759   0.789
 1.59 15.00   2.466   1.458   2.759   0.770

 1.60  0.00   0.734   0.717   0.145   0.109   0.049   0.018   0.374   0.012   0.000   0.028   0.000 138996600
 1.60   10.22   103.622
 1.60 15.00   2.367   0.408
 1.60 15.00   2.775   102.657
 1.60 15.00   2.476   1.478   2.775   0.787
 1.60 15.00   2.481   1.460   2.775   0.768

 1.61  0.00   0.733   0.715   0.144   0.109   0.049   0.018   0.374   0.012   0.000   0.027   0.000 139865300
 1.61   10.16   103.411
 1.61 15.00   2.354   0.437
 1.61 15.00   2.790   102.173
 1.61 15.00   2.492   1.481   2.790   0.785
 1.61 15.00   2.497   1.462   2.790   0.766

 1.62  0.00   0.731   0.713   0.144   0.108   0.049   0.018   0.373   0.012   0.000   0.027   0.000 140734000
 1.62   10.11   103.202
 1.62 15.00   2.341   0.466
 1.62 15.00   2.807   101.699
 1.62 15.00   2.508   1.483   2.807   0.784
 1.62 15.00   2.513   1.465   2.807   0.765

 1.63  0.00   0.730   0.712   0.143   0.108   0.048   0.018   0.373   0.012   0.000   0.027   0.000 141602800
 1.63   10.06   102.994
 1.63 15.00   2.328   0.494
 1.63 15.00   2.823   101.233
 1.63 15.00   2.524   1.486   2.823   0.782
 1.63 15.00   2.529   1.468   2.823   0.763

 1.64  0.00   0.728   0.710   0.143   0.108   0.048   0.018   0.373   0.012   0.000   0.027   0.000 142471500
 1.64   10.01   102.788
 1.64 15.00   2.316   0.523
 1.64 15.00   2.839   100.776
 1.64 15.00   2.541   1.489   2.839   0.780
 1.64 15.00   2.546   1.470   2.839   0.761

 1.65  0.00   0.727   0.709   0.142   0.107   0.048   0.018   0.373   0.012   0.000   0.027   0.000 143340200
 1.65    9.96   102.583
 1.65 15.00   2.304   0.552
 1.65 15.00   2.856   100.328
 1.65 15.00   2.557   1.491   2.856   0.779
 1.65 15.00   2.562   1.473   2.856   0.760

 1.66  0.00   0.725   0.707   0.142   0.107   0.048   0.018   0.372   0.012   0.000   0.027   0.000 144208900
 1.66    9.91   102.379
 1.66 15.00   2.292   0.581
 1.66 15.00   2.873    99.888
 1.66 15.00   2.574   1.494   2.873   0.777
 1.66 15.00   2.579   1.476   2.873   0.758

 1.67  0.00   0.724   0.706   0.141   0.107   0.048   0.018   0.372   0.012   0.000   0.026   0.000 145077700
 1.67    9.86   102.177
 1.67 15.00   2.281   0.610
 1.67 15.00   2.890    99.457
 1.67 15.00   2.591   1.497   2.890   0.776
 1.67 15.00   2.596   1.479   2.890   0.756

 1.68  0.00   0.722   0.704   0.141   0.107   0.047   0.018   0.372   0.011   0.000   0.026   0.000 145946400
 1.68    9.81   101.976
 1.68 15.00   2.269   0.638
 1.68 15.00   2.907    99.034
 1.68 15.00   2.608   1.500   2.907   0.774
 1.68 15.00   2.613   1.482   2.907   0.755

 1.69  0.00   0.721   0.703   0.140   0.107   0.047   0.018   0.372   0.011   0.000   0.026   0.000 146815100
 1.69    9.76   101.776
 1.69 15.00   2.258   0.667
 1.69 15.00   2.925    98.619
 1.69 15.00   2.625   1.503   2.925   0.773
 1.69 15.00   2.630   1.485   2.925   0.753

 1.70  0.00   0.719   0.702   0.140   0.106   0.047   0.018   0.372   0.011   0.000   0.026   0.000 147683900
 1.70    9.71   101.578
 1.70 15.00   2.247   0.696
 1.70 15.00   2.943    98.212
 1.70 15.00   2.643   1.506   2.943   0.771
 1.70 15.00   2.648   1.488   2.943   0.752

 1.71  0.00   0.718   0.700   0.139   0.106   0.047   0.018   0.371   0.011   0.000   0.026   0.000 148552600
 1.71    9.67   101.381
 1.71 15.00   2.236   0.725
 1.71 15.00   2.961    97.813
 1.71 15.00   2.660   1.510   2.961   0.770
 1.71 15.00   2.665   1.491   2.961   0.750

 1.72  0.00   0.717   0.699   0.138   0.106   0.047   0.018   0.371   0.011   0.000   0.026   0.000 149421300
 1.72    9.62   101.185
 1.72 15.00   2.225   0.753
 1.72 15.00   2.979    97.422
 1.72 15.00   2.678   1.513   2.979   0.768
 1.72 15.00   2.683   1.494   2.979   0.749

 1.73  0.00   0.715   0.697   0.138   0.106   0.046   0.018   0.371   0.011   0.000   0.026   0.000 150290000
 1.73    9.58   100.991
 1.73 15.00   2.215   0.782
 1.73 15.00   2.997    97.038
 1.73 15.00   2.696   1.516   2.997   0.767
 1.73 15.00   2.701   1.498   2.997   0.748

 1.74  0.00   0.714   0.696   0.137   0.105   0.046   0.018   0.371   0.011   0.000   0.025   0.000 151158800
 1.74    9.53   100.798
 1.74 15.00   2.204   0.811
 1.74 15.00   3.015    96.661
 1.74 15.00   2.714   1.520   3.015   0.765
 1.74 15.00   2.719   1.501   3.015   0.746

 1.75  0.00   0.713   0.695   0.137   0.105   0.046   0.017   0.371   0.011   0.000   0.025   0.000 152027500
 1.75    9.49   100.606
 1.75 15.00   2.194   0.840
 1.75 15.00   3.034    96.292
 1.75 15.00   2.733   1.523   3.034   0.764
 1.75 15.00   2.738   1.504   3.034   0.745

 1.76  0.00   0.711   0.693   0.136   0.105   0.046   0.017   0.371   0.011   0.000   0.025   0.000 152896200
 1.76    9.45   100.416
 1.76 15.00   2.184   0.869
 1.76 15.00   3.052    95.931
 1.76 15.00   2.751   1.526   3.052   0.762
 1.76 15.00   2.756   1.508   3.052   0.743

 1.77  0.00   0.710   0.692   0.136   0.105   0.045   0.017   0.371   0.011   0.000   0.025   0.000 153764900
 1.77    9.40   100.227
 1.77 15.00   2.174   0.897
 1.77 15.00   3.071    95.576
 1.77 15.00   2.770   1.530   3.071   0.761
 1.77 15.00   2.775   1.511   3.071   0.742

 1.78  0.00   0.709   0.691   0.135   0.104   0.045   0.017   0.371   0.011   0.000   0.025   0.000 154633700
 1.78    9.36   100.039
 1.78 15.00   2.164   0.926
 1.78 15.00   3.090    95.228
 1.78 15.00   2.788   1.534   3.090   0.760
 1.78 15.00   2.793   1.515   3.090   0.741

 1.79  0.00   0.708   0.690   0.135   0.104   0.045   0.017   0.370   0.011   0.000   0.025   0.000 155502400
 1.79    9.32    99.852
 1.79 15.00   2.154   0.955
 1.79 15.00   3.109    94.887
 1.79 15.00   2.807   1.537   3.109   0.758
 1.79 15.00   2.812   1.519   3.109   0.739

 1.80  0.00   0.706   0.688   0.134   0.104   0.045   0.017   0.370   0.011   0.000   0.025   0.000 156371100
 1.80    9.28    99.666
 1.80 15.00   2.145   0.984
 1.80 15.00   3.129    94.552
 1.80 15.00   2.826   1.541   3.129   0.757
 1.80 15.00   2.831   1.522   3.129   0.738

 1.81  0.00   0.705   0.687   0.134   0.104   0.045   0.017   0.370   0.011   0.000   0.024   0.000 157239900
 1.81    9.24    99.482
 1.81 15.00   2.136   1.012
 1.81 15.00   3.148    94.225
 1.81 15.00   2.845   1.545   3.148   0.756
 1.81 15.00   2.850   1.526   3.148   0.736

 1.82  0.00   0.704   0.686   0.133   0.104   0.044   0.017   0.370   0.011   0.000   0.024   0.000 158108600
 1.82    9.20    99.299
 1.82 15.00   2.126   1.041
 1.82 15.00   3.168    93.903
 1.82 15.00   2.864   1.548   3.168   0.754
 1.82 15.00   2.869   1.530   3.168   0.735

 1.83  0.00   0.703   0.685   0.133   0.103   0.044   0.017   0.370   0.011   0.000   0.024   0.000 158977300
 1.83    9.16    99.117
 1.83 15.00   2.117   1.070
 1.83 15.00   3.187    93.588
 1.83 15.00   2.884   1.552   3.187   0.753
 1.83 15.00   2.889   1.534   3.187   0.734

 1.84  0.00   0.701   0.683   0.132   0.103   0.044   0.017   0.370   0.011   0.000   0.024   0.000 159846000
 1.84    9.12    98.936
 1.84 15.00   2.108   1.099
 1.84 15.00   3.207    93.279
 1.84 15.00   2.903   1.556   3.207   0.752
 1.84 15.00   2.908   1.538   3.207   0.733

 1.85  0.00   0.700   0.682   0.131   0.103   0.044   0.017   0.370   0.011   0.000   0.024   0.000 160714800
 1.85    9.08    98.757
 1.85 15.00   2.099   1.128
 1.85 15.00   3.227    92.975
 1.85 15.00   2.923   1.560   3.227   0.750
 1.85 15.00   2.928   1.542   3.227   0.731

 1.86  0.00   0.699   0.681   0.131   0.103   0.044   0.017   0.370   0.011   0.000   0.024   0.000 161583500
 1.86    9.04    98.578
 1.86 15.00   2.091   1.156
 1.86 15.00   3.247    92.678
 1.86 15.00   2.943   1.564   3.247   0.749
 1.86 15.00   2.948   1.546   3.247   0.730

 1.87  0.00   0.698   0.680   0.130   0.103   0.044   0.017   0.370   0.011   0.000   0.024   0.000 162452200
 1.87    9.01    98.397
 1.87 15.00   2.082   1.185
 1.87 15.00   3.268    92.384
 1.87 15.00   2.963   1.568   3.268   0.748
 1.87 15.00   2.968   1.550   3.268   0.729

 1.88  0.00   0.697   0.679   0.130   0.102   0.043   0.017   0.370   0.011   0.000   0.023   0.000 163321000
 1.88    8.97    98.204
 1.88 15.00   2.075   1.214
 1.88 15.00   3.289    92.089
 1.88 15.00   2.984   1.572   3.289   0.747
 1.88 15.00   2.989   1.554   3.289   0.727

 1.89  0.00   0.695   0.678   0.129   0.102   0.043   0.017   0.370   0.011   0.000   0.023   0.000 164189700
 1.89    8.94    98.013
 1.89 15.00   2.068   1.243
 1.89 15.00   3.311    91.800
 1.89 15.00   3.005   1.577   3.311   0.745
 1.89 15.00   3.010   1.558   3.311   0.726

 1.90  0.00   0.694   0.676   0.129   0.102   0.043   0.017   0.370   0.011   0.000   0.023   0.000 165058400
 1.90    8.91    97.823
 1.90 15.00   2.061   1.271
 1.90 15.00   3.332    91.516
 1.90 15.00   3.026   1.581   3.332   0.744
 1.90 15.00   3.031   1.563   3.332   0.725

 1.91  0.00   0.693   0.675   0.128   0.102   0.043   0.017   0.370   0.011   0.000   0.023   0.000 165927200
 1.91    8.88    97.635
 1.91 15.00   2.054   1.300
 1.91 15.00   3.354    91.239
 1.91 15.00   3.047   1.586   3.354   0.743
 1.91 15.00   3.052   1.567   3.354   0.724

 1.92  0.00   0.692   0.674   0.128   0.102   0.043   0.017   0.370   0.011   0.000   0.023   0.000 166795900
 1.92    8.85    97.447
 1.92 15.00   2.047   1.329
 1.92 15.00   3.376    90.967
 1.92 15.00   3.069   1.590   3.376   0.742
 1.92 15.00   3.074   1.572   3.376   0.722

 1.93  0.00   0.691   0.673   0.127   0.102   0.042   0.016   0.370   0.011   0.000   0.023   0.000 167664600
 1.93    8.82    97.261
 1.93 15.00   2.040   1.358
 1.93 15.00   3.398    90.700
 1.93 15.00   3.090   1.595   3.398   0.740
 1.93 15.00   3.095   1.576   3.398   0.721

 1.94  0.00   0.690   0.672   0.127   0.101   0.042   0.016   0.369   0.011   0.000   0.023   0.000 168533300
 1.94    8.79    97.077
 1.94 15.00   2.033   1.366
 1.94 15.00   3.399    90.521
 1.94 15.00   3.092   1.594   3.399   0.739
 1.94 15.00   3.097   1.575   3.399   0.720

 1.95  0.00   0.689   0.671   0.126   0.101   0.042   0.016   0.369   0.011   0.000   0.023   0.000 169402100
 1.95    8.76    96.893
 1.95 15.00   2.027   1.369
 1.95 15.00   3.396    90.365
 1.95 15.00   3.089   1.592   3.396   0.738
 1.95 15.00   3.094   1.573   3.396   0.719

 1.96  0.00   0.687   0.670   0.126   0.101   0.042   0.016   0.369   0.011   0.000   0.023   0.000 170270800
 1.96    8.73    96.711
 1.96 15.00   2.020   1.372
 1.96 15.00   3.393    90.210
 1.96 15.00   3.086   1.590   3.393   0.737
 1.96 15.00   3.091   1.571   3.393   0.718

 1.97  0.00   0.686   0.668   0.125   0.101   0.042   0.016   0.369   0.010   0.000   0.022   0.000 171139500
 1.97    8.70    96.530
 1.97 15.00   2.014   1.376
 1.97 15.00   3.390    90.056
 1.97 15.00   3.084   1.588   3.390   0.736
 1.97 15.00   3.089   1.569   3.390   0.716

 1.98  0.00   0.685   0.667   0.125   0.101   0.041   0.016   0.369   0.010   0.000   0.022   0.000 172008300
 1.98    8.67    96.351
 1.98 15.00   2.008   1.379
 1.98 15.00   3.386    89.903
 1.98 15.00   3.081   1.586   3.386   0.734
 1.98 15.00   3.086   1.567   3.386   0.715

 1.99  0.00   0.684   0.666   0.124   0.101   0.041   0.016   0.369   0.010   0.000   0.022   0.000 172877000
 1.99    8.64    96.172
 1.99 15.00   2.001   1.382
 1.99 15.00   3.384    89.752
 1.99 15.00   3.079   1.584   3.384   0.733
 1.99 15.00   3.084   1.565   3.384   0.714

 2.00  0.00   0.683   0.665   0.124   0.100   0.041   0.016   0.369   0.010   0.000   0.022   0.000 173745700
 2.00    8.61    95.995
 2.00 15.00   1.995   1.386
 2.00 15.00   3.381    89.603
 2.00 15.00   3.076   1.582   3.381   0.732
 2.00 15.00   3.081   1.563   3.381   0.713

 2.01  0.00   0.682   0.664   0.123   0.100   0.041   0.016   0.369   0.010   0.000   0.022   0.000 174614400
 2.01    8.59    95.819
 2.01 15.00   1.989   1.389
 2.01 15.00   3.378    89.455
 2.01 15.00   3.074   1.580   3.378   0.731
 2.01 15.00   3.079   1.562   3.378   0.712

 2.02  0.00   0.681   0.663   0.123   0.100   0.041   0.016   0.369   0.010   0.000   0.022   0.000 175483200
 2.02    8.56    95.644
 2.02 15.00   1.983   1.392
 2.02 15.00   3.376    89.308
 2.02 15.00   3.072   1.579   3.376   0.730
 2.02 15.00   3.077   1.560   3.376   0.711

 2.03  0.00   0.680   0.662   0.122   0.100   0.041   0.016   0.369   0.010   0.000   0.022   0.000 176351900
 2.03    8.53    95.470
 2.03 15.00   1.977   1.396
 2.03 15.00   3.373    89.162
 2.03 15.00   3.070   1.577   3.373   0.729
 2.03 15.00   3.075   1.558   3.373   0.709

 2.04  0.00   0.679   0.661   0.122   0.100   0.040   0.016   0.369   0.010   0.000   0.022   0.000 177220600
 2.04    8.51    95.298
 2.04 15.00   1.972   1.399
 2.04 15.00   3.371    89.018
 2.04 15.00   3.068   1.575   3.371   0.728
 2.04 15.00   3.073   1.557   3.371   0.708

 2.05  0.00   0.678   0.660   0.122   0.100   0.040   0.016   0.369   0.010   0.000   0.022   0.000 178089300
 2.05    8.48    95.127
 2.05 15.00   1.966   1.403
 2.05 15.00   3.369    88.875
 2.05 15.00   3.066   1.574   3.369   0.727
 2.05 15.00   3.071   1.555   3.369   0.707

 2.06  0.00   0.677   0.659   0.121   0.099   0.040   0.016   0.369   0.010   0.000   0.021   0.000 178958100
 2.06    8.45    94.957
 2.06 15.00   1.960   1.406
 2.06 15.00   3.367    88.734
 2.06 15.00   3.064   1.572   3.367   0.726
 2.06 15.00   3.069   1.553   3.367   0.706

 2.07  0.00   0.676   0.658   0.121   0.099   0.040   0.016   0.369   0.010   0.000   0.021   0.000 179826800
 2.07    8.43    94.787
 2.07 15.00   1.955   1.410
 2.07 15.00   3.365    88.593
 2.07 15.00   3.062   1.571   3.365   0.725
 2.07 15.00   3.067   1.552   3.365   0.705

 2.08  0.00   0.675   0.657   0.120   0.099   0.040   0.016   0.369   0.010   0.000   0.021   0.000 180695500
 2.08    8.40    94.620
 2.08 15.00   1.949   1.413
 2.08 15.00   3.363    88.454
 2.08 15.00   3.061   1.569   3.363   0.724
 2.08 15.00   3.066   1.550   3.363   0.704

 2.09  0.00   0.674   0.656   0.120   0.099   0.040   0.016   0.369   0.010   0.000   0.021   0.000 181564300
 2.09    8.38    94.453
 2.09 15.00   1.944   1.417
 2.09 15.00   3.361    88.317
 2.09 15.00   3.059   1.568   3.361   0.723
 2.09 15.00   3.064   1.549   3.361   0.703

 2.10  0.00   0.673   0.655   0.119   0.099   0.039   0.016   0.369   0.010   0.000   0.021   0.000 182433000
 2.10    8.35    94.287
 2.10 15.00   1.939   1.421
 2.10 15.00   3.359    88.180
 2.10 15.00   3.058   1.566   3.359   0.722
 2.10 15.00   3.063   1.547   3.359   0.702

 2.11  0.00   0.672   0.654   0.119   0.099   0.039   0.016   0.369   0.010   0.000   0.021   0.000 183301700
 2.11    8.33    94.123
 2.11 15.00   1.933   1.424
 2.11 15.00   3.358    88.045
 2.11 15.00   3.057   1.565   3.358   0.721
 2.11 15.00   3.062   1.546   3.358   0.701

 2.12  0.00   0.671   0.653   0.118   0.099   0.039   0.016   0.369   0.010   0.000   0.021   0.000 184170400
 2.12    8.30    93.959
 2.12 15.00   1.928   1.428
 2.12 15.00   3.356    87.911
 2.12 15.00   3.056   1.564   3.356   0.720
 2.12 15.00   3.061   1.545   3.356   0.700

 2.13  0.00   0.670   0.652   0.118   0.098   0.039   0.016   0.369   0.010   0.000   0.021   0.000 185039200
 2.13    8.28    93.797
 2.13 15.00   1.923   1.432
 2.13 15.00   3.355    87.779
 2.13 15.00   3.055   1.562   3.355   0.719
 2.13 15.00   3.060   1.543   3.355   0.699

 2.14  0.00   0.670   0.651   0.118   0.098   0.039   0.016   0.369   0.010   0.000   0.021   0.000 185907900
 2.14    8.25    93.636
 2.14 15.00   1.918   1.436
 2.14 15.00   3.354    87.647
 2.14 15.00   3.054   1.561   3.354   0.718
 2.14 15.00   3.059   1.542   3.354   0.698

 2.15  0.00   0.669   0.650   0.117   0.098   0.039   0.016   0.369   0.010   0.000   0.021   0.000 186776600
 2.15    8.23    93.476
 2.15 15.00   1.913   1.439
 2.15 15.00   3.352    87.517
 2.15 15.00   3.053   1.560   3.352   0.717
 2.15 15.00   3.058   1.541   3.352   0.697

 2.16  0.00   0.668   0.649   0.117   0.098   0.038   0.016   0.369   0.010   0.000   0.020   0.000 187645400
 2.16    8.21    93.317
 2.16 15.00   1.908   1.443
 2.16 15.00   3.351    87.388
 2.16 15.00   3.052   1.559   3.351   0.716
 2.16 15.00   3.057   1.539   3.351   0.696

 2.17  0.00   0.667   0.648   0.116   0.098   0.038   0.015   0.369   0.010   0.000   0.020   0.000 188514100
 2.17    8.18    93.159
 2.17 15.00   1.903   1.447
 2.17 15.00   3.350    87.260
 2.17 15.00   3.051   1.557   3.350   0.715
 2.17 15.00   3.056   1.538   3.350   0.695

 2.18  0.00   0.666   0.647   0.116   0.098   0.038   0.015   0.369   0.010   0.000   0.020   0.000 189382800
 2.18    8.16    93.002
 2.18 15.00   1.898   1.451
 2.18 15.00   3.349    87.134
 2.18 15.00   3.051   1.556   3.349   0.714
 2.18 15.00   3.056   1.537   3.349   0.694

 2.19  0.00   0.665   0.646   0.116   0.098   0.038   0.015   0.369   0.010   0.000   0.020   0.000 190251600
 2.19    8.14    92.846
 2.19 15.00   1.894   1.455
 2.19 15.00   3.349    87.008
 2.19 15.00   3.050   1.555   3.349   0.713
 2.19 15.00   3.055   1.536   3.349   0.693

 2.20  0.00   0.664   0.645   0.115   0.097   0.038   0.015   0.369   0.010   0.000   0.020   0.000 191120300
 2.20    8.12    92.691
 2.20 15.00   1.889   1.459
 2.20 15.00   3.348    86.884
 2.20 15.00   3.050   1.554   3.348   0.712
 2.20 15.00   3.055   1.534   3.348   0.692

 2.21  0.00   0.663   0.644   0.115   0.097   0.038   0.015   0.368   0.010   0.000   0.020   0.000 191989000
 2.21    8.09    92.537
 2.21 15.00   1.884   1.463
 2.21 15.00   3.347    86.761
 2.21 15.00   3.049   1.553   3.347   0.711
 2.21 15.00   3.055   1.533   3.347   0.691

 2.22  0.00   0.662   0.643   0.114   0.097   0.037   0.015   0.368   0.010   0.000   0.020   0.000 192857700
 2.22    8.07    92.385
 2.22 15.00   1.880   1.467
 2.22 15.00   3.347    86.639
 2.22 15.00   3.049   1.552   3.347   0.710
 2.22 15.00   3.054   1.532   3.347   0.690

 2.23  0.00   0.661   0.642   0.114   0.097   0.037   0.015   0.368   0.010   0.000   0.020   0.000 193726500
 2.23    8.05    92.233
 2.23 15.00   1.875   1.471
 2.23 15.00   3.346    86.518
 2.23 15.00   3.049   1.551   3.346   0.709
 2.23 15.00   3.054   1.531   3.346   0.689

 2.24  0.00   0.661   0.641   0.114   0.097   0.037   0.015   0.368   0.010   0.000   0.020   0.000 194595200
 2.24    8.03    92.082
 2.24 15.00   1.871   1.475
 2.24 15.00   3.346    86.398
 2.24 15.00   3.049   1.550   3.346   0.708
 2.24 15.00   3.054   1.530   3.346   0.688

 2.25  0.00   0.660   0.641   0.113   0.097   0.037   0.015   0.368   0.010   0.000   0.020   0.000 195463900
 2.25    8.01    91.932
 2.25 15.00   1.867   1.479
 2.25 15.00   3.346    86.280
 2.25 15.00   3.049   1.549   3.346   0.707
 2.25 15.00   3.054   1.529   3.346   0.687

 2.26  0.00   0.659   0.640   0.113   0.097   0.037   0.015   0.368   0.010   0.000   0.020   0.000 196332600
 2.26    7.99    91.783
 2.26 15.00   1.862   1.483
 2.26 15.00   3.346    86.162
 2.26 15.00   3.049   1.548   3.346   0.706
 2.26 15.00   3.054   1.528   3.346   0.686

 2.27  0.00   0.658   0.639   0.112   0.097   0.037   0.015   0.368   0.010   0.000   0.019   0.000 197201400
 2.27    7.96    91.636
 2.27 15.00   1.858   1.488
 2.27 15.00   3.345    86.046
 2.27 15.00   3.049   1.547   3.345   0.705
 2.27 15.00   3.054   1.527   3.345   0.685

 2.28  0.00   0.657   0.638   0.112   0.096   0.036   0.015   0.368   0.010   0.000   0.019   0.000 198070100
 2.28    7.94    91.489
 2.28 15.00   1.854   1.492
 2.28 15.00   3.345    85.930
 2.28 15.00   3.049   1.546   3.345   0.704
 2.28 15.00   3.055   1.526   3.345   0.684

 2.29  0.00   0.656   0.637   0.112   0.096   0.036   0.015   0.368   0.010   0.000   0.019   0.000 198938800
 2.29    7.92    91.343
 2.29 15.00   1.850   1.496
 2.29 15.00   3.346    85.816
 2.29 15.00   3.049   1.545   3.346   0.703
 2.29 15.00   3.055   1.525   3.346   0.683

 2.30  0.00   0.655   0.636   0.111   0.096   0.036   0.015   0.368   0.010   0.000   0.019   0.000 199807600
 2.30    7.90    91.198
 2.30 15.00   1.845   1.500
 2.30 15.00   3.346    85.703
 2.30 15.00   3.050   1.544   3.346   0.703
 2.30 15.00   3.055   1.524   3.346   0.682

 2.31  0.00   0.655   0.635   0.111   0.096   0.036   0.015   0.368   0.010   0.000   0.019   0.000 200676300
 2.31    7.88    91.054
 2.31 15.00   1.841   1.505
 2.31 15.00   3.346    85.591
 2.31 15.00   3.050   1.544   3.346   0.702
 2.31 15.00   3.056   1.524   3.346   0.681

 2.32  0.00   0.654   0.634   0.110   0.096   0.036   0.015   0.368   0.010   0.000   0.019   0.000 201545000
 2.32    7.86    90.911
 2.32 15.00   1.837   1.507
 2.32 15.00   3.344    85.485
 2.32 15.00   3.049   1.542   3.344   0.701
 2.32 15.00   3.054   1.522   3.344   0.680

 2.33  0.00   0.653   0.633   0.110   0.096   0.036   0.015   0.368   0.010   0.000   0.019   0.000 202413700
 2.33    7.84    90.769
 2.33 15.00   1.833   1.507
 2.33 15.00   3.340    85.386
 2.33 15.00   3.045   1.540   3.340   0.700
 2.33 15.00   3.051   1.520   3.340   0.679

 2.34  0.00   0.652   0.633   0.110   0.096   0.035   0.015   0.368   0.010   0.000   0.019   0.000 203282500
 2.34    7.82    90.628
 2.34 15.00   1.829   1.507
 2.34 15.00   3.336    85.288
 2.34 15.00   3.042   1.539   3.336   0.699
 2.34 15.00   3.047   1.518   3.336   0.678

 2.35  0.00   0.651   0.632   0.109   0.096   0.035   0.015   0.368   0.010   0.000   0.019   0.000 204151200
 2.35    7.80    90.488
 2.35 15.00   1.826   1.507
 2.35 15.00   3.332    85.191
 2.35 15.00   3.038   1.537   3.332   0.698
 2.35 15.00   3.044   1.516   3.332   0.677

 2.36  0.00   0.650   0.631   0.109   0.095   0.035   0.015   0.368   0.009   0.000   0.019   0.000 205019900
 2.36    7.78    90.349
 2.36 15.00   1.822   1.507
 2.36 15.00   3.328    85.095
 2.36 15.00   3.035   1.535   3.328   0.697
 2.36 15.00   3.040   1.515   3.328   0.676

 2.37  0.00   0.650   0.630   0.109   0.095   0.035   0.015   0.368   0.009   0.000   0.019   0.000 205888700
 2.37    7.77    90.211
 2.37 15.00   1.818   1.507
 2.37 15.00   3.325    84.999
 2.37 15.00   3.031   1.533   3.325   0.696
 2.37 15.00   3.037   1.513   3.325   0.675

 2.38  0.00   0.649   0.629   0.108   0.095   0.035   0.015   0.368   0.009   0.000   0.019   0.000 206757400
 2.38    7.75    90.073
 2.38 15.00   1.814   1.507
 2.38 15.00   3.321    84.905
 2.38 15.00   3.028   1.531   3.321   0.695
 2.38 15.00   3.033   1.511   3.321   0.674

 2.39  0.00   0.648   0.628   0.108   0.095   0.035   0.015   0.368   0.009   0.000   0.018   0.000 207626100
 2.39    7.73    89.937
 2.39 15.00   1.810   1.507
 2.39 15.00   3.317    84.811
 2.39 15.00   3.024   1.529   3.317   0.695
 2.39 15.00   3.030   1.509   3.317   0.673

 2.40  0.00   0.647   0.627   0.108   0.095   0.035   0.015   0.368   0.009   0.000   0.018   0.000 208494800
 2.40    7.71    89.801
 2.40 15.00   1.807   1.507
 2.40 15.00   3.313    84.718
 2.40 15.00   3.021   1.528   3.313   0.694
 2.40 15.00   3.027   1.507   3.313   0.672

 2.41  0.00   0.646   0.626   0.107   0.095   0.034   0.015   0.368   0.009   0.000   0.018   0.000 209363600
 2.41    7.69    89.667
 2.41 15.00   1.803   1.507
 2.41 15.00   3.310    84.626
 2.41 15.00   3.018   1.526   3.310   0.693
 2.41 15.00   3.023   1.505   3.310   0.671

 2.42  0.00   0.646   0.626   0.107   0.095   0.034   0.015   0.368   0.009   0.000   0.018   0.000 210232300
 2.42    7.67    89.533
 2.42 15.00   1.799   1.507
 2.42 15.00   3.306    84.534
 2.42 15.00   3.015   1.524   3.306   0.692
 2.42 15.00   3.020   1.503   3.306   0.671

 2.43  0.00   0.645   0.625   0.106   0.095   0.034   0.015   0.367   0.009   0.000   0.018   0.000 211101000
 2.43    7.65    89.405
 2.43 15.00   1.796   1.507
 2.43 15.00   3.303    84.447
 2.43 15.00   3.011   1.522   3.303   0.691
 2.43 15.00   3.017   1.502   3.303   0.670

 2.44  0.00   0.644   0.624   0.106   0.095   0.034   0.014   0.367   0.009   0.000   0.018   0.000 211969800
 2.44    7.64    89.268
 2.44 15.00   1.793   1.507
 2.44 15.00   3.300    84.354
 2.44 15.00   3.008   1.521   3.300   0.690
 2.44 15.00   3.014   1.500   3.300   0.669

 2.45  0.00   0.643   0.623   0.106   0.095   0.034   0.014   0.367   0.009   0.000   0.018   0.000 212838500
 2.45    7.62    89.132
 2.45 15.00   1.789   1.507
 2.45 15.00   3.296    84.262
 2.45 15.00   3.006   1.519   3.296   0.689
 2.45 15.00   3.011   1.498   3.296   0.668

 2.46  0.00   0.642   0.622   0.105   0.094   0.034   0.014   0.367   0.009   0.000   0.018   0.000 213707200
 2.46    7.60    88.997
 2.46 15.00   1.786   1.507
 2.46 15.00   3.293    84.171
 2.46 15.00   3.003   1.517   3.293   0.689
 2.46 15.00   3.008   1.497   3.293   0.667

 2.47  0.00   0.642   0.622   0.105   0.094   0.034   0.014   0.367   0.009   0.000   0.018   0.000 214576000
 2.47    7.59    88.862
 2.47 15.00   1.783   1.507
 2.47 15.00   3.290    84.081
 2.47 15.00   3.000   1.516   3.290   0.688
 2.47 15.00   3.005   1.495   3.290   0.666

 2.48  0.00   0.641   0.621   0.105   0.094   0.033   0.014   0.367   0.009   0.000   0.018   0.000 215444700
 2.48    7.57    88.728
 2.48 15.00   1.780   1.507
 2.48 15.00   3.287    83.991
 2.48 15.00   2.997   1.514   3.287   0.687
 2.48 15.00   3.002   1.494   3.287   0.666

 2.49  0.00   0.640   0.620   0.104   0.094   0.033   0.014   0.367   0.009   0.000   0.018   0.000 216313400
 2.49    7.55    88.595
 2.49 15.00   1.777   1.507
 2.49 15.00   3.284    83.902
 2.49 15.00   2.994   1.512   3.284   0.686
 2.49 15.00   3.000   1.492   3.284   0.665

 2.50  0.00   0.639   0.620   0.104   0.094   0.033   0.014   0.367   0.009   0.000   0.018   0.000 217182100
 2.50    7.54    88.462
 2.50 15.00   1.774   1.507
 2.50 15.00   3.280    83.813
 2.50 15.00   2.991   1.511   3.280   0.685
 2.50 15.00   2.997   1.491   3.280   0.664

 2.51  0.00   0.639   0.619   0.104   0.094   0.033   0.014   0.367   0.009   0.000   0.018   0.000 218050900
 2.51    7.52    88.330
 2.51 15.00   1.771   1.507
 2.51 15.00   3.277    83.725
 2.51 15.00   2.989   1.509   3.277   0.684
 2.51 15.00   2.994   1.489   3.277   0.663

 2.52  0.00   0.638   0.618   0.103   0.094   0.033   0.014   0.367   0.009   0.000   0.018   0.000 218919600
 2.52    7.50    88.199
 2.52 15.00   1.768   1.507
 2.52 15.00   3.274    83.638
 2.52 15.00   2.986   1.508   3.274   0.684
 2.52 15.00   2.991   1.488   3.274   0.663

 2.53  0.00   0.637   0.618   0.103   0.094   0.033   0.014   0.367   0.009   0.000   0.017   0.000 219788300
 2.53    7.49    88.068
 2.53 15.00   1.765   1.507
 2.53 15.00   3.271    83.551
 2.53 15.00   2.983   1.506   3.271   0.683
 2.53 15.00   2.989   1.486   3.271   0.662

 2.54  0.00   0.636   0.617   0.103   0.094   0.033   0.014   0.367   0.009   0.000   0.017   0.000 220657000
 2.54    7.47    87.939
 2.54 15.00   1.762   1.507
 2.54 15.00   3.269    83.466
 2.54 15.00   2.981   1.505   3.269   0.682
 2.54 15.00   2.986   1.485   3.269   0.661

 2.55  0.00   0.635   0.616   0.102   0.093   0.032   0.014   0.367   0.009   0.000   0.017   0.000 221525800
 2.55    7.46    87.809
 2.55 15.00   1.759   1.507
 2.55 15.00   3.266    83.380
 2.55 15.00   2.978   1.503   3.266   0.681
 2.55 15.00   2.983   1.483   3.266   0.661

 2.56  0.00   0.635   0.616   0.102   0.093   0.032   0.014   0.367   0.009   0.000   0.017   0.000 222394500
 2.56    7.44    87.681
 2.56 15.00   1.756   1.507
 2.56 15.00   3.263    83.296
 2.56 15.00   2.976   1.502   3.263   0.680
 2.56 15.00   2.981   1.482   3.263   0.660

 2.57  0.00   0.634   0.615   0.102   0.093   0.032   0.014   0.367   0.009   0.000   0.017   0.000 223263200
 2.57    7.43    87.553
 2.57 15.00   1.753   1.507
 2.57 15.00   3.260    83.211
 2.57 15.00   2.973   1.500   3.260   0.680
 2.57 15.00   2.978   1.480   3.260   0.659

 2.58  0.00   0.633   0.614   0.101   0.093   0.032   0.014   0.367   0.009   0.000   0.017   0.000 224132000
 2.58    7.41    87.426
 2.58 15.00   1.750   1.507
 2.58 15.00   3.257    83.128
 2.58 15.00   2.971   1.499   3.257   0.679
 2.58 15.00   2.976   1.479   3.257   0.658

 2.59  0.00   0.633   0.614   0.101   0.093   0.032   0.014   0.367   0.009   0.000   0.017   0.000 225000700
 2.59    7.40    87.299
 2.59 15.00   1.748   1.507
 2.59 15.00   3.254    83.045
 2.59 15.00   2.968   1.497   3.254   0.678
 2.59 15.00   2.973   1.478   3.254   0.658

 2.60  0.00   0.632   0.613   0.101   0.093   0.032   0.014   0.367   0.009   0.000   0.017   0.000 225869400
 2.60    7.38    87.173
 2.60 15.00   1.745   1.507
 2.60 15.00   3.252    82.963
 2.60 15.00   2.966   1.496   3.252   0.677
 2.60 15.00   2.971   1.476   3.252   0.657

 2.61  0.00   0.631   0.612   0.100   0.093   0.032   0.014   0.366   0.009   0.000   0.017   0.000 226738100
 2.61    7.37    87.048
 2.61 15.00   1.742   1.507
 2.61 15.00   3.249    82.881
 2.61 15.00   2.963   1.494   3.249   0.676
 2.61 15.00   2.969   1.475   3.249   0.656

 2.62  0.00   0.630   0.612   0.100   0.093   0.032   0.014   0.366   0.009   0.000   0.017   0.000 227606900
 2.62    7.35    86.923
 2.62 15.00   1.740   1.507
 2.62 15.00   3.246    82.800
 2.62 15.00   2.961   1.493   3.246   0.676
 2.62 15.00   2.966   1.474   3.246   0.656

 2.63  0.00   0.630   0.611   0.100   0.093   0.031   0.014   0.366   0.009   0.000   0.017   0.000 228475600
 2.63    7.34    86.799
 2.63 15.00   1.737   1.507
 2.63 15.00   3.244    82.720
 2.63 15.00   2.959   1.491   3.244   0.675
 2.63 15.00   2.964   1.472   3.244   0.655

 2.64  0.00   0.629   0.611   0.099   0.093   0.031   0.014   0.366   0.009   0.000   0.017   0.000 229344300
 2.64    7.32    86.676
 2.64 15.00   1.735   1.507
 2.64 15.00   3.241    82.640
 2.64 15.00   2.956   1.490   3.241   0.674
 2.64 15.00   2.962   1.471   3.241   0.654

 2.65  0.00   0.628   0.610   0.099   0.093   0.031   0.014   0.366   0.009   0.000   0.017   0.000 230213100
 2.65    7.31    86.553
 2.65 15.00   1.732   1.507
 2.65 15.00   3.239    82.560
 2.65 15.00   2.954   1.489   3.239   0.673
 2.65 15.00   2.959   1.470   3.239   0.654

 2.66  0.00   0.627   0.609   0.099   0.092   0.031   0.014   0.366   0.009   0.000   0.017   0.000 231081800
 2.66    7.29    86.431
 2.66 15.00   1.730   1.507
 2.66 15.00   3.236    82.482
 2.66 15.00   2.952   1.487   3.236   0.672
 2.66 15.00   2.957   1.468   3.236   0.653

 2.67  0.00   0.627   0.609   0.098   0.092   0.031   0.014   0.366   0.009   0.000   0.017   0.000 231950500
 2.67    7.28    86.310
 2.67 15.00   1.727   1.507
 2.67 15.00   3.234    82.403
 2.67 15.00   2.950   1.486   3.234   0.672
 2.67 15.00   2.955   1.467   3.234   0.652

 2.68  0.00   0.626   0.608   0.098   0.092   0.031   0.014   0.366   0.009   0.000   0.016   0.000 232819200
 2.68    7.27    86.189
 2.68 15.00   1.725   1.507
 2.68 15.00   3.231    82.326
 2.68 15.00   2.948   1.484   3.231   0.671
 2.68 15.00   2.953   1.466   3.231   0.652

 2.69  0.00   0.625   0.607   0.098   0.092   0.031   0.014   0.366   0.009   0.000   0.016   0.000 233688000
 2.69    7.25    86.069
 2.69 15.00   1.722   1.507
 2.69 15.00   3.229    82.249
 2.69 15.00   2.946   1.483   3.229   0.670
 2.69 15.00   2.951   1.465   3.229   0.651

 2.70  0.00   0.625   0.607   0.097   0.092   0.031   0.014   0.366   0.009   0.000   0.016   0.000 234556700
 2.70    7.24    85.949
 2.70 15.00   1.720   1.507
 2.70 15.00   3.227    82.172
 2.70 15.00   2.943   1.482   3.227   0.669
 2.70 15.00   2.948   1.463   3.227   0.650

 2.71  0.00   0.624   0.606   0.097   0.092   0.030   0.014   0.366   0.009   0.000   0.016   0.000 235425400
 2.71    7.23    85.830
 2.71 15.00   1.718   1.507
 2.71 15.00   3.224    82.096
 2.71 15.00   2.941   1.480   3.224   0.669
 2.71 15.00   2.946   1.462   3.224   0.650

 2.72  0.00   0.623   0.606   0.097   0.092   0.030   0.014   0.366   0.009   0.000   0.016   0.000 236294200
 2.72    7.21    85.712
 2.72 15.00   1.715   1.507
 2.72 15.00   3.222    82.021
 2.72 15.00   2.939   1.479   3.222   0.668
 2.72 15.00   2.944   1.461   3.222   0.649

 2.73  0.00   0.622   0.605   0.096   0.092   0.030   0.013   0.366   0.009   0.000   0.016   0.000 237162900
 2.73    7.20    85.594
 2.73 15.00   1.713   1.507
 2.73 15.00   3.220    81.946
 2.73 15.00   2.937   1.478   3.220   0.667
 2.73 15.00   2.942   1.460   3.220   0.648

 2.74  0.00   0.622   0.604   0.096   0.092   0.030   0.013   0.366   0.009   0.000   0.016   0.000 238031600
 2.74    7.19    85.477
 2.74 15.00   1.711   1.507
 2.74 15.00   3.218    81.872
 2.74 15.00   2.935   1.476   3.218   0.666
 2.74 15.00   2.940   1.458   3.218   0.648

 2.75  0.00   0.621   0.604   0.096   0.092   0.030   0.013   0.366   0.009   0.000   0.016   0.000 238900300
 2.75    7.17    85.360
 2.75 15.00   1.709   1.507
 2.75 15.00   3.215    81.798
 2.75 15.00   2.933   1.475   3.215   0.666
 2.75 15.00   2.938   1.457   3.215   0.647

 2.76  0.00   0.620   0.603   0.095   0.092   0.030   0.013   0.366   0.009   0.000   0.016   0.000 239769100
 2.76    7.16    85.244
 2.76 15.00   1.706   1.507
 2.76 15.00   3.213    81.724
 2.76 15.00   2.932   1.474   3.213   0.665
 2.76 15.00   2.936   1.456   3.213   0.646

 2.77  0.00   0.620   0.603   0.095   0.092   0.030   0.013   0.365   0.009   0.000   0.016   0.000 240637800
 2.77    7.15    85.129
 2.77 15.00   1.704   1.507
 2.77 15.00   3.211    81.652
 2.77 15.00   2.930   1.473   3.211   0.664
 2.77 15.00   2.934   1.455   3.211   0.646

 2.78  0.00   0.619   0.602   0.095   0.091   0.030   0.013   0.365   0.009   0.000   0.016   0.000 241506500
 2.78    7.13    85.014
 2.78 15.00   1.702   1.507
 2.78 15.00   3.209    81.579
 2.78 15.00   2.928   1.471   3.209   0.663
 2.78 15.00   2.932   1.454   3.209   0.645

 2.79  0.00   0.618   0.601   0.095   0.091   0.029   0.013   0.365   0.009   0.000   0.016   0.000 242375200
 2.79    7.12    84.900
 2.79 15.00   1.700   1.507
 2.79 15.00   3.207    81.508
 2.79 15.00   2.926   1.470   3.207   0.663
 2.79 15.00   2.931   1.453   3.207   0.645

 2.80  0.00   0.618   0.601   0.094   0.091   0.029   0.013   0.365   0.009   0.000   0.016   0.000 243244000
 2.80    7.11    84.786
 2.80 15.00   1.698   1.507
 2.80 15.00   3.205    81.436
 2.80 15.00   2.924   1.469   3.205   0.662
 2.80 15.00   2.929   1.451   3.205   0.644

 2.81  0.00   0.617   0.600   0.094   0.091   0.029   0.013   0.365   0.008   0.000   0.016   0.000 244112700
 2.81    7.10    84.673
 2.81 15.00   1.696   1.507
 2.81 15.00   3.203    81.366
 2.81 15.00   2.922   1.468   3.203   0.661
 2.81 15.00   2.927   1.450   3.203   0.643

 2.82  0.00   0.616   0.600   0.094   0.091   0.029   0.013   0.365   0.008   0.000   0.016   0.000 244981400
 2.82    7.08    84.561
 2.82 15.00   1.694   1.507
 2.82 15.00   3.201    81.295
 2.82 15.00   2.921   1.466   3.201   0.661
 2.82 15.00   2.925   1.449   3.201   0.643

 2.83  0.00   0.616   0.599   0.093   0.091   0.029   0.013   0.365   0.008   0.000   0.016   0.000 245850200
 2.83    7.07    84.449
 2.83 15.00   1.692   1.507
 2.83 15.00   3.199    81.226
 2.83 15.00   2.919   1.465   3.199   0.660
 2.83 15.00   2.923   1.448   3.199   0.642

 2.84  0.00   0.615   0.599   0.093   0.091   0.029   0.013   0.365   0.008   0.000   0.016   0.000 246718900
 2.84    7.06    84.338
 2.84 15.00   1.690   1.507
 2.84 15.00   3.197    81.157
 2.84 15.00   2.917   1.464   3.197   0.659
 2.84 15.00   2.922   1.447   3.197   0.641

 2.85  0.00   0.614   0.598   0.093   0.091   0.029   0.013   0.365   0.008   0.000   0.015   0.000 247587600
 2.85    7.05    84.227
 2.85 15.00   1.688   1.507
 2.85 15.00   3.195    81.088
 2.85 15.00   2.915   1.463   3.195   0.658
 2.85 15.00   2.920   1.446   3.195   0.641

 2.86  0.00   0.614   0.597   0.092   0.091   0.029   0.013   0.365   0.008   0.000   0.015   0.000 248456400
 2.86    7.04    84.117
 2.86 15.00   1.686   1.507
 2.86 15.00   3.193    81.020
 2.86 15.00   2.914   1.462   3.193   0.658
 2.86 15.00   2.918   1.445   3.193   0.640

 2.87  0.00   0.613   0.597   0.092   0.091   0.028   0.013   0.365   0.008   0.000   0.015   0.000 249325100
 2.87    7.02    84.007
 2.87 15.00   1.684   1.507
 2.87 15.00   3.191    80.952
 2.87 15.00   2.912   1.460   3.191   0.657
 2.87 15.00   2.917   1.444   3.191   0.640

 2.88  0.00   0.612   0.596   0.092   0.091   0.028   0.013   0.365   0.008   0.000   0.015   0.000 250193800
 2.88    7.01    83.898
 2.88 15.00   1.682   1.507
 2.88 15.00   3.189    80.885
 2.88 15.00   2.910   1.459   3.189   0.656
 2.88 15.00   2.915   1.443   3.189   0.639

 2.89  0.00   0.612   0.596   0.092   0.091   0.028   0.013   0.365   0.008   0.000   0.015   0.000 251062500
 2.89    7.00    83.790
 2.89 15.00   1.680   1.507
 2.89 15.00   3.187    80.818
 2.89 15.00   2.909   1.458   3.187   0.656
 2.89 15.00   2.913   1.442   3.187   0.638

 2.90  0.00   0.611   0.595   0.091   0.091   0.028   0.013   0.365   0.008   0.000   0.015   0.000 251931300
 2.90    6.99    83.682
 2.90 15.00   1.679   1.507
 2.90 15.00   3.185    80.751
 2.90 15.00   2.907   1.457   3.185   0.655
 2.90 15.00   2.912   1.441   3.185   0.638

 2.91  0.00   0.610   0.595   0.091   0.091   0.028   0.013   0.364   0.008   0.000   0.015   0.000 252800000
 2.91    6.98    83.575
 2.91 15.00   1.677   1.507
 2.91 15.00   3.184    80.686
 2.91 15.00   2.906   1.456   3.184   0.654
 2.91 15.00   2.910   1.439   3.184   0.637

 2.92  0.00   0.610   0.594   0.091   0.090   0.028   0.013   0.364   0.008   0.000   0.015   0.000 253668700
 2.92    6.97    83.468
 2.92 15.00   1.675   1.507
 2.92 15.00   3.182    80.620
 2.92 15.00   2.904   1.455   3.182   0.653
 2.92 15.00   2.909   1.438   3.182   0.637

 2.93  0.00   0.609   0.593   0.090   0.090   0.028   0.013   0.364   0.008   0.000   0.015   0.000 254537500
 2.93    6.95    83.362
 2.93 15.00   1.673   1.507
 2.93 15.00   3.180    80.555
 2.93 15.00   2.903   1.454   3.180   0.653
 2.93 15.00   2.907   1.437   3.180   0.636

 2.94  0.00   0.608   0.593   0.090   0.090   0.028   0.013   0.364   0.008   0.000   0.015   0.000 255406200
 2.94    6.94    83.256
 2.94 15.00   1.672   1.507
 2.94 15.00   3.178    80.491
 2.94 15.00   2.901   1.452   3.178   0.652
 2.94 15.00   2.906   1.436   3.178   0.635

 2.95  0.00   0.608   0.592   0.090   0.090   0.028   0.013   0.364   0.008   0.000   0.015   0.000 256274900
 2.95    6.93    83.151
 2.95 15.00   1.670   1.507
 2.95 15.00   3.177    80.427
 2.95 15.00   2.900   1.451   3.177   0.651
 2.95 15.00   2.904   1.435   3.177   0.635

 2.96  0.00   0.607   0.592   0.090   0.090   0.027   0.013   0.364   0.008   0.000   0.015   0.000 257143600
 2.96    6.92    83.046
 2.96 15.00   1.668   1.507
 2.96 15.00   3.175    80.363
 2.96 15.00   2.898   1.450   3.175   0.651
 2.96 15.00   2.903   1.434   3.175   0.634

 2.97  0.00   0.607   0.591   0.089   0.090   0.027   0.013   0.364   0.008   0.000   0.015   0.000 258012400
 2.97    6.91    82.942
 2.97 15.00   1.666   1.507
 2.97 15.00   3.173    80.300
 2.97 15.00   2.897   1.449   3.173   0.650
 2.97 15.00   2.901   1.433   3.173   0.634

 2.98  0.00   0.606   0.591   0.089   0.090   0.027   0.013   0.364   0.008   0.000   0.015   0.000 258881100
 2.98    6.90    82.839
 2.98 15.00   1.665   1.507
 2.98 15.00   3.172    80.238
 2.98 15.00   2.895   1.448   3.172   0.649
 2.98 15.00   2.900   1.432   3.172   0.633

 2.99  0.00   0.605   0.590   0.089   0.090   0.027   0.013   0.364   0.008   0.000   0.015   0.000 259749800
 2.99    6.89    82.736
 2.99 15.00   1.663   1.507
 2.99 15.00   3.170    80.175
 2.99 15.00   2.894   1.447   3.170   0.649
 2.99 15.00   2.898   1.432   3.170   0.633

 3.00  0.00   0.605   0.590   0.088   0.090   0.027   0.013   0.364   0.008   0.000   0.015   0.000 260618600
 3.00    6.88    82.633
 3.00 15.00   1.662   1.507
 3.00 15.00   3.168    80.114
 3.00 15.00   2.893   1.446   3.168   0.648
 3.00 15.00   2.897   1.431   3.168   0.632

 3.01  0.00   0.604   0.589   0.088   0.090   0.027   0.013   0.364   0.008   0.000   0.015   0.000 261487300
 3.01    6.87    82.531
 3.01 15.00   1.660   1.507
 3.01 15.00   3.167    80.052
 3.01 15.00   2.891   1.445   3.167   0.647
 3.01 15.00   2.896   1.430   3.167   0.631

 3.02  0.00   0.603   0.589   0.088   0.090   0.027   0.013   0.364   0.008   0.000   0.015   0.000 262356000
 3.02    6.86    82.430
 3.02 15.00   1.659   1.507
 3.02 15.00   3.165    79.991
 3.02 15.00   2.890   1.444   3.165   0.647
 3.02 15.00   2.894   1.429   3.165   0.631

 3.03  0.00   0.603   0.588   0.088   0.090   0.027   0.013   0.364   0.008   0.000   0.015   0.000 263224700
 3.03    6.85    82.329
 3.03 15.00   1.657   1.507
 3.03 15.00   3.164    79.931
 3.03 15.00   2.889   1.443   3.164   0.646
 3.03 15.00   2.893   1.428   3.164   0.630

 3.04  0.00   0.602   0.588   0.088   0.090   0.027   0.012   0.364   0.008   0.000   0.014   0.000 264093500
 3.04    6.84    82.229
 3.04 15.00   1.656   1.507
 3.04 15.00   3.162    79.871
 3.04 15.00   2.887   1.442   3.162   0.646
 3.04 15.00   2.892   1.427   3.162   0.630

 3.05  0.00   0.602   0.587   0.087   0.090   0.027   0.012   0.363   0.008   0.000   0.014   0.000 264962200
 3.05    6.83    82.129
 3.05 15.00   1.654   1.507
 3.05 15.00   3.161    79.811
 3.05 15.00   2.886   1.441   3.161   0.645
 3.05 15.00   2.890   1.426   3.161   0.629

 3.06  0.00   0.601   0.587   0.087   0.089   0.026   0.012   0.363   0.008   0.000   0.014   0.000 265830900
 3.06    6.82    82.030
 3.06 15.00   1.653   1.507
 3.06 15.00   3.159    79.752
 3.06 15.00   2.885   1.440   3.159   0.644
 3.06 15.00   2.889   1.425   3.159   0.629

 3.07  0.00   0.601   0.586   0.087   0.089   0.026   0.012   0.363   0.008   0.000   0.014   0.000 266699600
 3.07    6.81    81.931
 3.07 15.00   1.651   1.507
 3.07 15.00   3.158    79.693
 3.07 15.00   2.884   1.439   3.158   0.644
 3.07 15.00   2.888   1.424   3.158   0.628

 3.08  0.00   0.600   0.586   0.087   0.089   0.026   0.012   0.363   0.008   0.000   0.014   0.000 267568400
 3.08    6.80    81.833
 3.08 15.00   1.650   1.507
 3.08 15.00   3.156    79.635
 3.08 15.00   2.882   1.438   3.156   0.643
 3.08 15.00   2.886   1.423   3.156   0.628

 3.09  0.00   0.600   0.585   0.087   0.089   0.026   0.012   0.363   0.008   0.000   0.014   0.000 268437100
 3.09    6.79    81.735
 3.09 15.00   1.648   1.507
 3.09 15.00   3.155    79.577
 3.09 15.00   2.881   1.437   3.155   0.643
 3.09 15.00   2.885   1.422   3.155   0.627

 3.10  0.00   0.599   0.585   0.086   0.089   0.026   0.012   0.363   0.008   0.000   0.014   0.000 269305800
 3.10    6.78    81.638
 3.10 15.00   1.647   1.500
 3.10 15.00   3.147    79.525
 3.10 15.00   2.874   1.435   3.147   0.642
 3.10 15.00   2.878   1.420   3.147   0.626

 3.11  0.00   0.598   0.584   0.086   0.089   0.026   0.012   0.363   0.008   0.000   0.014   0.000 270174600
 3.11    6.77    81.541
 3.11 15.00   1.646   1.498
 3.11 15.00   3.143    79.470
 3.11 15.00   2.870   1.433   3.143   0.641
 3.11 15.00   2.874   1.418   3.143   0.626

 3.12  0.00   0.598   0.583   0.086   0.089   0.026   0.012   0.363   0.008   0.000   0.014   0.000 271043300
 3.12    6.76    81.445
 3.12 15.00   1.644   1.495
 3.12 15.00   3.140    79.415
 3.12 15.00   2.867   1.432   3.140   0.641
 3.12 15.00   2.871   1.417   3.140   0.625

 3.13  0.00   0.597   0.583   0.086   0.089   0.026   0.012   0.363   0.008   0.000   0.014   0.000 271912000
 3.13    6.75    81.349
 3.13 15.00   1.643   1.493
 3.13 15.00   3.136    79.361
 3.13 15.00   2.864   1.430   3.136   0.640
 3.13 15.00   2.867   1.415   3.136   0.625

 3.14  0.00   0.597   0.582   0.086   0.089   0.026   0.012   0.363   0.008   0.000   0.014   0.000 272780800
 3.14    6.74    81.254
 3.14 15.00   1.642   1.491
 3.14 15.00   3.133    79.306
 3.14 15.00   2.860   1.429   3.133   0.640
 3.14 15.00   2.864   1.414   3.133   0.624

 3.15  0.00   0.596   0.582   0.085   0.089   0.026   0.012   0.363   0.008   0.000   0.014   0.000 273649500
 3.15    6.73    81.159
 3.15 15.00   1.640   1.489
 3.15 15.00   3.129    79.252
 3.15 15.00   2.857   1.427   3.129   0.639
 3.15 15.00   2.861   1.412   3.129   0.624

 3.16  0.00   0.596   0.581   0.085   0.089   0.025   0.012   0.363   0.008   0.000   0.014   0.000 274518200
 3.16    6.72    81.065
 3.16 15.00   1.639   1.487
 3.16 15.00   3.126    79.198
 3.16 15.00   2.854   1.426   3.126   0.638
 3.16 15.00   2.858   1.411   3.126   0.623

 3.17  0.00   0.595   0.581   0.085   0.089   0.025   0.012   0.363   0.008   0.000   0.014   0.000 275386900
 3.17    6.71    80.972
 3.17 15.00   1.638   1.484
 3.17 15.00   3.122    79.145
 3.17 15.00   2.851   1.424   3.122   0.638
 3.17 15.00   2.855   1.410   3.122   0.623

 3.18  0.00   0.595   0.580   0.085   0.089   0.025   0.012   0.362   0.008   0.000   0.014   0.000 276255700
 3.18    6.70    80.878
 3.18 15.00   1.636   1.482
 3.18 15.00   3.119    79.092
 3.18 15.00   2.847   1.423   3.119   0.637
 3.18 15.00   2.851   1.408   3.119   0.622

 3.19  0.00   0.594   0.580   0.084   0.089   0.025   0.012   0.362   0.008   0.000   0.014   0.000 277124400
 3.19    6.69    80.786
 3.19 15.00   1.635   1.480
 3.19 15.00   3.115    79.039
 3.19 15.00   2.844   1.421   3.115   0.637
 3.19 15.00   2.848   1.407   3.115   0.622

 3.20  0.00   0.594   0.580   0.084   0.089   0.025   0.012   0.362   0.008   0.000   0.014   0.000 277993100
 3.20    6.68    80.694
 3.20 15.00   1.634   1.478
 3.20 15.00   3.112    78.987
 3.20 15.00   2.841   1.420   3.112   0.636
 3.20 15.00   2.845   1.405   3.112   0.621

 3.21  0.00   0.593   0.579   0.084   0.089   0.025   0.012   0.362   0.008   0.000   0.013   0.000 278861900
 3.21    6.67    80.602
 3.21 15.00   1.633   1.476
 3.21 15.00   3.109    78.934
 3.21 15.00   2.838   1.418   3.109   0.636
 3.21 15.00   2.842   1.404   3.109   0.621

 3.22  0.00   0.592   0.579   0.084   0.088   0.025   0.012   0.362   0.008   0.000   0.013   0.000 279730600
 3.22    6.66    80.511
 3.22 15.00   1.632   1.474
 3.22 15.00   3.105    78.883
 3.22 15.00   2.835   1.417   3.105   0.635
 3.22 15.00   2.839   1.403   3.105   0.620

 3.23  0.00   0.592   0.578   0.084   0.088   0.025   0.012   0.362   0.008   0.000   0.013   0.000 280599300
 3.23    6.65    80.420
 3.23 15.00   1.631   1.471
 3.23 15.00   3.102    78.831
 3.23 15.00   2.832   1.416   3.102   0.634
 3.23 15.00   2.836   1.401   3.102   0.620

 3.24  0.00   0.591   0.578   0.083   0.088   0.025   0.012   0.362   0.008   0.000   0.013   0.000 281468000
 3.24    6.64    80.330
 3.24 15.00   1.629   1.469
 3.24 15.00   3.099    78.780
 3.24 15.00   2.829   1.414   3.099   0.634
 3.24 15.00   2.833   1.400   3.099   0.619

 3.25  0.00   0.591   0.577   0.083   0.088   0.025   0.012   0.362   0.008   0.000   0.013   0.000 282336800
 3.25    6.63    80.240
 3.25 15.00   1.628   1.467
 3.25 15.00   3.096    78.729
 3.25 15.00   2.826   1.413   3.096   0.633
 3.25 15.00   2.830   1.399   3.096   0.619

 3.26  0.00   0.590   0.577   0.083   0.088   0.024   0.012   0.362   0.008   0.000   0.013   0.000 283205500
 3.26    6.63    80.151
 3.26 15.00   1.627   1.465
 3.26 15.00   3.092    78.678
 3.26 15.00   2.823   1.411   3.092   0.633
 3.26 15.00   2.827   1.397   3.092   0.618

 3.27  0.00   0.590   0.576   0.083   0.088   0.024   0.012   0.362   0.008   0.000   0.013   0.000 284074200
 3.27    6.62    80.062
 3.27 15.00   1.626   1.463
 3.27 15.00   3.089    78.628
 3.27 15.00   2.820   1.410   3.089   0.632
 3.27 15.00   2.824   1.396   3.089   0.617

 3.28  0.00   0.589   0.576   0.083   0.088   0.024   0.012   0.362   0.008   0.000   0.013   0.000 284942900
 3.28    6.61    79.974
 3.28 15.00   1.625   1.461
 3.28 15.00   3.086    78.578
 3.28 15.00   2.817   1.409   3.086   0.632
 3.28 15.00   2.821   1.395   3.086   0.617

 3.29  0.00   0.589   0.575   0.082   0.088   0.024   0.012   0.362   0.008   0.000   0.013   0.000 285811700
 3.29    6.60    79.886
 3.29 15.00   1.624   1.459
 3.29 15.00   3.083    78.528
 3.29 15.00   2.815   1.407   3.083   0.631
 3.29 15.00   2.818   1.393   3.083   0.616

 3.30  0.00   0.588   0.575   0.082   0.088   0.024   0.012   0.362   0.008   0.000   0.013   0.000 286680400
 3.30    6.59    79.798
 3.30 15.00   1.623   1.457
 3.30 15.00   3.080    78.478
 3.30 15.00   2.812   1.406   3.080   0.630
 3.30 15.00   2.816   1.392   3.080   0.616

 3.31  0.00   0.588   0.574   0.082   0.088   0.024   0.012   0.361   0.008   0.000   0.013   0.000 287549100
 3.31    6.58    79.708
 3.31 15.00   1.622   1.455
 3.31 15.00   3.077    78.427
 3.31 15.00   2.809   1.405   3.077   0.630
 3.31 15.00   2.812   1.391   3.077   0.615

 3.32  0.00   0.587   0.574   0.082   0.088   0.024   0.012   0.361   0.008   0.000   0.013   0.000 288417900
 3.32    6.57    79.633
 3.32 15.00   1.619   1.453
 3.32 15.00   3.072    78.384
 3.32 15.00   2.805   1.403   3.072   0.629
 3.32 15.00   2.809   1.389   3.072   0.615

 3.33  0.00   0.587   0.573   0.082   0.088   0.024   0.012   0.361   0.007   0.000   0.013   0.000 289286600
 3.33    6.56    79.559
 3.33 15.00   1.617   1.451
 3.33 15.00   3.068    78.342
 3.33 15.00   2.801   1.401   3.068   0.629
 3.33 15.00   2.805   1.388   3.068   0.614

 3.34  0.00   0.586   0.573   0.081   0.088   0.024   0.012   0.361   0.007   0.000   0.013   0.000 290155300
 3.34    6.54    79.485
 3.34 15.00   1.615   1.449
 3.34 15.00   3.064    78.300
 3.34 15.00   2.797   1.400   3.064   0.628
 3.34 15.00   2.801   1.386   3.064   0.614

 3.35  0.00   0.586   0.572   0.081   0.088   0.024   0.012   0.361   0.007   0.000   0.013   0.000 291024000
 3.35    6.53    79.412
 3.35 15.00   1.613   1.447
 3.35 15.00   3.060    78.258
 3.35 15.00   2.793   1.398   3.060   0.628
 3.35 15.00   2.797   1.385   3.060   0.613

 3.36  0.00   0.585   0.572   0.081   0.088   0.024   0.012   0.361   0.007   0.000   0.013   0.000 291892800
 3.36    6.52    79.339
 3.36 15.00   1.611   1.445
 3.36 15.00   3.056    78.216
 3.36 15.00   2.789   1.397   3.056   0.627
 3.36 15.00   2.793   1.383   3.056   0.613

 3.37  0.00   0.585   0.571   0.081   0.088   0.023   0.012   0.361   0.007   0.000   0.013   0.000 292761500
 3.37    6.50    79.267
 3.37 15.00   1.609   1.443
 3.37 15.00   3.052    78.175
 3.37 15.00   2.786   1.395   3.052   0.627
 3.37 15.00   2.789   1.381   3.052   0.612

 3.38  0.00   0.584   0.571   0.081   0.088   0.023   0.012   0.361   0.007   0.000   0.013   0.000 293630200
 3.38    6.49    79.196
 3.38 15.00   1.606   1.441
 3.38 15.00   3.048    78.134
 3.38 15.00   2.782   1.394   3.048   0.626
 3.38 15.00   2.786   1.380   3.048   0.612

 3.39  0.00   0.584   0.571   0.081   0.088   0.023   0.011   0.361   0.007   0.000   0.012   0.000 294499000
 3.39    6.48    79.125
 3.39 15.00   1.604   1.439
 3.39 15.00   3.044    78.094
 3.39 15.00   2.778   1.392   3.044   0.626
 3.39 15.00   2.782   1.378   3.044   0.612

 3.40  0.00   0.583   0.570   0.080   0.088   0.023   0.011   0.361   0.007   0.000   0.012   0.000 295367700
 3.40    6.47    79.054
 3.40 15.00   1.602   1.438
 3.40 15.00   3.040    78.054
 3.40 15.00   2.774   1.390   3.040   0.625
 3.40 15.00   2.778   1.377   3.040   0.611

 3.41  0.00   0.583   0.570   0.080   0.087   0.023   0.011   0.361   0.007   0.000   0.012   0.000 296236400
 3.41    6.45    78.984
 3.41 15.00   1.600   1.436
 3.41 15.00   3.036    78.014
 3.41 15.00   2.771   1.389   3.036   0.624
 3.41 15.00   2.774   1.375   3.036   0.611

 3.42  0.00   0.582   0.569   0.080   0.087   0.023   0.011   0.361   0.007   0.000   0.012   0.000 297105200
 3.42    6.44    78.914
 3.42 15.00   1.598   1.434
 3.42 15.00   3.032    77.974
 3.42 15.00   2.767   1.387   3.032   0.624
 3.42 15.00   2.771   1.374   3.032   0.610

 3.43  0.00   0.582   0.569   0.080   0.087   0.023   0.011   0.361   0.007   0.000   0.012   0.000 297973900
 3.43    6.43    78.845
 3.43 15.00   1.596   1.432
 3.43 15.00   3.028    77.935
 3.43 15.00   2.763   1.386   3.028   0.623
 3.43 15.00   2.767   1.372   3.028   0.610

 3.44  0.00   0.581   0.568   0.080   0.087   0.023   0.011   0.361   0.007   0.000   0.012   0.000 298842600
 3.44    6.42    78.776
 3.44 15.00   1.594   1.430
 3.44 15.00   3.024    77.896
 3.44 15.00   2.760   1.384   3.024   0.623
 3.44 15.00   2.763   1.371   3.024   0.609

 3.45  0.00   0.581   0.568   0.079   0.087   0.023   0.011   0.360   0.007   0.000   0.012   0.000 299711300
 3.45    6.40    78.707
 3.45 15.00   1.592   1.428
 3.45 15.00   3.020    77.857
 3.45 15.00   2.756   1.383   3.020   0.622
 3.45 15.00   2.759   1.369   3.020   0.609

 3.46  0.00   0.580   0.567   0.079   0.087   0.023   0.011   0.360   0.007   0.000   0.012   0.000 300580100
 3.46    6.39    78.639
 3.46 15.00   1.590   1.426
 3.46 15.00   3.016    77.819
 3.46 15.00   2.752   1.381   3.016   0.622
 3.46 15.00   2.756   1.368   3.016   0.608

 3.47  0.00   0.580   0.567   0.079   0.087   0.023   0.011   0.360   0.007   0.000   0.012   0.000 301448800
 3.47    6.38    78.572
 3.47 15.00   1.587   1.425
 3.47 15.00   3.012    77.781
 3.47 15.00   2.749   1.380   3.012   0.621
 3.47 15.00   2.752   1.367   3.012   0.608

 3.48  0.00   0.579   0.567   0.079   0.087   0.023   0.011   0.360   0.007   0.000   0.012   0.000 302317500
 3.48    6.36    78.505
 3.48 15.00   1.585   1.423
 3.48 15.00   3.008    77.743
 3.48 15.00   2.745   1.378   3.008   0.621
 3.48 15.00   2.748   1.365   3.008   0.607

 3.49  0.00   0.579   0.566   0.079   0.087   0.022   0.011   0.360   0.007   0.000   0.012   0.000 303186200
 3.49    6.35    78.438
 3.49 15.00   1.583   1.421
 3.49 15.00   3.004    77.705
 3.49 15.00   2.741   1.377   3.004   0.620
 3.49 15.00   2.745   1.364   3.004   0.607

 3.50  0.00   0.578   0.566   0.078   0.087   0.022   0.011   0.360   0.007   0.000   0.012   0.000 304055000
 3.50    6.34    78.372
 3.50 15.00   1.581   1.419
 3.50 15.00   3.000    77.668
 3.50 15.00   2.738   1.375   3.000   0.620
 3.50 15.00   2.741   1.362   3.000   0.606

 3.51  0.00   0.578   0.565   0.078   0.087   0.022   0.011   0.360   0.007   0.000   0.012   0.000 304923700
 3.51    6.33    78.306
 3.51 15.00   1.579   1.417
 3.51 15.00   2.997    77.631
 3.51 15.00   2.734   1.374   2.997   0.619
 3.51 15.00   2.738   1.361   2.997   0.606

 3.52  0.00   0.577   0.565   0.078   0.087   0.022   0.011   0.360   0.007   0.000   0.012   0.000 305792400
 3.52    6.31    78.240
 3.52 15.00   1.577   1.416
 3.52 15.00   2.993    77.594
 3.52 15.00   2.731   1.372   2.993   0.619
 3.52 15.00   2.734   1.359   2.993   0.605

 3.53  0.00   0.577   0.564   0.078   0.087   0.022   0.011   0.360   0.007   0.000   0.012   0.000 306661200
 3.53    6.30    78.175
 3.53 15.00   1.575   1.414
 3.53 15.00   2.989    77.557
 3.53 15.00   2.727   1.371   2.989   0.618
 3.53 15.00   2.730   1.358   2.989   0.605

 3.54  0.00   0.576   0.564   0.078   0.087   0.022   0.011   0.360   0.007   0.000   0.012   0.000 307529900
 3.54    6.29    78.110
 3.54 15.00   1.573   1.412
 3.54 15.00   2.985    77.521
 3.54 15.00   2.724   1.369   2.985   0.618
 3.54 15.00   2.727   1.356   2.985   0.604

 3.55  0.00   0.576   0.564   0.078   0.087   0.022   0.011   0.360   0.007   0.000   0.012   0.000 308398600
 3.55    6.28    78.045
 3.55 15.00   1.571   1.411
 3.55 15.00   2.981    77.485
 3.55 15.00   2.720   1.368   2.981   0.617
 3.55 15.00   2.723   1.355   2.981   0.604

 3.56  0.00   0.575   0.563   0.077   0.087   0.022   0.011   0.360   0.007   0.000   0.012   0.000 309267400
 3.56    6.26    77.981
 3.56 15.00   1.569   1.409
 3.56 15.00   2.978    77.449
 3.56 15.00   2.716   1.366   2.978   0.617
 3.56 15.00   2.720   1.354   2.978   0.604

 3.57  0.00   0.575   0.563   0.077   0.087   0.022   0.011   0.360   0.007   0.000   0.012   0.000 310136100
 3.57    6.25    77.917
 3.57 15.00   1.567   1.407
 3.57 15.00   2.974    77.413
 3.57 15.00   2.713   1.365   2.974   0.616
 3.57 15.00   2.716   1.352   2.974   0.603

 3.58  0.00   0.574   0.562   0.077   0.087   0.022   0.011   0.359   0.007   0.000   0.012   0.000 311004800
 3.58    6.24    77.854
 3.58 15.00   1.565   1.405
 3.58 15.00   2.970    77.378
 3.58 15.00   2.710   1.363   2.970   0.616
 3.58 15.00   2.713   1.351   2.970   0.603

 3.59  0.00   0.574   0.562   0.077   0.087   0.022   0.011   0.359   0.007   0.000   0.012   0.000 311873500
 3.59    6.23    77.790
 3.59 15.00   1.563   1.404
 3.59 15.00   2.966    77.343
 3.59 15.00   2.706   1.362   2.966   0.615
 3.59 15.00   2.709   1.349   2.966   0.602

 3.60  0.00   0.573   0.561   0.077   0.087   0.022   0.011   0.359   0.007   0.000   0.011   0.000 312742300
 3.60    6.22    77.726
 3.60 15.00   1.561   1.402
 3.60 15.00   2.963    77.308
 3.60 15.00   2.703   1.361   2.963   0.615
 3.60 15.00   2.706   1.348   2.963   0.602

 3.61  0.00   0.573   0.561   0.076   0.086   0.022   0.011   0.359   0.007   0.000   0.011   0.000 313611000
 3.61    6.21    77.663
 3.61 15.00   1.558   1.400
 3.61 15.00   2.959    77.273
 3.61 15.00   2.699   1.359   2.959   0.614
 3.61 15.00   2.703   1.347   2.959   0.601

 3.62  0.00   0.573   0.561   0.076   0.086   0.021   0.011   0.359   0.007   0.000   0.011   0.000 314479700
 3.62    6.21    77.601
 3.62 15.00   1.556   1.399
 3.62 15.00   2.955    77.239
 3.62 15.00   2.696   1.358   2.955   0.614
 3.62 15.00   2.699   1.345   2.955   0.601

 3.63  0.00   0.572   0.560   0.076   0.086   0.021   0.011   0.359   0.007   0.000   0.011   0.000 315348400
 3.63    6.20    77.538
 3.63 15.00   1.554   1.397
 3.63 15.00   2.952    77.204
 3.63 15.00   2.692   1.356   2.952   0.613
 3.63 15.00   2.696   1.344   2.952   0.600

 3.64  0.00   0.572   0.560   0.076   0.086   0.021   0.011   0.359   0.007   0.000   0.011   0.000 316217200
 3.64    6.19    77.476
 3.64 15.00   1.552   1.396
 3.64 15.00   2.948    77.170
 3.64 15.00   2.689   1.355   2.948   0.613
 3.64 15.00   2.692   1.343   2.948   0.600

 3.65  0.00   0.571   0.559   0.076   0.086   0.021   0.011   0.359   0.007   0.000   0.011   0.000 317085900
 3.65    6.18    77.415
 3.65 15.00   1.550   1.394
 3.65 15.00   2.944    77.136
 3.65 15.00   2.686   1.353   2.944   0.612
 3.65 15.00   2.689   1.341   2.944   0.600

 3.66  0.00   0.571   0.559   0.076   0.086   0.021   0.011   0.359   0.007   0.000   0.011   0.000 317954700
 3.66    6.18    77.353
 3.66 15.00   1.548   1.392
 3.66 15.00   2.941    77.103
 3.66 15.00   2.682   1.352   2.941   0.612
 3.66 15.00   2.686   1.340   2.941   0.599

 3.67  0.00   0.570   0.559   0.075   0.086   0.021   0.011   0.359   0.007   0.000   0.011   0.000 318823400
 3.67    6.17    77.292
 3.67 15.00   1.546   1.391
 3.67 15.00   2.937    77.069
 3.67 15.00   2.679   1.351   2.937   0.611
 3.67 15.00   2.682   1.338   2.937   0.599

 3.68  0.00   0.570   0.558   0.075   0.086   0.021   0.011   0.359   0.007   0.000   0.011   0.000 319692100
 3.68    6.16    77.232
 3.68 15.00   1.544   1.389
 3.68 15.00   2.934    77.036
 3.68 15.00   2.676   1.349   2.934   0.611
 3.68 15.00   2.679   1.337   2.934   0.598

 3.69  0.00   0.569   0.558   0.075   0.086   0.021   0.011   0.359   0.007   0.000   0.011   0.000 320560800
 3.69    6.15    77.172
 3.69 15.00   1.542   1.388
 3.69 15.00   2.930    77.003
 3.69 15.00   2.672   1.348   2.930   0.610
 3.69 15.00   2.676   1.336   2.930   0.598

 3.70  0.00   0.569   0.557   0.075   0.086   0.021   0.011   0.359   0.007   0.000   0.011   0.000 321429600
 3.70    6.15    77.112
 3.70 15.00   1.540   1.386
 3.70 15.00   2.927    76.970
 3.70 15.00   2.669   1.346   2.927   0.610
 3.70 15.00   2.672   1.334   2.927   0.597

 3.71  0.00   0.568   0.557   0.075   0.086   0.021   0.011   0.359   0.007   0.000   0.011   0.000 322298300
 3.71    6.14    77.052
 3.71 15.00   1.538   1.385
 3.71 15.00   2.923    76.937
 3.71 15.00   2.666   1.345   2.923   0.609
 3.71 15.00   2.669   1.333   2.923   0.597

 3.72  0.00   0.568   0.557   0.074   0.086   0.021   0.011   0.358   0.007   0.000   0.011   0.000 323167000
 3.72    6.13    76.993
 3.72 15.00   1.536   1.383
 3.72 15.00   2.920    76.905
 3.72 15.00   2.662   1.344   2.920   0.609
 3.72 15.00   2.666   1.332   2.920   0.596

 3.73  0.00   0.568   0.556   0.074   0.086   0.021   0.011   0.358   0.007   0.000   0.011   0.000 324035700
 3.73    6.12    76.934
 3.73 15.00   1.534   1.382
 3.73 15.00   2.916    76.872
 3.73 15.00   2.659   1.342   2.916   0.608
 3.73 15.00   2.662   1.330   2.916   0.596

 3.74  0.00   0.567   0.556   0.074   0.086   0.021   0.011   0.358   0.007   0.000   0.011   0.000 324904500
 3.74    6.11    76.876
 3.74 15.00   1.532   1.380
 3.74 15.00   2.913    76.840
 3.74 15.00   2.656   1.341   2.913   0.608
 3.74 15.00   2.659   1.329   2.913   0.596

 3.75  0.00   0.567   0.555   0.074   0.086   0.021   0.011   0.358   0.007   0.000   0.011   0.000 325773200
 3.75    6.11    76.818
 3.75 15.00   1.530   1.379
 3.75 15.00   2.909    76.808
 3.75 15.00   2.653   1.340   2.909   0.607
 3.75 15.00   2.656   1.328   2.909   0.595

 3.76  0.00   0.566   0.555   0.074   0.086   0.020   0.011   0.358   0.007   0.000   0.011   0.000 326641900
 3.76    6.10    76.760
 3.76 15.00   1.529   1.377
 3.76 15.00   2.906    76.776
 3.76 15.00   2.650   1.338   2.906   0.607
 3.76 15.00   2.653   1.327   2.906   0.595

 3.77  0.00   0.566   0.555   0.074   0.086   0.020   0.010   0.358   0.007   0.000   0.011   0.000 327510700
 3.77    6.09    76.702
 3.77 15.00   1.527   1.376
 3.77 15.00   2.902    76.745
 3.77 15.00   2.646   1.337   2.902   0.606
 3.77 15.00   2.650   1.325   2.902   0.594

 3.78  0.00   0.565   0.554   0.073   0.086   0.020   0.010   0.358   0.007   0.000   0.011   0.000 328379400
 3.78    6.08    76.645
 3.78 15.00   1.525   1.374
 3.78 15.00   2.899    76.713
 3.78 15.00   2.643   1.336   2.899   0.606
 3.78 15.00   2.646   1.324   2.899   0.594

 3.79  0.00   0.565   0.554   0.073   0.086   0.020   0.010   0.358   0.007   0.000   0.011   0.000 329248100
 3.79    6.08    76.588
 3.79 15.00   1.523   1.373
 3.79 15.00   2.895    76.682
 3.79 15.00   2.640   1.334   2.895   0.606
 3.79 15.00   2.643   1.323   2.895   0.594

 3.80  0.00   0.565   0.553   0.073   0.086   0.020   0.010   0.358   0.007   0.000   0.011   0.000 330116800
 3.80    6.07    76.531
 3.80 15.00   1.521   1.371
 3.80 15.00   2.892    76.651
 3.80 15.00   2.637   1.333   2.892   0.605
 3.80 15.00   2.640   1.321   2.892   0.593

 3.81  0.00   0.564   0.553   0.073   0.086   0.020   0.010   0.358   0.007   0.000   0.011   0.000 330985600
 3.81    6.06    76.475
 3.81 15.00   1.519   1.370
 3.81 15.00   2.889    76.620
 3.81 15.00   2.634   1.332   2.889   0.605
 3.81 15.00   2.637   1.320   2.889   0.593

 3.82  0.00   0.564   0.553   0.073   0.086   0.020   0.010   0.358   0.007   0.000   0.010   0.000 331854300
 3.82    6.06    76.419
 3.82 15.00   1.517   1.369
 3.82 15.00   2.885    76.589
 3.82 15.00   2.631   1.330   2.885   0.604
 3.82 15.00   2.634   1.319   2.885   0.592

 3.83  0.00   0.563   0.552   0.073   0.086   0.020   0.010   0.358   0.007   0.000   0.010   0.000 332723000
 3.83    6.05    76.363
 3.83 15.00   1.515   1.367
 3.83 15.00   2.882    76.558
 3.83 15.00   2.628   1.329   2.882   0.604
 3.83 15.00   2.631   1.318   2.882   0.592

 3.84  0.00   0.563   0.552   0.072   0.086   0.020   0.010   0.358   0.007   0.000   0.010   0.000 333591700
 3.84    6.04    76.307
 3.84 15.00   1.513   1.366
 3.84 15.00   2.879    76.528
 3.84 15.00   2.624   1.328   2.879   0.603
 3.84 15.00   2.628   1.316   2.879   0.592

 3.85  0.00   0.562   0.552   0.072   0.085   0.020   0.010   0.358   0.007   0.000   0.010   0.000 334460500
 3.85    6.03    76.252
 3.85 15.00   1.511   1.364
 3.85 15.00   2.875    76.497
 3.85 15.00   2.621   1.326   2.875   0.603
 3.85 15.00   2.624   1.315   2.875   0.591

 3.86  0.00   0.562   0.551   0.072   0.085   0.020   0.010   0.357   0.007   0.000   0.010   0.000 335329200
 3.86    6.03    76.197
 3.86 15.00   1.509   1.363
 3.86 15.00   2.872    76.467
 3.86 15.00   2.618   1.325   2.872   0.602
 3.86 15.00   2.621   1.314   2.872   0.591

 3.87  0.00   0.562   0.551   0.072   0.085   0.020   0.010   0.357   0.007   0.000   0.010   0.000 336197900
 3.87    6.02    76.142
 3.87 15.00   1.507   1.362
 3.87 15.00   2.869    76.437
 3.87 15.00   2.615   1.324   2.869   0.602
 3.87 15.00   2.618   1.313   2.869   0.590

 3.88  0.00   0.561   0.550   0.072   0.085   0.020   0.010   0.357   0.007   0.000   0.010   0.000 337066700
 3.88    6.01    76.088
 3.88 15.00   1.505   1.360
 3.88 15.00   2.866    76.407
 3.88 15.00   2.612   1.323   2.866   0.601
 3.88 15.00   2.615   1.311   2.866   0.590

 3.89  0.00   0.561   0.550   0.072   0.085   0.020   0.010   0.357   0.007   0.000   0.010   0.000 337935400
 3.89    6.00    76.033
 3.89 15.00   1.503   1.359
 3.89 15.00   2.862    76.377
 3.89 15.00   2.609   1.321   2.862   0.601
 3.89 15.00   2.612   1.310   2.862   0.589

 3.90  0.00   0.560   0.550   0.071   0.085   0.020   0.010   0.357   0.007   0.000   0.010   0.000 338804100
 3.90    6.00    75.979
 3.90 15.00   1.502   1.358
 3.90 15.00   2.859    76.348
 3.90 15.00   2.606   1.320   2.859   0.601
 3.90 15.00   2.609   1.309   2.859   0.589

 3.91  0.00   0.560   0.549   0.071   0.085   0.020   0.010   0.357   0.007   0.000   0.010   0.000 339672900
 3.91    5.99    75.926
 3.91 15.00   1.500   1.356
 3.91 15.00   2.856    76.318
 3.91 15.00   2.603   1.319   2.856   0.600
 3.91 15.00   2.606   1.308   2.856   0.589

 3.92  0.00   0.559   0.549   0.071   0.085   0.019   0.010   0.357   0.007   0.000   0.010   0.000 340541600
 3.92    5.98    75.872
 3.92 15.00   1.498   1.355
 3.92 15.00   2.853    76.289
 3.92 15.00   2.600   1.318   2.853   0.600
 3.92 15.00   2.603   1.306   2.853   0.588

 3.93  0.00   0.559   0.548   0.071   0.085   0.019   0.010   0.357   0.007   0.000   0.010   0.000 341410300
 3.93    5.98    75.819
 3.93 15.00   1.496   1.354
 3.93 15.00   2.850    76.260
 3.93 15.00   2.597   1.316   2.850   0.599
 3.93 15.00   2.600   1.305   2.850   0.588

 3.94  0.00   0.559   0.548   0.071   0.085   0.019   0.010   0.357   0.006   0.000   0.010   0.000 342279000
 3.94    5.97    75.766
 3.94 15.00   1.494   1.352
 3.94 15.00   2.846    76.231
 3.94 15.00   2.594   1.315   2.846   0.599
 3.94 15.00   2.597   1.304   2.846   0.587

 3.95  0.00   0.558   0.548   0.071   0.085   0.019   0.010   0.357   0.006   0.000   0.010   0.000 343147800
 3.95    5.96    75.713
 3.95 15.00   1.492   1.351
 3.95 15.00   2.843    76.202
 3.95 15.00   2.591   1.314   2.843   0.598
 3.95 15.00   2.594   1.303   2.843   0.587

 3.96  0.00   0.558   0.547   0.070   0.085   0.019   0.010   0.357   0.006   0.000   0.010   0.000 344016500
 3.96    5.95    75.660
 3.96 15.00   1.490   1.350
 3.96 15.00   2.840    76.173
 3.96 15.00   2.589   1.313   2.840   0.598
 3.96 15.00   2.591   1.302   2.840   0.587

 3.97  0.00   0.557   0.547   0.070   0.085   0.019   0.010   0.357   0.006   0.000   0.010   0.000 344885200
 3.97    5.95    75.608
 3.97 15.00   1.488   1.348
 3.97 15.00   2.837    76.144
 3.97 15.00   2.586   1.311   2.837   0.597
 3.97 15.00   2.589   1.300   2.837   0.586

 3.98  0.00   0.557   0.547   0.070   0.085   0.019   0.010   0.357   0.006   0.000   0.010   0.000 345754000
 3.98    5.94    75.556
 3.98 15.00   1.487   1.347
 3.98 15.00   2.834    76.116
 3.98 15.00   2.583   1.310   2.834   0.597
 3.98 15.00   2.586   1.299   2.834   0.586

 3.99  0.00   0.557   0.546   0.070   0.085   0.019   0.010   0.357   0.006   0.000   0.010   0.000 346622700
 3.99    5.93    75.504
 3.99 15.00   1.485   1.346
 3.99 15.00   2.831    76.087
 3.99 15.00   2.580   1.309   2.831   0.597
 3.99 15.00   2.583   1.298   2.831   0.585

 4.00  0.00   0.556   0.546   0.070   0.085   0.019   0.010   0.356   0.006   0.000   0.010   0.000 347491400
 4.00    5.93    75.452
 4.00 15.00   1.483   1.345
 4.00 15.00   2.828    76.059
 4.00 15.00   2.577   1.308   2.828   0.596
 4.00 15.00   2.580   1.297   2.828   0.585

 4.01  0.00   0.556   0.545   0.070   0.085   0.019   0.010   0.356   0.006   0.000   0.010   0.000 348360200
 4.01    5.92    75.401
 4.01 15.00   1.481   1.343
 4.01 15.00   2.825    76.031
 4.01 15.00   2.574   1.306   2.825   0.596
 4.01 15.00   2.577   1.296   2.825   0.585

 4.02  0.00   0.555   0.545   0.070   0.085   0.019   0.010   0.356   0.006   0.000   0.010   0.000 349228900
 4.02    5.91    75.350
 4.02 15.00   1.479   1.342
 4.02 15.00   2.822    76.003
 4.02 15.00   2.571   1.305   2.822   0.595
 4.02 15.00   2.574   1.295   2.822   0.584

 4.03  0.00   0.555   0.545   0.069   0.085   0.019   0.010   0.356   0.006   0.000   0.010   0.000 350097600
 4.03    5.90    75.299
 4.03 15.00   1.477   1.341
 4.03 15.00   2.818    75.975
 4.03 15.00   2.568   1.304   2.818   0.595
 4.03 15.00   2.571   1.293   2.818   0.584

 4.04  0.00   0.555   0.544   0.069   0.085   0.019   0.010   0.356   0.006   0.000   0.010   0.000 350966300
 4.04    5.90    75.248
 4.04 15.00   1.476   1.340
 4.04 15.00   2.815    75.947
 4.04 15.00   2.566   1.303   2.815   0.594
 4.04 15.00   2.569   1.292   2.815   0.583

 4.05  0.00   0.554   0.544   0.069   0.085   0.019   0.010   0.356   0.006   0.000   0.010   0.000 351835100
 4.05    5.89    75.197
 4.05 15.00   1.474   1.339
 4.05 15.00   2.812    75.920
 4.05 15.00   2.563   1.302   2.812   0.594
 4.05 15.00   2.566   1.291   2.812   0.583

 4.06  0.00   0.554   0.544   0.069   0.085   0.019   0.010   0.356   0.006   0.000   0.010   0.000 352703800
 4.06    5.88    75.147
 4.06 15.00   1.472   1.337
 4.06 15.00   2.809    75.892
 4.06 15.00   2.560   1.301   2.809   0.594
 4.06 15.00   2.563   1.290   2.809   0.583

 4.07  0.00   0.554   0.543   0.069   0.085   0.019   0.010   0.356   0.006   0.000   0.010   0.000 353572500
 4.07    5.88    75.097
 4.07 15.00   1.470   1.336
 4.07 15.00   2.806    75.865
 4.07 15.00   2.557   1.299   2.806   0.593
 4.07 15.00   2.560   1.289   2.806   0.582

 4.08  0.00   0.553   0.543   0.069   0.085   0.018   0.010   0.356   0.006   0.000   0.010   0.000 354441200
 4.08    5.87    75.047
 4.08 15.00   1.468   1.335
 4.08 15.00   2.804    75.837
 4.08 15.00   2.555   1.298   2.804   0.593
 4.08 15.00   2.557   1.288   2.804   0.582

 4.09  0.00   0.553   0.543   0.068   0.085   0.018   0.010   0.356   0.006   0.000   0.009   0.000 355310000
 4.09    5.86    74.997
 4.09 15.00   1.467   1.334
 4.09 15.00   2.801    75.810
 4.09 15.00   2.552   1.297   2.801   0.592
 4.09 15.00   2.555   1.287   2.801   0.582

 4.10  0.00   0.552   0.542   0.068   0.085   0.018   0.010   0.356   0.006   0.000   0.009   0.000 356178700
 4.10    5.86    74.947
 4.10 15.00   1.465   1.333
 4.10 15.00   2.798    75.783
 4.10 15.00   2.549   1.296   2.798   0.592
 4.10 15.00   2.552   1.286   2.798   0.581

 4.11  0.00   0.552   0.542   0.068   0.085   0.018   0.010   0.356   0.006   0.000   0.009   0.000 357047400
 4.11    5.85    74.898
 4.11 15.00   1.463   1.332
 4.11 15.00   2.795    75.756
 4.11 15.00   2.546   1.295   2.795   0.592
 4.11 15.00   2.549   1.284   2.795   0.581

 4.12  0.00   0.552   0.542   0.068   0.084   0.018   0.010   0.356   0.006   0.000   0.009   0.000 357916100
 4.12    5.84    74.849
 4.12 15.00   1.461   1.330
 4.12 15.00   2.792    75.729
 4.12 15.00   2.544   1.294   2.792   0.591
 4.12 15.00   2.546   1.283   2.792   0.581

 4.13  0.00   0.551   0.541   0.068   0.084   0.018   0.010   0.356   0.006   0.000   0.009   0.000 358784900
 4.13    5.84    74.799
 4.13 15.00   1.460   1.329
 4.13 15.00   2.789    75.702
 4.13 15.00   2.541   1.293   2.789   0.591
 4.13 15.00   2.544   1.282   2.789   0.580

 4.14  0.00   0.551   0.541   0.068   0.084   0.018   0.010   0.355   0.006   0.000   0.009   0.000 359653600
 4.14    5.83    74.751
 4.14 15.00   1.458   1.328
 4.14 15.00   2.786    75.676
 4.14 15.00   2.538   1.291   2.786   0.590
 4.14 15.00   2.541   1.281   2.786   0.580

 4.15  0.00   0.551   0.541   0.068   0.084   0.018   0.010   0.355   0.006   0.000   0.009   0.000 360522300
 4.15    5.82    74.702
 4.15 15.00   1.456   1.327
 4.15 15.00   2.783    75.649
 4.15 15.00   2.536   1.290   2.783   0.590
 4.15 15.00   2.538   1.280   2.783   0.579

 4.16  0.00   0.550   0.540   0.067   0.084   0.018   0.010   0.355   0.006   0.000   0.009   0.000 361391000
 4.16    5.82    74.653
 4.16 15.00   1.454   1.326
 4.16 15.00   2.780    75.623
 4.16 15.00   2.533   1.289   2.780   0.590
 4.16 15.00   2.536   1.279   2.780   0.579

 4.17  0.00   0.550   0.540   0.067   0.084   0.018   0.010   0.355   0.006   0.000   0.009   0.000 362259800
 4.17    5.81    74.605
 4.17 15.00   1.452   1.325
 4.17 15.00   2.777    75.596
 4.17 15.00   2.530   1.288   2.777   0.589
 4.17 15.00   2.533   1.278   2.777   0.579

 4.18  0.00   0.549   0.540   0.067   0.084   0.018   0.010   0.355   0.006   0.000   0.009   0.000 363128500
 4.18    5.80    74.557
 4.18 15.00   1.451   1.324
 4.18 15.00   2.775    75.570
 4.18 15.00   2.528   1.287   2.775   0.589
 4.18 15.00   2.530   1.277   2.775   0.578

 4.19  0.00   0.549   0.539   0.067   0.084   0.018   0.010   0.355   0.006   0.000   0.009   0.000 363997200
 4.19    5.80    74.509
 4.19 15.00   1.449   1.323
 4.19 15.00   2.772    75.544
 4.19 15.00   2.525   1.286   2.772   0.589
 4.19 15.00   2.528   1.276   2.772   0.578

 4.20  0.00   0.549   0.539   0.067   0.084   0.018   0.010   0.355   0.006   0.000   0.009   0.000 364866000
 4.20    5.79    74.461
 4.20 15.00   1.447   1.322
 4.20 15.00   2.769    75.518
 4.20 15.00   2.522   1.285   2.769   0.588
 4.20 15.00   2.525   1.275   2.769   0.578

 4.21  0.00   0.548   0.539   0.067   0.084   0.018   0.009   0.355   0.006   0.000   0.009   0.000 365734700
 4.21    5.78    74.413
 4.21 15.00   1.446   1.321
 4.21 15.00   2.766    75.492
 4.21 15.00   2.520   1.284   2.766   0.588
 4.21 15.00   2.523   1.274   2.766   0.577

 4.22  0.00   0.548   0.538   0.066   0.084   0.018   0.009   0.355   0.006   0.000   0.009   0.000 366603400
 4.22    5.78    74.366
 4.22 15.00   1.444   1.320
 4.22 15.00   2.763    75.466
 4.22 15.00   2.517   1.283   2.763   0.587
 4.22 15.00   2.520   1.273   2.763   0.577

 4.23  0.00   0.548   0.538   0.066   0.084   0.018   0.009   0.355   0.006   0.000   0.009   0.000 367472200
 4.23    5.77    74.318
 4.23 15.00   1.442   1.319
 4.23 15.00   2.761    75.441
 4.23 15.00   2.515   1.282   2.761   0.587
 4.23 15.00   2.517   1.271   2.761   0.577

 4.24  0.00   0.547   0.538   0.066   0.084   0.018   0.009   0.355   0.006   0.000   0.009   0.000 368340900
 4.24    5.76    74.271
 4.24 15.00   1.440   1.318
 4.24 15.00   2.758    75.415
 4.24 15.00   2.512   1.280   2.758   0.587
 4.24 15.00   2.515   1.270   2.758   0.576

 4.25  0.00   0.547   0.537   0.066   0.084   0.018   0.009   0.355   0.006   0.000   0.009   0.000 369209600
 4.25    5.76    74.224
 4.25 15.00   1.439   1.317
 4.25 15.00   2.755    75.389
 4.25 15.00   2.510   1.279   2.755   0.586
 4.25 15.00   2.512   1.269   2.755   0.576

 4.26  0.00   0.547   0.537   0.066   0.084   0.017   0.009   0.355   0.006   0.000   0.009   0.000 370078400
 4.26    5.75    74.177
 4.26 15.00   1.437   1.315
 4.26 15.00   2.752    75.364
 4.26 15.00   2.507   1.278   2.752   0.586
 4.26 15.00   2.510   1.268   2.752   0.576

 4.27  0.00   0.546   0.537   0.066   0.084   0.017   0.009   0.355   0.006   0.000   0.009   0.000 370947100
 4.27    5.74    74.131
 4.27 15.00   1.435   1.314
 4.27 15.00   2.750    75.339
 4.27 15.00   2.504   1.277   2.750   0.586
 4.27 15.00   2.507   1.267   2.750   0.575

 4.28  0.00   0.546   0.536   0.066   0.084   0.017   0.009   0.355   0.006   0.000   0.009   0.000 371815800
 4.28    5.74    74.084
 4.28 15.00   1.434   1.313
 4.28 15.00   2.747    75.313
 4.28 15.00   2.502   1.276   2.747   0.585
 4.28 15.00   2.505   1.266   2.747   0.575

 4.29  0.00   0.546   0.536   0.065   0.084   0.017   0.009   0.354   0.006   0.000   0.009   0.000 372684500
 4.29    5.73    74.038
 4.29 15.00   1.432   1.312
 4.29 15.00   2.744    75.288
 4.29 15.00   2.499   1.275   2.744   0.585
 4.29 15.00   2.502   1.265   2.744   0.575

 4.30  0.00   0.545   0.536   0.065   0.084   0.017   0.009   0.354   0.006   0.000   0.009   0.000 373553300
 4.30    5.72    73.991
 4.30 15.00   1.430   1.311
 4.30 15.00   2.742    75.263
 4.30 15.00   2.497   1.274   2.742   0.584
 4.30 15.00   2.500   1.264   2.742   0.574

 4.31  0.00   0.545   0.535   0.065   0.084   0.017   0.009   0.354   0.006   0.000   0.009   0.000 374422000
 4.31    5.72    73.945
 4.31 15.00   1.428   1.311
 4.31 15.00   2.739    75.238
 4.31 15.00   2.495   1.273   2.739   0.584
 4.31 15.00   2.497   1.263   2.739   0.574

 4.32  0.00   0.545   0.535   0.065   0.084   0.017   0.009   0.354   0.006   0.000   0.009   0.000 375290700
 4.32    5.71    73.899
 4.32 15.00   1.427   1.310
 4.32 15.00   2.736    75.213
 4.32 15.00   2.492   1.272   2.736   0.584
 4.32 15.00   2.495   1.262   2.736   0.574

 4.33  0.00   0.544   0.535   0.065   0.084   0.017   0.009   0.354   0.006   0.000   0.009   0.000 376159500
 4.33    5.70    73.853
 4.33 15.00   1.425   1.309
 4.33 15.00   2.734    75.189
 4.33 15.00   2.490   1.271   2.734   0.583
 4.33 15.00   2.492   1.261   2.734   0.573

 4.34  0.00   0.544   0.534   0.065   0.084   0.017   0.009   0.354   0.006   0.000   0.009   0.000 377028200
 4.34    5.70    73.808
 4.34 15.00   1.423   1.308
 4.34 15.00   2.731    75.164
 4.34 15.00   2.487   1.270   2.731   0.583
 4.34 15.00   2.490   1.260   2.731   0.573

 4.35  0.00   0.544   0.534   0.065   0.084   0.017   0.009   0.354   0.006   0.000   0.009   0.000 377896900
 4.35    5.69    73.762
 4.35 15.00   1.422   1.307
 4.35 15.00   2.728    75.139
 4.35 15.00   2.485   1.269   2.728   0.583
 4.35 15.00   2.487   1.259   2.728   0.573

 4.36  0.00   0.543   0.534   0.064   0.084   0.017   0.009   0.354   0.006   0.000   0.009   0.000 378765600
 4.36    5.69    73.717
 4.36 15.00   1.420   1.306
 4.36 15.00   2.726    75.115
 4.36 15.00   2.482   1.268   2.726   0.582
 4.36 15.00   2.485   1.258   2.726   0.572

 4.37  0.00   0.543   0.534   0.064   0.084   0.017   0.009   0.354   0.006   0.000   0.009   0.000 379634400
 4.37    5.68    73.672
 4.37 15.00   1.419   1.305
 4.37 15.00   2.723    75.090
 4.37 15.00   2.480   1.267   2.723   0.582
 4.37 15.00   2.482   1.257   2.723   0.572

 4.38  0.00   0.543   0.533   0.064   0.084   0.017   0.009   0.354   0.006   0.000   0.009   0.000 380503100
 4.38    5.67    73.626
 4.38 15.00   1.417   1.304
 4.38 15.00   2.721    75.066
 4.38 15.00   2.478   1.266   2.721   0.581
 4.38 15.00   2.480   1.256   2.721   0.572

 4.39  0.00   0.542   0.533   0.064   0.084   0.017   0.009   0.354   0.006   0.000   0.009   0.000 381371800
 4.39    5.67    73.581
 4.39 15.00   1.415   1.303
 4.39 15.00   2.718    75.042
 4.39 15.00   2.475   1.265   2.718   0.581
 4.39 15.00   2.478   1.255   2.718   0.571

 4.40  0.00   0.542   0.533   0.064   0.084   0.017   0.009   0.354   0.006   0.000   0.009   0.000 382240500
 4.40    5.66    73.537
 4.40 15.00   1.414   1.302
 4.40 15.00   2.716    75.018
 4.40 15.00   2.473   1.264   2.716   0.581
 4.40 15.00   2.475   1.254   2.716   0.571

 4.41  0.00   0.542   0.532   0.064   0.084   0.017   0.009   0.354   0.006   0.000   0.009   0.000 383109200
 4.41    5.65    73.492
 4.41 15.00   1.412   1.301
 4.41 15.00   2.713    74.993
 4.41 15.00   2.470   1.263   2.713   0.580
 4.41 15.00   2.473   1.253   2.713   0.571

 4.42  0.00   0.541   0.532   0.064   0.084   0.017   0.009   0.354   0.006   0.000   0.009   0.000 383978000
 4.42    5.65    73.447
 4.42 15.00   1.410   1.300
 4.42 15.00   2.711    74.969
 4.42 15.00   2.468   1.262   2.711   0.580
 4.42 15.00   2.471   1.252   2.711   0.570

 4.43  0.00   0.541   0.532   0.063   0.083   0.017   0.009   0.354   0.006   0.000   0.009   0.000 384846700
 4.43    5.64    73.403
 4.43 15.00   1.409   1.299
 4.43 15.00   2.708    74.945
 4.43 15.00   2.466   1.261   2.708   0.580
 4.43 15.00   2.468   1.251   2.708   0.570

 4.44  0.00   0.541   0.531   0.063   0.083   0.017   0.009   0.354   0.006   0.000   0.009   0.000 385715500
 4.44    5.64    73.358
 4.44 15.00   1.407   1.298
 4.44 15.00   2.706    74.922
 4.44 15.00   2.463   1.260   2.706   0.579
 4.44 15.00   2.466   1.250   2.706   0.570

 4.45  0.00   0.540   0.531   0.063   0.083   0.017   0.009   0.353   0.006   0.000   0.009   0.000 386584200
 4.45    5.63    73.314
 4.45 15.00   1.405   1.298
 4.45 15.00   2.703    74.898
 4.45 15.00   2.461   1.259   2.703   0.579
 4.45 15.00   2.464   1.249   2.703   0.569

 4.46  0.00   0.540   0.531   0.063   0.083   0.016   0.009   0.353   0.006   0.000   0.009   0.000 387452900
 4.46    5.62    73.270
 4.46 15.00   1.404   1.297
 4.46 15.00   2.701    74.874
 4.46 15.00   2.459   1.258   2.701   0.579
 4.46 15.00   2.461   1.248   2.701   0.569

 4.47  0.00   0.540   0.530   0.063   0.083   0.016   0.009   0.353   0.006   0.000   0.009   0.000 388321600
 4.47    5.62    73.226
 4.47 15.00   1.402   1.296
 4.47 15.00   2.698    74.850
 4.47 15.00   2.456   1.257   2.698   0.578
 4.47 15.00   2.459   1.247   2.698   0.569

 4.48  0.00   0.539   0.530   0.063   0.083   0.016   0.009   0.353   0.006   0.000   0.009   0.000 389190400
 4.48    5.61    73.182
 4.48 15.00   1.401   1.295
 4.48 15.00   2.696    74.827
 4.48 15.00   2.454   1.256   2.696   0.578
 4.48 15.00   2.457   1.247   2.696   0.568

 4.49  0.00   0.539   0.530   0.063   0.083   0.016   0.009   0.353   0.006   0.000   0.009   0.000 390059100
 4.49    5.61    73.139
 4.49 15.00   1.399   1.294
 4.49 15.00   2.693    74.803
 4.49 15.00   2.452   1.255   2.693   0.578
 4.49 15.00   2.454   1.246   2.693   0.568

 4.50  0.00   0.539   0.530   0.063   0.083   0.016   0.009   0.353   0.006   0.000   0.009   0.000 390927800
 4.50    5.60    73.095
 4.50 15.00   1.397   1.293
 4.50 15.00   2.691    74.780
 4.50 15.00   2.450   1.254   2.691   0.577
 4.50 15.00   2.452   1.245   2.691   0.568

 4.51  0.00   0.538   0.529   0.062   0.083   0.016   0.009   0.353   0.006   0.000   0.009   0.000 391796600
 4.51    5.59    73.052
 4.51 15.00   1.396   1.292
 4.51 15.00   2.688    74.757
 4.51 15.00   2.447   1.253   2.688   0.577
 4.51 15.00   2.450   1.244   2.688   0.567

 4.52  0.00   0.538   0.529   0.062   0.083   0.016   0.009   0.353   0.006   0.000   0.009   0.000 392665300
 4.52    5.59    73.008
 4.52 15.00   1.394   1.292
 4.52 15.00   2.686    74.734
 4.52 15.00   2.445   1.252   2.686   0.577
 4.52 15.00   2.448   1.243   2.686   0.567

 4.53  0.00   0.538   0.529   0.062   0.083   0.016   0.009   0.353   0.006   0.000   0.009   0.000 393534000
 4.53    5.58    72.965
 4.53 15.00   1.393   1.291
 4.53 15.00   2.683    74.710
 4.53 15.00   2.443   1.251   2.683   0.576
 4.53 15.00   2.445   1.242   2.683   0.567

 4.54  0.00   0.537   0.528   0.062   0.083   0.016   0.009   0.353   0.006   0.000   0.009   0.000 394402800
 4.54    5.58    72.922
 4.54 15.00   1.391   1.290
 4.54 15.00   2.681    74.687
 4.54 15.00   2.441   1.250   2.681   0.576
 4.54 15.00   2.443   1.241   2.681   0.566

 4.55  0.00   0.537   0.528   0.062   0.083   0.016   0.009   0.353   0.006   0.000   0.009   0.000 395271500
 4.55    5.57    72.879
 4.55 15.00   1.390   1.289
 4.55 15.00   2.679    74.664
 4.55 15.00   2.438   1.249   2.679   0.576
 4.55 15.00   2.441   1.240   2.679   0.566

 4.56  0.00   0.537   0.528   0.062   0.083   0.016   0.009   0.353   0.006   0.000   0.009   0.000 396140200
 4.56    5.56    72.836
 4.56 15.00   1.388   1.288
 4.56 15.00   2.676    74.641
 4.56 15.00   2.436   1.248   2.676   0.575
 4.56 15.00   2.439   1.239   2.676   0.566

 4.57  0.00   0.536   0.527   0.062   0.083   0.016   0.009   0.353   0.006   0.000   0.009   0.000 397009000
 4.57    5.56    72.793
 4.57 15.00   1.386   1.288
 4.57 15.00   2.674    74.618
 4.57 15.00   2.434   1.247   2.674   0.575
 4.57 15.00   2.437   1.238   2.674   0.565

 4.58  0.00   0.536   0.527   0.061   0.083   0.016   0.009   0.353   0.006   0.000   0.008   0.000 397877700
 4.58    5.55    72.751
 4.58 15.00   1.385   1.287
 4.58 15.00   2.672    74.596
 4.58 15.00   2.432   1.246   2.672   0.574
 4.58 15.00   2.434   1.237   2.672   0.565

 4.59  0.00   0.536   0.527   0.061   0.083   0.016   0.009   0.353   0.006   0.000   0.008   0.000 398746400
 4.59    5.55    72.708
 4.59 15.00   1.383   1.286
 4.59 15.00   2.669    74.573
 4.59 15.00   2.430   1.245   2.669   0.574
 4.59 15.00   2.432   1.236   2.669   0.565

 4.60  0.00   0.535   0.527   0.061   0.083   0.016   0.009   0.353   0.006   0.000   0.008   0.000 399615100
 4.60    5.54    72.666
 4.60 15.00   1.382   1.285
 4.60 15.00   2.667    74.550
 4.60 15.00   2.428   1.245   2.667   0.574
 4.60 15.00   2.430   1.235   2.667   0.564

 4.61  0.00   0.535   0.526   0.061   0.083   0.016   0.009   0.352   0.006   0.000   0.008   0.000 400483900
 4.61    5.53    72.623
 4.61 15.00   1.380   1.284
 4.61 15.00   2.665    74.528
 4.61 15.00   2.425   1.244   2.665   0.573
 4.61 15.00   2.428   1.234   2.665   0.564

 4.62  0.00   0.535   0.526   0.061   0.083   0.016   0.009   0.352   0.006   0.000   0.008   0.000 401352600
 4.62    5.53    72.581
 4.62 15.00   1.379   1.284
 4.62 15.00   2.662    74.505
 4.62 15.00   2.423   1.243   2.662   0.573
 4.62 15.00   2.426   1.234   2.662   0.564

 4.63  0.00   0.534   0.526   0.061   0.083   0.016   0.009   0.352   0.006   0.000   0.008   0.000 402221300
 4.63    5.52    72.539
 4.63 15.00   1.377   1.283
 4.63 15.00   2.660    74.483
 4.63 15.00   2.421   1.242   2.660   0.573
 4.63 15.00   2.424   1.233   2.660   0.563

 4.64  0.00   0.534   0.525   0.061   0.083   0.016   0.009   0.352   0.006   0.000   0.008   0.000 403090000
 4.64    5.52    72.497
 4.64 15.00   1.376   1.282
 4.64 15.00   2.658    74.460
 4.64 15.00   2.419   1.241   2.658   0.572
 4.64 15.00   2.421   1.232   2.658   0.563

 4.65  0.00   0.534   0.525   0.061   0.083   0.016   0.009   0.352   0.006   0.000   0.008   0.000 403958800
 4.65    5.51    72.455
 4.65 15.00   1.374   1.281
 4.65 15.00   2.656    74.438
 4.65 15.00   2.417   1.240   2.656   0.572
 4.65 15.00   2.419   1.231   2.656   0.563

 4.66  0.00   0.534   0.525   0.060   0.083   0.016   0.009   0.352   0.006   0.000   0.008   0.000 404827500
 4.66    5.50    72.413
 4.66 15.00   1.373   1.281
 4.66 15.00   2.653    74.416
 4.66 15.00   2.415   1.239   2.653   0.572
 4.66 15.00   2.417   1.230   2.653   0.562

 4.67  0.00   0.533   0.524   0.060   0.083   0.016   0.009   0.352   0.006   0.000   0.008   0.000 405696200
 4.67    5.50    72.372
 4.67 15.00   1.371   1.280
 4.67 15.00   2.651    74.394
 4.67 15.00   2.413   1.238   2.651   0.572
 4.67 15.00   2.415   1.229   2.651   0.562

 4.68  0.00   0.533   0.524   0.060   0.083   0.015   0.009   0.352   0.006   0.000   0.008   0.000 406564900
 4.68    5.49    72.330
 4.68 15.00   1.370   1.279
 4.68 15.00   2.649    74.372
 4.68 15.00   2.411   1.237   2.649   0.571
 4.68 15.00   2.413   1.228   2.649   0.562

 4.69  0.00   0.533   0.524   0.060   0.083   0.015   0.009   0.352   0.006   0.000   0.008   0.000 407433700
 4.69    5.49    72.288
 4.69 15.00   1.368   1.278
 4.69 15.00   2.647    74.350
 4.69 15.00   2.409   1.236   2.647   0.571
 4.69 15.00   2.411   1.227   2.647   0.562

 4.70  0.00   0.532   0.524   0.060   0.083   0.015   0.009   0.352   0.005   0.000   0.008   0.000 408302400
 4.70    5.48    72.247
 4.70 15.00   1.367   1.278
 4.70 15.00   2.644    74.328
 4.70 15.00   2.407   1.235   2.644   0.571
 4.70 15.00   2.409   1.227   2.644   0.561

 4.71  0.00   0.532   0.523   0.060   0.083   0.015   0.009   0.352   0.005   0.000   0.008   0.000 409171100
 4.71    5.48    72.206
 4.71 15.00   1.365   1.277
 4.71 15.00   2.642    74.306
 4.71 15.00   2.404   1.235   2.642   0.570
 4.71 15.00   2.407   1.226   2.642   0.561

 4.72  0.00   0.532   0.523   0.060   0.083   0.015   0.009   0.352   0.005   0.000   0.008   0.000 410039800
 4.72    5.47    72.164
 4.72 15.00   1.364   1.276
 4.72 15.00   2.640    74.284
 4.72 15.00   2.402   1.234   2.640   0.570
 4.72 15.00   2.405   1.225   2.640   0.561

 4.73  0.00   0.531   0.523   0.060   0.083   0.015   0.008   0.352   0.005   0.000   0.008   0.000 410908600
 4.73    5.46    72.123
 4.73 15.00   1.362   1.276
 4.73 15.00   2.638    74.262
 4.73 15.00   2.400   1.233   2.638   0.570
 4.73 15.00   2.403   1.224   2.638   0.560

 4.74  0.00   0.531   0.523   0.059   0.083   0.015   0.008   0.352   0.005   0.000   0.008   0.000 411777300
 4.74    5.46    72.082
 4.74 15.00   1.361   1.275
 4.74 15.00   2.635    74.240
 4.74 15.00   2.398   1.232   2.635   0.569
 4.74 15.00   2.401   1.223   2.635   0.560

 4.75  0.00   0.531   0.522   0.059   0.083   0.015   0.008   0.352   0.005   0.000   0.008   0.000 412646000
 4.75    5.45    72.041
 4.75 15.00   1.359   1.274
 4.75 15.00   2.633    74.219
 4.75 15.00   2.396   1.231   2.633   0.569
 4.75 15.00   2.399   1.222   2.633   0.560

 4.76  0.00   0.531   0.522   0.059   0.083   0.015   0.008   0.352   0.005   0.000   0.008   0.000 413514800
 4.76    5.45    72.001
 4.76 15.00   1.358   1.273
 4.76 15.00   2.631    74.197
 4.76 15.00   2.394   1.230   2.631   0.569
 4.76 15.00   2.397   1.221   2.631   0.559

 4.77  0.00   0.530   0.522   0.059   0.083   0.015   0.008   0.352   0.005   0.000   0.008   0.000 414383500
 4.77    5.44    71.960
 4.77 15.00   1.356   1.273
 4.77 15.00   2.629    74.176
 4.77 15.00   2.392   1.229   2.629   0.568
 4.77 15.00   2.395   1.221   2.629   0.559

 4.78  0.00   0.530   0.521   0.059   0.083   0.015   0.008   0.351   0.005   0.000   0.008   0.000 415252300
 4.78    5.44    71.919
 4.78 15.00   1.355   1.272
 4.78 15.00   2.627    74.154
 4.78 15.00   2.390   1.228   2.627   0.568
 4.78 15.00   2.393   1.220   2.627   0.559

 4.79  0.00   0.530   0.521   0.059   0.083   0.015   0.008   0.351   0.005   0.000   0.008   0.000 416121000
 4.79    5.43    71.879
 4.79 15.00   1.353   1.271
 4.79 15.00   2.625    74.133
 4.79 15.00   2.388   1.228   2.625   0.568
 4.79 15.00   2.391   1.219   2.625   0.559

 4.80  0.00   0.529   0.521   0.059   0.082   0.015   0.008   0.351   0.005   0.000   0.008   0.000 416989700
 4.80    5.42    71.838
 4.80 15.00   1.352   1.271
 4.80 15.00   2.623    74.111
 4.80 15.00   2.386   1.227   2.623   0.567
 4.80 15.00   2.389   1.218   2.623   0.558

 4.81  0.00   0.529   0.521   0.059   0.082   0.015   0.008   0.351   0.005   0.000   0.008   0.000 417858400
 4.81    5.42    71.798
 4.81 15.00   1.350   1.270
 4.81 15.00   2.620    74.090
 4.81 15.00   2.384   1.226   2.620   0.567
 4.81 15.00   2.387   1.217   2.620   0.558

 4.82  0.00   0.529   0.520   0.058   0.082   0.015   0.008   0.351   0.005   0.000   0.008   0.000 418727200
 4.82    5.41    71.758
 4.82 15.00   1.349   1.269
 4.82 15.00   2.618    74.069
 4.82 15.00   2.382   1.225   2.618   0.567
 4.82 15.00   2.385   1.216   2.618   0.558

 4.83  0.00   0.528   0.520   0.058   0.082   0.015   0.008   0.351   0.005   0.000   0.008   0.000 419595900
 4.83    5.41    71.718
 4.83 15.00   1.347   1.269
 4.83 15.00   2.616    74.048
 4.83 15.00   2.381   1.224   2.616   0.566
 4.83 15.00   2.383   1.216   2.616   0.557

 4.84  0.00   0.528   0.520   0.058   0.082   0.015   0.008   0.351   0.005   0.000   0.008   0.000 420464600
 4.84    5.40    71.678
 4.84 15.00   1.346   1.268
 4.84 15.00   2.614    74.027
 4.84 15.00   2.379   1.223   2.614   0.566
 4.84 15.00   2.381   1.215   2.614   0.557

 4.85  0.00   0.528   0.519   0.058   0.082   0.015   0.008   0.351   0.005   0.000   0.008   0.000 421333300
 4.85    5.40    71.638
 4.85 15.00   1.345   1.267
 4.85 15.00   2.612    74.006
 4.85 15.00   2.377   1.223   2.612   0.566
 4.85 15.00   2.379   1.214   2.612   0.557

 4.86  0.00   0.528   0.519   0.058   0.082   0.015   0.008   0.351   0.005   0.000   0.008   0.000 422202100
 4.86    5.39    71.598
 4.86 15.00   1.343   1.267
 4.86 15.00   2.610    73.985
 4.86 15.00   2.375   1.222   2.610   0.565
 4.86 15.00   2.377   1.213   2.610   0.556

 4.87  0.00   0.527   0.519   0.058   0.082   0.015   0.008   0.351   0.005   0.000   0.008   0.000 423070800
 4.87    5.39    71.558
 4.87 15.00   1.342   1.266
 4.87 15.00   2.608    73.964
 4.87 15.00   2.373   1.221   2.608   0.565
 4.87 15.00   2.375   1.212   2.608   0.556

 4.88  0.00   0.527   0.519   0.058   0.082   0.015   0.008   0.351   0.005   0.000   0.008   0.000 423939500
 4.88    5.38    71.518
 4.88 15.00   1.340   1.266
 4.88 15.00   2.606    73.943
 4.88 15.00   2.371   1.220   2.606   0.565
 4.88 15.00   2.373   1.211   2.606   0.556

 4.89  0.00   0.527   0.518   0.058   0.082   0.015   0.008   0.351   0.005   0.000   0.008   0.000 424808200
 4.89    5.38    71.478
 4.89 15.00   1.339   1.265
 4.89 15.00   2.604    73.922
 4.89 15.00   2.369   1.219   2.604   0.565
 4.89 15.00   2.371   1.211   2.604   0.556

 4.90  0.00   0.526   0.518   0.057   0.082   0.015   0.008   0.351   0.005   0.000   0.008   0.000 425677000
 4.90    5.37    71.439
 4.90 15.00   1.338   1.264
 4.90 15.00   2.602    73.902
 4.90 15.00   2.367   1.218   2.602   0.564
 4.90 15.00   2.369   1.210   2.602   0.555

 4.91  0.00   0.526   0.518   0.057   0.082   0.014   0.008   0.351   0.005   0.000   0.008   0.000 426545700
 4.91    5.36    71.399
 4.91 15.00   1.336   1.264
 4.91 15.00   2.600    73.881
 4.91 15.00   2.365   1.218   2.600   0.564
 4.91 15.00   2.368   1.209   2.600   0.555

 4.92  0.00   0.526   0.518   0.057   0.082   0.014   0.008   0.351   0.005   0.000   0.008   0.000 427414400
 4.92    5.36    71.360
 4.92 15.00   1.335   1.263
 4.92 15.00   2.598    73.860
 4.92 15.00   2.363   1.217   2.598   0.564
 4.92 15.00   2.366   1.208   2.598   0.555

 4.93  0.00   0.526   0.517   0.057   0.082   0.014   0.008   0.351   0.005   0.000   0.008   0.000 428283100
 4.93    5.35    71.321
 4.93 15.00   1.333   1.262
 4.93 15.00   2.596    73.840
 4.93 15.00   2.361   1.216   2.596   0.563
 4.93 15.00   2.364   1.207   2.596   0.554

 4.94  0.00   0.525   0.517   0.057   0.082   0.014   0.008   0.351   0.005   0.000   0.008   0.000 429151900
 4.94    5.35    71.282
 4.94 15.00   1.332   1.262
 4.94 15.00   2.594    73.819
 4.94 15.00   2.360   1.215   2.594   0.563
 4.94 15.00   2.362   1.207   2.594   0.554

 4.95  0.00   0.525   0.517   0.057   0.082   0.014   0.008   0.351   0.005   0.000   0.008   0.000 430020600
 4.95    5.34    71.242
 4.95 15.00   1.330   1.261
 4.95 15.00   2.592    73.799
 4.95 15.00   2.358   1.214   2.592   0.563
 4.95 15.00   2.360   1.206   2.592   0.554

 4.96  0.00   0.525   0.517   0.057   0.082   0.014   0.008   0.350   0.005   0.000   0.008   0.000 430889300
 4.96    5.34    71.203
 4.96 15.00   1.329   1.261
 4.96 15.00   2.590    73.778
 4.96 15.00   2.356   1.214   2.590   0.562
 4.96 15.00   2.358   1.205   2.590   0.554

 4.97  0.00   0.524   0.516   0.057   0.082   0.014   0.008   0.350   0.005   0.000   0.008   0.000 431758000
 4.97    5.33    71.164
 4.97 15.00   1.328   1.260
 4.97 15.00   2.588    73.758
 4.97 15.00   2.354   1.213   2.588   0.562
 4.97 15.00   2.356   1.204   2.588   0.553

 4.98  0.00   0.524   0.516   0.057   0.082   0.014   0.008   0.350   0.005   0.000   0.008   0.000 432626800
 4.98    5.33    71.126
 4.98 15.00   1.326   1.259
 4.98 15.00   2.586    73.738
 4.98 15.00   2.352   1.212   2.586   0.562
 4.98 15.00   2.355   1.203   2.586   0.553

 4.99  0.00   0.524   0.516   0.056   0.082   0.014   0.008   0.350   0.005   0.000   0.008   0.000 433495500
 4.99    5.32    71.087
 4.99 15.00   1.325   1.259
 4.99 15.00   2.584    73.717
 4.99 15.00   2.350   1.211   2.584   0.562
 4.99 15.00   2.353   1.203   2.584   0.553

 5.00  0.00   0.524   0.516   0.056   0.082   0.014   0.008   0.350   0.005   0.000   0.008   0.000 434364300
 5.00    5.32    71.048
 5.00 15.00   1.324   1.258
 5.00 15.00   2.582    73.697
 5.00 15.00   2.349   1.210   2.582   0.561
 5.00 15.00   2.351   1.202   2.582   0.553

 5.01  0.00   0.523   0.515   0.056   0.082   0.014   0.008   0.350   0.005   0.000   0.008   0.000 435233000
 5.01    5.31    71.009
 5.01 15.00   1.322   1.258
 5.01 15.00   2.580    73.677
 5.01 15.00   2.347   1.210   2.580   0.561
 5.01 15.00   2.349   1.201   2.580   0.552

 5.02  0.00   0.523   0.515   0.056   0.082   0.014   0.008   0.350   0.005   0.000   0.008   0.000 436101700
 5.02    5.31    70.971
 5.02 15.00   1.321   1.257
 5.02 15.00   2.578    73.657
 5.02 15.00   2.345   1.209   2.578   0.561
 5.02 15.00   2.347   1.200   2.578   0.552

 5.03  0.00   0.523   0.515   0.056   0.082   0.014   0.008   0.350   0.005   0.000   0.008   0.000 436970500
 5.03    5.30    70.932
 5.03 15.00   1.319   1.257
 5.03 15.00   2.576    73.637
 5.03 15.00   2.343   1.208   2.576   0.560
 5.03 15.00   2.345   1.200   2.576   0.552

 5.04  0.00   0.523   0.515   0.056   0.082   0.014   0.008   0.350   0.005   0.000   0.008   0.000 437839200
 5.04    5.30    70.894
 5.04 15.00   1.318   1.256
 5.04 15.00   2.574    73.617
 5.04 15.00   2.341   1.207   2.574   0.560
 5.04 15.00   2.344   1.199   2.574   0.551

 5.05  0.00   0.522   0.514   0.056   0.082   0.014   0.008   0.350   0.005   0.000   0.008   0.000 438707900
 5.05    5.29    70.856
 5.05 15.00   1.317   1.255
 5.05 15.00   2.572    73.597
 5.05 15.00   2.340   1.206   2.572   0.560
 5.05 15.00   2.342   1.198   2.572   0.551

 5.06  0.00   0.522   0.514   0.056   0.082   0.014   0.008   0.350   0.005   0.000   0.008   0.000 439576600
 5.06    5.29    70.817
 5.06 15.00   1.315   1.255
 5.06 15.00   2.570    73.577
 5.06 15.00   2.338   1.206   2.570   0.559
 5.06 15.00   2.340   1.197   2.570   0.551

 5.07  0.00   0.522   0.514   0.056   0.082   0.014   0.008   0.350   0.005   0.000   0.008   0.000 440445400
 5.07    5.28    70.779
 5.07 15.00   1.314   1.254
 5.07 15.00   2.568    73.558
 5.07 15.00   2.336   1.205   2.568   0.559
 5.07 15.00   2.338   1.197   2.568   0.551

 5.08  0.00   0.521   0.513   0.055   0.082   0.014   0.008   0.350   0.005   0.000   0.008   0.000 441314100
 5.08    5.28    70.741
 5.08 15.00   1.313   1.254
 5.08 15.00   2.566    73.538
 5.08 15.00   2.334   1.204   2.566   0.559
 5.08 15.00   2.337   1.196   2.566   0.550

 5.09  0.00   0.521   0.513   0.055   0.082   0.014   0.008   0.350   0.005   0.000   0.008   0.000 442182800
 5.09    5.27    70.703
 5.09 15.00   1.311   1.253
 5.09 15.00   2.565    73.518
 5.09 15.00   2.333   1.203   2.565   0.559
 5.09 15.00   2.335   1.195   2.565   0.550

 5.10  0.00   0.521   0.513   0.055   0.082   0.014   0.008   0.350   0.005   0.000   0.008   0.000 443051600
 5.10    5.27    70.665
 5.10 15.00   1.310   1.253
 5.10 15.00   2.563    73.499
 5.10 15.00   2.331   1.203   2.563   0.558
 5.10 15.00   2.333   1.194   2.563   0.550

 5.11  0.00   0.521   0.513   0.055   0.082   0.014   0.008   0.350   0.005   0.000   0.008   0.000 443920300
 5.11    5.26    70.627
 5.11 15.00   1.309   1.252
 5.11 15.00   2.561    73.479
 5.11 15.00   2.329   1.202   2.561   0.558
 5.11 15.00   2.331   1.194   2.561   0.550

 5.12  0.00   0.520   0.512   0.055   0.082   0.014   0.008   0.350   0.005   0.000   0.008   0.000 444789000
 5.12    5.26    70.589
 5.12 15.00   1.307   1.252
 5.12 15.00   2.559    73.459
 5.12 15.00   2.327   1.201   2.559   0.558
 5.12 15.00   2.330   1.193   2.559   0.549

 5.13  0.00   0.520   0.512   0.055   0.082   0.014   0.008   0.350   0.005   0.000   0.008   0.000 445657700
 5.13    5.25    70.552
 5.13 15.00   1.306   1.251
 5.13 15.00   2.557    73.440
 5.13 15.00   2.326   1.200   2.557   0.557
 5.13 15.00   2.328   1.192   2.557   0.549

 5.14  0.00   0.520   0.512   0.055   0.082   0.014   0.008   0.349   0.005   0.000   0.008   0.000 446526400
 5.14    5.25    70.514
 5.14 15.00   1.305   1.251
 5.14 15.00   2.555    73.420
 5.14 15.00   2.324   1.200   2.555   0.557
 5.14 15.00   2.326   1.191   2.555   0.549

 5.15  0.00   0.520   0.512   0.055   0.082   0.014   0.008   0.349   0.005   0.000   0.008   0.000 447395200
 5.15    5.24    70.476
 5.15 15.00   1.303   1.250
 5.15 15.00   2.553    73.401
 5.15 15.00   2.322   1.199   2.553   0.557
 5.15 15.00   2.324   1.191   2.553   0.548

 5.16  0.00   0.519   0.512   0.055   0.082   0.013   0.008   0.349   0.005   0.000   0.008   0.000 448263900
 5.16    5.24    70.439
 5.16 15.00   1.302   1.249
 5.16 15.00   2.552    73.382
 5.16 15.00   2.321   1.198   2.552   0.557
 5.16 15.00   2.323   1.190   2.552   0.548

 5.17  0.00   0.519   0.511   0.054   0.082   0.013   0.008   0.349   0.005   0.000   0.008   0.000 449132600
 5.17    5.23    70.401
 5.17 15.00   1.301   1.249
 5.17 15.00   2.550    73.362
 5.17 15.00   2.319   1.197   2.550   0.556
 5.17 15.00   2.321   1.189   2.550   0.548

 5.18  0.00   0.519   0.511   0.054   0.082   0.013   0.008   0.349   0.005   0.000   0.007   0.000 450001300
 5.18    5.23    70.364
 5.18 15.00   1.300   1.248
 5.18 15.00   2.548    73.343
 5.18 15.00   2.317   1.197   2.548   0.556
 5.18 15.00   2.319   1.188   2.548   0.548

 5.19  0.00   0.519   0.511   0.054   0.082   0.013   0.008   0.349   0.005   0.000   0.007   0.000 450870100
 5.19    5.22    70.327
 5.19 15.00   1.298   1.248
 5.19 15.00   2.546    73.324
 5.19 15.00   2.316   1.196   2.546   0.556
 5.19 15.00   2.318   1.188   2.546   0.547

 5.20  0.00   0.518   0.511   0.054   0.082   0.013   0.008   0.349   0.005   0.000   0.007   0.000 451738800
 5.20    5.22    70.289
 5.20 15.00   1.297   1.247
 5.20 15.00   2.544    73.305
 5.20 15.00   2.314   1.195   2.544   0.556
 5.20 15.00   2.316   1.187   2.544   0.547

 5.21  0.00   0.518   0.510   0.054   0.082   0.013   0.008   0.349   0.005   0.000   0.007   0.000 452607600
 5.21    5.21    70.252
 5.21 15.00   1.296   1.247
 5.21 15.00   2.542    73.286
 5.21 15.00   2.312   1.194   2.542   0.555
 5.21 15.00   2.314   1.186   2.542   0.547

 5.22  0.00   0.518   0.510   0.054   0.082   0.013   0.008   0.349   0.005   0.000   0.007   0.000 453476300
 5.22    5.21    70.215
 5.22 15.00   1.294   1.246
 5.22 15.00   2.541    73.267
 5.22 15.00   2.310   1.194   2.541   0.555
 5.22 15.00   2.313   1.186   2.541   0.547

 5.23  0.00   0.518   0.510   0.054   0.082   0.013   0.008   0.349   0.005   0.000   0.007   0.000 454345000
 5.23    5.20    70.178
 5.23 15.00   1.293   1.246
 5.23 15.00   2.539    73.248
 5.23 15.00   2.309   1.193   2.539   0.555
 5.23 15.00   2.311   1.185   2.539   0.546

 5.24  0.00   0.517   0.510   0.054   0.081   0.013   0.008   0.349   0.005   0.000   0.007   0.000 455213700
 5.24    5.20    70.141
 5.24 15.00   1.292   1.245
 5.24 15.00   2.537    73.229
 5.24 15.00   2.307   1.192   2.537   0.554
 5.24 15.00   2.309   1.184   2.537   0.546

 5.25  0.00   0.517   0.509   0.054   0.081   0.013   0.008   0.349   0.005   0.000   0.007   0.000 456082500
 5.25    5.19    70.104
 5.25 15.00   1.290   1.245
 5.25 15.00   2.535    73.210
 5.25 15.00   2.306   1.191   2.535   0.554
 5.25 15.00   2.308   1.183   2.535   0.546

 5.26  0.00   0.517   0.509   0.053   0.081   0.013   0.008   0.349   0.005   0.000   0.007   0.000 456951200
 5.26    5.19    70.068
 5.26 15.00   1.289   1.244
 5.26 15.00   2.534    73.191
 5.26 15.00   2.304   1.191   2.534   0.554
 5.26 15.00   2.306   1.183   2.534   0.546

 5.27  0.00   0.516   0.509   0.053   0.081   0.013   0.008   0.349   0.005   0.000   0.007   0.000 457819900
 5.27    5.18    70.031
 5.27 15.00   1.288   1.244
 5.27 15.00   2.532    73.172
 5.27 15.00   2.302   1.190   2.532   0.554
 5.27 15.00   2.304   1.182   2.532   0.545

 5.28  0.00   0.516   0.509   0.053   0.081   0.013   0.008   0.349   0.005   0.000   0.007   0.000 458688700
 5.28    5.18    69.994
 5.28 15.00   1.287   1.243
 5.28 15.00   2.530    73.153
 5.28 15.00   2.301   1.189   2.530   0.553
 5.28 15.00   2.303   1.181   2.530   0.545

 5.29  0.00   0.516   0.508   0.053   0.081   0.013   0.008   0.349   0.005   0.000   0.007   0.000 459557400
 5.29    5.17    69.957
 5.29 15.00   1.285   1.243
 5.29 15.00   2.528    73.134
 5.29 15.00   2.299   1.189   2.528   0.553
 5.29 15.00   2.301   1.181   2.528   0.545

 5.30  0.00   0.516   0.508   0.053   0.081   0.013   0.008   0.349   0.005   0.000   0.007   0.000 460426100
 5.30    5.17    69.921
 5.30 15.00   1.284   1.242
 5.30 15.00   2.527    73.116
 5.30 15.00   2.297   1.188   2.527   0.553
 5.30 15.00   2.299   1.180   2.527   0.545

 5.31  0.00   0.515   0.508   0.053   0.081   0.013   0.008   0.349   0.005   0.000   0.007   0.000 461294800
 5.31    5.16    69.884
 5.31 15.00   1.283   1.242
 5.31 15.00   2.525    73.097
 5.31 15.00   2.296   1.187   2.525   0.552
 5.31 15.00   2.298   1.179   2.525   0.544

 5.32  0.00   0.515   0.508   0.053   0.081   0.013   0.008   0.349   0.005   0.000   0.007   0.000 462163600
 5.32    5.16    69.848
 5.32 15.00   1.282   1.241
 5.32 15.00   2.523    73.079
 5.32 15.00   2.294   1.186   2.523   0.552
 5.32 15.00   2.296   1.179   2.523   0.544

 5.33  0.00   0.515   0.507   0.053   0.081   0.013   0.008   0.349   0.005   0.000   0.007   0.000 463032300
 5.33    5.15    69.812
 5.33 15.00   1.280   1.241
 5.33 15.00   2.521    73.060
 5.33 15.00   2.293   1.186   2.521   0.552
 5.33 15.00   2.295   1.178   2.521   0.544

 5.34  0.00   0.515   0.507   0.053   0.081   0.013   0.008   0.348   0.005   0.000   0.007   0.000 463901100
 5.34    5.15    69.775
 5.34 15.00   1.279   1.240
 5.34 15.00   2.520    73.041
 5.34 15.00   2.291   1.185   2.520   0.552
 5.34 15.00   2.293   1.177   2.520   0.544

 5.35  0.00   0.514   0.507   0.053   0.081   0.013   0.007   0.348   0.005   0.000   0.007   0.000 464769800
 5.35    5.14    69.739
 5.35 15.00   1.278   1.240
 5.35 15.00   2.518    73.023
 5.35 15.00   2.289   1.184   2.518   0.551
 5.35 15.00   2.291   1.177   2.518   0.543

 5.36  0.00   0.514   0.507   0.052   0.081   0.013   0.007   0.348   0.005   0.000   0.007   0.000 465638500
 5.36    5.14    69.703
 5.36 15.00   1.277   1.240
 5.36 15.00   2.516    73.005
 5.36 15.00   2.288   1.184   2.516   0.551
 5.36 15.00   2.290   1.176   2.516   0.543

 5.37  0.00   0.514   0.506   0.052   0.081   0.013   0.007   0.348   0.005   0.000   0.007   0.000 466507200
 5.37    5.13    69.667
 5.37 15.00   1.275   1.239
 5.37 15.00   2.514    72.986
 5.37 15.00   2.286   1.183   2.514   0.551
 5.37 15.00   2.288   1.175   2.514   0.543

 5.38  0.00   0.514   0.506   0.052   0.081   0.013   0.007   0.348   0.005   0.000   0.007   0.000 467376000
 5.38    5.13    69.631
 5.38 15.00   1.274   1.239
 5.38 15.00   2.513    72.968
 5.38 15.00   2.285   1.182   2.513   0.551
 5.38 15.00   2.287   1.174   2.513   0.543

 5.39  0.00   0.513   0.506   0.052   0.081   0.013   0.007   0.348   0.005   0.000   0.007   0.000 468244700
 5.39    5.12    69.595
 5.39 15.00   1.273   1.238
 5.39 15.00   2.511    72.950
 5.39 15.00   2.283   1.181   2.511   0.550
 5.39 15.00   2.285   1.174   2.511   0.542

 5.40  0.00   0.513   0.506   0.052   0.081   0.012   0.007   0.348   0.005   0.000   0.007   0.000 469113400
 5.40    5.12    69.559
 5.40 15.00   1.272   1.238
 5.40 15.00   2.509    72.931
 5.40 15.00   2.281   1.181   2.509   0.550
 5.40 15.00   2.284   1.173   2.509   0.542

 5.41  0.00   0.513   0.506   0.052   0.081   0.012   0.007   0.348   0.005   0.000   0.007   0.000 469982100
 5.41    5.11    69.523
 5.41 15.00   1.270   1.237
 5.41 15.00   2.508    72.913
 5.41 15.00   2.280   1.180   2.508   0.550
 5.41 15.00   2.282   1.172   2.508   0.542

 5.42  0.00   0.513   0.505   0.052   0.081   0.012   0.007   0.348   0.005   0.000   0.007   0.000 470850800
 5.42    5.11    69.487
 5.42 15.00   1.269   1.237
 5.42 15.00   2.506    72.895
 5.42 15.00   2.278   1.179   2.506   0.550
 5.42 15.00   2.280   1.172   2.506   0.542

 5.43  0.00   0.512   0.505   0.052   0.081   0.012   0.007   0.348   0.005   0.000   0.007   0.000 471719600
 5.43    5.10    69.452
 5.43 15.00   1.268   1.236
 5.43 15.00   2.504    72.877
 5.43 15.00   2.277   1.179   2.504   0.549
 5.43 15.00   2.279   1.171   2.504   0.541

 5.44  0.00   0.512   0.505   0.052   0.081   0.012   0.007   0.348   0.005   0.000   0.007   0.000 472588300
 5.44    5.10    69.416
 5.44 15.00   1.267   1.236
 5.44 15.00   2.503    72.859
 5.44 15.00   2.275   1.178   2.503   0.549
 5.44 15.00   2.277   1.170   2.503   0.541

 5.45  0.00   0.512   0.505   0.052   0.081   0.012   0.007   0.348   0.005   0.000   0.007   0.000 473457000
 5.45    5.10    69.380
 5.45 15.00   1.266   1.235
 5.45 15.00   2.501    72.841
 5.45 15.00   2.274   1.177   2.501   0.549
 5.45 15.00   2.276   1.170   2.501   0.541

 5.46  0.00   0.512   0.504   0.051   0.081   0.012   0.007   0.348   0.005   0.000   0.007   0.000 474325800
 5.46    5.09    69.345
 5.46 15.00   1.264   1.235
 5.46 15.00   2.499    72.823
 5.46 15.00   2.272   1.177   2.499   0.548
 5.46 15.00   2.274   1.169   2.499   0.541

 5.47  0.00   0.511   0.504   0.051   0.081   0.012   0.007   0.348   0.005   0.000   0.007   0.000 475194500
 5.47    5.09    69.309
 5.47 15.00   1.263   1.234
 5.47 15.00   2.498    72.805
 5.47 15.00   2.271   1.176   2.498   0.548
 5.47 15.00   2.273   1.168   2.498   0.540

 5.48  0.00   0.511   0.504   0.051   0.081   0.012   0.007   0.348   0.005   0.000   0.007   0.000 476063200
 5.48    5.08    69.274
 5.48 15.00   1.262   1.234
 5.48 15.00   2.496    72.787
 5.48 15.00   2.269   1.175   2.496   0.548
 5.48 15.00   2.271   1.168   2.496   0.540

 5.49  0.00   0.511   0.504   0.051   0.081   0.012   0.007   0.348   0.005   0.000   0.007   0.000 476931900
 5.49    5.08    69.239
 5.49 15.00   1.261   1.233
 5.49 15.00   2.494    72.769
 5.49 15.00   2.268   1.175   2.494   0.548
 5.49 15.00   2.270   1.167   2.494   0.540

 5.50  0.00   0.511   0.504   0.051   0.081   0.012   0.007   0.348   0.005   0.000   0.007   0.000 477800700
 5.50    5.07    69.203
 5.50 15.00   1.260   1.233
 5.50 15.00   2.493    72.751
 5.50 15.00   2.266   1.174   2.493   0.547
 5.50 15.00   2.268   1.166   2.493   0.540

 5.51  0.00   0.511   0.503   0.051   0.081   0.012   0.007   0.348   0.005   0.000   0.007   0.000 478669400
 5.51    5.07    69.168
 5.51 15.00   1.258   1.233
 5.51 15.00   2.491    72.733
 5.51 15.00   2.265   1.173   2.491   0.547
 5.51 15.00   2.267   1.166   2.491   0.539

 5.52  0.00   0.510   0.503   0.051   0.081   0.012   0.007   0.348   0.005   0.000   0.007   0.000 479538100
 5.52    5.06    69.133
 5.52 15.00   1.257   1.232
 5.52 15.00   2.489    72.715
 5.52 15.00   2.263   1.173   2.489   0.547
 5.52 15.00   2.265   1.165   2.489   0.539

 5.53  0.00   0.510   0.503   0.051   0.081   0.012   0.007   0.348   0.005   0.000   0.007   0.000 480406900
 5.53    5.06    69.098
 5.53 15.00   1.256   1.232
 5.53 15.00   2.488    72.698
 5.53 15.00   2.262   1.172   2.488   0.547
 5.53 15.00   2.263   1.164   2.488   0.539

 5.54  0.00   0.510   0.503   0.051   0.081   0.012   0.007   0.347   0.005   0.000   0.007   0.000 481275600
 5.54    5.05    69.063
 5.54 15.00   1.255   1.231
 5.54 15.00   2.486    72.680
 5.54 15.00   2.260   1.171   2.486   0.546
 5.54 15.00   2.262   1.164   2.486   0.539

 5.55  0.00   0.510   0.502   0.051   0.081   0.012   0.007   0.347   0.005   0.000   0.007   0.000 482144400
 5.55    5.05    69.028
 5.55 15.00   1.254   1.231
 5.55 15.00   2.485    72.662
 5.55 15.00   2.258   1.171   2.485   0.546
 5.55 15.00   2.260   1.163   2.485   0.538

 5.56  0.00   0.509   0.502   0.050   0.081   0.012   0.007   0.347   0.005   0.000   0.007   0.000 483013100
 5.56    5.05    68.993
 5.56 15.00   1.253   1.230
 5.56 15.00   2.483    72.645
 5.56 15.00   2.257   1.170   2.483   0.546
 5.56 15.00   2.259   1.163   2.483   0.538

 5.57  0.00   0.509   0.502   0.050   0.081   0.012   0.007   0.347   0.005   0.000   0.007   0.000 483881800
 5.57    5.04    68.958
 5.57 15.00   1.251   1.230
 5.57 15.00   2.481    72.627
 5.57 15.00   2.256   1.169   2.481   0.546
 5.57 15.00   2.257   1.162   2.481   0.538

 5.58  0.00   0.509   0.502   0.050   0.081   0.012   0.007   0.347   0.005   0.000   0.007   0.000 484750500
 5.58    5.04    68.923
 5.58 15.00   1.250   1.229
 5.58 15.00   2.480    72.610
 5.58 15.00   2.254   1.169   2.480   0.545
 5.58 15.00   2.256   1.161   2.480   0.538

 5.59  0.00   0.509   0.502   0.050   0.081   0.012   0.007   0.347   0.005   0.000   0.007   0.000 485619300
 5.59    5.03    68.888
 5.59 15.00   1.249   1.229
 5.59 15.00   2.478    72.592
 5.59 15.00   2.253   1.168   2.478   0.545
 5.59 15.00   2.254   1.161   2.478   0.538

 5.60  0.00   0.508   0.501   0.050   0.081   0.012   0.007   0.347   0.005   0.000   0.007   0.000 486488000
 5.60    5.03    68.854
 5.60 15.00   1.248   1.229
 5.60 15.00   2.476    72.575
 5.60 15.00   2.251   1.167   2.476   0.545
 5.60 15.00   2.253   1.160   2.476   0.537

 5.61  0.00   0.508   0.501   0.050   0.081   0.012   0.007   0.347   0.005   0.000   0.007   0.000 487356700
 5.61    5.02    68.819
 5.61 15.00   1.247   1.228
 5.61 15.00   2.475    72.557
 5.61 15.00   2.250   1.167   2.475   0.545
 5.61 15.00   2.252   1.159   2.475   0.537

 5.62  0.00   0.508   0.501   0.050   0.081   0.012   0.007   0.347   0.005   0.000   0.007   0.000 488225400
 5.62    5.02    68.784
 5.62 15.00   1.246   1.228
 5.62 15.00   2.473    72.540
 5.62 15.00   2.248   1.166   2.473   0.544
 5.62 15.00   2.250   1.159   2.473   0.537

 5.63  0.00   0.508   0.501   0.050   0.081   0.012   0.007   0.347   0.005   0.000   0.007   0.000 489094200
 5.63    5.01    68.750
 5.63 15.00   1.244   1.227
 5.63 15.00   2.472    72.523
 5.63 15.00   2.247   1.165   2.472   0.544
 5.63 15.00   2.249   1.158   2.472   0.537

 5.64  0.00   0.507   0.500   0.050   0.081   0.011   0.007   0.347   0.005   0.000   0.007   0.000 489962900
 5.64    5.01    68.715
 5.64 15.00   1.243   1.227
 5.64 15.00   2.470    72.505
 5.64 15.00   2.245   1.165   2.470   0.544
 5.64 15.00   2.247   1.157   2.470   0.536

 5.65  0.00   0.507   0.500   0.050   0.081   0.011   0.007   0.347   0.005   0.000   0.007   0.000 490831600
 5.65    5.01    68.681
 5.65 15.00   1.242   1.226
 5.65 15.00   2.468    72.488
 5.65 15.00   2.244   1.164   2.468   0.544
 5.65 15.00   2.246   1.157   2.468   0.536

 5.66  0.00   0.507   0.500   0.049   0.081   0.011   0.007   0.347   0.005   0.000   0.007   0.000 491700300
 5.66    5.00    68.647
 5.66 15.00   1.241   1.226
 5.66 15.00   2.467    72.471
 5.66 15.00   2.242   1.163   2.467   0.543
 5.66 15.00   2.244   1.156   2.467   0.536

 5.67  0.00   0.507   0.500   0.049   0.081   0.011   0.007   0.347   0.005   0.000   0.007   0.000 492569100
 5.67    5.00    68.612
 5.67 15.00   1.240   1.225
 5.67 15.00   2.465    72.453
 5.67 15.00   2.241   1.163   2.465   0.543
 5.67 15.00   2.243   1.155   2.465   0.536

 5.68  0.00   0.506   0.500   0.049   0.081   0.011   0.007   0.347   0.005   0.000   0.007   0.000 493437800
 5.68    4.99    68.578
 5.68 15.00   1.239   1.225
 5.68 15.00   2.464    72.436
 5.68 15.00   2.239   1.162   2.464   0.543
 5.68 15.00   2.241   1.155   2.464   0.535

 5.69  0.00   0.506   0.499   0.049   0.081   0.011   0.007   0.347   0.005   0.000   0.007   0.000 494306500
 5.69    4.99    68.544
 5.69 15.00   1.238   1.225
 5.69 15.00   2.462    72.419
 5.69 15.00   2.238   1.161   2.462   0.543
 5.69 15.00   2.240   1.154   2.462   0.535

 5.70  0.00   0.506   0.499   0.049   0.081   0.011   0.007   0.347   0.005   0.000   0.007   0.000 495175200
 5.70    4.98    68.510
 5.70 15.00   1.236   1.224
 5.70 15.00   2.461    72.402
 5.70 15.00   2.236   1.161   2.461   0.542
 5.70 15.00   2.238   1.154   2.461   0.535

 5.71  0.00   0.506   0.499   0.049   0.081   0.011   0.007   0.347   0.004   0.000   0.007   0.000 496044000
 5.71    4.98    68.476
 5.71 15.00   1.235   1.224
 5.71 15.00   2.459    72.385
 5.71 15.00   2.235   1.160   2.459   0.542
 5.71 15.00   2.237   1.153   2.459   0.535

 5.72  0.00   0.506   0.499   0.049   0.081   0.011   0.007   0.347   0.004   0.000   0.007   0.000 496912700
 5.72    4.98    68.441
 5.72 15.00   1.234   1.223
 5.72 15.00   2.457    72.368
 5.72 15.00   2.234   1.159   2.457   0.542
 5.72 15.00   2.235   1.152   2.457   0.535

 5.73  0.00   0.505   0.498   0.049   0.081   0.011   0.007   0.347   0.004   0.000   0.007   0.000 497781400
 5.73    4.97    68.407
 5.73 15.00   1.233   1.223
 5.73 15.00   2.456    72.351
 5.73 15.00   2.232   1.159   2.456   0.542
 5.73 15.00   2.234   1.152   2.456   0.534

 5.74  0.00   0.505   0.498   0.049   0.081   0.011   0.007   0.347   0.004   0.000   0.007   0.000 498650100
 5.74    4.97    68.381
 5.74 15.00   1.232   1.222
 5.74 15.00   2.454    72.334
 5.74 15.00   2.231   1.158   2.454   0.541
 5.74 15.00   2.233   1.151   2.454   0.534

 5.75  0.00   0.505   0.498   0.049   0.081   0.011   0.007   0.347   0.004   0.000   0.007   0.000 499518900
 5.75    4.98    68.361
 5.75 15.00   1.231   1.222
 5.75 15.00   2.453    72.317
 5.75 15.00   2.229   1.158   2.453   0.541
 5.75 15.00   2.231   1.150   2.453   0.534

 5.76  0.00   0.505   0.498   0.049   0.081   0.011   0.007   0.346   0.004   0.000   0.007   0.000 500387600
 5.76    4.98    68.341
 5.76 15.00   1.230   1.222
 5.76 15.00   2.451    72.300
 5.76 15.00   2.228   1.157   2.451   0.541
 5.76 15.00   2.230   1.150   2.451   0.534

 5.77  0.00   0.504   0.498   0.048   0.080   0.011   0.007   0.346   0.004   0.000   0.007   0.000 501256400
 5.77    4.98    68.321
 5.77 15.00   1.229   1.221
 5.77 15.00   2.450    72.283
 5.77 15.00   2.226   1.156   2.450   0.541
 5.77 15.00   2.228   1.149   2.450   0.533

 5.78  0.00   0.504   0.497   0.048   0.080   0.011   0.007   0.346   0.004   0.000   0.007   0.000 502125100
 5.78    4.99    68.302
 5.78 15.00   1.228   1.221
 5.78 15.00   2.448    72.266
 5.78 15.00   2.225   1.156   2.448   0.540
 5.78 15.00   2.227   1.149   2.448   0.533

 5.79  0.00   0.504   0.497   0.048   0.080   0.011   0.007   0.346   0.004   0.000   0.007   0.000 502993800
 5.79    4.99    68.282
 5.79 15.00   1.226   1.220
 5.79 15.00   2.447    72.249
 5.79 15.00   2.223   1.155   2.447   0.540
 5.79 15.00   2.225   1.148   2.447   0.533

 5.80  0.00   0.504   0.497   0.048   0.080   0.011   0.007   0.346   0.004   0.000   0.007   0.000 503862600
 5.80    4.99    68.263
 5.80 15.00   1.225   1.220
 5.80 15.00   2.445    72.233
 5.80 15.00   2.222   1.154   2.445   0.540
 5.80 15.00   2.224   1.147   2.445   0.533

 5.81  0.00   0.503   0.497   0.048   0.080   0.011   0.007   0.346   0.004   0.000   0.007   0.000 504731300
 5.81    5.00    68.244
 5.81 15.00   1.224   1.219
 5.81 15.00   2.444    72.216
 5.81 15.00   2.221   1.154   2.444   0.540
 5.81 15.00   2.222   1.147   2.444   0.532

 5.82  0.00   0.503   0.497   0.048   0.080   0.011   0.007   0.346   0.004   0.000   0.007   0.000 505600000
 5.82    5.00    68.224
 5.82 15.00   1.223   1.219
 5.82 15.00   2.442    72.199
 5.82 15.00   2.219   1.153   2.442   0.539
 5.82 15.00   2.221   1.146   2.442   0.532

 5.83  0.00   0.503   0.496   0.048   0.080   0.011   0.007   0.346   0.004   0.000   0.007   0.000 506468700
 5.83    5.01    68.205
 5.83 15.00   1.222   1.218
 5.83 15.00   2.441    72.183
 5.83 15.00   2.218   1.152   2.441   0.539
 5.83 15.00   2.220   1.146   2.441   0.532

 5.84  0.00   0.503   0.496   0.048   0.080   0.011   0.007   0.346   0.004   0.000   0.007   0.000 507337500
 5.84    5.01    68.186
 5.84 15.00   1.221   1.218
 5.84 15.00   2.439    72.166
 5.84 15.00   2.216   1.152   2.439   0.539
 5.84 15.00   2.218   1.145   2.439   0.532

 5.85  0.00   0.503   0.496   0.048   0.080   0.011   0.007   0.346   0.004   0.000   0.007   0.000 508206200
 5.85    5.01    68.168
 5.85 15.00   1.220   1.218
 5.85 15.00   2.437    72.149
 5.85 15.00   2.215   1.151   2.437   0.539
 5.85 15.00   2.217   1.144   2.437   0.532

 5.86  0.00   0.502   0.496   0.048   0.080   0.010   0.007   0.346   0.004   0.000   0.007   0.000 509074900
 5.86    5.02    68.149
 5.86 15.00   1.219   1.217
 5.86 15.00   2.436    72.133
 5.86 15.00   2.214   1.151   2.436   0.538
 5.86 15.00   2.215   1.144   2.436   0.531

 5.87  0.00   0.502   0.495   0.048   0.080   0.010   0.007   0.346   0.004   0.000   0.007   0.000 509943600
 5.87    5.02    68.131
 5.87 15.00   1.218   1.217
 5.87 15.00   2.434    72.116
 5.87 15.00   2.212   1.150   2.434   0.538
 5.87 15.00   2.214   1.143   2.434   0.531

 5.88  0.00   0.502   0.495   0.047   0.080   0.010   0.007   0.346   0.004   0.000   0.007   0.000 510812400
 5.88    5.03    68.112
 5.88 15.00   1.217   1.216
 5.88 15.00   2.433    72.099
 5.88 15.00   2.211   1.149   2.433   0.538
 5.88 15.00   2.213   1.142   2.433   0.531

 5.89  0.00   0.502   0.495   0.047   0.080   0.010   0.007   0.346   0.004   0.000   0.007   0.000 511681100
 5.89    5.03    68.094
 5.89 15.00   1.216   1.216
 5.89 15.00   2.431    72.083
 5.89 15.00   2.209   1.149   2.431   0.538
 5.89 15.00   2.211   1.142   2.431   0.531

 5.90  0.00   0.501   0.495   0.047   0.080   0.010   0.007   0.346   0.004   0.000   0.007   0.000 512549800
 5.90    5.03    68.076
 5.90 15.00   1.215   1.215
 5.90 15.00   2.430    72.066
 5.90 15.00   2.208   1.148   2.430   0.537
 5.90 15.00   2.210   1.141   2.430   0.530

 5.91  0.00   0.501   0.495   0.047   0.080   0.010   0.007   0.346   0.004   0.000   0.007   0.000 513418500
 5.91    5.04    68.058
 5.91 15.00   1.213   1.215
 5.91 15.00   2.428    72.050
 5.91 15.00   2.207   1.147   2.428   0.537
 5.91 15.00   2.208   1.141   2.428   0.530

 5.92  0.00   0.501   0.494   0.047   0.080   0.010   0.007   0.346   0.004   0.000   0.007   0.000 514287300
 5.92    5.04    68.040
 5.92 15.00   1.212   1.214
 5.92 15.00   2.427    72.034
 5.92 15.00   2.205   1.147   2.427   0.537
 5.92 15.00   2.207   1.140   2.427   0.530

 5.93  0.00   0.501   0.494   0.047   0.080   0.010   0.007   0.346   0.004   0.000   0.007   0.000 515156000
 5.93    5.05    68.023
 5.93 15.00   1.211   1.214
 5.93 15.00   2.425    72.017
 5.93 15.00   2.204   1.146   2.425   0.537
 5.93 15.00   2.206   1.139   2.425   0.530

 5.94  0.00   0.501   0.494   0.047   0.080   0.010   0.007   0.346   0.004   0.000   0.007   0.000 516024700
 5.94    5.05    68.005
 5.94 15.00   1.210   1.214
 5.94 15.00   2.424    72.001
 5.94 15.00   2.202   1.146   2.424   0.536
 5.94 15.00   2.204   1.139   2.424   0.529

 5.95  0.00   0.500   0.494   0.047   0.080   0.010   0.007   0.346   0.004   0.000   0.007   0.000 516893400
 5.95    5.05    67.988
 5.95 15.00   1.209   1.213
 5.95 15.00   2.422    71.984
 5.95 15.00   2.201   1.145   2.422   0.536
 5.95 15.00   2.203   1.138   2.422   0.529

 5.96  0.00   0.500   0.493   0.047   0.080   0.010   0.007   0.346   0.004   0.000   0.007   0.000 517762200
 5.96    5.06    67.970
 5.96 15.00   1.208   1.213
 5.96 15.00   2.421    71.968
 5.96 15.00   2.200   1.144   2.421   0.536
 5.96 15.00   2.201   1.137   2.421   0.529

 5.97  0.00   0.500   0.493   0.047   0.080   0.010   0.007   0.346   0.004   0.000   0.007   0.000 518630900
 5.97    5.06    67.953
 5.97 15.00   1.207   1.212
 5.97 15.00   2.419    71.952
 5.97 15.00   2.198   1.144   2.419   0.536
 5.97 15.00   2.200   1.137   2.419   0.529

 5.98  0.00   0.500   0.493   0.047   0.080   0.010   0.007   0.346   0.004   0.000   0.006   0.000 519499600
 5.98    5.07    67.936
 5.98 15.00   1.206   1.212
 5.98 15.00   2.418    71.936
 5.98 15.00   2.197   1.143   2.418   0.536
 5.98 15.00   2.199   1.136   2.418   0.528

 5.99  0.00   0.499   0.493   0.047   0.080   0.010   0.007   0.345   0.004   0.000   0.006   0.000 520368400
 5.99    5.07    67.919
 5.99 15.00   1.205   1.211
 5.99 15.00   2.416    71.919
 5.99 15.00   2.195   1.142   2.416   0.535
 5.99 15.00   2.197   1.136   2.416   0.528

 6.00  0.00   0.499   0.493   0.046   0.080   0.010   0.007   0.345   0.004   0.000   0.006   0.000 521237100
 6.00    5.07    67.902
 6.00 15.00   1.204   1.211
 6.00 15.00   2.415    71.903
 6.00 15.00   2.194   1.142   2.415   0.535
 6.00 15.00   2.196   1.135   2.415   0.528

 6.01  0.00   0.499   0.492   0.046   0.080   0.010   0.007   0.345   0.004   0.000   0.006   0.000 522105900
 6.01    5.08    67.886
 6.01 15.00   1.203   1.210
 6.01 15.00   2.413    71.887
 6.01 15.00   2.193   1.141   2.413   0.535
 6.01 15.00   2.194   1.134   2.413   0.528

 6.02  0.00   0.499   0.492   0.046   0.080   0.010   0.007   0.345   0.004   0.000   0.006   0.000 522974600
 6.02    5.08    67.869
 6.02 15.00   1.202   1.210
 6.02 15.00   2.412    71.871
 6.02 15.00   2.191   1.141   2.412   0.535
 6.02 15.00   2.193   1.134   2.412   0.527

 6.03  0.00   0.499   0.492   0.046   0.080   0.010   0.007   0.345   0.004   0.000   0.006   0.000 523843300
 6.03    5.09    67.853
 6.03 15.00   1.201   1.209
 6.03 15.00   2.410    71.855
 6.03 15.00   2.190   1.140   2.410   0.534
 6.03 15.00   2.192   1.133   2.410   0.527

 6.04  0.00   0.498   0.492   0.046   0.080   0.010   0.007   0.345   0.004   0.000   0.006   0.000 524712000
 6.04    5.09    67.836
 6.04 15.00   1.200   1.209
 6.04 15.00   2.409    71.839
 6.04 15.00   2.188   1.139   2.409   0.534
 6.04 15.00   2.190   1.133   2.409   0.527

 6.05  0.00   0.498   0.492   0.046   0.080   0.010   0.007   0.345   0.004   0.000   0.006   0.000 525580800
 6.05    5.10    67.820
 6.05 15.00   1.199   1.208
 6.05 15.00   2.407    71.822
 6.05 15.00   2.187   1.139   2.407   0.534
 6.05 15.00   2.189   1.132   2.407   0.527

 6.06  0.00   0.498   0.491   0.046   0.080   0.010   0.007   0.345   0.004   0.000   0.006   0.000 526449500
 6.06    5.10    67.804
 6.06 15.00   1.198   1.208
 6.06 15.00   2.406    71.806
 6.06 15.00   2.186   1.138   2.406   0.534
 6.06 15.00   2.188   1.131   2.406   0.527

 6.07  0.00   0.498   0.491   0.046   0.080   0.010   0.007   0.345   0.004   0.000   0.006   0.000 527318200
 6.07    5.10    67.788
 6.07 15.00   1.197   1.208
 6.07 15.00   2.404    71.790
 6.07 15.00   2.184   1.138   2.404   0.534
 6.07 15.00   2.186   1.131   2.404   0.526

 6.08  0.00   0.498   0.491   0.046   0.080   0.010   0.007   0.345   0.004   0.000   0.006   0.000 528186900
 6.08    5.11    67.772
 6.08 15.00   1.196   1.207
 6.08 15.00   2.403    71.774
 6.08 15.00   2.183   1.137   2.403   0.533
 6.08 15.00   2.185   1.130   2.403   0.526

 6.09  0.00   0.497   0.491   0.046   0.080   0.010   0.007   0.345   0.004   0.000   0.006   0.000 529055700
 6.09    5.11    67.757
 6.09 15.00   1.195   1.207
 6.09 15.00   2.401    71.758
 6.09 15.00   2.182   1.136   2.401   0.533
 6.09 15.00   2.183   1.130   2.401   0.526

 6.10  0.00   0.497   0.491   0.046   0.080   0.009   0.007   0.345   0.004   0.000   0.006   0.000 529924400
 6.10    5.12    67.741
 6.10 15.00   1.194   1.206
 6.10 15.00   2.400    71.742
 6.10 15.00   2.180   1.136   2.400   0.533
 6.10 15.00   2.182   1.129   2.400   0.526

 6.11  0.00   0.497   0.490   0.046   0.080   0.009   0.006   0.345   0.004   0.000   0.006   0.000 530793200
 6.11    5.12    67.726
 6.11 15.00   1.193   1.206
 6.11 15.00   2.398    71.726
 6.11 15.00   2.179   1.135   2.398   0.533
 6.11 15.00   2.181   1.128   2.398   0.526

 6.12  0.00   0.497   0.490   0.045   0.080   0.009   0.006   0.345   0.004   0.000   0.006   0.000 531661900
 6.12    5.12    67.710
 6.12 15.00   1.192   1.205
 6.12 15.00   2.397    71.711
 6.12 15.00   2.177   1.135   2.397   0.532
 6.12 15.00   2.179   1.128   2.397   0.525

 6.13  0.00   0.497   0.490   0.045   0.080   0.009   0.006   0.345   0.004   0.000   0.006   0.000 532530600
 6.13    5.13    67.695
 6.13 15.00   1.191   1.205
 6.13 15.00   2.395    71.695
 6.13 15.00   2.176   1.134   2.395   0.532
 6.13 15.00   2.178   1.127   2.395   0.525

 6.14  0.00   0.496   0.490   0.045   0.080   0.009   0.006   0.345   0.004   0.000   0.006   0.000 533399300
 6.14    5.13    67.680
 6.14 15.00   1.190   1.204
 6.14 15.00   2.394    71.679
 6.14 15.00   2.175   1.133   2.394   0.532
 6.14 15.00   2.176   1.127   2.394   0.525

 6.15  0.00   0.496   0.490   0.045   0.080   0.009   0.006   0.345   0.004   0.000   0.006   0.000 534268000
 6.15    5.14    67.665
 6.15 15.00   1.189   1.204
 6.15 15.00   2.392    71.663
 6.15 15.00   2.173   1.133   2.392   0.532
 6.15 15.00   2.175   1.126   2.392   0.525

 6.16  0.00   0.496   0.489   0.045   0.080   0.009   0.006   0.345   0.004   0.000   0.006   0.000 535136800
 6.16    5.14    67.650
 6.16 15.00   1.188   1.203
 6.16 15.00   2.391    71.647
 6.16 15.00   2.172   1.132   2.391   0.532
 6.16 15.00   2.174   1.125   2.391   0.525

 6.17  0.00   0.496   0.489   0.045   0.080   0.009   0.006   0.345   0.004   0.000   0.006   0.000 536005500
 6.17    5.15    67.635
 6.17 15.00   1.187   1.203
 6.17 15.00   2.389    71.631
 6.17 15.00   2.170   1.132   2.389   0.531
 6.17 15.00   2.172   1.125   2.389   0.524

 6.18  0.00   0.496   0.489   0.045   0.080   0.009   0.006   0.345   0.004   0.000   0.006   0.000 536874200
 6.18    5.15    67.620
 6.18 15.00   1.186   1.202
 6.18 15.00   2.388    71.615
 6.18 15.00   2.169   1.131   2.388   0.531
 6.18 15.00   2.171   1.124   2.388   0.524

 6.19  0.00   0.495   0.489   0.045   0.080   0.009   0.006   0.345   0.004   0.000   0.006   0.000 537743000
 6.19    5.15    67.606
 6.19 15.00   1.185   1.205
 6.19 15.00   2.390    71.608
 6.19 15.00   2.171   1.132   2.390   0.531
 6.19 15.00   2.173   1.125   2.390   0.524

 6.20  0.00   0.495   0.489   0.045   0.080   0.009   0.006   0.345   0.004   0.000   0.006   0.000 538611600
 6.20    5.16    67.592
 6.20 15.00   1.184   1.205
 6.20 15.00   2.389    71.593
 6.20 15.00   2.170   1.131   2.389   0.531
 6.20 15.00   2.172   1.124   2.389   0.524

 6.21  0.00   0.495   0.488   0.045   0.080   0.009   0.006   0.345   0.004   0.000   0.006   0.000 539480400
 6.21    5.16    67.577
 6.21 15.00   1.183   1.205
 6.21 15.00   2.388    71.578
 6.21 15.00   2.169   1.131   2.388   0.531
 6.21 15.00   2.171   1.124   2.388   0.523

 6.22  0.00   0.495   0.488   0.045   0.080   0.009   0.006   0.345   0.004   0.000   0.006   0.000 540349100
 6.22    5.17    67.563
 6.22 15.00   1.182   1.205
 6.22 15.00   2.387    71.564
 6.22 15.00   2.169   1.130   2.387   0.530
 6.22 15.00   2.170   1.123   2.387   0.523

 6.23  0.00   0.495   0.488   0.045   0.080   0.009   0.006   0.345   0.004   0.000   0.006   0.000 541217900
 6.23    5.17    67.549
 6.23 15.00   1.181   1.205
 6.23 15.00   2.386    71.549
 6.23 15.00   2.168   1.130   2.386   0.530
 6.23 15.00   2.170   1.123   2.386   0.523

 6.24  0.00   0.494   0.488   0.045   0.080   0.009   0.006   0.344   0.004   0.000   0.006   0.000 542086600
 6.24    5.18    67.535
 6.24 15.00   1.180   1.205
 6.24 15.00   2.385    71.535
 6.24 15.00   2.167   1.129   2.385   0.530
 6.24 15.00   2.169   1.122   2.385   0.523

 6.25  0.00   0.494   0.488   0.044   0.080   0.009   0.006   0.344   0.004   0.000   0.006   0.000 542955300
 6.25    5.18    67.521
 6.25 15.00   1.179   1.205
 6.25 15.00   2.384    71.520
 6.25 15.00   2.166   1.129   2.384   0.530
 6.25 15.00   2.168   1.122   2.384   0.523

 6.26  0.00   0.494   0.487   0.044   0.080   0.009   0.006   0.344   0.004   0.000   0.006   0.000 543824100
 6.26    5.18    67.507
 6.26 15.00   1.178   1.205
 6.26 15.00   2.383    71.506
 6.26 15.00   2.165   1.128   2.383   0.530
 6.26 15.00   2.167   1.121   2.383   0.522

 6.27  0.00   0.494   0.487   0.044   0.080   0.009   0.006   0.344   0.004   0.000   0.006   0.000 544692800
 6.27    5.19    67.494
 6.27 15.00   1.177   1.205
 6.27 15.00   2.382    71.492
 6.27 15.00   2.164   1.128   2.382   0.529
 6.27 15.00   2.166   1.121   2.382   0.522

 6.28  0.00   0.494   0.487   0.044   0.080   0.009   0.006   0.344   0.004   0.000   0.006   0.000 545561500
 6.28    5.19    67.480
 6.28 15.00   1.176   1.205
 6.28 15.00   2.381    71.477
 6.28 15.00   2.163   1.127   2.381   0.529
 6.28 15.00   2.165   1.121   2.381   0.522

 6.29  0.00   0.493   0.487   0.044   0.080   0.009   0.006   0.344   0.004   0.000   0.006   0.000 546430200
 6.29    5.20    67.466
 6.29 15.00   1.175   1.205
 6.29 15.00   2.380    71.463
 6.29 15.00   2.162   1.127   2.380   0.529
 6.29 15.00   2.164   1.120   2.380   0.522

 6.30  0.00   0.493   0.487   0.044   0.080   0.009   0.006   0.344   0.004   0.000   0.006   0.000 547299000
 6.30    5.20    67.453
 6.30 15.00   1.174   1.205
 6.30 15.00   2.379    71.449
 6.30 15.00   2.162   1.127   2.379   0.529
 6.30 15.00   2.163   1.120   2.379   0.522

 6.31  0.00   0.493   0.486   0.044   0.080   0.009   0.006   0.344   0.004   0.000   0.006   0.000 548167700
 6.31    5.21    67.440
 6.31 15.00   1.173   1.205
 6.31 15.00   2.378    71.434
 6.31 15.00   2.161   1.126   2.378   0.529
 6.31 15.00   2.162   1.119   2.378   0.521

 6.32  0.00   0.493   0.486   0.044   0.080   0.009   0.006   0.344   0.004   0.000   0.006   0.000 549036400
 6.32    5.21    67.427
 6.32 15.00   1.172   1.205
 6.32 15.00   2.378    71.420
 6.32 15.00   2.160   1.126   2.378   0.528
 6.32 15.00   2.162   1.119   2.378   0.521

 6.33  0.00   0.493   0.486   0.044   0.080   0.009   0.006   0.344   0.004   0.000   0.006   0.000 549905200
 6.33    5.22    67.414
 6.33 15.00   1.171   1.205
 6.33 15.00   2.377    71.406
 6.33 15.00   2.159   1.125   2.377   0.528
 6.33 15.00   2.161   1.118   2.377   0.521

 6.34  0.00   0.493   0.486   0.044   0.080   0.009   0.006   0.344   0.004   0.000   0.006   0.000 550773900
 6.34    5.22    67.401
 6.34 15.00   1.170   1.205
 6.34 15.00   2.376    71.392
 6.34 15.00   2.158   1.125   2.376   0.528
 6.34 15.00   2.160   1.118   2.376   0.521

 6.35  0.00   0.492   0.486   0.044   0.080   0.009   0.006   0.344   0.004   0.000   0.006   0.000 551642600
 6.35    5.22    67.388
 6.35 15.00   1.169   1.205
 6.35 15.00   2.375    71.377
 6.35 15.00   2.157   1.124   2.375   0.528
 6.35 15.00   2.159   1.117   2.375   0.521

 6.36  0.00   0.492   0.486   0.044   0.080   0.009   0.006   0.344   0.004   0.000   0.006   0.000 552511400
 6.36    5.23    67.375
 6.36 15.00   1.168   1.205
 6.36 15.00   2.374    71.363
 6.36 15.00   2.156   1.124   2.374   0.528
 6.36 15.00   2.158   1.117   2.374   0.520

 6.37  0.00   0.492   0.485   0.044   0.080   0.009   0.006   0.344   0.004   0.000   0.006   0.000 553380000
 6.37    5.23    67.363
 6.37 15.00   1.167   1.205
 6.37 15.00   2.373    71.349
 6.37 15.00   2.155   1.123   2.373   0.527
 6.37 15.00   2.157   1.117   2.373   0.520

 6.38  0.00   0.492   0.485   0.043   0.080   0.009   0.006   0.344   0.004   0.000   0.006   0.000 554248800
 6.38    5.24    67.350
 6.38 15.00   1.166   1.205
 6.38 15.00   2.372    71.335
 6.38 15.00   2.155   1.123   2.372   0.527
 6.38 15.00   2.156   1.116   2.372   0.520

 6.39  0.00   0.492   0.485   0.043   0.080   0.009   0.006   0.344   0.004   0.000   0.006   0.000 555117500
 6.39    5.24    67.338
 6.39 15.00   1.165   1.205
 6.39 15.00   2.371    71.321
 6.39 15.00   2.154   1.123   2.371   0.527
 6.39 15.00   2.156   1.116   2.371   0.520

 6.40  0.00   0.491   0.485   0.043   0.080   0.009   0.006   0.344   0.004   0.000   0.006   0.000 555986200
 6.40    5.25    67.325
 6.40 15.00   1.165   1.205
 6.40 15.00   2.370    71.307
 6.40 15.00   2.153   1.122   2.370   0.527
 6.40 15.00   2.155   1.115   2.370   0.520

 6.41  0.00   0.491   0.485   0.043   0.080   0.009   0.006   0.344   0.004   0.000   0.006   0.000 556855000
 6.41    5.25    67.313
 6.41 15.00   1.164   1.205
 6.41 15.00   2.369    71.293
 6.41 15.00   2.152   1.122   2.369   0.527
 6.41 15.00   2.154   1.115   2.369   0.519

 6.42  0.00   0.491   0.484   0.043   0.080   0.009   0.006   0.344   0.004   0.000   0.006   0.000 557723700
 6.42    5.26    67.301
 6.42 15.00   1.163   1.205
 6.42 15.00   2.368    71.279
 6.42 15.00   2.151   1.121   2.368   0.526
 6.42 15.00   2.153   1.114   2.368   0.519

 6.43  0.00   0.491   0.484   0.043   0.079   0.008   0.006   0.344   0.004   0.000   0.006   0.000 558592400
 6.43    5.26    67.289
 6.43 15.00   1.162   1.205
 6.43 15.00   2.367    71.265
 6.43 15.00   2.150   1.121   2.367   0.526
 6.43 15.00   2.152   1.114   2.367   0.519

 6.44  0.00   0.491   0.484   0.043   0.079   0.008   0.006   0.344   0.004   0.000   0.006   0.000 559461200
 6.44    5.26    67.277
 6.44 15.00   1.161   1.205
 6.44 15.00   2.366    71.251
 6.44 15.00   2.149   1.120   2.366   0.526
 6.44 15.00   2.151   1.114   2.366   0.519

 6.45  0.00   0.491   0.484   0.043   0.079   0.008   0.006   0.344   0.004   0.000   0.006   0.000 560329900
 6.45    5.27    67.265
 6.45 15.00   1.160   1.205
 6.45 15.00   2.365    71.238
 6.45 15.00   2.149   1.120   2.365   0.526
 6.45 15.00   2.150   1.113   2.365   0.519

 6.46  0.00   0.490   0.484   0.043   0.079   0.008   0.006   0.344   0.004   0.000   0.006   0.000 561198700
 6.46    5.27    67.253
 6.46 15.00   1.159   1.205
 6.46 15.00   2.364    71.224
 6.46 15.00   2.148   1.120   2.364   0.526
 6.46 15.00   2.150   1.113   2.364   0.518

 6.47  0.00   0.490   0.484   0.043   0.079   0.008   0.006   0.344   0.004   0.000   0.006   0.000 562067300
 6.47    5.28    67.242
 6.47 15.00   1.158   1.205
 6.47 15.00   2.363    71.210
 6.47 15.00   2.147   1.119   2.363   0.525
 6.47 15.00   2.149   1.112   2.363   0.518

 6.48  0.00   0.490   0.483   0.043   0.079   0.008   0.006   0.344   0.004   0.000   0.006   0.000 562936100
 6.48    5.28    67.230
 6.48 15.00   1.157   1.205
 6.48 15.00   2.363    71.196
 6.48 15.00   2.146   1.119   2.363   0.525
 6.48 15.00   2.148   1.112   2.363   0.518

 6.49  0.00   0.490   0.483   0.043   0.079   0.008   0.006   0.344   0.004   0.000   0.006   0.000 563804800
 6.49    5.29    67.219
 6.49 15.00   1.156   1.205
 6.49 15.00   2.362    71.183
 6.49 15.00   2.145   1.118   2.362   0.525
 6.49 15.00   2.147   1.111   2.362   0.518

 6.50  0.00   0.490   0.483   0.043   0.079   0.008   0.006   0.343   0.004   0.000   0.006   0.000 564673500
 6.50    5.29    67.208
 6.50 15.00   1.155   1.205
 6.50 15.00   2.361    71.169
 6.50 15.00   2.144   1.118   2.361   0.525
 6.50 15.00   2.146   1.111   2.361   0.518

 6.51  0.00   0.489   0.483   0.042   0.079   0.008   0.006   0.343   0.004   0.000   0.006   0.000 565542300
 6.51    5.30    67.196
 6.51 15.00   1.154   1.205
 6.51 15.00   2.360    71.155
 6.51 15.00   2.144   1.117   2.360   0.525
 6.51 15.00   2.145   1.111   2.360   0.517

 6.52  0.00   0.489   0.483   0.042   0.079   0.008   0.006   0.343   0.004   0.000   0.006   0.000 566411000
 6.52    5.30    67.185
 6.52 15.00   1.153   1.205
 6.52 15.00   2.359    71.142
 6.52 15.00   2.143   1.117   2.359   0.524
 6.52 15.00   2.145   1.110   2.359   0.517

 6.53  0.00   0.489   0.482   0.042   0.079   0.008   0.006   0.343   0.004   0.000   0.006   0.000 567279700
 6.53    5.31    67.174
 6.53 15.00   1.153   1.205
 6.53 15.00   2.358    71.128
 6.53 15.00   2.142   1.117   2.358   0.524
 6.53 15.00   2.144   1.110   2.358   0.517

 6.54  0.00   0.489   0.482   0.042   0.079   0.008   0.006   0.343   0.004   0.000   0.006   0.000 568148400
 6.54    5.31    67.163
 6.54 15.00   1.152   1.205
 6.54 15.00   2.357    71.114
 6.54 15.00   2.141   1.116   2.357   0.524
 6.54 15.00   2.143   1.109   2.357   0.517

 6.55  0.00   0.489   0.482   0.042   0.079   0.008   0.006   0.343   0.004   0.000   0.006   0.000 569017200
 6.55    5.32    67.152
 6.55 15.00   1.151   1.205
 6.55 15.00   2.356    71.101
 6.55 15.00   2.140   1.116   2.356   0.524
 6.55 15.00   2.142   1.109   2.356   0.517

 6.56  0.00   0.489   0.482   0.042   0.079   0.008   0.006   0.343   0.004   0.000   0.006   0.000 569885900
 6.56    5.32    67.141
 6.56 15.00   1.150   1.205
 6.56 15.00   2.355    71.087
 6.56 15.00   2.139   1.115   2.355   0.524
 6.56 15.00   2.141   1.109   2.355   0.517

 6.57  0.00   0.488   0.482   0.042   0.079   0.008   0.006   0.343   0.004   0.000   0.006   0.000 570754600
 6.57    5.32    67.131
 6.57 15.00   1.149   1.205
 6.57 15.00   2.354    71.074
 6.57 15.00   2.139   1.115   2.354   0.523
 6.57 15.00   2.140   1.108   2.354   0.516

 6.58  0.00   0.488   0.482   0.042   0.079   0.008   0.006   0.343   0.004   0.000   0.006   0.000 571623400
 6.58    5.33    67.120
 6.58 15.00   1.148   1.205
 6.58 15.00   2.353    71.060
 6.58 15.00   2.138   1.115   2.353   0.523
 6.58 15.00   2.140   1.108   2.353   0.516

 6.59  0.00   0.488   0.481   0.042   0.079   0.008   0.006   0.343   0.004   0.000   0.006   0.000 572492100
 6.59    5.33    67.110
 6.59 15.00   1.147   1.205
 6.59 15.00   2.353    71.047
 6.59 15.00   2.137   1.114   2.353   0.523
 6.59 15.00   2.139   1.107   2.353   0.516

 6.60  0.00   0.488   0.481   0.042   0.079   0.008   0.006   0.343   0.004   0.000   0.006   0.000 573360800
 6.60    5.34    67.099
 6.60 15.00   1.146   1.205
 6.60 15.00   2.352    71.033
 6.60 15.00   2.136   1.114   2.352   0.523
 6.60 15.00   2.138   1.107   2.352   0.516

 6.61  0.00   0.488   0.481   0.042   0.079   0.008   0.006   0.343   0.004   0.000   0.006   0.000 574229600
 6.61    5.34    67.089
 6.61 15.00   1.145   1.205
 6.61 15.00   2.351    71.020
 6.61 15.00   2.135   1.113   2.351   0.523
 6.61 15.00   2.137   1.106   2.351   0.516

 6.62  0.00   0.487   0.481   0.042   0.079   0.008   0.006   0.343   0.004   0.000   0.006   0.000 575098200
 6.62    5.35    67.079
 6.62 15.00   1.144   1.205
 6.62 15.00   2.350    71.007
 6.62 15.00   2.135   1.113   2.350   0.522
 6.62 15.00   2.136   1.106   2.350   0.515

 6.63  0.00   0.487   0.481   0.042   0.079   0.008   0.006   0.343   0.004   0.000   0.006   0.000 575967000
 6.63    5.35    67.068
 6.63 15.00   1.144   1.205
 6.63 15.00   2.349    70.993
 6.63 15.00   2.134   1.112   2.349   0.522
 6.63 15.00   2.136   1.106   2.349   0.515

 6.64  0.00   0.487   0.481   0.042   0.079   0.008   0.006   0.343   0.004   0.000   0.006   0.000 576835700
 6.64    5.36    67.058
 6.64 15.00   1.143   1.205
 6.64 15.00   2.348    70.980
 6.64 15.00   2.133   1.112   2.348   0.522
 6.64 15.00   2.135   1.105   2.348   0.515

 6.65  0.00   0.487   0.480   0.041   0.079   0.008   0.006   0.343   0.004   0.000   0.006   0.000 577704400
 6.65    5.36    67.048
 6.65 15.00   1.142   1.205
 6.65 15.00   2.347    70.967
 6.65 15.00   2.132   1.112   2.347   0.522
 6.65 15.00   2.134   1.105   2.347   0.515

 6.66  0.00   0.487   0.480   0.041   0.079   0.008   0.006   0.343   0.004   0.000   0.006   0.000 578573200
 6.66    5.37    67.039
 6.66 15.00   1.141   1.205
 6.66 15.00   2.346    70.954
 6.66 15.00   2.131   1.111   2.346   0.522
 6.66 15.00   2.133   1.104   2.346   0.515

 6.67  0.00   0.487   0.480   0.041   0.079   0.008   0.006   0.343   0.004   0.000   0.006   0.000 579441900
 6.67    5.37    67.029
 6.67 15.00   1.140   1.205
 6.67 15.00   2.345    70.940
 6.67 15.00   2.131   1.111   2.345   0.522
 6.67 15.00   2.132   1.104   2.345   0.514

 6.68  0.00   0.486   0.480   0.041   0.079   0.008   0.006   0.343   0.004   0.000   0.006   0.000 580310700
 6.68    5.38    67.019
 6.68 15.00   1.139   1.205
 6.68 15.00   2.345    70.927
 6.68 15.00   2.130   1.110   2.345   0.521
 6.68 15.00   2.132   1.104   2.345   0.514

 6.69  0.00   0.486   0.480   0.041   0.079   0.008   0.006   0.343   0.004   0.000   0.006   0.000 581179400
 6.69    5.38    67.009
 6.69 15.00   1.138   1.205
 6.69 15.00   2.344    70.914
 6.69 15.00   2.129   1.110   2.344   0.521
 6.69 15.00   2.131   1.103   2.344   0.514

 6.70  0.00   0.486   0.479   0.041   0.079   0.008   0.006   0.343   0.004   0.000   0.006   0.000 582048100
 6.70    5.39    67.000
 6.70 15.00   1.137   1.205
 6.70 15.00   2.343    70.901
 6.70 15.00   2.128   1.110   2.343   0.521
 6.70 15.00   2.130   1.103   2.343   0.514

 6.71  0.00   0.486   0.479   0.041   0.079   0.008   0.006   0.343   0.004   0.000   0.006   0.000 582916900
 6.71    5.39    66.990
 6.71 15.00   1.137   1.205
 6.71 15.00   2.342    70.888
 6.71 15.00   2.127   1.109   2.342   0.521
 6.71 15.00   2.129   1.102   2.342   0.514

 6.72  0.00   0.486   0.479   0.041   0.079   0.008   0.006   0.343   0.004   0.000   0.006   0.000 583785500
 6.72    5.39    66.981
 6.72 15.00   1.136   1.205
 6.72 15.00   2.341    70.875
 6.72 15.00   2.127   1.109   2.341   0.521
 6.72 15.00   2.128   1.102   2.341   0.514

 6.73  0.00   0.486   0.479   0.041   0.079   0.008   0.006   0.343   0.004   0.000   0.006   0.000 584654300
 6.73    5.40    66.972
 6.73 15.00   1.135   1.205
 6.73 15.00   2.340    70.862
 6.73 15.00   2.126   1.108   2.340   0.520
 6.73 15.00   2.128   1.102   2.340   0.513

 6.74  0.00   0.485   0.479   0.041   0.079   0.008   0.006   0.343   0.004   0.000   0.006   0.000 585523000
 6.74    5.40    66.962
 6.74 15.00   1.134   1.205
 6.74 15.00   2.339    70.849
 6.74 15.00   2.125   1.108   2.339   0.520
 6.74 15.00   2.127   1.101   2.339   0.513

 6.75  0.00   0.485   0.479   0.041   0.079   0.007   0.006   0.343   0.004   0.000   0.006   0.000 586391700
 6.75    5.41    66.953
 6.75 15.00   1.133   1.205
 6.75 15.00   2.339    70.836
 6.75 15.00   2.124   1.108   2.339   0.520
 6.75 15.00   2.126   1.101   2.339   0.513

 6.76  0.00   0.485   0.478   0.041   0.079   0.007   0.006   0.343   0.004   0.000   0.006   0.000 587260500
 6.76    5.41    66.944
 6.76 15.00   1.132   1.205
 6.76 15.00   2.338    70.823
 6.76 15.00   2.123   1.107   2.338   0.520
 6.76 15.00   2.125   1.100   2.338   0.513

 6.77  0.00   0.485   0.478   0.041   0.079   0.007   0.006   0.343   0.004   0.000   0.006   0.000 588129200
 6.77    5.42    66.935
 6.77 15.00   1.131   1.205
 6.77 15.00   2.337    70.810
 6.77 15.00   2.123   1.107   2.337   0.520
 6.77 15.00   2.125   1.100   2.337   0.513

 6.78  0.00   0.485   0.478   0.041   0.079   0.007   0.006   0.342   0.004   0.000   0.006   0.000 588998000
 6.78    5.42    66.926
 6.78 15.00   1.131   1.205
 6.78 15.00   2.336    70.797
 6.78 15.00   2.122   1.106   2.336   0.520
 6.78 15.00   2.124   1.100   2.336   0.512

 6.79  0.00   0.485   0.478   0.041   0.079   0.007   0.006   0.342   0.004   0.000   0.006   0.000 589866700
 6.79    5.43    66.918
 6.79 15.00   1.130   1.205
 6.79 15.00   2.335    70.784
 6.79 15.00   2.121   1.106   2.335   0.519
 6.79 15.00   2.123   1.099   2.335   0.512

 6.80  0.00   0.484   0.478   0.040   0.079   0.007   0.006   0.342   0.004   0.000   0.006   0.000 590735400
 6.80    5.43    66.909
 6.80 15.00   1.129   1.205
 6.80 15.00   2.334    70.771
 6.80 15.00   2.120   1.106   2.334   0.519
 6.80 15.00   2.122   1.099   2.334   0.512

 6.81  0.00   0.484   0.478   0.040   0.079   0.007   0.006   0.342   0.004   0.000   0.006   0.000 591604100
 6.81    5.44    66.900
 6.81 15.00   1.128   1.205
 6.81 15.00   2.333    70.758
 6.81 15.00   2.120   1.105   2.333   0.519
 6.81 15.00   2.121   1.098   2.333   0.512

 6.82  0.00   0.484   0.477   0.040   0.079   0.007   0.006   0.342   0.004   0.000   0.006   0.000 592472900
 6.82    5.44    66.892
 6.82 15.00   1.127   1.205
 6.82 15.00   2.333    70.746
 6.82 15.00   2.119   1.105   2.333   0.519
 6.82 15.00   2.121   1.098   2.333   0.512

 6.83  0.00   0.484   0.477   0.040   0.079   0.007   0.006   0.342   0.004   0.000   0.006   0.000 593341600
 6.83    5.45    66.883
 6.83 15.00   1.126   1.205
 6.83 15.00   2.332    70.733
 6.83 15.00   2.118   1.104   2.332   0.519
 6.83 15.00   2.120   1.098   2.332   0.512

 6.84  0.00   0.484   0.477   0.040   0.079   0.007   0.006   0.342   0.004   0.000   0.006   0.000 594210300
 6.84    5.45    66.875
 6.84 15.00   1.125   1.205
 6.84 15.00   2.331    70.720
 6.84 15.00   2.117   1.104   2.331   0.518
 6.84 15.00   2.119   1.097   2.331   0.511

 6.85  0.00   0.484   0.477   0.040   0.079   0.007   0.006   0.342   0.004   0.000   0.006   0.000 595079000
 6.85    5.46    66.867
 6.85 15.00   1.125   1.205
 6.85 15.00   2.330    70.707
 6.85 15.00   2.117   1.104   2.330   0.518
 6.85 15.00   2.118   1.097   2.330   0.511

 6.86  0.00   0.483   0.477   0.040   0.079   0.007   0.006   0.342   0.004   0.000   0.006   0.000 595947800
 6.86    5.46    66.858
 6.86 15.00   1.124   1.205
 6.86 15.00   2.329    70.695
 6.86 15.00   2.116   1.103   2.329   0.518
 6.86 15.00   2.118   1.096   2.329   0.511

 6.87  0.00   0.483   0.477   0.040   0.079   0.007   0.006   0.342   0.004   0.000   0.006   0.000 596816500
 6.87    5.47    66.850
 6.87 15.00   1.123   1.205
 6.87 15.00   2.328    70.682
 6.87 15.00   2.115   1.103   2.328   0.518
 6.87 15.00   2.117   1.096   2.328   0.511

 6.88  0.00   0.483   0.476   0.040   0.079   0.007   0.006   0.342   0.004   0.000   0.006   0.000 597685200
 6.88    5.47    66.842
 6.88 15.00   1.122   1.205
 6.88 15.00   2.328    70.669
 6.88 15.00   2.114   1.103   2.328   0.518
 6.88 15.00   2.116   1.096   2.328   0.511

 6.89  0.00   0.483   0.476   0.040   0.079   0.007   0.006   0.342   0.004   0.000   0.006   0.000 598553900
 6.89    5.48    66.834
 6.89 15.00   1.121   1.205
 6.89 15.00   2.327    70.657
 6.89 15.00   2.113   1.102   2.327   0.518
 6.89 15.00   2.115   1.095   2.327   0.510

 6.90  0.00   0.483   0.476   0.040   0.079   0.007   0.006   0.342   0.004   0.000   0.006   0.000 599422700
 6.90    5.48    66.826
 6.90 15.00   1.120   1.205
 6.90 15.00   2.326    70.644
 6.90 15.00   2.113   1.102   2.326   0.517
 6.90 15.00   2.115   1.095   2.326   0.510

 6.91  0.00   0.483   0.476   0.040   0.079   0.007   0.006   0.342   0.004   0.000   0.006   0.000 600291400
 6.91    5.49    66.818
 6.91 15.00   1.120   1.205
 6.91 15.00   2.325    70.632
 6.91 15.00   2.112   1.101   2.325   0.517
 6.91 15.00   2.114   1.094   2.325   0.510

 6.92  0.00   0.482   0.476   0.040   0.079   0.007   0.006   0.342   0.004   0.000   0.006   0.000 601160100
 6.92    5.49    66.810
 6.92 15.00   1.119   1.205
 6.92 15.00   2.324    70.619
 6.92 15.00   2.111   1.101   2.324   0.517
 6.92 15.00   2.113   1.094   2.324   0.510

 6.93  0.00   0.482   0.476   0.040   0.079   0.007   0.006   0.342   0.004   0.000   0.006   0.000 602028900
 6.93    5.50    66.803
 6.93 15.00   1.118   1.205
 6.93 15.00   2.323    70.607
 6.93 15.00   2.110   1.101   2.323   0.517
 6.93 15.00   2.112   1.094   2.323   0.510

 6.94  0.00   0.482   0.475   0.040   0.079   0.007   0.006   0.342   0.004   0.000   0.006   0.000 602897600
 6.94    5.50    66.795
 6.94 15.00   1.117   1.205
 6.94 15.00   2.323    70.594
 6.94 15.00   2.110   1.100   2.323   0.517
 6.94 15.00   2.112   1.093   2.323   0.510

 6.95  0.00   0.482   0.475   0.039   0.079   0.007   0.006   0.342   0.004   0.000   0.006   0.000 603766300
 6.95    5.51    66.788
 6.95 15.00   1.116   1.205
 6.95 15.00   2.322    70.582
 6.95 15.00   2.109   1.100   2.322   0.516
 6.95 15.00   2.111   1.093   2.322   0.509

 6.96  0.00   0.482   0.475   0.039   0.079   0.007   0.006   0.342   0.004   0.000   0.006   0.000 604635100
 6.96    5.51    66.780
 6.96 15.00   1.116   1.205
 6.96 15.00   2.321    70.569
 6.96 15.00   2.108   1.099   2.321   0.516
 6.96 15.00   2.110   1.093   2.321   0.509

 6.97  0.00   0.482   0.475   0.039   0.079   0.007   0.006   0.342   0.004   0.000   0.006   0.000 605503700
 6.97    5.52    66.773
 6.97 15.00   1.115   1.205
 6.97 15.00   2.320    70.557
 6.97 15.00   2.107   1.099   2.320   0.516
 6.97 15.00   2.109   1.092   2.320   0.509

 6.98  0.00   0.481   0.475   0.039   0.079   0.007   0.006   0.342   0.004   0.000   0.006   0.000 606372500
 6.98    5.52    66.765
 6.98 15.00   1.114   1.205
 6.98 15.00   2.319    70.544
 6.98 15.00   2.107   1.099   2.319   0.516
 6.98 15.00   2.109   1.092   2.319   0.509

 6.99  0.00   0.481   0.475   0.039   0.079   0.007   0.006   0.342   0.004   0.000   0.006   0.000 607241200
 6.99    5.53    66.758
 6.99 15.00   1.113   1.205
 6.99 15.00   2.319    70.532
 6.99 15.00   2.106   1.098   2.319   0.516
 6.99 15.00   2.108   1.091   2.319   0.509

 7.00  0.00   0.481   0.474   0.039   0.079   0.007   0.006   0.342   0.004   0.000   0.006   0.000 608110000
 7.00    5.53    66.751
 7.00 15.00   1.112   1.205
 7.00 15.00   2.318    70.520
 7.00 15.00   2.105   1.098   2.318   0.516
 7.00 15.00   2.107   1.091   2.318   0.509

 7.01  0.00   0.481   0.474   0.039   0.079   0.007   0.006   0.342   0.004   0.000   0.006   0.000 608978700
 7.01    5.54    66.744
 7.01 15.00   1.111   1.205
 7.01 15.00   2.317    70.508
 7.01 15.00   2.105   1.098   2.317   0.515
 7.01 15.00   2.106   1.091   2.317   0.508

 7.02  0.00   0.481   0.474   0.039   0.079   0.007   0.006   0.342   0.004   0.000   0.006   0.000 609847400
 7.02    5.54    66.737
 7.02 15.00   1.111   1.205
 7.02 15.00   2.316    70.495
 7.02 15.00   2.104   1.097   2.316   0.515
 7.02 15.00   2.106   1.090   2.316   0.508

 7.03  0.00   0.481   0.474   0.039   0.079   0.007   0.006   0.342   0.004   0.000   0.006   0.000 610716200
 7.03    5.55    66.730
 7.03 15.00   1.110   1.205
 7.03 15.00   2.315    70.483
 7.03 15.00   2.103   1.097   2.315   0.515
 7.03 15.00   2.105   1.090   2.315   0.508

 7.04  0.00   0.481   0.474   0.039   0.079   0.007   0.006   0.342   0.004   0.000   0.006   0.000 611584900
 7.04    5.55    66.723
 7.04 15.00   1.109   1.205
 7.04 15.00   2.314    70.471
 7.04 15.00   2.102   1.096   2.314   0.515
 7.04 15.00   2.104   1.090   2.314   0.508

 7.05  0.00   0.480   0.474   0.039   0.079   0.007   0.006   0.342   0.004   0.000   0.006   0.000 612453600
 7.05    5.56    66.716
 7.05 15.00   1.108   1.205
 7.05 15.00   2.314    70.459
 7.05 15.00   2.102   1.096   2.314   0.515
 7.05 15.00   2.103   1.089   2.314   0.508

 7.06  0.00   0.480   0.474   0.039   0.079   0.007   0.006   0.342   0.004   0.000   0.006   0.000 613322300
 7.06    5.56    66.709
 7.06 15.00   1.107   1.205
 7.06 15.00   2.313    70.446
 7.06 15.00   2.101   1.096   2.313   0.515
 7.06 15.00   2.103   1.089   2.313   0.508

 7.07  0.00   0.480   0.473   0.039   0.079   0.007   0.006   0.342   0.004   0.000   0.005   0.000 614191100
 7.07    5.57    66.702
 7.07 15.00   1.107   1.205
 7.07 15.00   2.312    70.434
 7.07 15.00   2.100   1.095   2.312   0.515
 7.07 15.00   2.102   1.089   2.312   0.507

 7.08  0.00   0.480   0.473   0.039   0.079   0.007   0.006   0.341   0.004   0.000   0.005   0.000 615059800
 7.08    5.57    66.696
 7.08 15.00   1.106   1.205
 7.08 15.00   2.311    70.422
 7.08 15.00   2.099   1.095   2.311   0.514
 7.08 15.00   2.101   1.088   2.311   0.507

 7.09  0.00   0.480   0.473   0.039   0.079   0.007   0.005   0.341   0.004   0.000   0.005   0.000 615928500
 7.09    5.58    66.689
 7.09 15.00   1.105   1.205
 7.09 15.00   2.311    70.410
 7.09 15.00   2.099   1.095   2.311   0.514
 7.09 15.00   2.101   1.088   2.311   0.507

 7.10  0.00   0.480   0.473   0.039   0.079   0.007   0.005   0.341   0.004   0.000   0.005   0.000 616797200
 7.10    5.58    66.683
 7.10 15.00   1.104   1.205
 7.10 15.00   2.310    70.398
 7.10 15.00   2.098   1.094   2.310   0.514
 7.10 15.00   2.100   1.087   2.310   0.507

 7.11  0.00   0.479   0.473   0.038   0.079   0.007   0.005   0.341   0.004   0.000   0.005   0.000 617666000
 7.11    5.59    66.676
 7.11 15.00   1.104   1.205
 7.11 15.00   2.309    70.386
 7.11 15.00   2.097   1.094   2.309   0.514
 7.11 15.00   2.099   1.087   2.309   0.507

 7.12  0.00   0.479   0.473   0.038   0.079   0.007   0.005   0.341   0.004   0.000   0.005   0.000 618534700
 7.12    5.59    66.670
 7.12 15.00   1.103   1.205
 7.12 15.00   2.308    70.374
 7.12 15.00   2.097   1.094   2.308   0.514
 7.12 15.00   2.098   1.087   2.308   0.507

 7.13  0.00   0.479   0.473   0.038   0.079   0.007   0.005   0.341   0.004   0.000   0.005   0.000 619403500
 7.13    5.60    66.664
 7.13 15.00   1.102   1.205
 7.13 15.00   2.307    70.362
 7.13 15.00   2.096   1.093   2.307   0.514
 7.13 15.00   2.098   1.086   2.307   0.507

 7.14  0.00   0.479   0.472   0.038   0.079   0.006   0.005   0.341   0.004   0.000   0.005   0.000 620272100
 7.14    5.60    66.658
 7.14 15.00   1.101   1.205
 7.14 15.00   2.307    70.350
 7.14 15.00   2.095   1.093   2.307   0.513
 7.14 15.00   2.097   1.086   2.307   0.506

 7.15  0.00   0.479   0.472   0.038   0.079   0.006   0.005   0.341   0.004   0.000   0.005   0.000 621140900
 7.15    5.61    66.651
 7.15 15.00   1.100   1.205
 7.15 15.00   2.306    70.338
 7.15 15.00   2.094   1.093   2.306   0.513
 7.15 15.00   2.096   1.086   2.306   0.506

 7.16  0.00   0.479   0.472   0.038   0.079   0.006   0.005   0.341   0.003   0.000   0.005   0.000 622009600
 7.16    5.61    66.645
 7.16 15.00   1.100   1.205
 7.16 15.00   2.305    70.326
 7.16 15.00   2.094   1.092   2.305   0.513
 7.16 15.00   2.095   1.085   2.305   0.506

 7.17  0.00   0.479   0.472   0.038   0.079   0.006   0.005   0.341   0.003   0.000   0.005   0.000 622878300
 7.17    5.62    66.637
 7.17 15.00   1.099   1.205
 7.17 15.00   2.304    70.314
 7.17 15.00   2.093   1.092   2.304   0.513
 7.17 15.00   2.095   1.085   2.304   0.506

 7.18  0.00   0.478   0.472   0.038   0.079   0.006   0.005   0.341   0.003   0.000   0.005   0.000 623747100
 7.18    5.61    66.618
 7.18 15.00   1.098   1.205
 7.18 15.00   2.303    70.302
 7.18 15.00   2.092   1.092   2.303   0.513
 7.18 15.00   2.094   1.085   2.303   0.506

 7.19  0.00   0.478   0.472   0.038   0.079   0.006   0.005   0.341   0.003   0.000   0.005   0.000 624615800
 7.19    5.61    66.599
 7.19 15.00   1.097   1.205
 7.19 15.00   2.303    70.290
 7.19 15.00   2.092   1.091   2.303   0.513
 7.19 15.00   2.093   1.084   2.303   0.506

 7.20  0.00   0.478   0.472   0.038   0.079   0.006   0.005   0.341   0.003   0.000   0.005   0.000 625484500
 7.20    5.61    66.580
 7.20 15.00   1.097   1.205
 7.20 15.00   2.302    70.278
 7.20 15.00   2.091   1.091   2.302   0.513
 7.20 15.00   2.093   1.084   2.302   0.505

 7.21  0.00   0.478   0.471   0.038   0.079   0.006   0.005   0.341   0.003   0.000   0.005   0.000 626353300
 7.21    5.61    66.561
 7.21 15.00   1.096   1.205
 7.21 15.00   2.301    70.267
 7.21 15.00   2.090   1.091   2.301   0.512
 7.21 15.00   2.092   1.084   2.301   0.505

 7.22  0.00   0.478   0.471   0.038   0.079   0.006   0.005   0.341   0.003   0.000   0.005   0.000 627222000
 7.22    5.61    66.542
 7.22 15.00   1.095   1.205
 7.22 15.00   2.300    70.255
 7.22 15.00   2.089   1.090   2.300   0.512
 7.22 15.00   2.091   1.083   2.300   0.505

 7.23  0.00   0.478   0.471   0.038   0.079   0.006   0.005   0.341   0.003   0.000   0.005   0.000 628090800
 7.23    5.60    66.524
 7.23 15.00   1.094   1.205
 7.23 15.00   2.300    70.243
 7.23 15.00   2.089   1.090   2.300   0.512
 7.23 15.00   2.091   1.083   2.300   0.505

 7.24  0.00   0.478   0.471   0.038   0.079   0.006   0.005   0.341   0.003   0.000   0.005   0.000 628959400
 7.24    5.60    66.505
 7.24 15.00   1.093   1.205
 7.24 15.00   2.299    70.231
 7.24 15.00   2.088   1.089   2.299   0.512
 7.24 15.00   2.090   1.083   2.299   0.505

 7.25  0.00   0.478   0.471   0.038   0.079   0.006   0.005   0.341   0.003   0.000   0.005   0.000 629828200
 7.25    5.60    66.486
 7.25 15.00   1.093   1.205
 7.25 15.00   2.298    70.220
 7.25 15.00   2.087   1.089   2.298   0.512
 7.25 15.00   2.089   1.082   2.298   0.505

 7.26  0.00   0.477   0.471   0.038   0.079   0.006   0.005   0.341   0.003   0.000   0.005   0.000 630696900
 7.26    5.60    66.468
 7.26 15.00   1.092   1.205
 7.26 15.00   2.297    70.208
 7.26 15.00   2.087   1.089   2.297   0.512
 7.26 15.00   2.088   1.082   2.297   0.505

 7.27  0.00   0.477   0.471   0.037   0.078   0.006   0.005   0.341   0.003   0.000   0.005   0.000 631565600
 7.27    5.60    66.449
 7.27 15.00   1.091   1.205
 7.27 15.00   2.297    70.196
 7.27 15.00   2.086   1.088   2.297   0.512
 7.27 15.00   2.088   1.082   2.297   0.504

 7.28  0.00   0.477   0.470   0.037   0.078   0.006   0.005   0.341   0.003   0.000   0.005   0.000 632434400
 7.28    5.59    66.431
 7.28 15.00   1.090   1.205
 7.28 15.00   2.296    70.185
 7.28 15.00   2.085   1.088   2.296   0.511
 7.28 15.00   2.087   1.081   2.296   0.504

 7.29  0.00   0.477   0.470   0.037   0.078   0.006   0.005   0.341   0.003   0.000   0.005   0.000 633303100
 7.29    5.59    66.412
 7.29 15.00   1.090   1.205
 7.29 15.00   2.295    70.173
 7.29 15.00   2.085   1.088   2.295   0.511
 7.29 15.00   2.086   1.081   2.295   0.504

 7.30  0.00   0.477   0.470   0.037   0.078   0.006   0.005   0.341   0.003   0.000   0.005   0.000 634171800
 7.30    5.59    66.394
 7.30 15.00   1.089   1.205
 7.30 15.00   2.294    70.161
 7.30 15.00   2.084   1.087   2.294   0.511
 7.30 15.00   2.086   1.081   2.294   0.504

 7.31  0.00   0.477   0.470   0.037   0.078   0.006   0.005   0.341   0.003   0.000   0.005   0.000 635040500
 7.31    5.59    66.375
 7.31 15.00   1.088   1.205
 7.31 15.00   2.294    70.150
 7.31 15.00   2.083   1.087   2.294   0.511
 7.31 15.00   2.085   1.080   2.294   0.504

 7.32  0.00   0.477   0.470   0.037   0.078   0.006   0.005   0.341   0.003   0.000   0.005   0.000 635909300
 7.32    5.59    66.357
 7.32 15.00   1.087   1.205
 7.32 15.00   2.293    70.138
 7.32 15.00   2.082   1.087   2.293   0.511
 7.32 15.00   2.084   1.080   2.293   0.504

 7.33  0.00   0.476   0.470   0.037   0.078   0.006   0.005   0.341   0.003   0.000   0.005   0.000 636778000
 7.33    5.58    66.339
 7.33 15.00   1.087   1.205
 7.33 15.00   2.292    70.127
 7.33 15.00   2.082   1.086   2.292   0.511
 7.33 15.00   2.084   1.080   2.292   0.504

 7.34  0.00   0.476   0.470   0.037   0.078   0.006   0.005   0.341   0.003   0.000   0.005   0.000 637646700
 7.34    5.58    66.320
 7.34 15.00   1.086   1.205
 7.34 15.00   2.291    70.115
 7.34 15.00   2.081   1.086   2.291   0.510
 7.34 15.00   2.083   1.079   2.291   0.503

 7.35  0.00   0.476   0.470   0.037   0.078   0.006   0.005   0.341   0.003   0.000   0.005   0.000 638515500
 7.35    5.58    66.302
 7.35 15.00   1.085   1.205
 7.35 15.00   2.291    70.104
 7.35 15.00   2.080   1.086   2.291   0.510
 7.35 15.00   2.082   1.079   2.291   0.503

 7.36  0.00   0.476   0.469   0.037   0.078   0.006   0.005   0.341   0.003   0.000   0.005   0.000 639384200
 7.36    5.58    66.284
 7.36 15.00   1.084   1.205
 7.36 15.00   2.290    70.092
 7.36 15.00   2.080   1.085   2.290   0.510
 7.36 15.00   2.082   1.079   2.290   0.503

 7.37  0.00   0.476   0.469   0.037   0.078   0.006   0.005   0.341   0.003   0.000   0.005   0.000 640252900
 7.37    5.58    66.266
 7.37 15.00   1.084   1.205
 7.37 15.00   2.289    70.081
 7.37 15.00   2.079   1.085   2.289   0.510
 7.37 15.00   2.081   1.078   2.289   0.503

 7.38  0.00   0.476   0.469   0.037   0.078   0.006   0.005   0.341   0.003   0.000   0.005   0.000 641121700
 7.38    5.57    66.248
 7.38 15.00   1.083   1.205
 7.38 15.00   2.288    70.069
 7.38 15.00   2.078   1.085   2.288   0.510
 7.38 15.00   2.080   1.078   2.288   0.503

 7.39  0.00   0.476   0.469   0.037   0.078   0.006   0.005   0.341   0.003   0.000   0.005   0.000 641990300
 7.39    5.57    66.230
 7.39 15.00   1.082   1.205
 7.39 15.00   2.288    70.058
 7.39 15.00   2.078   1.084   2.288   0.510
 7.39 15.00   2.080   1.078   2.288   0.503

 7.40  0.00   0.475   0.469   0.037   0.078   0.006   0.005   0.340   0.003   0.000   0.005   0.000 642859100
 7.40    5.57    66.212
 7.40 15.00   1.081   1.205
 7.40 15.00   2.287    70.046
 7.40 15.00   2.077   1.084   2.287   0.510
 7.40 15.00   2.079   1.077   2.287   0.503

 7.41  0.00   0.475   0.469   0.037   0.078   0.006   0.005   0.340   0.003   0.000   0.005   0.000 643727800
 7.41    5.57    66.194
 7.41 15.00   1.081   1.205
 7.41 15.00   2.286    70.035
 7.41 15.00   2.076   1.084   2.286   0.509
 7.41 15.00   2.078   1.077   2.286   0.502

 7.42  0.00   0.475   0.469   0.037   0.078   0.006   0.005   0.340   0.003   0.000   0.005   0.000 644596500
 7.42    5.57    66.176
 7.42 15.00   1.080   1.205
 7.42 15.00   2.285    70.024
 7.42 15.00   2.076   1.083   2.285   0.509
 7.42 15.00   2.078   1.077   2.285   0.502

 7.43  0.00   0.475   0.468   0.037   0.078   0.006   0.005   0.340   0.003   0.000   0.005   0.000 645465300
 7.43    5.56    66.158
 7.43 15.00   1.079   1.205
 7.43 15.00   2.285    70.012
 7.43 15.00   2.075   1.083   2.285   0.509
 7.43 15.00   2.077   1.076   2.285   0.502

 7.44  0.00   0.475   0.468   0.036   0.078   0.006   0.005   0.340   0.003   0.000   0.005   0.000 646334000
 7.44    5.56    66.140
 7.44 15.00   1.079   1.205
 7.44 15.00   2.284    70.001
 7.44 15.00   2.074   1.083   2.284   0.509
 7.44 15.00   2.076   1.076   2.284   0.502

 7.45  0.00   0.475   0.468   0.036   0.078   0.006   0.005   0.340   0.003   0.000   0.005   0.000 647202800
 7.45    5.56    66.122
 7.45 15.00   1.078   1.205
 7.45 15.00   2.283    69.990
 7.45 15.00   2.074   1.083   2.283   0.509
 7.45 15.00   2.076   1.076   2.283   0.502

 7.46  0.00   0.475   0.468   0.036   0.078   0.006   0.005   0.340   0.003   0.000   0.005   0.000 648071500
 7.46    5.56    66.104
 7.46 15.00   1.077   1.205
 7.46 15.00   2.282    69.979
 7.46 15.00   2.073   1.082   2.282   0.509
 7.46 15.00   2.075   1.075   2.282   0.502

 7.47  0.00   0.475   0.468   0.036   0.078   0.006   0.005   0.340   0.003   0.000   0.005   0.000 648940200
 7.47    5.56    66.087
 7.47 15.00   1.076   1.205
 7.47 15.00   2.282    69.967
 7.47 15.00   2.072   1.082   2.282   0.509
 7.47 15.00   2.074   1.075   2.282   0.502

 7.48  0.00   0.474   0.468   0.036   0.078   0.006   0.005   0.340   0.003   0.000   0.005   0.000 649809000
 7.48    5.56    66.069
 7.48 15.00   1.076   1.205
 7.48 15.00   2.281    69.956
 7.48 15.00   2.072   1.082   2.281   0.509
 7.48 15.00   2.074   1.075   2.281   0.501

 7.49  0.00   0.474   0.468   0.036   0.078   0.006   0.005   0.340   0.003   0.000   0.005   0.000 650677600
 7.49    5.55    66.052
 7.49 15.00   1.075   1.205
 7.49 15.00   2.280    69.945
 7.49 15.00   2.071   1.081   2.280   0.508
 7.49 15.00   2.073   1.074   2.280   0.501

 7.50  0.00   0.474   0.468   0.036   0.078   0.006   0.005   0.340   0.003   0.000   0.005   0.000 651546400
 7.50    5.55    66.034
 7.50 15.00   1.074   1.205
 7.50 15.00   2.280    69.934
 7.50 15.00   2.070   1.081   2.280   0.508
 7.50 15.00   2.072   1.074   2.280   0.501

 7.51  0.00   0.474   0.467   0.036   0.078   0.006   0.005   0.340   0.003   0.000   0.005   0.000 652415200
 7.51    5.55    66.016
 7.51 15.00   1.073   1.205
 7.51 15.00   2.279    69.923
 7.51 15.00   2.070   1.081   2.279   0.508
 7.51 15.00   2.072   1.074   2.279   0.501

 7.52  0.00   0.474   0.467   0.036   0.078   0.006   0.005   0.340   0.003   0.000   0.005   0.000 653283800
 7.52    5.55    65.999
 7.52 15.00   1.073   1.205
 7.52 15.00   2.278    69.912
 7.52 15.00   2.069   1.080   2.278   0.508
 7.52 15.00   2.071   1.073   2.278   0.501

 7.53  0.00   0.474   0.467   0.036   0.078   0.006   0.005   0.340   0.003   0.000   0.005   0.000 654152600
 7.53    5.55    65.981
 7.53 15.00   1.072   1.205
 7.53 15.00   2.277    69.901
 7.53 15.00   2.068   1.080   2.277   0.508
 7.53 15.00   2.070   1.073   2.277   0.501

 7.54  0.00   0.474   0.467   0.036   0.078   0.006   0.005   0.340   0.003   0.000   0.005   0.000 655021300
 7.54    5.55    65.964
 7.54 15.00   1.071   1.205
 7.54 15.00   2.277    69.889
 7.54 15.00   2.068   1.080   2.277   0.508
 7.54 15.00   2.070   1.073   2.277   0.501

 7.55  0.00   0.474   0.467   0.036   0.078   0.006   0.005   0.340   0.003   0.000   0.005   0.000 655890000
 7.55    5.54    65.947
 7.55 15.00   1.071   1.205
 7.55 15.00   2.276    69.878
 7.55 15.00   2.067   1.079   2.276   0.508
 7.55 15.00   2.069   1.072   2.276   0.500

 7.56  0.00   0.473   0.467   0.036   0.078   0.006   0.005   0.340   0.003   0.000   0.005   0.000 656758800
 7.56    5.54    65.929
 7.56 15.00   1.070   1.205
 7.56 15.00   2.275    69.867
 7.56 15.00   2.066   1.079   2.275   0.507
 7.56 15.00   2.068   1.072   2.275   0.500

 7.57  0.00   0.473   0.467   0.036   0.078   0.006   0.005   0.340   0.003   0.000   0.005   0.000 657627500
 7.57    5.54    65.912
 7.57 15.00   1.069   1.205
 7.57 15.00   2.275    69.856
 7.57 15.00   2.066   1.079   2.275   0.507
 7.57 15.00   2.068   1.072   2.275   0.500

 7.58  0.00   0.473   0.467   0.036   0.078   0.006   0.005   0.340   0.003   0.000   0.005   0.000 658496200
 7.58    5.54    65.895
 7.58 15.00   1.068   1.205
 7.58 15.00   2.274    69.845
 7.58 15.00   2.065   1.078   2.274   0.507
 7.58 15.00   2.067   1.072   2.274   0.500

 7.59  0.00   0.473   0.466   0.036   0.078   0.006   0.005   0.340   0.003   0.000   0.005   0.000 659364900
 7.59    5.54    65.878
 7.59 15.00   1.068   1.205
 7.59 15.00   2.273    69.834
 7.59 15.00   2.064   1.078   2.273   0.507
 7.59 15.00   2.066   1.071   2.273   0.500

 7.60  0.00   0.473   0.466   0.036   0.078   0.006   0.005   0.340   0.003   0.000   0.005   0.000 660233700
 7.60    5.53    65.860
 7.60 15.00   1.067   1.205
 7.60 15.00   2.272    69.823
 7.60 15.00   2.064   1.078   2.272   0.507
 7.60 15.00   2.066   1.071   2.272   0.500

 7.61  0.00   0.473   0.466   0.036   0.078   0.006   0.005   0.340   0.003   0.000   0.005   0.000 661102400
 7.61    5.53    65.843
 7.61 15.00   1.066   1.205
 7.61 15.00   2.272    69.813
 7.61 15.00   2.063   1.077   2.272   0.507
 7.61 15.00   2.065   1.071   2.272   0.500

 7.62  0.00   0.473   0.466   0.035   0.078   0.006   0.005   0.340   0.003   0.000   0.005   0.000 661971100
 7.62    5.53    65.826
 7.62 15.00   1.066   1.205
 7.62 15.00   2.271    69.802
 7.62 15.00   2.063   1.077   2.271   0.507
 7.62 15.00   2.064   1.070   2.271   0.499

 7.63  0.00   0.473   0.466   0.035   0.078   0.006   0.005   0.340   0.003   0.000   0.005   0.000 662839900
 7.63    5.53    65.809
 7.63 15.00   1.065   1.205
 7.63 15.00   2.270    69.791
 7.63 15.00   2.062   1.077   2.270   0.506
 7.63 15.00   2.064   1.070   2.270   0.499

 7.64  0.00   0.472   0.466   0.035   0.078   0.006   0.005   0.340   0.003   0.000   0.005   0.000 663708600
 7.64    5.53    65.792
 7.64 15.00   1.064   1.205
 7.64 15.00   2.270    69.780
 7.64 15.00   2.061   1.077   2.270   0.506
 7.64 15.00   2.063   1.070   2.270   0.499

 7.65  0.00   0.472   0.466   0.035   0.078   0.006   0.005   0.340   0.003   0.000   0.005   0.000 664577300
 7.65    5.53    65.775
 7.65 15.00   1.064   1.205
 7.65 15.00   2.269    69.769
 7.65 15.00   2.061   1.076   2.269   0.506
 7.65 15.00   2.062   1.069   2.269   0.499

 7.66  0.00   0.472   0.466   0.035   0.078   0.006   0.005   0.340   0.003   0.000   0.005   0.000 665446000
 7.66    5.52    65.758
 7.66 15.00   1.063   1.205
 7.66 15.00   2.268    69.758
 7.66 15.00   2.060   1.076   2.268   0.506
 7.66 15.00   2.062   1.069   2.268   0.499

 7.67  0.00   0.472   0.465   0.035   0.078   0.006   0.005   0.340   0.003   0.000   0.005   0.000 666314800
 7.67    5.52    65.742
 7.67 15.00   1.062   1.205
 7.67 15.00   2.268    69.747
 7.67 15.00   2.059   1.076   2.268   0.506
 7.67 15.00   2.061   1.069   2.268   0.499

 7.68  0.00   0.472   0.465   0.035   0.078   0.006   0.005   0.340   0.003   0.000   0.005   0.000 667183500
 7.68    5.52    65.725
 7.68 15.00   1.061   1.205
 7.68 15.00   2.267    69.737
 7.68 15.00   2.059   1.075   2.267   0.506
 7.68 15.00   2.061   1.068   2.267   0.499

 7.69  0.00   0.472   0.465   0.035   0.078   0.006   0.005   0.340   0.003   0.000   0.005   0.000 668052200
 7.69    5.52    65.708
 7.69 15.00   1.061   1.205
 7.69 15.00   2.266    69.726
 7.69 15.00   2.058   1.075   2.266   0.506
 7.69 15.00   2.060   1.068   2.266   0.499

 7.70  0.00   0.472   0.465   0.035   0.078   0.006   0.005   0.340   0.003   0.000   0.005   0.000 668921000
 7.70    5.52    65.691
 7.70 15.00   1.060   1.205
 7.70 15.00   2.266    69.715
 7.70 15.00   2.057   1.075   2.266   0.506
 7.70 15.00   2.059   1.068   2.266   0.498

 7.71  0.00   0.472   0.465   0.035   0.078   0.006   0.005   0.340   0.003   0.000   0.005   0.000 669789700
 7.71    5.52    65.675
 7.71 15.00   1.059   1.205
 7.71 15.00   2.265    69.704
 7.71 15.00   2.057   1.074   2.265   0.505
 7.71 15.00   2.059   1.067   2.265   0.498

 7.72  0.00   0.471   0.465   0.035   0.078   0.006   0.005   0.340   0.003   0.000   0.005   0.000 670658400
 7.72    5.51    65.658
 7.72 15.00   1.059   1.205
 7.72 15.00   2.264    69.694
 7.72 15.00   2.056   1.074   2.264   0.505
 7.72 15.00   2.058   1.067   2.264   0.498

 7.73  0.00   0.471   0.465   0.035   0.078   0.006   0.005   0.340   0.003   0.000   0.005   0.000 671527200
 7.73    5.51    65.641
 7.73 15.00   1.058   1.205
 7.73 15.00   2.263    69.683
 7.73 15.00   2.056   1.074   2.263   0.505
 7.73 15.00   2.057   1.067   2.263   0.498

 7.74  0.00   0.471   0.465   0.035   0.078   0.006   0.005   0.340   0.003   0.000   0.005   0.000 672395800
 7.74    5.51    65.625
 7.74 15.00   1.057   1.205
 7.74 15.00   2.263    69.672
 7.74 15.00   2.055   1.073   2.263   0.505
 7.74 15.00   2.057   1.067   2.263   0.498

 7.75  0.00   0.471   0.464   0.035   0.078   0.006   0.005   0.339   0.003   0.000   0.005   0.000 673264600
 7.75    5.51    65.608
 7.75 15.00   1.057   1.205
 7.75 15.00   2.262    69.662
 7.75 15.00   2.054   1.073   2.262   0.505
 7.75 15.00   2.056   1.066   2.262   0.498

 7.76  0.00   0.471   0.464   0.035   0.078   0.006   0.005   0.339   0.003   0.000   0.005   0.000 674133400
 7.76    5.51    65.592
 7.76 15.00   1.056   1.205
 7.76 15.00   2.261    69.651
 7.76 15.00   2.054   1.073   2.261   0.505
 7.76 15.00   2.056   1.066   2.261   0.498

 7.77  0.00   0.471   0.464   0.035   0.078   0.006   0.005   0.339   0.003   0.000   0.005   0.000 675002000
 7.77    5.51    65.575
 7.77 15.00   1.055   1.205
 7.77 15.00   2.261    69.641
 7.77 15.00   2.053   1.073   2.261   0.505
 7.77 15.00   2.055   1.066   2.261   0.498

 7.78  0.00   0.471   0.464   0.035   0.078   0.006   0.005   0.339   0.003   0.000   0.005   0.000 675870800
 7.78    5.51    65.559
 7.78 15.00   1.055   1.205
 7.78 15.00   2.260    69.630
 7.78 15.00   2.052   1.072   2.260   0.504
 7.78 15.00   2.054   1.065   2.260   0.497

 7.79  0.00   0.471   0.464   0.035   0.078   0.006   0.005   0.339   0.003   0.000   0.005   0.000 676739500
 7.79    5.50    65.543
 7.79 15.00   1.054   1.205
 7.79 15.00   2.259    69.619
 7.79 15.00   2.052   1.072   2.259   0.504
 7.79 15.00   2.054   1.065   2.259   0.497

 7.80  0.00   0.470   0.464   0.035   0.078   0.006   0.005   0.339   0.003   0.000   0.005   0.000 677608300
 7.80    5.50    65.526
 7.80 15.00   1.053   1.205
 7.80 15.00   2.259    69.609
 7.80 15.00   2.051   1.072   2.259   0.504
 7.80 15.00   2.053   1.065   2.259   0.497

 7.81  0.00   0.470   0.464   0.034   0.078   0.006   0.005   0.339   0.003   0.000   0.005   0.000 678477000
 7.81    5.50    65.510
 7.81 15.00   1.053   1.205
 7.81 15.00   2.258    69.598
 7.81 15.00   2.051   1.071   2.258   0.504
 7.81 15.00   2.052   1.064   2.258   0.497

 7.82  0.00   0.470   0.464   0.034   0.078   0.005   0.005   0.339   0.003   0.000   0.005   0.000 679345700
 7.82    5.50    65.494
 7.82 15.00   1.052   1.205
 7.82 15.00   2.257    69.588
 7.82 15.00   2.050   1.071   2.257   0.504
 7.82 15.00   2.052   1.064   2.257   0.497

 7.83  0.00   0.470   0.463   0.034   0.078   0.005   0.005   0.339   0.003   0.000   0.005   0.000 680214400
 7.83    5.50    65.477
 7.83 15.00   1.051   1.205
 7.83 15.00   2.257    69.577
 7.83 15.00   2.049   1.071   2.257   0.504
 7.83 15.00   2.051   1.064   2.257   0.497

 7.84  0.00   0.470   0.463   0.034   0.078   0.005   0.005   0.339   0.003   0.000   0.005   0.000 681083200
 7.84    5.50    65.461
 7.84 15.00   1.051   1.205
 7.84 15.00   2.256    69.567
 7.84 15.00   2.049   1.070   2.256   0.504
 7.84 15.00   2.051   1.064   2.256   0.497

 7.85  0.00   0.470   0.463   0.034   0.078   0.005   0.005   0.339   0.003   0.000   0.005   0.000 681951900
 7.85    5.49    65.445
 7.85 15.00   1.050   1.205
 7.85 15.00   2.255    69.556
 7.85 15.00   2.048   1.070   2.255   0.504
 7.85 15.00   2.050   1.063   2.255   0.496

 7.86  0.00   0.470   0.463   0.034   0.078   0.005   0.005   0.339   0.003   0.000   0.005   0.000 682820600
 7.86    5.49    65.429
 7.86 15.00   1.049   1.205
 7.86 15.00   2.255    69.546
 7.86 15.00   2.048   1.070   2.255   0.503
 7.86 15.00   2.049   1.063   2.255   0.496

 7.87  0.00   0.470   0.463   0.034   0.078   0.005   0.005   0.339   0.003   0.000   0.005   0.000 683689300
 7.87    5.49    65.413
 7.87 15.00   1.049   1.205
 7.87 15.00   2.254    69.536
 7.87 15.00   2.047   1.070   2.254   0.503
 7.87 15.00   2.049   1.063   2.254   0.496

 7.88  0.00   0.470   0.463   0.034   0.078   0.005   0.005   0.339   0.003   0.000   0.005   0.000 684558100
 7.88    5.49    65.397
 7.88 15.00   1.048   1.205
 7.88 15.00   2.253    69.525
 7.88 15.00   2.046   1.069   2.253   0.503
 7.88 15.00   2.048   1.062   2.253   0.496

 7.89  0.00   0.469   0.463   0.034   0.078   0.005   0.005   0.339   0.003   0.000   0.005   0.000 685426800
 7.89    5.49    65.381
 7.89 15.00   1.047   1.205
 7.89 15.00   2.253    69.515
 7.89 15.00   2.046   1.069   2.253   0.503
 7.89 15.00   2.048   1.062   2.253   0.496

 7.90  0.00   0.469   0.463   0.034   0.078   0.005   0.005   0.339   0.003   0.000   0.005   0.000 686295600
 7.90    5.49    65.365
 7.90 15.00   1.047   1.205
 7.90 15.00   2.252    69.505
 7.90 15.00   2.045   1.069   2.252   0.503
 7.90 15.00   2.047   1.062   2.252   0.496

 7.91  0.00   0.469   0.463   0.034   0.078   0.005   0.005   0.339   0.003   0.000   0.005   0.000 687164200
 7.91    5.49    65.349
 7.91 15.00   1.046   1.205
 7.91 15.00   2.251    69.494
 7.91 15.00   2.045   1.068   2.251   0.503
 7.91 15.00   2.046   1.062   2.251   0.496

 7.92  0.00   0.469   0.462   0.034   0.078   0.005   0.005   0.339   0.003   0.000   0.005   0.000 688033000
 7.92    5.48    65.333
 7.92 15.00   1.045   1.205
 7.92 15.00   2.251    69.484
 7.92 15.00   2.044   1.068   2.251   0.503
 7.92 15.00   2.046   1.061   2.251   0.496

 7.93  0.00   0.469   0.462   0.034   0.078   0.005   0.005   0.339   0.003   0.000   0.005   0.000 688901700
 7.93    5.48    65.318
 7.93 15.00   1.045   1.205
 7.93 15.00   2.250    69.474
 7.93 15.00   2.043   1.068   2.250   0.503
 7.93 15.00   2.045   1.061   2.250   0.495

 7.94  0.00   0.469   0.462   0.034   0.078   0.005   0.005   0.339   0.003   0.000   0.005   0.000 689770400
 7.94    5.48    65.302
 7.94 15.00   1.044   1.205
 7.94 15.00   2.249    69.463
 7.94 15.00   2.043   1.068   2.249   0.502
 7.94 15.00   2.045   1.061   2.249   0.495

 7.95  0.00   0.469   0.462   0.034   0.078   0.005   0.005   0.339   0.003   0.000   0.005   0.000 690639200
 7.95    5.48    65.286
 7.95 15.00   1.043   1.205
 7.95 15.00   2.249    69.453
 7.95 15.00   2.042   1.067   2.249   0.502
 7.95 15.00   2.044   1.060   2.249   0.495

 7.96  0.00   0.469   0.462   0.034   0.078   0.005   0.005   0.339   0.003   0.000   0.005   0.000 691507900
 7.96    5.48    65.271
 7.96 15.00   1.043   1.205
 7.96 15.00   2.248    69.443
 7.96 15.00   2.042   1.067   2.248   0.502
 7.96 15.00   2.043   1.060   2.248   0.495

 7.97  0.00   0.468   0.462   0.034   0.078   0.005   0.005   0.339   0.003   0.000   0.005   0.000 692376600
 7.97    5.48    65.255
 7.97 15.00   1.042   1.205
 7.97 15.00   2.247    69.433
 7.97 15.00   2.041   1.067   2.247   0.502
 7.97 15.00   2.043   1.060   2.247   0.495

 7.98  0.00   0.468   0.462   0.034   0.078   0.005   0.005   0.339   0.003   0.000   0.005   0.000 693245400
 7.98    5.48    65.239
 7.98 15.00   1.041   1.205
 7.98 15.00   2.247    69.423
 7.98 15.00   2.040   1.066   2.247   0.502
 7.98 15.00   2.042   1.060   2.247   0.495

 7.99  0.00   0.468   0.462   0.034   0.078   0.005   0.005   0.339   0.003   0.000   0.005   0.000 694114000
 7.99    5.47    65.224
 7.99 15.00   1.041   1.205
 7.99 15.00   2.246    69.412
 7.99 15.00   2.040   1.066   2.246   0.502
 7.99 15.00   2.042   1.059   2.246   0.495

 8.00  0.00   0.468   0.462   0.034   0.078   0.005   0.005   0.339   0.003   0.000   0.005   0.000 694982800
 8.00    5.47    65.208
 8.00 15.00   1.040   1.205
 8.00 15.00   2.246    69.402
 8.00 15.00   2.039   1.066   2.246   0.502
 8.00 15.00   2.041   1.059   2.246   0.495

 8.01  0.00   0.468   0.461   0.033   0.078   0.005   0.005   0.339   0.003   0.000   0.005   0.000 695851600
 8.01    5.47    65.193
 8.01 15.00   1.039   1.205
 8.01 15.00   2.245    69.392
 8.01 15.00   2.039   1.066   2.245   0.502
 8.01 15.00   2.040   1.059   2.245   0.495

 8.02  0.00   0.468   0.461   0.033   0.078   0.005   0.005   0.339   0.003   0.000   0.005   0.000 696720300
 8.02    5.47    65.177
 8.02 15.00   1.039   1.205
 8.02 15.00   2.244    69.382
 8.02 15.00   2.038   1.065   2.244   0.501
 8.02 15.00   2.040   1.058   2.244   0.494

 8.03  0.00   0.468   0.461   0.033   0.078   0.005   0.005   0.339   0.003   0.000   0.005   0.000 697589000
 8.03    5.47    65.162
 8.03 15.00   1.038   1.205
 8.03 15.00   2.244    69.372
 8.03 15.00   2.037   1.065   2.244   0.501
 8.03 15.00   2.039   1.058   2.244   0.494

 8.04  0.00   0.468   0.461   0.033   0.078   0.005   0.005   0.339   0.003   0.000   0.005   0.000 698457700
 8.04    5.47    65.147
 8.04 15.00   1.038   1.205
 8.04 15.00   2.243    69.362
 8.04 15.00   2.037   1.065   2.243   0.501
 8.04 15.00   2.039   1.058   2.243   0.494

 8.05  0.00   0.468   0.461   0.033   0.078   0.005   0.005   0.339   0.003   0.000   0.005   0.000 699326500
 8.05    5.47    65.131
 8.05 15.00   1.037   1.205
 8.05 15.00   2.242    69.352
 8.05 15.00   2.036   1.064   2.242   0.501
 8.05 15.00   2.038   1.058   2.242   0.494

 8.06  0.00   0.467   0.461   0.033   0.078   0.005   0.005   0.339   0.003   0.000   0.005   0.000 700195200
 8.06    5.46    65.116
 8.06 15.00   1.036   1.205
 8.06 15.00   2.242    69.342
 8.06 15.00   2.036   1.064   2.242   0.501
 8.06 15.00   2.037   1.057   2.242   0.494

 8.07  0.00   0.467   0.461   0.033   0.078   0.005   0.005   0.339   0.003   0.000   0.005   0.000 701063900
 8.07    5.46    65.101
 8.07 15.00   1.036   1.205
 8.07 15.00   2.241    69.332
 8.07 15.00   2.035   1.064   2.241   0.501
 8.07 15.00   2.037   1.057   2.241   0.494

 8.08  0.00   0.467   0.461   0.033   0.078   0.005   0.005   0.339   0.003   0.000   0.005   0.000 701932600
 8.08    5.46    65.085
 8.08 15.00   1.035   1.205
 8.08 15.00   2.240    69.322
 8.08 15.00   2.034   1.064   2.240   0.501
 8.08 15.00   2.036   1.057   2.240   0.494

 8.09  0.00   0.467   0.460   0.033   0.078   0.005   0.005   0.339   0.003   0.000   0.005   0.000 702801400
 8.09    5.46    65.070
 8.09 15.00   1.034   1.205
 8.09 15.00   2.240    69.312
 8.09 15.00   2.034   1.063   2.240   0.501
 8.09 15.00   2.036   1.056   2.240   0.494

 8.10  0.00   0.467   0.460   0.033   0.078   0.005   0.005   0.339   0.003   0.000   0.005   0.000 703670100
 8.10    5.46    65.055
 8.10 15.00   1.034   1.205
 8.10 15.00   2.239    69.302
 8.10 15.00   2.033   1.063   2.239   0.501
 8.10 15.00   2.035   1.056   2.239   0.493

 8.11  0.00   0.467   0.460   0.033   0.078   0.005   0.005   0.339   0.003   0.000   0.005   0.000 704538800
 8.11    5.46    65.040
 8.11 15.00   1.033   1.205
 8.11 15.00   2.239    69.292
 8.11 15.00   2.033   1.063   2.239   0.500
 8.11 15.00   2.035   1.056   2.239   0.493

 8.12  0.00   0.467   0.460   0.033   0.078   0.005   0.005   0.339   0.003   0.000   0.005   0.000 705407600
 8.12    5.46    65.025
 8.12 15.00   1.032   1.205
 8.12 15.00   2.238    69.282
 8.12 15.00   2.032   1.062   2.238   0.500
 8.12 15.00   2.034   1.056   2.238   0.493

 8.13  0.00   0.467   0.460   0.033   0.078   0.005   0.005   0.338   0.003   0.000   0.005   0.000 706276300
 8.13    5.46    65.010
 8.13 15.00   1.032   1.205
 8.13 15.00   2.237    69.272
 8.13 15.00   2.032   1.062   2.237   0.500
 8.13 15.00   2.033   1.055   2.237   0.493

 8.14  0.00   0.467   0.460   0.033   0.078   0.005   0.005   0.338   0.003   0.000   0.005   0.000 707145000
 8.14    5.45    64.995
 8.14 15.00   1.031   1.205
 8.14 15.00   2.237    69.262
 8.14 15.00   2.031   1.062   2.237   0.500
 8.14 15.00   2.033   1.055   2.237   0.493

 8.15  0.00   0.466   0.460   0.033   0.078   0.005   0.005   0.338   0.003   0.000   0.005   0.000 708013700
 8.15    5.45    64.980
 8.15 15.00   1.031   1.205
 8.15 15.00   2.236    69.252
 8.15 15.00   2.030   1.062   2.236   0.500
 8.15 15.00   2.032   1.055   2.236   0.493

 8.16  0.00   0.466   0.460   0.033   0.078   0.005   0.005   0.338   0.003   0.000   0.005   0.000 708882400
 8.16    5.45    64.965
 8.16 15.00   1.030   1.205
 8.16 15.00   2.235    69.242
 8.16 15.00   2.030   1.061   2.235   0.500
 8.16 15.00   2.032   1.055   2.235   0.493

 8.17  0.00   0.466   0.460   0.033   0.078   0.005   0.005   0.338   0.003   0.000   0.005   0.000 709751200
 8.17    5.45    64.950
 8.17 15.00   1.029   1.205
 8.17 15.00   2.235    69.232
 8.17 15.00   2.029   1.061   2.235   0.500
 8.17 15.00   2.031   1.054   2.235   0.493

 8.18  0.00   0.466   0.460   0.033   0.078   0.005   0.005   0.338   0.003   0.000   0.005   0.000 710620000
 8.18    5.45    64.936
 8.18 15.00   1.029   1.205
 8.18 15.00   2.234    69.223
 8.18 15.00   2.029   1.061   2.234   0.500
 8.18 15.00   2.031   1.054   2.234   0.492

 8.19  0.00   0.466   0.459   0.033   0.078   0.005   0.005   0.338   0.003   0.000   0.005   0.000 711488600
 8.19    5.45    64.921
 8.19 15.00   1.028   1.205
 8.19 15.00   2.234    69.213
 8.19 15.00   2.028   1.061   2.234   0.499
 8.19 15.00   2.030   1.054   2.234   0.492

 8.20  0.00   0.466   0.459   0.033   0.078   0.005   0.005   0.338   0.003   0.000   0.005   0.000 712357400
 8.20    5.45    64.906
 8.20 15.00   1.028   1.205
 8.20 15.00   2.233    69.203
 8.20 15.00   2.028   1.060   2.233   0.499
 8.20 15.00   2.029   1.053   2.233   0.492

 8.21  0.00   0.466   0.459   0.033   0.078   0.005   0.005   0.338   0.003   0.000   0.005   0.000 713226100
 8.21    5.45    64.891
 8.21 15.00   1.027   1.205
 8.21 15.00   2.232    69.193
 8.21 15.00   2.027   1.060   2.232   0.499
 8.21 15.00   2.029   1.053   2.232   0.492

 8.22  0.00   0.466   0.459   0.032   0.078   0.005   0.005   0.338   0.003   0.000   0.005   0.000 714094800
 8.22    5.44    64.877
 8.22 15.00   1.026   1.205
 8.22 15.00   2.232    69.184
 8.22 15.00   2.026   1.060   2.232   0.499
 8.22 15.00   2.028   1.053   2.232   0.492

 8.23  0.00   0.466   0.459   0.032   0.078   0.005   0.005   0.338   0.003   0.000   0.005   0.000 714963500
 8.23    5.44    64.862
 8.23 15.00   1.026   1.205
 8.23 15.00   2.231    69.174
 8.23 15.00   2.026   1.059   2.231   0.499
 8.23 15.00   2.028   1.053   2.231   0.492

 8.24  0.00   0.465   0.459   0.032   0.078   0.005   0.005   0.338   0.003   0.000   0.005   0.000 715832300
 8.24    5.44    64.848
 8.24 15.00   1.025   1.205
 8.24 15.00   2.230    69.164
 8.24 15.00   2.025   1.059   2.230   0.499
 8.24 15.00   2.027   1.052   2.230   0.492

 8.25  0.00   0.465   0.459   0.032   0.078   0.005   0.005   0.338   0.003   0.000   0.005   0.000 716701100
 8.25    5.44    64.833
 8.25 15.00   1.024   1.205
 8.25 15.00   2.230    69.154
 8.25 15.00   2.025   1.059   2.230   0.499
 8.25 15.00   2.027   1.052   2.230   0.492

 8.26  0.00   0.465   0.459   0.032   0.078   0.005   0.005   0.338   0.003   0.000   0.005   0.000 717569800
 8.26    5.44    64.819
 8.26 15.00   1.024   1.205
 8.26 15.00   2.229    69.145
 8.26 15.00   2.024   1.059   2.229   0.499
 8.26 15.00   2.026   1.052   2.229   0.492

 8.27  0.00   0.465   0.459   0.032   0.078   0.005   0.005   0.338   0.003   0.000   0.005   0.000 718438500
 8.27    5.44    64.804
 8.27 15.00   1.023   1.205
 8.27 15.00   2.229    69.135
 8.27 15.00   2.024   1.058   2.229   0.499
 8.27 15.00   2.025   1.052   2.229   0.491

 8.28  0.00   0.465   0.458   0.032   0.078   0.005   0.005   0.338   0.003   0.000   0.005   0.000 719307200
 8.28    5.44    64.790
 8.28 15.00   1.023   1.205
 8.28 15.00   2.228    69.125
 8.28 15.00   2.023   1.058   2.228   0.498
 8.28 15.00   2.025   1.051   2.228   0.491

 8.29  0.00   0.465   0.458   0.032   0.078   0.005   0.005   0.338   0.003   0.000   0.005   0.000 720175900
 8.29    5.44    64.775
 8.29 15.00   1.022   1.205
 8.29 15.00   2.227    69.116
 8.29 15.00   2.023   1.058   2.227   0.498
 8.29 15.00   2.024   1.051   2.227   0.491

 8.30  0.00   0.465   0.458   0.032   0.078   0.005   0.005   0.338   0.003   0.000   0.005   0.000 721044700
 8.30    5.43    64.761
 8.30 15.00   1.021   1.205
 8.30 15.00   2.227    69.106
 8.30 15.00   2.022   1.058   2.227   0.498
 8.30 15.00   2.024   1.051   2.227   0.491

 8.31  0.00   0.465   0.458   0.032   0.078   0.005   0.005   0.338   0.003   0.000   0.005   0.000 721913400
 8.31    5.43    64.747
 8.31 15.00   1.021   1.205
 8.31 15.00   2.226    69.097
 8.31 15.00   2.021   1.057   2.226   0.498
 8.31 15.00   2.023   1.050   2.226   0.491

 8.32  0.00   0.465   0.458   0.032   0.078   0.005   0.005   0.338   0.003   0.000   0.005   0.000 722782100
 8.32    5.43    64.732
 8.32 15.00   1.020   1.205
 8.32 15.00   2.226    69.087
 8.32 15.00   2.021   1.057   2.226   0.498
 8.32 15.00   2.023   1.050   2.226   0.491

 8.33  0.00   0.465   0.458   0.032   0.078   0.005   0.005   0.338   0.003   0.000   0.005   0.000 723650900
 8.33    5.43    64.718
 8.33 15.00   1.020   1.205
 8.33 15.00   2.225    69.078
 8.33 15.00   2.020   1.057   2.225   0.498
 8.33 15.00   2.022   1.050   2.225   0.491

 8.34  0.00   0.464   0.458   0.032   0.078   0.005   0.005   0.338   0.003   0.000   0.005   0.000 724519600
 8.34    5.43    64.704
 8.34 15.00   1.019   1.205
 8.34 15.00   2.224    69.068
 8.34 15.00   2.020   1.057   2.224   0.498
 8.34 15.00   2.022   1.050   2.224   0.491

 8.35  0.00   0.464   0.458   0.032   0.078   0.005   0.005   0.338   0.003   0.000   0.005   0.000 725388400
 8.35    5.43    64.690
 8.35 15.00   1.018   1.205
 8.35 15.00   2.224    69.058
 8.35 15.00   2.019   1.056   2.224   0.498
 8.35 15.00   2.021   1.049   2.224   0.491

 8.36  0.00   0.464   0.458   0.032   0.078   0.005   0.005   0.338   0.003   0.000   0.005   0.000 726257000
 8.36    5.43    64.676
 8.36 15.00   1.018   1.205
 8.36 15.00   2.223    69.049
 8.36 15.00   2.019   1.056   2.223   0.498
 8.36 15.00   2.021   1.049   2.223   0.490

 8.37  0.00   0.464   0.457   0.032   0.077   0.005   0.005   0.338   0.003   0.000   0.005   0.000 727125800
 8.37    5.43    64.662
 8.37 15.00   1.017   1.205
 8.37 15.00   2.223    69.039
 8.37 15.00   2.018   1.056   2.223   0.497
 8.37 15.00   2.020   1.049   2.223   0.490

 8.38  0.00   0.464   0.457   0.032   0.077   0.005   0.005   0.338   0.003   0.000   0.005   0.000 727994500
 8.38    5.43    64.648
 8.38 15.00   1.017   1.205
 8.38 15.00   2.222    69.030
 8.38 15.00   2.018   1.055   2.222   0.497
 8.38 15.00   2.019   1.049   2.222   0.490

 8.39  0.00   0.464   0.457   0.032   0.077   0.005   0.005   0.338   0.003   0.000   0.005   0.000 728863200
 8.39    5.42    64.634
 8.39 15.00   1.016   1.205
 8.39 15.00   2.221    69.021
 8.39 15.00   2.017   1.055   2.221   0.497
 8.39 15.00   2.019   1.048   2.221   0.490

 8.40  0.00   0.464   0.457   0.032   0.077   0.005   0.005   0.338   0.003   0.000   0.005   0.000 729731900
 8.40    5.42    64.620
 8.40 15.00   1.015   1.205
 8.40 15.00   2.221    69.011
 8.40 15.00   2.016   1.055   2.221   0.497
 8.40 15.00   2.018   1.048   2.221   0.490

 8.41  0.00   0.464   0.457   0.032   0.077   0.005   0.005   0.338   0.003   0.000   0.005   0.000 730600600
 8.41    5.42    64.606
 8.41 15.00   1.015   1.205
 8.41 15.00   2.220    69.002
 8.41 15.00   2.016   1.055   2.220   0.497
 8.41 15.00   2.018   1.048   2.220   0.490

 8.42  0.00   0.464   0.457   0.032   0.077   0.005   0.005   0.338   0.003   0.000   0.005   0.000 731469400
 8.42    5.42    64.592
 8.42 15.00   1.014   1.205
 8.42 15.00   2.220    68.992
 8.42 15.00   2.015   1.054   2.220   0.497
 8.42 15.00   2.017   1.048   2.220   0.490

 8.43  0.00   0.463   0.457   0.032   0.077   0.005   0.004   0.338   0.003   0.000   0.005   0.000 732338200
 8.43    5.42    64.578
 8.43 15.00   1.014   1.205
 8.43 15.00   2.219    68.983
 8.43 15.00   2.015   1.054   2.219   0.497
 8.43 15.00   2.017   1.047   2.219   0.490

 8.44  0.00   0.463   0.457   0.031   0.077   0.005   0.004   0.338   0.003   0.000   0.005   0.000 733206800
 8.44    5.42    64.564
 8.44 15.00   1.013   1.205
 8.44 15.00   2.218    68.974
 8.44 15.00   2.014   1.054   2.218   0.497
 8.44 15.00   2.016   1.047   2.218   0.490

 8.45  0.00   0.463   0.457   0.031   0.077   0.005   0.004   0.338   0.003   0.000   0.005   0.000 734075600
 8.45    5.42    64.550
 8.45 15.00   1.012   1.205
 8.45 15.00   2.218    68.964
 8.45 15.00   2.014   1.054   2.218   0.497
 8.45 15.00   2.016   1.047   2.218   0.489

 8.46  0.00   0.463   0.457   0.031   0.077   0.005   0.004   0.338   0.003   0.000   0.005   0.000 734944300
 8.46    5.42    64.537
 8.46 15.00   1.012   1.205
 8.46 15.00   2.217    68.955
 8.46 15.00   2.013   1.053   2.217   0.496
 8.46 15.00   2.015   1.047   2.217   0.489

 8.47  0.00   0.463   0.456   0.031   0.077   0.005   0.004   0.338   0.003   0.000   0.005   0.000 735813100
 8.47    5.42    64.523
 8.47 15.00   1.011   1.205
 8.47 15.00   2.217    68.946
 8.47 15.00   2.013   1.053   2.217   0.496
 8.47 15.00   2.015   1.046   2.217   0.489

 8.48  0.00   0.463   0.456   0.031   0.077   0.005   0.004   0.338   0.003   0.000   0.005   0.000 736681700
 8.48    5.42    64.509
 8.48 15.00   1.011   1.205
 8.48 15.00   2.216    68.936
 8.48 15.00   2.012   1.053   2.216   0.496
 8.48 15.00   2.014   1.046   2.216   0.489

 8.49  0.00   0.463   0.456   0.031   0.077   0.005   0.004   0.338   0.003   0.000   0.005   0.000 737550500
 8.49    5.41    64.496
 8.49 15.00   1.010   1.205
 8.49 15.00   2.216    68.927
 8.49 15.00   2.012   1.053   2.216   0.496
 8.49 15.00   2.013   1.046   2.216   0.489

 8.50  0.00   0.463   0.456   0.031   0.077   0.005   0.004   0.338   0.003   0.000   0.005   0.000 738419300
 8.50    5.41    64.482
 8.50 15.00   1.010   1.205
 8.50 15.00   2.215    68.918
 8.50 15.00   2.011   1.052   2.215   0.496
 8.50 15.00   2.013   1.046   2.215   0.489

 8.51  0.00   0.463   0.456   0.031   0.077   0.005   0.004   0.338   0.003   0.000   0.005   0.000 739288000
 8.51    5.41    64.469
 8.51 15.00   1.009   1.205
 8.51 15.00   2.214    68.908
 8.51 15.00   2.011   1.052   2.214   0.496
 8.51 15.00   2.012   1.045   2.214   0.489

 8.52  0.00   0.463   0.456   0.031   0.077   0.005   0.004   0.338   0.003   0.000   0.005   0.000 740156700
 8.52    5.41    64.455
 8.52 15.00   1.008   1.205
 8.52 15.00   2.214    68.899
 8.52 15.00   2.010   1.052   2.214   0.496
 8.52 15.00   2.012   1.045   2.214   0.489

 8.53  0.00   0.462   0.456   0.031   0.077   0.005   0.004   0.338   0.003   0.000   0.005   0.000 741025400
 8.53    5.41    64.442
 8.53 15.00   1.008   1.205
 8.53 15.00   2.213    68.890
 8.53 15.00   2.010   1.052   2.213   0.496
 8.53 15.00   2.011   1.045   2.213   0.489

 8.54  0.00   0.462   0.456   0.031   0.077   0.005   0.004   0.337   0.003   0.000   0.005   0.000 741894100
 8.54    5.41    64.428
 8.54 15.00   1.007   1.205
 8.54 15.00   2.213    68.881
 8.54 15.00   2.009   1.051   2.213   0.496
 8.54 15.00   2.011   1.045   2.213   0.488

 8.55  0.00   0.462   0.456   0.031   0.077   0.005   0.004   0.337   0.003   0.000   0.005   0.000 742762900
 8.55    5.41    64.415
 8.55 15.00   1.007   1.205
 8.55 15.00   2.212    68.872
 8.55 15.00   2.008   1.051   2.212   0.495
 8.55 15.00   2.010   1.044   2.212   0.488

 8.56  0.00   0.462   0.456   0.031   0.077   0.005   0.004   0.337   0.003   0.000   0.005   0.000 743631700
 8.56    5.41    64.401
 8.56 15.00   1.006   1.205
 8.56 15.00   2.212    68.862
 8.56 15.00   2.008   1.051   2.212   0.495
 8.56 15.00   2.010   1.044   2.212   0.488

 8.57  0.00   0.462   0.455   0.031   0.077   0.005   0.004   0.337   0.003   0.000   0.005   0.000 744500300
 8.57    5.41    64.388
 8.57 15.00   1.006   1.205
 8.57 15.00   2.211    68.853
 8.57 15.00   2.007   1.051   2.211   0.495
 8.57 15.00   2.009   1.044   2.211   0.488

 8.58  0.00   0.462   0.455   0.031   0.077   0.005   0.004   0.337   0.003   0.000   0.005   0.000 745369100
 8.58    5.41    64.375
 8.58 15.00   1.005   1.205
 8.58 15.00   2.210    68.844
 8.58 15.00   2.007   1.050   2.210   0.495
 8.58 15.00   2.009   1.044   2.210   0.488

 8.59  0.00   0.462   0.455   0.031   0.077   0.005   0.004   0.337   0.003   0.000   0.005   0.000 746237800
 8.59    5.40    64.361
 8.59 15.00   1.004   1.205
 8.59 15.00   2.210    68.835
 8.59 15.00   2.006   1.050   2.210   0.495
 8.59 15.00   2.008   1.043   2.210   0.488

 8.60  0.00   0.462   0.455   0.031   0.077   0.005   0.004   0.337   0.003   0.000   0.005   0.000 747106600
 8.60    5.40    64.348
 8.60 15.00   1.004   1.205
 8.60 15.00   2.209    68.826
 8.60 15.00   2.006   1.050   2.209   0.495
 8.60 15.00   2.008   1.043   2.209   0.488

 8.61  0.00   0.462   0.455   0.031   0.077   0.005   0.004   0.337   0.003   0.000   0.005   0.000 747975200
 8.61    5.40    64.329
 8.61 15.00   1.003   1.205
 8.61 15.00   2.209    68.817
 8.61 15.00   2.005   1.050   2.209   0.495
 8.61 15.00   2.007   1.043   2.209   0.488

 8.62  0.00   0.462   0.455   0.031   0.077   0.005   0.004   0.337   0.003   0.000   0.005   0.000 748844000
 8.62    5.40    64.314
 8.62 15.00   1.003   1.205
 8.62 15.00   2.208    68.808
 8.62 15.00   2.005   1.049   2.208   0.495
 8.62 15.00   2.007   1.043   2.208   0.488

 8.63  0.00   0.462   0.455   0.031   0.077   0.005   0.004   0.337   0.003   0.000   0.005   0.000 749712700
 8.63    5.40    64.298
 8.63 15.00   1.002   1.205
 8.63 15.00   2.208    68.799
 8.63 15.00   2.004   1.049   2.208   0.495
 8.63 15.00   2.006   1.042   2.208   0.488

 8.64  0.00   0.461   0.455   0.031   0.077   0.005   0.004   0.337   0.003   0.000   0.004   0.000 750581400
 8.64    5.39    64.282
 8.64 15.00   1.002   1.205
 8.64 15.00   2.207    68.790
 8.64 15.00   2.004   1.049   2.207   0.495
 8.64 15.00   2.006   1.042   2.207   0.487

 8.65  0.00   0.461   0.455   0.031   0.077   0.005   0.004   0.337   0.003   0.000   0.004   0.000 751450100
 8.65    5.39    64.266
 8.65 15.00   1.001   1.205
 8.65 15.00   2.206    68.781
 8.65 15.00   2.003   1.049   2.206   0.494
 8.65 15.00   2.005   1.042   2.206   0.487

 8.66  0.00   0.461   0.455   0.031   0.077   0.005   0.004   0.337   0.003   0.000   0.004   0.000 752318900
 8.66    5.39    64.250
 8.66 15.00   1.000   1.205
 8.66 15.00   2.206    68.772
 8.66 15.00   2.003   1.048   2.206   0.494
 8.66 15.00   2.005   1.042   2.206   0.487

 8.67  0.00   0.461   0.454   0.030   0.077   0.005   0.004   0.337   0.003   0.000   0.004   0.000 753187600
 8.67    5.39    64.234
 8.67 15.00   1.000   1.205
 8.67 15.00   2.205    68.763
 8.67 15.00   2.002   1.048   2.205   0.494
 8.67 15.00   2.004   1.041   2.205   0.487

 8.68  0.00   0.461   0.454   0.030   0.077   0.005   0.004   0.337   0.003   0.000   0.004   0.000 754056400
 8.68    5.38    64.218
 8.68 15.00   0.999   1.205
 8.68 15.00   2.205    68.754
 8.68 15.00   2.002   1.048   2.205   0.494
 8.68 15.00   2.004   1.041   2.205   0.487

 8.69  0.00   0.461   0.454   0.030   0.077   0.005   0.004   0.337   0.003   0.000   0.004   0.000 754925100
 8.69    5.38    64.202
 8.69 15.00   0.999   1.205
 8.69 15.00   2.204    68.745
 8.69 15.00   2.001   1.048   2.204   0.494
 8.69 15.00   2.003   1.041   2.204   0.487

 8.70  0.00   0.461   0.454   0.030   0.077   0.005   0.004   0.337   0.003   0.000   0.004   0.000 755793800
 8.70    5.38    64.187
 8.70 15.00   0.998   1.205
 8.70 15.00   2.204    68.736
 8.70 15.00   2.001   1.047   2.204   0.494
 8.70 15.00   2.003   1.041   2.204   0.487

 8.71  0.00   0.461   0.454   0.030   0.077   0.005   0.004   0.337   0.003   0.000   0.004   0.000 756662500
 8.71    5.38    64.171
 8.71 15.00   0.998   1.205
 8.71 15.00   2.203    68.727
 8.71 15.00   2.000   1.047   2.203   0.494
 8.71 15.00   2.002   1.040   2.203   0.487

 8.72  0.00   0.461   0.454   0.030   0.077   0.004   0.004   0.337   0.003   0.000   0.004   0.000 757531300
 8.72    5.38    64.155
 8.72 15.00   0.997   1.205
 8.72 15.00   2.202    68.718
 8.72 15.00   2.000   1.047   2.202   0.494
 8.72 15.00   2.002   1.040   2.202   0.487

 8.73  0.00   0.461   0.454   0.030   0.077   0.004   0.004   0.337   0.003   0.000   0.004   0.000 758399900
 8.73    5.37    64.139
 8.73 15.00   0.997   1.205
 8.73 15.00   2.202    68.709
 8.73 15.00   1.999   1.047   2.202   0.494
 8.73 15.00   2.001   1.040   2.202   0.487

 8.74  0.00   0.460   0.454   0.030   0.077   0.004   0.004   0.337   0.003   0.000   0.004   0.000 759268700
 8.74    5.37    64.124
 8.74 15.00   0.996   1.205
 8.74 15.00   2.201    68.700
 8.74 15.00   1.999   1.046   2.201   0.494
 8.74 15.00   2.000   1.040   2.201   0.486

 8.75  0.00   0.460   0.454   0.030   0.077   0.004   0.004   0.337   0.003   0.000   0.004   0.000 760137500
 8.75    5.37    64.108
 8.75 15.00   0.995   1.205
 8.75 15.00   2.201    68.691
 8.75 15.00   1.998   1.046   2.201   0.493
 8.75 15.00   2.000   1.039   2.201   0.486

 8.76  0.00   0.460   0.454   0.030   0.077   0.004   0.004   0.337   0.003   0.000   0.004   0.000 761006200
 8.76    5.37    64.092
 8.76 15.00   0.995   1.205
 8.76 15.00   2.200    68.682
 8.76 15.00   1.998   1.046   2.200   0.493
 8.76 15.00   1.999   1.039   2.200   0.486

 8.77  0.00   0.460   0.454   0.030   0.077   0.004   0.004   0.337   0.003   0.000   0.004   0.000 761874900
 8.77    5.37    64.077
 8.77 15.00   0.994   1.205
 8.77 15.00   2.200    68.674
 8.77 15.00   1.997   1.046   2.200   0.493
 8.77 15.00   1.999   1.039   2.200   0.486

 8.78  0.00   0.460   0.453   0.030   0.077   0.004   0.004   0.337   0.003   0.000   0.004   0.000 762743600
 8.78    5.36    64.061
 8.78 15.00   0.994   1.205
 8.78 15.00   2.199    68.665
 8.78 15.00   1.997   1.045   2.199   0.493
 8.78 15.00   1.998   1.039   2.199   0.486

 8.79  0.00   0.460   0.453   0.030   0.077   0.004   0.004   0.337   0.003   0.000   0.004   0.000 763612400
 8.79    5.36    64.045
 8.79 15.00   0.993   1.205
 8.79 15.00   2.199    68.656
 8.79 15.00   1.996   1.045   2.199   0.493
 8.79 15.00   1.998   1.038   2.199   0.486

 8.80  0.00   0.460   0.453   0.030   0.077   0.004   0.004   0.337   0.003   0.000   0.004   0.000 764481100
 8.80    5.36    64.030
 8.80 15.00   0.993   1.205
 8.80 15.00   2.198    68.647
 8.80 15.00   1.996   1.045   2.198   0.493
 8.80 15.00   1.997   1.038   2.198   0.486

 8.81  0.00   0.460   0.453   0.030   0.077   0.004   0.004   0.337   0.003   0.000   0.004   0.000 765349900
 8.81    5.36    64.014
 8.81 15.00   0.992   1.205
 8.81 15.00   2.198    68.638
 8.81 15.00   1.995   1.045   2.198   0.493
 8.81 15.00   1.997   1.038   2.198   0.486

 8.82  0.00   0.460   0.453   0.030   0.077   0.004   0.004   0.337   0.003   0.000   0.004   0.000 766218500
 8.82    5.36    63.999
 8.82 15.00   0.992   1.205
 8.82 15.00   2.197    68.630
 8.82 15.00   1.995   1.045   2.197   0.493
 8.82 15.00   1.996   1.038   2.197   0.486

 8.83  0.00   0.460   0.453   0.030   0.077   0.004   0.004   0.337   0.003   0.000   0.004   0.000 767087300
 8.83    5.35    63.983
 8.83 15.00   0.991   1.205
 8.83 15.00   2.196    68.621
 8.83 15.00   1.994   1.044   2.196   0.493
 8.83 15.00   1.996   1.037   2.196   0.486

 8.84  0.00   0.460   0.453   0.030   0.077   0.004   0.004   0.337   0.003   0.000   0.004   0.000 767956000
 8.84    5.35    63.968
 8.84 15.00   0.991   1.205
 8.84 15.00   2.196    68.612
 8.84 15.00   1.994   1.044   2.196   0.493
 8.84 15.00   1.995   1.037   2.196   0.485

 8.85  0.00   0.459   0.453   0.030   0.077   0.004   0.004   0.337   0.003   0.000   0.004   0.000 768824800
 8.85    5.35    63.952
 8.85 15.00   0.990   1.205
 8.85 15.00   2.195    68.603
 8.85 15.00   1.993   1.044   2.195   0.492
 8.85 15.00   1.995   1.037   2.195   0.485

 8.86  0.00   0.459   0.453   0.030   0.077   0.004   0.004   0.337   0.003   0.000   0.004   0.000 769693400
 8.86    5.35    63.937
 8.86 15.00   0.989   1.205
 8.86 15.00   2.195    68.595
 8.86 15.00   1.993   1.044   2.195   0.492
 8.86 15.00   1.994   1.037   2.195   0.485

 8.87  0.00   0.459   0.453   0.030   0.077   0.004   0.004   0.337   0.003   0.000   0.004   0.000 770562200
 8.87    5.35    63.922
 8.87 15.00   0.989   1.205
 8.87 15.00   2.194    68.586
 8.87 15.00   1.992   1.043   2.194   0.492
 8.87 15.00   1.994   1.037   2.194   0.485

 8.88  0.00   0.459   0.453   0.030   0.077   0.004   0.004   0.337   0.003   0.000   0.004   0.000 771430900
 8.88    5.34    63.906
 8.88 15.00   0.988   1.205
 8.88 15.00   2.194    68.577
 8.88 15.00   1.992   1.043   2.194   0.492
 8.88 15.00   1.993   1.036   2.194   0.485

 8.89  0.00   0.459   0.452   0.030   0.077   0.004   0.004   0.337   0.003   0.000   0.004   0.000 772299700
 8.89    5.34    63.891
 8.89 15.00   0.988   1.205
 8.89 15.00   2.193    68.569
 8.89 15.00   1.991   1.043   2.193   0.492
 8.89 15.00   1.993   1.036   2.193   0.485

 8.90  0.00   0.459   0.452   0.030   0.077   0.004   0.004   0.337   0.003   0.000   0.004   0.000 773168300
 8.90    5.34    63.875
 8.90 15.00   0.987   1.205
 8.90 15.00   2.193    68.560
 8.90 15.00   1.991   1.043   2.193   0.492
 8.90 15.00   1.993   1.036   2.193   0.485

 8.91  0.00   0.459   0.452   0.030   0.077   0.004   0.004   0.337   0.003   0.000   0.004   0.000 774037100
 8.91    5.34    63.860
 8.91 15.00   0.987   1.205
 8.91 15.00   2.192    68.551
 8.91 15.00   1.990   1.042   2.192   0.492
 8.91 15.00   1.992   1.036   2.192   0.485

 8.92  0.00   0.459   0.452   0.029   0.077   0.004   0.004   0.337   0.003   0.000   0.004   0.000 774905900
 8.92    5.33    63.845
 8.92 15.00   0.986   1.205
 8.92 15.00   2.192    68.543
 8.92 15.00   1.990   1.042   2.192   0.492
 8.92 15.00   1.992   1.035   2.192   0.485

 8.93  0.00   0.459   0.452   0.029   0.077   0.004   0.004   0.337   0.003   0.000   0.004   0.000 775774600
 8.93    5.33    63.830
 8.93 15.00   0.986   1.205
 8.93 15.00   2.191    68.534
 8.93 15.00   1.989   1.042   2.191   0.492
 8.93 15.00   1.991   1.035   2.191   0.485

 8.94  0.00   0.459   0.452   0.029   0.077   0.004   0.004   0.337   0.003   0.000   0.004   0.000 776643300
 8.94    5.33    63.814
 8.94 15.00   0.985   1.205
 8.94 15.00   2.191    68.526
 8.94 15.00   1.989   1.042   2.191   0.492
 8.94 15.00   1.991   1.035   2.191   0.484

 8.95  0.00   0.459   0.452   0.029   0.077   0.004   0.004   0.337   0.003   0.000   0.004   0.000 777512000
 8.95    5.33    63.799
 8.95 15.00   0.985   1.205
 8.95 15.00   2.190    68.517
 8.95 15.00   1.988   1.042   2.190   0.491
 8.95 15.00   1.990   1.035   2.190   0.484

 8.96  0.00   0.458   0.452   0.029   0.077   0.004   0.004   0.337   0.003   0.000   0.004   0.000 778380700
 8.96    5.33    63.784
 8.96 15.00   0.984   1.205
 8.96 15.00   2.190    68.509
 8.96 15.00   1.988   1.041   2.190   0.491
 8.96 15.00   1.990   1.034   2.190   0.484

 8.97  0.00   0.458   0.452   0.029   0.077   0.004   0.004   0.337   0.003   0.000   0.004   0.000 779249500
 8.97    5.32    63.769
 8.97 15.00   0.984   1.205
 8.97 15.00   2.189    68.500
 8.97 15.00   1.987   1.041   2.189   0.491
 8.97 15.00   1.989   1.034   2.189   0.484

 8.98  0.00   0.458   0.452   0.029   0.077   0.004   0.004   0.337   0.003   0.000   0.004   0.000 780118100
 8.98    5.32    63.753
 8.98 15.00   0.983   1.205
 8.98 15.00   2.188    68.492
 8.98 15.00   1.987   1.041   2.188   0.491
 8.98 15.00   1.989   1.034   2.188   0.484

 8.99  0.00   0.458   0.452   0.029   0.077   0.004   0.004   0.336   0.003   0.000   0.004   0.000 780986900
 8.99    5.32    63.738
 8.99 15.00   0.983   1.205
 8.99 15.00   2.188    68.483
 8.99 15.00   1.986   1.041   2.188   0.491
 8.99 15.00   1.988   1.034   2.188   0.484

 9.00  0.00   0.458   0.451   0.029   0.077   0.004   0.004   0.336   0.003   0.000   0.004   0.000 781855700
 9.00    5.32    63.723
 9.00 15.00   0.982   1.205
 9.00 15.00   2.187    68.475
 9.00 15.00   1.986   1.040   2.187   0.491
 9.00 15.00   1.988   1.034   2.187   0.484

 9.01  0.00   0.458   0.451   0.029   0.077   0.004   0.004   0.336   0.003   0.000   0.004   0.000 782724400
 9.01    5.32    63.708
 9.01 15.00   0.981   1.205
 9.01 15.00   2.187    68.466
 9.01 15.00   1.985   1.040   2.187   0.491
 9.01 15.00   1.987   1.033   2.187   0.484

 9.02  0.00   0.458   0.451   0.029   0.077   0.004   0.004   0.336   0.003   0.000   0.004   0.000 783593200
 9.02    5.31    63.693
 9.02 15.00   0.981   1.205
 9.02 15.00   2.186    68.458
 9.02 15.00   1.985   1.040   2.186   0.491
 9.02 15.00   1.987   1.033   2.186   0.484

 9.03  0.00   0.458   0.451   0.029   0.077   0.004   0.004   0.336   0.003   0.000   0.004   0.000 784461800
 9.03    5.31    63.678
 9.03 15.00   0.980   1.205
 9.03 15.00   2.186    68.449
 9.03 15.00   1.984   1.040   2.186   0.491
 9.03 15.00   1.986   1.033   2.186   0.484

 9.04  0.00   0.458   0.451   0.029   0.077   0.004   0.004   0.336   0.003   0.000   0.004   0.000 785330600
 9.04    5.31    63.663
 9.04 15.00   0.980   1.205
 9.04 15.00   2.185    68.441
 9.04 15.00   1.984   1.039   2.185   0.491
 9.04 15.00   1.986   1.033   2.185   0.483

 9.05  0.00   0.458   0.451   0.029   0.077   0.004   0.004   0.336   0.003   0.000   0.004   0.000 786199300
 9.05    5.31    63.648
 9.05 15.00   0.979   1.205
 9.05 15.00   2.185    68.432
 9.05 15.00   1.983   1.039   2.185   0.490
 9.05 15.00   1.985   1.032   2.185   0.483

 9.06  0.00   0.458   0.451   0.029   0.077   0.004   0.004   0.336   0.003   0.000   0.004   0.000 787068100
 9.06    5.31    63.633
 9.06 15.00   0.979   1.205
 9.06 15.00   2.184    68.424
 9.06 15.00   1.983   1.039   2.184   0.490
 9.06 15.00   1.985   1.032   2.184   0.483

 9.07  0.00   0.457   0.451   0.029   0.077   0.004   0.004   0.336   0.003   0.000   0.004   0.000 787936800
 9.07    5.30    63.618
 9.07 15.00   0.978   1.205
 9.07 15.00   2.184    68.415
 9.07 15.00   1.982   1.039   2.184   0.490
 9.07 15.00   1.984   1.032   2.184   0.483

 9.08  0.00   0.457   0.451   0.029   0.077   0.004   0.004   0.336   0.003   0.000   0.004   0.000 788805500
 9.08    5.30    63.603
 9.08 15.00   0.978   1.205
 9.08 15.00   2.183    68.407
 9.08 15.00   1.982   1.039   2.183   0.490
 9.08 15.00   1.984   1.032   2.183   0.483

 9.09  0.00   0.457   0.451   0.029   0.077   0.004   0.004   0.336   0.003   0.000   0.004   0.000 789674200
 9.09    5.30    63.588
 9.09 15.00   0.977   1.205
 9.09 15.00   2.183    68.399
 9.09 15.00   1.981   1.038   2.183   0.490
 9.09 15.00   1.983   1.031   2.183   0.483

 9.10  0.00   0.457   0.451   0.029   0.077   0.004   0.004   0.336   0.003   0.000   0.004   0.000 790543000
 9.10    5.30    63.573
 9.10 15.00   0.977   1.205
 9.10 15.00   2.182    68.390
 9.10 15.00   1.981   1.038   2.182   0.490
 9.10 15.00   1.983   1.031   2.182   0.483

 9.11  0.00   0.457   0.450   0.029   0.077   0.004   0.004   0.336   0.003   0.000   0.004   0.000 791411600
 9.11    5.30    63.558
 9.11 15.00   0.976   1.205
 9.11 15.00   2.182    68.382
 9.11 15.00   1.981   1.038   2.182   0.490
 9.11 15.00   1.982   1.031   2.182   0.483

 9.12  0.00   0.457   0.450   0.029   0.077   0.004   0.004   0.336   0.003   0.000   0.004   0.000 792280400
 9.12    5.29    63.543
 9.12 15.00   0.976   1.205
 9.12 15.00   2.181    68.374
 9.12 15.00   1.980   1.038   2.181   0.490
 9.12 15.00   1.982   1.031   2.181   0.483

 9.13  0.00   0.457   0.450   0.029   0.077   0.004   0.004   0.336   0.003   0.000   0.004   0.000 793149100
 9.13    5.29    63.528
 9.13 15.00   0.975   1.205
 9.13 15.00   2.181    68.365
 9.13 15.00   1.980   1.037   2.181   0.490
 9.13 15.00   1.981   1.031   2.181   0.483

 9.14  0.00   0.457   0.450   0.029   0.077   0.004   0.004   0.336   0.003   0.000   0.004   0.000 794017900
 9.14    5.29    63.514
 9.14 15.00   0.975   1.205
 9.14 15.00   2.180    68.357
 9.14 15.00   1.979   1.037   2.180   0.490
 9.14 15.00   1.981   1.030   2.180   0.483

 9.15  0.00   0.457   0.450   0.029   0.077   0.004   0.004   0.336   0.003   0.000   0.004   0.000 794886600
 9.15    5.29    63.499
 9.15 15.00   0.974   1.205
 9.15 15.00   2.180    68.349
 9.15 15.00   1.979   1.037   2.180   0.490
 9.15 15.00   1.981   1.030   2.180   0.482

 9.16  0.00   0.457   0.450   0.029   0.077   0.004   0.004   0.336   0.003   0.000   0.004   0.000 795755300
 9.16    5.29    63.484
 9.16 15.00   0.974   1.205
 9.16 15.00   2.179    68.341
 9.16 15.00   1.978   1.037   2.179   0.489
 9.16 15.00   1.980   1.030   2.179   0.482

 9.17  0.00   0.457   0.450   0.029   0.077   0.004   0.004   0.336   0.003   0.000   0.004   0.000 796624100
 9.17    5.29    63.469
 9.17 15.00   0.973   1.205
 9.17 15.00   2.179    68.332
 9.17 15.00   1.978   1.037   2.179   0.489
 9.17 15.00   1.980   1.030   2.179   0.482

 9.18  0.00   0.456   0.450   0.028   0.077   0.004   0.004   0.336   0.003   0.000   0.004   0.000 797492800
 9.18    5.28    63.455
 9.18 15.00   0.973   1.205
 9.18 15.00   2.178    68.324
 9.18 15.00   1.977   1.036   2.178   0.489
 9.18 15.00   1.979   1.029   2.178   0.482

 9.19  0.00   0.456   0.450   0.028   0.077   0.004   0.004   0.336   0.003   0.000   0.004   0.000 798361500
 9.19    5.28    63.440
 9.19 15.00   0.972   1.205
 9.19 15.00   2.178    68.316
 9.19 15.00   1.977   1.036   2.178   0.489
 9.19 15.00   1.979   1.029   2.178   0.482

 9.20  0.00   0.456   0.450   0.028   0.077   0.004   0.004   0.336   0.003   0.000   0.004   0.000 799230200
 9.20    5.28    63.425
 9.20 15.00   0.972   1.205
 9.20 15.00   2.177    68.308
 9.20 15.00   1.976   1.036   2.177   0.489
 9.20 15.00   1.978   1.029   2.177   0.482

 9.21  0.00   0.456   0.450   0.028   0.077   0.004   0.004   0.336   0.003   0.000   0.004   0.000 800098900
 9.21    5.28    63.410
 9.21 15.00   0.971   1.205
 9.21 15.00   2.177    68.300
 9.21 15.00   1.976   1.036   2.177   0.489
 9.21 15.00   1.978   1.029   2.177   0.482

 9.22  0.00   0.456   0.450   0.028   0.077   0.004   0.004   0.336   0.003   0.000   0.004   0.000 800967700
 9.22    5.28    63.396
 9.22 15.00   0.971   1.205
 9.22 15.00   2.176    68.291
 9.22 15.00   1.975   1.035   2.176   0.489
 9.22 15.00   1.977   1.029   2.176   0.482

 9.23  0.00   0.456   0.449   0.028   0.077   0.004   0.004   0.336   0.003   0.000   0.004   0.000 801836400
 9.23    5.27    63.381
 9.23 15.00   0.970   1.205
 9.23 15.00   2.176    68.283
 9.23 15.00   1.975   1.035   2.176   0.489
 9.23 15.00   1.977   1.028   2.176   0.482

 9.24  0.00   0.456   0.449   0.028   0.077   0.004   0.004   0.336   0.003   0.000   0.004   0.000 802705200
 9.24    5.27    63.366
 9.24 15.00   0.970   1.205
 9.24 15.00   2.175    68.275
 9.24 15.00   1.974   1.035   2.175   0.489
 9.24 15.00   1.976   1.028   2.175   0.482

 9.25  0.00   0.456   0.449   0.028   0.077   0.004   0.004   0.336   0.003   0.000   0.004   0.000 803573900
 9.25    5.27    63.352
 9.25 15.00   0.969   1.205
 9.25 15.00   2.175    68.267
 9.25 15.00   1.974   1.035   2.175   0.489
 9.25 15.00   1.976   1.028   2.175   0.482

 9.26  0.00   0.456   0.449   0.028   0.077   0.004   0.004   0.336   0.003   0.000   0.004   0.000 804442600
 9.26    5.27    63.337
 9.26 15.00   0.969   1.205
 9.26 15.00   2.174    68.259
 9.26 15.00   1.974   1.035   2.174   0.489
 9.26 15.00   1.975   1.028   2.174   0.481

 9.27  0.00   0.456   0.449   0.028   0.077   0.004   0.004   0.336   0.003   0.000   0.004   0.000 805311400
 9.27    5.27    63.323
 9.27 15.00   0.968   1.205
 9.27 15.00   2.174    68.251
 9.27 15.00   1.973   1.034   2.174   0.488
 9.27 15.00   1.975   1.028   2.174   0.481

 9.28  0.00   0.456   0.449   0.028   0.077   0.004   0.004   0.336   0.003   0.000   0.004   0.000 806180000
 9.28    5.26    63.308
 9.28 15.00   0.968   1.205
 9.28 15.00   2.173    68.243
 9.28 15.00   1.973   1.034   2.173   0.488
 9.28 15.00   1.974   1.027   2.173   0.481

 9.29  0.00   0.456   0.449   0.028   0.077   0.004   0.004   0.336   0.003   0.000   0.004   0.000 807048800
 9.29    5.26    63.294
 9.29 15.00   0.967   1.205
 9.29 15.00   2.173    68.234
 9.29 15.00   1.972   1.034   2.173   0.488
 9.29 15.00   1.974   1.027   2.173   0.481

 9.30  0.00   0.455   0.449   0.028   0.077   0.004   0.004   0.336   0.003   0.000   0.004   0.000 807917600
 9.30    5.26    63.279
 9.30 15.00   0.967   1.205
 9.30 15.00   2.172    68.226
 9.30 15.00   1.972   1.034   2.172   0.488
 9.30 15.00   1.974   1.027   2.172   0.481

 9.31  0.00   0.455   0.449   0.028   0.077   0.004   0.004   0.336   0.003   0.000   0.004   0.000 808786300
 9.31    5.26    63.265
 9.31 15.00   0.966   1.205
 9.31 15.00   2.172    68.218
 9.31 15.00   1.971   1.034   2.172   0.488
 9.31 15.00   1.973   1.027   2.172   0.481

 9.32  0.00   0.455   0.449   0.028   0.077   0.004   0.004   0.336   0.003   0.000   0.004   0.000 809655000
 9.32    5.26    63.250
 9.32 15.00   0.966   1.205
 9.32 15.00   2.171    68.210
 9.32 15.00   1.971   1.033   2.171   0.488
 9.32 15.00   1.973   1.026   2.171   0.481

 9.33  0.00   0.455   0.449   0.028   0.077   0.004   0.004   0.336   0.003   0.000   0.004   0.000 810523700
 9.33    5.25    63.236
 9.33 15.00   0.965   1.205
 9.33 15.00   2.171    68.202
 9.33 15.00   1.970   1.033   2.171   0.488
 9.33 15.00   1.972   1.026   2.171   0.481

 9.34  0.00   0.455   0.449   0.028   0.077   0.004   0.004   0.336   0.003   0.000   0.004   0.000 811392400
 9.34    5.25    63.221
 9.34 15.00   0.965   1.205
 9.34 15.00   2.170    68.194
 9.34 15.00   1.970   1.033   2.170   0.488
 9.34 15.00   1.972   1.026   2.170   0.481

 9.35  0.00   0.455   0.448   0.028   0.077   0.004   0.004   0.336   0.003   0.000   0.004   0.000 812261200
 9.35    5.25    63.207
 9.35 15.00   0.964   1.205
 9.35 15.00   2.170    68.186
 9.35 15.00   1.969   1.033   2.170   0.488
 9.35 15.00   1.971   1.026   2.170   0.481

 9.36  0.00   0.455   0.448   0.028   0.077   0.004   0.004   0.336   0.003   0.000   0.004   0.000 813129900
 9.36    5.25    63.192
 9.36 15.00   0.964   1.205
 9.36 15.00   2.169    68.178
 9.36 15.00   1.969   1.032   2.169   0.488
 9.36 15.00   1.971   1.026   2.169   0.481

 9.37  0.00   0.455   0.448   0.028   0.077   0.004   0.004   0.336   0.003   0.000   0.004   0.000 813998600
 9.37    5.25    63.178
 9.37 15.00   0.963   1.205
 9.37 15.00   2.169    68.170
 9.37 15.00   1.969   1.032   2.169   0.488
 9.37 15.00   1.970   1.025   2.169   0.480

 9.38  0.00   0.455   0.448   0.028   0.077   0.004   0.004   0.336   0.003   0.000   0.004   0.000 814867400
 9.38    5.25    63.164
 9.38 15.00   0.963   1.205
 9.38 15.00   2.168    68.162
 9.38 15.00   1.968   1.032   2.168   0.487
 9.38 15.00   1.970   1.025   2.168   0.480

 9.39  0.00   0.455   0.448   0.028   0.077   0.004   0.004   0.336   0.003   0.000   0.004   0.000 815736100
 9.39    5.24    63.149
 9.39 15.00   0.962   1.205
 9.39 15.00   2.168    68.154
 9.39 15.00   1.968   1.032   2.168   0.487
 9.39 15.00   1.970   1.025   2.168   0.480

 9.40  0.00   0.455   0.448   0.028   0.077   0.004   0.004   0.336   0.003   0.000   0.004   0.000 816604800
 9.40    5.24    63.135
 9.40 15.00   0.962   1.205
 9.40 15.00   2.167    68.146
 9.40 15.00   1.967   1.032   2.167   0.487
 9.40 15.00   1.969   1.025   2.167   0.480

 9.41  0.00   0.455   0.448   0.028   0.077   0.004   0.004   0.336   0.003   0.000   0.004   0.000 817473500
 9.41    5.24    63.121
 9.41 15.00   0.961   1.205
 9.41 15.00   2.167    68.138
 9.41 15.00   1.967   1.031   2.167   0.487
 9.41 15.00   1.969   1.025   2.167   0.480

 9.42  0.00   0.454   0.448   0.028   0.077   0.004   0.004   0.336   0.003   0.000   0.004   0.000 818342300
 9.42    5.24    63.107
 9.42 15.00   0.961   1.205
 9.42 15.00   2.166    68.131
 9.42 15.00   1.966   1.031   2.166   0.487
 9.42 15.00   1.968   1.024   2.166   0.480

 9.43  0.00   0.454   0.448   0.028   0.077   0.004   0.004   0.336   0.003   0.000   0.004   0.000 819211000
 9.43    5.24    63.092
 9.43 15.00   0.960   1.205
 9.43 15.00   2.166    68.123
 9.43 15.00   1.966   1.031   2.166   0.487
 9.43 15.00   1.968   1.024   2.166   0.480

 9.44  0.00   0.454   0.448   0.028   0.077   0.004   0.004   0.336   0.003   0.000   0.004   0.000 820079700
 9.44    5.23    63.078
 9.44 15.00   0.960   1.205
 9.44 15.00   2.165    68.115
 9.44 15.00   1.965   1.031   2.165   0.487
 9.44 15.00   1.967   1.024   2.165   0.480

 9.45  0.00   0.454   0.448   0.028   0.077   0.004   0.004   0.336   0.003   0.000   0.004   0.000 820948400
 9.45    5.23    63.064
 9.45 15.00   0.959   1.205
 9.45 15.00   2.165    68.107
 9.45 15.00   1.965   1.031   2.165   0.487
 9.45 15.00   1.967   1.024   2.165   0.480

 9.46  0.00   0.454   0.448   0.027   0.077   0.004   0.004   0.336   0.003   0.000   0.004   0.000 821817200
 9.46    5.23    63.050
 9.46 15.00   0.959   1.205
 9.46 15.00   2.164    68.099
 9.46 15.00   1.965   1.030   2.164   0.487
 9.46 15.00   1.966   1.023   2.164   0.480

 9.47  0.00   0.454   0.447   0.027   0.077   0.004   0.004   0.336   0.003   0.000   0.004   0.000 822686000
 9.47    5.23    63.036
 9.47 15.00   0.958   1.205
 9.47 15.00   2.164    68.091
 9.47 15.00   1.964   1.030   2.164   0.487
 9.47 15.00   1.966   1.023   2.164   0.480

 9.48  0.00   0.454   0.447   0.027   0.077   0.004   0.004   0.336   0.003   0.000   0.004   0.000 823554600
 9.48    5.23    63.021
 9.48 15.00   0.958   1.205
 9.48 15.00   2.163    68.083
 9.48 15.00   1.964   1.030   2.163   0.487
 9.48 15.00   1.966   1.023   2.163   0.479

 9.49  0.00   0.454   0.447   0.027   0.077   0.004   0.004   0.335   0.003   0.000   0.004   0.000 824423400
 9.49    5.22    63.007
 9.49 15.00   0.957   1.205
 9.49 15.00   2.163    68.076
 9.49 15.00   1.963   1.030   2.163   0.487
 9.49 15.00   1.965   1.023   2.163   0.479

 9.50  0.00   0.454   0.447   0.027   0.077   0.004   0.004   0.335   0.003   0.000   0.004   0.000 825292100
 9.50    5.22    62.993
 9.50 15.00   0.957   1.205
 9.50 15.00   2.162    68.068
 9.50 15.00   1.963   1.030   2.162   0.486
 9.50 15.00   1.965   1.023   2.162   0.479

 9.51  0.00   0.454   0.447   0.027   0.077   0.004   0.004   0.335   0.003   0.000   0.004   0.000 826160800
 9.51    5.22    62.979
 9.51 15.00   0.957   1.205
 9.51 15.00   2.162    68.060
 9.51 15.00   1.962   1.029   2.162   0.486
 9.51 15.00   1.964   1.022   2.162   0.479

 9.52  0.00   0.454   0.447   0.027   0.077   0.004   0.004   0.335   0.002   0.000   0.004   0.000 827029600
 9.52    5.22    62.965
 9.52 15.00   0.956   1.205
 9.52 15.00   2.161    68.052
 9.52 15.00   1.962   1.029   2.161   0.486
 9.52 15.00   1.964   1.022   2.161   0.479

 9.53  0.00   0.454   0.447   0.027   0.077   0.004   0.004   0.335   0.002   0.000   0.004   0.000 827898200
 9.53    5.22    62.951
 9.53 15.00   0.956   1.205
 9.53 15.00   2.161    68.044
 9.53 15.00   1.962   1.029   2.161   0.486
 9.53 15.00   1.963   1.022   2.161   0.479

 9.54  0.00   0.454   0.447   0.027   0.077   0.004   0.004   0.335   0.002   0.000   0.004   0.000 828767000
 9.54    5.22    62.937
 9.54 15.00   0.955   1.205
 9.54 15.00   2.160    68.037
 9.54 15.00   1.961   1.029   2.160   0.486
 9.54 15.00   1.963   1.022   2.160   0.479

 9.55  0.00   0.453   0.447   0.027   0.077   0.004   0.004   0.335   0.002   0.000   0.004   0.000 829635800
 9.55    5.21    62.923
 9.55 15.00   0.955   1.205
 9.55 15.00   2.160    68.029
 9.55 15.00   1.961   1.028   2.160   0.486
 9.55 15.00   1.962   1.022   2.160   0.479

 9.56  0.00   0.453   0.447   0.027   0.077   0.004   0.004   0.335   0.002   0.000   0.004   0.000 830504500
 9.56    5.21    62.909
 9.56 15.00   0.954   1.205
 9.56 15.00   2.160    68.021
 9.56 15.00   1.960   1.028   2.160   0.486
 9.56 15.00   1.962   1.021   2.160   0.479

 9.57  0.00   0.453   0.447   0.027   0.077   0.004   0.004   0.335   0.002   0.000   0.004   0.000 831373200
 9.57    5.21    62.895
 9.57 15.00   0.954   1.205
 9.57 15.00   2.159    68.013
 9.57 15.00   1.960   1.028   2.159   0.486
 9.57 15.00   1.962   1.021   2.159   0.479

 9.58  0.00   0.453   0.447   0.027   0.077   0.004   0.004   0.335   0.002   0.000   0.004   0.000 832241900
 9.58    5.21    62.881
 9.58 15.00   0.953   1.205
 9.58 15.00   2.159    68.006
 9.58 15.00   1.959   1.028   2.159   0.486
 9.58 15.00   1.961   1.021   2.159   0.479

 9.59  0.00   0.453   0.447   0.027   0.077   0.004   0.004   0.335   0.002   0.000   0.004   0.000 833110700
 9.59    5.21    62.867
 9.59 15.00   0.953   1.205
 9.59 15.00   2.158    67.998
 9.59 15.00   1.959   1.028   2.158   0.486
 9.59 15.00   1.961   1.021   2.158   0.479

 9.60  0.00   0.453   0.446   0.027   0.077   0.004   0.004   0.335   0.002   0.000   0.004   0.000 833979400
 9.60    5.21    62.853
 9.60 15.00   0.952   1.205
 9.60 15.00   2.158    67.990
 9.60 15.00   1.958   1.027   2.158   0.486
 9.60 15.00   1.960   1.021   2.158   0.478

 9.61  0.00   0.453   0.446   0.027   0.077   0.004   0.004   0.335   0.002   0.000   0.004   0.000 834848100
 9.61    5.20    62.839
 9.61 15.00   0.952   1.205
 9.61 15.00   2.157    67.983
 9.61 15.00   1.958   1.027   2.157   0.485
 9.61 15.00   1.960   1.020   2.157   0.478

 9.62  0.00   0.453   0.446   0.027   0.077   0.004   0.004   0.335   0.002   0.000   0.004   0.000 835716800
 9.62    5.20    62.825
 9.62 15.00   0.951   1.205
 9.62 15.00   2.157    67.975
 9.62 15.00   1.958   1.027   2.157   0.485
 9.62 15.00   1.959   1.020   2.157   0.478

 9.63  0.00   0.453   0.446   0.027   0.077   0.004   0.004   0.335   0.002   0.000   0.004   0.000 836585600
 9.63    5.20    62.811
 9.63 15.00   0.951   1.205
 9.63 15.00   2.156    67.967
 9.63 15.00   1.957   1.027   2.156   0.485
 9.63 15.00   1.959   1.020   2.156   0.478

 9.64  0.00   0.453   0.446   0.027   0.077   0.004   0.004   0.335   0.002   0.000   0.004   0.000 837454300
 9.64    5.20    62.798
 9.64 15.00   0.950   1.205
 9.64 15.00   2.156    67.960
 9.64 15.00   1.957   1.027   2.156   0.485
 9.64 15.00   1.959   1.020   2.156   0.478

 9.65  0.00   0.453   0.446   0.027   0.077   0.004   0.004   0.335   0.002   0.000   0.004   0.000 838323000
 9.65    5.20    62.784
 9.65 15.00   0.950   1.205
 9.65 15.00   2.155    67.952
 9.65 15.00   1.956   1.026   2.155   0.485
 9.65 15.00   1.958   1.020   2.155   0.478

 9.66  0.00   0.453   0.446   0.027   0.077   0.004   0.004   0.335   0.002   0.000   0.004   0.000 839191700
 9.66    5.19    62.770
 9.66 15.00   0.949   1.205
 9.66 15.00   2.155    67.945
 9.66 15.00   1.956   1.026   2.155   0.485
 9.66 15.00   1.958   1.019   2.155   0.478

 9.67  0.00   0.453   0.446   0.027   0.077   0.004   0.004   0.335   0.002   0.000   0.004   0.000 840060500
 9.67    5.19    62.756
 9.67 15.00   0.949   1.205
 9.67 15.00   2.154    67.937
 9.67 15.00   1.955   1.026   2.154   0.485
 9.67 15.00   1.957   1.019   2.154   0.478

 9.68  0.00   0.452   0.446   0.027   0.077   0.004   0.004   0.335   0.002   0.000   0.004   0.000 840929200
 9.68    5.19    62.742
 9.68 15.00   0.949   1.205
 9.68 15.00   2.154    67.929
 9.68 15.00   1.955   1.026   2.154   0.485
 9.68 15.00   1.957   1.019   2.154   0.478

 9.69  0.00   0.452   0.446   0.027   0.077   0.004   0.004   0.335   0.002   0.000   0.004   0.000 841797900
 9.69    5.19    62.729
 9.69 15.00   0.948   1.205
 9.69 15.00   2.153    67.922
 9.69 15.00   1.955   1.026   2.153   0.485
 9.69 15.00   1.956   1.019   2.153   0.478

 9.70  0.00   0.452   0.446   0.027   0.077   0.004   0.004   0.335   0.002   0.000   0.004   0.000 842666600
 9.70    5.19    62.715
 9.70 15.00   0.948   1.205
 9.70 15.00   2.153    67.914
 9.70 15.00   1.954   1.025   2.153   0.485
 9.70 15.00   1.956   1.019   2.153   0.478

 9.71  0.00   0.452   0.446   0.027   0.077   0.004   0.004   0.335   0.002   0.000   0.004   0.000 843535400
 9.71    5.19    62.701
 9.71 15.00   0.947   1.205
 9.71 15.00   2.153    67.907
 9.71 15.00   1.954   1.025   2.153   0.485
 9.71 15.00   1.956   1.018   2.153   0.478

 9.72  0.00   0.452   0.446   0.027   0.077   0.004   0.004   0.335   0.002   0.000   0.004   0.000 844404200
 9.72    5.18    62.687
 9.72 15.00   0.947   1.205
 9.72 15.00   2.152    67.899
 9.72 15.00   1.953   1.025   2.152   0.485
 9.72 15.00   1.955   1.018   2.152   0.477

 9.73  0.00   0.452   0.445   0.027   0.077   0.004   0.004   0.335   0.002   0.000   0.004   0.000 845272800
 9.73    5.18    62.674
 9.73 15.00   0.946   1.205
 9.73 15.00   2.152    67.892
 9.73 15.00   1.953   1.025   2.152   0.485
 9.73 15.00   1.955   1.018   2.152   0.477

 9.74  0.00   0.452   0.445   0.027   0.077   0.004   0.004   0.335   0.002   0.000   0.004   0.000 846141600
 9.74    5.18    62.660
 9.74 15.00   0.946   1.205
 9.74 15.00   2.151    67.884
 9.74 15.00   1.953   1.025   2.151   0.484
 9.74 15.00   1.954   1.018   2.151   0.477

 9.75  0.00   0.452   0.445   0.026   0.077   0.004   0.004   0.335   0.002   0.000   0.004   0.000 847010300
 9.75    5.18    62.646
 9.75 15.00   0.945   1.205
 9.75 15.00   2.151    67.877
 9.75 15.00   1.952   1.024   2.151   0.484
 9.75 15.00   1.954   1.018   2.151   0.477

 9.76  0.00   0.452   0.445   0.026   0.077   0.004   0.004   0.335   0.002   0.000   0.004   0.000 847879000
 9.76    5.18    62.633
 9.76 15.00   0.945   1.205
 9.76 15.00   2.150    67.869
 9.76 15.00   1.952   1.024   2.150   0.484
 9.76 15.00   1.954   1.017   2.150   0.477

 9.77  0.00   0.452   0.445   0.026   0.077   0.004   0.004   0.335   0.002   0.000   0.004   0.000 848747800
 9.77    5.18    62.619
 9.77 15.00   0.944   1.205
 9.77 15.00   2.150    67.862
 9.77 15.00   1.951   1.024   2.150   0.484
 9.77 15.00   1.953   1.017   2.150   0.477

 9.78  0.00   0.452   0.445   0.026   0.077   0.004   0.004   0.335   0.002   0.000   0.004   0.000 849616400
 9.78    5.17    62.606
 9.78 15.00   0.944   1.205
 9.78 15.00   2.149    67.854
 9.78 15.00   1.951   1.024   2.149   0.484
 9.78 15.00   1.953   1.017   2.149   0.477

 9.79  0.00   0.452   0.445   0.026   0.077   0.004   0.004   0.335   0.002   0.000   0.004   0.000 850485200
 9.79    5.17    62.592
 9.79 15.00   0.944   1.205
 9.79 15.00   2.149    67.847
 9.79 15.00   1.950   1.024   2.149   0.484
 9.79 15.00   1.952   1.017   2.149   0.477

 9.80  0.00   0.452   0.445   0.026   0.077   0.004   0.004   0.335   0.002   0.000   0.004   0.000 851354000
 9.80    5.17    62.579
 9.80 15.00   0.943   1.205
 9.80 15.00   2.148    67.839
 9.80 15.00   1.950   1.024   2.148   0.484
 9.80 15.00   1.952   1.017   2.148   0.477

 9.81  0.00   0.451   0.445   0.026   0.077   0.004   0.004   0.335   0.002   0.000   0.004   0.000 852222700
 9.81    5.17    62.565
 9.81 15.00   0.943   1.205
 9.81 15.00   2.148    67.832
 9.81 15.00   1.950   1.023   2.148   0.484
 9.81 15.00   1.951   1.016   2.148   0.477

 9.82  0.00   0.451   0.445   0.026   0.077   0.004   0.004   0.335   0.002   0.000   0.004   0.000 853091400
 9.82    5.17    62.552
 9.82 15.00   0.942   1.205
 9.82 15.00   2.148    67.825
 9.82 15.00   1.949   1.023   2.148   0.484
 9.82 15.00   1.951   1.016   2.148   0.477

 9.83  0.00   0.451   0.445   0.026   0.077   0.004   0.004   0.335   0.002   0.000   0.004   0.000 853960100
 9.83    5.16    62.538
 9.83 15.00   0.942   1.205
 9.83 15.00   2.147    67.817
 9.83 15.00   1.949   1.023   2.147   0.484
 9.83 15.00   1.951   1.016   2.147   0.477

 9.84  0.00   0.451   0.445   0.026   0.077   0.004   0.004   0.335   0.002   0.000   0.004   0.000 854828900
 9.84    5.16    62.525
 9.84 15.00   0.941   1.205
 9.84 15.00   2.147    67.810
 9.84 15.00   1.948   1.023   2.147   0.484
 9.84 15.00   1.950   1.016   2.147   0.477

 9.85  0.00   0.451   0.445   0.026   0.077   0.004   0.004   0.335   0.002   0.000   0.004   0.000 855697600
 9.85    5.16    62.511
 9.85 15.00   0.941   1.205
 9.85 15.00   2.146    67.802
 9.85 15.00   1.948   1.023   2.146   0.484
 9.85 15.00   1.950   1.016   2.146   0.476

 9.86  0.00   0.451   0.444   0.026   0.077   0.004   0.004   0.335   0.002   0.000   0.004   0.000 856566300
 9.86    5.16    62.498
 9.86 15.00   0.940   1.205
 9.86 15.00   2.146    67.795
 9.86 15.00   1.948   1.022   2.146   0.483
 9.86 15.00   1.949   1.016   2.146   0.476

 9.87  0.00   0.451   0.444   0.026   0.077   0.004   0.004   0.335   0.002   0.000   0.004   0.000 857435000
 9.87    5.16    62.484
 9.87 15.00   0.940   1.205
 9.87 15.00   2.145    67.788
 9.87 15.00   1.947   1.022   2.145   0.483
 9.87 15.00   1.949   1.015   2.145   0.476

 9.88  0.00   0.451   0.444   0.026   0.077   0.004   0.004   0.335   0.002   0.000   0.004   0.000 858303800
 9.88    5.16    62.471
 9.88 15.00   0.939   1.205
 9.88 15.00   2.145    67.780
 9.88 15.00   1.947   1.022   2.145   0.483
 9.88 15.00   1.949   1.015   2.145   0.476

 9.89  0.00   0.451   0.444   0.026   0.076   0.004   0.004   0.335   0.002   0.000   0.004   0.000 859172500
 9.89    5.15    62.457
 9.89 15.00   0.939   1.205
 9.89 15.00   2.144    67.773
 9.89 15.00   1.946   1.022   2.144   0.483
 9.89 15.00   1.948   1.015   2.144   0.476

 9.90  0.00   0.451   0.444   0.026   0.076   0.004   0.004   0.335   0.002   0.000   0.004   0.000 860041200
 9.90    5.15    62.444
 9.90 15.00   0.939   1.205
 9.90 15.00   2.144    67.766
 9.90 15.00   1.946   1.022   2.144   0.483
 9.90 15.00   1.948   1.015   2.144   0.476

 9.91  0.00   0.451   0.444   0.026   0.076   0.004   0.004   0.335   0.002   0.000   0.004   0.000 860910000
 9.91    5.15    62.431
 9.91 15.00   0.938   1.205
 9.91 15.00   2.144    67.758
 9.91 15.00   1.946   1.021   2.144   0.483
 9.91 15.00   1.947   1.015   2.144   0.476

 9.92  0.00   0.451   0.444   0.026   0.076   0.004   0.004   0.335   0.002   0.000   0.004   0.000 861778700
 9.92    5.15    62.417
 9.92 15.00   0.938   1.205
 9.92 15.00   2.143    67.751
 9.92 15.00   1.945   1.021   2.143   0.483
 9.92 15.00   1.947   1.014   2.143   0.476

 9.93  0.00   0.451   0.444   0.026   0.076   0.004   0.004   0.335   0.002   0.000   0.004   0.000 862647400
 9.93    5.15    62.404
 9.93 15.00   0.937   1.205
 9.93 15.00   2.143    67.744
 9.93 15.00   1.945   1.021   2.143   0.483
 9.93 15.00   1.947   1.014   2.143   0.476

 9.94  0.00   0.450   0.444   0.026   0.076   0.004   0.004   0.335   0.002   0.000   0.004   0.000 863516100
 9.94    5.15    62.391
 9.94 15.00   0.937   1.205
 9.94 15.00   2.142    67.737
 9.94 15.00   1.944   1.021   2.142   0.483
 9.94 15.00   1.946   1.014   2.142   0.476

 9.95  0.00   0.450   0.444   0.026   0.076   0.004   0.004   0.335   0.002   0.000   0.004   0.000 864384800
 9.95    5.14    62.377
 9.95 15.00   0.936   1.205
 9.95 15.00   2.142    67.729
 9.95 15.00   1.944   1.021   2.142   0.483
 9.95 15.00   1.946   1.014   2.142   0.476

 9.96  0.00   0.450   0.444   0.026   0.076   0.004   0.004   0.335   0.002   0.000   0.004   0.000 865253600
 9.96    5.14    62.364
 9.96 15.00   0.936   1.205
 9.96 15.00   2.141    67.722
 9.96 15.00   1.943   1.020   2.141   0.483
 9.96 15.00   1.945   1.014   2.141   0.476

 9.97  0.00   0.450   0.444   0.026   0.076   0.004   0.004   0.335   0.002   0.000   0.004   0.000 866122400
 9.97    5.14    62.351
 9.97 15.00   0.936   1.205
 9.97 15.00   2.141    67.715
 9.97 15.00   1.943   1.020   2.141   0.483
 9.97 15.00   1.945   1.013   2.141   0.476

 9.98  0.00   0.450   0.444   0.026   0.076   0.004   0.004   0.335   0.002   0.000   0.004   0.000 866991000
 9.98    5.14    62.338
 9.98 15.00   0.935   1.205
 9.98 15.00   2.140    67.708
 9.98 15.00   1.943   1.020   2.140   0.483
 9.98 15.00   1.945   1.013   2.140   0.475

 9.99  0.00   0.450   0.444   0.026   0.076   0.003   0.004   0.335   0.002   0.000   0.004   0.000 867859800
 9.99    5.14    62.325
 9.99 15.00   0.935   1.205
 9.99 15.00   2.140    67.700
 9.99 15.00   1.942   1.020   2.140   0.482
 9.99 15.00   1.944   1.013   2.140   0.475

10.00  0.00   0.450   0.443   0.026   0.076   0.003   0.004   0.335   0.002   0.000   0.004   0.000 868728500
10.00    5.14    62.311
10.00 15.00   0.934   1.205
10.00 15.00   2.140    67.693
10.00 15.00   1.942   1.020   2.140   0.482
10.00 15.00   1.944   1.013   2.140   0.475

10.01  0.00   0.450   0.443   0.026   0.076   0.003   0.004   0.335   0.002   0.000   0.004   0.000 869597200
10.01    5.13    62.298
10.01 15.00   0.934   1.205
10.01 15.00   2.139    67.686
10.01 15.00   1.941   1.020   2.139   0.482
10.01 15.00   1.943   1.013   2.139   0.475

10.02  0.00   0.450   0.443   0.026   0.076   0.003   0.004   0.335   0.002   0.000   0.004   0.000 870466000
10.02    5.13    62.285
10.02 15.00   0.933   1.205
10.02 15.00   2.139    67.679
10.02 15.00   1.941   1.019   2.139   0.482
10.02 15.00   1.943   1.013   2.139   0.475

10.03  0.00   0.450   0.443   0.026   0.076   0.003   0.004   0.335   0.002   0.000   0.004   0.000 871334700
10.03    5.13    62.272
10.03 15.00   0.933   1.205
10.03 15.00   2.138    67.672
10.03 15.00   1.941   1.019   2.138   0.482
10.03 15.00   1.942   1.012   2.138   0.475

10.04  0.00   0.450   0.443   0.026   0.076   0.003   0.004   0.334   0.002   0.000   0.004   0.000 872203500
10.04    5.13    62.259
10.04 15.00   0.932   1.205
10.04 15.00   2.138    67.665
10.04 15.00   1.940   1.019   2.138   0.482
10.04 15.00   1.942   1.012   2.138   0.475

10.05  0.00   0.450   0.443   0.026   0.076   0.003   0.004   0.334   0.002   0.000   0.004   0.000 873072200
10.05    5.13    62.246
10.05 15.00   0.932   1.205
10.05 15.00   2.137    67.657
10.05 15.00   1.940   1.019   2.137   0.482
10.05 15.00   1.942   1.012   2.137   0.475

10.06  0.00   0.450   0.443   0.026   0.076   0.003   0.004   0.334   0.002   0.000   0.004   0.000 873940900
10.06    5.13    62.233
10.06 15.00   0.932   1.205
10.06 15.00   2.137    67.650
10.06 15.00   1.939   1.019   2.137   0.482
10.06 15.00   1.941   1.012   2.137   0.475

10.07  0.00   0.450   0.443   0.026   0.076   0.003   0.004   0.334   0.002   0.000   0.004   0.000 874809600
10.07    5.12    62.219
10.07 15.00   0.931   1.205
10.07 15.00   2.137    67.643
10.07 15.00   1.939   1.019   2.137   0.482
10.07 15.00   1.941   1.012   2.137   0.475

10.08  0.00   0.450   0.443   0.026   0.076   0.003   0.004   0.334   0.002   0.000   0.004   0.000 875678300
10.08    5.12    62.206
10.08 15.00   0.931   1.205
10.08 15.00   2.136    67.636
10.08 15.00   1.939   1.019   2.136   0.482
10.08 15.00   1.940   1.012   2.136   0.475

10.09  0.00   0.450   0.443   0.026   0.076   0.003   0.004   0.334   0.002   0.000   0.004   0.000 876547100
10.09    5.12    62.193
10.09 15.00   0.930   1.205
10.09 15.00   2.136    67.629
10.09 15.00   1.938   1.018   2.136   0.482
10.09 15.00   1.940   1.012   2.136   0.475

10.10  0.00   0.450   0.443   0.026   0.076   0.003   0.004   0.334   0.002   0.000   0.004   0.000 877415800
10.10    5.12    62.180
10.10 15.00   0.930   1.205
10.10 15.00   2.135    67.622
10.10 15.00   1.938   1.018   2.135   0.482
10.10 15.00   1.940   1.011   2.135   0.475

10.11  0.00   0.450   0.443   0.026   0.076   0.003   0.004   0.334   0.002   0.000   0.004   0.000 878284500
10.11    5.12    62.167
10.11 15.00   0.929   1.205
10.11 15.00   2.135    67.615
10.11 15.00   1.937   1.018   2.135   0.482
10.11 15.00   1.939   1.011   2.135   0.475

10.12  0.00   0.450   0.443   0.026   0.076   0.003   0.004   0.334   0.002   0.000   0.004   0.000 879153300
10.12    5.12    62.154
10.12 15.00   0.929   1.205
10.12 15.00   2.134    67.608
10.12 15.00   1.937   1.018   2.134   0.482
10.12 15.00   1.939   1.011   2.134   0.475

10.13  0.00   0.450   0.443   0.026   0.076   0.003   0.004   0.334   0.002   0.000   0.004   0.000 880022000
10.13    5.11    62.141
10.13 15.00   0.929   1.205
10.13 15.00   2.134    67.601
10.13 15.00   1.937   1.018   2.134   0.482
10.13 15.00   1.938   1.011   2.134   0.475

10.14  0.00   0.450   0.443   0.026   0.076   0.003   0.004   0.334   0.002   0.000   0.004   0.000 880890800
10.14    5.11    62.128
10.14 15.00   0.928   1.205
10.14 15.00   2.134    67.594
10.14 15.00   1.936   1.018   2.134   0.482
10.14 15.00   1.938   1.011   2.134   0.475

10.15  0.00   0.450   0.443   0.026   0.076   0.003   0.004   0.334   0.002   0.000   0.004   0.000 881759400
10.15    5.11    62.116
10.15 15.00   0.928   1.205
10.15 15.00   2.133    67.587
10.15 15.00   1.936   1.018   2.133   0.482
10.15 15.00   1.938   1.011   2.133   0.475

10.16  0.00   0.450   0.443   0.026   0.076   0.003   0.004   0.334   0.002   0.000   0.004   0.000 882628200
10.16    5.11    62.103
10.16 15.00   0.927   1.205
10.16 15.00   2.133    67.580
10.16 15.00   1.935   1.017   2.133   0.482
10.16 15.00   1.937   1.011   2.133   0.475

10.17  0.00   0.450   0.443   0.026   0.076   0.003   0.004   0.334   0.002   0.000   0.004   0.000 883496900
10.17    5.11    62.090
10.17 15.00   0.927   1.205
10.17 15.00   2.132    67.573
10.17 15.00   1.935   1.017   2.132   0.482
10.17 15.00   1.937   1.010   2.132   0.475

10.18  0.00   0.449   0.443   0.026   0.076   0.003   0.004   0.334   0.002   0.000   0.004   0.000 884365600
10.18    5.11    62.077
10.18 15.00   0.927   1.205
10.18 15.00   2.132    67.566
10.18 15.00   1.935   1.017   2.132   0.482
10.18 15.00   1.936   1.010   2.132   0.475

10.19  0.00   0.449   0.443   0.026   0.076   0.003   0.004   0.334   0.002   0.000   0.004   0.000 885234300
10.19    5.11    62.064
10.19 15.00   0.926   1.205
10.19 15.00   2.132    67.559
10.19 15.00   1.934   1.017   2.132   0.482
10.19 15.00   1.936   1.010   2.132   0.475

10.20  0.00   0.449   0.443   0.026   0.076   0.003   0.004   0.334   0.002   0.000   0.004   0.000 886103100
10.20    5.10    62.051
10.20 15.00   0.926   1.205
10.20 15.00   2.131    67.552
10.20 15.00   1.934   1.017   2.131   0.482
10.20 15.00   1.936   1.010   2.131   0.475

10.21  0.00   0.449   0.443   0.026   0.076   0.003   0.004   0.334   0.002   0.000   0.004   0.000 886971800
10.21    5.10    62.038
10.21 15.00   0.925   1.205
10.21 15.00   2.131    67.545
10.21 15.00   1.933   1.017   2.131   0.482
10.21 15.00   1.935   1.010   2.131   0.475

10.22  0.00   0.449   0.443   0.026   0.076   0.003   0.004   0.334   0.002   0.000   0.004   0.000 887840600
10.22    5.10    62.025
10.22 15.00   0.925   1.205
10.22 15.00   2.130    67.538
10.22 15.00   1.933   1.017   2.130   0.482
10.22 15.00   1.935   1.010   2.130   0.475

10.23  0.00   0.449   0.443   0.026   0.076   0.003   0.004   0.334   0.002   0.000   0.004   0.000 888709200
10.23    5.10    62.013
10.23 15.00   0.924   1.205
10.23 15.00   2.130    67.531
10.23 15.00   1.933   1.016   2.130   0.482
10.23 15.00   1.934   1.010   2.130   0.474

10.24  0.00   0.449   0.443   0.026   0.076   0.003   0.004   0.334   0.002   0.000   0.004   0.000 889578000
10.24    5.10    62.000
10.24 15.00   0.924   1.205
10.24 15.00   2.129    67.524
10.24 15.00   1.932   1.016   2.129   0.482
10.24 15.00   1.934   1.009   2.129   0.474

10.25  0.00   0.449   0.443   0.026   0.076   0.003   0.004   0.334   0.002   0.000   0.004   0.000 890446700
10.25    5.10    61.987
10.25 15.00   0.924   1.205
10.25 15.00   2.129    67.517
10.25 15.00   1.932   1.016   2.129   0.482
10.25 15.00   1.934   1.009   2.129   0.474

10.26  0.00   0.449   0.443   0.026   0.076   0.003   0.004   0.334   0.002   0.000   0.004   0.000 891315500
10.26    5.09    61.974
10.26 15.00   0.923   1.205
10.26 15.00   2.129    67.510
10.26 15.00   1.931   1.016   2.129   0.481
10.26 15.00   1.933   1.009   2.129   0.474

10.27  0.00   0.449   0.443   0.026   0.076   0.003   0.004   0.334   0.002   0.000   0.004   0.000 892184300
10.27    5.09    61.962
10.27 15.00   0.923   1.205
10.27 15.00   2.128    67.503
10.27 15.00   1.931   1.016   2.128   0.481
10.27 15.00   1.933   1.009   2.128   0.474

10.28  0.00   0.449   0.443   0.026   0.076   0.003   0.004   0.334   0.002   0.000   0.004   0.000 893052900
10.28    5.09    61.949
10.28 15.00   0.922   1.205
10.28 15.00   2.128    67.496
10.28 15.00   1.931   1.016   2.128   0.481
10.28 15.00   1.932   1.009   2.128   0.474

10.29  0.00   0.449   0.443   0.026   0.076   0.003   0.004   0.334   0.002   0.000   0.004   0.000 893921700
10.29    5.09    61.936
10.29 15.00   0.922   1.205
10.29 15.00   2.127    67.489
10.29 15.00   1.930   1.016   2.127   0.481
10.29 15.00   1.932   1.009   2.127   0.474

10.30  0.00   0.449   0.442   0.026   0.076   0.003   0.004   0.334   0.002   0.000   0.004   0.000 894790400
10.30    5.09    61.924
10.30 15.00   0.922   1.205
10.30 15.00   2.127    67.483
10.30 15.00   1.930   1.015   2.127   0.481
10.30 15.00   1.932   1.009   2.127   0.474

10.31  0.00   0.449   0.442   0.026   0.076   0.003   0.004   0.334   0.002   0.000   0.004   0.000 895659100
10.31    5.09    61.911
10.31 15.00   0.921   1.205
10.31 15.00   2.127    67.476
10.31 15.00   1.929   1.015   2.127   0.481
10.31 15.00   1.931   1.008   2.127   0.474

10.32  0.00   0.449   0.442   0.026   0.076   0.003   0.004   0.334   0.002   0.000   0.004   0.000 896527800
10.32    5.08    61.898
10.32 15.00   0.921   1.205
10.32 15.00   2.126    67.469
10.32 15.00   1.929   1.015   2.126   0.481
10.32 15.00   1.931   1.008   2.126   0.474

10.33  0.00   0.449   0.442   0.026   0.076   0.003   0.004   0.334   0.002   0.000   0.004   0.000 897396500
10.33    5.08    61.886
10.33 15.00   0.920   1.205
10.33 15.00   2.126    67.462
10.33 15.00   1.929   1.015   2.126   0.481
10.33 15.00   1.931   1.008   2.126   0.474

10.34  0.00   0.449   0.442   0.026   0.076   0.003   0.004   0.334   0.002   0.000   0.004   0.000 898265300
10.34    5.08    61.873
10.34 15.00   0.920   1.205
10.34 15.00   2.125    67.455
10.34 15.00   1.928   1.015   2.125   0.481
10.34 15.00   1.930   1.008   2.125   0.474

10.35  0.00   0.449   0.442   0.026   0.076   0.003   0.004   0.334   0.002   0.000   0.004   0.000 899134100
10.35    5.08    61.860
10.35 15.00   0.919   1.205
10.35 15.00   2.125    67.448
10.35 15.00   1.928   1.015   2.125   0.481
10.35 15.00   1.930   1.008   2.125   0.474

10.36  0.00   0.449   0.442   0.026   0.076   0.003   0.004   0.334   0.002   0.000   0.004   0.000 900002700
10.36    5.08    61.848
10.36 15.00   0.919   1.205
10.36 15.00   2.124    67.442
10.36 15.00   1.928   1.015   2.124   0.481
10.36 15.00   1.929   1.008   2.124   0.474

10.37  0.00   0.449   0.442   0.026   0.076   0.003   0.004   0.334   0.002   0.000   0.004   0.000 900871500
10.37    5.08    61.835
10.37 15.00   0.919   1.205
10.37 15.00   2.124    67.435
10.37 15.00   1.927   1.014   2.124   0.481
10.37 15.00   1.929   1.008   2.124   0.474

10.38  0.00   0.449   0.442   0.026   0.076   0.003   0.004   0.334   0.002   0.000   0.004   0.000 901740200
10.38    5.08    61.823
10.38 15.00   0.918   1.205
10.38 15.00   2.124    67.428
10.38 15.00   1.927   1.014   2.124   0.481
10.38 15.00   1.929   1.007   2.124   0.474

10.39  0.00   0.449   0.442   0.026   0.076   0.003   0.004   0.334   0.002   0.000   0.004   0.000 902609000
10.39    5.07    61.810
10.39 15.00   0.918   1.205
10.39 15.00   2.123    67.421
10.39 15.00   1.926   1.014   2.123   0.481
10.39 15.00   1.928   1.007   2.123   0.474

10.40  0.00   0.449   0.442   0.026   0.076   0.003   0.004   0.334   0.002   0.000   0.004   0.000 903477600
10.40    5.07    61.798
10.40 15.00   0.917   1.205
10.40 15.00   2.123    67.415
10.40 15.00   1.926   1.014   2.123   0.481
10.40 15.00   1.928   1.007   2.123   0.474

10.41  0.00   0.449   0.442   0.026   0.076   0.003   0.004   0.334   0.002   0.000   0.004   0.000 904346400
10.41    5.07    61.785
10.41 15.00   0.917   1.205
10.41 15.00   2.122    67.408
10.41 15.00   1.926   1.014   2.122   0.481
10.41 15.00   1.927   1.007   2.122   0.474

10.42  0.00   0.449   0.442   0.026   0.076   0.003   0.004   0.334   0.002   0.000   0.004   0.000 905215100
10.42    5.07    61.773
10.42 15.00   0.917   1.205
10.42 15.00   2.122    67.401
10.42 15.00   1.925   1.014   2.122   0.481
10.42 15.00   1.927   1.007   2.122   0.474

10.43  0.00   0.449   0.442   0.026   0.076   0.003   0.004   0.334   0.002   0.000   0.004   0.000 906083800
10.43    5.07    61.760
10.43 15.00   0.916   1.205
10.43 15.00   2.122    67.394
10.43 15.00   1.925   1.014   2.122   0.481
10.43 15.00   1.927   1.007   2.122   0.474

10.44  0.00   0.449   0.442   0.026   0.076   0.003   0.004   0.334   0.002   0.000   0.004   0.000 906952500
10.44    5.07    61.748
10.44 15.00   0.916   1.205
10.44 15.00   2.121    67.388
10.44 15.00   1.924   1.014   2.121   0.481
10.44 15.00   1.926   1.007   2.121   0.474

10.45  0.00   0.449   0.442   0.026   0.076   0.003   0.004   0.334   0.002   0.000   0.004   0.000 907821300
10.45    5.06    61.735
10.45 15.00   0.915   1.205
10.45 15.00   2.121    67.381
10.45 15.00   1.924   1.013   2.121   0.481
10.45 15.00   1.926   1.007   2.121   0.474

10.46  0.00   0.449   0.442   0.026   0.076   0.003   0.004   0.334   0.002   0.000   0.004   0.000 908690000
10.46    5.06    61.723
10.46 15.00   0.915   1.205
10.46 15.00   2.120    67.374
10.46 15.00   1.924   1.013   2.120   0.481
10.46 15.00   1.926   1.006   2.120   0.474

10.47  0.00   0.449   0.442   0.026   0.076   0.003   0.004   0.334   0.002   0.000   0.004   0.000 909558800
10.47    5.06    61.710
10.47 15.00   0.915   1.205
10.47 15.00   2.120    67.368
10.47 15.00   1.923   1.013   2.120   0.481
10.47 15.00   1.925   1.006   2.120   0.474

10.48  0.00   0.449   0.442   0.026   0.076   0.003   0.004   0.334   0.002   0.000   0.004   0.000 910427500
10.48    5.06    61.698
10.48 15.00   0.914   1.205
10.48 15.00   2.120    67.361
10.48 15.00   1.923   1.013   2.120   0.481
10.48 15.00   1.925   1.006   2.120   0.474

10.49  0.00   0.449   0.442   0.026   0.076   0.003   0.004   0.334   0.002   0.000   0.004   0.000 911296200
10.49    5.06    61.686
10.49 15.00   0.914   1.205
10.49 15.00   2.119    67.354
10.49 15.00   1.923   1.013   2.119   0.481
10.49 15.00   1.924   1.006   2.119   0.474

10.50  0.00   0.448   0.442   0.026   0.076   0.003   0.004   0.334   0.002   0.000   0.004   0.000 912164900
10.50    5.06    61.673
10.50 15.00   0.913   1.205
10.50 15.00   2.119    67.348
10.50 15.00   1.922   1.013   2.119   0.481
10.50 15.00   1.924   1.006   2.119   0.474

10.51  0.00   0.448   0.442   0.026   0.076   0.003   0.004   0.334   0.002   0.000   0.004   0.000 913033700
10.51    5.06    61.661
10.51 15.00   0.913   1.205
10.51 15.00   2.118    67.341
10.51 15.00   1.922   1.013   2.118   0.481
10.51 15.00   1.924   1.006   2.118   0.474

10.52  0.00   0.448   0.442   0.026   0.076   0.003   0.004   0.334   0.002   0.000   0.004   0.000 913902500
10.52    5.05    61.649
10.52 15.00   0.913   1.205
10.52 15.00   2.118    67.334
10.52 15.00   1.921   1.012   2.118   0.481
10.52 15.00   1.923   1.006   2.118   0.474

10.53  0.00   0.448   0.442   0.026   0.076   0.003   0.004   0.334   0.002   0.000   0.004   0.000 914771100
10.53    5.05    61.636
10.53 15.00   0.912   1.205
10.53 15.00   2.118    67.328
10.53 15.00   1.921   1.012   2.118   0.481
10.53 15.00   1.923   1.005   2.118   0.473

10.54  0.00   0.448   0.442   0.026   0.076   0.003   0.004   0.334   0.002   0.000   0.004   0.000 915639900
10.54    5.05    61.624
10.54 15.00   0.912   1.205
10.54 15.00   2.117    67.321
10.54 15.00   1.921   1.012   2.117   0.481
10.54 15.00   1.923   1.005   2.117   0.473

10.55  0.00   0.448   0.442   0.026   0.076   0.003   0.004   0.334   0.002   0.000   0.004   0.000 916508600
10.55    5.05    61.612
10.55 15.00   0.911   1.205
10.55 15.00   2.117    67.314
10.55 15.00   1.920   1.012   2.117   0.481
10.55 15.00   1.922   1.005   2.117   0.473

10.56  0.00   0.448   0.442   0.026   0.076   0.003   0.004   0.334   0.002   0.000   0.004   0.000 917377300
10.56    5.05    61.600
10.56 15.00   0.911   1.205
10.56 15.00   2.116    67.308
10.56 15.00   1.920   1.012   2.116   0.480
10.56 15.00   1.922   1.005   2.116   0.473

10.57  0.00   0.448   0.442   0.026   0.076   0.003   0.004   0.334   0.002   0.000   0.004   0.000 918246000
10.57    5.05    61.587
10.57 15.00   0.911   1.205
10.57 15.00   2.116    67.301
10.57 15.00   1.920   1.012   2.116   0.480
10.57 15.00   1.921   1.005   2.116   0.473

10.58  0.00   0.448   0.442   0.026   0.076   0.003   0.004   0.334   0.002   0.000   0.004   0.000 919114800
10.58    5.04    61.575
10.58 15.00   0.910   1.205
10.58 15.00   2.116    67.295
10.58 15.00   1.919   1.012   2.116   0.480
10.58 15.00   1.921   1.005   2.116   0.473

10.59  0.00   0.448   0.442   0.026   0.076   0.003   0.004   0.334   0.002   0.000   0.004   0.000 919983500
10.59    5.04    61.563
10.59 15.00   0.910   1.205
10.59 15.00   2.115    67.288
10.59 15.00   1.919   1.011   2.115   0.480
10.59 15.00   1.921   1.005   2.115   0.473

10.60  0.00   0.448   0.442   0.026   0.076   0.003   0.004   0.334   0.002   0.000   0.004   0.000 920852300
10.60    5.04    61.551
10.60 15.00   0.909   1.205
10.60 15.00   2.115    67.282
10.60 15.00   1.918   1.011   2.115   0.480
10.60 15.00   1.920   1.005   2.115   0.473

10.61  0.00   0.448   0.442   0.026   0.076   0.003   0.004   0.334   0.002   0.000   0.004   0.000 921721000
10.61    5.04    61.538
10.61 15.00   0.909   1.205
10.61 15.00   2.114    67.275
10.61 15.00   1.918   1.011   2.114   0.480
10.61 15.00   1.920   1.004   2.114   0.473

10.62  0.00   0.448   0.442   0.026   0.076   0.003   0.004   0.334   0.002   0.000   0.004   0.000 922589700
10.62    5.04    61.526
10.62 15.00   0.909   1.205
10.62 15.00   2.114    67.268
10.62 15.00   1.918   1.011   2.114   0.480
10.62 15.00   1.920   1.004   2.114   0.473

10.63  0.00   0.448   0.441   0.026   0.076   0.003   0.004   0.334   0.002   0.000   0.004   0.000 923458400
10.63    5.04    61.514
10.63 15.00   0.908   1.205
10.63 15.00   2.114    67.262
10.63 15.00   1.917   1.011   2.114   0.480
10.63 15.00   1.919   1.004   2.114   0.473

10.64  0.00   0.448   0.441   0.026   0.076   0.003   0.004   0.334   0.002   0.000   0.004   0.000 924327200
10.64    5.04    61.502
10.64 15.00   0.908   1.205
10.64 15.00   2.113    67.255
10.64 15.00   1.917   1.011   2.113   0.480
10.64 15.00   1.919   1.004   2.113   0.473

10.65  0.00   0.448   0.441   0.026   0.076   0.003   0.004   0.333   0.002   0.000   0.004   0.000 925195800
10.65    5.03    61.490
10.65 15.00   0.907   1.205
10.65 15.00   2.113    67.249
10.65 15.00   1.917   1.011   2.113   0.480
10.65 15.00   1.918   1.004   2.113   0.473

10.66  0.00   0.448   0.441   0.026   0.076   0.003   0.004   0.333   0.002   0.000   0.004   0.000 926064600
10.66    5.03    61.478
10.66 15.00   0.907   1.205
10.66 15.00   2.113    67.242
10.66 15.00   1.916   1.011   2.113   0.480
10.66 15.00   1.918   1.004   2.113   0.473

10.67  0.00   0.448   0.441   0.026   0.076   0.003   0.004   0.333   0.002   0.000   0.004   0.000 926933300
10.67    5.03    61.466
10.67 15.00   0.907   1.205
10.67 15.00   2.112    67.236
10.67 15.00   1.916   1.010   2.112   0.480
10.67 15.00   1.918   1.004   2.112   0.473

10.68  0.00   0.448   0.441   0.026   0.076   0.003   0.004   0.333   0.002   0.000   0.004   0.000 927802100
10.68    5.03    61.454
10.68 15.00   0.906   1.205
10.68 15.00   2.112    67.230
10.68 15.00   1.916   1.010   2.112   0.480
10.68 15.00   1.917   1.003   2.112   0.473

10.69  0.00   0.448   0.441   0.026   0.076   0.003   0.004   0.333   0.002   0.000   0.004   0.000 928670700
10.69    5.03    61.442
10.69 15.00   0.906   1.205
10.69 15.00   2.111    67.223
10.69 15.00   1.915   1.010   2.111   0.480
10.69 15.00   1.917   1.003   2.111   0.473

10.70  0.00   0.448   0.441   0.026   0.076   0.003   0.004   0.333   0.002   0.000   0.004   0.000 929539500
10.70    5.03    61.429
10.70 15.00   0.906   1.205
10.70 15.00   2.111    67.217
10.70 15.00   1.915   1.010   2.111   0.480
10.70 15.00   1.917   1.003   2.111   0.473

10.71  0.00   0.448   0.441   0.026   0.076   0.003   0.004   0.333   0.002   0.000   0.004   0.000 930408300
10.71    5.03    61.417
10.71 15.00   0.905   1.205
10.71 15.00   2.111    67.210
10.71 15.00   1.914   1.010   2.111   0.480
10.71 15.00   1.916   1.003   2.111   0.473

10.72  0.00   0.448   0.441   0.026   0.076   0.003   0.004   0.333   0.002   0.000   0.004   0.000 931277000
10.72    5.02    61.405
10.72 15.00   0.905   1.205
10.72 15.00   2.110    67.204
10.72 15.00   1.914   1.010   2.110   0.480
10.72 15.00   1.916   1.003   2.110   0.473

10.73  0.00   0.448   0.441   0.026   0.076   0.003   0.004   0.333   0.002   0.000   0.004   0.000 932145700
10.73    5.02    61.393
10.73 15.00   0.904   1.205
10.73 15.00   2.110    67.197
10.73 15.00   1.914   1.010   2.110   0.480
10.73 15.00   1.916   1.003   2.110   0.473

10.74  0.00   0.448   0.441   0.026   0.076   0.003   0.004   0.333   0.002   0.000   0.004   0.000 933014400
10.74    5.02    61.381
10.74 15.00   0.904   1.205
10.74 15.00   2.109    67.191
10.74 15.00   1.913   1.010   2.109   0.480
10.74 15.00   1.915   1.003   2.109   0.473

10.75  0.00   0.448   0.441   0.026   0.076   0.003   0.004   0.333   0.002   0.000   0.004   0.000 933883100
10.75    5.02    61.369
10.75 15.00   0.904   1.205
10.75 15.00   2.109    67.184
10.75 15.00   1.913   1.009   2.109   0.480
10.75 15.00   1.915   1.003   2.109   0.473

10.76  0.00   0.448   0.441   0.026   0.076   0.003   0.004   0.333   0.002   0.000   0.004   0.000 934751900
10.76    5.02    61.358
10.76 15.00   0.903   1.205
10.76 15.00   2.109    67.178
10.76 15.00   1.913   1.009   2.109   0.480
10.76 15.00   1.914   1.002   2.109   0.473

10.77  0.00   0.448   0.441   0.026   0.076   0.003   0.004   0.333   0.002   0.000   0.004   0.000 935620700
10.77    5.02    61.346
10.77 15.00   0.903   1.205
10.77 15.00   2.108    67.172
10.77 15.00   1.912   1.009   2.108   0.480
10.77 15.00   1.914   1.002   2.108   0.473

10.78  0.00   0.448   0.441   0.026   0.076   0.003   0.004   0.333   0.002   0.000   0.004   0.000 936489300
10.78    5.02    61.334
10.78 15.00   0.902   1.205
10.78 15.00   2.108    67.165
10.78 15.00   1.912   1.009   2.108   0.480
10.78 15.00   1.914   1.002   2.108   0.473

10.79  0.00   0.448   0.441   0.026   0.076   0.003   0.004   0.333   0.002   0.000   0.004   0.000 937358100
10.79    5.01    61.322
10.79 15.00   0.902   1.205
10.79 15.00   2.108    67.159
10.79 15.00   1.912   1.009   2.108   0.480
10.79 15.00   1.913   1.002   2.108   0.473

10.80  0.00   0.448   0.441   0.026   0.076   0.003   0.004   0.333   0.002   0.000   0.004   0.000 938226800
10.80    5.01    61.310
10.80 15.00   0.902   1.205
10.80 15.00   2.107    67.153
10.80 15.00   1.911   1.009   2.107   0.480
10.80 15.00   1.913   1.002   2.107   0.473

10.81  0.00   0.448   0.441   0.026   0.076   0.003   0.004   0.333   0.002   0.000   0.004   0.000 939095600
10.81    5.01    61.298
10.81 15.00   0.901   1.205
10.81 15.00   2.107    67.146
10.81 15.00   1.911   1.009   2.107   0.480
10.81 15.00   1.913   1.002   2.107   0.473

10.82  0.00   0.448   0.441   0.026   0.076   0.003   0.004   0.333   0.002   0.000   0.004   0.000 939964200
10.82    5.01    61.286
10.82 15.00   0.901   1.205
10.82 15.00   2.106    67.140
10.82 15.00   1.910   1.009   2.106   0.480
10.82 15.00   1.912   1.002   2.106   0.473

10.83  0.00   0.448   0.441   0.026   0.076   0.003   0.004   0.333   0.002   0.000   0.004   0.000 940833000
10.83    5.01    61.274
10.83 15.00   0.901   1.205
10.83 15.00   2.106    67.134
10.83 15.00   1.910   1.008   2.106   0.480
10.83 15.00   1.912   1.002   2.106   0.473

10.84  0.00   0.447   0.441   0.026   0.076   0.003   0.004   0.333   0.002   0.000   0.004   0.000 941701700
10.84    5.01    61.262
10.84 15.00   0.900   1.205
10.84 15.00   2.106    67.127
10.84 15.00   1.910   1.008   2.106   0.480
10.84 15.00   1.912   1.001   2.106   0.473

10.85  0.00   0.447   0.441   0.026   0.076   0.003   0.004   0.333   0.002   0.000   0.004   0.000 942570500
10.85    5.00    61.251
10.85 15.00   0.900   1.205
10.85 15.00   2.105    67.121
10.85 15.00   1.909   1.008   2.105   0.480
10.85 15.00   1.911   1.001   2.105   0.472

10.86  0.00   0.447   0.441   0.026   0.076   0.003   0.004   0.333   0.002   0.000   0.004   0.000 943439200
10.86    5.00    61.239
10.86 15.00   0.899   1.205
10.86 15.00   2.105    67.115
10.86 15.00   1.909   1.008   2.105   0.480
10.86 15.00   1.911   1.001   2.105   0.472

10.87  0.00   0.447   0.441   0.026   0.076   0.003   0.004   0.333   0.002   0.000   0.004   0.000 944307900
10.87    5.00    61.227
10.87 15.00   0.899   1.205
10.87 15.00   2.105    67.108
10.87 15.00   1.909   1.008   2.105   0.480
10.87 15.00   1.911   1.001   2.105   0.472

10.88  0.00   0.447   0.441   0.026   0.076   0.003   0.004   0.333   0.002   0.000   0.004   0.000 945176600
10.88    5.00    61.215
10.88 15.00   0.899   1.205
10.88 15.00   2.104    67.102
10.88 15.00   1.908   1.008   2.104   0.480
10.88 15.00   1.910   1.001   2.104   0.472

10.89  0.00   0.447   0.441   0.026   0.076   0.003   0.004   0.333   0.002   0.000   0.004   0.000 946045400
10.89    5.00    61.203
10.89 15.00   0.898   1.205
10.89 15.00   2.104    67.096
10.89 15.00   1.908   1.008   2.104   0.479
10.89 15.00   1.910   1.001   2.104   0.472

10.90  0.00   0.447   0.441   0.026   0.076   0.003   0.004   0.333   0.002   0.000   0.004   0.000 946914000
10.90    5.00    61.192
10.90 15.00   0.898   1.205
10.90 15.00   2.103    67.090
10.90 15.00   1.908   1.008   2.103   0.479
10.90 15.00   1.909   1.001   2.103   0.472

10.91  0.00   0.447   0.441   0.026   0.076   0.003   0.004   0.333   0.002   0.000   0.004   0.000 947782800
10.91    5.00    61.180
10.91 15.00   0.898   1.205
10.91 15.00   2.103    67.083
10.91 15.00   1.907   1.007   2.103   0.479
10.91 15.00   1.909   1.001   2.103   0.472

10.92  0.00   0.447   0.441   0.026   0.076   0.003   0.004   0.333   0.002   0.000   0.004   0.000 948651500
10.92    4.99    61.168
10.92 15.00   0.897   1.205
10.92 15.00   2.103    67.077
10.92 15.00   1.907   1.007   2.103   0.479
10.92 15.00   1.909   1.000   2.103   0.472

10.93  0.00   0.447   0.441   0.026   0.076   0.003   0.004   0.333   0.002   0.000   0.004   0.000 949520300
10.93    4.99    61.157
10.93 15.00   0.897   1.205
10.93 15.00   2.102    67.071
10.93 15.00   1.907   1.007   2.102   0.479
10.93 15.00   1.908   1.000   2.102   0.472

10.94  0.00   0.447   0.441   0.026   0.076   0.003   0.004   0.333   0.002   0.000   0.004   0.000 950389000
10.94    4.99    61.145
10.94 15.00   0.896   1.205
10.94 15.00   2.102    67.065
10.94 15.00   1.906   1.007   2.102   0.479
10.94 15.00   1.908   1.000   2.102   0.472

10.95  0.00   0.447   0.441   0.026   0.076   0.003   0.004   0.333   0.002   0.000   0.004   0.000 951257700
10.95    4.99    61.133
10.95 15.00   0.896   1.205
10.95 15.00   2.102    67.058
10.95 15.00   1.906   1.007   2.102   0.479
10.95 15.00   1.908   1.000   2.102   0.472

10.96  0.00   0.447   0.441   0.026   0.076   0.003   0.004   0.333   0.002   0.000   0.004   0.000 952126500
10.96    4.99    61.122
10.96 15.00   0.896   1.205
10.96 15.00   2.101    67.052
10.96 15.00   1.906   1.007   2.101   0.479
10.96 15.00   1.907   1.000   2.101   0.472

10.97  0.00   0.447   0.441   0.026   0.076   0.003   0.004   0.333   0.002   0.000   0.004   0.000 952995200
10.97    4.99    61.110
10.97 15.00   0.895   1.205
10.97 15.00   2.101    67.046
10.97 15.00   1.905   1.007   2.101   0.479
10.97 15.00   1.907   1.000   2.101   0.472

10.98  0.00   0.447   0.440   0.026   0.076   0.003   0.004   0.333   0.002   0.000   0.004   0.000 953863900
10.98    4.99    61.098
10.98 15.00   0.895   1.205
10.98 15.00   2.100    67.040
10.98 15.00   1.905   1.007   2.100   0.479
10.98 15.00   1.907   1.000   2.100   0.472

10.99  0.00   0.447   0.440   0.026   0.076   0.003   0.004   0.333   0.002   0.000   0.004   0.000 954732600
10.99    4.99    61.087
10.99 15.00   0.895   1.205
10.99 15.00   2.100    67.034
10.99 15.00   1.904   1.006   2.100   0.479
10.99 15.00   1.906   1.000   2.100   0.472

11.00  0.00   0.447   0.440   0.026   0.076   0.003   0.004   0.333   0.002   0.000   0.004   0.000 955601300
11.00    4.98    61.075
11.00 15.00   0.894   1.205
11.00 15.00   2.100    67.027
11.00 15.00   1.904   1.006   2.100   0.479
11.00 15.00   1.906   0.999   2.100   0.472

11.01  0.00   0.447   0.440   0.026   0.076   0.003   0.004   0.333   0.002   0.000   0.004   0.000 956470100
11.01    4.98    61.064
11.01 15.00   0.894   1.205
11.01 15.00   2.099    67.021
11.01 15.00   1.904   1.006   2.099   0.479
11.01 15.00   1.906   0.999   2.099   0.472

11.02  0.00   0.447   0.440   0.026   0.076   0.003   0.004   0.333   0.002   0.000   0.004   0.000 957338900
11.02    4.98    61.052
11.02 15.00   0.894   1.205
11.02 15.00   2.099    67.015
11.02 15.00   1.903   1.006   2.099   0.479
11.02 15.00   1.905   0.999   2.099   0.472

11.03  0.00   0.447   0.440   0.026   0.076   0.003   0.004   0.333   0.002   0.000   0.004   0.000 958207600
11.03    4.98    61.040
11.03 15.00   0.893   1.205
11.03 15.00   2.099    67.009
11.03 15.00   1.903   1.006   2.099   0.479
11.03 15.00   1.905   0.999   2.099   0.472

11.04  0.00   0.447   0.440   0.026   0.076   0.003   0.004   0.333   0.002   0.000   0.004   0.000 959076300
11.04    4.98    61.029
11.04 15.00   0.893   1.205
11.04 15.00   2.098    67.003
11.04 15.00   1.903   1.006   2.098   0.479
11.04 15.00   1.905   0.999   2.098   0.472

11.05  0.00   0.447   0.440   0.026   0.076   0.003   0.004   0.333   0.002   0.000   0.004   0.000 959945000
11.05    4.98    61.017
11.05 15.00   0.892   1.205
11.05 15.00   2.098    66.997
11.05 15.00   1.902   1.006   2.098   0.479
11.05 15.00   1.904   0.999   2.098   0.472

11.06  0.00   0.447   0.440   0.026   0.076   0.003   0.004   0.333   0.002   0.000   0.004   0.000 960813800
11.06    4.98    61.006
11.06 15.00   0.892   1.205
11.06 15.00   2.098    66.991
11.06 15.00   1.902   1.006   2.098   0.479
11.06 15.00   1.904   0.999   2.098   0.472

11.07  0.00   0.447   0.440   0.026   0.076   0.003   0.004   0.333   0.002   0.000   0.004   0.000 961682400
11.07    4.97    60.994
11.07 15.00   0.892   1.205
11.07 15.00   2.097    66.985
11.07 15.00   1.902   1.005   2.097   0.479
11.07 15.00   1.904   0.999   2.097   0.472

11.08  0.00   0.447   0.440   0.026   0.076   0.003   0.004   0.333   0.002   0.000   0.004   0.000 962551200
11.08    4.97    60.983
11.08 15.00   0.891   1.205
11.08 15.00   2.097    66.978
11.08 15.00   1.901   1.005   2.097   0.479
11.08 15.00   1.903   0.998   2.097   0.472

11.09  0.00   0.447   0.440   0.026   0.076   0.003   0.004   0.333   0.002   0.000   0.004   0.000 963420000
11.09    4.97    60.971
11.09 15.00   0.891   1.205
11.09 15.00   2.096    66.972
11.09 15.00   1.901   1.005   2.096   0.479
11.09 15.00   1.903   0.998   2.096   0.472

11.10  0.00   0.447   0.440   0.026   0.076   0.003   0.004   0.333   0.002   0.000   0.003   0.000 964288700
11.10    4.97    60.960
11.10 15.00   0.891   1.205
11.10 15.00   2.096    66.966
11.10 15.00   1.901   1.005   2.096   0.479
11.10 15.00   1.903   0.998   2.096   0.472

11.11  0.00   0.447   0.440   0.026   0.076   0.003   0.004   0.333   0.002   0.000   0.003   0.000 965157400
11.11    4.97    60.949
11.11 15.00   0.890   1.205
11.11 15.00   2.096    66.960
11.11 15.00   1.900   1.005   2.096   0.479
11.11 15.00   1.902   0.998   2.096   0.472

11.12  0.00   0.447   0.440   0.026   0.076   0.003   0.004   0.333   0.002   0.000   0.003   0.000 966026100
11.12    4.97    60.937
11.12 15.00   0.890   1.205
11.12 15.00   2.095    66.954
11.12 15.00   1.900   1.005   2.095   0.479
11.12 15.00   1.902   0.998   2.095   0.472

11.13  0.00   0.447   0.440   0.026   0.076   0.003   0.004   0.333   0.002   0.000   0.003   0.000 966894800
11.13    4.97    60.926
11.13 15.00   0.890   1.205
11.13 15.00   2.095    66.948
11.13 15.00   1.900   1.005   2.095   0.479
11.13 15.00   1.902   0.998   2.095   0.472

11.14  0.00   0.447   0.440   0.026   0.076   0.003   0.004   0.333   0.002   0.000   0.003   0.000 967763600
11.14    4.96    60.914
11.14 15.00   0.889   1.205
11.14 15.00   2.095    66.942
11.14 15.00   1.899   1.005   2.095   0.479
11.14 15.00   1.901   0.998   2.095   0.472

11.15  0.00   0.447   0.440   0.026   0.076   0.003   0.004   0.333   0.002   0.000   0.003   0.000 968632300
11.15    4.96    60.903
11.15 15.00   0.889   1.205
11.15 15.00   2.094    66.936
11.15 15.00   1.899   1.004   2.094   0.479
11.15 15.00   1.901   0.998   2.094   0.472

11.16  0.00   0.447   0.440   0.026   0.076   0.003   0.004   0.333   0.002   0.000   0.003   0.000 969501000
11.16    4.96    60.892
11.16 15.00   0.889   1.205
11.16 15.00   2.094    66.930
11.16 15.00   1.899   1.004   2.094   0.479
11.16 15.00   1.901   0.997   2.094   0.472

11.17  0.00   0.447   0.440   0.026   0.076   0.003   0.004   0.333   0.002   0.000   0.003   0.000 970369800
11.17    4.96    60.880
11.17 15.00   0.888   1.205
11.17 15.00   2.094    66.924
11.17 15.00   1.898   1.004   2.094   0.479
11.17 15.00   1.900   0.997   2.094   0.472

11.18  0.00   0.447   0.440   0.026   0.076   0.003   0.004   0.333   0.002   0.000   0.003   0.000 971238500
11.18    4.96    60.869
11.18 15.00   0.888   1.205
11.18 15.00   2.093    66.918
11.18 15.00   1.898   1.004   2.093   0.479
11.18 15.00   1.900   0.997   2.093   0.472

11.19  0.00   0.447   0.440   0.026   0.076   0.003   0.004   0.333   0.002   0.000   0.003   0.000 972107200
11.19    4.96    60.857
11.19 15.00   0.887   1.205
11.19 15.00   2.093    66.912
11.19 15.00   1.898   1.004   2.093   0.479
11.19 15.00   1.900   0.997   2.093   0.472

11.20  0.00   0.447   0.440   0.026   0.076   0.003   0.004   0.333   0.002   0.000   0.003   0.000 972975900
11.20    4.96    60.846
11.20 15.00   0.887   1.205
11.20 15.00   2.093    66.906
11.20 15.00   1.897   1.004   2.093   0.479
11.20 15.00   1.899   0.997   2.093   0.471

11.21  0.00   0.446   0.440   0.026   0.076   0.003   0.004   0.333   0.002   0.000   0.003   0.000 973844700
11.21    4.95    60.835
11.21 15.00   0.887   1.205
11.21 15.00   2.092    66.900
11.21 15.00   1.897   1.004   2.092   0.479
11.21 15.00   1.899   0.997   2.092   0.471

11.22  0.00   0.446   0.440   0.026   0.076   0.003   0.004   0.333   0.002   0.000   0.003   0.000 974713400
11.22    4.95    60.824
11.22 15.00   0.886   1.205
11.22 15.00   2.092    66.894
11.22 15.00   1.897   1.004   2.092   0.479
11.22 15.00   1.899   0.997   2.092   0.471

11.23  0.00   0.446   0.440   0.026   0.076   0.003   0.004   0.333   0.002   0.000   0.003   0.000 975582100
11.23    4.95    60.812
11.23 15.00   0.886   1.205
11.23 15.00   2.091    66.888
11.23 15.00   1.896   1.003   2.091   0.478
11.23 15.00   1.898   0.997   2.091   0.471

11.24  0.00   0.446   0.440   0.026   0.076   0.003   0.004   0.333   0.002   0.000   0.003   0.000 976450800
11.24    4.95    60.801
11.24 15.00   0.886   1.205
11.24 15.00   2.091    66.882
11.24 15.00   1.896   1.003   2.091   0.478
11.24 15.00   1.898   0.997   2.091   0.471

11.25  0.00   0.446   0.440   0.026   0.076   0.003   0.004   0.333   0.002   0.000   0.003   0.000 977319600
11.25    4.95    60.790
11.25 15.00   0.885   1.205
11.25 15.00   2.091    66.876
11.25 15.00   1.896   1.003   2.091   0.478
11.25 15.00   1.898   0.996   2.091   0.471

11.26  0.00   0.446   0.440   0.026   0.076   0.003   0.004   0.333   0.002   0.000   0.003   0.000 978188400
11.26    4.95    60.779
11.26 15.00   0.885   1.205
11.26 15.00   2.090    66.870
11.26 15.00   1.895   1.003   2.090   0.478
11.26 15.00   1.897   0.996   2.090   0.471

11.27  0.00   0.446   0.440   0.026   0.076   0.003   0.004   0.333   0.002   0.000   0.003   0.000 979057100
11.27    4.95    60.767
11.27 15.00   0.885   1.205
11.27 15.00   2.090    66.864
11.27 15.00   1.895   1.003   2.090   0.478
11.27 15.00   1.897   0.996   2.090   0.471

11.28  0.00   0.446   0.440   0.026   0.076   0.003   0.004   0.333   0.002   0.000   0.003   0.000 979925800
11.28    4.95    60.756
11.28 15.00   0.884   1.205
11.28 15.00   2.090    66.858
11.28 15.00   1.895   1.003   2.090   0.478
11.28 15.00   1.897   0.996   2.090   0.471

11.29  0.00   0.446   0.440   0.026   0.076   0.003   0.004   0.333   0.002   0.000   0.003   0.000 980794500
11.29    4.94    60.745
11.29 15.00   0.884   1.205
11.29 15.00   2.089    66.852
11.29 15.00   1.894   1.003   2.089   0.478
11.29 15.00   1.896   0.996   2.089   0.471

11.30  0.00   0.446   0.440   0.026   0.076   0.003   0.004   0.333   0.002   0.000   0.003   0.000 981663200
11.30    4.94    60.734
11.30 15.00   0.884   1.205
11.30 15.00   2.089    66.847
11.30 15.00   1.894   1.003   2.089   0.478
11.30 15.00   1.896   0.996   2.089   0.471

11.31  0.00   0.446   0.440   0.026   0.076   0.003   0.004   0.333   0.002   0.000   0.003   0.000 982532000
11.31    4.94    60.723
11.31 15.00   0.883   1.205
11.31 15.00   2.089    66.841
11.31 15.00   1.894   1.003   2.089   0.478
11.31 15.00   1.896   0.996   2.089   0.471

11.32  0.00   0.446   0.440   0.026   0.076   0.003   0.004   0.333   0.002   0.000   0.003   0.000 983400600
11.32    4.94    60.712
11.32 15.00   0.883   1.205
11.32 15.00   2.088    66.835
11.32 15.00   1.893   1.002   2.088   0.478
11.32 15.00   1.895   0.996   2.088   0.471

11.33  0.00   0.446   0.440   0.026   0.076   0.003   0.004   0.332   0.002   0.000   0.003   0.000 984269400
11.33    4.94    60.700
11.33 15.00   0.883   1.205
11.33 15.00   2.088    66.829
11.33 15.00   1.893   1.002   2.088   0.478
11.33 15.00   1.895   0.995   2.088   0.471

11.34  0.00   0.446   0.440   0.026   0.076   0.003   0.004   0.332   0.002   0.000   0.003   0.000 985138200
11.34    4.94    60.689
11.34 15.00   0.882   1.205
11.34 15.00   2.088    66.823
11.34 15.00   1.893   1.002   2.088   0.478
11.34 15.00   1.895   0.995   2.088   0.471

11.35  0.00   0.446   0.440   0.026   0.076   0.003   0.004   0.332   0.002   0.000   0.003   0.000 986006900
11.35    4.94    60.678
11.35 15.00   0.882   1.205
11.35 15.00   2.087    66.817
11.35 15.00   1.892   1.002   2.087   0.478
11.35 15.00   1.894   0.995   2.087   0.471

11.36  0.00   0.446   0.439   0.026   0.076   0.003   0.004   0.332   0.002   0.000   0.003   0.000 986875600
11.36    4.93    60.667
11.36 15.00   0.881   1.205
11.36 15.00   2.087    66.811
11.36 15.00   1.892   1.002   2.087   0.478
11.36 15.00   1.894   0.995   2.087   0.471

11.37  0.00   0.446   0.439   0.026   0.076   0.003   0.004   0.332   0.002   0.000   0.003   0.000 987744300
11.37    4.93    60.656
11.37 15.00   0.881   1.205
11.37 15.00   2.087    66.806
11.37 15.00   1.892   1.002   2.087   0.478
11.37 15.00   1.894   0.995   2.087   0.471

11.38  0.00   0.446   0.439   0.026   0.076   0.003   0.004   0.332   0.002   0.000   0.003   0.000 988613100
11.38    4.93    60.645
11.38 15.00   0.881   1.205
11.38 15.00   2.086    66.800
11.38 15.00   1.891   1.002   2.086   0.478
11.38 15.00   1.893   0.995   2.086   0.471

11.39  0.00   0.446   0.439   0.026   0.076   0.003   0.004   0.332   0.002   0.000   0.003   0.000 989481800
11.39    4.93    60.634
11.39 15.00   0.880   1.205
11.39 15.00   2.086    66.794
11.39 15.00   1.891   1.002   2.086   0.478
11.39 15.00   1.893   0.995   2.086   0.471

11.40  0.00   0.446   0.439   0.026   0.076   0.003   0.004   0.332   0.002   0.000   0.003   0.000 990350500
11.40    4.93    60.623
11.40 15.00   0.880   1.205
11.40 15.00   2.086    66.788
11.40 15.00   1.891   1.002   2.086   0.478
11.40 15.00   1.893   0.995   2.086   0.471

11.41  0.00   0.446   0.439   0.026   0.076   0.003   0.004   0.332   0.002   0.000   0.003   0.000 991219200
11.41    4.93    60.612
11.41 15.00   0.880   1.205
11.41 15.00   2.085    66.782
11.41 15.00   1.890   1.001   2.085   0.478
11.41 15.00   1.892   0.995   2.085   0.471

11.42  0.00   0.446   0.439   0.026   0.076   0.003   0.004   0.332   0.002   0.000   0.003   0.000 992088000
11.42    4.93    60.601
11.42 15.00   0.879   1.205
11.42 15.00   2.085    66.776
11.42 15.00   1.890   1.001   2.085   0.478
11.42 15.00   1.892   0.994   2.085   0.471

11.43  0.00   0.446   0.439   0.026   0.076   0.003   0.004   0.332   0.002   0.000   0.003   0.000 992956700
11.43    4.93    60.590
11.43 15.00   0.879   1.205
11.43 15.00   2.084    66.771
11.43 15.00   1.890   1.001   2.084   0.478
11.43 15.00   1.892   0.994   2.084   0.471

11.44  0.00   0.446   0.439   0.026   0.076   0.003   0.004   0.332   0.002   0.000   0.003   0.000 993825400
11.44    4.92    60.579
11.44 15.00   0.879   1.205
11.44 15.00   2.084    66.765
11.44 15.00   1.889   1.001   2.084   0.478
11.44 15.00   1.891   0.994   2.084   0.471

11.45  0.00   0.446   0.439   0.026   0.076   0.003   0.004   0.332   0.002   0.000   0.003   0.000 994694100
11.45    4.92    60.568
11.45 15.00   0.878   1.205
11.45 15.00   2.084    66.759
11.45 15.00   1.889   1.001   2.084   0.478
11.45 15.00   1.891   0.994   2.084   0.471

11.46  0.00   0.446   0.439   0.026   0.076   0.003   0.004   0.332   0.002   0.000   0.003   0.000 995562900
11.46    4.92    60.557
11.46 15.00   0.878   1.205
11.46 15.00   2.083    66.753
11.46 15.00   1.889   1.001   2.083   0.478
11.46 15.00   1.891   0.994   2.083   0.471

11.47  0.00   0.446   0.439   0.026   0.076   0.003   0.004   0.332   0.002   0.000   0.003   0.000 996431600
11.47    4.92    60.530
11.47 15.00   0.878   1.205
11.47 15.00   2.083    66.748
11.47 15.00   1.888   1.001   2.083   0.478
11.47 15.00   1.890   0.994   2.083   0.471

11.48  0.00   0.446   0.439   0.026   0.076   0.003   0.004   0.332   0.002   0.000   0.003   0.000 997300300
11.48    4.91    60.516
11.48 15.00   0.877   1.205
11.48 15.00   2.083    66.742
11.48 15.00   1.888   1.001   2.083   0.478
11.48 15.00   1.890   0.994   2.083   0.471

11.49  0.00   0.446   0.439   0.026   0.076   0.003   0.004   0.332   0.002   0.000   0.003   0.000 998169000
11.49    4.91    60.503
11.49 15.00   0.877   1.205
11.49 15.00   2.082    66.736
11.49 15.00   1.888   1.000   2.082   0.478
11.49 15.00   1.890   0.994   2.082   0.471

11.50  0.00   0.446   0.439   0.026   0.076   0.003   0.004   0.332   0.002   0.000   0.003   0.000 999037800
11.50    4.91    60.490
11.50 15.00   0.877   1.205
11.50 15.00   2.082    66.730
11.50 15.00   1.888   1.000   2.082   0.478
11.50 15.00   1.889   0.994   2.082   0.471

11.51  0.00   0.446   0.439   0.026   0.076   0.003   0.004   0.332   0.002   0.000   0.003   0.000 999906600
11.51    4.91    60.477
11.51 15.00   0.876   1.205
11.51 15.00   2.082    66.725
11.51 15.00   1.887   1.000   2.082   0.478
11.51 15.00   1.889   0.993   2.082   0.471

11.52  0.00   0.446   0.439   0.026   0.076   0.003   0.004   0.332   0.002   0.000   0.003   0.000 1000775000
11.52    4.91    60.464
11.52 15.00   0.876   1.205
11.52 15.00   2.081    66.719
11.52 15.00   1.887   1.000   2.081   0.478
11.52 15.00   1.889   0.993   2.081   0.471

11.53  0.00   0.446   0.439   0.026   0.076   0.003   0.004   0.332   0.002   0.000   0.003   0.000 1001644000
11.53    4.90    60.451
11.53 15.00   0.876   1.205
11.53 15.00   2.081    66.713
11.53 15.00   1.887   1.000   2.081   0.478
11.53 15.00   1.888   0.993   2.081   0.471

11.54  0.00   0.446   0.439   0.026   0.076   0.003   0.004   0.332   0.002   0.000   0.003   0.000 1002513000
11.54    4.90    60.438
11.54 15.00   0.875   1.205
11.54 15.00   2.081    66.707
11.54 15.00   1.886   1.000   2.081   0.478
11.54 15.00   1.888   0.993   2.081   0.471

11.55  0.00   0.446   0.439   0.026   0.076   0.003   0.004   0.332   0.002   0.000   0.003   0.000 1003381000
11.55    4.90    60.425
11.55 15.00   0.875   1.205
11.55 15.00   2.080    66.702
11.55 15.00   1.886   1.000   2.080   0.478
11.55 15.00   1.888   0.993   2.080   0.471

11.56  0.00   0.446   0.439   0.026   0.076   0.003   0.004   0.332   0.002   0.000   0.003   0.000 1004250000
11.56    4.90    60.412
11.56 15.00   0.875   1.205
11.56 15.00   2.080    66.696
11.56 15.00   1.886   1.000   2.080   0.478
11.56 15.00   1.887   0.993   2.080   0.471

11.57  0.00   0.446   0.439   0.026   0.076   0.003   0.004   0.332   0.002   0.000   0.003   0.000 1005119000
11.57    4.90    60.399
11.57 15.00   0.874   1.205
11.57 15.00   2.080    66.690
11.57 15.00   1.885   1.000   2.080   0.478
11.57 15.00   1.887   0.993   2.080   0.470

11.58  0.00   0.446   0.439   0.026   0.076   0.003   0.004   0.332   0.002   0.000   0.003   0.000 1005988000
11.58    4.89    60.386
11.58 15.00   0.874   1.205
11.58 15.00   2.079    66.685
11.58 15.00   1.885   0.999   2.079   0.478
11.58 15.00   1.887   0.993   2.079   0.470

11.59  0.00   0.446   0.439   0.026   0.076   0.003   0.004   0.332   0.002   0.000   0.003   0.000 1006856000
11.59    4.89    60.373
11.59 15.00   0.874   1.205
11.59 15.00   2.079    66.679
11.59 15.00   1.885   0.999   2.079   0.478
11.59 15.00   1.887   0.993   2.079   0.470

11.60  0.00   0.446   0.439   0.026   0.076   0.003   0.004   0.332   0.002   0.000   0.003   0.000 1007725000
11.60    4.89    60.360
11.60 15.00   0.873   1.205
11.60 15.00   2.079    66.673
11.60 15.00   1.884   0.999   2.079   0.477
11.60 15.00   1.886   0.992   2.079   0.470

11.61  0.00   0.445   0.439   0.026   0.076   0.003   0.004   0.332   0.002   0.000   0.003   0.000 1008594000
11.61    4.89    60.348
11.61 15.00   0.873   1.205
11.61 15.00   2.078    66.668
11.61 15.00   1.884   0.999   2.078   0.477
11.61 15.00   1.886   0.992   2.078   0.470

11.62  0.00   0.445   0.439   0.026   0.076   0.003   0.004   0.332   0.002   0.000   0.003   0.000 1009463000
11.62    4.89    60.335
11.62 15.00   0.873   1.205
11.62 15.00   2.078    66.662
11.62 15.00   1.884   0.999   2.078   0.477
11.62 15.00   1.886   0.992   2.078   0.470

11.63  0.00   0.445   0.439   0.026   0.076   0.003   0.004   0.332   0.002   0.000   0.003   0.000 1010331000
11.63    4.88    60.322
11.63 15.00   0.872   1.205
11.63 15.00   2.078    66.657
11.63 15.00   1.883   0.999   2.078   0.477
11.63 15.00   1.885   0.992   2.078   0.470

11.64  0.00   0.445   0.439   0.026   0.076   0.003   0.004   0.332   0.002   0.000   0.003   0.000 1011200000
11.64    4.88    60.309
11.64 15.00   0.872   1.205
11.64 15.00   2.077    66.651
11.64 15.00   1.883   0.999   2.077   0.477
11.64 15.00   1.885   0.992   2.077   0.470

11.65  0.00   0.445   0.439   0.026   0.076   0.003   0.004   0.332   0.002   0.000   0.003   0.000 1012069000
11.65    4.88    60.296
11.65 15.00   0.872   1.205
11.65 15.00   2.077    66.645
11.65 15.00   1.883   0.999   2.077   0.477
11.65 15.00   1.885   0.992   2.077   0.470

11.66  0.00   0.445   0.439   0.026   0.076   0.003   0.004   0.332   0.002   0.000   0.003   0.000 1012937000
11.66    4.88    60.283
11.66 15.00   0.871   1.205
11.66 15.00   2.077    66.640
11.66 15.00   1.882   0.999   2.077   0.477
11.66 15.00   1.884   0.992   2.077   0.470

11.67  0.00   0.445   0.439   0.026   0.076   0.003   0.004   0.332   0.002   0.000   0.003   0.000 1013806000
11.67    4.88    60.270
11.67 15.00   0.871   1.205
11.67 15.00   2.076    66.634
11.67 15.00   1.882   0.998   2.076   0.477
11.67 15.00   1.884   0.992   2.076   0.470

11.68  0.00   0.445   0.439   0.026   0.076   0.003   0.004   0.332   0.002   0.000   0.003   0.000 1014675000
11.68    4.88    60.257
11.68 15.00   0.871   1.205
11.68 15.00   2.076    66.629
11.68 15.00   1.882   0.998   2.076   0.477
11.68 15.00   1.884   0.992   2.076   0.470

11.69  0.00   0.445   0.439   0.026   0.076   0.003   0.004   0.332   0.002   0.000   0.003   0.000 1015544000
11.69    4.87    60.245
11.69 15.00   0.870   1.205
11.69 15.00   2.076    66.623
11.69 15.00   1.882   0.998   2.076   0.477
11.69 15.00   1.883   0.991   2.076   0.470

11.70  0.00   0.445   0.439   0.026   0.076   0.003   0.004   0.332   0.002   0.000   0.003   0.000 1016412000
11.70    4.87    60.232
11.70 15.00   0.870   1.205
11.70 15.00   2.075    66.617
11.70 15.00   1.881   0.998   2.075   0.477
11.70 15.00   1.883   0.991   2.075   0.470

11.71  0.00   0.445   0.439   0.026   0.076   0.003   0.004   0.332   0.002   0.000   0.003   0.000 1017281000
11.71    4.87    60.219
11.71 15.00   0.870   1.205
11.71 15.00   2.075    66.612
11.71 15.00   1.881   0.998   2.075   0.477
11.71 15.00   1.883   0.991   2.075   0.470

11.72  0.00   0.445   0.439   0.026   0.076   0.003   0.004   0.332   0.002   0.000   0.003   0.000 1018150000
11.72    4.87    60.206
11.72 15.00   0.869   1.205
11.72 15.00   2.075    66.606
11.72 15.00   1.881   0.998   2.075   0.477
11.72 15.00   1.882   0.991   2.075   0.470

11.73  0.00   0.445   0.439   0.026   0.076   0.003   0.004   0.332   0.002   0.000   0.003   0.000 1019018000
11.73    4.87    60.193
11.73 15.00   0.869   1.205
11.73 15.00   2.074    66.601
11.73 15.00   1.880   0.998   2.074   0.477
11.73 15.00   1.882   0.991   2.074   0.470

11.74  0.00   0.445   0.439   0.026   0.076   0.003   0.004   0.332   0.002   0.000   0.003   0.000 1019887000
11.74    4.86    60.181
11.74 15.00   0.869   1.205
11.74 15.00   2.074    66.595
11.74 15.00   1.880   0.998   2.074   0.477
11.74 15.00   1.882   0.991   2.074   0.470

11.75  0.00   0.445   0.439   0.026   0.076   0.003   0.004   0.332   0.002   0.000   0.003   0.000 1020756000
11.75    4.86    60.168
11.75 15.00   0.868   1.205
11.75 15.00   2.074    66.590
11.75 15.00   1.880   0.998   2.074   0.477
11.75 15.00   1.882   0.991   2.074   0.470

11.76  0.00   0.445   0.439   0.026   0.076   0.003   0.004   0.332   0.002   0.000   0.003   0.000 1021625000
11.76    4.86    60.155
11.76 15.00   0.868   1.205
11.76 15.00   2.074    66.584
11.76 15.00   1.879   0.997   2.074   0.477
11.76 15.00   1.881   0.991   2.074   0.470

11.77  0.00   0.445   0.438   0.026   0.076   0.003   0.004   0.332   0.002   0.000   0.003   0.000 1022494000
11.77    4.86    60.142
11.77 15.00   0.868   1.205
11.77 15.00   2.073    66.579
11.77 15.00   1.879   0.997   2.073   0.477
11.77 15.00   1.881   0.991   2.073   0.470

11.78  0.00   0.445   0.438   0.026   0.076   0.003   0.004   0.332   0.002   0.000   0.003   0.000 1023362000
11.78    4.86    60.130
11.78 15.00   0.867   1.205
11.78 15.00   2.073    66.573
11.78 15.00   1.879   0.997   2.073   0.477
11.78 15.00   1.881   0.990   2.073   0.470

11.79  0.00   0.445   0.438   0.026   0.076   0.003   0.004   0.332   0.002   0.000   0.003   0.000 1024231000
11.79    4.85    60.117
11.79 15.00   0.867   1.205
11.79 15.00   2.073    66.568
11.79 15.00   1.878   0.997   2.073   0.477
11.79 15.00   1.880   0.990   2.073   0.470

11.80  0.00   0.445   0.438   0.026   0.076   0.003   0.004   0.332   0.002   0.000   0.003   0.000 1025100000
11.80    4.85    60.104
11.80 15.00   0.867   1.205
11.80 15.00   2.072    66.562
11.80 15.00   1.878   0.997   2.072   0.477
11.80 15.00   1.880   0.990   2.072   0.470

11.81  0.00   0.445   0.438   0.026   0.076   0.003   0.004   0.332   0.002   0.000   0.003   0.000 1025968000
11.81    4.85    60.092
11.81 15.00   0.866   1.205
11.81 15.00   2.072    66.557
11.81 15.00   1.878   0.997   2.072   0.477
11.81 15.00   1.880   0.990   2.072   0.470

11.82  0.00   0.445   0.438   0.026   0.076   0.003   0.004   0.332   0.002   0.000   0.003   0.000 1026837000
11.82    4.85    60.079
11.82 15.00   0.866   1.205
11.82 15.00   2.072    66.551
11.82 15.00   1.878   0.997   2.072   0.477
11.82 15.00   1.879   0.990   2.072   0.470

11.83  0.00   0.445   0.438   0.026   0.076   0.003   0.004   0.332   0.002   0.000   0.003   0.000 1027706000
11.83    4.85    60.066
11.83 15.00   0.866   1.205
11.83 15.00   2.071    66.546
11.83 15.00   1.877   0.997   2.071   0.477
11.83 15.00   1.879   0.990   2.071   0.470

11.84  0.00   0.445   0.438   0.026   0.076   0.003   0.004   0.332   0.002   0.000   0.003   0.000 1028575000
11.84    4.85    60.054
11.84 15.00   0.866   1.205
11.84 15.00   2.071    66.540
11.84 15.00   1.877   0.997   2.071   0.477
11.84 15.00   1.879   0.990   2.071   0.470

11.85  0.00   0.445   0.438   0.026   0.076   0.003   0.004   0.332   0.002   0.000   0.003   0.000 1029443000
11.85    4.84    60.041
11.85 15.00   0.865   1.205
11.85 15.00   2.071    66.535
11.85 15.00   1.877   0.997   2.071   0.477
11.85 15.00   1.878   0.990   2.071   0.470

11.86  0.00   0.445   0.438   0.026   0.076   0.003   0.004   0.332   0.002   0.000   0.003   0.000 1030312000
11.86    4.84    60.028
11.86 15.00   0.865   1.205
11.86 15.00   2.070    66.529
11.86 15.00   1.876   0.996   2.070   0.477
11.86 15.00   1.878   0.990   2.070   0.470

11.87  0.00   0.445   0.438   0.026   0.076   0.003   0.004   0.332   0.002   0.000   0.003   0.000 1031181000
11.87    4.84    60.016
11.87 15.00   0.865   1.205
11.87 15.00   2.070    66.524
11.87 15.00   1.876   0.996   2.070   0.477
11.87 15.00   1.878   0.989   2.070   0.470

11.88  0.00   0.445   0.438   0.026   0.076   0.003   0.004   0.332   0.002   0.000   0.003   0.000 1032049000
11.88    4.84    60.003
11.88 15.00   0.864   1.205
11.88 15.00   2.070    66.519
11.88 15.00   1.876   0.996   2.070   0.477
11.88 15.00   1.878   0.989   2.070   0.470

11.89  0.00   0.445   0.438   0.026   0.076   0.003   0.004   0.332   0.002   0.000   0.003   0.000 1032918000
11.89    4.84    59.991
11.89 15.00   0.864   1.205
11.89 15.00   2.069    66.513
11.89 15.00   1.875   0.996   2.069   0.477
11.89 15.00   1.877   0.989   2.069   0.470

11.90  0.00   0.445   0.438   0.026   0.076   0.003   0.004   0.332   0.002   0.000   0.003   0.000 1033787000
11.90    4.83    59.978
11.90 15.00   0.864   1.205
11.90 15.00   2.069    66.508
11.90 15.00   1.875   0.996   2.069   0.477
11.90 15.00   1.877   0.989   2.069   0.470

11.91  0.00   0.445   0.438   0.026   0.076   0.003   0.004   0.332   0.002   0.000   0.003   0.000 1034656000
11.91    4.83    59.965
11.91 15.00   0.863   1.205
11.91 15.00   2.069    66.502
11.91 15.00   1.875   0.996   2.069   0.477
11.91 15.00   1.877   0.989   2.069   0.470

11.92  0.00   0.445   0.438   0.026   0.076   0.003   0.004   0.332   0.002   0.000   0.003   0.000 1035524000
11.92    4.83    59.953
11.92 15.00   0.863   1.205
11.92 15.00   2.068    66.497
11.92 15.00   1.875   0.996   2.068   0.477
11.92 15.00   1.876   0.989   2.068   0.470

11.93  0.00   0.445   0.438   0.026   0.076   0.003   0.004   0.332   0.002   0.000   0.003   0.000 1036393000
11.93    4.83    59.940
11.93 15.00   0.863   1.205
11.93 15.00   2.068    66.491
11.93 15.00   1.874   0.996   2.068   0.477
11.93 15.00   1.876   0.989   2.068   0.470

11.94  0.00   0.445   0.438   0.026   0.076   0.003   0.004   0.332   0.002   0.000   0.003   0.000 1037262000
11.94    4.83    59.928
11.94 15.00   0.862   1.205
11.94 15.00   2.068    66.486
11.94 15.00   1.874   0.996   2.068   0.477
11.94 15.00   1.876   0.989   2.068   0.470

11.95  0.00   0.445   0.438   0.026   0.076   0.002   0.004   0.332   0.002   0.000   0.003   0.000 1038131000
11.95    4.83    59.915
11.95 15.00   0.862   1.205
11.95 15.00   2.067    66.481
11.95 15.00   1.874   0.995   2.067   0.477
11.95 15.00   1.875   0.989   2.067   0.470

11.96  0.00   0.445   0.438   0.026   0.076   0.002   0.004   0.332   0.002   0.000   0.003   0.000 1038999000
11.96    4.82    59.903
11.96 15.00   0.862   1.205
11.96 15.00   2.067    66.475
11.96 15.00   1.873   0.995   2.067   0.477
11.96 15.00   1.875   0.989   2.067   0.469

11.97  0.00   0.445   0.438   0.026   0.076   0.002   0.004   0.332   0.002   0.000   0.003   0.000 1039868000
11.97    4.82    59.890
11.97 15.00   0.861   1.205
11.97 15.00   2.067    66.470
11.97 15.00   1.873   0.995   2.067   0.477
11.97 15.00   1.875   0.988   2.067   0.469

11.98  0.00   0.445   0.438   0.026   0.076   0.002   0.004   0.332   0.002   0.000   0.003   0.000 1040737000
11.98    4.82    59.878
11.98 15.00   0.861   1.205
11.98 15.00   2.066    66.465
11.98 15.00   1.873   0.995   2.066   0.477
11.98 15.00   1.875   0.988   2.066   0.469

11.99  0.00   0.445   0.438   0.026   0.076   0.002   0.004   0.332   0.002   0.000   0.003   0.000 1041606000
11.99    4.82    59.865
11.99 15.00   0.861   1.205
11.99 15.00   2.066    66.459
11.99 15.00   1.872   0.995   2.066   0.477
11.99 15.00   1.874   0.988   2.066   0.469

12.00  0.00   0.445   0.438   0.026   0.076   0.002   0.004   0.332   0.002   0.000   0.003   0.000 1042474000
12.00    4.82    59.853
12.00 15.00   0.860   1.205
12.00 15.00   2.066    66.454
12.00 15.00   1.872   0.995   2.066   0.476
12.00 15.00   1.874   0.988   2.066   0.469

12.01  0.00   0.445   0.438   0.026   0.076   0.002   0.004   0.332   0.002   0.000   0.003   0.000 1043343000
12.01    4.82    59.840
12.01 15.00   0.860   1.205
12.01 15.00   2.066    66.449
12.01 15.00   1.872   0.995   2.066   0.476
12.01 15.00   1.874   0.988   2.066   0.469

12.02  0.00   0.445   0.438   0.026   0.076   0.002   0.004   0.332   0.002   0.000   0.003   0.000 1044212000
12.02    4.81    59.828
12.02 15.00   0.860   1.205
12.02 15.00   2.065    66.443
12.02 15.00   1.872   0.995   2.065   0.476
12.02 15.00   1.873   0.988   2.065   0.469

12.03  0.00   0.445   0.438   0.026   0.076   0.002   0.004   0.332   0.002   0.000   0.003   0.000 1045080000
12.03    4.81    59.816
12.03 15.00   0.860   1.205
12.03 15.00   2.065    66.438
12.03 15.00   1.871   0.995   2.065   0.476
12.03 15.00   1.873   0.988   2.065   0.469

12.04  0.00   0.444   0.438   0.026   0.076   0.002   0.004   0.332   0.002   0.000   0.003   0.000 1045949000
12.04    4.81    59.803
12.04 15.00   0.859   1.205
12.04 15.00   2.065    66.433
12.04 15.00   1.871   0.995   2.065   0.476
12.04 15.00   1.873   0.988   2.065   0.469

12.05  0.00   0.444   0.438   0.026   0.076   0.002   0.004   0.332   0.002   0.000   0.003   0.000 1046818000
12.05    4.81    59.791
12.05 15.00   0.859   1.205
12.05 15.00   2.064    66.427
12.05 15.00   1.871   0.994   2.064   0.476
12.05 15.00   1.873   0.988   2.064   0.469

12.06  0.00   0.444   0.438   0.026   0.076   0.002   0.004   0.332   0.002   0.000   0.003   0.000 1047687000
12.06    4.81    59.778
12.06 15.00   0.859   1.205
12.06 15.00   2.064    66.422
12.06 15.00   1.870   0.994   2.064   0.476
12.06 15.00   1.872   0.987   2.064   0.469

12.07  0.00   0.444   0.438   0.026   0.076   0.002   0.004   0.332   0.002   0.000   0.003   0.000 1048555000
12.07    4.80    59.766
12.07 15.00   0.858   1.205
12.07 15.00   2.064    66.417
12.07 15.00   1.870   0.994   2.064   0.476
12.07 15.00   1.872   0.987   2.064   0.469

12.08  0.00   0.444   0.438   0.026   0.076   0.002   0.004   0.332   0.002   0.000   0.003   0.000 1049424000
12.08    4.80    59.754
12.08 15.00   0.858   1.205
12.08 15.00   2.063    66.411
12.08 15.00   1.870   0.994   2.063   0.476
12.08 15.00   1.872   0.987   2.063   0.469

12.09  0.00   0.444   0.438   0.026   0.076   0.002   0.004   0.332   0.002   0.000   0.003   0.000 1050293000
12.09    4.80    59.741
12.09 15.00   0.858   1.205
12.09 15.00   2.063    66.406
12.09 15.00   1.870   0.994   2.063   0.476
12.09 15.00   1.871   0.987   2.063   0.469

12.10  0.00   0.444   0.438   0.026   0.075   0.002   0.004   0.332   0.002   0.000   0.003   0.000 1051162000
12.10    4.80    59.729
12.10 15.00   0.857   1.205
12.10 15.00   2.063    66.401
12.10 15.00   1.869   0.994   2.063   0.476
12.10 15.00   1.871   0.987   2.063   0.469

12.11  0.00   0.444   0.438   0.026   0.075   0.002   0.004   0.331   0.002   0.000   0.003   0.000 1052030000
12.11    4.80    59.717
12.11 15.00   0.857   1.205
12.11 15.00   2.062    66.396
12.11 15.00   1.869   0.994   2.062   0.476
12.11 15.00   1.871   0.987   2.062   0.469

12.12  0.00   0.444   0.438   0.026   0.075   0.002   0.004   0.331   0.002   0.000   0.003   0.000 1052899000
12.12    4.80    59.704
12.12 15.00   0.857   1.205
12.12 15.00   2.062    66.390
12.12 15.00   1.869   0.994   2.062   0.476
12.12 15.00   1.870   0.987   2.062   0.469

12.13  0.00   0.444   0.438   0.026   0.075   0.002   0.004   0.331   0.002   0.000   0.003   0.000 1053768000
12.13    4.79    59.692
12.13 15.00   0.856   1.205
12.13 15.00   2.062    66.385
12.13 15.00   1.868   0.994   2.062   0.476
12.13 15.00   1.870   0.987   2.062   0.469

12.14  0.00   0.444   0.438   0.026   0.075   0.002   0.004   0.331   0.002   0.000   0.003   0.000 1054636000
12.14    4.79    59.680
12.14 15.00   0.856   1.205
12.14 15.00   2.062    66.380
12.14 15.00   1.868   0.993   2.062   0.476
12.14 15.00   1.870   0.987   2.062   0.469

12.15  0.00   0.444   0.438   0.026   0.075   0.002   0.004   0.331   0.002   0.000   0.003   0.000 1055505000
12.15    4.79    59.667
12.15 15.00   0.856   1.205
12.15 15.00   2.061    66.375
12.15 15.00   1.868   0.993   2.061   0.476
12.15 15.00   1.870   0.987   2.061   0.469

12.16  0.00   0.444   0.438   0.026   0.075   0.002   0.004   0.331   0.002   0.000   0.003   0.000 1056374000
12.16    4.79    59.655
12.16 15.00   0.856   1.205
12.16 15.00   2.061    66.370
12.16 15.00   1.867   0.993   2.061   0.476
12.16 15.00   1.869   0.986   2.061   0.469

12.17  0.00   0.444   0.438   0.026   0.075   0.002   0.004   0.331   0.002   0.000   0.003   0.000 1057243000
12.17    4.79    59.643
12.17 15.00   0.855   1.205
12.17 15.00   2.061    66.364
12.17 15.00   1.867   0.993   2.061   0.476
12.17 15.00   1.869   0.986   2.061   0.469

12.18  0.00   0.444   0.438   0.026   0.075   0.002   0.004   0.331   0.002   0.000   0.003   0.000 1058111000
12.18    4.79    59.631
12.18 15.00   0.855   1.205
12.18 15.00   2.060    66.359
12.18 15.00   1.867   0.993   2.060   0.476
12.18 15.00   1.869   0.986   2.060   0.469

12.19  0.00   0.444   0.438   0.026   0.075   0.002   0.004   0.331   0.002   0.000   0.003   0.000 1058980000
12.19    4.78    59.618
12.19 15.00   0.855   1.205
12.19 15.00   2.060    66.354
12.19 15.00   1.867   0.993   2.060   0.476
12.19 15.00   1.868   0.986   2.060   0.469

12.20  0.00   0.444   0.438   0.026   0.075   0.002   0.004   0.331   0.002   0.000   0.003   0.000 1059849000
12.20    4.78    59.606
12.20 15.00   0.854   1.205
12.20 15.00   2.060    66.349
12.20 15.00   1.866   0.993   2.060   0.476
12.20 15.00   1.868   0.986   2.060   0.469

12.21  0.00   0.444   0.437   0.026   0.075   0.002   0.004   0.331   0.002   0.000   0.003   0.000 1060718000
12.21    4.78    59.594
12.21 15.00   0.854   1.205
12.21 15.00   2.059    66.344
12.21 15.00   1.866   0.993   2.059   0.476
12.21 15.00   1.868   0.986   2.059   0.469

12.22  0.00   0.444   0.437   0.026   0.075   0.002   0.004   0.331   0.002   0.000   0.003   0.000 1061586000
12.22    4.78    59.582
12.22 15.00   0.854   1.205
12.22 15.00   2.059    66.338
12.22 15.00   1.866   0.993   2.059   0.476
12.22 15.00   1.868   0.986   2.059   0.469

12.23  0.00   0.444   0.437   0.026   0.075   0.002   0.004   0.331   0.002   0.000   0.003   0.000 1062455000
12.23    4.78    59.570
12.23 15.00   0.853   1.205
12.23 15.00   2.059    66.333
12.23 15.00   1.865   0.993   2.059   0.476
12.23 15.00   1.867   0.986   2.059   0.469

12.24  0.00   0.444   0.437   0.026   0.075   0.002   0.004   0.331   0.002   0.000   0.003   0.000 1063324000
12.24    4.77    59.557
12.24 15.00   0.853   1.205
12.24 15.00   2.059    66.328
12.24 15.00   1.865   0.992   2.059   0.476
12.24 15.00   1.867   0.986   2.059   0.469

12.25  0.00   0.444   0.437   0.026   0.075   0.002   0.004   0.331   0.002   0.000   0.003   0.000 1064192000
12.25    4.77    59.545
12.25 15.00   0.853   1.205
12.25 15.00   2.058    66.323
12.25 15.00   1.865   0.992   2.058   0.476
12.25 15.00   1.867   0.986   2.058   0.469

12.26  0.00   0.444   0.437   0.026   0.075   0.002   0.004   0.331   0.002   0.000   0.003   0.000 1065061000
12.26    4.77    59.533
12.26 15.00   0.852   1.205
12.26 15.00   2.058    66.318
12.26 15.00   1.865   0.992   2.058   0.476
12.26 15.00   1.866   0.985   2.058   0.469

12.27  0.00   0.444   0.437   0.026   0.075   0.002   0.004   0.331   0.002   0.000   0.003   0.000 1065930000
12.27    4.77    59.521
12.27 15.00   0.852   1.205
12.27 15.00   2.058    66.313
12.27 15.00   1.864   0.992   2.058   0.476
12.27 15.00   1.866   0.985   2.058   0.469

12.28  0.00   0.444   0.437   0.026   0.075   0.002   0.004   0.331   0.002   0.000   0.003   0.000 1066799000
12.28    4.77    59.509
12.28 15.00   0.852   1.205
12.28 15.00   2.057    66.307
12.28 15.00   1.864   0.992   2.057   0.476
12.28 15.00   1.866   0.985   2.057   0.469

12.29  0.00   0.444   0.437   0.026   0.075   0.002   0.004   0.331   0.002   0.000   0.003   0.000 1067667000
12.29    4.77    59.497
12.29 15.00   0.852   1.205
12.29 15.00   2.057    66.302
12.29 15.00   1.864   0.992   2.057   0.476
12.29 15.00   1.866   0.985   2.057   0.469

12.30  0.00   0.444   0.437   0.026   0.075   0.002   0.004   0.331   0.002   0.000   0.003   0.000 1068536000
12.30    4.76    59.485
12.30 15.00   0.851   1.205
12.30 15.00   2.057    66.297
12.30 15.00   1.863   0.992   2.057   0.476
12.30 15.00   1.865   0.985   2.057   0.469

12.31  0.00   0.444   0.437   0.026   0.075   0.002   0.004   0.331   0.002   0.000   0.003   0.000 1069405000
12.31    4.76    59.472
12.31 15.00   0.851   1.205
12.31 15.00   2.056    66.292
12.31 15.00   1.863   0.992   2.056   0.476
12.31 15.00   1.865   0.985   2.056   0.469

12.32  0.00   0.444   0.437   0.026   0.075   0.002   0.004   0.331   0.002   0.000   0.003   0.000 1070274000
12.32    4.76    59.460
12.32 15.00   0.851   1.205
12.32 15.00   2.056    66.287
12.32 15.00   1.863   0.992   2.056   0.476
12.32 15.00   1.865   0.985   2.056   0.469

12.33  0.00   0.444   0.437   0.026   0.075   0.002   0.004   0.331   0.002   0.000   0.003   0.000 1071142000
12.33    4.76    59.448
12.33 15.00   0.850   1.205
12.33 15.00   2.056    66.282
12.33 15.00   1.863   0.992   2.056   0.476
12.33 15.00   1.864   0.985   2.056   0.469

12.34  0.00   0.444   0.437   0.026   0.075   0.002   0.004   0.331   0.002   0.000   0.003   0.000 1072011000
12.34    4.76    59.436
12.34 15.00   0.850   1.205
12.34 15.00   2.056    66.277
12.34 15.00   1.862   0.991   2.056   0.476
12.34 15.00   1.864   0.985   2.056   0.469

12.35  0.00   0.444   0.437   0.026   0.075   0.002   0.004   0.331   0.002   0.000   0.003   0.000 1072880000
12.35    4.76    59.424
12.35 15.00   0.850   1.205
12.35 15.00   2.055    66.272
12.35 15.00   1.862   0.991   2.055   0.476
12.35 15.00   1.864   0.985   2.055   0.469

12.36  0.00   0.444   0.437   0.026   0.075   0.002   0.004   0.331   0.002   0.000   0.003   0.000 1073748000
12.36    4.75    59.412
12.36 15.00   0.849   1.205
12.36 15.00   2.055    66.267
12.36 15.00   1.862   0.991   2.055   0.476
12.36 15.00   1.864   0.984   2.055   0.469

12.37  0.00   0.444   0.437   0.026   0.075   0.002   0.004   0.331   0.002   0.000   0.003   0.000 1074617000
12.37    4.75    59.400
12.37 15.00   0.849   1.205
12.37 15.00   2.055    66.262
12.37 15.00   1.862   0.991   2.055   0.476
12.37 15.00   1.863   0.984   2.055   0.469

12.38  0.00   0.444   0.437   0.026   0.075   0.002   0.004   0.331   0.002   0.000   0.003   0.000 1075486000
12.38    4.75    59.388
12.38 15.00   0.849   1.205
12.38 15.00   2.054    66.256
12.38 15.00   1.861   0.991   2.054   0.476
12.38 15.00   1.863   0.984   2.054   0.468

12.39  0.00   0.444   0.437   0.026   0.075   0.002   0.004   0.331   0.002   0.000   0.003   0.000 1076355000
12.39    4.75    59.376
12.39 15.00   0.849   1.205
12.39 15.00   2.054    66.251
12.39 15.00   1.861   0.991   2.054   0.476
12.39 15.00   1.863   0.984   2.054   0.468

12.40  0.00   0.444   0.437   0.026   0.075   0.002   0.004   0.331   0.002   0.000   0.003   0.000 1077223000
12.40    4.75    59.364
12.40 15.00   0.848   1.205
12.40 15.00   2.054    66.246
12.40 15.00   1.861   0.991   2.054   0.476
12.40 15.00   1.863   0.984   2.054   0.468

12.41  0.00   0.444   0.437   0.026   0.075   0.002   0.004   0.331   0.002   0.000   0.003   0.000 1078092000
12.41    4.75    59.352
12.41 15.00   0.848   1.205
12.41 15.00   2.053    66.241
12.41 15.00   1.860   0.991   2.053   0.476
12.41 15.00   1.862   0.984   2.053   0.468

12.42  0.00   0.444   0.437   0.026   0.075   0.002   0.004   0.331   0.002   0.000   0.003   0.000 1078961000
12.42    4.74    59.340
12.42 15.00   0.848   1.205
12.42 15.00   2.053    66.236
12.42 15.00   1.860   0.991   2.053   0.476
12.42 15.00   1.862   0.984   2.053   0.468

12.43  0.00   0.444   0.437   0.026   0.075   0.002   0.004   0.331   0.002   0.000   0.003   0.000 1079830000
12.43    4.74    59.328
12.43 15.00   0.847   1.205
12.43 15.00   2.053    66.231
12.43 15.00   1.860   0.991   2.053   0.475
12.43 15.00   1.862   0.984   2.053   0.468

12.44  0.00   0.444   0.437   0.026   0.075   0.002   0.004   0.331   0.002   0.000   0.003   0.000 1080698000
12.44    4.74    59.316
12.44 15.00   0.847   1.205
12.44 15.00   2.053    66.226
12.44 15.00   1.860   0.990   2.053   0.475
12.44 15.00   1.861   0.984   2.053   0.468

12.45  0.00   0.444   0.437   0.026   0.075   0.002   0.004   0.331   0.002   0.000   0.003   0.000 1081567000
12.45    4.74    59.304
12.45 15.00   0.847   1.205
12.45 15.00   2.052    66.221
12.45 15.00   1.859   0.990   2.052   0.475
12.45 15.00   1.861   0.984   2.052   0.468

12.46  0.00   0.444   0.437   0.026   0.075   0.002   0.004   0.331   0.002   0.000   0.003   0.000 1082436000
12.46    4.74    59.292
12.46 15.00   0.847   1.205
12.46 15.00   2.052    66.216
12.46 15.00   1.859   0.990   2.052   0.475
12.46 15.00   1.861   0.983   2.052   0.468

12.47  0.00   0.444   0.437   0.026   0.075   0.002   0.004   0.331   0.002   0.000   0.003   0.000 1083304000
12.47    4.74    59.280
12.47 15.00   0.846   1.205
12.47 15.00   2.052    66.211
12.47 15.00   1.859   0.990   2.052   0.475
12.47 15.00   1.861   0.983   2.052   0.468

12.48  0.00   0.444   0.437   0.026   0.075   0.002   0.004   0.331   0.002   0.000   0.003   0.000 1084173000
12.48    4.73    59.269
12.48 15.00   0.846   1.205
12.48 15.00   2.051    66.206
12.48 15.00   1.858   0.990   2.051   0.475
12.48 15.00   1.860   0.983   2.051   0.468

12.49  0.00   0.444   0.437   0.026   0.075   0.002   0.004   0.331   0.002   0.000   0.003   0.000 1085042000
12.49    4.73    59.257
12.49 15.00   0.846   1.205
12.49 15.00   2.051    66.201
12.49 15.00   1.858   0.990   2.051   0.475
12.49 15.00   1.860   0.983   2.051   0.468

12.50  0.00   0.443   0.437   0.026   0.075   0.002   0.004   0.331   0.002   0.000   0.003   0.000 1085911000
12.50    4.73    59.245
12.50 15.00   0.845   1.205
12.50 15.00   2.051    66.196
12.50 15.00   1.858   0.990   2.051   0.475
12.50 15.00   1.860   0.983   2.051   0.468

12.51  0.00   0.443   0.437   0.026   0.075   0.002   0.004   0.331   0.002   0.000   0.003   0.000 1086779000
12.51    4.73    59.233
12.51 15.00   0.845   1.205
12.51 15.00   2.051    66.191
12.51 15.00   1.858   0.990   2.051   0.475
12.51 15.00   1.859   0.983   2.051   0.468

12.52  0.00   0.443   0.437   0.026   0.075   0.002   0.004   0.331   0.002   0.000   0.003   0.000 1087648000
12.52    4.73    59.221
12.52 15.00   0.845   1.205
12.52 15.00   2.050    66.186
12.52 15.00   1.857   0.990   2.050   0.475
12.52 15.00   1.859   0.983   2.050   0.468

12.53  0.00   0.443   0.437   0.026   0.075   0.002   0.004   0.331   0.002   0.000   0.003   0.000 1088517000
12.53    4.73    59.209
12.53 15.00   0.845   1.205
12.53 15.00   2.050    66.181
12.53 15.00   1.857   0.990   2.050   0.475
12.53 15.00   1.859   0.983   2.050   0.468

12.54  0.00   0.443   0.437   0.026   0.075   0.002   0.004   0.331   0.002   0.000   0.003   0.000 1089386000
12.54    4.72    59.197
12.54 15.00   0.844   1.205
12.54 15.00   2.050    66.176
12.54 15.00   1.857   0.990   2.050   0.475
12.54 15.00   1.859   0.983   2.050   0.468

12.55  0.00   0.443   0.437   0.026   0.075   0.002   0.004   0.331   0.002   0.000   0.003   0.000 1090254000
12.55    4.72    59.185
12.55 15.00   0.844   1.205
12.55 15.00   2.049    66.171
12.55 15.00   1.857   0.989   2.049   0.475
12.55 15.00   1.858   0.983   2.049   0.468

12.56  0.00   0.443   0.437   0.026   0.075   0.002   0.004   0.331   0.002   0.000   0.003   0.000 1091123000
12.56    4.72    59.174
12.56 15.00   0.844   1.205
12.56 15.00   2.049    66.166
12.56 15.00   1.856   0.989   2.049   0.475
12.56 15.00   1.858   0.982   2.049   0.468

12.57  0.00   0.443   0.437   0.026   0.075   0.002   0.004   0.331   0.002   0.000   0.003   0.000 1091992000
12.57    4.72    59.162
12.57 15.00   0.843   1.205
12.57 15.00   2.049    66.161
12.57 15.00   1.856   0.989   2.049   0.475
12.57 15.00   1.858   0.982   2.049   0.468

12.58  0.00   0.443   0.437   0.026   0.075   0.002   0.004   0.331   0.002   0.000   0.003   0.000 1092860000
12.58    4.72    59.150
12.58 15.00   0.843   1.205
12.58 15.00   2.049    66.157
12.58 15.00   1.856   0.989   2.049   0.475
12.58 15.00   1.858   0.982   2.049   0.468

12.59  0.00   0.443   0.437   0.026   0.075   0.002   0.004   0.331   0.002   0.000   0.003   0.000 1093729000
12.59    4.72    59.138
12.59 15.00   0.843   1.205
12.59 15.00   2.048    66.152
12.59 15.00   1.855   0.989   2.048   0.475
12.59 15.00   1.857   0.982   2.048   0.468

12.60  0.00   0.443   0.437   0.026   0.075   0.002   0.004   0.331   0.002   0.000   0.003   0.000 1094598000
12.60    4.71    59.126
12.60 15.00   0.843   1.205
12.60 15.00   2.048    66.147
12.60 15.00   1.855   0.989   2.048   0.475
12.60 15.00   1.857   0.982   2.048   0.468

12.61  0.00   0.443   0.437   0.026   0.075   0.002   0.004   0.331   0.002   0.000   0.003   0.000 1095467000
12.61    4.71    59.115
12.61 15.00   0.842   1.205
12.61 15.00   2.048    66.142
12.61 15.00   1.855   0.989   2.048   0.475
12.61 15.00   1.857   0.982   2.048   0.468

12.62  0.00   0.443   0.437   0.026   0.075   0.002   0.004   0.331   0.002   0.000   0.003   0.000 1096335000
12.62    4.71    59.103
12.62 15.00   0.842   1.205
12.62 15.00   2.047    66.137
12.62 15.00   1.855   0.989   2.047   0.475
12.62 15.00   1.856   0.982   2.047   0.468

12.63  0.00   0.443   0.437   0.026   0.075   0.002   0.004   0.331   0.002   0.000   0.003   0.000 1097204000
12.63    4.71    59.091
12.63 15.00   0.842   1.205
12.63 15.00   2.047    66.132
12.63 15.00   1.854   0.989   2.047   0.475
12.63 15.00   1.856   0.982   2.047   0.468

12.64  0.00   0.443   0.437   0.026   0.075   0.002   0.004   0.331   0.002   0.000   0.003   0.000 1098073000
12.64    4.71    59.079
12.64 15.00   0.841   1.205
12.64 15.00   2.047    66.127
12.64 15.00   1.854   0.989   2.047   0.475
12.64 15.00   1.856   0.982   2.047   0.468

12.65  0.00   0.443   0.437   0.026   0.075   0.002   0.004   0.331   0.002   0.000   0.003   0.000 1098942000
12.65    4.71    59.068
12.65 15.00   0.841   1.205
12.65 15.00   2.047    66.122
12.65 15.00   1.854   0.988   2.047   0.475
12.65 15.00   1.856   0.982   2.047   0.468

12.66  0.00   0.443   0.437   0.026   0.075   0.002   0.004   0.331   0.002   0.000   0.003   0.000 1099810000
12.66    4.70    59.056
12.66 15.00   0.841   1.205
12.66 15.00   2.046    66.117
12.66 15.00   1.854   0.988   2.046   0.475
12.66 15.00   1.855   0.982   2.046   0.468

12.67  0.00   0.443   0.437   0.026   0.075   0.002   0.004   0.331   0.002   0.000   0.003   0.000 1100679000
12.67    4.70    59.044
12.67 15.00   0.841   1.205
12.67 15.00   2.046    66.112
12.67 15.00   1.853   0.988   2.046   0.475
12.67 15.00   1.855   0.981   2.046   0.468

12.68  0.00   0.443   0.436   0.026   0.075   0.002   0.004   0.331   0.002   0.000   0.003   0.000 1101548000
12.68    4.70    59.033
12.68 15.00   0.840   1.205
12.68 15.00   2.046    66.108
12.68 15.00   1.853   0.988   2.046   0.475
12.68 15.00   1.855   0.981   2.046   0.468

12.69  0.00   0.443   0.436   0.026   0.075   0.002   0.004   0.331   0.002   0.000   0.003   0.000 1102417000
12.69    4.70    59.021
12.69 15.00   0.840   1.205
12.69 15.00   2.045    66.103
12.69 15.00   1.853   0.988   2.045   0.475
12.69 15.00   1.855   0.981   2.045   0.468

12.70  0.00   0.443   0.436   0.026   0.075   0.002   0.004   0.331   0.002   0.000   0.003   0.000 1103285000
12.70    4.70    59.009
12.70 15.00   0.840   1.205
12.70 15.00   2.045    66.098
12.70 15.00   1.853   0.988   2.045   0.475
12.70 15.00   1.854   0.981   2.045   0.468

12.71  0.00   0.443   0.436   0.026   0.075   0.002   0.004   0.331   0.002   0.000   0.003   0.000 1104154000
12.71    4.70    58.998
12.71 15.00   0.839   1.205
12.71 15.00   2.045    66.093
12.71 15.00   1.852   0.988   2.045   0.475
12.71 15.00   1.854   0.981   2.045   0.468

12.72  0.00   0.443   0.436   0.026   0.075   0.002   0.004   0.331   0.002   0.000   0.003   0.000 1105023000
12.72    4.70    58.986
12.72 15.00   0.839   1.205
12.72 15.00   2.045    66.088
12.72 15.00   1.852   0.988   2.045   0.475
12.72 15.00   1.854   0.981   2.045   0.468

12.73  0.00   0.443   0.436   0.026   0.075   0.002   0.004   0.331   0.002   0.000   0.003   0.000 1105891000
12.73    4.69    58.974
12.73 15.00   0.839   1.205
12.73 15.00   2.044    66.083
12.73 15.00   1.852   0.988   2.044   0.475
12.73 15.00   1.854   0.981   2.044   0.468

12.74  0.00   0.443   0.436   0.026   0.075   0.002   0.004   0.331   0.002   0.000   0.003   0.000 1106760000
12.74    4.69    58.963
12.74 15.00   0.839   1.205
12.74 15.00   2.044    66.079
12.74 15.00   1.851   0.988   2.044   0.475
12.74 15.00   1.853   0.981   2.044   0.468

12.75  0.00   0.443   0.436   0.026   0.075   0.002   0.004   0.331   0.002   0.000   0.003   0.000 1107629000
12.75    4.69    58.951
12.75 15.00   0.838   1.205
12.75 15.00   2.044    66.074
12.75 15.00   1.851   0.988   2.044   0.475
12.75 15.00   1.853   0.981   2.044   0.468

12.76  0.00   0.443   0.436   0.026   0.075   0.002   0.004   0.331   0.002   0.000   0.003   0.000 1108498000
12.76    4.69    58.940
12.76 15.00   0.838   1.205
12.76 15.00   2.043    66.069
12.76 15.00   1.851   0.987   2.043   0.475
12.76 15.00   1.853   0.981   2.043   0.468

12.77  0.00   0.443   0.436   0.026   0.075   0.002   0.004   0.331   0.002   0.000   0.003   0.000 1109366000
12.77    4.69    58.928
12.77 15.00   0.838   1.205
12.77 15.00   2.043    66.064
12.77 15.00   1.851   0.987   2.043   0.475
12.77 15.00   1.852   0.981   2.043   0.468

12.78  0.00   0.443   0.436   0.026   0.075   0.002   0.004   0.331   0.002   0.000   0.003   0.000 1110235000
12.78    4.69    58.916
12.78 15.00   0.837   1.205
12.78 15.00   2.043    66.059
12.78 15.00   1.850   0.987   2.043   0.475
12.78 15.00   1.852   0.980   2.043   0.468

12.79  0.00   0.443   0.436   0.026   0.075   0.002   0.004   0.331   0.002   0.000   0.003   0.000 1111104000
12.79    4.68    58.905
12.79 15.00   0.837   1.205
12.79 15.00   2.043    66.055
12.79 15.00   1.850   0.987   2.043   0.475
12.79 15.00   1.852   0.980   2.043   0.468

12.80  0.00   0.443   0.436   0.026   0.075   0.002   0.004   0.331   0.002   0.000   0.003   0.000 1111972000
12.80    4.68    58.893
12.80 15.00   0.837   1.205
12.80 15.00   2.042    66.050
12.80 15.00   1.850   0.987   2.042   0.475
12.80 15.00   1.852   0.980   2.042   0.468

12.81  0.00   0.443   0.436   0.026   0.075   0.002   0.004   0.331   0.002   0.000   0.003   0.000 1112841000
12.81    4.68    58.882
12.81 15.00   0.837   1.205
12.81 15.00   2.042    66.045
12.81 15.00   1.850   0.987   2.042   0.475
12.81 15.00   1.851   0.980   2.042   0.468

12.82  0.00   0.443   0.436   0.026   0.075   0.002   0.004   0.331   0.002   0.000   0.003   0.000 1113710000
12.82    4.68    58.870
12.82 15.00   0.836   1.205
12.82 15.00   2.042    66.040
12.82 15.00   1.849   0.987   2.042   0.475
12.82 15.00   1.851   0.980   2.042   0.468

12.83  0.00   0.443   0.436   0.026   0.075   0.002   0.004   0.331   0.002   0.000   0.003   0.000 1114579000
12.83    4.68    58.859
12.83 15.00   0.836   1.205
12.83 15.00   2.041    66.035
12.83 15.00   1.849   0.987   2.041   0.475
12.83 15.00   1.851   0.980   2.041   0.468

12.84  0.00   0.443   0.436   0.026   0.075   0.002   0.004   0.331   0.002   0.000   0.003   0.000 1115447000
12.84    4.68    58.847
12.84 15.00   0.836   1.205
12.84 15.00   2.041    66.031
12.84 15.00   1.849   0.987   2.041   0.475
12.84 15.00   1.851   0.980   2.041   0.467

12.85  0.00   0.443   0.436   0.026   0.075   0.002   0.004   0.331   0.002   0.000   0.003   0.000 1116316000
12.85    4.67    58.836
12.85 15.00   0.835   1.205
12.85 15.00   2.041    66.026
12.85 15.00   1.849   0.987   2.041   0.475
12.85 15.00   1.850   0.980   2.041   0.467

12.86  0.00   0.443   0.436   0.026   0.075   0.002   0.004   0.331   0.002   0.000   0.003   0.000 1117185000
12.86    4.67    58.824
12.86 15.00   0.835   1.205
12.86 15.00   2.041    66.021
12.86 15.00   1.848   0.987   2.041   0.475
12.86 15.00   1.850   0.980   2.041   0.467

12.87  0.00   0.443   0.436   0.026   0.075   0.002   0.004   0.331   0.002   0.000   0.003   0.000 1118054000
12.87    4.67    58.813
12.87 15.00   0.835   1.205
12.87 15.00   2.040    66.016
12.87 15.00   1.848   0.986   2.040   0.475
12.87 15.00   1.850   0.980   2.040   0.467

12.88  0.00   0.443   0.436   0.026   0.075   0.002   0.004   0.331   0.002   0.000   0.003   0.000 1118922000
12.88    4.67    58.801
12.88 15.00   0.835   1.205
12.88 15.00   2.040    66.012
12.88 15.00   1.848   0.986   2.040   0.475
12.88 15.00   1.850   0.979   2.040   0.467

12.89  0.00   0.443   0.436   0.026   0.075   0.002   0.004   0.331   0.002   0.000   0.003   0.000 1119791000
12.89    4.67    58.790
12.89 15.00   0.834   1.205
12.89 15.00   2.040    66.007
12.89 15.00   1.848   0.986   2.040   0.474
12.89 15.00   1.849   0.979   2.040   0.467

12.90  0.00   0.443   0.436   0.026   0.075   0.002   0.004   0.331   0.002   0.000   0.003   0.000 1120660000
12.90    4.67    58.778
12.90 15.00   0.834   1.205
12.90 15.00   2.040    66.002
12.90 15.00   1.847   0.986   2.040   0.474
12.90 15.00   1.849   0.979   2.040   0.467

12.91  0.00   0.443   0.436   0.026   0.075   0.002   0.004   0.331   0.002   0.000   0.003   0.000 1121528000
12.91    4.67    58.767
12.91 15.00   0.834   1.205
12.91 15.00   2.039    65.998
12.91 15.00   1.847   0.986   2.039   0.474
12.91 15.00   1.849   0.979   2.039   0.467

12.92  0.00   0.443   0.436   0.026   0.075   0.002   0.004   0.331   0.002   0.000   0.003   0.000 1122397000
12.92    4.66    58.755
12.92 15.00   0.834   1.205
12.92 15.00   2.039    65.993
12.92 15.00   1.847   0.986   2.039   0.474
12.92 15.00   1.849   0.979   2.039   0.467

12.93  0.00   0.443   0.436   0.026   0.075   0.002   0.004   0.331   0.002   0.000   0.003   0.000 1123266000
12.93    4.66    58.744
12.93 15.00   0.833   1.205
12.93 15.00   2.039    65.988
12.93 15.00   1.846   0.986   2.039   0.474
12.93 15.00   1.848   0.979   2.039   0.467

12.94  0.00   0.443   0.436   0.026   0.075   0.002   0.004   0.331   0.002   0.000   0.003   0.000 1124135000
12.94    4.66    58.733
12.94 15.00   0.833   1.205
12.94 15.00   2.038    65.983
12.94 15.00   1.846   0.986   2.038   0.474
12.94 15.00   1.848   0.979   2.038   0.467

12.95  0.00   0.443   0.436   0.026   0.075   0.002   0.004   0.331   0.002   0.000   0.003   0.000 1125003000
12.95    4.66    58.721
12.95 15.00   0.833   1.205
12.95 15.00   2.038    65.979
12.95 15.00   1.846   0.986   2.038   0.474
12.95 15.00   1.848   0.979   2.038   0.467

12.96  0.00   0.443   0.436   0.026   0.075   0.002   0.004   0.331   0.002   0.000   0.003   0.000 1125872000
12.96    4.66    58.710
12.96 15.00   0.832   1.205
12.96 15.00   2.038    65.974
12.96 15.00   1.846   0.986   2.038   0.474
12.96 15.00   1.848   0.979   2.038   0.467

12.97  0.00   0.443   0.436   0.026   0.075   0.002   0.004   0.331   0.002   0.000   0.003   0.000 1126741000
12.97    4.66    58.699
12.97 15.00   0.832   1.205
12.97 15.00   2.038    65.969
12.97 15.00   1.845   0.986   2.038   0.474
12.97 15.00   1.847   0.979   2.038   0.467

12.98  0.00   0.443   0.436   0.026   0.075   0.002   0.004   0.331   0.002   0.000   0.003   0.000 1127610000
12.98    4.65    58.687
12.98 15.00   0.832   1.205
12.98 15.00   2.037    65.965
12.98 15.00   1.845   0.985   2.037   0.474
12.98 15.00   1.847   0.979   2.037   0.467

12.99  0.00   0.443   0.436   0.026   0.075   0.002   0.004   0.330   0.002   0.000   0.003   0.000 1128478000
12.99    4.65    58.676
12.99 15.00   0.832   1.205
12.99 15.00   2.037    65.960
12.99 15.00   1.845   0.985   2.037   0.474
12.99 15.00   1.847   0.978   2.037   0.467

13.00  0.00   0.442   0.436   0.026   0.075   0.002   0.004   0.330   0.002   0.000   0.003   0.000 1129347000
13.00    4.65    58.664
13.00 15.00   0.831   1.205
13.00 15.00   2.037    65.955
13.00 15.00   1.845   0.985   2.037   0.474
13.00 15.00   1.847   0.978   2.037   0.467

13.01  0.00   0.442   0.436   0.026   0.075   0.002   0.004   0.330   0.002   0.000   0.003   0.000 1130216000
13.01    4.65    58.653
13.01 15.00   0.831   1.205
13.01 15.00   2.037    65.951
13.01 15.00   1.844   0.985   2.037   0.474
13.01 15.00   1.846   0.978   2.037   0.467

13.02  0.00   0.442   0.436   0.026   0.075   0.002   0.004   0.330   0.002   0.000   0.003   0.000 1131085000
13.02    4.65    58.642
13.02 15.00   0.831   1.205
13.02 15.00   2.036    65.946
13.02 15.00   1.844   0.985   2.036   0.474
13.02 15.00   1.846   0.978   2.036   0.467

13.03  0.00   0.442   0.436   0.026   0.075   0.002   0.004   0.330   0.002   0.000   0.003   0.000 1131953000
13.03    4.65    58.631
13.03 15.00   0.831   1.205
13.03 15.00   2.036    65.941
13.03 15.00   1.844   0.985   2.036   0.474
13.03 15.00   1.846   0.978   2.036   0.467

13.04  0.00   0.442   0.436   0.026   0.075   0.002   0.004   0.330   0.002   0.000   0.003   0.000 1132822000
13.04    4.65    58.619
13.04 15.00   0.830   1.205
13.04 15.00   2.036    65.937
13.04 15.00   1.844   0.985   2.036   0.474
13.04 15.00   1.845   0.978   2.036   0.467

13.05  0.00   0.442   0.436   0.026   0.075   0.002   0.004   0.330   0.002   0.000   0.003   0.000 1133691000
13.05    4.64    58.608
13.05 15.00   0.830   1.205
13.05 15.00   2.035    65.932
13.05 15.00   1.843   0.985   2.035   0.474
13.05 15.00   1.845   0.978   2.035   0.467

13.06  0.00   0.442   0.436   0.026   0.075   0.002   0.004   0.330   0.002   0.000   0.003   0.000 1134559000
13.06    4.64    58.597
13.06 15.00   0.830   1.205
13.06 15.00   2.035    65.928
13.06 15.00   1.843   0.985   2.035   0.474
13.06 15.00   1.845   0.978   2.035   0.467

13.07  0.00   0.442   0.436   0.026   0.075   0.002   0.004   0.330   0.002   0.000   0.003   0.000 1135428000
13.07    4.64    58.585
13.07 15.00   0.830   1.205
13.07 15.00   2.035    65.923
13.07 15.00   1.843   0.985   2.035   0.474
13.07 15.00   1.845   0.978   2.035   0.467

13.08  0.00   0.442   0.436   0.026   0.075   0.002   0.004   0.330   0.002   0.000   0.003   0.000 1136297000
13.08    4.64    58.574
13.08 15.00   0.829   1.205
13.08 15.00   2.035    65.918
13.08 15.00   1.843   0.985   2.035   0.474
13.08 15.00   1.844   0.978   2.035   0.467

13.09  0.00   0.442   0.436   0.026   0.075   0.002   0.004   0.330   0.002   0.000   0.003   0.000 1137166000
13.09    4.64    58.563
13.09 15.00   0.829   1.205
13.09 15.00   2.034    65.914
13.09 15.00   1.842   0.984   2.034   0.474
13.09 15.00   1.844   0.978   2.034   0.467

13.10  0.00   0.442   0.436   0.026   0.075   0.002   0.004   0.330   0.002   0.000   0.003   0.000 1138034000
13.10    4.64    58.552
13.10 15.00   0.829   1.205
13.10 15.00   2.034    65.909
13.10 15.00   1.842   0.984   2.034   0.474
13.10 15.00   1.844   0.978   2.034   0.467

13.11  0.00   0.442   0.436   0.026   0.075   0.002   0.004   0.330   0.002   0.000   0.003   0.000 1138903000
13.11    4.64    58.540
13.11 15.00   0.828   1.205
13.11 15.00   2.034    65.904
13.11 15.00   1.842   0.984   2.034   0.474
13.11 15.00   1.844   0.977   2.034   0.467

13.12  0.00   0.442   0.436   0.026   0.075   0.002   0.004   0.330   0.002   0.000   0.003   0.000 1139772000
13.12    4.63    58.529
13.12 15.00   0.828   1.205
13.12 15.00   2.034    65.900
13.12 15.00   1.842   0.984   2.034   0.474
13.12 15.00   1.843   0.977   2.034   0.467

13.13  0.00   0.442   0.436   0.026   0.075   0.002   0.004   0.330   0.002   0.000   0.003   0.000 1140641000
13.13    4.63    58.518
13.13 15.00   0.828   1.205
13.13 15.00   2.033    65.895
13.13 15.00   1.841   0.984   2.033   0.474
13.13 15.00   1.843   0.977   2.033   0.467

13.14  0.00   0.442   0.436   0.026   0.075   0.002   0.004   0.330   0.002   0.000   0.003   0.000 1141509000
13.14    4.63    58.507
13.14 15.00   0.828   1.205
13.14 15.00   2.033    65.891
13.14 15.00   1.841   0.984   2.033   0.474
13.14 15.00   1.843   0.977   2.033   0.467

13.15  0.00   0.442   0.436   0.026   0.075   0.002   0.004   0.330   0.002   0.000   0.003   0.000 1142378000
13.15    4.63    58.496
13.15 15.00   0.827   1.205
13.15 15.00   2.033    65.886
13.15 15.00   1.841   0.984   2.033   0.474
13.15 15.00   1.843   0.977   2.033   0.467

13.16  0.00   0.442   0.436   0.026   0.075   0.002   0.004   0.330   0.002   0.000   0.003   0.000 1143247000
13.16    4.63    58.484
13.16 15.00   0.827   1.205
13.16 15.00   2.033    65.882
13.16 15.00   1.841   0.984   2.033   0.474
13.16 15.00   1.842   0.977   2.033   0.467

13.17  0.00   0.442   0.436   0.026   0.075   0.002   0.004   0.330   0.002   0.000   0.003   0.000 1144115000
13.17    4.63    58.473
13.17 15.00   0.827   1.205
13.17 15.00   2.032    65.877
13.17 15.00   1.840   0.984   2.032   0.474
13.17 15.00   1.842   0.977   2.032   0.467

13.18  0.00   0.442   0.436   0.026   0.075   0.002   0.004   0.330   0.002   0.000   0.003   0.000 1144984000
13.18    4.62    58.462
13.18 15.00   0.827   1.205
13.18 15.00   2.032    65.872
13.18 15.00   1.840   0.984   2.032   0.474
13.18 15.00   1.842   0.977   2.032   0.467

13.19  0.00   0.442   0.436   0.026   0.075   0.002   0.004   0.330   0.002   0.000   0.003   0.000 1145853000
13.19    4.62    58.451
13.19 15.00   0.826   1.205
13.19 15.00   2.032    65.868
13.19 15.00   1.840   0.984   2.032   0.474
13.19 15.00   1.842   0.977   2.032   0.467

13.20  0.00   0.442   0.435   0.026   0.075   0.002   0.004   0.330   0.002   0.000   0.003   0.000 1146722000
13.20    4.62    58.440
13.20 15.00   0.826   1.205
13.20 15.00   2.032    65.863
13.20 15.00   1.840   0.983   2.032   0.474
13.20 15.00   1.841   0.977   2.032   0.467

13.21  0.00   0.442   0.435   0.026   0.075   0.002   0.004   0.330   0.002   0.000   0.003   0.000 1147590000
13.21    4.62    58.429
13.21 15.00   0.826   1.205
13.21 15.00   2.031    65.859
13.21 15.00   1.839   0.983   2.031   0.474
13.21 15.00   1.841   0.977   2.031   0.467

13.22  0.00   0.442   0.435   0.026   0.075   0.002   0.004   0.330   0.002   0.000   0.003   0.000 1148459000
13.22    4.62    58.418
13.22 15.00   0.826   1.205
13.22 15.00   2.031    65.854
13.22 15.00   1.839   0.983   2.031   0.474
13.22 15.00   1.841   0.976   2.031   0.467

13.23  0.00   0.442   0.435   0.026   0.075   0.002   0.004   0.330   0.002   0.000   0.003   0.000 1149328000
13.23    4.62    58.407
13.23 15.00   0.825   1.205
13.23 15.00   2.031    65.850
13.23 15.00   1.839   0.983   2.031   0.474
13.23 15.00   1.841   0.976   2.031   0.467

13.24  0.00   0.442   0.435   0.026   0.075   0.002   0.004   0.330   0.002   0.000   0.003   0.000 1150196000
13.24    4.62    58.396
13.24 15.00   0.825   1.205
13.24 15.00   2.030    65.845
13.24 15.00   1.839   0.983   2.030   0.474
13.24 15.00   1.840   0.976   2.030   0.467

13.25  0.00   0.442   0.435   0.026   0.075   0.002   0.004   0.330   0.002   0.000   0.003   0.000 1151065000
13.25    4.61    58.384
13.25 15.00   0.825   1.205
13.25 15.00   2.030    65.841
13.25 15.00   1.838   0.983   2.030   0.474
13.25 15.00   1.840   0.976   2.030   0.467

13.26  0.00   0.442   0.435   0.026   0.075   0.002   0.004   0.330   0.002   0.000   0.003   0.000 1151934000
13.26    4.61    58.373
13.26 15.00   0.825   1.205
13.26 15.00   2.030    65.836
13.26 15.00   1.838   0.983   2.030   0.474
13.26 15.00   1.840   0.976   2.030   0.467

13.27  0.00   0.442   0.435   0.026   0.075   0.002   0.004   0.330   0.002   0.000   0.003   0.000 1152803000
13.27    4.61    58.362
13.27 15.00   0.824   1.205
13.27 15.00   2.030    65.832
13.27 15.00   1.838   0.983   2.030   0.474
13.27 15.00   1.840   0.976   2.030   0.467

13.28  0.00   0.442   0.435   0.026   0.075   0.002   0.004   0.330   0.002   0.000   0.003   0.000 1153671000
13.28    4.61    58.351
13.28 15.00   0.824   1.205
13.28 15.00   2.029    65.827
13.28 15.00   1.838   0.983   2.029   0.474
13.28 15.00   1.840   0.976   2.029   0.467

13.29  0.00   0.442   0.435   0.026   0.075   0.002   0.004   0.330   0.002   0.000   0.003   0.000 1154540000
13.29    4.61    58.340
13.29 15.00   0.824   1.205
13.29 15.00   2.029    65.823
13.29 15.00   1.837   0.983   2.029   0.474
13.29 15.00   1.839   0.976   2.029   0.467

13.30  0.00   0.442   0.435   0.026   0.075   0.002   0.004   0.330   0.002   0.000   0.003   0.000 1155409000
13.30    4.61    58.329
13.30 15.00   0.823   1.205
13.30 15.00   2.029    65.818
13.30 15.00   1.837   0.983   2.029   0.474
13.30 15.00   1.839   0.976   2.029   0.467

13.31  0.00   0.442   0.435   0.026   0.075   0.002   0.004   0.330   0.002   0.000   0.003   0.000 1156278000
13.31    4.61    58.318
13.31 15.00   0.823   1.205
13.31 15.00   2.029    65.814
13.31 15.00   1.837   0.983   2.029   0.474
13.31 15.00   1.839   0.976   2.029   0.467

13.32  0.00   0.442   0.435   0.026   0.075   0.002   0.004   0.330   0.002   0.000   0.003   0.000 1157146000
13.32    4.60    58.307
13.32 15.00   0.823   1.205
13.32 15.00   2.028    65.809
13.32 15.00   1.837   0.982   2.028   0.474
13.32 15.00   1.839   0.976   2.028   0.467

13.33  0.00   0.442   0.435   0.026   0.075   0.002   0.004   0.330   0.002   0.000   0.003   0.000 1158015000
13.33    4.60    58.296
13.33 15.00   0.823   1.205
13.33 15.00   2.028    65.805
13.33 15.00   1.836   0.982   2.028   0.474
13.33 15.00   1.838   0.976   2.028   0.466

13.34  0.00   0.442   0.435   0.026   0.075   0.002   0.004   0.330   0.002   0.000   0.003   0.000 1158884000
13.34    4.60    58.285
13.34 15.00   0.822   1.205
13.34 15.00   2.028    65.800
13.34 15.00   1.836   0.982   2.028   0.474
13.34 15.00   1.838   0.975   2.028   0.466

13.35  0.00   0.442   0.435   0.026   0.075   0.002   0.004   0.330   0.002   0.000   0.003   0.000 1159753000
13.35    4.60    58.274
13.35 15.00   0.822   1.205
13.35 15.00   2.028    65.796
13.35 15.00   1.836   0.982   2.028   0.474
13.35 15.00   1.838   0.975   2.028   0.466

13.36  0.00   0.442   0.435   0.026   0.075   0.002   0.004   0.330   0.002   0.000   0.003   0.000 1160621000
13.36    4.60    58.263
13.36 15.00   0.822   1.205
13.36 15.00   2.027    65.792
13.36 15.00   1.836   0.982   2.027   0.474
13.36 15.00   1.838   0.975   2.027   0.466

13.37  0.00   0.442   0.435   0.026   0.075   0.002   0.004   0.330   0.002   0.000   0.003   0.000 1161490000
13.37    4.60    58.252
13.37 15.00   0.822   1.205
13.37 15.00   2.027    65.787
13.37 15.00   1.835   0.982   2.027   0.474
13.37 15.00   1.837   0.975   2.027   0.466

13.38  0.00   0.442   0.435   0.026   0.075   0.002   0.004   0.330   0.002   0.000   0.003   0.000 1162359000
13.38    4.60    58.241
13.38 15.00   0.821   1.205
13.38 15.00   2.027    65.783
13.38 15.00   1.835   0.982   2.027   0.473
13.38 15.00   1.837   0.975   2.027   0.466

13.39  0.00   0.442   0.435   0.026   0.075   0.002   0.004   0.330   0.002   0.000   0.003   0.000 1163228000
13.39    4.59    58.230
13.39 15.00   0.821   1.205
13.39 15.00   2.027    65.778
13.39 15.00   1.835   0.982   2.027   0.473
13.39 15.00   1.837   0.975   2.027   0.466

13.40  0.00   0.442   0.435   0.026   0.075   0.002   0.004   0.330   0.002   0.000   0.003   0.000 1164096000
13.40    4.59    58.220
13.40 15.00   0.821   1.205
13.40 15.00   2.026    65.774
13.40 15.00   1.835   0.982   2.026   0.473
13.40 15.00   1.837   0.975   2.026   0.466

13.41  0.00   0.442   0.435   0.026   0.075   0.002   0.004   0.330   0.002   0.000   0.003   0.000 1164965000
13.41    4.59    58.209
13.41 15.00   0.821   1.205
13.41 15.00   2.026    65.769
13.41 15.00   1.835   0.982   2.026   0.473
13.41 15.00   1.836   0.975   2.026   0.466

13.42  0.00   0.442   0.435   0.026   0.075   0.002   0.004   0.330   0.002   0.000   0.003   0.000 1165834000
13.42    4.59    58.198
13.42 15.00   0.820   1.205
13.42 15.00   2.026    65.765
13.42 15.00   1.834   0.982   2.026   0.473
13.42 15.00   1.836   0.975   2.026   0.466

13.43  0.00   0.442   0.435   0.026   0.075   0.002   0.004   0.330   0.002   0.000   0.003   0.000 1166702000
13.43    4.59    58.187
13.43 15.00   0.820   1.205
13.43 15.00   2.026    65.761
13.43 15.00   1.834   0.982   2.026   0.473
13.43 15.00   1.836   0.975   2.026   0.466

13.44  0.00   0.442   0.435   0.026   0.075   0.002   0.004   0.330   0.002   0.000   0.003   0.000 1167571000
13.44    4.59    58.176
13.44 15.00   0.820   1.205
13.44 15.00   2.025    65.756
13.44 15.00   1.834   0.981   2.025   0.473
13.44 15.00   1.836   0.975   2.025   0.466

13.45  0.00   0.442   0.435   0.026   0.075   0.002   0.004   0.330   0.002   0.000   0.003   0.000 1168440000
13.45    4.59    58.165
13.45 15.00   0.820   1.205
13.45 15.00   2.025    65.752
13.45 15.00   1.834   0.981   2.025   0.473
13.45 15.00   1.835   0.975   2.025   0.466

13.46  0.00   0.442   0.435   0.026   0.075   0.002   0.004   0.330   0.002   0.000   0.003   0.000 1169309000
13.46    4.58    58.154
13.46 15.00   0.819   1.205
13.46 15.00   2.025    65.747
13.46 15.00   1.833   0.981   2.025   0.473
13.46 15.00   1.835   0.974   2.025   0.466

13.47  0.00   0.442   0.435   0.026   0.075   0.002   0.004   0.330   0.002   0.000   0.003   0.000 1170177000
13.47    4.58    58.143
13.47 15.00   0.819   1.205
13.47 15.00   2.025    65.743
13.47 15.00   1.833   0.981   2.025   0.473
13.47 15.00   1.835   0.974   2.025   0.466

13.48  0.00   0.442   0.435   0.026   0.075   0.002   0.004   0.330   0.002   0.000   0.003   0.000 1171046000
13.48    4.58    58.133
13.48 15.00   0.819   1.205
13.48 15.00   2.024    65.739
13.48 15.00   1.833   0.981   2.024   0.473
13.48 15.00   1.835   0.974   2.024   0.466

13.49  0.00   0.442   0.435   0.026   0.075   0.002   0.004   0.330   0.002   0.000   0.003   0.000 1171915000
13.49    4.58    58.122
13.49 15.00   0.819   1.205
13.49 15.00   2.024    65.734
13.49 15.00   1.833   0.981   2.024   0.473
13.49 15.00   1.834   0.974   2.024   0.466

13.50  0.00   0.442   0.435   0.026   0.075   0.002   0.004   0.330   0.002   0.000   0.003   0.000 1172783000
13.50    4.58    58.111
13.50 15.00   0.818   1.205
13.50 15.00   2.024    65.730
13.50 15.00   1.832   0.981   2.024   0.473
13.50 15.00   1.834   0.974   2.024   0.466

13.51  0.00   0.442   0.435   0.026   0.075   0.002   0.004   0.330   0.002   0.000   0.003   0.000 1173652000
13.51    4.58    58.100
13.51 15.00   0.818   1.205
13.51 15.00   2.024    65.725
13.51 15.00   1.832   0.981   2.024   0.473
13.51 15.00   1.834   0.974   2.024   0.466

13.52  0.00   0.442   0.435   0.026   0.075   0.002   0.004   0.330   0.002   0.000   0.003   0.000 1174521000
13.52    4.58    58.089
13.52 15.00   0.818   1.205
13.52 15.00   2.023    65.721
13.52 15.00   1.832   0.981   2.023   0.473
13.52 15.00   1.834   0.974   2.023   0.466

13.53  0.00   0.442   0.435   0.026   0.075   0.002   0.004   0.330   0.002   0.000   0.003   0.000 1175390000
13.53    4.57    58.079
13.53 15.00   0.818   1.205
13.53 15.00   2.023    65.717
13.53 15.00   1.832   0.981   2.023   0.473
13.53 15.00   1.833   0.974   2.023   0.466

13.54  0.00   0.441   0.435   0.026   0.075   0.002   0.004   0.330   0.002   0.000   0.003   0.000 1176258000
13.54    4.57    58.068
13.54 15.00   0.817   1.205
13.54 15.00   2.023    65.712
13.54 15.00   1.831   0.981   2.023   0.473
13.54 15.00   1.833   0.974   2.023   0.466

13.55  0.00   0.441   0.435   0.026   0.075   0.002   0.004   0.330   0.002   0.000   0.003   0.000 1177127000
13.55    4.57    58.057
13.55 15.00   0.817   1.205
13.55 15.00   2.023    65.708
13.55 15.00   1.831   0.981   2.023   0.473
13.55 15.00   1.833   0.974   2.023   0.466

13.56  0.00   0.441   0.435   0.026   0.075   0.002   0.004   0.330   0.002   0.000   0.003   0.000 1177996000
13.56    4.57    58.046
13.56 15.00   0.817   1.205
13.56 15.00   2.022    65.704
13.56 15.00   1.831   0.980   2.022   0.473
13.56 15.00   1.833   0.974   2.022   0.466

13.57  0.00   0.441   0.435   0.026   0.075   0.002   0.004   0.330   0.002   0.000   0.003   0.000 1178865000
13.57    4.57    58.036
13.57 15.00   0.817   1.205
13.57 15.00   2.022    65.699
13.57 15.00   1.831   0.980   2.022   0.473
13.57 15.00   1.833   0.974   2.022   0.466

13.58  0.00   0.441   0.435   0.026   0.075   0.002   0.004   0.330   0.002   0.000   0.003   0.000 1179733000
13.58    4.57    58.025
13.58 15.00   0.816   1.205
13.58 15.00   2.022    65.695
13.58 15.00   1.830   0.980   2.022   0.473
13.58 15.00   1.832   0.973   2.022   0.466

13.59  0.00   0.441   0.435   0.026   0.075   0.002   0.004   0.330   0.002   0.000   0.003   0.000 1180602000
13.59    4.57    58.014
13.59 15.00   0.816   1.205
13.59 15.00   2.022    65.691
13.59 15.00   1.830   0.980   2.022   0.473
13.59 15.00   1.832   0.973   2.022   0.466

13.60  0.00   0.441   0.435   0.026   0.075   0.002   0.004   0.330   0.002   0.000   0.003   0.000 1181471000
13.60    4.56    58.003
13.60 15.00   0.816   1.205
13.60 15.00   2.021    65.686
13.60 15.00   1.830   0.980   2.021   0.473
13.60 15.00   1.832   0.973   2.021   0.466

13.61  0.00   0.441   0.435   0.026   0.075   0.002   0.004   0.330   0.002   0.000   0.003   0.000 1182339000
13.61    4.56    57.993
13.61 15.00   0.816   1.205
13.61 15.00   2.021    65.682
13.61 15.00   1.830   0.980   2.021   0.473
13.61 15.00   1.832   0.973   2.021   0.466

13.62  0.00   0.441   0.435   0.026   0.075   0.002   0.004   0.330   0.002   0.000   0.003   0.000 1183208000
13.62    4.56    57.982
13.62 15.00   0.815   1.205
13.62 15.00   2.021    65.678
13.62 15.00   1.830   0.980   2.021   0.473
13.62 15.00   1.831   0.973   2.021   0.466

13.63  0.00   0.441   0.435   0.026   0.075   0.002   0.004   0.330   0.002   0.000   0.003   0.000 1184077000
13.63    4.56    57.971
13.63 15.00   0.815   1.205
13.63 15.00   2.021    65.674
13.63 15.00   1.829   0.980   2.021   0.473
13.63 15.00   1.831   0.973   2.021   0.466

13.64  0.00   0.441   0.435   0.026   0.075   0.002   0.004   0.330   0.002   0.000   0.003   0.000 1184946000
13.64    4.56    57.961
13.64 15.00   0.815   1.205
13.64 15.00   2.020    65.669
13.64 15.00   1.829   0.980   2.020   0.473
13.64 15.00   1.831   0.973   2.020   0.466

13.65  0.00   0.441   0.435   0.026   0.075   0.002   0.004   0.330   0.002   0.000   0.003   0.000 1185814000
13.65    4.56    57.950
13.65 15.00   0.815   1.205
13.65 15.00   2.020    65.665
13.65 15.00   1.829   0.980   2.020   0.473
13.65 15.00   1.831   0.973   2.020   0.466

13.66  0.00   0.441   0.435   0.026   0.075   0.002   0.004   0.330   0.002   0.000   0.003   0.000 1186683000
13.66    4.56    57.939
13.66 15.00   0.814   1.205
13.66 15.00   2.020    65.661
13.66 15.00   1.829   0.980   2.020   0.473
13.66 15.00   1.830   0.973   2.020   0.466

13.67  0.00   0.441   0.435   0.026   0.075   0.002   0.004   0.330   0.002   0.000   0.003   0.000 1187552000
13.67    4.55    57.929
13.67 15.00   0.814   1.205
13.67 15.00   2.020    65.656
13.67 15.00   1.828   0.980   2.020   0.473
13.67 15.00   1.830   0.973   2.020   0.466

13.68  0.00   0.441   0.435   0.026   0.075   0.002   0.004   0.330   0.002   0.000   0.003   0.000 1188421000
13.68    4.55    57.918
13.68 15.00   0.814   1.205
13.68 15.00   2.019    65.652
13.68 15.00   1.828   0.979   2.019   0.473
13.68 15.00   1.830   0.973   2.019   0.466

13.69  0.00   0.441   0.435   0.026   0.075   0.002   0.004   0.330   0.002   0.000   0.003   0.000 1189289000
13.69    4.55    57.907
13.69 15.00   0.814   1.205
13.69 15.00   2.019    65.648
13.69 15.00   1.828   0.979   2.019   0.473
13.69 15.00   1.830   0.973   2.019   0.466

13.70  0.00   0.441   0.435   0.026   0.075   0.002   0.004   0.330   0.002   0.000   0.003   0.000 1190158000
13.70    4.55    57.897
13.70 15.00   0.813   1.205
13.70 15.00   2.019    65.644
13.70 15.00   1.828   0.979   2.019   0.473
13.70 15.00   1.829   0.972   2.019   0.466

13.71  0.00   0.441   0.435   0.026   0.075   0.002   0.004   0.330   0.002   0.000   0.003   0.000 1191027000
13.71    4.55    57.886
13.71 15.00   0.813   1.205
13.71 15.00   2.019    65.639
13.71 15.00   1.827   0.979   2.019   0.473
13.71 15.00   1.829   0.972   2.019   0.466

13.72  0.00   0.441   0.435   0.026   0.075   0.002   0.004   0.330   0.002   0.000   0.003   0.000 1191896000
13.72    4.55    57.876
13.72 15.00   0.813   1.205
13.72 15.00   2.018    65.635
13.72 15.00   1.827   0.979   2.018   0.473
13.72 15.00   1.829   0.972   2.018   0.466

13.73  0.00   0.441   0.435   0.026   0.075   0.002   0.004   0.330   0.002   0.000   0.003   0.000 1192764000
13.73    4.55    57.865
13.73 15.00   0.813   1.205
13.73 15.00   2.018    65.631
13.73 15.00   1.827   0.979   2.018   0.473
13.73 15.00   1.829   0.972   2.018   0.466

13.74  0.00   0.441   0.435   0.026   0.075   0.002   0.004   0.330   0.002   0.000   0.003   0.000 1193633000
13.74    4.55    57.854
13.74 15.00   0.812   1.205
13.74 15.00   2.018    65.627
13.74 15.00   1.827   0.979   2.018   0.473
13.74 15.00   1.829   0.972   2.018   0.466

13.75  0.00   0.441   0.435   0.026   0.075   0.002   0.004   0.330   0.002   0.000   0.003   0.000 1194502000
13.75    4.54    57.844
13.75 15.00   0.812   1.205
13.75 15.00   2.018    65.622
13.75 15.00   1.826   0.979   2.018   0.473
13.75 15.00   1.828   0.972   2.018   0.466

13.76  0.00   0.441   0.434   0.026   0.075   0.002   0.004   0.330   0.002   0.000   0.003   0.000 1195370000
13.76    4.54    57.833
13.76 15.00   0.812   1.205
13.76 15.00   2.017    65.618
13.76 15.00   1.826   0.979   2.017   0.473
13.76 15.00   1.828   0.972   2.017   0.466

13.77  0.00   0.441   0.434   0.026   0.075   0.002   0.004   0.330   0.002   0.000   0.003   0.000 1196239000
13.77    4.54    57.823
13.77 15.00   0.812   1.205
13.77 15.00   2.017    65.614
13.77 15.00   1.826   0.979   2.017   0.473
13.77 15.00   1.828   0.972   2.017   0.466

13.78  0.00   0.441   0.434   0.026   0.075   0.002   0.004   0.330   0.002   0.000   0.003   0.000 1197108000
13.78    4.54    57.812
13.78 15.00   0.811   1.205
13.78 15.00   2.017    65.610
13.78 15.00   1.826   0.979   2.017   0.473
13.78 15.00   1.828   0.972   2.017   0.466

13.79  0.00   0.441   0.434   0.026   0.075   0.002   0.004   0.330   0.002   0.000   0.003   0.000 1197977000
13.79    4.54    57.802
13.79 15.00   0.811   1.205
13.79 15.00   2.017    65.606
13.79 15.00   1.826   0.979   2.017   0.473
13.79 15.00   1.827   0.972   2.017   0.466

13.80  0.00   0.441   0.434   0.026   0.075   0.002   0.004   0.330   0.002   0.000   0.003   0.000 1198845000
13.80    4.54    57.791
13.80 15.00   0.811   1.205
13.80 15.00   2.016    65.601
13.80 15.00   1.825   0.978   2.016   0.473
13.80 15.00   1.827   0.972   2.016   0.466

13.81  0.00   0.441   0.434   0.026   0.075   0.002   0.004   0.330   0.002   0.000   0.003   0.000 1199714000
13.81    4.54    57.781
13.81 15.00   0.811   1.205
13.81 15.00   2.016    65.597
13.81 15.00   1.825   0.978   2.016   0.473
13.81 15.00   1.827   0.972   2.016   0.466

13.82  0.00   0.441   0.434   0.026   0.075   0.002   0.004   0.330   0.002   0.000   0.003   0.000 1200583000
13.82    4.53    57.770
13.82 15.00   0.810   1.205
13.82 15.00   2.016    65.593
13.82 15.00   1.825   0.978   2.016   0.473
13.82 15.00   1.827   0.971   2.016   0.466

13.83  0.00   0.441   0.434   0.026   0.075   0.002   0.004   0.330   0.002   0.000   0.003   0.000 1201452000
13.83    4.53    57.760
13.83 15.00   0.810   1.205
13.83 15.00   2.016    65.589
13.83 15.00   1.825   0.978   2.016   0.473
13.83 15.00   1.826   0.971   2.016   0.466

13.84  0.00   0.441   0.434   0.026   0.075   0.002   0.004   0.330   0.002   0.000   0.003   0.000 1202320000
13.84    4.53    57.749
13.84 15.00   0.810   1.205
13.84 15.00   2.015    65.585
13.84 15.00   1.824   0.978   2.015   0.473
13.84 15.00   1.826   0.971   2.015   0.466

13.85  0.00   0.441   0.434   0.026   0.075   0.002   0.004   0.330   0.002   0.000   0.003   0.000 1203189000
13.85    4.53    57.739
13.85 15.00   0.810   1.205
13.85 15.00   2.015    65.580
13.85 15.00   1.824   0.978   2.015   0.473
13.85 15.00   1.826   0.971   2.015   0.466

13.86  0.00   0.441   0.434   0.026   0.075   0.002   0.004   0.330   0.002   0.000   0.003   0.000 1204058000
13.86    4.53    57.728
13.86 15.00   0.810   1.205
13.86 15.00   2.015    65.576
13.86 15.00   1.824   0.978   2.015   0.473
13.86 15.00   1.826   0.971   2.015   0.466

13.87  0.00   0.441   0.434   0.026   0.075   0.002   0.004   0.330   0.002   0.000   0.003   0.000 1204926000
13.87    4.53    57.718
13.87 15.00   0.809   1.205
13.87 15.00   2.015    65.572
13.87 15.00   1.824   0.978   2.015   0.473
13.87 15.00   1.826   0.971   2.015   0.465

13.88  0.00   0.441   0.434   0.026   0.075   0.002   0.004   0.330   0.002   0.000   0.003   0.000 1205795000
13.88    4.53    57.707
13.88 15.00   0.809   1.205
13.88 15.00   2.014    65.568
13.88 15.00   1.824   0.978   2.014   0.473
13.88 15.00   1.825   0.971   2.014   0.465

13.89  0.00   0.441   0.434   0.026   0.075   0.002   0.004   0.330   0.002   0.000   0.003   0.000 1206664000
13.89    4.52    57.697
13.89 15.00   0.809   1.205
13.89 15.00   2.014    65.564
13.89 15.00   1.823   0.978   2.014   0.473
13.89 15.00   1.825   0.971   2.014   0.465

13.90  0.00   0.441   0.434   0.026   0.075   0.002   0.004   0.330   0.002   0.000   0.003   0.000 1207533000
13.90    4.52    57.687
13.90 15.00   0.809   1.205
13.90 15.00   2.014    65.560
13.90 15.00   1.823   0.978   2.014   0.473
13.90 15.00   1.825   0.971   2.014   0.465

13.91  0.00   0.441   0.434   0.026   0.075   0.002   0.004   0.330   0.002   0.000   0.003   0.000 1208401000
13.91    4.52    57.676
13.91 15.00   0.808   1.205
13.91 15.00   2.014    65.555
13.91 15.00   1.823   0.978   2.014   0.473
13.91 15.00   1.825   0.971   2.014   0.465

13.92  0.00   0.441   0.434   0.026   0.075   0.002   0.004   0.330   0.002   0.000   0.003   0.000 1209270000
13.92    4.52    57.666
13.92 15.00   0.808   1.205
13.92 15.00   2.014    65.551
13.92 15.00   1.823   0.978   2.014   0.472
13.92 15.00   1.824   0.971   2.014   0.465

13.93  0.00   0.441   0.434   0.026   0.075   0.002   0.004   0.330   0.002   0.000   0.003   0.000 1210139000
13.93    4.52    57.655
13.93 15.00   0.808   1.205
13.93 15.00   2.013    65.547
13.93 15.00   1.822   0.977   2.013   0.472
13.93 15.00   1.824   0.971   2.013   0.465

13.94  0.00   0.441   0.434   0.026   0.075   0.002   0.004   0.330   0.002   0.000   0.003   0.000 1211007000
13.94    4.52    57.645
13.94 15.00   0.808   1.205
13.94 15.00   2.013    65.543
13.94 15.00   1.822   0.977   2.013   0.472
13.94 15.00   1.824   0.971   2.013   0.465

13.95  0.00   0.441   0.434   0.026   0.075   0.002   0.004   0.330   0.002   0.000   0.003   0.000 1211876000
13.95    4.52    57.635
13.95 15.00   0.807   1.205
13.95 15.00   2.013    65.539
13.95 15.00   1.822   0.977   2.013   0.472
13.95 15.00   1.824   0.970   2.013   0.465

13.96  0.00   0.441   0.434   0.026   0.075   0.002   0.004   0.330   0.002   0.000   0.003   0.000 1212745000
13.96    4.52    57.624
13.96 15.00   0.807   1.205
13.96 15.00   2.013    65.535
13.96 15.00   1.822   0.977   2.013   0.472
13.96 15.00   1.824   0.970   2.013   0.465

13.97  0.00   0.441   0.434   0.026   0.075   0.002   0.004   0.330   0.002   0.000   0.003   0.000 1213614000
13.97    4.51    57.614
13.97 15.00   0.807   1.205
13.97 15.00   2.012    65.531
13.97 15.00   1.822   0.977   2.012   0.472
13.97 15.00   1.823   0.970   2.012   0.465

13.98  0.00   0.441   0.434   0.026   0.075   0.002   0.004   0.330   0.002   0.000   0.003   0.000 1214482000
13.98    4.51    57.604
13.98 15.00   0.807   1.205
13.98 15.00   2.012    65.526
13.98 15.00   1.821   0.977   2.012   0.472
13.98 15.00   1.823   0.970   2.012   0.465

13.99  0.00   0.441   0.434   0.026   0.075   0.002   0.004   0.330   0.002   0.000   0.003   0.000 1215351000
13.99    4.51    57.593
13.99 15.00   0.806   1.205
13.99 15.00   2.012    65.522
13.99 15.00   1.821   0.977   2.012   0.472
13.99 15.00   1.823   0.970   2.012   0.465

14.00  0.00   0.441   0.434   0.026   0.075   0.002   0.004   0.329   0.002   0.000   0.003   0.000 1216220000
14.00    4.51    57.583
14.00 15.00   0.806   1.205
14.00 15.00   2.012    65.518
14.00 15.00   1.821   0.977   2.012   0.472
14.00 15.00   1.823   0.970   2.012   0.465

14.01  0.00   0.441   0.434   0.026   0.075   0.002   0.004   0.329   0.002   0.000   0.003   0.000 1217089000
14.01    4.51    57.573
14.01 15.00   0.806   1.205
14.01 15.00   2.011    65.514
14.01 15.00   1.821   0.977   2.011   0.472
14.01 15.00   1.822   0.970   2.011   0.465

14.02  0.00   0.441   0.434   0.026   0.075   0.002   0.004   0.329   0.002   0.000   0.003   0.000 1217957000
14.02    4.51    57.562
14.02 15.00   0.806   1.205
14.02 15.00   2.011    65.510
14.02 15.00   1.820   0.977   2.011   0.472
14.02 15.00   1.822   0.970   2.011   0.465

14.03  0.00   0.441   0.434   0.026   0.075   0.002   0.004   0.329   0.002   0.000   0.003   0.000 1218826000
14.03    4.51    57.552
14.03 15.00   0.806   1.205
14.03 15.00   2.011    65.506
14.03 15.00   1.820   0.977   2.011   0.472
14.03 15.00   1.822   0.970   2.011   0.465

14.04  0.00   0.441   0.434   0.026   0.075   0.002   0.004   0.329   0.002   0.000   0.003   0.000 1219695000
14.04    4.51    57.542
14.04 15.00   0.805   1.205
14.04 15.00   2.011    65.502
14.04 15.00   1.820   0.977   2.011   0.472
14.04 15.00   1.822   0.970   2.011   0.465

14.05  0.00   0.441   0.434   0.026   0.075   0.002   0.004   0.329   0.002   0.000   0.003   0.000 1220564000
14.05    4.50    57.532
14.05 15.00   0.805   1.205
14.05 15.00   2.010    65.498
14.05 15.00   1.820   0.977   2.010   0.472
14.05 15.00   1.822   0.970   2.010   0.465

14.06  0.00   0.441   0.434   0.026   0.075   0.002   0.004   0.329   0.002   0.000   0.003   0.000 1221432000
14.06    4.50    57.521
14.06 15.00   0.805   1.205
14.06 15.00   2.010    65.494
14.06 15.00   1.820   0.976   2.010   0.472
14.06 15.00   1.821   0.970   2.010   0.465

14.07  0.00   0.441   0.434   0.026   0.075   0.002   0.004   0.329   0.002   0.000   0.003   0.000 1222301000
14.07    4.50    57.511
14.07 15.00   0.805   1.205
14.07 15.00   2.010    65.490
14.07 15.00   1.819   0.976   2.010   0.472
14.07 15.00   1.821   0.970   2.010   0.465

14.08  0.00   0.441   0.434   0.026   0.075   0.002   0.004   0.329   0.002   0.000   0.003   0.000 1223170000
14.08    4.50    57.501
14.08 15.00   0.804   1.205
14.08 15.00   2.010    65.486
14.08 15.00   1.819   0.976   2.010   0.472
14.08 15.00   1.821   0.969   2.010   0.465

14.09  0.00   0.441   0.434   0.026   0.075   0.002   0.004   0.329   0.002   0.000   0.003   0.000 1224039000
14.09    4.50    57.491
14.09 15.00   0.804   1.205
14.09 15.00   2.010    65.482
14.09 15.00   1.819   0.976   2.010   0.472
14.09 15.00   1.821   0.969   2.010   0.465

14.10  0.00   0.441   0.434   0.026   0.075   0.002   0.004   0.329   0.002   0.000   0.003   0.000 1224907000
14.10    4.50    57.480
14.10 15.00   0.804   1.205
14.10 15.00   2.009    65.478
14.10 15.00   1.819   0.976   2.009   0.472
14.10 15.00   1.820   0.969   2.009   0.465

14.11  0.00   0.441   0.434   0.026   0.075   0.002   0.004   0.329   0.002   0.000   0.003   0.000 1225776000
14.11    4.50    57.470
14.11 15.00   0.804   1.205
14.11 15.00   2.009    65.473
14.11 15.00   1.818   0.976   2.009   0.472
14.11 15.00   1.820   0.969   2.009   0.465

14.12  0.00   0.441   0.434   0.026   0.075   0.002   0.004   0.329   0.002   0.000   0.003   0.000 1226645000
14.12    4.49    57.460
14.12 15.00   0.803   1.205
14.12 15.00   2.009    65.469
14.12 15.00   1.818   0.976   2.009   0.472
14.12 15.00   1.820   0.969   2.009   0.465

14.13  0.00   0.440   0.434   0.026   0.075   0.002   0.004   0.329   0.002   0.000   0.003   0.000 1227513000
14.13    4.49    57.450
14.13 15.00   0.803   1.205
14.13 15.00   2.009    65.465
14.13 15.00   1.818   0.976   2.009   0.472
14.13 15.00   1.820   0.969   2.009   0.465

14.14  0.00   0.440   0.434   0.026   0.075   0.002   0.004   0.329   0.002   0.000   0.003   0.000 1228382000
14.14    4.49    57.440
14.14 15.00   0.803   1.205
14.14 15.00   2.008    65.461
14.14 15.00   1.818   0.976   2.008   0.472
14.14 15.00   1.820   0.969   2.008   0.465

14.15  0.00   0.440   0.434   0.026   0.075   0.002   0.004   0.329   0.002   0.000   0.003   0.000 1229251000
14.15    4.49    57.429
14.15 15.00   0.803   1.205
14.15 15.00   2.008    65.457
14.15 15.00   1.818   0.976   2.008   0.472
14.15 15.00   1.819   0.969   2.008   0.465

14.16  0.00   0.440   0.434   0.026   0.075   0.002   0.004   0.329   0.002   0.000   0.003   0.000 1230120000
14.16    4.49    57.419
14.16 15.00   0.802   1.205
14.16 15.00   2.008    65.453
14.16 15.00   1.817   0.976   2.008   0.472
14.16 15.00   1.819   0.969   2.008   0.465

14.17  0.00   0.440   0.434   0.026   0.075   0.002   0.004   0.329   0.002   0.000   0.003   0.000 1230988000
14.17    4.49    57.409
14.17 15.00   0.802   1.205
14.17 15.00   2.008    65.449
14.17 15.00   1.817   0.976   2.008   0.472
14.17 15.00   1.819   0.969   2.008   0.465

14.18  0.00   0.440   0.434   0.026   0.075   0.002   0.004   0.329   0.002   0.000   0.003   0.000 1231857000
14.18    4.49    57.399
14.18 15.00   0.802   1.205
14.18 15.00   2.007    65.445
14.18 15.00   1.817   0.976   2.007   0.472
14.18 15.00   1.819   0.969   2.007   0.465

14.19  0.00   0.440   0.434   0.026   0.075   0.002   0.004   0.329   0.002   0.000   0.003   0.000 1232726000
14.19    4.49    57.389
14.19 15.00   0.802   1.205
14.19 15.00   2.007    65.441
14.19 15.00   1.817   0.975   2.007   0.472
14.19 15.00   1.818   0.969   2.007   0.465

14.20  0.00   0.440   0.434   0.026   0.075   0.002   0.004   0.329   0.002   0.000   0.003   0.000 1233594000
14.20    4.48    57.379
14.20 15.00   0.802   1.205
14.20 15.00   2.007    65.437
14.20 15.00   1.816   0.975   2.007   0.472
14.20 15.00   1.818   0.969   2.007   0.465

14.21  0.00   0.440   0.434   0.026   0.075   0.002   0.004   0.329   0.002   0.000   0.003   0.000 1234463000
14.21    4.48    57.369
14.21 15.00   0.801   1.205
14.21 15.00   2.007    65.433
14.21 15.00   1.816   0.975   2.007   0.472
14.21 15.00   1.818   0.968   2.007   0.465

14.22  0.00   0.440   0.434   0.026   0.075   0.002   0.004   0.329   0.002   0.000   0.003   0.000 1235332000
14.22    4.48    57.359
14.22 15.00   0.801   1.205
14.22 15.00   2.007    65.429
14.22 15.00   1.816   0.975   2.007   0.472
14.22 15.00   1.818   0.968   2.007   0.465

14.23  0.00   0.440   0.434   0.026   0.075   0.002   0.004   0.329   0.002   0.000   0.003   0.000 1236201000
14.23    4.48    57.348
14.23 15.00   0.801   1.205
14.23 15.00   2.006    65.425
14.23 15.00   1.816   0.975   2.006   0.472
14.23 15.00   1.818   0.968   2.006   0.465

14.24  0.00   0.440   0.434   0.026   0.075   0.002   0.004   0.329   0.002   0.000   0.003   0.000 1237069000
14.24    4.48    57.338
14.24 15.00   0.801   1.205
14.24 15.00   2.006    65.421
14.24 15.00   1.816   0.975   2.006   0.472
14.24 15.00   1.817   0.968   2.006   0.465

14.25  0.00   0.440   0.434   0.026   0.075   0.002   0.004   0.329   0.002   0.000   0.003   0.000 1237938000
14.25    4.48    57.328
14.25 15.00   0.800   1.205
14.25 15.00   2.006    65.417
14.25 15.00   1.815   0.975   2.006   0.472
14.25 15.00   1.817   0.968   2.006   0.465

14.26  0.00   0.440   0.434   0.026   0.075   0.002   0.004   0.329   0.002   0.000   0.003   0.000 1238807000
14.26    4.48    57.318
14.26 15.00   0.800   1.205
14.26 15.00   2.006    65.413
14.26 15.00   1.815   0.975   2.006   0.472
14.26 15.00   1.817   0.968   2.006   0.465

14.27  0.00   0.440   0.434   0.026   0.075   0.002   0.004   0.329   0.002   0.000   0.003   0.000 1239676000
14.27    4.48    57.308
14.27 15.00   0.800   1.205
14.27 15.00   2.005    65.409
14.27 15.00   1.815   0.975   2.005   0.472
14.27 15.00   1.817   0.968   2.005   0.465

14.28  0.00   0.440   0.434   0.026   0.075   0.002   0.004   0.329   0.002   0.000   0.003   0.000 1240544000
14.28    4.47    57.298
14.28 15.00   0.800   1.205
14.28 15.00   2.005    65.405
14.28 15.00   1.815   0.975   2.005   0.472
14.28 15.00   1.817   0.968   2.005   0.465

14.29  0.00   0.440   0.434   0.026   0.075   0.002   0.004   0.329   0.002   0.000   0.003   0.000 1241413000
14.29    4.47    57.288
14.29 15.00   0.800   1.205
14.29 15.00   2.005    65.401
14.29 15.00   1.814   0.975   2.005   0.472
14.29 15.00   1.816   0.968   2.005   0.465

14.30  0.00   0.440   0.434   0.026   0.075   0.002   0.004   0.329   0.002   0.000   0.003   0.000 1242282000
14.30    4.47    57.278
14.30 15.00   0.799   1.205
14.30 15.00   2.005    65.398
14.30 15.00   1.814   0.975   2.005   0.472
14.30 15.00   1.816   0.968   2.005   0.465

14.31  0.00   0.440   0.434   0.026   0.075   0.002   0.004   0.329   0.002   0.000   0.003   0.000 1243151000
14.31    4.47    57.268
14.31 15.00   0.799   1.205
14.31 15.00   2.004    65.394
14.31 15.00   1.814   0.975   2.004   0.472
14.31 15.00   1.816   0.968   2.004   0.465

14.32  0.00   0.440   0.434   0.026   0.075   0.002   0.004   0.329   0.002   0.000   0.003   0.000 1244019000
14.32    4.47    57.258
14.32 15.00   0.799   1.205
14.32 15.00   2.004    65.390
14.32 15.00   1.814   0.974   2.004   0.472
14.32 15.00   1.816   0.968   2.004   0.465

14.33  0.00   0.440   0.434   0.026   0.075   0.002   0.004   0.329   0.002   0.000   0.003   0.000 1244888000
14.33    4.47    57.248
14.33 15.00   0.799   1.205
14.33 15.00   2.004    65.386
14.33 15.00   1.814   0.974   2.004   0.472
14.33 15.00   1.815   0.968   2.004   0.465

14.34  0.00   0.440   0.434   0.026   0.075   0.002   0.004   0.329   0.002   0.000   0.003   0.000 1245757000
14.34    4.47    57.238
14.34 15.00   0.798   1.205
14.34 15.00   2.004    65.382
14.34 15.00   1.813   0.974   2.004   0.472
14.34 15.00   1.815   0.967   2.004   0.465

14.35  0.00   0.440   0.434   0.026   0.075   0.002   0.004   0.329   0.002   0.000   0.003   0.000 1246625000
14.35    4.47    57.228
14.35 15.00   0.798   1.205
14.35 15.00   2.004    65.378
14.35 15.00   1.813   0.974   2.004   0.472
14.35 15.00   1.815   0.967   2.004   0.465

14.36  0.00   0.440   0.434   0.026   0.075   0.002   0.004   0.329   0.002   0.000   0.003   0.000 1247494000
14.36    4.46    57.218
14.36 15.00   0.798   1.205
14.36 15.00   2.003    65.374
14.36 15.00   1.813   0.974   2.003   0.472
14.36 15.00   1.815   0.967   2.003   0.465

14.37  0.00   0.440   0.433   0.026   0.075   0.002   0.004   0.329   0.002   0.000   0.003   0.000 1248363000
14.37    4.46    57.208
14.37 15.00   0.798   1.205
14.37 15.00   2.003    65.370
14.37 15.00   1.813   0.974   2.003   0.472
14.37 15.00   1.815   0.967   2.003   0.465

14.38  0.00   0.440   0.433   0.026   0.075   0.002   0.004   0.329   0.002   0.000   0.003   0.000 1249232000
14.38    4.46    57.198
14.38 15.00   0.797   1.205
14.38 15.00   2.003    65.366
14.38 15.00   1.813   0.974   2.003   0.472
14.38 15.00   1.814   0.967   2.003   0.465

14.39  0.00   0.440   0.433   0.026   0.075   0.002   0.004   0.329   0.002   0.000   0.003   0.000 1250100000
14.39    4.46    57.188
14.39 15.00   0.797   1.205
14.39 15.00   2.003    65.362
14.39 15.00   1.812   0.974   2.003   0.472
14.39 15.00   1.814   0.967   2.003   0.465

14.40  0.00   0.440   0.433   0.026   0.075   0.002   0.004   0.329   0.002   0.000   0.003   0.000 1250969000
14.40    4.46    57.178
14.40 15.00   0.797   1.205
14.40 15.00   2.002    65.358
14.40 15.00   1.812   0.974   2.002   0.472
14.40 15.00   1.814   0.967   2.002   0.465

14.41  0.00   0.440   0.433   0.026   0.075   0.002   0.004   0.329   0.002   0.000   0.003   0.000 1251838000
14.41    4.46    57.168
14.41 15.00   0.797   1.205
14.41 15.00   2.002    65.354
14.41 15.00   1.812   0.974   2.002   0.472
14.41 15.00   1.814   0.967   2.002   0.465

14.42  0.00   0.440   0.433   0.026   0.075   0.002   0.004   0.329   0.002   0.000   0.003   0.000 1252707000
14.42    4.46    57.159
14.42 15.00   0.797   1.205
14.42 15.00   2.002    65.350
14.42 15.00   1.812   0.974   2.002   0.472
14.42 15.00   1.814   0.967   2.002   0.465

14.43  0.00   0.440   0.433   0.026   0.075   0.002   0.004   0.329   0.002   0.000   0.003   0.000 1253575000
14.43    4.46    57.149
14.43 15.00   0.796   1.205
14.43 15.00   2.002    65.347
14.43 15.00   1.812   0.974   2.002   0.472
14.43 15.00   1.813   0.967   2.002   0.465

14.44  0.00   0.440   0.433   0.026   0.075   0.002   0.004   0.329   0.002   0.000   0.003   0.000 1254444000
14.44    4.45    57.139
14.44 15.00   0.796   1.205
14.44 15.00   2.002    65.343
14.44 15.00   1.811   0.974   2.002   0.472
14.44 15.00   1.813   0.967   2.002   0.465

14.45  0.00   0.440   0.433   0.026   0.075   0.002   0.004   0.329   0.002   0.000   0.003   0.000 1255313000
14.45    4.45    57.129
14.45 15.00   0.796   1.205
14.45 15.00   2.001    65.339
14.45 15.00   1.811   0.974   2.001   0.472
14.45 15.00   1.813   0.967   2.001   0.464

14.46  0.00   0.440   0.433   0.026   0.075   0.002   0.004   0.329   0.002   0.000   0.003   0.000 1256182000
14.46    4.45    57.119
14.46 15.00   0.796   1.205
14.46 15.00   2.001    65.335
14.46 15.00   1.811   0.973   2.001   0.472
14.46 15.00   1.813   0.967   2.001   0.464

14.47  0.00   0.440   0.433   0.026   0.075   0.002   0.004   0.329   0.002   0.000   0.003   0.000 1257050000
14.47    4.45    57.109
14.47 15.00   0.795   1.205
14.47 15.00   2.001    65.331
14.47 15.00   1.811   0.973   2.001   0.472
14.47 15.00   1.813   0.967   2.001   0.464

14.48  0.00   0.440   0.433   0.026   0.075   0.002   0.004   0.329   0.002   0.000   0.003   0.000 1257919000
14.48    4.45    57.099
14.48 15.00   0.795   1.205
14.48 15.00   2.001    65.327
14.48 15.00   1.810   0.973   2.001   0.472
14.48 15.00   1.812   0.966   2.001   0.464

14.49  0.00   0.440   0.433   0.026   0.075   0.002   0.004   0.329   0.002   0.000   0.003   0.000 1258788000
14.49    4.45    57.089
14.49 15.00   0.795   1.205
14.49 15.00   2.000    65.323
14.49 15.00   1.810   0.973   2.000   0.472
14.49 15.00   1.812   0.966   2.000   0.464

14.50  0.00   0.440   0.433   0.026   0.075   0.002   0.004   0.329   0.002   0.000   0.003   0.000 1259656000
14.50    4.45    57.080
14.50 15.00   0.795   1.205
14.50 15.00   2.000    65.319
14.50 15.00   1.810   0.973   2.000   0.472
14.50 15.00   1.812   0.966   2.000   0.464

14.51  0.00   0.440   0.433   0.026   0.075   0.002   0.004   0.329   0.002   0.000   0.003   0.000 1260525000
14.51    4.45    57.070
14.51 15.00   0.795   1.205
14.51 15.00   2.000    65.316
14.51 15.00   1.810   0.973   2.000   0.471
14.51 15.00   1.812   0.966   2.000   0.464

14.52  0.00   0.440   0.433   0.026   0.075   0.002   0.004   0.329   0.002   0.000   0.003   0.000 1261394000
14.52    4.44    57.060
14.52 15.00   0.794   1.205
14.52 15.00   2.000    65.312
14.52 15.00   1.810   0.973   2.000   0.471
14.52 15.00   1.811   0.966   2.000   0.464

14.53  0.00   0.440   0.433   0.026   0.075   0.002   0.004   0.329   0.002   0.000   0.003   0.000 1262263000
14.53    4.44    57.050
14.53 15.00   0.794   1.205
14.53 15.00   2.000    65.308
14.53 15.00   1.809   0.973   2.000   0.471
14.53 15.00   1.811   0.966   2.000   0.464

14.54  0.00   0.440   0.433   0.026   0.075   0.002   0.004   0.329   0.002   0.000   0.003   0.000 1263131000
14.54    4.44    57.040
14.54 15.00   0.794   1.205
14.54 15.00   1.999    65.304
14.54 15.00   1.809   0.973   1.999   0.471
14.54 15.00   1.811   0.966   1.999   0.464

14.55  0.00   0.440   0.433   0.026   0.075   0.002   0.004   0.329   0.002   0.000   0.003   0.000 1264000000
14.55    4.44    57.031
14.55 15.00   0.794   1.205
14.55 15.00   1.999    65.300
14.55 15.00   1.809   0.973   1.999   0.471
14.55 15.00   1.811   0.966   1.999   0.464

14.56  0.00   0.440   0.433   0.026   0.075   0.002   0.004   0.329   0.002   0.000   0.003   0.000 1264869000
14.56    4.44    57.021
14.56 15.00   0.794   1.205
14.56 15.00   1.999    65.296
14.56 15.00   1.809   0.973   1.999   0.471
14.56 15.00   1.811   0.966   1.999   0.464

14.57  0.00   0.440   0.433   0.026   0.075   0.002   0.004   0.329   0.002   0.000   0.003   0.000 1265737000
14.57    4.44    57.011
14.57 15.00   0.793   1.205
14.57 15.00   1.999    65.293
14.57 15.00   1.809   0.973   1.999   0.471
14.57 15.00   1.810   0.966   1.999   0.464

14.58  0.00   0.440   0.433   0.026   0.075   0.002   0.004   0.329   0.002   0.000   0.003   0.000 1266606000
14.58    4.44    57.001
14.58 15.00   0.793   1.205
14.58 15.00   1.998    65.289
14.58 15.00   1.808   0.973   1.998   0.471
14.58 15.00   1.810   0.966   1.998   0.464

14.59  0.00   0.440   0.433   0.026   0.075   0.002   0.004   0.329   0.002   0.000   0.003   0.000 1267475000
14.59    4.44    56.991
14.59 15.00   0.793   1.205
14.59 15.00   1.998    65.285
14.59 15.00   1.808   0.972   1.998   0.471
14.59 15.00   1.810   0.966   1.998   0.464

14.60  0.00   0.440   0.433   0.026   0.075   0.002   0.004   0.329   0.002   0.000   0.003   0.000 1268344000
14.60    4.44    56.982
14.60 15.00   0.793   1.205
14.60 15.00   1.998    65.281
14.60 15.00   1.808   0.972   1.998   0.471
14.60 15.00   1.810   0.966   1.998   0.464

14.61  0.00   0.440   0.433   0.026   0.075   0.002   0.004   0.329   0.002   0.000   0.003   0.000 1269212000
14.61    4.43    56.972
14.61 15.00   0.792   1.205
14.61 15.00   1.998    65.277
14.61 15.00   1.808   0.972   1.998   0.471
14.61 15.00   1.810   0.965   1.998   0.464

14.62  0.00   0.440   0.433   0.026   0.075   0.002   0.004   0.329   0.002   0.000   0.003   0.000 1270081000
14.62    4.43    56.962
14.62 15.00   0.792   1.205
14.62 15.00   1.998    65.274
14.62 15.00   1.808   0.972   1.998   0.471
14.62 15.00   1.809   0.965   1.998   0.464

14.63  0.00   0.440   0.433   0.026   0.075   0.002   0.004   0.329   0.002   0.000   0.003   0.000 1270950000
14.63    4.43    56.953
14.63 15.00   0.792   1.205
14.63 15.00   1.997    65.270
14.63 15.00   1.807   0.972   1.997   0.471
14.63 15.00   1.809   0.965   1.997   0.464

14.64  0.00   0.440   0.433   0.026   0.075   0.002   0.004   0.329   0.002   0.000   0.003   0.000 1271819000
14.64    4.43    56.943
14.64 15.00   0.792   1.205
14.64 15.00   1.997    65.266
14.64 15.00   1.807   0.972   1.997   0.471
14.64 15.00   1.809   0.965   1.997   0.464

14.65  0.00   0.440   0.433   0.026   0.075   0.002   0.004   0.329   0.002   0.000   0.003   0.000 1272687000
14.65    4.43    56.933
14.65 15.00   0.792   1.205
14.65 15.00   1.997    65.262
14.65 15.00   1.807   0.972   1.997   0.471
14.65 15.00   1.809   0.965   1.997   0.464

14.66  0.00   0.440   0.433   0.026   0.075   0.002   0.004   0.329   0.002   0.000   0.003   0.000 1273556000
14.66    4.43    56.923
14.66 15.00   0.791   1.205
14.66 15.00   1.997    65.258
14.66 15.00   1.807   0.972   1.997   0.471
14.66 15.00   1.809   0.965   1.997   0.464

14.67  0.00   0.440   0.433   0.026   0.075   0.002   0.004   0.329   0.002   0.000   0.003   0.000 1274425000
14.67    4.43    56.914
14.67 15.00   0.791   1.205
14.67 15.00   1.997    65.255
14.67 15.00   1.807   0.972   1.997   0.471
14.67 15.00   1.808   0.965   1.997   0.464

14.68  0.00   0.440   0.433   0.026   0.075   0.002   0.004   0.329   0.002   0.000   0.003   0.000 1275293000
14.68    4.43    56.904
14.68 15.00   0.791   1.205
14.68 15.00   1.996    65.251
14.68 15.00   1.806   0.972   1.996   0.471
14.68 15.00   1.808   0.965   1.996   0.464

14.69  0.00   0.440   0.433   0.026   0.075   0.002   0.004   0.329   0.002   0.000   0.003   0.000 1276162000
14.69    4.42    56.894
14.69 15.00   0.791   1.205
14.69 15.00   1.996    65.247
14.69 15.00   1.806   0.972   1.996   0.471
14.69 15.00   1.808   0.965   1.996   0.464

14.70  0.00   0.440   0.433   0.026   0.075   0.002   0.004   0.329   0.002   0.000   0.003   0.000 1277031000
14.70    4.42    56.885
14.70 15.00   0.790   1.205
14.70 15.00   1.996    65.243
14.70 15.00   1.806   0.972   1.996   0.471
14.70 15.00   1.808   0.965   1.996   0.464

14.71  0.00   0.440   0.433   0.026   0.075   0.002   0.004   0.329   0.002   0.000   0.003   0.000 1277900000
14.71    4.42    56.875
14.71 15.00   0.790   1.205
14.71 15.00   1.996    65.239
14.71 15.00   1.806   0.972   1.996   0.471
14.71 15.00   1.808   0.965   1.996   0.464

14.72  0.00   0.440   0.433   0.026   0.075   0.002   0.004   0.329   0.002   0.000   0.003   0.000 1278768000
14.72    4.42    56.865
14.72 15.00   0.790   1.205
14.72 15.00   1.995    65.236
14.72 15.00   1.806   0.972   1.995   0.471
14.72 15.00   1.807   0.965   1.995   0.464

14.73  0.00   0.440   0.433   0.026   0.075   0.002   0.004   0.329   0.002   0.000   0.003   0.000 1279637000
14.73    4.42    56.856
14.73 15.00   0.790   1.205
14.73 15.00   1.995    65.232
14.73 15.00   1.805   0.971   1.995   0.471
14.73 15.00   1.807   0.965   1.995   0.464

14.74  0.00   0.440   0.433   0.026   0.075   0.002   0.004   0.329   0.002   0.000   0.003   0.000 1280506000
14.74    4.42    56.846
14.74 15.00   0.790   1.205
14.74 15.00   1.995    65.228
14.74 15.00   1.805   0.971   1.995   0.471
14.74 15.00   1.807   0.965   1.995   0.464

14.75  0.00   0.440   0.433   0.026   0.075   0.002   0.004   0.329   0.002   0.000   0.003   0.000 1281375000
14.75    4.42    56.837
14.75 15.00   0.789   1.205
14.75 15.00   1.995    65.224
14.75 15.00   1.805   0.971   1.995   0.471
14.75 15.00   1.807   0.964   1.995   0.464

14.76  0.00   0.440   0.433   0.026   0.075   0.002   0.004   0.329   0.002   0.000   0.003   0.000 1282243000
14.76    4.42    56.827
14.76 15.00   0.789   1.205
14.76 15.00   1.995    65.221
14.76 15.00   1.805   0.971   1.995   0.471
14.76 15.00   1.807   0.964   1.995   0.464

14.77  0.00   0.440   0.433   0.026   0.075   0.002   0.004   0.329   0.002   0.000   0.003   0.000 1283112000
14.77    4.42    56.817
14.77 15.00   0.789   1.205
14.77 15.00   1.994    65.217
14.77 15.00   1.805   0.971   1.994   0.471
14.77 15.00   1.806   0.964   1.994   0.464

14.78  0.00   0.440   0.433   0.026   0.075   0.002   0.004   0.329   0.002   0.000   0.003   0.000 1283981000
14.78    4.41    56.808
14.78 15.00   0.789   1.205
14.78 15.00   1.994    65.213
14.78 15.00   1.804   0.971   1.994   0.471
14.78 15.00   1.806   0.964   1.994   0.464

14.79  0.00   0.439   0.433   0.026   0.075   0.002   0.004   0.329   0.002   0.000   0.003   0.000 1284850000
14.79    4.41    56.798
14.79 15.00   0.789   1.205
14.79 15.00   1.994    65.210
14.79 15.00   1.804   0.971   1.994   0.471
14.79 15.00   1.806   0.964   1.994   0.464

14.80  0.00   0.439   0.433   0.026   0.075   0.002   0.004   0.329   0.002   0.000   0.003   0.000 1285718000
14.80    4.41    56.789
14.80 15.00   0.788   1.205
14.80 15.00   1.994    65.206
14.80 15.00   1.804   0.971   1.994   0.471
14.80 15.00   1.806   0.964   1.994   0.464

14.81  0.00   0.439   0.433   0.026   0.075   0.002   0.004   0.329   0.002   0.000   0.003   0.000 1286587000
14.81    4.41    56.779
14.81 15.00   0.788   1.205
14.81 15.00   1.994    65.202
14.81 15.00   1.804   0.971   1.994   0.471
14.81 15.00   1.806   0.964   1.994   0.464

14.82  0.00   0.439   0.433   0.026   0.075   0.002   0.004   0.329   0.002   0.000   0.003   0.000 1287456000
14.82    4.41    56.770
14.82 15.00   0.788   1.205
14.82 15.00   1.993    65.198
14.82 15.00   1.804   0.971   1.993   0.471
14.82 15.00   1.805   0.964   1.993   0.464

14.83  0.00   0.439   0.433   0.026   0.075   0.002   0.004   0.329   0.002   0.000   0.003   0.000 1288324000
14.83    4.41    56.760
14.83 15.00   0.788   1.205
14.83 15.00   1.993    65.195
14.83 15.00   1.803   0.971   1.993   0.471
14.83 15.00   1.805   0.964   1.993   0.464

14.84  0.00   0.439   0.433   0.026   0.075   0.002   0.004   0.329   0.002   0.000   0.003   0.000 1289193000
14.84    4.41    56.751
14.84 15.00   0.787   1.205
14.84 15.00   1.993    65.191
14.84 15.00   1.803   0.971   1.993   0.471
14.84 15.00   1.805   0.964   1.993   0.464

14.85  0.00   0.439   0.433   0.026   0.075   0.002   0.004   0.329   0.002   0.000   0.003   0.000 1290062000
14.85    4.41    56.741
14.85 15.00   0.787   1.205
14.85 15.00   1.993    65.187
14.85 15.00   1.803   0.971   1.993   0.471
14.85 15.00   1.805   0.964   1.993   0.464

14.86  0.00   0.439   0.433   0.026   0.075   0.002   0.004   0.329   0.002   0.000   0.003   0.000 1290931000
14.86    4.40    56.732
14.86 15.00   0.787   1.205
14.86 15.00   1.992    65.184
14.86 15.00   1.803   0.971   1.992   0.471
14.86 15.00   1.805   0.964   1.992   0.464

14.87  0.00   0.439   0.433   0.026   0.075   0.002   0.004   0.329   0.002   0.000   0.003   0.000 1291799000
14.87    4.40    56.722
14.87 15.00   0.787   1.205
14.87 15.00   1.992    65.180
14.87 15.00   1.803   0.971   1.992   0.471
14.87 15.00   1.804   0.964   1.992   0.464

14.88  0.00   0.439   0.433   0.026   0.075   0.002   0.004   0.329   0.002   0.000   0.003   0.000 1292668000
14.88    4.40    56.713
14.88 15.00   0.787   1.205
14.88 15.00   1.992    65.176
14.88 15.00   1.802   0.970   1.992   0.471
14.88 15.00   1.804   0.964   1.992   0.464

14.89  0.00   0.439   0.433   0.026   0.075   0.002   0.004   0.329   0.002   0.000   0.003   0.000 1293537000
14.89    4.40    56.703
14.89 15.00   0.786   1.205
14.89 15.00   1.992    65.173
14.89 15.00   1.802   0.970   1.992   0.471
14.89 15.00   1.804   0.964   1.992   0.464

14.90  0.00   0.439   0.433   0.026   0.075   0.002   0.004   0.329   0.002   0.000   0.003   0.000 1294406000
14.90    4.40    56.694
14.90 15.00   0.786   1.205
14.90 15.00   1.992    65.169
14.90 15.00   1.802   0.970   1.992   0.471
14.90 15.00   1.804   0.963   1.992   0.464

14.91  0.00   0.439   0.433   0.026   0.075   0.002   0.004   0.329   0.002   0.000   0.003   0.000 1295274000
14.91    4.40    56.684
14.91 15.00   0.786   1.205
14.91 15.00   1.991    65.165
14.91 15.00   1.802   0.970   1.991   0.471
14.91 15.00   1.804   0.963   1.991   0.464

14.92  0.00   0.439   0.433   0.026   0.075   0.002   0.004   0.329   0.002   0.000   0.003   0.000 1296143000
14.92    4.40    56.675
14.92 15.00   0.786   1.205
14.92 15.00   1.991    65.162
14.92 15.00   1.802   0.970   1.991   0.471
14.92 15.00   1.803   0.963   1.991   0.464

14.93  0.00   0.439   0.433   0.026   0.075   0.002   0.004   0.329   0.002   0.000   0.003   0.000 1297012000
14.93    4.40    56.665
14.93 15.00   0.786   1.205
14.93 15.00   1.991    65.158
14.93 15.00   1.801   0.970   1.991   0.471
14.93 15.00   1.803   0.963   1.991   0.464

14.94  0.00   0.439   0.433   0.026   0.075   0.002   0.004   0.329   0.002   0.000   0.003   0.000 1297880000
14.94    4.40    56.656
14.94 15.00   0.785   1.205
14.94 15.00   1.991    65.154
14.94 15.00   1.801   0.970   1.991   0.471
14.94 15.00   1.803   0.963   1.991   0.464

14.95  0.00   0.439   0.433   0.026   0.075   0.002   0.004   0.329   0.002   0.000   0.003   0.000 1298749000
14.95    4.39    56.646
14.95 15.00   0.785   1.205
14.95 15.00   1.991    65.151
14.95 15.00   1.801   0.970   1.991   0.471
14.95 15.00   1.803   0.963   1.991   0.464

14.96  0.00   0.439   0.433   0.026   0.075   0.002   0.004   0.329   0.002   0.000   0.003   0.000 1299618000
14.96    4.39    56.637
14.96 15.00   0.785   1.205
14.96 15.00   1.990    65.147
14.96 15.00   1.801   0.970   1.990   0.471
14.96 15.00   1.803   0.963   1.990   0.464

14.97  0.00   0.439   0.433   0.026   0.075   0.002   0.004   0.329   0.002   0.000   0.003   0.000 1300487000
14.97    4.39    56.628
14.97 15.00   0.785   1.205
14.97 15.00   1.990    65.143
14.97 15.00   1.801   0.970   1.990   0.471
14.97 15.00   1.802   0.963   1.990   0.464

14.98  0.00   0.439   0.433   0.026   0.075   0.002   0.004   0.329   0.002   0.000   0.003   0.000 1301355000
14.98    4.39    56.618
14.98 15.00   0.785   1.205
14.98 15.00   1.990    65.140
14.98 15.00   1.800   0.970   1.990   0.471
14.98 15.00   1.802   0.963   1.990   0.464

14.99  0.00   0.439   0.433   0.026   0.075   0.002   0.004   0.329   0.002   0.000   0.003   0.000 1302224000
14.99    4.39    56.609
14.99 15.00   0.784   1.205
14.99 15.00   1.990    65.136
14.99 15.00   1.800   0.970   1.990   0.471
14.99 15.00   1.802   0.963   1.990   0.464

15.00  0.00   0.439   0.433   0.026   0.075   0.002   0.004   0.329   0.002   0.000   0.003   0.000 1303093000
15.00    4.39    56.599
15.00 15.00   0.784   1.205
15.00 15.00   1.990    65.132
15.00 15.00   1.800   0.970   1.990   0.471
15.00 15.00   1.802   0.963   1.990   0.464

15.01  0.00   0.439   0.433   0.026   0.075   0.002   0.004   0.329   0.002   0.000   0.003   0.000 1303961000
15.01    4.39    56.590
15.01 15.00   0.784   1.205
15.01 15.00   1.989    65.129
15.01 15.00   1.800   0.970   1.989   0.471
15.01 15.00   1.802   0.963   1.989   0.464

15.02  0.00   0.439   0.433   0.026   0.075   0.002   0.004   0.329   0.002   0.000   0.003   0.000 1304830000
15.02    4.39    56.581
15.02 15.00   0.784   1.205
15.02 15.00   1.989    65.125
15.02 15.00   1.800   0.969   1.989   0.471
15.02 15.00   1.801   0.963   1.989   0.464

15.03  0.00   0.439   0.433   0.026   0.075   0.002   0.004   0.329   0.002   0.000   0.003   0.000 1305699000
15.03    4.39    56.571
15.03 15.00   0.784   1.205
15.03 15.00   1.989    65.121
15.03 15.00   1.799   0.969   1.989   0.471
15.03 15.00   1.801   0.963   1.989   0.464

15.04  0.00   0.439   0.433   0.026   0.075   0.002   0.004   0.329   0.002   0.000   0.003   0.000 1306568000
15.04    4.38    56.562
15.04 15.00   0.783   1.205
15.04 15.00   1.989    65.118
15.04 15.00   1.799   0.969   1.989   0.471
15.04 15.00   1.801   0.962   1.989   0.464

15.05  0.00   0.439   0.432   0.026   0.075   0.002   0.004   0.329   0.002   0.000   0.003   0.000 1307436000
15.05    4.38    56.553
15.05 15.00   0.783   1.205
15.05 15.00   1.989    65.114
15.05 15.00   1.799   0.969   1.989   0.471
15.05 15.00   1.801   0.962   1.989   0.464

15.06  0.00   0.439   0.432   0.026   0.075   0.002   0.004   0.329   0.002   0.000   0.003   0.000 1308305000
15.06    4.38    56.543
15.06 15.00   0.783   1.205
15.06 15.00   1.988    65.111
15.06 15.00   1.799   0.969   1.988   0.471
15.06 15.00   1.801   0.962   1.988   0.464

15.07  0.00   0.439   0.432   0.026   0.075   0.002   0.004   0.329   0.002   0.000   0.003   0.000 1309174000
15.07    4.38    56.534
15.07 15.00   0.783   1.205
15.07 15.00   1.988    65.107
15.07 15.00   1.799   0.969   1.988   0.471
15.07 15.00   1.800   0.962   1.988   0.464

15.08  0.00   0.439   0.432   0.026   0.075   0.002   0.004   0.329   0.002   0.000   0.003   0.000 1310043000
15.08    4.38    56.525
15.08 15.00   0.783   1.205
15.08 15.00   1.988    65.103
15.08 15.00   1.798   0.969   1.988   0.471
15.08 15.00   1.800   0.962   1.988   0.463

15.09  0.00   0.439   0.432   0.026   0.075   0.002   0.004   0.329   0.002   0.000   0.003   0.000 1310911000
15.09    4.38    56.515
15.09 15.00   0.782   1.205
15.09 15.00   1.988    65.100
15.09 15.00   1.798   0.969   1.988   0.471
15.09 15.00   1.800   0.962   1.988   0.463

15.10  0.00   0.439   0.432   0.026   0.075   0.002   0.004   0.329   0.002   0.000   0.003   0.000 1311780000
15.10    4.38    56.506
15.10 15.00   0.782   1.205
15.10 15.00   1.988    65.096
15.10 15.00   1.798   0.969   1.988   0.471
15.10 15.00   1.800   0.962   1.988   0.463

15.11  0.00   0.439   0.432   0.026   0.075   0.002   0.004   0.329   0.002   0.000   0.003   0.000 1312649000
15.11    4.38    56.497
15.11 15.00   0.782   1.205
15.11 15.00   1.987    65.093
15.11 15.00   1.798   0.969   1.987   0.471
15.11 15.00   1.800   0.962   1.987   0.463

15.12  0.00   0.439   0.432   0.026   0.075   0.002   0.004   0.329   0.002   0.000   0.003   0.000 1313518000
15.12    4.38    56.488
15.12 15.00   0.782   1.205
15.12 15.00   1.987    65.089
15.12 15.00   1.798   0.969   1.987   0.471
15.12 15.00   1.799   0.962   1.987   0.463

15.13  0.00   0.439   0.432   0.026   0.075   0.002   0.004   0.329   0.002   0.000   0.003   0.000 1314386000
15.13    4.37    56.478
15.13 15.00   0.781   1.205
15.13 15.00   1.987    65.085
15.13 15.00   1.797   0.969   1.987   0.471
15.13 15.00   1.799   0.962   1.987   0.463

15.14  0.00   0.439   0.432   0.026   0.075   0.002   0.004   0.329   0.002   0.000   0.003   0.000 1315255000
15.14    4.37    56.469
15.14 15.00   0.781   1.205
15.14 15.00   1.987    65.082
15.14 15.00   1.797   0.969   1.987   0.471
15.14 15.00   1.799   0.962   1.987   0.463

15.15  0.00   0.439   0.432   0.026   0.075   0.002   0.004   0.329   0.002   0.000   0.003   0.000 1316124000
15.15    4.37    56.460
15.15 15.00   0.781   1.205
15.15 15.00   1.986    65.078
15.15 15.00   1.797   0.969   1.986   0.470
15.15 15.00   1.799   0.962   1.986   0.463

15.16  0.00   0.439   0.432   0.026   0.075   0.002   0.004   0.329   0.002   0.000   0.003   0.000 1316992000
15.16    4.37    56.451
15.16 15.00   0.781   1.205
15.16 15.00   1.986    65.075
15.16 15.00   1.797   0.969   1.986   0.470
15.16 15.00   1.799   0.962   1.986   0.463

15.17  0.00   0.439   0.432   0.026   0.075   0.002   0.004   0.328   0.002   0.000   0.003   0.000 1317861000
15.17    4.37    56.441
15.17 15.00   0.781   1.205
15.17 15.00   1.986    65.071
15.17 15.00   1.797   0.968   1.986   0.470
15.17 15.00   1.798   0.962   1.986   0.463

15.18  0.00   0.439   0.432   0.026   0.075   0.002   0.004   0.328   0.002   0.000   0.003   0.000 1318730000
15.18    4.37    56.432
15.18 15.00   0.780   1.205
15.18 15.00   1.986    65.068
15.18 15.00   1.796   0.968   1.986   0.470
15.18 15.00   1.798   0.962   1.986   0.463

15.19  0.00   0.439   0.432   0.026   0.075   0.002   0.004   0.328   0.002   0.000   0.003   0.000 1319599000
15.19    4.37    56.423
15.19 15.00   0.780   1.205
15.19 15.00   1.986    65.064
15.19 15.00   1.796   0.968   1.986   0.470
15.19 15.00   1.798   0.961   1.986   0.463

15.20  0.00   0.439   0.432   0.026   0.075   0.002   0.004   0.328   0.002   0.000   0.003   0.000 1320467000
15.20    4.37    56.414
15.20 15.00   0.780   1.205
15.20 15.00   1.985    65.060
15.20 15.00   1.796   0.968   1.985   0.470
15.20 15.00   1.798   0.961   1.985   0.463

15.21  0.00   0.439   0.432   0.026   0.075   0.002   0.004   0.328   0.002   0.000   0.003   0.000 1321336000
15.21    4.37    56.405
15.21 15.00   0.780   1.205
15.21 15.00   1.985    65.057
15.21 15.00   1.796   0.968   1.985   0.470
15.21 15.00   1.798   0.961   1.985   0.463

15.22  0.00   0.439   0.432   0.026   0.075   0.002   0.004   0.328   0.002   0.000   0.003   0.000 1322205000
15.22    4.36    56.395
15.22 15.00   0.780   1.205
15.22 15.00   1.985    65.053
15.22 15.00   1.796   0.968   1.985   0.470
15.22 15.00   1.798   0.961   1.985   0.463

15.23  0.00   0.439   0.432   0.026   0.075   0.002   0.004   0.328   0.002   0.000   0.003   0.000 1323074000
15.23    4.36    56.386
15.23 15.00   0.779   1.205
15.23 15.00   1.985    65.050
15.23 15.00   1.796   0.968   1.985   0.470
15.23 15.00   1.797   0.961   1.985   0.463

15.24  0.00   0.439   0.432   0.026   0.075   0.002   0.004   0.328   0.002   0.000   0.003   0.000 1323942000
15.24    4.36    56.377
15.24 15.00   0.779   1.205
15.24 15.00   1.985    65.046
15.24 15.00   1.795   0.968   1.985   0.470
15.24 15.00   1.797   0.961   1.985   0.463

15.25  0.00   0.439   0.432   0.026   0.075   0.002   0.004   0.328   0.002   0.000   0.003   0.000 1324811000
15.25    4.36    56.368
15.25 15.00   0.779   1.205
15.25 15.00   1.984    65.043
15.25 15.00   1.795   0.968   1.984   0.470
15.25 15.00   1.797   0.961   1.984   0.463

15.26  0.00   0.439   0.432   0.026   0.075   0.002   0.004   0.328   0.002   0.000   0.003   0.000 1325680000
15.26    4.36    56.359
15.26 15.00   0.779   1.205
15.26 15.00   1.984    65.039
15.26 15.00   1.795   0.968   1.984   0.470
15.26 15.00   1.797   0.961   1.984   0.463

15.27  0.00   0.439   0.432   0.026   0.075   0.002   0.004   0.328   0.002   0.000   0.003   0.000 1326548000
15.27    4.36    56.350
15.27 15.00   0.779   1.205
15.27 15.00   1.984    65.036
15.27 15.00   1.795   0.968   1.984   0.470
15.27 15.00   1.797   0.961   1.984   0.463

15.28  0.00   0.439   0.432   0.026   0.075   0.002   0.004   0.328   0.002   0.000   0.003   0.000 1327417000
15.28    4.36    56.341
15.28 15.00   0.778   1.205
15.28 15.00   1.984    65.032
15.28 15.00   1.795   0.968   1.984   0.470
15.28 15.00   1.796   0.961   1.984   0.463

15.29  0.00   0.439   0.432   0.026   0.075   0.002   0.004   0.328   0.002   0.000   0.003   0.000 1328286000
15.29    4.36    56.331
15.29 15.00   0.778   1.205
15.29 15.00   1.984    65.029
15.29 15.00   1.794   0.968   1.984   0.470
15.29 15.00   1.796   0.961   1.984   0.463

15.30  0.00   0.439   0.432   0.026   0.075   0.002   0.004   0.328   0.002   0.000   0.003   0.000 1329155000
15.30    4.36    56.322
15.30 15.00   0.778   1.205
15.30 15.00   1.983    65.025
15.30 15.00   1.794   0.968   1.983   0.470
15.30 15.00   1.796   0.961   1.983   0.463

15.31  0.00   0.439   0.432   0.026   0.075   0.002   0.004   0.328   0.002   0.000   0.003   0.000 1330023000
15.31    4.35    56.313
15.31 15.00   0.778   1.205
15.31 15.00   1.983    65.022
15.31 15.00   1.794   0.968   1.983   0.470
15.31 15.00   1.796   0.961   1.983   0.463

15.32  0.00   0.439   0.432   0.026   0.075   0.002   0.004   0.328   0.002   0.000   0.003   0.000 1330892000
15.32    4.35    56.304
15.32 15.00   0.778   1.205
15.32 15.00   1.983    65.018
15.32 15.00   1.794   0.967   1.983   0.470
15.32 15.00   1.796   0.961   1.983   0.463

15.33  0.00   0.439   0.432   0.026   0.075   0.002   0.004   0.328   0.002   0.000   0.003   0.000 1331761000
15.33    4.35    56.295
15.33 15.00   0.777   1.205
15.33 15.00   1.983    65.015
15.33 15.00   1.794   0.967   1.983   0.470
15.33 15.00   1.795   0.961   1.983   0.463

15.34  0.00   0.439   0.432   0.026   0.075   0.002   0.004   0.328   0.002   0.000   0.003   0.000 1332630000
15.34    4.35    56.286
15.34 15.00   0.777   1.205
15.34 15.00   1.983    65.011
15.34 15.00   1.793   0.967   1.983   0.470
15.34 15.00   1.795   0.960   1.983   0.463

15.35  0.00   0.439   0.432   0.026   0.075   0.002   0.004   0.328   0.002   0.000   0.003   0.000 1333498000
15.35    4.35    56.277
15.35 15.00   0.777   1.205
15.35 15.00   1.982    65.008
15.35 15.00   1.793   0.967   1.982   0.470
15.35 15.00   1.795   0.960   1.982   0.463

15.36  0.00   0.439   0.432   0.026   0.075   0.002   0.004   0.328   0.002   0.000   0.003   0.000 1334367000
15.36    4.35    56.268
15.36 15.00   0.777   1.205
15.36 15.00   1.982    65.004
15.36 15.00   1.793   0.967   1.982   0.470
15.36 15.00   1.795   0.960   1.982   0.463

15.37  0.00   0.439   0.432   0.026   0.075   0.002   0.004   0.328   0.002   0.000   0.003   0.000 1335236000
15.37    4.35    56.259
15.37 15.00   0.777   1.205
15.37 15.00   1.982    65.001
15.37 15.00   1.793   0.967   1.982   0.470
15.37 15.00   1.795   0.960   1.982   0.463

15.38  0.00   0.439   0.432   0.026   0.075   0.002   0.004   0.328   0.002   0.000   0.003   0.000 1336104000
15.38    4.35    56.250
15.38 15.00   0.776   1.205
15.38 15.00   1.982    64.997
15.38 15.00   1.793   0.967   1.982   0.470
15.38 15.00   1.795   0.960   1.982   0.463

15.39  0.00   0.439   0.432   0.026   0.075   0.002   0.004   0.328   0.002   0.000   0.003   0.000 1336973000
15.39    4.35    56.241
15.39 15.00   0.776   1.205
15.39 15.00   1.982    64.994
15.39 15.00   1.792   0.967   1.982   0.470
15.39 15.00   1.794   0.960   1.982   0.463

15.40  0.00   0.439   0.432   0.026   0.075   0.002   0.004   0.328   0.002   0.000   0.003   0.000 1337842000
15.40    4.35    56.232
15.40 15.00   0.776   1.205
15.40 15.00   1.981    64.990
15.40 15.00   1.792   0.967   1.981   0.470
15.40 15.00   1.794   0.960   1.981   0.463

15.41  0.00   0.439   0.432   0.026   0.075   0.002   0.004   0.328   0.002   0.000   0.003   0.000 1338711000
15.41    4.34    56.223
15.41 15.00   0.776   1.205
15.41 15.00   1.981    64.987
15.41 15.00   1.792   0.967   1.981   0.470
15.41 15.00   1.794   0.960   1.981   0.463

15.42  0.00   0.439   0.432   0.026   0.075   0.002   0.004   0.328   0.002   0.000   0.003   0.000 1339579000
15.42    4.34    56.214
15.42 15.00   0.776   1.205
15.42 15.00   1.981    64.983
15.42 15.00   1.792   0.967   1.981   0.470
15.42 15.00   1.794   0.960   1.981   0.463

15.43  0.00   0.439   0.432   0.026   0.075   0.002   0.004   0.328   0.002   0.000   0.003   0.000 1340448000
15.43    4.34    56.205
15.43 15.00   0.775   1.205
15.43 15.00   1.981    64.980
15.43 15.00   1.792   0.967   1.981   0.470
15.43 15.00   1.794   0.960   1.981   0.463

15.44  0.00   0.439   0.432   0.026   0.075   0.002   0.004   0.328   0.002   0.000   0.003   0.000 1341317000
15.44    4.34    56.196
15.44 15.00   0.775   1.205
15.44 15.00   1.981    64.976
15.44 15.00   1.792   0.967   1.981   0.470
15.44 15.00   1.793   0.960   1.981   0.463

15.45  0.00   0.439   0.432   0.026   0.075   0.002   0.004   0.328   0.002   0.000   0.003   0.000 1342186000
15.45    4.34    56.187
15.45 15.00   0.775   1.205
15.45 15.00   1.981    64.973
15.45 15.00   1.791   0.967   1.981   0.470
15.45 15.00   1.793   0.960   1.981   0.463

15.46  0.00   0.439   0.432   0.026   0.075   0.002   0.004   0.328   0.002   0.000   0.003   0.000 1343054000
15.46    4.34    56.178
15.46 15.00   0.775   1.205
15.46 15.00   1.980    64.970
15.46 15.00   1.791   0.967   1.980   0.470
15.46 15.00   1.793   0.960   1.980   0.463

15.47  0.00   0.439   0.432   0.026   0.075   0.002   0.004   0.328   0.002   0.000   0.003   0.000 1343923000
15.47    4.34    56.169
15.47 15.00   0.775   1.205
15.47 15.00   1.980    64.966
15.47 15.00   1.791   0.967   1.980   0.470
15.47 15.00   1.793   0.960   1.980   0.463

15.48  0.00   0.439   0.432   0.026   0.075   0.002   0.004   0.328   0.002   0.000   0.003   0.000 1344792000
15.48    4.34    56.160
15.48 15.00   0.775   1.205
15.48 15.00   1.980    64.963
15.48 15.00   1.791   0.966   1.980   0.470
15.48 15.00   1.793   0.960   1.980   0.463

15.49  0.00   0.439   0.432   0.026   0.075   0.002   0.004   0.328   0.002   0.000   0.003   0.000 1345660000
15.49    4.34    56.151
15.49 15.00   0.774   1.205
15.49 15.00   1.980    64.959
15.49 15.00   1.791   0.966   1.980   0.470
15.49 15.00   1.792   0.960   1.980   0.463

15.50  0.00   0.438   0.432   0.026   0.075   0.002   0.004   0.328   0.002   0.000   0.003   0.000 1346529000
15.50    4.33    56.142
15.50 15.00   0.774   1.205
15.50 15.00   1.980    64.956
15.50 15.00   1.790   0.966   1.980   0.470
15.50 15.00   1.792   0.959   1.980   0.463

15.51  0.00   0.438   0.432   0.026   0.075   0.002   0.004   0.328   0.002   0.000   0.003   0.000 1347398000
15.51    4.33    56.133
15.51 15.00   0.774   1.205
15.51 15.00   1.979    64.952
15.51 15.00   1.790   0.966   1.979   0.470
15.51 15.00   1.792   0.959   1.979   0.463

15.52  0.00   0.438   0.432   0.026   0.075   0.002   0.004   0.328   0.002   0.000   0.003   0.000 1348267000
15.52    4.33    56.124
15.52 15.00   0.774   1.205
15.52 15.00   1.979    64.949
15.52 15.00   1.790   0.966   1.979   0.470
15.52 15.00   1.792   0.959   1.979   0.463

15.53  0.00   0.438   0.432   0.026   0.075   0.002   0.004   0.328   0.002   0.000   0.003   0.000 1349135000
15.53    4.33    56.115
15.53 15.00   0.774   1.205
15.53 15.00   1.979    64.946
15.53 15.00   1.790   0.966   1.979   0.470
15.53 15.00   1.792   0.959   1.979   0.463

15.54  0.00   0.438   0.432   0.026   0.075   0.002   0.004   0.328   0.002   0.000   0.002   0.000 1350004000
15.54    4.33    56.106
15.54 15.00   0.773   1.205
15.54 15.00   1.979    64.942
15.54 15.00   1.790   0.966   1.979   0.470
15.54 15.00   1.792   0.959   1.979   0.463

15.55  0.00   0.438   0.432   0.026   0.075   0.002   0.004   0.328   0.002   0.000   0.002   0.000 1350873000
15.55    4.33    56.097
15.55 15.00   0.773   1.205
15.55 15.00   1.979    64.939
15.55 15.00   1.790   0.966   1.979   0.470
15.55 15.00   1.791   0.959   1.979   0.463

15.56  0.00   0.438   0.432   0.026   0.075   0.002   0.004   0.328   0.002   0.000   0.002   0.000 1351742000
15.56    4.33    56.088
15.56 15.00   0.773   1.205
15.56 15.00   1.978    64.935
15.56 15.00   1.789   0.966   1.978   0.470
15.56 15.00   1.791   0.959   1.978   0.463

15.57  0.00   0.438   0.432   0.026   0.075   0.002   0.004   0.328   0.002   0.000   0.002   0.000 1352610000
15.57    4.33    56.079
15.57 15.00   0.773   1.205
15.57 15.00   1.978    64.932
15.57 15.00   1.789   0.966   1.978   0.470
15.57 15.00   1.791   0.959   1.978   0.463

15.58  0.00   0.438   0.432   0.026   0.075   0.002   0.004   0.328   0.002   0.000   0.002   0.000 1353479000
15.58    4.33    56.071
15.58 15.00   0.773   1.205
15.58 15.00   1.978    64.929
15.58 15.00   1.789   0.966   1.978   0.470
15.58 15.00   1.791   0.959   1.978   0.463

15.59  0.00   0.438   0.432   0.026   0.075   0.002   0.004   0.328   0.002   0.000   0.002   0.000 1354348000
15.59    4.33    56.062
15.59 15.00   0.772   1.205
15.59 15.00   1.978    64.925
15.59 15.00   1.789   0.966   1.978   0.470
15.59 15.00   1.791   0.959   1.978   0.463

15.60  0.00   0.438   0.432   0.026   0.075   0.002   0.004   0.328   0.002   0.000   0.002   0.000 1355217000
15.60    4.32    56.053
15.60 15.00   0.772   1.205
15.60 15.00   1.978    64.922
15.60 15.00   1.789   0.966   1.978   0.470
15.60 15.00   1.790   0.959   1.978   0.463

15.61  0.00   0.438   0.432   0.026   0.075   0.002   0.004   0.328   0.002   0.000   0.002   0.000 1356085000
15.61    4.32    56.044
15.61 15.00   0.772   1.205
15.61 15.00   1.977    64.918
15.61 15.00   1.788   0.966   1.977   0.470
15.61 15.00   1.790   0.959   1.977   0.463

15.62  0.00   0.438   0.432   0.026   0.074   0.002   0.004   0.328   0.002   0.000   0.002   0.000 1356954000
15.62    4.32    56.035
15.62 15.00   0.772   1.205
15.62 15.00   1.977    64.915
15.62 15.00   1.788   0.966   1.977   0.470
15.62 15.00   1.790   0.959   1.977   0.463

15.63  0.00   0.438   0.432   0.026   0.074   0.001   0.004   0.328   0.002   0.000   0.002   0.000 1357823000
15.63    4.32    56.026
15.63 15.00   0.772   1.205
15.63 15.00   1.977    64.912
15.63 15.00   1.788   0.965   1.977   0.470
15.63 15.00   1.790   0.959   1.977   0.463

15.64  0.00   0.438   0.432   0.026   0.074   0.001   0.004   0.328   0.002   0.000   0.002   0.000 1358691000
15.64    4.32    56.018
15.64 15.00   0.771   1.205
15.64 15.00   1.977    64.908
15.64 15.00   1.788   0.965   1.977   0.470
15.64 15.00   1.790   0.959   1.977   0.463

15.65  0.00   0.438   0.432   0.026   0.074   0.001   0.004   0.328   0.002   0.000   0.002   0.000 1359560000
15.65    4.32    56.009
15.65 15.00   0.771   1.205
15.65 15.00   1.977    64.905
15.65 15.00   1.788   0.965   1.977   0.470
15.65 15.00   1.790   0.959   1.977   0.463

15.66  0.00   0.438   0.432   0.026   0.074   0.001   0.004   0.328   0.002   0.000   0.002   0.000 1360429000
15.66    4.32    56.000
15.66 15.00   0.771   1.205
15.66 15.00   1.976    64.901
15.66 15.00   1.788   0.965   1.976   0.470
15.66 15.00   1.789   0.958   1.976   0.463

15.67  0.00   0.438   0.432   0.026   0.074   0.001   0.004   0.328   0.002   0.000   0.002   0.000 1361298000
15.67    4.32    55.991
15.67 15.00   0.771   1.205
15.67 15.00   1.976    64.898
15.67 15.00   1.787   0.965   1.976   0.470
15.67 15.00   1.789   0.958   1.976   0.463

15.68  0.00   0.438   0.432   0.026   0.074   0.001   0.004   0.328   0.002   0.000   0.002   0.000 1362166000
15.68    4.32    55.982
15.68 15.00   0.771   1.205
15.68 15.00   1.976    64.895
15.68 15.00   1.787   0.965   1.976   0.470
15.68 15.00   1.789   0.958   1.976   0.463

15.69  0.00   0.438   0.432   0.026   0.074   0.001   0.004   0.328   0.002   0.000   0.002   0.000 1363035000
15.69    4.32    55.974
15.69 15.00   0.770   1.205
15.69 15.00   1.976    64.891
15.69 15.00   1.787   0.965   1.976   0.470
15.69 15.00   1.789   0.958   1.976   0.463

15.70  0.00   0.438   0.432   0.026   0.074   0.001   0.004   0.328   0.002   0.000   0.002   0.000 1363904000
15.70    4.31    55.965
15.70 15.00   0.770   1.205
15.70 15.00   1.976    64.888
15.70 15.00   1.787   0.965   1.976   0.470
15.70 15.00   1.789   0.958   1.976   0.463

15.71  0.00   0.438   0.432   0.026   0.074   0.001   0.004   0.328   0.002   0.000   0.002   0.000 1364772000
15.71    4.31    55.956
15.71 15.00   0.770   1.205
15.71 15.00   1.976    64.885
15.71 15.00   1.787   0.965   1.976   0.470
15.71 15.00   1.788   0.958   1.976   0.463

15.72  0.00   0.438   0.432   0.026   0.074   0.001   0.004   0.328   0.002   0.000   0.002   0.000 1365641000
15.72    4.31    55.947
15.72 15.00   0.770   1.205
15.72 15.00   1.975    64.881
15.72 15.00   1.786   0.965   1.975   0.470
15.72 15.00   1.788   0.958   1.975   0.463

15.73  0.00   0.438   0.432   0.026   0.074   0.001   0.004   0.328   0.002   0.000   0.002   0.000 1366510000
15.73    4.31    55.938
15.73 15.00   0.770   1.205
15.73 15.00   1.975    64.878
15.73 15.00   1.786   0.965   1.975   0.470
15.73 15.00   1.788   0.958   1.975   0.463

15.74  0.00   0.438   0.432   0.026   0.074   0.001   0.004   0.328   0.002   0.000   0.002   0.000 1367379000
15.74    4.31    55.930
15.74 15.00   0.770   1.205
15.74 15.00   1.975    64.875
15.74 15.00   1.786   0.965   1.975   0.470
15.74 15.00   1.788   0.958   1.975   0.463

15.75  0.00   0.438   0.432   0.026   0.074   0.001   0.004   0.328   0.002   0.000   0.002   0.000 1368247000
15.75    4.31    55.921
15.75 15.00   0.769   1.205
15.75 15.00   1.975    64.871
15.75 15.00   1.786   0.965   1.975   0.470
15.75 15.00   1.788   0.958   1.975   0.463

15.76  0.00   0.438   0.432   0.026   0.074   0.001   0.004   0.328   0.002   0.000   0.002   0.000 1369116000
15.76    4.31    55.912
15.76 15.00   0.769   1.205
15.76 15.00   1.975    64.868
15.76 15.00   1.786   0.965   1.975   0.470
15.76 15.00   1.788   0.958   1.975   0.463

15.77  0.00   0.438   0.432   0.026   0.074   0.001   0.004   0.328   0.002   0.000   0.002   0.000 1369985000
15.77    4.31    55.904
15.77 15.00   0.769   1.205
15.77 15.00   1.974    64.865
15.77 15.00   1.786   0.965   1.974   0.470
15.77 15.00   1.787   0.958   1.974   0.463

15.78  0.00   0.438   0.432   0.026   0.074   0.001   0.004   0.328   0.002   0.000   0.002   0.000 1370854000
15.78    4.31    55.895
15.78 15.00   0.769   1.205
15.78 15.00   1.974    64.861
15.78 15.00   1.785   0.965   1.974   0.470
15.78 15.00   1.787   0.958   1.974   0.462

15.79  0.00   0.438   0.431   0.026   0.074   0.001   0.004   0.328   0.002   0.000   0.002   0.000 1371722000
15.79    4.30    55.886
15.79 15.00   0.769   1.205
15.79 15.00   1.974    64.858
15.79 15.00   1.785   0.964   1.974   0.470
15.79 15.00   1.787   0.958   1.974   0.462

15.80  0.00   0.438   0.431   0.026   0.074   0.001   0.004   0.328   0.002   0.000   0.002   0.000 1372591000
15.80    4.30    55.877
15.80 15.00   0.768   1.205
15.80 15.00   1.974    64.855
15.80 15.00   1.785   0.964   1.974   0.470
15.80 15.00   1.787   0.958   1.974   0.462

15.81  0.00   0.438   0.431   0.026   0.074   0.001   0.004   0.328   0.002   0.000   0.002   0.000 1373460000
15.81    4.30    55.869
15.81 15.00   0.768   1.205
15.81 15.00   1.974    64.851
15.81 15.00   1.785   0.964   1.974   0.470
15.81 15.00   1.787   0.958   1.974   0.462

15.82  0.00   0.438   0.431   0.026   0.074   0.001   0.004   0.328   0.002   0.000   0.002   0.000 1374328000
15.82    4.30    55.860
15.82 15.00   0.768   1.205
15.82 15.00   1.973    64.848
15.82 15.00   1.785   0.964   1.973   0.470
15.82 15.00   1.787   0.957   1.973   0.462

15.83  0.00   0.438   0.431   0.026   0.074   0.001   0.004   0.328   0.002   0.000   0.002   0.000 1375197000
15.83    4.30    55.851
15.83 15.00   0.768   1.205
15.83 15.00   1.973    64.845
15.83 15.00   1.784   0.964   1.973   0.470
15.83 15.00   1.786   0.957   1.973   0.462

15.84  0.00   0.438   0.431   0.026   0.074   0.001   0.004   0.328   0.002   0.000   0.002   0.000 1376066000
15.84    4.30    55.843
15.84 15.00   0.768   1.205
15.84 15.00   1.973    64.841
15.84 15.00   1.784   0.964   1.973   0.470
15.84 15.00   1.786   0.957   1.973   0.462

15.85  0.00   0.438   0.431   0.026   0.074   0.001   0.004   0.328   0.002   0.000   0.002   0.000 1376935000
15.85    4.30    55.834
15.85 15.00   0.767   1.205
15.85 15.00   1.973    64.838
15.85 15.00   1.784   0.964   1.973   0.469
15.85 15.00   1.786   0.957   1.973   0.462

15.86  0.00   0.438   0.431   0.026   0.074   0.001   0.004   0.328   0.002   0.000   0.002   0.000 1377803000
15.86    4.30    55.826
15.86 15.00   0.767   1.205
15.86 15.00   1.973    64.835
15.86 15.00   1.784   0.964   1.973   0.469
15.86 15.00   1.786   0.957   1.973   0.462

15.87  0.00   0.438   0.431   0.026   0.074   0.001   0.004   0.328   0.002   0.000   0.002   0.000 1378672000
15.87    4.30    55.817
15.87 15.00   0.767   1.205
15.87 15.00   1.972    64.832
15.87 15.00   1.784   0.964   1.972   0.469
15.87 15.00   1.786   0.957   1.972   0.462

15.88  0.00   0.438   0.431   0.026   0.074   0.001   0.004   0.328   0.002   0.000   0.002   0.000 1379541000
15.88    4.30    55.808
15.88 15.00   0.767   1.205
15.88 15.00   1.972    64.828
15.88 15.00   1.784   0.964   1.972   0.469
15.88 15.00   1.785   0.957   1.972   0.462

15.89  0.00   0.438   0.431   0.026   0.074   0.001   0.004   0.328   0.002   0.000   0.002   0.000 1380410000
15.89    4.29    55.800
15.89 15.00   0.767   1.205
15.89 15.00   1.972    64.825
15.89 15.00   1.783   0.964   1.972   0.469
15.89 15.00   1.785   0.957   1.972   0.462

15.90  0.00   0.438   0.431   0.026   0.074   0.001   0.004   0.328   0.002   0.000   0.002   0.000 1381278000
15.90    4.29    55.791
15.90 15.00   0.767   1.205
15.90 15.00   1.972    64.822
15.90 15.00   1.783   0.964   1.972   0.469
15.90 15.00   1.785   0.957   1.972   0.462

15.91  0.00   0.438   0.431   0.026   0.074   0.001   0.004   0.328   0.002   0.000   0.002   0.000 1382147000
15.91    4.29    55.782
15.91 15.00   0.766   1.205
15.91 15.00   1.972    64.818
15.91 15.00   1.783   0.964   1.972   0.469
15.91 15.00   1.785   0.957   1.972   0.462

15.92  0.00   0.438   0.431   0.026   0.074   0.001   0.004   0.328   0.002   0.000   0.002   0.000 1383016000
15.92    4.29    55.774
15.92 15.00   0.766   1.205
15.92 15.00   1.972    64.815
15.92 15.00   1.783   0.964   1.972   0.469
15.92 15.00   1.785   0.957   1.972   0.462

15.93  0.00   0.438   0.431   0.026   0.074   0.001   0.004   0.328   0.002   0.000   0.002   0.000 1383885000
15.93    4.29    55.765
15.93 15.00   0.766   1.205
15.93 15.00   1.971    64.812
15.93 15.00   1.783   0.964   1.971   0.469
15.93 15.00   1.785   0.957   1.971   0.462

15.94  0.00   0.438   0.431   0.026   0.074   0.001   0.004   0.328   0.002   0.000   0.002   0.000 1384753000
15.94    4.29    55.757
15.94 15.00   0.766   1.205
15.94 15.00   1.971    64.809
15.94 15.00   1.783   0.964   1.971   0.469
15.94 15.00   1.784   0.957   1.971   0.462

15.95  0.00   0.438   0.431   0.026   0.074   0.001   0.004   0.328   0.002   0.000   0.002   0.000 1385622000
15.95    4.29    55.748
15.95 15.00   0.766   1.205
15.95 15.00   1.971    64.805
15.95 15.00   1.782   0.964   1.971   0.469
15.95 15.00   1.784   0.957   1.971   0.462

15.96  0.00   0.438   0.431   0.026   0.074   0.001   0.004   0.328   0.002   0.000   0.002   0.000 1386491000
15.96    4.29    55.740
15.96 15.00   0.765   1.205
15.96 15.00   1.971    64.802
15.96 15.00   1.782   0.963   1.971   0.469
15.96 15.00   1.784   0.957   1.971   0.462

15.97  0.00   0.438   0.431   0.026   0.074   0.001   0.004   0.328   0.002   0.000   0.002   0.000 1387359000
15.97    4.29    55.731
15.97 15.00   0.765   1.205
15.97 15.00   1.971    64.799
15.97 15.00   1.782   0.963   1.971   0.469
15.97 15.00   1.784   0.957   1.971   0.462

15.98  0.00   0.438   0.431   0.026   0.074   0.001   0.004   0.328   0.002   0.000   0.002   0.000 1388228000
15.98    4.29    55.722
15.98 15.00   0.765   1.205
15.98 15.00   1.970    64.796
15.98 15.00   1.782   0.963   1.970   0.469
15.98 15.00   1.784   0.956   1.970   0.462

15.99  0.00   0.438   0.431   0.026   0.074   0.001   0.004   0.328   0.002   0.000   0.002   0.000 1389097000
15.99    4.29    55.714
15.99 15.00   0.765   1.205
15.99 15.00   1.970    64.792
15.99 15.00   1.782   0.963   1.970   0.469
15.99 15.00   1.784   0.956   1.970   0.462

16.00  0.00   0.438   0.431   0.026   0.074   0.001   0.004   0.328   0.002   0.000   0.002   0.000 1389966000
16.00    4.28    55.705
16.00 15.00   0.765   1.205
16.00 15.00   1.970    64.789
16.00 15.00   1.782   0.963   1.970   0.469
16.00 15.00   1.783   0.956   1.970   0.462

16.01  0.00   0.438   0.431   0.026   0.074   0.001   0.004   0.328   0.002   0.000   0.002   0.000 1390834000
16.01    4.28    55.697
16.01 15.00   0.764   1.205
16.01 15.00   1.970    64.786
16.01 15.00   1.781   0.963   1.970   0.469
16.01 15.00   1.783   0.956   1.970   0.462

16.02  0.00   0.438   0.431   0.026   0.074   0.001   0.004   0.328   0.002   0.000   0.002   0.000 1391703000
16.02    4.28    55.688
16.02 15.00   0.764   1.205
16.02 15.00   1.970    64.783
16.02 15.00   1.781   0.963   1.970   0.469
16.02 15.00   1.783   0.956   1.970   0.462

16.03  0.00   0.438   0.431   0.026   0.074   0.001   0.004   0.328   0.002   0.000   0.002   0.000 1392572000
16.03    4.28    55.680
16.03 15.00   0.764   1.205
16.03 15.00   1.970    64.779
16.03 15.00   1.781   0.963   1.970   0.469
16.03 15.00   1.783   0.956   1.970   0.462

16.04  0.00   0.438   0.431   0.026   0.074   0.001   0.004   0.328   0.002   0.000   0.002   0.000 1393441000
16.04    4.28    55.671
16.04 15.00   0.764   1.205
16.04 15.00   1.969    64.776
16.04 15.00   1.781   0.963   1.969   0.469
16.04 15.00   1.783   0.956   1.969   0.462

16.05  0.00   0.438   0.431   0.026   0.074   0.001   0.004   0.328   0.002   0.000   0.002   0.000 1394309000
16.05    4.28    55.663
16.05 15.00   0.764   1.205
16.05 15.00   1.969    64.773
16.05 15.00   1.781   0.963   1.969   0.469
16.05 15.00   1.782   0.956   1.969   0.462

16.06  0.00   0.438   0.431   0.026   0.074   0.001   0.004   0.328   0.002   0.000   0.002   0.000 1395178000
16.06    4.28    55.654
16.06 15.00   0.764   1.205
16.06 15.00   1.969    64.770
16.06 15.00   1.780   0.963   1.969   0.469
16.06 15.00   1.782   0.956   1.969   0.462

16.07  0.00   0.438   0.431   0.026   0.074   0.001   0.004   0.328   0.002   0.000   0.002   0.000 1396047000
16.07    4.28    55.646
16.07 15.00   0.763   1.205
16.07 15.00   1.969    64.767
16.07 15.00   1.780   0.963   1.969   0.469
16.07 15.00   1.782   0.956   1.969   0.462

16.08  0.00   0.438   0.431   0.026   0.074   0.001   0.004   0.328   0.002   0.000   0.002   0.000 1396915000
16.08    4.28    55.637
16.08 15.00   0.763   1.205
16.08 15.00   1.969    64.763
16.08 15.00   1.780   0.963   1.969   0.469
16.08 15.00   1.782   0.956   1.969   0.462

16.09  0.00   0.438   0.431   0.026   0.074   0.001   0.004   0.328   0.002   0.000   0.002   0.000 1397784000
16.09    4.28    55.629
16.09 15.00   0.763   1.205
16.09 15.00   1.968    64.760
16.09 15.00   1.780   0.963   1.968   0.469
16.09 15.00   1.782   0.956   1.968   0.462

16.10  0.00   0.438   0.431   0.026   0.074   0.001   0.004   0.328   0.002   0.000   0.002   0.000 1398653000
16.10    4.27    55.621
16.10 15.00   0.763   1.205
16.10 15.00   1.968    64.757
16.10 15.00   1.780   0.963   1.968   0.469
16.10 15.00   1.782   0.956   1.968   0.462

16.11  0.00   0.438   0.431   0.026   0.074   0.001   0.004   0.328   0.002   0.000   0.002   0.000 1399522000
16.11    4.27    55.612
16.11 15.00   0.763   1.205
16.11 15.00   1.968    64.754
16.11 15.00   1.780   0.963   1.968   0.469
16.11 15.00   1.781   0.956   1.968   0.462

16.12  0.00   0.438   0.431   0.026   0.074   0.001   0.004   0.328   0.002   0.000   0.002   0.000 1400390000
16.12    4.27    55.604
16.12 15.00   0.762   1.205
16.12 15.00   1.968    64.751
16.12 15.00   1.779   0.962   1.968   0.469
16.12 15.00   1.781   0.956   1.968   0.462

16.13  0.00   0.438   0.431   0.026   0.074   0.001   0.004   0.328   0.002   0.000   0.002   0.000 1401259000
16.13    4.27    55.595
16.13 15.00   0.762   1.205
16.13 15.00   1.968    64.747
16.13 15.00   1.779   0.962   1.968   0.469
16.13 15.00   1.781   0.956   1.968   0.462

16.14  0.00   0.438   0.431   0.026   0.074   0.001   0.004   0.328   0.002   0.000   0.002   0.000 1402128000
16.14    4.27    55.587
16.14 15.00   0.762   1.205
16.14 15.00   1.968    64.744
16.14 15.00   1.779   0.962   1.968   0.469
16.14 15.00   1.781   0.956   1.968   0.462

16.15  0.00   0.438   0.431   0.026   0.074   0.001   0.004   0.328   0.002   0.000   0.002   0.000 1402996000
16.15    4.27    55.578
16.15 15.00   0.762   1.205
16.15 15.00   1.967    64.741
16.15 15.00   1.779   0.962   1.967   0.469
16.15 15.00   1.781   0.955   1.967   0.462

16.16  0.00   0.438   0.431   0.026   0.074   0.001   0.004   0.328   0.002   0.000   0.002   0.000 1403865000
16.16    4.27    55.570
16.16 15.00   0.762   1.205
16.16 15.00   1.967    64.738
16.16 15.00   1.779   0.962   1.967   0.469
16.16 15.00   1.781   0.955   1.967   0.462

16.17  0.00   0.438   0.431   0.026   0.074   0.001   0.004   0.328   0.002   0.000   0.002   0.000 1404734000
16.17    4.27    55.562
16.17 15.00   0.762   1.205
16.17 15.00   1.967    64.735
16.17 15.00   1.779   0.962   1.967   0.469
16.17 15.00   1.780   0.955   1.967   0.462

16.18  0.00   0.438   0.431   0.026   0.074   0.001   0.004   0.328   0.002   0.000   0.002   0.000 1405603000
16.18    4.27    55.553
16.18 15.00   0.761   1.205
16.18 15.00   1.967    64.731
16.18 15.00   1.778   0.962   1.967   0.469
16.18 15.00   1.780   0.955   1.967   0.462

16.19  0.00   0.438   0.431   0.026   0.074   0.001   0.004   0.328   0.002   0.000   0.002   0.000 1406472000
16.19    4.27    55.545
16.19 15.00   0.761   1.205
16.19 15.00   1.967    64.728
16.19 15.00   1.778   0.962   1.967   0.469
16.19 15.00   1.780   0.955   1.967   0.462

16.20  0.00   0.438   0.431   0.026   0.074   0.001   0.004   0.328   0.002   0.000   0.002   0.000 1407340000
16.20    4.27    55.537
16.20 15.00   0.761   1.205
16.20 15.00   1.966    64.725
16.20 15.00   1.778   0.962   1.966   0.469
16.20 15.00   1.780   0.955   1.966   0.462

16.21  0.00   0.438   0.431   0.026   0.074   0.001   0.004   0.328   0.002   0.000   0.002   0.000 1408209000
16.21    4.26    55.528
16.21 15.00   0.761   1.205
16.21 15.00   1.966    64.722
16.21 15.00   1.778   0.962   1.966   0.469
16.21 15.00   1.780   0.955   1.966   0.462

16.22  0.00   0.438   0.431   0.026   0.074   0.001   0.004   0.328   0.002   0.000   0.002   0.000 1409078000
16.22    4.26    55.520
16.22 15.00   0.761   1.205
16.22 15.00   1.966    64.719
16.22 15.00   1.778   0.962   1.966   0.469
16.22 15.00   1.780   0.955   1.966   0.462

16.23  0.00   0.438   0.431   0.026   0.074   0.001   0.004   0.328   0.002   0.000   0.002   0.000 1409946000
16.23    4.26    55.511
16.23 15.00   0.761   1.205
16.23 15.00   1.966    64.716
16.23 15.00   1.778   0.962   1.966   0.469
16.23 15.00   1.779   0.955   1.966   0.462

16.24  0.00   0.438   0.431   0.026   0.074   0.001   0.004   0.328   0.002   0.000   0.002   0.000 1410815000
16.24    4.26    55.503
16.24 15.00   0.760   1.205
16.24 15.00   1.966    64.712
16.24 15.00   1.777   0.962   1.966   0.469
16.24 15.00   1.779   0.955   1.966   0.462

16.25  0.00   0.438   0.431   0.026   0.074   0.001   0.004   0.328   0.002   0.000   0.002   0.000 1411684000
16.25    4.26    55.495
16.25 15.00   0.760   1.205
16.25 15.00   1.966    64.709
16.25 15.00   1.777   0.962   1.966   0.469
16.25 15.00   1.779   0.955   1.966   0.462

16.26  0.00   0.438   0.431   0.026   0.074   0.001   0.004   0.328   0.002   0.000   0.002   0.000 1412553000
16.26    4.26    55.487
16.26 15.00   0.760   1.205
16.26 15.00   1.965    64.706
16.26 15.00   1.777   0.962   1.965   0.469
16.26 15.00   1.779   0.955   1.965   0.462

16.27  0.00   0.438   0.431   0.026   0.074   0.001   0.004   0.328   0.002   0.000   0.002   0.000 1413421000
16.27    4.26    55.478
16.27 15.00   0.760   1.205
16.27 15.00   1.965    64.703
16.27 15.00   1.777   0.962   1.965   0.469
16.27 15.00   1.779   0.955   1.965   0.462

16.28  0.00   0.438   0.431   0.026   0.074   0.001   0.004   0.328   0.002   0.000   0.002   0.000 1414290000
16.28    4.26    55.470
16.28 15.00   0.760   1.205
16.28 15.00   1.965    64.700
16.28 15.00   1.777   0.962   1.965   0.469
16.28 15.00   1.779   0.955   1.965   0.462

16.29  0.00   0.438   0.431   0.026   0.074   0.001   0.004   0.328   0.002   0.000   0.002   0.000 1415159000
16.29    4.26    55.462
16.29 15.00   0.759   1.205
16.29 15.00   1.965    64.697
16.29 15.00   1.777   0.961   1.965   0.469
16.29 15.00   1.778   0.955   1.965   0.462

16.30  0.00   0.437   0.431   0.026   0.074   0.001   0.004   0.328   0.002   0.000   0.002   0.000 1416027000
16.30    4.26    55.453
16.30 15.00   0.759   1.205
16.30 15.00   1.965    64.694
16.30 15.00   1.776   0.961   1.965   0.469
16.30 15.00   1.778   0.955   1.965   0.462

16.31  0.00   0.437   0.431   0.026   0.074   0.001   0.004   0.328   0.002   0.000   0.002   0.000 1416896000
16.31    4.25    55.445
16.31 15.00   0.759   1.205
16.31 15.00   1.965    64.690
16.31 15.00   1.776   0.961   1.965   0.469
16.31 15.00   1.778   0.955   1.965   0.462

16.32  0.00   0.437   0.431   0.026   0.074   0.001   0.004   0.328   0.002   0.000   0.002   0.000 1417765000
16.32    4.25    55.437
16.32 15.00   0.759   1.205
16.32 15.00   1.964    64.687
16.32 15.00   1.776   0.961   1.964   0.469
16.32 15.00   1.778   0.954   1.964   0.462

16.33  0.00   0.437   0.431   0.026   0.074   0.001   0.004   0.328   0.002   0.000   0.002   0.000 1418634000
16.33    4.25    55.429
16.33 15.00   0.759   1.205
16.33 15.00   1.964    64.684
16.33 15.00   1.776   0.961   1.964   0.469
16.33 15.00   1.778   0.954   1.964   0.462

16.34  0.00   0.437   0.431   0.026   0.074   0.001   0.004   0.328   0.002   0.000   0.002   0.000 1419502000
16.34    4.25    55.420
16.34 15.00   0.759   1.205
16.34 15.00   1.964    64.681
16.34 15.00   1.776   0.961   1.964   0.469
16.34 15.00   1.778   0.954   1.964   0.462

16.35  0.00   0.437   0.431   0.026   0.074   0.001   0.004   0.328   0.002   0.000   0.002   0.000 1420371000
16.35    4.25    55.412
16.35 15.00   0.758   1.205
16.35 15.00   1.964    64.678
16.35 15.00   1.776   0.961   1.964   0.469
16.35 15.00   1.777   0.954   1.964   0.462

16.36  0.00   0.437   0.431   0.026   0.074   0.001   0.004   0.328   0.002   0.000   0.002   0.000 1421240000
16.36    4.25    55.404
16.36 15.00   0.758   1.205
16.36 15.00   1.964    64.675
16.36 15.00   1.775   0.961   1.964   0.469
16.36 15.00   1.777   0.954   1.964   0.462

16.37  0.00   0.437   0.431   0.026   0.074   0.001   0.004   0.328   0.002   0.000   0.002   0.000 1422109000
16.37    4.25    55.396
16.37 15.00   0.758   1.205
16.37 15.00   1.963    64.672
16.37 15.00   1.775   0.961   1.963   0.469
16.37 15.00   1.777   0.954   1.963   0.462

16.38  0.00   0.437   0.431   0.026   0.074   0.001   0.004   0.328   0.002   0.000   0.002   0.000 1422977000
16.38    4.25    55.387
16.38 15.00   0.758   1.205
16.38 15.00   1.963    64.669
16.38 15.00   1.775   0.961   1.963   0.469
16.38 15.00   1.777   0.954   1.963   0.462

16.39  0.00   0.437   0.431   0.026   0.074   0.001   0.004   0.328   0.002   0.000   0.002   0.000 1423846000
16.39    4.25    55.379
16.39 15.00   0.758   1.205
16.39 15.00   1.963    64.665
16.39 15.00   1.775   0.961   1.963   0.469
16.39 15.00   1.777   0.954   1.963   0.462

16.40  0.00   0.437   0.431   0.026   0.074   0.001   0.004   0.328   0.002   0.000   0.002   0.000 1424715000
16.40    4.25    55.371
16.40 15.00   0.758   1.205
16.40 15.00   1.963    64.662
16.40 15.00   1.775   0.961   1.963   0.469
16.40 15.00   1.777   0.954   1.963   0.462

16.41  0.00   0.437   0.431   0.026   0.074   0.001   0.004   0.328   0.002   0.000   0.002   0.000 1425583000
16.41    4.25    55.363
16.41 15.00   0.757   1.205
16.41 15.00   1.963    64.659
16.41 15.00   1.775   0.961   1.963   0.469
16.41 15.00   1.776   0.954   1.963   0.462

16.42  0.00   0.437   0.431   0.026   0.074   0.001   0.004   0.328   0.002   0.000   0.002   0.000 1426452000
16.42    4.24    55.354
16.42 15.00   0.757   1.205
16.42 15.00   1.963    64.656
16.42 15.00   1.774   0.961   1.963   0.469
16.42 15.00   1.776   0.954   1.963   0.462

16.43  0.00   0.437   0.431   0.026   0.074   0.001   0.004   0.328   0.002   0.000   0.002   0.000 1427321000
16.43    4.24    55.346
16.43 15.00   0.757   1.205
16.43 15.00   1.962    64.653
16.43 15.00   1.774   0.961   1.962   0.469
16.43 15.00   1.776   0.954   1.962   0.462

16.44  0.00   0.437   0.431   0.026   0.074   0.001   0.004   0.328   0.002   0.000   0.002   0.000 1428190000
16.44    4.24    55.338
16.44 15.00   0.757   1.205
16.44 15.00   1.962    64.650
16.44 15.00   1.774   0.961   1.962   0.469
16.44 15.00   1.776   0.954   1.962   0.462

16.45  0.00   0.437   0.431   0.026   0.074   0.001   0.004   0.328   0.002   0.000   0.002   0.000 1429058000
16.45    4.24    55.330
16.45 15.00   0.757   1.205
16.45 15.00   1.962    64.647
16.45 15.00   1.774   0.961   1.962   0.469
16.45 15.00   1.776   0.954   1.962   0.462

16.46  0.00   0.437   0.431   0.026   0.074   0.001   0.004   0.328   0.002   0.000   0.002   0.000 1429927000
16.46    4.24    55.322
16.46 15.00   0.756   1.205
16.46 15.00   1.962    64.644
16.46 15.00   1.774   0.961   1.962   0.469
16.46 15.00   1.776   0.954   1.962   0.462

16.47  0.00   0.437   0.431   0.026   0.074   0.001   0.004   0.328   0.002   0.000   0.002   0.000 1430796000
16.47    4.24    55.314
16.47 15.00   0.756   1.205
16.47 15.00   1.962    64.641
16.47 15.00   1.774   0.960   1.962   0.469
16.47 15.00   1.775   0.954   1.962   0.462

16.48  0.00   0.437   0.431   0.026   0.074   0.001   0.004   0.328   0.002   0.000   0.002   0.000 1431665000
16.48    4.24    55.305
16.48 15.00   0.756   1.205
16.48 15.00   1.962    64.638
16.48 15.00   1.773   0.960   1.962   0.469
16.48 15.00   1.775   0.954   1.962   0.462

16.49  0.00   0.437   0.431   0.026   0.074   0.001   0.004   0.328   0.002   0.000   0.002   0.000 1432533000
16.49    4.24    55.297
16.49 15.00   0.756   1.205
16.49 15.00   1.961    64.635
16.49 15.00   1.773   0.960   1.961   0.469
16.49 15.00   1.775   0.953   1.961   0.462

16.50  0.00   0.437   0.431   0.026   0.074   0.001   0.004   0.328   0.002   0.000   0.002   0.000 1433402000
16.50    4.24    55.289
16.50 15.00   0.756   1.205
16.50 15.00   1.961    64.631
16.50 15.00   1.773   0.960   1.961   0.469
16.50 15.00   1.775   0.953   1.961   0.462

16.51  0.00   0.437   0.431   0.026   0.074   0.001   0.004   0.328   0.002   0.000   0.002   0.000 1434271000
16.51    4.24    55.281
16.51 15.00   0.756   1.205
16.51 15.00   1.961    64.628
16.51 15.00   1.773   0.960   1.961   0.469
16.51 15.00   1.775   0.953   1.961   0.462

16.52  0.00   0.437   0.431   0.026   0.074   0.001   0.004   0.328   0.002   0.000   0.002   0.000 1435140000
16.52    4.24    55.273
16.52 15.00   0.755   1.205
16.52 15.00   1.961    64.625
16.52 15.00   1.773   0.960   1.961   0.469
16.52 15.00   1.775   0.953   1.961   0.462

16.53  0.00   0.437   0.431   0.026   0.074   0.001   0.004   0.328   0.002   0.000   0.002   0.000 1436008000
16.53    4.23    55.265
16.53 15.00   0.755   1.205
16.53 15.00   1.961    64.622
16.53 15.00   1.773   0.960   1.961   0.469
16.53 15.00   1.774   0.953   1.961   0.462

16.54  0.00   0.437   0.431   0.026   0.074   0.001   0.004   0.328   0.002   0.000   0.002   0.000 1436877000
16.54    4.23    55.257
16.54 15.00   0.755   1.205
16.54 15.00   1.961    64.619
16.54 15.00   1.772   0.960   1.961   0.469
16.54 15.00   1.774   0.953   1.961   0.462

16.55  0.00   0.437   0.431   0.026   0.074   0.001   0.004   0.328   0.002   0.000   0.002   0.000 1437746000
16.55    4.23    55.249
16.55 15.00   0.755   1.205
16.55 15.00   1.960    64.616
16.55 15.00   1.772   0.960   1.960   0.469
16.55 15.00   1.774   0.953   1.960   0.461

16.56  0.00   0.437   0.431   0.026   0.074   0.001   0.004   0.327   0.002   0.000   0.002   0.000 1438614000
16.56    4.23    55.241
16.56 15.00   0.755   1.205
16.56 15.00   1.960    64.613
16.56 15.00   1.772   0.960   1.960   0.469
16.56 15.00   1.774   0.953   1.960   0.461

16.57  0.00   0.437   0.431   0.026   0.074   0.001   0.004   0.327   0.002   0.000   0.002   0.000 1439483000
16.57    4.23    55.232
16.57 15.00   0.755   1.205
16.57 15.00   1.960    64.610
16.57 15.00   1.772   0.960   1.960   0.469
16.57 15.00   1.774   0.953   1.960   0.461

16.58  0.00   0.437   0.431   0.026   0.074   0.001   0.004   0.327   0.002   0.000   0.002   0.000 1440352000
16.58    4.23    55.224
16.58 15.00   0.754   1.205
16.58 15.00   1.960    64.607
16.58 15.00   1.772   0.960   1.960   0.469
16.58 15.00   1.774   0.953   1.960   0.461

16.59  0.00   0.437   0.431   0.026   0.074   0.001   0.004   0.327   0.002   0.000   0.002   0.000 1441221000
16.59    4.23    55.216
16.59 15.00   0.754   1.205
16.59 15.00   1.960    64.604
16.59 15.00   1.772   0.960   1.960   0.469
16.59 15.00   1.773   0.953   1.960   0.461

16.60  0.00   0.437   0.431   0.026   0.074   0.001   0.004   0.327   0.002   0.000   0.002   0.000 1442089000
16.60    4.23    55.208
16.60 15.00   0.754   1.205
16.60 15.00   1.959    64.601
16.60 15.00   1.771   0.960   1.959   0.469
16.60 15.00   1.773   0.953   1.959   0.461

16.61  0.00   0.437   0.431   0.026   0.074   0.001   0.004   0.327   0.002   0.000   0.002   0.000 1442958000
16.61    4.23    55.200
16.61 15.00   0.754   1.205
16.61 15.00   1.959    64.598
16.61 15.00   1.771   0.960   1.959   0.469
16.61 15.00   1.773   0.953   1.959   0.461

16.62  0.00   0.437   0.430   0.026   0.074   0.001   0.004   0.327   0.002   0.000   0.002   0.000 1443827000
16.62    4.23    55.192
16.62 15.00   0.754   1.205
16.62 15.00   1.959    64.595
16.62 15.00   1.771   0.960   1.959   0.468
16.62 15.00   1.773   0.953   1.959   0.461

16.63  0.00   0.437   0.430   0.026   0.074   0.001   0.004   0.327   0.002   0.000   0.002   0.000 1444695000
16.63    4.23    55.184
16.63 15.00   0.754   1.205
16.63 15.00   1.959    64.592
16.63 15.00   1.771   0.960   1.959   0.468
16.63 15.00   1.773   0.953   1.959   0.461

16.64  0.00   0.437   0.430   0.026   0.074   0.001   0.004   0.327   0.002   0.000   0.002   0.000 1445564000
16.64    4.22    55.176
16.64 15.00   0.753   1.205
16.64 15.00   1.959    64.589
16.64 15.00   1.771   0.959   1.959   0.468
16.64 15.00   1.773   0.953   1.959   0.461

16.65  0.00   0.437   0.430   0.026   0.074   0.001   0.004   0.327   0.002   0.000   0.002   0.000 1446433000
16.65    4.22    55.168
16.65 15.00   0.753   1.205
16.65 15.00   1.959    64.586
16.65 15.00   1.771   0.959   1.959   0.468
16.65 15.00   1.772   0.953   1.959   0.461

16.66  0.00   0.437   0.430   0.026   0.074   0.001   0.004   0.327   0.002   0.000   0.002   0.000 1447302000
16.66    4.22    55.160
16.66 15.00   0.753   1.205
16.66 15.00   1.958    64.583
16.66 15.00   1.770   0.959   1.958   0.468
16.66 15.00   1.772   0.953   1.958   0.461

16.67  0.00   0.437   0.430   0.026   0.074   0.001   0.004   0.327   0.002   0.000   0.002   0.000 1448170000
16.67    4.22    55.152
16.67 15.00   0.753   1.205
16.67 15.00   1.958    64.580
16.67 15.00   1.770   0.959   1.958   0.468
16.67 15.00   1.772   0.952   1.958   0.461

16.68  0.00   0.437   0.430   0.026   0.074   0.001   0.004   0.327   0.002   0.000   0.002   0.000 1449039000
16.68    4.22    55.144
16.68 15.00   0.753   1.205
16.68 15.00   1.958    64.577
16.68 15.00   1.770   0.959   1.958   0.468
16.68 15.00   1.772   0.952   1.958   0.461

16.69  0.00   0.437   0.430   0.026   0.074   0.001   0.004   0.327   0.002   0.000   0.002   0.000 1449908000
16.69    4.22    55.136
16.69 15.00   0.753   1.205
16.69 15.00   1.958    64.574
16.69 15.00   1.770   0.959   1.958   0.468
16.69 15.00   1.772   0.952   1.958   0.461

16.70  0.00   0.437   0.430   0.026   0.074   0.001   0.004   0.327   0.002   0.000   0.002   0.000 1450777000
16.70    4.22    55.128
16.70 15.00   0.752   1.205
16.70 15.00   1.958    64.571
16.70 15.00   1.770   0.959   1.958   0.468
16.70 15.00   1.772   0.952   1.958   0.461

16.71  0.00   0.437   0.430   0.026   0.074   0.001   0.004   0.327   0.002   0.000   0.002   0.000 1451645000
16.71    4.22    55.120
16.71 15.00   0.752   1.205
16.71 15.00   1.958    64.568
16.71 15.00   1.770   0.959   1.958   0.468
16.71 15.00   1.772   0.952   1.958   0.461

16.72  0.00   0.437   0.430   0.026   0.074   0.001   0.004   0.327   0.002   0.000   0.002   0.000 1452514000
16.72    4.22    55.112
16.72 15.00   0.752   1.205
16.72 15.00   1.957    64.565
16.72 15.00   1.770   0.959   1.957   0.468
16.72 15.00   1.771   0.952   1.957   0.461

16.73  0.00   0.437   0.430   0.026   0.074   0.001   0.004   0.327   0.002   0.000   0.002   0.000 1453383000
16.73    4.22    55.104
16.73 15.00   0.752   1.205
16.73 15.00   1.957    64.562
16.73 15.00   1.769   0.959   1.957   0.468
16.73 15.00   1.771   0.952   1.957   0.461

16.74  0.00   0.437   0.430   0.026   0.074   0.001   0.004   0.327   0.002   0.000   0.002   0.000 1454252000
16.74    4.22    55.096
16.74 15.00   0.752   1.205
16.74 15.00   1.957    64.559
16.74 15.00   1.769   0.959   1.957   0.468
16.74 15.00   1.771   0.952   1.957   0.461

16.75  0.00   0.437   0.430   0.026   0.074   0.001   0.004   0.327   0.002   0.000   0.002   0.000 1455120000
16.75    4.21    55.088
16.75 15.00   0.752   1.205
16.75 15.00   1.957    64.556
16.75 15.00   1.769   0.959   1.957   0.468
16.75 15.00   1.771   0.952   1.957   0.461

16.76  0.00   0.437   0.430   0.026   0.074   0.001   0.004   0.327   0.002   0.000   0.002   0.000 1455989000
16.76    4.21    55.080
16.76 15.00   0.751   1.205
16.76 15.00   1.957    64.553
16.76 15.00   1.769   0.959   1.957   0.468
16.76 15.00   1.771   0.952   1.957   0.461

16.77  0.00   0.437   0.430   0.026   0.074   0.001   0.004   0.327   0.002   0.000   0.002   0.000 1456858000
16.77    4.21    55.072
16.77 15.00   0.751   1.205
16.77 15.00   1.957    64.550
16.77 15.00   1.769   0.959   1.957   0.468
16.77 15.00   1.771   0.952   1.957   0.461

16.78  0.00   0.437   0.430   0.026   0.074   0.001   0.004   0.327   0.002   0.000   0.002   0.000 1457726000
16.78    4.21    55.065
16.78 15.00   0.751   1.205
16.78 15.00   1.956    64.547
16.78 15.00   1.769   0.959   1.956   0.468
16.78 15.00   1.770   0.952   1.956   0.461

16.79  0.00   0.437   0.430   0.026   0.074   0.001   0.004   0.327   0.002   0.000   0.002   0.000 1458595000
16.79    4.21    55.057
16.79 15.00   0.751   1.205
16.79 15.00   1.956    64.544
16.79 15.00   1.768   0.959   1.956   0.468
16.79 15.00   1.770   0.952   1.956   0.461

16.80  0.00   0.437   0.430   0.026   0.074   0.001   0.004   0.327   0.002   0.000   0.002   0.000 1459464000
16.80    4.21    55.049
16.80 15.00   0.751   1.205
16.80 15.00   1.956    64.541
16.80 15.00   1.768   0.959   1.956   0.468
16.80 15.00   1.770   0.952   1.956   0.461

16.81  0.00   0.437   0.430   0.026   0.074   0.001   0.004   0.327   0.002   0.000   0.002   0.000 1460333000
16.81    4.21    55.041
16.81 15.00   0.751   1.205
16.81 15.00   1.956    64.538
16.81 15.00   1.768   0.959   1.956   0.468
16.81 15.00   1.770   0.952   1.956   0.461

16.82  0.00   0.437   0.430   0.026   0.074   0.001   0.004   0.327   0.002   0.000   0.002   0.000 1461201000
16.82    4.21    55.033
16.82 15.00   0.750   1.205
16.82 15.00   1.956    64.535
16.82 15.00   1.768   0.958   1.956   0.468
16.82 15.00   1.770   0.952   1.956   0.461

16.83  0.00   0.437   0.430   0.026   0.074   0.001   0.004   0.327   0.002   0.000   0.002   0.000 1462070000
16.83    4.21    55.025
16.83 15.00   0.750   1.205
16.83 15.00   1.956    64.532
16.83 15.00   1.768   0.958   1.956   0.468
16.83 15.00   1.770   0.952   1.956   0.461

16.84  0.00   0.437   0.430   0.026   0.074   0.001   0.004   0.327   0.002   0.000   0.002   0.000 1462939000
16.84    4.21    55.017
16.84 15.00   0.750   1.205
16.84 15.00   1.955    64.529
16.84 15.00   1.768   0.958   1.955   0.468
16.84 15.00   1.769   0.952   1.955   0.461

16.85  0.00   0.437   0.430   0.026   0.074   0.001   0.004   0.327   0.002   0.000   0.002   0.000 1463808000
16.85    4.21    55.009
16.85 15.00   0.750   1.205
16.85 15.00   1.955    64.526
16.85 15.00   1.767   0.958   1.955   0.468
16.85 15.00   1.769   0.951   1.955   0.461

16.86  0.00   0.437   0.430   0.026   0.074   0.001   0.004   0.327   0.002   0.000   0.002   0.000 1464676000
16.86    4.21    55.001
16.86 15.00   0.750   1.205
16.86 15.00   1.955    64.523
16.86 15.00   1.767   0.958   1.955   0.468
16.86 15.00   1.769   0.951   1.955   0.461

16.87  0.00   0.437   0.430   0.026   0.074   0.001   0.004   0.327   0.002   0.000   0.002   0.000 1465545000
16.87    4.20    54.994
16.87 15.00   0.750   1.205
16.87 15.00   1.955    64.520
16.87 15.00   1.767   0.958   1.955   0.468
16.87 15.00   1.769   0.951   1.955   0.461

16.88  0.00   0.437   0.430   0.026   0.074   0.001   0.004   0.327   0.002   0.000   0.002   0.000 1466414000
16.88    4.20    54.986
16.88 15.00   0.749   1.205
16.88 15.00   1.955    64.517
16.88 15.00   1.767   0.958   1.955   0.468
16.88 15.00   1.769   0.951   1.955   0.461

16.89  0.00   0.437   0.430   0.026   0.074   0.001   0.004   0.327   0.002   0.000   0.002   0.000 1467282000
16.89    4.20    54.978
16.89 15.00   0.749   1.205
16.89 15.00   1.955    64.514
16.89 15.00   1.767   0.958   1.955   0.468
16.89 15.00   1.769   0.951   1.955   0.461

16.90  0.00   0.437   0.430   0.026   0.074   0.001   0.004   0.327   0.002   0.000   0.002   0.000 1468151000
16.90    4.20    54.970
16.90 15.00   0.749   1.205
16.90 15.00   1.954    64.511
16.90 15.00   1.767   0.958   1.954   0.468
16.90 15.00   1.768   0.951   1.954   0.461

16.91  0.00   0.437   0.430   0.026   0.074   0.001   0.004   0.327   0.002   0.000   0.002   0.000 1469020000
16.91    4.20    54.962
16.91 15.00   0.749   1.205
16.91 15.00   1.954    64.508
16.91 15.00   1.767   0.958   1.954   0.468
16.91 15.00   1.768   0.951   1.954   0.461

16.92  0.00   0.437   0.430   0.026   0.074   0.001   0.004   0.327   0.002   0.000   0.002   0.000 1469889000
16.92    4.20    54.954
16.92 15.00   0.749   1.205
16.92 15.00   1.954    64.506
16.92 15.00   1.766   0.958   1.954   0.468
16.92 15.00   1.768   0.951   1.954   0.461

16.93  0.00   0.437   0.430   0.026   0.074   0.001   0.004   0.327   0.002   0.000   0.002   0.000 1470757000
16.93    4.20    54.947
16.93 15.00   0.749   1.205
16.93 15.00   1.954    64.503
16.93 15.00   1.766   0.958   1.954   0.468
16.93 15.00   1.768   0.951   1.954   0.461

16.94  0.00   0.437   0.430   0.026   0.074   0.001   0.004   0.327   0.002   0.000   0.002   0.000 1471626000
16.94    4.20    54.939
16.94 15.00   0.748   1.205
16.94 15.00   1.954    64.500
16.94 15.00   1.766   0.958   1.954   0.468
16.94 15.00   1.768   0.951   1.954   0.461

16.95  0.00   0.437   0.430   0.026   0.074   0.001   0.004   0.327   0.002   0.000   0.002   0.000 1472495000
16.95    4.20    54.931
16.95 15.00   0.748   1.205
16.95 15.00   1.954    64.497
16.95 15.00   1.766   0.958   1.954   0.468
16.95 15.00   1.768   0.951   1.954   0.461

16.96  0.00   0.437   0.430   0.026   0.074   0.001   0.004   0.327   0.002   0.000   0.002   0.000 1473363000
16.96    4.20    54.923
16.96 15.00   0.748   1.205
16.96 15.00   1.953    64.494
16.96 15.00   1.766   0.958   1.953   0.468
16.96 15.00   1.768   0.951   1.953   0.461

16.97  0.00   0.437   0.430   0.026   0.074   0.001   0.004   0.327   0.002   0.000   0.002   0.000 1474232000
16.97    4.20    54.915
16.97 15.00   0.748   1.205
16.97 15.00   1.953    64.491
16.97 15.00   1.766   0.958   1.953   0.468
16.97 15.00   1.767   0.951   1.953   0.461

16.98  0.00   0.437   0.430   0.026   0.074   0.001   0.004   0.327   0.002   0.000   0.002   0.000 1475101000
16.98    4.20    54.908
16.98 15.00   0.748   1.205
16.98 15.00   1.953    64.488
16.98 15.00   1.765   0.958   1.953   0.468
16.98 15.00   1.767   0.951   1.953   0.461

16.99  0.00   0.437   0.430   0.026   0.074   0.001   0.004   0.327   0.002   0.000   0.002   0.000 1475970000
16.99    4.19    54.900
16.99 15.00   0.748   1.205
16.99 15.00   1.953    64.485
16.99 15.00   1.765   0.958   1.953   0.468
16.99 15.00   1.767   0.951   1.953   0.461

17.00  0.00   0.437   0.430   0.026   0.074   0.001   0.004   0.327   0.002   0.000   0.002   0.000 1476839000
17.00    4.19    54.892
17.00 15.00   0.747   1.205
17.00 15.00   1.953    64.482
17.00 15.00   1.765   0.958   1.953   0.468
17.00 15.00   1.767   0.951   1.953   0.461

17.01  0.00   0.437   0.430   0.026   0.074   0.001   0.004   0.327   0.002   0.000   0.002   0.000 1477707000
17.01    4.19    54.884
17.01 15.00   0.747   1.205
17.01 15.00   1.953    64.479
17.01 15.00   1.765   0.957   1.953   0.468
17.01 15.00   1.767   0.951   1.953   0.461

17.02  0.00   0.437   0.430   0.026   0.074   0.001   0.004   0.327   0.002   0.000   0.002   0.000 1478576000
17.02    4.19    54.877
17.02 15.00   0.747   1.205
17.02 15.00   1.952    64.476
17.02 15.00   1.765   0.957   1.952   0.468
17.02 15.00   1.767   0.951   1.952   0.461

17.03  0.00   0.437   0.430   0.026   0.074   0.001   0.004   0.327   0.002   0.000   0.002   0.000 1479445000
17.03    4.19    54.869
17.03 15.00   0.747   1.205
17.03 15.00   1.952    64.473
17.03 15.00   1.765   0.957   1.952   0.468
17.03 15.00   1.766   0.950   1.952   0.461

17.04  0.00   0.437   0.430   0.026   0.074   0.001   0.004   0.327   0.002   0.000   0.002   0.000 1480313000
17.04    4.19    54.861
17.04 15.00   0.747   1.205
17.04 15.00   1.952    64.471
17.04 15.00   1.764   0.957   1.952   0.468
17.04 15.00   1.766   0.950   1.952   0.461

17.05  0.00   0.437   0.430   0.026   0.074   0.001   0.004   0.327   0.002   0.000   0.002   0.000 1481182000
17.05    4.19    54.853
17.05 15.00   0.747   1.205
17.05 15.00   1.952    64.468
17.05 15.00   1.764   0.957   1.952   0.468
17.05 15.00   1.766   0.950   1.952   0.461

17.06  0.00   0.437   0.430   0.026   0.074   0.001   0.004   0.327   0.002   0.000   0.002   0.000 1482051000
17.06    4.19    54.846
17.06 15.00   0.746   1.205
17.06 15.00   1.952    64.465
17.06 15.00   1.764   0.957   1.952   0.468
17.06 15.00   1.766   0.950   1.952   0.461

17.07  0.00   0.437   0.430   0.026   0.074   0.001   0.004   0.327   0.002   0.000   0.002   0.000 1482920000
17.07    4.19    54.838
17.07 15.00   0.746   1.205
17.07 15.00   1.952    64.462
17.07 15.00   1.764   0.957   1.952   0.468
17.07 15.00   1.766   0.950   1.952   0.461

17.08  0.00   0.437   0.430   0.026   0.074   0.001   0.004   0.327   0.002   0.000   0.002   0.000 1483788000
17.08    4.19    54.830
17.08 15.00   0.746   1.205
17.08 15.00   1.951    64.459
17.08 15.00   1.764   0.957   1.951   0.468
17.08 15.00   1.766   0.950   1.951   0.461

17.09  0.00   0.437   0.430   0.026   0.074   0.001   0.004   0.327   0.002   0.000   0.002   0.000 1484657000
17.09    4.19    54.823
17.09 15.00   0.746   1.205
17.09 15.00   1.951    64.456
17.09 15.00   1.764   0.957   1.951   0.468
17.09 15.00   1.766   0.950   1.951   0.461

17.10  0.00   0.437   0.430   0.026   0.074   0.001   0.004   0.327   0.002   0.000   0.002   0.000 1485526000
17.10    4.19    54.815
17.10 15.00   0.746   1.205
17.10 15.00   1.951    64.453
17.10 15.00   1.764   0.957   1.951   0.468
17.10 15.00   1.765   0.950   1.951   0.461

17.11  0.00   0.437   0.430   0.026   0.074   0.001   0.004   0.327   0.002   0.000   0.002   0.000 1486394000
17.11    4.18    54.807
17.11 15.00   0.746   1.205
17.11 15.00   1.951    64.450
17.11 15.00   1.763   0.957   1.951   0.468
17.11 15.00   1.765   0.950   1.951   0.461

17.12  0.00   0.437   0.430   0.026   0.074   0.001   0.004   0.327   0.002   0.000   0.002   0.000 1487263000
17.12    4.18    54.800
17.12 15.00   0.745   1.205
17.12 15.00   1.951    64.448
17.12 15.00   1.763   0.957   1.951   0.468
17.12 15.00   1.765   0.950   1.951   0.461

17.13  0.00   0.437   0.430   0.026   0.074   0.001   0.004   0.327   0.002   0.000   0.002   0.000 1488132000
17.13    4.18    54.792
17.13 15.00   0.745   1.205
17.13 15.00   1.951    64.445
17.13 15.00   1.763   0.957   1.951   0.468
17.13 15.00   1.765   0.950   1.951   0.461

17.14  0.00   0.437   0.430   0.026   0.074   0.001   0.004   0.327   0.002   0.000   0.002   0.000 1489001000
17.14    4.18    54.784
17.14 15.00   0.745   1.205
17.14 15.00   1.951    64.442
17.14 15.00   1.763   0.957   1.951   0.468
17.14 15.00   1.765   0.950   1.951   0.461

17.15  0.00   0.437   0.430   0.026   0.074   0.001   0.004   0.327   0.002   0.000   0.002   0.000 1489869000
17.15    4.18    54.777
17.15 15.00   0.745   1.205
17.15 15.00   1.950    64.439
17.15 15.00   1.763   0.957   1.950   0.468
17.15 15.00   1.765   0.950   1.950   0.461

17.16  0.00   0.437   0.430   0.026   0.074   0.001   0.004   0.327   0.002   0.000   0.002   0.000 1490738000
17.16    4.18    54.769
17.16 15.00   0.745   1.205
17.16 15.00   1.950    64.436
17.16 15.00   1.763   0.957   1.950   0.468
17.16 15.00   1.764   0.950   1.950   0.461

17.17  0.00   0.437   0.430   0.026   0.074   0.001   0.004   0.327   0.002   0.000   0.002   0.000 1491607000
17.17    4.18    54.761
17.17 15.00   0.745   1.205
17.17 15.00   1.950    64.433
17.17 15.00   1.762   0.957   1.950   0.468
17.17 15.00   1.764   0.950   1.950   0.461

17.18  0.00   0.436   0.430   0.026   0.074   0.001   0.004   0.327   0.002   0.000   0.002   0.000 1492476000
17.18    4.18    54.754
17.18 15.00   0.744   1.205
17.18 15.00   1.950    64.430
17.18 15.00   1.762   0.957   1.950   0.468
17.18 15.00   1.764   0.950   1.950   0.461

17.19  0.00   0.436   0.430   0.026   0.074   0.001   0.004   0.327   0.002   0.000   0.002   0.000 1493344000
17.19    4.18    54.746
17.19 15.00   0.744   1.205
17.19 15.00   1.950    64.427
17.19 15.00   1.762   0.957   1.950   0.468
17.19 15.00   1.764   0.950   1.950   0.461

17.20  0.00   0.436   0.430   0.026   0.074   0.001   0.004   0.327   0.002   0.000   0.002   0.000 1494213000
17.20    4.18    54.738
17.20 15.00   0.744   1.205
17.20 15.00   1.950    64.425
17.20 15.00   1.762   0.956   1.950   0.468
17.20 15.00   1.764   0.950   1.950   0.461

17.21  0.00   0.436   0.430   0.026   0.074   0.001   0.004   0.327   0.002   0.000   0.002   0.000 1495082000
17.21    4.18    54.731
17.21 15.00   0.744   1.205
17.21 15.00   1.949    64.422
17.21 15.00   1.762   0.956   1.949   0.468
17.21 15.00   1.764   0.950   1.949   0.461

17.22  0.00   0.436   0.430   0.026   0.074   0.001   0.004   0.327   0.002   0.000   0.002   0.000 1495950000
17.22    4.18    54.723
17.22 15.00   0.744   1.205
17.22 15.00   1.949    64.419
17.22 15.00   1.762   0.956   1.949   0.468
17.22 15.00   1.764   0.949   1.949   0.461

17.23  0.00   0.436   0.430   0.026   0.074   0.001   0.004   0.327   0.002   0.000   0.002   0.000 1496819000
17.23    4.17    54.716
17.23 15.00   0.744   1.205
17.23 15.00   1.949    64.416
17.23 15.00   1.762   0.956   1.949   0.468
17.23 15.00   1.763   0.949   1.949   0.461

17.24  0.00   0.436   0.430   0.026   0.074   0.001   0.004   0.327   0.002   0.000   0.002   0.000 1497688000
17.24    4.17    54.708
17.24 15.00   0.743   1.205
17.24 15.00   1.949    64.413
17.24 15.00   1.761   0.956   1.949   0.468
17.24 15.00   1.763   0.949   1.949   0.461

17.25  0.00   0.436   0.430   0.026   0.074   0.001   0.004   0.327   0.002   0.000   0.002   0.000 1498557000
17.25    4.17    54.700
17.25 15.00   0.743   1.205
17.25 15.00   1.949    64.410
17.25 15.00   1.761   0.956   1.949   0.468
17.25 15.00   1.763   0.949   1.949   0.461

17.26  0.00   0.436   0.430   0.026   0.074   0.001   0.004   0.327   0.002   0.000   0.002   0.000 1499425000
17.26    4.17    54.693
17.26 15.00   0.743   1.205
17.26 15.00   1.949    64.408
17.26 15.00   1.761   0.956   1.949   0.468
17.26 15.00   1.763   0.949   1.949   0.461

17.27  0.00   0.436   0.430   0.026   0.074   0.001   0.004   0.327   0.002   0.000   0.002   0.000 1500294000
17.27    4.17    54.685
17.27 15.00   0.743   1.205
17.27 15.00   1.948    64.405
17.27 15.00   1.761   0.956   1.948   0.468
17.27 15.00   1.763   0.949   1.948   0.461

17.28  0.00   0.436   0.430   0.026   0.074   0.001   0.004   0.327   0.002   0.000   0.002   0.000 1501163000
17.28    4.17    54.678
17.28 15.00   0.743   1.205
17.28 15.00   1.948    64.402
17.28 15.00   1.761   0.956   1.948   0.468
17.28 15.00   1.763   0.949   1.948   0.461

17.29  0.00   0.436   0.430   0.026   0.074   0.001   0.004   0.327   0.002   0.000   0.002   0.000 1502032000
17.29    4.17    54.670
17.29 15.00   0.743   1.205
17.29 15.00   1.948    64.399
17.29 15.00   1.761   0.956   1.948   0.468
17.29 15.00   1.763   0.949   1.948   0.461

17.30  0.00   0.436   0.430   0.026   0.074   0.001   0.004   0.327   0.002   0.000   0.002   0.000 1502900000
17.30    4.17    54.663
17.30 15.00   0.743   1.205
17.30 15.00   1.948    64.396
17.30 15.00   1.761   0.956   1.948   0.468
17.30 15.00   1.762   0.949   1.948   0.461

17.31  0.00   0.436   0.430   0.026   0.074   0.001   0.004   0.327   0.002   0.000   0.002   0.000 1503769000
17.31    4.17    54.655
17.31 15.00   0.742   1.205
17.31 15.00   1.948    64.393
17.31 15.00   1.760   0.956   1.948   0.468
17.31 15.00   1.762   0.949   1.948   0.461

17.32  0.00   0.436   0.430   0.026   0.074   0.001   0.004   0.327   0.002   0.000   0.002   0.000 1504638000
17.32    4.17    54.648
17.32 15.00   0.742   1.205
17.32 15.00   1.948    64.391
17.32 15.00   1.760   0.956   1.948   0.468
17.32 15.00   1.762   0.949   1.948   0.461

17.33  0.00   0.436   0.430   0.026   0.074   0.001   0.004   0.327   0.002   0.000   0.002   0.000 1505507000
17.33    4.17    54.640
17.33 15.00   0.742   1.205
17.33 15.00   1.947    64.388
17.33 15.00   1.760   0.956   1.947   0.468
17.33 15.00   1.762   0.949   1.947   0.461

17.34  0.00   0.436   0.430   0.026   0.074   0.001   0.004   0.327   0.002   0.000   0.002   0.000 1506375000
17.34    4.17    54.633
17.34 15.00   0.742   1.205
17.34 15.00   1.947    64.385
17.34 15.00   1.760   0.956   1.947   0.468
17.34 15.00   1.762   0.949   1.947   0.461

17.35  0.00   0.436   0.430   0.026   0.074   0.001   0.004   0.327   0.002   0.000   0.002   0.000 1507244000
17.35    4.16    54.625
17.35 15.00   0.742   1.205
17.35 15.00   1.947    64.382
17.35 15.00   1.760   0.956   1.947   0.468
17.35 15.00   1.762   0.949   1.947   0.461

17.36  0.00   0.436   0.430   0.026   0.074   0.001   0.004   0.327   0.002   0.000   0.002   0.000 1508113000
17.36    4.16    54.618
17.36 15.00   0.742   1.205
17.36 15.00   1.947    64.379
17.36 15.00   1.760   0.956   1.947   0.468
17.36 15.00   1.761   0.949   1.947   0.461

17.37  0.00   0.436   0.430   0.026   0.074   0.001   0.004   0.327   0.002   0.000   0.002   0.000 1508982000
17.37    4.16    54.610
17.37 15.00   0.741   1.205
17.37 15.00   1.947    64.377
17.37 15.00   1.759   0.956   1.947   0.468
17.37 15.00   1.761   0.949   1.947   0.461

17.38  0.00   0.436   0.430   0.026   0.074   0.001   0.004   0.327   0.002   0.000   0.002   0.000 1509850000
17.38    4.16    54.603
17.38 15.00   0.741   1.205
17.38 15.00   1.947    64.374
17.38 15.00   1.759   0.956   1.947   0.468
17.38 15.00   1.761   0.949   1.947   0.461

17.39  0.00   0.436   0.430   0.026   0.074   0.001   0.004   0.327   0.002   0.000   0.002   0.000 1510719000
17.39    4.16    54.595
17.39 15.00   0.741   1.205
17.39 15.00   1.947    64.371
17.39 15.00   1.759   0.955   1.947   0.468
17.39 15.00   1.761   0.949   1.947   0.461

17.40  0.00   0.436   0.430   0.026   0.074   0.001   0.004   0.327   0.002   0.000   0.002   0.000 1511588000
17.40    4.16    54.588
17.40 15.00   0.741   1.205
17.40 15.00   1.946    64.368
17.40 15.00   1.759   0.955   1.946   0.468
17.40 15.00   1.761   0.949   1.946   0.460

17.41  0.00   0.436   0.430   0.026   0.074   0.001   0.004   0.327   0.002   0.000   0.002   0.000 1512456000
17.41    4.16    54.580
17.41 15.00   0.741   1.205
17.41 15.00   1.946    64.366
17.41 15.00   1.759   0.955   1.946   0.468
17.41 15.00   1.761   0.949   1.946   0.460

17.42  0.00   0.436   0.430   0.026   0.074   0.001   0.004   0.327   0.002   0.000   0.002   0.000 1513325000
17.42    4.16    54.573
17.42 15.00   0.741   1.205
17.42 15.00   1.946    64.363
17.42 15.00   1.759   0.955   1.946   0.468
17.42 15.00   1.761   0.948   1.946   0.460

17.43  0.00   0.436   0.430   0.026   0.074   0.001   0.004   0.327   0.002   0.000   0.002   0.000 1514194000
17.43    4.16    54.565
17.43 15.00   0.740   1.205
17.43 15.00   1.946    64.360
17.43 15.00   1.759   0.955   1.946   0.468
17.43 15.00   1.760   0.948   1.946   0.460

17.44  0.00   0.436   0.430   0.026   0.074   0.001   0.004   0.327   0.002   0.000   0.002   0.000 1515063000
17.44    4.16    54.558
17.44 15.00   0.740   1.205
17.44 15.00   1.946    64.357
17.44 15.00   1.758   0.955   1.946   0.468
17.44 15.00   1.760   0.948   1.946   0.460

17.45  0.00   0.436   0.430   0.026   0.074   0.001   0.004   0.327   0.002   0.000   0.002   0.000 1515931000
17.45    4.16    54.550
17.45 15.00   0.740   1.205
17.45 15.00   1.946    64.354
17.45 15.00   1.758   0.955   1.946   0.468
17.45 15.00   1.760   0.948   1.946   0.460

17.46  0.00   0.436   0.430   0.026   0.074   0.001   0.004   0.327   0.002   0.000   0.002   0.000 1516800000
17.46    4.16    54.543
17.46 15.00   0.740   1.205
17.46 15.00   1.945    64.352
17.46 15.00   1.758   0.955   1.945   0.468
17.46 15.00   1.760   0.948   1.945   0.460

17.47  0.00   0.436   0.430   0.026   0.074   0.001   0.004   0.327   0.002   0.000   0.002   0.000 1517669000
17.47    4.15    54.535
17.47 15.00   0.740   1.205
17.47 15.00   1.945    64.349
17.47 15.00   1.758   0.955   1.945   0.468
17.47 15.00   1.760   0.948   1.945   0.460

17.48  0.00   0.436   0.430   0.026   0.074   0.001   0.004   0.327   0.002   0.000   0.002   0.000 1518537000
17.48    4.15    54.528
17.48 15.00   0.740   1.205
17.48 15.00   1.945    64.346
17.48 15.00   1.758   0.955   1.945   0.467
17.48 15.00   1.760   0.948   1.945   0.460

17.49  0.00   0.436   0.430   0.026   0.074   0.001   0.004   0.327   0.002   0.000   0.002   0.000 1519406000
17.49    4.15    54.521
17.49 15.00   0.740   1.205
17.49 15.00   1.945    64.343
17.49 15.00   1.758   0.955   1.945   0.467
17.49 15.00   1.760   0.948   1.945   0.460

17.50  0.00   0.436   0.430   0.026   0.074   0.001   0.004   0.327   0.002   0.000   0.002   0.000 1520275000
17.50    4.15    54.513
17.50 15.00   0.739   1.205
17.50 15.00   1.945    64.341
17.50 15.00   1.758   0.955   1.945   0.467
17.50 15.00   1.759   0.948   1.945   0.460

17.51  0.00   0.436   0.430   0.026   0.074   0.001   0.004   0.327   0.002   0.000   0.002   0.000 1521144000
17.51    4.15    54.506
17.51 15.00   0.739   1.205
17.51 15.00   1.945    64.338
17.51 15.00   1.757   0.955   1.945   0.467
17.51 15.00   1.759   0.948   1.945   0.460

17.52  0.00   0.436   0.430   0.026   0.074   0.001   0.004   0.327   0.002   0.000   0.002   0.000 1522012000
17.52    4.15    54.498
17.52 15.00   0.739   1.205
17.52 15.00   1.945    64.335
17.52 15.00   1.757   0.955   1.945   0.467
17.52 15.00   1.759   0.948   1.945   0.460

17.53  0.00   0.436   0.430   0.026   0.074   0.001   0.004   0.327   0.002   0.000   0.002   0.000 1522881000
17.53    4.15    54.491
17.53 15.00   0.739   1.205
17.53 15.00   1.944    64.332
17.53 15.00   1.757   0.955   1.944   0.467
17.53 15.00   1.759   0.948   1.944   0.460

17.54  0.00   0.436   0.429   0.026   0.074   0.001   0.004   0.327   0.002   0.000   0.002   0.000 1523750000
17.54    4.15    54.484
17.54 15.00   0.739   1.205
17.54 15.00   1.944    64.330
17.54 15.00   1.757   0.955   1.944   0.467
17.54 15.00   1.759   0.948   1.944   0.460

17.55  0.00   0.436   0.429   0.026   0.074   0.001   0.004   0.327   0.002   0.000   0.002   0.000 1524618000
17.55    4.15    54.476
17.55 15.00   0.739   1.205
17.55 15.00   1.944    64.327
17.55 15.00   1.757   0.955   1.944   0.467
17.55 15.00   1.759   0.948   1.944   0.460

17.56  0.00   0.436   0.429   0.026   0.074   0.001   0.004   0.327   0.002   0.000   0.002   0.000 1525487000
17.56    4.15    54.469
17.56 15.00   0.738   1.205
17.56 15.00   1.944    64.324
17.56 15.00   1.757   0.955   1.944   0.467
17.56 15.00   1.759   0.948   1.944   0.460

17.57  0.00   0.436   0.429   0.026   0.074   0.001   0.004   0.327   0.002   0.000   0.002   0.000 1526356000
17.57    4.15    54.461
17.57 15.00   0.738   1.205
17.57 15.00   1.944    64.321
17.57 15.00   1.757   0.955   1.944   0.467
17.57 15.00   1.758   0.948   1.944   0.460

17.58  0.00   0.436   0.429   0.026   0.074   0.001   0.004   0.327   0.002   0.000   0.002   0.000 1527225000
17.58    4.15    54.454
17.58 15.00   0.738   1.205
17.58 15.00   1.944    64.319
17.58 15.00   1.756   0.954   1.944   0.467
17.58 15.00   1.758   0.948   1.944   0.460

17.59  0.00   0.436   0.429   0.026   0.074   0.001   0.004   0.327   0.002   0.000   0.002   0.000 1528093000
17.59    4.15    54.447
17.59 15.00   0.738   1.205
17.59 15.00   1.943    64.316
17.59 15.00   1.756   0.954   1.943   0.467
17.59 15.00   1.758   0.948   1.943   0.460

17.60  0.00   0.436   0.429   0.026   0.074   0.001   0.004   0.327   0.002   0.000   0.002   0.000 1528962000
17.60    4.14    54.439
17.60 15.00   0.738   1.205
17.60 15.00   1.943    64.313
17.60 15.00   1.756   0.954   1.943   0.467
17.60 15.00   1.758   0.948   1.943   0.460

17.61  0.00   0.436   0.429   0.026   0.074   0.001   0.004   0.327   0.002   0.000   0.002   0.000 1529831000
17.61    4.14    54.432
17.61 15.00   0.738   1.205
17.61 15.00   1.943    64.310
17.61 15.00   1.756   0.954   1.943   0.467
17.61 15.00   1.758   0.947   1.943   0.460

17.62  0.00   0.436   0.429   0.026   0.074   0.001   0.004   0.327   0.002   0.000   0.002   0.000 1530700000
17.62    4.14    54.425
17.62 15.00   0.738   1.205
17.62 15.00   1.943    64.308
17.62 15.00   1.756   0.954   1.943   0.467
17.62 15.00   1.758   0.947   1.943   0.460

17.63  0.00   0.436   0.429   0.026   0.074   0.001   0.004   0.327   0.002   0.000   0.002   0.000 1531568000
17.63    4.14    54.417
17.63 15.00   0.737   1.205
17.63 15.00   1.943    64.305
17.63 15.00   1.756   0.954   1.943   0.467
17.63 15.00   1.758   0.947   1.943   0.460

17.64  0.00   0.436   0.429   0.026   0.074   0.001   0.004   0.327   0.002   0.000   0.002   0.000 1532437000
17.64    4.14    54.410
17.64 15.00   0.737   1.205
17.64 15.00   1.943    64.302
17.64 15.00   1.756   0.954   1.943   0.467
17.64 15.00   1.757   0.947   1.943   0.460

17.65  0.00   0.436   0.429   0.026   0.074   0.001   0.004   0.327   0.002   0.000   0.002   0.000 1533306000
17.65    4.14    54.403
17.65 15.00   0.737   1.205
17.65 15.00   1.943    64.299
17.65 15.00   1.755   0.954   1.943   0.467
17.65 15.00   1.757   0.947   1.943   0.460

17.66  0.00   0.436   0.429   0.026   0.074   0.001   0.004   0.327   0.002   0.000   0.002   0.000 1534175000
17.66    4.14    54.396
17.66 15.00   0.737   1.205
17.66 15.00   1.942    64.297
17.66 15.00   1.755   0.954   1.942   0.467
17.66 15.00   1.757   0.947   1.942   0.460

17.67  0.00   0.436   0.429   0.026   0.074   0.001   0.004   0.327   0.002   0.000   0.002   0.000 1535043000
17.67    4.14    54.388
17.67 15.00   0.737   1.205
17.67 15.00   1.942    64.294
17.67 15.00   1.755   0.954   1.942   0.467
17.67 15.00   1.757   0.947   1.942   0.460

17.68  0.00   0.436   0.429   0.026   0.074   0.001   0.004   0.327   0.002   0.000   0.002   0.000 1535912000
17.68    4.14    54.381
17.68 15.00   0.737   1.205
17.68 15.00   1.942    64.291
17.68 15.00   1.755   0.954   1.942   0.467
17.68 15.00   1.757   0.947   1.942   0.460

17.69  0.00   0.436   0.429   0.026   0.074   0.001   0.004   0.327   0.002   0.000   0.002   0.000 1536781000
17.69    4.14    54.374
17.69 15.00   0.736   1.205
17.69 15.00   1.942    64.289
17.69 15.00   1.755   0.954   1.942   0.467
17.69 15.00   1.757   0.947   1.942   0.460

17.70  0.00   0.436   0.429   0.026   0.074   0.001   0.004   0.327   0.002   0.000   0.002   0.000 1537650000
17.70    4.14    54.366
17.70 15.00   0.736   1.205
17.70 15.00   1.942    64.286
17.70 15.00   1.755   0.954   1.942   0.467
17.70 15.00   1.756   0.947   1.942   0.460

17.71  0.00   0.436   0.429   0.026   0.074   0.001   0.004   0.327   0.002   0.000   0.002   0.000 1538518000
17.71    4.14    54.359
17.71 15.00   0.736   1.205
17.71 15.00   1.942    64.283
17.71 15.00   1.755   0.954   1.942   0.467
17.71 15.00   1.756   0.947   1.942   0.460

17.72  0.00   0.436   0.429   0.026   0.074   0.001   0.004   0.327   0.002   0.000   0.002   0.000 1539387000
17.72    4.14    54.352
17.72 15.00   0.736   1.205
17.72 15.00   1.941    64.281
17.72 15.00   1.754   0.954   1.941   0.467
17.72 15.00   1.756   0.947   1.941   0.460

17.73  0.00   0.436   0.429   0.026   0.074   0.001   0.004   0.327   0.002   0.000   0.002   0.000 1540256000
17.73    4.13    54.345
17.73 15.00   0.736   1.205
17.73 15.00   1.941    64.278
17.73 15.00   1.754   0.954   1.941   0.467
17.73 15.00   1.756   0.947   1.941   0.460

17.74  0.00   0.436   0.429   0.026   0.074   0.001   0.004   0.327   0.002   0.000   0.002   0.000 1541124000
17.74    4.13    54.337
17.74 15.00   0.736   1.205
17.74 15.00   1.941    64.275
17.74 15.00   1.754   0.954   1.941   0.467
17.74 15.00   1.756   0.947   1.941   0.460

17.75  0.00   0.436   0.429   0.026   0.074   0.001   0.004   0.327   0.002   0.000   0.002   0.000 1541993000
17.75    4.13    54.330
17.75 15.00   0.736   1.205
17.75 15.00   1.941    64.272
17.75 15.00   1.754   0.954   1.941   0.467
17.75 15.00   1.756   0.947   1.941   0.460

17.76  0.00   0.436   0.429   0.026   0.074   0.001   0.004   0.327   0.002   0.000   0.002   0.000 1542862000
17.76    4.13    54.323
17.76 15.00   0.735   1.205
17.76 15.00   1.941    64.270
17.76 15.00   1.754   0.954   1.941   0.467
17.76 15.00   1.756   0.947   1.941   0.460

17.77  0.00   0.436   0.429   0.026   0.074   0.001   0.004   0.327   0.002   0.000   0.002   0.000 1543731000
17.77    4.13    54.316
17.77 15.00   0.735   1.205
17.77 15.00   1.941    64.267
17.77 15.00   1.754   0.954   1.941   0.467
17.77 15.00   1.755   0.947   1.941   0.460

17.78  0.00   0.436   0.429   0.026   0.074   0.001   0.004   0.327   0.002   0.000   0.002   0.000 1544599000
17.78    4.13    54.308
17.78 15.00   0.735   1.205
17.78 15.00   1.941    64.264
17.78 15.00   1.754   0.954   1.941   0.467
17.78 15.00   1.755   0.947   1.941   0.460

17.79  0.00   0.436   0.429   0.026   0.074   0.001   0.004   0.327   0.002   0.000   0.002   0.000 1545468000
17.79    4.13    54.301
17.79 15.00   0.735   1.205
17.79 15.00   1.940    64.262
17.79 15.00   1.753   0.953   1.940   0.467
17.79 15.00   1.755   0.947   1.940   0.460

17.80  0.00   0.436   0.429   0.026   0.074   0.001   0.004   0.327   0.002   0.000   0.002   0.000 1546337000
17.80    4.13    54.294
17.80 15.00   0.735   1.205
17.80 15.00   1.940    64.259
17.80 15.00   1.753   0.953   1.940   0.467
17.80 15.00   1.755   0.947   1.940   0.460

17.81  0.00   0.436   0.429   0.026   0.074   0.001   0.004   0.327   0.002   0.000   0.002   0.000 1547206000
17.81    4.13    54.287
17.81 15.00   0.735   1.205
17.81 15.00   1.940    64.256
17.81 15.00   1.753   0.953   1.940   0.467
17.81 15.00   1.755   0.947   1.940   0.460

17.82  0.00   0.436   0.429   0.026   0.074   0.001   0.004   0.327   0.002   0.000   0.002   0.000 1548074000
17.82    4.13    54.280
17.82 15.00   0.735   1.205
17.82 15.00   1.940    64.254
17.82 15.00   1.753   0.953   1.940   0.467
17.82 15.00   1.755   0.946   1.940   0.460

17.83  0.00   0.436   0.429   0.026   0.074   0.001   0.004   0.327   0.002   0.000   0.002   0.000 1548943000
17.83    4.13    54.272
17.83 15.00   0.734   1.205
17.83 15.00   1.940    64.251
17.83 15.00   1.753   0.953   1.940   0.467
17.83 15.00   1.755   0.946   1.940   0.460

17.84  0.00   0.436   0.429   0.026   0.074   0.001   0.004   0.327   0.002   0.000   0.002   0.000 1549812000
17.84    4.13    54.265
17.84 15.00   0.734   1.205
17.84 15.00   1.940    64.248
17.84 15.00   1.753   0.953   1.940   0.467
17.84 15.00   1.755   0.946   1.940   0.460

17.85  0.00   0.436   0.429   0.026   0.074   0.001   0.004   0.327   0.002   0.000   0.002   0.000 1550680000
17.85    4.13    54.258
17.85 15.00   0.734   1.205
17.85 15.00   1.940    64.246
17.85 15.00   1.753   0.953   1.940   0.467
17.85 15.00   1.754   0.946   1.940   0.460

17.86  0.00   0.436   0.429   0.026   0.074   0.001   0.004   0.327   0.002   0.000   0.002   0.000 1551549000
17.86    4.12    54.251
17.86 15.00   0.734   1.205
17.86 15.00   1.939    64.243
17.86 15.00   1.752   0.953   1.939   0.467
17.86 15.00   1.754   0.946   1.939   0.460

17.87  0.00   0.436   0.429   0.026   0.074   0.001   0.004   0.327   0.002   0.000   0.002   0.000 1552418000
17.87    4.12    54.244
17.87 15.00   0.734   1.205
17.87 15.00   1.939    64.240
17.87 15.00   1.752   0.953   1.939   0.467
17.87 15.00   1.754   0.946   1.939   0.460

17.88  0.00   0.436   0.429   0.026   0.074   0.001   0.004   0.327   0.002   0.000   0.002   0.000 1553287000
17.88    4.12    54.236
17.88 15.00   0.734   1.205
17.88 15.00   1.939    64.238
17.88 15.00   1.752   0.953   1.939   0.467
17.88 15.00   1.754   0.946   1.939   0.460

17.89  0.00   0.436   0.429   0.026   0.074   0.001   0.004   0.327   0.002   0.000   0.002   0.000 1554155000
17.89    4.12    54.229
17.89 15.00   0.733   1.205
17.89 15.00   1.939    64.235
17.89 15.00   1.752   0.953   1.939   0.467
17.89 15.00   1.754   0.946   1.939   0.460

17.90  0.00   0.436   0.429   0.026   0.074   0.001   0.004   0.327   0.002   0.000   0.002   0.000 1555024000
17.90    4.12    54.222
17.90 15.00   0.733   1.205
17.90 15.00   1.939    64.232
17.90 15.00   1.752   0.953   1.939   0.467
17.90 15.00   1.754   0.946   1.939   0.460

17.91  0.00   0.436   0.429   0.026   0.074   0.001   0.004   0.327   0.002   0.000   0.002   0.000 1555893000
17.91    4.12    54.215
17.91 15.00   0.733   1.205
17.91 15.00   1.939    64.230
17.91 15.00   1.752   0.953   1.939   0.467
17.91 15.00   1.754   0.946   1.939   0.460

17.92  0.00   0.436   0.429   0.026   0.074   0.001   0.004   0.327   0.002   0.000   0.002   0.000 1556761000
17.92    4.12    54.208
17.92 15.00   0.733   1.205
17.92 15.00   1.938    64.227
17.92 15.00   1.752   0.953   1.938   0.467
17.92 15.00   1.753   0.946   1.938   0.460

17.93  0.00   0.436   0.429   0.026   0.074   0.001   0.004   0.327   0.002   0.000   0.002   0.000 1557630000
17.93    4.12    54.201
17.93 15.00   0.733   1.205
17.93 15.00   1.938    64.224
17.93 15.00   1.751   0.953   1.938   0.467
17.93 15.00   1.753   0.946   1.938   0.460

17.94  0.00   0.436   0.429   0.026   0.074   0.001   0.004   0.327   0.002   0.000   0.002   0.000 1558499000
17.94    4.12    54.194
17.94 15.00   0.733   1.205
17.94 15.00   1.938    64.222
17.94 15.00   1.751   0.953   1.938   0.467
17.94 15.00   1.753   0.946   1.938   0.460

17.95  0.00   0.436   0.429   0.026   0.074   0.001   0.004   0.327   0.002   0.000   0.002   0.000 1559368000
17.95    4.12    54.187
17.95 15.00   0.733   1.205
17.95 15.00   1.938    64.219
17.95 15.00   1.751   0.953   1.938   0.467
17.95 15.00   1.753   0.946   1.938   0.460

17.96  0.00   0.436   0.429   0.026   0.074   0.001   0.004   0.327   0.002   0.000   0.002   0.000 1560236000
17.96    4.12    54.179
17.96 15.00   0.732   1.205
17.96 15.00   1.938    64.217
17.96 15.00   1.751   0.953   1.938   0.467
17.96 15.00   1.753   0.946   1.938   0.460

17.97  0.00   0.436   0.429   0.026   0.074   0.001   0.004   0.327   0.002   0.000   0.002   0.000 1561105000
17.97    4.12    54.172
17.97 15.00   0.732   1.205
17.97 15.00   1.938    64.214
17.97 15.00   1.751   0.953   1.938   0.467
17.97 15.00   1.753   0.946   1.938   0.460

17.98  0.00   0.436   0.429   0.026   0.074   0.001   0.004   0.327   0.002   0.000   0.002   0.000 1561974000
17.98    4.12    54.165
17.98 15.00   0.732   1.205
17.98 15.00   1.938    64.211
17.98 15.00   1.751   0.953   1.938   0.467
17.98 15.00   1.753   0.946   1.938   0.460

17.99  0.00   0.436   0.429   0.026   0.074   0.001   0.004   0.327   0.002   0.000   0.002   0.000 1562843000
17.99    4.11    54.158
17.99 15.00   0.732   1.205
17.99 15.00   1.937    64.209
17.99 15.00   1.751   0.952   1.937   0.467
17.99 15.00   1.752   0.946   1.937   0.460

18.00  0.00   0.436   0.429   0.026   0.074   0.001   0.004   0.327   0.002   0.000   0.002   0.000 1563711000
18.00    4.11    54.151
18.00 15.00   0.732   1.205
18.00 15.00   1.937    64.206
18.00 15.00   1.750   0.952   1.937   0.467
18.00 15.00   1.752   0.946   1.937   0.460

18.01  0.00   0.436   0.429   0.026   0.074   0.001   0.004   0.327   0.002   0.000   0.002   0.000 1564580000
18.01    4.11    54.144
18.01 15.00   0.732   1.205
18.01 15.00   1.937    64.203
18.01 15.00   1.750   0.952   1.937   0.467
18.01 15.00   1.752   0.946   1.937   0.460

18.02  0.00   0.436   0.429   0.026   0.074   0.001   0.004   0.327   0.002   0.000   0.002   0.000 1565449000
18.02    4.11    54.137
18.02 15.00   0.732   1.205
18.02 15.00   1.937    64.201
18.02 15.00   1.750   0.952   1.937   0.467
18.02 15.00   1.752   0.945   1.937   0.460

18.03  0.00   0.436   0.429   0.026   0.074   0.001   0.004   0.327   0.002   0.000   0.002   0.000 1566318000
18.03    4.11    54.130
18.03 15.00   0.731   1.205
18.03 15.00   1.937    64.198
18.03 15.00   1.750   0.952   1.937   0.467
18.03 15.00   1.752   0.945   1.937   0.460

18.04  0.00   0.436   0.429   0.026   0.074   0.001   0.004   0.327   0.002   0.000   0.002   0.000 1567186000
18.04    4.11    54.123
18.04 15.00   0.731   1.205
18.04 15.00   1.937    64.196
18.04 15.00   1.750   0.952   1.937   0.467
18.04 15.00   1.752   0.945   1.937   0.460

18.05  0.00   0.436   0.429   0.026   0.074   0.001   0.004   0.327   0.002   0.000   0.002   0.000 1568055000
18.05    4.11    54.116
18.05 15.00   0.731   1.205
18.05 15.00   1.937    64.193
18.05 15.00   1.750   0.952   1.937   0.467
18.05 15.00   1.752   0.945   1.937   0.460

18.06  0.00   0.436   0.429   0.026   0.074   0.001   0.004   0.327   0.002   0.000   0.002   0.000 1568924000
18.06    4.11    54.109
18.06 15.00   0.731   1.205
18.06 15.00   1.936    64.190
18.06 15.00   1.750   0.952   1.936   0.467
18.06 15.00   1.751   0.945   1.936   0.460

18.07  0.00   0.436   0.429   0.026   0.074   0.001   0.004   0.327   0.002   0.000   0.002   0.000 1569792000
18.07    4.11    54.102
18.07 15.00   0.731   1.205
18.07 15.00   1.936    64.188
18.07 15.00   1.749   0.952   1.936   0.467
18.07 15.00   1.751   0.945   1.936   0.460

18.08  0.00   0.436   0.429   0.026   0.074   0.001   0.004   0.327   0.002   0.000   0.002   0.000 1570661000
18.08    4.11    54.095
18.08 15.00   0.731   1.205
18.08 15.00   1.936    64.185
18.08 15.00   1.749   0.952   1.936   0.467
18.08 15.00   1.751   0.945   1.936   0.460

18.09  0.00   0.436   0.429   0.026   0.074   0.001   0.004   0.327   0.002   0.000   0.002   0.000 1571530000
18.09    4.11    54.088
18.09 15.00   0.731   1.205
18.09 15.00   1.936    64.183
18.09 15.00   1.749   0.952   1.936   0.467
18.09 15.00   1.751   0.945   1.936   0.460

18.10  0.00   0.436   0.429   0.026   0.074   0.001   0.004   0.327   0.002   0.000   0.002   0.000 1572399000
18.10    4.11    54.081
18.10 15.00   0.730   1.205
18.10 15.00   1.936    64.180
18.10 15.00   1.749   0.952   1.936   0.467
18.10 15.00   1.751   0.945   1.936   0.460

18.11  0.00   0.436   0.429   0.026   0.074   0.001   0.004   0.327   0.002   0.000   0.002   0.000 1573267000
18.11    4.11    54.074
18.11 15.00   0.730   1.205
18.11 15.00   1.936    64.177
18.11 15.00   1.749   0.952   1.936   0.467
18.11 15.00   1.751   0.945   1.936   0.460

18.12  0.00   0.436   0.429   0.026   0.074   0.001   0.004   0.327   0.002   0.000   0.002   0.000 1574136000
18.12    4.11    54.067
18.12 15.00   0.730   1.205
18.12 15.00   1.936    64.175
18.12 15.00   1.749   0.952   1.936   0.467
18.12 15.00   1.751   0.945   1.936   0.460

18.13  0.00   0.436   0.429   0.026   0.074   0.001   0.004   0.327   0.002   0.000   0.002   0.000 1575005000
18.13    4.10    54.060
18.13 15.00   0.730   1.205
18.13 15.00   1.935    64.172
18.13 15.00   1.749   0.952   1.935   0.467
18.13 15.00   1.750   0.945   1.935   0.460

18.14  0.00   0.436   0.429   0.026   0.074   0.001   0.004   0.327   0.002   0.000   0.002   0.000 1575874000
18.14    4.10    54.053
18.14 15.00   0.730   1.205
18.14 15.00   1.935    64.170
18.14 15.00   1.748   0.952   1.935   0.467
18.14 15.00   1.750   0.945   1.935   0.460

18.15  0.00   0.436   0.429   0.026   0.074   0.001   0.004   0.327   0.002   0.000   0.002   0.000 1576742000
18.15    4.10    54.046
18.15 15.00   0.730   1.205
18.15 15.00   1.935    64.167
18.15 15.00   1.748   0.952   1.935   0.467
18.15 15.00   1.750   0.945   1.935   0.460

18.16  0.00   0.436   0.429   0.026   0.074   0.001   0.004   0.327   0.002   0.000   0.002   0.000 1577611000
18.16    4.10    54.039
18.16 15.00   0.730   1.205
18.16 15.00   1.935    64.164
18.16 15.00   1.748   0.952   1.935   0.467
18.16 15.00   1.750   0.945   1.935   0.460

18.17  0.00   0.435   0.429   0.026   0.074   0.001   0.004   0.327   0.002   0.000   0.002   0.000 1578480000
18.17    4.10    54.032
18.17 15.00   0.729   1.205
18.17 15.00   1.935    64.162
18.17 15.00   1.748   0.952   1.935   0.467
18.17 15.00   1.750   0.945   1.935   0.460

18.18  0.00   0.435   0.429   0.026   0.074   0.001   0.004   0.327   0.002   0.000   0.002   0.000 1579348000
18.18    4.10    54.025
18.18 15.00   0.729   1.205
18.18 15.00   1.935    64.159
18.18 15.00   1.748   0.952   1.935   0.467
18.18 15.00   1.750   0.945   1.935   0.460

18.19  0.00   0.435   0.429   0.026   0.074   0.001   0.004   0.327   0.002   0.000   0.002   0.000 1580217000
18.19    4.10    54.018
18.19 15.00   0.729   1.205
18.19 15.00   1.935    64.157
18.19 15.00   1.748   0.952   1.935   0.467
18.19 15.00   1.750   0.945   1.935   0.460

18.20  0.00   0.435   0.429   0.026   0.074   0.001   0.004   0.327   0.002   0.000   0.002   0.000 1581086000
18.20    4.10    54.011
18.20 15.00   0.729   1.205
18.20 15.00   1.934    64.154
18.20 15.00   1.748   0.951   1.934   0.467
18.20 15.00   1.750   0.945   1.934   0.460

18.21  0.00   0.435   0.429   0.026   0.074   0.001   0.004   0.326   0.002   0.000   0.002   0.000 1581955000
18.21    4.10    54.004
18.21 15.00   0.729   1.205
18.21 15.00   1.934    64.152
18.21 15.00   1.748   0.951   1.934   0.467
18.21 15.00   1.749   0.945   1.934   0.460

18.22  0.00   0.435   0.429   0.026   0.074   0.001   0.004   0.326   0.002   0.000   0.002   0.000 1582823000
18.22    4.10    53.997
18.22 15.00   0.729   1.205
18.22 15.00   1.934    64.149
18.22 15.00   1.747   0.951   1.934   0.467
18.22 15.00   1.749   0.945   1.934   0.460

18.23  0.00   0.435   0.429   0.026   0.074   0.001   0.004   0.326   0.002   0.000   0.002   0.000 1583692000
18.23    4.10    53.990
18.23 15.00   0.729   1.205
18.23 15.00   1.934    64.146
18.23 15.00   1.747   0.951   1.934   0.467
18.23 15.00   1.749   0.944   1.934   0.460

18.24  0.00   0.435   0.429   0.026   0.074   0.001   0.004   0.326   0.002   0.000   0.002   0.000 1584561000
18.24    4.10    53.983
18.24 15.00   0.728   1.205
18.24 15.00   1.934    64.144
18.24 15.00   1.747   0.951   1.934   0.467
18.24 15.00   1.749   0.944   1.934   0.460

18.25  0.00   0.435   0.429   0.026   0.074   0.001   0.004   0.326   0.002   0.000   0.002   0.000 1585430000
18.25    4.10    53.976
18.25 15.00   0.728   1.205
18.25 15.00   1.934    64.141
18.25 15.00   1.747   0.951   1.934   0.467
18.25 15.00   1.749   0.944   1.934   0.460

18.26  0.00   0.435   0.429   0.026   0.074   0.001   0.004   0.326   0.002   0.000   0.002   0.000 1586298000
18.26    4.10    53.969
18.26 15.00   0.728   1.205
18.26 15.00   1.934    64.139
18.26 15.00   1.747   0.951   1.934   0.467
18.26 15.00   1.749   0.944   1.934   0.460

18.27  0.00   0.435   0.429   0.026   0.074   0.001   0.004   0.326   0.002   0.000   0.002   0.000 1587167000
18.27    4.09    53.962
18.27 15.00   0.728   1.205
18.27 15.00   1.933    64.136
18.27 15.00   1.747   0.951   1.933   0.467
18.27 15.00   1.749   0.944   1.933   0.460

18.28  0.00   0.435   0.429   0.026   0.074   0.001   0.004   0.326   0.002   0.000   0.002   0.000 1588036000
18.28    4.09    53.955
18.28 15.00   0.728   1.205
18.28 15.00   1.933    64.134
18.28 15.00   1.747   0.951   1.933   0.467
18.28 15.00   1.748   0.944   1.933   0.460

18.29  0.00   0.435   0.429   0.026   0.074   0.001   0.004   0.326   0.002   0.000   0.002   0.000 1588905000
18.29    4.09    53.948
18.29 15.00   0.728   1.205
18.29 15.00   1.933    64.131
18.29 15.00   1.746   0.951   1.933   0.467
18.29 15.00   1.748   0.944   1.933   0.460

18.30  0.00   0.435   0.429   0.026   0.074   0.001   0.004   0.326   0.002   0.000   0.002   0.000 1589773000
18.30    4.09    53.941
18.30 15.00   0.728   1.205
18.30 15.00   1.933    64.129
18.30 15.00   1.746   0.951   1.933   0.467
18.30 15.00   1.748   0.944   1.933   0.460

18.31  0.00   0.435   0.429   0.026   0.074   0.001   0.004   0.326   0.002   0.000   0.002   0.000 1590642000
18.31    4.09    53.935
18.31 15.00   0.727   1.205
18.31 15.00   1.933    64.126
18.31 15.00   1.746   0.951   1.933   0.467
18.31 15.00   1.748   0.944   1.933   0.460

18.32  0.00   0.435   0.429   0.026   0.074   0.001   0.004   0.326   0.002   0.000   0.002   0.000 1591511000
18.32    4.09    53.928
18.32 15.00   0.727   1.205
18.32 15.00   1.933    64.124
18.32 15.00   1.746   0.951   1.933   0.467
18.32 15.00   1.748   0.944   1.933   0.460

18.33  0.00   0.435   0.429   0.026   0.074   0.001   0.004   0.326   0.002   0.000   0.002   0.000 1592379000
18.33    4.09    53.921
18.33 15.00   0.727   1.205
18.33 15.00   1.933    64.121
18.33 15.00   1.746   0.951   1.933   0.467
18.33 15.00   1.748   0.944   1.933   0.460

18.34  0.00   0.435   0.429   0.026   0.074   0.001   0.004   0.326   0.002   0.000   0.002   0.000 1593248000
18.34    4.09    53.914
18.34 15.00   0.727   1.205
18.34 15.00   1.932    64.118
18.34 15.00   1.746   0.951   1.932   0.467
18.34 15.00   1.748   0.944   1.932   0.459

18.35  0.00   0.435   0.429   0.026   0.074   0.001   0.004   0.326   0.002   0.000   0.002   0.000 1594117000
18.35    4.09    53.907
18.35 15.00   0.727   1.205
18.35 15.00   1.932    64.116
18.35 15.00   1.746   0.951   1.932   0.467
18.35 15.00   1.747   0.944   1.932   0.459

18.36  0.00   0.435   0.429   0.026   0.074   0.001   0.004   0.326   0.002   0.000   0.002   0.000 1594986000
18.36    4.09    53.900
18.36 15.00   0.727   1.205
18.36 15.00   1.932    64.113
18.36 15.00   1.746   0.951   1.932   0.467
18.36 15.00   1.747   0.944   1.932   0.459

18.37  0.00   0.435   0.429   0.026   0.074   0.001   0.004   0.326   0.002   0.000   0.002   0.000 1595854000
18.37    4.09    53.893
18.37 15.00   0.727   1.205
18.37 15.00   1.932    64.111
18.37 15.00   1.745   0.951   1.932   0.467
18.37 15.00   1.747   0.944   1.932   0.459

18.38  0.00   0.435   0.429   0.026   0.074   0.001   0.004   0.326   0.002   0.000   0.002   0.000 1596723000
18.38    4.09    53.886
18.38 15.00   0.726   1.205
18.38 15.00   1.932    64.108
18.38 15.00   1.745   0.951   1.932   0.467
18.38 15.00   1.747   0.944   1.932   0.459

18.39  0.00   0.435   0.429   0.026   0.074   0.001   0.004   0.326   0.002   0.000   0.002   0.000 1597592000
18.39    4.09    53.880
18.39 15.00   0.726   1.205
18.39 15.00   1.932    64.106
18.39 15.00   1.745   0.951   1.932   0.467
18.39 15.00   1.747   0.944   1.932   0.459

18.40  0.00   0.435   0.429   0.026   0.074   0.001   0.004   0.326   0.002   0.000   0.002   0.000 1598460000
18.40    4.09    53.873
18.40 15.00   0.726   1.205
18.40 15.00   1.932    64.103
18.40 15.00   1.745   0.951   1.932   0.467
18.40 15.00   1.747   0.944   1.932   0.459

18.41  0.00   0.435   0.429   0.026   0.074   0.001   0.004   0.326   0.002   0.000   0.002   0.000 1599329000
18.41    4.08    53.866
18.41 15.00   0.726   1.205
18.41 15.00   1.931    64.101
18.41 15.00   1.745   0.951   1.931   0.467
18.41 15.00   1.747   0.944   1.931   0.459

18.42  0.00   0.435   0.429   0.026   0.074   0.001   0.004   0.326   0.002   0.000   0.002   0.000 1600198000
18.42    4.08    53.859
18.42 15.00   0.726   1.205
18.42 15.00   1.931    64.098
18.42 15.00   1.745   0.950   1.931   0.467
18.42 15.00   1.747   0.944   1.931   0.459

18.43  0.00   0.435   0.429   0.026   0.074   0.001   0.004   0.326   0.002   0.000   0.002   0.000 1601067000
18.43    4.08    53.852
18.43 15.00   0.726   1.205
18.43 15.00   1.931    64.096
18.43 15.00   1.745   0.950   1.931   0.467
18.43 15.00   1.746   0.944   1.931   0.459

18.44  0.00   0.435   0.429   0.026   0.074   0.001   0.004   0.326   0.002   0.000   0.002   0.000 1601935000
18.44    4.08    53.846
18.44 15.00   0.726   1.205
18.44 15.00   1.931    64.093
18.44 15.00   1.744   0.950   1.931   0.466
18.44 15.00   1.746   0.944   1.931   0.459

18.45  0.00   0.435   0.429   0.026   0.074   0.001   0.004   0.326   0.002   0.000   0.002   0.000 1602804000
18.45    4.08    53.839
18.45 15.00   0.725   1.205
18.45 15.00   1.931    64.091
18.45 15.00   1.744   0.950   1.931   0.466
18.45 15.00   1.746   0.943   1.931   0.459

18.46  0.00   0.435   0.429   0.026   0.074   0.001   0.004   0.326   0.002   0.000   0.002   0.000 1603673000
18.46    4.08    53.832
18.46 15.00   0.725   1.205
18.46 15.00   1.931    64.088
18.46 15.00   1.744   0.950   1.931   0.466
18.46 15.00   1.746   0.943   1.931   0.459

18.47  0.00   0.435   0.429   0.026   0.074   0.001   0.004   0.326   0.002   0.000   0.002   0.000 1604542000
18.47    4.08    53.825
18.47 15.00   0.725   1.205
18.47 15.00   1.931    64.086
18.47 15.00   1.744   0.950   1.931   0.466
18.47 15.00   1.746   0.943   1.931   0.459

18.48  0.00   0.435   0.429   0.026   0.074   0.001   0.004   0.326   0.002   0.000   0.002   0.000 1605410000
18.48    4.08    53.818
18.48 15.00   0.725   1.205
18.48 15.00   1.930    64.083
18.48 15.00   1.744   0.950   1.930   0.466
18.48 15.00   1.746   0.943   1.930   0.459

18.49  0.00   0.435   0.429   0.026   0.074   0.001   0.004   0.326   0.002   0.000   0.002   0.000 1606279000
18.49    4.08    53.812
18.49 15.00   0.725   1.205
18.49 15.00   1.930    64.081
18.49 15.00   1.744   0.950   1.930   0.466
18.49 15.00   1.746   0.943   1.930   0.459

18.50  0.00   0.435   0.429   0.026   0.074   0.001   0.004   0.326   0.002   0.000   0.002   0.000 1607148000
18.50    4.08    53.805
18.50 15.00   0.725   1.205
18.50 15.00   1.930    64.078
18.50 15.00   1.744   0.950   1.930   0.466
18.50 15.00   1.745   0.943   1.930   0.459

18.51  0.00   0.435   0.429   0.026   0.074   0.001   0.004   0.326   0.002   0.000   0.002   0.000 1608017000
18.51    4.08    53.798
18.51 15.00   0.725   1.205
18.51 15.00   1.930    64.076
18.51 15.00   1.744   0.950   1.930   0.466
18.51 15.00   1.745   0.943   1.930   0.459

18.52  0.00   0.435   0.429   0.026   0.074   0.001   0.004   0.326   0.002   0.000   0.002   0.000 1608885000
18.52    4.08    53.791
18.52 15.00   0.724   1.205
18.52 15.00   1.930    64.073
18.52 15.00   1.743   0.950   1.930   0.466
18.52 15.00   1.745   0.943   1.930   0.459

18.53  0.00   0.435   0.429   0.026   0.074   0.001   0.004   0.326   0.002   0.000   0.002   0.000 1609754000
18.53    4.08    53.784
18.53 15.00   0.724   1.205
18.53 15.00   1.930    64.071
18.53 15.00   1.743   0.950   1.930   0.466
18.53 15.00   1.745   0.943   1.930   0.459

18.54  0.00   0.435   0.429   0.026   0.074   0.001   0.004   0.326   0.002   0.000   0.002   0.000 1610623000
18.54    4.08    53.778
18.54 15.00   0.724   1.205
18.54 15.00   1.930    64.068
18.54 15.00   1.743   0.950   1.930   0.466
18.54 15.00   1.745   0.943   1.930   0.459

18.55  0.00   0.435   0.429   0.026   0.074   0.001   0.004   0.326   0.002   0.000   0.002   0.000 1611491000
18.55    4.07    53.771
18.55 15.00   0.724   1.205
18.55 15.00   1.929    64.066
18.55 15.00   1.743   0.950   1.929   0.466
18.55 15.00   1.745   0.943   1.929   0.459

18.56  0.00   0.435   0.429   0.026   0.074   0.001   0.004   0.326   0.002   0.000   0.002   0.000 1612360000
18.56    4.07    53.764
18.56 15.00   0.724   1.205
18.56 15.00   1.929    64.063
18.56 15.00   1.743   0.950   1.929   0.466
18.56 15.00   1.745   0.943   1.929   0.459

18.57  0.00   0.435   0.429   0.026   0.074   0.001   0.004   0.326   0.002   0.000   0.002   0.000 1613229000
18.57    4.07    53.757
18.57 15.00   0.724   1.205
18.57 15.00   1.929    64.061
18.57 15.00   1.743   0.950   1.929   0.466
18.57 15.00   1.745   0.943   1.929   0.459

18.58  0.00   0.435   0.428   0.026   0.074   0.001   0.004   0.326   0.002   0.000   0.002   0.000 1614098000
18.58    4.07    53.751
18.58 15.00   0.724   1.205
18.58 15.00   1.929    64.058
18.58 15.00   1.743   0.950   1.929   0.466
18.58 15.00   1.744   0.943   1.929   0.459

18.59  0.00   0.435   0.428   0.026   0.074   0.001   0.004   0.326   0.002   0.000   0.002   0.000 1614966000
18.59    4.07    53.744
18.59 15.00   0.723   1.205
18.59 15.00   1.929    64.056
18.59 15.00   1.742   0.950   1.929   0.466
18.59 15.00   1.744   0.943   1.929   0.459

18.60  0.00   0.435   0.428   0.026   0.074   0.001   0.004   0.326   0.002   0.000   0.002   0.000 1615835000
18.60    4.07    53.737
18.60 15.00   0.723   1.205
18.60 15.00   1.929    64.053
18.60 15.00   1.742   0.950   1.929   0.466
18.60 15.00   1.744   0.943   1.929   0.459

18.61  0.00   0.435   0.428   0.026   0.074   0.001   0.004   0.326   0.002   0.000   0.002   0.000 1616704000
18.61    4.07    53.731
18.61 15.00   0.723   1.205
18.61 15.00   1.929    64.051
18.61 15.00   1.742   0.950   1.929   0.466
18.61 15.00   1.744   0.943   1.929   0.459

18.62  0.00   0.435   0.428   0.026   0.074   0.001   0.004   0.326   0.002   0.000   0.002   0.000 1617573000
18.62    4.07    53.724
18.62 15.00   0.723   1.205
18.62 15.00   1.928    64.048
18.62 15.00   1.742   0.950   1.928   0.466
18.62 15.00   1.744   0.943   1.928   0.459

18.63  0.00   0.435   0.428   0.026   0.074   0.001   0.004   0.326   0.002   0.000   0.002   0.000 1618441000
18.63    4.07    53.717
18.63 15.00   0.723   1.205
18.63 15.00   1.928    64.046
18.63 15.00   1.742   0.950   1.928   0.466
18.63 15.00   1.744   0.943   1.928   0.459

18.64  0.00   0.435   0.428   0.026   0.074   0.001   0.004   0.326   0.002   0.000   0.002   0.000 1619310000
18.64    4.07    53.710
18.64 15.00   0.723   1.205
18.64 15.00   1.928    64.044
18.64 15.00   1.742   0.949   1.928   0.466
18.64 15.00   1.744   0.943   1.928   0.459

18.65  0.00   0.435   0.428   0.026   0.074   0.001   0.004   0.326   0.002   0.000   0.002   0.000 1620179000
18.65    4.07    53.704
18.65 15.00   0.723   1.205
18.65 15.00   1.928    64.041
18.65 15.00   1.742   0.949   1.928   0.466
18.65 15.00   1.744   0.943   1.928   0.459

18.66  0.00   0.435   0.428   0.026   0.074   0.001   0.004   0.326   0.002   0.000   0.002   0.000 1621047000
18.66    4.07    53.697
18.66 15.00   0.722   1.205
18.66 15.00   1.928    64.039
18.66 15.00   1.742   0.949   1.928   0.466
18.66 15.00   1.743   0.943   1.928   0.459

18.67  0.00   0.435   0.428   0.026   0.074   0.001   0.004   0.326   0.002   0.000   0.002   0.000 1621916000
18.67    4.07    53.690
18.67 15.00   0.722   1.205
18.67 15.00   1.928    64.036
18.67 15.00   1.741   0.949   1.928   0.466
18.67 15.00   1.743   0.942   1.928   0.459

18.68  0.00   0.435   0.428   0.026   0.074   0.001   0.004   0.326   0.002   0.000   0.002   0.000 1622785000
18.68    4.07    53.684
18.68 15.00   0.722   1.205
18.68 15.00   1.928    64.034
18.68 15.00   1.741   0.949   1.928   0.466
18.68 15.00   1.743   0.942   1.928   0.459

18.69  0.00   0.435   0.428   0.026   0.074   0.001   0.004   0.326   0.002   0.000   0.002   0.000 1623654000
18.69    4.07    53.677
18.69 15.00   0.722   1.205
18.69 15.00   1.928    64.031
18.69 15.00   1.741   0.949   1.928   0.466
18.69 15.00   1.743   0.942   1.928   0.459

18.70  0.00   0.435   0.428   0.026   0.074   0.001   0.004   0.326   0.002   0.000   0.002   0.000 1624522000
18.70    4.06    53.670
18.70 15.00   0.722   1.205
18.70 15.00   1.927    64.029
18.70 15.00   1.741   0.949   1.927   0.466
18.70 15.00   1.743   0.942   1.927   0.459

18.71  0.00   0.435   0.428   0.026   0.074   0.001   0.004   0.326   0.002   0.000   0.002   0.000 1625391000
18.71    4.06    53.664
18.71 15.00   0.722   1.205
18.71 15.00   1.927    64.026
18.71 15.00   1.741   0.949   1.927   0.466
18.71 15.00   1.743   0.942   1.927   0.459

18.72  0.00   0.435   0.428   0.026   0.074   0.001   0.004   0.326   0.002   0.000   0.002   0.000 1626260000
18.72    4.06    53.657
18.72 15.00   0.722   1.205
18.72 15.00   1.927    64.024
18.72 15.00   1.741   0.949   1.927   0.466
18.72 15.00   1.743   0.942   1.927   0.459

18.73  0.00   0.435   0.428   0.026   0.074   0.001   0.004   0.326   0.002   0.000   0.002   0.000 1627128000
18.73    4.06    53.650
18.73 15.00   0.722   1.205
18.73 15.00   1.927    64.021
18.73 15.00   1.741   0.949   1.927   0.466
18.73 15.00   1.742   0.942   1.927   0.459

18.74  0.00   0.435   0.428   0.026   0.074   0.001   0.004   0.326   0.002   0.000   0.002   0.000 1627997000
18.74    4.06    53.644
18.74 15.00   0.721   1.205
18.74 15.00   1.927    64.019
18.74 15.00   1.741   0.949   1.927   0.466
18.74 15.00   1.742   0.942   1.927   0.459

18.75  0.00   0.435   0.428   0.026   0.074   0.001   0.004   0.326   0.002   0.000   0.002   0.000 1628866000
18.75    4.06    53.637
18.75 15.00   0.721   1.205
18.75 15.00   1.927    64.017
18.75 15.00   1.740   0.949   1.927   0.466
18.75 15.00   1.742   0.942   1.927   0.459

18.76  0.00   0.435   0.428   0.026   0.074   0.001   0.004   0.326   0.002   0.000   0.002   0.000 1629735000
18.76    4.06    53.631
18.76 15.00   0.721   1.205
18.76 15.00   1.927    64.014
18.76 15.00   1.740   0.949   1.927   0.466
18.76 15.00   1.742   0.942   1.927   0.459

18.77  0.00   0.435   0.428   0.026   0.074   0.001   0.004   0.326   0.002   0.000   0.002   0.000 1630604000
18.77    4.06    53.624
18.77 15.00   0.721   1.205
18.77 15.00   1.926    64.012
18.77 15.00   1.740   0.949   1.926   0.466
18.77 15.00   1.742   0.942   1.926   0.459

18.78  0.00   0.435   0.428   0.026   0.074   0.001   0.004   0.326   0.002   0.000   0.002   0.000 1631472000
18.78    4.06    53.617
18.78 15.00   0.721   1.205
18.78 15.00   1.926    64.009
18.78 15.00   1.740   0.949   1.926   0.466
18.78 15.00   1.742   0.942   1.926   0.459

18.79  0.00   0.435   0.428   0.026   0.074   0.001   0.004   0.326   0.002   0.000   0.002   0.000 1632341000
18.79    4.06    53.611
18.79 15.00   0.721   1.205
18.79 15.00   1.926    64.007
18.79 15.00   1.740   0.949   1.926   0.466
18.79 15.00   1.742   0.942   1.926   0.459

18.80  0.00   0.435   0.428   0.026   0.074   0.001   0.004   0.326   0.002   0.000   0.002   0.000 1633210000
18.80    4.06    53.604
18.80 15.00   0.721   1.205
18.80 15.00   1.926    64.004
18.80 15.00   1.740   0.949   1.926   0.466
18.80 15.00   1.742   0.942   1.926   0.459

18.81  0.00   0.435   0.428   0.026   0.074   0.001   0.004   0.326   0.002   0.000   0.002   0.000 1634078000
18.81    4.06    53.597
18.81 15.00   0.720   1.205
18.81 15.00   1.926    64.002
18.81 15.00   1.740   0.949   1.926   0.466
18.81 15.00   1.741   0.942   1.926   0.459

18.82  0.00   0.435   0.428   0.026   0.074   0.001   0.004   0.326   0.002   0.000   0.002   0.000 1634947000
18.82    4.06    53.591
18.82 15.00   0.720   1.205
18.82 15.00   1.926    64.000
18.82 15.00   1.739   0.949   1.926   0.466
18.82 15.00   1.741   0.942   1.926   0.459

18.83  0.00   0.435   0.428   0.026   0.074   0.001   0.004   0.326   0.002   0.000   0.002   0.000 1635816000
18.83    4.06    53.584
18.83 15.00   0.720   1.205
18.83 15.00   1.926    63.997
18.83 15.00   1.739   0.949   1.926   0.466
18.83 15.00   1.741   0.942   1.926   0.459

18.84  0.00   0.435   0.428   0.026   0.074   0.001   0.004   0.326   0.002   0.000   0.002   0.000 1636685000
18.84    4.06    53.578
18.84 15.00   0.720   1.205
18.84 15.00   1.925    63.995
18.84 15.00   1.739   0.949   1.925   0.466
18.84 15.00   1.741   0.942   1.925   0.459

18.85  0.00   0.435   0.428   0.026   0.074   0.001   0.004   0.326   0.002   0.000   0.002   0.000 1637553000
18.85    4.05    53.571
18.85 15.00   0.720   1.205
18.85 15.00   1.925    63.992
18.85 15.00   1.739   0.949   1.925   0.466
18.85 15.00   1.741   0.942   1.925   0.459

18.86  0.00   0.435   0.428   0.026   0.074   0.001   0.004   0.326   0.002   0.000   0.002   0.000 1638422000
18.86    4.05    53.565
18.86 15.00   0.720   1.205
18.86 15.00   1.925    63.990
18.86 15.00   1.739   0.948   1.925   0.466
18.86 15.00   1.741   0.942   1.925   0.459

18.87  0.00   0.435   0.428   0.026   0.074   0.001   0.004   0.326   0.002   0.000   0.002   0.000 1639291000
18.87    4.05    53.558
18.87 15.00   0.720   1.205
18.87 15.00   1.925    63.988
18.87 15.00   1.739   0.948   1.925   0.466
18.87 15.00   1.741   0.942   1.925   0.459

18.88  0.00   0.435   0.428   0.026   0.074   0.001   0.004   0.326   0.002   0.000   0.002   0.000 1640159000
18.88    4.05    53.551
18.88 15.00   0.720   1.205
18.88 15.00   1.925    63.985
18.88 15.00   1.739   0.948   1.925   0.466
18.88 15.00   1.741   0.942   1.925   0.459

18.89  0.00   0.435   0.428   0.026   0.074   0.001   0.004   0.326   0.002   0.000   0.002   0.000 1641028000
18.89    4.05    53.545
18.89 15.00   0.719   1.205
18.89 15.00   1.925    63.983
18.89 15.00   1.739   0.948   1.925   0.466
18.89 15.00   1.740   0.941   1.925   0.459

18.90  0.00   0.435   0.428   0.026   0.074   0.001   0.004   0.326   0.002   0.000   0.002   0.000 1641897000
18.90    4.05    53.538
18.90 15.00   0.719   1.205
18.90 15.00   1.925    63.980
18.90 15.00   1.738   0.948   1.925   0.466
18.90 15.00   1.740   0.941   1.925   0.459

18.91  0.00   0.435   0.428   0.026   0.074   0.001   0.004   0.326   0.002   0.000   0.002   0.000 1642766000
18.91    4.05    53.532
18.91 15.00   0.719   1.205
18.91 15.00   1.925    63.978
18.91 15.00   1.738   0.948   1.925   0.466
18.91 15.00   1.740   0.941   1.925   0.459

18.92  0.00   0.435   0.428   0.026   0.074   0.001   0.004   0.326   0.002   0.000   0.002   0.000 1643634000
18.92    4.05    53.525
18.92 15.00   0.719   1.205
18.92 15.00   1.924    63.976
18.92 15.00   1.738   0.948   1.924   0.466
18.92 15.00   1.740   0.941   1.924   0.459

18.93  0.00   0.435   0.428   0.026   0.074   0.001   0.004   0.326   0.002   0.000   0.002   0.000 1644503000
18.93    4.05    53.519
18.93 15.00   0.719   1.205
18.93 15.00   1.924    63.973
18.93 15.00   1.738   0.948   1.924   0.466
18.93 15.00   1.740   0.941   1.924   0.459

18.94  0.00   0.435   0.428   0.026   0.074   0.001   0.004   0.326   0.002   0.000   0.002   0.000 1645372000
18.94    4.05    53.512
18.94 15.00   0.719   1.205
18.94 15.00   1.924    63.971
18.94 15.00   1.738   0.948   1.924   0.466
18.94 15.00   1.740   0.941   1.924   0.459

18.95  0.00   0.435   0.428   0.026   0.074   0.001   0.004   0.326   0.002   0.000   0.002   0.000 1646241000
18.95    4.05    53.506
18.95 15.00   0.719   1.205
18.95 15.00   1.924    63.968
18.95 15.00   1.738   0.948   1.924   0.466
18.95 15.00   1.740   0.941   1.924   0.459

18.96  0.00   0.435   0.428   0.026   0.074   0.001   0.004   0.326   0.002   0.000   0.002   0.000 1647109000
18.96    4.05    53.499
18.96 15.00   0.718   1.205
18.96 15.00   1.924    63.966
18.96 15.00   1.738   0.948   1.924   0.466
18.96 15.00   1.740   0.941   1.924   0.459

18.97  0.00   0.435   0.428   0.026   0.074   0.001   0.004   0.326   0.002   0.000   0.002   0.000 1647978000
18.97    4.05    53.493
18.97 15.00   0.718   1.205
18.97 15.00   1.924    63.964
18.97 15.00   1.738   0.948   1.924   0.466
18.97 15.00   1.739   0.941   1.924   0.459

18.98  0.00   0.435   0.428   0.026   0.074   0.001   0.004   0.326   0.002   0.000   0.002   0.000 1648847000
18.98    4.05    53.486
18.98 15.00   0.718   1.205
18.98 15.00   1.924    63.961
18.98 15.00   1.737   0.948   1.924   0.466
18.98 15.00   1.739   0.941   1.924   0.459

18.99  0.00   0.435   0.428   0.026   0.074   0.001   0.004   0.326   0.002   0.000   0.002   0.000 1649715000
18.99    4.05    53.480
18.99 15.00   0.718   1.205
18.99 15.00   1.923    63.959
18.99 15.00   1.737   0.948   1.923   0.466
18.99 15.00   1.739   0.941   1.923   0.459

19.00  0.00   0.435   0.428   0.026   0.074   0.001   0.004   0.326   0.002   0.000   0.002   0.000 1650584000
19.00    4.04    53.473
19.00 15.00   0.718   1.205
19.00 15.00   1.923    63.956
19.00 15.00   1.737   0.948   1.923   0.466
19.00 15.00   1.739   0.941   1.923   0.459

19.01  0.00   0.435   0.428   0.026   0.074   0.001   0.004   0.326   0.002   0.000   0.002   0.000 1651453000
19.01    4.04    53.467
19.01 15.00   0.718   1.205
19.01 15.00   1.923    63.954
19.01 15.00   1.737   0.948   1.923   0.466
19.01 15.00   1.739   0.941   1.923   0.459

19.02  0.00   0.435   0.428   0.026   0.074   0.001   0.004   0.326   0.002   0.000   0.002   0.000 1652322000
19.02    4.04    53.460
19.02 15.00   0.718   1.205
19.02 15.00   1.923    63.952
19.02 15.00   1.737   0.948   1.923   0.466
19.02 15.00   1.739   0.941   1.923   0.459

19.03  0.00   0.435   0.428   0.026   0.074   0.001   0.004   0.326   0.002   0.000   0.002   0.000 1653190000
19.03    4.04    53.454
19.03 15.00   0.718   1.205
19.03 15.00   1.923    63.949
19.03 15.00   1.737   0.948   1.923   0.466
19.03 15.00   1.739   0.941   1.923   0.459

19.04  0.00   0.435   0.428   0.026   0.074   0.001   0.004   0.326   0.002   0.000   0.002   0.000 1654059000
19.04    4.04    53.447
19.04 15.00   0.717   1.205
19.04 15.00   1.923    63.947
19.04 15.00   1.737   0.948   1.923   0.466
19.04 15.00   1.739   0.941   1.923   0.459

19.05  0.00   0.435   0.428   0.026   0.074   0.001   0.004   0.326   0.002   0.000   0.002   0.000 1654928000
19.05    4.04    53.441
19.05 15.00   0.717   1.205
19.05 15.00   1.923    63.945
19.05 15.00   1.737   0.948   1.923   0.466
19.05 15.00   1.738   0.941   1.923   0.459

19.06  0.00   0.435   0.428   0.026   0.074   0.001   0.004   0.326   0.002   0.000   0.002   0.000 1655796000
19.06    4.04    53.434
19.06 15.00   0.717   1.205
19.06 15.00   1.923    63.942
19.06 15.00   1.736   0.948   1.923   0.466
19.06 15.00   1.738   0.941   1.923   0.459

19.07  0.00   0.435   0.428   0.026   0.074   0.001   0.004   0.326   0.002   0.000   0.002   0.000 1656665000
19.07    4.04    53.428
19.07 15.00   0.717   1.205
19.07 15.00   1.922    63.940
19.07 15.00   1.736   0.948   1.922   0.466
19.07 15.00   1.738   0.941   1.922   0.459

19.08  0.00   0.435   0.428   0.026   0.074   0.001   0.004   0.326   0.002   0.000   0.002   0.000 1657534000
19.08    4.04    53.421
19.08 15.00   0.717   1.205
19.08 15.00   1.922    63.938
19.08 15.00   1.736   0.948   1.922   0.466
19.08 15.00   1.738   0.941   1.922   0.459

19.09  0.00   0.435   0.428   0.026   0.074   0.001   0.004   0.326   0.002   0.000   0.002   0.000 1658403000
19.09    4.04    53.415
19.09 15.00   0.717   1.205
19.09 15.00   1.922    63.935
19.09 15.00   1.736   0.947   1.922   0.466
19.09 15.00   1.738   0.941   1.922   0.459

19.10  0.00   0.435   0.428   0.026   0.074   0.001   0.004   0.326   0.002   0.000   0.002   0.000 1659272000
19.10    4.04    53.408
19.10 15.00   0.717   1.205
19.10 15.00   1.922    63.933
19.10 15.00   1.736   0.947   1.922   0.466
19.10 15.00   1.738   0.941   1.922   0.459

19.11  0.00   0.435   0.428   0.026   0.074   0.001   0.004   0.326   0.002   0.000   0.002   0.000 1660140000
19.11    4.04    53.402
19.11 15.00   0.716   1.205
19.11 15.00   1.922    63.930
19.11 15.00   1.736   0.947   1.922   0.466
19.11 15.00   1.738   0.941   1.922   0.459

19.12  0.00   0.435   0.428   0.026   0.074   0.001   0.004   0.326   0.002   0.000   0.002   0.000 1661009000
19.12    4.04    53.395
19.12 15.00   0.716   1.205
19.12 15.00   1.922    63.928
19.12 15.00   1.736   0.947   1.922   0.466
19.12 15.00   1.738   0.941   1.922   0.459

19.13  0.00   0.435   0.428   0.026   0.074   0.001   0.004   0.326   0.002   0.000   0.002   0.000 1661878000
19.13    4.04    53.389
19.13 15.00   0.716   1.205
19.13 15.00   1.922    63.926
19.13 15.00   1.736   0.947   1.922   0.466
19.13 15.00   1.737   0.940   1.922   0.459

19.14  0.00   0.435   0.428   0.026   0.074   0.001   0.004   0.326   0.002   0.000   0.002   0.000 1662746000
19.14    4.04    53.383
19.14 15.00   0.716   1.205
19.14 15.00   1.921    63.923
19.14 15.00   1.735   0.947   1.921   0.466
19.14 15.00   1.737   0.940   1.921   0.459

19.15  0.00   0.435   0.428   0.026   0.074   0.001   0.004   0.326   0.002   0.000   0.002   0.000 1663615000
19.15    4.03    53.376
19.15 15.00   0.716   1.205
19.15 15.00   1.921    63.921
19.15 15.00   1.735   0.947   1.921   0.466
19.15 15.00   1.737   0.940   1.921   0.459

19.16  0.00   0.435   0.428   0.026   0.074   0.001   0.004   0.326   0.002   0.000   0.002   0.000 1664484000
19.16    4.03    53.370
19.16 15.00   0.716   1.205
19.16 15.00   1.921    63.919
19.16 15.00   1.735   0.947   1.921   0.466
19.16 15.00   1.737   0.940   1.921   0.459

19.17  0.00   0.435   0.428   0.026   0.074   0.001   0.004   0.326   0.002   0.000   0.002   0.000 1665353000
19.17    4.03    53.363
19.17 15.00   0.716   1.205
19.17 15.00   1.921    63.916
19.17 15.00   1.735   0.947   1.921   0.466
19.17 15.00   1.737   0.940   1.921   0.459

19.18  0.00   0.435   0.428   0.026   0.074   0.001   0.004   0.326   0.002   0.000   0.002   0.000 1666221000
19.18    4.03    53.357
19.18 15.00   0.716   1.205
19.18 15.00   1.921    63.914
19.18 15.00   1.735   0.947   1.921   0.466
19.18 15.00   1.737   0.940   1.921   0.459

19.19  0.00   0.435   0.428   0.026   0.074   0.001   0.004   0.326   0.002   0.000   0.002   0.000 1667090000
19.19    4.03    53.351
19.19 15.00   0.715   1.205
19.19 15.00   1.921    63.912
19.19 15.00   1.735   0.947   1.921   0.466
19.19 15.00   1.737   0.940   1.921   0.459

19.20  0.00   0.435   0.428   0.026   0.074   0.001   0.004   0.326   0.002   0.000   0.002   0.000 1667959000
19.20    4.03    53.344
19.20 15.00   0.715   1.205
19.20 15.00   1.921    63.909
19.20 15.00   1.735   0.947   1.921   0.466
19.20 15.00   1.737   0.940   1.921   0.459

19.21  0.00   0.435   0.428   0.026   0.074   0.001   0.004   0.326   0.002   0.000   0.002   0.000 1668827000
19.21    4.03    53.338
19.21 15.00   0.715   1.205
19.21 15.00   1.921    63.907
19.21 15.00   1.735   0.947   1.921   0.466
19.21 15.00   1.736   0.940   1.921   0.459

19.22  0.00   0.435   0.428   0.026   0.074   0.001   0.004   0.326   0.002   0.000   0.002   0.000 1669696000
19.22    4.03    53.331
19.22 15.00   0.715   1.205
19.22 15.00   1.920    63.905
19.22 15.00   1.734   0.947   1.920   0.466
19.22 15.00   1.736   0.940   1.920   0.459

19.23  0.00   0.435   0.428   0.026   0.074   0.001   0.004   0.326   0.002   0.000   0.002   0.000 1670565000
19.23    4.03    53.325
19.23 15.00   0.715   1.205
19.23 15.00   1.920    63.902
19.23 15.00   1.734   0.947   1.920   0.466
19.23 15.00   1.736   0.940   1.920   0.459

19.24  0.00   0.435   0.428   0.026   0.074   0.001   0.004   0.326   0.002   0.000   0.002   0.000 1671434000
19.24    4.03    53.319
19.24 15.00   0.715   1.205
19.24 15.00   1.920    63.900
19.24 15.00   1.734   0.947   1.920   0.466
19.24 15.00   1.736   0.940   1.920   0.459

19.25  0.00   0.435   0.428   0.026   0.074   0.001   0.004   0.326   0.002   0.000   0.002   0.000 1672302000
19.25    4.03    53.312
19.25 15.00   0.715   1.205
19.25 15.00   1.920    63.898
19.25 15.00   1.734   0.947   1.920   0.466
19.25 15.00   1.736   0.940   1.920   0.459

19.26  0.00   0.435   0.428   0.026   0.074   0.001   0.004   0.326   0.002   0.000   0.002   0.000 1673171000
19.26    4.03    53.306
19.26 15.00   0.715   1.205
19.26 15.00   1.920    63.895
19.26 15.00   1.734   0.947   1.920   0.466
19.26 15.00   1.736   0.940   1.920   0.459

19.27  0.00   0.435   0.428   0.026   0.074   0.001   0.004   0.326   0.002   0.000   0.002   0.000 1674040000
19.27    4.03    53.300
19.27 15.00   0.714   1.205
19.27 15.00   1.920    63.893
19.27 15.00   1.734   0.947   1.920   0.466
19.27 15.00   1.736   0.940   1.920   0.459

19.28  0.00   0.435   0.428   0.026   0.074   0.001   0.004   0.326   0.002   0.000   0.002   0.000 1674909000
19.28    4.03    53.293
19.28 15.00   0.714   1.205
19.28 15.00   1.920    63.891
19.28 15.00   1.734   0.947   1.920   0.466
19.28 15.00   1.736   0.940   1.920   0.459

19.29  0.00   0.434   0.428   0.026   0.074   0.001   0.004   0.326   0.002   0.000   0.002   0.000 1675777000
19.29    4.03    53.287
19.29 15.00   0.714   1.205
19.29 15.00   1.920    63.889
19.29 15.00   1.734   0.947   1.920   0.466
19.29 15.00   1.735   0.940   1.920   0.459

19.30  0.00   0.434   0.428   0.026   0.074   0.001   0.004   0.326   0.002   0.000   0.002   0.000 1676646000
19.30    4.03    53.281
19.30 15.00   0.714   1.205
19.30 15.00   1.919    63.886
19.30 15.00   1.733   0.947   1.919   0.466
19.30 15.00   1.735   0.940   1.919   0.459

19.31  0.00   0.434   0.428   0.026   0.074   0.001   0.004   0.326   0.002   0.000   0.002   0.000 1677515000
19.31    4.02    53.274
19.31 15.00   0.714   1.205
19.31 15.00   1.919    63.884
19.31 15.00   1.733   0.947   1.919   0.466
19.31 15.00   1.735   0.940   1.919   0.459

19.32  0.00   0.434   0.428   0.026   0.074   0.001   0.004   0.326   0.002   0.000   0.002   0.000 1678383000
19.32    4.02    53.268
19.32 15.00   0.714   1.205
19.32 15.00   1.919    63.882
19.32 15.00   1.733   0.947   1.919   0.466
19.32 15.00   1.735   0.940   1.919   0.459

19.33  0.00   0.434   0.428   0.026   0.074   0.001   0.004   0.326   0.002   0.000   0.002   0.000 1679252000
19.33    4.02    53.262
19.33 15.00   0.714   1.205
19.33 15.00   1.919    63.879
19.33 15.00   1.733   0.946   1.919   0.466
19.33 15.00   1.735   0.940   1.919   0.459

19.34  0.00   0.434   0.428   0.026   0.074   0.001   0.004   0.326   0.002   0.000   0.002   0.000 1680121000
19.34    4.02    53.255
19.34 15.00   0.713   1.205
19.34 15.00   1.919    63.877
19.34 15.00   1.733   0.946   1.919   0.466
19.34 15.00   1.735   0.940   1.919   0.459

19.35  0.00   0.434   0.428   0.026   0.074   0.001   0.004   0.326   0.002   0.000   0.002   0.000 1680990000
19.35    4.02    53.249
19.35 15.00   0.713   1.205
19.35 15.00   1.919    63.875
19.35 15.00   1.733   0.946   1.919   0.466
19.35 15.00   1.735   0.940   1.919   0.459

19.36  0.00   0.434   0.428   0.026   0.074   0.001   0.004   0.326   0.002   0.000   0.002   0.000 1681858000
19.36    4.02    53.243
19.36 15.00   0.713   1.205
19.36 15.00   1.919    63.872
19.36 15.00   1.733   0.946   1.919   0.466
19.36 15.00   1.735   0.939   1.919   0.459

19.37  0.00   0.434   0.428   0.026   0.074   0.001   0.004   0.326   0.002   0.000   0.002   0.000 1682727000
19.37    4.02    53.236
19.37 15.00   0.713   1.205
19.37 15.00   1.919    63.870
19.37 15.00   1.733   0.946   1.919   0.466
19.37 15.00   1.734   0.939   1.919   0.459

19.38  0.00   0.434   0.428   0.026   0.074   0.001   0.004   0.326   0.002   0.000   0.002   0.000 1683596000
19.38    4.02    53.230
19.38 15.00   0.713   1.205
19.38 15.00   1.918    63.868
19.38 15.00   1.733   0.946   1.918   0.466
19.38 15.00   1.734   0.939   1.918   0.459

19.39  0.00   0.434   0.428   0.026   0.074   0.001   0.004   0.326   0.002   0.000   0.002   0.000 1684465000
19.39    4.02    53.224
19.39 15.00   0.713   1.205
19.39 15.00   1.918    63.866
19.39 15.00   1.732   0.946   1.918   0.466
19.39 15.00   1.734   0.939   1.918   0.459

19.40  0.00   0.434   0.428   0.026   0.074   0.001   0.004   0.326   0.002   0.000   0.002   0.000 1685333000
19.40    4.02    53.217
19.40 15.00   0.713   1.205
19.40 15.00   1.918    63.863
19.40 15.00   1.732   0.946   1.918   0.466
19.40 15.00   1.734   0.939   1.918   0.458

19.41  0.00   0.434   0.428   0.026   0.074   0.001   0.004   0.326   0.002   0.000   0.002   0.000 1686202000
19.41    4.02    53.211
19.41 15.00   0.713   1.205
19.41 15.00   1.918    63.861
19.41 15.00   1.732   0.946   1.918   0.466
19.41 15.00   1.734   0.939   1.918   0.458

19.42  0.00   0.434   0.428   0.026   0.074   0.001   0.004   0.326   0.002   0.000   0.002   0.000 1687071000
19.42    4.02    53.205
19.42 15.00   0.712   1.205
19.42 15.00   1.918    63.859
19.42 15.00   1.732   0.946   1.918   0.466
19.42 15.00   1.734   0.939   1.918   0.458

19.43  0.00   0.434   0.428   0.026   0.074   0.001   0.004   0.326   0.002   0.000   0.002   0.000 1687940000
19.43    4.02    53.199
19.43 15.00   0.712   1.205
19.43 15.00   1.918    63.856
19.43 15.00   1.732   0.946   1.918   0.466
19.43 15.00   1.734   0.939   1.918   0.458

19.44  0.00   0.434   0.428   0.026   0.074   0.001   0.004   0.326   0.002   0.000   0.002   0.000 1688808000
19.44    4.02    53.192
19.44 15.00   0.712   1.205
19.44 15.00   1.918    63.854
19.44 15.00   1.732   0.946   1.918   0.466
19.44 15.00   1.734   0.939   1.918   0.458

19.45  0.00   0.434   0.428   0.026   0.074   0.001   0.004   0.326   0.002   0.000   0.002   0.000 1689677000
19.45    4.02    53.186
19.45 15.00   0.712   1.205
19.45 15.00   1.917    63.852
19.45 15.00   1.732   0.946   1.917   0.466
19.45 15.00   1.734   0.939   1.917   0.458

19.46  0.00   0.434   0.428   0.026   0.074   0.001   0.004   0.326   0.002   0.000   0.002   0.000 1690546000
19.46    4.02    53.180
19.46 15.00   0.712   1.205
19.46 15.00   1.917    63.850
19.46 15.00   1.732   0.946   1.917   0.466
19.46 15.00   1.733   0.939   1.917   0.458

19.47  0.00   0.434   0.428   0.026   0.074   0.001   0.004   0.326   0.002   0.000   0.002   0.000 1691414000
19.47    4.01    53.173
19.47 15.00   0.712   1.205
19.47 15.00   1.917    63.847
19.47 15.00   1.731   0.946   1.917   0.466
19.47 15.00   1.733   0.939   1.917   0.458

19.48  0.00   0.434   0.428   0.026   0.074   0.001   0.004   0.326   0.002   0.000   0.002   0.000 1692283000
19.48    4.01    53.167
19.48 15.00   0.712   1.205
19.48 15.00   1.917    63.845
19.48 15.00   1.731   0.946   1.917   0.466
19.48 15.00   1.733   0.939   1.917   0.458

19.49  0.00   0.434   0.428   0.026   0.074   0.001   0.004   0.326   0.002   0.000   0.002   0.000 1693152000
19.49    4.01    53.161
19.49 15.00   0.712   1.205
19.49 15.00   1.917    63.843
19.49 15.00   1.731   0.946   1.917   0.466
19.49 15.00   1.733   0.939   1.917   0.458

19.50  0.00   0.434   0.428   0.026   0.074   0.001   0.004   0.326   0.002   0.000   0.002   0.000 1694021000
19.50    4.01    53.155
19.50 15.00   0.711   1.205
19.50 15.00   1.917    63.841
19.50 15.00   1.731   0.946   1.917   0.466
19.50 15.00   1.733   0.939   1.917   0.458

19.51  0.00   0.434   0.428   0.026   0.074   0.001   0.004   0.326   0.002   0.000   0.002   0.000 1694889000
19.51    4.01    53.149
19.51 15.00   0.711   1.205
19.51 15.00   1.917    63.838
19.51 15.00   1.731   0.946   1.917   0.465
19.51 15.00   1.733   0.939   1.917   0.458

19.52  0.00   0.434   0.428   0.026   0.074   0.001   0.004   0.326   0.002   0.000   0.002   0.000 1695758000
19.52    4.01    53.142
19.52 15.00   0.711   1.205
19.52 15.00   1.917    63.836
19.52 15.00   1.731   0.946   1.917   0.465
19.52 15.00   1.733   0.939   1.917   0.458

19.53  0.00   0.434   0.428   0.026   0.074   0.001   0.004   0.326   0.002   0.000   0.002   0.000 1696627000
19.53    4.01    53.136
19.53 15.00   0.711   1.205
19.53 15.00   1.916    63.834
19.53 15.00   1.731   0.946   1.916   0.465
19.53 15.00   1.733   0.939   1.916   0.458

19.54  0.00   0.434   0.428   0.026   0.074   0.001   0.004   0.326   0.002   0.000   0.002   0.000 1697496000
19.54    4.01    53.130
19.54 15.00   0.711   1.205
19.54 15.00   1.916    63.831
19.54 15.00   1.731   0.946   1.916   0.465
19.54 15.00   1.732   0.939   1.916   0.458

19.55  0.00   0.434   0.428   0.026   0.074   0.001   0.004   0.326   0.002   0.000   0.002   0.000 1698364000
19.55    4.01    53.124
19.55 15.00   0.711   1.205
19.55 15.00   1.916    63.829
19.55 15.00   1.730   0.946   1.916   0.465
19.55 15.00   1.732   0.939   1.916   0.458

19.56  0.00   0.434   0.428   0.026   0.074   0.001   0.004   0.326   0.002   0.000   0.002   0.000 1699233000
19.56    4.01    53.117
19.56 15.00   0.711   1.205
19.56 15.00   1.916    63.827
19.56 15.00   1.730   0.946   1.916   0.465
19.56 15.00   1.732   0.939   1.916   0.458

19.57  0.00   0.434   0.428   0.026   0.074   0.001   0.004   0.326   0.002   0.000   0.002   0.000 1700102000
19.57    4.01    53.111
19.57 15.00   0.711   1.205
19.57 15.00   1.916    63.825
19.57 15.00   1.730   0.945   1.916   0.465
19.57 15.00   1.732   0.939   1.916   0.458

19.58  0.00   0.434   0.428   0.026   0.074   0.001   0.004   0.326   0.002   0.000   0.002   0.000 1700970000
19.58    4.01    53.105
19.58 15.00   0.710   1.205
19.58 15.00   1.916    63.822
19.58 15.00   1.730   0.945   1.916   0.465
19.58 15.00   1.732   0.939   1.916   0.458

19.59  0.00   0.434   0.428   0.026   0.074   0.001   0.004   0.326   0.002   0.000   0.002   0.000 1701839000
19.59    4.01    53.099
19.59 15.00   0.710   1.205
19.59 15.00   1.916    63.820
19.59 15.00   1.730   0.945   1.916   0.465
19.59 15.00   1.732   0.939   1.916   0.458

19.60  0.00   0.434   0.428   0.026   0.074   0.001   0.004   0.326   0.002   0.000   0.002   0.000 1702708000
19.60    4.01    53.093
19.60 15.00   0.710   1.205
19.60 15.00   1.916    63.818
19.60 15.00   1.730   0.945   1.916   0.465
19.60 15.00   1.732   0.939   1.916   0.458

19.61  0.00   0.434   0.428   0.026   0.074   0.001   0.004   0.326   0.002   0.000   0.002   0.000 1703577000
19.61    4.01    53.086
19.61 15.00   0.710   1.205
19.61 15.00   1.915    63.816
19.61 15.00   1.730   0.945   1.915   0.465
19.61 15.00   1.732   0.938   1.915   0.458

19.62  0.00   0.434   0.428   0.026   0.074   0.001   0.004   0.326   0.002   0.000   0.002   0.000 1704445000
19.62    4.01    53.080
19.62 15.00   0.710   1.205
19.62 15.00   1.915    63.813
19.62 15.00   1.730   0.945   1.915   0.465
19.62 15.00   1.731   0.938   1.915   0.458

19.63  0.00   0.434   0.428   0.026   0.074   0.001   0.004   0.326   0.002   0.000   0.002   0.000 1705314000
19.63    4.00    53.074
19.63 15.00   0.710   1.205
19.63 15.00   1.915    63.811
19.63 15.00   1.730   0.945   1.915   0.465
19.63 15.00   1.731   0.938   1.915   0.458

19.64  0.00   0.434   0.428   0.026   0.074   0.001   0.004   0.326   0.002   0.000   0.002   0.000 1706183000
19.64    4.00    53.068
19.64 15.00   0.710   1.205
19.64 15.00   1.915    63.809
19.64 15.00   1.729   0.945   1.915   0.465
19.64 15.00   1.731   0.938   1.915   0.458

19.65  0.00   0.434   0.428   0.026   0.074   0.001   0.004   0.326   0.002   0.000   0.002   0.000 1707052000
19.65    4.00    53.062
19.65 15.00   0.710   1.205
19.65 15.00   1.915    63.807
19.65 15.00   1.729   0.945   1.915   0.465
19.65 15.00   1.731   0.938   1.915   0.458

19.66  0.00   0.434   0.428   0.026   0.074   0.001   0.004   0.326   0.002   0.000   0.002   0.000 1707920000
19.66    4.00    53.056
19.66 15.00   0.709   1.205
19.66 15.00   1.915    63.805
19.66 15.00   1.729   0.945   1.915   0.465
19.66 15.00   1.731   0.938   1.915   0.458

19.67  0.00   0.434   0.428   0.026   0.074   0.001   0.004   0.326   0.002   0.000   0.002   0.000 1708789000
19.67    4.00    53.049
19.67 15.00   0.709   1.205
19.67 15.00   1.915    63.802
19.67 15.00   1.729   0.945   1.915   0.465
19.67 15.00   1.731   0.938   1.915   0.458

19.68  0.00   0.434   0.428   0.026   0.074   0.001   0.004   0.326   0.002   0.000   0.002   0.000 1709658000
19.68    4.00    53.043
19.68 15.00   0.709   1.205
19.68 15.00   1.915    63.800
19.68 15.00   1.729   0.945   1.915   0.465
19.68 15.00   1.731   0.938   1.915   0.458

19.69  0.00   0.434   0.428   0.026   0.074   0.001   0.004   0.326   0.002   0.000   0.002   0.000 1710526000
19.69    4.00    53.037
19.69 15.00   0.709   1.205
19.69 15.00   1.914    63.798
19.69 15.00   1.729   0.945   1.914   0.465
19.69 15.00   1.731   0.938   1.914   0.458

19.70  0.00   0.434   0.428   0.026   0.074   0.001   0.004   0.326   0.002   0.000   0.002   0.000 1711395000
19.70    4.00    53.031
19.70 15.00   0.709   1.205
19.70 15.00   1.914    63.796
19.70 15.00   1.729   0.945   1.914   0.465
19.70 15.00   1.731   0.938   1.914   0.458

19.71  0.00   0.434   0.428   0.026   0.074   0.001   0.004   0.326   0.002   0.000   0.002   0.000 1712264000
19.71    4.00    53.025
19.71 15.00   0.709   1.205
19.71 15.00   1.914    63.793
19.71 15.00   1.729   0.945   1.914   0.465
19.71 15.00   1.730   0.938   1.914   0.458

19.72  0.00   0.434   0.428   0.026   0.074   0.001   0.004   0.326   0.002   0.000   0.002   0.000 1713133000
19.72    4.00    53.019
19.72 15.00   0.709   1.205
19.72 15.00   1.914    63.791
19.72 15.00   1.728   0.945   1.914   0.465
19.72 15.00   1.730   0.938   1.914   0.458

19.73  0.00   0.434   0.428   0.026   0.074   0.001   0.004   0.326   0.002   0.000   0.002   0.000 1714001000
19.73    4.00    53.013
19.73 15.00   0.709   1.205
19.73 15.00   1.914    63.789
19.73 15.00   1.728   0.945   1.914   0.465
19.73 15.00   1.730   0.938   1.914   0.458

19.74  0.00   0.434   0.428   0.026   0.074   0.001   0.004   0.326   0.002   0.000   0.002   0.000 1714870000
19.74    4.00    53.006
19.74 15.00   0.708   1.205
19.74 15.00   1.914    63.787
19.74 15.00   1.728   0.945   1.914   0.465
19.74 15.00   1.730   0.938   1.914   0.458

19.75  0.00   0.434   0.427   0.026   0.074   0.001   0.004   0.326   0.002   0.000   0.002   0.000 1715739000
19.75    4.00    53.000
19.75 15.00   0.708   1.205
19.75 15.00   1.914    63.785
19.75 15.00   1.728   0.945   1.914   0.465
19.75 15.00   1.730   0.938   1.914   0.458

19.76  0.00   0.434   0.427   0.026   0.074   0.001   0.004   0.326   0.002   0.000   0.002   0.000 1716608000
19.76    4.00    52.994
19.76 15.00   0.708   1.205
19.76 15.00   1.914    63.782
19.76 15.00   1.728   0.945   1.914   0.465
19.76 15.00   1.730   0.938   1.914   0.458

19.77  0.00   0.434   0.427   0.026   0.074   0.001   0.004   0.326   0.002   0.000   0.002   0.000 1717476000
19.77    4.00    52.988
19.77 15.00   0.708   1.205
19.77 15.00   1.914    63.780
19.77 15.00   1.728   0.945   1.914   0.465
19.77 15.00   1.730   0.938   1.914   0.458

19.78  0.00   0.434   0.427   0.026   0.074   0.001   0.004   0.326   0.002   0.000   0.002   0.000 1718345000
19.78    4.00    52.982
19.78 15.00   0.708   1.205
19.78 15.00   1.913    63.778
19.78 15.00   1.728   0.945   1.913   0.465
19.78 15.00   1.730   0.938   1.913   0.458

19.79  0.00   0.434   0.427   0.026   0.074   0.001   0.004   0.326   0.002   0.000   0.002   0.000 1719214000
19.79    3.99    52.976
19.79 15.00   0.708   1.205
19.79 15.00   1.913    63.776
19.79 15.00   1.728   0.945   1.913   0.465
19.79 15.00   1.729   0.938   1.913   0.458

19.80  0.00   0.434   0.427   0.026   0.074   0.001   0.004   0.326   0.002   0.000   0.002   0.000 1720082000
19.80    3.99    52.970
19.80 15.00   0.708   1.205
19.80 15.00   1.913    63.773
19.80 15.00   1.728   0.945   1.913   0.465
19.80 15.00   1.729   0.938   1.913   0.458

19.81  0.00   0.434   0.427   0.026   0.074   0.001   0.004   0.326   0.002   0.000   0.002   0.000 1720951000
19.81    3.99    52.964
19.81 15.00   0.708   1.205
19.81 15.00   1.913    63.771
19.81 15.00   1.727   0.945   1.913   0.465
19.81 15.00   1.729   0.938   1.913   0.458

19.82  0.00   0.434   0.427   0.026   0.074   0.001   0.004   0.326   0.002   0.000   0.002   0.000 1721820000
19.82    3.99    52.958
19.82 15.00   0.707   1.205
19.82 15.00   1.913    63.769
19.82 15.00   1.727   0.944   1.913   0.465
19.82 15.00   1.729   0.938   1.913   0.458

19.83  0.00   0.434   0.427   0.026   0.074   0.001   0.004   0.326   0.002   0.000   0.002   0.000 1722689000
19.83    3.99    52.951
19.83 15.00   0.707   1.205
19.83 15.00   1.913    63.767
19.83 15.00   1.727   0.944   1.913   0.465
19.83 15.00   1.729   0.938   1.913   0.458

19.84  0.00   0.434   0.427   0.026   0.074   0.001   0.004   0.326   0.002   0.000   0.002   0.000 1723557000
19.84    3.99    52.945
19.84 15.00   0.707   1.205
19.84 15.00   1.913    63.765
19.84 15.00   1.727   0.944   1.913   0.465
19.84 15.00   1.729   0.938   1.913   0.458

19.85  0.00   0.434   0.427   0.026   0.074   0.001   0.004   0.326   0.002   0.000   0.002   0.000 1724426000
19.85    3.99    52.939
19.85 15.00   0.707   1.205
19.85 15.00   1.913    63.763
19.85 15.00   1.727   0.944   1.913   0.465
19.85 15.00   1.729   0.937   1.913   0.458

19.86  0.00   0.434   0.427   0.026   0.074   0.001   0.004   0.326   0.002   0.000   0.002   0.000 1725295000
19.86    3.99    52.933
19.86 15.00   0.707   1.205
19.86 15.00   1.912    63.760
19.86 15.00   1.727   0.944   1.912   0.465
19.86 15.00   1.729   0.937   1.912   0.458

19.87  0.00   0.434   0.427   0.026   0.074   0.001   0.004   0.326   0.002   0.000   0.002   0.000 1726164000
19.87    3.99    52.927
19.87 15.00   0.707   1.205
19.87 15.00   1.912    63.758
19.87 15.00   1.727   0.944   1.912   0.465
19.87 15.00   1.729   0.937   1.912   0.458

19.88  0.00   0.434   0.427   0.026   0.074   0.001   0.004   0.326   0.002   0.000   0.002   0.000 1727032000
19.88    3.99    52.921
19.88 15.00   0.707   1.205
19.88 15.00   1.912    63.756
19.88 15.00   1.727   0.944   1.912   0.465
19.88 15.00   1.728   0.937   1.912   0.458

19.89  0.00   0.434   0.427   0.026   0.074   0.001   0.004   0.326   0.002   0.000   0.002   0.000 1727901000
19.89    3.99    52.915
19.89 15.00   0.707   1.205
19.89 15.00   1.912    63.754
19.89 15.00   1.726   0.944   1.912   0.465
19.89 15.00   1.728   0.937   1.912   0.458

19.90  0.00   0.434   0.427   0.026   0.074   0.001   0.004   0.326   0.002   0.000   0.002   0.000 1728770000
19.90    3.99    52.909
19.90 15.00   0.706   1.205
19.90 15.00   1.912    63.752
19.90 15.00   1.726   0.944   1.912   0.465
19.90 15.00   1.728   0.937   1.912   0.458

19.91  0.00   0.434   0.427   0.026   0.074   0.001   0.004   0.326   0.002   0.000   0.002   0.000 1729639000
19.91    3.99    52.903
19.91 15.00   0.706   1.205
19.91 15.00   1.912    63.749
19.91 15.00   1.726   0.944   1.912   0.465
19.91 15.00   1.728   0.937   1.912   0.458

19.92  0.00   0.434   0.427   0.026   0.074   0.001   0.004   0.326   0.002   0.000   0.002   0.000 1730507000
19.92    3.99    52.897
19.92 15.00   0.706   1.205
19.92 15.00   1.912    63.747
19.92 15.00   1.726   0.944   1.912   0.465
19.92 15.00   1.728   0.937   1.912   0.458

19.93  0.00   0.434   0.427   0.026   0.074   0.001   0.004   0.326   0.002   0.000   0.002   0.000 1731376000
19.93    3.99    52.891
19.93 15.00   0.706   1.205
19.93 15.00   1.912    63.745
19.93 15.00   1.726   0.944   1.912   0.465
19.93 15.00   1.728   0.937   1.912   0.458

19.94  0.00   0.434   0.427   0.026   0.074   0.001   0.004   0.326   0.002   0.000   0.002   0.000 1732245000
19.94    3.99    52.885
19.94 15.00   0.706   1.205
19.94 15.00   1.911    63.743
19.94 15.00   1.726   0.944   1.911   0.465
19.94 15.00   1.728   0.937   1.911   0.458

19.95  0.00   0.434   0.427   0.026   0.074   0.001   0.004   0.326   0.002   0.000   0.002   0.000 1733113000
19.95    3.99    52.879
19.95 15.00   0.706   1.205
19.95 15.00   1.911    63.741
19.95 15.00   1.726   0.944   1.911   0.465
19.95 15.00   1.728   0.937   1.911   0.458

19.96  0.00   0.434   0.427   0.026   0.074   0.001   0.004   0.326   0.002   0.000   0.002   0.000 1733982000
19.96    3.98    52.873
19.96 15.00   0.706   1.205
19.96 15.00   1.911    63.739
19.96 15.00   1.726   0.944   1.911   0.465
19.96 15.00   1.728   0.937   1.911   0.458

19.97  0.00   0.434   0.427   0.026   0.074   0.001   0.004   0.326   0.002   0.000   0.002   0.000 1734851000
19.97    3.98    52.867
19.97 15.00   0.706   1.205
19.97 15.00   1.911    63.736
19.97 15.00   1.726   0.944   1.911   0.465
19.97 15.00   1.727   0.937   1.911   0.458

19.98  0.00   0.434   0.427   0.026   0.074   0.001   0.004   0.326   0.002   0.000   0.002   0.000 1735720000
19.98    3.98    52.861
19.98 15.00   0.706   1.205
19.98 15.00   1.911    63.734
19.98 15.00   1.725   0.944   1.911   0.465
19.98 15.00   1.727   0.937   1.911   0.458

19.99  0.00   0.434   0.427   0.026   0.074   0.001   0.004   0.326   0.002   0.000   0.002   0.000 1736588000
19.99    3.98    52.855
19.99 15.00   0.705   1.205
19.99 15.00   1.911    63.732
19.99 15.00   1.725   0.944   1.911   0.465
19.99 15.00   1.727   0.937   1.911   0.458

20.00  0.00   0.434   0.427   0.026   0.074   0.001   0.004   0.326   0.002   0.000   0.002   0.000 1737457000
20.00    3.98    52.849
20.00 15.00   0.705   1.205
20.00 15.00   1.911    63.730
20.00 15.00   1.725   0.944   1.911   0.465
20.00 15.00   1.727   0.937   1.911   0.458

20.01  0.00   0.434   0.427   0.026   0.074   0.001   0.004   0.326   0.002   0.000   0.002   0.000 1738326000
20.01    3.98    52.843
20.01 15.00   0.705   1.205
20.01 15.00   1.911    63.728
20.01 15.00   1.725   0.944   1.911   0.465
20.01 15.00   1.727   0.937   1.911   0.458

20.02  0.00   0.434   0.427   0.026   0.074   0.001   0.004   0.326   0.002   0.000   0.002   0.000 1739194000
20.02    3.98    52.837
20.02 15.00   0.705   1.205
20.02 15.00   1.910    63.726
20.02 15.00   1.725   0.944   1.910   0.465
20.02 15.00   1.727   0.937   1.910   0.458

20.03  0.00   0.434   0.427   0.026   0.074   0.001   0.004   0.326   0.002   0.000   0.002   0.000 1740063000
20.03    3.98    52.831
20.03 15.00   0.705   1.205
20.03 15.00   1.910    63.723
20.03 15.00   1.725   0.944   1.910   0.465
20.03 15.00   1.727   0.937   1.910   0.458

20.04  0.00   0.434   0.427   0.026   0.074   0.001   0.004   0.326   0.002   0.000   0.002   0.000 1740932000
20.04    3.98    52.825
20.04 15.00   0.705   1.205
20.04 15.00   1.910    63.721
20.04 15.00   1.725   0.944   1.910   0.465
20.04 15.00   1.727   0.937   1.910   0.458

20.05  0.00   0.434   0.427   0.026   0.074   0.001   0.004   0.326   0.002   0.000   0.002   0.000 1741801000
20.05    3.98    52.819
20.05 15.00   0.705   1.205
20.05 15.00   1.910    63.719
20.05 15.00   1.725   0.944   1.910   0.465
20.05 15.00   1.727   0.937   1.910   0.458

20.06  0.00   0.434   0.427   0.026   0.074   0.001   0.004   0.326   0.002   0.000   0.002   0.000 1742669000
20.06    3.98    52.813
20.06 15.00   0.705   1.205
20.06 15.00   1.910    63.717
20.06 15.00   1.725   0.944   1.910   0.465
20.06 15.00   1.726   0.937   1.910   0.458

20.07  0.00   0.434   0.427   0.026   0.074   0.001   0.004   0.326   0.002   0.000   0.002   0.000 1743538000
20.07    3.98    52.807
20.07 15.00   0.704   1.205
20.07 15.00   1.910    63.715
20.07 15.00   1.724   0.943   1.910   0.465
20.07 15.00   1.726   0.937   1.910   0.458

20.08  0.00   0.434   0.427   0.026   0.074   0.001   0.004   0.326   0.002   0.000   0.002   0.000 1744407000
20.08    3.98    52.801
20.08 15.00   0.704   1.205
20.08 15.00   1.910    63.713
20.08 15.00   1.724   0.943   1.910   0.465
20.08 15.00   1.726   0.937   1.910   0.458

20.09  0.00   0.434   0.427   0.026   0.074   0.001   0.004   0.326   0.002   0.000   0.002   0.000 1745276000
20.09    3.98    52.795
20.09 15.00   0.704   1.205
20.09 15.00   1.910    63.710
20.09 15.00   1.724   0.943   1.910   0.465
20.09 15.00   1.726   0.937   1.910   0.458

20.10  0.00   0.434   0.427   0.026   0.074   0.001   0.004   0.326   0.002   0.000   0.002   0.000 1746144000
20.10    3.98    52.789
20.10 15.00   0.704   1.205
20.10 15.00   1.910    63.708
20.10 15.00   1.724   0.943   1.910   0.465
20.10 15.00   1.726   0.937   1.910   0.458

20.11  0.00   0.434   0.427   0.026   0.074   0.001   0.004   0.326   0.002   0.000   0.002   0.000 1747013000
20.11    3.98    52.783
20.11 15.00   0.704   1.205
20.11 15.00   1.909    63.706
20.11 15.00   1.724   0.943   1.909   0.465
20.11 15.00   1.726   0.936   1.909   0.458

20.12  0.00   0.434   0.427   0.026   0.074   0.001   0.004   0.326   0.002   0.000   0.002   0.000 1747882000
20.12    3.98    52.777
20.12 15.00   0.704   1.205
20.12 15.00   1.909    63.704
20.12 15.00   1.724   0.943   1.909   0.465
20.12 15.00   1.726   0.936   1.909   0.458

20.13  0.00   0.434   0.427   0.026   0.074   0.001   0.004   0.326   0.002   0.000   0.002   0.000 1748750000
20.13    3.97    52.771
20.13 15.00   0.704   1.205
20.13 15.00   1.909    63.702
20.13 15.00   1.724   0.943   1.909   0.465
20.13 15.00   1.726   0.936   1.909   0.458

20.14  0.00   0.434   0.427   0.026   0.074   0.001   0.004   0.326   0.002   0.000   0.002   0.000 1749619000
20.14    3.97    52.765
20.14 15.00   0.704   1.205
20.14 15.00   1.909    63.700
20.14 15.00   1.724   0.943   1.909   0.465
20.14 15.00   1.725   0.936   1.909   0.458

20.15  0.00   0.434   0.427   0.026   0.074   0.001   0.004   0.326   0.002   0.000   0.002   0.000 1750488000
20.15    3.97    52.759
20.15 15.00   0.703   1.205
20.15 15.00   1.909    63.698
20.15 15.00   1.724   0.943   1.909   0.465
20.15 15.00   1.725   0.936   1.909   0.458

20.16  0.00   0.434   0.427   0.026   0.074   0.001   0.004   0.326   0.002   0.000   0.002   0.000 1751357000
20.16    3.97    52.753
20.16 15.00   0.703   1.205
20.16 15.00   1.909    63.696
20.16 15.00   1.723   0.943   1.909   0.465
20.16 15.00   1.725   0.936   1.909   0.458

20.17  0.00   0.434   0.427   0.026   0.074   0.001   0.004   0.326   0.002   0.000   0.002   0.000 1752225000
20.17    3.97    52.747
20.17 15.00   0.703   1.205
20.17 15.00   1.909    63.693
20.17 15.00   1.723   0.943   1.909   0.465
20.17 15.00   1.725   0.936   1.909   0.458

20.18  0.00   0.434   0.427   0.026   0.074   0.001   0.004   0.326   0.002   0.000   0.002   0.000 1753094000
20.18    3.97    52.741
20.18 15.00   0.703   1.205
20.18 15.00   1.909    63.691
20.18 15.00   1.723   0.943   1.909   0.465
20.18 15.00   1.725   0.936   1.909   0.458

20.19  0.00   0.434   0.427   0.026   0.074   0.001   0.004   0.326   0.002   0.000   0.002   0.000 1753963000
20.19    3.97    52.735
20.19 15.00   0.703   1.205
20.19 15.00   1.908    63.689
20.19 15.00   1.723   0.943   1.908   0.465
20.19 15.00   1.725   0.936   1.908   0.458

20.20  0.00   0.434   0.427   0.026   0.074   0.001   0.004   0.326   0.002   0.000   0.002   0.000 1754832000
20.20    3.97    52.729
20.20 15.00   0.703   1.205
20.20 15.00   1.908    63.687
20.20 15.00   1.723   0.943   1.908   0.465
20.20 15.00   1.725   0.936   1.908   0.458

20.21  0.00   0.434   0.427   0.026   0.074   0.001   0.004   0.326   0.002   0.000   0.002   0.000 1755700000
20.21    3.97    52.723
20.21 15.00   0.703   1.205
20.21 15.00   1.908    63.685
20.21 15.00   1.723   0.943   1.908   0.465
20.21 15.00   1.725   0.936   1.908   0.458

20.22  0.00   0.434   0.427   0.026   0.074   0.001   0.004   0.325   0.002   0.000   0.002   0.000 1756569000
20.22    3.97    52.717
20.22 15.00   0.703   1.205
20.22 15.00   1.908    63.683
20.22 15.00   1.723   0.943   1.908   0.465
20.22 15.00   1.725   0.936   1.908   0.458

20.23  0.00   0.434   0.427   0.026   0.074   0.001   0.004   0.325   0.002   0.000   0.002   0.000 1757438000
20.23    3.97    52.712
20.23 15.00   0.703   1.205
20.23 15.00   1.908    63.681
20.23 15.00   1.723   0.943   1.908   0.465
20.23 15.00   1.724   0.936   1.908   0.458

20.24  0.00   0.434   0.427   0.026   0.074   0.001   0.004   0.325   0.002   0.000   0.002   0.000 1758307000
20.24    3.97    52.706
20.24 15.00   0.702   1.205
20.24 15.00   1.908    63.679
20.24 15.00   1.723   0.943   1.908   0.465
20.24 15.00   1.724   0.936   1.908   0.458

20.25  0.00   0.434   0.427   0.026   0.074   0.001   0.004   0.325   0.002   0.000   0.002   0.000 1759175000
20.25    3.97    52.700
20.25 15.00   0.702   1.205
20.25 15.00   1.908    63.676
20.25 15.00   1.722   0.943   1.908   0.465
20.25 15.00   1.724   0.936   1.908   0.458

20.26  0.00   0.434   0.427   0.026   0.074   0.001   0.004   0.325   0.002   0.000   0.002   0.000 1760044000
20.26    3.97    52.694
20.26 15.00   0.702   1.205
20.26 15.00   1.908    63.674
20.26 15.00   1.722   0.943   1.908   0.465
20.26 15.00   1.724   0.936   1.908   0.458

20.27  0.00   0.434   0.427   0.026   0.074   0.001   0.004   0.325   0.002   0.000   0.002   0.000 1760913000
20.27    3.97    52.688
20.27 15.00   0.702   1.205
20.27 15.00   1.908    63.672
20.27 15.00   1.722   0.943   1.908   0.465
20.27 15.00   1.724   0.936   1.908   0.458

20.28  0.00   0.434   0.427   0.026   0.074   0.001   0.004   0.325   0.002   0.000   0.002   0.000 1761782000
20.28    3.97    52.682
20.28 15.00   0.702   1.205
20.28 15.00   1.907    63.670
20.28 15.00   1.722   0.943   1.907   0.465
20.28 15.00   1.724   0.936   1.907   0.458

20.29  0.00   0.434   0.427   0.026   0.074   0.001   0.004   0.325   0.002   0.000   0.002   0.000 1762650000
20.29    3.97    52.676
20.29 15.00   0.702   1.205
20.29 15.00   1.907    63.668
20.29 15.00   1.722   0.943   1.907   0.465
20.29 15.00   1.724   0.936   1.907   0.458

20.30  0.00   0.434   0.427   0.026   0.074   0.001   0.004   0.325   0.002   0.000   0.002   0.000 1763519000
20.30    3.96    52.670
20.30 15.00   0.702   1.205
20.30 15.00   1.907    63.666
20.30 15.00   1.722   0.943   1.907   0.465
20.30 15.00   1.724   0.936   1.907   0.458

20.31  0.00   0.434   0.427   0.026   0.074   0.001   0.004   0.325   0.002   0.000   0.002   0.000 1764388000
20.31    3.96    52.664
20.31 15.00   0.702   1.205
20.31 15.00   1.907    63.664
20.31 15.00   1.722   0.943   1.907   0.465
20.31 15.00   1.724   0.936   1.907   0.458

20.32  0.00   0.434   0.427   0.026   0.074   0.001   0.004   0.325   0.002   0.000   0.002   0.000 1765256000
20.32    3.96    52.659
20.32 15.00   0.702   1.205
20.32 15.00   1.907    63.662
20.32 15.00   1.722   0.943   1.907   0.465
20.32 15.00   1.723   0.936   1.907   0.458

20.33  0.00   0.434   0.427   0.026   0.074   0.001   0.004   0.325   0.002   0.000   0.002   0.000 1766125000
20.33    3.96    52.653
20.33 15.00   0.701   1.205
20.33 15.00   1.907    63.660
20.33 15.00   1.722   0.942   1.907   0.465
20.33 15.00   1.723   0.936   1.907   0.458

20.34  0.00   0.434   0.427   0.026   0.074   0.001   0.004   0.325   0.002   0.000   0.002   0.000 1766994000
20.34    3.96    52.647
20.34 15.00   0.701   1.205
20.34 15.00   1.907    63.657
20.34 15.00   1.721   0.942   1.907   0.465
20.34 15.00   1.723   0.936   1.907   0.458

20.35  0.00   0.434   0.427   0.026   0.074   0.001   0.004   0.325   0.002   0.000   0.002   0.000 1767863000
20.35    3.96    52.641
20.35 15.00   0.701   1.205
20.35 15.00   1.907    63.655
20.35 15.00   1.721   0.942   1.907   0.465
20.35 15.00   1.723   0.936   1.907   0.458

20.36  0.00   0.434   0.427   0.026   0.074   0.001   0.004   0.325   0.002   0.000   0.002   0.000 1768731000
20.36    3.96    52.635
20.36 15.00   0.701   1.205
20.36 15.00   1.906    63.653
20.36 15.00   1.721   0.942   1.906   0.465
20.36 15.00   1.723   0.936   1.906   0.458

20.37  0.00   0.434   0.427   0.026   0.074   0.001   0.004   0.325   0.002   0.000   0.002   0.000 1769600000
20.37    3.96    52.629
20.37 15.00   0.701   1.205
20.37 15.00   1.906    63.651
20.37 15.00   1.721   0.942   1.906   0.465
20.37 15.00   1.723   0.935   1.906   0.458

20.38  0.00   0.434   0.427   0.026   0.074   0.001   0.004   0.325   0.002   0.000   0.002   0.000 1770469000
20.38    3.96    52.623
20.38 15.00   0.701   1.205
20.38 15.00   1.906    63.649
20.38 15.00   1.721   0.942   1.906   0.465
20.38 15.00   1.723   0.935   1.906   0.458

20.39  0.00   0.434   0.427   0.026   0.074   0.001   0.004   0.325   0.002   0.000   0.002   0.000 1771337000
20.39    3.96    52.618
20.39 15.00   0.701   1.205
20.39 15.00   1.906    63.647
20.39 15.00   1.721   0.942   1.906   0.465
20.39 15.00   1.723   0.935   1.906   0.458

20.40  0.00   0.434   0.427   0.026   0.074   0.001   0.004   0.325   0.002   0.000   0.002   0.000 1772206000
20.40    3.96    52.612
20.40 15.00   0.701   1.205
20.40 15.00   1.906    63.645
20.40 15.00   1.721   0.942   1.906   0.465
20.40 15.00   1.723   0.935   1.906   0.458

20.41  0.00   0.434   0.427   0.026   0.074   0.001   0.004   0.325   0.002   0.000   0.002   0.000 1773075000
20.41    3.96    52.606
20.41 15.00   0.700   1.205
20.41 15.00   1.906    63.643
20.41 15.00   1.721   0.942   1.906   0.465
20.41 15.00   1.722   0.935   1.906   0.458

20.42  0.00   0.434   0.427   0.026   0.074   0.001   0.004   0.325   0.002   0.000   0.002   0.000 1773944000
20.42    3.96    52.600
20.42 15.00   0.700   1.205
20.42 15.00   1.906    63.641
20.42 15.00   1.721   0.942   1.906   0.465
20.42 15.00   1.722   0.935   1.906   0.458

20.43  0.00   0.434   0.427   0.026   0.074   0.001   0.004   0.325   0.002   0.000   0.002   0.000 1774812000
20.43    3.96    52.594
20.43 15.00   0.700   1.205
20.43 15.00   1.906    63.639
20.43 15.00   1.720   0.942   1.906   0.465
20.43 15.00   1.722   0.935   1.906   0.458

20.44  0.00   0.434   0.427   0.026   0.074   0.001   0.004   0.325   0.002   0.000   0.002   0.000 1775681000
20.44    3.96    52.588
20.44 15.00   0.700   1.205
20.44 15.00   1.906    63.637
20.44 15.00   1.720   0.942   1.906   0.465
20.44 15.00   1.722   0.935   1.906   0.458

20.45  0.00   0.434   0.427   0.026   0.074   0.001   0.004   0.325   0.002   0.000   0.002   0.000 1776550000
20.45    3.96    52.583
20.45 15.00   0.700   1.205
20.45 15.00   1.905    63.635
20.45 15.00   1.720   0.942   1.905   0.465
20.45 15.00   1.722   0.935   1.905   0.458

20.46  0.00   0.434   0.427   0.026   0.074   0.001   0.004   0.325   0.002   0.000   0.002   0.000 1777418000
20.46    3.96    52.577
20.46 15.00   0.700   1.205
20.46 15.00   1.905    63.632
20.46 15.00   1.720   0.942   1.905   0.465
20.46 15.00   1.722   0.935   1.905   0.458

20.47  0.00   0.434   0.427   0.026   0.074   0.001   0.004   0.325   0.002   0.000   0.002   0.000 1778287000
20.47    3.96    52.571
20.47 15.00   0.700   1.205
20.47 15.00   1.905    63.630
20.47 15.00   1.720   0.942   1.905   0.465
20.47 15.00   1.722   0.935   1.905   0.458

20.48  0.00   0.434   0.427   0.026   0.074   0.001   0.004   0.325   0.002   0.000   0.002   0.000 1779156000
20.48    3.95    52.565
20.48 15.00   0.700   1.205
20.48 15.00   1.905    63.628
20.48 15.00   1.720   0.942   1.905   0.465
20.48 15.00   1.722   0.935   1.905   0.458

20.49  0.00   0.434   0.427   0.026   0.074   0.001   0.004   0.325   0.002   0.000   0.002   0.000 1780025000
20.49    3.95    52.559
20.49 15.00   0.700   1.205
20.49 15.00   1.905    63.626
20.49 15.00   1.720   0.942   1.905   0.465
20.49 15.00   1.722   0.935   1.905   0.458

20.50  0.00   0.434   0.427   0.026   0.074   0.001   0.004   0.325   0.002   0.000   0.002   0.000 1780893000
20.50    3.95    52.553
20.50 15.00   0.699   1.205
20.50 15.00   1.905    63.624
20.50 15.00   1.720   0.942   1.905   0.465
20.50 15.00   1.722   0.935   1.905   0.458

20.51  0.00   0.434   0.427   0.026   0.074   0.001   0.004   0.325   0.002   0.000   0.002   0.000 1781762000
20.51    3.95    52.548
20.51 15.00   0.699   1.205
20.51 15.00   1.905    63.622
20.51 15.00   1.720   0.942   1.905   0.465
20.51 15.00   1.721   0.935   1.905   0.458

20.52  0.00   0.434   0.427   0.026   0.074   0.001   0.004   0.325   0.002   0.000   0.002   0.000 1782631000
20.52    3.95    52.542
20.52 15.00   0.699   1.205
20.52 15.00   1.905    63.620
20.52 15.00   1.719   0.942   1.905   0.465
20.52 15.00   1.721   0.935   1.905   0.458

20.53  0.00   0.434   0.427   0.026   0.074   0.001   0.004   0.325   0.002   0.000   0.002   0.000 1783500000
20.53    3.95    52.536
20.53 15.00   0.699   1.205
20.53 15.00   1.904    63.618
20.53 15.00   1.719   0.942   1.904   0.465
20.53 15.00   1.721   0.935   1.904   0.458

20.54  0.00   0.434   0.427   0.026   0.074   0.001   0.004   0.325   0.002   0.000   0.002   0.000 1784369000
20.54    3.95    52.530
20.54 15.00   0.699   1.205
20.54 15.00   1.904    63.616
20.54 15.00   1.719   0.942   1.904   0.465
20.54 15.00   1.721   0.935   1.904   0.458

20.55  0.00   0.434   0.427   0.026   0.074   0.001   0.004   0.325   0.002   0.000   0.002   0.000 1785237000
20.55    3.95    52.525
20.55 15.00   0.699   1.205
20.55 15.00   1.904    63.614
20.55 15.00   1.719   0.942   1.904   0.465
20.55 15.00   1.721   0.935   1.904   0.458

20.56  0.00   0.433   0.427   0.026   0.074   0.001   0.004   0.325   0.002   0.000   0.002   0.000 1786106000
20.56    3.95    52.519
20.56 15.00   0.699   1.205
20.56 15.00   1.904    63.612
20.56 15.00   1.719   0.942   1.904   0.465
20.56 15.00   1.721   0.935   1.904   0.458

20.57  0.00   0.433   0.427   0.026   0.074   0.001   0.004   0.325   0.002   0.000   0.002   0.000 1786975000
20.57    3.95    52.513
20.57 15.00   0.699   1.205
20.57 15.00   1.904    63.610
20.57 15.00   1.719   0.942   1.904   0.465
20.57 15.00   1.721   0.935   1.904   0.458

20.58  0.00   0.433   0.427   0.026   0.074   0.001   0.004   0.325   0.002   0.000   0.002   0.000 1787843000
20.58    3.95    52.507
20.58 15.00   0.699   1.205
20.58 15.00   1.904    63.608
20.58 15.00   1.719   0.942   1.904   0.465
20.58 15.00   1.721   0.935   1.904   0.458

20.59  0.00   0.433   0.427   0.026   0.074   0.001   0.004   0.325   0.002   0.000   0.002   0.000 1788712000
20.59    3.95    52.501
20.59 15.00   0.698   1.205
20.59 15.00   1.904    63.606
20.59 15.00   1.719   0.942   1.904   0.465
20.59 15.00   1.721   0.935   1.904   0.458

20.60  0.00   0.433   0.427   0.026   0.074   0.001   0.004   0.325   0.002   0.000   0.002   0.000 1789581000
20.60    3.95    52.496
20.60 15.00   0.698   1.205
20.60 15.00   1.904    63.604
20.60 15.00   1.719   0.941   1.904   0.465
20.60 15.00   1.720   0.935   1.904   0.457

20.61  0.00   0.433   0.427   0.026   0.074   0.001   0.004   0.325   0.002   0.000   0.002   0.000 1790450000
20.61    3.95    52.490
20.61 15.00   0.698   1.205
20.61 15.00   1.904    63.602
20.61 15.00   1.718   0.941   1.904   0.465
20.61 15.00   1.720   0.935   1.904   0.457

20.62  0.00   0.433   0.427   0.026   0.074   0.001   0.004   0.325   0.002   0.000   0.002   0.000 1791318000
20.62    3.95    52.484
20.62 15.00   0.698   1.205
20.62 15.00   1.903    63.600
20.62 15.00   1.718   0.941   1.903   0.465
20.62 15.00   1.720   0.935   1.903   0.457

20.63  0.00   0.433   0.427   0.026   0.074   0.001   0.004   0.325   0.002   0.000   0.002   0.000 1792187000
20.63    3.95    52.478
20.63 15.00   0.698   1.205
20.63 15.00   1.903    63.597
20.63 15.00   1.718   0.941   1.903   0.465
20.63 15.00   1.720   0.935   1.903   0.457

20.64  0.00   0.433   0.427   0.026   0.074   0.001   0.004   0.325   0.002   0.000   0.002   0.000 1793056000
20.64    3.95    52.473
20.64 15.00   0.698   1.205
20.64 15.00   1.903    63.595
20.64 15.00   1.718   0.941   1.903   0.465
20.64 15.00   1.720   0.934   1.903   0.457

20.65  0.00   0.433   0.427   0.026   0.074   0.001   0.004   0.325   0.002   0.000   0.002   0.000 1793924000
20.65    3.94    52.467
20.65 15.00   0.698   1.205
20.65 15.00   1.903    63.593
20.65 15.00   1.718   0.941   1.903   0.465
20.65 15.00   1.720   0.934   1.903   0.457

20.66  0.00   0.433   0.427   0.026   0.074   0.001   0.004   0.325   0.002   0.000   0.002   0.000 1794793000
20.66    3.94    52.461
20.66 15.00   0.698   1.205
20.66 15.00   1.903    63.591
20.66 15.00   1.718   0.941   1.903   0.465
20.66 15.00   1.720   0.934   1.903   0.457

20.67  0.00   0.433   0.427   0.026   0.074   0.001   0.004   0.325   0.002   0.000   0.002   0.000 1795662000
20.67    3.94    52.455
20.67 15.00   0.697   1.205
20.67 15.00   1.903    63.589
20.67 15.00   1.718   0.941   1.903   0.465
20.67 15.00   1.720   0.934   1.903   0.457

20.68  0.00   0.433   0.427   0.026   0.074   0.001   0.004   0.325   0.002   0.000   0.002   0.000 1796531000
20.68    3.94    52.450
20.68 15.00   0.697   1.205
20.68 15.00   1.903    63.587
20.68 15.00   1.718   0.941   1.903   0.465
20.68 15.00   1.720   0.934   1.903   0.457

20.69  0.00   0.433   0.427   0.026   0.074   0.001   0.004   0.325   0.002   0.000   0.002   0.000 1797399000
20.69    3.94    52.444
20.69 15.00   0.697   1.205
20.69 15.00   1.903    63.585
20.69 15.00   1.718   0.941   1.903   0.465
20.69 15.00   1.719   0.934   1.903   0.457

20.70  0.00   0.433   0.427   0.026   0.074   0.001   0.004   0.325   0.002   0.000   0.002   0.000 1798268000
20.70    3.94    52.438
20.70 15.00   0.697   1.205
20.70 15.00   1.903    63.583
20.70 15.00   1.718   0.941   1.903   0.465
20.70 15.00   1.719   0.934   1.903   0.457

20.71  0.00   0.433   0.427   0.026   0.074   0.001   0.004   0.325   0.002   0.000   0.002   0.000 1799137000
20.71    3.94    52.432
20.71 15.00   0.697   1.205
20.71 15.00   1.902    63.581
20.71 15.00   1.717   0.941   1.902   0.465
20.71 15.00   1.719   0.934   1.902   0.457

20.72  0.00   0.433   0.427   0.026   0.074   0.001   0.004   0.325   0.002   0.000   0.002   0.000 1800005000
20.72    3.94    52.427
20.72 15.00   0.697   1.205
20.72 15.00   1.902    63.579
20.72 15.00   1.717   0.941   1.902   0.464
20.72 15.00   1.719   0.934   1.902   0.457

20.73  0.00   0.433   0.427   0.026   0.074   0.001   0.004   0.325   0.002   0.000   0.002   0.000 1800874000
20.73    3.94    52.421
20.73 15.00   0.697   1.205
20.73 15.00   1.902    63.577
20.73 15.00   1.717   0.941   1.902   0.464
20.73 15.00   1.719   0.934   1.902   0.457

20.74  0.00   0.433   0.427   0.026   0.074   0.001   0.004   0.325   0.002   0.000   0.002   0.000 1801743000
20.74    3.94    52.415
20.74 15.00   0.697   1.205
20.74 15.00   1.902    63.575
20.74 15.00   1.717   0.941   1.902   0.464
20.74 15.00   1.719   0.934   1.902   0.457

20.75  0.00   0.433   0.427   0.026   0.074   0.001   0.004   0.325   0.002   0.000   0.002   0.000 1802612000
20.75    3.94    52.410
20.75 15.00   0.697   1.205
20.75 15.00   1.902    63.573
20.75 15.00   1.717   0.941   1.902   0.464
20.75 15.00   1.719   0.934   1.902   0.457

20.76  0.00   0.433   0.427   0.026   0.074   0.001   0.004   0.325   0.002   0.000   0.002   0.000 1803480000
20.76    3.94    52.404
20.76 15.00   0.696   1.205
20.76 15.00   1.902    63.571
20.76 15.00   1.717   0.941   1.902   0.464
20.76 15.00   1.719   0.934   1.902   0.457

20.77  0.00   0.433   0.427   0.026   0.074   0.001   0.004   0.325   0.002   0.000   0.002   0.000 1804349000
20.77    3.94    52.398
20.77 15.00   0.696   1.205
20.77 15.00   1.902    63.569
20.77 15.00   1.717   0.941   1.902   0.464
20.77 15.00   1.719   0.934   1.902   0.457

20.78  0.00   0.433   0.427   0.026   0.074   0.001   0.004   0.325   0.002   0.000   0.002   0.000 1805218000
20.78    3.94    52.392
20.78 15.00   0.696   1.205
20.78 15.00   1.902    63.567
20.78 15.00   1.717   0.941   1.902   0.464
20.78 15.00   1.718   0.934   1.902   0.457

20.79  0.00   0.433   0.427   0.026   0.074   0.001   0.004   0.325   0.002   0.000   0.002   0.000 1806087000
20.79    3.94    52.387
20.79 15.00   0.696   1.205
20.79 15.00   1.902    63.565
20.79 15.00   1.717   0.941   1.902   0.464
20.79 15.00   1.718   0.934   1.902   0.457

20.80  0.00   0.433   0.427   0.026   0.074   0.001   0.004   0.325   0.002   0.000   0.002   0.000 1806955000
20.80    3.94    52.381
20.80 15.00   0.696   1.205
20.80 15.00   1.901    63.563
20.80 15.00   1.716   0.941   1.901   0.464
20.80 15.00   1.718   0.934   1.901   0.457

20.81  0.00   0.433   0.427   0.026   0.074   0.001   0.004   0.325   0.002   0.000   0.002   0.000 1807824000
20.81    3.94    52.375
20.81 15.00   0.696   1.205
20.81 15.00   1.901    63.561
20.81 15.00   1.716   0.941   1.901   0.464
20.81 15.00   1.718   0.934   1.901   0.457

20.82  0.00   0.433   0.427   0.026   0.074   0.001   0.004   0.325   0.002   0.000   0.002   0.000 1808693000
20.82    3.94    52.370
20.82 15.00   0.696   1.205
20.82 15.00   1.901    63.559
20.82 15.00   1.716   0.941   1.901   0.464
20.82 15.00   1.718   0.934   1.901   0.457

20.83  0.00   0.433   0.427   0.026   0.074   0.001   0.004   0.325   0.002   0.000   0.002   0.000 1809561000
20.83    3.93    52.364
20.83 15.00   0.696   1.205
20.83 15.00   1.901    63.557
20.83 15.00   1.716   0.941   1.901   0.464
20.83 15.00   1.718   0.934   1.901   0.457

20.84  0.00   0.433   0.427   0.026   0.074   0.001   0.004   0.325   0.002   0.000   0.002   0.000 1810430000
20.84    3.93    52.358
20.84 15.00   0.696   1.205
20.84 15.00   1.901    63.555
20.84 15.00   1.716   0.941   1.901   0.464
20.84 15.00   1.718   0.934   1.901   0.457

20.85  0.00   0.433   0.427   0.026   0.074   0.001   0.004   0.325   0.002   0.000   0.002   0.000 1811299000
20.85    3.93    52.353
20.85 15.00   0.695   1.205
20.85 15.00   1.901    63.553
20.85 15.00   1.716   0.941   1.901   0.464
20.85 15.00   1.718   0.934   1.901   0.457

20.86  0.00   0.433   0.427   0.026   0.074   0.001   0.004   0.325   0.002   0.000   0.002   0.000 1812168000
20.86    3.93    52.347
20.86 15.00   0.695   1.205
20.86 15.00   1.901    63.551
20.86 15.00   1.716   0.941   1.901   0.464
20.86 15.00   1.718   0.934   1.901   0.457

20.87  0.00   0.433   0.427   0.026   0.074   0.001   0.004   0.325   0.002   0.000   0.002   0.000 1813037000
20.87    3.93    52.341
20.87 15.00   0.695   1.205
20.87 15.00   1.901    63.549
20.87 15.00   1.716   0.940   1.901   0.464
20.87 15.00   1.718   0.934   1.901   0.457

20.88  0.00   0.433   0.427   0.026   0.074   0.001   0.004   0.325   0.002   0.000   0.002   0.000 1813905000
20.88    3.93    52.336
20.88 15.00   0.695   1.205
20.88 15.00   1.901    63.547
20.88 15.00   1.716   0.940   1.901   0.464
20.88 15.00   1.717   0.934   1.901   0.457

20.89  0.00   0.433   0.427   0.026   0.074   0.001   0.004   0.325   0.002   0.000   0.002   0.000 1814774000
20.89    3.93    52.330
20.89 15.00   0.695   1.205
20.89 15.00   1.900    63.545
20.89 15.00   1.716   0.940   1.900   0.464
20.89 15.00   1.717   0.934   1.900   0.457

20.90  0.00   0.433   0.427   0.026   0.074   0.001   0.004   0.325   0.002   0.000   0.002   0.000 1815643000
20.90    3.93    52.324
20.90 15.00   0.695   1.205
20.90 15.00   1.900    63.543
20.90 15.00   1.715   0.940   1.900   0.464
20.90 15.00   1.717   0.934   1.900   0.457

20.91  0.00   0.433   0.427   0.026   0.074   0.001   0.004   0.325   0.002   0.000   0.002   0.000 1816511000
20.91    3.93    52.319
20.91 15.00   0.695   1.205
20.91 15.00   1.900    63.541
20.91 15.00   1.715   0.940   1.900   0.464
20.91 15.00   1.717   0.933   1.900   0.457

20.92  0.00   0.433   0.427   0.026   0.074   0.001   0.004   0.325   0.002   0.000   0.002   0.000 1817380000
20.92    3.93    52.313
20.92 15.00   0.695   1.205
20.92 15.00   1.900    63.539
20.92 15.00   1.715   0.940   1.900   0.464
20.92 15.00   1.717   0.933   1.900   0.457

20.93  0.00   0.433   0.427   0.026   0.074   0.001   0.004   0.325   0.002   0.000   0.002   0.000 1818249000
20.93    3.93    52.307
20.93 15.00   0.695   1.205
20.93 15.00   1.900    63.537
20.93 15.00   1.715   0.940   1.900   0.464
20.93 15.00   1.717   0.933   1.900   0.457

20.94  0.00   0.433   0.427   0.026   0.074   0.001   0.004   0.325   0.002   0.000   0.002   0.000 1819118000
20.94    3.93    52.302
20.94 15.00   0.694   1.205
20.94 15.00   1.900    63.535
20.94 15.00   1.715   0.940   1.900   0.464
20.94 15.00   1.717   0.933   1.900   0.457

20.95  0.00   0.433   0.427   0.026   0.074   0.001   0.004   0.325   0.002   0.000   0.002   0.000 1819986000
20.95    3.93    52.296
20.95 15.00   0.694   1.205
20.95 15.00   1.900    63.533
20.95 15.00   1.715   0.940   1.900   0.464
20.95 15.00   1.717   0.933   1.900   0.457

20.96  0.00   0.433   0.427   0.026   0.074   0.001   0.004   0.325   0.002   0.000   0.002   0.000 1820855000
20.96    3.93    52.290
20.96 15.00   0.694   1.205
20.96 15.00   1.900    63.531
20.96 15.00   1.715   0.940   1.900   0.464
20.96 15.00   1.717   0.933   1.900   0.457

20.97  0.00   0.433   0.427   0.026   0.074   0.001   0.004   0.325   0.002   0.000   0.002   0.000 1821724000
20.97    3.93    52.285
20.97 15.00   0.694   1.205
20.97 15.00   1.900    63.529
20.97 15.00   1.715   0.940   1.900   0.464
20.97 15.00   1.717   0.933   1.900   0.457

20.98  0.00   0.433   0.427   0.026   0.074   0.001   0.004   0.325   0.002   0.000   0.002   0.000 1822592000
20.98    3.93    52.279
20.98 15.00   0.694   1.205
20.98 15.00   1.899    63.527
20.98 15.00   1.715   0.940   1.899   0.464
20.98 15.00   1.716   0.933   1.899   0.457

20.99  0.00   0.433   0.427   0.026   0.074   0.001   0.004   0.325   0.002   0.000   0.002   0.000 1823461000
20.99    3.93    52.274
20.99 15.00   0.694   1.205
20.99 15.00   1.899    63.525
20.99 15.00   1.714   0.940   1.899   0.464
20.99 15.00   1.716   0.933   1.899   0.457

21.00  0.00   0.433   0.427   0.026   0.074   0.001   0.004   0.325   0.002   0.000   0.002   0.000 1824330000
21.00    3.93    52.268
21.00 15.00   0.694   1.205
21.00 15.00   1.899    63.523
21.00 15.00   1.714   0.940   1.899   0.464
21.00 15.00   1.716   0.933   1.899   0.457

21.01  0.00   0.433   0.427   0.026   0.074   0.001   0.004   0.325   0.002   0.000   0.002   0.000 1825199000
21.01    3.93    52.262
21.01 15.00   0.694   1.205
21.01 15.00   1.899    63.521
21.01 15.00   1.714   0.940   1.899   0.464
21.01 15.00   1.716   0.933   1.899   0.457

21.02  0.00   0.433   0.427   0.026   0.074   0.001   0.004   0.325   0.002   0.000   0.002   0.000 1826067000
21.02    3.92    52.257
21.02 15.00   0.694   1.205
21.02 15.00   1.899    63.519
21.02 15.00   1.714   0.940   1.899   0.464
21.02 15.00   1.716   0.933   1.899   0.457

21.03  0.00   0.433   0.427   0.026   0.074   0.001   0.004   0.325   0.002   0.000   0.002   0.000 1826936000
21.03    3.92    52.251
21.03 15.00   0.693   1.205
21.03 15.00   1.899    63.517
21.03 15.00   1.714   0.940   1.899   0.464
21.03 15.00   1.716   0.933   1.899   0.457

21.04  0.00   0.433   0.427   0.026   0.074   0.001   0.004   0.325   0.002   0.000   0.002   0.000 1827805000
21.04    3.92    52.245
21.04 15.00   0.693   1.205
21.04 15.00   1.899    63.515
21.04 15.00   1.714   0.940   1.899   0.464
21.04 15.00   1.716   0.933   1.899   0.457

21.05  0.00   0.433   0.427   0.026   0.074   0.001   0.004   0.325   0.002   0.000   0.002   0.000 1828673000
21.05    3.92    52.240
21.05 15.00   0.693   1.205
21.05 15.00   1.899    63.513
21.05 15.00   1.714   0.940   1.899   0.464
21.05 15.00   1.716   0.933   1.899   0.457

21.06  0.00   0.433   0.427   0.026   0.074   0.001   0.004   0.325   0.002   0.000   0.002   0.000 1829542000
21.06    3.92    52.234
21.06 15.00   0.693   1.205
21.06 15.00   1.899    63.511
21.06 15.00   1.714   0.940   1.899   0.464
21.06 15.00   1.716   0.933   1.899   0.457

21.07  0.00   0.433   0.427   0.026   0.074   0.001   0.004   0.325   0.002   0.000   0.002   0.000 1830411000
21.07    3.92    52.229
21.07 15.00   0.693   1.205
21.07 15.00   1.898    63.509
21.07 15.00   1.714   0.940   1.898   0.464
21.07 15.00   1.715   0.933   1.898   0.457

21.08  0.00   0.433   0.427   0.026   0.074   0.001   0.004   0.325   0.002   0.000   0.002   0.000 1831280000
21.08    3.92    52.223
21.08 15.00   0.693   1.205
21.08 15.00   1.898    63.507
21.08 15.00   1.714   0.940   1.898   0.464
21.08 15.00   1.715   0.933   1.898   0.457

21.09  0.00   0.433   0.426   0.026   0.074   0.001   0.004   0.325   0.002   0.000   0.002   0.000 1832148000
21.09    3.92    52.217
21.09 15.00   0.693   1.205
21.09 15.00   1.898    63.505
21.09 15.00   1.713   0.940   1.898   0.464
21.09 15.00   1.715   0.933   1.898   0.457

21.10  0.00   0.433   0.426   0.026   0.074   0.001   0.004   0.325   0.002   0.000   0.002   0.000 1833017000
21.10    3.92    52.212
21.10 15.00   0.693   1.205
21.10 15.00   1.898    63.503
21.10 15.00   1.713   0.940   1.898   0.464
21.10 15.00   1.715   0.933   1.898   0.457

21.11  0.00   0.433   0.426   0.026   0.074   0.001   0.004   0.325   0.002   0.000   0.002   0.000 1833886000
21.11    3.92    52.206
21.11 15.00   0.693   1.205
21.11 15.00   1.898    63.502
21.11 15.00   1.713   0.940   1.898   0.464
21.11 15.00   1.715   0.933   1.898   0.457

21.12  0.00   0.433   0.426   0.026   0.074   0.001   0.004   0.325   0.002   0.000   0.002   0.000 1834755000
21.12    3.92    52.201
21.12 15.00   0.693   1.205
21.12 15.00   1.898    63.500
21.12 15.00   1.713   0.940   1.898   0.464
21.12 15.00   1.715   0.933   1.898   0.457

21.13  0.00   0.433   0.426   0.026   0.074   0.001   0.004   0.325   0.002   0.000   0.002   0.000 1835623000
21.13    3.92    52.195
21.13 15.00   0.692   1.205
21.13 15.00   1.898    63.498
21.13 15.00   1.713   0.940   1.898   0.464
21.13 15.00   1.715   0.933   1.898   0.457

21.14  0.00   0.433   0.426   0.026   0.074   0.001   0.004   0.325   0.002   0.000   0.002   0.000 1836492000
21.14    3.92    52.190
21.14 15.00   0.692   1.205
21.14 15.00   1.898    63.496
21.14 15.00   1.713   0.940   1.898   0.464
21.14 15.00   1.715   0.933   1.898   0.457

21.15  0.00   0.433   0.426   0.026   0.074   0.001   0.004   0.325   0.002   0.000   0.002   0.000 1837361000
21.15    3.92    52.184
21.15 15.00   0.692   1.205
21.15 15.00   1.898    63.494
21.15 15.00   1.713   0.939   1.898   0.464
21.15 15.00   1.715   0.933   1.898   0.457

21.16  0.00   0.433   0.426   0.026   0.074   0.001   0.004   0.325   0.002   0.000   0.002   0.000 1838230000
21.16    3.92    52.178
21.16 15.00   0.692   1.205
21.16 15.00   1.897    63.492
21.16 15.00   1.713   0.939   1.897   0.464
21.16 15.00   1.715   0.933   1.897   0.457

21.17  0.00   0.433   0.426   0.026   0.074   0.001   0.004   0.325   0.002   0.000   0.002   0.000 1839098000
21.17    3.92    52.173
21.17 15.00   0.692   1.205
21.17 15.00   1.897    63.490
21.17 15.00   1.713   0.939   1.897   0.464
21.17 15.00   1.714   0.933   1.897   0.457

21.18  0.00   0.433   0.426   0.026   0.074   0.001   0.004   0.325   0.002   0.000   0.002   0.000 1839967000
21.18    3.92    52.167
21.18 15.00   0.692   1.205
21.18 15.00   1.897    63.488
21.18 15.00   1.712   0.939   1.897   0.464
21.18 15.00   1.714   0.933   1.897   0.457

21.19  0.00   0.433   0.426   0.026   0.074   0.001   0.004   0.325   0.002   0.000   0.002   0.000 1840836000
21.19    3.92    52.162
21.19 15.00   0.692   1.205
21.19 15.00   1.897    63.486
21.19 15.00   1.712   0.939   1.897   0.464
21.19 15.00   1.714   0.932   1.897   0.457

21.20  0.00   0.433   0.426   0.026   0.074   0.001   0.004   0.325   0.002   0.000   0.002   0.000 1841705000
21.20    3.91    52.156
21.20 15.00   0.692   1.205
21.20 15.00   1.897    63.484
21.20 15.00   1.712   0.939   1.897   0.464
21.20 15.00   1.714   0.932   1.897   0.457

21.21  0.00   0.433   0.426   0.026   0.074   0.001   0.004   0.325   0.002   0.000   0.002   0.000 1842573000
21.21    3.91    52.151
21.21 15.00   0.692   1.205
21.21 15.00   1.897    63.482
21.21 15.00   1.712   0.939   1.897   0.464
21.21 15.00   1.714   0.932   1.897   0.457

21.22  0.00   0.433   0.426   0.026   0.074   0.001   0.004   0.325   0.002   0.000   0.002   0.000 1843442000
21.22    3.91    52.145
21.22 15.00   0.691   1.205
21.22 15.00   1.897    63.480
21.22 15.00   1.712   0.939   1.897   0.464
21.22 15.00   1.714   0.932   1.897   0.457

21.23  0.00   0.433   0.426   0.026   0.074   0.001   0.004   0.325   0.002   0.000   0.002   0.000 1844311000
21.23    3.91    52.139
21.23 15.00   0.691   1.205
21.23 15.00   1.897    63.478
21.23 15.00   1.712   0.939   1.897   0.464
21.23 15.00   1.714   0.932   1.897   0.457

21.24  0.00   0.433   0.426   0.026   0.074   0.001   0.004   0.325   0.002   0.000   0.002   0.000 1845179000
21.24    3.91    52.134
21.24 15.00   0.691   1.205
21.24 15.00   1.897    63.476
21.24 15.00   1.712   0.939   1.897   0.464
21.24 15.00   1.714   0.932   1.897   0.457

21.25  0.00   0.433   0.426   0.026   0.074   0.001   0.004   0.325   0.002   0.000   0.002   0.000 1846048000
21.25    3.91    52.128
21.25 15.00   0.691   1.205
21.25 15.00   1.897    63.474
21.25 15.00   1.712   0.939   1.897   0.464
21.25 15.00   1.714   0.932   1.897   0.457

21.26  0.00   0.433   0.426   0.026   0.074   0.001   0.004   0.325   0.002   0.000   0.002   0.000 1846917000
21.26    3.91    52.123
21.26 15.00   0.691   1.205
21.26 15.00   1.896    63.472
21.26 15.00   1.712   0.939   1.896   0.464
21.26 15.00   1.714   0.932   1.896   0.457

21.27  0.00   0.433   0.426   0.026   0.074   0.001   0.004   0.325   0.002   0.000   0.002   0.000 1847786000
21.27    3.91    52.117
21.27 15.00   0.691   1.205
21.27 15.00   1.896    63.470
21.27 15.00   1.712   0.939   1.896   0.464
21.27 15.00   1.713   0.932   1.896   0.457

21.28  0.00   0.433   0.426   0.026   0.074   0.001   0.004   0.325   0.002   0.000   0.002   0.000 1848654000
21.28    3.91    52.112
21.28 15.00   0.691   1.205
21.28 15.00   1.896    63.469
21.28 15.00   1.711   0.939   1.896   0.464
21.28 15.00   1.713   0.932   1.896   0.457

21.29  0.00   0.433   0.426   0.026   0.074   0.001   0.004   0.325   0.002   0.000   0.002   0.000 1849523000
21.29    3.91    52.106
21.29 15.00   0.691   1.205
21.29 15.00   1.896    63.467
21.29 15.00   1.711   0.939   1.896   0.464
21.29 15.00   1.713   0.932   1.896   0.457

21.30  0.00   0.433   0.426   0.026   0.074   0.001   0.004   0.325   0.002   0.000   0.002   0.000 1850392000
21.30    3.91    52.101
21.30 15.00   0.691   1.205
21.30 15.00   1.896    63.465
21.30 15.00   1.711   0.939   1.896   0.464
21.30 15.00   1.713   0.932   1.896   0.457

21.31  0.00   0.433   0.426   0.026   0.074   0.001   0.004   0.325   0.002   0.000   0.002   0.000 1851260000
21.31    3.91    52.095
21.31 15.00   0.690   1.205
21.31 15.00   1.896    63.463
21.31 15.00   1.711   0.939   1.896   0.464
21.31 15.00   1.713   0.932   1.896   0.457

21.32  0.00   0.433   0.426   0.026   0.074   0.001   0.004   0.325   0.002   0.000   0.002   0.000 1852129000
21.32    3.91    52.090
21.32 15.00   0.690   1.205
21.32 15.00   1.896    63.461
21.32 15.00   1.711   0.939   1.896   0.464
21.32 15.00   1.713   0.932   1.896   0.457

21.33  0.00   0.433   0.426   0.026   0.074   0.001   0.004   0.325   0.002   0.000   0.002   0.000 1852998000
21.33    3.91    52.084
21.33 15.00   0.690   1.205
21.33 15.00   1.896    63.459
21.33 15.00   1.711   0.939   1.896   0.464
21.33 15.00   1.713   0.932   1.896   0.457

21.34  0.00   0.433   0.426   0.026   0.074   0.001   0.004   0.325   0.002   0.000   0.002   0.000 1853867000
21.34    3.91    52.079
21.34 15.00   0.690   1.205
21.34 15.00   1.896    63.457
21.34 15.00   1.711   0.939   1.896   0.464
21.34 15.00   1.713   0.932   1.896   0.457

21.35  0.00   0.433   0.426   0.026   0.074   0.001   0.004   0.325   0.002   0.000   0.002   0.000 1854735000
21.35    3.91    52.073
21.35 15.00   0.690   1.205
21.35 15.00   1.895    63.455
21.35 15.00   1.711   0.939   1.895   0.464
21.35 15.00   1.713   0.932   1.895   0.457

21.36  0.00   0.433   0.426   0.026   0.074   0.001   0.004   0.325   0.002   0.000   0.002   0.000 1855604000
21.36    3.91    52.068
21.36 15.00   0.690   1.205
21.36 15.00   1.895    63.453
21.36 15.00   1.711   0.939   1.895   0.464
21.36 15.00   1.713   0.932   1.895   0.457

21.37  0.00   0.433   0.426   0.026   0.074   0.001   0.004   0.325   0.002   0.000   0.002   0.000 1856473000
21.37    3.91    52.062
21.37 15.00   0.690   1.205
21.37 15.00   1.895    63.451
21.37 15.00   1.711   0.939   1.895   0.464
21.37 15.00   1.712   0.932   1.895   0.457

21.38  0.00   0.433   0.426   0.026   0.074   0.001   0.004   0.325   0.002   0.000   0.002   0.000 1857341000
21.38    3.91    52.057
21.38 15.00   0.690   1.205
21.38 15.00   1.895    63.449
21.38 15.00   1.710   0.939   1.895   0.464
21.38 15.00   1.712   0.932   1.895   0.457

21.39  0.00   0.433   0.426   0.026   0.074   0.001   0.004   0.325   0.002   0.000   0.002   0.000 1858210000
21.39    3.90    52.051
21.39 15.00   0.690   1.205
21.39 15.00   1.895    63.447
21.39 15.00   1.710   0.939   1.895   0.464
21.39 15.00   1.712   0.932   1.895   0.457

21.40  0.00   0.433   0.426   0.026   0.074   0.001   0.004   0.325   0.002   0.000   0.002   0.000 1859079000
21.40    3.90    52.046
21.40 15.00   0.690   1.205
21.40 15.00   1.895    63.445
21.40 15.00   1.710   0.939   1.895   0.464
21.40 15.00   1.712   0.932   1.895   0.457

21.41  0.00   0.433   0.426   0.026   0.074   0.001   0.004   0.325   0.002   0.000   0.002   0.000 1859948000
21.41    3.90    52.040
21.41 15.00   0.689   1.205
21.41 15.00   1.895    63.444
21.41 15.00   1.710   0.939   1.895   0.464
21.41 15.00   1.712   0.932   1.895   0.457

21.42  0.00   0.433   0.426   0.026   0.074   0.001   0.004   0.325   0.002   0.000   0.002   0.000 1860817000
21.42    3.90    52.035
21.42 15.00   0.689   1.205
21.42 15.00   1.895    63.442
21.42 15.00   1.710   0.939   1.895   0.464
21.42 15.00   1.712   0.932   1.895   0.457

21.43  0.00   0.433   0.426   0.026   0.074   0.001   0.004   0.325   0.002   0.000   0.002   0.000 1861685000
21.43    3.90    52.029
21.43 15.00   0.689   1.205
21.43 15.00   1.895    63.440
21.43 15.00   1.710   0.939   1.895   0.464
21.43 15.00   1.712   0.932   1.895   0.457

21.44  0.00   0.433   0.426   0.026   0.074   0.001   0.004   0.325   0.002   0.000   0.002   0.000 1862554000
21.44    3.90    52.024
21.44 15.00   0.689   1.205
21.44 15.00   1.895    63.438
21.44 15.00   1.710   0.938   1.895   0.464
21.44 15.00   1.712   0.932   1.895   0.457

21.45  0.00   0.433   0.426   0.026   0.074   0.001   0.004   0.325   0.002   0.000   0.002   0.000 1863423000
21.45    3.90    52.018
21.45 15.00   0.689   1.205
21.45 15.00   1.894    63.436
21.45 15.00   1.710   0.938   1.894   0.464
21.45 15.00   1.712   0.932   1.894   0.457

21.46  0.00   0.433   0.426   0.026   0.074   0.001   0.004   0.325   0.002   0.000   0.002   0.000 1864291000
21.46    3.90    52.013
21.46 15.00   0.689   1.205
21.46 15.00   1.894    63.434
21.46 15.00   1.710   0.938   1.894   0.464
21.46 15.00   1.712   0.932   1.894   0.457

21.47  0.00   0.433   0.426   0.026   0.074   0.001   0.004   0.325   0.002   0.000   0.002   0.000 1865160000
21.47    3.90    52.007
21.47 15.00   0.689   1.205
21.47 15.00   1.894    63.432
21.47 15.00   1.710   0.938   1.894   0.464
21.47 15.00   1.711   0.932   1.894   0.457

21.48  0.00   0.433   0.426   0.026   0.074   0.001   0.004   0.325   0.002   0.000   0.002   0.000 1866029000
21.48    3.90    52.002
21.48 15.00   0.689   1.205
21.48 15.00   1.894    63.430
21.48 15.00   1.709   0.938   1.894   0.464
21.48 15.00   1.711   0.931   1.894   0.457

21.49  0.00   0.433   0.426   0.026   0.074   0.001   0.004   0.325   0.002   0.000   0.002   0.000 1866898000
21.49    3.90    51.996
21.49 15.00   0.689   1.205
21.49 15.00   1.894    63.428
21.49 15.00   1.709   0.938   1.894   0.464
21.49 15.00   1.711   0.931   1.894   0.457

21.50  0.00   0.433   0.426   0.026   0.074   0.001   0.004   0.325   0.002   0.000   0.002   0.000 1867766000
21.50    3.90    51.991
21.50 15.00   0.688   1.205
21.50 15.00   1.894    63.427
21.50 15.00   1.709   0.938   1.894   0.464
21.50 15.00   1.711   0.931   1.894   0.457

21.51  0.00   0.433   0.426   0.026   0.074   0.001   0.004   0.325   0.002   0.000   0.002   0.000 1868635000
21.51    3.90    51.985
21.51 15.00   0.688   1.205
21.51 15.00   1.894    63.425
21.51 15.00   1.709   0.938   1.894   0.464
21.51 15.00   1.711   0.931   1.894   0.457

21.52  0.00   0.433   0.426   0.026   0.074   0.001   0.004   0.325   0.002   0.000   0.002   0.000 1869504000
21.52    3.90    51.980
21.52 15.00   0.688   1.205
21.52 15.00   1.894    63.423
21.52 15.00   1.709   0.938   1.894   0.464
21.52 15.00   1.711   0.931   1.894   0.457

21.53  0.00   0.433   0.426   0.026   0.074   0.001   0.004   0.325   0.002   0.000   0.002   0.000 1870373000
21.53    3.90    51.974
21.53 15.00   0.688   1.205
21.53 15.00   1.894    63.421
21.53 15.00   1.709   0.938   1.894   0.464
21.53 15.00   1.711   0.931   1.894   0.457

21.54  0.00   0.433   0.426   0.026   0.074   0.001   0.004   0.325   0.002   0.000   0.002   0.000 1871241000
21.54    3.90    51.969
21.54 15.00   0.688   1.205
21.54 15.00   1.893    63.419
21.54 15.00   1.709   0.938   1.893   0.464
21.54 15.00   1.711   0.931   1.893   0.457

21.55  0.00   0.433   0.426   0.026   0.074   0.001   0.004   0.325   0.002   0.000   0.002   0.000 1872110000
21.55    3.90    51.963
21.55 15.00   0.688   1.205
21.55 15.00   1.893    63.417
21.55 15.00   1.709   0.938   1.893   0.464
21.55 15.00   1.711   0.931   1.893   0.457

21.56  0.00   0.433   0.426   0.026   0.074   0.001   0.004   0.325   0.002   0.000   0.002   0.000 1872979000
21.56    3.90    51.958
21.56 15.00   0.688   1.205
21.56 15.00   1.893    63.415
21.56 15.00   1.709   0.938   1.893   0.464
21.56 15.00   1.711   0.931   1.893   0.457

21.57  0.00   0.433   0.426   0.026   0.074   0.001   0.004   0.325   0.002   0.000   0.002   0.000 1873847000
21.57    3.90    51.953
21.57 15.00   0.688   1.205
21.57 15.00   1.893    63.413
21.57 15.00   1.709   0.938   1.893   0.464
21.57 15.00   1.710   0.931   1.893   0.457

21.58  0.00   0.433   0.426   0.026   0.074   0.001   0.004   0.325   0.002   0.000   0.002   0.000 1874716000
21.58    3.89    51.947
21.58 15.00   0.688   1.205
21.58 15.00   1.893    63.411
21.58 15.00   1.708   0.938   1.893   0.464
21.58 15.00   1.710   0.931   1.893   0.457

21.59  0.00   0.433   0.426   0.026   0.074   0.001   0.004   0.325   0.002   0.000   0.002   0.000 1875585000
21.59    3.89    51.942
21.59 15.00   0.688   1.205
21.59 15.00   1.893    63.410
21.59 15.00   1.708   0.938   1.893   0.464
21.59 15.00   1.710   0.931   1.893   0.457

21.60  0.00   0.433   0.426   0.026   0.074   0.001   0.004   0.325   0.002   0.000   0.002   0.000 1876454000
21.60    3.89    51.936
21.60 15.00   0.687   1.205
21.60 15.00   1.893    63.408
21.60 15.00   1.708   0.938   1.893   0.464
21.60 15.00   1.710   0.931   1.893   0.457

21.61  0.00   0.433   0.426   0.026   0.074   0.001   0.004   0.325   0.002   0.000   0.002   0.000 1877322000
21.61    3.89    51.931
21.61 15.00   0.687   1.205
21.61 15.00   1.893    63.406
21.61 15.00   1.708   0.938   1.893   0.464
21.61 15.00   1.710   0.931   1.893   0.457

21.62  0.00   0.433   0.426   0.026   0.074   0.001   0.004   0.325   0.002   0.000   0.002   0.000 1878191000
21.62    3.89    51.925
21.62 15.00   0.687   1.205
21.62 15.00   1.893    63.404
21.62 15.00   1.708   0.938   1.893   0.464
21.62 15.00   1.710   0.931   1.893   0.457

21.63  0.00   0.433   0.426   0.026   0.074   0.001   0.004   0.325   0.002   0.000   0.002   0.000 1879060000
21.63    3.89    51.920
21.63 15.00   0.687   1.205
21.63 15.00   1.893    63.402
21.63 15.00   1.708   0.938   1.893   0.464
21.63 15.00   1.710   0.931   1.893   0.457

21.64  0.00   0.433   0.426   0.026   0.074   0.001   0.004   0.325   0.002   0.000   0.002   0.000 1879928000
21.64    3.89    51.915
21.64 15.00   0.687   1.205
21.64 15.00   1.892    63.400
21.64 15.00   1.708   0.938   1.892   0.464
21.64 15.00   1.710   0.931   1.892   0.457

21.65  0.00   0.433   0.426   0.026   0.074   0.001   0.004   0.325   0.002   0.000   0.002   0.000 1880797000
21.65    3.89    51.909
21.65 15.00   0.687   1.205
21.65 15.00   1.892    63.398
21.65 15.00   1.708   0.938   1.892   0.464
21.65 15.00   1.710   0.931   1.892   0.457

21.66  0.00   0.433   0.426   0.026   0.074   0.001   0.004   0.325   0.002   0.000   0.002   0.000 1881666000
21.66    3.89    51.904
21.66 15.00   0.687   1.205
21.66 15.00   1.892    63.396
21.66 15.00   1.708   0.938   1.892   0.464
21.66 15.00   1.710   0.931   1.892   0.457

21.67  0.00   0.433   0.426   0.026   0.074   0.001   0.004   0.325   0.002   0.000   0.002   0.000 1882535000
21.67    3.89    51.898
21.67 15.00   0.687   1.205
21.67 15.00   1.892    63.395
21.67 15.00   1.708   0.938   1.892   0.464
21.67 15.00   1.709   0.931   1.892   0.457

21.68  0.00   0.433   0.426   0.026   0.074   0.001   0.004   0.325   0.002   0.000   0.002   0.000 1883403000
21.68    3.89    51.893
21.68 15.00   0.687   1.205
21.68 15.00   1.892    63.393
21.68 15.00   1.707   0.938   1.892   0.464
21.68 15.00   1.709   0.931   1.892   0.457

21.69  0.00   0.433   0.426   0.026   0.074   0.001   0.004   0.325   0.002   0.000   0.002   0.000 1884272000
21.69    3.89    51.887
21.69 15.00   0.686   1.205
21.69 15.00   1.892    63.391
21.69 15.00   1.707   0.938   1.892   0.464
21.69 15.00   1.709   0.931   1.892   0.457

21.70  0.00   0.433   0.426   0.026   0.074   0.001   0.004   0.325   0.002   0.000   0.002   0.000 1885141000
21.70    3.89    51.882
21.70 15.00   0.686   1.205
21.70 15.00   1.892    63.389
21.70 15.00   1.707   0.938   1.892   0.464
21.70 15.00   1.709   0.931   1.892   0.457

21.71  0.00   0.433   0.426   0.026   0.074   0.001   0.004   0.325   0.002   0.000   0.002   0.000 1886009000
21.71    3.89    51.877
21.71 15.00   0.686   1.205
21.71 15.00   1.892    63.387
21.71 15.00   1.707   0.938   1.892   0.464
21.71 15.00   1.709   0.931   1.892   0.457

21.72  0.00   0.433   0.426   0.026   0.074   0.001   0.004   0.325   0.002   0.000   0.002   0.000 1886878000
21.72    3.89    51.871
21.72 15.00   0.686   1.205
21.72 15.00   1.892    63.385
21.72 15.00   1.707   0.938   1.892   0.464
21.72 15.00   1.709   0.931   1.892   0.457

21.73  0.00   0.433   0.426   0.026   0.074   0.001   0.004   0.325   0.002   0.000   0.002   0.000 1887747000
21.73    3.89    51.866
21.73 15.00   0.686   1.205
21.73 15.00   1.891    63.383
21.73 15.00   1.707   0.938   1.891   0.464
21.73 15.00   1.709   0.931   1.891   0.457

21.74  0.00   0.433   0.426   0.026   0.074   0.001   0.004   0.325   0.002   0.000   0.002   0.000 1888616000
21.74    3.89    51.860
21.74 15.00   0.686   1.205
21.74 15.00   1.891    63.382
21.74 15.00   1.707   0.937   1.891   0.464
21.74 15.00   1.709   0.931   1.891   0.457

21.75  0.00   0.433   0.426   0.026   0.074   0.001   0.004   0.325   0.002   0.000   0.002   0.000 1889485000
21.75    3.89    51.855
21.75 15.00   0.686   1.205
21.75 15.00   1.891    63.380
21.75 15.00   1.707   0.937   1.891   0.464
21.75 15.00   1.709   0.931   1.891   0.457

21.76  0.00   0.433   0.426   0.026   0.074   0.001   0.004   0.325   0.002   0.000   0.002   0.000 1890353000
21.76    3.89    51.850
21.76 15.00   0.686   1.205
21.76 15.00   1.891    63.378
21.76 15.00   1.707   0.937   1.891   0.464
21.76 15.00   1.709   0.931   1.891   0.457

21.77  0.00   0.433   0.426   0.026   0.074   0.001   0.004   0.325   0.002   0.000   0.002   0.000 1891222000
21.77    3.89    51.844
21.77 15.00   0.686   1.205
21.77 15.00   1.891    63.376
21.77 15.00   1.707   0.937   1.891   0.464
21.77 15.00   1.708   0.931   1.891   0.457

21.78  0.00   0.433   0.426   0.026   0.074   0.001   0.004   0.325   0.002   0.000   0.002   0.000 1892091000
21.78    3.88    51.839
21.78 15.00   0.686   1.205
21.78 15.00   1.891    63.374
21.78 15.00   1.707   0.937   1.891   0.464
21.78 15.00   1.708   0.930   1.891   0.457

21.79  0.00   0.433   0.426   0.026   0.074   0.001   0.004   0.325   0.002   0.000   0.002   0.000 1892959000
21.79    3.88    51.833
21.79 15.00   0.685   1.205
21.79 15.00   1.891    63.372
21.79 15.00   1.706   0.937   1.891   0.464
21.79 15.00   1.708   0.930   1.891   0.457

21.80  0.00   0.433   0.426   0.026   0.074   0.001   0.004   0.325   0.002   0.000   0.002   0.000 1893828000
21.80    3.88    51.828
21.80 15.00   0.685   1.205
21.80 15.00   1.891    63.370
21.80 15.00   1.706   0.937   1.891   0.464
21.80 15.00   1.708   0.930   1.891   0.457

21.81  0.00   0.433   0.426   0.026   0.074   0.001   0.004   0.325   0.002   0.000   0.002   0.000 1894697000
21.81    3.88    51.823
21.81 15.00   0.685   1.205
21.81 15.00   1.891    63.369
21.81 15.00   1.706   0.937   1.891   0.464
21.81 15.00   1.708   0.930   1.891   0.457

21.82  0.00   0.433   0.426   0.026   0.074   0.001   0.004   0.325   0.002   0.000   0.002   0.000 1895566000
21.82    3.88    51.817
21.82 15.00   0.685   1.205
21.82 15.00   1.891    63.367
21.82 15.00   1.706   0.937   1.891   0.464
21.82 15.00   1.708   0.930   1.891   0.457

21.83  0.00   0.433   0.426   0.026   0.074   0.001   0.004   0.325   0.002   0.000   0.002   0.000 1896434000
21.83    3.88    51.812
21.83 15.00   0.685   1.205
21.83 15.00   1.890    63.365
21.83 15.00   1.706   0.937   1.890   0.464
21.83 15.00   1.708   0.930   1.890   0.457

21.84  0.00   0.433   0.426   0.026   0.074   0.001   0.004   0.325   0.002   0.000   0.002   0.000 1897303000
21.84    3.88    51.806
21.84 15.00   0.685   1.205
21.84 15.00   1.890    63.363
21.84 15.00   1.706   0.937   1.890   0.464
21.84 15.00   1.708   0.930   1.890   0.457

21.85  0.00   0.433   0.426   0.026   0.074   0.001   0.004   0.325   0.002   0.000   0.002   0.000 1898172000
21.85    3.88    51.801
21.85 15.00   0.685   1.205
21.85 15.00   1.890    63.361
21.85 15.00   1.706   0.937   1.890   0.464
21.85 15.00   1.708   0.930   1.890   0.457

21.86  0.00   0.433   0.426   0.026   0.074   0.001   0.004   0.325   0.002   0.000   0.002   0.000 1899041000
21.86    3.88    51.796
21.86 15.00   0.685   1.205
21.86 15.00   1.890    63.359
21.86 15.00   1.706   0.937   1.890   0.464
21.86 15.00   1.708   0.930   1.890   0.457

21.87  0.00   0.433   0.426   0.026   0.074   0.001   0.004   0.325   0.002   0.000   0.002   0.000 1899909000
21.87    3.88    51.790
21.87 15.00   0.685   1.205
21.87 15.00   1.890    63.358
21.87 15.00   1.706   0.937   1.890   0.464
21.87 15.00   1.707   0.930   1.890   0.457

21.88  0.00   0.433   0.426   0.026   0.074   0.001   0.004   0.325   0.002   0.000   0.002   0.000 1900778000
21.88    3.88    51.785
21.88 15.00   0.685   1.205
21.88 15.00   1.890    63.356
21.88 15.00   1.706   0.937   1.890   0.464
21.88 15.00   1.707   0.930   1.890   0.457

21.89  0.00   0.433   0.426   0.026   0.074   0.001   0.004   0.325   0.002   0.000   0.002   0.000 1901647000
21.89    3.88    51.780
21.89 15.00   0.684   1.205
21.89 15.00   1.890    63.354
21.89 15.00   1.705   0.937   1.890   0.464
21.89 15.00   1.707   0.930   1.890   0.457

21.90  0.00   0.433   0.426   0.026   0.074   0.001   0.004   0.325   0.002   0.000   0.002   0.000 1902515000
21.90    3.88    51.774
21.90 15.00   0.684   1.205
21.90 15.00   1.890    63.352
21.90 15.00   1.705   0.937   1.890   0.464
21.90 15.00   1.707   0.930   1.890   0.457

21.91  0.00   0.433   0.426   0.026   0.074   0.001   0.004   0.325   0.002   0.000   0.002   0.000 1903384000
21.91    3.88    51.769
21.91 15.00   0.684   1.205
21.91 15.00   1.890    63.350
21.91 15.00   1.705   0.937   1.890   0.464
21.91 15.00   1.707   0.930   1.890   0.457

21.92  0.00   0.433   0.426   0.026   0.074   0.001   0.004   0.325   0.002   0.000   0.002   0.000 1904253000
21.92    3.88    51.763
21.92 15.00   0.684   1.205
21.92 15.00   1.890    63.348
21.92 15.00   1.705   0.937   1.890   0.464
21.92 15.00   1.707   0.930   1.890   0.457

21.93  0.00   0.433   0.426   0.026   0.074   0.001   0.004   0.325   0.002   0.000   0.002   0.000 1905122000
21.93    3.88    51.758
21.93 15.00   0.684   1.205
21.93 15.00   1.889    63.347
21.93 15.00   1.705   0.937   1.889   0.464
21.93 15.00   1.707   0.930   1.889   0.457

21.94  0.00   0.433   0.426   0.026   0.074   0.001   0.004   0.325   0.002   0.000   0.002   0.000 1905990000
21.94    3.88    51.753
21.94 15.00   0.684   1.205
21.94 15.00   1.889    63.345
21.94 15.00   1.705   0.937   1.889   0.464
21.94 15.00   1.707   0.930   1.889   0.457

21.95  0.00   0.433   0.426   0.026   0.074   0.001   0.004   0.325   0.002   0.000   0.002   0.000 1906859000
21.95    3.88    51.747
21.95 15.00   0.684   1.205
21.95 15.00   1.889    63.343
21.95 15.00   1.705   0.937   1.889   0.464
21.95 15.00   1.707   0.930   1.889   0.457

21.96  0.00   0.433   0.426   0.026   0.074   0.001   0.004   0.325   0.002   0.000   0.002   0.000 1907728000
21.96    3.88    51.742
21.96 15.00   0.684   1.205
21.96 15.00   1.889    63.341
21.96 15.00   1.705   0.937   1.889   0.464
21.96 15.00   1.707   0.930   1.889   0.456

21.97  0.00   0.433   0.426   0.026   0.074   0.001   0.004   0.325   0.002   0.000   0.002   0.000 1908596000
21.97    3.87    51.737
21.97 15.00   0.684   1.205
21.97 15.00   1.889    63.339
21.97 15.00   1.705   0.937   1.889   0.464
21.97 15.00   1.707   0.930   1.889   0.456

21.98  0.00   0.433   0.426   0.026   0.074   0.001   0.004   0.325   0.002   0.000   0.002   0.000 1909465000
21.98    3.87    51.731
21.98 15.00   0.684   1.205
21.98 15.00   1.889    63.338
21.98 15.00   1.705   0.937   1.889   0.464
21.98 15.00   1.706   0.930   1.889   0.456

21.99  0.00   0.433   0.426   0.026   0.074   0.001   0.004   0.325   0.002   0.000   0.002   0.000 1910334000
21.99    3.87    51.726
21.99 15.00   0.683   1.205
21.99 15.00   1.889    63.336
21.99 15.00   1.705   0.937   1.889   0.464
21.99 15.00   1.706   0.930   1.889   0.456

22.00  0.00   0.433   0.426   0.026   0.074   0.001   0.004   0.325   0.002   0.000   0.002   0.000 1911203000
22.00    3.87    51.721
22.00 15.00   0.683   1.205
22.00 15.00   1.889    63.334
22.00 15.00   1.704   0.937   1.889   0.464
22.00 15.00   1.706   0.930   1.889   0.456

22.01  0.00   0.433   0.426   0.026   0.074   0.001   0.004   0.325   0.002   0.000   0.002   0.000 1912072000
22.01    3.87    51.715
22.01 15.00   0.683   1.205
22.01 15.00   1.889    63.332
22.01 15.00   1.704   0.937   1.889   0.464
22.01 15.00   1.706   0.930   1.889   0.456

22.02  0.00   0.433   0.426   0.026   0.074   0.001   0.004   0.325   0.002   0.000   0.002   0.000 1912940000
22.02    3.87    51.710
22.02 15.00   0.683   1.205
22.02 15.00   1.889    63.330
22.02 15.00   1.704   0.937   1.889   0.464
22.02 15.00   1.706   0.930   1.889   0.456

22.03  0.00   0.432   0.426   0.026   0.074   0.001   0.004   0.325   0.002   0.000   0.002   0.000 1913809000
22.03    3.87    51.705
22.03 15.00   0.683   1.205
22.03 15.00   1.888    63.329
22.03 15.00   1.704   0.937   1.888   0.464
22.03 15.00   1.706   0.930   1.888   0.456

22.04  0.00   0.432   0.426   0.026   0.074   0.001   0.004   0.325   0.002   0.000   0.002   0.000 1914678000
22.04    3.87    51.699
22.04 15.00   0.683   1.205
22.04 15.00   1.888    63.327
22.04 15.00   1.704   0.936   1.888   0.464
22.04 15.00   1.706   0.930   1.888   0.456

22.05  0.00   0.432   0.426   0.026   0.074   0.001   0.004   0.325   0.002   0.000   0.002   0.000 1915546000
22.05    3.87    51.694
22.05 15.00   0.683   1.205
22.05 15.00   1.888    63.325
22.05 15.00   1.704   0.936   1.888   0.464
22.05 15.00   1.706   0.930   1.888   0.456

22.06  0.00   0.432   0.426   0.026   0.074   0.001   0.004   0.325   0.002   0.000   0.002   0.000 1916415000
22.06    3.87    51.689
22.06 15.00   0.683   1.205
22.06 15.00   1.888    63.323
22.06 15.00   1.704   0.936   1.888   0.464
22.06 15.00   1.706   0.930   1.888   0.456

22.07  0.00   0.432   0.426   0.026   0.074   0.001   0.004   0.325   0.002   0.000   0.002   0.000 1917284000
22.07    3.87    51.683
22.07 15.00   0.683   1.205
22.07 15.00   1.888    63.321
22.07 15.00   1.704   0.936   1.888   0.464
22.07 15.00   1.706   0.930   1.888   0.456

22.08  0.00   0.432   0.426   0.026   0.074   0.001   0.004   0.325   0.002   0.000   0.002   0.000 1918153000
22.08    3.87    51.678
22.08 15.00   0.683   1.205
22.08 15.00   1.888    63.319
22.08 15.00   1.704   0.936   1.888   0.464
22.08 15.00   1.705   0.930   1.888   0.456

22.09  0.00   0.432   0.426   0.026   0.074   0.001   0.004   0.325   0.002   0.000   0.002   0.000 1919021000
22.09    3.87    51.673
22.09 15.00   0.682   1.205
22.09 15.00   1.888    63.318
22.09 15.00   1.704   0.936   1.888   0.464
22.09 15.00   1.705   0.929   1.888   0.456

22.10  0.00   0.432   0.426   0.026   0.074   0.001   0.004   0.325   0.002   0.000   0.002   0.000 1919890000
22.10    3.87    51.667
22.10 15.00   0.682   1.205
22.10 15.00   1.888    63.316
22.10 15.00   1.703   0.936   1.888   0.463
22.10 15.00   1.705   0.929   1.888   0.456

22.11  0.00   0.432   0.426   0.026   0.074   0.001   0.004   0.325   0.002   0.000   0.002   0.000 1920759000
22.11    3.87    51.662
22.11 15.00   0.682   1.205
22.11 15.00   1.888    63.314
22.11 15.00   1.703   0.936   1.888   0.463
22.11 15.00   1.705   0.929   1.888   0.456

22.12  0.00   0.432   0.426   0.026   0.073   0.001   0.004   0.325   0.002   0.000   0.002   0.000 1921628000
22.12    3.87    51.657
22.12 15.00   0.682   1.205
22.12 15.00   1.888    63.312
22.12 15.00   1.703   0.936   1.888   0.463
22.12 15.00   1.705   0.929   1.888   0.456

22.13  0.00   0.432   0.426   0.026   0.073   0.001   0.004   0.325   0.002   0.000   0.002   0.000 1922496000
22.13    3.87    51.651
22.13 15.00   0.682   1.205
22.13 15.00   1.887    63.311
22.13 15.00   1.703   0.936   1.887   0.463
22.13 15.00   1.705   0.929   1.887   0.456

22.14  0.00   0.432   0.426   0.026   0.073   0.001   0.004   0.325   0.002   0.000   0.002   0.000 1923365000
22.14    3.87    51.646
22.14 15.00   0.682   1.205
22.14 15.00   1.887    63.309
22.14 15.00   1.703   0.936   1.887   0.463
22.14 15.00   1.705   0.929   1.887   0.456

22.15  0.00   0.432   0.426   0.026   0.073   0.001   0.004   0.325   0.002   0.000   0.002   0.000 1924234000
22.15    3.87    51.641
22.15 15.00   0.682   1.205
22.15 15.00   1.887    63.307
22.15 15.00   1.703   0.936   1.887   0.463
22.15 15.00   1.705   0.929   1.887   0.456

22.16  0.00   0.432   0.426   0.026   0.073   0.001   0.004   0.325   0.002   0.000   0.002   0.000 1925102000
22.16    3.87    51.635
22.16 15.00   0.682   1.205
22.16 15.00   1.887    63.305
22.16 15.00   1.703   0.936   1.887   0.463
22.16 15.00   1.705   0.929   1.887   0.456

22.17  0.00   0.432   0.426   0.026   0.073   0.001   0.004   0.325   0.002   0.000   0.002   0.000 1925971000
22.17    3.86    51.630
22.17 15.00   0.682   1.205
22.17 15.00   1.887    63.303
22.17 15.00   1.703   0.936   1.887   0.463
22.17 15.00   1.705   0.929   1.887   0.456

22.18  0.00   0.432   0.426   0.026   0.073   0.001   0.004   0.325   0.002   0.000   0.002   0.000 1926840000
22.18    3.86    51.625
22.18 15.00   0.682   1.205
22.18 15.00   1.887    63.302
22.18 15.00   1.703   0.936   1.887   0.463
22.18 15.00   1.705   0.929   1.887   0.456

22.19  0.00   0.432   0.426   0.026   0.073   0.001   0.004   0.325   0.002   0.000   0.002   0.000 1927709000
22.19    3.86    51.620
22.19 15.00   0.681   1.205
22.19 15.00   1.887    63.300
22.19 15.00   1.703   0.936   1.887   0.463
22.19 15.00   1.704   0.929   1.887   0.456

22.20  0.00   0.432   0.426   0.026   0.073   0.001   0.004   0.325   0.002   0.000   0.002   0.000 1928577000
22.20    3.86    51.614
22.20 15.00   0.681   1.205
22.20 15.00   1.887    63.298
22.20 15.00   1.703   0.936   1.887   0.463
22.20 15.00   1.704   0.929   1.887   0.456

22.21  0.00   0.432   0.426   0.026   0.073   0.001   0.004   0.325   0.002   0.000   0.002   0.000 1929446000
22.21    3.86    51.609
22.21 15.00   0.681   1.205
22.21 15.00   1.887    63.296
22.21 15.00   1.702   0.936   1.887   0.463
22.21 15.00   1.704   0.929   1.887   0.456

22.22  0.00   0.432   0.426   0.026   0.073   0.001   0.004   0.325   0.002   0.000   0.002   0.000 1930315000
22.22    3.86    51.604
22.22 15.00   0.681   1.205
22.22 15.00   1.887    63.294
22.22 15.00   1.702   0.936   1.887   0.463
22.22 15.00   1.704   0.929   1.887   0.456

22.23  0.00   0.432   0.426   0.026   0.073   0.001   0.004   0.325   0.002   0.000   0.002   0.000 1931183000
22.23    3.86    51.598
22.23 15.00   0.681   1.205
22.23 15.00   1.886    63.293
22.23 15.00   1.702   0.936   1.886   0.463
22.23 15.00   1.704   0.929   1.886   0.456

22.24  0.00   0.432   0.426   0.026   0.073   0.001   0.004   0.325   0.002   0.000   0.002   0.000 1932052000
22.24    3.86    51.593
22.24 15.00   0.681   1.205
22.24 15.00   1.886    63.291
22.24 15.00   1.702   0.936   1.886   0.463
22.24 15.00   1.704   0.929   1.886   0.456

22.25  0.00   0.432   0.426   0.026   0.073   0.001   0.004   0.325   0.002   0.000   0.002   0.000 1932921000
22.25    3.86    51.588
22.25 15.00   0.681   1.205
22.25 15.00   1.886    63.289
22.25 15.00   1.702   0.936   1.886   0.463
22.25 15.00   1.704   0.929   1.886   0.456

22.26  0.00   0.432   0.426   0.026   0.073   0.001   0.004   0.325   0.002   0.000   0.002   0.000 1933790000
22.26    3.86    51.583
22.26 15.00   0.681   1.205
22.26 15.00   1.886    63.287
22.26 15.00   1.702   0.936   1.886   0.463
22.26 15.00   1.704   0.929   1.886   0.456

22.27  0.00   0.432   0.426   0.026   0.073   0.001   0.004   0.325   0.002   0.000   0.002   0.000 1934658000
22.27    3.86    51.577
22.27 15.00   0.681   1.205
22.27 15.00   1.886    63.286
22.27 15.00   1.702   0.936   1.886   0.463
22.27 15.00   1.704   0.929   1.886   0.456

22.28  0.00   0.432   0.426   0.026   0.073   0.001   0.004   0.325   0.002   0.000   0.002   0.000 1935527000
22.28    3.86    51.572
22.28 15.00   0.681   1.205
22.28 15.00   1.886    63.284
22.28 15.00   1.702   0.936   1.886   0.463
22.28 15.00   1.704   0.929   1.886   0.456

22.29  0.00   0.432   0.426   0.026   0.073   0.001   0.004   0.325   0.002   0.000   0.002   0.000 1936396000
22.29    3.86    51.567
22.29 15.00   0.680   1.205
22.29 15.00   1.886    63.282
22.29 15.00   1.702   0.936   1.886   0.463
22.29 15.00   1.704   0.929   1.886   0.456

22.30  0.00   0.432   0.426   0.026   0.073   0.001   0.004   0.325   0.002   0.000   0.002   0.000 1937265000
22.30    3.86    51.561
22.30 15.00   0.680   1.205
22.30 15.00   1.886    63.280
22.30 15.00   1.702   0.936   1.886   0.463
22.30 15.00   1.703   0.929   1.886   0.456

22.31  0.00   0.432   0.426   0.026   0.073   0.001   0.004   0.325   0.002   0.000   0.002   0.000 1938133000
22.31    3.86    51.556
22.31 15.00   0.680   1.205
22.31 15.00   1.886    63.278
22.31 15.00   1.702   0.936   1.886   0.463
22.31 15.00   1.703   0.929   1.886   0.456

22.32  0.00   0.432   0.426   0.026   0.073   0.001   0.004   0.325   0.002   0.000   0.002   0.000 1939002000
22.32    3.86    51.551
22.32 15.00   0.680   1.205
22.32 15.00   1.886    63.277
22.32 15.00   1.701   0.936   1.886   0.463
22.32 15.00   1.703   0.929   1.886   0.456

22.33  0.00   0.432   0.426   0.026   0.073   0.001   0.004   0.325   0.002   0.000   0.002   0.000 1939871000
22.33    3.86    51.546
22.33 15.00   0.680   1.205
22.33 15.00   1.885    63.275
22.33 15.00   1.701   0.936   1.885   0.463
22.33 15.00   1.703   0.929   1.885   0.456

22.34  0.00   0.432   0.426   0.026   0.073   0.001   0.004   0.325   0.002   0.000   0.002   0.000 1940740000
22.34    3.86    51.540
22.34 15.00   0.680   1.205
22.34 15.00   1.885    63.273
22.34 15.00   1.701   0.936   1.885   0.463
22.34 15.00   1.703   0.929   1.885   0.456

22.35  0.00   0.432   0.426   0.026   0.073   0.001   0.004   0.325   0.002   0.000   0.002   0.000 1941608000
22.35    3.86    51.535
22.35 15.00   0.680   1.205
22.35 15.00   1.885    63.271
22.35 15.00   1.701   0.935   1.885   0.463
22.35 15.00   1.703   0.929   1.885   0.456

22.36  0.00   0.432   0.426   0.026   0.073   0.001   0.004   0.325   0.002   0.000   0.002   0.000 1942477000
22.36    3.86    51.530
22.36 15.00   0.680   1.205
22.36 15.00   1.885    63.270
22.36 15.00   1.701   0.935   1.885   0.463
22.36 15.00   1.703   0.929   1.885   0.456

22.37  0.00   0.432   0.426   0.026   0.073   0.001   0.004   0.325   0.002   0.000   0.002   0.000 1943346000
22.37    3.85    51.525
22.37 15.00   0.680   1.205
22.37 15.00   1.885    63.268
22.37 15.00   1.701   0.935   1.885   0.463
22.37 15.00   1.703   0.929   1.885   0.456

22.38  0.00   0.432   0.426   0.026   0.073   0.001   0.004   0.325   0.002   0.000   0.002   0.000 1944214000
22.38    3.85    51.519
22.38 15.00   0.680   1.205
22.38 15.00   1.885    63.266
22.38 15.00   1.701   0.935   1.885   0.463
22.38 15.00   1.703   0.929   1.885   0.456

22.39  0.00   0.432   0.426   0.026   0.073   0.001   0.004   0.325   0.002   0.000   0.002   0.000 1945083000
22.39    3.85    51.514
22.39 15.00   0.679   1.205
22.39 15.00   1.885    63.264
22.39 15.00   1.701   0.935   1.885   0.463
22.39 15.00   1.703   0.929   1.885   0.456

22.40  0.00   0.432   0.426   0.026   0.073   0.001   0.004   0.325   0.002   0.000   0.002   0.000 1945952000
22.40    3.85    51.509
22.40 15.00   0.679   1.205
22.40 15.00   1.885    63.263
22.40 15.00   1.701   0.935   1.885   0.463
22.40 15.00   1.703   0.928   1.885   0.456

22.41  0.00   0.432   0.426   0.026   0.073   0.001   0.004   0.325   0.002   0.000   0.002   0.000 1946821000
22.41    3.85    51.503
22.41 15.00   0.679   1.205
22.41 15.00   1.885    63.261
22.41 15.00   1.701   0.935   1.885   0.463
22.41 15.00   1.702   0.928   1.885   0.456

22.42  0.00   0.432   0.426   0.026   0.073   0.001   0.004   0.325   0.002   0.000   0.002   0.000 1947689000
22.42    3.85    51.498
22.42 15.00   0.679   1.205
22.42 15.00   1.885    63.259
22.42 15.00   1.700   0.935   1.885   0.463
22.42 15.00   1.702   0.928   1.885   0.456

22.43  0.00   0.432   0.426   0.026   0.073   0.001   0.004   0.325   0.002   0.000   0.002   0.000 1948558000
22.43    3.85    51.493
22.43 15.00   0.679   1.205
22.43 15.00   1.885    63.257
22.43 15.00   1.700   0.935   1.885   0.463
22.43 15.00   1.702   0.928   1.885   0.456

22.44  0.00   0.432   0.426   0.026   0.073   0.001   0.004   0.325   0.002   0.000   0.002   0.000 1949427000
22.44    3.85    51.488
22.44 15.00   0.679   1.205
22.44 15.00   1.884    63.256
22.44 15.00   1.700   0.935   1.884   0.463
22.44 15.00   1.702   0.928   1.884   0.456

22.45  0.00   0.432   0.426   0.026   0.073   0.001   0.004   0.325   0.002   0.000   0.002   0.000 1950296000
22.45    3.85    51.482
22.45 15.00   0.679   1.205
22.45 15.00   1.884    63.254
22.45 15.00   1.700   0.935   1.884   0.463
22.45 15.00   1.702   0.928   1.884   0.456

22.46  0.00   0.432   0.426   0.026   0.073   0.001   0.004   0.325   0.002   0.000   0.002   0.000 1951164000
22.46    3.85    51.477
22.46 15.00   0.679   1.205
22.46 15.00   1.884    63.252
22.46 15.00   1.700   0.935   1.884   0.463
22.46 15.00   1.702   0.928   1.884   0.456

22.47  0.00   0.432   0.426   0.026   0.073   0.001   0.004   0.325   0.002   0.000   0.002   0.000 1952033000
22.47    3.85    51.472
22.47 15.00   0.679   1.205
22.47 15.00   1.884    63.250
22.47 15.00   1.700   0.935   1.884   0.463
22.47 15.00   1.702   0.928   1.884   0.456

22.48  0.00   0.432   0.426   0.026   0.073   0.001   0.004   0.325   0.002   0.000   0.002   0.000 1952902000
22.48    3.85    51.467
22.48 15.00   0.679   1.205
22.48 15.00   1.884    63.249
22.48 15.00   1.700   0.935   1.884   0.463
22.48 15.00   1.702   0.928   1.884   0.456

22.49  0.00   0.432   0.426   0.026   0.073   0.001   0.004   0.325   0.002   0.000   0.002   0.000 1953770000
22.49    3.85    51.461
22.49 15.00   0.679   1.205
22.49 15.00   1.884    63.247
22.49 15.00   1.700   0.935   1.884   0.463
22.49 15.00   1.702   0.928   1.884   0.456

22.50  0.00   0.432   0.426   0.026   0.073   0.001   0.004   0.325   0.002   0.000   0.002   0.000 1954639000
22.50    3.85    51.456
22.50 15.00   0.678   1.205
22.50 15.00   1.884    63.245
22.50 15.00   1.700   0.935   1.884   0.463
22.50 15.00   1.702   0.928   1.884   0.456

22.51  0.00   0.432   0.426   0.026   0.073   0.001   0.004   0.325   0.002   0.000   0.002   0.000 1955508000
22.51    3.85    51.451
22.51 15.00   0.678   1.205
22.51 15.00   1.884    63.243
22.51 15.00   1.700   0.935   1.884   0.463
22.51 15.00   1.702   0.928   1.884   0.456

22.52  0.00   0.432   0.426   0.026   0.073   0.001   0.004   0.325   0.002   0.000   0.002   0.000 1956377000
22.52    3.85    51.446
22.52 15.00   0.678   1.205
22.52 15.00   1.884    63.242
22.52 15.00   1.700   0.935   1.884   0.463
22.52 15.00   1.701   0.928   1.884   0.456

22.53  0.00   0.432   0.426   0.026   0.073   0.001   0.004   0.325   0.002   0.000   0.002   0.000 1957245000
22.53    3.85    51.441
22.53 15.00   0.678   1.205
22.53 15.00   1.884    63.240
22.53 15.00   1.699   0.935   1.884   0.463
22.53 15.00   1.701   0.928   1.884   0.456

22.54  0.00   0.432   0.426   0.026   0.073   0.001   0.004   0.325   0.002   0.000   0.002   0.000 1958114000
22.54    3.85    51.435
22.54 15.00   0.678   1.205
22.54 15.00   1.883    63.238
22.54 15.00   1.699   0.935   1.883   0.463
22.54 15.00   1.701   0.928   1.883   0.456

22.55  0.00   0.432   0.426   0.026   0.073   0.001   0.004   0.325   0.002   0.000   0.002   0.000 1958983000
22.55    3.85    51.430
22.55 15.00   0.678   1.205
22.55 15.00   1.883    63.237
22.55 15.00   1.699   0.935   1.883   0.463
22.55 15.00   1.701   0.928   1.883   0.456

22.56  0.00   0.432   0.426   0.026   0.073   0.001   0.004   0.325   0.002   0.000   0.002   0.000 1959852000
22.56    3.85    51.425
22.56 15.00   0.678   1.205
22.56 15.00   1.883    63.235
22.56 15.00   1.699   0.935   1.883   0.463
22.56 15.00   1.701   0.928   1.883   0.456

22.57  0.00   0.432   0.426   0.026   0.073   0.001   0.004   0.325   0.002   0.000   0.002   0.000 1960720000
22.57    3.84    51.420
22.57 15.00   0.678   1.205
22.57 15.00   1.883    63.233
22.57 15.00   1.699   0.935   1.883   0.463
22.57 15.00   1.701   0.928   1.883   0.456

22.58  0.00   0.432   0.426   0.026   0.073   0.001   0.004   0.325   0.002   0.000   0.002   0.000 1961589000
22.58    3.84    51.414
22.58 15.00   0.678   1.205
22.58 15.00   1.883    63.231
22.58 15.00   1.699   0.935   1.883   0.463
22.58 15.00   1.701   0.928   1.883   0.456

22.59  0.00   0.432   0.426   0.026   0.073   0.001   0.004   0.325   0.002   0.000   0.002   0.000 1962458000
22.59    3.84    51.409
22.59 15.00   0.678   1.205
22.59 15.00   1.883    63.230
22.59 15.00   1.699   0.935   1.883   0.463
22.59 15.00   1.701   0.928   1.883   0.456

22.60  0.00   0.432   0.426   0.026   0.073   0.001   0.004   0.325   0.002   0.000   0.002   0.000 1963326000
22.60    3.84    51.404
22.60 15.00   0.677   1.205
22.60 15.00   1.883    63.228
22.60 15.00   1.699   0.935   1.883   0.463
22.60 15.00   1.701   0.928   1.883   0.456

22.61  0.00   0.432   0.426   0.026   0.073   0.001   0.004   0.325   0.002   0.000   0.002   0.000 1964195000
22.61    3.84    51.399
22.61 15.00   0.677   1.205
22.61 15.00   1.883    63.226
22.61 15.00   1.699   0.935   1.883   0.463
22.61 15.00   1.701   0.928   1.883   0.456

22.62  0.00   0.432   0.426   0.026   0.073   0.001   0.004   0.325   0.002   0.000   0.002   0.000 1965064000
22.62    3.84    51.393
22.62 15.00   0.677   1.205
22.62 15.00   1.883    63.224
22.62 15.00   1.699   0.935   1.883   0.463
22.62 15.00   1.701   0.928   1.883   0.456

22.63  0.00   0.432   0.426   0.026   0.073   0.001   0.004   0.325   0.002   0.000   0.002   0.000 1965933000
22.63    3.84    51.388
22.63 15.00   0.677   1.205
22.63 15.00   1.883    63.223
22.63 15.00   1.699   0.935   1.883   0.463
22.63 15.00   1.700   0.928   1.883   0.456

22.64  0.00   0.432   0.425   0.026   0.073   0.001   0.004   0.325   0.002   0.000   0.002   0.000 1966801000
22.64    3.84    51.383
22.64 15.00   0.677   1.205
22.64 15.00   1.883    63.221
22.64 15.00   1.698   0.935   1.883   0.463
22.64 15.00   1.700   0.928   1.883   0.456

22.65  0.00   0.432   0.425   0.026   0.073   0.001   0.004   0.325   0.002   0.000   0.002   0.000 1967670000
22.65    3.84    51.378
22.65 15.00   0.677   1.205
22.65 15.00   1.882    63.219
22.65 15.00   1.698   0.935   1.882   0.463
22.65 15.00   1.700   0.928   1.882   0.456

22.66  0.00   0.432   0.425   0.026   0.073   0.001   0.004   0.325   0.002   0.000   0.002   0.000 1968539000
22.66    3.84    51.373
22.66 15.00   0.677   1.205
22.66 15.00   1.882    63.218
22.66 15.00   1.698   0.935   1.882   0.463
22.66 15.00   1.700   0.928   1.882   0.456

22.67  0.00   0.432   0.425   0.026   0.073   0.001   0.004   0.325   0.002   0.000   0.002   0.000 1969408000
22.67    3.84    51.367
22.67 15.00   0.677   1.205
22.67 15.00   1.882    63.216
22.67 15.00   1.698   0.934   1.882   0.463
22.67 15.00   1.700   0.928   1.882   0.456

22.68  0.00   0.432   0.425   0.026   0.073   0.001   0.004   0.325   0.002   0.000   0.002   0.000 1970276000
22.68    3.84    51.362
22.68 15.00   0.677   1.205
22.68 15.00   1.882    63.214
22.68 15.00   1.698   0.934   1.882   0.463
22.68 15.00   1.700   0.928   1.882   0.456

22.69  0.00   0.432   0.425   0.026   0.073   0.001   0.004   0.325   0.002   0.000   0.002   0.000 1971145000
22.69    3.84    51.357
22.69 15.00   0.677   1.205
22.69 15.00   1.882    63.212
22.69 15.00   1.698   0.934   1.882   0.463
22.69 15.00   1.700   0.928   1.882   0.456

22.70  0.00   0.432   0.425   0.026   0.073   0.001   0.004   0.325   0.002   0.000   0.002   0.000 1972014000
22.70    3.84    51.352
22.70 15.00   0.677   1.205
22.70 15.00   1.882    63.211
22.70 15.00   1.698   0.934   1.882   0.463
22.70 15.00   1.700   0.928   1.882   0.456

22.71  0.00   0.432   0.425   0.026   0.073   0.001   0.004   0.324   0.002   0.000   0.002   0.000 1972882000
22.71    3.84    51.347
22.71 15.00   0.676   1.205
22.71 15.00   1.882    63.209
22.71 15.00   1.698   0.934   1.882   0.463
22.71 15.00   1.700   0.928   1.882   0.456

22.72  0.00   0.432   0.425   0.026   0.073   0.001   0.004   0.324   0.002   0.000   0.002   0.000 1973751000
22.72    3.84    51.341
22.72 15.00   0.676   1.205
22.72 15.00   1.882    63.207
22.72 15.00   1.698   0.934   1.882   0.463
22.72 15.00   1.700   0.927   1.882   0.456

22.73  0.00   0.432   0.425   0.026   0.073   0.001   0.004   0.324   0.002   0.000   0.002   0.000 1974620000
22.73    3.84    51.336
22.73 15.00   0.676   1.205
22.73 15.00   1.882    63.206
22.73 15.00   1.698   0.934   1.882   0.463
22.73 15.00   1.700   0.927   1.882   0.456

22.74  0.00   0.432   0.425   0.026   0.073   0.001   0.004   0.324   0.002   0.000   0.002   0.000 1975489000
22.74    3.84    51.331
22.74 15.00   0.676   1.205
22.74 15.00   1.882    63.204
22.74 15.00   1.698   0.934   1.882   0.463
22.74 15.00   1.699   0.927   1.882   0.456

22.75  0.00   0.432   0.425   0.026   0.073   0.001   0.004   0.324   0.002   0.000   0.002   0.000 1976357000
22.75    3.84    51.326
22.75 15.00   0.676   1.205
22.75 15.00   1.881    63.202
22.75 15.00   1.698   0.934   1.881   0.463
22.75 15.00   1.699   0.927   1.881   0.456

22.76  0.00   0.432   0.425   0.026   0.073   0.001   0.004   0.324   0.002   0.000   0.002   0.000 1977226000
22.76    3.84    51.320
22.76 15.00   0.676   1.205
22.76 15.00   1.881    63.201
22.76 15.00   1.697   0.934   1.881   0.463
22.76 15.00   1.699   0.927   1.881   0.456

22.77  0.00   0.432   0.425   0.026   0.073   0.001   0.004   0.324   0.002   0.000   0.002   0.000 1978095000
22.77    3.83    51.315
22.77 15.00   0.676   1.205
22.77 15.00   1.881    63.199
22.77 15.00   1.697   0.934   1.881   0.463
22.77 15.00   1.699   0.927   1.881   0.456

22.78  0.00   0.432   0.425   0.026   0.073   0.001   0.004   0.324   0.002   0.000   0.002   0.000 1978964000
22.78    3.83    51.310
22.78 15.00   0.676   1.205
22.78 15.00   1.881    63.197
22.78 15.00   1.697   0.934   1.881   0.463
22.78 15.00   1.699   0.927   1.881   0.456

22.79  0.00   0.432   0.425   0.026   0.073   0.001   0.004   0.324   0.002   0.000   0.002   0.000 1979832000
22.79    3.83    51.305
22.79 15.00   0.676   1.205
22.79 15.00   1.881    63.195
22.79 15.00   1.697   0.934   1.881   0.463
22.79 15.00   1.699   0.927   1.881   0.456

22.80  0.00   0.432   0.425   0.026   0.073   0.001   0.004   0.324   0.002   0.000   0.002   0.000 1980701000
22.80    3.83    51.300
22.80 15.00   0.676   1.205
22.80 15.00   1.881    63.194
22.80 15.00   1.697   0.934   1.881   0.463
22.80 15.00   1.699   0.927   1.881   0.456

22.81  0.00   0.432   0.425   0.026   0.073   0.001   0.004   0.324   0.002   0.000   0.002   0.000 1981570000
22.81    3.83    51.295
22.81 15.00   0.675   1.205
22.81 15.00   1.881    63.192
22.81 15.00   1.697   0.934   1.881   0.463
22.81 15.00   1.699   0.927   1.881   0.456

22.82  0.00   0.432   0.425   0.026   0.073   0.001   0.004   0.324   0.002   0.000   0.002   0.000 1982438000
22.82    3.83    51.289
22.82 15.00   0.675   1.205
22.82 15.00   1.881    63.190
22.82 15.00   1.697   0.934   1.881   0.463
22.82 15.00   1.699   0.927   1.881   0.456

22.83  0.00   0.432   0.425   0.026   0.073   0.001   0.004   0.324   0.002   0.000   0.002   0.000 1983307000
22.83    3.83    51.284
22.83 15.00   0.675   1.205
22.83 15.00   1.881    63.189
22.83 15.00   1.697   0.934   1.881   0.463
22.83 15.00   1.699   0.927   1.881   0.456

22.84  0.00   0.432   0.425   0.026   0.073   0.001   0.004   0.324   0.002   0.000   0.002   0.000 1984176000
22.84    3.83    51.279
22.84 15.00   0.675   1.205
22.84 15.00   1.881    63.187
22.84 15.00   1.697   0.934   1.881   0.463
22.84 15.00   1.699   0.927   1.881   0.456

22.85  0.00   0.432   0.425   0.026   0.073   0.001   0.004   0.324   0.002   0.000   0.002   0.000 1985045000
22.85    3.83    51.274
22.85 15.00   0.675   1.205
22.85 15.00   1.881    63.185
22.85 15.00   1.697   0.934   1.881   0.463
22.85 15.00   1.698   0.927   1.881   0.456

22.86  0.00   0.432   0.425   0.026   0.073   0.001   0.004   0.324   0.002   0.000   0.002   0.000 1985913000
22.86    3.83    51.269
22.86 15.00   0.675   1.205
22.86 15.00   1.880    63.184
22.86 15.00   1.697   0.934   1.880   0.463
22.86 15.00   1.698   0.927   1.880   0.456

22.87  0.00   0.432   0.425   0.026   0.073   0.001   0.004   0.324   0.002   0.000   0.002   0.000 1986782000
22.87    3.83    51.263
22.87 15.00   0.675   1.205
22.87 15.00   1.880    63.182
22.87 15.00   1.696   0.934   1.880   0.463
22.87 15.00   1.698   0.927   1.880   0.456

22.88  0.00   0.432   0.425   0.026   0.073   0.001   0.004   0.324   0.002   0.000   0.002   0.000 1987651000
22.88    3.83    51.258
22.88 15.00   0.675   1.205
22.88 15.00   1.880    63.180
22.88 15.00   1.696   0.934   1.880   0.463
22.88 15.00   1.698   0.927   1.880   0.456

22.89  0.00   0.432   0.425   0.026   0.073   0.001   0.004   0.324   0.002   0.000   0.002   0.000 1988520000
22.89    3.83    51.253
22.89 15.00   0.675   1.205
22.89 15.00   1.880    63.179
22.89 15.00   1.696   0.934   1.880   0.463
22.89 15.00   1.698   0.927   1.880   0.456

22.90  0.00   0.432   0.425   0.026   0.073   0.001   0.004   0.324   0.002   0.000   0.002   0.000 1989388000
22.90    3.83    51.248
22.90 15.00   0.675   1.205
22.90 15.00   1.880    63.177
22.90 15.00   1.696   0.934   1.880   0.463
22.90 15.00   1.698   0.927   1.880   0.456

22.91  0.00   0.432   0.425   0.026   0.073   0.001   0.004   0.324   0.002   0.000   0.002   0.000 1990257000
22.91    3.83    51.243
22.91 15.00   0.675   1.205
22.91 15.00   1.880    63.175
22.91 15.00   1.696   0.934   1.880   0.463
22.91 15.00   1.698   0.927   1.880   0.456

22.92  0.00   0.432   0.425   0.026   0.073   0.001   0.004   0.324   0.002   0.000   0.002   0.000 1991126000
22.92    3.83    51.237
22.92 15.00   0.674   1.205
22.92 15.00   1.880    63.173
22.92 15.00   1.696   0.934   1.880   0.463
22.92 15.00   1.698   0.927   1.880   0.456

22.93  0.00   0.432   0.425   0.026   0.073   0.001   0.004   0.324   0.002   0.000   0.002   0.000 1991994000
22.93    3.83    51.232
22.93 15.00   0.674   1.205
22.93 15.00   1.880    63.172
22.93 15.00   1.696   0.934   1.880   0.463
22.93 15.00   1.698   0.927   1.880   0.456

22.94  0.00   0.432   0.425   0.026   0.073   0.001   0.004   0.324   0.002   0.000   0.002   0.000 1992863000
22.94    3.83    51.250
22.94 15.00   0.674   1.205
22.94 15.00   1.880    63.170
22.94 15.00   1.696   0.934   1.880   0.463
22.94 15.00   1.698   0.927   1.880   0.456

22.95  0.00   0.432   0.425   0.026   0.073   0.001   0.004   0.324   0.002   0.000   0.002   0.000 1993732000
22.95    3.83    51.246
22.95 15.00   0.674   1.205
22.95 15.00   1.880    63.168
22.95 15.00   1.696   0.934   1.880   0.463
22.95 15.00   1.698   0.927   1.880   0.456

22.96  0.00   0.432   0.425   0.026   0.073   0.001   0.004   0.324   0.002   0.000   0.002   0.000 1994601000
22.96    3.83    51.242
22.96 15.00   0.674   1.205
22.96 15.00   1.880    63.167
22.96 15.00   1.696   0.934   1.880   0.463
22.96 15.00   1.697   0.927   1.880   0.456

22.97  0.00   0.432   0.425   0.026   0.073   0.001   0.004   0.324   0.002   0.000   0.002   0.000 1995469000
22.97    3.83    51.238
22.97 15.00   0.674   1.205
22.97 15.00   1.879    63.165
22.97 15.00   1.696   0.934   1.879   0.463
22.97 15.00   1.697   0.927   1.879   0.456

22.98  0.00   0.432   0.425   0.026   0.073   0.001   0.004   0.324   0.002   0.000   0.002   0.000 1996338000
22.98    3.83    51.233
22.98 15.00   0.674   1.205
22.98 15.00   1.879    63.163
22.98 15.00   1.695   0.934   1.879   0.463
22.98 15.00   1.697   0.927   1.879   0.456

22.99  0.00   0.432   0.425   0.026   0.073   0.001   0.004   0.324   0.002   0.000   0.002   0.000 1997207000
22.99    3.83    51.229
22.99 15.00   0.674   1.205
22.99 15.00   1.879    63.162
22.99 15.00   1.695   0.934   1.879   0.463
22.99 15.00   1.697   0.927   1.879   0.456

23.00  0.00   0.432   0.425   0.026   0.073   0.001   0.004   0.324   0.002   0.000   0.002   0.000 1998076000
23.00    3.83    51.225
23.00 15.00   0.674   1.205
23.00 15.00   1.879    63.160
23.00 15.00   1.695   0.933   1.879   0.463
23.00 15.00   1.697   0.927   1.879   0.456

23.01  0.00   0.432   0.425   0.026   0.073   0.001   0.004   0.324   0.002   0.000   0.002   0.000 1998944000
23.01    3.83    51.221
23.01 15.00   0.674   1.205
23.01 15.00   1.879    63.158
23.01 15.00   1.695   0.933   1.879   0.463
23.01 15.00   1.697   0.927   1.879   0.456

23.02  0.00   0.432   0.425   0.026   0.073   0.001   0.004   0.324   0.002   0.000   0.002   0.000 1999813000
23.02    3.83    51.216
23.02 15.00   0.674   1.205
23.02 15.00   1.879    63.157
23.02 15.00   1.695   0.933   1.879   0.463
23.02 15.00   1.697   0.927   1.879   0.456

23.03  0.00   0.432   0.425   0.026   0.073   0.001   0.004   0.324   0.002   0.000   0.002   0.000 2000682000
23.03    3.83    51.212
23.03 15.00   0.673   1.205
23.03 15.00   1.879    63.155
23.03 15.00   1.695   0.933   1.879   0.463
23.03 15.00   1.697   0.927   1.879   0.456

23.04  0.00   0.432   0.425   0.026   0.073   0.001   0.004   0.324   0.002   0.000   0.002   0.000 2001551000
23.04    3.83    51.208
23.04 15.00   0.673   1.205
23.04 15.00   1.879    63.153
23.04 15.00   1.695   0.933   1.879   0.463
23.04 15.00   1.697   0.927   1.879   0.456

23.05  0.00   0.432   0.425   0.026   0.073   0.001   0.004   0.324   0.002   0.000   0.002   0.000 2002419000
23.05    3.83    51.204
23.05 15.00   0.673   1.205
23.05 15.00   1.879    63.152
23.05 15.00   1.695   0.933   1.879   0.463
23.05 15.00   1.697   0.926   1.879   0.456

23.06  0.00   0.432   0.425   0.026   0.073   0.001   0.004   0.324   0.002   0.000   0.002   0.000 2003288000
23.06    3.83    51.200
23.06 15.00   0.673   1.205
23.06 15.00   1.879    63.150
23.06 15.00   1.695   0.933   1.879   0.463
23.06 15.00   1.697   0.926   1.879   0.456

23.07  0.00   0.432   0.425   0.026   0.073   0.001   0.004   0.324   0.002   0.000   0.002   0.000 2004157000
23.07    3.83    51.195
23.07 15.00   0.673   1.205
23.07 15.00   1.879    63.148
23.07 15.00   1.695   0.933   1.879   0.463
23.07 15.00   1.697   0.926   1.879   0.456

23.08  0.00   0.432   0.425   0.026   0.073   0.001   0.004   0.324   0.002   0.000   0.002   0.000 2005025000
23.08    3.82    51.191
23.08 15.00   0.673   1.205
23.08 15.00   1.878    63.147
23.08 15.00   1.695   0.933   1.878   0.463
23.08 15.00   1.696   0.926   1.878   0.456

23.09  0.00   0.432   0.425   0.026   0.073   0.001   0.004   0.324   0.002   0.000   0.002   0.000 2005894000
23.09    3.82    51.187
23.09 15.00   0.673   1.205
23.09 15.00   1.878    63.145
23.09 15.00   1.695   0.933   1.878   0.463
23.09 15.00   1.696   0.926   1.878   0.456

23.10  0.00   0.432   0.425   0.026   0.073   0.001   0.004   0.324   0.002   0.000   0.002   0.000 2006763000
23.10    3.82    51.183
23.10 15.00   0.673   1.205
23.10 15.00   1.878    63.143
23.10 15.00   1.694   0.933   1.878   0.463
23.10 15.00   1.696   0.926   1.878   0.456

23.11  0.00   0.432   0.425   0.026   0.073   0.001   0.004   0.324   0.002   0.000   0.002   0.000 2007632000
23.11    3.82    51.179
23.11 15.00   0.673   1.205
23.11 15.00   1.878    63.142
23.11 15.00   1.694   0.933   1.878   0.463
23.11 15.00   1.696   0.926   1.878   0.456

23.12  0.00   0.432   0.425   0.026   0.073   0.001   0.004   0.324   0.002   0.000   0.002   0.000 2008500000
23.12    3.82    51.174
23.12 15.00   0.673   1.205
23.12 15.00   1.878    63.140
23.12 15.00   1.694   0.933   1.878   0.463
23.12 15.00   1.696   0.926   1.878   0.456

23.13  0.00   0.432   0.425   0.026   0.073   0.001   0.004   0.324   0.002   0.000   0.002   0.000 2009369000
23.13    3.82    51.170
23.13 15.00   0.673   1.205
23.13 15.00   1.878    63.139
23.13 15.00   1.694   0.933   1.878   0.463
23.13 15.00   1.696   0.926   1.878   0.456

23.14  0.00   0.432   0.425   0.026   0.073   0.001   0.004   0.324   0.002   0.000   0.002   0.000 2010238000
23.14    3.82    51.166
23.14 15.00   0.672   1.205
23.14 15.00   1.878    63.137
23.14 15.00   1.694   0.933   1.878   0.463
23.14 15.00   1.696   0.926   1.878   0.456

23.15  0.00   0.432   0.425   0.026   0.073   0.001   0.004   0.324   0.002   0.000   0.002   0.000 2011106000
23.15    3.82    51.162
23.15 15.00   0.672   1.205
23.15 15.00   1.878    63.135
23.15 15.00   1.694   0.933   1.878   0.463
23.15 15.00   1.696   0.926   1.878   0.456

23.16  0.00   0.432   0.425   0.026   0.073   0.001   0.004   0.324   0.002   0.000   0.002   0.000 2011975000
23.16    3.82    51.158
23.16 15.00   0.672   1.205
23.16 15.00   1.878    63.134
23.16 15.00   1.694   0.933   1.878   0.463
23.16 15.00   1.696   0.926   1.878   0.456

23.17  0.00   0.432   0.425   0.026   0.073   0.001   0.004   0.324   0.002   0.000   0.002   0.000 2012844000
23.17    3.82    51.153
23.17 15.00   0.672   1.205
23.17 15.00   1.878    63.132
23.17 15.00   1.694   0.933   1.878   0.463
23.17 15.00   1.696   0.926   1.878   0.456

23.18  0.00   0.432   0.425   0.026   0.073   0.001   0.004   0.324   0.002   0.000   0.002   0.000 2013713000
23.18    3.82    51.149
23.18 15.00   0.672   1.205
23.18 15.00   1.878    63.130
23.18 15.00   1.694   0.933   1.878   0.463
23.18 15.00   1.696   0.926   1.878   0.456

23.19  0.00   0.432   0.425   0.026   0.073   0.001   0.004   0.324   0.002   0.000   0.002   0.000 2014582000
23.19    3.82    51.145
23.19 15.00   0.672   1.205
23.19 15.00   1.877    63.129
23.19 15.00   1.694   0.933   1.877   0.463
23.19 15.00   1.695   0.926   1.877   0.456

23.20  0.00   0.432   0.425   0.026   0.073   0.001   0.004   0.324   0.002   0.000   0.002   0.000 2015450000
23.20    3.82    51.141
23.20 15.00   0.672   1.205
23.20 15.00   1.877    63.127
23.20 15.00   1.694   0.933   1.877   0.463
23.20 15.00   1.695   0.926   1.877   0.456

23.21  0.00   0.432   0.425   0.026   0.073   0.001   0.004   0.324   0.002   0.000   0.002   0.000 2016319000
23.21    3.82    51.137
23.21 15.00   0.672   1.205
23.21 15.00   1.877    63.125
23.21 15.00   1.693   0.933   1.877   0.463
23.21 15.00   1.695   0.926   1.877   0.456

23.22  0.00   0.432   0.425   0.026   0.073   0.001   0.004   0.324   0.002   0.000   0.002   0.000 2017188000
23.22    3.82    51.133
23.22 15.00   0.672   1.205
23.22 15.00   1.877    63.124
23.22 15.00   1.693   0.933   1.877   0.463
23.22 15.00   1.695   0.926   1.877   0.456

23.23  0.00   0.432   0.425   0.026   0.073   0.001   0.004   0.324   0.002   0.000   0.002   0.000 2018056000
23.23    3.82    51.128
23.23 15.00   0.672   1.205
23.23 15.00   1.877    63.122
23.23 15.00   1.693   0.933   1.877   0.463
23.23 15.00   1.695   0.926   1.877   0.456

23.24  0.00   0.432   0.425   0.026   0.073   0.001   0.004   0.324   0.002   0.000   0.002   0.000 2018925000
23.24    3.82    51.124
23.24 15.00   0.672   1.205
23.24 15.00   1.877    63.120
23.24 15.00   1.693   0.933   1.877   0.463
23.24 15.00   1.695   0.926   1.877   0.456

23.25  0.00   0.432   0.425   0.026   0.073   0.001   0.004   0.324   0.002   0.000   0.002   0.000 2019794000
23.25    3.82    51.120
23.25 15.00   0.671   1.205
23.25 15.00   1.877    63.119
23.25 15.00   1.693   0.933   1.877   0.463
23.25 15.00   1.695   0.926   1.877   0.456

23.26  0.00   0.432   0.425   0.026   0.073   0.001   0.004   0.324   0.002   0.000   0.002   0.000 2020663000
23.26    3.82    51.116
23.26 15.00   0.671   1.205
23.26 15.00   1.877    63.117
23.26 15.00   1.693   0.933   1.877   0.463
23.26 15.00   1.695   0.926   1.877   0.456

23.27  0.00   0.432   0.425   0.026   0.073   0.001   0.004   0.324   0.002   0.000   0.002   0.000 2021531000
23.27    3.82    51.112
23.27 15.00   0.671   1.205
23.27 15.00   1.877    63.116
23.27 15.00   1.693   0.933   1.877   0.463
23.27 15.00   1.695   0.926   1.877   0.456

23.28  0.00   0.432   0.425   0.026   0.073   0.001   0.004   0.324   0.002   0.000   0.002   0.000 2022400000
23.28    3.82    51.108
23.28 15.00   0.671   1.205
23.28 15.00   1.877    63.114
23.28 15.00   1.693   0.933   1.877   0.463
23.28 15.00   1.695   0.926   1.877   0.456

23.29  0.00   0.432   0.425   0.026   0.073   0.001   0.004   0.324   0.002   0.000   0.002   0.000 2023269000
23.29    3.82    51.104
23.29 15.00   0.671   1.205
23.29 15.00   1.877    63.112
23.29 15.00   1.693   0.933   1.877   0.463
23.29 15.00   1.695   0.926   1.877   0.456

23.30  0.00   0.432   0.425   0.026   0.073   0.001   0.004   0.324   0.002   0.000   0.002   0.000 2024137000
23.30    3.82    51.099
23.30 15.00   0.671   1.205
23.30 15.00   1.876    63.111
23.30 15.00   1.693   0.933   1.876   0.463
23.30 15.00   1.695   0.926   1.876   0.456

23.31  0.00   0.432   0.425   0.026   0.073   0.001   0.004   0.324   0.002   0.000   0.002   0.000 2025006000
23.31    3.82    51.095
23.31 15.00   0.671   1.205
23.31 15.00   1.876    63.109
23.31 15.00   1.693   0.933   1.876   0.463
23.31 15.00   1.694   0.926   1.876   0.456

23.32  0.00   0.432   0.425   0.026   0.073   0.001   0.004   0.324   0.002   0.000   0.002   0.000 2025875000
23.32    3.82    51.091
23.32 15.00   0.671   1.205
23.32 15.00   1.876    63.107
23.32 15.00   1.693   0.933   1.876   0.463
23.32 15.00   1.694   0.926   1.876   0.456

23.33  0.00   0.432   0.425   0.026   0.073   0.001   0.004   0.324   0.002   0.000   0.002   0.000 2026744000
23.33    3.82    51.087
23.33 15.00   0.671   1.205
23.33 15.00   1.876    63.106
23.33 15.00   1.692   0.933   1.876   0.463
23.33 15.00   1.694   0.926   1.876   0.456

23.34  0.00   0.432   0.425   0.026   0.073   0.001   0.004   0.324   0.002   0.000   0.002   0.000 2027612000
23.34    3.82    51.083
23.34 15.00   0.671   1.205
23.34 15.00   1.876    63.104
23.34 15.00   1.692   0.932   1.876   0.463
23.34 15.00   1.694   0.926   1.876   0.456

23.35  0.00   0.432   0.425   0.026   0.073   0.001   0.004   0.324   0.002   0.000   0.002   0.000 2028481000
23.35    3.82    51.079
23.35 15.00   0.671   1.205
23.35 15.00   1.876    63.103
23.35 15.00   1.692   0.932   1.876   0.463
23.35 15.00   1.694   0.926   1.876   0.456

23.36  0.00   0.432   0.425   0.026   0.073   0.001   0.004   0.324   0.002   0.000   0.002   0.000 2029350000
23.36    3.82    51.075
23.36 15.00   0.670   1.205
23.36 15.00   1.876    63.101
23.36 15.00   1.692   0.932   1.876   0.463
23.36 15.00   1.694   0.926   1.876   0.456

23.37  0.00   0.432   0.425   0.026   0.073   0.001   0.004   0.324   0.002   0.000   0.002   0.000 2030219000
23.37    3.81    51.071
23.37 15.00   0.670   1.205
23.37 15.00   1.876    63.099
23.37 15.00   1.692   0.932   1.876   0.463
23.37 15.00   1.694   0.926   1.876   0.456

23.38  0.00   0.432   0.425   0.026   0.073   0.001   0.004   0.324   0.002   0.000   0.002   0.000 2031087000
23.38    3.81    51.066
23.38 15.00   0.670   1.205
23.38 15.00   1.876    63.098
23.38 15.00   1.692   0.932   1.876   0.463
23.38 15.00   1.694   0.926   1.876   0.456

23.39  0.00   0.432   0.425   0.026   0.073   0.001   0.004   0.324   0.002   0.000   0.002   0.000 2031956000
23.39    3.81    51.062
23.39 15.00   0.670   1.205
23.39 15.00   1.876    63.096
23.39 15.00   1.692   0.932   1.876   0.463
23.39 15.00   1.694   0.925   1.876   0.456

23.40  0.00   0.432   0.425   0.026   0.073   0.001   0.004   0.324   0.002   0.000   0.002   0.000 2032825000
23.40    3.81    51.058
23.40 15.00   0.670   1.205
23.40 15.00   1.876    63.094
23.40 15.00   1.692   0.932   1.876   0.463
23.40 15.00   1.694   0.925   1.876   0.456

23.41  0.00   0.432   0.425   0.026   0.073   0.001   0.004   0.324   0.002   0.000   0.002   0.000 2033693000
23.41    3.81    51.054
23.41 15.00   0.670   1.205
23.41 15.00   1.875    63.093
23.41 15.00   1.692   0.932   1.875   0.463
23.41 15.00   1.694   0.925   1.875   0.456

23.42  0.00   0.432   0.425   0.026   0.073   0.001   0.004   0.324   0.002   0.000   0.002   0.000 2034562000
23.42    3.81    51.050
23.42 15.00   0.670   1.205
23.42 15.00   1.875    63.091
23.42 15.00   1.692   0.932   1.875   0.463
23.42 15.00   1.694   0.925   1.875   0.456

23.43  0.00   0.432   0.425   0.026   0.073   0.001   0.004   0.324   0.002   0.000   0.002   0.000 2035431000
23.43    3.81    51.046
23.43 15.00   0.670   1.205
23.43 15.00   1.875    63.090
23.43 15.00   1.692   0.932   1.875   0.463
23.43 15.00   1.693   0.925   1.875   0.456

23.44  0.00   0.432   0.425   0.026   0.073   0.001   0.004   0.324   0.002   0.000   0.002   0.000 2036300000
23.44    3.81    51.042
23.44 15.00   0.670   1.205
23.44 15.00   1.875    63.088
23.44 15.00   1.692   0.932   1.875   0.463
23.44 15.00   1.693   0.925   1.875   0.456

23.45  0.00   0.432   0.425   0.026   0.073   0.001   0.004   0.324   0.002   0.000   0.002   0.000 2037168000
23.45    3.81    51.038
23.45 15.00   0.670   1.205
23.45 15.00   1.875    63.086
23.45 15.00   1.691   0.932   1.875   0.463
23.45 15.00   1.693   0.925   1.875   0.456

23.46  0.00   0.432   0.425   0.026   0.073   0.001   0.004   0.324   0.002   0.000   0.002   0.000 2038037000
23.46    3.81    51.034
23.46 15.00   0.670   1.205
23.46 15.00   1.875    63.085
23.46 15.00   1.691   0.932   1.875   0.463
23.46 15.00   1.693   0.925   1.875   0.456

23.47  0.00   0.432   0.425   0.026   0.073   0.001   0.004   0.324   0.002   0.000   0.002   0.000 2038906000
23.47    3.81    51.030
23.47 15.00   0.669   1.205
23.47 15.00   1.875    63.083
23.47 15.00   1.691   0.932   1.875   0.463
23.47 15.00   1.693   0.925   1.875   0.456

23.48  0.00   0.432   0.425   0.026   0.073   0.001   0.004   0.324   0.002   0.000   0.002   0.000 2039774000
23.48    3.81    51.025
23.48 15.00   0.669   1.205
23.48 15.00   1.875    63.082
23.48 15.00   1.691   0.932   1.875   0.463
23.48 15.00   1.693   0.925   1.875   0.456

23.49  0.00   0.432   0.425   0.026   0.073   0.001   0.004   0.324   0.002   0.000   0.002   0.000 2040643000
23.49    3.81    51.021
23.49 15.00   0.669   1.205
23.49 15.00   1.875    63.080
23.49 15.00   1.691   0.932   1.875   0.463
23.49 15.00   1.693   0.925   1.875   0.456

23.50  0.00   0.432   0.425   0.026   0.073   0.001   0.004   0.324   0.002   0.000   0.002   0.000 2041512000
23.50    3.81    51.017
23.50 15.00   0.669   1.205
23.50 15.00   1.875    63.078
23.50 15.00   1.691   0.932   1.875   0.463
23.50 15.00   1.693   0.925   1.875   0.456

23.51  0.00   0.432   0.425   0.026   0.073   0.001   0.004   0.324   0.002   0.000   0.002   0.000 2042381000
23.51    3.81    51.013
23.51 15.00   0.669   1.205
23.51 15.00   1.875    63.077
23.51 15.00   1.691   0.932   1.875   0.463
23.51 15.00   1.693   0.925   1.875   0.456

23.52  0.00   0.432   0.425   0.026   0.073   0.001   0.004   0.324   0.002   0.000   0.002   0.000 2043250000
23.52    3.81    51.009
23.52 15.00   0.669   1.205
23.52 15.00   1.874    63.075
23.52 15.00   1.691   0.932   1.874   0.463
23.52 15.00   1.693   0.925   1.874   0.456

23.53  0.00   0.432   0.425   0.026   0.073   0.001   0.004   0.324   0.002   0.000   0.002   0.000 2044118000
23.53    3.81    51.005
23.53 15.00   0.669   1.205
23.53 15.00   1.874    63.074
23.53 15.00   1.691   0.932   1.874   0.463
23.53 15.00   1.693   0.925   1.874   0.455

23.54  0.00   0.432   0.425   0.026   0.073   0.001   0.004   0.324   0.002   0.000   0.002   0.000 2044987000
23.54    3.81    51.001
23.54 15.00   0.669   1.205
23.54 15.00   1.874    63.072
23.54 15.00   1.691   0.932   1.874   0.463
23.54 15.00   1.693   0.925   1.874   0.455

23.55  0.00   0.432   0.425   0.026   0.073   0.001   0.004   0.324   0.002   0.000   0.002   0.000 2045856000
23.55    3.81    50.997
23.55 15.00   0.669   1.205
23.55 15.00   1.874    63.070
23.55 15.00   1.691   0.932   1.874   0.463
23.55 15.00   1.692   0.925   1.874   0.455

23.56  0.00   0.432   0.425   0.026   0.073   0.001   0.004   0.324   0.002   0.000   0.002   0.000 2046724000
23.56    3.81    50.993
23.56 15.00   0.669   1.205
23.56 15.00   1.874    63.069
23.56 15.00   1.691   0.932   1.874   0.463
23.56 15.00   1.692   0.925   1.874   0.455

23.57  0.00   0.432   0.425   0.026   0.073   0.001   0.004   0.324   0.002   0.000   0.002   0.000 2047593000
23.57    3.81    50.989
23.57 15.00   0.669   1.205
23.57 15.00   1.874    63.067
23.57 15.00   1.690   0.932   1.874   0.463
23.57 15.00   1.692   0.925   1.874   0.455

23.58  0.00   0.432   0.425   0.026   0.073   0.001   0.004   0.324   0.002   0.000   0.002   0.000 2048462000
23.58    3.81    50.985
23.58 15.00   0.669   1.205
23.58 15.00   1.874    63.066
23.58 15.00   1.690   0.932   1.874   0.463
23.58 15.00   1.692   0.925   1.874   0.455

23.59  0.00   0.432   0.425   0.026   0.073   0.001   0.004   0.324   0.002   0.000   0.002   0.000 2049331000
23.59    3.81    50.981
23.59 15.00   0.668   1.205
23.59 15.00   1.874    63.064
23.59 15.00   1.690   0.932   1.874   0.463
23.59 15.00   1.692   0.925   1.874   0.455

23.60  0.00   0.432   0.425   0.026   0.073   0.001   0.004   0.324   0.002   0.000   0.002   0.000 2050199000
23.60    3.81    50.977
23.60 15.00   0.668   1.205
23.60 15.00   1.874    63.062
23.60 15.00   1.690   0.932   1.874   0.463
23.60 15.00   1.692   0.925   1.874   0.455

23.61  0.00   0.432   0.425   0.026   0.073   0.001   0.004   0.324   0.002   0.000   0.002   0.000 2051068000
23.61    3.81    50.973
23.61 15.00   0.668   1.205
23.61 15.00   1.874    63.061
23.61 15.00   1.690   0.932   1.874   0.463
23.61 15.00   1.692   0.925   1.874   0.455

23.62  0.00   0.432   0.425   0.026   0.073   0.001   0.004   0.324   0.002   0.000   0.002   0.000 2051937000
23.62    3.81    50.969
23.62 15.00   0.668   1.205
23.62 15.00   1.874    63.059
23.62 15.00   1.690   0.932   1.874   0.463
23.62 15.00   1.692   0.925   1.874   0.455

23.63  0.00   0.432   0.425   0.026   0.073   0.001   0.004   0.324   0.002   0.000   0.002   0.000 2052805000
23.63    3.81    50.965
23.63 15.00   0.668   1.205
23.63 15.00   1.873    63.058
23.63 15.00   1.690   0.932   1.873   0.463
23.63 15.00   1.692   0.925   1.873   0.455

23.64  0.00   0.432   0.425   0.026   0.073   0.001   0.004   0.324   0.002   0.000   0.002   0.000 2053674000
23.64    3.81    50.960
23.64 15.00   0.668   1.205
23.64 15.00   1.873    63.056
23.64 15.00   1.690   0.932   1.873   0.463
23.64 15.00   1.692   0.925   1.873   0.455

23.65  0.00   0.432   0.425   0.026   0.073   0.001   0.004   0.324   0.002   0.000   0.002   0.000 2054543000
23.65    3.81    50.956
23.65 15.00   0.668   1.205
23.65 15.00   1.873    63.054
23.65 15.00   1.690   0.932   1.873   0.463
23.65 15.00   1.692   0.925   1.873   0.455

23.66  0.00   0.432   0.425   0.026   0.073   0.001   0.004   0.324   0.002   0.000   0.002   0.000 2055412000
23.66    3.81    50.952
23.66 15.00   0.668   1.205
23.66 15.00   1.873    63.053
23.66 15.00   1.690   0.932   1.873   0.463
23.66 15.00   1.692   0.925   1.873   0.455

23.67  0.00   0.432   0.425   0.026   0.073   0.001   0.004   0.324   0.002   0.000   0.002   0.000 2056280000
23.67    3.80    50.948
23.67 15.00   0.668   1.205
23.67 15.00   1.873    63.051
23.67 15.00   1.690   0.932   1.873   0.463
23.67 15.00   1.691   0.925   1.873   0.455

23.68  0.00   0.432   0.425   0.026   0.073   0.001   0.004   0.324   0.002   0.000   0.002   0.000 2057149000
23.68    3.80    50.944
23.68 15.00   0.668   1.205
23.68 15.00   1.873    63.050
23.68 15.00   1.690   0.932   1.873   0.463
23.68 15.00   1.691   0.925   1.873   0.455

23.69  0.00   0.432   0.425   0.026   0.073   0.001   0.004   0.324   0.002   0.000   0.002   0.000 2058018000
23.69    3.80    50.940
23.69 15.00   0.668   1.205
23.69 15.00   1.873    63.048
23.69 15.00   1.689   0.931   1.873   0.462
23.69 15.00   1.691   0.925   1.873   0.455

23.70  0.00   0.432   0.425   0.026   0.073   0.001   0.004   0.324   0.002   0.000   0.002   0.000 2058887000
23.70    3.80    50.936
23.70 15.00   0.667   1.205
23.70 15.00   1.873    63.047
23.70 15.00   1.689   0.931   1.873   0.462
23.70 15.00   1.691   0.925   1.873   0.455

23.71  0.00   0.432   0.425   0.026   0.073   0.001   0.004   0.324   0.002   0.000   0.002   0.000 2059755000
23.71    3.80    50.932
23.71 15.00   0.667   1.205
23.71 15.00   1.873    63.045
23.71 15.00   1.689   0.931   1.873   0.462
23.71 15.00   1.691   0.925   1.873   0.455

23.72  0.00   0.431   0.425   0.026   0.073   0.001   0.004   0.324   0.002   0.000   0.002   0.000 2060624000
23.72    3.80    50.928
23.72 15.00   0.667   1.205
23.72 15.00   1.873    63.043
23.72 15.00   1.689   0.931   1.873   0.462
23.72 15.00   1.691   0.925   1.873   0.455

23.73  0.00   0.431   0.425   0.026   0.073   0.001   0.004   0.324   0.002   0.000   0.002   0.000 2061493000
23.73    3.80    50.924
23.73 15.00   0.667   1.205
23.73 15.00   1.873    63.042
23.73 15.00   1.689   0.931   1.873   0.462
23.73 15.00   1.691   0.925   1.873   0.455

23.74  0.00   0.431   0.425   0.026   0.073   0.001   0.004   0.324   0.002   0.000   0.002   0.000 2062361000
23.74    3.80    50.920
23.74 15.00   0.667   1.205
23.74 15.00   1.873    63.040
23.74 15.00   1.689   0.931   1.873   0.462
23.74 15.00   1.691   0.925   1.873   0.455

23.75  0.00   0.431   0.425   0.026   0.073   0.001   0.004   0.324   0.002   0.000   0.002   0.000 2063230000
23.75    3.80    50.916
23.75 15.00   0.667   1.205
23.75 15.00   1.872    63.039
23.75 15.00   1.689   0.931   1.872   0.462
23.75 15.00   1.691   0.924   1.872   0.455

23.76  0.00   0.431   0.425   0.026   0.073   0.001   0.004   0.324   0.002   0.000   0.002   0.000 2064099000
23.76    3.80    50.912
23.76 15.00   0.667   1.205
23.76 15.00   1.872    63.037
23.76 15.00   1.689   0.931   1.872   0.462
23.76 15.00   1.691   0.924   1.872   0.455

23.77  0.00   0.431   0.425   0.026   0.073   0.001   0.004   0.324   0.002   0.000   0.002   0.000 2064968000
23.77    3.80    50.908
23.77 15.00   0.667   1.205
23.77 15.00   1.872    63.036
23.77 15.00   1.689   0.931   1.872   0.462
23.77 15.00   1.691   0.924   1.872   0.455

23.78  0.00   0.431   0.425   0.026   0.073   0.001   0.004   0.324   0.002   0.000   0.002   0.000 2065836000
23.78    3.80    50.904
23.78 15.00   0.667   1.205
23.78 15.00   1.872    63.034
23.78 15.00   1.689   0.931   1.872   0.462
23.78 15.00   1.691   0.924   1.872   0.455

23.79  0.00   0.431   0.425   0.026   0.073   0.001   0.004   0.324   0.002   0.000   0.002   0.000 2066705000
23.79    3.80    50.900
23.79 15.00   0.667   1.205
23.79 15.00   1.872    63.032
23.79 15.00   1.689   0.931   1.872   0.462
23.79 15.00   1.690   0.924   1.872   0.455

23.80  0.00   0.431   0.425   0.026   0.073   0.001   0.004   0.324   0.002   0.000   0.002   0.000 2067574000
23.80    3.80    50.896
23.80 15.00   0.667   1.205
23.80 15.00   1.872    63.031
23.80 15.00   1.689   0.931   1.872   0.462
23.80 15.00   1.690   0.924   1.872   0.455

23.81  0.00   0.431   0.425   0.026   0.073   0.001   0.004   0.324   0.002   0.000   0.002   0.000 2068442000
23.81    3.80    50.892
23.81 15.00   0.667   1.205
23.81 15.00   1.872    63.029
23.81 15.00   1.688   0.931   1.872   0.462
23.81 15.00   1.690   0.924   1.872   0.455

23.82  0.00   0.431   0.425   0.026   0.073   0.001   0.004   0.324   0.002   0.000   0.002   0.000 2069311000
23.82    3.80    50.888
23.82 15.00   0.666   1.205
23.82 15.00   1.872    63.028
23.82 15.00   1.688   0.931   1.872   0.462
23.82 15.00   1.690   0.924   1.872   0.455

23.83  0.00   0.431   0.425   0.026   0.073   0.001   0.004   0.324   0.002   0.000   0.002   0.000 2070180000
23.83    3.80    50.884
23.83 15.00   0.666   1.205
23.83 15.00   1.872    63.026
23.83 15.00   1.688   0.931   1.872   0.462
23.83 15.00   1.690   0.924   1.872   0.455

23.84  0.00   0.431   0.425   0.026   0.073   0.001   0.004   0.324   0.002   0.000   0.002   0.000 2071049000
23.84    3.80    50.880
23.84 15.00   0.666   1.205
23.84 15.00   1.872    63.025
23.84 15.00   1.688   0.931   1.872   0.462
23.84 15.00   1.690   0.924   1.872   0.455

23.85  0.00   0.431   0.425   0.026   0.073   0.001   0.004   0.324   0.002   0.000   0.002   0.000 2071918000
23.85    3.80    50.876
23.85 15.00   0.666   1.205
23.85 15.00   1.872    63.023
23.85 15.00   1.688   0.931   1.872   0.462
23.85 15.00   1.690   0.924   1.872   0.455

23.86  0.00   0.431   0.425   0.026   0.073   0.001   0.004   0.324   0.002   0.000   0.002   0.000 2072786000
23.86    3.80    50.872
23.86 15.00   0.666   1.205
23.86 15.00   1.872    63.022
23.86 15.00   1.688   0.931   1.872   0.462
23.86 15.00   1.690   0.924   1.872   0.455

23.87  0.00   0.431   0.425   0.026   0.073   0.001   0.004   0.324   0.002   0.000   0.002   0.000 2073655000
23.87    3.80    50.868
23.87 15.00   0.666   1.205
23.87 15.00   1.871    63.020
23.87 15.00   1.688   0.931   1.871   0.462
23.87 15.00   1.690   0.924   1.871   0.455

23.88  0.00   0.431   0.425   0.026   0.073   0.001   0.004   0.324   0.002   0.000   0.002   0.000 2074524000
23.88    3.80    50.864
23.88 15.00   0.666   1.205
23.88 15.00   1.871    63.018
23.88 15.00   1.688   0.931   1.871   0.462
23.88 15.00   1.690   0.924   1.871   0.455

23.89  0.00   0.431   0.425   0.026   0.073   0.001   0.004   0.324   0.002   0.000   0.002   0.000 2075392000
23.89    3.80    50.860
23.89 15.00   0.666   1.205
23.89 15.00   1.871    63.017
23.89 15.00   1.688   0.931   1.871   0.462
23.89 15.00   1.690   0.924   1.871   0.455

23.90  0.00   0.431   0.425   0.026   0.073   0.001   0.004   0.324   0.002   0.000   0.002   0.000 2076261000
23.90    3.80    50.856
23.90 15.00   0.666   1.205
23.90 15.00   1.871    63.015
23.90 15.00   1.688   0.931   1.871   0.462
23.90 15.00   1.690   0.924   1.871   0.455

23.91  0.00   0.431   0.425   0.026   0.073   0.001   0.004   0.324   0.002   0.000   0.002   0.000 2077130000
23.91    3.80    50.852
23.91 15.00   0.666   1.205
23.91 15.00   1.871    63.014
23.91 15.00   1.688   0.931   1.871   0.462
23.91 15.00   1.689   0.924   1.871   0.455

23.92  0.00   0.431   0.425   0.026   0.073   0.001   0.004   0.324   0.002   0.000   0.002   0.000 2077999000
23.92    3.80    50.849
23.92 15.00   0.666   1.205
23.92 15.00   1.871    63.012
23.92 15.00   1.688   0.931   1.871   0.462
23.92 15.00   1.689   0.924   1.871   0.455

23.93  0.00   0.431   0.425   0.026   0.073   0.001   0.004   0.324   0.002   0.000   0.002   0.000 2078867000
23.93    3.80    50.845
23.93 15.00   0.665   1.205
23.93 15.00   1.871    63.011
23.93 15.00   1.687   0.931   1.871   0.462
23.93 15.00   1.689   0.924   1.871   0.455

23.94  0.00   0.431   0.425   0.026   0.073   0.001   0.004   0.324   0.002   0.000   0.002   0.000 2079736000
23.94    3.80    50.841
23.94 15.00   0.665   1.205
23.94 15.00   1.871    63.009
23.94 15.00   1.687   0.931   1.871   0.462
23.94 15.00   1.689   0.924   1.871   0.455

23.95  0.00   0.431   0.425   0.026   0.073   0.001   0.004   0.324   0.002   0.000   0.002   0.000 2080605000
23.95    3.80    50.837
23.95 15.00   0.665   1.205
23.95 15.00   1.871    63.008
23.95 15.00   1.687   0.931   1.871   0.462
23.95 15.00   1.689   0.924   1.871   0.455

23.96  0.00   0.431   0.425   0.026   0.073   0.001   0.004   0.324   0.002   0.000   0.002   0.000 2081473000
23.96    3.80    50.833
23.96 15.00   0.665   1.205
23.96 15.00   1.871    63.006
23.96 15.00   1.687   0.931   1.871   0.462
23.96 15.00   1.689   0.924   1.871   0.455

23.97  0.00   0.431   0.425   0.026   0.073   0.001   0.004   0.324   0.002   0.000   0.002   0.000 2082342000
23.97    3.79    50.829
23.97 15.00   0.665   1.205
23.97 15.00   1.871    63.004
23.97 15.00   1.687   0.931   1.871   0.462
23.97 15.00   1.689   0.924   1.871   0.455

23.98  0.00   0.431   0.425   0.026   0.073   0.001   0.004   0.324   0.002   0.000   0.002   0.000 2083211000
23.98    3.79    50.825
23.98 15.00   0.665   1.205
23.98 15.00   1.870    63.003
23.98 15.00   1.687   0.931   1.870   0.462
23.98 15.00   1.689   0.924   1.870   0.455

23.99  0.00   0.431   0.425   0.026   0.073   0.001   0.004   0.324   0.002   0.000   0.002   0.000 2084080000
23.99    3.79    50.821
23.99 15.00   0.665   1.205
23.99 15.00   1.870    63.001
23.99 15.00   1.687   0.931   1.870   0.462
23.99 15.00   1.689   0.924   1.870   0.455

24.00  0.00   0.431   0.425   0.026   0.073   0.001   0.004   0.324   0.002   0.000   0.002   0.000 2084948000
24.00    3.79    50.817
24.00 15.00   0.665   1.205
24.00 15.00   1.870    63.000
24.00 15.00   1.687   0.931   1.870   0.462
24.00 15.00   1.689   0.924   1.870   0.455

24.01  0.00   0.431   0.425   0.026   0.073   0.001   0.004   0.324   0.002   0.000   0.002   0.000 2085817000
24.01    3.79    50.813
24.01 15.00   0.665   1.205
24.01 15.00   1.870    62.998
24.01 15.00   1.687   0.931   1.870   0.462
24.01 15.00   1.689   0.924   1.870   0.455

24.02  0.00   0.431   0.425   0.026   0.073   0.001   0.004   0.324   0.002   0.000   0.002   0.000 2086686000
24.02    3.79    50.809
24.02 15.00   0.665   1.205
24.02 15.00   1.870    62.997
24.02 15.00   1.687   0.931   1.870   0.462
24.02 15.00   1.689   0.924   1.870   0.455

24.03  0.00   0.431   0.425   0.026   0.073   0.001   0.004   0.324   0.002   0.000   0.002   0.000 2087555000
24.03    3.79    50.805
24.03 15.00   0.665   1.205
24.03 15.00   1.870    62.995
24.03 15.00   1.687   0.931   1.870   0.462
24.03 15.00   1.689   0.924   1.870   0.455

24.04  0.00   0.431   0.425   0.026   0.073   0.001   0.004   0.324   0.002   0.000   0.002   0.000 2088423000
24.04    3.79    50.801
24.04 15.00   0.665   1.205
24.04 15.00   1.870    62.994
24.04 15.00   1.687   0.931   1.870   0.462
24.04 15.00   1.688   0.924   1.870   0.455

24.05  0.00   0.431   0.425   0.026   0.073   0.001   0.004   0.324   0.002   0.000   0.002   0.000 2089292000
24.05    3.79    50.797
24.05 15.00   0.664   1.205
24.05 15.00   1.870    62.992
24.05 15.00   1.687   0.930   1.870   0.462
24.05 15.00   1.688   0.924   1.870   0.455

24.06  0.00   0.431   0.425   0.026   0.073   0.001   0.004   0.324   0.002   0.000   0.002   0.000 2090161000
24.06    3.79    50.793
24.06 15.00   0.664   1.205
24.06 15.00   1.870    62.991
24.06 15.00   1.686   0.930   1.870   0.462
24.06 15.00   1.688   0.924   1.870   0.455

24.07  0.00   0.431   0.425   0.026   0.073   0.001   0.004   0.324   0.002   0.000   0.002   0.000 2091030000
24.07    3.79    50.789
24.07 15.00   0.664   1.205
24.07 15.00   1.870    62.989
24.07 15.00   1.686   0.930   1.870   0.462
24.07 15.00   1.688   0.924   1.870   0.455

24.08  0.00   0.431   0.425   0.026   0.073   0.001   0.004   0.324   0.002   0.000   0.002   0.000 2091898000
24.08    3.79    50.785
24.08 15.00   0.664   1.205
24.08 15.00   1.870    62.988
24.08 15.00   1.686   0.930   1.870   0.462
24.08 15.00   1.688   0.924   1.870   0.455

24.09  0.00   0.431   0.425   0.026   0.073   0.001   0.004   0.324   0.002   0.000   0.002   0.000 2092767000
24.09    3.79    50.782
24.09 15.00   0.664   1.205
24.09 15.00   1.870    62.986
24.09 15.00   1.686   0.930   1.870   0.462
24.09 15.00   1.688   0.924   1.870   0.455

24.10  0.00   0.431   0.425   0.026   0.073   0.001   0.004   0.324   0.002   0.000   0.002   0.000 2093636000
24.10    3.79    50.778
24.10 15.00   0.664   1.205
24.10 15.00   1.869    62.984
24.10 15.00   1.686   0.930   1.869   0.462
24.10 15.00   1.688   0.924   1.869   0.455

24.11  0.00   0.431   0.425   0.026   0.073   0.001   0.004   0.324   0.002   0.000   0.002   0.000 2094504000
24.11    3.79    50.774
24.11 15.00   0.664   1.205
24.11 15.00   1.869    62.983
24.11 15.00   1.686   0.930   1.869   0.462
24.11 15.00   1.688   0.923   1.869   0.455

24.12  0.00   0.431   0.425   0.026   0.073   0.001   0.004   0.324   0.002   0.000   0.002   0.000 2095373000
24.12    3.79    50.770
24.12 15.00   0.664   1.205
24.12 15.00   1.869    62.981
24.12 15.00   1.686   0.930   1.869   0.462
24.12 15.00   1.688   0.923   1.869   0.455

24.13  0.00   0.431   0.425   0.026   0.073   0.001   0.004   0.324   0.002   0.000   0.002   0.000 2096242000
24.13    3.79    50.766
24.13 15.00   0.664   1.205
24.13 15.00   1.869    62.980
24.13 15.00   1.686   0.930   1.869   0.462
24.13 15.00   1.688   0.923   1.869   0.455

24.14  0.00   0.431   0.425   0.026   0.073   0.001   0.004   0.324   0.002   0.000   0.002   0.000 2097111000
24.14    3.79    50.762
24.14 15.00   0.664   1.205
24.14 15.00   1.869    62.978
24.14 15.00   1.686   0.930   1.869   0.462
24.14 15.00   1.688   0.923   1.869   0.455

24.15  0.00   0.431   0.425   0.026   0.073   0.001   0.004   0.324   0.002   0.000   0.002   0.000 2097979000
24.15    3.79    50.758
24.15 15.00   0.664   1.205
24.15 15.00   1.869    62.977
24.15 15.00   1.686   0.930   1.869   0.462
24.15 15.00   1.688   0.923   1.869   0.455

24.16  0.00   0.431   0.425   0.026   0.073   0.001   0.004   0.324   0.002   0.000   0.002   0.000 2098848000
24.16    3.79    50.754
24.16 15.00   0.664   1.205
24.16 15.00   1.869    62.975
24.16 15.00   1.686   0.930   1.869   0.462
24.16 15.00   1.687   0.923   1.869   0.455

24.17  0.00   0.431   0.425   0.026   0.073   0.001   0.004   0.324   0.002   0.000   0.002   0.000 2099717000
24.17    3.79    50.750
24.17 15.00   0.663   1.205
24.17 15.00   1.869    62.974
24.17 15.00   1.686   0.930   1.869   0.462
24.17 15.00   1.687   0.923   1.869   0.455

24.18  0.00   0.431   0.425   0.026   0.073   0.001   0.004   0.324   0.002   0.000   0.002   0.000 2100586000
24.18    3.79    50.746
24.18 15.00   0.663   1.205
24.18 15.00   1.869    62.972
24.18 15.00   1.685   0.930   1.869   0.462
24.18 15.00   1.687   0.923   1.869   0.455

24.19  0.00   0.431   0.425   0.026   0.073   0.001   0.004   0.324   0.002   0.000   0.002   0.000 2101454000
24.19    3.79    50.742
24.19 15.00   0.663   1.205
24.19 15.00   1.869    62.971
24.19 15.00   1.685   0.930   1.869   0.462
24.19 15.00   1.687   0.923   1.869   0.455

24.20  0.00   0.431   0.425   0.026   0.073   0.001   0.004   0.324   0.002   0.000   0.002   0.000 2102323000
24.20    3.79    50.739
24.20 15.00   0.663   1.205
24.20 15.00   1.869    62.969
24.20 15.00   1.685   0.930   1.869   0.462
24.20 15.00   1.687   0.923   1.869   0.455

24.21  0.00   0.431   0.425   0.026   0.073   0.001   0.004   0.324   0.002   0.000   0.002   0.000 2103192000
24.21    3.79    50.735
24.21 15.00   0.663   1.205
24.21 15.00   1.869    62.968
24.21 15.00   1.685   0.930   1.869   0.462
24.21 15.00   1.687   0.923   1.869   0.455

24.22  0.00   0.431   0.425   0.026   0.073   0.001   0.004   0.324   0.002   0.000   0.002   0.000 2104060000
24.22    3.79    50.731
24.22 15.00   0.663   1.205
24.22 15.00   1.868    62.966
24.22 15.00   1.685   0.930   1.868   0.462
24.22 15.00   1.687   0.923   1.868   0.455

24.23  0.00   0.431   0.425   0.026   0.073   0.001   0.004   0.324   0.002   0.000   0.002   0.000 2104929000
24.23    3.79    50.727
24.23 15.00   0.663   1.205
24.23 15.00   1.868    62.965
24.23 15.00   1.685   0.930   1.868   0.462
24.23 15.00   1.687   0.923   1.868   0.455

24.24  0.00   0.431   0.425   0.026   0.073   0.001   0.004   0.324   0.002   0.000   0.002   0.000 2105798000
24.24    3.79    50.723
24.24 15.00   0.663   1.205
24.24 15.00   1.868    62.963
24.24 15.00   1.685   0.930   1.868   0.462
24.24 15.00   1.687   0.923   1.868   0.455

24.25  0.00   0.431   0.425   0.026   0.073   0.001   0.004   0.324   0.002   0.000   0.002   0.000 2106667000
24.25    3.79    50.719
24.25 15.00   0.663   1.205
24.25 15.00   1.868    62.962
24.25 15.00   1.685   0.930   1.868   0.462
24.25 15.00   1.687   0.923   1.868   0.455

24.26  0.00   0.431   0.425   0.026   0.073   0.001   0.004   0.324   0.002   0.000   0.002   0.000 2107535000
24.26    3.79    50.715
24.26 15.00   0.663   1.205
24.26 15.00   1.868    62.960
24.26 15.00   1.685   0.930   1.868   0.462
24.26 15.00   1.687   0.923   1.868   0.455

24.27  0.00   0.431   0.425   0.026   0.073   0.001   0.004   0.324   0.002   0.000   0.002   0.000 2108404000
24.27    3.79    50.711
24.27 15.00   0.663   1.205
24.27 15.00   1.868    62.959
24.27 15.00   1.685   0.930   1.868   0.462
24.27 15.00   1.687   0.923   1.868   0.455

24.28  0.00   0.431   0.425   0.026   0.073   0.001   0.004   0.324   0.002   0.000   0.002   0.000 2109273000
24.28    3.78    50.708
24.28 15.00   0.663   1.205
24.28 15.00   1.868    62.957
24.28 15.00   1.685   0.930   1.868   0.462
24.28 15.00   1.687   0.923   1.868   0.455

24.29  0.00   0.431   0.425   0.026   0.073   0.001   0.004   0.324   0.002   0.000   0.002   0.000 2110142000
24.29    3.78    50.704
24.29 15.00   0.662   1.205
24.29 15.00   1.868    62.956
24.29 15.00   1.685   0.930   1.868   0.462
24.29 15.00   1.686   0.923   1.868   0.455

24.30  0.00   0.431   0.425   0.026   0.073   0.001   0.004   0.324   0.002   0.000   0.002   0.000 2111010000
24.30    3.78    50.700
24.30 15.00   0.662   1.205
24.30 15.00   1.868    62.954
24.30 15.00   1.685   0.930   1.868   0.462
24.30 15.00   1.686   0.923   1.868   0.455

24.31  0.00   0.431   0.425   0.026   0.073   0.001   0.004   0.324   0.002   0.000   0.002   0.000 2111879000
24.31    3.78    50.696
24.31 15.00   0.662   1.205
24.31 15.00   1.868    62.953
24.31 15.00   1.684   0.930   1.868   0.462
24.31 15.00   1.686   0.923   1.868   0.455

24.32  0.00   0.431   0.425   0.026   0.073   0.001   0.004   0.324   0.002   0.000   0.002   0.000 2112748000
24.32    3.78    50.692
24.32 15.00   0.662   1.205
24.32 15.00   1.868    62.951
24.32 15.00   1.684   0.930   1.868   0.462
24.32 15.00   1.686   0.923   1.868   0.455

24.33  0.00   0.431   0.425   0.026   0.073   0.001   0.004   0.324   0.002   0.000   0.002   0.000 2113617000
24.33    3.78    50.688
24.33 15.00   0.662   1.205
24.33 15.00   1.868    62.950
24.33 15.00   1.684   0.930   1.868   0.462
24.33 15.00   1.686   0.923   1.868   0.455

24.34  0.00   0.431   0.425   0.026   0.073   0.001   0.004   0.324   0.002   0.000   0.002   0.000 2114485000
24.34    3.78    50.684
24.34 15.00   0.662   1.205
24.34 15.00   1.867    62.948
24.34 15.00   1.684   0.930   1.867   0.462
24.34 15.00   1.686   0.923   1.867   0.455

24.35  0.00   0.431   0.425   0.026   0.073   0.001   0.004   0.324   0.002   0.000   0.002   0.000 2115354000
24.35    3.78    50.681
24.35 15.00   0.662   1.205
24.35 15.00   1.867    62.947
24.35 15.00   1.684   0.930   1.867   0.462
24.35 15.00   1.686   0.923   1.867   0.455

24.36  0.00   0.431   0.425   0.026   0.073   0.001   0.004   0.324   0.002   0.000   0.002   0.000 2116223000
24.36    3.78    50.677
24.36 15.00   0.662   1.205
24.36 15.00   1.867    62.945
24.36 15.00   1.684   0.930   1.867   0.462
24.36 15.00   1.686   0.923   1.867   0.455

24.37  0.00   0.431   0.425   0.026   0.073   0.001   0.004   0.324   0.002   0.000   0.002   0.000 2117091000
24.37    3.78    50.673
24.37 15.00   0.662   1.205
24.37 15.00   1.867    62.944
24.37 15.00   1.684   0.930   1.867   0.462
24.37 15.00   1.686   0.923   1.867   0.455

24.38  0.00   0.431   0.425   0.026   0.073   0.001   0.004   0.324   0.002   0.000   0.002   0.000 2117960000
24.38    3.78    50.669
24.38 15.00   0.662   1.205
24.38 15.00   1.867    62.942
24.38 15.00   1.684   0.930   1.867   0.462
24.38 15.00   1.686   0.923   1.867   0.455

24.39  0.00   0.431   0.425   0.026   0.073   0.001   0.004   0.324   0.002   0.000   0.002   0.000 2118829000
24.39    3.78    50.665
24.39 15.00   0.662   1.205
24.39 15.00   1.867    62.941
24.39 15.00   1.684   0.930   1.867   0.462
24.39 15.00   1.686   0.923   1.867   0.455

24.40  0.00   0.431   0.425   0.026   0.073   0.001   0.004   0.324   0.002   0.000   0.002   0.000 2119698000
24.40    3.78    50.661
24.40 15.00   0.662   1.205
24.40 15.00   1.867    62.939
24.40 15.00   1.684   0.930   1.867   0.462
24.40 15.00   1.686   0.923   1.867   0.455

24.41  0.00   0.431   0.425   0.026   0.073   0.001   0.004   0.324   0.002   0.000   0.002   0.000 2120566000
24.41    3.78    50.658
24.41 15.00   0.661   1.205
24.41 15.00   1.867    62.938
24.41 15.00   1.684   0.930   1.867   0.462
24.41 15.00   1.686   0.923   1.867   0.455

24.42  0.00   0.431   0.425   0.026   0.073   0.001   0.004   0.324   0.002   0.000   0.002   0.000 2121435000
24.42    3.78    50.654
24.42 15.00   0.661   1.205
24.42 15.00   1.867    62.936
24.42 15.00   1.684   0.930   1.867   0.462
24.42 15.00   1.685   0.923   1.867   0.455

24.43  0.00   0.431   0.425   0.026   0.073   0.001   0.004   0.324   0.002   0.000   0.002   0.000 2122304000
24.43    3.78    50.650
24.43 15.00   0.661   1.205
24.43 15.00   1.867    62.935
24.43 15.00   1.684   0.929   1.867   0.462
24.43 15.00   1.685   0.923   1.867   0.455

24.44  0.00   0.431   0.424   0.026   0.073   0.001   0.004   0.324   0.002   0.000   0.002   0.000 2123173000
24.44    3.78    50.646
24.44 15.00   0.661   1.205
24.44 15.00   1.867    62.933
24.44 15.00   1.683   0.929   1.867   0.462
24.44 15.00   1.685   0.923   1.867   0.455

24.45  0.00   0.431   0.424   0.026   0.073   0.001   0.004   0.324   0.002   0.000   0.002   0.000 2124041000
24.45    3.78    50.642
24.45 15.00   0.661   1.205
24.45 15.00   1.867    62.932
24.45 15.00   1.683   0.929   1.867   0.462
24.45 15.00   1.685   0.923   1.867   0.455

24.46  0.00   0.431   0.424   0.026   0.073   0.001   0.004   0.324   0.002   0.000   0.002   0.000 2124910000
24.46    3.78    50.638
24.46 15.00   0.661   1.205
24.46 15.00   1.866    62.930
24.46 15.00   1.683   0.929   1.866   0.462
24.46 15.00   1.685   0.923   1.866   0.455

24.47  0.00   0.431   0.424   0.026   0.073   0.001   0.004   0.324   0.002   0.000   0.002   0.000 2125779000
24.47    3.78    50.635
24.47 15.00   0.661   1.205
24.47 15.00   1.866    62.929
24.47 15.00   1.683   0.929   1.866   0.462
24.47 15.00   1.685   0.923   1.866   0.455

24.48  0.00   0.431   0.424   0.026   0.073   0.001   0.004   0.324   0.002   0.000   0.002   0.000 2126647000
24.48    3.78    50.631
24.48 15.00   0.661   1.205
24.48 15.00   1.866    62.927
24.48 15.00   1.683   0.929   1.866   0.462
24.48 15.00   1.685   0.922   1.866   0.455

24.49  0.00   0.431   0.424   0.026   0.073   0.001   0.004   0.324   0.002   0.000   0.002   0.000 2127516000
24.49    3.78    50.627
24.49 15.00   0.661   1.205
24.49 15.00   1.866    62.926
24.49 15.00   1.683   0.929   1.866   0.462
24.49 15.00   1.685   0.922   1.866   0.455

24.50  0.00   0.431   0.424   0.026   0.073   0.001   0.004   0.324   0.002   0.000   0.002   0.000 2128385000
24.50    3.78    50.623
24.50 15.00   0.661   1.205
24.50 15.00   1.866    62.924
24.50 15.00   1.683   0.929   1.866   0.462
24.50 15.00   1.685   0.922   1.866   0.455

24.51  0.00   0.431   0.424   0.026   0.073   0.001   0.004   0.324   0.002   0.000   0.002   0.000 2129254000
24.51    3.78    50.619
24.51 15.00   0.661   1.205
24.51 15.00   1.866    62.923
24.51 15.00   1.683   0.929   1.866   0.462
24.51 15.00   1.685   0.922   1.866   0.455

24.52  0.00   0.431   0.424   0.026   0.073   0.001   0.004   0.324   0.002   0.000   0.002   0.000 2130122000
24.52    3.78    50.616
24.52 15.00   0.661   1.205
24.52 15.00   1.866    62.921
24.52 15.00   1.683   0.929   1.866   0.462
24.52 15.00   1.685   0.922   1.866   0.455

24.53  0.00   0.431   0.424   0.026   0.073   0.001   0.004   0.324   0.002   0.000   0.002   0.000 2130991000
24.53    3.78    50.612
24.53 15.00   0.660   1.205
24.53 15.00   1.866    62.920
24.53 15.00   1.683   0.929   1.866   0.462
24.53 15.00   1.685   0.922   1.866   0.455

24.54  0.00   0.431   0.424   0.026   0.073   0.001   0.004   0.324   0.002   0.000   0.002   0.000 2131860000
24.54    3.78    50.608
24.54 15.00   0.660   1.205
24.54 15.00   1.866    62.918
24.54 15.00   1.683   0.929   1.866   0.462
24.54 15.00   1.685   0.922   1.866   0.455

24.55  0.00   0.431   0.424   0.026   0.073   0.001   0.004   0.324   0.002   0.000   0.002   0.000 2132728000
24.55    3.78    50.604
24.55 15.00   0.660   1.205
24.55 15.00   1.866    62.917
24.55 15.00   1.683   0.929   1.866   0.462
24.55 15.00   1.684   0.922   1.866   0.455

24.56  0.00   0.431   0.424   0.026   0.073   0.001   0.004   0.324   0.002   0.000   0.002   0.000 2133597000
24.56    3.78    50.600
24.56 15.00   0.660   1.205
24.56 15.00   1.866    62.915
24.56 15.00   1.683   0.929   1.866   0.462
24.56 15.00   1.684   0.922   1.866   0.455

24.57  0.00   0.431   0.424   0.026   0.073   0.001   0.004   0.324   0.002   0.000   0.002   0.000 2134466000
24.57    3.78    50.597
24.57 15.00   0.660   1.205
24.57 15.00   1.866    62.914
24.57 15.00   1.682   0.929   1.866   0.462
24.57 15.00   1.684   0.922   1.866   0.455

24.58  0.00   0.431   0.424   0.026   0.073   0.001   0.004   0.324   0.002   0.000   0.002   0.000 2135335000
24.58    3.78    50.593
24.58 15.00   0.660   1.205
24.58 15.00   1.865    62.912
24.58 15.00   1.682   0.929   1.865   0.462
24.58 15.00   1.684   0.922   1.865   0.455

24.59  0.00   0.431   0.424   0.026   0.073   0.001   0.004   0.324   0.002   0.000   0.002   0.000 2136203000
24.59    3.78    50.589
24.59 15.00   0.660   1.205
24.59 15.00   1.865    62.911
24.59 15.00   1.682   0.929   1.865   0.462
24.59 15.00   1.684   0.922   1.865   0.455

24.60  0.00   0.431   0.424   0.026   0.073   0.001   0.004   0.324   0.002   0.000   0.002   0.000 2137072000
24.60    3.77    50.585
24.60 15.00   0.660   1.205
24.60 15.00   1.865    62.910
24.60 15.00   1.682   0.929   1.865   0.462
24.60 15.00   1.684   0.922   1.865   0.455

24.61  0.00   0.431   0.424   0.026   0.073   0.001   0.004   0.324   0.002   0.000   0.002   0.000 2137941000
24.61    3.77    50.581
24.61 15.00   0.660   1.205
24.61 15.00   1.865    62.908
24.61 15.00   1.682   0.929   1.865   0.462
24.61 15.00   1.684   0.922   1.865   0.455

24.62  0.00   0.431   0.424   0.026   0.073   0.001   0.004   0.324   0.002   0.000   0.002   0.000 2138810000
24.62    3.77    50.578
24.62 15.00   0.660   1.205
24.62 15.00   1.865    62.907
24.62 15.00   1.682   0.929   1.865   0.462
24.62 15.00   1.684   0.922   1.865   0.455

24.63  0.00   0.431   0.424   0.026   0.073   0.001   0.004   0.324   0.002   0.000   0.002   0.000 2139678000
24.63    3.77    50.574
24.63 15.00   0.660   1.205
24.63 15.00   1.865    62.905
24.63 15.00   1.682   0.929   1.865   0.462
24.63 15.00   1.684   0.922   1.865   0.455

24.64  0.00   0.431   0.424   0.026   0.073   0.001   0.004   0.324   0.002   0.000   0.002   0.000 2140547000
24.64    3.77    50.570
24.64 15.00   0.660   1.205
24.64 15.00   1.865    62.904
24.64 15.00   1.682   0.929   1.865   0.462
24.64 15.00   1.684   0.922   1.865   0.455

24.65  0.00   0.431   0.424   0.026   0.073   0.001   0.004   0.324   0.002   0.000   0.002   0.000 2141416000
24.65    3.77    50.566
24.65 15.00   0.660   1.205
24.65 15.00   1.865    62.902
24.65 15.00   1.682   0.929   1.865   0.462
24.65 15.00   1.684   0.922   1.865   0.455

24.66  0.00   0.431   0.424   0.026   0.073   0.001   0.004   0.324   0.002   0.000   0.002   0.000 2142285000
24.66    3.77    50.563
24.66 15.00   0.659   1.205
24.66 15.00   1.865    62.901
24.66 15.00   1.682   0.929   1.865   0.462
24.66 15.00   1.684   0.922   1.865   0.455

24.67  0.00   0.431   0.424   0.026   0.073   0.001   0.004   0.324   0.002   0.000   0.002   0.000 2143153000
24.67    3.77    50.559
24.67 15.00   0.659   1.205
24.67 15.00   1.865    62.899
24.67 15.00   1.682   0.929   1.865   0.462
24.67 15.00   1.684   0.922   1.865   0.455

24.68  0.00   0.431   0.424   0.026   0.073   0.001   0.004   0.324   0.002   0.000   0.002   0.000 2144022000
24.68    3.77    50.555
24.68 15.00   0.659   1.205
24.68 15.00   1.865    62.898
24.68 15.00   1.682   0.929   1.865   0.462
24.68 15.00   1.683   0.922   1.865   0.455

24.69  0.00   0.431   0.424   0.026   0.073   0.001   0.004   0.324   0.002   0.000   0.002   0.000 2144891000
24.69    3.77    50.551
24.69 15.00   0.659   1.205
24.69 15.00   1.865    62.896
24.69 15.00   1.682   0.929   1.865   0.462
24.69 15.00   1.683   0.922   1.865   0.455

24.70  0.00   0.431   0.424   0.026   0.073   0.001   0.004   0.324   0.002   0.000   0.002   0.000 2145759000
24.70    3.77    50.547
24.70 15.00   0.659   1.205
24.70 15.00   1.865    62.895
24.70 15.00   1.681   0.929   1.865   0.462
24.70 15.00   1.683   0.922   1.865   0.455

24.71  0.00   0.431   0.424   0.026   0.073   0.001   0.004   0.324   0.002   0.000   0.002   0.000 2146628000
24.71    3.77    50.544
24.71 15.00   0.659   1.205
24.71 15.00   1.864    62.893
24.71 15.00   1.681   0.929   1.864   0.462
24.71 15.00   1.683   0.922   1.864   0.455

24.72  0.00   0.431   0.424   0.026   0.073   0.001   0.004   0.324   0.002   0.000   0.002   0.000 2147497000
24.72    3.77    50.540
24.72 15.00   0.659   1.205
24.72 15.00   1.864    62.892
24.72 15.00   1.681   0.929   1.864   0.462
24.72 15.00   1.683   0.922   1.864   0.455

24.73  0.00   0.431   0.424   0.026   0.073   0.001   0.004   0.324   0.002   0.000   0.002   0.000 2148366000
24.73    3.77    50.536
24.73 15.00   0.659   1.205
24.73 15.00   1.864    62.891
24.73 15.00   1.681   0.929   1.864   0.462
24.73 15.00   1.683   0.922   1.864   0.455

24.74  0.00   0.431   0.424   0.026   0.073   0.001   0.004   0.324   0.002   0.000   0.002   0.000 2149234000
24.74    3.77    50.532
24.74 15.00   0.659   1.205
24.74 15.00   1.864    62.889
24.74 15.00   1.681   0.929   1.864   0.462
24.74 15.00   1.683   0.922   1.864   0.455

24.75  0.00   0.431   0.424   0.026   0.073   0.001   0.004   0.324   0.002   0.000   0.002   0.000 2150103000
24.75    3.77    50.529
24.75 15.00   0.659   1.205
24.75 15.00   1.864    62.888
24.75 15.00   1.681   0.929   1.864   0.462
24.75 15.00   1.683   0.922   1.864   0.455

24.76  0.00   0.431   0.424   0.026   0.073   0.001   0.004   0.324   0.002   0.000   0.002   0.000 2150972000
24.76    3.77    50.525
24.76 15.00   0.659   1.205
24.76 15.00   1.864    62.886
24.76 15.00   1.681   0.929   1.864   0.462
24.76 15.00   1.683   0.922   1.864   0.455

24.77  0.00   0.431   0.424   0.026   0.073   0.001   0.004   0.324   0.002   0.000   0.002   0.000 2151841000
24.77    3.77    50.521
24.77 15.00   0.659   1.205
24.77 15.00   1.864    62.885
24.77 15.00   1.681   0.929   1.864   0.462
24.77 15.00   1.683   0.922   1.864   0.455

24.78  0.00   0.431   0.424   0.026   0.073   0.001   0.004   0.324   0.002   0.000   0.002   0.000 2152709000
24.78    3.77    50.518
24.78 15.00   0.658   1.205
24.78 15.00   1.864    62.883
24.78 15.00   1.681   0.929   1.864   0.462
24.78 15.00   1.683   0.922   1.864   0.455

24.79  0.00   0.431   0.424   0.026   0.073   0.001   0.004   0.324   0.002   0.000   0.002   0.000 2153578000
24.79    3.77    50.514
24.79 15.00   0.658   1.205
24.79 15.00   1.864    62.882
24.79 15.00   1.681   0.929   1.864   0.462
24.79 15.00   1.683   0.922   1.864   0.455

24.80  0.00   0.431   0.424   0.026   0.073   0.001   0.004   0.324   0.002   0.000   0.002   0.000 2154447000
24.80    3.77    50.510
24.80 15.00   0.658   1.205
24.80 15.00   1.864    62.880
24.80 15.00   1.681   0.929   1.864   0.462
24.80 15.00   1.683   0.922   1.864   0.455

24.81  0.00   0.431   0.424   0.026   0.073   0.001   0.004   0.324   0.002   0.000   0.002   0.000 2155315000
24.81    3.77    50.506
24.81 15.00   0.658   1.205
24.81 15.00   1.864    62.879
24.81 15.00   1.681   0.928   1.864   0.462
24.81 15.00   1.682   0.922   1.864   0.455

24.82  0.00   0.431   0.424   0.026   0.073   0.001   0.004   0.324   0.002   0.000   0.002   0.000 2156184000
24.82    3.77    50.503
24.82 15.00   0.658   1.205
24.82 15.00   1.864    62.877
24.82 15.00   1.681   0.928   1.864   0.462
24.82 15.00   1.682   0.922   1.864   0.455

24.83  0.00   0.431   0.424   0.026   0.073   0.001   0.004   0.324   0.002   0.000   0.002   0.000 2157053000
24.83    3.77    50.499
24.83 15.00   0.658   1.205
24.83 15.00   1.863    62.876
24.83 15.00   1.680   0.928   1.863   0.462
24.83 15.00   1.682   0.922   1.863   0.455

24.84  0.00   0.431   0.424   0.026   0.073   0.001   0.004   0.324   0.002   0.000   0.002   0.000 2157922000
24.84    3.77    50.495
24.84 15.00   0.658   1.205
24.84 15.00   1.863    62.875
24.84 15.00   1.680   0.928   1.863   0.462
24.84 15.00   1.682   0.922   1.863   0.455

24.85  0.00   0.431   0.424   0.026   0.073   0.001   0.004   0.324   0.002   0.000   0.002   0.000 2158790000
24.85    3.77    50.491
24.85 15.00   0.658   1.205
24.85 15.00   1.863    62.873
24.85 15.00   1.680   0.928   1.863   0.462
24.85 15.00   1.682   0.922   1.863   0.455

24.86  0.00   0.431   0.424   0.026   0.073   0.001   0.004   0.324   0.002   0.000   0.002   0.000 2159659000
24.86    3.77    50.488
24.86 15.00   0.658   1.205
24.86 15.00   1.863    62.872
24.86 15.00   1.680   0.928   1.863   0.462
24.86 15.00   1.682   0.921   1.863   0.455

24.87  0.00   0.431   0.424   0.026   0.073   0.001   0.004   0.324   0.002   0.000   0.002   0.000 2160528000
24.87    3.77    50.484
24.87 15.00   0.658   1.205
24.87 15.00   1.863    62.870
24.87 15.00   1.680   0.928   1.863   0.462
24.87 15.00   1.682   0.921   1.863   0.455

24.88  0.00   0.431   0.424   0.026   0.073   0.001   0.004   0.324   0.002   0.000   0.002   0.000 2161396000
24.88    3.77    50.480
24.88 15.00   0.658   1.205
24.88 15.00   1.863    62.869
24.88 15.00   1.680   0.928   1.863   0.462
24.88 15.00   1.682   0.921   1.863   0.455

24.89  0.00   0.431   0.424   0.026   0.073   0.001   0.004   0.324   0.002   0.000   0.002   0.000 2162265000
24.89    3.77    50.477
24.89 15.00   0.658   1.205
24.89 15.00   1.863    62.867
24.89 15.00   1.680   0.928   1.863   0.462
24.89 15.00   1.682   0.921   1.863   0.455

24.90  0.00   0.431   0.424   0.026   0.073   0.001   0.004   0.324   0.002   0.000   0.002   0.000 2163134000
24.90    3.77    50.473
24.90 15.00   0.658   1.205
24.90 15.00   1.863    62.866
24.90 15.00   1.680   0.928   1.863   0.462
24.90 15.00   1.682   0.921   1.863   0.455

24.91  0.00   0.431   0.424   0.026   0.073   0.001   0.004   0.324   0.002   0.000   0.002   0.000 2164003000
24.91    3.77    50.469
24.91 15.00   0.657   1.205
24.91 15.00   1.863    62.865
24.91 15.00   1.680   0.928   1.863   0.462
24.91 15.00   1.682   0.921   1.863   0.455

24.92  0.00   0.431   0.424   0.026   0.073   0.001   0.004   0.324   0.002   0.000   0.002   0.000 2164871000
24.92    3.77    50.465
24.92 15.00   0.657   1.205
24.92 15.00   1.863    62.863
24.92 15.00   1.680   0.928   1.863   0.462
24.92 15.00   1.682   0.921   1.863   0.455

24.93  0.00   0.431   0.424   0.026   0.073   0.001   0.004   0.324   0.002   0.000   0.002   0.000 2165740000
24.93    3.76    50.462
24.93 15.00   0.657   1.205
24.93 15.00   1.863    62.862
24.93 15.00   1.680   0.928   1.863   0.462
24.93 15.00   1.682   0.921   1.863   0.455

24.94  0.00   0.431   0.424   0.026   0.073   0.001   0.004   0.324   0.002   0.000   0.002   0.000 2166609000
24.94    3.76    50.458
24.94 15.00   0.657   1.205
24.94 15.00   1.863    62.860
24.94 15.00   1.680   0.928   1.863   0.462
24.94 15.00   1.681   0.921   1.863   0.455

24.95  0.00   0.431   0.424   0.026   0.073   0.001   0.004   0.324   0.002   0.000   0.002   0.000 2167478000
24.95    3.76    50.454
24.95 15.00   0.657   1.205
24.95 15.00   1.863    62.859
24.95 15.00   1.680   0.928   1.863   0.462
24.95 15.00   1.681   0.921   1.863   0.455

24.96  0.00   0.431   0.424   0.026   0.073   0.001   0.004   0.324   0.002   0.000   0.002   0.000 2168346000
24.96    3.76    50.451
24.96 15.00   0.657   1.205
24.96 15.00   1.862    62.857
24.96 15.00   1.679   0.928   1.862   0.462
24.96 15.00   1.681   0.921   1.862   0.455

24.97  0.00   0.431   0.424   0.026   0.073   0.001   0.004   0.324   0.002   0.000   0.002   0.000 2169215000
24.97    3.76    50.447
24.97 15.00   0.657   1.205
24.97 15.00   1.862    62.856
24.97 15.00   1.679   0.928   1.862   0.462
24.97 15.00   1.681   0.921   1.862   0.455

24.98  0.00   0.431   0.424   0.026   0.073   0.001   0.004   0.324   0.002   0.000   0.002   0.000 2170084000
24.98    3.76    50.443
24.98 15.00   0.657   1.205
24.98 15.00   1.862    62.854
24.98 15.00   1.679   0.928   1.862   0.462
24.98 15.00   1.681   0.921   1.862   0.455

24.99  0.00   0.431   0.424   0.026   0.073   0.001   0.004   0.324   0.002   0.000   0.002   0.000 2170952000
24.99    3.76    50.440
24.99 15.00   0.657   1.205
24.99 15.00   1.862    62.853
24.99 15.00   1.679   0.928   1.862   0.462
24.99 15.00   1.681   0.921   1.862   0.455

25.00  0.00   0.431   0.424   0.026   0.073   0.001   0.004   0.324   0.002   0.000   0.002   0.000 2171821000
25.00    3.76    50.436
25.00 15.00   0.657   1.205
25.00 15.00   1.862    62.852
25.00 15.00   1.679   0.928   1.862   0.462
25.00 15.00   1.681   0.921   1.862   0.455
