
                -------->  BODY TRANSITIONING TO TURBULENT FLOW  <--------

 0.01  0.00   0.290   0.283  0.169   0.009   0.020  0.056   0.036   0.000  0.000    868729
 0.01 13.37 110.136
 0.01 16.00   3.383   1.367
 0.01 16.00   4.750 102.999
 0.01 16.00   4.480   1.611   4.750   0.314
 0.01 16.00   4.482   1.604   4.750   0.307

 0.02  0.00   0.291   0.284  0.197   0.011   0.018  0.040   0.025   0.000  0.000   1737457
 0.02 13.37 110.136
 0.02 16.00   3.383   1.367
 0.02 16.00   4.750 102.999
 0.02 16.00   4.480   1.612   4.750   0.314
 0.02 16.00   4.482   1.605   4.750   0.307

 0.03  0.00   0.282   0.275  0.199   0.011   0.018  0.032   0.021   0.000  0.000   2606186
 0.03 13.37 110.136
 0.03 16.00   3.383   1.367
 0.03 16.00   4.750 102.999
 0.03 16.00   4.482   1.602   4.750   0.305
 0.03 16.00   4.484   1.595   4.750   0.298

 0.04  0.00   0.273   0.267  0.198   0.011   0.018  0.028   0.018   0.000  0.000   3474914
 0.04 13.37 110.136
 0.04 16.00   3.383   1.367
 0.04 16.00   4.750 102.999
 0.04 16.00   4.485   1.594   4.750   0.296
 0.04 16.00   4.487   1.587   4.750   0.288

 0.05  0.00   0.269   0.262  0.196   0.011   0.018  0.027   0.017   0.000  0.000   4343642
 0.05 13.37 110.136
 0.05 16.00   3.383   1.367
 0.05 16.00   4.750 102.999
 0.05 16.00   4.486   1.589   4.750   0.291
 0.05 16.00   4.488   1.582   4.750   0.284

 0.06  0.00   0.266   0.260  0.193   0.011   0.018  0.027   0.017   0.000  0.000   5212371
 0.06 13.37 110.136
 0.06 16.00   3.383   1.367
 0.06 16.00   4.750 102.999
 0.06 16.00   4.487   1.586   4.750   0.288
 0.06 16.00   4.489   1.579   4.750   0.281

 0.07  0.00   0.264   0.257  0.191   0.010   0.018  0.027   0.017   0.000  0.000   6081100
 0.07 13.37 110.136
 0.07 16.00   3.383   1.367
 0.07 16.00   4.750 102.999
 0.07 16.00   4.488   1.584   4.750   0.285
 0.07 16.00   4.490   1.577   4.750   0.278

 0.08  0.00   0.261   0.255  0.189   0.010   0.019  0.027   0.017   0.000  0.000   6949828
 0.08 13.37 110.136
 0.08 16.00   3.383   1.367
 0.08 16.00   4.750 102.999
 0.08 16.00   4.488   1.581   4.750   0.283
 0.08 16.00   4.490   1.574   4.750   0.276

 0.09  0.00   0.259   0.253  0.187   0.010   0.019  0.027   0.017   0.000  0.000   7818557
 0.09 13.37 110.136
 0.09 16.00   3.383   1.367
 0.09 16.00   4.750 102.999
 0.09 16.00   4.489   1.579   4.750   0.281
 0.09 16.00   4.491   1.572   4.750   0.273

 0.10  0.00   0.258   0.251  0.185   0.010   0.019  0.027   0.017   0.000  0.000   8687285
 0.10 13.37 110.136
 0.10 16.00   3.383   1.367
 0.10 16.00   4.750 102.999
 0.10 16.00   4.490   1.578   4.750   0.279
 0.10 16.00   4.491   1.571   4.750   0.272

 0.11  0.00   0.258   0.251  0.185   0.010   0.019  0.027   0.017   0.000  0.000   9556014
 0.11 13.37 110.136
 0.11 16.00   3.383   1.367
 0.11 16.00   4.750 102.999
 0.11 16.00   4.490   1.578   4.750   0.279
 0.11 16.00   4.491   1.571   4.750   0.272

 0.12  0.00   0.258   0.251  0.185   0.010   0.019  0.027   0.017   0.000  0.000  10424740
 0.12 13.37 110.136
 0.12 16.00   3.383   1.367
 0.12 16.00   4.750 102.999
 0.12 16.00   4.490   1.578   4.750   0.279
 0.12 16.00   4.491   1.571   4.750   0.272

                -------->  FINS TRANSITIONING TO TURBULENT FLOW  <--------

 0.13  0.00   0.258   0.251  0.185   0.010   0.019  0.027   0.017   0.000  0.000  11293470
 0.13 13.37 110.136
 0.13 16.00   3.383   1.367
 0.13 16.00   4.750 102.999
 0.13 16.00   4.490   1.578   4.750   0.279
 0.13 16.00   4.492   1.571   4.750   0.272

 0.14  0.00   0.258   0.251  0.185   0.010   0.019  0.027   0.017   0.000  0.000  12162200
 0.14 13.37 110.136
 0.14 16.00   3.383   1.367
 0.14 16.00   4.750 102.999
 0.14 16.00   4.490   1.578   4.750   0.279
 0.14 16.00   4.492   1.571   4.750   0.272

 0.15  0.00   0.258   0.251  0.185   0.010   0.019  0.027   0.017   0.000  0.000  13030930
 0.15 13.37 110.136
 0.15 16.00   3.383   1.367
 0.15 16.00   4.750 102.999
 0.15 16.00   4.490   1.578   4.750   0.279
 0.15 16.00   4.492   1.571   4.750   0.272

 0.16  0.00   0.258   0.251  0.185   0.010   0.019  0.027   0.017   0.000  0.000  13899660
 0.16 13.37 110.136
 0.16 16.00   3.383   1.367
 0.16 16.00   4.750 102.999
 0.16 16.00   4.490   1.578   4.750   0.279
 0.16 16.00   4.492   1.571   4.750   0.272

 0.17  0.00   0.258   0.251  0.185   0.010   0.019  0.027   0.017   0.000  0.000  14768380
 0.17 13.37 110.136
 0.17 16.00   3.383   1.367
 0.17 16.00   4.750 102.999
 0.17 16.00   4.490   1.577   4.750   0.279
 0.17 16.00   4.492   1.571   4.750   0.272

 0.18  0.00   0.258   0.251  0.185   0.010   0.019  0.027   0.017   0.000  0.000  15637110
 0.18 13.37 110.136
 0.18 16.00   3.383   1.367
 0.18 16.00   4.750 102.999
 0.18 16.00   4.490   1.577   4.750   0.279
 0.18 16.00   4.492   1.571   4.750   0.272

 0.19  0.00   0.258   0.251  0.185   0.010   0.019  0.027   0.017   0.000  0.000  16505840
 0.19 13.37 110.136
 0.19 16.00   3.383   1.367
 0.19 16.00   4.750 102.999
 0.19 16.00   4.490   1.577   4.750   0.279
 0.19 16.00   4.492   1.571   4.750   0.272

 0.20  0.00   0.258   0.251  0.185   0.010   0.019  0.027   0.017   0.000  0.000  17374570
 0.20 13.37 110.136
 0.20 16.00   3.383   1.367
 0.20 16.00   4.750 102.999
 0.20 16.00   4.490   1.577   4.750   0.279
 0.20 16.00   4.492   1.570   4.750   0.272

 0.21  0.00   0.258   0.251  0.185   0.010   0.019  0.027   0.017   0.000  0.000  18243300
 0.21 13.37 110.136
 0.21 16.00   3.383   1.367
 0.21 16.00   4.750 102.999
 0.21 16.00   4.490   1.577   4.750   0.279
 0.21 16.00   4.492   1.570   4.750   0.272

 0.22  0.00   0.257   0.251  0.185   0.010   0.019  0.027   0.017   0.000  0.000  19112030
 0.22 13.37 110.136
 0.22 16.00   3.383   1.367
 0.22 16.00   4.750 102.999
 0.22 16.00   4.490   1.577   4.750   0.279
 0.22 16.00   4.492   1.570   4.750   0.272

 0.23  0.00   0.257   0.251  0.185   0.010   0.019  0.027   0.017   0.000  0.000  19980760
 0.23 13.37 110.136
 0.23 16.00   3.383   1.367
 0.23 16.00   4.750 102.999
 0.23 16.00   4.490   1.577   4.750   0.279
 0.23 16.00   4.492   1.570   4.750   0.271

 0.24  0.00   0.257   0.251  0.185   0.010   0.019  0.027   0.017   0.000  0.000  20849480
 0.24 13.37 110.136
 0.24 16.00   3.383   1.367
 0.24 16.00   4.750 102.999
 0.24 16.00   4.490   1.577   4.750   0.279
 0.24 16.00   4.492   1.570   4.750   0.271

 0.25  0.00   0.257   0.251  0.185   0.010   0.019  0.027   0.017   0.000  0.000  21718210
 0.25 13.37 110.136
 0.25 16.00   3.383   1.367
 0.25 16.00   4.750 102.999
 0.25 16.00   4.490   1.577   4.750   0.279
 0.25 16.00   4.492   1.570   4.750   0.271

 0.26  0.00   0.257   0.251  0.185   0.010   0.019  0.027   0.017   0.000  0.000  22586940
 0.26 13.37 110.136
 0.26 16.00   3.383   1.367
 0.26 16.00   4.750 102.999
 0.26 16.00   4.490   1.577   4.750   0.279
 0.26 16.00   4.492   1.570   4.750   0.271

 0.27  0.00   0.257   0.251  0.185   0.010   0.019  0.027   0.017   0.000  0.000  23455670
 0.27 13.37 110.136
 0.27 16.00   3.383   1.367
 0.27 16.00   4.750 102.999
 0.27 16.00   4.490   1.577   4.750   0.279
 0.27 16.00   4.492   1.570   4.750   0.272

 0.28  0.00   0.258   0.251  0.185   0.010   0.019  0.027   0.017   0.000  0.000  24324400
 0.28 13.37 110.136
 0.28 16.00   3.383   1.367
 0.28 16.00   4.750 102.999
 0.28 16.00   4.490   1.577   4.750   0.279
 0.28 16.00   4.492   1.570   4.750   0.272

 0.29  0.00   0.258   0.251  0.185   0.010   0.019  0.027   0.017   0.000  0.000  25193130
 0.29 13.37 110.136
 0.29 16.00   3.383   1.367
 0.29 16.00   4.750 102.999
 0.29 16.00   4.490   1.577   4.750   0.279
 0.29 16.00   4.492   1.571   4.750   0.272

 0.30  0.00   0.258   0.251  0.185   0.010   0.019  0.027   0.017   0.000  0.000  26061860
 0.30 13.37 110.136
 0.30 16.00   3.383   1.367
 0.30 16.00   4.750 102.999
 0.30 16.00   4.490   1.577   4.750   0.279
 0.30 16.00   4.492   1.571   4.750   0.272

 0.31  0.00   0.258   0.251  0.185   0.010   0.019  0.027   0.017   0.000  0.000  26930580
 0.31 13.37 110.136
 0.31 16.00   3.383   1.367
 0.31 16.00   4.750 102.999
 0.31 16.00   4.490   1.578   4.750   0.279
 0.31 16.00   4.492   1.571   4.750   0.272

 0.32  0.00   0.258   0.251  0.184   0.010   0.019  0.027   0.017   0.000  0.000  27799310
 0.32 13.37 110.136
 0.32 16.00   3.383   1.367
 0.32 16.00   4.750 102.999
 0.32 16.00   4.490   1.578   4.750   0.279
 0.32 16.00   4.492   1.571   4.750   0.272

 0.33  0.00   0.258   0.251  0.184   0.010   0.019  0.027   0.017   0.000  0.000  28668040
 0.33 13.37 110.136
 0.33 16.00   3.383   1.367
 0.33 16.00   4.750 102.999
 0.33 16.00   4.490   1.578   4.750   0.279
 0.33 16.00   4.492   1.571   4.750   0.272

 0.34  0.00   0.258   0.251  0.184   0.010   0.019  0.027   0.017   0.000  0.000  29536770
 0.34 13.37 110.136
 0.34 16.00   3.383   1.367
 0.34 16.00   4.750 102.999
 0.34 16.00   4.490   1.578   4.750   0.279
 0.34 16.00   4.491   1.571   4.750   0.272

 0.35  0.00   0.258   0.251  0.184   0.010   0.019  0.027   0.018   0.000  0.000  30405500
 0.35 13.37 110.136
 0.35 16.00   3.383   1.367
 0.35 16.00   4.750 102.999
 0.35 16.00   4.489   1.578   4.750   0.279
 0.35 16.00   4.491   1.571   4.750   0.272

 0.36  0.00   0.258   0.251  0.184   0.010   0.019  0.027   0.018   0.000  0.000  31274230
 0.36 13.37 110.136
 0.36 16.00   3.383   1.367
 0.36 16.00   4.750 102.999
 0.36 16.00   4.489   1.578   4.750   0.279
 0.36 16.00   4.491   1.571   4.750   0.272

 0.37  0.00   0.258   0.251  0.184   0.010   0.019  0.027   0.018   0.000  0.000  32142960
 0.37 13.37 110.136
 0.37 16.00   3.383   1.353
 0.37 16.00   4.736 103.078
 0.37 16.00   4.476   1.574   4.736   0.279
 0.37 16.00   4.478   1.567   4.736   0.272

 0.38  0.00   0.258   0.252  0.184   0.010   0.019  0.027   0.018   0.000  0.000  33011680
 0.38 13.37 110.136
 0.38 16.00   3.383   1.333
 0.38 16.00   4.716 103.189
 0.38 16.00   4.457   1.569   4.716   0.279
 0.38 16.00   4.459   1.562   4.716   0.272

 0.39  0.00   0.258   0.252  0.184   0.010   0.019  0.027   0.018   0.000  0.000  33880410
 0.39 13.37 110.136
 0.39 16.00   3.383   1.313
 0.39 16.00   4.696 103.301
 0.39 16.00   4.437   1.563   4.696   0.279
 0.39 16.00   4.439   1.556   4.696   0.272

 0.40  0.00   0.258   0.252  0.184   0.010   0.019  0.028   0.018   0.000  0.000  34749140
 0.40 13.37 110.136
 0.40 16.00   3.383   1.293
 0.40 16.00   4.676 103.413
 0.40 16.00   4.418   1.558   4.676   0.280
 0.40 16.00   4.420   1.551   4.676   0.272

 0.41  0.00   0.258   0.252  0.184   0.010   0.019  0.028   0.018   0.000  0.000  35617870
 0.41 13.37 110.136
 0.41 16.00   3.383   1.273
 0.41 16.00   4.657 103.527
 0.41 16.00   4.399   1.552   4.657   0.280
 0.41 16.00   4.401   1.545   4.657   0.272

 0.42  0.00   0.258   0.252  0.184   0.010   0.019  0.028   0.018   0.000  0.000  36486600
 0.42 13.37 110.136
 0.42 16.00   3.383   1.253
 0.42 16.00   4.637 103.642
 0.42 16.00   4.380   1.547   4.637   0.280
 0.42 16.00   4.382   1.540   4.637   0.272

 0.43  0.00   0.258   0.252  0.184   0.010   0.019  0.028   0.018   0.000  0.000  37355330
 0.43 13.37 110.136
 0.43 16.00   3.383   1.234
 0.43 16.00   4.617 103.757
 0.43 16.00   4.361   1.541   4.617   0.280
 0.43 16.00   4.363   1.535   4.617   0.273

 0.44  0.00   0.259   0.252  0.184   0.010   0.019  0.028   0.018   0.000  0.000  38224060
 0.44 13.37 110.136
 0.44 16.00   3.383   1.214
 0.44 16.00   4.597 103.874
 0.44 16.00   4.342   1.536   4.597   0.280
 0.44 16.00   4.344   1.529   4.597   0.273

 0.45  0.00   0.259   0.252  0.184   0.010   0.019  0.028   0.018   0.000  0.000  39092780
 0.45 13.37 110.136
 0.45 16.00   3.383   1.194
 0.45 16.00   4.577 103.992
 0.45 16.00   4.323   1.531   4.577   0.280
 0.45 16.00   4.325   1.524   4.577   0.273

 0.46  0.00   0.259   0.252  0.184   0.010   0.019  0.028   0.018   0.000  0.000  39961510
 0.46 13.37 110.136
 0.46 16.00   3.383   1.174
 0.46 16.00   4.557 104.110
 0.46 16.00   4.303   1.525   4.557   0.280
 0.46 16.00   4.305   1.518   4.557   0.273

 0.47  0.00   0.259   0.252  0.184   0.010   0.019  0.028   0.018   0.000  0.000  40830240
 0.47 13.37 110.136
 0.47 16.00   3.383   1.154
 0.47 16.00   4.537 104.230
 0.47 16.00   4.284   1.520   4.537   0.280
 0.47 16.00   4.286   1.513   4.537   0.273

 0.48  0.00   0.259   0.252  0.184   0.010   0.019  0.028   0.018   0.000  0.000  41698970
 0.48 13.37 110.136
 0.48 16.00   3.383   1.134
 0.48 16.00   4.517 104.351
 0.48 16.00   4.265   1.514   4.517   0.280
 0.48 16.00   4.267   1.507   4.517   0.273

 0.49  0.00   0.259   0.252  0.184   0.010   0.019  0.028   0.018   0.000  0.000  42567700
 0.49 13.37 110.136
 0.49 16.00   3.383   1.114
 0.49 16.00   4.497 104.473
 0.49 16.00   4.246   1.509   4.497   0.280
 0.49 16.00   4.248   1.502   4.497   0.273

 0.50  0.00   0.259   0.252  0.184   0.010   0.019  0.028   0.018   0.000  0.000  43436420
 0.50 13.37 110.136
 0.50 16.00   3.383   1.094
 0.50 16.00   4.478 104.596
 0.50 16.00   4.227   1.503   4.478   0.280
 0.50 16.00   4.229   1.497   4.478   0.273

 0.51  0.00   0.259   0.252  0.184   0.010   0.019  0.028   0.018   0.000  0.000  44305150
 0.51 13.37 110.136
 0.51 16.00   3.383   1.074
 0.51 16.00   4.458 104.720
 0.51 16.00   4.208   1.498   4.458   0.280
 0.51 16.00   4.210   1.491   4.458   0.273

 0.52  0.00   0.259   0.252  0.184   0.010   0.019  0.028   0.018   0.000  0.000  45173880
 0.52 13.37 110.136
 0.52 16.00   3.383   1.055
 0.52 16.00   4.438 104.845
 0.52 16.00   4.189   1.493   4.438   0.280
 0.52 16.00   4.191   1.486   4.438   0.273

 0.53  0.00   0.259   0.252  0.184   0.010   0.019  0.028   0.018   0.000  0.000  46042610
 0.53 13.37 110.136
 0.53 16.00   3.383   1.035
 0.53 16.00   4.418 104.971
 0.53 16.00   4.170   1.487   4.418   0.280
 0.53 16.00   4.171   1.480   4.418   0.273

 0.54  0.00   0.259   0.252  0.184   0.010   0.019  0.028   0.018   0.000  0.000  46911340
 0.54 13.37 110.136
 0.54 16.00   3.383   1.015
 0.54 16.00   4.398 105.099
 0.54 16.00   4.150   1.482   4.398   0.280
 0.54 16.00   4.152   1.475   4.398   0.273

 0.55  0.00   0.259   0.253  0.184   0.010   0.019  0.028   0.018   0.000  0.000  47780070
 0.55 13.37 110.136
 0.55 16.00   3.383   0.995
 0.55 16.00   4.378 105.227
 0.55 16.00   4.131   1.476   4.378   0.280
 0.55 16.00   4.133   1.470   4.378   0.273

 0.56  0.00   0.259   0.253  0.184   0.010   0.019  0.028   0.018   0.000  0.000  48648800
 0.56 13.37 110.136
 0.56 16.00   3.383   0.975
 0.56 16.00   4.358 105.357
 0.56 16.00   4.112   1.471   4.358   0.281
 0.56 16.00   4.114   1.464   4.358   0.273

 0.57  0.00   0.259   0.253  0.184   0.010   0.019  0.029   0.018   0.000  0.000  49517520
 0.57 13.37 110.136
 0.57 16.00   3.383   0.955
 0.57 16.00   4.338 105.488
 0.57 16.00   4.093   1.466   4.338   0.281
 0.57 16.00   4.095   1.459   4.338   0.273

 0.58  0.00   0.259   0.253  0.184   0.010   0.019  0.029   0.018   0.000  0.000  50386250
 0.58 13.37 110.136
 0.58 16.00   3.383   0.935
 0.58 16.00   4.318 105.620
 0.58 16.00   4.074   1.460   4.318   0.281
 0.58 16.00   4.076   1.453   4.318   0.274

 0.59  0.00   0.259   0.253  0.183   0.010   0.019  0.029   0.018   0.000  0.000  51254980
 0.59 13.37 110.136
 0.59 16.00   3.383   0.915
 0.59 16.00   4.299 105.753
 0.59 16.00   4.055   1.455   4.299   0.281
 0.59 16.00   4.057   1.448   4.299   0.273

 0.60  0.00   0.259   0.253  0.183   0.010   0.019  0.029   0.018   0.000  0.000  52123710
 0.60 13.37 110.136
 0.60 16.00   3.383   0.895
 0.60 16.00   4.279 105.888
 0.60 16.00   4.036   1.449   4.279   0.281
 0.60 16.00   4.038   1.442   4.279   0.273

 0.61  0.00   0.260   0.253  0.183   0.010   0.019  0.029   0.019   0.000  0.000  52992440
 0.61 13.37 110.136
 0.61 16.00   3.383   0.876
 0.61 16.00   4.259 106.024
 0.61 16.00   4.016   1.444   4.259   0.281
 0.61 16.00   4.018   1.437   4.259   0.273

 0.62  0.00   0.260   0.253  0.183   0.010   0.019  0.029   0.019   0.000  0.000  53861170
 0.62 13.37 110.136
 0.62 16.00   3.383   0.856
 0.62 16.00   4.239 106.161
 0.62 16.00   3.997   1.439   4.239   0.281
 0.62 16.00   3.999   1.431   4.239   0.274

 0.63  0.00   0.260   0.253  0.183   0.010   0.019  0.029   0.019   0.000  0.000  54729900
 0.63 13.37 110.136
 0.63 16.00   3.383   0.836
 0.63 16.00   4.219 106.299
 0.63 16.00   3.978   1.434   4.219   0.282
 0.63 16.00   3.980   1.426   4.219   0.274

 0.64  0.00   0.260   0.253  0.183   0.010   0.019  0.029   0.019   0.000  0.000  55598620
 0.64 13.37 110.136
 0.64 16.00   3.383   0.816
 0.64 16.00   4.199 106.439
 0.64 16.00   3.959   1.428   4.199   0.282
 0.64 16.00   3.961   1.421   4.199   0.274

 0.65  0.00   0.261   0.253  0.183   0.010   0.019  0.030   0.019   0.000  0.000  56467350
 0.65 13.37 110.136
 0.65 16.00   3.383   0.796
 0.65 16.00   4.179 106.580
 0.65 16.00   3.940   1.423   4.179   0.282
 0.65 16.00   3.942   1.415   4.179   0.274

 0.66  0.00   0.261   0.253  0.183   0.010   0.019  0.030   0.019   0.000  0.000  57336080
 0.66 13.37 110.136
 0.66 16.00   3.383   0.776
 0.66 16.00   4.159 106.723
 0.66 16.00   3.920   1.418   4.159   0.282
 0.66 16.00   3.923   1.410   4.159   0.274

 0.67  0.00   0.261   0.253  0.183   0.010   0.019  0.030   0.019   0.000  0.000  58204810
 0.67 13.37 110.136
 0.67 16.00   3.383   0.756
 0.67 16.00   4.139 106.866
 0.67 16.00   3.901   1.413   4.139   0.283
 0.67 16.00   3.904   1.404   4.139   0.274

 0.68  0.00   0.261   0.253  0.183   0.010   0.019  0.030   0.019   0.000  0.000  59073540
 0.68 13.37 110.136
 0.68 16.00   3.383   0.736
 0.68 16.00   4.120 107.011
 0.68 16.00   3.882   1.407   4.120   0.283
 0.68 16.00   3.884   1.399   4.120   0.274

 0.69  0.00   0.262   0.253  0.183   0.010   0.019  0.030   0.019   0.000  0.000  59942270
 0.69 13.37 110.136
 0.69 16.00   3.383   0.716
 0.69 16.00   4.100 107.158
 0.69 16.00   3.863   1.402   4.100   0.283
 0.69 16.00   3.865   1.394   4.100   0.274

 0.70  0.00   0.262   0.254  0.183   0.010   0.019  0.030   0.020   0.000  0.000  60811000
 0.70 13.37 110.136
 0.70 16.00   3.383   0.697
 0.70 16.00   4.080 107.306
 0.70 16.00   3.844   1.397   4.080   0.283
 0.70 16.00   3.846   1.388   4.080   0.274

 0.71  0.00   0.262   0.254  0.183   0.010   0.019  0.031   0.020   0.000  0.000  61679720
 0.71 13.37 110.136
 0.71 16.00   3.383   0.677
 0.71 16.00   4.060 107.456
 0.71 16.00   3.824   1.392   4.060   0.284
 0.71 16.00   3.827   1.383   4.060   0.274

 0.72  0.00   0.262   0.254  0.183   0.010   0.019  0.031   0.020   0.000  0.000  62548460
 0.72 13.37 110.136
 0.72 16.00   3.383   0.657
 0.72 16.00   4.040 107.606
 0.72 16.00   3.805   1.386   4.040   0.284
 0.72 16.00   3.808   1.378   4.040   0.275

 0.73  0.00   0.262   0.254  0.183   0.010   0.019  0.031   0.020   0.000  0.000  63417180
 0.73 13.37 110.136
 0.73 16.00   3.383   0.637
 0.73 16.00   4.020 107.759
 0.73 16.00   3.786   1.381   4.020   0.284
 0.73 16.00   3.789   1.372   4.020   0.275

 0.74  0.00   0.263   0.254  0.183   0.010   0.019  0.031   0.020   0.000  0.000  64285910
 0.74 13.37 110.136
 0.74 16.00   3.383   0.617
 0.74 16.00   4.000 107.913
 0.74 16.00   3.767   1.376   4.000   0.284
 0.74 16.00   3.770   1.367   4.000   0.275

 0.75  0.00   0.263   0.254  0.183   0.010   0.019  0.031   0.020   0.000  0.000  65154640
 0.75 13.37 110.136
 0.75 16.00   3.383   0.597
 0.75 16.00   3.980 108.068
 0.75 16.00   3.748   1.371   3.980   0.285
 0.75 16.00   3.750   1.361   3.980   0.275

 0.76  0.00   0.263   0.254  0.183   0.010   0.019  0.031   0.020   0.000  0.000  66023370
 0.76 13.37 110.136
 0.76 16.00   3.383   0.577
 0.76 16.00   3.960 108.225
 0.76 16.00   3.729   1.365   3.960   0.285
 0.76 16.00   3.731   1.356   3.960   0.275

 0.77  0.00   0.263   0.254  0.183   0.010   0.019  0.031   0.020   0.000  0.000  66892100
 0.77 13.37 110.136
 0.77 16.00   3.383   0.557
 0.77 16.00   3.941 108.384
 0.77 16.00   3.709   1.360   3.941   0.285
 0.77 16.00   3.712   1.351   3.941   0.275

 0.78  0.00   0.264   0.254  0.183   0.010   0.019  0.032   0.020   0.000  0.000  67760820
 0.78 13.37 110.136
 0.78 16.00   3.383   0.537
 0.78 16.00   3.921 108.544
 0.78 16.00   3.690   1.355   3.921   0.285
 0.78 16.00   3.693   1.345   3.921   0.275

 0.79  0.00   0.264   0.254  0.183   0.010   0.019  0.032   0.020   0.000  0.000  68629550
 0.79 13.37 110.136
 0.79 16.00   3.383   0.518
 0.79 16.00   3.901 108.706
 0.79 16.00   3.671   1.350   3.901   0.286
 0.79 16.00   3.674   1.340   3.901   0.275

 0.80  0.00   0.264   0.255  0.183   0.010   0.019  0.032   0.021   0.000  0.000  69498280
 0.80 13.37 110.136
 0.80 16.00   3.383   0.498
 0.80 16.00   3.881 108.870
 0.80 16.00   3.652   1.344   3.881   0.286
 0.80 16.00   3.655   1.334   3.881   0.275

 0.81  0.00   0.264   0.255  0.183   0.010   0.019  0.032   0.021   0.000  0.000  70367010
 0.81 13.37 110.136
 0.81 16.00   3.383   0.478
 0.81 16.00   3.861 109.035
 0.81 16.00   3.633   1.339   3.861   0.286
 0.81 16.00   3.636   1.329   3.861   0.276

 0.82  0.00   0.265   0.255  0.183   0.010   0.019  0.032   0.021   0.000  0.000  71235740
 0.82 13.37 110.136
 0.82 16.00   3.383   0.458
 0.82 16.00   3.841 109.202
 0.82 16.00   3.613   1.334   3.841   0.286
 0.82 16.00   3.616   1.324   3.841   0.276

 0.83  0.00   0.265   0.255  0.183   0.010   0.019  0.032   0.021   0.000  0.000  72104460
 0.83 13.37 110.136
 0.83 16.00   3.383   0.438
 0.83 16.00   3.821 109.370
 0.83 16.00   3.594   1.329   3.821   0.287
 0.83 16.00   3.597   1.318   3.821   0.276

 0.84  0.00   0.265   0.255  0.183   0.010   0.019  0.033   0.021   0.000  0.000  72973190
 0.84 13.37 110.136
 0.84 16.00   3.383   0.418
 0.84 16.00   3.801 109.541
 0.84 16.00   3.575   1.323   3.801   0.287
 0.84 16.00   3.578   1.313   3.801   0.276

 0.85  0.00   0.265   0.255  0.183   0.010   0.019  0.033   0.021   0.000  0.000  73841930
 0.85 13.37 110.136
 0.85 16.00   3.383   0.398
 0.85 16.00   3.781 109.713
 0.85 16.00   3.556   1.318   3.781   0.287
 0.85 16.00   3.559   1.308   3.781   0.276

 0.86  0.00   0.265   0.255  0.183   0.010   0.019  0.033   0.021   0.000  0.000  74710660
 0.86 13.37 110.136
 0.86 16.00   3.383   0.378
 0.86 16.00   3.762 109.887
 0.86 16.00   3.537   1.313   3.762   0.287
 0.86 16.00   3.540   1.302   3.762   0.276

 0.87  0.00   0.266   0.255  0.182   0.010   0.019  0.033   0.021   0.000  0.000  75579380
 0.87 13.37 110.136
 0.87 16.00   3.383   0.358
 0.87 16.00   3.742 110.063
 0.87 16.00   3.517   1.308   3.742   0.288
 0.87 16.00   3.521   1.297   3.742   0.276

 0.88  0.00   0.266   0.255  0.182   0.010   0.019  0.033   0.021   0.000  0.000  76448110
 0.88 13.37 110.136
 0.88 16.00   3.383   0.339
 0.88 16.00   3.722 110.241
 0.88 16.00   3.498   1.303   3.722   0.288
 0.88 16.00   3.501   1.291   3.722   0.276

 0.89  0.00   0.266   0.255  0.182   0.010   0.019  0.033   0.021   0.000  0.000  77316840
 0.89 13.37 110.136
 0.89 16.00   3.383   0.319
 0.89 16.00   3.702 110.420
 0.89 16.00   3.479   1.297   3.702   0.288
 0.89 16.00   3.482   1.286   3.702   0.276

 0.90  0.00   0.266   0.255  0.182   0.010   0.019  0.034   0.022   0.000  0.000  78185570
 0.90 13.37 110.136
 0.90 16.00   3.383   0.299
 0.90 16.00   3.682 110.602
 0.90 16.00   3.460   1.292   3.682   0.288
 0.90 16.00   3.463   1.281   3.682   0.276

 0.91  0.00   0.268   0.257   79054300
 0.91   13.45   110.568
 0.91 16.00   3.405   0.298
 0.91 16.00   3.702   111.047
 0.91 16.00   3.479   1.300   3.702   0.290
 0.91 16.00   3.482   1.288   3.702   0.278

 0.92  0.00   0.274   0.262   79923020
 0.92   13.52   111.000
 0.92 16.00   3.426   0.297
 0.92 16.00   3.723   111.492
 0.92 16.00   3.497   1.311   3.723   0.296
 0.92 16.00   3.500   1.299   3.723   0.284

 0.93  0.00   0.293   0.281   80791750
 0.93   13.60   111.433
 0.93 16.00   3.447   0.296
 0.93 16.00   3.743   111.937
 0.93 16.00   3.511   1.336   3.743   0.317
 0.93 16.00   3.514   1.324   3.743   0.304

 0.94  0.00   0.323   0.310   81660480
 0.94   13.67   111.865
 0.94 16.00   3.468   0.295
 0.94 16.00   3.763   112.382
 0.94 16.00   3.521   1.373   3.763   0.349
 0.94 16.00   3.525   1.360   3.763   0.336

 0.95  0.00   0.353   0.340   82529210
 0.95   13.75   112.298
 0.95 16.00   3.489   0.294
 0.95 16.00   3.783   112.826
 0.95 16.00   3.532   1.410   3.783   0.382
 0.95 16.00   3.536   1.396   3.783   0.368

 0.96  0.00   0.383   0.369   83397940
 0.96   13.83   112.730
 0.96 16.00   3.511   0.293
 0.96 16.00   3.804   113.271
 0.96 16.00   3.542   1.447   3.804   0.414
 0.96 16.00   3.546   1.433   3.804   0.400

 0.97  0.00   0.413   0.399   84266670
 0.97   13.90   113.162
 0.97 16.00   3.532   0.292
 0.97 16.00   3.824   113.716
 0.97 16.00   3.553   1.483   3.824   0.447
 0.97 16.00   3.557   1.469   3.824   0.431

 0.98  0.00   0.443   0.428   85135400
 0.98   13.98   113.595
 0.98 16.00   3.553   0.291
 0.98 16.00   3.844   114.161
 0.98 16.00   3.563   1.520   3.844   0.479
 0.98 16.00   3.568   1.505   3.844   0.463

 0.99  0.00   0.473   0.457   86004130
 0.99   14.05   114.027
 0.99 16.00   3.574   0.290
 0.99 16.00   3.865   114.606
 0.99 16.00   3.574   1.557   3.865   0.512
 0.99 16.00   3.578   1.541   3.865   0.495

 1.00  0.00   0.503   0.487   86872850
 1.00   14.13   114.460
 1.00 16.00   3.595   0.289
 1.00 16.00   3.885   115.051
 1.00 16.00   3.584   1.594   3.885   0.544
 1.00 16.00   3.589   1.577   3.885   0.527

 1.01  0.00   0.533   0.516   87741580
 1.01   14.21   114.892
 1.01 16.00   3.617   0.289
 1.01 16.00   3.905   115.496
 1.01 16.00   3.595   1.631   3.905   0.577
 1.01 16.00   3.600   1.613   3.905   0.559

 1.02  0.00   0.563   0.546   88610300
 1.02   14.28   115.324
 1.02 16.00   3.638   0.288
 1.02 16.00   3.925   115.941
 1.02 16.00   3.606   1.667   3.925   0.609
 1.02 16.00   3.611   1.650   3.925   0.590

 1.03  0.00   0.593   0.575   89479030
 1.03   14.36   115.757
 1.03 16.00   3.659   0.287
 1.03 16.00   3.946   116.386
 1.03 16.00   3.616   1.704   3.946   0.642
 1.03 16.00   3.621   1.686   3.946   0.622

 1.04  0.00   0.623   0.604   90347760
 1.04   14.43   116.189
 1.04 16.00   3.680   0.286
 1.04 16.00   3.966   116.830
 1.04 16.00   3.627   1.741   3.966   0.674
 1.04 16.00   3.632   1.722   3.966   0.654

 1.05  0.00   0.653   0.634   0.179   0.133   0.060   0.021   0.204   0.014   0.000   0.042   0.000  91216490
 1.05   14.51   116.622
 1.05 16.00   3.702   0.285
 1.05 16.00   3.986   117.275
 1.05 16.00   3.637   1.778   3.986   0.706
 1.05 16.00   3.643   1.758   3.986   0.686

 1.06  0.00   0.665   0.646   0.178   0.132   0.060   0.021   0.218   0.014   0.000   0.042   0.000  92085220
 1.06   14.38   116.315
 1.06 16.00   3.664   0.285
 1.06 16.00   3.949   116.970
 1.06 16.00   3.598   1.780   3.949   0.719
 1.06 16.00   3.603   1.760   3.949   0.699

 1.07  0.00   0.677   0.658   0.177   0.131   0.060   0.021   0.232   0.014   0.000   0.041   0.000  92953960
 1.07   14.25   116.026
 1.07 16.00   3.630   0.285
 1.07 16.00   3.914   116.682
 1.07 16.00   3.561   1.783   3.914   0.733
 1.07 16.00   3.566   1.764   3.914   0.712

 1.08  0.00   0.690   0.671   0.177   0.131   0.060   0.021   0.247   0.014   0.000   0.041   0.000  93822680
 1.08   14.14   115.752
 1.08 16.00   3.597   0.285
 1.08 16.00   3.882   116.408
 1.08 16.00   3.526   1.788   3.882   0.747
 1.08 16.00   3.531   1.768   3.882   0.727

 1.09  0.00   0.704   0.685   0.176   0.130   0.060   0.021   0.263   0.014   0.000   0.040   0.000  94691410
 1.09   14.03   115.488
 1.09 16.00   3.566   0.285
 1.09 16.00   3.851   116.145
 1.09 16.00   3.492   1.794   3.851   0.762
 1.09 16.00   3.498   1.774   3.851   0.741

 1.10  0.00   0.718   0.700   0.175   0.129   0.060   0.021   0.279   0.014   0.000   0.040   0.000  95560140
 1.10   13.92   115.233
 1.10 16.00   3.537   0.285
 1.10 16.00   3.822   115.891
 1.10 16.00   3.459   1.801   3.822   0.777
 1.10 16.00   3.465   1.781   3.822   0.757

 1.11  0.00   0.733   0.715   0.175   0.129   0.060   0.021   0.296   0.014   0.000   0.040   0.000  96428860
 1.11   13.82   114.985
 1.11 16.00   3.509   0.285
 1.11 16.00   3.794   115.644
 1.11 16.00   3.428   1.808   3.794   0.794
 1.11 16.00   3.433   1.789   3.794   0.773

 1.12  0.00   0.749   0.730   0.174   0.128   0.060   0.021   0.313   0.013   0.000   0.039   0.000  97297590
 1.12   13.72   114.744
 1.12 16.00   3.482   0.285
 1.12 16.00   3.767   115.403
 1.12 16.00   3.397   1.817   3.767   0.810
 1.12 16.00   3.403   1.798   3.767   0.790

 1.13  0.00   0.765   0.747   0.173   0.128   0.060   0.021   0.331   0.013   0.000   0.039   0.000  98166320
 1.13   13.63   114.508
 1.13 16.00   3.456   0.285
 1.13 16.00   3.740   115.168
 1.13 16.00   3.367   1.827   3.740   0.828
 1.13 16.00   3.373   1.808   3.740   0.808

 1.14  0.00   0.782   0.764   0.173   0.127   0.060   0.021   0.349   0.013   0.000   0.039   0.000  99035050
 1.14   13.54   114.277
 1.14 16.00   3.430   0.285
 1.14 16.00   3.715   114.937
 1.14 16.00   3.338   1.838   3.715   0.846
 1.14 16.00   3.343   1.819   3.715   0.827

 1.15  0.00   0.800   0.781   0.172   0.126   0.060   0.021   0.369   0.013   0.000   0.038   0.000  99903780
 1.15   13.45   114.054
 1.15 16.00   3.406   0.285
 1.15 16.00   3.691   114.715
 1.15 16.00   3.310   1.849   3.691   0.865
 1.15 16.00   3.315   1.830   3.691   0.846

 1.16  0.00   0.817   0.799   0.171   0.126   0.060   0.021   0.388   0.013   0.000   0.038   0.000 100772500
 1.16   13.37   113.845
 1.16 16.00   3.384   0.285
 1.16 16.00   3.669   114.506
 1.16 16.00   3.283   1.862   3.669   0.885
 1.16 16.00   3.288   1.843   3.669   0.865

 1.17  0.00   0.836   0.818   0.171   0.125   0.059   0.021   0.409   0.013   0.000   0.038   0.000 101641200
 1.17   13.30   113.641
 1.17 16.00   3.363   0.285
 1.17 16.00   3.648   114.302
 1.17 16.00   3.257   1.875   3.648   0.905
 1.17 16.00   3.262   1.856   3.648   0.885

 1.18  0.00   0.855   0.837   0.170   0.125   0.059   0.021   0.430   0.013   0.000   0.037   0.000 102510000
 1.18   13.22   113.440
 1.18 16.00   3.342   0.285
 1.18 16.00   3.627   114.101
 1.18 16.00   3.231   1.889   3.627   0.925
 1.18 16.00   3.237   1.870   3.627   0.906

                              -------->  FIN LEADING EDGE SUPERSONIC  <--------

 1.19  0.00   0.871   0.853   0.169   0.124   0.059   0.021   0.448   0.013   0.000   0.037   0.000 103378700
 1.19   13.15   113.246
 1.19 16.00   3.322   0.285
 1.19 16.00   3.607   113.907
 1.19 16.00   3.208   1.901   3.607   0.943
 1.19 16.00   3.213   1.882   3.607   0.924

 1.20  0.00   0.864   0.846   0.169   0.124   0.059   0.021   0.442   0.013   0.000   0.037   0.000 104247400
 1.20   13.09   113.063
 1.20 16.00   3.304   0.285
 1.20 16.00   3.589   113.724
 1.20 16.00   3.193   1.888   3.589   0.935
 1.20 16.00   3.198   1.869   3.589   0.915

 1.21  0.00   0.856   0.838   0.168   0.123   0.058   0.020   0.437   0.013   0.000   0.036   0.000 105116200
 1.21   13.02   112.865
 1.21 16.00   3.285   0.285
 1.21 16.00   3.570   113.526
 1.21 16.00   3.176   1.875   3.570   0.927
 1.21 16.00   3.181   1.856   3.570   0.907

 1.22  0.00   0.850   0.832   0.168   0.123   0.058   0.020   0.432   0.013   0.000   0.036   0.000 105984900
 1.22   12.94   112.653
 1.22 16.00   3.264   0.285
 1.22 16.00   3.548   113.314
 1.22 16.00   3.157   1.862   3.548   0.919
 1.22 16.00   3.163   1.843   3.548   0.900

 1.23  0.00   0.843   0.825   0.167   0.122   0.058   0.020   0.427   0.013   0.000   0.036   0.000 106853600
 1.23   12.86   112.432
 1.23 16.00   3.241   0.285
 1.23 16.00   3.526   113.093
 1.23 16.00   3.138   1.849   3.526   0.913
 1.23 16.00   3.143   1.831   3.526   0.893

 1.24  0.00   0.837   0.820   0.166   0.122   0.058   0.020   0.423   0.013   0.000   0.036   0.000 107722300
 1.24   12.78   112.202
 1.24 16.00   3.219   0.285
 1.24 16.00   3.503   112.863
 1.24 16.00   3.118   1.837   3.503   0.906
 1.24 16.00   3.123   1.818   3.503   0.887

 1.25  0.00   0.832   0.814   0.166   0.121   0.057   0.020   0.419   0.013   0.000   0.035   0.000 108591100
 1.25   12.70   111.965
 1.25 16.00   3.195   0.285
 1.25 16.00   3.480   112.626
 1.25 16.00   3.097   1.825   3.480   0.900
 1.25 16.00   3.103   1.806   3.480   0.881

 1.26  0.00   0.827   0.809   0.165   0.121   0.057   0.020   0.416   0.013   0.000   0.035   0.000 109459800
 1.26   12.61   111.723
 1.26 16.00   3.172   0.285
 1.26 16.00   3.457   112.384
 1.26 16.00   3.076   1.813   3.457   0.895
 1.26 16.00   3.082   1.794   3.457   0.875

 1.27  0.00   0.822   0.804   0.164   0.120   0.057   0.020   0.412   0.013   0.000   0.035   0.000 110328500
 1.27   12.53   111.478
 1.27 16.00   3.148   0.285
 1.27 16.00   3.433   112.138
 1.27 16.00   3.055   1.801   3.433   0.889
 1.27 16.00   3.060   1.783   3.433   0.870

 1.28  0.00   0.817   0.799   0.164   0.120   0.056   0.020   0.409   0.013   0.000   0.034   0.000 111197200
 1.28   12.44   111.229
 1.28 16.00   3.125   0.285
 1.28 16.00   3.409   111.889
 1.28 16.00   3.034   1.790   3.409   0.884
 1.28 16.00   3.039   1.771   3.409   0.865

 1.29  0.00   0.813   0.795   0.163   0.119   0.056   0.020   0.407   0.013   0.000   0.034   0.000 112066000
 1.29   12.36   110.977
 1.29 16.00   3.101   0.285
 1.29 16.00   3.386   111.638
 1.29 16.00   3.012   1.779   3.386   0.879
 1.29 16.00   3.018   1.760   3.386   0.860

 1.30  0.00   0.808   0.791   0.163   0.119   0.056   0.020   0.404   0.013   0.000   0.034   0.000 112934700
 1.30   12.28   110.724
 1.30 16.00   3.078   0.285
 1.30 16.00   3.363   111.384
 1.30 16.00   2.991   1.768   3.363   0.875
 1.30 16.00   2.996   1.749   3.363   0.856

 1.31  0.00   0.804   0.787   0.162   0.119   0.056   0.020   0.402   0.013   0.000   0.034   0.000 113803400
 1.31   12.19   110.470
 1.31 16.00   3.055   0.285
 1.31 16.00   3.339   111.129
 1.31 16.00   2.970   1.757   3.339   0.871
 1.31 16.00   2.975   1.739   3.339   0.851

 1.32  0.00   0.801   0.783   0.161   0.118   0.056   0.020   0.400   0.013   0.000   0.033   0.000 114672200
 1.32   12.11   110.214
 1.32 16.00   3.032   0.285
 1.32 16.00   3.316   110.874
 1.32 16.00   2.949   1.747   3.316   0.866
 1.32 16.00   2.954   1.728   3.316   0.847

 1.33  0.00   0.797   0.779   0.161   0.118   0.055   0.020   0.398   0.013   0.000   0.033   0.000 115540900
 1.33   12.03   109.959
 1.33 16.00   3.009   0.285
 1.33 16.00   3.294   110.618
 1.33 16.00   2.928   1.737   3.294   0.863
 1.33 16.00   2.934   1.718   3.294   0.843

 1.34  0.00   0.794   0.776   0.160   0.117   0.055   0.020   0.396   0.013   0.000   0.033   0.000 116409600
 1.34   11.95   109.703
 1.34 16.00   2.987   0.285
 1.34 16.00   3.271   110.361
 1.34 16.00   2.908   1.727   3.271   0.859
 1.34 16.00   2.913   1.709   3.271   0.839

 1.35  0.00   0.790   0.772   0.160   0.117   0.055   0.020   0.394   0.013   0.000   0.033   0.000 117278400
 1.35   11.87   109.447
 1.35 16.00   2.965   0.285
 1.35 16.00   3.249   110.105
 1.35 16.00   2.888   1.718   3.249   0.855
 1.35 16.00   2.893   1.699   3.249   0.836

 1.36  0.00   0.787   0.769   0.159   0.117   0.055   0.020   0.392   0.013   0.000   0.032   0.000 118147100
 1.36   11.79   109.192
 1.36 16.00   2.943   0.285
 1.36 16.00   3.228   109.849
 1.36 16.00   2.868   1.708   3.228   0.852
 1.36 16.00   2.873   1.690   3.228   0.832

 1.37  0.00   0.784   0.766   0.158   0.116   0.054   0.020   0.391   0.013   0.000   0.032   0.000 119015800
 1.37   11.72   108.937
 1.37 16.00   2.922   0.285
 1.37 16.00   3.206   109.593
 1.37 16.00   2.848   1.699   3.206   0.848
 1.37 16.00   2.854   1.681   3.206   0.829

 1.38  0.00   0.781   0.763   0.158   0.116   0.054   0.020   0.389   0.013   0.000   0.032   0.000 119884500
 1.38   11.64   108.684
 1.38 16.00   2.901   0.285
 1.38 16.00   3.185   109.338
 1.38 16.00   2.829   1.690   3.185   0.845
 1.38 16.00   2.834   1.672   3.185   0.826

 1.39  0.00   0.778   0.760   0.157   0.115   0.054   0.019   0.388   0.013   0.000   0.032   0.000 120753300
 1.39   11.57   108.430
 1.39 16.00   2.880   0.285
 1.39 16.00   3.165   109.084
 1.39 16.00   2.810   1.682   3.165   0.842
 1.39 16.00   2.815   1.663   3.165   0.823

 1.40  0.00   0.775   0.758   0.157   0.115   0.054   0.019   0.387   0.012   0.000   0.032   0.000 121622000
 1.40   11.49   108.178
 1.40 16.00   2.860   0.285
 1.40 16.00   3.144   108.831
 1.40 16.00   2.791   1.673   3.144   0.839
 1.40 16.00   2.797   1.655   3.144   0.820

 1.41  0.00   0.773   0.755   0.156   0.115   0.053   0.019   0.386   0.012   0.000   0.031   0.000 122490700
 1.41   11.42   107.927
 1.41 16.00   2.840   0.285
 1.41 16.00   3.125   108.579
 1.41 16.00   2.773   1.665   3.125   0.836
 1.41 16.00   2.778   1.647   3.125   0.817

 1.42  0.00   0.770   0.752   0.155   0.114   0.053   0.019   0.385   0.012   0.000   0.031   0.000 123359400
 1.42   11.35   107.677
 1.42 16.00   2.820   0.285
 1.42 16.00   3.105   108.328
 1.42 16.00   2.755   1.657   3.105   0.834
 1.42 16.00   2.760   1.639   3.105   0.814

 1.43  0.00   0.768   0.750   0.155   0.114   0.053   0.019   0.384   0.012   0.000   0.031   0.000 124228200
 1.43   11.28   107.429
 1.43 16.00   2.801   0.285
 1.43 16.00   3.086   108.078
 1.43 16.00   2.737   1.649   3.086   0.831
 1.43 16.00   2.743   1.631   3.086   0.812

 1.44  0.00   0.765   0.747   0.154   0.114   0.053   0.019   0.383   0.012   0.000   0.031   0.000 125096900
 1.44   11.21   107.189
 1.44 16.00   2.782   0.285
 1.44 16.00   3.067   107.829
 1.44 16.00   2.720   1.642   3.067   0.828
 1.44 16.00   2.725   1.623   3.067   0.809

 1.45  0.00   0.763   0.745   0.154   0.113   0.052   0.019   0.382   0.012   0.000   0.030   0.000 125965600
 1.45   11.14   106.956
 1.45 16.00   2.764   0.285
 1.45 16.00   3.049   107.582
 1.45 16.00   2.703   1.634   3.049   0.826
 1.45 16.00   2.708   1.615   3.049   0.806

 1.46  0.00   0.761   0.743   0.153   0.113   0.052   0.019   0.381   0.012   0.000   0.030   0.000 126834400
 1.46   11.07   106.723
 1.46 16.00   2.746   0.315
 1.46 16.00   3.061   107.030
 1.46 16.00   2.716   1.635   3.061   0.823
 1.46 16.00   2.721   1.617   3.061   0.804

 1.47  0.00   0.759   0.741   0.152   0.113   0.052   0.019   0.380   0.012   0.000   0.030   0.000 127703100
 1.47   11.01   106.493
 1.47 16.00   2.728   0.350
 1.47 16.00   3.078   106.447
 1.47 16.00   2.733   1.638   3.078   0.821
 1.47 16.00   2.738   1.619   3.078   0.802

 1.48  0.00   0.756   0.739   0.152   0.112   0.052   0.019   0.380   0.012   0.000   0.030   0.000 128571800
 1.48   10.94   106.263
 1.48 16.00   2.710   0.385
 1.48 16.00   3.095   105.875
 1.48 16.00   2.750   1.640   3.095   0.819
 1.48 16.00   2.755   1.622   3.095   0.799

 1.49  0.00   0.754   0.736   0.151   0.112   0.051   0.019   0.379   0.012   0.000   0.030   0.000 129440600
 1.49   10.87   106.035
 1.49 16.00   2.693   0.420
 1.49 16.00   3.113   105.314
 1.49 16.00   2.767   1.643   3.113   0.816
 1.49 16.00   2.773   1.624   3.113   0.797

 1.50  0.00   0.752   0.734   0.151   0.112   0.051   0.019   0.378   0.012   0.000   0.029   0.000 130309300
 1.50   10.81   105.808
 1.50 16.00   2.677   0.455
 1.50 16.00   3.131   104.763
 1.50 16.00   2.785   1.646   3.131   0.814
 1.50 16.00   2.791   1.627   3.131   0.795

 1.51  0.00   0.750   0.732   0.150   0.111   0.051   0.019   0.378   0.012   0.000   0.029   0.000 131178000
 1.51   10.74   105.583
 1.51 16.00   2.660   0.489
 1.51 16.00   3.149   104.222
 1.51 16.00   2.804   1.649   3.149   0.812
 1.51 16.00   2.809   1.630   3.149   0.793

 1.52  0.00   0.748   0.731   0.150   0.111   0.051   0.019   0.377   0.012   0.000   0.029   0.000 132046700
 1.52   10.68   105.359
 1.52 16.00   2.644   0.524
 1.52 16.00   3.168   103.692
 1.52 16.00   2.822   1.652   3.168   0.810
 1.52 16.00   2.827   1.633   3.168   0.791

 1.53  0.00   0.747   0.729   0.149   0.111   0.051   0.019   0.377   0.012   0.000   0.029   0.000 132915500
 1.53   10.62   105.137
 1.53 16.00   2.628   0.559
 1.53 16.00   3.187   103.172
 1.53 16.00   2.841   1.655   3.187   0.808
 1.53 16.00   2.846   1.636   3.187   0.789

 1.54  0.00   0.745   0.727   0.148   0.110   0.050   0.019   0.376   0.012   0.000   0.029   0.000 133784200
 1.54   10.56   104.916
 1.54 16.00   2.612   0.594
 1.54 16.00   3.206   102.661
 1.54 16.00   2.860   1.658   3.206   0.806
 1.54 16.00   2.865   1.640   3.206   0.787

 1.55  0.00   0.743   0.725   0.148   0.110   0.050   0.019   0.376   0.012   0.000   0.028   0.000 134652900
 1.55   10.50   104.697
 1.55 16.00   2.597   0.628
 1.55 16.00   3.225   102.161
 1.55 16.00   2.879   1.662   3.225   0.804
 1.55 16.00   2.884   1.643   3.225   0.785

 1.56  0.00   0.741   0.723   0.147   0.110   0.050   0.019   0.375   0.012   0.000   0.028   0.000 135521600
 1.56   10.44   104.479
 1.56 16.00   2.582   0.663
 1.56 16.00   3.245   101.671
 1.56 16.00   2.898   1.665   3.245   0.802
 1.56 16.00   2.904   1.647   3.245   0.783

 1.57  0.00   0.739   0.722   0.147   0.110   0.050   0.018   0.375   0.012   0.000   0.028   0.000 136390400
 1.57   10.38   104.263
 1.57 16.00   2.567   0.698
 1.57 16.00   3.265   101.190
 1.57 16.00   2.918   1.669   3.265   0.800
 1.57 16.00   2.923   1.651   3.265   0.781

 1.58  0.00   0.738   0.720   0.146   0.109   0.049   0.018   0.375   0.012   0.000   0.028   0.000 137259100
 1.58   10.33   104.047
 1.58 16.00   2.553   0.733
 1.58 16.00   3.285   100.719
 1.58 16.00   2.938   1.673   3.285   0.798
 1.58 16.00   2.943   1.654   3.285   0.779

 1.59  0.00   0.736   0.718   0.146   0.109   0.049   0.018   0.374   0.012   0.000   0.028   0.000 138127800
 1.59   10.27   103.834
 1.59 16.00   2.538   0.767
 1.59 16.00   3.306   100.257
 1.59 16.00   2.958   1.677   3.306   0.797
 1.59 16.00   2.963   1.658   3.306   0.777

 1.60  0.00   0.734   0.717   0.145   0.109   0.049   0.018   0.374   0.012   0.000   0.028   0.000 138996600
 1.60   10.22   103.622
 1.60 16.00   2.524   0.802
 1.60 16.00   3.327    99.804
 1.60 16.00   2.979   1.681   3.327   0.795
 1.60 16.00   2.984   1.662   3.327   0.775

 1.61  0.00   0.733   0.715   0.144   0.109   0.049   0.018   0.374   0.012   0.000   0.027   0.000 139865300
 1.61   10.16   103.411
 1.61 16.00   2.511   0.837
 1.61 16.00   3.348    99.361
 1.61 16.00   2.999   1.685   3.348   0.793
 1.61 16.00   3.005   1.666   3.348   0.774

 1.62  0.00   0.731   0.713   0.144   0.108   0.049   0.018   0.373   0.012   0.000   0.027   0.000 140734000
 1.62   10.11   103.202
 1.62 16.00   2.497   0.872
 1.62 16.00   3.369    98.926
 1.62 16.00   3.020   1.689   3.369   0.791
 1.62 16.00   3.025   1.671   3.369   0.772

 1.63  0.00   0.730   0.712   0.143   0.108   0.048   0.018   0.373   0.012   0.000   0.027   0.000 141602800
 1.63   10.06   102.994
 1.63 16.00   2.484   0.906
 1.63 16.00   3.390    98.500
 1.63 16.00   3.041   1.694   3.390   0.790
 1.63 16.00   3.047   1.675   3.390   0.770

 1.64  0.00   0.728   0.710   0.143   0.108   0.048   0.018   0.373   0.012   0.000   0.027   0.000 142471500
 1.64   10.01   102.788
 1.64 16.00   2.471   0.941
 1.64 16.00   3.412    98.083
 1.64 16.00   3.063   1.698   3.412   0.788
 1.64 16.00   3.068   1.679   3.412   0.769

 1.65  0.00   0.727   0.709   0.142   0.107   0.048   0.018   0.373   0.012   0.000   0.027   0.000 143340200
 1.65    9.96   102.583
 1.65 16.00   2.458   0.976
 1.65 16.00   3.434    97.674
 1.65 16.00   3.084   1.702   3.434   0.786
 1.65 16.00   3.089   1.684   3.434   0.767

 1.66  0.00   0.725   0.707   0.142   0.107   0.048   0.018   0.372   0.012   0.000   0.027   0.000 144208900
 1.66    9.91   102.379
 1.66 16.00   2.445   1.011
 1.66 16.00   3.456    97.273
 1.66 16.00   3.106   1.707   3.456   0.785
 1.66 16.00   3.111   1.688   3.456   0.765

 1.67  0.00   0.724   0.706   0.141   0.107   0.048   0.018   0.372   0.012   0.000   0.026   0.000 145077700
 1.67    9.86   102.177
 1.67 16.00   2.433   1.046
 1.67 16.00   3.478    96.881
 1.67 16.00   3.128   1.712   3.478   0.783
 1.67 16.00   3.133   1.693   3.478   0.764

 1.68  0.00   0.722   0.704   0.141   0.107   0.047   0.018   0.372   0.011   0.000   0.026   0.000 145946400
 1.68    9.81   101.976
 1.68 16.00   2.420   1.080
 1.68 16.00   3.501    96.496
 1.68 16.00   3.150   1.716   3.501   0.782
 1.68 16.00   3.155   1.698   3.501   0.762

 1.69  0.00   0.721   0.703   0.140   0.107   0.047   0.018   0.372   0.011   0.000   0.026   0.000 146815100
 1.69    9.76   101.776
 1.69 16.00   2.408   1.115
 1.69 16.00   3.523    96.120
 1.69 16.00   3.172   1.721   3.523   0.780
 1.69 16.00   3.177   1.702   3.523   0.761

 1.70  0.00   0.719   0.702   0.140   0.106   0.047   0.018   0.372   0.011   0.000   0.026   0.000 147683900
 1.70    9.71   101.578
 1.70 16.00   2.397   1.150
 1.70 16.00   3.546    95.751
 1.70 16.00   3.194   1.726   3.546   0.779
 1.70 16.00   3.200   1.707   3.546   0.759

 1.71  0.00   0.718   0.700   0.139   0.106   0.047   0.018   0.371   0.011   0.000   0.026   0.000 148552600
 1.71    9.67   101.381
 1.71 16.00   2.385   1.185
 1.71 16.00   3.570    95.389
 1.71 16.00   3.217   1.731   3.570   0.777
 1.71 16.00   3.222   1.712   3.570   0.758

 1.72  0.00   0.717   0.699   0.138   0.106   0.047   0.018   0.371   0.011   0.000   0.026   0.000 149421300
 1.72    9.62   101.185
 1.72 16.00   2.374   1.219
 1.72 16.00   3.593    95.035
 1.72 16.00   3.240   1.736   3.593   0.776
 1.72 16.00   3.245   1.717   3.593   0.756

 1.73  0.00   0.715   0.697   0.138   0.106   0.046   0.018   0.371   0.011   0.000   0.026   0.000 150290000
 1.73    9.58   100.991
 1.73 16.00   2.362   1.254
 1.73 16.00   3.616    94.688
 1.73 16.00   3.263   1.741   3.616   0.774
 1.73 16.00   3.268   1.722   3.616   0.755

 1.74  0.00   0.714   0.696   0.137   0.105   0.046   0.018   0.371   0.011   0.000   0.025   0.000 151158800
 1.74    9.53   100.798
 1.74 16.00   2.351   1.289
 1.74 16.00   3.640    94.348
 1.74 16.00   3.286   1.746   3.640   0.773
 1.74 16.00   3.291   1.727   3.640   0.753

 1.75  0.00   0.713   0.695   0.137   0.105   0.046   0.017   0.371   0.011   0.000   0.025   0.000 152027500
 1.75    9.49   100.606
 1.75 16.00   2.340   1.324
 1.75 16.00   3.664    94.016
 1.75 16.00   3.309   1.751   3.664   0.771
 1.75 16.00   3.315   1.733   3.664   0.752

 1.76  0.00   0.711   0.693   0.136   0.105   0.046   0.017   0.371   0.011   0.000   0.025   0.000 152896200
 1.76    9.45   100.416
 1.76 16.00   2.329   1.358
 1.76 16.00   3.688    93.689
 1.76 16.00   3.333   1.757   3.688   0.770
 1.76 16.00   3.338   1.738   3.688   0.751

 1.77  0.00   0.710   0.692   0.136   0.105   0.045   0.017   0.371   0.011   0.000   0.025   0.000 153764900
 1.77    9.40   100.227
 1.77 16.00   2.319   1.393
 1.77 16.00   3.712    93.370
 1.77 16.00   3.356   1.762   3.712   0.768
 1.77 16.00   3.362   1.743   3.712   0.749

 1.78  0.00   0.709   0.691   0.135   0.104   0.045   0.017   0.371   0.011   0.000   0.025   0.000 154633700
 1.78    9.36   100.039
 1.78 16.00   2.308   1.428
 1.78 16.00   3.736    93.057
 1.78 16.00   3.380   1.767   3.736   0.767
 1.78 16.00   3.385   1.749   3.736   0.748

 1.79  0.00   0.708   0.690   0.135   0.104   0.045   0.017   0.370   0.011   0.000   0.025   0.000 155502400
 1.79    9.32    99.852
 1.79 16.00   2.298   1.463
 1.79 16.00   3.761    92.750
 1.79 16.00   3.404   1.773   3.761   0.766
 1.79 16.00   3.409   1.754   3.761   0.746

 1.80  0.00   0.706   0.688   0.134   0.104   0.045   0.017   0.370   0.011   0.000   0.025   0.000 156371100
 1.80    9.28    99.666
 1.80 16.00   2.288   1.497
 1.80 16.00   3.785    92.450
 1.80 16.00   3.428   1.778   3.785   0.764
 1.80 16.00   3.433   1.760   3.785   0.745

 1.81  0.00   0.705   0.687   0.134   0.104   0.045   0.017   0.370   0.011   0.000   0.024   0.000 157239900
 1.81    9.24    99.482
 1.81 16.00   2.278   1.532
 1.81 16.00   3.810    92.156
 1.81 16.00   3.452   1.784   3.810   0.763
 1.81 16.00   3.458   1.765   3.810   0.744

 1.82  0.00   0.704   0.686   0.133   0.104   0.044   0.017   0.370   0.011   0.000   0.024   0.000 158108600
 1.82    9.20    99.299
 1.82 16.00   2.268   1.549
 1.82 16.00   3.817    91.940
 1.82 16.00   3.459   1.784   3.817   0.762
 1.82 16.00   3.464   1.766   3.817   0.742

 1.83  0.00   0.703   0.685   0.133   0.103   0.044   0.017   0.370   0.011   0.000   0.024   0.000 158977300
 1.83    9.16    99.117
 1.83 16.00   2.258   1.552
 1.83 16.00   3.811    91.776
 1.83 16.00   3.454   1.781   3.811   0.760
 1.83 16.00   3.459   1.763   3.811   0.741

 1.84  0.00   0.701   0.683   0.132   0.103   0.044   0.017   0.370   0.011   0.000   0.024   0.000 159846000
 1.84    9.12    98.936
 1.84 16.00   2.249   1.556
 1.84 16.00   3.805    91.614
 1.84 16.00   3.449   1.778   3.805   0.759
 1.84 16.00   3.454   1.760   3.805   0.740

 1.85  0.00   0.700   0.682   0.131   0.103   0.044   0.017   0.370   0.011   0.000   0.024   0.000 160714800
 1.85    9.08    98.757
 1.85 16.00   2.239   1.560
 1.85 16.00   3.800    91.453
 1.85 16.00   3.444   1.776   3.800   0.758
 1.85 16.00   3.449   1.757   3.800   0.738

 1.86  0.00   0.699   0.681   0.131   0.103   0.044   0.017   0.370   0.011   0.000   0.024   0.000 161583500
 1.86    9.04    98.578
 1.86 16.00   2.230   1.564
 1.86 16.00   3.794    91.294
 1.86 16.00   3.439   1.773   3.794   0.756
 1.86 16.00   3.444   1.754   3.794   0.737

 1.87  0.00   0.698   0.680   0.130   0.103   0.044   0.017   0.370   0.011   0.000   0.024   0.000 162452200
 1.87    9.01    98.397
 1.87 16.00   2.221   1.568
 1.87 16.00   3.790    91.133
 1.87 16.00   3.435   1.770   3.790   0.755
 1.87 16.00   3.440   1.752   3.790   0.736

 1.88  0.00   0.697   0.679   0.130   0.102   0.043   0.017   0.370   0.011   0.000   0.023   0.000 163321000
 1.88    8.97    98.204
 1.88 16.00   2.213   1.572
 1.88 16.00   3.786    90.968
 1.88 16.00   3.431   1.768   3.786   0.754
 1.88 16.00   3.437   1.750   3.786   0.735

 1.89  0.00   0.695   0.678   0.129   0.102   0.043   0.017   0.370   0.011   0.000   0.023   0.000 164189700
 1.89    8.94    98.013
 1.89 16.00   2.206   1.576
 1.89 16.00   3.782    90.805
 1.89 16.00   3.428   1.766   3.782   0.753
 1.89 16.00   3.433   1.747   3.782   0.733

 1.90  0.00   0.694   0.676   0.129   0.102   0.043   0.017   0.370   0.011   0.000   0.023   0.000 165058400
 1.90    8.91    97.823
 1.90 16.00   2.198   1.580
 1.90 16.00   3.779    90.643
 1.90 16.00   3.425   1.764   3.779   0.751
 1.90 16.00   3.431   1.745   3.779   0.732

 1.91  0.00   0.693   0.675   0.128   0.102   0.043   0.017   0.370   0.011   0.000   0.023   0.000 165927200
 1.91    8.88    97.635
 1.91 16.00   2.191   1.585
 1.91 16.00   3.775    90.482
 1.91 16.00   3.422   1.762   3.775   0.750
 1.91 16.00   3.428   1.743   3.775   0.731

 1.92  0.00   0.692   0.674   0.128   0.102   0.043   0.017   0.370   0.011   0.000   0.023   0.000 166795900
 1.92    8.85    97.447
 1.92 16.00   2.183   1.589
 1.92 16.00   3.772    90.323
 1.92 16.00   3.420   1.760   3.772   0.749
 1.92 16.00   3.425   1.741   3.772   0.730

 1.93  0.00   0.691   0.673   0.127   0.102   0.042   0.016   0.370   0.011   0.000   0.023   0.000 167664600
 1.93    8.82    97.261
 1.93 16.00   2.176   1.593
 1.93 16.00   3.769    90.166
 1.93 16.00   3.417   1.758   3.769   0.748
 1.93 16.00   3.422   1.739   3.769   0.728

 1.94  0.00   0.690   0.672   0.127   0.101   0.042   0.016   0.369   0.011   0.000   0.023   0.000 168533300
 1.94    8.79    97.077
 1.94 16.00   2.169   1.597
 1.94 16.00   3.766    90.010
 1.94 16.00   3.415   1.756   3.766   0.746
 1.94 16.00   3.420   1.737   3.766   0.727

 1.95  0.00   0.689   0.671   0.126   0.101   0.042   0.016   0.369   0.011   0.000   0.023   0.000 169402100
 1.95    8.76    96.893
 1.95 16.00   2.162   1.602
 1.95 16.00   3.764    89.855
 1.95 16.00   3.412   1.754   3.764   0.745
 1.95 16.00   3.418   1.735   3.764   0.726

 1.96  0.00   0.687   0.670   0.126   0.101   0.042   0.016   0.369   0.011   0.000   0.023   0.000 170270800
 1.96    8.73    96.711
 1.96 16.00   2.155   1.606
 1.96 16.00   3.761    89.702
 1.96 16.00   3.410   1.752   3.761   0.744
 1.96 16.00   3.416   1.733   3.761   0.725

 1.97  0.00   0.686   0.668   0.125   0.101   0.042   0.016   0.369   0.010   0.000   0.022   0.000 171139500
 1.97    8.70    96.530
 1.97 16.00   2.148   1.610
 1.97 16.00   3.759    89.551
 1.97 16.00   3.408   1.750   3.759   0.743
 1.97 16.00   3.414   1.731   3.759   0.723

 1.98  0.00   0.685   0.667   0.125   0.101   0.041   0.016   0.369   0.010   0.000   0.022   0.000 172008300
 1.98    8.67    96.351
 1.98 16.00   2.141   1.615
 1.98 16.00   3.756    89.401
 1.98 16.00   3.406   1.748   3.756   0.742
 1.98 16.00   3.412   1.730   3.756   0.722

 1.99  0.00   0.684   0.666   0.124   0.101   0.041   0.016   0.369   0.010   0.000   0.022   0.000 172877000
 1.99    8.64    96.172
 1.99 16.00   2.135   1.619
 1.99 16.00   3.754    89.252
 1.99 16.00   3.405   1.746   3.754   0.740
 1.99 16.00   3.410   1.728   3.754   0.721

 2.00  0.00   0.683   0.665   0.124   0.100   0.041   0.016   0.369   0.010   0.000   0.022   0.000 173745700
 2.00    8.61    95.995
 2.00 16.00   2.128   1.624
 2.00 16.00   3.752    89.104
 2.00 16.00   3.403   1.745   3.752   0.739
 2.00 16.00   3.408   1.726   3.752   0.720

 2.01  0.00   0.682   0.664   0.123   0.100   0.041   0.016   0.369   0.010   0.000   0.022   0.000 174614400
 2.01    8.59    95.819
 2.01 16.00   2.122   1.628
 2.01 16.00   3.750    88.959
 2.01 16.00   3.402   1.743   3.750   0.738
 2.01 16.00   3.407   1.724   3.750   0.719

 2.02  0.00   0.681   0.663   0.123   0.100   0.041   0.016   0.369   0.010   0.000   0.022   0.000 175483200
 2.02    8.56    95.644
 2.02 16.00   2.116   1.633
 2.02 16.00   3.749    88.814
 2.02 16.00   3.400   1.742   3.749   0.737
 2.02 16.00   3.406   1.723   3.749   0.717

 2.03  0.00   0.680   0.662   0.122   0.100   0.041   0.016   0.369   0.010   0.000   0.022   0.000 176351900
 2.03    8.53    95.470
 2.03 16.00   2.109   1.638
 2.03 16.00   3.747    88.671
 2.03 16.00   3.399   1.740   3.747   0.736
 2.03 16.00   3.404   1.721   3.747   0.716

 2.04  0.00   0.679   0.661   0.122   0.100   0.040   0.016   0.369   0.010   0.000   0.022   0.000 177220600
 2.04    8.51    95.298
 2.04 16.00   2.103   1.642
 2.04 16.00   3.745    88.529
 2.04 16.00   3.398   1.739   3.745   0.735
 2.04 16.00   3.403   1.720   3.745   0.715

 2.05  0.00   0.678   0.660   0.122   0.100   0.040   0.016   0.369   0.010   0.000   0.022   0.000 178089300
 2.05    8.48    95.127
 2.05 16.00   2.097   1.647
 2.05 16.00   3.744    88.388
 2.05 16.00   3.397   1.737   3.744   0.734
 2.05 16.00   3.402   1.718   3.744   0.714

 2.06  0.00   0.677   0.659   0.121   0.099   0.040   0.016   0.369   0.010   0.000   0.021   0.000 178958100
 2.06    8.45    94.957
 2.06 16.00   2.091   1.652
 2.06 16.00   3.743    88.249
 2.06 16.00   3.396   1.736   3.743   0.733
 2.06 16.00   3.401   1.717   3.743   0.713

 2.07  0.00   0.676   0.658   0.121   0.099   0.040   0.016   0.369   0.010   0.000   0.021   0.000 179826800
 2.07    8.43    94.787
 2.07 16.00   2.085   1.657
 2.07 16.00   3.742    88.111
 2.07 16.00   3.395   1.735   3.742   0.732
 2.07 16.00   3.401   1.716   3.742   0.712

 2.08  0.00   0.675   0.657   0.120   0.099   0.040   0.016   0.369   0.010   0.000   0.021   0.000 180695500
 2.08    8.40    94.620
 2.08 16.00   2.079   1.662
 2.08 16.00   3.741    87.975
 2.08 16.00   3.394   1.733   3.741   0.731
 2.08 16.00   3.400   1.714   3.741   0.711

 2.09  0.00   0.674   0.656   0.120   0.099   0.040   0.016   0.369   0.010   0.000   0.021   0.000 181564300
 2.09    8.38    94.453
 2.09 16.00   2.073   1.666
 2.09 16.00   3.740    87.840
 2.09 16.00   3.394   1.732   3.740   0.730
 2.09 16.00   3.399   1.713   3.740   0.710

 2.10  0.00   0.673   0.655   0.119   0.099   0.039   0.016   0.369   0.010   0.000   0.021   0.000 182433000
 2.10    8.35    94.287
 2.10 16.00   2.068   1.671
 2.10 16.00   3.739    87.706
 2.10 16.00   3.393   1.731   3.739   0.729
 2.10 16.00   3.399   1.712   3.739   0.709

 2.11  0.00   0.672   0.654   0.119   0.099   0.039   0.016   0.369   0.010   0.000   0.021   0.000 183301700
 2.11    8.33    94.123
 2.11 16.00   2.062   1.676
 2.11 16.00   3.739    87.573
 2.11 16.00   3.393   1.730   3.739   0.728
 2.11 16.00   3.399   1.711   3.739   0.708

 2.12  0.00   0.671   0.653   0.118   0.099   0.039   0.016   0.369   0.010   0.000   0.021   0.000 184170400
 2.12    8.30    93.959
 2.12 16.00   2.057   1.681
 2.12 16.00   3.738    87.442
 2.12 16.00   3.393   1.729   3.738   0.727
 2.12 16.00   3.398   1.709   3.738   0.707

 2.13  0.00   0.670   0.652   0.118   0.098   0.039   0.016   0.369   0.010   0.000   0.021   0.000 185039200
 2.13    8.28    93.797
 2.13 16.00   2.051   1.686
 2.13 16.00   3.738    87.311
 2.13 16.00   3.393   1.728   3.738   0.726
 2.13 16.00   3.398   1.708   3.738   0.705

 2.14  0.00   0.670   0.651   0.118   0.098   0.039   0.016   0.369   0.010   0.000   0.021   0.000 185907900
 2.14    8.25    93.636
 2.14 16.00   2.046   1.691
 2.14 16.00   3.737    87.182
 2.14 16.00   3.393   1.727   3.737   0.725
 2.14 16.00   3.398   1.707   3.737   0.704

 2.15  0.00   0.669   0.650   0.117   0.098   0.039   0.016   0.369   0.010   0.000   0.021   0.000 186776600
 2.15    8.23    93.476
 2.15 16.00   2.041   1.697
 2.15 16.00   3.737    87.055
 2.15 16.00   3.393   1.726   3.737   0.724
 2.15 16.00   3.398   1.706   3.737   0.703

 2.16  0.00   0.668   0.649   0.117   0.098   0.038   0.016   0.369   0.010   0.000   0.020   0.000 187645400
 2.16    8.21    93.317
 2.16 16.00   2.035   1.702
 2.16 16.00   3.737    86.928
 2.16 16.00   3.393   1.725   3.737   0.723
 2.16 16.00   3.399   1.705   3.737   0.702

 2.17  0.00   0.667   0.648   0.116   0.098   0.038   0.015   0.369   0.010   0.000   0.020   0.000 188514100
 2.17    8.18    93.159
 2.17 16.00   2.030   1.707
 2.17 16.00   3.737    86.803
 2.17 16.00   3.393   1.724   3.737   0.722
 2.17 16.00   3.399   1.704   3.737   0.701

 2.18  0.00   0.666   0.647   0.116   0.098   0.038   0.015   0.369   0.010   0.000   0.020   0.000 189382800
 2.18    8.16    93.002
 2.18 16.00   2.025   1.709
 2.18 16.00   3.734    86.687
 2.18 16.00   3.391   1.722   3.734   0.721
 2.18 16.00   3.396   1.702   3.734   0.700

 2.19  0.00   0.665   0.646   0.116   0.098   0.038   0.015   0.369   0.010   0.000   0.020   0.000 190251600
 2.19    8.14    92.846
 2.19 16.00   2.020   1.709
 2.19 16.00   3.729    86.578
 2.19 16.00   3.386   1.720   3.729   0.720
 2.19 16.00   3.392   1.700   3.729   0.699

 2.20  0.00   0.664   0.645   0.115   0.097   0.038   0.015   0.369   0.010   0.000   0.020   0.000 191120300
 2.20    8.12    92.691
 2.20 16.00   2.015   1.709
 2.20 16.00   3.724    86.470
 2.20 16.00   3.382   1.717   3.724   0.719
 2.20 16.00   3.387   1.698   3.724   0.698

 2.21  0.00   0.663   0.644   0.115   0.097   0.038   0.015   0.368   0.010   0.000   0.020   0.000 191989000
 2.21    8.09    92.537
 2.21 16.00   2.010   1.709
 2.21 16.00   3.719    86.363
 2.21 16.00   3.377   1.715   3.719   0.718
 2.21 16.00   3.383   1.695   3.719   0.697

 2.22  0.00   0.662   0.643   0.114   0.097   0.037   0.015   0.368   0.010   0.000   0.020   0.000 192857700
 2.22    8.07    92.385
 2.22 16.00   2.005   1.709
 2.22 16.00   3.714    86.257
 2.22 16.00   3.373   1.713   3.714   0.717
 2.22 16.00   3.378   1.693   3.714   0.696

 2.23  0.00   0.661   0.642   0.114   0.097   0.037   0.015   0.368   0.010   0.000   0.020   0.000 193726500
 2.23    8.05    92.233
 2.23 16.00   2.000   1.709
 2.23 16.00   3.709    86.151
 2.23 16.00   3.368   1.711   3.709   0.716
 2.23 16.00   3.374   1.691   3.709   0.695

 2.24  0.00   0.661   0.641   0.114   0.097   0.037   0.015   0.368   0.010   0.000   0.020   0.000 194595200
 2.24    8.03    92.082
 2.24 16.00   1.996   1.709
 2.24 16.00   3.705    86.047
 2.24 16.00   3.364   1.708   3.705   0.715
 2.24 16.00   3.370   1.688   3.705   0.694

 2.25  0.00   0.660   0.641   0.113   0.097   0.037   0.015   0.368   0.010   0.000   0.020   0.000 195463900
 2.25    8.01    91.932
 2.25 16.00   1.991   1.709
 2.25 16.00   3.700    85.943
 2.25 16.00   3.360   1.706   3.700   0.714
 2.25 16.00   3.366   1.686   3.700   0.693

 2.26  0.00   0.659   0.640   0.113   0.097   0.037   0.015   0.368   0.010   0.000   0.020   0.000 196332600
 2.26    7.99    91.783
 2.26 16.00   1.986   1.709
 2.26 16.00   3.695    85.841
 2.26 16.00   3.356   1.704   3.695   0.713
 2.26 16.00   3.361   1.684   3.695   0.692

 2.27  0.00   0.658   0.639   0.112   0.097   0.037   0.015   0.368   0.010   0.000   0.019   0.000 197201400
 2.27    7.96    91.636
 2.27 16.00   1.982   1.709
 2.27 16.00   3.691    85.739
 2.27 16.00   3.352   1.702   3.691   0.712
 2.27 16.00   3.357   1.682   3.691   0.691

 2.28  0.00   0.657   0.638   0.112   0.096   0.036   0.015   0.368   0.010   0.000   0.019   0.000 198070100
 2.28    7.94    91.489
 2.28 16.00   1.977   1.709
 2.28 16.00   3.686    85.638
 2.28 16.00   3.347   1.700   3.686   0.711
 2.28 16.00   3.353   1.680   3.686   0.690

 2.29  0.00   0.656   0.637   0.112   0.096   0.036   0.015   0.368   0.010   0.000   0.019   0.000 198938800
 2.29    7.92    91.343
 2.29 16.00   1.973   1.709
 2.29 16.00   3.682    85.539
 2.29 16.00   3.343   1.698   3.682   0.710
 2.29 16.00   3.349   1.677   3.682   0.689

 2.30  0.00   0.655   0.636   0.111   0.096   0.036   0.015   0.368   0.010   0.000   0.019   0.000 199807600
 2.30    7.90    91.198
 2.30 16.00   1.968   1.709
 2.30 16.00   3.677    85.440
 2.30 16.00   3.339   1.696   3.677   0.709
 2.30 16.00   3.345   1.675   3.677   0.688

 2.31  0.00   0.655   0.635   0.111   0.096   0.036   0.015   0.368   0.010   0.000   0.019   0.000 200676300
 2.31    7.88    91.054
 2.31 16.00   1.964   1.709
 2.31 16.00   3.673    85.342
 2.31 16.00   3.335   1.693   3.673   0.708
 2.31 16.00   3.341   1.673   3.673   0.687

 2.32  0.00   0.654   0.634   0.110   0.096   0.036   0.015   0.368   0.010   0.000   0.019   0.000 201545000
 2.32    7.86    90.911
 2.32 16.00   1.960   1.709
 2.32 16.00   3.669    85.244
 2.32 16.00   3.332   1.691   3.669   0.708
 2.32 16.00   3.337   1.671   3.669   0.686

 2.33  0.00   0.653   0.633   0.110   0.096   0.036   0.015   0.368   0.010   0.000   0.019   0.000 202413700
 2.33    7.84    90.769
 2.33 16.00   1.956   1.709
 2.33 16.00   3.665    85.148
 2.33 16.00   3.328   1.689   3.665   0.707
 2.33 16.00   3.334   1.669   3.665   0.685

 2.34  0.00   0.652   0.633   0.110   0.096   0.035   0.015   0.368   0.010   0.000   0.019   0.000 203282500
 2.34    7.82    90.628
 2.34 16.00   1.951   1.709
 2.34 16.00   3.660    85.052
 2.34 16.00   3.324   1.687   3.660   0.706
 2.34 16.00   3.330   1.667   3.660   0.685

 2.35  0.00   0.651   0.632   0.109   0.096   0.035   0.015   0.368   0.010   0.000   0.019   0.000 204151200
 2.35    7.80    90.488
 2.35 16.00   1.947   1.709
 2.35 16.00   3.656    84.958
 2.35 16.00   3.320   1.685   3.656   0.705
 2.35 16.00   3.326   1.665   3.656   0.684

 2.36  0.00   0.650   0.631   0.109   0.095   0.035   0.015   0.368   0.009   0.000   0.019   0.000 205019900
 2.36    7.78    90.349
 2.36 16.00   1.943   1.709
 2.36 16.00   3.652    84.864
 2.36 16.00   3.317   1.683   3.652   0.704
 2.36 16.00   3.322   1.663   3.652   0.683

 2.37  0.00   0.650   0.630   0.109   0.095   0.035   0.015   0.368   0.009   0.000   0.019   0.000 205888700
 2.37    7.77    90.211
 2.37 16.00   1.939   1.709
 2.37 16.00   3.648    84.771
 2.37 16.00   3.313   1.681   3.648   0.703
 2.37 16.00   3.319   1.661   3.648   0.682

 2.38  0.00   0.649   0.629   0.108   0.095   0.035   0.015   0.368   0.009   0.000   0.019   0.000 206757400
 2.38    7.75    90.073
 2.38 16.00   1.935   1.709
 2.38 16.00   3.644    84.678
 2.38 16.00   3.309   1.679   3.644   0.702
 2.38 16.00   3.315   1.659   3.644   0.681

 2.39  0.00   0.648   0.628   0.108   0.095   0.035   0.015   0.368   0.009   0.000   0.018   0.000 207626100
 2.39    7.73    89.937
 2.39 16.00   1.931   1.709
 2.39 16.00   3.640    84.587
 2.39 16.00   3.306   1.677   3.640   0.701
 2.39 16.00   3.312   1.657   3.640   0.680

 2.40  0.00   0.647   0.627   0.108   0.095   0.035   0.015   0.368   0.009   0.000   0.018   0.000 208494800
 2.40    7.71    89.801
 2.40 16.00   1.927   1.709
 2.40 16.00   3.636    84.496
 2.40 16.00   3.302   1.676   3.636   0.700
 2.40 16.00   3.308   1.655   3.636   0.679

 2.41  0.00   0.646   0.626   0.107   0.095   0.034   0.015   0.368   0.009   0.000   0.018   0.000 209363600
 2.41    7.69    89.667
 2.41 16.00   1.923   1.709
 2.41 16.00   3.632    84.406
 2.41 16.00   3.299   1.674   3.632   0.700
 2.41 16.00   3.305   1.653   3.632   0.678

 2.42  0.00   0.646   0.626   0.107   0.095   0.034   0.015   0.368   0.009   0.000   0.018   0.000 210232300
 2.42    7.67    89.533
 2.42 16.00   1.919   1.709
 2.42 16.00   3.628    84.317
 2.42 16.00   3.295   1.672   3.628   0.699
 2.42 16.00   3.301   1.651   3.628   0.677

 2.43  0.00   0.645   0.625   0.106   0.095   0.034   0.015   0.367   0.009   0.000   0.018   0.000 211101000
 2.43    7.65    89.405
 2.43 16.00   1.916   1.709
 2.43 16.00   3.625    84.232
 2.43 16.00   3.292   1.670   3.625   0.698
 2.43 16.00   3.298   1.649   3.625   0.676

 2.44  0.00   0.644   0.624   0.106   0.095   0.034   0.014   0.367   0.009   0.000   0.018   0.000 211969800
 2.44    7.64    89.268
 2.44 16.00   1.912   1.709
 2.44 16.00   3.621    84.142
 2.44 16.00   3.289   1.668   3.621   0.697
 2.44 16.00   3.295   1.647   3.621   0.675

 2.45  0.00   0.643   0.623   0.106   0.095   0.034   0.014   0.367   0.009   0.000   0.018   0.000 212838500
 2.45    7.62    89.132
 2.45 16.00   1.909   1.709
 2.45 16.00   3.618    84.052
 2.45 16.00   3.286   1.666   3.618   0.696
 2.45 16.00   3.292   1.645   3.618   0.674

 2.46  0.00   0.642   0.622   0.105   0.094   0.034   0.014   0.367   0.009   0.000   0.018   0.000 213707200
 2.46    7.60    88.997
 2.46 16.00   1.905   1.709
 2.46 16.00   3.614    83.964
 2.46 16.00   3.283   1.665   3.614   0.695
 2.46 16.00   3.289   1.644   3.614   0.674

 2.47  0.00   0.642   0.622   0.105   0.094   0.034   0.014   0.367   0.009   0.000   0.018   0.000 214576000
 2.47    7.59    88.862
 2.47 16.00   1.902   1.709
 2.47 16.00   3.611    83.875
 2.47 16.00   3.280   1.663   3.611   0.694
 2.47 16.00   3.286   1.642   3.611   0.673

 2.48  0.00   0.641   0.621   0.105   0.094   0.033   0.014   0.367   0.009   0.000   0.018   0.000 215444700
 2.48    7.57    88.728
 2.48 16.00   1.899   1.709
 2.48 16.00   3.607    83.788
 2.48 16.00   3.277   1.661   3.607   0.694
 2.48 16.00   3.282   1.640   3.607   0.672

 2.49  0.00   0.640   0.620   0.104   0.094   0.033   0.014   0.367   0.009   0.000   0.018   0.000 216313400
 2.49    7.55    88.595
 2.49 16.00   1.895   1.709
 2.49 16.00   3.604    83.701
 2.49 16.00   3.274   1.659   3.604   0.693
 2.49 16.00   3.279   1.639   3.604   0.671

 2.50  0.00   0.639   0.620   0.104   0.094   0.033   0.014   0.367   0.009   0.000   0.018   0.000 217182100
 2.50    7.54    88.462
 2.50 16.00   1.892   1.709
 2.50 16.00   3.601    83.615
 2.50 16.00   3.271   1.658   3.601   0.692
 2.50 16.00   3.277   1.637   3.601   0.671

 2.51  0.00   0.639   0.619   0.104   0.094   0.033   0.014   0.367   0.009   0.000   0.018   0.000 218050900
 2.51    7.52    88.330
 2.51 16.00   1.889   1.709
 2.51 16.00   3.598    83.529
 2.51 16.00   3.268   1.656   3.598   0.691
 2.51 16.00   3.274   1.636   3.598   0.670

 2.52  0.00   0.638   0.618   0.103   0.094   0.033   0.014   0.367   0.009   0.000   0.018   0.000 218919600
 2.52    7.50    88.199
 2.52 16.00   1.885   1.709
 2.52 16.00   3.594    83.444
 2.52 16.00   3.265   1.654   3.594   0.690
 2.52 16.00   3.271   1.634   3.594   0.669

 2.53  0.00   0.637   0.618   0.103   0.094   0.033   0.014   0.367   0.009   0.000   0.017   0.000 219788300
 2.53    7.49    88.068
 2.53 16.00   1.882   1.709
 2.53 16.00   3.591    83.360
 2.53 16.00   3.262   1.653   3.591   0.689
 2.53 16.00   3.268   1.632   3.591   0.668

 2.54  0.00   0.636   0.617   0.103   0.094   0.033   0.014   0.367   0.009   0.000   0.017   0.000 220657000
 2.54    7.47    87.939
 2.54 16.00   1.879   1.709
 2.54 16.00   3.588    83.276
 2.54 16.00   3.259   1.651   3.588   0.689
 2.54 16.00   3.265   1.631   3.588   0.668

 2.55  0.00   0.635   0.616   0.102   0.093   0.032   0.014   0.367   0.009   0.000   0.017   0.000 221525800
 2.55    7.46    87.809
 2.55 16.00   1.876   1.709
 2.55 16.00   3.585    83.193
 2.55 16.00   3.257   1.649   3.585   0.688
 2.55 16.00   3.262   1.629   3.585   0.667

 2.56  0.00   0.635   0.616   0.102   0.093   0.032   0.014   0.367   0.009   0.000   0.017   0.000 222394500
 2.56    7.44    87.681
 2.56 16.00   1.873   1.709
 2.56 16.00   3.582    83.111
 2.56 16.00   3.254   1.648   3.582   0.687
 2.56 16.00   3.260   1.628   3.582   0.666

 2.57  0.00   0.634   0.615   0.102   0.093   0.032   0.014   0.367   0.009   0.000   0.017   0.000 223263200
 2.57    7.43    87.553
 2.57 16.00   1.870   1.709
 2.57 16.00   3.579    83.029
 2.57 16.00   3.251   1.646   3.579   0.686
 2.57 16.00   3.257   1.626   3.579   0.666

 2.58  0.00   0.633   0.614   0.101   0.093   0.032   0.014   0.367   0.009   0.000   0.017   0.000 224132000
 2.58    7.41    87.426
 2.58 16.00   1.867   1.709
 2.58 16.00   3.576    82.948
 2.58 16.00   3.249   1.644   3.576   0.685
 2.58 16.00   3.254   1.625   3.576   0.665

 2.59  0.00   0.633   0.614   0.101   0.093   0.032   0.014   0.367   0.009   0.000   0.017   0.000 225000700
 2.59    7.40    87.299
 2.59 16.00   1.864   1.709
 2.59 16.00   3.573    82.867
 2.59 16.00   3.246   1.643   3.573   0.685
 2.59 16.00   3.252   1.623   3.573   0.664

 2.60  0.00   0.632   0.613   0.101   0.093   0.032   0.014   0.367   0.009   0.000   0.017   0.000 225869400
 2.60    7.38    87.173
 2.60 16.00   1.861   1.709
 2.60 16.00   3.570    82.787
 2.60 16.00   3.244   1.641   3.570   0.684
 2.60 16.00   3.249   1.622   3.570   0.664

 2.61  0.00   0.631   0.612   0.100   0.093   0.032   0.014   0.366   0.009   0.000   0.017   0.000 226738100
 2.61    7.37    87.048
 2.61 16.00   1.859   1.709
 2.61 16.00   3.567    82.708
 2.61 16.00   3.241   1.640   3.567   0.683
 2.61 16.00   3.247   1.620   3.567   0.663

 2.62  0.00   0.630   0.612   0.100   0.093   0.032   0.014   0.366   0.009   0.000   0.017   0.000 227606900
 2.62    7.35    86.923
 2.62 16.00   1.856   1.709
 2.62 16.00   3.565    82.629
 2.62 16.00   3.239   1.638   3.565   0.682
 2.62 16.00   3.244   1.619   3.565   0.662

 2.63  0.00   0.630   0.611   0.100   0.093   0.031   0.014   0.366   0.009   0.000   0.017   0.000 228475600
 2.63    7.34    86.799
 2.63 16.00   1.853   1.709
 2.63 16.00   3.562    82.550
 2.63 16.00   3.236   1.637   3.562   0.681
 2.63 16.00   3.242   1.618   3.562   0.661

 2.64  0.00   0.629   0.611   0.099   0.093   0.031   0.014   0.366   0.009   0.000   0.017   0.000 229344300
 2.64    7.32    86.676
 2.64 16.00   1.850   1.709
 2.64 16.00   3.559    82.473
 2.64 16.00   3.234   1.635   3.559   0.681
 2.64 16.00   3.239   1.616   3.559   0.661

 2.65  0.00   0.628   0.610   0.099   0.093   0.031   0.014   0.366   0.009   0.000   0.017   0.000 230213100
 2.65    7.31    86.553
 2.65 16.00   1.848   1.709
 2.65 16.00   3.556    82.395
 2.65 16.00   3.231   1.634   3.556   0.680
 2.65 16.00   3.237   1.615   3.556   0.660

 2.66  0.00   0.627   0.609   0.099   0.092   0.031   0.014   0.366   0.009   0.000   0.017   0.000 231081800
 2.66    7.29    86.431
 2.66 16.00   1.845   1.709
 2.66 16.00   3.554    82.319
 2.66 16.00   3.229   1.632   3.554   0.679
 2.66 16.00   3.234   1.613   3.554   0.659

 2.67  0.00   0.627   0.609   0.098   0.092   0.031   0.014   0.366   0.009   0.000   0.017   0.000 231950500
 2.67    7.28    86.310
 2.67 16.00   1.842   1.709
 2.67 16.00   3.551    82.243
 2.67 16.00   3.227   1.631   3.551   0.678
 2.67 16.00   3.232   1.612   3.551   0.659

 2.68  0.00   0.626   0.608   0.098   0.092   0.031   0.014   0.366   0.009   0.000   0.016   0.000 232819200
 2.68    7.27    86.189
 2.68 16.00   1.840   1.709
 2.68 16.00   3.549    82.167
 2.68 16.00   3.224   1.629   3.549   0.677
 2.68 16.00   3.230   1.611   3.549   0.658

 2.69  0.00   0.625   0.607   0.098   0.092   0.031   0.014   0.366   0.009   0.000   0.016   0.000 233688000
 2.69    7.25    86.069
 2.69 16.00   1.837   1.709
 2.69 16.00   3.546    82.092
 2.69 16.00   3.222   1.628   3.546   0.677
 2.69 16.00   3.227   1.609   3.546   0.657

 2.70  0.00   0.625   0.607   0.097   0.092   0.031   0.014   0.366   0.009   0.000   0.016   0.000 234556700
 2.70    7.24    85.949
 2.70 16.00   1.835   1.709
 2.70 16.00   3.544    82.018
 2.70 16.00   3.220   1.626   3.544   0.676
 2.70 16.00   3.225   1.608   3.544   0.657

 2.71  0.00   0.624   0.606   0.097   0.092   0.030   0.014   0.366   0.009   0.000   0.016   0.000 235425400
 2.71    7.23    85.830
 2.71 16.00   1.832   1.709
 2.71 16.00   3.541    81.944
 2.71 16.00   3.218   1.625   3.541   0.675
 2.71 16.00   3.223   1.607   3.541   0.656

 2.72  0.00   0.623   0.606   0.097   0.092   0.030   0.014   0.366   0.009   0.000   0.016   0.000 236294200
 2.72    7.21    85.712
 2.72 16.00   1.830   1.709
 2.72 16.00   3.539    81.871
 2.72 16.00   3.216   1.624   3.539   0.674
 2.72 16.00   3.221   1.605   3.539   0.655

 2.73  0.00   0.622   0.605   0.096   0.092   0.030   0.013   0.366   0.009   0.000   0.016   0.000 237162900
 2.73    7.20    85.594
 2.73 16.00   1.827   1.709
 2.73 16.00   3.536    81.798
 2.73 16.00   3.213   1.622   3.536   0.674
 2.73 16.00   3.219   1.604   3.536   0.655

 2.74  0.00   0.622   0.604   0.096   0.092   0.030   0.013   0.366   0.009   0.000   0.016   0.000 238031600
 2.74    7.19    85.477
 2.74 16.00   1.825   1.709
 2.74 16.00   3.534    81.725
 2.74 16.00   3.211   1.621   3.534   0.673
 2.74 16.00   3.217   1.603   3.534   0.654

 2.75  0.00   0.621   0.604   0.096   0.092   0.030   0.013   0.366   0.009   0.000   0.016   0.000 238900300
 2.75    7.17    85.360
 2.75 16.00   1.822   1.709
 2.75 16.00   3.531    81.654
 2.75 16.00   3.209   1.619   3.531   0.672
 2.75 16.00   3.214   1.601   3.531   0.653

 2.76  0.00   0.620   0.603   0.095   0.092   0.030   0.013   0.366   0.009   0.000   0.016   0.000 239769100
 2.76    7.16    85.244
 2.76 16.00   1.820   1.709
 2.76 16.00   3.529    81.582
 2.76 16.00   3.207   1.618   3.529   0.671
 2.76 16.00   3.212   1.600   3.529   0.653

 2.77  0.00   0.620   0.603   0.095   0.092   0.030   0.013   0.365   0.009   0.000   0.016   0.000 240637800
 2.77    7.15    85.129
 2.77 16.00   1.818   1.709
 2.77 16.00   3.527    81.512
 2.77 16.00   3.205   1.617   3.527   0.671
 2.77 16.00   3.210   1.599   3.527   0.652

 2.78  0.00   0.619   0.602   0.095   0.091   0.030   0.013   0.365   0.009   0.000   0.016   0.000 241506500
 2.78    7.13    85.014
 2.78 16.00   1.816   1.709
 2.78 16.00   3.524    81.441
 2.78 16.00   3.203   1.615   3.524   0.670
 2.78 16.00   3.208   1.598   3.524   0.651

 2.79  0.00   0.618   0.601   0.095   0.091   0.029   0.013   0.365   0.009   0.000   0.016   0.000 242375200
 2.79    7.12    84.900
 2.79 16.00   1.813   1.709
 2.79 16.00   3.522    81.372
 2.79 16.00   3.201   1.614   3.522   0.669
 2.79 16.00   3.206   1.596   3.522   0.651

 2.80  0.00   0.618   0.601   0.094   0.091   0.029   0.013   0.365   0.009   0.000   0.016   0.000 243244000
 2.80    7.11    84.786
 2.80 16.00   1.811   1.709
 2.80 16.00   3.520    81.302
 2.80 16.00   3.199   1.613   3.520   0.668
 2.80 16.00   3.204   1.595   3.520   0.650

 2.81  0.00   0.617   0.600   0.094   0.091   0.029   0.013   0.365   0.008   0.000   0.016   0.000 244112700
 2.81    7.10    84.673
 2.81 16.00   1.809   1.709
 2.81 16.00   3.518    81.234
 2.81 16.00   3.198   1.611   3.518   0.668
 2.81 16.00   3.203   1.594   3.518   0.650

 2.82  0.00   0.616   0.600   0.094   0.091   0.029   0.013   0.365   0.008   0.000   0.016   0.000 244981400
 2.82    7.08    84.561
 2.82 16.00   1.807   1.709
 2.82 16.00   3.516    81.165
 2.82 16.00   3.196   1.610   3.516   0.667
 2.82 16.00   3.201   1.593   3.516   0.649

 2.83  0.00   0.616   0.599   0.093   0.091   0.029   0.013   0.365   0.008   0.000   0.016   0.000 245850200
 2.83    7.07    84.449
 2.83 16.00   1.805   1.709
 2.83 16.00   3.514    81.098
 2.83 16.00   3.194   1.609   3.514   0.666
 2.83 16.00   3.199   1.592   3.514   0.648

 2.84  0.00   0.615   0.599   0.093   0.091   0.029   0.013   0.365   0.008   0.000   0.016   0.000 246718900
 2.84    7.06    84.338
 2.84 16.00   1.802   1.709
 2.84 16.00   3.511    81.030
 2.84 16.00   3.192   1.608   3.511   0.666
 2.84 16.00   3.197   1.591   3.511   0.648

 2.85  0.00   0.614   0.598   0.093   0.091   0.029   0.013   0.365   0.008   0.000   0.015   0.000 247587600
 2.85    7.05    84.227
 2.85 16.00   1.800   1.709
 2.85 16.00   3.509    80.963
 2.85 16.00   3.190   1.606   3.509   0.665
 2.85 16.00   3.195   1.589   3.509   0.647

 2.86  0.00   0.614   0.597   0.092   0.091   0.029   0.013   0.365   0.008   0.000   0.015   0.000 248456400
 2.86    7.04    84.117
 2.86 16.00   1.798   1.709
 2.86 16.00   3.507    80.897
 2.86 16.00   3.188   1.605   3.507   0.664
 2.86 16.00   3.193   1.588   3.507   0.646

 2.87  0.00   0.613   0.597   0.092   0.091   0.028   0.013   0.365   0.008   0.000   0.015   0.000 249325100
 2.87    7.02    84.007
 2.87 16.00   1.796   1.709
 2.87 16.00   3.505    80.831
 2.87 16.00   3.187   1.604   3.505   0.663
 2.87 16.00   3.192   1.587   3.505   0.646

 2.88  0.00   0.612   0.596   0.092   0.091   0.028   0.013   0.365   0.008   0.000   0.015   0.000 250193800
 2.88    7.01    83.898
 2.88 16.00   1.794   1.709
 2.88 16.00   3.503    80.766
 2.88 16.00   3.185   1.603   3.503   0.663
 2.88 16.00   3.190   1.586   3.503   0.645

 2.89  0.00   0.612   0.596   0.092   0.091   0.028   0.013   0.365   0.008   0.000   0.015   0.000 251062500
 2.89    7.00    83.790
 2.89 16.00   1.792   1.709
 2.89 16.00   3.501    80.701
 2.89 16.00   3.183   1.601   3.501   0.662
 2.89 16.00   3.188   1.585   3.501   0.645

 2.90  0.00   0.611   0.595   0.091   0.091   0.028   0.013   0.365   0.008   0.000   0.015   0.000 251931300
 2.90    6.99    83.682
 2.90 16.00   1.790   1.709
 2.90 16.00   3.499    80.636
 2.90 16.00   3.182   1.600   3.499   0.661
 2.90 16.00   3.186   1.584   3.499   0.644

 2.91  0.00   0.610   0.595   0.091   0.091   0.028   0.013   0.364   0.008   0.000   0.015   0.000 252800000
 2.91    6.98    83.575
 2.91 16.00   1.789   1.702
 2.91 16.00   3.490    80.581
 2.91 16.00   3.173   1.597   3.490   0.661
 2.91 16.00   3.178   1.581   3.490   0.643

 2.92  0.00   0.610   0.594   0.091   0.090   0.028   0.013   0.364   0.008   0.000   0.015   0.000 253668700
 2.92    6.97    83.468
 2.92 16.00   1.787   1.699
 2.92 16.00   3.485    80.520
 2.92 16.00   3.169   1.595   3.485   0.660
 2.92 16.00   3.173   1.579   3.485   0.643

 2.93  0.00   0.609   0.593   0.090   0.090   0.028   0.013   0.364   0.008   0.000   0.015   0.000 254537500
 2.93    6.95    83.362
 2.93 16.00   1.785   1.696
 2.93 16.00   3.481    80.459
 2.93 16.00   3.164   1.593   3.481   0.659
 2.93 16.00   3.169   1.577   3.481   0.642

 2.94  0.00   0.608   0.593   0.090   0.090   0.028   0.013   0.364   0.008   0.000   0.015   0.000 255406200
 2.94    6.94    83.256
 2.94 16.00   1.783   1.693
 2.94 16.00   3.476    80.399
 2.94 16.00   3.160   1.591   3.476   0.658
 2.94 16.00   3.165   1.575   3.476   0.642

 2.95  0.00   0.608   0.592   0.090   0.090   0.028   0.013   0.364   0.008   0.000   0.015   0.000 256274900
 2.95    6.93    83.151
 2.95 16.00   1.781   1.691
 2.95 16.00   3.472    80.340
 2.95 16.00   3.156   1.589   3.472   0.658
 2.95 16.00   3.161   1.573   3.472   0.641

 2.96  0.00   0.607   0.592   0.090   0.090   0.027   0.013   0.364   0.008   0.000   0.015   0.000 257143600
 2.96    6.92    83.046
 2.96 16.00   1.779   1.688
 2.96 16.00   3.467    80.280
 2.96 16.00   3.152   1.587   3.467   0.657
 2.96 16.00   3.156   1.571   3.467   0.640

 2.97  0.00   0.607   0.591   0.089   0.090   0.027   0.013   0.364   0.008   0.000   0.015   0.000 258012400
 2.97    6.91    82.942
 2.97 16.00   1.778   1.685
 2.97 16.00   3.463    80.221
 2.97 16.00   3.148   1.585   3.463   0.656
 2.97 16.00   3.152   1.570   3.463   0.640

 2.98  0.00   0.606   0.591   0.089   0.090   0.027   0.013   0.364   0.008   0.000   0.015   0.000 258881100
 2.98    6.90    82.839
 2.98 16.00   1.776   1.683
 2.98 16.00   3.458    80.163
 2.98 16.00   3.144   1.584   3.458   0.656
 2.98 16.00   3.148   1.568   3.458   0.639

 2.99  0.00   0.605   0.590   0.089   0.090   0.027   0.013   0.364   0.008   0.000   0.015   0.000 259749800
 2.99    6.89    82.736
 2.99 16.00   1.774   1.680
 2.99 16.00   3.454    80.104
 2.99 16.00   3.140   1.582   3.454   0.655
 2.99 16.00   3.144   1.566   3.454   0.639

 3.00  0.00   0.605   0.590   0.088   0.090   0.027   0.013   0.364   0.008   0.000   0.015   0.000 260618600
 3.00    6.88    82.633
 3.00 16.00   1.772   1.677
 3.00 16.00   3.450    80.046
 3.00 16.00   3.136   1.580   3.450   0.654
 3.00 16.00   3.140   1.564   3.450   0.638

 3.01  0.00   0.604   0.589   0.088   0.090   0.027   0.013   0.364   0.008   0.000   0.015   0.000 261487300
 3.01    6.87    82.531
 3.01 16.00   1.771   1.675
 3.01 16.00   3.446    79.988
 3.01 16.00   3.132   1.578   3.446   0.654
 3.01 16.00   3.136   1.563   3.446   0.638

 3.02  0.00   0.603   0.589   0.088   0.090   0.027   0.013   0.364   0.008   0.000   0.015   0.000 262356000
 3.02    6.86    82.430
 3.02 16.00   1.769   1.672
 3.02 16.00   3.441    79.931
 3.02 16.00   3.128   1.576   3.441   0.653
 3.02 16.00   3.132   1.561   3.441   0.637

 3.03  0.00   0.603   0.588   0.088   0.090   0.027   0.013   0.364   0.008   0.000   0.015   0.000 263224700
 3.03    6.85    82.329
 3.03 16.00   1.767   1.670
 3.03 16.00   3.437    79.874
 3.03 16.00   3.124   1.575   3.437   0.652
 3.03 16.00   3.129   1.559   3.437   0.636

 3.04  0.00   0.602   0.588   0.088   0.090   0.027   0.012   0.364   0.008   0.000   0.014   0.000 264093500
 3.04    6.84    82.229
 3.04 16.00   1.766   1.667
 3.04 16.00   3.433    79.817
 3.04 16.00   3.120   1.573   3.433   0.652
 3.04 16.00   3.125   1.558   3.433   0.636

 3.05  0.00   0.602   0.587   0.087   0.090   0.027   0.012   0.363   0.008   0.000   0.014   0.000 264962200
 3.05    6.83    82.129
 3.05 16.00   1.764   1.665
 3.05 16.00   3.429    79.761
 3.05 16.00   3.117   1.571   3.429   0.651
 3.05 16.00   3.121   1.556   3.429   0.635

 3.06  0.00   0.601   0.587   0.087   0.089   0.026   0.012   0.363   0.008   0.000   0.014   0.000 265830900
 3.06    6.82    82.030
 3.06 16.00   1.763   1.662
 3.06 16.00   3.425    79.705
 3.06 16.00   3.113   1.569   3.425   0.651
 3.06 16.00   3.117   1.554   3.425   0.635

 3.07  0.00   0.601   0.586   0.087   0.089   0.026   0.012   0.363   0.008   0.000   0.014   0.000 266699600
 3.07    6.81    81.931
 3.07 16.00   1.761   1.660
 3.07 16.00   3.421    79.649
 3.07 16.00   3.109   1.568   3.421   0.650
 3.07 16.00   3.113   1.553   3.421   0.634

 3.08  0.00   0.600   0.586   0.087   0.089   0.026   0.012   0.363   0.008   0.000   0.014   0.000 267568400
 3.08    6.80    81.833
 3.08 16.00   1.760   1.657
 3.08 16.00   3.417    79.594
 3.08 16.00   3.105   1.566   3.417   0.649
 3.08 16.00   3.110   1.551   3.417   0.634

 3.09  0.00   0.600   0.585   0.087   0.089   0.026   0.012   0.363   0.008   0.000   0.014   0.000 268437100
 3.09    6.79    81.735
 3.09 16.00   1.758   1.655
 3.09 16.00   3.413    79.538
 3.09 16.00   3.102   1.564   3.413   0.649
 3.09 16.00   3.106   1.549   3.413   0.633

 3.10  0.00   0.599   0.585   0.086   0.089   0.026   0.012   0.363   0.008   0.000   0.014   0.000 269305800
 3.10    6.78    81.638
 3.10 16.00   1.757   1.652
 3.10 16.00   3.409    79.484
 3.10 16.00   3.098   1.563   3.409   0.648
 3.10 16.00   3.102   1.548   3.409   0.633

 3.11  0.00   0.598   0.584   0.086   0.089   0.026   0.012   0.363   0.008   0.000   0.014   0.000 270174600
 3.11    6.77    81.541
 3.11 16.00   1.755   1.650
 3.11 16.00   3.405    79.429
 3.11 16.00   3.095   1.561   3.405   0.648
 3.11 16.00   3.099   1.546   3.405   0.632

 3.12  0.00   0.598   0.583   0.086   0.089   0.026   0.012   0.363   0.008   0.000   0.014   0.000 271043300
 3.12    6.76    81.445
 3.12 16.00   1.754   1.647
 3.12 16.00   3.401    79.375
 3.12 16.00   3.091   1.559   3.401   0.647
 3.12 16.00   3.095   1.544   3.401   0.631

 3.13  0.00   0.597   0.583   0.086   0.089   0.026   0.012   0.363   0.008   0.000   0.014   0.000 271912000
 3.13    6.75    81.349
 3.13 16.00   1.752   1.645
 3.13 16.00   3.397    79.321
 3.13 16.00   3.088   1.558   3.397   0.646
 3.13 16.00   3.092   1.543   3.397   0.631

 3.14  0.00   0.597   0.582   0.086   0.089   0.026   0.012   0.363   0.008   0.000   0.014   0.000 272780800
 3.14    6.74    81.254
 3.14 16.00   1.751   1.643
 3.14 16.00   3.394    79.268
 3.14 16.00   3.084   1.556   3.394   0.646
 3.14 16.00   3.088   1.541   3.394   0.630

 3.15  0.00   0.596   0.582   0.085   0.089   0.026   0.012   0.363   0.008   0.000   0.014   0.000 273649500
 3.15    6.73    81.159
 3.15 16.00   1.750   1.640
 3.15 16.00   3.390    79.214
 3.15 16.00   3.081   1.555   3.390   0.645
 3.15 16.00   3.085   1.540   3.390   0.630

 3.16  0.00   0.596   0.581   0.085   0.089   0.025   0.012   0.363   0.008   0.000   0.014   0.000 274518200
 3.16    6.72    81.065
 3.16 16.00   1.748   1.638
 3.16 16.00   3.386    79.161
 3.16 16.00   3.077   1.553   3.386   0.645
 3.16 16.00   3.081   1.538   3.386   0.629

 3.17  0.00   0.595   0.581   0.085   0.089   0.025   0.012   0.363   0.008   0.000   0.014   0.000 275386900
 3.17    6.71    80.972
 3.17 16.00   1.747   1.636
 3.17 16.00   3.382    79.109
 3.17 16.00   3.074   1.551   3.382   0.644
 3.17 16.00   3.078   1.537   3.382   0.629

 3.18  0.00   0.595   0.580   0.085   0.089   0.025   0.012   0.362   0.008   0.000   0.014   0.000 276255700
 3.18    6.70    80.878
 3.18 16.00   1.746   1.633
 3.18 16.00   3.379    79.056
 3.18 16.00   3.071   1.550   3.379   0.643
 3.18 16.00   3.075   1.535   3.379   0.628

 3.19  0.00   0.594   0.580   0.084   0.089   0.025   0.012   0.362   0.008   0.000   0.014   0.000 277124400
 3.19    6.69    80.786
 3.19 16.00   1.744   1.631
 3.19 16.00   3.375    79.004
 3.19 16.00   3.067   1.548   3.375   0.643
 3.19 16.00   3.071   1.534   3.375   0.628

 3.20  0.00   0.594   0.580   0.084   0.089   0.025   0.012   0.362   0.008   0.000   0.014   0.000 277993100
 3.20    6.68    80.694
 3.20 16.00   1.743   1.629
 3.20 16.00   3.372    78.953
 3.20 16.00   3.064   1.547   3.372   0.642
 3.20 16.00   3.068   1.532   3.372   0.627

 3.21  0.00   0.593   0.579   0.084   0.089   0.025   0.012   0.362   0.008   0.000   0.013   0.000 278861900
 3.21    6.67    80.602
 3.21 16.00   1.742   1.626
 3.21 16.00   3.368    78.901
 3.21 16.00   3.061   1.545   3.368   0.642
 3.21 16.00   3.065   1.531   3.368   0.627

 3.22  0.00   0.592   0.579   0.084   0.088   0.025   0.012   0.362   0.008   0.000   0.013   0.000 279730600
 3.22    6.66    80.511
 3.22 16.00   1.740   1.624
 3.22 16.00   3.365    78.850
 3.22 16.00   3.058   1.544   3.365   0.641
 3.22 16.00   3.062   1.529   3.365   0.626

 3.23  0.00   0.592   0.578   0.084   0.088   0.025   0.012   0.362   0.008   0.000   0.013   0.000 280599300
 3.23    6.65    80.420
 3.23 16.00   1.739   1.622
 3.23 16.00   3.361    78.799
 3.23 16.00   3.054   1.542   3.361   0.641
 3.23 16.00   3.059   1.528   3.361   0.626

 3.24  0.00   0.591   0.578   0.083   0.088   0.025   0.012   0.362   0.008   0.000   0.013   0.000 281468000
 3.24    6.64    80.330
 3.24 16.00   1.738   1.620
 3.24 16.00   3.358    78.749
 3.24 16.00   3.051   1.541   3.358   0.640
 3.24 16.00   3.055   1.526   3.358   0.625

 3.25  0.00   0.591   0.577   0.083   0.088   0.025   0.012   0.362   0.008   0.000   0.013   0.000 282336800
 3.25    6.63    80.240
 3.25 16.00   1.737   1.618
 3.25 16.00   3.354    78.699
 3.25 16.00   3.048   1.539   3.354   0.639
 3.25 16.00   3.052   1.525   3.354   0.625

 3.26  0.00   0.590   0.577   0.083   0.088   0.024   0.012   0.362   0.008   0.000   0.013   0.000 283205500
 3.26    6.63    80.151
 3.26 16.00   1.736   1.615
 3.26 16.00   3.351    78.649
 3.26 16.00   3.045   1.538   3.351   0.639
 3.26 16.00   3.049   1.523   3.351   0.624

 3.27  0.00   0.590   0.576   0.083   0.088   0.024   0.012   0.362   0.008   0.000   0.013   0.000 284074200
 3.27    6.62    80.062
 3.27 16.00   1.734   1.613
 3.27 16.00   3.348    78.599
 3.27 16.00   3.042   1.536   3.348   0.638
 3.27 16.00   3.046   1.522   3.348   0.623

 3.28  0.00   0.589   0.576   0.083   0.088   0.024   0.012   0.362   0.008   0.000   0.013   0.000 284942900
 3.28    6.61    79.974
 3.28 16.00   1.733   1.611
 3.28 16.00   3.344    78.550
 3.28 16.00   3.039   1.535   3.344   0.638
 3.28 16.00   3.043   1.521   3.344   0.623

 3.29  0.00   0.589   0.575   0.082   0.088   0.024   0.012   0.362   0.008   0.000   0.013   0.000 285811700
 3.29    6.60    79.886
 3.29 16.00   1.732   1.609
 3.29 16.00   3.341    78.501
 3.29 16.00   3.036   1.533   3.341   0.637
 3.29 16.00   3.040   1.519   3.341   0.622

 3.30  0.00   0.588   0.575   0.082   0.088   0.024   0.012   0.362   0.008   0.000   0.013   0.000 286680400
 3.30    6.59    79.798
 3.30 16.00   1.731   1.607
 3.30 16.00   3.338    78.452
 3.30 16.00   3.033   1.532   3.338   0.637
 3.30 16.00   3.037   1.518   3.338   0.622

 3.31  0.00   0.588   0.574   0.082   0.088   0.024   0.012   0.361   0.008   0.000   0.013   0.000 287549100
 3.31    6.58    79.708
 3.31 16.00   1.730   1.605
 3.31 16.00   3.334    78.401
 3.31 16.00   3.030   1.530   3.334   0.636
 3.31 16.00   3.034   1.516   3.334   0.621

 3.32  0.00   0.587   0.574   0.082   0.088   0.024   0.012   0.361   0.008   0.000   0.013   0.000 288417900
 3.32    6.57    79.633
 3.32 16.00   1.727   1.603
 3.32 16.00   3.330    78.359
 3.32 16.00   3.026   1.529   3.330   0.635
 3.32 16.00   3.030   1.515   3.330   0.621

 3.33  0.00   0.587   0.573   0.082   0.088   0.024   0.012   0.361   0.007   0.000   0.013   0.000 289286600
 3.33    6.56    79.559
 3.33 16.00   1.725   1.601
 3.33 16.00   3.326    78.317
 3.33 16.00   3.022   1.527   3.326   0.635
 3.33 16.00   3.026   1.513   3.326   0.620

 3.34  0.00   0.586   0.573   0.081   0.088   0.024   0.012   0.361   0.007   0.000   0.013   0.000 290155300
 3.34    6.54    79.485
 3.34 16.00   1.723   1.598
 3.34 16.00   3.321    78.276
 3.34 16.00   3.018   1.525   3.321   0.634
 3.34 16.00   3.022   1.511   3.321   0.620

 3.35  0.00   0.586   0.572   0.081   0.088   0.024   0.012   0.361   0.007   0.000   0.013   0.000 291024000
 3.35    6.53    79.412
 3.35 16.00   1.720   1.596
 3.35 16.00   3.317    78.235
 3.35 16.00   3.014   1.524   3.317   0.634
 3.35 16.00   3.018   1.510   3.317   0.619

 3.36  0.00   0.585   0.572   0.081   0.088   0.024   0.012   0.361   0.007   0.000   0.013   0.000 291892800
 3.36    6.52    79.339
 3.36 16.00   1.718   1.594
 3.36 16.00   3.313    78.194
 3.36 16.00   3.010   1.522   3.313   0.633
 3.36 16.00   3.014   1.508   3.313   0.619

 3.37  0.00   0.585   0.571   0.081   0.088   0.023   0.012   0.361   0.007   0.000   0.013   0.000 292761500
 3.37    6.50    79.267
 3.37 16.00   1.716   1.592
 3.37 16.00   3.308    78.153
 3.37 16.00   3.006   1.520   3.308   0.633
 3.37 16.00   3.010   1.506   3.308   0.618

 3.38  0.00   0.584   0.571   0.081   0.088   0.023   0.012   0.361   0.007   0.000   0.013   0.000 293630200
 3.38    6.49    79.196
 3.38 16.00   1.714   1.590
 3.38 16.00   3.304    78.113
 3.38 16.00   3.002   1.518   3.304   0.632
 3.38 16.00   3.006   1.505   3.304   0.618

 3.39  0.00   0.584   0.571   0.081   0.088   0.023   0.011   0.361   0.007   0.000   0.012   0.000 294499000
 3.39    6.48    79.125
 3.39 16.00   1.711   1.588
 3.39 16.00   3.300    78.073
 3.39 16.00   2.998   1.517   3.300   0.632
 3.39 16.00   3.002   1.503   3.300   0.617

 3.40  0.00   0.583   0.570   0.080   0.088   0.023   0.011   0.361   0.007   0.000   0.012   0.000 295367700
 3.40    6.47    79.054
 3.40 16.00   1.709   1.586
 3.40 16.00   3.295    78.033
 3.40 16.00   2.994   1.515   3.295   0.631
 3.40 16.00   2.998   1.501   3.295   0.617

 3.41  0.00   0.583   0.570   0.080   0.087   0.023   0.011   0.361   0.007   0.000   0.012   0.000 296236400
 3.41    6.45    78.984
 3.41 16.00   1.707   1.584
 3.41 16.00   3.291    77.994
 3.41 16.00   2.990   1.513   3.291   0.631
 3.41 16.00   2.994   1.500   3.291   0.616

 3.42  0.00   0.582   0.569   0.080   0.087   0.023   0.011   0.361   0.007   0.000   0.012   0.000 297105200
 3.42    6.44    78.914
 3.42 16.00   1.705   1.582
 3.42 16.00   3.287    77.955
 3.42 16.00   2.986   1.512   3.287   0.630
 3.42 16.00   2.990   1.498   3.287   0.616

 3.43  0.00   0.582   0.569   0.080   0.087   0.023   0.011   0.361   0.007   0.000   0.012   0.000 297973900
 3.43    6.43    78.845
 3.43 16.00   1.702   1.581
 3.43 16.00   3.283    77.917
 3.43 16.00   2.982   1.510   3.283   0.629
 3.43 16.00   2.986   1.497   3.283   0.616

 3.44  0.00   0.581   0.568   0.080   0.087   0.023   0.011   0.361   0.007   0.000   0.012   0.000 298842600
 3.44    6.42    78.776
 3.44 16.00   1.700   1.579
 3.44 16.00   3.279    77.878
 3.44 16.00   2.978   1.508   3.279   0.629
 3.44 16.00   2.982   1.495   3.279   0.615

 3.45  0.00   0.581   0.568   0.079   0.087   0.023   0.011   0.360   0.007   0.000   0.012   0.000 299711300
 3.45    6.40    78.707
 3.45 16.00   1.698   1.577
 3.45 16.00   3.275    77.840
 3.45 16.00   2.974   1.507   3.275   0.628
 3.45 16.00   2.978   1.493   3.275   0.615

 3.46  0.00   0.580   0.567   0.079   0.087   0.023   0.011   0.360   0.007   0.000   0.012   0.000 300580100
 3.46    6.39    78.639
 3.46 16.00   1.696   1.575
 3.46 16.00   3.270    77.802
 3.46 16.00   2.971   1.505   3.270   0.628
 3.46 16.00   2.974   1.492   3.270   0.614

 3.47  0.00   0.580   0.567   0.079   0.087   0.023   0.011   0.360   0.007   0.000   0.012   0.000 301448800
 3.47    6.38    78.572
 3.47 16.00   1.693   1.573
 3.47 16.00   3.266    77.765
 3.47 16.00   2.967   1.503   3.266   0.627
 3.47 16.00   2.971   1.490   3.266   0.614

 3.48  0.00   0.579   0.567   0.079   0.087   0.023   0.011   0.360   0.007   0.000   0.012   0.000 302317500
 3.48    6.36    78.505
 3.48 16.00   1.691   1.571
 3.48 16.00   3.262    77.727
 3.48 16.00   2.963   1.502   3.262   0.627
 3.48 16.00   2.967   1.489   3.262   0.613

 3.49  0.00   0.579   0.566   0.079   0.087   0.022   0.011   0.360   0.007   0.000   0.012   0.000 303186200
 3.49    6.35    78.438
 3.49 16.00   1.689   1.569
 3.49 16.00   3.258    77.690
 3.49 16.00   2.959   1.500   3.258   0.626
 3.49 16.00   2.963   1.487   3.258   0.613

 3.50  0.00   0.578   0.566   0.078   0.087   0.022   0.011   0.360   0.007   0.000   0.012   0.000 304055000
 3.50    6.34    78.372
 3.50 16.00   1.687   1.567
 3.50 16.00   3.254    77.653
 3.50 16.00   2.955   1.498   3.254   0.626
 3.50 16.00   2.959   1.485   3.254   0.612

 3.51  0.00   0.578   0.565   0.078   0.087   0.022   0.011   0.360   0.007   0.000   0.012   0.000 304923700
 3.51    6.33    78.306
 3.51 16.00   1.684   1.566
 3.51 16.00   3.250    77.617
 3.51 16.00   2.952   1.497   3.250   0.625
 3.51 16.00   2.955   1.484   3.250   0.612

 3.52  0.00   0.577   0.565   0.078   0.087   0.022   0.011   0.360   0.007   0.000   0.012   0.000 305792400
 3.52    6.31    78.240
 3.52 16.00   1.682   1.564
 3.52 16.00   3.246    77.581
 3.52 16.00   2.948   1.495   3.246   0.625
 3.52 16.00   2.952   1.482   3.246   0.611

 3.53  0.00   0.577   0.564   0.078   0.087   0.022   0.011   0.360   0.007   0.000   0.012   0.000 306661200
 3.53    6.30    78.175
 3.53 16.00   1.680   1.562
 3.53 16.00   3.242    77.545
 3.53 16.00   2.944   1.494   3.242   0.624
 3.53 16.00   2.948   1.481   3.242   0.611

 3.54  0.00   0.576   0.564   0.078   0.087   0.022   0.011   0.360   0.007   0.000   0.012   0.000 307529900
 3.54    6.29    78.110
 3.54 16.00   1.678   1.560
 3.54 16.00   3.238    77.509
 3.54 16.00   2.941   1.492   3.238   0.624
 3.54 16.00   2.944   1.479   3.238   0.610

 3.55  0.00   0.576   0.564   0.078   0.087   0.022   0.011   0.360   0.007   0.000   0.012   0.000 308398600
 3.55    6.28    78.045
 3.55 16.00   1.675   1.559
 3.55 16.00   3.234    77.473
 3.55 16.00   2.937   1.490   3.234   0.623
 3.55 16.00   2.941   1.478   3.234   0.610

 3.56  0.00   0.575   0.563   0.077   0.087   0.022   0.011   0.360   0.007   0.000   0.012   0.000 309267400
 3.56    6.26    77.981
 3.56 16.00   1.673   1.557
 3.56 16.00   3.230    77.438
 3.56 16.00   2.933   1.489   3.230   0.623
 3.56 16.00   2.937   1.476   3.230   0.609

 3.57  0.00   0.575   0.563   0.077   0.087   0.022   0.011   0.360   0.007   0.000   0.012   0.000 310136100
 3.57    6.25    77.917
 3.57 16.00   1.671   1.555
 3.57 16.00   3.226    77.403
 3.57 16.00   2.930   1.487   3.226   0.622
 3.57 16.00   2.933   1.475   3.226   0.609

 3.58  0.00   0.574   0.562   0.077   0.087   0.022   0.011   0.359   0.007   0.000   0.012   0.000 311004800
 3.58    6.24    77.854
 3.58 16.00   1.669   1.553
 3.58 16.00   3.222    77.368
 3.58 16.00   2.926   1.486   3.222   0.622
 3.58 16.00   2.930   1.473   3.222   0.608

 3.59  0.00   0.574   0.562   0.077   0.087   0.022   0.011   0.359   0.007   0.000   0.012   0.000 311873500
 3.59    6.23    77.790
 3.59 16.00   1.667   1.552
 3.59 16.00   3.218    77.334
 3.59 16.00   2.922   1.484   3.218   0.621
 3.59 16.00   2.926   1.472   3.218   0.608

 3.60  0.00   0.573   0.561   0.077   0.087   0.022   0.011   0.359   0.007   0.000   0.011   0.000 312742300
 3.60    6.22    77.726
 3.60 16.00   1.665   1.550
 3.60 16.00   3.214    77.299
 3.60 16.00   2.919   1.483   3.214   0.621
 3.60 16.00   2.922   1.470   3.214   0.608

 3.61  0.00   0.573   0.561   0.076   0.086   0.022   0.011   0.359   0.007   0.000   0.011   0.000 313611000
 3.61    6.21    77.663
 3.61 16.00   1.662   1.548
 3.61 16.00   3.211    77.265
 3.61 16.00   2.915   1.481   3.211   0.620
 3.61 16.00   2.919   1.469   3.211   0.607

 3.62  0.00   0.573   0.561   0.076   0.086   0.021   0.011   0.359   0.007   0.000   0.011   0.000 314479700
 3.62    6.21    77.601
 3.62 16.00   1.660   1.547
 3.62 16.00   3.207    77.231
 3.62 16.00   2.912   1.480   3.207   0.620
 3.62 16.00   2.915   1.467   3.207   0.607

 3.63  0.00   0.572   0.560   0.076   0.086   0.021   0.011   0.359   0.007   0.000   0.011   0.000 315348400
 3.63    6.20    77.538
 3.63 16.00   1.658   1.545
 3.63 16.00   3.203    77.197
 3.63 16.00   2.908   1.478   3.203   0.619
 3.63 16.00   2.912   1.466   3.203   0.606

 3.64  0.00   0.572   0.560   0.076   0.086   0.021   0.011   0.359   0.007   0.000   0.011   0.000 316217200
 3.64    6.19    77.476
 3.64 16.00   1.656   1.543
 3.64 16.00   3.199    77.164
 3.64 16.00   2.905   1.476   3.199   0.619
 3.64 16.00   2.908   1.464   3.199   0.606

 3.65  0.00   0.571   0.559   0.076   0.086   0.021   0.011   0.359   0.007   0.000   0.011   0.000 317085900
 3.65    6.18    77.415
 3.65 16.00   1.654   1.542
 3.65 16.00   3.195    77.131
 3.65 16.00   2.901   1.475   3.195   0.618
 3.65 16.00   2.905   1.463   3.195   0.605

 3.66  0.00   0.571   0.559   0.076   0.086   0.021   0.011   0.359   0.007   0.000   0.011   0.000 317954700
 3.66    6.18    77.353
 3.66 16.00   1.652   1.540
 3.66 16.00   3.192    77.097
 3.66 16.00   2.898   1.473   3.192   0.618
 3.66 16.00   2.901   1.461   3.192   0.605

 3.67  0.00   0.570   0.559   0.075   0.086   0.021   0.011   0.359   0.007   0.000   0.011   0.000 318823400
 3.67    6.17    77.292
 3.67 16.00   1.649   1.538
 3.67 16.00   3.188    77.064
 3.67 16.00   2.894   1.472   3.188   0.617
 3.67 16.00   2.898   1.460   3.188   0.604

 3.68  0.00   0.570   0.558   0.075   0.086   0.021   0.011   0.359   0.007   0.000   0.011   0.000 319692100
 3.68    6.16    77.232
 3.68 16.00   1.647   1.537
 3.68 16.00   3.184    77.032
 3.68 16.00   2.891   1.470   3.184   0.617
 3.68 16.00   2.894   1.458   3.184   0.604

 3.69  0.00   0.569   0.558   0.075   0.086   0.021   0.011   0.359   0.007   0.000   0.011   0.000 320560800
 3.69    6.15    77.172
 3.69 16.00   1.645   1.535
 3.69 16.00   3.180    76.999
 3.69 16.00   2.887   1.469   3.180   0.616
 3.69 16.00   2.891   1.457   3.180   0.604

 3.70  0.00   0.569   0.557   0.075   0.086   0.021   0.011   0.359   0.007   0.000   0.011   0.000 321429600
 3.70    6.15    77.112
 3.70 16.00   1.643   1.534
 3.70 16.00   3.177    76.967
 3.70 16.00   2.884   1.467   3.177   0.616
 3.70 16.00   2.887   1.455   3.177   0.603

 3.71  0.00   0.568   0.557   0.075   0.086   0.021   0.011   0.359   0.007   0.000   0.011   0.000 322298300
 3.71    6.14    77.052
 3.71 16.00   1.641   1.532
 3.71 16.00   3.173    76.935
 3.71 16.00   2.881   1.466   3.173   0.615
 3.71 16.00   2.884   1.454   3.173   0.603

 3.72  0.00   0.568   0.557   0.074   0.086   0.021   0.011   0.358   0.007   0.000   0.011   0.000 323167000
 3.72    6.13    76.993
 3.72 16.00   1.639   1.531
 3.72 16.00   3.169    76.903
 3.72 16.00   2.877   1.465   3.169   0.615
 3.72 16.00   2.881   1.453   3.169   0.602

 3.73  0.00   0.568   0.556   0.074   0.086   0.021   0.011   0.358   0.007   0.000   0.011   0.000 324035700
 3.73    6.12    76.934
 3.73 16.00   1.637   1.529
 3.73 16.00   3.166    76.871
 3.73 16.00   2.874   1.463   3.166   0.614
 3.73 16.00   2.877   1.451   3.166   0.602

 3.74  0.00   0.567   0.556   0.074   0.086   0.021   0.011   0.358   0.007   0.000   0.011   0.000 324904500
 3.74    6.11    76.876
 3.74 16.00   1.635   1.528
 3.74 16.00   3.162    76.839
 3.74 16.00   2.870   1.462   3.162   0.614
 3.74 16.00   2.874   1.450   3.162   0.601

 3.75  0.00   0.567   0.555   0.074   0.086   0.021   0.011   0.358   0.007   0.000   0.011   0.000 325773200
 3.75    6.11    76.818
 3.75 16.00   1.633   1.526
 3.75 16.00   3.159    76.808
 3.75 16.00   2.867   1.460   3.159   0.613
 3.75 16.00   2.870   1.448   3.159   0.601

 3.76  0.00   0.566   0.555   0.074   0.086   0.020   0.011   0.358   0.007   0.000   0.011   0.000 326641900
 3.76    6.10    76.760
 3.76 16.00   1.630   1.525
 3.76 16.00   3.155    76.777
 3.76 16.00   2.864   1.459   3.155   0.613
 3.76 16.00   2.867   1.447   3.155   0.601

 3.77  0.00   0.566   0.555   0.074   0.086   0.020   0.010   0.358   0.007   0.000   0.011   0.000 327510700
 3.77    6.09    76.702
 3.77 16.00   1.628   1.523
 3.77 16.00   3.151    76.746
 3.77 16.00   2.860   1.457   3.151   0.612
 3.77 16.00   2.864   1.446   3.151   0.600

 3.78  0.00   0.565   0.554   0.073   0.086   0.020   0.010   0.358   0.007   0.000   0.011   0.000 328379400
 3.78    6.08    76.645
 3.78 16.00   1.626   1.522
 3.78 16.00   3.148    76.715
 3.78 16.00   2.857   1.456   3.148   0.612
 3.78 16.00   2.861   1.444   3.148   0.600

 3.79  0.00   0.565   0.554   0.073   0.086   0.020   0.010   0.358   0.007   0.000   0.011   0.000 329248100
 3.79    6.08    76.588
 3.79 16.00   1.624   1.520
 3.79 16.00   3.144    76.684
 3.79 16.00   2.854   1.454   3.144   0.611
 3.79 16.00   2.857   1.443   3.144   0.599

 3.80  0.00   0.565   0.553   0.073   0.086   0.020   0.010   0.358   0.007   0.000   0.011   0.000 330116800
 3.80    6.07    76.531
 3.80 16.00   1.622   1.519
 3.80 16.00   3.141    76.653
 3.80 16.00   2.851   1.453   3.141   0.611
 3.80 16.00   2.854   1.441   3.141   0.599

 3.81  0.00   0.564   0.553   0.073   0.086   0.020   0.010   0.358   0.007   0.000   0.011   0.000 330985600
 3.81    6.06    76.475
 3.81 16.00   1.620   1.517
 3.81 16.00   3.137    76.623
 3.81 16.00   2.847   1.452   3.137   0.610
 3.81 16.00   2.851   1.440   3.137   0.599

 3.82  0.00   0.564   0.553   0.073   0.086   0.020   0.010   0.358   0.007   0.000   0.010   0.000 331854300
 3.82    6.06    76.419
 3.82 16.00   1.618   1.516
 3.82 16.00   3.134    76.593
 3.82 16.00   2.844   1.450   3.134   0.610
 3.82 16.00   2.848   1.439   3.134   0.598

 3.83  0.00   0.563   0.552   0.073   0.086   0.020   0.010   0.358   0.007   0.000   0.010   0.000 332723000
 3.83    6.05    76.363
 3.83 16.00   1.616   1.514
 3.83 16.00   3.130    76.562
 3.83 16.00   2.841   1.449   3.130   0.610
 3.83 16.00   2.844   1.437   3.130   0.598

 3.84  0.00   0.563   0.552   0.072   0.086   0.020   0.010   0.358   0.007   0.000   0.010   0.000 333591700
 3.84    6.04    76.307
 3.84 16.00   1.614   1.513
 3.84 16.00   3.127    76.533
 3.84 16.00   2.838   1.447   3.127   0.609
 3.84 16.00   2.841   1.436   3.127   0.597

 3.85  0.00   0.562   0.552   0.072   0.085   0.020   0.010   0.358   0.007   0.000   0.010   0.000 334460500
 3.85    6.03    76.252
 3.85 16.00   1.612   1.512
 3.85 16.00   3.123    76.503
 3.85 16.00   2.835   1.446   3.123   0.609
 3.85 16.00   2.838   1.435   3.123   0.597

 3.86  0.00   0.562   0.551   0.072   0.085   0.020   0.010   0.357   0.007   0.000   0.010   0.000 335329200
 3.86    6.03    76.197
 3.86 16.00   1.610   1.510
 3.86 16.00   3.120    76.473
 3.86 16.00   2.831   1.445   3.120   0.608
 3.86 16.00   2.835   1.433   3.120   0.596

 3.87  0.00   0.562   0.551   0.072   0.085   0.020   0.010   0.357   0.007   0.000   0.010   0.000 336197900
 3.87    6.02    76.142
 3.87 16.00   1.608   1.509
 3.87 16.00   3.117    76.444
 3.87 16.00   2.828   1.443   3.117   0.608
 3.87 16.00   2.832   1.432   3.117   0.596

 3.88  0.00   0.561   0.550   0.072   0.085   0.020   0.010   0.357   0.007   0.000   0.010   0.000 337066700
 3.88    6.01    76.088
 3.88 16.00   1.606   1.507
 3.88 16.00   3.113    76.414
 3.88 16.00   2.825   1.442   3.113   0.607
 3.88 16.00   2.828   1.431   3.113   0.596

 3.89  0.00   0.561   0.550   0.072   0.085   0.020   0.010   0.357   0.007   0.000   0.010   0.000 337935400
 3.89    6.00    76.033
 3.89 16.00   1.604   1.506
 3.89 16.00   3.110    76.385
 3.89 16.00   2.822   1.440   3.110   0.607
 3.89 16.00   2.825   1.429   3.110   0.595

 3.90  0.00   0.560   0.550   0.071   0.085   0.020   0.010   0.357   0.007   0.000   0.010   0.000 338804100
 3.90    6.00    75.979
 3.90 16.00   1.602   1.505
 3.90 16.00   3.106    76.356
 3.90 16.00   2.819   1.439   3.106   0.606
 3.90 16.00   2.822   1.428   3.106   0.595

 3.91  0.00   0.560   0.549   0.071   0.085   0.020   0.010   0.357   0.007   0.000   0.010   0.000 339672900
 3.91    5.99    75.926
 3.91 16.00   1.600   1.503
 3.91 16.00   3.103    76.327
 3.91 16.00   2.816   1.438   3.103   0.606
 3.91 16.00   2.819   1.427   3.103   0.594

 3.92  0.00   0.559   0.549   0.071   0.085   0.019   0.010   0.357   0.007   0.000   0.010   0.000 340541600
 3.92    5.98    75.872
 3.92 16.00   1.598   1.502
 3.92 16.00   3.100    76.298
 3.92 16.00   2.813   1.436   3.100   0.605
 3.92 16.00   2.816   1.425   3.100   0.594

 3.93  0.00   0.559   0.548   0.071   0.085   0.019   0.010   0.357   0.007   0.000   0.010   0.000 341410300
 3.93    5.98    75.819
 3.93 16.00   1.596   1.501
 3.93 16.00   3.097    76.270
 3.93 16.00   2.810   1.435   3.097   0.605
 3.93 16.00   2.813   1.424   3.097   0.594

 3.94  0.00   0.559   0.548   0.071   0.085   0.019   0.010   0.357   0.006   0.000   0.010   0.000 342279000
 3.94    5.97    75.766
 3.94 16.00   1.594   1.500
 3.94 16.00   3.093    76.241
 3.94 16.00   2.807   1.434   3.093   0.605
 3.94 16.00   2.810   1.423   3.093   0.593

 3.95  0.00   0.558   0.548   0.071   0.085   0.019   0.010   0.357   0.006   0.000   0.010   0.000 343147800
 3.95    5.96    75.713
 3.95 16.00   1.592   1.498
 3.95 16.00   3.090    76.213
 3.95 16.00   2.804   1.432   3.090   0.604
 3.95 16.00   2.807   1.421   3.090   0.593

 3.96  0.00   0.558   0.547   0.070   0.085   0.019   0.010   0.357   0.006   0.000   0.010   0.000 344016500
 3.96    5.95    75.660
 3.96 16.00   1.590   1.497
 3.96 16.00   3.087    76.185
 3.96 16.00   2.801   1.431   3.087   0.604
 3.96 16.00   2.804   1.420   3.087   0.592

 3.97  0.00   0.557   0.547   0.070   0.085   0.019   0.010   0.357   0.006   0.000   0.010   0.000 344885200
 3.97    5.95    75.608
 3.97 16.00   1.588   1.496
 3.97 16.00   3.083    76.156
 3.97 16.00   2.798   1.430   3.083   0.603
 3.97 16.00   2.801   1.419   3.083   0.592

 3.98  0.00   0.557   0.547   0.070   0.085   0.019   0.010   0.357   0.006   0.000   0.010   0.000 345754000
 3.98    5.94    75.556
 3.98 16.00   1.586   1.494
 3.98 16.00   3.080    76.129
 3.98 16.00   2.795   1.428   3.080   0.603
 3.98 16.00   2.798   1.418   3.080   0.591

 3.99  0.00   0.557   0.546   0.070   0.085   0.019   0.010   0.357   0.006   0.000   0.010   0.000 346622700
 3.99    5.93    75.504
 3.99 16.00   1.584   1.493
 3.99 16.00   3.077    76.101
 3.99 16.00   2.792   1.427   3.077   0.602
 3.99 16.00   2.795   1.416   3.077   0.591

 4.00  0.00   0.556   0.546   0.070   0.085   0.019   0.010   0.356   0.006   0.000   0.010   0.000 347491400
 4.00    5.93    75.452
 4.00 16.00   1.582   1.492
 4.00 16.00   3.074    76.073
 4.00 16.00   2.789   1.426   3.074   0.602
 4.00 16.00   2.792   1.415   3.074   0.591

 4.01  0.00   0.556   0.545   0.070   0.085   0.019   0.010   0.356   0.006   0.000   0.010   0.000 348360200
 4.01    5.92    75.401
 4.01 16.00   1.580   1.491
 4.01 16.00   3.071    76.045
 4.01 16.00   2.786   1.425   3.071   0.602
 4.01 16.00   2.789   1.414   3.071   0.590

 4.02  0.00   0.555   0.545   0.070   0.085   0.019   0.010   0.356   0.006   0.000   0.010   0.000 349228900
 4.02    5.91    75.350
 4.02 16.00   1.578   1.490
 4.02 16.00   3.067    76.018
 4.02 16.00   2.783   1.423   3.067   0.601
 4.02 16.00   2.786   1.413   3.067   0.590

 4.03  0.00   0.555   0.545   0.069   0.085   0.019   0.010   0.356   0.006   0.000   0.010   0.000 350097600
 4.03    5.90    75.299
 4.03 16.00   1.576   1.488
 4.03 16.00   3.064    75.991
 4.03 16.00   2.780   1.422   3.064   0.601
 4.03 16.00   2.783   1.411   3.064   0.590

 4.04  0.00   0.555   0.544   0.069   0.085   0.019   0.010   0.356   0.006   0.000   0.010   0.000 350966300
 4.04    5.90    75.248
 4.04 16.00   1.574   1.487
 4.04 16.00   3.061    75.963
 4.04 16.00   2.777   1.421   3.061   0.600
 4.04 16.00   2.780   1.410   3.061   0.589

 4.05  0.00   0.554   0.544   0.069   0.085   0.019   0.010   0.356   0.006   0.000   0.010   0.000 351835100
 4.05    5.89    75.197
 4.05 16.00   1.572   1.486
 4.05 16.00   3.058    75.936
 4.05 16.00   2.774   1.420   3.058   0.600
 4.05 16.00   2.777   1.409   3.058   0.589

 4.06  0.00   0.554   0.544   0.069   0.085   0.019   0.010   0.356   0.006   0.000   0.010   0.000 352703800
 4.06    5.88    75.147
 4.06 16.00   1.570   1.485
 4.06 16.00   3.055    75.909
 4.06 16.00   2.771   1.418   3.055   0.599
 4.06 16.00   2.774   1.408   3.055   0.588

 4.07  0.00   0.554   0.543   0.069   0.085   0.019   0.010   0.356   0.006   0.000   0.010   0.000 353572500
 4.07    5.88    75.097
 4.07 16.00   1.568   1.484
 4.07 16.00   3.052    75.882
 4.07 16.00   2.769   1.417   3.052   0.599
 4.07 16.00   2.772   1.406   3.052   0.588

 4.08  0.00   0.553   0.543   0.069   0.085   0.018   0.010   0.356   0.006   0.000   0.010   0.000 354441200
 4.08    5.87    75.047
 4.08 16.00   1.566   1.483
 4.08 16.00   3.049    75.856
 4.08 16.00   2.766   1.416   3.049   0.599
 4.08 16.00   2.769   1.405   3.049   0.588

 4.09  0.00   0.553   0.543   0.068   0.085   0.018   0.010   0.356   0.006   0.000   0.009   0.000 355310000
 4.09    5.86    74.997
 4.09 16.00   1.564   1.481
 4.09 16.00   3.046    75.829
 4.09 16.00   2.763   1.415   3.046   0.598
 4.09 16.00   2.766   1.404   3.046   0.587

 4.10  0.00   0.552   0.542   0.068   0.085   0.018   0.010   0.356   0.006   0.000   0.009   0.000 356178700
 4.10    5.86    74.947
 4.10 16.00   1.563   1.480
 4.10 16.00   3.043    75.803
 4.10 16.00   2.760   1.413   3.043   0.598
 4.10 16.00   2.763   1.403   3.043   0.587

 4.11  0.00   0.552   0.542   0.068   0.085   0.018   0.010   0.356   0.006   0.000   0.009   0.000 357047400
 4.11    5.85    74.898
 4.11 16.00   1.561   1.479
 4.11 16.00   3.040    75.776
 4.11 16.00   2.757   1.412   3.040   0.597
 4.11 16.00   2.760   1.402   3.040   0.587

 4.12  0.00   0.552   0.542   0.068   0.084   0.018   0.010   0.356   0.006   0.000   0.009   0.000 357916100
 4.12    5.84    74.849
 4.12 16.00   1.559   1.478
 4.12 16.00   3.037    75.750
 4.12 16.00   2.755   1.411   3.037   0.597
 4.12 16.00   2.758   1.400   3.037   0.586

 4.13  0.00   0.551   0.541   0.068   0.084   0.018   0.010   0.356   0.006   0.000   0.009   0.000 358784900
 4.13    5.84    74.799
 4.13 16.00   1.557   1.477
 4.13 16.00   3.034    75.724
 4.13 16.00   2.752   1.410   3.034   0.597
 4.13 16.00   2.755   1.399   3.034   0.586

 4.14  0.00   0.551   0.541   0.068   0.084   0.018   0.010   0.355   0.006   0.000   0.009   0.000 359653600
 4.14    5.83    74.751
 4.14 16.00   1.555   1.476
 4.14 16.00   3.031    75.698
 4.14 16.00   2.749   1.409   3.031   0.596
 4.14 16.00   2.752   1.398   3.031   0.585

 4.15  0.00   0.551   0.541   0.068   0.084   0.018   0.010   0.355   0.006   0.000   0.009   0.000 360522300
 4.15    5.82    74.702
 4.15 16.00   1.553   1.475
 4.15 16.00   3.028    75.672
 4.15 16.00   2.746   1.407   3.028   0.596
 4.15 16.00   2.749   1.397   3.028   0.585

 4.16  0.00   0.550   0.540   0.067   0.084   0.018   0.010   0.355   0.006   0.000   0.009   0.000 361391000
 4.16    5.82    74.653
 4.16 16.00   1.551   1.474
 4.16 16.00   3.025    75.646
 4.16 16.00   2.744   1.406   3.025   0.595
 4.16 16.00   2.746   1.396   3.025   0.585

 4.17  0.00   0.550   0.540   0.067   0.084   0.018   0.010   0.355   0.006   0.000   0.009   0.000 362259800
 4.17    5.81    74.605
 4.17 16.00   1.549   1.473
 4.17 16.00   3.022    75.620
 4.17 16.00   2.741   1.405   3.022   0.595
 4.17 16.00   2.744   1.395   3.022   0.584

 4.18  0.00   0.549   0.540   0.067   0.084   0.018   0.010   0.355   0.006   0.000   0.009   0.000 363128500
 4.18    5.80    74.557
 4.18 16.00   1.547   1.472
 4.18 16.00   3.019    75.594
 4.18 16.00   2.738   1.404   3.019   0.595
 4.18 16.00   2.741   1.394   3.019   0.584

 4.19  0.00   0.549   0.539   0.067   0.084   0.018   0.010   0.355   0.006   0.000   0.009   0.000 363997200
 4.19    5.80    74.509
 4.19 16.00   1.546   1.470
 4.19 16.00   3.016    75.569
 4.19 16.00   2.735   1.403   3.016   0.594
 4.19 16.00   2.738   1.392   3.016   0.584

 4.20  0.00   0.549   0.539   0.067   0.084   0.018   0.010   0.355   0.006   0.000   0.009   0.000 364866000
 4.20    5.79    74.461
 4.20 16.00   1.544   1.469
 4.20 16.00   3.013    75.543
 4.20 16.00   2.733   1.401   3.013   0.594
 4.20 16.00   2.736   1.391   3.013   0.583

 4.21  0.00   0.548   0.539   0.067   0.084   0.018   0.009   0.355   0.006   0.000   0.009   0.000 365734700
 4.21    5.78    74.413
 4.21 16.00   1.542   1.468
 4.21 16.00   3.010    75.518
 4.21 16.00   2.730   1.400   3.010   0.593
 4.21 16.00   2.733   1.390   3.010   0.583

 4.22  0.00   0.548   0.538   0.066   0.084   0.018   0.009   0.355   0.006   0.000   0.009   0.000 366603400
 4.22    5.78    74.366
 4.22 16.00   1.540   1.467
 4.22 16.00   3.007    75.493
 4.22 16.00   2.727   1.399   3.007   0.593
 4.22 16.00   2.730   1.389   3.007   0.583

 4.23  0.00   0.548   0.538   0.066   0.084   0.018   0.009   0.355   0.006   0.000   0.009   0.000 367472200
 4.23    5.77    74.318
 4.23 16.00   1.538   1.466
 4.23 16.00   3.005    75.468
 4.23 16.00   2.725   1.398   3.005   0.593
 4.23 16.00   2.728   1.388   3.005   0.582

 4.24  0.00   0.547   0.538   0.066   0.084   0.018   0.009   0.355   0.006   0.000   0.009   0.000 368340900
 4.24    5.76    74.271
 4.24 16.00   1.536   1.465
 4.24 16.00   3.002    75.443
 4.24 16.00   2.722   1.397   3.002   0.592
 4.24 16.00   2.725   1.387   3.002   0.582

 4.25  0.00   0.547   0.537   0.066   0.084   0.018   0.009   0.355   0.006   0.000   0.009   0.000 369209600
 4.25    5.76    74.224
 4.25 16.00   1.535   1.464
 4.25 16.00   2.999    75.418
 4.25 16.00   2.720   1.396   2.999   0.592
 4.25 16.00   2.722   1.386   2.999   0.582

 4.26  0.00   0.547   0.537   0.066   0.084   0.017   0.009   0.355   0.006   0.000   0.009   0.000 370078400
 4.26    5.75    74.177
 4.26 16.00   1.533   1.463
 4.26 16.00   2.996    75.393
 4.26 16.00   2.717   1.394   2.996   0.592
 4.26 16.00   2.720   1.384   2.996   0.581

 4.27  0.00   0.546   0.537   0.066   0.084   0.017   0.009   0.355   0.006   0.000   0.009   0.000 370947100
 4.27    5.74    74.131
 4.27 16.00   1.531   1.462
 4.27 16.00   2.993    75.368
 4.27 16.00   2.714   1.393   2.993   0.591
 4.27 16.00   2.717   1.383   2.993   0.581

 4.28  0.00   0.546   0.536   0.066   0.084   0.017   0.009   0.355   0.006   0.000   0.009   0.000 371815800
 4.28    5.74    74.084
 4.28 16.00   1.529   1.461
 4.28 16.00   2.991    75.343
 4.28 16.00   2.712   1.392   2.991   0.591
 4.28 16.00   2.715   1.382   2.991   0.580

 4.29  0.00   0.546   0.536   0.065   0.084   0.017   0.009   0.354   0.006   0.000   0.009   0.000 372684500
 4.29    5.73    74.038
 4.29 16.00   1.527   1.460
 4.29 16.00   2.988    75.319
 4.29 16.00   2.709   1.391   2.988   0.590
 4.29 16.00   2.712   1.381   2.988   0.580

 4.30  0.00   0.545   0.536   0.065   0.084   0.017   0.009   0.354   0.006   0.000   0.009   0.000 373553300
 4.30    5.72    73.991
 4.30 16.00   1.526   1.459
 4.30 16.00   2.985    75.294
 4.30 16.00   2.707   1.390   2.985   0.590
 4.30 16.00   2.710   1.380   2.985   0.580

 4.31  0.00   0.545   0.535   0.065   0.084   0.017   0.009   0.354   0.006   0.000   0.009   0.000 374422000
 4.31    5.72    73.945
 4.31 16.00   1.524   1.459
 4.31 16.00   2.982    75.270
 4.31 16.00   2.704   1.389   2.982   0.590
 4.31 16.00   2.707   1.379   2.982   0.579

 4.32  0.00   0.545   0.535   0.065   0.084   0.017   0.009   0.354   0.006   0.000   0.009   0.000 375290700
 4.32    5.71    73.899
 4.32 16.00   1.522   1.458
 4.32 16.00   2.979    75.246
 4.32 16.00   2.702   1.388   2.979   0.589
 4.32 16.00   2.704   1.378   2.979   0.579

 4.33  0.00   0.544   0.535   0.065   0.084   0.017   0.009   0.354   0.006   0.000   0.009   0.000 376159500
 4.33    5.70    73.853
 4.33 16.00   1.520   1.457
 4.33 16.00   2.977    75.221
 4.33 16.00   2.699   1.387   2.977   0.589
 4.33 16.00   2.702   1.377   2.977   0.579

 4.34  0.00   0.544   0.534   0.065   0.084   0.017   0.009   0.354   0.006   0.000   0.009   0.000 377028200
 4.34    5.70    73.808
 4.34 16.00   1.518   1.456
 4.34 16.00   2.974    75.197
 4.34 16.00   2.697   1.386   2.974   0.589
 4.34 16.00   2.699   1.376   2.974   0.578

 4.35  0.00   0.544   0.534   0.065   0.084   0.017   0.009   0.354   0.006   0.000   0.009   0.000 377896900
 4.35    5.69    73.762
 4.35 16.00   1.517   1.455
 4.35 16.00   2.971    75.173
 4.35 16.00   2.694   1.384   2.971   0.588
 4.35 16.00   2.697   1.375   2.971   0.578

 4.36  0.00   0.543   0.534   0.064   0.084   0.017   0.009   0.354   0.006   0.000   0.009   0.000 378765600
 4.36    5.69    73.717
 4.36 16.00   1.515   1.454
 4.36 16.00   2.969    75.149
 4.36 16.00   2.692   1.383   2.969   0.588
 4.36 16.00   2.694   1.374   2.969   0.578

 4.37  0.00   0.543   0.534   0.064   0.084   0.017   0.009   0.354   0.006   0.000   0.009   0.000 379634400
 4.37    5.68    73.672
 4.37 16.00   1.513   1.453
 4.37 16.00   2.966    75.126
 4.37 16.00   2.689   1.382   2.966   0.587
 4.37 16.00   2.692   1.373   2.966   0.577

 4.38  0.00   0.543   0.533   0.064   0.084   0.017   0.009   0.354   0.006   0.000   0.009   0.000 380503100
 4.38    5.67    73.626
 4.38 16.00   1.511   1.452
 4.38 16.00   2.963    75.102
 4.38 16.00   2.687   1.381   2.963   0.587
 4.38 16.00   2.690   1.372   2.963   0.577

 4.39  0.00   0.542   0.533   0.064   0.084   0.017   0.009   0.354   0.006   0.000   0.009   0.000 381371800
 4.39    5.67    73.581
 4.39 16.00   1.510   1.451
 4.39 16.00   2.961    75.078
 4.39 16.00   2.684   1.380   2.961   0.587
 4.39 16.00   2.687   1.371   2.961   0.577

 4.40  0.00   0.542   0.533   0.064   0.084   0.017   0.009   0.354   0.006   0.000   0.009   0.000 382240500
 4.40    5.66    73.537
 4.40 16.00   1.508   1.450
 4.40 16.00   2.958    75.054
 4.40 16.00   2.682   1.379   2.958   0.586
 4.40 16.00   2.685   1.369   2.958   0.576

 4.41  0.00   0.542   0.532   0.064   0.084   0.017   0.009   0.354   0.006   0.000   0.009   0.000 383109200
 4.41    5.65    73.492
 4.41 16.00   1.506   1.449
 4.41 16.00   2.955    75.031
 4.41 16.00   2.679   1.378   2.955   0.586
 4.41 16.00   2.682   1.368   2.955   0.576

 4.42  0.00   0.541   0.532   0.064   0.084   0.017   0.009   0.354   0.006   0.000   0.009   0.000 383978000
 4.42    5.65    73.447
 4.42 16.00   1.504   1.449
 4.42 16.00   2.953    75.008
 4.42 16.00   2.677   1.377   2.953   0.586
 4.42 16.00   2.680   1.367   2.953   0.576

 4.43  0.00   0.541   0.532   0.063   0.083   0.017   0.009   0.354   0.006   0.000   0.009   0.000 384846700
 4.43    5.64    73.403
 4.43 16.00   1.503   1.448
 4.43 16.00   2.950    74.984
 4.43 16.00   2.675   1.376   2.950   0.585
 4.43 16.00   2.677   1.366   2.950   0.575

 4.44  0.00   0.541   0.531   0.063   0.083   0.017   0.009   0.354   0.006   0.000   0.009   0.000 385715500
 4.44    5.64    73.358
 4.44 16.00   1.501   1.447
 4.44 16.00   2.948    74.961
 4.44 16.00   2.672   1.375   2.948   0.585
 4.44 16.00   2.675   1.365   2.948   0.575

 4.45  0.00   0.540   0.531   0.063   0.083   0.017   0.009   0.353   0.006   0.000   0.009   0.000 386584200
 4.45    5.63    73.314
 4.45 16.00   1.499   1.446
 4.45 16.00   2.945    74.938
 4.45 16.00   2.670   1.374   2.945   0.585
 4.45 16.00   2.673   1.364   2.945   0.575

 4.46  0.00   0.540   0.531   0.063   0.083   0.016   0.009   0.353   0.006   0.000   0.009   0.000 387452900
 4.46    5.62    73.270
 4.46 16.00   1.497   1.445
 4.46 16.00   2.943    74.915
 4.46 16.00   2.668   1.373   2.943   0.584
 4.46 16.00   2.670   1.363   2.943   0.574

 4.47  0.00   0.540   0.530   0.063   0.083   0.016   0.009   0.353   0.006   0.000   0.009   0.000 388321600
 4.47    5.62    73.226
 4.47 16.00   1.496   1.444
 4.47 16.00   2.940    74.892
 4.47 16.00   2.665   1.372   2.940   0.584
 4.47 16.00   2.668   1.362   2.940   0.574

 4.48  0.00   0.539   0.530   0.063   0.083   0.016   0.009   0.353   0.006   0.000   0.009   0.000 389190400
 4.48    5.61    73.182
 4.48 16.00   1.494   1.443
 4.48 16.00   2.937    74.869
 4.48 16.00   2.663   1.371   2.937   0.584
 4.48 16.00   2.666   1.361   2.937   0.574

 4.49  0.00   0.539   0.530   0.063   0.083   0.016   0.009   0.353   0.006   0.000   0.009   0.000 390059100
 4.49    5.61    73.139
 4.49 16.00   1.492   1.443
 4.49 16.00   2.935    74.846
 4.49 16.00   2.661   1.370   2.935   0.583
 4.49 16.00   2.663   1.360   2.935   0.573

 4.50  0.00   0.539   0.530   0.063   0.083   0.016   0.009   0.353   0.006   0.000   0.009   0.000 390927800
 4.50    5.60    73.095
 4.50 16.00   1.491   1.442
 4.50 16.00   2.932    74.823
 4.50 16.00   2.658   1.369   2.932   0.583
 4.50 16.00   2.661   1.359   2.932   0.573

 4.51  0.00   0.538   0.529   0.062   0.083   0.016   0.009   0.353   0.006   0.000   0.009   0.000 391796600
 4.51    5.59    73.052
 4.51 16.00   1.489   1.441
 4.51 16.00   2.930    74.800
 4.51 16.00   2.656   1.368   2.930   0.582
 4.51 16.00   2.659   1.358   2.930   0.573

 4.52  0.00   0.538   0.529   0.062   0.083   0.016   0.009   0.353   0.006   0.000   0.009   0.000 392665300
 4.52    5.59    73.008
 4.52 16.00   1.487   1.440
 4.52 16.00   2.927    74.778
 4.52 16.00   2.654   1.367   2.927   0.582
 4.52 16.00   2.656   1.357   2.927   0.572

 4.53  0.00   0.538   0.529   0.062   0.083   0.016   0.009   0.353   0.006   0.000   0.009   0.000 393534000
 4.53    5.58    72.965
 4.53 16.00   1.486   1.439
 4.53 16.00   2.925    74.755
 4.53 16.00   2.651   1.365   2.925   0.582
 4.53 16.00   2.654   1.356   2.925   0.572

 4.54  0.00   0.537   0.528   0.062   0.083   0.016   0.009   0.353   0.006   0.000   0.009   0.000 394402800
 4.54    5.58    72.922
 4.54 16.00   1.484   1.439
 4.54 16.00   2.923    74.733
 4.54 16.00   2.649   1.364   2.923   0.581
 4.54 16.00   2.652   1.355   2.923   0.572

 4.55  0.00   0.537   0.528   0.062   0.083   0.016   0.009   0.353   0.006   0.000   0.009   0.000 395271500
 4.55    5.57    72.879
 4.55 16.00   1.482   1.438
 4.55 16.00   2.920    74.710
 4.55 16.00   2.647   1.363   2.920   0.581
 4.55 16.00   2.649   1.354   2.920   0.571

 4.56  0.00   0.537   0.528   0.062   0.083   0.016   0.009   0.353   0.006   0.000   0.009   0.000 396140200
 4.56    5.56    72.836
 4.56 16.00   1.481   1.437
 4.56 16.00   2.918    74.688
 4.56 16.00   2.645   1.362   2.918   0.581
 4.56 16.00   2.647   1.353   2.918   0.571

 4.57  0.00   0.536   0.527   0.062   0.083   0.016   0.009   0.353   0.006   0.000   0.009   0.000 397009000
 4.57    5.56    72.793
 4.57 16.00   1.479   1.436
 4.57 16.00   2.915    74.665
 4.57 16.00   2.642   1.361   2.915   0.580
 4.57 16.00   2.645   1.352   2.915   0.571

 4.58  0.00   0.536   0.527   0.061   0.083   0.016   0.009   0.353   0.006   0.000   0.008   0.000 397877700
 4.58    5.55    72.751
 4.58 16.00   1.477   1.436
 4.58 16.00   2.913    74.643
 4.58 16.00   2.640   1.360   2.913   0.580
 4.58 16.00   2.643   1.351   2.913   0.570

 4.59  0.00   0.536   0.527   0.061   0.083   0.016   0.009   0.353   0.006   0.000   0.008   0.000 398746400
 4.59    5.55    72.708
 4.59 16.00   1.476   1.435
 4.59 16.00   2.910    74.621
 4.59 16.00   2.638   1.359   2.910   0.580
 4.59 16.00   2.640   1.350   2.910   0.570

 4.60  0.00   0.535   0.527   0.061   0.083   0.016   0.009   0.353   0.006   0.000   0.008   0.000 399615100
 4.60    5.54    72.666
 4.60 16.00   1.474   1.434
 4.60 16.00   2.908    74.599
 4.60 16.00   2.636   1.358   2.908   0.579
 4.60 16.00   2.638   1.349   2.908   0.570

 4.61  0.00   0.535   0.526   0.061   0.083   0.016   0.009   0.352   0.006   0.000   0.008   0.000 400483900
 4.61    5.53    72.623
 4.61 16.00   1.472   1.433
 4.61 16.00   2.906    74.577
 4.61 16.00   2.633   1.358   2.906   0.579
 4.61 16.00   2.636   1.348   2.906   0.570

 4.62  0.00   0.535   0.526   0.061   0.083   0.016   0.009   0.352   0.006   0.000   0.008   0.000 401352600
 4.62    5.53    72.581
 4.62 16.00   1.471   1.433
 4.62 16.00   2.903    74.555
 4.62 16.00   2.631   1.357   2.903   0.579
 4.62 16.00   2.634   1.347   2.903   0.569

 4.63  0.00   0.534   0.526   0.061   0.083   0.016   0.009   0.352   0.006   0.000   0.008   0.000 402221300
 4.63    5.52    72.539
 4.63 16.00   1.469   1.432
 4.63 16.00   2.901    74.533
 4.63 16.00   2.629   1.356   2.901   0.578
 4.63 16.00   2.632   1.346   2.901   0.569

 4.64  0.00   0.534   0.525   0.061   0.083   0.016   0.009   0.352   0.006   0.000   0.008   0.000 403090000
 4.64    5.52    72.497
 4.64 16.00   1.467   1.431
 4.64 16.00   2.898    74.512
 4.64 16.00   2.627   1.355   2.898   0.578
 4.64 16.00   2.629   1.345   2.898   0.569

 4.65  0.00   0.534   0.525   0.061   0.083   0.016   0.009   0.352   0.006   0.000   0.008   0.000 403958800
 4.65    5.51    72.455
 4.65 16.00   1.466   1.430
 4.65 16.00   2.896    74.490
 4.65 16.00   2.625   1.354   2.896   0.578
 4.65 16.00   2.627   1.345   2.896   0.568

 4.66  0.00   0.534   0.525   0.060   0.083   0.016   0.009   0.352   0.006   0.000   0.008   0.000 404827500
 4.66    5.50    72.413
 4.66 16.00   1.464   1.430
 4.66 16.00   2.894    74.468
 4.66 16.00   2.622   1.353   2.894   0.577
 4.66 16.00   2.625   1.344   2.894   0.568

 4.67  0.00   0.533   0.524   0.060   0.083   0.016   0.009   0.352   0.006   0.000   0.008   0.000 405696200
 4.67    5.50    72.372
 4.67 16.00   1.463   1.429
 4.67 16.00   2.891    74.447
 4.67 16.00   2.620   1.352   2.891   0.577
 4.67 16.00   2.623   1.343   2.891   0.568

 4.68  0.00   0.533   0.524   0.060   0.083   0.015   0.009   0.352   0.006   0.000   0.008   0.000 406564900
 4.68    5.49    72.330
 4.68 16.00   1.461   1.428
 4.68 16.00   2.889    74.425
 4.68 16.00   2.618   1.351   2.889   0.577
 4.68 16.00   2.621   1.342   2.889   0.567

 4.69  0.00   0.533   0.524   0.060   0.083   0.015   0.009   0.352   0.006   0.000   0.008   0.000 407433700
 4.69    5.49    72.288
 4.69 16.00   1.459   1.427
 4.69 16.00   2.887    74.404
 4.69 16.00   2.616   1.350   2.887   0.576
 4.69 16.00   2.619   1.341   2.887   0.567

 4.70  0.00   0.532   0.524   0.060   0.083   0.015   0.009   0.352   0.005   0.000   0.008   0.000 408302400
 4.70    5.48    72.247
 4.70 16.00   1.458   1.427
 4.70 16.00   2.884    74.382
 4.70 16.00   2.614   1.349   2.884   0.576
 4.70 16.00   2.617   1.340   2.884   0.567

 4.71  0.00   0.532   0.523   0.060   0.083   0.015   0.009   0.352   0.005   0.000   0.008   0.000 409171100
 4.71    5.48    72.206
 4.71 16.00   1.456   1.426
 4.71 16.00   2.882    74.361
 4.71 16.00   2.612   1.348   2.882   0.576
 4.71 16.00   2.614   1.339   2.882   0.566

 4.72  0.00   0.532   0.523   0.060   0.083   0.015   0.009   0.352   0.005   0.000   0.008   0.000 410039800
 4.72    5.47    72.164
 4.72 16.00   1.455   1.425
 4.72 16.00   2.880    74.340
 4.72 16.00   2.610   1.347   2.880   0.575
 4.72 16.00   2.612   1.338   2.880   0.566

 4.73  0.00   0.531   0.523   0.060   0.083   0.015   0.008   0.352   0.005   0.000   0.008   0.000 410908600
 4.73    5.46    72.123
 4.73 16.00   1.453   1.425
 4.73 16.00   2.878    74.319
 4.73 16.00   2.608   1.346   2.878   0.575
 4.73 16.00   2.610   1.337   2.878   0.566

 4.74  0.00   0.531   0.523   0.059   0.083   0.015   0.008   0.352   0.005   0.000   0.008   0.000 411777300
 4.74    5.46    72.082
 4.74 16.00   1.451   1.424
 4.74 16.00   2.875    74.297
 4.74 16.00   2.606   1.345   2.875   0.575
 4.74 16.00   2.608   1.336   2.875   0.565

 4.75  0.00   0.531   0.522   0.059   0.083   0.015   0.008   0.352   0.005   0.000   0.008   0.000 412646000
 4.75    5.45    72.041
 4.75 16.00   1.450   1.423
 4.75 16.00   2.873    74.276
 4.75 16.00   2.603   1.344   2.873   0.574
 4.75 16.00   2.606   1.335   2.873   0.565

 4.76  0.00   0.531   0.522   0.059   0.083   0.015   0.008   0.352   0.005   0.000   0.008   0.000 413514800
 4.76    5.45    72.001
 4.76 16.00   1.448   1.423
 4.76 16.00   2.871    74.255
 4.76 16.00   2.601   1.343   2.871   0.574
 4.76 16.00   2.604   1.334   2.871   0.565

 4.77  0.00   0.530   0.522   0.059   0.083   0.015   0.008   0.352   0.005   0.000   0.008   0.000 414383500
 4.77    5.44    71.960
 4.77 16.00   1.447   1.422
 4.77 16.00   2.869    74.235
 4.77 16.00   2.599   1.342   2.869   0.574
 4.77 16.00   2.602   1.333   2.869   0.565

 4.78  0.00   0.530   0.521   0.059   0.083   0.015   0.008   0.351   0.005   0.000   0.008   0.000 415252300
 4.78    5.44    71.919
 4.78 16.00   1.445   1.421
 4.78 16.00   2.866    74.214
 4.78 16.00   2.597   1.341   2.866   0.573
 4.78 16.00   2.600   1.333   2.866   0.564

 4.79  0.00   0.530   0.521   0.059   0.083   0.015   0.008   0.351   0.005   0.000   0.008   0.000 416121000
 4.79    5.43    71.879
 4.79 16.00   1.444   1.421
 4.79 16.00   2.864    74.193
 4.79 16.00   2.595   1.340   2.864   0.573
 4.79 16.00   2.598   1.332   2.864   0.564

 4.80  0.00   0.529   0.521   0.059   0.082   0.015   0.008   0.351   0.005   0.000   0.008   0.000 416989700
 4.80    5.42    71.838
 4.80 16.00   1.442   1.420
 4.80 16.00   2.862    74.172
 4.80 16.00   2.593   1.340   2.862   0.573
 4.80 16.00   2.596   1.331   2.862   0.564

 4.81  0.00   0.529   0.521   0.059   0.082   0.015   0.008   0.351   0.005   0.000   0.008   0.000 417858400
 4.81    5.42    71.798
 4.81 16.00   1.440   1.419
 4.81 16.00   2.860    74.151
 4.81 16.00   2.591   1.339   2.860   0.573
 4.81 16.00   2.594   1.330   2.860   0.563

 4.82  0.00   0.529   0.520   0.058   0.082   0.015   0.008   0.351   0.005   0.000   0.008   0.000 418727200
 4.82    5.41    71.758
 4.82 16.00   1.439   1.419
 4.82 16.00   2.858    74.131
 4.82 16.00   2.589   1.338   2.858   0.572
 4.82 16.00   2.592   1.329   2.858   0.563

 4.83  0.00   0.528   0.520   0.058   0.082   0.015   0.008   0.351   0.005   0.000   0.008   0.000 419595900
 4.83    5.41    71.718
 4.83 16.00   1.437   1.418
 4.83 16.00   2.855    74.110
 4.83 16.00   2.587   1.337   2.855   0.572
 4.83 16.00   2.590   1.328   2.855   0.563

 4.84  0.00   0.528   0.520   0.058   0.082   0.015   0.008   0.351   0.005   0.000   0.008   0.000 420464600
 4.84    5.40    71.678
 4.84 16.00   1.436   1.417
 4.84 16.00   2.853    74.090
 4.84 16.00   2.585   1.336   2.853   0.572
 4.84 16.00   2.588   1.327   2.853   0.562

 4.85  0.00   0.528   0.519   0.058   0.082   0.015   0.008   0.351   0.005   0.000   0.008   0.000 421333300
 4.85    5.40    71.638
 4.85 16.00   1.434   1.417
 4.85 16.00   2.851    74.069
 4.85 16.00   2.583   1.335   2.851   0.571
 4.85 16.00   2.586   1.326   2.851   0.562

 4.86  0.00   0.528   0.519   0.058   0.082   0.015   0.008   0.351   0.005   0.000   0.008   0.000 422202100
 4.86    5.39    71.598
 4.86 16.00   1.433   1.416
 4.86 16.00   2.849    74.049
 4.86 16.00   2.581   1.334   2.849   0.571
 4.86 16.00   2.584   1.325   2.849   0.562

 4.87  0.00   0.527   0.519   0.058   0.082   0.015   0.008   0.351   0.005   0.000   0.008   0.000 423070800
 4.87    5.39    71.558
 4.87 16.00   1.431   1.416
 4.87 16.00   2.847    74.029
 4.87 16.00   2.579   1.333   2.847   0.571
 4.87 16.00   2.582   1.325   2.847   0.562

 4.88  0.00   0.527   0.519   0.058   0.082   0.015   0.008   0.351   0.005   0.000   0.008   0.000 423939500
 4.88    5.38    71.518
 4.88 16.00   1.430   1.415
 4.88 16.00   2.845    74.008
 4.88 16.00   2.577   1.332   2.845   0.570
 4.88 16.00   2.580   1.324   2.845   0.561

 4.89  0.00   0.527   0.518   0.058   0.082   0.015   0.008   0.351   0.005   0.000   0.008   0.000 424808200
 4.89    5.38    71.478
 4.89 16.00   1.428   1.414
 4.89 16.00   2.843    73.988
 4.89 16.00   2.575   1.331   2.843   0.570
 4.89 16.00   2.578   1.323   2.843   0.561

 4.90  0.00   0.526   0.518   0.057   0.082   0.015   0.008   0.351   0.005   0.000   0.008   0.000 425677000
 4.90    5.37    71.439
 4.90 16.00   1.427   1.414
 4.90 16.00   2.840    73.968
 4.90 16.00   2.573   1.331   2.840   0.570
 4.90 16.00   2.576   1.322   2.840   0.561

 4.91  0.00   0.526   0.518   0.057   0.082   0.014   0.008   0.351   0.005   0.000   0.008   0.000 426545700
 4.91    5.36    71.399
 4.91 16.00   1.425   1.413
 4.91 16.00   2.838    73.948
 4.91 16.00   2.571   1.330   2.838   0.569
 4.91 16.00   2.574   1.321   2.838   0.560

 4.92  0.00   0.526   0.518   0.057   0.082   0.014   0.008   0.351   0.005   0.000   0.008   0.000 427414400
 4.92    5.36    71.360
 4.92 16.00   1.424   1.412
 4.92 16.00   2.836    73.928
 4.92 16.00   2.569   1.329   2.836   0.569
 4.92 16.00   2.572   1.320   2.836   0.560

 4.93  0.00   0.526   0.517   0.057   0.082   0.014   0.008   0.351   0.005   0.000   0.008   0.000 428283100
 4.93    5.35    71.321
 4.93 16.00   1.422   1.412
 4.93 16.00   2.834    73.908
 4.93 16.00   2.567   1.328   2.834   0.569
 4.93 16.00   2.570   1.319   2.834   0.560

 4.94  0.00   0.525   0.517   0.057   0.082   0.014   0.008   0.351   0.005   0.000   0.008   0.000 429151900
 4.94    5.35    71.282
 4.94 16.00   1.421   1.411
 4.94 16.00   2.832    73.888
 4.94 16.00   2.566   1.327   2.832   0.569
 4.94 16.00   2.568   1.319   2.832   0.560

 4.95  0.00   0.525   0.517   0.057   0.082   0.014   0.008   0.351   0.005   0.000   0.008   0.000 430020600
 4.95    5.34    71.242
 4.95 16.00   1.419   1.411
 4.95 16.00   2.830    73.868
 4.95 16.00   2.564   1.326   2.830   0.568
 4.95 16.00   2.566   1.318   2.830   0.559

 4.96  0.00   0.525   0.517   0.057   0.082   0.014   0.008   0.350   0.005   0.000   0.008   0.000 430889300
 4.96    5.34    71.203
 4.96 16.00   1.418   1.410
 4.96 16.00   2.828    73.848
 4.96 16.00   2.562   1.325   2.828   0.568
 4.96 16.00   2.564   1.317   2.828   0.559

 4.97  0.00   0.524   0.516   0.057   0.082   0.014   0.008   0.350   0.005   0.000   0.008   0.000 431758000
 4.97    5.33    71.164
 4.97 16.00   1.416   1.409
 4.97 16.00   2.826    73.828
 4.97 16.00   2.560   1.324   2.826   0.568
 4.97 16.00   2.562   1.316   2.826   0.559

 4.98  0.00   0.524   0.516   0.057   0.082   0.014   0.008   0.350   0.005   0.000   0.008   0.000 432626800
 4.98    5.33    71.126
 4.98 16.00   1.415   1.409
 4.98 16.00   2.824    73.809
 4.98 16.00   2.558   1.324   2.824   0.567
 4.98 16.00   2.560   1.315   2.824   0.558

 4.99  0.00   0.524   0.516   0.056   0.082   0.014   0.008   0.350   0.005   0.000   0.008   0.000 433495500
 4.99    5.32    71.087
 4.99 16.00   1.413   1.408
 4.99 16.00   2.822    73.789
 4.99 16.00   2.556   1.323   2.822   0.567
 4.99 16.00   2.558   1.314   2.822   0.558

 5.00  0.00   0.524   0.516   0.056   0.082   0.014   0.008   0.350   0.005   0.000   0.008   0.000 434364300
 5.00    5.32    71.048
 5.00 16.00   1.412   1.408
 5.00 16.00   2.820    73.769
 5.00 16.00   2.554   1.322   2.820   0.567
 5.00 16.00   2.557   1.313   2.820   0.558

 5.01  0.00   0.523   0.515   0.056   0.082   0.014   0.008   0.350   0.005   0.000   0.008   0.000 435233000
 5.01    5.31    71.009
 5.01 16.00   1.410   1.407
 5.01 16.00   2.818    73.750
 5.01 16.00   2.552   1.321   2.818   0.566
 5.01 16.00   2.555   1.313   2.818   0.558

 5.02  0.00   0.523   0.515   0.056   0.082   0.014   0.008   0.350   0.005   0.000   0.008   0.000 436101700
 5.02    5.31    70.971
 5.02 16.00   1.409   1.407
 5.02 16.00   2.815    73.730
 5.02 16.00   2.550   1.320   2.815   0.566
 5.02 16.00   2.553   1.312   2.815   0.557

 5.03  0.00   0.523   0.515   0.056   0.082   0.014   0.008   0.350   0.005   0.000   0.008   0.000 436970500
 5.03    5.30    70.932
 5.03 16.00   1.407   1.406
 5.03 16.00   2.813    73.711
 5.03 16.00   2.549   1.319   2.813   0.566
 5.03 16.00   2.551   1.311   2.813   0.557

 5.04  0.00   0.523   0.515   0.056   0.082   0.014   0.008   0.350   0.005   0.000   0.008   0.000 437839200
 5.04    5.30    70.894
 5.04 16.00   1.406   1.405
 5.04 16.00   2.811    73.691
 5.04 16.00   2.547   1.319   2.811   0.566
 5.04 16.00   2.549   1.310   2.811   0.557

 5.05  0.00   0.522   0.514   0.056   0.082   0.014   0.008   0.350   0.005   0.000   0.008   0.000 438707900
 5.05    5.29    70.856
 5.05 16.00   1.405   1.405
 5.05 16.00   2.809    73.672
 5.05 16.00   2.545   1.318   2.809   0.565
 5.05 16.00   2.547   1.309   2.809   0.557

 5.06  0.00   0.522   0.514   0.056   0.082   0.014   0.008   0.350   0.005   0.000   0.008   0.000 439576600
 5.06    5.29    70.817
 5.06 16.00   1.403   1.404
 5.06 16.00   2.807    73.653
 5.06 16.00   2.543   1.317   2.807   0.565
 5.06 16.00   2.545   1.309   2.807   0.556

 5.07  0.00   0.522   0.514   0.056   0.082   0.014   0.008   0.350   0.005   0.000   0.008   0.000 440445400
 5.07    5.28    70.779
 5.07 16.00   1.402   1.404
 5.07 16.00   2.805    73.634
 5.07 16.00   2.541   1.316   2.805   0.565
 5.07 16.00   2.543   1.308   2.805   0.556

 5.08  0.00   0.521   0.513   0.055   0.082   0.014   0.008   0.350   0.005   0.000   0.008   0.000 441314100
 5.08    5.28    70.741
 5.08 16.00   1.400   1.403
 5.08 16.00   2.803    73.614
 5.08 16.00   2.539   1.315   2.803   0.564
 5.08 16.00   2.542   1.307   2.803   0.556

 5.09  0.00   0.521   0.513   0.055   0.082   0.014   0.008   0.350   0.005   0.000   0.008   0.000 442182800
 5.09    5.27    70.703
 5.09 16.00   1.399   1.403
 5.09 16.00   2.801    73.595
 5.09 16.00   2.537   1.314   2.801   0.564
 5.09 16.00   2.540   1.306   2.801   0.555

 5.10  0.00   0.521   0.513   0.055   0.082   0.014   0.008   0.350   0.005   0.000   0.008   0.000 443051600
 5.10    5.27    70.665
 5.10 16.00   1.397   1.402
 5.10 16.00   2.799    73.576
 5.10 16.00   2.536   1.314   2.799   0.564
 5.10 16.00   2.538   1.305   2.799   0.555

 5.11  0.00   0.521   0.513   0.055   0.082   0.014   0.008   0.350   0.005   0.000   0.008   0.000 443920300
 5.11    5.26    70.627
 5.11 16.00   1.396   1.401
 5.11 16.00   2.797    73.557
 5.11 16.00   2.534   1.313   2.797   0.563
 5.11 16.00   2.536   1.304   2.797   0.555

 5.12  0.00   0.520   0.512   0.055   0.082   0.014   0.008   0.350   0.005   0.000   0.008   0.000 444789000
 5.12    5.26    70.589
 5.12 16.00   1.395   1.401
 5.12 16.00   2.795    73.538
 5.12 16.00   2.532   1.312   2.795   0.563
 5.12 16.00   2.534   1.304   2.795   0.555

 5.13  0.00   0.520   0.512   0.055   0.082   0.014   0.008   0.350   0.005   0.000   0.008   0.000 445657700
 5.13    5.25    70.552
 5.13 16.00   1.393   1.400
 5.13 16.00   2.794    73.519
 5.13 16.00   2.530   1.311   2.794   0.563
 5.13 16.00   2.532   1.303   2.794   0.554

 5.14  0.00   0.520   0.512   0.055   0.082   0.014   0.008   0.349   0.005   0.000   0.008   0.000 446526400
 5.14    5.25    70.514
 5.14 16.00   1.392   1.400
 5.14 16.00   2.792    73.500
 5.14 16.00   2.528   1.310   2.792   0.563
 5.14 16.00   2.531   1.302   2.792   0.554

 5.15  0.00   0.520   0.512   0.055   0.082   0.014   0.008   0.349   0.005   0.000   0.008   0.000 447395200
 5.15    5.24    70.476
 5.15 16.00   1.390   1.399
 5.15 16.00   2.790    73.481
 5.15 16.00   2.527   1.309   2.790   0.562
 5.15 16.00   2.529   1.301   2.790   0.554

 5.16  0.00   0.519   0.512   0.055   0.082   0.013   0.008   0.349   0.005   0.000   0.008   0.000 448263900
 5.16    5.24    70.439
 5.16 16.00   1.389   1.399
 5.16 16.00   2.788    73.462
 5.16 16.00   2.525   1.309   2.788   0.562
 5.16 16.00   2.527   1.300   2.788   0.554

 5.17  0.00   0.519   0.511   0.054   0.082   0.013   0.008   0.349   0.005   0.000   0.008   0.000 449132600
 5.17    5.23    70.401
 5.17 16.00   1.388   1.398
 5.17 16.00   2.786    73.444
 5.17 16.00   2.523   1.308   2.786   0.562
 5.17 16.00   2.525   1.300   2.786   0.553

 5.18  0.00   0.519   0.511   0.054   0.082   0.013   0.008   0.349   0.005   0.000   0.007   0.000 450001300
 5.18    5.23    70.364
 5.18 16.00   1.386   1.398
 5.18 16.00   2.784    73.425
 5.18 16.00   2.521   1.307   2.784   0.561
 5.18 16.00   2.524   1.299   2.784   0.553

 5.19  0.00   0.519   0.511   0.054   0.082   0.013   0.008   0.349   0.005   0.000   0.007   0.000 450870100
 5.19    5.22    70.327
 5.19 16.00   1.385   1.397
 5.19 16.00   2.782    73.406
 5.19 16.00   2.519   1.306   2.782   0.561
 5.19 16.00   2.522   1.298   2.782   0.553

 5.20  0.00   0.518   0.511   0.054   0.082   0.013   0.008   0.349   0.005   0.000   0.007   0.000 451738800
 5.20    5.22    70.289
 5.20 16.00   1.383   1.397
 5.20 16.00   2.780    73.388
 5.20 16.00   2.518   1.305   2.780   0.561
 5.20 16.00   2.520   1.297   2.780   0.553

 5.21  0.00   0.518   0.510   0.054   0.082   0.013   0.008   0.349   0.005   0.000   0.007   0.000 452607600
 5.21    5.21    70.252
 5.21 16.00   1.382   1.396
 5.21 16.00   2.778    73.369
 5.21 16.00   2.516   1.305   2.778   0.561
 5.21 16.00   2.518   1.297   2.778   0.552

 5.22  0.00   0.518   0.510   0.054   0.082   0.013   0.008   0.349   0.005   0.000   0.007   0.000 453476300
 5.22    5.21    70.215
 5.22 16.00   1.381   1.395
 5.22 16.00   2.776    73.351
 5.22 16.00   2.514   1.304   2.776   0.560
 5.22 16.00   2.516   1.296   2.776   0.552

 5.23  0.00   0.518   0.510   0.054   0.082   0.013   0.008   0.349   0.005   0.000   0.007   0.000 454345000
 5.23    5.20    70.178
 5.23 16.00   1.379   1.395
 5.23 16.00   2.774    73.332
 5.23 16.00   2.512   1.303   2.774   0.560
 5.23 16.00   2.515   1.295   2.774   0.552

 5.24  0.00   0.517   0.510   0.054   0.081   0.013   0.008   0.349   0.005   0.000   0.007   0.000 455213700
 5.24    5.20    70.141
 5.24 16.00   1.378   1.394
 5.24 16.00   2.772    73.314
 5.24 16.00   2.511   1.302   2.772   0.560
 5.24 16.00   2.513   1.294   2.772   0.551

 5.25  0.00   0.517   0.509   0.054   0.081   0.013   0.008   0.349   0.005   0.000   0.007   0.000 456082500
 5.25    5.19    70.104
 5.25 16.00   1.377   1.394
 5.25 16.00   2.770    73.295
 5.25 16.00   2.509   1.301   2.770   0.560
 5.25 16.00   2.511   1.293   2.770   0.551

 5.26  0.00   0.517   0.509   0.053   0.081   0.013   0.008   0.349   0.005   0.000   0.007   0.000 456951200
 5.26    5.19    70.068
 5.26 16.00   1.375   1.393
 5.26 16.00   2.768    73.277
 5.26 16.00   2.507   1.301   2.768   0.559
 5.26 16.00   2.509   1.293   2.768   0.551

 5.27  0.00   0.516   0.509   0.053   0.081   0.013   0.008   0.349   0.005   0.000   0.007   0.000 457819900
 5.27    5.18    70.031
 5.27 16.00   1.374   1.393
 5.27 16.00   2.767    73.258
 5.27 16.00   2.505   1.300   2.767   0.559
 5.27 16.00   2.508   1.292   2.767   0.551

 5.28  0.00   0.516   0.509   0.053   0.081   0.013   0.008   0.349   0.005   0.000   0.007   0.000 458688700
 5.28    5.18    69.994
 5.28 16.00   1.372   1.392
 5.28 16.00   2.765    73.240
 5.28 16.00   2.504   1.299   2.765   0.559
 5.28 16.00   2.506   1.291   2.765   0.550

 5.29  0.00   0.516   0.508   0.053   0.081   0.013   0.008   0.349   0.005   0.000   0.007   0.000 459557400
 5.29    5.17    69.957
 5.29 16.00   1.371   1.392
 5.29 16.00   2.763    73.222
 5.29 16.00   2.502   1.298   2.763   0.558
 5.29 16.00   2.504   1.290   2.763   0.550

 5.30  0.00   0.516   0.508   0.053   0.081   0.013   0.008   0.349   0.005   0.000   0.007   0.000 460426100
 5.30    5.17    69.921
 5.30 16.00   1.370   1.391
 5.30 16.00   2.761    73.204
 5.30 16.00   2.500   1.298   2.761   0.558
 5.30 16.00   2.502   1.290   2.761   0.550

 5.31  0.00   0.515   0.508   0.053   0.081   0.013   0.008   0.349   0.005   0.000   0.007   0.000 461294800
 5.31    5.16    69.884
 5.31 16.00   1.368   1.391
 5.31 16.00   2.759    73.186
 5.31 16.00   2.498   1.297   2.759   0.558
 5.31 16.00   2.501   1.289   2.759   0.550

 5.32  0.00   0.515   0.508   0.053   0.081   0.013   0.008   0.349   0.005   0.000   0.007   0.000 462163600
 5.32    5.16    69.848
 5.32 16.00   1.367   1.390
 5.32 16.00   2.757    73.167
 5.32 16.00   2.497   1.296   2.757   0.558
 5.32 16.00   2.499   1.288   2.757   0.549

 5.33  0.00   0.515   0.507   0.053   0.081   0.013   0.008   0.349   0.005   0.000   0.007   0.000 463032300
 5.33    5.15    69.812
 5.33 16.00   1.366   1.390
 5.33 16.00   2.755    73.149
 5.33 16.00   2.495   1.295   2.755   0.557
 5.33 16.00   2.497   1.287   2.755   0.549

 5.34  0.00   0.515   0.507   0.053   0.081   0.013   0.008   0.348   0.005   0.000   0.007   0.000 463901100
 5.34    5.15    69.775
 5.34 16.00   1.364   1.389
 5.34 16.00   2.753    73.131
 5.34 16.00   2.493   1.294   2.753   0.557
 5.34 16.00   2.495   1.287   2.753   0.549

 5.35  0.00   0.514   0.507   0.053   0.081   0.013   0.007   0.348   0.005   0.000   0.007   0.000 464769800
 5.35    5.14    69.739
 5.35 16.00   1.363   1.389
 5.35 16.00   2.752    73.113
 5.35 16.00   2.492   1.294   2.752   0.557
 5.35 16.00   2.494   1.286   2.752   0.549

 5.36  0.00   0.514   0.507   0.052   0.081   0.013   0.007   0.348   0.005   0.000   0.007   0.000 465638500
 5.36    5.14    69.703
 5.36 16.00   1.362   1.388
 5.36 16.00   2.750    73.095
 5.36 16.00   2.490   1.293   2.750   0.556
 5.36 16.00   2.492   1.285   2.750   0.548

 5.37  0.00   0.514   0.506   0.052   0.081   0.013   0.007   0.348   0.005   0.000   0.007   0.000 466507200
 5.37    5.13    69.667
 5.37 16.00   1.360   1.387
 5.37 16.00   2.748    73.077
 5.37 16.00   2.488   1.292   2.748   0.556
 5.37 16.00   2.490   1.284   2.748   0.548

 5.38  0.00   0.514   0.506   0.052   0.081   0.013   0.007   0.348   0.005   0.000   0.007   0.000 467376000
 5.38    5.13    69.631
 5.38 16.00   1.359   1.387
 5.38 16.00   2.746    73.060
 5.38 16.00   2.486   1.291   2.746   0.556
 5.38 16.00   2.489   1.284   2.746   0.548

 5.39  0.00   0.513   0.506   0.052   0.081   0.013   0.007   0.348   0.005   0.000   0.007   0.000 468244700
 5.39    5.12    69.595
 5.39 16.00   1.358   1.386
 5.39 16.00   2.744    73.042
 5.39 16.00   2.485   1.291   2.744   0.556
 5.39 16.00   2.487   1.283   2.744   0.548

 5.40  0.00   0.513   0.506   0.052   0.081   0.012   0.007   0.348   0.005   0.000   0.007   0.000 469113400
 5.40    5.12    69.559
 5.40 16.00   1.356   1.386
 5.40 16.00   2.742    73.024
 5.40 16.00   2.483   1.290   2.742   0.555
 5.40 16.00   2.485   1.282   2.742   0.547

 5.41  0.00   0.513   0.506   0.052   0.081   0.012   0.007   0.348   0.005   0.000   0.007   0.000 469982100
 5.41    5.11    69.523
 5.41 16.00   1.355   1.385
 5.41 16.00   2.741    73.006
 5.41 16.00   2.481   1.289   2.741   0.555
 5.41 16.00   2.484   1.281   2.741   0.547

 5.42  0.00   0.513   0.505   0.052   0.081   0.012   0.007   0.348   0.005   0.000   0.007   0.000 470850800
 5.42    5.11    69.487
 5.42 16.00   1.354   1.385
 5.42 16.00   2.739    72.989
 5.42 16.00   2.480   1.288   2.739   0.555
 5.42 16.00   2.482   1.281   2.739   0.547

 5.43  0.00   0.512   0.505   0.052   0.081   0.012   0.007   0.348   0.005   0.000   0.007   0.000 471719600
 5.43    5.10    69.452
 5.43 16.00   1.353   1.384
 5.43 16.00   2.737    72.971
 5.43 16.00   2.478   1.288   2.737   0.555
 5.43 16.00   2.480   1.280   2.737   0.547

 5.44  0.00   0.512   0.505   0.052   0.081   0.012   0.007   0.348   0.005   0.000   0.007   0.000 472588300
 5.44    5.10    69.416
 5.44 16.00   1.351   1.384
 5.44 16.00   2.735    72.953
 5.44 16.00   2.476   1.287   2.735   0.554
 5.44 16.00   2.478   1.279   2.735   0.546

 5.45  0.00   0.512   0.505   0.052   0.081   0.012   0.007   0.348   0.005   0.000   0.007   0.000 473457000
 5.45    5.10    69.380
 5.45 16.00   1.350   1.383
 5.45 16.00   2.733    72.936
 5.45 16.00   2.475   1.286   2.733   0.554
 5.45 16.00   2.477   1.278   2.733   0.546

 5.46  0.00   0.512   0.504   0.051   0.081   0.012   0.007   0.348   0.005   0.000   0.007   0.000 474325800
 5.46    5.09    69.345
 5.46 16.00   1.349   1.383
 5.46 16.00   2.731    72.918
 5.46 16.00   2.473   1.285   2.731   0.554
 5.46 16.00   2.475   1.278   2.731   0.546

 5.47  0.00   0.511   0.504   0.051   0.081   0.012   0.007   0.348   0.005   0.000   0.007   0.000 475194500
 5.47    5.09    69.309
 5.47 16.00   1.347   1.382
 5.47 16.00   2.730    72.900
 5.47 16.00   2.471   1.284   2.730   0.554
 5.47 16.00   2.473   1.277   2.730   0.546

 5.48  0.00   0.511   0.504   0.051   0.081   0.012   0.007   0.348   0.005   0.000   0.007   0.000 476063200
 5.48    5.08    69.274
 5.48 16.00   1.346   1.382
 5.48 16.00   2.728    72.883
 5.48 16.00   2.470   1.284   2.728   0.553
 5.48 16.00   2.472   1.276   2.728   0.545

 5.49  0.00   0.511   0.504   0.051   0.081   0.012   0.007   0.348   0.005   0.000   0.007   0.000 476931900
 5.49    5.08    69.239
 5.49 16.00   1.345   1.381
 5.49 16.00   2.726    72.865
 5.49 16.00   2.468   1.283   2.726   0.553
 5.49 16.00   2.470   1.275   2.726   0.545

 5.50  0.00   0.511   0.504   0.051   0.081   0.012   0.007   0.348   0.005   0.000   0.007   0.000 477800700
 5.50    5.07    69.203
 5.50 16.00   1.344   1.381
 5.50 16.00   2.724    72.848
 5.50 16.00   2.466   1.282   2.724   0.553
 5.50 16.00   2.468   1.275   2.724   0.545

 5.51  0.00   0.511   0.503   0.051   0.081   0.012   0.007   0.348   0.005   0.000   0.007   0.000 478669400
 5.51    5.07    69.168
 5.51 16.00   1.342   1.380
 5.51 16.00   2.722    72.831
 5.51 16.00   2.465   1.281   2.722   0.552
 5.51 16.00   2.467   1.274   2.722   0.545

 5.52  0.00   0.510   0.503   0.051   0.081   0.012   0.007   0.348   0.005   0.000   0.007   0.000 479538100
 5.52    5.06    69.133
 5.52 16.00   1.341   1.379
 5.52 16.00   2.721    72.813
 5.52 16.00   2.463   1.281   2.721   0.552
 5.52 16.00   2.465   1.273   2.721   0.544

 5.53  0.00   0.510   0.503   0.051   0.081   0.012   0.007   0.348   0.005   0.000   0.007   0.000 480406900
 5.53    5.06    69.098
 5.53 16.00   1.340   1.379
 5.53 16.00   2.719    72.796
 5.53 16.00   2.461   1.280   2.719   0.552
 5.53 16.00   2.463   1.273   2.719   0.544

 5.54  0.00   0.510   0.503   0.051   0.081   0.012   0.007   0.347   0.005   0.000   0.007   0.000 481275600
 5.54    5.05    69.063
 5.54 16.00   1.339   1.378
 5.54 16.00   2.717    72.779
 5.54 16.00   2.460   1.279   2.717   0.552
 5.54 16.00   2.462   1.272   2.717   0.544

 5.55  0.00   0.510   0.502   0.051   0.081   0.012   0.007   0.347   0.005   0.000   0.007   0.000 482144400
 5.55    5.05    69.028
 5.55 16.00   1.337   1.378
 5.55 16.00   2.715    72.761
 5.55 16.00   2.458   1.278   2.715   0.551
 5.55 16.00   2.460   1.271   2.715   0.544

 5.56  0.00   0.509   0.502   0.050   0.081   0.012   0.007   0.347   0.005   0.000   0.007   0.000 483013100
 5.56    5.05    68.993
 5.56 16.00   1.336   1.377
 5.56 16.00   2.713    72.744
 5.56 16.00   2.456   1.278   2.713   0.551
 5.56 16.00   2.458   1.270   2.713   0.543

 5.57  0.00   0.509   0.502   0.050   0.081   0.012   0.007   0.347   0.005   0.000   0.007   0.000 483881800
 5.57    5.04    68.958
 5.57 16.00   1.335   1.377
 5.57 16.00   2.712    72.727
 5.57 16.00   2.455   1.277   2.712   0.551
 5.57 16.00   2.457   1.270   2.712   0.543

 5.58  0.00   0.509   0.502   0.050   0.081   0.012   0.007   0.347   0.005   0.000   0.007   0.000 484750500
 5.58    5.04    68.923
 5.58 16.00   1.334   1.376
 5.58 16.00   2.710    72.710
 5.58 16.00   2.453   1.276   2.710   0.551
 5.58 16.00   2.455   1.269   2.710   0.543

 5.59  0.00   0.509   0.502   0.050   0.081   0.012   0.007   0.347   0.005   0.000   0.007   0.000 485619300
 5.59    5.03    68.888
 5.59 16.00   1.332   1.376
 5.59 16.00   2.708    72.693
 5.59 16.00   2.451   1.276   2.708   0.550
 5.59 16.00   2.453   1.268   2.708   0.543

 5.60  0.00   0.508   0.501   0.050   0.081   0.012   0.007   0.347   0.005   0.000   0.007   0.000 486488000
 5.60    5.03    68.854
 5.60 16.00   1.331   1.375
 5.60 16.00   2.706    72.676
 5.60 16.00   2.450   1.275   2.706   0.550
 5.60 16.00   2.452   1.267   2.706   0.543

 5.61  0.00   0.508   0.501   0.050   0.081   0.012   0.007   0.347   0.005   0.000   0.007   0.000 487356700
 5.61    5.02    68.819
 5.61 16.00   1.330   1.375
 5.61 16.00   2.704    72.659
 5.61 16.00   2.448   1.274   2.704   0.550
 5.61 16.00   2.450   1.267   2.704   0.542

 5.62  0.00   0.508   0.501   0.050   0.081   0.012   0.007   0.347   0.005   0.000   0.007   0.000 488225400
 5.62    5.02    68.784
 5.62 16.00   1.329   1.374
 5.62 16.00   2.703    72.641
 5.62 16.00   2.446   1.273   2.703   0.550
 5.62 16.00   2.449   1.266   2.703   0.542

 5.63  0.00   0.508   0.501   0.050   0.081   0.012   0.007   0.347   0.005   0.000   0.007   0.000 489094200
 5.63    5.01    68.750
 5.63 16.00   1.327   1.373
 5.63 16.00   2.701    72.624
 5.63 16.00   2.445   1.273   2.701   0.549
 5.63 16.00   2.447   1.265   2.701   0.542

 5.64  0.00   0.507   0.500   0.050   0.081   0.011   0.007   0.347   0.005   0.000   0.007   0.000 489962900
 5.64    5.01    68.715
 5.64 16.00   1.326   1.373
 5.64 16.00   2.699    72.607
 5.64 16.00   2.443   1.272   2.699   0.549
 5.64 16.00   2.445   1.265   2.699   0.542

 5.65  0.00   0.507   0.500   0.050   0.081   0.011   0.007   0.347   0.005   0.000   0.007   0.000 490831600
 5.65    5.01    68.681
 5.65 16.00   1.325   1.372
 5.65 16.00   2.697    72.591
 5.65 16.00   2.442   1.271   2.697   0.549
 5.65 16.00   2.444   1.264   2.697   0.541

 5.66  0.00   0.507   0.500   0.049   0.081   0.011   0.007   0.347   0.005   0.000   0.007   0.000 491700300
 5.66    5.00    68.647
 5.66 16.00   1.324   1.372
 5.66 16.00   2.696    72.574
 5.66 16.00   2.440   1.270   2.696   0.549
 5.66 16.00   2.442   1.263   2.696   0.541

 5.67  0.00   0.507   0.500   0.049   0.081   0.011   0.007   0.347   0.005   0.000   0.007   0.000 492569100
 5.67    5.00    68.612
 5.67 16.00   1.323   1.371
 5.67 16.00   2.694    72.557
 5.67 16.00   2.438   1.270   2.694   0.548
 5.67 16.00   2.440   1.262   2.694   0.541

 5.68  0.00   0.506   0.500   0.049   0.081   0.011   0.007   0.347   0.005   0.000   0.007   0.000 493437800
 5.68    4.99    68.578
 5.68 16.00   1.321   1.371
 5.68 16.00   2.692    72.540
 5.68 16.00   2.437   1.269   2.692   0.548
 5.68 16.00   2.439   1.262   2.692   0.541

 5.69  0.00   0.506   0.499   0.049   0.081   0.011   0.007   0.347   0.005   0.000   0.007   0.000 494306500
 5.69    4.99    68.544
 5.69 16.00   1.320   1.370
 5.69 16.00   2.690    72.523
 5.69 16.00   2.435   1.268   2.690   0.548
 5.69 16.00   2.437   1.261   2.690   0.540

 5.70  0.00   0.506   0.499   0.049   0.081   0.011   0.007   0.347   0.005   0.000   0.007   0.000 495175200
 5.70    4.98    68.510
 5.70 16.00   1.319   1.370
 5.70 16.00   2.688    72.506
 5.70 16.00   2.433   1.267   2.688   0.548
 5.70 16.00   2.435   1.260   2.688   0.540

 5.71  0.00   0.506   0.499   0.049   0.081   0.011   0.007   0.347   0.004   0.000   0.007   0.000 496044000
 5.71    4.98    68.476
 5.71 16.00   1.318   1.369
 5.71 16.00   2.687    72.489
 5.71 16.00   2.432   1.267   2.687   0.547
 5.71 16.00   2.434   1.260   2.687   0.540

 5.72  0.00   0.506   0.499   0.049   0.081   0.011   0.007   0.347   0.004   0.000   0.007   0.000 496912700
 5.72    4.98    68.441
 5.72 16.00   1.317   1.368
 5.72 16.00   2.685    72.473
 5.72 16.00   2.430   1.266   2.685   0.547
 5.72 16.00   2.432   1.259   2.685   0.540

 5.73  0.00   0.505   0.498   0.049   0.081   0.011   0.007   0.347   0.004   0.000   0.007   0.000 497781400
 5.73    4.97    68.407
 5.73 16.00   1.315   1.368
 5.73 16.00   2.683    72.456
 5.73 16.00   2.428   1.265   2.683   0.547
 5.73 16.00   2.430   1.258   2.683   0.539

 5.74  0.00   0.505   0.498   0.049   0.081   0.011   0.007   0.347   0.004   0.000   0.007   0.000 498650100
 5.74    4.97    68.381
 5.74 16.00   1.314   1.367
 5.74 16.00   2.681    72.439
 5.74 16.00   2.427   1.265   2.681   0.547
 5.74 16.00   2.429   1.257   2.681   0.539

 5.75  0.00   0.505   0.498   0.049   0.081   0.011   0.007   0.347   0.004   0.000   0.007   0.000 499518900
 5.75    4.98    68.361
 5.75 16.00   1.313   1.367
 5.75 16.00   2.680    72.423
 5.75 16.00   2.425   1.264   2.680   0.546
 5.75 16.00   2.427   1.257   2.680   0.539

 5.76  0.00   0.505   0.498   0.049   0.081   0.011   0.007   0.346   0.004   0.000   0.007   0.000 500387600
 5.76    4.98    68.341
 5.76 16.00   1.312   1.366
 5.76 16.00   2.678    72.406
 5.76 16.00   2.424   1.263   2.678   0.546
 5.76 16.00   2.426   1.256   2.678   0.539

 5.77  0.00   0.504   0.498   0.048   0.080   0.011   0.007   0.346   0.004   0.000   0.007   0.000 501256400
 5.77    4.98    68.321
 5.77 16.00   1.311   1.365
 5.77 16.00   2.676    72.389
 5.77 16.00   2.422   1.262   2.676   0.546
 5.77 16.00   2.424   1.255   2.676   0.539

 5.78  0.00   0.504   0.497   0.048   0.080   0.011   0.007   0.346   0.004   0.000   0.007   0.000 502125100
 5.78    4.99    68.302
 5.78 16.00   1.309   1.365
 5.78 16.00   2.674    72.373
 5.78 16.00   2.420   1.262   2.674   0.546
 5.78 16.00   2.422   1.255   2.674   0.538

 5.79  0.00   0.504   0.497   0.048   0.080   0.011   0.007   0.346   0.004   0.000   0.007   0.000 502993800
 5.79    4.99    68.282
 5.79 16.00   1.308   1.364
 5.79 16.00   2.673    72.356
 5.79 16.00   2.419   1.261   2.673   0.545
 5.79 16.00   2.421   1.254   2.673   0.538

 5.80  0.00   0.504   0.497   0.048   0.080   0.011   0.007   0.346   0.004   0.000   0.007   0.000 503862600
 5.80    4.99    68.263
 5.80 16.00   1.307   1.364
 5.80 16.00   2.671    72.340
 5.80 16.00   2.417   1.260   2.671   0.545
 5.80 16.00   2.419   1.253   2.671   0.538

 5.81  0.00   0.503   0.497   0.048   0.080   0.011   0.007   0.346   0.004   0.000   0.007   0.000 504731300
 5.81    5.00    68.244
 5.81 16.00   1.306   1.367
 5.81 16.00   2.673    72.330
 5.81 16.00   2.419   1.261   2.673   0.545
 5.81 16.00   2.421   1.254   2.673   0.538

 5.82  0.00   0.503   0.497   0.048   0.080   0.011   0.007   0.346   0.004   0.000   0.007   0.000 505600000
 5.82    5.00    68.224
 5.82 16.00   1.305   1.367
 5.82 16.00   2.672    72.315
 5.82 16.00   2.418   1.260   2.672   0.545
 5.82 16.00   2.420   1.253   2.672   0.537

 5.83  0.00   0.503   0.496   0.048   0.080   0.011   0.007   0.346   0.004   0.000   0.007   0.000 506468700
 5.83    5.01    68.205
 5.83 16.00   1.304   1.367
 5.83 16.00   2.671    72.299
 5.83 16.00   2.417   1.259   2.671   0.544
 5.83 16.00   2.419   1.253   2.671   0.537

 5.84  0.00   0.503   0.496   0.048   0.080   0.011   0.007   0.346   0.004   0.000   0.007   0.000 507337500
 5.84    5.01    68.186
 5.84 16.00   1.302   1.367
 5.84 16.00   2.670    72.284
 5.84 16.00   2.416   1.259   2.670   0.544
 5.84 16.00   2.418   1.252   2.670   0.537

 5.85  0.00   0.503   0.496   0.048   0.080   0.011   0.007   0.346   0.004   0.000   0.007   0.000 508206200
 5.85    5.01    68.168
 5.85 16.00   1.301   1.367
 5.85 16.00   2.668    72.268
 5.85 16.00   2.415   1.258   2.668   0.544
 5.85 16.00   2.417   1.251   2.668   0.537

 5.86  0.00   0.502   0.496   0.048   0.080   0.010   0.007   0.346   0.004   0.000   0.007   0.000 509074900
 5.86    5.02    68.149
 5.86 16.00   1.300   1.367
 5.86 16.00   2.667    72.253
 5.86 16.00   2.414   1.258   2.667   0.544
 5.86 16.00   2.416   1.251   2.667   0.536

 5.87  0.00   0.502   0.495   0.048   0.080   0.010   0.007   0.346   0.004   0.000   0.007   0.000 509943600
 5.87    5.02    68.131
 5.87 16.00   1.299   1.367
 5.87 16.00   2.666    72.238
 5.87 16.00   2.413   1.257   2.666   0.543
 5.87 16.00   2.415   1.250   2.666   0.536

 5.88  0.00   0.502   0.495   0.047   0.080   0.010   0.007   0.346   0.004   0.000   0.007   0.000 510812400
 5.88    5.03    68.112
 5.88 16.00   1.298   1.367
 5.88 16.00   2.665    72.223
 5.88 16.00   2.412   1.257   2.665   0.543
 5.88 16.00   2.414   1.250   2.665   0.536

 5.89  0.00   0.502   0.495   0.047   0.080   0.010   0.007   0.346   0.004   0.000   0.007   0.000 511681100
 5.89    5.03    68.094
 5.89 16.00   1.297   1.367
 5.89 16.00   2.664    72.207
 5.89 16.00   2.411   1.256   2.664   0.543
 5.89 16.00   2.413   1.249   2.664   0.536

 5.90  0.00   0.501   0.495   0.047   0.080   0.010   0.007   0.346   0.004   0.000   0.007   0.000 512549800
 5.90    5.03    68.076
 5.90 16.00   1.296   1.367
 5.90 16.00   2.663    72.192
 5.90 16.00   2.410   1.256   2.663   0.543
 5.90 16.00   2.412   1.249   2.663   0.536

 5.91  0.00   0.501   0.495   0.047   0.080   0.010   0.007   0.346   0.004   0.000   0.007   0.000 513418500
 5.91    5.04    68.058
 5.91 16.00   1.294   1.367
 5.91 16.00   2.662    72.177
 5.91 16.00   2.409   1.255   2.662   0.542
 5.91 16.00   2.411   1.248   2.662   0.535

 5.92  0.00   0.501   0.494   0.047   0.080   0.010   0.007   0.346   0.004   0.000   0.007   0.000 514287300
 5.92    5.04    68.040
 5.92 16.00   1.293   1.367
 5.92 16.00   2.660    72.162
 5.92 16.00   2.408   1.254   2.660   0.542
 5.92 16.00   2.410   1.248   2.660   0.535

 5.93  0.00   0.501   0.494   0.047   0.080   0.010   0.007   0.346   0.004   0.000   0.007   0.000 515156000
 5.93    5.05    68.023
 5.93 16.00   1.292   1.367
 5.93 16.00   2.659    72.147
 5.93 16.00   2.407   1.254   2.659   0.542
 5.93 16.00   2.409   1.247   2.659   0.535

 5.94  0.00   0.501   0.494   0.047   0.080   0.010   0.007   0.346   0.004   0.000   0.007   0.000 516024700
 5.94    5.05    68.005
 5.94 16.00   1.291   1.367
 5.94 16.00   2.658    72.132
 5.94 16.00   2.406   1.253   2.658   0.542
 5.94 16.00   2.408   1.247   2.658   0.535

 5.95  0.00   0.500   0.494   0.047   0.080   0.010   0.007   0.346   0.004   0.000   0.007   0.000 516893400
 5.95    5.05    67.988
 5.95 16.00   1.290   1.367
 5.95 16.00   2.657    72.117
 5.95 16.00   2.405   1.253   2.657   0.541
 5.95 16.00   2.407   1.246   2.657   0.534

 5.96  0.00   0.500   0.493   0.047   0.080   0.010   0.007   0.346   0.004   0.000   0.007   0.000 517762200
 5.96    5.06    67.970
 5.96 16.00   1.289   1.367
 5.96 16.00   2.656    72.102
 5.96 16.00   2.404   1.252   2.656   0.541
 5.96 16.00   2.406   1.245   2.656   0.534

 5.97  0.00   0.500   0.493   0.047   0.080   0.010   0.007   0.346   0.004   0.000   0.007   0.000 518630900
 5.97    5.06    67.953
 5.97 16.00   1.288   1.367
 5.97 16.00   2.655    72.087
 5.97 16.00   2.403   1.252   2.655   0.541
 5.97 16.00   2.405   1.245   2.655   0.534

 5.98  0.00   0.500   0.493   0.047   0.080   0.010   0.007   0.346   0.004   0.000   0.006   0.000 519499600
 5.98    5.07    67.936
 5.98 16.00   1.286   1.367
 5.98 16.00   2.654    72.072
 5.98 16.00   2.402   1.251   2.654   0.541
 5.98 16.00   2.404   1.244   2.654   0.534

 5.99  0.00   0.499   0.493   0.047   0.080   0.010   0.007   0.345   0.004   0.000   0.006   0.000 520368400
 5.99    5.07    67.919
 5.99 16.00   1.285   1.367
 5.99 16.00   2.653    72.058
 5.99 16.00   2.401   1.251   2.653   0.540
 5.99 16.00   2.403   1.244   2.653   0.533

 6.00  0.00   0.499   0.493   0.046   0.080   0.010   0.007   0.345   0.004   0.000   0.006   0.000 521237100
 6.00    5.07    67.902
 6.00 16.00   1.284   1.367
 6.00 16.00   2.651    72.043
 6.00 16.00   2.400   1.250   2.651   0.540
 6.00 16.00   2.402   1.243   2.651   0.533

 6.01  0.00   0.499   0.492   0.046   0.080   0.010   0.007   0.345   0.004   0.000   0.006   0.000 522105900
 6.01    5.08    67.886
 6.01 16.00   1.283   1.367
 6.01 16.00   2.650    72.028
 6.01 16.00   2.399   1.250   2.650   0.540
 6.01 16.00   2.401   1.243   2.650   0.533

 6.02  0.00   0.499   0.492   0.046   0.080   0.010   0.007   0.345   0.004   0.000   0.006   0.000 522974600
 6.02    5.08    67.869
 6.02 16.00   1.282   1.367
 6.02 16.00   2.649    72.013
 6.02 16.00   2.398   1.249   2.649   0.540
 6.02 16.00   2.400   1.242   2.649   0.533

 6.03  0.00   0.499   0.492   0.046   0.080   0.010   0.007   0.345   0.004   0.000   0.006   0.000 523843300
 6.03    5.09    67.853
 6.03 16.00   1.281   1.367
 6.03 16.00   2.648    71.999
 6.03 16.00   2.397   1.249   2.648   0.540
 6.03 16.00   2.399   1.242   2.648   0.532

 6.04  0.00   0.498   0.492   0.046   0.080   0.010   0.007   0.345   0.004   0.000   0.006   0.000 524712000
 6.04    5.09    67.836
 6.04 16.00   1.280   1.367
 6.04 16.00   2.647    71.984
 6.04 16.00   2.396   1.248   2.647   0.539
 6.04 16.00   2.398   1.241   2.647   0.532

 6.05  0.00   0.498   0.492   0.046   0.080   0.010   0.007   0.345   0.004   0.000   0.006   0.000 525580800
 6.05    5.10    67.820
 6.05 16.00   1.279   1.367
 6.05 16.00   2.646    71.969
 6.05 16.00   2.395   1.248   2.646   0.539
 6.05 16.00   2.397   1.241   2.646   0.532

 6.06  0.00   0.498   0.491   0.046   0.080   0.010   0.007   0.345   0.004   0.000   0.006   0.000 526449500
 6.06    5.10    67.804
 6.06 16.00   1.278   1.367
 6.06 16.00   2.645    71.955
 6.06 16.00   2.394   1.247   2.645   0.539
 6.06 16.00   2.396   1.240   2.645   0.532

 6.07  0.00   0.498   0.491   0.046   0.080   0.010   0.007   0.345   0.004   0.000   0.006   0.000 527318200
 6.07    5.10    67.788
 6.07 16.00   1.277   1.367
 6.07 16.00   2.644    71.940
 6.07 16.00   2.393   1.247   2.644   0.539
 6.07 16.00   2.395   1.240   2.644   0.532

 6.08  0.00   0.498   0.491   0.046   0.080   0.010   0.007   0.345   0.004   0.000   0.006   0.000 528186900
 6.08    5.11    67.772
 6.08 16.00   1.275   1.367
 6.08 16.00   2.643    71.926
 6.08 16.00   2.392   1.246   2.643   0.538
 6.08 16.00   2.394   1.239   2.643   0.531

 6.09  0.00   0.497   0.491   0.046   0.080   0.010   0.007   0.345   0.004   0.000   0.006   0.000 529055700
 6.09    5.11    67.757
 6.09 16.00   1.274   1.367
 6.09 16.00   2.642    71.911
 6.09 16.00   2.391   1.246   2.642   0.538
 6.09 16.00   2.393   1.239   2.642   0.531

 6.10  0.00   0.497   0.491   0.046   0.080   0.009   0.007   0.345   0.004   0.000   0.006   0.000 529924400
 6.10    5.12    67.741
 6.10 16.00   1.273   1.367
 6.10 16.00   2.640    71.897
 6.10 16.00   2.390   1.245   2.640   0.538
 6.10 16.00   2.392   1.238   2.640   0.531

 6.11  0.00   0.497   0.490   0.046   0.080   0.009   0.006   0.345   0.004   0.000   0.006   0.000 530793200
 6.11    5.12    67.726
 6.11 16.00   1.272   1.367
 6.11 16.00   2.639    71.882
 6.11 16.00   2.389   1.245   2.639   0.538
 6.11 16.00   2.391   1.238   2.639   0.531

 6.12  0.00   0.497   0.490   0.045   0.080   0.009   0.006   0.345   0.004   0.000   0.006   0.000 531661900
 6.12    5.12    67.710
 6.12 16.00   1.271   1.367
 6.12 16.00   2.638    71.868
 6.12 16.00   2.388   1.244   2.638   0.538
 6.12 16.00   2.390   1.237   2.638   0.530

 6.13  0.00   0.497   0.490   0.045   0.080   0.009   0.006   0.345   0.004   0.000   0.006   0.000 532530600
 6.13    5.13    67.695
 6.13 16.00   1.270   1.367
 6.13 16.00   2.637    71.854
 6.13 16.00   2.387   1.244   2.637   0.537
 6.13 16.00   2.389   1.237   2.637   0.530

 6.14  0.00   0.496   0.490   0.045   0.080   0.009   0.006   0.345   0.004   0.000   0.006   0.000 533399300
 6.14    5.13    67.680
 6.14 16.00   1.269   1.367
 6.14 16.00   2.636    71.839
 6.14 16.00   2.386   1.243   2.636   0.537
 6.14 16.00   2.388   1.236   2.636   0.530

 6.15  0.00   0.496   0.490   0.045   0.080   0.009   0.006   0.345   0.004   0.000   0.006   0.000 534268000
 6.15    5.14    67.665
 6.15 16.00   1.268   1.367
 6.15 16.00   2.635    71.825
 6.15 16.00   2.385   1.243   2.635   0.537
 6.15 16.00   2.387   1.236   2.635   0.530

 6.16  0.00   0.496   0.489   0.045   0.080   0.009   0.006   0.345   0.004   0.000   0.006   0.000 535136800
 6.16    5.14    67.650
 6.16 16.00   1.267   1.367
 6.16 16.00   2.634    71.811
 6.16 16.00   2.384   1.242   2.634   0.537
 6.16 16.00   2.386   1.235   2.634   0.530

 6.17  0.00   0.496   0.489   0.045   0.080   0.009   0.006   0.345   0.004   0.000   0.006   0.000 536005500
 6.17    5.15    67.635
 6.17 16.00   1.266   1.367
 6.17 16.00   2.633    71.797
 6.17 16.00   2.383   1.242   2.633   0.537
 6.17 16.00   2.385   1.235   2.633   0.529

 6.18  0.00   0.496   0.489   0.045   0.080   0.009   0.006   0.345   0.004   0.000   0.006   0.000 536874200
 6.18    5.15    67.620
 6.18 16.00   1.265   1.367
 6.18 16.00   2.632    71.782
 6.18 16.00   2.382   1.241   2.632   0.536
 6.18 16.00   2.384   1.234   2.632   0.529

 6.19  0.00   0.495   0.489   0.045   0.080   0.009   0.006   0.345   0.004   0.000   0.006   0.000 537743000
 6.19    5.15    67.606
 6.19 16.00   1.264   1.367
 6.19 16.00   2.631    71.768
 6.19 16.00   2.381   1.241   2.631   0.536
 6.19 16.00   2.383   1.234   2.631   0.529

 6.20  0.00   0.495   0.489   0.045   0.080   0.009   0.006   0.345   0.004   0.000   0.006   0.000 538611600
 6.20    5.16    67.592
 6.20 16.00   1.263   1.367
 6.20 16.00   2.630    71.754
 6.20 16.00   2.380   1.240   2.630   0.536
 6.20 16.00   2.382   1.233   2.630   0.529

 6.21  0.00   0.495   0.488   0.045   0.080   0.009   0.006   0.345   0.004   0.000   0.006   0.000 539480400
 6.21    5.16    67.577
 6.21 16.00   1.262   1.367
 6.21 16.00   2.629    71.740
 6.21 16.00   2.379   1.240   2.629   0.536
 6.21 16.00   2.381   1.233   2.629   0.529

 6.22  0.00   0.495   0.488   0.045   0.080   0.009   0.006   0.345   0.004   0.000   0.006   0.000 540349100
 6.22    5.17    67.563
 6.22 16.00   1.261   1.367
 6.22 16.00   2.628    71.726
 6.22 16.00   2.378   1.239   2.628   0.536
 6.22 16.00   2.380   1.232   2.628   0.528

 6.23  0.00   0.495   0.488   0.045   0.080   0.009   0.006   0.345   0.004   0.000   0.006   0.000 541217900
 6.23    5.17    67.549
 6.23 16.00   1.260   1.367
 6.23 16.00   2.627    71.712
 6.23 16.00   2.377   1.239   2.627   0.535
 6.23 16.00   2.379   1.232   2.627   0.528

 6.24  0.00   0.494   0.488   0.045   0.080   0.009   0.006   0.344   0.004   0.000   0.006   0.000 542086600
 6.24    5.18    67.535
 6.24 16.00   1.258   1.367
 6.24 16.00   2.626    71.698
 6.24 16.00   2.376   1.238   2.626   0.535
 6.24 16.00   2.378   1.231   2.626   0.528

 6.25  0.00   0.494   0.488   0.044   0.080   0.009   0.006   0.344   0.004   0.000   0.006   0.000 542955300
 6.25    5.18    67.521
 6.25 16.00   1.257   1.367
 6.25 16.00   2.625    71.684
 6.25 16.00   2.375   1.238   2.625   0.535
 6.25 16.00   2.377   1.231   2.625   0.528

 6.26  0.00   0.494   0.487   0.044   0.080   0.009   0.006   0.344   0.004   0.000   0.006   0.000 543824100
 6.26    5.18    67.507
 6.26 16.00   1.256   1.367
 6.26 16.00   2.624    71.670
 6.26 16.00   2.375   1.237   2.624   0.535
 6.26 16.00   2.377   1.230   2.624   0.528

 6.27  0.00   0.494   0.487   0.044   0.080   0.009   0.006   0.344   0.004   0.000   0.006   0.000 544692800
 6.27    5.19    67.494
 6.27 16.00   1.255   1.367
 6.27 16.00   2.623    71.656
 6.27 16.00   2.374   1.237   2.623   0.534
 6.27 16.00   2.376   1.230   2.623   0.527

 6.28  0.00   0.494   0.487   0.044   0.080   0.009   0.006   0.344   0.004   0.000   0.006   0.000 545561500
 6.28    5.19    67.480
 6.28 16.00   1.254   1.367
 6.28 16.00   2.621    71.642
 6.28 16.00   2.373   1.236   2.621   0.534
 6.28 16.00   2.375   1.229   2.621   0.527

 6.29  0.00   0.493   0.487   0.044   0.080   0.009   0.006   0.344   0.004   0.000   0.006   0.000 546430200
 6.29    5.20    67.466
 6.29 16.00   1.253   1.367
 6.29 16.00   2.620    71.628
 6.29 16.00   2.372   1.236   2.620   0.534
 6.29 16.00   2.374   1.229   2.620   0.527

 6.30  0.00   0.493   0.487   0.044   0.080   0.009   0.006   0.344   0.004   0.000   0.006   0.000 547299000
 6.30    5.20    67.453
 6.30 16.00   1.252   1.367
 6.30 16.00   2.619    71.615
 6.30 16.00   2.371   1.235   2.619   0.534
 6.30 16.00   2.373   1.228   2.619   0.527

 6.31  0.00   0.493   0.486   0.044   0.080   0.009   0.006   0.344   0.004   0.000   0.006   0.000 548167700
 6.31    5.21    67.440
 6.31 16.00   1.251   1.367
 6.31 16.00   2.618    71.601
 6.31 16.00   2.370   1.235   2.618   0.534
 6.31 16.00   2.372   1.228   2.618   0.526

 6.32  0.00   0.493   0.486   0.044   0.080   0.009   0.006   0.344   0.004   0.000   0.006   0.000 549036400
 6.32    5.21    67.427
 6.32 16.00   1.250   1.367
 6.32 16.00   2.617    71.587
 6.32 16.00   2.369   1.234   2.617   0.533
 6.32 16.00   2.371   1.227   2.617   0.526

 6.33  0.00   0.493   0.486   0.044   0.080   0.009   0.006   0.344   0.004   0.000   0.006   0.000 549905200
 6.33    5.22    67.414
 6.33 16.00   1.249   1.367
 6.33 16.00   2.616    71.573
 6.33 16.00   2.368   1.234   2.616   0.533
 6.33 16.00   2.370   1.227   2.616   0.526

 6.34  0.00   0.493   0.486   0.044   0.080   0.009   0.006   0.344   0.004   0.000   0.006   0.000 550773900
 6.34    5.22    67.401
 6.34 16.00   1.248   1.367
 6.34 16.00   2.615    71.560
 6.34 16.00   2.367   1.233   2.615   0.533
 6.34 16.00   2.369   1.226   2.615   0.526

 6.35  0.00   0.492   0.486   0.044   0.080   0.009   0.006   0.344   0.004   0.000   0.006   0.000 551642600
 6.35    5.22    67.388
 6.35 16.00   1.247   1.367
 6.35 16.00   2.614    71.546
 6.35 16.00   2.366   1.233   2.614   0.533
 6.35 16.00   2.368   1.226   2.614   0.526

 6.36  0.00   0.492   0.486   0.044   0.080   0.009   0.006   0.344   0.004   0.000   0.006   0.000 552511400
 6.36    5.23    67.375
 6.36 16.00   1.246   1.367
 6.36 16.00   2.613    71.533
 6.36 16.00   2.365   1.232   2.613   0.533
 6.36 16.00   2.367   1.225   2.613   0.525

 6.37  0.00   0.492   0.485   0.044   0.080   0.009   0.006   0.344   0.004   0.000   0.006   0.000 553380000
 6.37    5.23    67.363
 6.37 16.00   1.245   1.367
 6.37 16.00   2.612    71.519
 6.37 16.00   2.364   1.232   2.612   0.532
 6.37 16.00   2.366   1.225   2.612   0.525

 6.38  0.00   0.492   0.485   0.043   0.080   0.009   0.006   0.344   0.004   0.000   0.006   0.000 554248800
 6.38    5.24    67.350
 6.38 16.00   1.244   1.367
 6.38 16.00   2.611    71.505
 6.38 16.00   2.363   1.231   2.611   0.532
 6.38 16.00   2.365   1.225   2.611   0.525

 6.39  0.00   0.492   0.485   0.043   0.080   0.009   0.006   0.344   0.004   0.000   0.006   0.000 555117500
 6.39    5.24    67.338
 6.39 16.00   1.243   1.367
 6.39 16.00   2.610    71.492
 6.39 16.00   2.363   1.231   2.610   0.532
 6.39 16.00   2.365   1.224   2.610   0.525

 6.40  0.00   0.491   0.485   0.043   0.080   0.009   0.006   0.344   0.004   0.000   0.006   0.000 555986200
 6.40    5.25    67.325
 6.40 16.00   1.242   1.367
 6.40 16.00   2.609    71.478
 6.40 16.00   2.362   1.230   2.609   0.532
 6.40 16.00   2.364   1.224   2.609   0.525

 6.41  0.00   0.491   0.485   0.043   0.080   0.009   0.006   0.344   0.004   0.000   0.006   0.000 556855000
 6.41    5.25    67.313
 6.41 16.00   1.241   1.367
 6.41 16.00   2.608    71.465
 6.41 16.00   2.361   1.230   2.608   0.532
 6.41 16.00   2.363   1.223   2.608   0.524

 6.42  0.00   0.491   0.484   0.043   0.080   0.009   0.006   0.344   0.004   0.000   0.006   0.000 557723700
 6.42    5.26    67.301
 6.42 16.00   1.240   1.367
 6.42 16.00   2.607    71.451
 6.42 16.00   2.360   1.230   2.607   0.531
 6.42 16.00   2.362   1.223   2.607   0.524

 6.43  0.00   0.491   0.484   0.043   0.079   0.008   0.006   0.344   0.004   0.000   0.006   0.000 558592400
 6.43    5.26    67.289
 6.43 16.00   1.239   1.367
 6.43 16.00   2.606    71.438
 6.43 16.00   2.359   1.229   2.606   0.531
 6.43 16.00   2.361   1.222   2.606   0.524

 6.44  0.00   0.491   0.484   0.043   0.079   0.008   0.006   0.344   0.004   0.000   0.006   0.000 559461200
 6.44    5.26    67.277
 6.44 16.00   1.238   1.367
 6.44 16.00   2.605    71.425
 6.44 16.00   2.358   1.229   2.605   0.531
 6.44 16.00   2.360   1.222   2.605   0.524

 6.45  0.00   0.491   0.484   0.043   0.079   0.008   0.006   0.344   0.004   0.000   0.006   0.000 560329900
 6.45    5.27    67.265
 6.45 16.00   1.237   1.367
 6.45 16.00   2.604    71.411
 6.45 16.00   2.357   1.228   2.604   0.531
 6.45 16.00   2.359   1.221   2.604   0.524

 6.46  0.00   0.490   0.484   0.043   0.079   0.008   0.006   0.344   0.004   0.000   0.006   0.000 561198700
 6.46    5.27    67.253
 6.46 16.00   1.236   1.367
 6.46 16.00   2.603    71.398
 6.46 16.00   2.356   1.228   2.603   0.531
 6.46 16.00   2.358   1.221   2.603   0.523

 6.47  0.00   0.490   0.484   0.043   0.079   0.008   0.006   0.344   0.004   0.000   0.006   0.000 562067300
 6.47    5.28    67.242
 6.47 16.00   1.235   1.367
 6.47 16.00   2.602    71.385
 6.47 16.00   2.355   1.227   2.602   0.530
 6.47 16.00   2.357   1.220   2.602   0.523

 6.48  0.00   0.490   0.483   0.043   0.079   0.008   0.006   0.344   0.004   0.000   0.006   0.000 562936100
 6.48    5.28    67.230
 6.48 16.00   1.234   1.367
 6.48 16.00   2.601    71.371
 6.48 16.00   2.354   1.227   2.601   0.530
 6.48 16.00   2.356   1.220   2.601   0.523

 6.49  0.00   0.490   0.483   0.043   0.079   0.008   0.006   0.344   0.004   0.000   0.006   0.000 563804800
 6.49    5.29    67.219
 6.49 16.00   1.233   1.367
 6.49 16.00   2.600    71.358
 6.49 16.00   2.354   1.226   2.600   0.530
 6.49 16.00   2.356   1.219   2.600   0.523

 6.50  0.00   0.490   0.483   0.043   0.079   0.008   0.006   0.343   0.004   0.000   0.006   0.000 564673500
 6.50    5.29    67.208
 6.50 16.00   1.232   1.367
 6.50 16.00   2.599    71.345
 6.50 16.00   2.353   1.226   2.599   0.530
 6.50 16.00   2.355   1.219   2.599   0.523

 6.51  0.00   0.489   0.483   0.042   0.079   0.008   0.006   0.343   0.004   0.000   0.006   0.000 565542300
 6.51    5.30    67.196
 6.51 16.00   1.231   1.367
 6.51 16.00   2.598    71.332
 6.51 16.00   2.352   1.225   2.598   0.530
 6.51 16.00   2.354   1.219   2.598   0.523

 6.52  0.00   0.489   0.483   0.042   0.079   0.008   0.006   0.343   0.004   0.000   0.006   0.000 566411000
 6.52    5.30    67.185
 6.52 16.00   1.230   1.367
 6.52 16.00   2.598    71.319
 6.52 16.00   2.351   1.225   2.598   0.529
 6.52 16.00   2.353   1.218   2.598   0.522

 6.53  0.00   0.489   0.482   0.042   0.079   0.008   0.006   0.343   0.004   0.000   0.006   0.000 567279700
 6.53    5.31    67.174
 6.53 16.00   1.229   1.367
 6.53 16.00   2.597    71.306
 6.53 16.00   2.350   1.224   2.597   0.529
 6.53 16.00   2.352   1.218   2.597   0.522

 6.54  0.00   0.489   0.482   0.042   0.079   0.008   0.006   0.343   0.004   0.000   0.006   0.000 568148400
 6.54    5.31    67.163
 6.54 16.00   1.228   1.367
 6.54 16.00   2.596    71.293
 6.54 16.00   2.349   1.224   2.596   0.529
 6.54 16.00   2.351   1.217   2.596   0.522

 6.55  0.00   0.489   0.482   0.042   0.079   0.008   0.006   0.343   0.004   0.000   0.006   0.000 569017200
 6.55    5.32    67.152
 6.55 16.00   1.227   1.367
 6.55 16.00   2.595    71.279
 6.55 16.00   2.348   1.224   2.595   0.529
 6.55 16.00   2.350   1.217   2.595   0.522

 6.56  0.00   0.489   0.482   0.042   0.079   0.008   0.006   0.343   0.004   0.000   0.006   0.000 569885900
 6.56    5.32    67.141
 6.56 16.00   1.226   1.367
 6.56 16.00   2.594    71.266
 6.56 16.00   2.347   1.223   2.594   0.529
 6.56 16.00   2.349   1.216   2.594   0.522

 6.57  0.00   0.488   0.482   0.042   0.079   0.008   0.006   0.343   0.004   0.000   0.006   0.000 570754600
 6.57    5.32    67.131
 6.57 16.00   1.226   1.367
 6.57 16.00   2.593    71.253
 6.57 16.00   2.347   1.223   2.593   0.529
 6.57 16.00   2.349   1.216   2.593   0.521

 6.58  0.00   0.488   0.482   0.042   0.079   0.008   0.006   0.343   0.004   0.000   0.006   0.000 571623400
 6.58    5.33    67.120
 6.58 16.00   1.225   1.367
 6.58 16.00   2.592    71.240
 6.58 16.00   2.346   1.222   2.592   0.528
 6.58 16.00   2.348   1.215   2.592   0.521

 6.59  0.00   0.488   0.481   0.042   0.079   0.008   0.006   0.343   0.004   0.000   0.006   0.000 572492100
 6.59    5.33    67.110
 6.59 16.00   1.224   1.367
 6.59 16.00   2.591    71.227
 6.59 16.00   2.345   1.222   2.591   0.528
 6.59 16.00   2.347   1.215   2.591   0.521

 6.60  0.00   0.488   0.481   0.042   0.079   0.008   0.006   0.343   0.004   0.000   0.006   0.000 573360800
 6.60    5.34    67.099
 6.60 16.00   1.223   1.367
 6.60 16.00   2.590    71.215
 6.60 16.00   2.344   1.221   2.590   0.528
 6.60 16.00   2.346   1.214   2.590   0.521

 6.61  0.00   0.488   0.481   0.042   0.079   0.008   0.006   0.343   0.004   0.000   0.006   0.000 574229600
 6.61    5.34    67.089
 6.61 16.00   1.222   1.367
 6.61 16.00   2.589    71.202
 6.61 16.00   2.343   1.221   2.589   0.528
 6.61 16.00   2.345   1.214   2.589   0.521

 6.62  0.00   0.487   0.481   0.042   0.079   0.008   0.006   0.343   0.004   0.000   0.006   0.000 575098200
 6.62    5.35    67.079
 6.62 16.00   1.221   1.367
 6.62 16.00   2.588    71.189
 6.62 16.00   2.342   1.220   2.588   0.528
 6.62 16.00   2.344   1.214   2.588   0.520

 6.63  0.00   0.487   0.481   0.042   0.079   0.008   0.006   0.343   0.004   0.000   0.006   0.000 575967000
 6.63    5.35    67.068
 6.63 16.00   1.220   1.367
 6.63 16.00   2.587    71.176
 6.63 16.00   2.341   1.220   2.587   0.527
 6.63 16.00   2.343   1.213   2.587   0.520

 6.64  0.00   0.487   0.481   0.042   0.079   0.008   0.006   0.343   0.004   0.000   0.006   0.000 576835700
 6.64    5.36    67.058
 6.64 16.00   1.219   1.367
 6.64 16.00   2.586    71.163
 6.64 16.00   2.341   1.220   2.586   0.527
 6.64 16.00   2.343   1.213   2.586   0.520

 6.65  0.00   0.487   0.480   0.041   0.079   0.008   0.006   0.343   0.004   0.000   0.006   0.000 577704400
 6.65    5.36    67.048
 6.65 16.00   1.218   1.367
 6.65 16.00   2.585    71.150
 6.65 16.00   2.340   1.219   2.585   0.527
 6.65 16.00   2.342   1.212   2.585   0.520

 6.66  0.00   0.487   0.480   0.041   0.079   0.008   0.006   0.343   0.004   0.000   0.006   0.000 578573200
 6.66    5.37    67.039
 6.66 16.00   1.217   1.367
 6.66 16.00   2.584    71.138
 6.66 16.00   2.339   1.219   2.584   0.527
 6.66 16.00   2.341   1.212   2.584   0.520

 6.67  0.00   0.487   0.480   0.041   0.079   0.008   0.006   0.343   0.004   0.000   0.006   0.000 579441900
 6.67    5.37    67.029
 6.67 16.00   1.216   1.367
 6.67 16.00   2.583    71.125
 6.67 16.00   2.338   1.218   2.583   0.527
 6.67 16.00   2.340   1.211   2.583   0.519

 6.68  0.00   0.486   0.480   0.041   0.079   0.008   0.006   0.343   0.004   0.000   0.006   0.000 580310700
 6.68    5.38    67.019
 6.68 16.00   1.215   1.367
 6.68 16.00   2.582    71.112
 6.68 16.00   2.337   1.218   2.582   0.526
 6.68 16.00   2.339   1.211   2.582   0.519

 6.69  0.00   0.486   0.480   0.041   0.079   0.008   0.006   0.343   0.004   0.000   0.006   0.000 581179400
 6.69    5.38    67.009
 6.69 16.00   1.214   1.367
 6.69 16.00   2.581    71.100
 6.69 16.00   2.336   1.217   2.581   0.526
 6.69 16.00   2.338   1.210   2.581   0.519

 6.70  0.00   0.486   0.479   0.041   0.079   0.008   0.006   0.343   0.004   0.000   0.006   0.000 582048100
 6.70    5.39    67.000
 6.70 16.00   1.213   1.367
 6.70 16.00   2.580    71.087
 6.70 16.00   2.335   1.217   2.580   0.526
 6.70 16.00   2.337   1.210   2.580   0.519

 6.71  0.00   0.486   0.479   0.041   0.079   0.008   0.006   0.343   0.004   0.000   0.006   0.000 582916900
 6.71    5.39    66.990
 6.71 16.00   1.212   1.367
 6.71 16.00   2.580    71.074
 6.71 16.00   2.335   1.217   2.580   0.526
 6.71 16.00   2.337   1.210   2.580   0.519

 6.72  0.00   0.486   0.479   0.041   0.079   0.008   0.006   0.343   0.004   0.000   0.006   0.000 583785500
 6.72    5.39    66.981
 6.72 16.00   1.211   1.367
 6.72 16.00   2.579    71.062
 6.72 16.00   2.334   1.216   2.579   0.526
 6.72 16.00   2.336   1.209   2.579   0.519

 6.73  0.00   0.486   0.479   0.041   0.079   0.008   0.006   0.343   0.004   0.000   0.006   0.000 584654300
 6.73    5.40    66.972
 6.73 16.00   1.210   1.367
 6.73 16.00   2.578    71.049
 6.73 16.00   2.333   1.216   2.578   0.525
 6.73 16.00   2.335   1.209   2.578   0.518

 6.74  0.00   0.485   0.479   0.041   0.079   0.008   0.006   0.343   0.004   0.000   0.006   0.000 585523000
 6.74    5.40    66.962
 6.74 16.00   1.210   1.367
 6.74 16.00   2.577    71.037
 6.74 16.00   2.332   1.215   2.577   0.525
 6.74 16.00   2.334   1.208   2.577   0.518

 6.75  0.00   0.485   0.479   0.041   0.079   0.007   0.006   0.343   0.004   0.000   0.006   0.000 586391700
 6.75    5.41    66.953
 6.75 16.00   1.209   1.367
 6.75 16.00   2.576    71.024
 6.75 16.00   2.331   1.215   2.576   0.525
 6.75 16.00   2.333   1.208   2.576   0.518

 6.76  0.00   0.485   0.478   0.041   0.079   0.007   0.006   0.343   0.004   0.000   0.006   0.000 587260500
 6.76    5.41    66.944
 6.76 16.00   1.208   1.367
 6.76 16.00   2.575    71.012
 6.76 16.00   2.330   1.214   2.575   0.525
 6.76 16.00   2.332   1.207   2.575   0.518

 6.77  0.00   0.485   0.478   0.041   0.079   0.007   0.006   0.343   0.004   0.000   0.006   0.000 588129200
 6.77    5.42    66.935
 6.77 16.00   1.207   1.367
 6.77 16.00   2.574    70.999
 6.77 16.00   2.330   1.214   2.574   0.525
 6.77 16.00   2.332   1.207   2.574   0.518

 6.78  0.00   0.485   0.478   0.041   0.079   0.007   0.006   0.342   0.004   0.000   0.006   0.000 588998000
 6.78    5.42    66.926
 6.78 16.00   1.206   1.367
 6.78 16.00   2.573    70.987
 6.78 16.00   2.329   1.213   2.573   0.525
 6.78 16.00   2.331   1.207   2.573   0.517

 6.79  0.00   0.485   0.478   0.041   0.079   0.007   0.006   0.342   0.004   0.000   0.006   0.000 589866700
 6.79    5.43    66.918
 6.79 16.00   1.205   1.367
 6.79 16.00   2.572    70.974
 6.79 16.00   2.328   1.213   2.572   0.524
 6.79 16.00   2.330   1.206   2.572   0.517

 6.80  0.00   0.484   0.478   0.040   0.079   0.007   0.006   0.342   0.004   0.000   0.006   0.000 590735400
 6.80    5.43    66.909
 6.80 16.00   1.204   1.367
 6.80 16.00   2.571    70.962
 6.80 16.00   2.327   1.213   2.571   0.524
 6.80 16.00   2.329   1.206   2.571   0.517

 6.81  0.00   0.484   0.478   0.040   0.079   0.007   0.006   0.342   0.004   0.000   0.006   0.000 591604100
 6.81    5.44    66.900
 6.81 16.00   1.203   1.367
 6.81 16.00   2.570    70.950
 6.81 16.00   2.326   1.212   2.570   0.524
 6.81 16.00   2.328   1.205   2.570   0.517

 6.82  0.00   0.484   0.477   0.040   0.079   0.007   0.006   0.342   0.004   0.000   0.006   0.000 592472900
 6.82    5.44    66.892
 6.82 16.00   1.202   1.367
 6.82 16.00   2.569    70.937
 6.82 16.00   2.326   1.212   2.569   0.524
 6.82 16.00   2.328   1.205   2.569   0.517

 6.83  0.00   0.484   0.477   0.040   0.079   0.007   0.006   0.342   0.004   0.000   0.006   0.000 593341600
 6.83    5.45    66.883
 6.83 16.00   1.201   1.367
 6.83 16.00   2.569    70.925
 6.83 16.00   2.325   1.211   2.569   0.524
 6.83 16.00   2.327   1.204   2.569   0.517

 6.84  0.00   0.484   0.477   0.040   0.079   0.007   0.006   0.342   0.004   0.000   0.006   0.000 594210300
 6.84    5.45    66.875
 6.84 16.00   1.201   1.367
 6.84 16.00   2.568    70.913
 6.84 16.00   2.324   1.211   2.568   0.523
 6.84 16.00   2.326   1.204   2.568   0.516

 6.85  0.00   0.484   0.477   0.040   0.079   0.007   0.006   0.342   0.004   0.000   0.006   0.000 595079000
 6.85    5.46    66.867
 6.85 16.00   1.200   1.367
 6.85 16.00   2.567    70.901
 6.85 16.00   2.323   1.211   2.567   0.523
 6.85 16.00   2.325   1.204   2.567   0.516

 6.86  0.00   0.483   0.477   0.040   0.079   0.007   0.006   0.342   0.004   0.000   0.006   0.000 595947800
 6.86    5.46    66.858
 6.86 16.00   1.199   1.367
 6.86 16.00   2.566    70.888
 6.86 16.00   2.322   1.210   2.566   0.523
 6.86 16.00   2.324   1.203   2.566   0.516

 6.87  0.00   0.483   0.477   0.040   0.079   0.007   0.006   0.342   0.004   0.000   0.006   0.000 596816500
 6.87    5.47    66.850
 6.87 16.00   1.198   1.367
 6.87 16.00   2.565    70.876
 6.87 16.00   2.321   1.210   2.565   0.523
 6.87 16.00   2.323   1.203   2.565   0.516

 6.88  0.00   0.483   0.476   0.040   0.079   0.007   0.006   0.342   0.004   0.000   0.006   0.000 597685200
 6.88    5.47    66.842
 6.88 16.00   1.197   1.367
 6.88 16.00   2.564    70.864
 6.88 16.00   2.321   1.209   2.564   0.523
 6.88 16.00   2.323   1.202   2.564   0.516

 6.89  0.00   0.483   0.476   0.040   0.079   0.007   0.006   0.342   0.004   0.000   0.006   0.000 598553900
 6.89    5.48    66.834
 6.89 16.00   1.196   1.367
 6.89 16.00   2.563    70.852
 6.89 16.00   2.320   1.209   2.563   0.523
 6.89 16.00   2.322   1.202   2.563   0.515

 6.90  0.00   0.483   0.476   0.040   0.079   0.007   0.006   0.342   0.004   0.000   0.006   0.000 599422700
 6.90    5.48    66.826
 6.90 16.00   1.195   1.367
 6.90 16.00   2.562    70.840
 6.90 16.00   2.319   1.208   2.562   0.522
 6.90 16.00   2.321   1.202   2.562   0.515

 6.91  0.00   0.483   0.476   0.040   0.079   0.007   0.006   0.342   0.004   0.000   0.006   0.000 600291400
 6.91    5.49    66.818
 6.91 16.00   1.194   1.367
 6.91 16.00   2.561    70.828
 6.91 16.00   2.318   1.208   2.561   0.522
 6.91 16.00   2.320   1.201   2.561   0.515

 6.92  0.00   0.482   0.476   0.040   0.079   0.007   0.006   0.342   0.004   0.000   0.006   0.000 601160100
 6.92    5.49    66.810
 6.92 16.00   1.193   1.367
 6.92 16.00   2.561    70.815
 6.92 16.00   2.317   1.208   2.561   0.522
 6.92 16.00   2.319   1.201   2.561   0.515

 6.93  0.00   0.482   0.476   0.040   0.079   0.007   0.006   0.342   0.004   0.000   0.006   0.000 602028900
 6.93    5.50    66.803
 6.93 16.00   1.193   1.367
 6.93 16.00   2.560    70.803
 6.93 16.00   2.317   1.207   2.560   0.522
 6.93 16.00   2.319   1.200   2.560   0.515

 6.94  0.00   0.482   0.475   0.040   0.079   0.007   0.006   0.342   0.004   0.000   0.006   0.000 602897600
 6.94    5.50    66.795
 6.94 16.00   1.192   1.367
 6.94 16.00   2.559    70.791
 6.94 16.00   2.316   1.207   2.559   0.522
 6.94 16.00   2.318   1.200   2.559   0.515

 6.95  0.00   0.482   0.475   0.039   0.079   0.007   0.006   0.342   0.004   0.000   0.006   0.000 603766300
 6.95    5.51    66.788
 6.95 16.00   1.191   1.367
 6.95 16.00   2.558    70.779
 6.95 16.00   2.315   1.206   2.558   0.522
 6.95 16.00   2.317   1.199   2.558   0.514

 6.96  0.00   0.482   0.475   0.039   0.079   0.007   0.006   0.342   0.004   0.000   0.006   0.000 604635100
 6.96    5.51    66.780
 6.96 16.00   1.190   1.367
 6.96 16.00   2.557    70.767
 6.96 16.00   2.314   1.206   2.557   0.521
 6.96 16.00   2.316   1.199   2.557   0.514

 6.97  0.00   0.482   0.475   0.039   0.079   0.007   0.006   0.342   0.004   0.000   0.006   0.000 605503700
 6.97    5.52    66.773
 6.97 16.00   1.189   1.367
 6.97 16.00   2.556    70.756
 6.97 16.00   2.314   1.206   2.556   0.521
 6.97 16.00   2.316   1.199   2.556   0.514

 6.98  0.00   0.481   0.475   0.039   0.079   0.007   0.006   0.342   0.004   0.000   0.006   0.000 606372500
 6.98    5.52    66.765
 6.98 16.00   1.188   1.367
 6.98 16.00   2.555    70.744
 6.98 16.00   2.313   1.205   2.555   0.521
 6.98 16.00   2.315   1.198   2.555   0.514

 6.99  0.00   0.481   0.475   0.039   0.079   0.007   0.006   0.342   0.004   0.000   0.006   0.000 607241200
 6.99    5.53    66.758
 6.99 16.00   1.187   1.367
 6.99 16.00   2.554    70.732
 6.99 16.00   2.312   1.205   2.554   0.521
 6.99 16.00   2.314   1.198   2.554   0.514

 7.00  0.00   0.481   0.474   0.039   0.079   0.007   0.006   0.342   0.004   0.000   0.006   0.000 608110000
 7.00    5.53    66.751
 7.00 16.00   1.186   1.367
 7.00 16.00   2.554    70.720
 7.00 16.00   2.311   1.204   2.554   0.521
 7.00 16.00   2.313   1.197   2.554   0.513

 7.01  0.00   0.481   0.474   0.039   0.079   0.007   0.006   0.342   0.004   0.000   0.006   0.000 608978700
 7.01    5.54    66.744
 7.01 16.00   1.186   1.367
 7.01 16.00   2.553    70.708
 7.01 16.00   2.310   1.204   2.553   0.520
 7.01 16.00   2.312   1.197   2.553   0.513

 7.02  0.00   0.481   0.474   0.039   0.079   0.007   0.006   0.342   0.004   0.000   0.006   0.000 609847400
 7.02    5.54    66.737
 7.02 16.00   1.185   1.367
 7.02 16.00   2.552    70.696
 7.02 16.00   2.310   1.204   2.552   0.520
 7.02 16.00   2.312   1.197   2.552   0.513

 7.03  0.00   0.481   0.474   0.039   0.079   0.007   0.006   0.342   0.004   0.000   0.006   0.000 610716200
 7.03    5.55    66.730
 7.03 16.00   1.184   1.367
 7.03 16.00   2.551    70.684
 7.03 16.00   2.309   1.203   2.551   0.520
 7.03 16.00   2.311   1.196   2.551   0.513

 7.04  0.00   0.481   0.474   0.039   0.079   0.007   0.006   0.342   0.004   0.000   0.006   0.000 611584900
 7.04    5.55    66.723
 7.04 16.00   1.183   1.367
 7.04 16.00   2.550    70.673
 7.04 16.00   2.308   1.203   2.550   0.520
 7.04 16.00   2.310   1.196   2.550   0.513

 7.05  0.00   0.480   0.474   0.039   0.079   0.007   0.006   0.342   0.004   0.000   0.006   0.000 612453600
 7.05    5.56    66.716
 7.05 16.00   1.182   1.367
 7.05 16.00   2.549    70.661
 7.05 16.00   2.307   1.202   2.549   0.520
 7.05 16.00   2.309   1.196   2.549   0.513

 7.06  0.00   0.480   0.474   0.039   0.079   0.007   0.006   0.342   0.004   0.000   0.006   0.000 613322300
 7.06    5.56    66.709
 7.06 16.00   1.181   1.367
 7.06 16.00   2.548    70.649
 7.06 16.00   2.307   1.202   2.548   0.520
 7.06 16.00   2.308   1.195   2.548   0.513

 7.07  0.00   0.480   0.473   0.039   0.079   0.007   0.006   0.342   0.004   0.000   0.005   0.000 614191100
 7.07    5.57    66.702
 7.07 16.00   1.180   1.367
 7.07 16.00   2.548    70.637
 7.07 16.00   2.306   1.202   2.548   0.520
 7.07 16.00   2.308   1.195   2.548   0.512

 7.08  0.00   0.480   0.473   0.039   0.079   0.007   0.006   0.341   0.004   0.000   0.005   0.000 615059800
 7.08    5.57    66.696
 7.08 16.00   1.180   1.367
 7.08 16.00   2.547    70.626
 7.08 16.00   2.305   1.201   2.547   0.519
 7.08 16.00   2.307   1.194   2.547   0.512

 7.09  0.00   0.480   0.473   0.039   0.079   0.007   0.005   0.341   0.004   0.000   0.005   0.000 615928500
 7.09    5.58    66.689
 7.09 16.00   1.179   1.367
 7.09 16.00   2.546    70.614
 7.09 16.00   2.304   1.201   2.546   0.519
 7.09 16.00   2.306   1.194   2.546   0.512

 7.10  0.00   0.480   0.473   0.039   0.079   0.007   0.005   0.341   0.004   0.000   0.005   0.000 616797200
 7.10    5.58    66.683
 7.10 16.00   1.178   1.367
 7.10 16.00   2.545    70.603
 7.10 16.00   2.303   1.200   2.545   0.519
 7.10 16.00   2.305   1.194   2.545   0.512

 7.11  0.00   0.479   0.473   0.038   0.079   0.007   0.005   0.341   0.004   0.000   0.005   0.000 617666000
 7.11    5.59    66.676
 7.11 16.00   1.177   1.367
 7.11 16.00   2.544    70.591
 7.11 16.00   2.303   1.200   2.544   0.519
 7.11 16.00   2.305   1.193   2.544   0.512

 7.12  0.00   0.479   0.473   0.038   0.079   0.007   0.005   0.341   0.004   0.000   0.005   0.000 618534700
 7.12    5.59    66.670
 7.12 16.00   1.176   1.367
 7.12 16.00   2.543    70.579
 7.12 16.00   2.302   1.200   2.543   0.519
 7.12 16.00   2.304   1.193   2.543   0.512

 7.13  0.00   0.479   0.473   0.038   0.079   0.007   0.005   0.341   0.004   0.000   0.005   0.000 619403500
 7.13    5.60    66.664
 7.13 16.00   1.175   1.367
 7.13 16.00   2.543    70.568
 7.13 16.00   2.301   1.199   2.543   0.519
 7.13 16.00   2.303   1.192   2.543   0.511

 7.14  0.00   0.479   0.472   0.038   0.079   0.006   0.005   0.341   0.004   0.000   0.005   0.000 620272100
 7.14    5.60    66.658
 7.14 16.00   1.175   1.367
 7.14 16.00   2.542    70.556
 7.14 16.00   2.300   1.199   2.542   0.518
 7.14 16.00   2.302   1.192   2.542   0.511

 7.15  0.00   0.479   0.472   0.038   0.079   0.006   0.005   0.341   0.004   0.000   0.005   0.000 621140900
 7.15    5.61    66.651
 7.15 16.00   1.174   1.367
 7.15 16.00   2.541    70.545
 7.15 16.00   2.300   1.199   2.541   0.518
 7.15 16.00   2.302   1.192   2.541   0.511

 7.16  0.00   0.479   0.472   0.038   0.079   0.006   0.005   0.341   0.003   0.000   0.005   0.000 622009600
 7.16    5.61    66.645
 7.16 16.00   1.173   1.367
 7.16 16.00   2.540    70.533
 7.16 16.00   2.299   1.198   2.540   0.518
 7.16 16.00   2.301   1.191   2.540   0.511

 7.17  0.00   0.479   0.472   0.038   0.079   0.006   0.005   0.341   0.003   0.000   0.005   0.000 622878300
 7.17    5.62    66.637
 7.17 16.00   1.172   1.367
 7.17 16.00   2.539    70.522
 7.17 16.00   2.298   1.198   2.539   0.518
 7.17 16.00   2.300   1.191   2.539   0.511

 7.18  0.00   0.478   0.472   0.038   0.079   0.006   0.005   0.341   0.003   0.000   0.005   0.000 623747100
 7.18    5.61    66.618
 7.18 16.00   1.171   1.367
 7.18 16.00   2.538    70.510
 7.18 16.00   2.297   1.197   2.538   0.518
 7.18 16.00   2.299   1.191   2.538   0.511

 7.19  0.00   0.478   0.472   0.038   0.079   0.006   0.005   0.341   0.003   0.000   0.005   0.000 624615800
 7.19    5.61    66.599
 7.19 16.00   1.170   1.367
 7.19 16.00   2.538    70.499
 7.19 16.00   2.297   1.197   2.538   0.518
 7.19 16.00   2.299   1.190   2.538   0.511

 7.20  0.00   0.478   0.472   0.038   0.079   0.006   0.005   0.341   0.003   0.000   0.005   0.000 625484500
 7.20    5.61    66.580
 7.20 16.00   1.170   1.367
 7.20 16.00   2.537    70.488
 7.20 16.00   2.296   1.197   2.537   0.518
 7.20 16.00   2.298   1.190   2.537   0.510

 7.21  0.00   0.478   0.471   0.038   0.079   0.006   0.005   0.341   0.003   0.000   0.005   0.000 626353300
 7.21    5.61    66.561
 7.21 16.00   1.169   1.367
 7.21 16.00   2.536    70.476
 7.21 16.00   2.295   1.196   2.536   0.517
 7.21 16.00   2.297   1.189   2.536   0.510

 7.22  0.00   0.478   0.471   0.038   0.079   0.006   0.005   0.341   0.003   0.000   0.005   0.000 627222000
 7.22    5.61    66.542
 7.22 16.00   1.168   1.367
 7.22 16.00   2.535    70.465
 7.22 16.00   2.294   1.196   2.535   0.517
 7.22 16.00   2.296   1.189   2.535   0.510

 7.23  0.00   0.478   0.471   0.038   0.079   0.006   0.005   0.341   0.003   0.000   0.005   0.000 628090800
 7.23    5.60    66.524
 7.23 16.00   1.167   1.367
 7.23 16.00   2.534    70.453
 7.23 16.00   2.294   1.196   2.534   0.517
 7.23 16.00   2.296   1.189   2.534   0.510

 7.24  0.00   0.478   0.471   0.038   0.079   0.006   0.005   0.341   0.003   0.000   0.005   0.000 628959400
 7.24    5.60    66.505
 7.24 16.00   1.166   1.367
 7.24 16.00   2.533    70.442
 7.24 16.00   2.293   1.195   2.533   0.517
 7.24 16.00   2.295   1.188   2.533   0.510

 7.25  0.00   0.478   0.471   0.038   0.079   0.006   0.005   0.341   0.003   0.000   0.005   0.000 629828200
 7.25    5.60    66.486
 7.25 16.00   1.166   1.367
 7.25 16.00   2.533    70.431
 7.25 16.00   2.292   1.195   2.533   0.517
 7.25 16.00   2.294   1.188   2.533   0.510

 7.26  0.00   0.477   0.471   0.038   0.079   0.006   0.005   0.341   0.003   0.000   0.005   0.000 630696900
 7.26    5.60    66.468
 7.26 16.00   1.165   1.367
 7.26 16.00   2.532    70.420
 7.26 16.00   2.291   1.194   2.532   0.517
 7.26 16.00   2.293   1.188   2.532   0.509

 7.27  0.00   0.477   0.471   0.037   0.078   0.006   0.005   0.341   0.003   0.000   0.005   0.000 631565600
 7.27    5.60    66.449
 7.27 16.00   1.164   1.367
 7.27 16.00   2.531    70.408
 7.27 16.00   2.291   1.194   2.531   0.516
 7.27 16.00   2.293   1.187   2.531   0.509

 7.28  0.00   0.477   0.470   0.037   0.078   0.006   0.005   0.341   0.003   0.000   0.005   0.000 632434400
 7.28    5.59    66.431
 7.28 16.00   1.163   1.367
 7.28 16.00   2.530    70.397
 7.28 16.00   2.290   1.194   2.530   0.516
 7.28 16.00   2.292   1.187   2.530   0.509

 7.29  0.00   0.477   0.470   0.037   0.078   0.006   0.005   0.341   0.003   0.000   0.005   0.000 633303100
 7.29    5.59    66.412
 7.29 16.00   1.162   1.367
 7.29 16.00   2.529    70.386
 7.29 16.00   2.289   1.193   2.529   0.516
 7.29 16.00   2.291   1.187   2.529   0.509

 7.30  0.00   0.477   0.470   0.037   0.078   0.006   0.005   0.341   0.003   0.000   0.005   0.000 634171800
 7.30    5.59    66.394
 7.30 16.00   1.161   1.367
 7.30 16.00   2.529    70.375
 7.30 16.00   2.288   1.193   2.529   0.516
 7.30 16.00   2.290   1.186   2.529   0.509

 7.31  0.00   0.477   0.470   0.037   0.078   0.006   0.005   0.341   0.003   0.000   0.005   0.000 635040500
 7.31    5.59    66.375
 7.31 16.00   1.161   1.367
 7.31 16.00   2.528    70.364
 7.31 16.00   2.288   1.193   2.528   0.516
 7.31 16.00   2.290   1.186   2.528   0.509

 7.32  0.00   0.477   0.470   0.037   0.078   0.006   0.005   0.341   0.003   0.000   0.005   0.000 635909300
 7.32    5.59    66.357
 7.32 16.00   1.160   1.367
 7.32 16.00   2.527    70.353
 7.32 16.00   2.287   1.192   2.527   0.516
 7.32 16.00   2.289   1.185   2.527   0.509

 7.33  0.00   0.476   0.470   0.037   0.078   0.006   0.005   0.341   0.003   0.000   0.005   0.000 636778000
 7.33    5.58    66.339
 7.33 16.00   1.159   1.367
 7.33 16.00   2.526    70.341
 7.33 16.00   2.286   1.192   2.526   0.516
 7.33 16.00   2.288   1.185   2.526   0.508

 7.34  0.00   0.476   0.470   0.037   0.078   0.006   0.005   0.341   0.003   0.000   0.005   0.000 637646700
 7.34    5.58    66.320
 7.34 16.00   1.158   1.367
 7.34 16.00   2.525    70.330
 7.34 16.00   2.286   1.192   2.525   0.515
 7.34 16.00   2.288   1.185   2.525   0.508

 7.35  0.00   0.476   0.470   0.037   0.078   0.006   0.005   0.341   0.003   0.000   0.005   0.000 638515500
 7.35    5.58    66.302
 7.35 16.00   1.157   1.367
 7.35 16.00   2.525    70.319
 7.35 16.00   2.285   1.191   2.525   0.515
 7.35 16.00   2.287   1.184   2.525   0.508

 7.36  0.00   0.476   0.469   0.037   0.078   0.006   0.005   0.341   0.003   0.000   0.005   0.000 639384200
 7.36    5.58    66.284
 7.36 16.00   1.157   1.367
 7.36 16.00   2.524    70.308
 7.36 16.00   2.284   1.191   2.524   0.515
 7.36 16.00   2.286   1.184   2.524   0.508

 7.37  0.00   0.476   0.469   0.037   0.078   0.006   0.005   0.341   0.003   0.000   0.005   0.000 640252900
 7.37    5.58    66.266
 7.37 16.00   1.156   1.367
 7.37 16.00   2.523    70.297
 7.37 16.00   2.283   1.191   2.523   0.515
 7.37 16.00   2.285   1.184   2.523   0.508

 7.38  0.00   0.476   0.469   0.037   0.078   0.006   0.005   0.341   0.003   0.000   0.005   0.000 641121700
 7.38    5.57    66.248
 7.38 16.00   1.155   1.367
 7.38 16.00   2.522    70.286
 7.38 16.00   2.283   1.190   2.522   0.515
 7.38 16.00   2.285   1.183   2.522   0.508

 7.39  0.00   0.476   0.469   0.037   0.078   0.006   0.005   0.341   0.003   0.000   0.005   0.000 641990300
 7.39    5.57    66.230
 7.39 16.00   1.154   1.367
 7.39 16.00   2.521    70.275
 7.39 16.00   2.282   1.190   2.521   0.515
 7.39 16.00   2.284   1.183   2.521   0.508

 7.40  0.00   0.475   0.469   0.037   0.078   0.006   0.005   0.340   0.003   0.000   0.005   0.000 642859100
 7.40    5.57    66.212
 7.40 16.00   1.154   1.367
 7.40 16.00   2.521    70.264
 7.40 16.00   2.281   1.189   2.521   0.515
 7.40 16.00   2.283   1.183   2.521   0.507

 7.41  0.00   0.475   0.469   0.037   0.078   0.006   0.005   0.340   0.003   0.000   0.005   0.000 643727800
 7.41    5.57    66.194
 7.41 16.00   1.153   1.367
 7.41 16.00   2.520    70.253
 7.41 16.00   2.280   1.189   2.520   0.514
 7.41 16.00   2.282   1.182   2.520   0.507

 7.42  0.00   0.475   0.469   0.037   0.078   0.006   0.005   0.340   0.003   0.000   0.005   0.000 644596500
 7.42    5.57    66.176
 7.42 16.00   1.152   1.367
 7.42 16.00   2.519    70.243
 7.42 16.00   2.280   1.189   2.519   0.514
 7.42 16.00   2.282   1.182   2.519   0.507

 7.43  0.00   0.475   0.468   0.037   0.078   0.006   0.005   0.340   0.003   0.000   0.005   0.000 645465300
 7.43    5.56    66.158
 7.43 16.00   1.151   1.367
 7.43 16.00   2.518    70.232
 7.43 16.00   2.279   1.188   2.518   0.514
 7.43 16.00   2.281   1.182   2.518   0.507

 7.44  0.00   0.475   0.468   0.036   0.078   0.006   0.005   0.340   0.003   0.000   0.005   0.000 646334000
 7.44    5.56    66.140
 7.44 16.00   1.150   1.367
 7.44 16.00   2.518    70.221
 7.44 16.00   2.278   1.188   2.518   0.514
 7.44 16.00   2.280   1.181   2.518   0.507

 7.45  0.00   0.475   0.468   0.036   0.078   0.006   0.005   0.340   0.003   0.000   0.005   0.000 647202800
 7.45    5.56    66.122
 7.45 16.00   1.150   1.367
 7.45 16.00   2.517    70.210
 7.45 16.00   2.278   1.188   2.517   0.514
 7.45 16.00   2.280   1.181   2.517   0.507

 7.46  0.00   0.475   0.468   0.036   0.078   0.006   0.005   0.340   0.003   0.000   0.005   0.000 648071500
 7.46    5.56    66.104
 7.46 16.00   1.149   1.367
 7.46 16.00   2.516    70.199
 7.46 16.00   2.277   1.187   2.516   0.514
 7.46 16.00   2.279   1.180   2.516   0.507

 7.47  0.00   0.475   0.468   0.036   0.078   0.006   0.005   0.340   0.003   0.000   0.005   0.000 648940200
 7.47    5.56    66.087
 7.47 16.00   1.148   1.367
 7.47 16.00   2.515    70.188
 7.47 16.00   2.276   1.187   2.515   0.514
 7.47 16.00   2.278   1.180   2.515   0.506

 7.48  0.00   0.474   0.468   0.036   0.078   0.006   0.005   0.340   0.003   0.000   0.005   0.000 649809000
 7.48    5.56    66.069
 7.48 16.00   1.147   1.367
 7.48 16.00   2.514    70.178
 7.48 16.00   2.276   1.187   2.514   0.513
 7.48 16.00   2.278   1.180   2.514   0.506

 7.49  0.00   0.474   0.468   0.036   0.078   0.006   0.005   0.340   0.003   0.000   0.005   0.000 650677600
 7.49    5.55    66.052
 7.49 16.00   1.147   1.367
 7.49 16.00   2.514    70.167
 7.49 16.00   2.275   1.186   2.514   0.513
 7.49 16.00   2.277   1.179   2.514   0.506

 7.50  0.00   0.474   0.468   0.036   0.078   0.006   0.005   0.340   0.003   0.000   0.005   0.000 651546400
 7.50    5.55    66.034
 7.50 16.00   1.146   1.367
 7.50 16.00   2.513    70.156
 7.50 16.00   2.274   1.186   2.513   0.513
 7.50 16.00   2.276   1.179   2.513   0.506

 7.51  0.00   0.474   0.467   0.036   0.078   0.006   0.005   0.340   0.003   0.000   0.005   0.000 652415200
 7.51    5.55    66.016
 7.51 16.00   1.145   1.367
 7.51 16.00   2.512    70.145
 7.51 16.00   2.273   1.186   2.512   0.513
 7.51 16.00   2.275   1.179   2.512   0.506

 7.52  0.00   0.474   0.467   0.036   0.078   0.006   0.005   0.340   0.003   0.000   0.005   0.000 653283800
 7.52    5.55    65.999
 7.52 16.00   1.144   1.367
 7.52 16.00   2.511    70.135
 7.52 16.00   2.273   1.185   2.511   0.513
 7.52 16.00   2.275   1.178   2.511   0.506

 7.53  0.00   0.474   0.467   0.036   0.078   0.006   0.005   0.340   0.003   0.000   0.005   0.000 654152600
 7.53    5.55    65.981
 7.53 16.00   1.143   1.367
 7.53 16.00   2.511    70.124
 7.53 16.00   2.272   1.185   2.511   0.513
 7.53 16.00   2.274   1.178   2.511   0.506

 7.54  0.00   0.474   0.467   0.036   0.078   0.006   0.005   0.340   0.003   0.000   0.005   0.000 655021300
 7.54    5.55    65.964
 7.54 16.00   1.143   1.367
 7.54 16.00   2.510    70.113
 7.54 16.00   2.271   1.185   2.510   0.513
 7.54 16.00   2.273   1.178   2.510   0.505

 7.55  0.00   0.474   0.467   0.036   0.078   0.006   0.005   0.340   0.003   0.000   0.005   0.000 655890000
 7.55    5.54    65.947
 7.55 16.00   1.142   1.367
 7.55 16.00   2.509    70.103
 7.55 16.00   2.271   1.184   2.509   0.512
 7.55 16.00   2.273   1.177   2.509   0.505

 7.56  0.00   0.473   0.467   0.036   0.078   0.006   0.005   0.340   0.003   0.000   0.005   0.000 656758800
 7.56    5.54    65.929
 7.56 16.00   1.141   1.367
 7.56 16.00   2.508    70.092
 7.56 16.00   2.270   1.184   2.508   0.512
 7.56 16.00   2.272   1.177   2.508   0.505

 7.57  0.00   0.473   0.467   0.036   0.078   0.006   0.005   0.340   0.003   0.000   0.005   0.000 657627500
 7.57    5.54    65.912
 7.57 16.00   1.140   1.367
 7.57 16.00   2.508    70.082
 7.57 16.00   2.269   1.184   2.508   0.512
 7.57 16.00   2.271   1.177   2.508   0.505

 7.58  0.00   0.473   0.467   0.036   0.078   0.006   0.005   0.340   0.003   0.000   0.005   0.000 658496200
 7.58    5.54    65.895
 7.58 16.00   1.140   1.367
 7.58 16.00   2.507    70.071
 7.58 16.00   2.269   1.183   2.507   0.512
 7.58 16.00   2.271   1.176   2.507   0.505

 7.59  0.00   0.473   0.466   0.036   0.078   0.006   0.005   0.340   0.003   0.000   0.005   0.000 659364900
 7.59    5.54    65.878
 7.59 16.00   1.139   1.367
 7.59 16.00   2.506    70.061
 7.59 16.00   2.268   1.183   2.506   0.512
 7.59 16.00   2.270   1.176   2.506   0.505

 7.60  0.00   0.473   0.466   0.036   0.078   0.006   0.005   0.340   0.003   0.000   0.005   0.000 660233700
 7.60    5.53    65.860
 7.60 16.00   1.138   1.367
 7.60 16.00   2.505    70.050
 7.60 16.00   2.267   1.183   2.505   0.512
 7.60 16.00   2.269   1.176   2.505   0.505

 7.61  0.00   0.473   0.466   0.036   0.078   0.006   0.005   0.340   0.003   0.000   0.005   0.000 661102400
 7.61    5.53    65.843
 7.61 16.00   1.137   1.367
 7.61 16.00   2.505    70.039
 7.61 16.00   2.267   1.182   2.505   0.512
 7.61 16.00   2.269   1.175   2.505   0.504

 7.62  0.00   0.473   0.466   0.035   0.078   0.006   0.005   0.340   0.003   0.000   0.005   0.000 661971100
 7.62    5.53    65.826
 7.62 16.00   1.137   1.367
 7.62 16.00   2.504    70.029
 7.62 16.00   2.266   1.182   2.504   0.512
 7.62 16.00   2.268   1.175   2.504   0.504

 7.63  0.00   0.473   0.466   0.035   0.078   0.006   0.005   0.340   0.003   0.000   0.005   0.000 662839900
 7.63    5.53    65.809
 7.63 16.00   1.136   1.367
 7.63 16.00   2.503    70.019
 7.63 16.00   2.265   1.182   2.503   0.511
 7.63 16.00   2.267   1.175   2.503   0.504

 7.64  0.00   0.472   0.466   0.035   0.078   0.006   0.005   0.340   0.003   0.000   0.005   0.000 663708600
 7.64    5.53    65.792
 7.64 16.00   1.135   1.367
 7.64 16.00   2.502    70.008
 7.64 16.00   2.265   1.181   2.502   0.511
 7.64 16.00   2.266   1.174   2.502   0.504

 7.65  0.00   0.472   0.466   0.035   0.078   0.006   0.005   0.340   0.003   0.000   0.005   0.000 664577300
 7.65    5.53    65.775
 7.65 16.00   1.134   1.367
 7.65 16.00   2.502    69.998
 7.65 16.00   2.264   1.181   2.502   0.511
 7.65 16.00   2.266   1.174   2.502   0.504

 7.66  0.00   0.472   0.466   0.035   0.078   0.006   0.005   0.340   0.003   0.000   0.005   0.000 665446000
 7.66    5.52    65.758
 7.66 16.00   1.134   1.367
 7.66 16.00   2.501    69.987
 7.66 16.00   2.263   1.181   2.501   0.511
 7.66 16.00   2.265   1.174   2.501   0.504

 7.67  0.00   0.472   0.465   0.035   0.078   0.006   0.005   0.340   0.003   0.000   0.005   0.000 666314800
 7.67    5.52    65.742
 7.67 16.00   1.133   1.367
 7.67 16.00   2.500    69.977
 7.67 16.00   2.262   1.180   2.500   0.511
 7.67 16.00   2.264   1.173   2.500   0.504

 7.68  0.00   0.472   0.465   0.035   0.078   0.006   0.005   0.340   0.003   0.000   0.005   0.000 667183500
 7.68    5.52    65.725
 7.68 16.00   1.132   1.367
 7.68 16.00   2.499    69.967
 7.68 16.00   2.262   1.180   2.499   0.511
 7.68 16.00   2.264   1.173   2.499   0.504

 7.69  0.00   0.472   0.465   0.035   0.078   0.006   0.005   0.340   0.003   0.000   0.005   0.000 668052200
 7.69    5.52    65.708
 7.69 16.00   1.131   1.367
 7.69 16.00   2.499    69.956
 7.69 16.00   2.261   1.180   2.499   0.511
 7.69 16.00   2.263   1.173   2.499   0.503

 7.70  0.00   0.472   0.465   0.035   0.078   0.006   0.005   0.340   0.003   0.000   0.005   0.000 668921000
 7.70    5.52    65.691
 7.70 16.00   1.131   1.367
 7.70 16.00   2.498    69.946
 7.70 16.00   2.260   1.179   2.498   0.510
 7.70 16.00   2.262   1.172   2.498   0.503

 7.71  0.00   0.472   0.465   0.035   0.078   0.006   0.005   0.340   0.003   0.000   0.005   0.000 669789700
 7.71    5.52    65.675
 7.71 16.00   1.130   1.367
 7.71 16.00   2.497    69.936
 7.71 16.00   2.260   1.179   2.497   0.510
 7.71 16.00   2.262   1.172   2.497   0.503

 7.72  0.00   0.471   0.465   0.035   0.078   0.006   0.005   0.340   0.003   0.000   0.005   0.000 670658400
 7.72    5.51    65.658
 7.72 16.00   1.129   1.367
 7.72 16.00   2.496    69.925
 7.72 16.00   2.259   1.179   2.496   0.510
 7.72 16.00   2.261   1.172   2.496   0.503

 7.73  0.00   0.471   0.465   0.035   0.078   0.006   0.005   0.340   0.003   0.000   0.005   0.000 671527200
 7.73    5.51    65.641
 7.73 16.00   1.129   1.367
 7.73 16.00   2.496    69.915
 7.73 16.00   2.258   1.178   2.496   0.510
 7.73 16.00   2.260   1.171   2.496   0.503

 7.74  0.00   0.471   0.465   0.035   0.078   0.006   0.005   0.340   0.003   0.000   0.005   0.000 672395800
 7.74    5.51    65.625
 7.74 16.00   1.128   1.367
 7.74 16.00   2.495    69.905
 7.74 16.00   2.258   1.178   2.495   0.510
 7.74 16.00   2.260   1.171   2.495   0.503

 7.75  0.00   0.471   0.464   0.035   0.078   0.006   0.005   0.339   0.003   0.000   0.005   0.000 673264600
 7.75    5.51    65.608
 7.75 16.00   1.127   1.367
 7.75 16.00   2.494    69.895
 7.75 16.00   2.257   1.178   2.494   0.510
 7.75 16.00   2.259   1.171   2.494   0.503

 7.76  0.00   0.471   0.464   0.035   0.078   0.006   0.005   0.339   0.003   0.000   0.005   0.000 674133400
 7.76    5.51    65.592
 7.76 16.00   1.126   1.367
 7.76 16.00   2.494    69.884
 7.76 16.00   2.256   1.177   2.494   0.510
 7.76 16.00   2.258   1.170   2.494   0.502

 7.77  0.00   0.471   0.464   0.035   0.078   0.006   0.005   0.339   0.003   0.000   0.005   0.000 675002000
 7.77    5.51    65.575
 7.77 16.00   1.126   1.367
 7.77 16.00   2.493    69.874
 7.77 16.00   2.256   1.177   2.493   0.510
 7.77 16.00   2.258   1.170   2.493   0.502

 7.78  0.00   0.471   0.464   0.035   0.078   0.006   0.005   0.339   0.003   0.000   0.005   0.000 675870800
 7.78    5.51    65.559
 7.78 16.00   1.125   1.367
 7.78 16.00   2.492    69.864
 7.78 16.00   2.255   1.177   2.492   0.509
 7.78 16.00   2.257   1.170   2.492   0.502

 7.79  0.00   0.471   0.464   0.035   0.078   0.006   0.005   0.339   0.003   0.000   0.005   0.000 676739500
 7.79    5.50    65.543
 7.79 16.00   1.124   1.367
 7.79 16.00   2.491    69.854
 7.79 16.00   2.255   1.176   2.491   0.509
 7.79 16.00   2.256   1.169   2.491   0.502

 7.80  0.00   0.470   0.464   0.035   0.078   0.006   0.005   0.339   0.003   0.000   0.005   0.000 677608300
 7.80    5.50    65.526
 7.80 16.00   1.124   1.367
 7.80 16.00   2.491    69.844
 7.80 16.00   2.254   1.176   2.491   0.509
 7.80 16.00   2.256   1.169   2.491   0.502

 7.81  0.00   0.470   0.464   0.034   0.078   0.006   0.005   0.339   0.003   0.000   0.005   0.000 678477000
 7.81    5.50    65.510
 7.81 16.00   1.123   1.367
 7.81 16.00   2.490    69.834
 7.81 16.00   2.253   1.176   2.490   0.509
 7.81 16.00   2.255   1.169   2.490   0.502

 7.82  0.00   0.470   0.464   0.034   0.078   0.005   0.005   0.339   0.003   0.000   0.005   0.000 679345700
 7.82    5.50    65.494
 7.82 16.00   1.122   1.367
 7.82 16.00   2.489    69.824
 7.82 16.00   2.253   1.175   2.489   0.509
 7.82 16.00   2.255   1.168   2.489   0.502

 7.83  0.00   0.470   0.463   0.034   0.078   0.005   0.005   0.339   0.003   0.000   0.005   0.000 680214400
 7.83    5.50    65.477
 7.83 16.00   1.121   1.367
 7.83 16.00   2.489    69.813
 7.83 16.00   2.252   1.175   2.489   0.509
 7.83 16.00   2.254   1.168   2.489   0.502

 7.84  0.00   0.470   0.463   0.034   0.078   0.005   0.005   0.339   0.003   0.000   0.005   0.000 681083200
 7.84    5.50    65.461
 7.84 16.00   1.121   1.367
 7.84 16.00   2.488    69.803
 7.84 16.00   2.251   1.175   2.488   0.509
 7.84 16.00   2.253   1.168   2.488   0.501

 7.85  0.00   0.470   0.463   0.034   0.078   0.005   0.005   0.339   0.003   0.000   0.005   0.000 681951900
 7.85    5.49    65.445
 7.85 16.00   1.120   1.367
 7.85 16.00   2.487    69.793
 7.85 16.00   2.251   1.174   2.487   0.508
 7.85 16.00   2.253   1.167   2.487   0.501

 7.86  0.00   0.470   0.463   0.034   0.078   0.005   0.005   0.339   0.003   0.000   0.005   0.000 682820600
 7.86    5.49    65.429
 7.86 16.00   1.119   1.367
 7.86 16.00   2.486    69.783
 7.86 16.00   2.250   1.174   2.486   0.508
 7.86 16.00   2.252   1.167   2.486   0.501

 7.87  0.00   0.470   0.463   0.034   0.078   0.005   0.005   0.339   0.003   0.000   0.005   0.000 683689300
 7.87    5.49    65.413
 7.87 16.00   1.119   1.367
 7.87 16.00   2.486    69.773
 7.87 16.00   2.249   1.174   2.486   0.508
 7.87 16.00   2.251   1.167   2.486   0.501

 7.88  0.00   0.470   0.463   0.034   0.078   0.005   0.005   0.339   0.003   0.000   0.005   0.000 684558100
 7.88    5.49    65.397
 7.88 16.00   1.118   1.367
 7.88 16.00   2.485    69.763
 7.88 16.00   2.249   1.173   2.485   0.508
 7.88 16.00   2.251   1.166   2.485   0.501

 7.89  0.00   0.469   0.463   0.034   0.078   0.005   0.005   0.339   0.003   0.000   0.005   0.000 685426800
 7.89    5.49    65.381
 7.89 16.00   1.117   1.367
 7.89 16.00   2.484    69.753
 7.89 16.00   2.248   1.173   2.484   0.508
 7.89 16.00   2.250   1.166   2.484   0.501

 7.90  0.00   0.469   0.463   0.034   0.078   0.005   0.005   0.339   0.003   0.000   0.005   0.000 686295600
 7.90    5.49    65.365
 7.90 16.00   1.116   1.367
 7.90 16.00   2.484    69.744
 7.90 16.00   2.247   1.173   2.484   0.508
 7.90 16.00   2.249   1.166   2.484   0.501

 7.91  0.00   0.469   0.463   0.034   0.078   0.005   0.005   0.339   0.003   0.000   0.005   0.000 687164200
 7.91    5.49    65.349
 7.91 16.00   1.116   1.367
 7.91 16.00   2.483    69.734
 7.91 16.00   2.247   1.172   2.483   0.508
 7.91 16.00   2.249   1.166   2.483   0.501

 7.92  0.00   0.469   0.462   0.034   0.078   0.005   0.005   0.339   0.003   0.000   0.005   0.000 688033000
 7.92    5.48    65.333
 7.92 16.00   1.115   1.367
 7.92 16.00   2.482    69.724
 7.92 16.00   2.246   1.172   2.482   0.508
 7.92 16.00   2.248   1.165   2.482   0.500

 7.93  0.00   0.469   0.462   0.034   0.078   0.005   0.005   0.339   0.003   0.000   0.005   0.000 688901700
 7.93    5.48    65.318
 7.93 16.00   1.114   1.367
 7.93 16.00   2.481    69.714
 7.93 16.00   2.245   1.172   2.481   0.507
 7.93 16.00   2.247   1.165   2.481   0.500

 7.94  0.00   0.469   0.462   0.034   0.078   0.005   0.005   0.339   0.003   0.000   0.005   0.000 689770400
 7.94    5.48    65.302
 7.94 16.00   1.114   1.367
 7.94 16.00   2.481    69.704
 7.94 16.00   2.245   1.171   2.481   0.507
 7.94 16.00   2.247   1.165   2.481   0.500

 7.95  0.00   0.469   0.462   0.034   0.078   0.005   0.005   0.339   0.003   0.000   0.005   0.000 690639200
 7.95    5.48    65.286
 7.95 16.00   1.113   1.367
 7.95 16.00   2.480    69.694
 7.95 16.00   2.244   1.171   2.480   0.507
 7.95 16.00   2.246   1.164   2.480   0.500

 7.96  0.00   0.469   0.462   0.034   0.078   0.005   0.005   0.339   0.003   0.000   0.005   0.000 691507900
 7.96    5.48    65.271
 7.96 16.00   1.112   1.367
 7.96 16.00   2.479    69.684
 7.96 16.00   2.244   1.171   2.479   0.507
 7.96 16.00   2.246   1.164   2.479   0.500

 7.97  0.00   0.468   0.462   0.034   0.078   0.005   0.005   0.339   0.003   0.000   0.005   0.000 692376600
 7.97    5.48    65.255
 7.97 16.00   1.112   1.367
 7.97 16.00   2.479    69.674
 7.97 16.00   2.243   1.171   2.479   0.507
 7.97 16.00   2.245   1.164   2.479   0.500

 7.98  0.00   0.468   0.462   0.034   0.078   0.005   0.005   0.339   0.003   0.000   0.005   0.000 693245400
 7.98    5.48    65.239
 7.98 16.00   1.111   1.367
 7.98 16.00   2.478    69.665
 7.98 16.00   2.242   1.170   2.478   0.507
 7.98 16.00   2.244   1.163   2.478   0.500

 7.99  0.00   0.468   0.462   0.034   0.078   0.005   0.005   0.339   0.003   0.000   0.005   0.000 694114000
 7.99    5.47    65.224
 7.99 16.00   1.110   1.367
 7.99 16.00   2.477    69.655
 7.99 16.00   2.242   1.170   2.477   0.507
 7.99 16.00   2.244   1.163   2.477   0.500

 8.00  0.00   0.468   0.462   0.034   0.078   0.005   0.005   0.339   0.003   0.000   0.005   0.000 694982800
 8.00    5.47    65.208
 8.00 16.00   1.109   1.367
 8.00 16.00   2.477    69.645
 8.00 16.00   2.241   1.170   2.477   0.507
 8.00 16.00   2.243   1.163   2.477   0.499

 8.01  0.00   0.468   0.461   0.033   0.078   0.005   0.005   0.339   0.003   0.000   0.005   0.000 695851600
 8.01    5.47    65.193
 8.01 16.00   1.109   1.367
 8.01 16.00   2.476    69.635
 8.01 16.00   2.240   1.169   2.476   0.506
 8.01 16.00   2.242   1.162   2.476   0.499

 8.02  0.00   0.468   0.461   0.033   0.078   0.005   0.005   0.339   0.003   0.000   0.005   0.000 696720300
 8.02    5.47    65.177
 8.02 16.00   1.108   1.367
 8.02 16.00   2.475    69.626
 8.02 16.00   2.240   1.169   2.475   0.506
 8.02 16.00   2.242   1.162   2.475   0.499

 8.03  0.00   0.468   0.461   0.033   0.078   0.005   0.005   0.339   0.003   0.000   0.005   0.000 697589000
 8.03    5.47    65.162
 8.03 16.00   1.107   1.367
 8.03 16.00   2.475    69.616
 8.03 16.00   2.239   1.169   2.475   0.506
 8.03 16.00   2.241   1.162   2.475   0.499

 8.04  0.00   0.468   0.461   0.033   0.078   0.005   0.005   0.339   0.003   0.000   0.005   0.000 698457700
 8.04    5.47    65.147
 8.04 16.00   1.107   1.367
 8.04 16.00   2.474    69.606
 8.04 16.00   2.239   1.168   2.474   0.506
 8.04 16.00   2.241   1.162   2.474   0.499

 8.05  0.00   0.468   0.461   0.033   0.078   0.005   0.005   0.339   0.003   0.000   0.005   0.000 699326500
 8.05    5.47    65.131
 8.05 16.00   1.106   1.367
 8.05 16.00   2.473    69.597
 8.05 16.00   2.238   1.168   2.473   0.506
 8.05 16.00   2.240   1.161   2.473   0.499

 8.06  0.00   0.467   0.461   0.033   0.078   0.005   0.005   0.339   0.003   0.000   0.005   0.000 700195200
 8.06    5.46    65.116
 8.06 16.00   1.105   1.367
 8.06 16.00   2.473    69.587
 8.06 16.00   2.237   1.168   2.473   0.506
 8.06 16.00   2.239   1.161   2.473   0.499

 8.07  0.00   0.467   0.461   0.033   0.078   0.005   0.005   0.339   0.003   0.000   0.005   0.000 701063900
 8.07    5.46    65.101
 8.07 16.00   1.105   1.367
 8.07 16.00   2.472    69.577
 8.07 16.00   2.237   1.168   2.472   0.506
 8.07 16.00   2.239   1.161   2.472   0.499

 8.08  0.00   0.467   0.461   0.033   0.078   0.005   0.005   0.339   0.003   0.000   0.005   0.000 701932600
 8.08    5.46    65.085
 8.08 16.00   1.104   1.367
 8.08 16.00   2.471    69.568
 8.08 16.00   2.236   1.167   2.471   0.506
 8.08 16.00   2.238   1.160   2.471   0.498

 8.09  0.00   0.467   0.460   0.033   0.078   0.005   0.005   0.339   0.003   0.000   0.005   0.000 702801400
 8.09    5.46    65.070
 8.09 16.00   1.103   1.367
 8.09 16.00   2.470    69.558
 8.09 16.00   2.235   1.167   2.470   0.506
 8.09 16.00   2.237   1.160   2.470   0.498

 8.10  0.00   0.467   0.460   0.033   0.078   0.005   0.005   0.339   0.003   0.000   0.005   0.000 703670100
 8.10    5.46    65.055
 8.10 16.00   1.103   1.367
 8.10 16.00   2.470    69.549
 8.10 16.00   2.235   1.167   2.470   0.505
 8.10 16.00   2.237   1.160   2.470   0.498

 8.11  0.00   0.467   0.460   0.033   0.078   0.005   0.005   0.339   0.003   0.000   0.005   0.000 704538800
 8.11    5.46    65.040
 8.11 16.00   1.102   1.367
 8.11 16.00   2.469    69.539
 8.11 16.00   2.234   1.166   2.469   0.505
 8.11 16.00   2.236   1.159   2.469   0.498

 8.12  0.00   0.467   0.460   0.033   0.078   0.005   0.005   0.339   0.003   0.000   0.005   0.000 705407600
 8.12    5.46    65.025
 8.12 16.00   1.101   1.367
 8.12 16.00   2.468    69.530
 8.12 16.00   2.234   1.166   2.468   0.505
 8.12 16.00   2.236   1.159   2.468   0.498

 8.13  0.00   0.467   0.460   0.033   0.078   0.005   0.005   0.338   0.003   0.000   0.005   0.000 706276300
 8.13    5.46    65.010
 8.13 16.00   1.101   1.367
 8.13 16.00   2.468    69.520
 8.13 16.00   2.233   1.166   2.468   0.505
 8.13 16.00   2.235   1.159   2.468   0.498

 8.14  0.00   0.467   0.460   0.033   0.078   0.005   0.005   0.338   0.003   0.000   0.005   0.000 707145000
 8.14    5.45    64.995
 8.14 16.00   1.100   1.367
 8.14 16.00   2.467    69.511
 8.14 16.00   2.232   1.165   2.467   0.505
 8.14 16.00   2.234   1.159   2.467   0.498

 8.15  0.00   0.466   0.460   0.033   0.078   0.005   0.005   0.338   0.003   0.000   0.005   0.000 708013700
 8.15    5.45    64.980
 8.15 16.00   1.099   1.367
 8.15 16.00   2.466    69.501
 8.15 16.00   2.232   1.165   2.466   0.505
 8.15 16.00   2.234   1.158   2.466   0.498

 8.16  0.00   0.466   0.460   0.033   0.078   0.005   0.005   0.338   0.003   0.000   0.005   0.000 708882400
 8.16    5.45    64.965
 8.16 16.00   1.099   1.367
 8.16 16.00   2.466    69.492
 8.16 16.00   2.231   1.165   2.466   0.505
 8.16 16.00   2.233   1.158   2.466   0.498

 8.17  0.00   0.466   0.460   0.033   0.078   0.005   0.005   0.338   0.003   0.000   0.005   0.000 709751200
 8.17    5.45    64.950
 8.17 16.00   1.098   1.367
 8.17 16.00   2.465    69.482
 8.17 16.00   2.231   1.165   2.465   0.505
 8.17 16.00   2.233   1.158   2.465   0.497

 8.18  0.00   0.466   0.460   0.033   0.078   0.005   0.005   0.338   0.003   0.000   0.005   0.000 710620000
 8.18    5.45    64.936
 8.18 16.00   1.097   1.367
 8.18 16.00   2.464    69.473
 8.18 16.00   2.230   1.164   2.464   0.504
 8.18 16.00   2.232   1.157   2.464   0.497

 8.19  0.00   0.466   0.459   0.033   0.078   0.005   0.005   0.338   0.003   0.000   0.005   0.000 711488600
 8.19    5.45    64.921
 8.19 16.00   1.097   1.367
 8.19 16.00   2.464    69.463
 8.19 16.00   2.229   1.164   2.464   0.504
 8.19 16.00   2.231   1.157   2.464   0.497

 8.20  0.00   0.466   0.459   0.033   0.078   0.005   0.005   0.338   0.003   0.000   0.005   0.000 712357400
 8.20    5.45    64.906
 8.20 16.00   1.096   1.367
 8.20 16.00   2.463    69.454
 8.20 16.00   2.229   1.164   2.463   0.504
 8.20 16.00   2.231   1.157   2.463   0.497

 8.21  0.00   0.466   0.459   0.033   0.078   0.005   0.005   0.338   0.003   0.000   0.005   0.000 713226100
 8.21    5.45    64.891
 8.21 16.00   1.095   1.367
 8.21 16.00   2.463    69.445
 8.21 16.00   2.228   1.163   2.463   0.504
 8.21 16.00   2.230   1.156   2.463   0.497

 8.22  0.00   0.466   0.459   0.032   0.078   0.005   0.005   0.338   0.003   0.000   0.005   0.000 714094800
 8.22    5.44    64.877
 8.22 16.00   1.095   1.367
 8.22 16.00   2.462    69.435
 8.22 16.00   2.228   1.163   2.462   0.504
 8.22 16.00   2.230   1.156   2.462   0.497

 8.23  0.00   0.466   0.459   0.032   0.078   0.005   0.005   0.338   0.003   0.000   0.005   0.000 714963500
 8.23    5.44    64.862
 8.23 16.00   1.094   1.367
 8.23 16.00   2.461    69.426
 8.23 16.00   2.227   1.163   2.461   0.504
 8.23 16.00   2.229   1.156   2.461   0.497

 8.24  0.00   0.465   0.459   0.032   0.078   0.005   0.005   0.338   0.003   0.000   0.005   0.000 715832300
 8.24    5.44    64.848
 8.24 16.00   1.093   1.367
 8.24 16.00   2.461    69.417
 8.24 16.00   2.226   1.162   2.461   0.504
 8.24 16.00   2.228   1.156   2.461   0.497

 8.25  0.00   0.465   0.459   0.032   0.078   0.005   0.005   0.338   0.003   0.000   0.005   0.000 716701100
 8.25    5.44    64.833
 8.25 16.00   1.093   1.367
 8.25 16.00   2.460    69.407
 8.25 16.00   2.226   1.162   2.460   0.504
 8.25 16.00   2.228   1.155   2.460   0.496

 8.26  0.00   0.465   0.459   0.032   0.078   0.005   0.005   0.338   0.003   0.000   0.005   0.000 717569800
 8.26    5.44    64.819
 8.26 16.00   1.092   1.367
 8.26 16.00   2.459    69.398
 8.26 16.00   2.225   1.162   2.459   0.504
 8.26 16.00   2.227   1.155   2.459   0.496

 8.27  0.00   0.465   0.459   0.032   0.078   0.005   0.005   0.338   0.003   0.000   0.005   0.000 718438500
 8.27    5.44    64.804
 8.27 16.00   1.091   1.367
 8.27 16.00   2.459    69.389
 8.27 16.00   2.225   1.162   2.459   0.503
 8.27 16.00   2.227   1.155   2.459   0.496

 8.28  0.00   0.465   0.458   0.032   0.078   0.005   0.005   0.338   0.003   0.000   0.005   0.000 719307200
 8.28    5.44    64.790
 8.28 16.00   1.091   1.367
 8.28 16.00   2.458    69.379
 8.28 16.00   2.224   1.161   2.458   0.503
 8.28 16.00   2.226   1.154   2.458   0.496

 8.29  0.00   0.465   0.458   0.032   0.078   0.005   0.005   0.338   0.003   0.000   0.005   0.000 720175900
 8.29    5.44    64.775
 8.29 16.00   1.090   1.367
 8.29 16.00   2.457    69.370
 8.29 16.00   2.223   1.161   2.457   0.503
 8.29 16.00   2.225   1.154   2.457   0.496

 8.30  0.00   0.465   0.458   0.032   0.078   0.005   0.005   0.338   0.003   0.000   0.005   0.000 721044700
 8.30    5.43    64.761
 8.30 16.00   1.089   1.367
 8.30 16.00   2.457    69.361
 8.30 16.00   2.223   1.161   2.457   0.503
 8.30 16.00   2.225   1.154   2.457   0.496

 8.31  0.00   0.465   0.458   0.032   0.078   0.005   0.005   0.338   0.003   0.000   0.005   0.000 721913400
 8.31    5.43    64.747
 8.31 16.00   1.089   1.367
 8.31 16.00   2.456    69.352
 8.31 16.00   2.222   1.160   2.456   0.503
 8.31 16.00   2.224   1.154   2.456   0.496

 8.32  0.00   0.465   0.458   0.032   0.078   0.005   0.005   0.338   0.003   0.000   0.005   0.000 722782100
 8.32    5.43    64.732
 8.32 16.00   1.088   1.367
 8.32 16.00   2.455    69.343
 8.32 16.00   2.222   1.160   2.455   0.503
 8.32 16.00   2.224   1.153   2.455   0.496

 8.33  0.00   0.465   0.458   0.032   0.078   0.005   0.005   0.338   0.003   0.000   0.005   0.000 723650900
 8.33    5.43    64.718
 8.33 16.00   1.088   1.367
 8.33 16.00   2.455    69.333
 8.33 16.00   2.221   1.160   2.455   0.503
 8.33 16.00   2.223   1.153   2.455   0.496

 8.34  0.00   0.464   0.458   0.032   0.078   0.005   0.005   0.338   0.003   0.000   0.005   0.000 724519600
 8.34    5.43    64.704
 8.34 16.00   1.087   1.367
 8.34 16.00   2.454    69.324
 8.34 16.00   2.220   1.160   2.454   0.503
 8.34 16.00   2.222   1.153   2.454   0.495

 8.35  0.00   0.464   0.458   0.032   0.078   0.005   0.005   0.338   0.003   0.000   0.005   0.000 725388400
 8.35    5.43    64.690
 8.35 16.00   1.086   1.367
 8.35 16.00   2.453    69.315
 8.35 16.00   2.220   1.159   2.453   0.503
 8.35 16.00   2.222   1.152   2.453   0.495

 8.36  0.00   0.464   0.458   0.032   0.078   0.005   0.005   0.338   0.003   0.000   0.005   0.000 726257000
 8.36    5.43    64.676
 8.36 16.00   1.086   1.367
 8.36 16.00   2.453    69.306
 8.36 16.00   2.219   1.159   2.453   0.502
 8.36 16.00   2.221   1.152   2.453   0.495

 8.37  0.00   0.464   0.457   0.032   0.077   0.005   0.005   0.338   0.003   0.000   0.005   0.000 727125800
 8.37    5.43    64.662
 8.37 16.00   1.085   1.367
 8.37 16.00   2.452    69.297
 8.37 16.00   2.219   1.159   2.452   0.502
 8.37 16.00   2.221   1.152   2.452   0.495

 8.38  0.00   0.464   0.457   0.032   0.077   0.005   0.005   0.338   0.003   0.000   0.005   0.000 727994500
 8.38    5.43    64.648
 8.38 16.00   1.084   1.367
 8.38 16.00   2.452    69.288
 8.38 16.00   2.218   1.158   2.452   0.502
 8.38 16.00   2.220   1.152   2.452   0.495

 8.39  0.00   0.464   0.457   0.032   0.077   0.005   0.005   0.338   0.003   0.000   0.005   0.000 728863200
 8.39    5.42    64.634
 8.39 16.00   1.084   1.367
 8.39 16.00   2.451    69.279
 8.39 16.00   2.218   1.158   2.451   0.502
 8.39 16.00   2.220   1.151   2.451   0.495

 8.40  0.00   0.464   0.457   0.032   0.077   0.005   0.005   0.338   0.003   0.000   0.005   0.000 729731900
 8.40    5.42    64.620
 8.40 16.00   1.083   1.367
 8.40 16.00   2.450    69.270
 8.40 16.00   2.217   1.158   2.450   0.502
 8.40 16.00   2.219   1.151   2.450   0.495

 8.41  0.00   0.464   0.457   0.032   0.077   0.005   0.005   0.338   0.003   0.000   0.005   0.000 730600600
 8.41    5.42    64.606
 8.41 16.00   1.082   1.367
 8.41 16.00   2.450    69.261
 8.41 16.00   2.216   1.158   2.450   0.502
 8.41 16.00   2.218   1.151   2.450   0.495

 8.42  0.00   0.464   0.457   0.032   0.077   0.005   0.005   0.338   0.003   0.000   0.005   0.000 731469400
 8.42    5.42    64.592
 8.42 16.00   1.082   1.367
 8.42 16.00   2.449    69.252
 8.42 16.00   2.216   1.157   2.449   0.502
 8.42 16.00   2.218   1.150   2.449   0.495

 8.43  0.00   0.463   0.457   0.032   0.077   0.005   0.004   0.338   0.003   0.000   0.005   0.000 732338200
 8.43    5.42    64.578
 8.43 16.00   1.081   1.367
 8.43 16.00   2.448    69.243
 8.43 16.00   2.215   1.157   2.448   0.502
 8.43 16.00   2.217   1.150   2.448   0.494

 8.44  0.00   0.463   0.457   0.031   0.077   0.005   0.004   0.338   0.003   0.000   0.005   0.000 733206800
 8.44    5.42    64.564
 8.44 16.00   1.081   1.367
 8.44 16.00   2.448    69.234
 8.44 16.00   2.215   1.157   2.448   0.501
 8.44 16.00   2.217   1.150   2.448   0.494

 8.45  0.00   0.463   0.457   0.031   0.077   0.005   0.004   0.338   0.003   0.000   0.005   0.000 734075600
 8.45    5.42    64.550
 8.45 16.00   1.080   1.367
 8.45 16.00   2.447    69.225
 8.45 16.00   2.214   1.156   2.447   0.501
 8.45 16.00   2.216   1.150   2.447   0.494

 8.46  0.00   0.463   0.457   0.031   0.077   0.005   0.004   0.338   0.003   0.000   0.005   0.000 734944300
 8.46    5.42    64.537
 8.46 16.00   1.079   1.367
 8.46 16.00   2.447    69.216
 8.46 16.00   2.214   1.156   2.447   0.501
 8.46 16.00   2.216   1.149   2.447   0.494

 8.47  0.00   0.463   0.456   0.031   0.077   0.005   0.004   0.338   0.003   0.000   0.005   0.000 735813100
 8.47    5.42    64.523
 8.47 16.00   1.079   1.367
 8.47 16.00   2.446    69.207
 8.47 16.00   2.213   1.156   2.446   0.501
 8.47 16.00   2.215   1.149   2.446   0.494

 8.48  0.00   0.463   0.456   0.031   0.077   0.005   0.004   0.338   0.003   0.000   0.005   0.000 736681700
 8.48    5.42    64.509
 8.48 16.00   1.078   1.367
 8.48 16.00   2.445    69.198
 8.48 16.00   2.212   1.156   2.445   0.501
 8.48 16.00   2.214   1.149   2.445   0.494

 8.49  0.00   0.463   0.456   0.031   0.077   0.005   0.004   0.338   0.003   0.000   0.005   0.000 737550500
 8.49    5.41    64.496
 8.49 16.00   1.077   1.367
 8.49 16.00   2.445    69.189
 8.49 16.00   2.212   1.155   2.445   0.501
 8.49 16.00   2.214   1.148   2.445   0.494

 8.50  0.00   0.463   0.456   0.031   0.077   0.005   0.004   0.338   0.003   0.000   0.005   0.000 738419300
 8.50    5.41    64.482
 8.50 16.00   1.077   1.367
 8.50 16.00   2.444    69.180
 8.50 16.00   2.211   1.155   2.444   0.501
 8.50 16.00   2.213   1.148   2.444   0.494

 8.51  0.00   0.463   0.456   0.031   0.077   0.005   0.004   0.338   0.003   0.000   0.005   0.000 739288000
 8.51    5.41    64.469
 8.51 16.00   1.076   1.367
 8.51 16.00   2.443    69.171
 8.51 16.00   2.211   1.155   2.443   0.501
 8.51 16.00   2.213   1.148   2.443   0.494

 8.52  0.00   0.463   0.456   0.031   0.077   0.005   0.004   0.338   0.003   0.000   0.005   0.000 740156700
 8.52    5.41    64.455
 8.52 16.00   1.076   1.367
 8.52 16.00   2.443    69.162
 8.52 16.00   2.210   1.155   2.443   0.501
 8.52 16.00   2.212   1.148   2.443   0.493

 8.53  0.00   0.462   0.456   0.031   0.077   0.005   0.004   0.338   0.003   0.000   0.005   0.000 741025400
 8.53    5.41    64.442
 8.53 16.00   1.075   1.367
 8.53 16.00   2.442    69.153
 8.53 16.00   2.210   1.154   2.442   0.501
 8.53 16.00   2.212   1.147   2.442   0.493

 8.54  0.00   0.462   0.456   0.031   0.077   0.005   0.004   0.337   0.003   0.000   0.005   0.000 741894100
 8.54    5.41    64.428
 8.54 16.00   1.074   1.367
 8.54 16.00   2.442    69.145
 8.54 16.00   2.209   1.154   2.442   0.500
 8.54 16.00   2.211   1.147   2.442   0.493

 8.55  0.00   0.462   0.456   0.031   0.077   0.005   0.004   0.337   0.003   0.000   0.005   0.000 742762900
 8.55    5.41    64.415
 8.55 16.00   1.074   1.367
 8.55 16.00   2.441    69.136
 8.55 16.00   2.208   1.154   2.441   0.500
 8.55 16.00   2.210   1.147   2.441   0.493

 8.56  0.00   0.462   0.456   0.031   0.077   0.005   0.004   0.337   0.003   0.000   0.005   0.000 743631700
 8.56    5.41    64.401
 8.56 16.00   1.073   1.367
 8.56 16.00   2.440    69.127
 8.56 16.00   2.208   1.153   2.440   0.500
 8.56 16.00   2.210   1.147   2.440   0.493

 8.57  0.00   0.462   0.455   0.031   0.077   0.005   0.004   0.337   0.003   0.000   0.005   0.000 744500300
 8.57    5.41    64.388
 8.57 16.00   1.073   1.367
 8.57 16.00   2.440    69.118
 8.57 16.00   2.207   1.153   2.440   0.500
 8.57 16.00   2.209   1.146   2.440   0.493

 8.58  0.00   0.462   0.455   0.031   0.077   0.005   0.004   0.337   0.003   0.000   0.005   0.000 745369100
 8.58    5.41    64.375
 8.58 16.00   1.072   1.367
 8.58 16.00   2.439    69.109
 8.58 16.00   2.207   1.153   2.439   0.500
 8.58 16.00   2.209   1.146   2.439   0.493

 8.59  0.00   0.462   0.455   0.031   0.077   0.005   0.004   0.337   0.003   0.000   0.005   0.000 746237800
 8.59    5.40    64.361
 8.59 16.00   1.071   1.367
 8.59 16.00   2.439    69.101
 8.59 16.00   2.206   1.153   2.439   0.500
 8.59 16.00   2.208   1.146   2.439   0.493

 8.60  0.00   0.462   0.455   0.031   0.077   0.005   0.004   0.337   0.003   0.000   0.005   0.000 747106600
 8.60    5.40    64.348
 8.60 16.00   1.071   1.367
 8.60 16.00   2.438    69.092
 8.60 16.00   2.206   1.152   2.438   0.500
 8.60 16.00   2.208   1.145   2.438   0.493

 8.61  0.00   0.462   0.455   0.031   0.077   0.005   0.004   0.337   0.003   0.000   0.005   0.000 747975200
 8.61    5.40    64.329
 8.61 16.00   1.070   1.367
 8.61 16.00   2.437    69.083
 8.61 16.00   2.205   1.152   2.437   0.500
 8.61 16.00   2.207   1.145   2.437   0.492

 8.62  0.00   0.462   0.455   0.031   0.077   0.005   0.004   0.337   0.003   0.000   0.005   0.000 748844000
 8.62    5.40    64.314
 8.62 16.00   1.070   1.367
 8.62 16.00   2.437    69.075
 8.62 16.00   2.205   1.152   2.437   0.500
 8.62 16.00   2.207   1.145   2.437   0.492

 8.63  0.00   0.462   0.455   0.031   0.077   0.005   0.004   0.337   0.003   0.000   0.005   0.000 749712700
 8.63    5.40    64.298
 8.63 16.00   1.069   1.367
 8.63 16.00   2.436    69.066
 8.63 16.00   2.204   1.152   2.436   0.499
 8.63 16.00   2.206   1.145   2.436   0.492

 8.64  0.00   0.461   0.455   0.031   0.077   0.005   0.004   0.337   0.003   0.000   0.004   0.000 750581400
 8.64    5.39    64.282
 8.64 16.00   1.068   1.367
 8.64 16.00   2.435    69.057
 8.64 16.00   2.204   1.151   2.435   0.499
 8.64 16.00   2.205   1.144   2.435   0.492

 8.65  0.00   0.461   0.455   0.031   0.077   0.005   0.004   0.337   0.003   0.000   0.004   0.000 751450100
 8.65    5.39    64.266
 8.65 16.00   1.068   1.367
 8.65 16.00   2.435    69.049
 8.65 16.00   2.203   1.151   2.435   0.499
 8.65 16.00   2.205   1.144   2.435   0.492

 8.66  0.00   0.461   0.455   0.031   0.077   0.005   0.004   0.337   0.003   0.000   0.004   0.000 752318900
 8.66    5.39    64.250
 8.66 16.00   1.067   1.367
 8.66 16.00   2.434    69.040
 8.66 16.00   2.202   1.151   2.434   0.499
 8.66 16.00   2.204   1.144   2.434   0.492

 8.67  0.00   0.461   0.454   0.030   0.077   0.005   0.004   0.337   0.003   0.000   0.004   0.000 753187600
 8.67    5.39    64.234
 8.67 16.00   1.067   1.367
 8.67 16.00   2.434    69.031
 8.67 16.00   2.202   1.151   2.434   0.499
 8.67 16.00   2.204   1.144   2.434   0.492

 8.68  0.00   0.461   0.454   0.030   0.077   0.005   0.004   0.337   0.003   0.000   0.004   0.000 754056400
 8.68    5.38    64.218
 8.68 16.00   1.066   1.367
 8.68 16.00   2.433    69.023
 8.68 16.00   2.201   1.150   2.433   0.499
 8.68 16.00   2.203   1.143   2.433   0.492

 8.69  0.00   0.461   0.454   0.030   0.077   0.005   0.004   0.337   0.003   0.000   0.004   0.000 754925100
 8.69    5.38    64.202
 8.69 16.00   1.065   1.367
 8.69 16.00   2.432    69.014
 8.69 16.00   2.201   1.150   2.432   0.499
 8.69 16.00   2.203   1.143   2.432   0.492

 8.70  0.00   0.461   0.454   0.030   0.077   0.005   0.004   0.337   0.003   0.000   0.004   0.000 755793800
 8.70    5.38    64.187
 8.70 16.00   1.065   1.367
 8.70 16.00   2.432    69.006
 8.70 16.00   2.200   1.150   2.432   0.499
 8.70 16.00   2.202   1.143   2.432   0.492

 8.71  0.00   0.461   0.454   0.030   0.077   0.005   0.004   0.337   0.003   0.000   0.004   0.000 756662500
 8.71    5.38    64.171
 8.71 16.00   1.064   1.367
 8.71 16.00   2.431    68.997
 8.71 16.00   2.200   1.149   2.431   0.499
 8.71 16.00   2.202   1.143   2.431   0.491

 8.72  0.00   0.461   0.454   0.030   0.077   0.004   0.004   0.337   0.003   0.000   0.004   0.000 757531300
 8.72    5.38    64.155
 8.72 16.00   1.064   1.367
 8.72 16.00   2.431    68.988
 8.72 16.00   2.199   1.149   2.431   0.499
 8.72 16.00   2.201   1.142   2.431   0.491

 8.73  0.00   0.461   0.454   0.030   0.077   0.004   0.004   0.337   0.003   0.000   0.004   0.000 758399900
 8.73    5.37    64.139
 8.73 16.00   1.063   1.367
 8.73 16.00   2.430    68.980
 8.73 16.00   2.199   1.149   2.430   0.498
 8.73 16.00   2.201   1.142   2.430   0.491

 8.74  0.00   0.460   0.454   0.030   0.077   0.004   0.004   0.337   0.003   0.000   0.004   0.000 759268700
 8.74    5.37    64.124
 8.74 16.00   1.062   1.367
 8.74 16.00   2.430    68.971
 8.74 16.00   2.198   1.149   2.430   0.498
 8.74 16.00   2.200   1.142   2.430   0.491

 8.75  0.00   0.460   0.454   0.030   0.077   0.004   0.004   0.337   0.003   0.000   0.004   0.000 760137500
 8.75    5.37    64.108
 8.75 16.00   1.062   1.367
 8.75 16.00   2.429    68.963
 8.75 16.00   2.198   1.148   2.429   0.498
 8.75 16.00   2.200   1.142   2.429   0.491

 8.76  0.00   0.460   0.454   0.030   0.077   0.004   0.004   0.337   0.003   0.000   0.004   0.000 761006200
 8.76    5.37    64.092
 8.76 16.00   1.061   1.367
 8.76 16.00   2.428    68.954
 8.76 16.00   2.197   1.148   2.428   0.498
 8.76 16.00   2.199   1.141   2.428   0.491

 8.77  0.00   0.460   0.454   0.030   0.077   0.004   0.004   0.337   0.003   0.000   0.004   0.000 761874900
 8.77    5.37    64.077
 8.77 16.00   1.061   1.367
 8.77 16.00   2.428    68.946
 8.77 16.00   2.196   1.148   2.428   0.498
 8.77 16.00   2.198   1.141   2.428   0.491

 8.78  0.00   0.460   0.453   0.030   0.077   0.004   0.004   0.337   0.003   0.000   0.004   0.000 762743600
 8.78    5.36    64.061
 8.78 16.00   1.060   1.367
 8.78 16.00   2.427    68.937
 8.78 16.00   2.196   1.148   2.427   0.498
 8.78 16.00   2.198   1.141   2.427   0.491

 8.79  0.00   0.460   0.453   0.030   0.077   0.004   0.004   0.337   0.003   0.000   0.004   0.000 763612400
 8.79    5.36    64.045
 8.79 16.00   1.059   1.367
 8.79 16.00   2.427    68.929
 8.79 16.00   2.195   1.147   2.427   0.498
 8.79 16.00   2.197   1.140   2.427   0.491

 8.80  0.00   0.460   0.453   0.030   0.077   0.004   0.004   0.337   0.003   0.000   0.004   0.000 764481100
 8.80    5.36    64.030
 8.80 16.00   1.059   1.367
 8.80 16.00   2.426    68.921
 8.80 16.00   2.195   1.147   2.426   0.498
 8.80 16.00   2.197   1.140   2.426   0.491

 8.81  0.00   0.460   0.453   0.030   0.077   0.004   0.004   0.337   0.003   0.000   0.004   0.000 765349900
 8.81    5.36    64.014
 8.81 16.00   1.058   1.367
 8.81 16.00   2.425    68.912
 8.81 16.00   2.194   1.147   2.425   0.498
 8.81 16.00   2.196   1.140   2.425   0.490

 8.82  0.00   0.460   0.453   0.030   0.077   0.004   0.004   0.337   0.003   0.000   0.004   0.000 766218500
 8.82    5.36    63.999
 8.82 16.00   1.058   1.367
 8.82 16.00   2.425    68.904
 8.82 16.00   2.194   1.147   2.425   0.497
 8.82 16.00   2.196   1.140   2.425   0.490

 8.83  0.00   0.460   0.453   0.030   0.077   0.004   0.004   0.337   0.003   0.000   0.004   0.000 767087300
 8.83    5.35    63.983
 8.83 16.00   1.057   1.367
 8.83 16.00   2.424    68.895
 8.83 16.00   2.193   1.146   2.424   0.497
 8.83 16.00   2.195   1.139   2.424   0.490

 8.84  0.00   0.460   0.453   0.030   0.077   0.004   0.004   0.337   0.003   0.000   0.004   0.000 767956000
 8.84    5.35    63.968
 8.84 16.00   1.057   1.367
 8.84 16.00   2.424    68.887
 8.84 16.00   2.193   1.146   2.424   0.497
 8.84 16.00   2.195   1.139   2.424   0.490

 8.85  0.00   0.459   0.453   0.030   0.077   0.004   0.004   0.337   0.003   0.000   0.004   0.000 768824800
 8.85    5.35    63.952
 8.85 16.00   1.056   1.367
 8.85 16.00   2.423    68.879
 8.85 16.00   2.192   1.146   2.423   0.497
 8.85 16.00   2.194   1.139   2.423   0.490

 8.86  0.00   0.459   0.453   0.030   0.077   0.004   0.004   0.337   0.003   0.000   0.004   0.000 769693400
 8.86    5.35    63.937
 8.86 16.00   1.055   1.367
 8.86 16.00   2.423    68.870
 8.86 16.00   2.192   1.146   2.423   0.497
 8.86 16.00   2.194   1.139   2.423   0.490

 8.87  0.00   0.459   0.453   0.030   0.077   0.004   0.004   0.337   0.003   0.000   0.004   0.000 770562200
 8.87    5.35    63.922
 8.87 16.00   1.055   1.367
 8.87 16.00   2.422    68.862
 8.87 16.00   2.191   1.145   2.422   0.497
 8.87 16.00   2.193   1.138   2.422   0.490

 8.88  0.00   0.459   0.453   0.030   0.077   0.004   0.004   0.337   0.003   0.000   0.004   0.000 771430900
 8.88    5.34    63.906
 8.88 16.00   1.054   1.367
 8.88 16.00   2.421    68.854
 8.88 16.00   2.191   1.145   2.421   0.497
 8.88 16.00   2.193   1.138   2.421   0.490

 8.89  0.00   0.459   0.452   0.030   0.077   0.004   0.004   0.337   0.003   0.000   0.004   0.000 772299700
 8.89    5.34    63.891
 8.89 16.00   1.054   1.367
 8.89 16.00   2.421    68.845
 8.89 16.00   2.190   1.145   2.421   0.497
 8.89 16.00   2.192   1.138   2.421   0.490

 8.90  0.00   0.459   0.452   0.030   0.077   0.004   0.004   0.337   0.003   0.000   0.004   0.000 773168300
 8.90    5.34    63.875
 8.90 16.00   1.053   1.367
 8.90 16.00   2.420    68.837
 8.90 16.00   2.190   1.145   2.420   0.497
 8.90 16.00   2.192   1.138   2.420   0.490

 8.91  0.00   0.459   0.452   0.030   0.077   0.004   0.004   0.337   0.003   0.000   0.004   0.000 774037100
 8.91    5.34    63.860
 8.91 16.00   1.053   1.367
 8.91 16.00   2.420    68.829
 8.91 16.00   2.189   1.144   2.420   0.497
 8.91 16.00   2.191   1.137   2.420   0.489

 8.92  0.00   0.459   0.452   0.029   0.077   0.004   0.004   0.337   0.003   0.000   0.004   0.000 774905900
 8.92    5.33    63.845
 8.92 16.00   1.052   1.367
 8.92 16.00   2.419    68.821
 8.92 16.00   2.189   1.144   2.419   0.497
 8.92 16.00   2.191   1.137   2.419   0.489

 8.93  0.00   0.459   0.452   0.029   0.077   0.004   0.004   0.337   0.003   0.000   0.004   0.000 775774600
 8.93    5.33    63.830
 8.93 16.00   1.051   1.367
 8.93 16.00   2.419    68.812
 8.93 16.00   2.188   1.144   2.419   0.496
 8.93 16.00   2.190   1.137   2.419   0.489

 8.94  0.00   0.459   0.452   0.029   0.077   0.004   0.004   0.337   0.003   0.000   0.004   0.000 776643300
 8.94    5.33    63.814
 8.94 16.00   1.051   1.367
 8.94 16.00   2.418    68.804
 8.94 16.00   2.188   1.144   2.418   0.496
 8.94 16.00   2.189   1.137   2.418   0.489

 8.95  0.00   0.459   0.452   0.029   0.077   0.004   0.004   0.337   0.003   0.000   0.004   0.000 777512000
 8.95    5.33    63.799
 8.95 16.00   1.050   1.367
 8.95 16.00   2.417    68.796
 8.95 16.00   2.187   1.143   2.417   0.496
 8.95 16.00   2.189   1.136   2.417   0.489

 8.96  0.00   0.458   0.452   0.029   0.077   0.004   0.004   0.337   0.003   0.000   0.004   0.000 778380700
 8.96    5.33    63.784
 8.96 16.00   1.050   1.367
 8.96 16.00   2.417    68.788
 8.96 16.00   2.186   1.143   2.417   0.496
 8.96 16.00   2.188   1.136   2.417   0.489

 8.97  0.00   0.458   0.452   0.029   0.077   0.004   0.004   0.337   0.003   0.000   0.004   0.000 779249500
 8.97    5.32    63.769
 8.97 16.00   1.049   1.367
 8.97 16.00   2.416    68.779
 8.97 16.00   2.186   1.143   2.416   0.496
 8.97 16.00   2.188   1.136   2.416   0.489

 8.98  0.00   0.458   0.452   0.029   0.077   0.004   0.004   0.337   0.003   0.000   0.004   0.000 780118100
 8.98    5.32    63.753
 8.98 16.00   1.049   1.367
 8.98 16.00   2.416    68.771
 8.98 16.00   2.185   1.143   2.416   0.496
 8.98 16.00   2.187   1.136   2.416   0.489

 8.99  0.00   0.458   0.452   0.029   0.077   0.004   0.004   0.336   0.003   0.000   0.004   0.000 780986900
 8.99    5.32    63.738
 8.99 16.00   1.048   1.367
 8.99 16.00   2.415    68.763
 8.99 16.00   2.185   1.142   2.415   0.496
 8.99 16.00   2.187   1.135   2.415   0.489

 9.00  0.00   0.458   0.451   0.029   0.077   0.004   0.004   0.336   0.003   0.000   0.004   0.000 781855700
 9.00    5.32    63.723
 9.00 16.00   1.047   1.367
 9.00 16.00   2.415    68.755
 9.00 16.00   2.184   1.142   2.415   0.496
 9.00 16.00   2.186   1.135   2.415   0.489

 9.01  0.00   0.458   0.451   0.029   0.077   0.004   0.004   0.336   0.003   0.000   0.004   0.000 782724400
 9.01    5.32    63.708
 9.01 16.00   1.047   1.367
 9.01 16.00   2.414    68.747
 9.01 16.00   2.184   1.142   2.414   0.496
 9.01 16.00   2.186   1.135   2.414   0.488

 9.02  0.00   0.458   0.451   0.029   0.077   0.004   0.004   0.336   0.003   0.000   0.004   0.000 783593200
 9.02    5.31    63.693
 9.02 16.00   1.046   1.367
 9.02 16.00   2.413    68.739
 9.02 16.00   2.183   1.142   2.413   0.496
 9.02 16.00   2.185   1.135   2.413   0.488

 9.03  0.00   0.458   0.451   0.029   0.077   0.004   0.004   0.336   0.003   0.000   0.004   0.000 784461800
 9.03    5.31    63.678
 9.03 16.00   1.046   1.367
 9.03 16.00   2.413    68.731
 9.03 16.00   2.183   1.141   2.413   0.495
 9.03 16.00   2.185   1.134   2.413   0.488

 9.04  0.00   0.458   0.451   0.029   0.077   0.004   0.004   0.336   0.003   0.000   0.004   0.000 785330600
 9.04    5.31    63.663
 9.04 16.00   1.045   1.367
 9.04 16.00   2.412    68.723
 9.04 16.00   2.182   1.141   2.412   0.495
 9.04 16.00   2.184   1.134   2.412   0.488

 9.05  0.00   0.458   0.451   0.029   0.077   0.004   0.004   0.336   0.003   0.000   0.004   0.000 786199300
 9.05    5.31    63.648
 9.05 16.00   1.045   1.367
 9.05 16.00   2.412    68.715
 9.05 16.00   2.182   1.141   2.412   0.495
 9.05 16.00   2.184   1.134   2.412   0.488

 9.06  0.00   0.458   0.451   0.029   0.077   0.004   0.004   0.336   0.003   0.000   0.004   0.000 787068100
 9.06    5.31    63.633
 9.06 16.00   1.044   1.367
 9.06 16.00   2.411    68.706
 9.06 16.00   2.181   1.141   2.411   0.495
 9.06 16.00   2.183   1.134   2.411   0.488

 9.07  0.00   0.457   0.451   0.029   0.077   0.004   0.004   0.336   0.003   0.000   0.004   0.000 787936800
 9.07    5.30    63.618
 9.07 16.00   1.044   1.367
 9.07 16.00   2.411    68.698
 9.07 16.00   2.181   1.140   2.411   0.495
 9.07 16.00   2.183   1.133   2.411   0.488

 9.08  0.00   0.457   0.451   0.029   0.077   0.004   0.004   0.336   0.003   0.000   0.004   0.000 788805500
 9.08    5.30    63.603
 9.08 16.00   1.043   1.367
 9.08 16.00   2.410    68.690
 9.08 16.00   2.180   1.140   2.410   0.495
 9.08 16.00   2.182   1.133   2.410   0.488

 9.09  0.00   0.457   0.451   0.029   0.077   0.004   0.004   0.336   0.003   0.000   0.004   0.000 789674200
 9.09    5.30    63.588
 9.09 16.00   1.042   1.367
 9.09 16.00   2.410    68.682
 9.09 16.00   2.180   1.140   2.410   0.495
 9.09 16.00   2.182   1.133   2.410   0.488

 9.10  0.00   0.457   0.451   0.029   0.077   0.004   0.004   0.336   0.003   0.000   0.004   0.000 790543000
 9.10    5.30    63.573
 9.10 16.00   1.042   1.367
 9.10 16.00   2.409    68.674
 9.10 16.00   2.179   1.140   2.409   0.495
 9.10 16.00   2.181   1.133   2.409   0.488

 9.11  0.00   0.457   0.450   0.029   0.077   0.004   0.004   0.336   0.003   0.000   0.004   0.000 791411600
 9.11    5.30    63.558
 9.11 16.00   1.041   1.367
 9.11 16.00   2.409    68.666
 9.11 16.00   2.179   1.139   2.409   0.495
 9.11 16.00   2.181   1.133   2.409   0.488

 9.12  0.00   0.457   0.450   0.029   0.077   0.004   0.004   0.336   0.003   0.000   0.004   0.000 792280400
 9.12    5.29    63.543
 9.12 16.00   1.041   1.367
 9.12 16.00   2.408    68.658
 9.12 16.00   2.178   1.139   2.408   0.495
 9.12 16.00   2.180   1.132   2.408   0.487

 9.13  0.00   0.457   0.450   0.029   0.077   0.004   0.004   0.336   0.003   0.000   0.004   0.000 793149100
 9.13    5.29    63.528
 9.13 16.00   1.040   1.367
 9.13 16.00   2.407    68.650
 9.13 16.00   2.178   1.139   2.407   0.494
 9.13 16.00   2.180   1.132   2.407   0.487

 9.14  0.00   0.457   0.450   0.029   0.077   0.004   0.004   0.336   0.003   0.000   0.004   0.000 794017900
 9.14    5.29    63.514
 9.14 16.00   1.040   1.367
 9.14 16.00   2.407    68.643
 9.14 16.00   2.177   1.139   2.407   0.494
 9.14 16.00   2.179   1.132   2.407   0.487

 9.15  0.00   0.457   0.450   0.029   0.077   0.004   0.004   0.336   0.003   0.000   0.004   0.000 794886600
 9.15    5.29    63.499
 9.15 16.00   1.039   1.367
 9.15 16.00   2.406    68.635
 9.15 16.00   2.177   1.138   2.406   0.494
 9.15 16.00   2.179   1.132   2.406   0.487

 9.16  0.00   0.457   0.450   0.029   0.077   0.004   0.004   0.336   0.003   0.000   0.004   0.000 795755300
 9.16    5.29    63.484
 9.16 16.00   1.039   1.367
 9.16 16.00   2.406    68.627
 9.16 16.00   2.176   1.138   2.406   0.494
 9.16 16.00   2.178   1.131   2.406   0.487

 9.17  0.00   0.457   0.450   0.029   0.077   0.004   0.004   0.336   0.003   0.000   0.004   0.000 796624100
 9.17    5.29    63.469
 9.17 16.00   1.038   1.367
 9.17 16.00   2.405    68.619
 9.17 16.00   2.176   1.138   2.405   0.494
 9.17 16.00   2.178   1.131   2.405   0.487

 9.18  0.00   0.456   0.450   0.028   0.077   0.004   0.004   0.336   0.003   0.000   0.004   0.000 797492800
 9.18    5.28    63.455
 9.18 16.00   1.038   1.367
 9.18 16.00   2.405    68.611
 9.18 16.00   2.175   1.138   2.405   0.494
 9.18 16.00   2.177   1.131   2.405   0.487

 9.19  0.00   0.456   0.450   0.028   0.077   0.004   0.004   0.336   0.003   0.000   0.004   0.000 798361500
 9.19    5.28    63.440
 9.19 16.00   1.037   1.367
 9.19 16.00   2.404    68.603
 9.19 16.00   2.175   1.137   2.404   0.494
 9.19 16.00   2.177   1.131   2.404   0.487

 9.20  0.00   0.456   0.450   0.028   0.077   0.004   0.004   0.336   0.003   0.000   0.004   0.000 799230200
 9.20    5.28    63.425
 9.20 16.00   1.036   1.367
 9.20 16.00   2.404    68.595
 9.20 16.00   2.174   1.137   2.404   0.494
 9.20 16.00   2.176   1.130   2.404   0.487

 9.21  0.00   0.456   0.450   0.028   0.077   0.004   0.004   0.336   0.003   0.000   0.004   0.000 800098900
 9.21    5.28    63.410
 9.21 16.00   1.036   1.367
 9.21 16.00   2.403    68.587
 9.21 16.00   2.174   1.137   2.403   0.494
 9.21 16.00   2.176   1.130   2.403   0.487

 9.22  0.00   0.456   0.450   0.028   0.077   0.004   0.004   0.336   0.003   0.000   0.004   0.000 800967700
 9.22    5.28    63.396
 9.22 16.00   1.035   1.367
 9.22 16.00   2.403    68.579
 9.22 16.00   2.173   1.137   2.403   0.494
 9.22 16.00   2.175   1.130   2.403   0.486

 9.23  0.00   0.456   0.449   0.028   0.077   0.004   0.004   0.336   0.003   0.000   0.004   0.000 801836400
 9.23    5.27    63.381
 9.23 16.00   1.035   1.367
 9.23 16.00   2.402    68.572
 9.23 16.00   2.173   1.137   2.402   0.494
 9.23 16.00   2.175   1.130   2.402   0.486

 9.24  0.00   0.456   0.449   0.028   0.077   0.004   0.004   0.336   0.003   0.000   0.004   0.000 802705200
 9.24    5.27    63.366
 9.24 16.00   1.034   1.367
 9.24 16.00   2.401    68.564
 9.24 16.00   2.172   1.136   2.401   0.493
 9.24 16.00   2.174   1.129   2.401   0.486

 9.25  0.00   0.456   0.449   0.028   0.077   0.004   0.004   0.336   0.003   0.000   0.004   0.000 803573900
 9.25    5.27    63.352
 9.25 16.00   1.034   1.367
 9.25 16.00   2.401    68.556
 9.25 16.00   2.172   1.136   2.401   0.493
 9.25 16.00   2.174   1.129   2.401   0.486

 9.26  0.00   0.456   0.449   0.028   0.077   0.004   0.004   0.336   0.003   0.000   0.004   0.000 804442600
 9.26    5.27    63.337
 9.26 16.00   1.033   1.367
 9.26 16.00   2.400    68.548
 9.26 16.00   2.171   1.136   2.400   0.493
 9.26 16.00   2.173   1.129   2.400   0.486

 9.27  0.00   0.456   0.449   0.028   0.077   0.004   0.004   0.336   0.003   0.000   0.004   0.000 805311400
 9.27    5.27    63.323
 9.27 16.00   1.033   1.367
 9.27 16.00   2.400    68.540
 9.27 16.00   2.171   1.136   2.400   0.493
 9.27 16.00   2.173   1.129   2.400   0.486

 9.28  0.00   0.456   0.449   0.028   0.077   0.004   0.004   0.336   0.003   0.000   0.004   0.000 806180000
 9.28    5.26    63.308
 9.28 16.00   1.032   1.367
 9.28 16.00   2.399    68.533
 9.28 16.00   2.170   1.135   2.399   0.493
 9.28 16.00   2.172   1.128   2.399   0.486

 9.29  0.00   0.456   0.449   0.028   0.077   0.004   0.004   0.336   0.003   0.000   0.004   0.000 807048800
 9.29    5.26    63.294
 9.29 16.00   1.032   1.367
 9.29 16.00   2.399    68.525
 9.29 16.00   2.170   1.135   2.399   0.493
 9.29 16.00   2.172   1.128   2.399   0.486

 9.30  0.00   0.455   0.449   0.028   0.077   0.004   0.004   0.336   0.003   0.000   0.004   0.000 807917600
 9.30    5.26    63.279
 9.30 16.00   1.031   1.367
 9.30 16.00   2.398    68.517
 9.30 16.00   2.170   1.135   2.398   0.493
 9.30 16.00   2.172   1.128   2.398   0.486

 9.31  0.00   0.455   0.449   0.028   0.077   0.004   0.004   0.336   0.003   0.000   0.004   0.000 808786300
 9.31    5.26    63.265
 9.31 16.00   1.031   1.367
 9.31 16.00   2.398    68.509
 9.31 16.00   2.169   1.135   2.398   0.493
 9.31 16.00   2.171   1.128   2.398   0.486

 9.32  0.00   0.455   0.449   0.028   0.077   0.004   0.004   0.336   0.003   0.000   0.004   0.000 809655000
 9.32    5.26    63.250
 9.32 16.00   1.030   1.367
 9.32 16.00   2.397    68.502
 9.32 16.00   2.169   1.134   2.397   0.493
 9.32 16.00   2.171   1.128   2.397   0.486

 9.33  0.00   0.455   0.449   0.028   0.077   0.004   0.004   0.336   0.003   0.000   0.004   0.000 810523700
 9.33    5.25    63.236
 9.33 16.00   1.030   1.367
 9.33 16.00   2.397    68.494
 9.33 16.00   2.168   1.134   2.397   0.493
 9.33 16.00   2.170   1.127   2.397   0.485

 9.34  0.00   0.455   0.449   0.028   0.077   0.004   0.004   0.336   0.003   0.000   0.004   0.000 811392400
 9.34    5.25    63.221
 9.34 16.00   1.029   1.367
 9.34 16.00   2.396    68.486
 9.34 16.00   2.168   1.134   2.396   0.493
 9.34 16.00   2.170   1.127   2.396   0.485

 9.35  0.00   0.455   0.448   0.028   0.077   0.004   0.004   0.336   0.003   0.000   0.004   0.000 812261200
 9.35    5.25    63.207
 9.35 16.00   1.029   1.367
 9.35 16.00   2.396    68.479
 9.35 16.00   2.167   1.134   2.396   0.492
 9.35 16.00   2.169   1.127   2.396   0.485

 9.36  0.00   0.455   0.448   0.028   0.077   0.004   0.004   0.336   0.003   0.000   0.004   0.000 813129900
 9.36    5.25    63.192
 9.36 16.00   1.028   1.367
 9.36 16.00   2.395    68.471
 9.36 16.00   2.167   1.134   2.395   0.492
 9.36 16.00   2.169   1.127   2.395   0.485

 9.37  0.00   0.455   0.448   0.028   0.077   0.004   0.004   0.336   0.003   0.000   0.004   0.000 813998600
 9.37    5.25    63.178
 9.37 16.00   1.027   1.367
 9.37 16.00   2.395    68.463
 9.37 16.00   2.166   1.133   2.395   0.492
 9.37 16.00   2.168   1.126   2.395   0.485

 9.38  0.00   0.455   0.448   0.028   0.077   0.004   0.004   0.336   0.003   0.000   0.004   0.000 814867400
 9.38    5.25    63.164
 9.38 16.00   1.027   1.367
 9.38 16.00   2.394    68.456
 9.38 16.00   2.166   1.133   2.394   0.492
 9.38 16.00   2.168   1.126   2.394   0.485

 9.39  0.00   0.455   0.448   0.028   0.077   0.004   0.004   0.336   0.003   0.000   0.004   0.000 815736100
 9.39    5.24    63.149
 9.39 16.00   1.026   1.367
 9.39 16.00   2.394    68.448
 9.39 16.00   2.165   1.133   2.394   0.492
 9.39 16.00   2.167   1.126   2.394   0.485

 9.40  0.00   0.455   0.448   0.028   0.077   0.004   0.004   0.336   0.003   0.000   0.004   0.000 816604800
 9.40    5.24    63.135
 9.40 16.00   1.026   1.367
 9.40 16.00   2.393    68.441
 9.40 16.00   2.165   1.133   2.393   0.492
 9.40 16.00   2.167   1.126   2.393   0.485

 9.41  0.00   0.455   0.448   0.028   0.077   0.004   0.004   0.336   0.003   0.000   0.004   0.000 817473500
 9.41    5.24    63.121
 9.41 16.00   1.025   1.367
 9.41 16.00   2.393    68.433
 9.41 16.00   2.164   1.132   2.393   0.492
 9.41 16.00   2.166   1.125   2.393   0.485

 9.42  0.00   0.454   0.448   0.028   0.077   0.004   0.004   0.336   0.003   0.000   0.004   0.000 818342300
 9.42    5.24    63.107
 9.42 16.00   1.025   1.367
 9.42 16.00   2.392    68.425
 9.42 16.00   2.164   1.132   2.392   0.492
 9.42 16.00   2.166   1.125   2.392   0.485

 9.43  0.00   0.454   0.448   0.028   0.077   0.004   0.004   0.336   0.003   0.000   0.004   0.000 819211000
 9.43    5.24    63.092
 9.43 16.00   1.024   1.367
 9.43 16.00   2.392    68.418
 9.43 16.00   2.163   1.132   2.392   0.492
 9.43 16.00   2.165   1.125   2.392   0.485

 9.44  0.00   0.454   0.448   0.028   0.077   0.004   0.004   0.336   0.003   0.000   0.004   0.000 820079700
 9.44    5.23    63.078
 9.44 16.00   1.024   1.367
 9.44 16.00   2.391    68.410
 9.44 16.00   2.163   1.132   2.391   0.492
 9.44 16.00   2.165   1.125   2.391   0.485

 9.45  0.00   0.454   0.448   0.028   0.077   0.004   0.004   0.336   0.003   0.000   0.004   0.000 820948400
 9.45    5.23    63.064
 9.45 16.00   1.023   1.367
 9.45 16.00   2.390    68.403
 9.45 16.00   2.162   1.131   2.390   0.492
 9.45 16.00   2.164   1.125   2.390   0.484

 9.46  0.00   0.454   0.448   0.027   0.077   0.004   0.004   0.336   0.003   0.000   0.004   0.000 821817200
 9.46    5.23    63.050
 9.46 16.00   1.023   1.367
 9.46 16.00   2.390    68.395
 9.46 16.00   2.162   1.131   2.390   0.492
 9.46 16.00   2.164   1.124   2.390   0.484

 9.47  0.00   0.454   0.447   0.027   0.077   0.004   0.004   0.336   0.003   0.000   0.004   0.000 822686000
 9.47    5.23    63.036
 9.47 16.00   1.022   1.367
 9.47 16.00   2.389    68.388
 9.47 16.00   2.161   1.131   2.389   0.491
 9.47 16.00   2.163   1.124   2.389   0.484

 9.48  0.00   0.454   0.447   0.027   0.077   0.004   0.004   0.336   0.003   0.000   0.004   0.000 823554600
 9.48    5.23    63.021
 9.48 16.00   1.022   1.367
 9.48 16.00   2.389    68.380
 9.48 16.00   2.161   1.131   2.389   0.491
 9.48 16.00   2.163   1.124   2.389   0.484

 9.49  0.00   0.454   0.447   0.027   0.077   0.004   0.004   0.335   0.003   0.000   0.004   0.000 824423400
 9.49    5.22    63.007
 9.49 16.00   1.021   1.367
 9.49 16.00   2.388    68.373
 9.49 16.00   2.161   1.131   2.388   0.491
 9.49 16.00   2.162   1.124   2.388   0.484

 9.50  0.00   0.454   0.447   0.027   0.077   0.004   0.004   0.335   0.003   0.000   0.004   0.000 825292100
 9.50    5.22    62.993
 9.50 16.00   1.021   1.367
 9.50 16.00   2.388    68.365
 9.50 16.00   2.160   1.130   2.388   0.491
 9.50 16.00   2.162   1.123   2.388   0.484

 9.51  0.00   0.454   0.447   0.027   0.077   0.004   0.004   0.335   0.003   0.000   0.004   0.000 826160800
 9.51    5.22    62.979
 9.51 16.00   1.020   1.367
 9.51 16.00   2.387    68.358
 9.51 16.00   2.160   1.130   2.387   0.491
 9.51 16.00   2.162   1.123   2.387   0.484

 9.52  0.00   0.454   0.447   0.027   0.077   0.004   0.004   0.335   0.002   0.000   0.004   0.000 827029600
 9.52    5.22    62.965
 9.52 16.00   1.020   1.367
 9.52 16.00   2.387    68.350
 9.52 16.00   2.159   1.130   2.387   0.491
 9.52 16.00   2.161   1.123   2.387   0.484

 9.53  0.00   0.454   0.447   0.027   0.077   0.004   0.004   0.335   0.002   0.000   0.004   0.000 827898200
 9.53    5.22    62.951
 9.53 16.00   1.019   1.367
 9.53 16.00   2.386    68.343
 9.53 16.00   2.159   1.130   2.386   0.491
 9.53 16.00   2.161   1.123   2.386   0.484

 9.54  0.00   0.454   0.447   0.027   0.077   0.004   0.004   0.335   0.002   0.000   0.004   0.000 828767000
 9.54    5.22    62.937
 9.54 16.00   1.019   1.367
 9.54 16.00   2.386    68.335
 9.54 16.00   2.158   1.129   2.386   0.491
 9.54 16.00   2.160   1.123   2.386   0.484

 9.55  0.00   0.453   0.447   0.027   0.077   0.004   0.004   0.335   0.002   0.000   0.004   0.000 829635800
 9.55    5.21    62.923
 9.55 16.00   1.018   1.367
 9.55 16.00   2.385    68.328
 9.55 16.00   2.158   1.129   2.385   0.491
 9.55 16.00   2.160   1.122   2.385   0.484

 9.56  0.00   0.453   0.447   0.027   0.077   0.004   0.004   0.335   0.002   0.000   0.004   0.000 830504500
 9.56    5.21    62.909
 9.56 16.00   1.018   1.367
 9.56 16.00   2.385    68.321
 9.56 16.00   2.157   1.129   2.385   0.491
 9.56 16.00   2.159   1.122   2.385   0.483

 9.57  0.00   0.453   0.447   0.027   0.077   0.004   0.004   0.335   0.002   0.000   0.004   0.000 831373200
 9.57    5.21    62.895
 9.57 16.00   1.017   1.367
 9.57 16.00   2.384    68.313
 9.57 16.00   2.157   1.129   2.384   0.491
 9.57 16.00   2.159   1.122   2.384   0.483

 9.58  0.00   0.453   0.447   0.027   0.077   0.004   0.004   0.335   0.002   0.000   0.004   0.000 832241900
 9.58    5.21    62.881
 9.58 16.00   1.017   1.367
 9.58 16.00   2.384    68.306
 9.58 16.00   2.156   1.129   2.384   0.490
 9.58 16.00   2.158   1.122   2.384   0.483

 9.59  0.00   0.453   0.447   0.027   0.077   0.004   0.004   0.335   0.002   0.000   0.004   0.000 833110700
 9.59    5.21    62.867
 9.59 16.00   1.016   1.367
 9.59 16.00   2.383    68.299
 9.59 16.00   2.156   1.128   2.383   0.490
 9.59 16.00   2.158   1.121   2.383   0.483

 9.60  0.00   0.453   0.446   0.027   0.077   0.004   0.004   0.335   0.002   0.000   0.004   0.000 833979400
 9.60    5.21    62.853
 9.60 16.00   1.016   1.367
 9.60 16.00   2.383    68.291
 9.60 16.00   2.155   1.128   2.383   0.490
 9.60 16.00   2.157   1.121   2.383   0.483

 9.61  0.00   0.453   0.446   0.027   0.077   0.004   0.004   0.335   0.002   0.000   0.004   0.000 834848100
 9.61    5.20    62.839
 9.61 16.00   1.015   1.367
 9.61 16.00   2.382    68.284
 9.61 16.00   2.155   1.128   2.382   0.490
 9.61 16.00   2.157   1.121   2.382   0.483

 9.62  0.00   0.453   0.446   0.027   0.077   0.004   0.004   0.335   0.002   0.000   0.004   0.000 835716800
 9.62    5.20    62.825
 9.62 16.00   1.015   1.367
 9.62 16.00   2.382    68.277
 9.62 16.00   2.155   1.128   2.382   0.490
 9.62 16.00   2.157   1.121   2.382   0.483

 9.63  0.00   0.453   0.446   0.027   0.077   0.004   0.004   0.335   0.002   0.000   0.004   0.000 836585600
 9.63    5.20    62.811
 9.63 16.00   1.014   1.367
 9.63 16.00   2.381    68.269
 9.63 16.00   2.154   1.127   2.381   0.490
 9.63 16.00   2.156   1.121   2.381   0.483

 9.64  0.00   0.453   0.446   0.027   0.077   0.004   0.004   0.335   0.002   0.000   0.004   0.000 837454300
 9.64    5.20    62.798
 9.64 16.00   1.014   1.367
 9.64 16.00   2.381    68.262
 9.64 16.00   2.154   1.127   2.381   0.490
 9.64 16.00   2.156   1.120   2.381   0.483

 9.65  0.00   0.453   0.446   0.027   0.077   0.004   0.004   0.335   0.002   0.000   0.004   0.000 838323000
 9.65    5.20    62.784
 9.65 16.00   1.013   1.367
 9.65 16.00   2.380    68.255
 9.65 16.00   2.153   1.127   2.380   0.490
 9.65 16.00   2.155   1.120   2.380   0.483

 9.66  0.00   0.453   0.446   0.027   0.077   0.004   0.004   0.335   0.002   0.000   0.004   0.000 839191700
 9.66    5.19    62.770
 9.66 16.00   1.013   1.367
 9.66 16.00   2.380    68.247
 9.66 16.00   2.153   1.127   2.380   0.490
 9.66 16.00   2.155   1.120   2.380   0.483

 9.67  0.00   0.453   0.446   0.027   0.077   0.004   0.004   0.335   0.002   0.000   0.004   0.000 840060500
 9.67    5.19    62.756
 9.67 16.00   1.012   1.367
 9.67 16.00   2.379    68.240
 9.67 16.00   2.152   1.127   2.379   0.490
 9.67 16.00   2.154   1.120   2.379   0.483

 9.68  0.00   0.452   0.446   0.027   0.077   0.004   0.004   0.335   0.002   0.000   0.004   0.000 840929200
 9.68    5.19    62.742
 9.68 16.00   1.012   1.367
 9.68 16.00   2.379    68.233
 9.68 16.00   2.152   1.126   2.379   0.490
 9.68 16.00   2.154   1.120   2.379   0.482

 9.69  0.00   0.452   0.446   0.027   0.077   0.004   0.004   0.335   0.002   0.000   0.004   0.000 841797900
 9.69    5.19    62.729
 9.69 16.00   1.011   1.367
 9.69 16.00   2.378    68.226
 9.69 16.00   2.151   1.126   2.378   0.490
 9.69 16.00   2.153   1.119   2.378   0.482

 9.70  0.00   0.452   0.446   0.027   0.077   0.004   0.004   0.335   0.002   0.000   0.004   0.000 842666600
 9.70    5.19    62.715
 9.70 16.00   1.011   1.367
 9.70 16.00   2.378    68.218
 9.70 16.00   2.151   1.126   2.378   0.489
 9.70 16.00   2.153   1.119   2.378   0.482

 9.71  0.00   0.452   0.446   0.027   0.077   0.004   0.004   0.335   0.002   0.000   0.004   0.000 843535400
 9.71    5.19    62.701
 9.71 16.00   1.010   1.367
 9.71 16.00   2.377    68.211
 9.71 16.00   2.150   1.126   2.377   0.489
 9.71 16.00   2.152   1.119   2.377   0.482

 9.72  0.00   0.452   0.446   0.027   0.077   0.004   0.004   0.335   0.002   0.000   0.004   0.000 844404200
 9.72    5.18    62.687
 9.72 16.00   1.010   1.367
 9.72 16.00   2.377    68.204
 9.72 16.00   2.150   1.126   2.377   0.489
 9.72 16.00   2.152   1.119   2.377   0.482

 9.73  0.00   0.452   0.445   0.027   0.077   0.004   0.004   0.335   0.002   0.000   0.004   0.000 845272800
 9.73    5.18    62.674
 9.73 16.00   1.009   1.367
 9.73 16.00   2.376    68.197
 9.73 16.00   2.150   1.125   2.376   0.489
 9.73 16.00   2.152   1.118   2.376   0.482

 9.74  0.00   0.452   0.445   0.027   0.077   0.004   0.004   0.335   0.002   0.000   0.004   0.000 846141600
 9.74    5.18    62.660
 9.74 16.00   1.009   1.367
 9.74 16.00   2.376    68.190
 9.74 16.00   2.149   1.125   2.376   0.489
 9.74 16.00   2.151   1.118   2.376   0.482

 9.75  0.00   0.452   0.445   0.026   0.077   0.004   0.004   0.335   0.002   0.000   0.004   0.000 847010300
 9.75    5.18    62.646
 9.75 16.00   1.008   1.367
 9.75 16.00   2.376    68.182
 9.75 16.00   2.149   1.125   2.376   0.489
 9.75 16.00   2.151   1.118   2.376   0.482

 9.76  0.00   0.452   0.445   0.026   0.077   0.004   0.004   0.335   0.002   0.000   0.004   0.000 847879000
 9.76    5.18    62.633
 9.76 16.00   1.008   1.367
 9.76 16.00   2.375    68.175
 9.76 16.00   2.148   1.125   2.375   0.489
 9.76 16.00   2.150   1.118   2.375   0.482

 9.77  0.00   0.452   0.445   0.026   0.077   0.004   0.004   0.335   0.002   0.000   0.004   0.000 848747800
 9.77    5.18    62.619
 9.77 16.00   1.007   1.367
 9.77 16.00   2.375    68.168
 9.77 16.00   2.148   1.124   2.375   0.489
 9.77 16.00   2.150   1.118   2.375   0.482

 9.78  0.00   0.452   0.445   0.026   0.077   0.004   0.004   0.335   0.002   0.000   0.004   0.000 849616400
 9.78    5.17    62.606
 9.78 16.00   1.007   1.367
 9.78 16.00   2.374    68.161
 9.78 16.00   2.147   1.124   2.374   0.489
 9.78 16.00   2.149   1.117   2.374   0.482

 9.79  0.00   0.452   0.445   0.026   0.077   0.004   0.004   0.335   0.002   0.000   0.004   0.000 850485200
 9.79    5.17    62.592
 9.79 16.00   1.006   1.367
 9.79 16.00   2.374    68.154
 9.79 16.00   2.147   1.124   2.374   0.489
 9.79 16.00   2.149   1.117   2.374   0.482

 9.80  0.00   0.452   0.445   0.026   0.077   0.004   0.004   0.335   0.002   0.000   0.004   0.000 851354000
 9.80    5.17    62.579
 9.80 16.00   1.006   1.367
 9.80 16.00   2.373    68.147
 9.80 16.00   2.146   1.124   2.373   0.489
 9.80 16.00   2.148   1.117   2.373   0.481

 9.81  0.00   0.451   0.445   0.026   0.077   0.004   0.004   0.335   0.002   0.000   0.004   0.000 852222700
 9.81    5.17    62.565
 9.81 16.00   1.005   1.367
 9.81 16.00   2.373    68.140
 9.81 16.00   2.146   1.124   2.373   0.489
 9.81 16.00   2.148   1.117   2.373   0.481

 9.82  0.00   0.451   0.445   0.026   0.077   0.004   0.004   0.335   0.002   0.000   0.004   0.000 853091400
 9.82    5.17    62.552
 9.82 16.00   1.005   1.367
 9.82 16.00   2.372    68.132
 9.82 16.00   2.146   1.123   2.372   0.488
 9.82 16.00   2.148   1.117   2.372   0.481

 9.83  0.00   0.451   0.445   0.026   0.077   0.004   0.004   0.335   0.002   0.000   0.004   0.000 853960100
 9.83    5.16    62.538
 9.83 16.00   1.004   1.367
 9.83 16.00   2.372    68.125
 9.83 16.00   2.145   1.123   2.372   0.488
 9.83 16.00   2.147   1.116   2.372   0.481

 9.84  0.00   0.451   0.445   0.026   0.077   0.004   0.004   0.335   0.002   0.000   0.004   0.000 854828900
 9.84    5.16    62.525
 9.84 16.00   1.004   1.367
 9.84 16.00   2.371    68.118
 9.84 16.00   2.145   1.123   2.371   0.488
 9.84 16.00   2.147   1.116   2.371   0.481

 9.85  0.00   0.451   0.445   0.026   0.077   0.004   0.004   0.335   0.002   0.000   0.004   0.000 855697600
 9.85    5.16    62.511
 9.85 16.00   1.004   1.367
 9.85 16.00   2.371    68.111
 9.85 16.00   2.144   1.123   2.371   0.488
 9.85 16.00   2.146   1.116   2.371   0.481

 9.86  0.00   0.451   0.444   0.026   0.077   0.004   0.004   0.335   0.002   0.000   0.004   0.000 856566300
 9.86    5.16    62.498
 9.86 16.00   1.003   1.367
 9.86 16.00   2.370    68.104
 9.86 16.00   2.144   1.123   2.370   0.488
 9.86 16.00   2.146   1.116   2.370   0.481

 9.87  0.00   0.451   0.444   0.026   0.077   0.004   0.004   0.335   0.002   0.000   0.004   0.000 857435000
 9.87    5.16    62.484
 9.87 16.00   1.003   1.367
 9.87 16.00   2.370    68.097
 9.87 16.00   2.143   1.122   2.370   0.488
 9.87 16.00   2.145   1.115   2.370   0.481

 9.88  0.00   0.451   0.444   0.026   0.077   0.004   0.004   0.335   0.002   0.000   0.004   0.000 858303800
 9.88    5.16    62.471
 9.88 16.00   1.002   1.367
 9.88 16.00   2.369    68.090
 9.88 16.00   2.143   1.122   2.369   0.488
 9.88 16.00   2.145   1.115   2.369   0.481

 9.89  0.00   0.451   0.444   0.026   0.076   0.004   0.004   0.335   0.002   0.000   0.004   0.000 859172500
 9.89    5.15    62.457
 9.89 16.00   1.002   1.367
 9.89 16.00   2.369    68.083
 9.89 16.00   2.143   1.122   2.369   0.488
 9.89 16.00   2.145   1.115   2.369   0.481

 9.90  0.00   0.451   0.444   0.026   0.076   0.004   0.004   0.335   0.002   0.000   0.004   0.000 860041200
 9.90    5.15    62.444
 9.90 16.00   1.001   1.367
 9.90 16.00   2.368    68.076
 9.90 16.00   2.142   1.122   2.368   0.488
 9.90 16.00   2.144   1.115   2.368   0.481

 9.91  0.00   0.451   0.444   0.026   0.076   0.004   0.004   0.335   0.002   0.000   0.004   0.000 860910000
 9.91    5.15    62.431
 9.91 16.00   1.001   1.367
 9.91 16.00   2.368    68.069
 9.91 16.00   2.142   1.122   2.368   0.488
 9.91 16.00   2.144   1.115   2.368   0.481

 9.92  0.00   0.451   0.444   0.026   0.076   0.004   0.004   0.335   0.002   0.000   0.004   0.000 861778700
 9.92    5.15    62.417
 9.92 16.00   1.000   1.367
 9.92 16.00   2.367    68.062
 9.92 16.00   2.141   1.121   2.367   0.488
 9.92 16.00   2.143   1.114   2.367   0.481

 9.93  0.00   0.451   0.444   0.026   0.076   0.004   0.004   0.335   0.002   0.000   0.004   0.000 862647400
 9.93    5.15    62.404
 9.93 16.00   1.000   1.367
 9.93 16.00   2.367    68.055
 9.93 16.00   2.141   1.121   2.367   0.488
 9.93 16.00   2.143   1.114   2.367   0.480

 9.94  0.00   0.450   0.444   0.026   0.076   0.004   0.004   0.335   0.002   0.000   0.004   0.000 863516100
 9.94    5.15    62.391
 9.94 16.00   0.999   1.367
 9.94 16.00   2.366    68.048
 9.94 16.00   2.140   1.121   2.366   0.488
 9.94 16.00   2.142   1.114   2.366   0.480

 9.95  0.00   0.450   0.444   0.026   0.076   0.004   0.004   0.335   0.002   0.000   0.004   0.000 864384800
 9.95    5.14    62.377
 9.95 16.00   0.999   1.367
 9.95 16.00   2.366    68.041
 9.95 16.00   2.140   1.121   2.366   0.487
 9.95 16.00   2.142   1.114   2.366   0.480

 9.96  0.00   0.450   0.444   0.026   0.076   0.004   0.004   0.335   0.002   0.000   0.004   0.000 865253600
 9.96    5.14    62.364
 9.96 16.00   0.998   1.367
 9.96 16.00   2.366    68.034
 9.96 16.00   2.140   1.121   2.366   0.487
 9.96 16.00   2.142   1.114   2.366   0.480

 9.97  0.00   0.450   0.444   0.026   0.076   0.004   0.004   0.335   0.002   0.000   0.004   0.000 866122400
 9.97    5.14    62.351
 9.97 16.00   0.998   1.367
 9.97 16.00   2.365    68.027
 9.97 16.00   2.139   1.120   2.365   0.487
 9.97 16.00   2.141   1.113   2.365   0.480

 9.98  0.00   0.450   0.444   0.026   0.076   0.004   0.004   0.335   0.002   0.000   0.004   0.000 866991000
 9.98    5.14    62.338
 9.98 16.00   0.997   1.367
 9.98 16.00   2.365    68.021
 9.98 16.00   2.139   1.120   2.365   0.487
 9.98 16.00   2.141   1.113   2.365   0.480

 9.99  0.00   0.450   0.444   0.026   0.076   0.003   0.004   0.335   0.002   0.000   0.004   0.000 867859800
 9.99    5.14    62.325
 9.99 16.00   0.997   1.367
 9.99 16.00   2.364    68.014
 9.99 16.00   2.138   1.120   2.364   0.487
 9.99 16.00   2.140   1.113   2.364   0.480

10.00  0.00   0.450   0.443   0.026   0.076   0.003   0.004   0.335   0.002   0.000   0.004   0.000 868728500
10.00    5.14    62.311
10.00 16.00   0.996   1.367
10.00 16.00   2.364    68.007
10.00 16.00   2.138   1.120   2.364   0.487
10.00 16.00   2.140   1.113   2.364   0.480

10.01  0.00   0.450   0.443   0.026   0.076   0.003   0.004   0.335   0.002   0.000   0.004   0.000 869597200
10.01    5.13    62.298
10.01 16.00   0.996   1.367
10.01 16.00   2.363    68.000
10.01 16.00   2.137   1.120   2.363   0.487
10.01 16.00   2.139   1.113   2.363   0.480

10.02  0.00   0.450   0.443   0.026   0.076   0.003   0.004   0.335   0.002   0.000   0.004   0.000 870466000
10.02    5.13    62.285
10.02 16.00   0.996   1.367
10.02 16.00   2.363    67.993
10.02 16.00   2.137   1.119   2.363   0.487
10.02 16.00   2.139   1.112   2.363   0.480

10.03  0.00   0.450   0.443   0.026   0.076   0.003   0.004   0.335   0.002   0.000   0.004   0.000 871334700
10.03    5.13    62.272
10.03 16.00   0.995   1.367
10.03 16.00   2.362    67.986
10.03 16.00   2.137   1.119   2.362   0.487
10.03 16.00   2.139   1.112   2.362   0.480

10.04  0.00   0.450   0.443   0.026   0.076   0.003   0.004   0.334   0.002   0.000   0.004   0.000 872203500
10.04    5.13    62.259
10.04 16.00   0.995   1.367
10.04 16.00   2.362    67.979
10.04 16.00   2.136   1.119   2.362   0.487
10.04 16.00   2.138   1.112   2.362   0.480

10.05  0.00   0.450   0.443   0.026   0.076   0.003   0.004   0.334   0.002   0.000   0.004   0.000 873072200
10.05    5.13    62.246
10.05 16.00   0.994   1.367
10.05 16.00   2.361    67.972
10.05 16.00   2.136   1.119   2.361   0.487
10.05 16.00   2.138   1.112   2.361   0.480

10.06  0.00   0.450   0.443   0.026   0.076   0.003   0.004   0.334   0.002   0.000   0.004   0.000 873940900
10.06    5.13    62.233
10.06 16.00   0.994   1.367
10.06 16.00   2.361    67.966
10.06 16.00   2.135   1.119   2.361   0.487
10.06 16.00   2.137   1.112   2.361   0.480

10.07  0.00   0.450   0.443   0.026   0.076   0.003   0.004   0.334   0.002   0.000   0.004   0.000 874809600
10.07    5.12    62.219
10.07 16.00   0.993   1.367
10.07 16.00   2.360    67.959
10.07 16.00   2.135   1.119   2.360   0.487
10.07 16.00   2.137   1.112   2.360   0.480

10.08  0.00   0.450   0.443   0.026   0.076   0.003   0.004   0.334   0.002   0.000   0.004   0.000 875678300
10.08    5.12    62.206
10.08 16.00   0.993   1.367
10.08 16.00   2.360    67.952
10.08 16.00   2.134   1.118   2.360   0.487
10.08 16.00   2.136   1.112   2.360   0.480

10.09  0.00   0.450   0.443   0.026   0.076   0.003   0.004   0.334   0.002   0.000   0.004   0.000 876547100
10.09    5.12    62.193
10.09 16.00   0.992   1.367
10.09 16.00   2.360    67.945
10.09 16.00   2.134   1.118   2.360   0.487
10.09 16.00   2.136   1.111   2.360   0.480

10.10  0.00   0.450   0.443   0.026   0.076   0.003   0.004   0.334   0.002   0.000   0.004   0.000 877415800
10.10    5.12    62.180
10.10 16.00   0.992   1.367
10.10 16.00   2.359    67.938
10.10 16.00   2.134   1.118   2.359   0.487
10.10 16.00   2.135   1.111   2.359   0.480

10.11  0.00   0.450   0.443   0.026   0.076   0.003   0.004   0.334   0.002   0.000   0.004   0.000 878284500
10.11    5.12    62.167
10.11 16.00   0.991   1.367
10.11 16.00   2.359    67.932
10.11 16.00   2.133   1.118   2.359   0.487
10.11 16.00   2.135   1.111   2.359   0.480

10.12  0.00   0.450   0.443   0.026   0.076   0.003   0.004   0.334   0.002   0.000   0.004   0.000 879153300
10.12    5.12    62.154
10.12 16.00   0.991   1.367
10.12 16.00   2.358    67.925
10.12 16.00   2.133   1.118   2.358   0.487
10.12 16.00   2.135   1.111   2.358   0.479

10.13  0.00   0.450   0.443   0.026   0.076   0.003   0.004   0.334   0.002   0.000   0.004   0.000 880022000
10.13    5.11    62.141
10.13 16.00   0.991   1.367
10.13 16.00   2.358    67.918
10.13 16.00   2.132   1.118   2.358   0.487
10.13 16.00   2.134   1.111   2.358   0.479

10.14  0.00   0.450   0.443   0.026   0.076   0.003   0.004   0.334   0.002   0.000   0.004   0.000 880890800
10.14    5.11    62.128
10.14 16.00   0.990   1.367
10.14 16.00   2.357    67.911
10.14 16.00   2.132   1.117   2.357   0.487
10.14 16.00   2.134   1.111   2.357   0.479

10.15  0.00   0.450   0.443   0.026   0.076   0.003   0.004   0.334   0.002   0.000   0.004   0.000 881759400
10.15    5.11    62.116
10.15 16.00   0.990   1.367
10.15 16.00   2.357    67.905
10.15 16.00   2.131   1.117   2.357   0.487
10.15 16.00   2.133   1.110   2.357   0.479

10.16  0.00   0.450   0.443   0.026   0.076   0.003   0.004   0.334   0.002   0.000   0.004   0.000 882628200
10.16    5.11    62.103
10.16 16.00   0.989   1.367
10.16 16.00   2.356    67.898
10.16 16.00   2.131   1.117   2.356   0.486
10.16 16.00   2.133   1.110   2.356   0.479

10.17  0.00   0.450   0.443   0.026   0.076   0.003   0.004   0.334   0.002   0.000   0.004   0.000 883496900
10.17    5.11    62.090
10.17 16.00   0.989   1.367
10.17 16.00   2.356    67.891
10.17 16.00   2.131   1.117   2.356   0.486
10.17 16.00   2.133   1.110   2.356   0.479

10.18  0.00   0.449   0.443   0.026   0.076   0.003   0.004   0.334   0.002   0.000   0.004   0.000 884365600
10.18    5.11    62.077
10.18 16.00   0.988   1.367
10.18 16.00   2.355    67.885
10.18 16.00   2.130   1.117   2.355   0.486
10.18 16.00   2.132   1.110   2.355   0.479

10.19  0.00   0.449   0.443   0.026   0.076   0.003   0.004   0.334   0.002   0.000   0.004   0.000 885234300
10.19    5.11    62.064
10.19 16.00   0.988   1.367
10.19 16.00   2.355    67.878
10.19 16.00   2.130   1.117   2.355   0.486
10.19 16.00   2.132   1.110   2.355   0.479

10.20  0.00   0.449   0.443   0.026   0.076   0.003   0.004   0.334   0.002   0.000   0.004   0.000 886103100
10.20    5.10    62.051
10.20 16.00   0.987   1.367
10.20 16.00   2.355    67.871
10.20 16.00   2.129   1.117   2.355   0.486
10.20 16.00   2.131   1.110   2.355   0.479

10.21  0.00   0.449   0.443   0.026   0.076   0.003   0.004   0.334   0.002   0.000   0.004   0.000 886971800
10.21    5.10    62.038
10.21 16.00   0.987   1.367
10.21 16.00   2.354    67.865
10.21 16.00   2.129   1.116   2.354   0.486
10.21 16.00   2.131   1.109   2.354   0.479

10.22  0.00   0.449   0.443   0.026   0.076   0.003   0.004   0.334   0.002   0.000   0.004   0.000 887840600
10.22    5.10    62.025
10.22 16.00   0.986   1.367
10.22 16.00   2.354    67.858
10.22 16.00   2.128   1.116   2.354   0.486
10.22 16.00   2.130   1.109   2.354   0.479

10.23  0.00   0.449   0.443   0.026   0.076   0.003   0.004   0.334   0.002   0.000   0.004   0.000 888709200
10.23    5.10    62.013
10.23 16.00   0.986   1.367
10.23 16.00   2.353    67.851
10.23 16.00   2.128   1.116   2.353   0.486
10.23 16.00   2.130   1.109   2.353   0.479

10.24  0.00   0.449   0.443   0.026   0.076   0.003   0.004   0.334   0.002   0.000   0.004   0.000 889578000
10.24    5.10    62.000
10.24 16.00   0.986   1.367
10.24 16.00   2.353    67.845
10.24 16.00   2.128   1.116   2.353   0.486
10.24 16.00   2.130   1.109   2.353   0.479

10.25  0.00   0.449   0.443   0.026   0.076   0.003   0.004   0.334   0.002   0.000   0.004   0.000 890446700
10.25    5.10    61.987
10.25 16.00   0.985   1.367
10.25 16.00   2.352    67.838
10.25 16.00   2.127   1.116   2.352   0.486
10.25 16.00   2.129   1.109   2.352   0.479

10.26  0.00   0.449   0.443   0.026   0.076   0.003   0.004   0.334   0.002   0.000   0.004   0.000 891315500
10.26    5.09    61.974
10.26 16.00   0.985   1.367
10.26 16.00   2.352    67.832
10.26 16.00   2.127   1.116   2.352   0.486
10.26 16.00   2.129   1.109   2.352   0.479

10.27  0.00   0.449   0.443   0.026   0.076   0.003   0.004   0.334   0.002   0.000   0.004   0.000 892184300
10.27    5.09    61.962
10.27 16.00   0.984   1.367
10.27 16.00   2.351    67.825
10.27 16.00   2.126   1.115   2.351   0.486
10.27 16.00   2.128   1.109   2.351   0.479

10.28  0.00   0.449   0.443   0.026   0.076   0.003   0.004   0.334   0.002   0.000   0.004   0.000 893052900
10.28    5.09    61.949
10.28 16.00   0.984   1.367
10.28 16.00   2.351    67.818
10.28 16.00   2.126   1.115   2.351   0.486
10.28 16.00   2.128   1.108   2.351   0.479

10.29  0.00   0.449   0.443   0.026   0.076   0.003   0.004   0.334   0.002   0.000   0.004   0.000 893921700
10.29    5.09    61.936
10.29 16.00   0.983   1.367
10.29 16.00   2.351    67.812
10.29 16.00   2.126   1.115   2.351   0.486
10.29 16.00   2.127   1.108   2.351   0.479

10.30  0.00   0.449   0.442   0.026   0.076   0.003   0.004   0.334   0.002   0.000   0.004   0.000 894790400
10.30    5.09    61.924
10.30 16.00   0.983   1.367
10.30 16.00   2.350    67.805
10.30 16.00   2.125   1.115   2.350   0.486
10.30 16.00   2.127   1.108   2.350   0.479

10.31  0.00   0.449   0.442   0.026   0.076   0.003   0.004   0.334   0.002   0.000   0.004   0.000 895659100
10.31    5.09    61.911
10.31 16.00   0.982   1.367
10.31 16.00   2.350    67.799
10.31 16.00   2.125   1.115   2.350   0.486
10.31 16.00   2.127   1.108   2.350   0.479

10.32  0.00   0.449   0.442   0.026   0.076   0.003   0.004   0.334   0.002   0.000   0.004   0.000 896527800
10.32    5.08    61.898
10.32 16.00   0.982   1.367
10.32 16.00   2.349    67.792
10.32 16.00   2.124   1.115   2.349   0.486
10.32 16.00   2.126   1.108   2.349   0.479

10.33  0.00   0.449   0.442   0.026   0.076   0.003   0.004   0.334   0.002   0.000   0.004   0.000 897396500
10.33    5.08    61.886
10.33 16.00   0.982   1.367
10.33 16.00   2.349    67.786
10.33 16.00   2.124   1.115   2.349   0.486
10.33 16.00   2.126   1.108   2.349   0.479

10.34  0.00   0.449   0.442   0.026   0.076   0.003   0.004   0.334   0.002   0.000   0.004   0.000 898265300
10.34    5.08    61.873
10.34 16.00   0.981   1.367
10.34 16.00   2.348    67.779
10.34 16.00   2.123   1.114   2.348   0.486
10.34 16.00   2.125   1.107   2.348   0.479

10.35  0.00   0.449   0.442   0.026   0.076   0.003   0.004   0.334   0.002   0.000   0.004   0.000 899134100
10.35    5.08    61.860
10.35 16.00   0.981   1.367
10.35 16.00   2.348    67.772
10.35 16.00   2.123   1.114   2.348   0.486
10.35 16.00   2.125   1.107   2.348   0.479

10.36  0.00   0.449   0.442   0.026   0.076   0.003   0.004   0.334   0.002   0.000   0.004   0.000 900002700
10.36    5.08    61.848
10.36 16.00   0.980   1.367
10.36 16.00   2.347    67.766
10.36 16.00   2.123   1.114   2.347   0.486
10.36 16.00   2.125   1.107   2.347   0.479

10.37  0.00   0.449   0.442   0.026   0.076   0.003   0.004   0.334   0.002   0.000   0.004   0.000 900871500
10.37    5.08    61.835
10.37 16.00   0.980   1.367
10.37 16.00   2.347    67.759
10.37 16.00   2.122   1.114   2.347   0.486
10.37 16.00   2.124   1.107   2.347   0.479

10.38  0.00   0.449   0.442   0.026   0.076   0.003   0.004   0.334   0.002   0.000   0.004   0.000 901740200
10.38    5.08    61.823
10.38 16.00   0.979   1.367
10.38 16.00   2.347    67.753
10.38 16.00   2.122   1.114   2.347   0.486
10.38 16.00   2.124   1.107   2.347   0.479

10.39  0.00   0.449   0.442   0.026   0.076   0.003   0.004   0.334   0.002   0.000   0.004   0.000 902609000
10.39    5.07    61.810
10.39 16.00   0.979   1.367
10.39 16.00   2.346    67.747
10.39 16.00   2.121   1.114   2.346   0.486
10.39 16.00   2.123   1.107   2.346   0.479

10.40  0.00   0.449   0.442   0.026   0.076   0.003   0.004   0.334   0.002   0.000   0.004   0.000 903477600
10.40    5.07    61.798
10.40 16.00   0.979   1.367
10.40 16.00   2.346    67.740
10.40 16.00   2.121   1.113   2.346   0.486
10.40 16.00   2.123   1.107   2.346   0.479

10.41  0.00   0.449   0.442   0.026   0.076   0.003   0.004   0.334   0.002   0.000   0.004   0.000 904346400
10.41    5.07    61.785
10.41 16.00   0.978   1.367
10.41 16.00   2.345    67.734
10.41 16.00   2.121   1.113   2.345   0.486
10.41 16.00   2.123   1.106   2.345   0.478

10.42  0.00   0.449   0.442   0.026   0.076   0.003   0.004   0.334   0.002   0.000   0.004   0.000 905215100
10.42    5.07    61.773
10.42 16.00   0.978   1.367
10.42 16.00   2.345    67.727
10.42 16.00   2.120   1.113   2.345   0.486
10.42 16.00   2.122   1.106   2.345   0.478

10.43  0.00   0.449   0.442   0.026   0.076   0.003   0.004   0.334   0.002   0.000   0.004   0.000 906083800
10.43    5.07    61.760
10.43 16.00   0.977   1.367
10.43 16.00   2.344    67.721
10.43 16.00   2.120   1.113   2.344   0.486
10.43 16.00   2.122   1.106   2.344   0.478

10.44  0.00   0.449   0.442   0.026   0.076   0.003   0.004   0.334   0.002   0.000   0.004   0.000 906952500
10.44    5.07    61.748
10.44 16.00   0.977   1.367
10.44 16.00   2.344    67.714
10.44 16.00   2.119   1.113   2.344   0.486
10.44 16.00   2.121   1.106   2.344   0.478

10.45  0.00   0.449   0.442   0.026   0.076   0.003   0.004   0.334   0.002   0.000   0.004   0.000 907821300
10.45    5.06    61.735
10.45 16.00   0.976   1.367
10.45 16.00   2.344    67.708
10.45 16.00   2.119   1.113   2.344   0.486
10.45 16.00   2.121   1.106   2.344   0.478

10.46  0.00   0.449   0.442   0.026   0.076   0.003   0.004   0.334   0.002   0.000   0.004   0.000 908690000
10.46    5.06    61.723
10.46 16.00   0.976   1.367
10.46 16.00   2.343    67.702
10.46 16.00   2.119   1.113   2.343   0.485
10.46 16.00   2.121   1.106   2.343   0.478

10.47  0.00   0.449   0.442   0.026   0.076   0.003   0.004   0.334   0.002   0.000   0.004   0.000 909558800
10.47    5.06    61.710
10.47 16.00   0.976   1.367
10.47 16.00   2.343    67.695
10.47 16.00   2.118   1.112   2.343   0.485
10.47 16.00   2.120   1.106   2.343   0.478

10.48  0.00   0.449   0.442   0.026   0.076   0.003   0.004   0.334   0.002   0.000   0.004   0.000 910427500
10.48    5.06    61.698
10.48 16.00   0.975   1.367
10.48 16.00   2.342    67.689
10.48 16.00   2.118   1.112   2.342   0.485
10.48 16.00   2.120   1.105   2.342   0.478

10.49  0.00   0.449   0.442   0.026   0.076   0.003   0.004   0.334   0.002   0.000   0.004   0.000 911296200
10.49    5.06    61.686
10.49 16.00   0.975   1.367
10.49 16.00   2.342    67.682
10.49 16.00   2.117   1.112   2.342   0.485
10.49 16.00   2.119   1.105   2.342   0.478

10.50  0.00   0.448   0.442   0.026   0.076   0.003   0.004   0.334   0.002   0.000   0.004   0.000 912164900
10.50    5.06    61.673
10.50 16.00   0.974   1.367
10.50 16.00   2.341    67.676
10.50 16.00   2.117   1.112   2.341   0.485
10.50 16.00   2.119   1.105   2.341   0.478

10.51  0.00   0.448   0.442   0.026   0.076   0.003   0.004   0.334   0.002   0.000   0.004   0.000 913033700
10.51    5.06    61.661
10.51 16.00   0.974   1.367
10.51 16.00   2.341    67.670
10.51 16.00   2.117   1.112   2.341   0.485
10.51 16.00   2.119   1.105   2.341   0.478

10.52  0.00   0.448   0.442   0.026   0.076   0.003   0.004   0.334   0.002   0.000   0.004   0.000 913902500
10.52    5.05    61.649
10.52 16.00   0.973   1.367
10.52 16.00   2.341    67.663
10.52 16.00   2.116   1.112   2.341   0.485
10.52 16.00   2.118   1.105   2.341   0.478

10.53  0.00   0.448   0.442   0.026   0.076   0.003   0.004   0.334   0.002   0.000   0.004   0.000 914771100
10.53    5.05    61.636
10.53 16.00   0.973   1.367
10.53 16.00   2.340    67.657
10.53 16.00   2.116   1.112   2.340   0.485
10.53 16.00   2.118   1.105   2.340   0.478

10.54  0.00   0.448   0.442   0.026   0.076   0.003   0.004   0.334   0.002   0.000   0.004   0.000 915639900
10.54    5.05    61.624
10.54 16.00   0.973   1.367
10.54 16.00   2.340    67.651
10.54 16.00   2.115   1.111   2.340   0.485
10.54 16.00   2.117   1.104   2.340   0.478

10.55  0.00   0.448   0.442   0.026   0.076   0.003   0.004   0.334   0.002   0.000   0.004   0.000 916508600
10.55    5.05    61.612
10.55 16.00   0.972   1.367
10.55 16.00   2.339    67.644
10.55 16.00   2.115   1.111   2.339   0.485
10.55 16.00   2.117   1.104   2.339   0.478

10.56  0.00   0.448   0.442   0.026   0.076   0.003   0.004   0.334   0.002   0.000   0.004   0.000 917377300
10.56    5.05    61.600
10.56 16.00   0.972   1.367
10.56 16.00   2.339    67.638
10.56 16.00   2.115   1.111   2.339   0.485
10.56 16.00   2.117   1.104   2.339   0.478

10.57  0.00   0.448   0.442   0.026   0.076   0.003   0.004   0.334   0.002   0.000   0.004   0.000 918246000
10.57    5.05    61.587
10.57 16.00   0.971   1.367
10.57 16.00   2.338    67.632
10.57 16.00   2.114   1.111   2.338   0.485
10.57 16.00   2.116   1.104   2.338   0.478

10.58  0.00   0.448   0.442   0.026   0.076   0.003   0.004   0.334   0.002   0.000   0.004   0.000 919114800
10.58    5.04    61.575
10.58 16.00   0.971   1.367
10.58 16.00   2.338    67.625
10.58 16.00   2.114   1.111   2.338   0.485
10.58 16.00   2.116   1.104   2.338   0.478

10.59  0.00   0.448   0.442   0.026   0.076   0.003   0.004   0.334   0.002   0.000   0.004   0.000 919983500
10.59    5.04    61.563
10.59 16.00   0.970   1.367
10.59 16.00   2.338    67.619
10.59 16.00   2.113   1.111   2.338   0.485
10.59 16.00   2.115   1.104   2.338   0.478

10.60  0.00   0.448   0.442   0.026   0.076   0.003   0.004   0.334   0.002   0.000   0.004   0.000 920852300
10.60    5.04    61.551
10.60 16.00   0.970   1.367
10.60 16.00   2.337    67.613
10.60 16.00   2.113   1.110   2.337   0.485
10.60 16.00   2.115   1.104   2.337   0.478

10.61  0.00   0.448   0.442   0.026   0.076   0.003   0.004   0.334   0.002   0.000   0.004   0.000 921721000
10.61    5.04    61.538
10.61 16.00   0.970   1.367
10.61 16.00   2.337    67.607
10.61 16.00   2.113   1.110   2.337   0.485
10.61 16.00   2.115   1.103   2.337   0.478

10.62  0.00   0.448   0.442   0.026   0.076   0.003   0.004   0.334   0.002   0.000   0.004   0.000 922589700
10.62    5.04    61.526
10.62 16.00   0.969   1.367
10.62 16.00   2.336    67.600
10.62 16.00   2.112   1.110   2.336   0.485
10.62 16.00   2.114   1.103   2.336   0.478

10.63  0.00   0.448   0.441   0.026   0.076   0.003   0.004   0.334   0.002   0.000   0.004   0.000 923458400
10.63    5.04    61.514
10.63 16.00   0.969   1.367
10.63 16.00   2.336    67.594
10.63 16.00   2.112   1.110   2.336   0.485
10.63 16.00   2.114   1.103   2.336   0.478

10.64  0.00   0.448   0.441   0.026   0.076   0.003   0.004   0.334   0.002   0.000   0.004   0.000 924327200
10.64    5.04    61.502
10.64 16.00   0.968   1.367
10.64 16.00   2.336    67.588
10.64 16.00   2.111   1.110   2.336   0.485
10.64 16.00   2.113   1.103   2.336   0.478

10.65  0.00   0.448   0.441   0.026   0.076   0.003   0.004   0.333   0.002   0.000   0.004   0.000 925195800
10.65    5.03    61.490
10.65 16.00   0.968   1.367
10.65 16.00   2.335    67.582
10.65 16.00   2.111   1.110   2.335   0.485
10.65 16.00   2.113   1.103   2.335   0.478

10.66  0.00   0.448   0.441   0.026   0.076   0.003   0.004   0.333   0.002   0.000   0.004   0.000 926064600
10.66    5.03    61.478
10.66 16.00   0.968   1.367
10.66 16.00   2.335    67.576
10.66 16.00   2.111   1.110   2.335   0.485
10.66 16.00   2.113   1.103   2.335   0.478

10.67  0.00   0.448   0.441   0.026   0.076   0.003   0.004   0.333   0.002   0.000   0.004   0.000 926933300
10.67    5.03    61.466
10.67 16.00   0.967   1.367
10.67 16.00   2.334    67.569
10.67 16.00   2.110   1.109   2.334   0.485
10.67 16.00   2.112   1.103   2.334   0.478

10.68  0.00   0.448   0.441   0.026   0.076   0.003   0.004   0.333   0.002   0.000   0.004   0.000 927802100
10.68    5.03    61.454
10.68 16.00   0.967   1.367
10.68 16.00   2.334    67.563
10.68 16.00   2.110   1.109   2.334   0.485
10.68 16.00   2.112   1.102   2.334   0.478

10.69  0.00   0.448   0.441   0.026   0.076   0.003   0.004   0.333   0.002   0.000   0.004   0.000 928670700
10.69    5.03    61.442
10.69 16.00   0.966   1.367
10.69 16.00   2.334    67.557
10.69 16.00   2.109   1.109   2.334   0.485
10.69 16.00   2.111   1.102   2.334   0.478

10.70  0.00   0.448   0.441   0.026   0.076   0.003   0.004   0.333   0.002   0.000   0.004   0.000 929539500
10.70    5.03    61.429
10.70 16.00   0.966   1.367
10.70 16.00   2.333    67.551
10.70 16.00   2.109   1.109   2.333   0.485
10.70 16.00   2.111   1.102   2.333   0.478

10.71  0.00   0.448   0.441   0.026   0.076   0.003   0.004   0.333   0.002   0.000   0.004   0.000 930408300
10.71    5.03    61.417
10.71 16.00   0.966   1.367
10.71 16.00   2.333    67.545
10.71 16.00   2.109   1.109   2.333   0.485
10.71 16.00   2.111   1.102   2.333   0.478

10.72  0.00   0.448   0.441   0.026   0.076   0.003   0.004   0.333   0.002   0.000   0.004   0.000 931277000
10.72    5.02    61.405
10.72 16.00   0.965   1.367
10.72 16.00   2.332    67.538
10.72 16.00   2.108   1.109   2.332   0.485
10.72 16.00   2.110   1.102   2.332   0.477

10.73  0.00   0.448   0.441   0.026   0.076   0.003   0.004   0.333   0.002   0.000   0.004   0.000 932145700
10.73    5.02    61.393
10.73 16.00   0.965   1.367
10.73 16.00   2.332    67.532
10.73 16.00   2.108   1.109   2.332   0.485
10.73 16.00   2.110   1.102   2.332   0.477

10.74  0.00   0.448   0.441   0.026   0.076   0.003   0.004   0.333   0.002   0.000   0.004   0.000 933014400
10.74    5.02    61.381
10.74 16.00   0.964   1.367
10.74 16.00   2.331    67.526
10.74 16.00   2.108   1.108   2.331   0.485
10.74 16.00   2.110   1.102   2.331   0.477

10.75  0.00   0.448   0.441   0.026   0.076   0.003   0.004   0.333   0.002   0.000   0.004   0.000 933883100
10.75    5.02    61.369
10.75 16.00   0.964   1.367
10.75 16.00   2.331    67.520
10.75 16.00   2.107   1.108   2.331   0.485
10.75 16.00   2.109   1.101   2.331   0.477

10.76  0.00   0.448   0.441   0.026   0.076   0.003   0.004   0.333   0.002   0.000   0.004   0.000 934751900
10.76    5.02    61.358
10.76 16.00   0.963   1.367
10.76 16.00   2.331    67.514
10.76 16.00   2.107   1.108   2.331   0.485
10.76 16.00   2.109   1.101   2.331   0.477

10.77  0.00   0.448   0.441   0.026   0.076   0.003   0.004   0.333   0.002   0.000   0.004   0.000 935620700
10.77    5.02    61.346
10.77 16.00   0.963   1.367
10.77 16.00   2.330    67.508
10.77 16.00   2.106   1.108   2.330   0.485
10.77 16.00   2.108   1.101   2.330   0.477

10.78  0.00   0.448   0.441   0.026   0.076   0.003   0.004   0.333   0.002   0.000   0.004   0.000 936489300
10.78    5.02    61.334
10.78 16.00   0.963   1.367
10.78 16.00   2.330    67.502
10.78 16.00   2.106   1.108   2.330   0.484
10.78 16.00   2.108   1.101   2.330   0.477

10.79  0.00   0.448   0.441   0.026   0.076   0.003   0.004   0.333   0.002   0.000   0.004   0.000 937358100
10.79    5.01    61.322
10.79 16.00   0.962   1.367
10.79 16.00   2.329    67.496
10.79 16.00   2.106   1.108   2.329   0.484
10.79 16.00   2.108   1.101   2.329   0.477

10.80  0.00   0.448   0.441   0.026   0.076   0.003   0.004   0.333   0.002   0.000   0.004   0.000 938226800
10.80    5.01    61.310
10.80 16.00   0.962   1.367
10.80 16.00   2.329    67.490
10.80 16.00   2.105   1.108   2.329   0.484
10.80 16.00   2.107   1.101   2.329   0.477

10.81  0.00   0.448   0.441   0.026   0.076   0.003   0.004   0.333   0.002   0.000   0.004   0.000 939095600
10.81    5.01    61.298
10.81 16.00   0.961   1.367
10.81 16.00   2.329    67.484
10.81 16.00   2.105   1.107   2.329   0.484
10.81 16.00   2.107   1.101   2.329   0.477

10.82  0.00   0.448   0.441   0.026   0.076   0.003   0.004   0.333   0.002   0.000   0.004   0.000 939964200
10.82    5.01    61.286
10.82 16.00   0.961   1.367
10.82 16.00   2.328    67.477
10.82 16.00   2.105   1.107   2.328   0.484
10.82 16.00   2.106   1.100   2.328   0.477

10.83  0.00   0.448   0.441   0.026   0.076   0.003   0.004   0.333   0.002   0.000   0.004   0.000 940833000
10.83    5.01    61.274
10.83 16.00   0.961   1.367
10.83 16.00   2.328    67.471
10.83 16.00   2.104   1.107   2.328   0.484
10.83 16.00   2.106   1.100   2.328   0.477

10.84  0.00   0.447   0.441   0.026   0.076   0.003   0.004   0.333   0.002   0.000   0.004   0.000 941701700
10.84    5.01    61.262
10.84 16.00   0.960   1.367
10.84 16.00   2.327    67.465
10.84 16.00   2.104   1.107   2.327   0.484
10.84 16.00   2.106   1.100   2.327   0.477

10.85  0.00   0.447   0.441   0.026   0.076   0.003   0.004   0.333   0.002   0.000   0.004   0.000 942570500
10.85    5.00    61.251
10.85 16.00   0.960   1.367
10.85 16.00   2.327    67.459
10.85 16.00   2.103   1.107   2.327   0.484
10.85 16.00   2.105   1.100   2.327   0.477

10.86  0.00   0.447   0.441   0.026   0.076   0.003   0.004   0.333   0.002   0.000   0.004   0.000 943439200
10.86    5.00    61.239
10.86 16.00   0.959   1.367
10.86 16.00   2.327    67.453
10.86 16.00   2.103   1.107   2.327   0.484
10.86 16.00   2.105   1.100   2.327   0.477

10.87  0.00   0.447   0.441   0.026   0.076   0.003   0.004   0.333   0.002   0.000   0.004   0.000 944307900
10.87    5.00    61.227
10.87 16.00   0.959   1.367
10.87 16.00   2.326    67.447
10.87 16.00   2.103   1.107   2.326   0.484
10.87 16.00   2.105   1.100   2.326   0.477

10.88  0.00   0.447   0.441   0.026   0.076   0.003   0.004   0.333   0.002   0.000   0.004   0.000 945176600
10.88    5.00    61.215
10.88 16.00   0.959   1.367
10.88 16.00   2.326    67.441
10.88 16.00   2.102   1.106   2.326   0.484
10.88 16.00   2.104   1.100   2.326   0.477

10.89  0.00   0.447   0.441   0.026   0.076   0.003   0.004   0.333   0.002   0.000   0.004   0.000 946045400
10.89    5.00    61.203
10.89 16.00   0.958   1.367
10.89 16.00   2.325    67.435
10.89 16.00   2.102   1.106   2.325   0.484
10.89 16.00   2.104   1.099   2.325   0.477

10.90  0.00   0.447   0.441   0.026   0.076   0.003   0.004   0.333   0.002   0.000   0.004   0.000 946914000
10.90    5.00    61.192
10.90 16.00   0.958   1.367
10.90 16.00   2.325    67.429
10.90 16.00   2.102   1.106   2.325   0.484
10.90 16.00   2.103   1.099   2.325   0.477

10.91  0.00   0.447   0.441   0.026   0.076   0.003   0.004   0.333   0.002   0.000   0.004   0.000 947782800
10.91    5.00    61.180
10.91 16.00   0.957   1.367
10.91 16.00   2.325    67.423
10.91 16.00   2.101   1.106   2.325   0.484
10.91 16.00   2.103   1.099   2.325   0.477

10.92  0.00   0.447   0.441   0.026   0.076   0.003   0.004   0.333   0.002   0.000   0.004   0.000 948651500
10.92    4.99    61.168
10.92 16.00   0.957   1.367
10.92 16.00   2.324    67.417
10.92 16.00   2.101   1.106   2.324   0.484
10.92 16.00   2.103   1.099   2.324   0.477

10.93  0.00   0.447   0.441   0.026   0.076   0.003   0.004   0.333   0.002   0.000   0.004   0.000 949520300
10.93    4.99    61.157
10.93 16.00   0.957   1.367
10.93 16.00   2.324    67.411
10.93 16.00   2.100   1.106   2.324   0.484
10.93 16.00   2.102   1.099   2.324   0.477

10.94  0.00   0.447   0.441   0.026   0.076   0.003   0.004   0.333   0.002   0.000   0.004   0.000 950389000
10.94    4.99    61.145
10.94 16.00   0.956   1.367
10.94 16.00   2.323    67.405
10.94 16.00   2.100   1.106   2.323   0.484
10.94 16.00   2.102   1.099   2.323   0.477

10.95  0.00   0.447   0.441   0.026   0.076   0.003   0.004   0.333   0.002   0.000   0.004   0.000 951257700
10.95    4.99    61.133
10.95 16.00   0.956   1.367
10.95 16.00   2.323    67.400
10.95 16.00   2.100   1.106   2.323   0.484
10.95 16.00   2.102   1.099   2.323   0.477

10.96  0.00   0.447   0.441   0.026   0.076   0.003   0.004   0.333   0.002   0.000   0.004   0.000 952126500
10.96    4.99    61.122
10.96 16.00   0.955   1.367
10.96 16.00   2.323    67.394
10.96 16.00   2.099   1.105   2.323   0.484
10.96 16.00   2.101   1.099   2.323   0.477

10.97  0.00   0.447   0.441   0.026   0.076   0.003   0.004   0.333   0.002   0.000   0.004   0.000 952995200
10.97    4.99    61.110
10.97 16.00   0.955   1.367
10.97 16.00   2.322    67.388
10.97 16.00   2.099   1.105   2.322   0.484
10.97 16.00   2.101   1.098   2.322   0.477

10.98  0.00   0.447   0.440   0.026   0.076   0.003   0.004   0.333   0.002   0.000   0.004   0.000 953863900
10.98    4.99    61.098
10.98 16.00   0.955   1.367
10.98 16.00   2.322    67.382
10.98 16.00   2.099   1.105   2.322   0.484
10.98 16.00   2.101   1.098   2.322   0.477

10.99  0.00   0.447   0.440   0.026   0.076   0.003   0.004   0.333   0.002   0.000   0.004   0.000 954732600
10.99    4.99    61.087
10.99 16.00   0.954   1.367
10.99 16.00   2.321    67.376
10.99 16.00   2.098   1.105   2.321   0.484
10.99 16.00   2.100   1.098   2.321   0.477

11.00  0.00   0.447   0.440   0.026   0.076   0.003   0.004   0.333   0.002   0.000   0.004   0.000 955601300
11.00    4.98    61.075
11.00 16.00   0.954   1.367
11.00 16.00   2.321    67.370
11.00 16.00   2.098   1.105   2.321   0.484
11.00 16.00   2.100   1.098   2.321   0.477

11.01  0.00   0.447   0.440   0.026   0.076   0.003   0.004   0.333   0.002   0.000   0.004   0.000 956470100
11.01    4.98    61.064
11.01 16.00   0.954   1.367
11.01 16.00   2.321    67.364
11.01 16.00   2.097   1.105   2.321   0.484
11.01 16.00   2.099   1.098   2.321   0.477

11.02  0.00   0.447   0.440   0.026   0.076   0.003   0.004   0.333   0.002   0.000   0.004   0.000 957338900
11.02    4.98    61.052
11.02 16.00   0.953   1.367
11.02 16.00   2.320    67.358
11.02 16.00   2.097   1.105   2.320   0.484
11.02 16.00   2.099   1.098   2.320   0.477

11.03  0.00   0.447   0.440   0.026   0.076   0.003   0.004   0.333   0.002   0.000   0.004   0.000 958207600
11.03    4.98    61.040
11.03 16.00   0.953   1.367
11.03 16.00   2.320    67.352
11.03 16.00   2.097   1.104   2.320   0.484
11.03 16.00   2.099   1.098   2.320   0.477

11.04  0.00   0.447   0.440   0.026   0.076   0.003   0.004   0.333   0.002   0.000   0.004   0.000 959076300
11.04    4.98    61.029
11.04 16.00   0.952   1.367
11.04 16.00   2.320    67.347
11.04 16.00   2.096   1.104   2.320   0.484
11.04 16.00   2.098   1.097   2.320   0.477

11.05  0.00   0.447   0.440   0.026   0.076   0.003   0.004   0.333   0.002   0.000   0.004   0.000 959945000
11.05    4.98    61.017
11.05 16.00   0.952   1.367
11.05 16.00   2.319    67.341
11.05 16.00   2.096   1.104   2.319   0.484
11.05 16.00   2.098   1.097   2.319   0.476

11.06  0.00   0.447   0.440   0.026   0.076   0.003   0.004   0.333   0.002   0.000   0.004   0.000 960813800
11.06    4.98    61.006
11.06 16.00   0.952   1.367
11.06 16.00   2.319    67.335
11.06 16.00   2.096   1.104   2.319   0.484
11.06 16.00   2.098   1.097   2.319   0.476

11.07  0.00   0.447   0.440   0.026   0.076   0.003   0.004   0.333   0.002   0.000   0.004   0.000 961682400
11.07    4.97    60.994
11.07 16.00   0.951   1.367
11.07 16.00   2.318    67.329
11.07 16.00   2.095   1.104   2.318   0.484
11.07 16.00   2.097   1.097   2.318   0.476

11.08  0.00   0.447   0.440   0.026   0.076   0.003   0.004   0.333   0.002   0.000   0.004   0.000 962551200
11.08    4.97    60.983
11.08 16.00   0.951   1.367
11.08 16.00   2.318    67.323
11.08 16.00   2.095   1.104   2.318   0.484
11.08 16.00   2.097   1.097   2.318   0.476

11.09  0.00   0.447   0.440   0.026   0.076   0.003   0.004   0.333   0.002   0.000   0.004   0.000 963420000
11.09    4.97    60.971
11.09 16.00   0.950   1.367
11.09 16.00   2.318    67.317
11.09 16.00   2.095   1.104   2.318   0.484
11.09 16.00   2.096   1.097   2.318   0.476

11.10  0.00   0.447   0.440   0.026   0.076   0.003   0.004   0.333   0.002   0.000   0.003   0.000 964288700
11.10    4.97    60.960
11.10 16.00   0.950   1.367
11.10 16.00   2.317    67.312
11.10 16.00   2.094   1.103   2.317   0.484
11.10 16.00   2.096   1.097   2.317   0.476

11.11  0.00   0.447   0.440   0.026   0.076   0.003   0.004   0.333   0.002   0.000   0.003   0.000 965157400
11.11    4.97    60.949
11.11 16.00   0.950   1.367
11.11 16.00   2.317    67.306
11.11 16.00   2.094   1.103   2.317   0.483
11.11 16.00   2.096   1.096   2.317   0.476

11.12  0.00   0.447   0.440   0.026   0.076   0.003   0.004   0.333   0.002   0.000   0.003   0.000 966026100
11.12    4.97    60.937
11.12 16.00   0.949   1.367
11.12 16.00   2.316    67.300
11.12 16.00   2.093   1.103   2.316   0.483
11.12 16.00   2.095   1.096   2.316   0.476

11.13  0.00   0.447   0.440   0.026   0.076   0.003   0.004   0.333   0.002   0.000   0.003   0.000 966894800
11.13    4.97    60.926
11.13 16.00   0.949   1.367
11.13 16.00   2.316    67.294
11.13 16.00   2.093   1.103   2.316   0.483
11.13 16.00   2.095   1.096   2.316   0.476

11.14  0.00   0.447   0.440   0.026   0.076   0.003   0.004   0.333   0.002   0.000   0.003   0.000 967763600
11.14    4.96    60.914
11.14 16.00   0.949   1.367
11.14 16.00   2.316    67.288
11.14 16.00   2.093   1.103   2.316   0.483
11.14 16.00   2.095   1.096   2.316   0.476

11.15  0.00   0.447   0.440   0.026   0.076   0.003   0.004   0.333   0.002   0.000   0.003   0.000 968632300
11.15    4.96    60.903
11.15 16.00   0.948   1.367
11.15 16.00   2.315    67.283
11.15 16.00   2.092   1.103   2.315   0.483
11.15 16.00   2.094   1.096   2.315   0.476

11.16  0.00   0.447   0.440   0.026   0.076   0.003   0.004   0.333   0.002   0.000   0.003   0.000 969501000
11.16    4.96    60.892
11.16 16.00   0.948   1.367
11.16 16.00   2.315    67.277
11.16 16.00   2.092   1.103   2.315   0.483
11.16 16.00   2.094   1.096   2.315   0.476

11.17  0.00   0.447   0.440   0.026   0.076   0.003   0.004   0.333   0.002   0.000   0.003   0.000 970369800
11.17    4.96    60.880
11.17 16.00   0.947   1.367
11.17 16.00   2.315    67.271
11.17 16.00   2.092   1.103   2.315   0.483
11.17 16.00   2.094   1.096   2.315   0.476

11.18  0.00   0.447   0.440   0.026   0.076   0.003   0.004   0.333   0.002   0.000   0.003   0.000 971238500
11.18    4.96    60.869
11.18 16.00   0.947   1.367
11.18 16.00   2.314    67.265
11.18 16.00   2.091   1.102   2.314   0.483
11.18 16.00   2.093   1.096   2.314   0.476

11.19  0.00   0.447   0.440   0.026   0.076   0.003   0.004   0.333   0.002   0.000   0.003   0.000 972107200
11.19    4.96    60.857
11.19 16.00   0.947   1.367
11.19 16.00   2.314    67.260
11.19 16.00   2.091   1.102   2.314   0.483
11.19 16.00   2.093   1.095   2.314   0.476

11.20  0.00   0.447   0.440   0.026   0.076   0.003   0.004   0.333   0.002   0.000   0.003   0.000 972975900
11.20    4.96    60.846
11.20 16.00   0.946   1.367
11.20 16.00   2.313    67.254
11.20 16.00   2.091   1.102   2.313   0.483
11.20 16.00   2.093   1.095   2.313   0.476

11.21  0.00   0.446   0.440   0.026   0.076   0.003   0.004   0.333   0.002   0.000   0.003   0.000 973844700
11.21    4.95    60.835
11.21 16.00   0.946   1.367
11.21 16.00   2.313    67.248
11.21 16.00   2.090   1.102   2.313   0.483
11.21 16.00   2.092   1.095   2.313   0.476

11.22  0.00   0.446   0.440   0.026   0.076   0.003   0.004   0.333   0.002   0.000   0.003   0.000 974713400
11.22    4.95    60.824
11.22 16.00   0.945   1.367
11.22 16.00   2.313    67.243
11.22 16.00   2.090   1.102   2.313   0.483
11.22 16.00   2.092   1.095   2.313   0.476

11.23  0.00   0.446   0.440   0.026   0.076   0.003   0.004   0.333   0.002   0.000   0.003   0.000 975582100
11.23    4.95    60.812
11.23 16.00   0.945   1.367
11.23 16.00   2.312    67.237
11.23 16.00   2.090   1.102   2.312   0.483
11.23 16.00   2.091   1.095   2.312   0.476

11.24  0.00   0.446   0.440   0.026   0.076   0.003   0.004   0.333   0.002   0.000   0.003   0.000 976450800
11.24    4.95    60.801
11.24 16.00   0.945   1.367
11.24 16.00   2.312    67.231
11.24 16.00   2.089   1.102   2.312   0.483
11.24 16.00   2.091   1.095   2.312   0.476

11.25  0.00   0.446   0.440   0.026   0.076   0.003   0.004   0.333   0.002   0.000   0.003   0.000 977319600
11.25    4.95    60.790
11.25 16.00   0.944   1.367
11.25 16.00   2.312    67.225
11.25 16.00   2.089   1.102   2.312   0.483
11.25 16.00   2.091   1.095   2.312   0.476

11.26  0.00   0.446   0.440   0.026   0.076   0.003   0.004   0.333   0.002   0.000   0.003   0.000 978188400
11.26    4.95    60.779
11.26 16.00   0.944   1.367
11.26 16.00   2.311    67.220
11.26 16.00   2.088   1.101   2.311   0.483
11.26 16.00   2.090   1.094   2.311   0.476

11.27  0.00   0.446   0.440   0.026   0.076   0.003   0.004   0.333   0.002   0.000   0.003   0.000 979057100
11.27    4.95    60.767
11.27 16.00   0.944   1.367
11.27 16.00   2.311    67.214
11.27 16.00   2.088   1.101   2.311   0.483
11.27 16.00   2.090   1.094   2.311   0.476

11.28  0.00   0.446   0.440   0.026   0.076   0.003   0.004   0.333   0.002   0.000   0.003   0.000 979925800
11.28    4.95    60.756
11.28 16.00   0.943   1.367
11.28 16.00   2.310    67.208
11.28 16.00   2.088   1.101   2.310   0.483
11.28 16.00   2.090   1.094   2.310   0.476

11.29  0.00   0.446   0.440   0.026   0.076   0.003   0.004   0.333   0.002   0.000   0.003   0.000 980794500
11.29    4.94    60.745
11.29 16.00   0.943   1.367
11.29 16.00   2.310    67.203
11.29 16.00   2.087   1.101   2.310   0.483
11.29 16.00   2.089   1.094   2.310   0.476

11.30  0.00   0.446   0.440   0.026   0.076   0.003   0.004   0.333   0.002   0.000   0.003   0.000 981663200
11.30    4.94    60.734
11.30 16.00   0.942   1.367
11.30 16.00   2.310    67.197
11.30 16.00   2.087   1.101   2.310   0.483
11.30 16.00   2.089   1.094   2.310   0.476

11.31  0.00   0.446   0.440   0.026   0.076   0.003   0.004   0.333   0.002   0.000   0.003   0.000 982532000
11.31    4.94    60.723
11.31 16.00   0.942   1.367
11.31 16.00   2.309    67.192
11.31 16.00   2.087   1.101   2.309   0.483
11.31 16.00   2.089   1.094   2.309   0.476

11.32  0.00   0.446   0.440   0.026   0.076   0.003   0.004   0.333   0.002   0.000   0.003   0.000 983400600
11.32    4.94    60.712
11.32 16.00   0.942   1.367
11.32 16.00   2.309    67.186
11.32 16.00   2.086   1.101   2.309   0.483
11.32 16.00   2.088   1.094   2.309   0.476

11.33  0.00   0.446   0.440   0.026   0.076   0.003   0.004   0.332   0.002   0.000   0.003   0.000 984269400
11.33    4.94    60.700
11.33 16.00   0.941   1.367
11.33 16.00   2.309    67.180
11.33 16.00   2.086   1.100   2.309   0.483
11.33 16.00   2.088   1.094   2.309   0.476

11.34  0.00   0.446   0.440   0.026   0.076   0.003   0.004   0.332   0.002   0.000   0.003   0.000 985138200
11.34    4.94    60.689
11.34 16.00   0.941   1.367
11.34 16.00   2.308    67.175
11.34 16.00   2.086   1.100   2.308   0.483
11.34 16.00   2.088   1.093   2.308   0.476

11.35  0.00   0.446   0.440   0.026   0.076   0.003   0.004   0.332   0.002   0.000   0.003   0.000 986006900
11.35    4.94    60.678
11.35 16.00   0.941   1.367
11.35 16.00   2.308    67.169
11.35 16.00   2.085   1.100   2.308   0.483
11.35 16.00   2.087   1.093   2.308   0.476

11.36  0.00   0.446   0.439   0.026   0.076   0.003   0.004   0.332   0.002   0.000   0.003   0.000 986875600
11.36    4.93    60.667
11.36 16.00   0.940   1.367
11.36 16.00   2.307    67.164
11.36 16.00   2.085   1.100   2.307   0.483
11.36 16.00   2.087   1.093   2.307   0.476

11.37  0.00   0.446   0.439   0.026   0.076   0.003   0.004   0.332   0.002   0.000   0.003   0.000 987744300
11.37    4.93    60.656
11.37 16.00   0.940   1.367
11.37 16.00   2.307    67.158
11.37 16.00   2.085   1.100   2.307   0.483
11.37 16.00   2.087   1.093   2.307   0.476

11.38  0.00   0.446   0.439   0.026   0.076   0.003   0.004   0.332   0.002   0.000   0.003   0.000 988613100
11.38    4.93    60.645
11.38 16.00   0.940   1.367
11.38 16.00   2.307    67.152
11.38 16.00   2.084   1.100   2.307   0.483
11.38 16.00   2.086   1.093   2.307   0.476

11.39  0.00   0.446   0.439   0.026   0.076   0.003   0.004   0.332   0.002   0.000   0.003   0.000 989481800
11.39    4.93    60.634
11.39 16.00   0.939   1.367
11.39 16.00   2.306    67.147
11.39 16.00   2.084   1.100   2.306   0.483
11.39 16.00   2.086   1.093   2.306   0.476

11.40  0.00   0.446   0.439   0.026   0.076   0.003   0.004   0.332   0.002   0.000   0.003   0.000 990350500
11.40    4.93    60.623
11.40 16.00   0.939   1.367
11.40 16.00   2.306    67.141
11.40 16.00   2.084   1.100   2.306   0.483
11.40 16.00   2.086   1.093   2.306   0.476

11.41  0.00   0.446   0.439   0.026   0.076   0.003   0.004   0.332   0.002   0.000   0.003   0.000 991219200
11.41    4.93    60.612
11.41 16.00   0.938   1.367
11.41 16.00   2.306    67.136
11.41 16.00   2.083   1.099   2.306   0.483
11.41 16.00   2.085   1.093   2.306   0.475

11.42  0.00   0.446   0.439   0.026   0.076   0.003   0.004   0.332   0.002   0.000   0.003   0.000 992088000
11.42    4.93    60.601
11.42 16.00   0.938   1.367
11.42 16.00   2.305    67.130
11.42 16.00   2.083   1.099   2.305   0.483
11.42 16.00   2.085   1.092   2.305   0.475

11.43  0.00   0.446   0.439   0.026   0.076   0.003   0.004   0.332   0.002   0.000   0.003   0.000 992956700
11.43    4.93    60.590
11.43 16.00   0.938   1.367
11.43 16.00   2.305    67.125
11.43 16.00   2.083   1.099   2.305   0.483
11.43 16.00   2.085   1.092   2.305   0.475

11.44  0.00   0.446   0.439   0.026   0.076   0.003   0.004   0.332   0.002   0.000   0.003   0.000 993825400
11.44    4.92    60.579
11.44 16.00   0.937   1.367
11.44 16.00   2.304    67.119
11.44 16.00   2.082   1.099   2.304   0.483
11.44 16.00   2.084   1.092   2.304   0.475

11.45  0.00   0.446   0.439   0.026   0.076   0.003   0.004   0.332   0.002   0.000   0.003   0.000 994694100
11.45    4.92    60.568
11.45 16.00   0.937   1.367
11.45 16.00   2.304    67.114
11.45 16.00   2.082   1.099   2.304   0.483
11.45 16.00   2.084   1.092   2.304   0.475

11.46  0.00   0.446   0.439   0.026   0.076   0.003   0.004   0.332   0.002   0.000   0.003   0.000 995562900
11.46    4.92    60.557
11.46 16.00   0.937   1.367
11.46 16.00   2.304    67.108
11.46 16.00   2.082   1.099   2.304   0.483
11.46 16.00   2.083   1.092   2.304   0.475

11.47  0.00   0.446   0.439   0.026   0.076   0.003   0.004   0.332   0.002   0.000   0.003   0.000 996431600
11.47    4.92    60.530
11.47 16.00   0.936   1.367
11.47 16.00   2.303    67.103
11.47 16.00   2.081   1.099   2.303   0.482
11.47 16.00   2.083   1.092   2.303   0.475

11.48  0.00   0.446   0.439   0.026   0.076   0.003   0.004   0.332   0.002   0.000   0.003   0.000 997300300
11.48    4.91    60.516
11.48 16.00   0.936   1.367
11.48 16.00   2.303    67.097
11.48 16.00   2.081   1.099   2.303   0.482
11.48 16.00   2.083   1.092   2.303   0.475

11.49  0.00   0.446   0.439   0.026   0.076   0.003   0.004   0.332   0.002   0.000   0.003   0.000 998169000
11.49    4.91    60.503
11.49 16.00   0.936   1.367
11.49 16.00   2.303    67.092
11.49 16.00   2.080   1.098   2.303   0.482
11.49 16.00   2.082   1.092   2.303   0.475

11.50  0.00   0.446   0.439   0.026   0.076   0.003   0.004   0.332   0.002   0.000   0.003   0.000 999037800
11.50    4.91    60.490
11.50 16.00   0.935   1.367
11.50 16.00   2.302    67.086
11.50 16.00   2.080   1.098   2.302   0.482
11.50 16.00   2.082   1.091   2.302   0.475

11.51  0.00   0.446   0.439   0.026   0.076   0.003   0.004   0.332   0.002   0.000   0.003   0.000 999906600
11.51    4.91    60.477
11.51 16.00   0.935   1.367
11.51 16.00   2.302    67.081
11.51 16.00   2.080   1.098   2.302   0.482
11.51 16.00   2.082   1.091   2.302   0.475

11.52  0.00   0.446   0.439   0.026   0.076   0.003   0.004   0.332   0.002   0.000   0.003   0.000 1000775000
11.52    4.91    60.464
11.52 16.00   0.934   1.367
11.52 16.00   2.302    67.075
11.52 16.00   2.079   1.098   2.302   0.482
11.52 16.00   2.081   1.091   2.302   0.475

11.53  0.00   0.446   0.439   0.026   0.076   0.003   0.004   0.332   0.002   0.000   0.003   0.000 1001644000
11.53    4.90    60.451
11.53 16.00   0.934   1.367
11.53 16.00   2.301    67.070
11.53 16.00   2.079   1.098   2.301   0.482
11.53 16.00   2.081   1.091   2.301   0.475

11.54  0.00   0.446   0.439   0.026   0.076   0.003   0.004   0.332   0.002   0.000   0.003   0.000 1002513000
11.54    4.90    60.438
11.54 16.00   0.934   1.367
11.54 16.00   2.301    67.064
11.54 16.00   2.079   1.098   2.301   0.482
11.54 16.00   2.081   1.091   2.301   0.475

11.55  0.00   0.446   0.439   0.026   0.076   0.003   0.004   0.332   0.002   0.000   0.003   0.000 1003381000
11.55    4.90    60.425
11.55 16.00   0.933   1.367
11.55 16.00   2.301    67.059
11.55 16.00   2.078   1.098   2.301   0.482
11.55 16.00   2.080   1.091   2.301   0.475

11.56  0.00   0.446   0.439   0.026   0.076   0.003   0.004   0.332   0.002   0.000   0.003   0.000 1004250000
11.56    4.90    60.412
11.56 16.00   0.933   1.367
11.56 16.00   2.300    67.054
11.56 16.00   2.078   1.098   2.300   0.482
11.56 16.00   2.080   1.091   2.300   0.475

11.57  0.00   0.446   0.439   0.026   0.076   0.003   0.004   0.332   0.002   0.000   0.003   0.000 1005119000
11.57    4.90    60.399
11.57 16.00   0.933   1.367
11.57 16.00   2.300    67.048
11.57 16.00   2.078   1.097   2.300   0.482
11.57 16.00   2.080   1.091   2.300   0.475

11.58  0.00   0.446   0.439   0.026   0.076   0.003   0.004   0.332   0.002   0.000   0.003   0.000 1005988000
11.58    4.89    60.386
11.58 16.00   0.932   1.367
11.58 16.00   2.299    67.043
11.58 16.00   2.077   1.097   2.299   0.482
11.58 16.00   2.079   1.090   2.299   0.475

11.59  0.00   0.446   0.439   0.026   0.076   0.003   0.004   0.332   0.002   0.000   0.003   0.000 1006856000
11.59    4.89    60.373
11.59 16.00   0.932   1.367
11.59 16.00   2.299    67.037
11.59 16.00   2.077   1.097   2.299   0.482
11.59 16.00   2.079   1.090   2.299   0.475

11.60  0.00   0.446   0.439   0.026   0.076   0.003   0.004   0.332   0.002   0.000   0.003   0.000 1007725000
11.60    4.89    60.360
11.60 16.00   0.932   1.367
11.60 16.00   2.299    67.032
11.60 16.00   2.077   1.097   2.299   0.482
11.60 16.00   2.079   1.090   2.299   0.475

11.61  0.00   0.445   0.439   0.026   0.076   0.003   0.004   0.332   0.002   0.000   0.003   0.000 1008594000
11.61    4.89    60.348
11.61 16.00   0.931   1.367
11.61 16.00   2.298    67.027
11.61 16.00   2.076   1.097   2.298   0.482
11.61 16.00   2.078   1.090   2.298   0.475

11.62  0.00   0.445   0.439   0.026   0.076   0.003   0.004   0.332   0.002   0.000   0.003   0.000 1009463000
11.62    4.89    60.335
11.62 16.00   0.931   1.367
11.62 16.00   2.298    67.021
11.62 16.00   2.076   1.097   2.298   0.482
11.62 16.00   2.078   1.090   2.298   0.475

11.63  0.00   0.445   0.439   0.026   0.076   0.003   0.004   0.332   0.002   0.000   0.003   0.000 1010331000
11.63    4.88    60.322
11.63 16.00   0.931   1.367
11.63 16.00   2.298    67.016
11.63 16.00   2.076   1.097   2.298   0.482
11.63 16.00   2.078   1.090   2.298   0.475

11.64  0.00   0.445   0.439   0.026   0.076   0.003   0.004   0.332   0.002   0.000   0.003   0.000 1011200000
11.64    4.88    60.309
11.64 16.00   0.930   1.367
11.64 16.00   2.297    67.010
11.64 16.00   2.075   1.097   2.297   0.482
11.64 16.00   2.077   1.090   2.297   0.475

11.65  0.00   0.445   0.439   0.026   0.076   0.003   0.004   0.332   0.002   0.000   0.003   0.000 1012069000
11.65    4.88    60.296
11.65 16.00   0.930   1.367
11.65 16.00   2.297    67.005
11.65 16.00   2.075   1.096   2.297   0.482
11.65 16.00   2.077   1.090   2.297   0.475

11.66  0.00   0.445   0.439   0.026   0.076   0.003   0.004   0.332   0.002   0.000   0.003   0.000 1012937000
11.66    4.88    60.283
11.66 16.00   0.929   1.367
11.66 16.00   2.297    67.000
11.66 16.00   2.075   1.096   2.297   0.482
11.66 16.00   2.077   1.089   2.297   0.475

11.67  0.00   0.445   0.439   0.026   0.076   0.003   0.004   0.332   0.002   0.000   0.003   0.000 1013806000
11.67    4.88    60.270
11.67 16.00   0.929   1.367
11.67 16.00   2.296    66.994
11.67 16.00   2.074   1.096   2.296   0.482
11.67 16.00   2.076   1.089   2.296   0.475

11.68  0.00   0.445   0.439   0.026   0.076   0.003   0.004   0.332   0.002   0.000   0.003   0.000 1014675000
11.68    4.88    60.257
11.68 16.00   0.929   1.367
11.68 16.00   2.296    66.989
11.68 16.00   2.074   1.096   2.296   0.482
11.68 16.00   2.076   1.089   2.296   0.475

11.69  0.00   0.445   0.439   0.026   0.076   0.003   0.004   0.332   0.002   0.000   0.003   0.000 1015544000
11.69    4.87    60.245
11.69 16.00   0.928   1.367
11.69 16.00   2.296    66.984
11.69 16.00   2.074   1.096   2.296   0.482
11.69 16.00   2.076   1.089   2.296   0.475

11.70  0.00   0.445   0.439   0.026   0.076   0.003   0.004   0.332   0.002   0.000   0.003   0.000 1016412000
11.70    4.87    60.232
11.70 16.00   0.928   1.367
11.70 16.00   2.295    66.978
11.70 16.00   2.073   1.096   2.295   0.482
11.70 16.00   2.075   1.089   2.295   0.475

11.71  0.00   0.445   0.439   0.026   0.076   0.003   0.004   0.332   0.002   0.000   0.003   0.000 1017281000
11.71    4.87    60.219
11.71 16.00   0.928   1.367
11.71 16.00   2.295    66.973
11.71 16.00   2.073   1.096   2.295   0.482
11.71 16.00   2.075   1.089   2.295   0.475

11.72  0.00   0.445   0.439   0.026   0.076   0.003   0.004   0.332   0.002   0.000   0.003   0.000 1018150000
11.72    4.87    60.206
11.72 16.00   0.927   1.367
11.72 16.00   2.295    66.968
11.72 16.00   2.073   1.096   2.295   0.482
11.72 16.00   2.075   1.089   2.295   0.475

11.73  0.00   0.445   0.439   0.026   0.076   0.003   0.004   0.332   0.002   0.000   0.003   0.000 1019018000
11.73    4.87    60.193
11.73 16.00   0.927   1.367
11.73 16.00   2.294    66.962
11.73 16.00   2.072   1.095   2.294   0.482
11.73 16.00   2.074   1.089   2.294   0.475

11.74  0.00   0.445   0.439   0.026   0.076   0.003   0.004   0.332   0.002   0.000   0.003   0.000 1019887000
11.74    4.86    60.181
11.74 16.00   0.927   1.367
11.74 16.00   2.294    66.957
11.74 16.00   2.072   1.095   2.294   0.482
11.74 16.00   2.074   1.088   2.294   0.475

11.75  0.00   0.445   0.439   0.026   0.076   0.003   0.004   0.332   0.002   0.000   0.003   0.000 1020756000
11.75    4.86    60.168
11.75 16.00   0.926   1.367
11.75 16.00   2.293    66.952
11.75 16.00   2.072   1.095   2.293   0.482
11.75 16.00   2.074   1.088   2.293   0.475

11.76  0.00   0.445   0.439   0.026   0.076   0.003   0.004   0.332   0.002   0.000   0.003   0.000 1021625000
11.76    4.86    60.155
11.76 16.00   0.926   1.367
11.76 16.00   2.293    66.947
11.76 16.00   2.072   1.095   2.293   0.482
11.76 16.00   2.073   1.088   2.293   0.475

11.77  0.00   0.445   0.438   0.026   0.076   0.003   0.004   0.332   0.002   0.000   0.003   0.000 1022494000
11.77    4.86    60.142
11.77 16.00   0.926   1.367
11.77 16.00   2.293    66.941
11.77 16.00   2.071   1.095   2.293   0.482
11.77 16.00   2.073   1.088   2.293   0.475

11.78  0.00   0.445   0.438   0.026   0.076   0.003   0.004   0.332   0.002   0.000   0.003   0.000 1023362000
11.78    4.86    60.130
11.78 16.00   0.925   1.367
11.78 16.00   2.292    66.936
11.78 16.00   2.071   1.095   2.292   0.482
11.78 16.00   2.073   1.088   2.292   0.475

11.79  0.00   0.445   0.438   0.026   0.076   0.003   0.004   0.332   0.002   0.000   0.003   0.000 1024231000
11.79    4.85    60.117
11.79 16.00   0.925   1.367
11.79 16.00   2.292    66.931
11.79 16.00   2.071   1.095   2.292   0.482
11.79 16.00   2.073   1.088   2.292   0.474

11.80  0.00   0.445   0.438   0.026   0.076   0.003   0.004   0.332   0.002   0.000   0.003   0.000 1025100000
11.80    4.85    60.104
11.80 16.00   0.925   1.367
11.80 16.00   2.292    66.926
11.80 16.00   2.070   1.095   2.292   0.482
11.80 16.00   2.072   1.088   2.292   0.474

11.81  0.00   0.445   0.438   0.026   0.076   0.003   0.004   0.332   0.002   0.000   0.003   0.000 1025968000
11.81    4.85    60.092
11.81 16.00   0.924   1.367
11.81 16.00   2.291    66.920
11.81 16.00   2.070   1.095   2.291   0.482
11.81 16.00   2.072   1.088   2.291   0.474

11.82  0.00   0.445   0.438   0.026   0.076   0.003   0.004   0.332   0.002   0.000   0.003   0.000 1026837000
11.82    4.85    60.079
11.82 16.00   0.924   1.367
11.82 16.00   2.291    66.915
11.82 16.00   2.070   1.094   2.291   0.482
11.82 16.00   2.072   1.088   2.291   0.474

11.83  0.00   0.445   0.438   0.026   0.076   0.003   0.004   0.332   0.002   0.000   0.003   0.000 1027706000
11.83    4.85    60.066
11.83 16.00   0.924   1.367
11.83 16.00   2.291    66.910
11.83 16.00   2.069   1.094   2.291   0.482
11.83 16.00   2.071   1.087   2.291   0.474

11.84  0.00   0.445   0.438   0.026   0.076   0.003   0.004   0.332   0.002   0.000   0.003   0.000 1028575000
11.84    4.85    60.054
11.84 16.00   0.923   1.367
11.84 16.00   2.290    66.905
11.84 16.00   2.069   1.094   2.290   0.482
11.84 16.00   2.071   1.087   2.290   0.474

11.85  0.00   0.445   0.438   0.026   0.076   0.003   0.004   0.332   0.002   0.000   0.003   0.000 1029443000
11.85    4.84    60.041
11.85 16.00   0.923   1.367
11.85 16.00   2.290    66.900
11.85 16.00   2.069   1.094   2.290   0.481
11.85 16.00   2.071   1.087   2.290   0.474

11.86  0.00   0.445   0.438   0.026   0.076   0.003   0.004   0.332   0.002   0.000   0.003   0.000 1030312000
11.86    4.84    60.028
11.86 16.00   0.923   1.367
11.86 16.00   2.290    66.894
11.86 16.00   2.068   1.094   2.290   0.481
11.86 16.00   2.070   1.087   2.290   0.474

11.87  0.00   0.445   0.438   0.026   0.076   0.003   0.004   0.332   0.002   0.000   0.003   0.000 1031181000
11.87    4.84    60.016
11.87 16.00   0.922   1.367
11.87 16.00   2.289    66.889
11.87 16.00   2.068   1.094   2.289   0.481
11.87 16.00   2.070   1.087   2.289   0.474

11.88  0.00   0.445   0.438   0.026   0.076   0.003   0.004   0.332   0.002   0.000   0.003   0.000 1032049000
11.88    4.84    60.003
11.88 16.00   0.922   1.367
11.88 16.00   2.289    66.884
11.88 16.00   2.068   1.094   2.289   0.481
11.88 16.00   2.070   1.087   2.289   0.474

11.89  0.00   0.445   0.438   0.026   0.076   0.003   0.004   0.332   0.002   0.000   0.003   0.000 1032918000
11.89    4.84    59.991
11.89 16.00   0.922   1.367
11.89 16.00   2.289    66.879
11.89 16.00   2.067   1.094   2.289   0.481
11.89 16.00   2.069   1.087   2.289   0.474

11.90  0.00   0.445   0.438   0.026   0.076   0.003   0.004   0.332   0.002   0.000   0.003   0.000 1033787000
11.90    4.83    59.978
11.90 16.00   0.921   1.367
11.90 16.00   2.288    66.874
11.90 16.00   2.067   1.093   2.288   0.481
11.90 16.00   2.069   1.087   2.288   0.474

11.91  0.00   0.445   0.438   0.026   0.076   0.003   0.004   0.332   0.002   0.000   0.003   0.000 1034656000
11.91    4.83    59.965
11.91 16.00   0.921   1.367
11.91 16.00   2.288    66.868
11.91 16.00   2.067   1.093   2.288   0.481
11.91 16.00   2.069   1.086   2.288   0.474

11.92  0.00   0.445   0.438   0.026   0.076   0.003   0.004   0.332   0.002   0.000   0.003   0.000 1035524000
11.92    4.83    59.953
11.92 16.00   0.920   1.367
11.92 16.00   2.288    66.863
11.92 16.00   2.066   1.093   2.288   0.481
11.92 16.00   2.068   1.086   2.288   0.474

11.93  0.00   0.445   0.438   0.026   0.076   0.003   0.004   0.332   0.002   0.000   0.003   0.000 1036393000
11.93    4.83    59.940
11.93 16.00   0.920   1.367
11.93 16.00   2.287    66.858
11.93 16.00   2.066   1.093   2.287   0.481
11.93 16.00   2.068   1.086   2.287   0.474

11.94  0.00   0.445   0.438   0.026   0.076   0.003   0.004   0.332   0.002   0.000   0.003   0.000 1037262000
11.94    4.83    59.928
11.94 16.00   0.920   1.367
11.94 16.00   2.287    66.853
11.94 16.00   2.066   1.093   2.287   0.481
11.94 16.00   2.068   1.086   2.287   0.474

11.95  0.00   0.445   0.438   0.026   0.076   0.002   0.004   0.332   0.002   0.000   0.003   0.000 1038131000
11.95    4.83    59.915
11.95 16.00   0.919   1.367
11.95 16.00   2.287    66.848
11.95 16.00   2.065   1.093   2.287   0.481
11.95 16.00   2.067   1.086   2.287   0.474

11.96  0.00   0.445   0.438   0.026   0.076   0.002   0.004   0.332   0.002   0.000   0.003   0.000 1038999000
11.96    4.82    59.903
11.96 16.00   0.919   1.367
11.96 16.00   2.286    66.843
11.96 16.00   2.065   1.093   2.286   0.481
11.96 16.00   2.067   1.086   2.286   0.474

11.97  0.00   0.445   0.438   0.026   0.076   0.002   0.004   0.332   0.002   0.000   0.003   0.000 1039868000
11.97    4.82    59.890
11.97 16.00   0.919   1.367
11.97 16.00   2.286    66.838
11.97 16.00   2.065   1.093   2.286   0.481
11.97 16.00   2.067   1.086   2.286   0.474

11.98  0.00   0.445   0.438   0.026   0.076   0.002   0.004   0.332   0.002   0.000   0.003   0.000 1040737000
11.98    4.82    59.878
11.98 16.00   0.918   1.367
11.98 16.00   2.286    66.833
11.98 16.00   2.064   1.093   2.286   0.481
11.98 16.00   2.066   1.086   2.286   0.474

11.99  0.00   0.445   0.438   0.026   0.076   0.002   0.004   0.332   0.002   0.000   0.003   0.000 1041606000
11.99    4.82    59.865
11.99 16.00   0.918   1.367
11.99 16.00   2.285    66.827
11.99 16.00   2.064   1.092   2.285   0.481
11.99 16.00   2.066   1.086   2.285   0.474

12.00  0.00   0.445   0.438   0.026   0.076   0.002   0.004   0.332   0.002   0.000   0.003   0.000 1042474000
12.00    4.82    59.853
12.00 16.00   0.918   1.367
12.00 16.00   2.285    66.822
12.00 16.00   2.064   1.092   2.285   0.481
12.00 16.00   2.066   1.085   2.285   0.474

12.01  0.00   0.445   0.438   0.026   0.076   0.002   0.004   0.332   0.002   0.000   0.003   0.000 1043343000
12.01    4.82    59.840
12.01 16.00   0.917   1.367
12.01 16.00   2.285    66.817
12.01 16.00   2.064   1.092   2.285   0.481
12.01 16.00   2.066   1.085   2.285   0.474

12.02  0.00   0.445   0.438   0.026   0.076   0.002   0.004   0.332   0.002   0.000   0.003   0.000 1044212000
12.02    4.81    59.828
12.02 16.00   0.917   1.367
12.02 16.00   2.284    66.812
12.02 16.00   2.063   1.092   2.284   0.481
12.02 16.00   2.065   1.085   2.284   0.474

12.03  0.00   0.445   0.438   0.026   0.076   0.002   0.004   0.332   0.002   0.000   0.003   0.000 1045080000
12.03    4.81    59.816
12.03 16.00   0.917   1.367
12.03 16.00   2.284    66.807
12.03 16.00   2.063   1.092   2.284   0.481
12.03 16.00   2.065   1.085   2.284   0.474

12.04  0.00   0.444   0.438   0.026   0.076   0.002   0.004   0.332   0.002   0.000   0.003   0.000 1045949000
12.04    4.81    59.803
12.04 16.00   0.916   1.367
12.04 16.00   2.284    66.802
12.04 16.00   2.063   1.092   2.284   0.481
12.04 16.00   2.065   1.085   2.284   0.474

12.05  0.00   0.444   0.438   0.026   0.076   0.002   0.004   0.332   0.002   0.000   0.003   0.000 1046818000
12.05    4.81    59.791
12.05 16.00   0.916   1.367
12.05 16.00   2.283    66.797
12.05 16.00   2.062   1.092   2.283   0.481
12.05 16.00   2.064   1.085   2.283   0.474

12.06  0.00   0.444   0.438   0.026   0.076   0.002   0.004   0.332   0.002   0.000   0.003   0.000 1047687000
12.06    4.81    59.778
12.06 16.00   0.916   1.367
12.06 16.00   2.283    66.792
12.06 16.00   2.062   1.092   2.283   0.481
12.06 16.00   2.064   1.085   2.283   0.474

12.07  0.00   0.444   0.438   0.026   0.076   0.002   0.004   0.332   0.002   0.000   0.003   0.000 1048555000
12.07    4.80    59.766
12.07 16.00   0.915   1.367
12.07 16.00   2.283    66.787
12.07 16.00   2.062   1.092   2.283   0.481
12.07 16.00   2.064   1.085   2.283   0.474

12.08  0.00   0.444   0.438   0.026   0.076   0.002   0.004   0.332   0.002   0.000   0.003   0.000 1049424000
12.08    4.80    59.754
12.08 16.00   0.915   1.367
12.08 16.00   2.282    66.782
12.08 16.00   2.061   1.091   2.282   0.481
12.08 16.00   2.063   1.085   2.282   0.474

12.09  0.00   0.444   0.438   0.026   0.076   0.002   0.004   0.332   0.002   0.000   0.003   0.000 1050293000
12.09    4.80    59.741
12.09 16.00   0.915   1.367
12.09 16.00   2.282    66.777
12.09 16.00   2.061   1.091   2.282   0.481
12.09 16.00   2.063   1.084   2.282   0.474

12.10  0.00   0.444   0.438   0.026   0.075   0.002   0.004   0.332   0.002   0.000   0.003   0.000 1051162000
12.10    4.80    59.729
12.10 16.00   0.915   1.367
12.10 16.00   2.282    66.772
12.10 16.00   2.061   1.091   2.282   0.481
12.10 16.00   2.063   1.084   2.282   0.474

12.11  0.00   0.444   0.438   0.026   0.075   0.002   0.004   0.331   0.002   0.000   0.003   0.000 1052030000
12.11    4.80    59.717
12.11 16.00   0.914   1.367
12.11 16.00   2.281    66.767
12.11 16.00   2.060   1.091   2.281   0.481
12.11 16.00   2.062   1.084   2.281   0.474

12.12  0.00   0.444   0.438   0.026   0.075   0.002   0.004   0.331   0.002   0.000   0.003   0.000 1052899000
12.12    4.80    59.704
12.12 16.00   0.914   1.367
12.12 16.00   2.281    66.762
12.12 16.00   2.060   1.091   2.281   0.481
12.12 16.00   2.062   1.084   2.281   0.474

12.13  0.00   0.444   0.438   0.026   0.075   0.002   0.004   0.331   0.002   0.000   0.003   0.000 1053768000
12.13    4.79    59.692
12.13 16.00   0.914   1.367
12.13 16.00   2.281    66.757
12.13 16.00   2.060   1.091   2.281   0.481
12.13 16.00   2.062   1.084   2.281   0.474

12.14  0.00   0.444   0.438   0.026   0.075   0.002   0.004   0.331   0.002   0.000   0.003   0.000 1054636000
12.14    4.79    59.680
12.14 16.00   0.913   1.367
12.14 16.00   2.280    66.752
12.14 16.00   2.060   1.091   2.280   0.481
12.14 16.00   2.061   1.084   2.280   0.474

12.15  0.00   0.444   0.438   0.026   0.075   0.002   0.004   0.331   0.002   0.000   0.003   0.000 1055505000
12.15    4.79    59.667
12.15 16.00   0.913   1.367
12.15 16.00   2.280    66.747
12.15 16.00   2.059   1.091   2.280   0.481
12.15 16.00   2.061   1.084   2.280   0.474

12.16  0.00   0.444   0.438   0.026   0.075   0.002   0.004   0.331   0.002   0.000   0.003   0.000 1056374000
12.16    4.79    59.655
12.16 16.00   0.913   1.367
12.16 16.00   2.280    66.742
12.16 16.00   2.059   1.090   2.280   0.481
12.16 16.00   2.061   1.084   2.280   0.474

12.17  0.00   0.444   0.438   0.026   0.075   0.002   0.004   0.331   0.002   0.000   0.003   0.000 1057243000
12.17    4.79    59.643
12.17 16.00   0.912   1.367
12.17 16.00   2.279    66.737
12.17 16.00   2.059   1.090   2.279   0.481
12.17 16.00   2.061   1.083   2.279   0.474

12.18  0.00   0.444   0.438   0.026   0.075   0.002   0.004   0.331   0.002   0.000   0.003   0.000 1058111000
12.18    4.79    59.631
12.18 16.00   0.912   1.367
12.18 16.00   2.279    66.732
12.18 16.00   2.058   1.090   2.279   0.481
12.18 16.00   2.060   1.083   2.279   0.474

12.19  0.00   0.444   0.438   0.026   0.075   0.002   0.004   0.331   0.002   0.000   0.003   0.000 1058980000
12.19    4.78    59.618
12.19 16.00   0.912   1.367
12.19 16.00   2.279    66.727
12.19 16.00   2.058   1.090   2.279   0.481
12.19 16.00   2.060   1.083   2.279   0.473

12.20  0.00   0.444   0.438   0.026   0.075   0.002   0.004   0.331   0.002   0.000   0.003   0.000 1059849000
12.20    4.78    59.606
12.20 16.00   0.911   1.367
12.20 16.00   2.278    66.722
12.20 16.00   2.058   1.090   2.278   0.481
12.20 16.00   2.060   1.083   2.278   0.473

12.21  0.00   0.444   0.437   0.026   0.075   0.002   0.004   0.331   0.002   0.000   0.003   0.000 1060718000
12.21    4.78    59.594
12.21 16.00   0.911   1.367
12.21 16.00   2.278    66.717
12.21 16.00   2.057   1.090   2.278   0.481
12.21 16.00   2.059   1.083   2.278   0.473

12.22  0.00   0.444   0.437   0.026   0.075   0.002   0.004   0.331   0.002   0.000   0.003   0.000 1061586000
12.22    4.78    59.582
12.22 16.00   0.911   1.367
12.22 16.00   2.278    66.712
12.22 16.00   2.057   1.090   2.278   0.481
12.22 16.00   2.059   1.083   2.278   0.473

12.23  0.00   0.444   0.437   0.026   0.075   0.002   0.004   0.331   0.002   0.000   0.003   0.000 1062455000
12.23    4.78    59.570
12.23 16.00   0.910   1.367
12.23 16.00   2.277    66.707
12.23 16.00   2.057   1.090   2.277   0.481
12.23 16.00   2.059   1.083   2.277   0.473

12.24  0.00   0.444   0.437   0.026   0.075   0.002   0.004   0.331   0.002   0.000   0.003   0.000 1063324000
12.24    4.77    59.557
12.24 16.00   0.910   1.367
12.24 16.00   2.277    66.702
12.24 16.00   2.056   1.090   2.277   0.481
12.24 16.00   2.058   1.083   2.277   0.473

12.25  0.00   0.444   0.437   0.026   0.075   0.002   0.004   0.331   0.002   0.000   0.003   0.000 1064192000
12.25    4.77    59.545
12.25 16.00   0.910   1.367
12.25 16.00   2.277    66.697
12.25 16.00   2.056   1.089   2.277   0.481
12.25 16.00   2.058   1.083   2.277   0.473

12.26  0.00   0.444   0.437   0.026   0.075   0.002   0.004   0.331   0.002   0.000   0.003   0.000 1065061000
12.26    4.77    59.533
12.26 16.00   0.909   1.367
12.26 16.00   2.276    66.692
12.26 16.00   2.056   1.089   2.276   0.480
12.26 16.00   2.058   1.082   2.276   0.473

12.27  0.00   0.444   0.437   0.026   0.075   0.002   0.004   0.331   0.002   0.000   0.003   0.000 1065930000
12.27    4.77    59.521
12.27 16.00   0.909   1.367
12.27 16.00   2.276    66.687
12.27 16.00   2.056   1.089   2.276   0.480
12.27 16.00   2.058   1.082   2.276   0.473

12.28  0.00   0.444   0.437   0.026   0.075   0.002   0.004   0.331   0.002   0.000   0.003   0.000 1066799000
12.28    4.77    59.509
12.28 16.00   0.909   1.367
12.28 16.00   2.276    66.683
12.28 16.00   2.055   1.089   2.276   0.480
12.28 16.00   2.057   1.082   2.276   0.473

12.29  0.00   0.444   0.437   0.026   0.075   0.002   0.004   0.331   0.002   0.000   0.003   0.000 1067667000
12.29    4.77    59.497
12.29 16.00   0.908   1.367
12.29 16.00   2.276    66.678
12.29 16.00   2.055   1.089   2.276   0.480
12.29 16.00   2.057   1.082   2.276   0.473

12.30  0.00   0.444   0.437   0.026   0.075   0.002   0.004   0.331   0.002   0.000   0.003   0.000 1068536000
12.30    4.76    59.485
12.30 16.00   0.908   1.367
12.30 16.00   2.275    66.673
12.30 16.00   2.055   1.089   2.275   0.480
12.30 16.00   2.057   1.082   2.275   0.473

12.31  0.00   0.444   0.437   0.026   0.075   0.002   0.004   0.331   0.002   0.000   0.003   0.000 1069405000
12.31    4.76    59.472
12.31 16.00   0.908   1.367
12.31 16.00   2.275    66.668
12.31 16.00   2.054   1.089   2.275   0.480
12.31 16.00   2.056   1.082   2.275   0.473

12.32  0.00   0.444   0.437   0.026   0.075   0.002   0.004   0.331   0.002   0.000   0.003   0.000 1070274000
12.32    4.76    59.460
12.32 16.00   0.907   1.367
12.32 16.00   2.275    66.663
12.32 16.00   2.054   1.089   2.275   0.480
12.32 16.00   2.056   1.082   2.275   0.473

12.33  0.00   0.444   0.437   0.026   0.075   0.002   0.004   0.331   0.002   0.000   0.003   0.000 1071142000
12.33    4.76    59.448
12.33 16.00   0.907   1.367
12.33 16.00   2.274    66.658
12.33 16.00   2.054   1.089   2.274   0.480
12.33 16.00   2.056   1.082   2.274   0.473

12.34  0.00   0.444   0.437   0.026   0.075   0.002   0.004   0.331   0.002   0.000   0.003   0.000 1072011000
12.34    4.76    59.436
12.34 16.00   0.907   1.367
12.34 16.00   2.274    66.653
12.34 16.00   2.053   1.088   2.274   0.480
12.34 16.00   2.055   1.082   2.274   0.473

12.35  0.00   0.444   0.437   0.026   0.075   0.002   0.004   0.331   0.002   0.000   0.003   0.000 1072880000
12.35    4.76    59.424
12.35 16.00   0.906   1.367
12.35 16.00   2.274    66.648
12.35 16.00   2.053   1.088   2.274   0.480
12.35 16.00   2.055   1.081   2.274   0.473

12.36  0.00   0.444   0.437   0.026   0.075   0.002   0.004   0.331   0.002   0.000   0.003   0.000 1073748000
12.36    4.75    59.412
12.36 16.00   0.906   1.367
12.36 16.00   2.273    66.644
12.36 16.00   2.053   1.088   2.273   0.480
12.36 16.00   2.055   1.081   2.273   0.473

12.37  0.00   0.444   0.437   0.026   0.075   0.002   0.004   0.331   0.002   0.000   0.003   0.000 1074617000
12.37    4.75    59.400
12.37 16.00   0.906   1.367
12.37 16.00   2.273    66.639
12.37 16.00   2.053   1.088   2.273   0.480
12.37 16.00   2.055   1.081   2.273   0.473

12.38  0.00   0.444   0.437   0.026   0.075   0.002   0.004   0.331   0.002   0.000   0.003   0.000 1075486000
12.38    4.75    59.388
12.38 16.00   0.905   1.367
12.38 16.00   2.273    66.634
12.38 16.00   2.052   1.088   2.273   0.480
12.38 16.00   2.054   1.081   2.273   0.473

12.39  0.00   0.444   0.437   0.026   0.075   0.002   0.004   0.331   0.002   0.000   0.003   0.000 1076355000
12.39    4.75    59.376
12.39 16.00   0.905   1.367
12.39 16.00   2.272    66.629
12.39 16.00   2.052   1.088   2.272   0.480
12.39 16.00   2.054   1.081   2.272   0.473

12.40  0.00   0.444   0.437   0.026   0.075   0.002   0.004   0.331   0.002   0.000   0.003   0.000 1077223000
12.40    4.75    59.364
12.40 16.00   0.905   1.367
12.40 16.00   2.272    66.624
12.40 16.00   2.052   1.088   2.272   0.480
12.40 16.00   2.054   1.081   2.272   0.473

12.41  0.00   0.444   0.437   0.026   0.075   0.002   0.004   0.331   0.002   0.000   0.003   0.000 1078092000
12.41    4.75    59.352
12.41 16.00   0.905   1.367
12.41 16.00   2.272    66.619
12.41 16.00   2.051   1.088   2.272   0.480
12.41 16.00   2.053   1.081   2.272   0.473

12.42  0.00   0.444   0.437   0.026   0.075   0.002   0.004   0.331   0.002   0.000   0.003   0.000 1078961000
12.42    4.74    59.340
12.42 16.00   0.904   1.367
12.42 16.00   2.271    66.615
12.42 16.00   2.051   1.088   2.271   0.480
12.42 16.00   2.053   1.081   2.271   0.473

12.43  0.00   0.444   0.437   0.026   0.075   0.002   0.004   0.331   0.002   0.000   0.003   0.000 1079830000
12.43    4.74    59.328
12.43 16.00   0.904   1.367
12.43 16.00   2.271    66.610
12.43 16.00   2.051   1.088   2.271   0.480
12.43 16.00   2.053   1.081   2.271   0.473

12.44  0.00   0.444   0.437   0.026   0.075   0.002   0.004   0.331   0.002   0.000   0.003   0.000 1080698000
12.44    4.74    59.316
12.44 16.00   0.904   1.367
12.44 16.00   2.271    66.605
12.44 16.00   2.050   1.087   2.271   0.480
12.44 16.00   2.052   1.081   2.271   0.473

12.45  0.00   0.444   0.437   0.026   0.075   0.002   0.004   0.331   0.002   0.000   0.003   0.000 1081567000
12.45    4.74    59.304
12.45 16.00   0.903   1.367
12.45 16.00   2.270    66.600
12.45 16.00   2.050   1.087   2.270   0.480
12.45 16.00   2.052   1.080   2.270   0.473

12.46  0.00   0.444   0.437   0.026   0.075   0.002   0.004   0.331   0.002   0.000   0.003   0.000 1082436000
12.46    4.74    59.292
12.46 16.00   0.903   1.367
12.46 16.00   2.270    66.595
12.46 16.00   2.050   1.087   2.270   0.480
12.46 16.00   2.052   1.080   2.270   0.473

12.47  0.00   0.444   0.437   0.026   0.075   0.002   0.004   0.331   0.002   0.000   0.003   0.000 1083304000
12.47    4.74    59.280
12.47 16.00   0.903   1.367
12.47 16.00   2.270    66.591
12.47 16.00   2.050   1.087   2.270   0.480
12.47 16.00   2.052   1.080   2.270   0.473

12.48  0.00   0.444   0.437   0.026   0.075   0.002   0.004   0.331   0.002   0.000   0.003   0.000 1084173000
12.48    4.73    59.269
12.48 16.00   0.902   1.367
12.48 16.00   2.270    66.586
12.48 16.00   2.049   1.087   2.270   0.480
12.48 16.00   2.051   1.080   2.270   0.473

12.49  0.00   0.444   0.437   0.026   0.075   0.002   0.004   0.331   0.002   0.000   0.003   0.000 1085042000
12.49    4.73    59.257
12.49 16.00   0.902   1.367
12.49 16.00   2.269    66.581
12.49 16.00   2.049   1.087   2.269   0.480
12.49 16.00   2.051   1.080   2.269   0.473

12.50  0.00   0.443   0.437   0.026   0.075   0.002   0.004   0.331   0.002   0.000   0.003   0.000 1085911000
12.50    4.73    59.245
12.50 16.00   0.902   1.367
12.50 16.00   2.269    66.576
12.50 16.00   2.049   1.087   2.269   0.480
12.50 16.00   2.051   1.080   2.269   0.473

12.51  0.00   0.443   0.437   0.026   0.075   0.002   0.004   0.331   0.002   0.000   0.003   0.000 1086779000
12.51    4.73    59.233
12.51 16.00   0.901   1.367
12.51 16.00   2.269    66.572
12.51 16.00   2.048   1.087   2.269   0.480
12.51 16.00   2.050   1.080   2.269   0.473

12.52  0.00   0.443   0.437   0.026   0.075   0.002   0.004   0.331   0.002   0.000   0.003   0.000 1087648000
12.52    4.73    59.221
12.52 16.00   0.901   1.367
12.52 16.00   2.268    66.567
12.52 16.00   2.048   1.087   2.268   0.480
12.52 16.00   2.050   1.080   2.268   0.473

12.53  0.00   0.443   0.437   0.026   0.075   0.002   0.004   0.331   0.002   0.000   0.003   0.000 1088517000
12.53    4.73    59.209
12.53 16.00   0.901   1.367
12.53 16.00   2.268    66.562
12.53 16.00   2.048   1.086   2.268   0.480
12.53 16.00   2.050   1.080   2.268   0.473

12.54  0.00   0.443   0.437   0.026   0.075   0.002   0.004   0.331   0.002   0.000   0.003   0.000 1089386000
12.54    4.72    59.197
12.54 16.00   0.901   1.367
12.54 16.00   2.268    66.557
12.54 16.00   2.048   1.086   2.268   0.480
12.54 16.00   2.050   1.079   2.268   0.473

12.55  0.00   0.443   0.437   0.026   0.075   0.002   0.004   0.331   0.002   0.000   0.003   0.000 1090254000
12.55    4.72    59.185
12.55 16.00   0.900   1.367
12.55 16.00   2.267    66.553
12.55 16.00   2.047   1.086   2.267   0.480
12.55 16.00   2.049   1.079   2.267   0.473

12.56  0.00   0.443   0.437   0.026   0.075   0.002   0.004   0.331   0.002   0.000   0.003   0.000 1091123000
12.56    4.72    59.174
12.56 16.00   0.900   1.367
12.56 16.00   2.267    66.548
12.56 16.00   2.047   1.086   2.267   0.480
12.56 16.00   2.049   1.079   2.267   0.473

12.57  0.00   0.443   0.437   0.026   0.075   0.002   0.004   0.331   0.002   0.000   0.003   0.000 1091992000
12.57    4.72    59.162
12.57 16.00   0.900   1.367
12.57 16.00   2.267    66.543
12.57 16.00   2.047   1.086   2.267   0.480
12.57 16.00   2.049   1.079   2.267   0.473

12.58  0.00   0.443   0.437   0.026   0.075   0.002   0.004   0.331   0.002   0.000   0.003   0.000 1092860000
12.58    4.72    59.150
12.58 16.00   0.899   1.367
12.58 16.00   2.266    66.539
12.58 16.00   2.046   1.086   2.266   0.480
12.58 16.00   2.048   1.079   2.266   0.473

12.59  0.00   0.443   0.437   0.026   0.075   0.002   0.004   0.331   0.002   0.000   0.003   0.000 1093729000
12.59    4.72    59.138
12.59 16.00   0.899   1.367
12.59 16.00   2.266    66.534
12.59 16.00   2.046   1.086   2.266   0.480
12.59 16.00   2.048   1.079   2.266   0.473

12.60  0.00   0.443   0.437   0.026   0.075   0.002   0.004   0.331   0.002   0.000   0.003   0.000 1094598000
12.60    4.71    59.126
12.60 16.00   0.899   1.367
12.60 16.00   2.266    66.529
12.60 16.00   2.046   1.086   2.266   0.480
12.60 16.00   2.048   1.079   2.266   0.473

12.61  0.00   0.443   0.437   0.026   0.075   0.002   0.004   0.331   0.002   0.000   0.003   0.000 1095467000
12.61    4.71    59.115
12.61 16.00   0.898   1.367
12.61 16.00   2.266    66.525
12.61 16.00   2.046   1.086   2.266   0.480
12.61 16.00   2.048   1.079   2.266   0.473

12.62  0.00   0.443   0.437   0.026   0.075   0.002   0.004   0.331   0.002   0.000   0.003   0.000 1096335000
12.62    4.71    59.103
12.62 16.00   0.898   1.367
12.62 16.00   2.265    66.520
12.62 16.00   2.045   1.085   2.265   0.480
12.62 16.00   2.047   1.079   2.265   0.473

12.63  0.00   0.443   0.437   0.026   0.075   0.002   0.004   0.331   0.002   0.000   0.003   0.000 1097204000
12.63    4.71    59.091
12.63 16.00   0.898   1.367
12.63 16.00   2.265    66.515
12.63 16.00   2.045   1.085   2.265   0.480
12.63 16.00   2.047   1.078   2.265   0.472

12.64  0.00   0.443   0.437   0.026   0.075   0.002   0.004   0.331   0.002   0.000   0.003   0.000 1098073000
12.64    4.71    59.079
12.64 16.00   0.897   1.367
12.64 16.00   2.265    66.511
12.64 16.00   2.045   1.085   2.265   0.480
12.64 16.00   2.047   1.078   2.265   0.472

12.65  0.00   0.443   0.437   0.026   0.075   0.002   0.004   0.331   0.002   0.000   0.003   0.000 1098942000
12.65    4.71    59.068
12.65 16.00   0.897   1.367
12.65 16.00   2.264    66.506
12.65 16.00   2.044   1.085   2.264   0.480
12.65 16.00   2.046   1.078   2.264   0.472

12.66  0.00   0.443   0.437   0.026   0.075   0.002   0.004   0.331   0.002   0.000   0.003   0.000 1099810000
12.66    4.70    59.056
12.66 16.00   0.897   1.367
12.66 16.00   2.264    66.501
12.66 16.00   2.044   1.085   2.264   0.480
12.66 16.00   2.046   1.078   2.264   0.472

12.67  0.00   0.443   0.437   0.026   0.075   0.002   0.004   0.331   0.002   0.000   0.003   0.000 1100679000
12.67    4.70    59.044
12.67 16.00   0.897   1.367
12.67 16.00   2.264    66.497
12.67 16.00   2.044   1.085   2.264   0.480
12.67 16.00   2.046   1.078   2.264   0.472

12.68  0.00   0.443   0.436   0.026   0.075   0.002   0.004   0.331   0.002   0.000   0.003   0.000 1101548000
12.68    4.70    59.033
12.68 16.00   0.896   1.367
12.68 16.00   2.263    66.492
12.68 16.00   2.044   1.085   2.263   0.480
12.68 16.00   2.046   1.078   2.263   0.472

12.69  0.00   0.443   0.436   0.026   0.075   0.002   0.004   0.331   0.002   0.000   0.003   0.000 1102417000
12.69    4.70    59.021
12.69 16.00   0.896   1.367
12.69 16.00   2.263    66.487
12.69 16.00   2.043   1.085   2.263   0.480
12.69 16.00   2.045   1.078   2.263   0.472

12.70  0.00   0.443   0.436   0.026   0.075   0.002   0.004   0.331   0.002   0.000   0.003   0.000 1103285000
12.70    4.70    59.009
12.70 16.00   0.896   1.367
12.70 16.00   2.263    66.483
12.70 16.00   2.043   1.085   2.263   0.480
12.70 16.00   2.045   1.078   2.263   0.472

12.71  0.00   0.443   0.436   0.026   0.075   0.002   0.004   0.331   0.002   0.000   0.003   0.000 1104154000
12.71    4.70    58.998
12.71 16.00   0.895   1.367
12.71 16.00   2.263    66.478
12.71 16.00   2.043   1.085   2.263   0.479
12.71 16.00   2.045   1.078   2.263   0.472

12.72  0.00   0.443   0.436   0.026   0.075   0.002   0.004   0.331   0.002   0.000   0.003   0.000 1105023000
12.72    4.70    58.986
12.72 16.00   0.895   1.367
12.72 16.00   2.262    66.473
12.72 16.00   2.042   1.084   2.262   0.479
12.72 16.00   2.044   1.078   2.262   0.472

12.73  0.00   0.443   0.436   0.026   0.075   0.002   0.004   0.331   0.002   0.000   0.003   0.000 1105891000
12.73    4.69    58.974
12.73 16.00   0.895   1.367
12.73 16.00   2.262    66.469
12.73 16.00   2.042   1.084   2.262   0.479
12.73 16.00   2.044   1.077   2.262   0.472

12.74  0.00   0.443   0.436   0.026   0.075   0.002   0.004   0.331   0.002   0.000   0.003   0.000 1106760000
12.74    4.69    58.963
12.74 16.00   0.894   1.367
12.74 16.00   2.262    66.464
12.74 16.00   2.042   1.084   2.262   0.479
12.74 16.00   2.044   1.077   2.262   0.472

12.75  0.00   0.443   0.436   0.026   0.075   0.002   0.004   0.331   0.002   0.000   0.003   0.000 1107629000
12.75    4.69    58.951
12.75 16.00   0.894   1.367
12.75 16.00   2.261    66.460
12.75 16.00   2.042   1.084   2.261   0.479
12.75 16.00   2.044   1.077   2.261   0.472

12.76  0.00   0.443   0.436   0.026   0.075   0.002   0.004   0.331   0.002   0.000   0.003   0.000 1108498000
12.76    4.69    58.940
12.76 16.00   0.894   1.367
12.76 16.00   2.261    66.455
12.76 16.00   2.041   1.084   2.261   0.479
12.76 16.00   2.043   1.077   2.261   0.472

12.77  0.00   0.443   0.436   0.026   0.075   0.002   0.004   0.331   0.002   0.000   0.003   0.000 1109366000
12.77    4.69    58.928
12.77 16.00   0.894   1.367
12.77 16.00   2.261    66.451
12.77 16.00   2.041   1.084   2.261   0.479
12.77 16.00   2.043   1.077   2.261   0.472

12.78  0.00   0.443   0.436   0.026   0.075   0.002   0.004   0.331   0.002   0.000   0.003   0.000 1110235000
12.78    4.69    58.916
12.78 16.00   0.893   1.367
12.78 16.00   2.260    66.446
12.78 16.00   2.041   1.084   2.260   0.479
12.78 16.00   2.043   1.077   2.260   0.472

12.79  0.00   0.443   0.436   0.026   0.075   0.002   0.004   0.331   0.002   0.000   0.003   0.000 1111104000
12.79    4.68    58.905
12.79 16.00   0.893   1.367
12.79 16.00   2.260    66.441
12.79 16.00   2.040   1.084   2.260   0.479
12.79 16.00   2.042   1.077   2.260   0.472

12.80  0.00   0.443   0.436   0.026   0.075   0.002   0.004   0.331   0.002   0.000   0.003   0.000 1111972000
12.80    4.68    58.893
12.80 16.00   0.893   1.367
12.80 16.00   2.260    66.437
12.80 16.00   2.040   1.084   2.260   0.479
12.80 16.00   2.042   1.077   2.260   0.472

12.81  0.00   0.443   0.436   0.026   0.075   0.002   0.004   0.331   0.002   0.000   0.003   0.000 1112841000
12.81    4.68    58.882
12.81 16.00   0.892   1.367
12.81 16.00   2.260    66.432
12.81 16.00   2.040   1.084   2.260   0.479
12.81 16.00   2.042   1.077   2.260   0.472

12.82  0.00   0.443   0.436   0.026   0.075   0.002   0.004   0.331   0.002   0.000   0.003   0.000 1113710000
12.82    4.68    58.870
12.82 16.00   0.892   1.367
12.82 16.00   2.259    66.428
12.82 16.00   2.040   1.083   2.259   0.479
12.82 16.00   2.042   1.077   2.259   0.472

12.83  0.00   0.443   0.436   0.026   0.075   0.002   0.004   0.331   0.002   0.000   0.003   0.000 1114579000
12.83    4.68    58.859
12.83 16.00   0.892   1.367
12.83 16.00   2.259    66.423
12.83 16.00   2.039   1.083   2.259   0.479
12.83 16.00   2.041   1.076   2.259   0.472

12.84  0.00   0.443   0.436   0.026   0.075   0.002   0.004   0.331   0.002   0.000   0.003   0.000 1115447000
12.84    4.68    58.847
12.84 16.00   0.891   1.367
12.84 16.00   2.259    66.419
12.84 16.00   2.039   1.083   2.259   0.479
12.84 16.00   2.041   1.076   2.259   0.472

12.85  0.00   0.443   0.436   0.026   0.075   0.002   0.004   0.331   0.002   0.000   0.003   0.000 1116316000
12.85    4.67    58.836
12.85 16.00   0.891   1.367
12.85 16.00   2.258    66.414
12.85 16.00   2.039   1.083   2.258   0.479
12.85 16.00   2.041   1.076   2.258   0.472

12.86  0.00   0.443   0.436   0.026   0.075   0.002   0.004   0.331   0.002   0.000   0.003   0.000 1117185000
12.86    4.67    58.824
12.86 16.00   0.891   1.367
12.86 16.00   2.258    66.410
12.86 16.00   2.039   1.083   2.258   0.479
12.86 16.00   2.040   1.076   2.258   0.472

12.87  0.00   0.443   0.436   0.026   0.075   0.002   0.004   0.331   0.002   0.000   0.003   0.000 1118054000
12.87    4.67    58.813
12.87 16.00   0.891   1.367
12.87 16.00   2.258    66.405
12.87 16.00   2.038   1.083   2.258   0.479
12.87 16.00   2.040   1.076   2.258   0.472

12.88  0.00   0.443   0.436   0.026   0.075   0.002   0.004   0.331   0.002   0.000   0.003   0.000 1118922000
12.88    4.67    58.801
12.88 16.00   0.890   1.367
12.88 16.00   2.257    66.401
12.88 16.00   2.038   1.083   2.257   0.479
12.88 16.00   2.040   1.076   2.257   0.472

12.89  0.00   0.443   0.436   0.026   0.075   0.002   0.004   0.331   0.002   0.000   0.003   0.000 1119791000
12.89    4.67    58.790
12.89 16.00   0.890   1.367
12.89 16.00   2.257    66.396
12.89 16.00   2.038   1.083   2.257   0.479
12.89 16.00   2.040   1.076   2.257   0.472

12.90  0.00   0.443   0.436   0.026   0.075   0.002   0.004   0.331   0.002   0.000   0.003   0.000 1120660000
12.90    4.67    58.778
12.90 16.00   0.890   1.367
12.90 16.00   2.257    66.392
12.90 16.00   2.037   1.083   2.257   0.479
12.90 16.00   2.039   1.076   2.257   0.472

12.91  0.00   0.443   0.436   0.026   0.075   0.002   0.004   0.331   0.002   0.000   0.003   0.000 1121528000
12.91    4.67    58.767
12.91 16.00   0.889   1.367
12.91 16.00   2.257    66.387
12.91 16.00   2.037   1.083   2.257   0.479
12.91 16.00   2.039   1.076   2.257   0.472

12.92  0.00   0.443   0.436   0.026   0.075   0.002   0.004   0.331   0.002   0.000   0.003   0.000 1122397000
12.92    4.66    58.755
12.92 16.00   0.889   1.367
12.92 16.00   2.256    66.383
12.92 16.00   2.037   1.082   2.256   0.479
12.92 16.00   2.039   1.076   2.256   0.472

12.93  0.00   0.443   0.436   0.026   0.075   0.002   0.004   0.331   0.002   0.000   0.003   0.000 1123266000
12.93    4.66    58.744
12.93 16.00   0.889   1.367
12.93 16.00   2.256    66.378
12.93 16.00   2.037   1.082   2.256   0.479
12.93 16.00   2.039   1.075   2.256   0.472

12.94  0.00   0.443   0.436   0.026   0.075   0.002   0.004   0.331   0.002   0.000   0.003   0.000 1124135000
12.94    4.66    58.733
12.94 16.00   0.889   1.367
12.94 16.00   2.256    66.374
12.94 16.00   2.036   1.082   2.256   0.479
12.94 16.00   2.038   1.075   2.256   0.472

12.95  0.00   0.443   0.436   0.026   0.075   0.002   0.004   0.331   0.002   0.000   0.003   0.000 1125003000
12.95    4.66    58.721
12.95 16.00   0.888   1.367
12.95 16.00   2.255    66.369
12.95 16.00   2.036   1.082   2.255   0.479
12.95 16.00   2.038   1.075   2.255   0.472

12.96  0.00   0.443   0.436   0.026   0.075   0.002   0.004   0.331   0.002   0.000   0.003   0.000 1125872000
12.96    4.66    58.710
12.96 16.00   0.888   1.367
12.96 16.00   2.255    66.365
12.96 16.00   2.036   1.082   2.255   0.479
12.96 16.00   2.038   1.075   2.255   0.472

12.97  0.00   0.443   0.436   0.026   0.075   0.002   0.004   0.331   0.002   0.000   0.003   0.000 1126741000
12.97    4.66    58.699
12.97 16.00   0.888   1.367
12.97 16.00   2.255    66.360
12.97 16.00   2.036   1.082   2.255   0.479
12.97 16.00   2.037   1.075   2.255   0.472

12.98  0.00   0.443   0.436   0.026   0.075   0.002   0.004   0.331   0.002   0.000   0.003   0.000 1127610000
12.98    4.65    58.687
12.98 16.00   0.887   1.367
12.98 16.00   2.255    66.356
12.98 16.00   2.035   1.082   2.255   0.479
12.98 16.00   2.037   1.075   2.255   0.472

12.99  0.00   0.443   0.436   0.026   0.075   0.002   0.004   0.330   0.002   0.000   0.003   0.000 1128478000
12.99    4.65    58.676
12.99 16.00   0.887   1.367
12.99 16.00   2.254    66.351
12.99 16.00   2.035   1.082   2.254   0.479
12.99 16.00   2.037   1.075   2.254   0.472

13.00  0.00   0.442   0.436   0.026   0.075   0.002   0.004   0.330   0.002   0.000   0.003   0.000 1129347000
13.00    4.65    58.664
13.00 16.00   0.887   1.367
13.00 16.00   2.254    66.347
13.00 16.00   2.035   1.082   2.254   0.479
13.00 16.00   2.037   1.075   2.254   0.472

13.01  0.00   0.442   0.436   0.026   0.075   0.002   0.004   0.330   0.002   0.000   0.003   0.000 1130216000
13.01    4.65    58.653
13.01 16.00   0.887   1.367
13.01 16.00   2.254    66.342
13.01 16.00   2.034   1.082   2.254   0.479
13.01 16.00   2.036   1.075   2.254   0.472

13.02  0.00   0.442   0.436   0.026   0.075   0.002   0.004   0.330   0.002   0.000   0.003   0.000 1131085000
13.02    4.65    58.642
13.02 16.00   0.886   1.367
13.02 16.00   2.253    66.338
13.02 16.00   2.034   1.081   2.253   0.479
13.02 16.00   2.036   1.075   2.253   0.472

13.03  0.00   0.442   0.436   0.026   0.075   0.002   0.004   0.330   0.002   0.000   0.003   0.000 1131953000
13.03    4.65    58.631
13.03 16.00   0.886   1.367
13.03 16.00   2.253    66.334
13.03 16.00   2.034   1.081   2.253   0.479
13.03 16.00   2.036   1.074   2.253   0.472

13.04  0.00   0.442   0.436   0.026   0.075   0.002   0.004   0.330   0.002   0.000   0.003   0.000 1132822000
13.04    4.65    58.619
13.04 16.00   0.886   1.367
13.04 16.00   2.253    66.329
13.04 16.00   2.034   1.081   2.253   0.479
13.04 16.00   2.036   1.074   2.253   0.472

13.05  0.00   0.442   0.436   0.026   0.075   0.002   0.004   0.330   0.002   0.000   0.003   0.000 1133691000
13.05    4.64    58.608
13.05 16.00   0.885   1.367
13.05 16.00   2.253    66.325
13.05 16.00   2.033   1.081   2.253   0.479
13.05 16.00   2.035   1.074   2.253   0.472

13.06  0.00   0.442   0.436   0.026   0.075   0.002   0.004   0.330   0.002   0.000   0.003   0.000 1134559000
13.06    4.64    58.597
13.06 16.00   0.885   1.367
13.06 16.00   2.252    66.320
13.06 16.00   2.033   1.081   2.252   0.479
13.06 16.00   2.035   1.074   2.252   0.472

13.07  0.00   0.442   0.436   0.026   0.075   0.002   0.004   0.330   0.002   0.000   0.003   0.000 1135428000
13.07    4.64    58.585
13.07 16.00   0.885   1.367
13.07 16.00   2.252    66.316
13.07 16.00   2.033   1.081   2.252   0.479
13.07 16.00   2.035   1.074   2.252   0.472

13.08  0.00   0.442   0.436   0.026   0.075   0.002   0.004   0.330   0.002   0.000   0.003   0.000 1136297000
13.08    4.64    58.574
13.08 16.00   0.885   1.367
13.08 16.00   2.252    66.311
13.08 16.00   2.033   1.081   2.252   0.479
13.08 16.00   2.035   1.074   2.252   0.472

13.09  0.00   0.442   0.436   0.026   0.075   0.002   0.004   0.330   0.002   0.000   0.003   0.000 1137166000
13.09    4.64    58.563
13.09 16.00   0.884   1.367
13.09 16.00   2.251    66.307
13.09 16.00   2.032   1.081   2.251   0.479
13.09 16.00   2.034   1.074   2.251   0.472

13.10  0.00   0.442   0.436   0.026   0.075   0.002   0.004   0.330   0.002   0.000   0.003   0.000 1138034000
13.10    4.64    58.552
13.10 16.00   0.884   1.367
13.10 16.00   2.251    66.303
13.10 16.00   2.032   1.081   2.251   0.479
13.10 16.00   2.034   1.074   2.251   0.471

13.11  0.00   0.442   0.436   0.026   0.075   0.002   0.004   0.330   0.002   0.000   0.003   0.000 1138903000
13.11    4.64    58.540
13.11 16.00   0.884   1.367
13.11 16.00   2.251    66.298
13.11 16.00   2.032   1.081   2.251   0.479
13.11 16.00   2.034   1.074   2.251   0.471

13.12  0.00   0.442   0.436   0.026   0.075   0.002   0.004   0.330   0.002   0.000   0.003   0.000 1139772000
13.12    4.63    58.529
13.12 16.00   0.883   1.367
13.12 16.00   2.251    66.294
13.12 16.00   2.031   1.080   2.251   0.479
13.12 16.00   2.033   1.074   2.251   0.471

13.13  0.00   0.442   0.436   0.026   0.075   0.002   0.004   0.330   0.002   0.000   0.003   0.000 1140641000
13.13    4.63    58.518
13.13 16.00   0.883   1.367
13.13 16.00   2.250    66.290
13.13 16.00   2.031   1.080   2.250   0.479
13.13 16.00   2.033   1.073   2.250   0.471

13.14  0.00   0.442   0.436   0.026   0.075   0.002   0.004   0.330   0.002   0.000   0.003   0.000 1141509000
13.14    4.63    58.507
13.14 16.00   0.883   1.367
13.14 16.00   2.250    66.285
13.14 16.00   2.031   1.080   2.250   0.479
13.14 16.00   2.033   1.073   2.250   0.471

13.15  0.00   0.442   0.436   0.026   0.075   0.002   0.004   0.330   0.002   0.000   0.003   0.000 1142378000
13.15    4.63    58.496
13.15 16.00   0.883   1.367
13.15 16.00   2.250    66.281
13.15 16.00   2.031   1.080   2.250   0.479
13.15 16.00   2.033   1.073   2.250   0.471

13.16  0.00   0.442   0.436   0.026   0.075   0.002   0.004   0.330   0.002   0.000   0.003   0.000 1143247000
13.16    4.63    58.484
13.16 16.00   0.882   1.367
13.16 16.00   2.249    66.277
13.16 16.00   2.030   1.080   2.249   0.479
13.16 16.00   2.032   1.073   2.249   0.471

13.17  0.00   0.442   0.436   0.026   0.075   0.002   0.004   0.330   0.002   0.000   0.003   0.000 1144115000
13.17    4.63    58.473
13.17 16.00   0.882   1.367
13.17 16.00   2.249    66.272
13.17 16.00   2.030   1.080   2.249   0.479
13.17 16.00   2.032   1.073   2.249   0.471

13.18  0.00   0.442   0.436   0.026   0.075   0.002   0.004   0.330   0.002   0.000   0.003   0.000 1144984000
13.18    4.62    58.462
13.18 16.00   0.882   1.367
13.18 16.00   2.249    66.268
13.18 16.00   2.030   1.080   2.249   0.478
13.18 16.00   2.032   1.073   2.249   0.471

13.19  0.00   0.442   0.436   0.026   0.075   0.002   0.004   0.330   0.002   0.000   0.003   0.000 1145853000
13.19    4.62    58.451
13.19 16.00   0.881   1.367
13.19 16.00   2.249    66.263
13.19 16.00   2.030   1.080   2.249   0.478
13.19 16.00   2.032   1.073   2.249   0.471

13.20  0.00   0.442   0.435   0.026   0.075   0.002   0.004   0.330   0.002   0.000   0.003   0.000 1146722000
13.20    4.62    58.440
13.20 16.00   0.881   1.367
13.20 16.00   2.248    66.259
13.20 16.00   2.029   1.080   2.248   0.478
13.20 16.00   2.031   1.073   2.248   0.471

13.21  0.00   0.442   0.435   0.026   0.075   0.002   0.004   0.330   0.002   0.000   0.003   0.000 1147590000
13.21    4.62    58.429
13.21 16.00   0.881   1.367
13.21 16.00   2.248    66.255
13.21 16.00   2.029   1.080   2.248   0.478
13.21 16.00   2.031   1.073   2.248   0.471

13.22  0.00   0.442   0.435   0.026   0.075   0.002   0.004   0.330   0.002   0.000   0.003   0.000 1148459000
13.22    4.62    58.418
13.22 16.00   0.881   1.367
13.22 16.00   2.248    66.251
13.22 16.00   2.029   1.079   2.248   0.478
13.22 16.00   2.031   1.073   2.248   0.471

13.23  0.00   0.442   0.435   0.026   0.075   0.002   0.004   0.330   0.002   0.000   0.003   0.000 1149328000
13.23    4.62    58.407
13.23 16.00   0.880   1.367
13.23 16.00   2.247    66.246
13.23 16.00   2.029   1.079   2.247   0.478
13.23 16.00   2.031   1.072   2.247   0.471

13.24  0.00   0.442   0.435   0.026   0.075   0.002   0.004   0.330   0.002   0.000   0.003   0.000 1150196000
13.24    4.62    58.396
13.24 16.00   0.880   1.367
13.24 16.00   2.247    66.242
13.24 16.00   2.028   1.079   2.247   0.478
13.24 16.00   2.030   1.072   2.247   0.471

13.25  0.00   0.442   0.435   0.026   0.075   0.002   0.004   0.330   0.002   0.000   0.003   0.000 1151065000
13.25    4.61    58.384
13.25 16.00   0.880   1.367
13.25 16.00   2.247    66.238
13.25 16.00   2.028   1.079   2.247   0.478
13.25 16.00   2.030   1.072   2.247   0.471

13.26  0.00   0.442   0.435   0.026   0.075   0.002   0.004   0.330   0.002   0.000   0.003   0.000 1151934000
13.26    4.61    58.373
13.26 16.00   0.879   1.367
13.26 16.00   2.247    66.233
13.26 16.00   2.028   1.079   2.247   0.478
13.26 16.00   2.030   1.072   2.247   0.471

13.27  0.00   0.442   0.435   0.026   0.075   0.002   0.004   0.330   0.002   0.000   0.003   0.000 1152803000
13.27    4.61    58.362
13.27 16.00   0.879   1.367
13.27 16.00   2.246    66.229
13.27 16.00   2.028   1.079   2.246   0.478
13.27 16.00   2.029   1.072   2.246   0.471

13.28  0.00   0.442   0.435   0.026   0.075   0.002   0.004   0.330   0.002   0.000   0.003   0.000 1153671000
13.28    4.61    58.351
13.28 16.00   0.879   1.367
13.28 16.00   2.246    66.225
13.28 16.00   2.027   1.079   2.246   0.478
13.28 16.00   2.029   1.072   2.246   0.471

13.29  0.00   0.442   0.435   0.026   0.075   0.002   0.004   0.330   0.002   0.000   0.003   0.000 1154540000
13.29    4.61    58.340
13.29 16.00   0.879   1.367
13.29 16.00   2.246    66.220
13.29 16.00   2.027   1.079   2.246   0.478
13.29 16.00   2.029   1.072   2.246   0.471

13.30  0.00   0.442   0.435   0.026   0.075   0.002   0.004   0.330   0.002   0.000   0.003   0.000 1155409000
13.30    4.61    58.329
13.30 16.00   0.878   1.367
13.30 16.00   2.246    66.216
13.30 16.00   2.027   1.079   2.246   0.478
13.30 16.00   2.029   1.072   2.246   0.471

13.31  0.00   0.442   0.435   0.026   0.075   0.002   0.004   0.330   0.002   0.000   0.003   0.000 1156278000
13.31    4.61    58.318
13.31 16.00   0.878   1.367
13.31 16.00   2.245    66.212
13.31 16.00   2.026   1.079   2.245   0.478
13.31 16.00   2.028   1.072   2.245   0.471

13.32  0.00   0.442   0.435   0.026   0.075   0.002   0.004   0.330   0.002   0.000   0.003   0.000 1157146000
13.32    4.60    58.307
13.32 16.00   0.878   1.367
13.32 16.00   2.245    66.208
13.32 16.00   2.026   1.078   2.245   0.478
13.32 16.00   2.028   1.072   2.245   0.471

13.33  0.00   0.442   0.435   0.026   0.075   0.002   0.004   0.330   0.002   0.000   0.003   0.000 1158015000
13.33    4.60    58.296
13.33 16.00   0.878   1.367
13.33 16.00   2.245    66.203
13.33 16.00   2.026   1.078   2.245   0.478
13.33 16.00   2.028   1.072   2.245   0.471

13.34  0.00   0.442   0.435   0.026   0.075   0.002   0.004   0.330   0.002   0.000   0.003   0.000 1158884000
13.34    4.60    58.285
13.34 16.00   0.877   1.367
13.34 16.00   2.244    66.199
13.34 16.00   2.026   1.078   2.244   0.478
13.34 16.00   2.028   1.071   2.244   0.471

13.35  0.00   0.442   0.435   0.026   0.075   0.002   0.004   0.330   0.002   0.000   0.003   0.000 1159753000
13.35    4.60    58.274
13.35 16.00   0.877   1.367
13.35 16.00   2.244    66.195
13.35 16.00   2.025   1.078   2.244   0.478
13.35 16.00   2.027   1.071   2.244   0.471

13.36  0.00   0.442   0.435   0.026   0.075   0.002   0.004   0.330   0.002   0.000   0.003   0.000 1160621000
13.36    4.60    58.263
13.36 16.00   0.877   1.367
13.36 16.00   2.244    66.191
13.36 16.00   2.025   1.078   2.244   0.478
13.36 16.00   2.027   1.071   2.244   0.471

13.37  0.00   0.442   0.435   0.026   0.075   0.002   0.004   0.330   0.002   0.000   0.003   0.000 1161490000
13.37    4.60    58.252
13.37 16.00   0.876   1.367
13.37 16.00   2.244    66.186
13.37 16.00   2.025   1.078   2.244   0.478
13.37 16.00   2.027   1.071   2.244   0.471

13.38  0.00   0.442   0.435   0.026   0.075   0.002   0.004   0.330   0.002   0.000   0.003   0.000 1162359000
13.38    4.60    58.241
13.38 16.00   0.876   1.367
13.38 16.00   2.243    66.182
13.38 16.00   2.025   1.078   2.243   0.478
13.38 16.00   2.027   1.071   2.243   0.471

13.39  0.00   0.442   0.435   0.026   0.075   0.002   0.004   0.330   0.002   0.000   0.003   0.000 1163228000
13.39    4.59    58.230
13.39 16.00   0.876   1.367
13.39 16.00   2.243    66.178
13.39 16.00   2.024   1.078   2.243   0.478
13.39 16.00   2.026   1.071   2.243   0.471

13.40  0.00   0.442   0.435   0.026   0.075   0.002   0.004   0.330   0.002   0.000   0.003   0.000 1164096000
13.40    4.59    58.220
13.40 16.00   0.876   1.367
13.40 16.00   2.243    66.174
13.40 16.00   2.024   1.078   2.243   0.478
13.40 16.00   2.026   1.071   2.243   0.471

13.41  0.00   0.442   0.435   0.026   0.075   0.002   0.004   0.330   0.002   0.000   0.003   0.000 1164965000
13.41    4.59    58.209
13.41 16.00   0.875   1.367
13.41 16.00   2.243    66.170
13.41 16.00   2.024   1.078   2.243   0.478
13.41 16.00   2.026   1.071   2.243   0.471

13.42  0.00   0.442   0.435   0.026   0.075   0.002   0.004   0.330   0.002   0.000   0.003   0.000 1165834000
13.42    4.59    58.198
13.42 16.00   0.875   1.367
13.42 16.00   2.242    66.165
13.42 16.00   2.024   1.078   2.242   0.478
13.42 16.00   2.026   1.071   2.242   0.471

13.43  0.00   0.442   0.435   0.026   0.075   0.002   0.004   0.330   0.002   0.000   0.003   0.000 1166702000
13.43    4.59    58.187
13.43 16.00   0.875   1.367
13.43 16.00   2.242    66.161
13.43 16.00   2.023   1.077   2.242   0.478
13.43 16.00   2.025   1.071   2.242   0.471

13.44  0.00   0.442   0.435   0.026   0.075   0.002   0.004   0.330   0.002   0.000   0.003   0.000 1167571000
13.44    4.59    58.176
13.44 16.00   0.875   1.367
13.44 16.00   2.242    66.157
13.44 16.00   2.023   1.077   2.242   0.478
13.44 16.00   2.025   1.070   2.242   0.471

13.45  0.00   0.442   0.435   0.026   0.075   0.002   0.004   0.330   0.002   0.000   0.003   0.000 1168440000
13.45    4.59    58.165
13.45 16.00   0.874   1.367
13.45 16.00   2.241    66.153
13.45 16.00   2.023   1.077   2.241   0.478
13.45 16.00   2.025   1.070   2.241   0.471

13.46  0.00   0.442   0.435   0.026   0.075   0.002   0.004   0.330   0.002   0.000   0.003   0.000 1169309000
13.46    4.58    58.154
13.46 16.00   0.874   1.367
13.46 16.00   2.241    66.149
13.46 16.00   2.023   1.077   2.241   0.478
13.46 16.00   2.025   1.070   2.241   0.471

13.47  0.00   0.442   0.435   0.026   0.075   0.002   0.004   0.330   0.002   0.000   0.003   0.000 1170177000
13.47    4.58    58.143
13.47 16.00   0.874   1.367
13.47 16.00   2.241    66.144
13.47 16.00   2.022   1.077   2.241   0.478
13.47 16.00   2.024   1.070   2.241   0.471

13.48  0.00   0.442   0.435   0.026   0.075   0.002   0.004   0.330   0.002   0.000   0.003   0.000 1171046000
13.48    4.58    58.133
13.48 16.00   0.873   1.367
13.48 16.00   2.241    66.140
13.48 16.00   2.022   1.077   2.241   0.478
13.48 16.00   2.024   1.070   2.241   0.471

13.49  0.00   0.442   0.435   0.026   0.075   0.002   0.004   0.330   0.002   0.000   0.003   0.000 1171915000
13.49    4.58    58.122
13.49 16.00   0.873   1.367
13.49 16.00   2.240    66.136
13.49 16.00   2.022   1.077   2.240   0.478
13.49 16.00   2.024   1.070   2.240   0.471

13.50  0.00   0.442   0.435   0.026   0.075   0.002   0.004   0.330   0.002   0.000   0.003   0.000 1172783000
13.50    4.58    58.111
13.50 16.00   0.873   1.367
13.50 16.00   2.240    66.132
13.50 16.00   2.022   1.077   2.240   0.478
13.50 16.00   2.024   1.070   2.240   0.471

13.51  0.00   0.442   0.435   0.026   0.075   0.002   0.004   0.330   0.002   0.000   0.003   0.000 1173652000
13.51    4.58    58.100
13.51 16.00   0.873   1.367
13.51 16.00   2.240    66.128
13.51 16.00   2.021   1.077   2.240   0.478
13.51 16.00   2.023   1.070   2.240   0.471

13.52  0.00   0.442   0.435   0.026   0.075   0.002   0.004   0.330   0.002   0.000   0.003   0.000 1174521000
13.52    4.58    58.089
13.52 16.00   0.872   1.367
13.52 16.00   2.240    66.124
13.52 16.00   2.021   1.077   2.240   0.478
13.52 16.00   2.023   1.070   2.240   0.471

13.53  0.00   0.442   0.435   0.026   0.075   0.002   0.004   0.330   0.002   0.000   0.003   0.000 1175390000
13.53    4.57    58.079
13.53 16.00   0.872   1.367
13.53 16.00   2.239    66.119
13.53 16.00   2.021   1.077   2.239   0.478
13.53 16.00   2.023   1.070   2.239   0.471

13.54  0.00   0.441   0.435   0.026   0.075   0.002   0.004   0.330   0.002   0.000   0.003   0.000 1176258000
13.54    4.57    58.068
13.54 16.00   0.872   1.367
13.54 16.00   2.239    66.115
13.54 16.00   2.021   1.076   2.239   0.478
13.54 16.00   2.023   1.070   2.239   0.471

13.55  0.00   0.441   0.435   0.026   0.075   0.002   0.004   0.330   0.002   0.000   0.003   0.000 1177127000
13.55    4.57    58.057
13.55 16.00   0.872   1.367
13.55 16.00   2.239    66.111
13.55 16.00   2.020   1.076   2.239   0.478
13.55 16.00   2.022   1.069   2.239   0.471

13.56  0.00   0.441   0.435   0.026   0.075   0.002   0.004   0.330   0.002   0.000   0.003   0.000 1177996000
13.56    4.57    58.046
13.56 16.00   0.871   1.367
13.56 16.00   2.238    66.107
13.56 16.00   2.020   1.076   2.238   0.478
13.56 16.00   2.022   1.069   2.238   0.471

13.57  0.00   0.441   0.435   0.026   0.075   0.002   0.004   0.330   0.002   0.000   0.003   0.000 1178865000
13.57    4.57    58.036
13.57 16.00   0.871   1.367
13.57 16.00   2.238    66.103
13.57 16.00   2.020   1.076   2.238   0.478
13.57 16.00   2.022   1.069   2.238   0.471

13.58  0.00   0.441   0.435   0.026   0.075   0.002   0.004   0.330   0.002   0.000   0.003   0.000 1179733000
13.58    4.57    58.025
13.58 16.00   0.871   1.367
13.58 16.00   2.238    66.099
13.58 16.00   2.020   1.076   2.238   0.478
13.58 16.00   2.022   1.069   2.238   0.471

13.59  0.00   0.441   0.435   0.026   0.075   0.002   0.004   0.330   0.002   0.000   0.003   0.000 1180602000
13.59    4.57    58.014
13.59 16.00   0.871   1.367
13.59 16.00   2.238    66.095
13.59 16.00   2.019   1.076   2.238   0.478
13.59 16.00   2.021   1.069   2.238   0.471

13.60  0.00   0.441   0.435   0.026   0.075   0.002   0.004   0.330   0.002   0.000   0.003   0.000 1181471000
13.60    4.56    58.003
13.60 16.00   0.870   1.367
13.60 16.00   2.237    66.091
13.60 16.00   2.019   1.076   2.237   0.478
13.60 16.00   2.021   1.069   2.237   0.471

13.61  0.00   0.441   0.435   0.026   0.075   0.002   0.004   0.330   0.002   0.000   0.003   0.000 1182339000
13.61    4.56    57.993
13.61 16.00   0.870   1.367
13.61 16.00   2.237    66.086
13.61 16.00   2.019   1.076   2.237   0.478
13.61 16.00   2.021   1.069   2.237   0.470

13.62  0.00   0.441   0.435   0.026   0.075   0.002   0.004   0.330   0.002   0.000   0.003   0.000 1183208000
13.62    4.56    57.982
13.62 16.00   0.870   1.367
13.62 16.00   2.237    66.082
13.62 16.00   2.019   1.076   2.237   0.478
13.62 16.00   2.021   1.069   2.237   0.470

13.63  0.00   0.441   0.435   0.026   0.075   0.002   0.004   0.330   0.002   0.000   0.003   0.000 1184077000
13.63    4.56    57.971
13.63 16.00   0.869   1.367
13.63 16.00   2.237    66.078
13.63 16.00   2.018   1.076   2.237   0.478
13.63 16.00   2.020   1.069   2.237   0.470

13.64  0.00   0.441   0.435   0.026   0.075   0.002   0.004   0.330   0.002   0.000   0.003   0.000 1184946000
13.64    4.56    57.961
13.64 16.00   0.869   1.367
13.64 16.00   2.236    66.074
13.64 16.00   2.018   1.076   2.236   0.478
13.64 16.00   2.020   1.069   2.236   0.470

13.65  0.00   0.441   0.435   0.026   0.075   0.002   0.004   0.330   0.002   0.000   0.003   0.000 1185814000
13.65    4.56    57.950
13.65 16.00   0.869   1.367
13.65 16.00   2.236    66.070
13.65 16.00   2.018   1.075   2.236   0.478
13.65 16.00   2.020   1.069   2.236   0.470

13.66  0.00   0.441   0.435   0.026   0.075   0.002   0.004   0.330   0.002   0.000   0.003   0.000 1186683000
13.66    4.56    57.939
13.66 16.00   0.869   1.367
13.66 16.00   2.236    66.066
13.66 16.00   2.018   1.075   2.236   0.478
13.66 16.00   2.020   1.068   2.236   0.470

13.67  0.00   0.441   0.435   0.026   0.075   0.002   0.004   0.330   0.002   0.000   0.003   0.000 1187552000
13.67    4.55    57.929
13.67 16.00   0.868   1.367
13.67 16.00   2.236    66.062
13.67 16.00   2.017   1.075   2.236   0.478
13.67 16.00   2.019   1.068   2.236   0.470

13.68  0.00   0.441   0.435   0.026   0.075   0.002   0.004   0.330   0.002   0.000   0.003   0.000 1188421000
13.68    4.55    57.918
13.68 16.00   0.868   1.367
13.68 16.00   2.235    66.058
13.68 16.00   2.017   1.075   2.235   0.478
13.68 16.00   2.019   1.068   2.235   0.470

13.69  0.00   0.441   0.435   0.026   0.075   0.002   0.004   0.330   0.002   0.000   0.003   0.000 1189289000
13.69    4.55    57.907
13.69 16.00   0.868   1.367
13.69 16.00   2.235    66.054
13.69 16.00   2.017   1.075   2.235   0.478
13.69 16.00   2.019   1.068   2.235   0.470

13.70  0.00   0.441   0.435   0.026   0.075   0.002   0.004   0.330   0.002   0.000   0.003   0.000 1190158000
13.70    4.55    57.897
13.70 16.00   0.868   1.367
13.70 16.00   2.235    66.050
13.70 16.00   2.017   1.075   2.235   0.477
13.70 16.00   2.019   1.068   2.235   0.470

13.71  0.00   0.441   0.435   0.026   0.075   0.002   0.004   0.330   0.002   0.000   0.003   0.000 1191027000
13.71    4.55    57.886
13.71 16.00   0.867   1.367
13.71 16.00   2.235    66.046
13.71 16.00   2.016   1.075   2.235   0.477
13.71 16.00   2.018   1.068   2.235   0.470

13.72  0.00   0.441   0.435   0.026   0.075   0.002   0.004   0.330   0.002   0.000   0.003   0.000 1191896000
13.72    4.55    57.876
13.72 16.00   0.867   1.367
13.72 16.00   2.234    66.042
13.72 16.00   2.016   1.075   2.234   0.477
13.72 16.00   2.018   1.068   2.234   0.470

13.73  0.00   0.441   0.435   0.026   0.075   0.002   0.004   0.330   0.002   0.000   0.003   0.000 1192764000
13.73    4.55    57.865
13.73 16.00   0.867   1.367
13.73 16.00   2.234    66.038
13.73 16.00   2.016   1.075   2.234   0.477
13.73 16.00   2.018   1.068   2.234   0.470

13.74  0.00   0.441   0.435   0.026   0.075   0.002   0.004   0.330   0.002   0.000   0.003   0.000 1193633000
13.74    4.55    57.854
13.74 16.00   0.867   1.367
13.74 16.00   2.234    66.034
13.74 16.00   2.016   1.075   2.234   0.477
13.74 16.00   2.018   1.068   2.234   0.470

13.75  0.00   0.441   0.435   0.026   0.075   0.002   0.004   0.330   0.002   0.000   0.003   0.000 1194502000
13.75    4.54    57.844
13.75 16.00   0.866   1.367
13.75 16.00   2.234    66.030
13.75 16.00   2.015   1.075   2.234   0.477
13.75 16.00   2.017   1.068   2.234   0.470

13.76  0.00   0.441   0.434   0.026   0.075   0.002   0.004   0.330   0.002   0.000   0.003   0.000 1195370000
13.76    4.54    57.833
13.76 16.00   0.866   1.367
13.76 16.00   2.233    66.026
13.76 16.00   2.015   1.074   2.233   0.477
13.76 16.00   2.017   1.068   2.233   0.470

13.77  0.00   0.441   0.434   0.026   0.075   0.002   0.004   0.330   0.002   0.000   0.003   0.000 1196239000
13.77    4.54    57.823
13.77 16.00   0.866   1.367
13.77 16.00   2.233    66.022
13.77 16.00   2.015   1.074   2.233   0.477
13.77 16.00   2.017   1.067   2.233   0.470

13.78  0.00   0.441   0.434   0.026   0.075   0.002   0.004   0.330   0.002   0.000   0.003   0.000 1197108000
13.78    4.54    57.812
13.78 16.00   0.866   1.367
13.78 16.00   2.233    66.018
13.78 16.00   2.015   1.074   2.233   0.477
13.78 16.00   2.017   1.067   2.233   0.470

13.79  0.00   0.441   0.434   0.026   0.075   0.002   0.004   0.330   0.002   0.000   0.003   0.000 1197977000
13.79    4.54    57.802
13.79 16.00   0.865   1.367
13.79 16.00   2.232    66.013
13.79 16.00   2.014   1.074   2.232   0.477
13.79 16.00   2.016   1.067   2.232   0.470

13.80  0.00   0.441   0.434   0.026   0.075   0.002   0.004   0.330   0.002   0.000   0.003   0.000 1198845000
13.80    4.54    57.791
13.80 16.00   0.865   1.367
13.80 16.00   2.232    66.009
13.80 16.00   2.014   1.074   2.232   0.477
13.80 16.00   2.016   1.067   2.232   0.470

13.81  0.00   0.441   0.434   0.026   0.075   0.002   0.004   0.330   0.002   0.000   0.003   0.000 1199714000
13.81    4.54    57.781
13.81 16.00   0.865   1.367
13.81 16.00   2.232    66.005
13.81 16.00   2.014   1.074   2.232   0.477
13.81 16.00   2.016   1.067   2.232   0.470

13.82  0.00   0.441   0.434   0.026   0.075   0.002   0.004   0.330   0.002   0.000   0.003   0.000 1200583000
13.82    4.53    57.770
13.82 16.00   0.865   1.367
13.82 16.00   2.232    66.002
13.82 16.00   2.014   1.074   2.232   0.477
13.82 16.00   2.016   1.067   2.232   0.470

13.83  0.00   0.441   0.434   0.026   0.075   0.002   0.004   0.330   0.002   0.000   0.003   0.000 1201452000
13.83    4.53    57.760
13.83 16.00   0.864   1.367
13.83 16.00   2.231    65.998
13.83 16.00   2.013   1.074   2.231   0.477
13.83 16.00   2.015   1.067   2.231   0.470

13.84  0.00   0.441   0.434   0.026   0.075   0.002   0.004   0.330   0.002   0.000   0.003   0.000 1202320000
13.84    4.53    57.749
13.84 16.00   0.864   1.367
13.84 16.00   2.231    65.994
13.84 16.00   2.013   1.074   2.231   0.477
13.84 16.00   2.015   1.067   2.231   0.470

13.85  0.00   0.441   0.434   0.026   0.075   0.002   0.004   0.330   0.002   0.000   0.003   0.000 1203189000
13.85    4.53    57.739
13.85 16.00   0.864   1.367
13.85 16.00   2.231    65.990
13.85 16.00   2.013   1.074   2.231   0.477
13.85 16.00   2.015   1.067   2.231   0.470

13.86  0.00   0.441   0.434   0.026   0.075   0.002   0.004   0.330   0.002   0.000   0.003   0.000 1204058000
13.86    4.53    57.728
13.86 16.00   0.864   1.367
13.86 16.00   2.231    65.986
13.86 16.00   2.013   1.074   2.231   0.477
13.86 16.00   2.015   1.067   2.231   0.470

13.87  0.00   0.441   0.434   0.026   0.075   0.002   0.004   0.330   0.002   0.000   0.003   0.000 1204926000
13.87    4.53    57.718
13.87 16.00   0.863   1.367
13.87 16.00   2.230    65.982
13.87 16.00   2.012   1.073   2.230   0.477
13.87 16.00   2.014   1.067   2.230   0.470

13.88  0.00   0.441   0.434   0.026   0.075   0.002   0.004   0.330   0.002   0.000   0.003   0.000 1205795000
13.88    4.53    57.707
13.88 16.00   0.863   1.367
13.88 16.00   2.230    65.978
13.88 16.00   2.012   1.073   2.230   0.477
13.88 16.00   2.014   1.067   2.230   0.470

13.89  0.00   0.441   0.434   0.026   0.075   0.002   0.004   0.330   0.002   0.000   0.003   0.000 1206664000
13.89    4.52    57.697
13.89 16.00   0.863   1.367
13.89 16.00   2.230    65.974
13.89 16.00   2.012   1.073   2.230   0.477
13.89 16.00   2.014   1.066   2.230   0.470

13.90  0.00   0.441   0.434   0.026   0.075   0.002   0.004   0.330   0.002   0.000   0.003   0.000 1207533000
13.90    4.52    57.687
13.90 16.00   0.862   1.367
13.90 16.00   2.230    65.970
13.90 16.00   2.012   1.073   2.230   0.477
13.90 16.00   2.014   1.066   2.230   0.470

13.91  0.00   0.441   0.434   0.026   0.075   0.002   0.004   0.330   0.002   0.000   0.003   0.000 1208401000
13.91    4.52    57.676
13.91 16.00   0.862   1.367
13.91 16.00   2.229    65.966
13.91 16.00   2.012   1.073   2.229   0.477
13.91 16.00   2.014   1.066   2.229   0.470

13.92  0.00   0.441   0.434   0.026   0.075   0.002   0.004   0.330   0.002   0.000   0.003   0.000 1209270000
13.92    4.52    57.666
13.92 16.00   0.862   1.367
13.92 16.00   2.229    65.962
13.92 16.00   2.011   1.073   2.229   0.477
13.92 16.00   2.013   1.066   2.229   0.470

13.93  0.00   0.441   0.434   0.026   0.075   0.002   0.004   0.330   0.002   0.000   0.003   0.000 1210139000
13.93    4.52    57.655
13.93 16.00   0.862   1.367
13.93 16.00   2.229    65.958
13.93 16.00   2.011   1.073   2.229   0.477
13.93 16.00   2.013   1.066   2.229   0.470

13.94  0.00   0.441   0.434   0.026   0.075   0.002   0.004   0.330   0.002   0.000   0.003   0.000 1211007000
13.94    4.52    57.645
13.94 16.00   0.861   1.367
13.94 16.00   2.229    65.954
13.94 16.00   2.011   1.073   2.229   0.477
13.94 16.00   2.013   1.066   2.229   0.470

13.95  0.00   0.441   0.434   0.026   0.075   0.002   0.004   0.330   0.002   0.000   0.003   0.000 1211876000
13.95    4.52    57.635
13.95 16.00   0.861   1.367
13.95 16.00   2.228    65.950
13.95 16.00   2.011   1.073   2.228   0.477
13.95 16.00   2.013   1.066   2.228   0.470

13.96  0.00   0.441   0.434   0.026   0.075   0.002   0.004   0.330   0.002   0.000   0.003   0.000 1212745000
13.96    4.52    57.624
13.96 16.00   0.861   1.367
13.96 16.00   2.228    65.946
13.96 16.00   2.010   1.073   2.228   0.477
13.96 16.00   2.012   1.066   2.228   0.470

13.97  0.00   0.441   0.434   0.026   0.075   0.002   0.004   0.330   0.002   0.000   0.003   0.000 1213614000
13.97    4.51    57.614
13.97 16.00   0.861   1.367
13.97 16.00   2.228    65.942
13.97 16.00   2.010   1.073   2.228   0.477
13.97 16.00   2.012   1.066   2.228   0.470

13.98  0.00   0.441   0.434   0.026   0.075   0.002   0.004   0.330   0.002   0.000   0.003   0.000 1214482000
13.98    4.51    57.604
13.98 16.00   0.860   1.367
13.98 16.00   2.228    65.938
13.98 16.00   2.010   1.073   2.228   0.477
13.98 16.00   2.012   1.066   2.228   0.470

13.99  0.00   0.441   0.434   0.026   0.075   0.002   0.004   0.330   0.002   0.000   0.003   0.000 1215351000
13.99    4.51    57.593
13.99 16.00   0.860   1.367
13.99 16.00   2.227    65.934
13.99 16.00   2.010   1.072   2.227   0.477
13.99 16.00   2.012   1.066   2.227   0.470

14.00  0.00   0.441   0.434   0.026   0.075   0.002   0.004   0.329   0.002   0.000   0.003   0.000 1216220000
14.00    4.51    57.583
14.00 16.00   0.860   1.367
14.00 16.00   2.227    65.930
14.00 16.00   2.009   1.072   2.227   0.477
14.00 16.00   2.011   1.065   2.227   0.470

14.01  0.00   0.441   0.434   0.026   0.075   0.002   0.004   0.329   0.002   0.000   0.003   0.000 1217089000
14.01    4.51    57.573
14.01 16.00   0.860   1.367
14.01 16.00   2.227    65.927
14.01 16.00   2.009   1.072   2.227   0.477
14.01 16.00   2.011   1.065   2.227   0.470

14.02  0.00   0.441   0.434   0.026   0.075   0.002   0.004   0.329   0.002   0.000   0.003   0.000 1217957000
14.02    4.51    57.562
14.02 16.00   0.859   1.367
14.02 16.00   2.227    65.923
14.02 16.00   2.009   1.072   2.227   0.477
14.02 16.00   2.011   1.065   2.227   0.470

14.03  0.00   0.441   0.434   0.026   0.075   0.002   0.004   0.329   0.002   0.000   0.003   0.000 1218826000
14.03    4.51    57.552
14.03 16.00   0.859   1.367
14.03 16.00   2.226    65.919
14.03 16.00   2.009   1.072   2.226   0.477
14.03 16.00   2.011   1.065   2.226   0.470

14.04  0.00   0.441   0.434   0.026   0.075   0.002   0.004   0.329   0.002   0.000   0.003   0.000 1219695000
14.04    4.51    57.542
14.04 16.00   0.859   1.367
14.04 16.00   2.226    65.915
14.04 16.00   2.008   1.072   2.226   0.477
14.04 16.00   2.010   1.065   2.226   0.470

14.05  0.00   0.441   0.434   0.026   0.075   0.002   0.004   0.329   0.002   0.000   0.003   0.000 1220564000
14.05    4.50    57.532
14.05 16.00   0.859   1.367
14.05 16.00   2.226    65.911
14.05 16.00   2.008   1.072   2.226   0.477
14.05 16.00   2.010   1.065   2.226   0.470

14.06  0.00   0.441   0.434   0.026   0.075   0.002   0.004   0.329   0.002   0.000   0.003   0.000 1221432000
14.06    4.50    57.521
14.06 16.00   0.858   1.367
14.06 16.00   2.226    65.907
14.06 16.00   2.008   1.072   2.226   0.477
14.06 16.00   2.010   1.065   2.226   0.470

14.07  0.00   0.441   0.434   0.026   0.075   0.002   0.004   0.329   0.002   0.000   0.003   0.000 1222301000
14.07    4.50    57.511
14.07 16.00   0.858   1.367
14.07 16.00   2.225    65.903
14.07 16.00   2.008   1.072   2.225   0.477
14.07 16.00   2.010   1.065   2.225   0.470

14.08  0.00   0.441   0.434   0.026   0.075   0.002   0.004   0.329   0.002   0.000   0.003   0.000 1223170000
14.08    4.50    57.501
14.08 16.00   0.858   1.367
14.08 16.00   2.225    65.899
14.08 16.00   2.008   1.072   2.225   0.477
14.08 16.00   2.009   1.065   2.225   0.470

14.09  0.00   0.441   0.434   0.026   0.075   0.002   0.004   0.329   0.002   0.000   0.003   0.000 1224039000
14.09    4.50    57.491
14.09 16.00   0.858   1.367
14.09 16.00   2.225    65.896
14.09 16.00   2.007   1.072   2.225   0.477
14.09 16.00   2.009   1.065   2.225   0.470

14.10  0.00   0.441   0.434   0.026   0.075   0.002   0.004   0.329   0.002   0.000   0.003   0.000 1224907000
14.10    4.50    57.480
14.10 16.00   0.857   1.367
14.10 16.00   2.225    65.892
14.10 16.00   2.007   1.071   2.225   0.477
14.10 16.00   2.009   1.065   2.225   0.470

14.11  0.00   0.441   0.434   0.026   0.075   0.002   0.004   0.329   0.002   0.000   0.003   0.000 1225776000
14.11    4.50    57.470
14.11 16.00   0.857   1.367
14.11 16.00   2.224    65.888
14.11 16.00   2.007   1.071   2.224   0.477
14.11 16.00   2.009   1.065   2.224   0.470

14.12  0.00   0.441   0.434   0.026   0.075   0.002   0.004   0.329   0.002   0.000   0.003   0.000 1226645000
14.12    4.49    57.460
14.12 16.00   0.857   1.367
14.12 16.00   2.224    65.884
14.12 16.00   2.007   1.071   2.224   0.477
14.12 16.00   2.009   1.064   2.224   0.470

14.13  0.00   0.440   0.434   0.026   0.075   0.002   0.004   0.329   0.002   0.000   0.003   0.000 1227513000
14.13    4.49    57.450
14.13 16.00   0.857   1.367
14.13 16.00   2.224    65.880
14.13 16.00   2.006   1.071   2.224   0.477
14.13 16.00   2.008   1.064   2.224   0.470

14.14  0.00   0.440   0.434   0.026   0.075   0.002   0.004   0.329   0.002   0.000   0.003   0.000 1228382000
14.14    4.49    57.440
14.14 16.00   0.856   1.367
14.14 16.00   2.224    65.876
14.14 16.00   2.006   1.071   2.224   0.477
14.14 16.00   2.008   1.064   2.224   0.470

14.15  0.00   0.440   0.434   0.026   0.075   0.002   0.004   0.329   0.002   0.000   0.003   0.000 1229251000
14.15    4.49    57.429
14.15 16.00   0.856   1.367
14.15 16.00   2.223    65.872
14.15 16.00   2.006   1.071   2.223   0.477
14.15 16.00   2.008   1.064   2.223   0.470

14.16  0.00   0.440   0.434   0.026   0.075   0.002   0.004   0.329   0.002   0.000   0.003   0.000 1230120000
14.16    4.49    57.419
14.16 16.00   0.856   1.367
14.16 16.00   2.223    65.869
14.16 16.00   2.006   1.071   2.223   0.477
14.16 16.00   2.008   1.064   2.223   0.469

14.17  0.00   0.440   0.434   0.026   0.075   0.002   0.004   0.329   0.002   0.000   0.003   0.000 1230988000
14.17    4.49    57.409
14.17 16.00   0.856   1.367
14.17 16.00   2.223    65.865
14.17 16.00   2.005   1.071   2.223   0.477
14.17 16.00   2.007   1.064   2.223   0.469

14.18  0.00   0.440   0.434   0.026   0.075   0.002   0.004   0.329   0.002   0.000   0.003   0.000 1231857000
14.18    4.49    57.399
14.18 16.00   0.855   1.367
14.18 16.00   2.223    65.861
14.18 16.00   2.005   1.071   2.223   0.477
14.18 16.00   2.007   1.064   2.223   0.469

14.19  0.00   0.440   0.434   0.026   0.075   0.002   0.004   0.329   0.002   0.000   0.003   0.000 1232726000
14.19    4.49    57.389
14.19 16.00   0.855   1.367
14.19 16.00   2.222    65.857
14.19 16.00   2.005   1.071   2.222   0.477
14.19 16.00   2.007   1.064   2.222   0.469

14.20  0.00   0.440   0.434   0.026   0.075   0.002   0.004   0.329   0.002   0.000   0.003   0.000 1233594000
14.20    4.48    57.379
14.20 16.00   0.855   1.367
14.20 16.00   2.222    65.853
14.20 16.00   2.005   1.071   2.222   0.477
14.20 16.00   2.007   1.064   2.222   0.469

14.21  0.00   0.440   0.434   0.026   0.075   0.002   0.004   0.329   0.002   0.000   0.003   0.000 1234463000
14.21    4.48    57.369
14.21 16.00   0.855   1.367
14.21 16.00   2.222    65.850
14.21 16.00   2.004   1.071   2.222   0.477
14.21 16.00   2.006   1.064   2.222   0.469

14.22  0.00   0.440   0.434   0.026   0.075   0.002   0.004   0.329   0.002   0.000   0.003   0.000 1235332000
14.22    4.48    57.359
14.22 16.00   0.855   1.367
14.22 16.00   2.222    65.846
14.22 16.00   2.004   1.070   2.222   0.477
14.22 16.00   2.006   1.064   2.222   0.469

14.23  0.00   0.440   0.434   0.026   0.075   0.002   0.004   0.329   0.002   0.000   0.003   0.000 1236201000
14.23    4.48    57.348
14.23 16.00   0.854   1.367
14.23 16.00   2.221    65.842
14.23 16.00   2.004   1.070   2.221   0.477
14.23 16.00   2.006   1.064   2.221   0.469

14.24  0.00   0.440   0.434   0.026   0.075   0.002   0.004   0.329   0.002   0.000   0.003   0.000 1237069000
14.24    4.48    57.338
14.24 16.00   0.854   1.367
14.24 16.00   2.221    65.838
14.24 16.00   2.004   1.070   2.221   0.477
14.24 16.00   2.006   1.063   2.221   0.469

14.25  0.00   0.440   0.434   0.026   0.075   0.002   0.004   0.329   0.002   0.000   0.003   0.000 1237938000
14.25    4.48    57.328
14.25 16.00   0.854   1.367
14.25 16.00   2.221    65.834
14.25 16.00   2.004   1.070   2.221   0.477
14.25 16.00   2.006   1.063   2.221   0.469

14.26  0.00   0.440   0.434   0.026   0.075   0.002   0.004   0.329   0.002   0.000   0.003   0.000 1238807000
14.26    4.48    57.318
14.26 16.00   0.854   1.367
14.26 16.00   2.221    65.831
14.26 16.00   2.003   1.070   2.221   0.476
14.26 16.00   2.005   1.063   2.221   0.469

14.27  0.00   0.440   0.434   0.026   0.075   0.002   0.004   0.329   0.002   0.000   0.003   0.000 1239676000
14.27    4.48    57.308
14.27 16.00   0.853   1.367
14.27 16.00   2.220    65.827
14.27 16.00   2.003   1.070   2.220   0.476
14.27 16.00   2.005   1.063   2.220   0.469

14.28  0.00   0.440   0.434   0.026   0.075   0.002   0.004   0.329   0.002   0.000   0.003   0.000 1240544000
14.28    4.47    57.298
14.28 16.00   0.853   1.367
14.28 16.00   2.220    65.823
14.28 16.00   2.003   1.070   2.220   0.476
14.28 16.00   2.005   1.063   2.220   0.469

14.29  0.00   0.440   0.434   0.026   0.075   0.002   0.004   0.329   0.002   0.000   0.003   0.000 1241413000
14.29    4.47    57.288
14.29 16.00   0.853   1.367
14.29 16.00   2.220    65.819
14.29 16.00   2.003   1.070   2.220   0.476
14.29 16.00   2.005   1.063   2.220   0.469

14.30  0.00   0.440   0.434   0.026   0.075   0.002   0.004   0.329   0.002   0.000   0.003   0.000 1242282000
14.30    4.47    57.278
14.30 16.00   0.853   1.367
14.30 16.00   2.220    65.815
14.30 16.00   2.002   1.070   2.220   0.476
14.30 16.00   2.004   1.063   2.220   0.469

14.31  0.00   0.440   0.434   0.026   0.075   0.002   0.004   0.329   0.002   0.000   0.003   0.000 1243151000
14.31    4.47    57.268
14.31 16.00   0.852   1.367
14.31 16.00   2.220    65.812
14.31 16.00   2.002   1.070   2.220   0.476
14.31 16.00   2.004   1.063   2.220   0.469

14.32  0.00   0.440   0.434   0.026   0.075   0.002   0.004   0.329   0.002   0.000   0.003   0.000 1244019000
14.32    4.47    57.258
14.32 16.00   0.852   1.367
14.32 16.00   2.219    65.808
14.32 16.00   2.002   1.070   2.219   0.476
14.32 16.00   2.004   1.063   2.219   0.469

14.33  0.00   0.440   0.434   0.026   0.075   0.002   0.004   0.329   0.002   0.000   0.003   0.000 1244888000
14.33    4.47    57.248
14.33 16.00   0.852   1.367
14.33 16.00   2.219    65.804
14.33 16.00   2.002   1.070   2.219   0.476
14.33 16.00   2.004   1.063   2.219   0.469

14.34  0.00   0.440   0.434   0.026   0.075   0.002   0.004   0.329   0.002   0.000   0.003   0.000 1245757000
14.34    4.47    57.238
14.34 16.00   0.852   1.367
14.34 16.00   2.219    65.800
14.34 16.00   2.002   1.069   2.219   0.476
14.34 16.00   2.004   1.063   2.219   0.469

14.35  0.00   0.440   0.434   0.026   0.075   0.002   0.004   0.329   0.002   0.000   0.003   0.000 1246625000
14.35    4.47    57.228
14.35 16.00   0.851   1.367
14.35 16.00   2.219    65.797
14.35 16.00   2.001   1.069   2.219   0.476
14.35 16.00   2.003   1.063   2.219   0.469

14.36  0.00   0.440   0.434   0.026   0.075   0.002   0.004   0.329   0.002   0.000   0.003   0.000 1247494000
14.36    4.46    57.218
14.36 16.00   0.851   1.367
14.36 16.00   2.218    65.793
14.36 16.00   2.001   1.069   2.218   0.476
14.36 16.00   2.003   1.062   2.218   0.469

14.37  0.00   0.440   0.433   0.026   0.075   0.002   0.004   0.329   0.002   0.000   0.003   0.000 1248363000
14.37    4.46    57.208
14.37 16.00   0.851   1.367
14.37 16.00   2.218    65.789
14.37 16.00   2.001   1.069   2.218   0.476
14.37 16.00   2.003   1.062   2.218   0.469

14.38  0.00   0.440   0.433   0.026   0.075   0.002   0.004   0.329   0.002   0.000   0.003   0.000 1249232000
14.38    4.46    57.198
14.38 16.00   0.851   1.367
14.38 16.00   2.218    65.786
14.38 16.00   2.001   1.069   2.218   0.476
14.38 16.00   2.003   1.062   2.218   0.469

14.39  0.00   0.440   0.433   0.026   0.075   0.002   0.004   0.329   0.002   0.000   0.003   0.000 1250100000
14.39    4.46    57.188
14.39 16.00   0.850   1.367
14.39 16.00   2.218    65.782
14.39 16.00   2.000   1.069   2.218   0.476
14.39 16.00   2.002   1.062   2.218   0.469

14.40  0.00   0.440   0.433   0.026   0.075   0.002   0.004   0.329   0.002   0.000   0.003   0.000 1250969000
14.40    4.46    57.178
14.40 16.00   0.850   1.367
14.40 16.00   2.217    65.778
14.40 16.00   2.000   1.069   2.217   0.476
14.40 16.00   2.002   1.062   2.217   0.469

14.41  0.00   0.440   0.433   0.026   0.075   0.002   0.004   0.329   0.002   0.000   0.003   0.000 1251838000
14.41    4.46    57.168
14.41 16.00   0.850   1.367
14.41 16.00   2.217    65.774
14.41 16.00   2.000   1.069   2.217   0.476
14.41 16.00   2.002   1.062   2.217   0.469

14.42  0.00   0.440   0.433   0.026   0.075   0.002   0.004   0.329   0.002   0.000   0.003   0.000 1252707000
14.42    4.46    57.159
14.42 16.00   0.850   1.367
14.42 16.00   2.217    65.771
14.42 16.00   2.000   1.069   2.217   0.476
14.42 16.00   2.002   1.062   2.217   0.469

14.43  0.00   0.440   0.433   0.026   0.075   0.002   0.004   0.329   0.002   0.000   0.003   0.000 1253575000
14.43    4.46    57.149
14.43 16.00   0.849   1.367
14.43 16.00   2.217    65.767
14.43 16.00   2.000   1.069   2.217   0.476
14.43 16.00   2.001   1.062   2.217   0.469

14.44  0.00   0.440   0.433   0.026   0.075   0.002   0.004   0.329   0.002   0.000   0.003   0.000 1254444000
14.44    4.45    57.139
14.44 16.00   0.849   1.367
14.44 16.00   2.216    65.763
14.44 16.00   1.999   1.069   2.216   0.476
14.44 16.00   2.001   1.062   2.216   0.469

14.45  0.00   0.440   0.433   0.026   0.075   0.002   0.004   0.329   0.002   0.000   0.003   0.000 1255313000
14.45    4.45    57.129
14.45 16.00   0.849   1.367
14.45 16.00   2.216    65.760
14.45 16.00   1.999   1.069   2.216   0.476
14.45 16.00   2.001   1.062   2.216   0.469

14.46  0.00   0.440   0.433   0.026   0.075   0.002   0.004   0.329   0.002   0.000   0.003   0.000 1256182000
14.46    4.45    57.119
14.46 16.00   0.849   1.367
14.46 16.00   2.216    65.756
14.46 16.00   1.999   1.069   2.216   0.476
14.46 16.00   2.001   1.062   2.216   0.469

14.47  0.00   0.440   0.433   0.026   0.075   0.002   0.004   0.329   0.002   0.000   0.003   0.000 1257050000
14.47    4.45    57.109
14.47 16.00   0.849   1.367
14.47 16.00   2.216    65.752
14.47 16.00   1.999   1.068   2.216   0.476
14.47 16.00   2.001   1.062   2.216   0.469

14.48  0.00   0.440   0.433   0.026   0.075   0.002   0.004   0.329   0.002   0.000   0.003   0.000 1257919000
14.48    4.45    57.099
14.48 16.00   0.848   1.367
14.48 16.00   2.215    65.749
14.48 16.00   1.998   1.068   2.215   0.476
14.48 16.00   2.000   1.061   2.215   0.469

14.49  0.00   0.440   0.433   0.026   0.075   0.002   0.004   0.329   0.002   0.000   0.003   0.000 1258788000
14.49    4.45    57.089
14.49 16.00   0.848   1.367
14.49 16.00   2.215    65.745
14.49 16.00   1.998   1.068   2.215   0.476
14.49 16.00   2.000   1.061   2.215   0.469

14.50  0.00   0.440   0.433   0.026   0.075   0.002   0.004   0.329   0.002   0.000   0.003   0.000 1259656000
14.50    4.45    57.080
14.50 16.00   0.848   1.367
14.50 16.00   2.215    65.741
14.50 16.00   1.998   1.068   2.215   0.476
14.50 16.00   2.000   1.061   2.215   0.469

14.51  0.00   0.440   0.433   0.026   0.075   0.002   0.004   0.329   0.002   0.000   0.003   0.000 1260525000
14.51    4.45    57.070
14.51 16.00   0.848   1.367
14.51 16.00   2.215    65.738
14.51 16.00   1.998   1.068   2.215   0.476
14.51 16.00   2.000   1.061   2.215   0.469

14.52  0.00   0.440   0.433   0.026   0.075   0.002   0.004   0.329   0.002   0.000   0.003   0.000 1261394000
14.52    4.44    57.060
14.52 16.00   0.847   1.367
14.52 16.00   2.215    65.734
14.52 16.00   1.998   1.068   2.215   0.476
14.52 16.00   1.999   1.061   2.215   0.469

14.53  0.00   0.440   0.433   0.026   0.075   0.002   0.004   0.329   0.002   0.000   0.003   0.000 1262263000
14.53    4.44    57.050
14.53 16.00   0.847   1.367
14.53 16.00   2.214    65.730
14.53 16.00   1.997   1.068   2.214   0.476
14.53 16.00   1.999   1.061   2.214   0.469

14.54  0.00   0.440   0.433   0.026   0.075   0.002   0.004   0.329   0.002   0.000   0.003   0.000 1263131000
14.54    4.44    57.040
14.54 16.00   0.847   1.367
14.54 16.00   2.214    65.727
14.54 16.00   1.997   1.068   2.214   0.476
14.54 16.00   1.999   1.061   2.214   0.469

14.55  0.00   0.440   0.433   0.026   0.075   0.002   0.004   0.329   0.002   0.000   0.003   0.000 1264000000
14.55    4.44    57.031
14.55 16.00   0.847   1.367
14.55 16.00   2.214    65.723
14.55 16.00   1.997   1.068   2.214   0.476
14.55 16.00   1.999   1.061   2.214   0.469

14.56  0.00   0.440   0.433   0.026   0.075   0.002   0.004   0.329   0.002   0.000   0.003   0.000 1264869000
14.56    4.44    57.021
14.56 16.00   0.846   1.367
14.56 16.00   2.214    65.719
14.56 16.00   1.997   1.068   2.214   0.476
14.56 16.00   1.999   1.061   2.214   0.469

14.57  0.00   0.440   0.433   0.026   0.075   0.002   0.004   0.329   0.002   0.000   0.003   0.000 1265737000
14.57    4.44    57.011
14.57 16.00   0.846   1.367
14.57 16.00   2.213    65.716
14.57 16.00   1.996   1.068   2.213   0.476
14.57 16.00   1.998   1.061   2.213   0.469

14.58  0.00   0.440   0.433   0.026   0.075   0.002   0.004   0.329   0.002   0.000   0.003   0.000 1266606000
14.58    4.44    57.001
14.58 16.00   0.846   1.367
14.58 16.00   2.213    65.712
14.58 16.00   1.996   1.068   2.213   0.476
14.58 16.00   1.998   1.061   2.213   0.469

14.59  0.00   0.440   0.433   0.026   0.075   0.002   0.004   0.329   0.002   0.000   0.003   0.000 1267475000
14.59    4.44    56.991
14.59 16.00   0.846   1.367
14.59 16.00   2.213    65.708
14.59 16.00   1.996   1.067   2.213   0.476
14.59 16.00   1.998   1.061   2.213   0.469

14.60  0.00   0.440   0.433   0.026   0.075   0.002   0.004   0.329   0.002   0.000   0.003   0.000 1268344000
14.60    4.44    56.982
14.60 16.00   0.845   1.367
14.60 16.00   2.213    65.705
14.60 16.00   1.996   1.067   2.213   0.476
14.60 16.00   1.998   1.060   2.213   0.469

14.61  0.00   0.440   0.433   0.026   0.075   0.002   0.004   0.329   0.002   0.000   0.003   0.000 1269212000
14.61    4.43    56.972
14.61 16.00   0.845   1.367
14.61 16.00   2.212    65.701
14.61 16.00   1.996   1.067   2.212   0.476
14.61 16.00   1.998   1.060   2.212   0.469

14.62  0.00   0.440   0.433   0.026   0.075   0.002   0.004   0.329   0.002   0.000   0.003   0.000 1270081000
14.62    4.43    56.962
14.62 16.00   0.845   1.367
14.62 16.00   2.212    65.697
14.62 16.00   1.995   1.067   2.212   0.476
14.62 16.00   1.997   1.060   2.212   0.469

14.63  0.00   0.440   0.433   0.026   0.075   0.002   0.004   0.329   0.002   0.000   0.003   0.000 1270950000
14.63    4.43    56.953
14.63 16.00   0.845   1.367
14.63 16.00   2.212    65.694
14.63 16.00   1.995   1.067   2.212   0.476
14.63 16.00   1.997   1.060   2.212   0.469

14.64  0.00   0.440   0.433   0.026   0.075   0.002   0.004   0.329   0.002   0.000   0.003   0.000 1271819000
14.64    4.43    56.943
14.64 16.00   0.845   1.367
14.64 16.00   2.212    65.690
14.64 16.00   1.995   1.067   2.212   0.476
14.64 16.00   1.997   1.060   2.212   0.469

14.65  0.00   0.440   0.433   0.026   0.075   0.002   0.004   0.329   0.002   0.000   0.003   0.000 1272687000
14.65    4.43    56.933
14.65 16.00   0.844   1.367
14.65 16.00   2.211    65.687
14.65 16.00   1.995   1.067   2.211   0.476
14.65 16.00   1.997   1.060   2.211   0.469

14.66  0.00   0.440   0.433   0.026   0.075   0.002   0.004   0.329   0.002   0.000   0.003   0.000 1273556000
14.66    4.43    56.923
14.66 16.00   0.844   1.367
14.66 16.00   2.211    65.683
14.66 16.00   1.994   1.067   2.211   0.476
14.66 16.00   1.996   1.060   2.211   0.469

14.67  0.00   0.440   0.433   0.026   0.075   0.002   0.004   0.329   0.002   0.000   0.003   0.000 1274425000
14.67    4.43    56.914
14.67 16.00   0.844   1.367
14.67 16.00   2.211    65.679
14.67 16.00   1.994   1.067   2.211   0.476
14.67 16.00   1.996   1.060   2.211   0.469

14.68  0.00   0.440   0.433   0.026   0.075   0.002   0.004   0.329   0.002   0.000   0.003   0.000 1275293000
14.68    4.43    56.904
14.68 16.00   0.844   1.367
14.68 16.00   2.211    65.676
14.68 16.00   1.994   1.067   2.211   0.476
14.68 16.00   1.996   1.060   2.211   0.469

14.69  0.00   0.440   0.433   0.026   0.075   0.002   0.004   0.329   0.002   0.000   0.003   0.000 1276162000
14.69    4.42    56.894
14.69 16.00   0.843   1.367
14.69 16.00   2.211    65.672
14.69 16.00   1.994   1.067   2.211   0.476
14.69 16.00   1.996   1.060   2.211   0.469

14.70  0.00   0.440   0.433   0.026   0.075   0.002   0.004   0.329   0.002   0.000   0.003   0.000 1277031000
14.70    4.42    56.885
14.70 16.00   0.843   1.367
14.70 16.00   2.210    65.669
14.70 16.00   1.994   1.067   2.210   0.476
14.70 16.00   1.996   1.060   2.210   0.469

14.71  0.00   0.440   0.433   0.026   0.075   0.002   0.004   0.329   0.002   0.000   0.003   0.000 1277900000
14.71    4.42    56.875
14.71 16.00   0.843   1.367
14.71 16.00   2.210    65.665
14.71 16.00   1.993   1.067   2.210   0.476
14.71 16.00   1.995   1.060   2.210   0.469

14.72  0.00   0.440   0.433   0.026   0.075   0.002   0.004   0.329   0.002   0.000   0.003   0.000 1278768000
14.72    4.42    56.865
14.72 16.00   0.843   1.367
14.72 16.00   2.210    65.662
14.72 16.00   1.993   1.066   2.210   0.476
14.72 16.00   1.995   1.060   2.210   0.469

14.73  0.00   0.440   0.433   0.026   0.075   0.002   0.004   0.329   0.002   0.000   0.003   0.000 1279637000
14.73    4.42    56.856
14.73 16.00   0.842   1.367
14.73 16.00   2.210    65.658
14.73 16.00   1.993   1.066   2.210   0.476
14.73 16.00   1.995   1.059   2.210   0.469

14.74  0.00   0.440   0.433   0.026   0.075   0.002   0.004   0.329   0.002   0.000   0.003   0.000 1280506000
14.74    4.42    56.846
14.74 16.00   0.842   1.367
14.74 16.00   2.209    65.654
14.74 16.00   1.993   1.066   2.209   0.476
14.74 16.00   1.995   1.059   2.209   0.469

14.75  0.00   0.440   0.433   0.026   0.075   0.002   0.004   0.329   0.002   0.000   0.003   0.000 1281375000
14.75    4.42    56.837
14.75 16.00   0.842   1.367
14.75 16.00   2.209    65.651
14.75 16.00   1.993   1.066   2.209   0.476
14.75 16.00   1.994   1.059   2.209   0.469

14.76  0.00   0.440   0.433   0.026   0.075   0.002   0.004   0.329   0.002   0.000   0.003   0.000 1282243000
14.76    4.42    56.827
14.76 16.00   0.842   1.367
14.76 16.00   2.209    65.647
14.76 16.00   1.992   1.066   2.209   0.476
14.76 16.00   1.994   1.059   2.209   0.469

14.77  0.00   0.440   0.433   0.026   0.075   0.002   0.004   0.329   0.002   0.000   0.003   0.000 1283112000
14.77    4.42    56.817
14.77 16.00   0.842   1.367
14.77 16.00   2.209    65.644
14.77 16.00   1.992   1.066   2.209   0.476
14.77 16.00   1.994   1.059   2.209   0.468

14.78  0.00   0.440   0.433   0.026   0.075   0.002   0.004   0.329   0.002   0.000   0.003   0.000 1283981000
14.78    4.41    56.808
14.78 16.00   0.841   1.367
14.78 16.00   2.209    65.640
14.78 16.00   1.992   1.066   2.209   0.476
14.78 16.00   1.994   1.059   2.209   0.468

14.79  0.00   0.439   0.433   0.026   0.075   0.002   0.004   0.329   0.002   0.000   0.003   0.000 1284850000
14.79    4.41    56.798
14.79 16.00   0.841   1.367
14.79 16.00   2.208    65.637
14.79 16.00   1.992   1.066   2.208   0.476
14.79 16.00   1.994   1.059   2.208   0.468

14.80  0.00   0.439   0.433   0.026   0.075   0.002   0.004   0.329   0.002   0.000   0.003   0.000 1285718000
14.80    4.41    56.789
14.80 16.00   0.841   1.367
14.80 16.00   2.208    65.633
14.80 16.00   1.991   1.066   2.208   0.476
14.80 16.00   1.993   1.059   2.208   0.468

14.81  0.00   0.439   0.433   0.026   0.075   0.002   0.004   0.329   0.002   0.000   0.003   0.000 1286587000
14.81    4.41    56.779
14.81 16.00   0.841   1.367
14.81 16.00   2.208    65.630
14.81 16.00   1.991   1.066   2.208   0.476
14.81 16.00   1.993   1.059   2.208   0.468

14.82  0.00   0.439   0.433   0.026   0.075   0.002   0.004   0.329   0.002   0.000   0.003   0.000 1287456000
14.82    4.41    56.770
14.82 16.00   0.840   1.367
14.82 16.00   2.208    65.626
14.82 16.00   1.991   1.066   2.208   0.476
14.82 16.00   1.993   1.059   2.208   0.468

14.83  0.00   0.439   0.433   0.026   0.075   0.002   0.004   0.329   0.002   0.000   0.003   0.000 1288324000
14.83    4.41    56.760
14.83 16.00   0.840   1.367
14.83 16.00   2.207    65.622
14.83 16.00   1.991   1.066   2.207   0.476
14.83 16.00   1.993   1.059   2.207   0.468

14.84  0.00   0.439   0.433   0.026   0.075   0.002   0.004   0.329   0.002   0.000   0.003   0.000 1289193000
14.84    4.41    56.751
14.84 16.00   0.840   1.367
14.84 16.00   2.207    65.619
14.84 16.00   1.991   1.065   2.207   0.476
14.84 16.00   1.993   1.059   2.207   0.468

14.85  0.00   0.439   0.433   0.026   0.075   0.002   0.004   0.329   0.002   0.000   0.003   0.000 1290062000
14.85    4.41    56.741
14.85 16.00   0.840   1.367
14.85 16.00   2.207    65.615
14.85 16.00   1.990   1.065   2.207   0.476
14.85 16.00   1.992   1.059   2.207   0.468

14.86  0.00   0.439   0.433   0.026   0.075   0.002   0.004   0.329   0.002   0.000   0.003   0.000 1290931000
14.86    4.40    56.732
14.86 16.00   0.840   1.367
14.86 16.00   2.207    65.612
14.86 16.00   1.990   1.065   2.207   0.476
14.86 16.00   1.992   1.058   2.207   0.468

14.87  0.00   0.439   0.433   0.026   0.075   0.002   0.004   0.329   0.002   0.000   0.003   0.000 1291799000
14.87    4.40    56.722
14.87 16.00   0.839   1.367
14.87 16.00   2.206    65.608
14.87 16.00   1.990   1.065   2.206   0.475
14.87 16.00   1.992   1.058   2.206   0.468

14.88  0.00   0.439   0.433   0.026   0.075   0.002   0.004   0.329   0.002   0.000   0.003   0.000 1292668000
14.88    4.40    56.713
14.88 16.00   0.839   1.367
14.88 16.00   2.206    65.605
14.88 16.00   1.990   1.065   2.206   0.475
14.88 16.00   1.992   1.058   2.206   0.468

14.89  0.00   0.439   0.433   0.026   0.075   0.002   0.004   0.329   0.002   0.000   0.003   0.000 1293537000
14.89    4.40    56.703
14.89 16.00   0.839   1.367
14.89 16.00   2.206    65.601
14.89 16.00   1.990   1.065   2.206   0.475
14.89 16.00   1.992   1.058   2.206   0.468

14.90  0.00   0.439   0.433   0.026   0.075   0.002   0.004   0.329   0.002   0.000   0.003   0.000 1294406000
14.90    4.40    56.694
14.90 16.00   0.839   1.367
14.90 16.00   2.206    65.598
14.90 16.00   1.989   1.065   2.206   0.475
14.90 16.00   1.991   1.058   2.206   0.468

14.91  0.00   0.439   0.433   0.026   0.075   0.002   0.004   0.329   0.002   0.000   0.003   0.000 1295274000
14.91    4.40    56.684
14.91 16.00   0.838   1.367
14.91 16.00   2.206    65.594
14.91 16.00   1.989   1.065   2.206   0.475
14.91 16.00   1.991   1.058   2.206   0.468

14.92  0.00   0.439   0.433   0.026   0.075   0.002   0.004   0.329   0.002   0.000   0.003   0.000 1296143000
14.92    4.40    56.675
14.92 16.00   0.838   1.367
14.92 16.00   2.205    65.591
14.92 16.00   1.989   1.065   2.205   0.475
14.92 16.00   1.991   1.058   2.205   0.468

14.93  0.00   0.439   0.433   0.026   0.075   0.002   0.004   0.329   0.002   0.000   0.003   0.000 1297012000
14.93    4.40    56.665
14.93 16.00   0.838   1.367
14.93 16.00   2.205    65.587
14.93 16.00   1.989   1.065   2.205   0.475
14.93 16.00   1.991   1.058   2.205   0.468

14.94  0.00   0.439   0.433   0.026   0.075   0.002   0.004   0.329   0.002   0.000   0.003   0.000 1297880000
14.94    4.40    56.656
14.94 16.00   0.838   1.367
14.94 16.00   2.205    65.584
14.94 16.00   1.988   1.065   2.205   0.475
14.94 16.00   1.990   1.058   2.205   0.468

14.95  0.00   0.439   0.433   0.026   0.075   0.002   0.004   0.329   0.002   0.000   0.003   0.000 1298749000
14.95    4.39    56.646
14.95 16.00   0.838   1.367
14.95 16.00   2.205    65.580
14.95 16.00   1.988   1.065   2.205   0.475
14.95 16.00   1.990   1.058   2.205   0.468

14.96  0.00   0.439   0.433   0.026   0.075   0.002   0.004   0.329   0.002   0.000   0.003   0.000 1299618000
14.96    4.39    56.637
14.96 16.00   0.837   1.367
14.96 16.00   2.204    65.577
14.96 16.00   1.988   1.065   2.204   0.475
14.96 16.00   1.990   1.058   2.204   0.468

14.97  0.00   0.439   0.433   0.026   0.075   0.002   0.004   0.329   0.002   0.000   0.003   0.000 1300487000
14.97    4.39    56.628
14.97 16.00   0.837   1.367
14.97 16.00   2.204    65.573
14.97 16.00   1.988   1.065   2.204   0.475
14.97 16.00   1.990   1.058   2.204   0.468

14.98  0.00   0.439   0.433   0.026   0.075   0.002   0.004   0.329   0.002   0.000   0.003   0.000 1301355000
14.98    4.39    56.618
14.98 16.00   0.837   1.367
14.98 16.00   2.204    65.570
14.98 16.00   1.988   1.064   2.204   0.475
14.98 16.00   1.990   1.058   2.204   0.468

14.99  0.00   0.439   0.433   0.026   0.075   0.002   0.004   0.329   0.002   0.000   0.003   0.000 1302224000
14.99    4.39    56.609
14.99 16.00   0.837   1.367
14.99 16.00   2.204    65.567
14.99 16.00   1.987   1.064   2.204   0.475
14.99 16.00   1.989   1.057   2.204   0.468

15.00  0.00   0.439   0.433   0.026   0.075   0.002   0.004   0.329   0.002   0.000   0.003   0.000 1303093000
15.00    4.39    56.599
15.00 16.00   0.836   1.367
15.00 16.00   2.204    65.563
15.00 16.00   1.987   1.064   2.204   0.475
15.00 16.00   1.989   1.057   2.204   0.468

15.01  0.00   0.439   0.433   0.026   0.075   0.002   0.004   0.329   0.002   0.000   0.003   0.000 1303961000
15.01    4.39    56.590
15.01 16.00   0.836   1.367
15.01 16.00   2.203    65.560
15.01 16.00   1.987   1.064   2.203   0.475
15.01 16.00   1.989   1.057   2.203   0.468

15.02  0.00   0.439   0.433   0.026   0.075   0.002   0.004   0.329   0.002   0.000   0.003   0.000 1304830000
15.02    4.39    56.581
15.02 16.00   0.836   1.367
15.02 16.00   2.203    65.556
15.02 16.00   1.987   1.064   2.203   0.475
15.02 16.00   1.989   1.057   2.203   0.468

15.03  0.00   0.439   0.433   0.026   0.075   0.002   0.004   0.329   0.002   0.000   0.003   0.000 1305699000
15.03    4.39    56.571
15.03 16.00   0.836   1.367
15.03 16.00   2.203    65.553
15.03 16.00   1.987   1.064   2.203   0.475
15.03 16.00   1.989   1.057   2.203   0.468

15.04  0.00   0.439   0.433   0.026   0.075   0.002   0.004   0.329   0.002   0.000   0.003   0.000 1306568000
15.04    4.38    56.562
15.04 16.00   0.836   1.367
15.04 16.00   2.203    65.549
15.04 16.00   1.986   1.064   2.203   0.475
15.04 16.00   1.988   1.057   2.203   0.468

15.05  0.00   0.439   0.432   0.026   0.075   0.002   0.004   0.329   0.002   0.000   0.003   0.000 1307436000
15.05    4.38    56.553
15.05 16.00   0.835   1.367
15.05 16.00   2.202    65.546
15.05 16.00   1.986   1.064   2.202   0.475
15.05 16.00   1.988   1.057   2.202   0.468

15.06  0.00   0.439   0.432   0.026   0.075   0.002   0.004   0.329   0.002   0.000   0.003   0.000 1308305000
15.06    4.38    56.543
15.06 16.00   0.835   1.367
15.06 16.00   2.202    65.542
15.06 16.00   1.986   1.064   2.202   0.475
15.06 16.00   1.988   1.057   2.202   0.468

15.07  0.00   0.439   0.432   0.026   0.075   0.002   0.004   0.329   0.002   0.000   0.003   0.000 1309174000
15.07    4.38    56.534
15.07 16.00   0.835   1.367
15.07 16.00   2.202    65.539
15.07 16.00   1.986   1.064   2.202   0.475
15.07 16.00   1.988   1.057   2.202   0.468

15.08  0.00   0.439   0.432   0.026   0.075   0.002   0.004   0.329   0.002   0.000   0.003   0.000 1310043000
15.08    4.38    56.525
15.08 16.00   0.835   1.367
15.08 16.00   2.202    65.536
15.08 16.00   1.986   1.064   2.202   0.475
15.08 16.00   1.988   1.057   2.202   0.468

15.09  0.00   0.439   0.432   0.026   0.075   0.002   0.004   0.329   0.002   0.000   0.003   0.000 1310911000
15.09    4.38    56.515
15.09 16.00   0.834   1.367
15.09 16.00   2.202    65.532
15.09 16.00   1.985   1.064   2.202   0.475
15.09 16.00   1.987   1.057   2.202   0.468

15.10  0.00   0.439   0.432   0.026   0.075   0.002   0.004   0.329   0.002   0.000   0.003   0.000 1311780000
15.10    4.38    56.506
15.10 16.00   0.834   1.367
15.10 16.00   2.201    65.529
15.10 16.00   1.985   1.064   2.201   0.475
15.10 16.00   1.987   1.057   2.201   0.468

15.11  0.00   0.439   0.432   0.026   0.075   0.002   0.004   0.329   0.002   0.000   0.003   0.000 1312649000
15.11    4.38    56.497
15.11 16.00   0.834   1.367
15.11 16.00   2.201    65.525
15.11 16.00   1.985   1.063   2.201   0.475
15.11 16.00   1.987   1.057   2.201   0.468

15.12  0.00   0.439   0.432   0.026   0.075   0.002   0.004   0.329   0.002   0.000   0.003   0.000 1313518000
15.12    4.38    56.488
15.12 16.00   0.834   1.367
15.12 16.00   2.201    65.522
15.12 16.00   1.985   1.063   2.201   0.475
15.12 16.00   1.987   1.056   2.201   0.468

15.13  0.00   0.439   0.432   0.026   0.075   0.002   0.004   0.329   0.002   0.000   0.003   0.000 1314386000
15.13    4.37    56.478
15.13 16.00   0.834   1.367
15.13 16.00   2.201    65.519
15.13 16.00   1.985   1.063   2.201   0.475
15.13 16.00   1.987   1.056   2.201   0.468

15.14  0.00   0.439   0.432   0.026   0.075   0.002   0.004   0.329   0.002   0.000   0.003   0.000 1315255000
15.14    4.37    56.469
15.14 16.00   0.833   1.367
15.14 16.00   2.201    65.515
15.14 16.00   1.984   1.063   2.201   0.475
15.14 16.00   1.986   1.056   2.201   0.468

15.15  0.00   0.439   0.432   0.026   0.075   0.002   0.004   0.329   0.002   0.000   0.003   0.000 1316124000
15.15    4.37    56.460
15.15 16.00   0.833   1.367
15.15 16.00   2.200    65.512
15.15 16.00   1.984   1.063   2.200   0.475
15.15 16.00   1.986   1.056   2.200   0.468

15.16  0.00   0.439   0.432   0.026   0.075   0.002   0.004   0.329   0.002   0.000   0.003   0.000 1316992000
15.16    4.37    56.451
15.16 16.00   0.833   1.367
15.16 16.00   2.200    65.508
15.16 16.00   1.984   1.063   2.200   0.475
15.16 16.00   1.986   1.056   2.200   0.468

15.17  0.00   0.439   0.432   0.026   0.075   0.002   0.004   0.328   0.002   0.000   0.003   0.000 1317861000
15.17    4.37    56.441
15.17 16.00   0.833   1.367
15.17 16.00   2.200    65.505
15.17 16.00   1.984   1.063   2.200   0.475
15.17 16.00   1.986   1.056   2.200   0.468

15.18  0.00   0.439   0.432   0.026   0.075   0.002   0.004   0.328   0.002   0.000   0.003   0.000 1318730000
15.18    4.37    56.432
15.18 16.00   0.833   1.367
15.18 16.00   2.200    65.502
15.18 16.00   1.984   1.063   2.200   0.475
15.18 16.00   1.985   1.056   2.200   0.468

15.19  0.00   0.439   0.432   0.026   0.075   0.002   0.004   0.328   0.002   0.000   0.003   0.000 1319599000
15.19    4.37    56.423
15.19 16.00   0.832   1.367
15.19 16.00   2.199    65.498
15.19 16.00   1.983   1.063   2.199   0.475
15.19 16.00   1.985   1.056   2.199   0.468

15.20  0.00   0.439   0.432   0.026   0.075   0.002   0.004   0.328   0.002   0.000   0.003   0.000 1320467000
15.20    4.37    56.414
15.20 16.00   0.832   1.367
15.20 16.00   2.199    65.495
15.20 16.00   1.983   1.063   2.199   0.475
15.20 16.00   1.985   1.056   2.199   0.468

15.21  0.00   0.439   0.432   0.026   0.075   0.002   0.004   0.328   0.002   0.000   0.003   0.000 1321336000
15.21    4.37    56.405
15.21 16.00   0.832   1.367
15.21 16.00   2.199    65.491
15.21 16.00   1.983   1.063   2.199   0.475
15.21 16.00   1.985   1.056   2.199   0.468

15.22  0.00   0.439   0.432   0.026   0.075   0.002   0.004   0.328   0.002   0.000   0.003   0.000 1322205000
15.22    4.36    56.395
15.22 16.00   0.832   1.367
15.22 16.00   2.199    65.488
15.22 16.00   1.983   1.063   2.199   0.475
15.22 16.00   1.985   1.056   2.199   0.468

15.23  0.00   0.439   0.432   0.026   0.075   0.002   0.004   0.328   0.002   0.000   0.003   0.000 1323074000
15.23    4.36    56.386
15.23 16.00   0.831   1.367
15.23 16.00   2.199    65.485
15.23 16.00   1.983   1.063   2.199   0.475
15.23 16.00   1.984   1.056   2.199   0.468

15.24  0.00   0.439   0.432   0.026   0.075   0.002   0.004   0.328   0.002   0.000   0.003   0.000 1323942000
15.24    4.36    56.377
15.24 16.00   0.831   1.367
15.24 16.00   2.198    65.481
15.24 16.00   1.982   1.062   2.198   0.475
15.24 16.00   1.984   1.056   2.198   0.468

15.25  0.00   0.439   0.432   0.026   0.075   0.002   0.004   0.328   0.002   0.000   0.003   0.000 1324811000
15.25    4.36    56.368
15.25 16.00   0.831   1.367
15.25 16.00   2.198    65.478
15.25 16.00   1.982   1.062   2.198   0.475
15.25 16.00   1.984   1.056   2.198   0.468

15.26  0.00   0.439   0.432   0.026   0.075   0.002   0.004   0.328   0.002   0.000   0.003   0.000 1325680000
15.26    4.36    56.359
15.26 16.00   0.831   1.367
15.26 16.00   2.198    65.475
15.26 16.00   1.982   1.062   2.198   0.475
15.26 16.00   1.984   1.055   2.198   0.468

15.27  0.00   0.439   0.432   0.026   0.075   0.002   0.004   0.328   0.002   0.000   0.003   0.000 1326548000
15.27    4.36    56.350
15.27 16.00   0.831   1.367
15.27 16.00   2.198    65.471
15.27 16.00   1.982   1.062   2.198   0.475
15.27 16.00   1.984   1.055   2.198   0.468

15.28  0.00   0.439   0.432   0.026   0.075   0.002   0.004   0.328   0.002   0.000   0.003   0.000 1327417000
15.28    4.36    56.341
15.28 16.00   0.830   1.367
15.28 16.00   2.198    65.468
15.28 16.00   1.982   1.062   2.198   0.475
15.28 16.00   1.983   1.055   2.198   0.468

15.29  0.00   0.439   0.432   0.026   0.075   0.002   0.004   0.328   0.002   0.000   0.003   0.000 1328286000
15.29    4.36    56.331
15.29 16.00   0.830   1.367
15.29 16.00   2.197    65.465
15.29 16.00   1.981   1.062   2.197   0.475
15.29 16.00   1.983   1.055   2.197   0.468

15.30  0.00   0.439   0.432   0.026   0.075   0.002   0.004   0.328   0.002   0.000   0.003   0.000 1329155000
15.30    4.36    56.322
15.30 16.00   0.830   1.367
15.30 16.00   2.197    65.461
15.30 16.00   1.981   1.062   2.197   0.475
15.30 16.00   1.983   1.055   2.197   0.468

15.31  0.00   0.439   0.432   0.026   0.075   0.002   0.004   0.328   0.002   0.000   0.003   0.000 1330023000
15.31    4.35    56.313
15.31 16.00   0.830   1.367
15.31 16.00   2.197    65.458
15.31 16.00   1.981   1.062   2.197   0.475
15.31 16.00   1.983   1.055   2.197   0.468

15.32  0.00   0.439   0.432   0.026   0.075   0.002   0.004   0.328   0.002   0.000   0.003   0.000 1330892000
15.32    4.35    56.304
15.32 16.00   0.830   1.367
15.32 16.00   2.197    65.455
15.32 16.00   1.981   1.062   2.197   0.475
15.32 16.00   1.983   1.055   2.197   0.468

15.33  0.00   0.439   0.432   0.026   0.075   0.002   0.004   0.328   0.002   0.000   0.003   0.000 1331761000
15.33    4.35    56.295
15.33 16.00   0.829   1.367
15.33 16.00   2.196    65.451
15.33 16.00   1.981   1.062   2.196   0.475
15.33 16.00   1.982   1.055   2.196   0.468

15.34  0.00   0.439   0.432   0.026   0.075   0.002   0.004   0.328   0.002   0.000   0.003   0.000 1332630000
15.34    4.35    56.286
15.34 16.00   0.829   1.367
15.34 16.00   2.196    65.448
15.34 16.00   1.980   1.062   2.196   0.475
15.34 16.00   1.982   1.055   2.196   0.468

15.35  0.00   0.439   0.432   0.026   0.075   0.002   0.004   0.328   0.002   0.000   0.003   0.000 1333498000
15.35    4.35    56.277
15.35 16.00   0.829   1.367
15.35 16.00   2.196    65.445
15.35 16.00   1.980   1.062   2.196   0.475
15.35 16.00   1.982   1.055   2.196   0.468

15.36  0.00   0.439   0.432   0.026   0.075   0.002   0.004   0.328   0.002   0.000   0.003   0.000 1334367000
15.36    4.35    56.268
15.36 16.00   0.829   1.367
15.36 16.00   2.196    65.441
15.36 16.00   1.980   1.062   2.196   0.475
15.36 16.00   1.982   1.055   2.196   0.468

15.37  0.00   0.439   0.432   0.026   0.075   0.002   0.004   0.328   0.002   0.000   0.003   0.000 1335236000
15.37    4.35    56.259
15.37 16.00   0.828   1.367
15.37 16.00   2.196    65.438
15.37 16.00   1.980   1.062   2.196   0.475
15.37 16.00   1.982   1.055   2.196   0.468

15.38  0.00   0.439   0.432   0.026   0.075   0.002   0.004   0.328   0.002   0.000   0.003   0.000 1336104000
15.38    4.35    56.250
15.38 16.00   0.828   1.367
15.38 16.00   2.195    65.435
15.38 16.00   1.980   1.061   2.195   0.475
15.38 16.00   1.981   1.055   2.195   0.468

15.39  0.00   0.439   0.432   0.026   0.075   0.002   0.004   0.328   0.002   0.000   0.003   0.000 1336973000
15.39    4.35    56.241
15.39 16.00   0.828   1.367
15.39 16.00   2.195    65.431
15.39 16.00   1.979   1.061   2.195   0.475
15.39 16.00   1.981   1.055   2.195   0.468

15.40  0.00   0.439   0.432   0.026   0.075   0.002   0.004   0.328   0.002   0.000   0.003   0.000 1337842000
15.40    4.35    56.232
15.40 16.00   0.828   1.367
15.40 16.00   2.195    65.428
15.40 16.00   1.979   1.061   2.195   0.475
15.40 16.00   1.981   1.054   2.195   0.468

15.41  0.00   0.439   0.432   0.026   0.075   0.002   0.004   0.328   0.002   0.000   0.003   0.000 1338711000
15.41    4.34    56.223
15.41 16.00   0.828   1.367
15.41 16.00   2.195    65.425
15.41 16.00   1.979   1.061   2.195   0.475
15.41 16.00   1.981   1.054   2.195   0.468

15.42  0.00   0.439   0.432   0.026   0.075   0.002   0.004   0.328   0.002   0.000   0.003   0.000 1339579000
15.42    4.34    56.214
15.42 16.00   0.827   1.367
15.42 16.00   2.195    65.421
15.42 16.00   1.979   1.061   2.195   0.475
15.42 16.00   1.981   1.054   2.195   0.468

15.43  0.00   0.439   0.432   0.026   0.075   0.002   0.004   0.328   0.002   0.000   0.003   0.000 1340448000
15.43    4.34    56.205
15.43 16.00   0.827   1.367
15.43 16.00   2.194    65.418
15.43 16.00   1.979   1.061   2.194   0.475
15.43 16.00   1.980   1.054   2.194   0.467

15.44  0.00   0.439   0.432   0.026   0.075   0.002   0.004   0.328   0.002   0.000   0.003   0.000 1341317000
15.44    4.34    56.196
15.44 16.00   0.827   1.367
15.44 16.00   2.194    65.415
15.44 16.00   1.978   1.061   2.194   0.475
15.44 16.00   1.980   1.054   2.194   0.467

15.45  0.00   0.439   0.432   0.026   0.075   0.002   0.004   0.328   0.002   0.000   0.003   0.000 1342186000
15.45    4.34    56.187
15.45 16.00   0.827   1.367
15.45 16.00   2.194    65.412
15.45 16.00   1.978   1.061   2.194   0.475
15.45 16.00   1.980   1.054   2.194   0.467

15.46  0.00   0.439   0.432   0.026   0.075   0.002   0.004   0.328   0.002   0.000   0.003   0.000 1343054000
15.46    4.34    56.178
15.46 16.00   0.827   1.367
15.46 16.00   2.194    65.408
15.46 16.00   1.978   1.061   2.194   0.475
15.46 16.00   1.980   1.054   2.194   0.467

15.47  0.00   0.439   0.432   0.026   0.075   0.002   0.004   0.328   0.002   0.000   0.003   0.000 1343923000
15.47    4.34    56.169
15.47 16.00   0.826   1.367
15.47 16.00   2.194    65.405
15.47 16.00   1.978   1.061   2.194   0.475
15.47 16.00   1.980   1.054   2.194   0.467

15.48  0.00   0.439   0.432   0.026   0.075   0.002   0.004   0.328   0.002   0.000   0.003   0.000 1344792000
15.48    4.34    56.160
15.48 16.00   0.826   1.367
15.48 16.00   2.193    65.402
15.48 16.00   1.978   1.061   2.193   0.475
15.48 16.00   1.980   1.054   2.193   0.467

15.49  0.00   0.439   0.432   0.026   0.075   0.002   0.004   0.328   0.002   0.000   0.003   0.000 1345660000
15.49    4.34    56.151
15.49 16.00   0.826   1.367
15.49 16.00   2.193    65.399
15.49 16.00   1.977   1.061   2.193   0.475
15.49 16.00   1.979   1.054   2.193   0.467

15.50  0.00   0.438   0.432   0.026   0.075   0.002   0.004   0.328   0.002   0.000   0.003   0.000 1346529000
15.50    4.33    56.142
15.50 16.00   0.826   1.367
15.50 16.00   2.193    65.395
15.50 16.00   1.977   1.061   2.193   0.475
15.50 16.00   1.979   1.054   2.193   0.467

15.51  0.00   0.438   0.432   0.026   0.075   0.002   0.004   0.328   0.002   0.000   0.003   0.000 1347398000
15.51    4.33    56.133
15.51 16.00   0.826   1.367
15.51 16.00   2.193    65.392
15.51 16.00   1.977   1.061   2.193   0.475
15.51 16.00   1.979   1.054   2.193   0.467

15.52  0.00   0.438   0.432   0.026   0.075   0.002   0.004   0.328   0.002   0.000   0.003   0.000 1348267000
15.52    4.33    56.124
15.52 16.00   0.825   1.367
15.52 16.00   2.192    65.389
15.52 16.00   1.977   1.060   2.192   0.475
15.52 16.00   1.979   1.054   2.192   0.467

15.53  0.00   0.438   0.432   0.026   0.075   0.002   0.004   0.328   0.002   0.000   0.003   0.000 1349135000
15.53    4.33    56.115
15.53 16.00   0.825   1.367
15.53 16.00   2.192    65.386
15.53 16.00   1.977   1.060   2.192   0.475
15.53 16.00   1.979   1.054   2.192   0.467

15.54  0.00   0.438   0.432   0.026   0.075   0.002   0.004   0.328   0.002   0.000   0.002   0.000 1350004000
15.54    4.33    56.106
15.54 16.00   0.825   1.367
15.54 16.00   2.192    65.382
15.54 16.00   1.976   1.060   2.192   0.474
15.54 16.00   1.978   1.053   2.192   0.467

15.55  0.00   0.438   0.432   0.026   0.075   0.002   0.004   0.328   0.002   0.000   0.002   0.000 1350873000
15.55    4.33    56.097
15.55 16.00   0.825   1.367
15.55 16.00   2.192    65.379
15.55 16.00   1.976   1.060   2.192   0.474
15.55 16.00   1.978   1.053   2.192   0.467

15.56  0.00   0.438   0.432   0.026   0.075   0.002   0.004   0.328   0.002   0.000   0.002   0.000 1351742000
15.56    4.33    56.088
15.56 16.00   0.824   1.367
15.56 16.00   2.192    65.376
15.56 16.00   1.976   1.060   2.192   0.474
15.56 16.00   1.978   1.053   2.192   0.467

15.57  0.00   0.438   0.432   0.026   0.075   0.002   0.004   0.328   0.002   0.000   0.002   0.000 1352610000
15.57    4.33    56.079
15.57 16.00   0.824   1.367
15.57 16.00   2.191    65.373
15.57 16.00   1.976   1.060   2.191   0.474
15.57 16.00   1.978   1.053   2.191   0.467

15.58  0.00   0.438   0.432   0.026   0.075   0.002   0.004   0.328   0.002   0.000   0.002   0.000 1353479000
15.58    4.33    56.071
15.58 16.00   0.824   1.367
15.58 16.00   2.191    65.369
15.58 16.00   1.976   1.060   2.191   0.474
15.58 16.00   1.978   1.053   2.191   0.467

15.59  0.00   0.438   0.432   0.026   0.075   0.002   0.004   0.328   0.002   0.000   0.002   0.000 1354348000
15.59    4.33    56.062
15.59 16.00   0.824   1.367
15.59 16.00   2.191    65.366
15.59 16.00   1.975   1.060   2.191   0.474
15.59 16.00   1.977   1.053   2.191   0.467

15.60  0.00   0.438   0.432   0.026   0.075   0.002   0.004   0.328   0.002   0.000   0.002   0.000 1355217000
15.60    4.32    56.053
15.60 16.00   0.824   1.367
15.60 16.00   2.191    65.363
15.60 16.00   1.975   1.060   2.191   0.474
15.60 16.00   1.977   1.053   2.191   0.467

15.61  0.00   0.438   0.432   0.026   0.075   0.002   0.004   0.328   0.002   0.000   0.002   0.000 1356085000
15.61    4.32    56.044
15.61 16.00   0.823   1.367
15.61 16.00   2.191    65.360
15.61 16.00   1.975   1.060   2.191   0.474
15.61 16.00   1.977   1.053   2.191   0.467

15.62  0.00   0.438   0.432   0.026   0.074   0.002   0.004   0.328   0.002   0.000   0.002   0.000 1356954000
15.62    4.32    56.035
15.62 16.00   0.823   1.367
15.62 16.00   2.190    65.356
15.62 16.00   1.975   1.060   2.190   0.474
15.62 16.00   1.977   1.053   2.190   0.467

15.63  0.00   0.438   0.432   0.026   0.074   0.001   0.004   0.328   0.002   0.000   0.002   0.000 1357823000
15.63    4.32    56.026
15.63 16.00   0.823   1.367
15.63 16.00   2.190    65.353
15.63 16.00   1.975   1.060   2.190   0.474
15.63 16.00   1.977   1.053   2.190   0.467

15.64  0.00   0.438   0.432   0.026   0.074   0.001   0.004   0.328   0.002   0.000   0.002   0.000 1358691000
15.64    4.32    56.018
15.64 16.00   0.823   1.367
15.64 16.00   2.190    65.350
15.64 16.00   1.974   1.060   2.190   0.474
15.64 16.00   1.976   1.053   2.190   0.467

15.65  0.00   0.438   0.432   0.026   0.074   0.001   0.004   0.328   0.002   0.000   0.002   0.000 1359560000
15.65    4.32    56.009
15.65 16.00   0.823   1.367
15.65 16.00   2.190    65.347
15.65 16.00   1.974   1.060   2.190   0.474
15.65 16.00   1.976   1.053   2.190   0.467

15.66  0.00   0.438   0.432   0.026   0.074   0.001   0.004   0.328   0.002   0.000   0.002   0.000 1360429000
15.66    4.32    56.000
15.66 16.00   0.822   1.367
15.66 16.00   2.190    65.344
15.66 16.00   1.974   1.059   2.190   0.474
15.66 16.00   1.976   1.053   2.190   0.467

15.67  0.00   0.438   0.432   0.026   0.074   0.001   0.004   0.328   0.002   0.000   0.002   0.000 1361298000
15.67    4.32    55.991
15.67 16.00   0.822   1.367
15.67 16.00   2.189    65.340
15.67 16.00   1.974   1.059   2.189   0.474
15.67 16.00   1.976   1.053   2.189   0.467

15.68  0.00   0.438   0.432   0.026   0.074   0.001   0.004   0.328   0.002   0.000   0.002   0.000 1362166000
15.68    4.32    55.982
15.68 16.00   0.822   1.367
15.68 16.00   2.189    65.337
15.68 16.00   1.974   1.059   2.189   0.474
15.68 16.00   1.976   1.052   2.189   0.467

15.69  0.00   0.438   0.432   0.026   0.074   0.001   0.004   0.328   0.002   0.000   0.002   0.000 1363035000
15.69    4.32    55.974
15.69 16.00   0.822   1.367
15.69 16.00   2.189    65.334
15.69 16.00   1.973   1.059   2.189   0.474
15.69 16.00   1.975   1.052   2.189   0.467

15.70  0.00   0.438   0.432   0.026   0.074   0.001   0.004   0.328   0.002   0.000   0.002   0.000 1363904000
15.70    4.31    55.965
15.70 16.00   0.822   1.367
15.70 16.00   2.189    65.331
15.70 16.00   1.973   1.059   2.189   0.474
15.70 16.00   1.975   1.052   2.189   0.467

15.71  0.00   0.438   0.432   0.026   0.074   0.001   0.004   0.328   0.002   0.000   0.002   0.000 1364772000
15.71    4.31    55.956
15.71 16.00   0.821   1.367
15.71 16.00   2.189    65.328
15.71 16.00   1.973   1.059   2.189   0.474
15.71 16.00   1.975   1.052   2.189   0.467

15.72  0.00   0.438   0.432   0.026   0.074   0.001   0.004   0.328   0.002   0.000   0.002   0.000 1365641000
15.72    4.31    55.947
15.72 16.00   0.821   1.367
15.72 16.00   2.188    65.324
15.72 16.00   1.973   1.059   2.188   0.474
15.72 16.00   1.975   1.052   2.188   0.467

15.73  0.00   0.438   0.432   0.026   0.074   0.001   0.004   0.328   0.002   0.000   0.002   0.000 1366510000
15.73    4.31    55.938
15.73 16.00   0.821   1.367
15.73 16.00   2.188    65.321
15.73 16.00   1.973   1.059   2.188   0.474
15.73 16.00   1.975   1.052   2.188   0.467

15.74  0.00   0.438   0.432   0.026   0.074   0.001   0.004   0.328   0.002   0.000   0.002   0.000 1367379000
15.74    4.31    55.930
15.74 16.00   0.821   1.367
15.74 16.00   2.188    65.318
15.74 16.00   1.973   1.059   2.188   0.474
15.74 16.00   1.974   1.052   2.188   0.467

15.75  0.00   0.438   0.432   0.026   0.074   0.001   0.004   0.328   0.002   0.000   0.002   0.000 1368247000
15.75    4.31    55.921
15.75 16.00   0.821   1.367
15.75 16.00   2.188    65.315
15.75 16.00   1.972   1.059   2.188   0.474
15.75 16.00   1.974   1.052   2.188   0.467

15.76  0.00   0.438   0.432   0.026   0.074   0.001   0.004   0.328   0.002   0.000   0.002   0.000 1369116000
15.76    4.31    55.912
15.76 16.00   0.820   1.367
15.76 16.00   2.188    65.312
15.76 16.00   1.972   1.059   2.188   0.474
15.76 16.00   1.974   1.052   2.188   0.467

15.77  0.00   0.438   0.432   0.026   0.074   0.001   0.004   0.328   0.002   0.000   0.002   0.000 1369985000
15.77    4.31    55.904
15.77 16.00   0.820   1.367
15.77 16.00   2.187    65.309
15.77 16.00   1.972   1.059   2.187   0.474
15.77 16.00   1.974   1.052   2.187   0.467

15.78  0.00   0.438   0.432   0.026   0.074   0.001   0.004   0.328   0.002   0.000   0.002   0.000 1370854000
15.78    4.31    55.895
15.78 16.00   0.820   1.367
15.78 16.00   2.187    65.305
15.78 16.00   1.972   1.059   2.187   0.474
15.78 16.00   1.974   1.052   2.187   0.467

15.79  0.00   0.438   0.431   0.026   0.074   0.001   0.004   0.328   0.002   0.000   0.002   0.000 1371722000
15.79    4.30    55.886
15.79 16.00   0.820   1.367
15.79 16.00   2.187    65.302
15.79 16.00   1.972   1.059   2.187   0.474
15.79 16.00   1.974   1.052   2.187   0.467

15.80  0.00   0.438   0.431   0.026   0.074   0.001   0.004   0.328   0.002   0.000   0.002   0.000 1372591000
15.80    4.30    55.877
15.80 16.00   0.820   1.367
15.80 16.00   2.187    65.299
15.80 16.00   1.971   1.059   2.187   0.474
15.80 16.00   1.973   1.052   2.187   0.467

15.81  0.00   0.438   0.431   0.026   0.074   0.001   0.004   0.328   0.002   0.000   0.002   0.000 1373460000
15.81    4.30    55.869
15.81 16.00   0.819   1.367
15.81 16.00   2.187    65.296
15.81 16.00   1.971   1.058   2.187   0.474
15.81 16.00   1.973   1.052   2.187   0.467

15.82  0.00   0.438   0.431   0.026   0.074   0.001   0.004   0.328   0.002   0.000   0.002   0.000 1374328000
15.82    4.30    55.860
15.82 16.00   0.819   1.367
15.82 16.00   2.186    65.293
15.82 16.00   1.971   1.058   2.186   0.474
15.82 16.00   1.973   1.051   2.186   0.467

15.83  0.00   0.438   0.431   0.026   0.074   0.001   0.004   0.328   0.002   0.000   0.002   0.000 1375197000
15.83    4.30    55.851
15.83 16.00   0.819   1.367
15.83 16.00   2.186    65.290
15.83 16.00   1.971   1.058   2.186   0.474
15.83 16.00   1.973   1.051   2.186   0.467

15.84  0.00   0.438   0.431   0.026   0.074   0.001   0.004   0.328   0.002   0.000   0.002   0.000 1376066000
15.84    4.30    55.843
15.84 16.00   0.819   1.367
15.84 16.00   2.186    65.287
15.84 16.00   1.971   1.058   2.186   0.474
15.84 16.00   1.973   1.051   2.186   0.467

15.85  0.00   0.438   0.431   0.026   0.074   0.001   0.004   0.328   0.002   0.000   0.002   0.000 1376935000
15.85    4.30    55.834
15.85 16.00   0.819   1.367
15.85 16.00   2.186    65.283
15.85 16.00   1.970   1.058   2.186   0.474
15.85 16.00   1.972   1.051   2.186   0.467

15.86  0.00   0.438   0.431   0.026   0.074   0.001   0.004   0.328   0.002   0.000   0.002   0.000 1377803000
15.86    4.30    55.826
15.86 16.00   0.818   1.367
15.86 16.00   2.186    65.280
15.86 16.00   1.970   1.058   2.186   0.474
15.86 16.00   1.972   1.051   2.186   0.467

15.87  0.00   0.438   0.431   0.026   0.074   0.001   0.004   0.328   0.002   0.000   0.002   0.000 1378672000
15.87    4.30    55.817
15.87 16.00   0.818   1.367
15.87 16.00   2.185    65.277
15.87 16.00   1.970   1.058   2.185   0.474
15.87 16.00   1.972   1.051   2.185   0.467

15.88  0.00   0.438   0.431   0.026   0.074   0.001   0.004   0.328   0.002   0.000   0.002   0.000 1379541000
15.88    4.30    55.808
15.88 16.00   0.818   1.367
15.88 16.00   2.185    65.274
15.88 16.00   1.970   1.058   2.185   0.474
15.88 16.00   1.972   1.051   2.185   0.467

15.89  0.00   0.438   0.431   0.026   0.074   0.001   0.004   0.328   0.002   0.000   0.002   0.000 1380410000
15.89    4.29    55.800
15.89 16.00   0.818   1.367
15.89 16.00   2.185    65.271
15.89 16.00   1.970   1.058   2.185   0.474
15.89 16.00   1.972   1.051   2.185   0.467

15.90  0.00   0.438   0.431   0.026   0.074   0.001   0.004   0.328   0.002   0.000   0.002   0.000 1381278000
15.90    4.29    55.791
15.90 16.00   0.818   1.367
15.90 16.00   2.185    65.268
15.90 16.00   1.970   1.058   2.185   0.474
15.90 16.00   1.971   1.051   2.185   0.467

15.91  0.00   0.438   0.431   0.026   0.074   0.001   0.004   0.328   0.002   0.000   0.002   0.000 1382147000
15.91    4.29    55.782
15.91 16.00   0.817   1.367
15.91 16.00   2.185    65.265
15.91 16.00   1.969   1.058   2.185   0.474
15.91 16.00   1.971   1.051   2.185   0.467

15.92  0.00   0.438   0.431   0.026   0.074   0.001   0.004   0.328   0.002   0.000   0.002   0.000 1383016000
15.92    4.29    55.774
15.92 16.00   0.817   1.367
15.92 16.00   2.184    65.262
15.92 16.00   1.969   1.058   2.184   0.474
15.92 16.00   1.971   1.051   2.184   0.467

15.93  0.00   0.438   0.431   0.026   0.074   0.001   0.004   0.328   0.002   0.000   0.002   0.000 1383885000
15.93    4.29    55.765
15.93 16.00   0.817   1.367
15.93 16.00   2.184    65.258
15.93 16.00   1.969   1.058   2.184   0.474
15.93 16.00   1.971   1.051   2.184   0.467

15.94  0.00   0.438   0.431   0.026   0.074   0.001   0.004   0.328   0.002   0.000   0.002   0.000 1384753000
15.94    4.29    55.757
15.94 16.00   0.817   1.367
15.94 16.00   2.184    65.255
15.94 16.00   1.969   1.058   2.184   0.474
15.94 16.00   1.971   1.051   2.184   0.467

15.95  0.00   0.438   0.431   0.026   0.074   0.001   0.004   0.328   0.002   0.000   0.002   0.000 1385622000
15.95    4.29    55.748
15.95 16.00   0.817   1.367
15.95 16.00   2.184    65.252
15.95 16.00   1.969   1.058   2.184   0.474
15.95 16.00   1.971   1.051   2.184   0.467

15.96  0.00   0.438   0.431   0.026   0.074   0.001   0.004   0.328   0.002   0.000   0.002   0.000 1386491000
15.96    4.29    55.740
15.96 16.00   0.816   1.367
15.96 16.00   2.184    65.249
15.96 16.00   1.968   1.057   2.184   0.474
15.96 16.00   1.970   1.051   2.184   0.467

15.97  0.00   0.438   0.431   0.026   0.074   0.001   0.004   0.328   0.002   0.000   0.002   0.000 1387359000
15.97    4.29    55.731
15.97 16.00   0.816   1.367
15.97 16.00   2.183    65.246
15.97 16.00   1.968   1.057   2.183   0.474
15.97 16.00   1.970   1.050   2.183   0.467

15.98  0.00   0.438   0.431   0.026   0.074   0.001   0.004   0.328   0.002   0.000   0.002   0.000 1388228000
15.98    4.29    55.722
15.98 16.00   0.816   1.367
15.98 16.00   2.183    65.243
15.98 16.00   1.968   1.057   2.183   0.474
15.98 16.00   1.970   1.050   2.183   0.467

15.99  0.00   0.438   0.431   0.026   0.074   0.001   0.004   0.328   0.002   0.000   0.002   0.000 1389097000
15.99    4.29    55.714
15.99 16.00   0.816   1.367
15.99 16.00   2.183    65.240
15.99 16.00   1.968   1.057   2.183   0.474
15.99 16.00   1.970   1.050   2.183   0.467

16.00  0.00   0.438   0.431   0.026   0.074   0.001   0.004   0.328   0.002   0.000   0.002   0.000 1389966000
16.00    4.28    55.705
16.00 16.00   0.816   1.367
16.00 16.00   2.183    65.237
16.00 16.00   1.968   1.057   2.183   0.474
16.00 16.00   1.970   1.050   2.183   0.467

16.01  0.00   0.438   0.431   0.026   0.074   0.001   0.004   0.328   0.002   0.000   0.002   0.000 1390834000
16.01    4.28    55.697
16.01 16.00   0.815   1.367
16.01 16.00   2.183    65.234
16.01 16.00   1.967   1.057   2.183   0.474
16.01 16.00   1.969   1.050   2.183   0.467

16.02  0.00   0.438   0.431   0.026   0.074   0.001   0.004   0.328   0.002   0.000   0.002   0.000 1391703000
16.02    4.28    55.688
16.02 16.00   0.815   1.367
16.02 16.00   2.182    65.231
16.02 16.00   1.967   1.057   2.182   0.474
16.02 16.00   1.969   1.050   2.182   0.467

16.03  0.00   0.438   0.431   0.026   0.074   0.001   0.004   0.328   0.002   0.000   0.002   0.000 1392572000
16.03    4.28    55.680
16.03 16.00   0.815   1.367
16.03 16.00   2.182    65.228
16.03 16.00   1.967   1.057   2.182   0.474
16.03 16.00   1.969   1.050   2.182   0.467

16.04  0.00   0.438   0.431   0.026   0.074   0.001   0.004   0.328   0.002   0.000   0.002   0.000 1393441000
16.04    4.28    55.671
16.04 16.00   0.815   1.367
16.04 16.00   2.182    65.225
16.04 16.00   1.967   1.057   2.182   0.474
16.04 16.00   1.969   1.050   2.182   0.467

16.05  0.00   0.438   0.431   0.026   0.074   0.001   0.004   0.328   0.002   0.000   0.002   0.000 1394309000
16.05    4.28    55.663
16.05 16.00   0.815   1.367
16.05 16.00   2.182    65.221
16.05 16.00   1.967   1.057   2.182   0.474
16.05 16.00   1.969   1.050   2.182   0.467

16.06  0.00   0.438   0.431   0.026   0.074   0.001   0.004   0.328   0.002   0.000   0.002   0.000 1395178000
16.06    4.28    55.654
16.06 16.00   0.814   1.367
16.06 16.00   2.182    65.218
16.06 16.00   1.967   1.057   2.182   0.474
16.06 16.00   1.969   1.050   2.182   0.467

16.07  0.00   0.438   0.431   0.026   0.074   0.001   0.004   0.328   0.002   0.000   0.002   0.000 1396047000
16.07    4.28    55.646
16.07 16.00   0.814   1.367
16.07 16.00   2.181    65.215
16.07 16.00   1.966   1.057   2.181   0.474
16.07 16.00   1.968   1.050   2.181   0.467

16.08  0.00   0.438   0.431   0.026   0.074   0.001   0.004   0.328   0.002   0.000   0.002   0.000 1396915000
16.08    4.28    55.637
16.08 16.00   0.814   1.367
16.08 16.00   2.181    65.212
16.08 16.00   1.966   1.057   2.181   0.474
16.08 16.00   1.968   1.050   2.181   0.467

16.09  0.00   0.438   0.431   0.026   0.074   0.001   0.004   0.328   0.002   0.000   0.002   0.000 1397784000
16.09    4.28    55.629
16.09 16.00   0.814   1.367
16.09 16.00   2.181    65.209
16.09 16.00   1.966   1.057   2.181   0.474
16.09 16.00   1.968   1.050   2.181   0.467

16.10  0.00   0.438   0.431   0.026   0.074   0.001   0.004   0.328   0.002   0.000   0.002   0.000 1398653000
16.10    4.27    55.621
16.10 16.00   0.814   1.367
16.10 16.00   2.181    65.206
16.10 16.00   1.966   1.057   2.181   0.474
16.10 16.00   1.968   1.050   2.181   0.467

16.11  0.00   0.438   0.431   0.026   0.074   0.001   0.004   0.328   0.002   0.000   0.002   0.000 1399522000
16.11    4.27    55.612
16.11 16.00   0.814   1.367
16.11 16.00   2.181    65.203
16.11 16.00   1.966   1.056   2.181   0.474
16.11 16.00   1.968   1.050   2.181   0.467

16.12  0.00   0.438   0.431   0.026   0.074   0.001   0.004   0.328   0.002   0.000   0.002   0.000 1400390000
16.12    4.27    55.604
16.12 16.00   0.813   1.367
16.12 16.00   2.180    65.200
16.12 16.00   1.965   1.056   2.180   0.474
16.12 16.00   1.967   1.049   2.180   0.467

16.13  0.00   0.438   0.431   0.026   0.074   0.001   0.004   0.328   0.002   0.000   0.002   0.000 1401259000
16.13    4.27    55.595
16.13 16.00   0.813   1.367
16.13 16.00   2.180    65.197
16.13 16.00   1.965   1.056   2.180   0.474
16.13 16.00   1.967   1.049   2.180   0.467

16.14  0.00   0.438   0.431   0.026   0.074   0.001   0.004   0.328   0.002   0.000   0.002   0.000 1402128000
16.14    4.27    55.587
16.14 16.00   0.813   1.367
16.14 16.00   2.180    65.194
16.14 16.00   1.965   1.056   2.180   0.474
16.14 16.00   1.967   1.049   2.180   0.467

16.15  0.00   0.438   0.431   0.026   0.074   0.001   0.004   0.328   0.002   0.000   0.002   0.000 1402996000
16.15    4.27    55.578
16.15 16.00   0.813   1.367
16.15 16.00   2.180    65.191
16.15 16.00   1.965   1.056   2.180   0.474
16.15 16.00   1.967   1.049   2.180   0.466

16.16  0.00   0.438   0.431   0.026   0.074   0.001   0.004   0.328   0.002   0.000   0.002   0.000 1403865000
16.16    4.27    55.570
16.16 16.00   0.813   1.367
16.16 16.00   2.180    65.188
16.16 16.00   1.965   1.056   2.180   0.474
16.16 16.00   1.967   1.049   2.180   0.466

16.17  0.00   0.438   0.431   0.026   0.074   0.001   0.004   0.328   0.002   0.000   0.002   0.000 1404734000
16.17    4.27    55.562
16.17 16.00   0.812   1.367
16.17 16.00   2.180    65.185
16.17 16.00   1.965   1.056   2.180   0.474
16.17 16.00   1.967   1.049   2.180   0.466

16.18  0.00   0.438   0.431   0.026   0.074   0.001   0.004   0.328   0.002   0.000   0.002   0.000 1405603000
16.18    4.27    55.553
16.18 16.00   0.812   1.367
16.18 16.00   2.179    65.182
16.18 16.00   1.964   1.056   2.179   0.474
16.18 16.00   1.966   1.049   2.179   0.466

16.19  0.00   0.438   0.431   0.026   0.074   0.001   0.004   0.328   0.002   0.000   0.002   0.000 1406472000
16.19    4.27    55.545
16.19 16.00   0.812   1.367
16.19 16.00   2.179    65.179
16.19 16.00   1.964   1.056   2.179   0.474
16.19 16.00   1.966   1.049   2.179   0.466

16.20  0.00   0.438   0.431   0.026   0.074   0.001   0.004   0.328   0.002   0.000   0.002   0.000 1407340000
16.20    4.27    55.537
16.20 16.00   0.812   1.367
16.20 16.00   2.179    65.176
16.20 16.00   1.964   1.056   2.179   0.474
16.20 16.00   1.966   1.049   2.179   0.466

16.21  0.00   0.438   0.431   0.026   0.074   0.001   0.004   0.328   0.002   0.000   0.002   0.000 1408209000
16.21    4.26    55.528
16.21 16.00   0.812   1.367
16.21 16.00   2.179    65.173
16.21 16.00   1.964   1.056   2.179   0.474
16.21 16.00   1.966   1.049   2.179   0.466

16.22  0.00   0.438   0.431   0.026   0.074   0.001   0.004   0.328   0.002   0.000   0.002   0.000 1409078000
16.22    4.26    55.520
16.22 16.00   0.811   1.367
16.22 16.00   2.179    65.170
16.22 16.00   1.964   1.056   2.179   0.474
16.22 16.00   1.966   1.049   2.179   0.466

16.23  0.00   0.438   0.431   0.026   0.074   0.001   0.004   0.328   0.002   0.000   0.002   0.000 1409946000
16.23    4.26    55.511
16.23 16.00   0.811   1.367
16.23 16.00   2.178    65.167
16.23 16.00   1.963   1.056   2.178   0.474
16.23 16.00   1.965   1.049   2.178   0.466

16.24  0.00   0.438   0.431   0.026   0.074   0.001   0.004   0.328   0.002   0.000   0.002   0.000 1410815000
16.24    4.26    55.503
16.24 16.00   0.811   1.367
16.24 16.00   2.178    65.164
16.24 16.00   1.963   1.056   2.178   0.474
16.24 16.00   1.965   1.049   2.178   0.466

16.25  0.00   0.438   0.431   0.026   0.074   0.001   0.004   0.328   0.002   0.000   0.002   0.000 1411684000
16.25    4.26    55.495
16.25 16.00   0.811   1.367
16.25 16.00   2.178    65.161
16.25 16.00   1.963   1.056   2.178   0.474
16.25 16.00   1.965   1.049   2.178   0.466

16.26  0.00   0.438   0.431   0.026   0.074   0.001   0.004   0.328   0.002   0.000   0.002   0.000 1412553000
16.26    4.26    55.487
16.26 16.00   0.811   1.367
16.26 16.00   2.178    65.158
16.26 16.00   1.963   1.055   2.178   0.474
16.26 16.00   1.965   1.049   2.178   0.466

16.27  0.00   0.438   0.431   0.026   0.074   0.001   0.004   0.328   0.002   0.000   0.002   0.000 1413421000
16.27    4.26    55.478
16.27 16.00   0.810   1.367
16.27 16.00   2.178    65.155
16.27 16.00   1.963   1.055   2.178   0.474
16.27 16.00   1.965   1.049   2.178   0.466

16.28  0.00   0.438   0.431   0.026   0.074   0.001   0.004   0.328   0.002   0.000   0.002   0.000 1414290000
16.28    4.26    55.470
16.28 16.00   0.810   1.367
16.28 16.00   2.177    65.152
16.28 16.00   1.963   1.055   2.177   0.473
16.28 16.00   1.965   1.048   2.177   0.466

16.29  0.00   0.438   0.431   0.026   0.074   0.001   0.004   0.328   0.002   0.000   0.002   0.000 1415159000
16.29    4.26    55.462
16.29 16.00   0.810   1.367
16.29 16.00   2.177    65.149
16.29 16.00   1.962   1.055   2.177   0.473
16.29 16.00   1.964   1.048   2.177   0.466

16.30  0.00   0.437   0.431   0.026   0.074   0.001   0.004   0.328   0.002   0.000   0.002   0.000 1416027000
16.30    4.26    55.453
16.30 16.00   0.810   1.367
16.30 16.00   2.177    65.146
16.30 16.00   1.962   1.055   2.177   0.473
16.30 16.00   1.964   1.048   2.177   0.466

16.31  0.00   0.437   0.431   0.026   0.074   0.001   0.004   0.328   0.002   0.000   0.002   0.000 1416896000
16.31    4.25    55.445
16.31 16.00   0.810   1.367
16.31 16.00   2.177    65.143
16.31 16.00   1.962   1.055   2.177   0.473
16.31 16.00   1.964   1.048   2.177   0.466

16.32  0.00   0.437   0.431   0.026   0.074   0.001   0.004   0.328   0.002   0.000   0.002   0.000 1417765000
16.32    4.25    55.437
16.32 16.00   0.810   1.367
16.32 16.00   2.177    65.140
16.32 16.00   1.962   1.055   2.177   0.473
16.32 16.00   1.964   1.048   2.177   0.466

16.33  0.00   0.437   0.431   0.026   0.074   0.001   0.004   0.328   0.002   0.000   0.002   0.000 1418634000
16.33    4.25    55.429
16.33 16.00   0.809   1.367
16.33 16.00   2.176    65.137
16.33 16.00   1.962   1.055   2.176   0.473
16.33 16.00   1.964   1.048   2.176   0.466

16.34  0.00   0.437   0.431   0.026   0.074   0.001   0.004   0.328   0.002   0.000   0.002   0.000 1419502000
16.34    4.25    55.420
16.34 16.00   0.809   1.367
16.34 16.00   2.176    65.134
16.34 16.00   1.962   1.055   2.176   0.473
16.34 16.00   1.963   1.048   2.176   0.466

16.35  0.00   0.437   0.431   0.026   0.074   0.001   0.004   0.328   0.002   0.000   0.002   0.000 1420371000
16.35    4.25    55.412
16.35 16.00   0.809   1.367
16.35 16.00   2.176    65.131
16.35 16.00   1.961   1.055   2.176   0.473
16.35 16.00   1.963   1.048   2.176   0.466

16.36  0.00   0.437   0.431   0.026   0.074   0.001   0.004   0.328   0.002   0.000   0.002   0.000 1421240000
16.36    4.25    55.404
16.36 16.00   0.809   1.367
16.36 16.00   2.176    65.128
16.36 16.00   1.961   1.055   2.176   0.473
16.36 16.00   1.963   1.048   2.176   0.466

16.37  0.00   0.437   0.431   0.026   0.074   0.001   0.004   0.328   0.002   0.000   0.002   0.000 1422109000
16.37    4.25    55.396
16.37 16.00   0.809   1.367
16.37 16.00   2.176    65.125
16.37 16.00   1.961   1.055   2.176   0.473
16.37 16.00   1.963   1.048   2.176   0.466

16.38  0.00   0.437   0.431   0.026   0.074   0.001   0.004   0.328   0.002   0.000   0.002   0.000 1422977000
16.38    4.25    55.387
16.38 16.00   0.808   1.367
16.38 16.00   2.176    65.122
16.38 16.00   1.961   1.055   2.176   0.473
16.38 16.00   1.963   1.048   2.176   0.466

16.39  0.00   0.437   0.431   0.026   0.074   0.001   0.004   0.328   0.002   0.000   0.002   0.000 1423846000
16.39    4.25    55.379
16.39 16.00   0.808   1.367
16.39 16.00   2.175    65.119
16.39 16.00   1.961   1.055   2.175   0.473
16.39 16.00   1.963   1.048   2.175   0.466

16.40  0.00   0.437   0.431   0.026   0.074   0.001   0.004   0.328   0.002   0.000   0.002   0.000 1424715000
16.40    4.25    55.371
16.40 16.00   0.808   1.367
16.40 16.00   2.175    65.116
16.40 16.00   1.960   1.055   2.175   0.473
16.40 16.00   1.962   1.048   2.175   0.466

16.41  0.00   0.437   0.431   0.026   0.074   0.001   0.004   0.328   0.002   0.000   0.002   0.000 1425583000
16.41    4.25    55.363
16.41 16.00   0.808   1.367
16.41 16.00   2.175    65.113
16.41 16.00   1.960   1.054   2.175   0.473
16.41 16.00   1.962   1.048   2.175   0.466

16.42  0.00   0.437   0.431   0.026   0.074   0.001   0.004   0.328   0.002   0.000   0.002   0.000 1426452000
16.42    4.24    55.354
16.42 16.00   0.808   1.367
16.42 16.00   2.175    65.110
16.42 16.00   1.960   1.054   2.175   0.473
16.42 16.00   1.962   1.048   2.175   0.466

16.43  0.00   0.437   0.431   0.026   0.074   0.001   0.004   0.328   0.002   0.000   0.002   0.000 1427321000
16.43    4.24    55.346
16.43 16.00   0.807   1.367
16.43 16.00   2.175    65.108
16.43 16.00   1.960   1.054   2.175   0.473
16.43 16.00   1.962   1.047   2.175   0.466

16.44  0.00   0.437   0.431   0.026   0.074   0.001   0.004   0.328   0.002   0.000   0.002   0.000 1428190000
16.44    4.24    55.338
16.44 16.00   0.807   1.367
16.44 16.00   2.174    65.105
16.44 16.00   1.960   1.054   2.174   0.473
16.44 16.00   1.962   1.047   2.174   0.466

16.45  0.00   0.437   0.431   0.026   0.074   0.001   0.004   0.328   0.002   0.000   0.002   0.000 1429058000
16.45    4.24    55.330
16.45 16.00   0.807   1.367
16.45 16.00   2.174    65.102
16.45 16.00   1.960   1.054   2.174   0.473
16.45 16.00   1.962   1.047   2.174   0.466

16.46  0.00   0.437   0.431   0.026   0.074   0.001   0.004   0.328   0.002   0.000   0.002   0.000 1429927000
16.46    4.24    55.322
16.46 16.00   0.807   1.367
16.46 16.00   2.174    65.099
16.46 16.00   1.959   1.054   2.174   0.473
16.46 16.00   1.961   1.047   2.174   0.466

16.47  0.00   0.437   0.431   0.026   0.074   0.001   0.004   0.328   0.002   0.000   0.002   0.000 1430796000
16.47    4.24    55.314
16.47 16.00   0.807   1.367
16.47 16.00   2.174    65.096
16.47 16.00   1.959   1.054   2.174   0.473
16.47 16.00   1.961   1.047   2.174   0.466

16.48  0.00   0.437   0.431   0.026   0.074   0.001   0.004   0.328   0.002   0.000   0.002   0.000 1431665000
16.48    4.24    55.305
16.48 16.00   0.807   1.367
16.48 16.00   2.174    65.093
16.48 16.00   1.959   1.054   2.174   0.473
16.48 16.00   1.961   1.047   2.174   0.466

16.49  0.00   0.437   0.431   0.026   0.074   0.001   0.004   0.328   0.002   0.000   0.002   0.000 1432533000
16.49    4.24    55.297
16.49 16.00   0.806   1.367
16.49 16.00   2.174    65.090
16.49 16.00   1.959   1.054   2.174   0.473
16.49 16.00   1.961   1.047   2.174   0.466

16.50  0.00   0.437   0.431   0.026   0.074   0.001   0.004   0.328   0.002   0.000   0.002   0.000 1433402000
16.50    4.24    55.289
16.50 16.00   0.806   1.367
16.50 16.00   2.173    65.087
16.50 16.00   1.959   1.054   2.173   0.473
16.50 16.00   1.961   1.047   2.173   0.466

16.51  0.00   0.437   0.431   0.026   0.074   0.001   0.004   0.328   0.002   0.000   0.002   0.000 1434271000
16.51    4.24    55.281
16.51 16.00   0.806   1.367
16.51 16.00   2.173    65.084
16.51 16.00   1.959   1.054   2.173   0.473
16.51 16.00   1.961   1.047   2.173   0.466

16.52  0.00   0.437   0.431   0.026   0.074   0.001   0.004   0.328   0.002   0.000   0.002   0.000 1435140000
16.52    4.24    55.273
16.52 16.00   0.806   1.367
16.52 16.00   2.173    65.081
16.52 16.00   1.958   1.054   2.173   0.473
16.52 16.00   1.960   1.047   2.173   0.466

16.53  0.00   0.437   0.431   0.026   0.074   0.001   0.004   0.328   0.002   0.000   0.002   0.000 1436008000
16.53    4.23    55.265
16.53 16.00   0.806   1.367
16.53 16.00   2.173    65.078
16.53 16.00   1.958   1.054   2.173   0.473
16.53 16.00   1.960   1.047   2.173   0.466

16.54  0.00   0.437   0.431   0.026   0.074   0.001   0.004   0.328   0.002   0.000   0.002   0.000 1436877000
16.54    4.23    55.257
16.54 16.00   0.805   1.367
16.54 16.00   2.173    65.075
16.54 16.00   1.958   1.054   2.173   0.473
16.54 16.00   1.960   1.047   2.173   0.466

16.55  0.00   0.437   0.431   0.026   0.074   0.001   0.004   0.328   0.002   0.000   0.002   0.000 1437746000
16.55    4.23    55.249
16.55 16.00   0.805   1.367
16.55 16.00   2.172    65.073
16.55 16.00   1.958   1.054   2.172   0.473
16.55 16.00   1.960   1.047   2.172   0.466

16.56  0.00   0.437   0.431   0.026   0.074   0.001   0.004   0.327   0.002   0.000   0.002   0.000 1438614000
16.56    4.23    55.241
16.56 16.00   0.805   1.367
16.56 16.00   2.172    65.070
16.56 16.00   1.958   1.054   2.172   0.473
16.56 16.00   1.960   1.047   2.172   0.466

16.57  0.00   0.437   0.431   0.026   0.074   0.001   0.004   0.327   0.002   0.000   0.002   0.000 1439483000
16.57    4.23    55.232
16.57 16.00   0.805   1.367
16.57 16.00   2.172    65.067
16.57 16.00   1.957   1.053   2.172   0.473
16.57 16.00   1.959   1.047   2.172   0.466

16.58  0.00   0.437   0.431   0.026   0.074   0.001   0.004   0.327   0.002   0.000   0.002   0.000 1440352000
16.58    4.23    55.224
16.58 16.00   0.805   1.367
16.58 16.00   2.172    65.064
16.58 16.00   1.957   1.053   2.172   0.473
16.58 16.00   1.959   1.047   2.172   0.466

16.59  0.00   0.437   0.431   0.026   0.074   0.001   0.004   0.327   0.002   0.000   0.002   0.000 1441221000
16.59    4.23    55.216
16.59 16.00   0.805   1.367
16.59 16.00   2.172    65.061
16.59 16.00   1.957   1.053   2.172   0.473
16.59 16.00   1.959   1.046   2.172   0.466

16.60  0.00   0.437   0.431   0.026   0.074   0.001   0.004   0.327   0.002   0.000   0.002   0.000 1442089000
16.60    4.23    55.208
16.60 16.00   0.804   1.367
16.60 16.00   2.171    65.058
16.60 16.00   1.957   1.053   2.171   0.473
16.60 16.00   1.959   1.046   2.171   0.466

16.61  0.00   0.437   0.431   0.026   0.074   0.001   0.004   0.327   0.002   0.000   0.002   0.000 1442958000
16.61    4.23    55.200
16.61 16.00   0.804   1.367
16.61 16.00   2.171    65.055
16.61 16.00   1.957   1.053   2.171   0.473
16.61 16.00   1.959   1.046   2.171   0.466

16.62  0.00   0.437   0.430   0.026   0.074   0.001   0.004   0.327   0.002   0.000   0.002   0.000 1443827000
16.62    4.23    55.192
16.62 16.00   0.804   1.367
16.62 16.00   2.171    65.052
16.62 16.00   1.957   1.053   2.171   0.473
16.62 16.00   1.959   1.046   2.171   0.466

16.63  0.00   0.437   0.430   0.026   0.074   0.001   0.004   0.327   0.002   0.000   0.002   0.000 1444695000
16.63    4.23    55.184
16.63 16.00   0.804   1.367
16.63 16.00   2.171    65.049
16.63 16.00   1.956   1.053   2.171   0.473
16.63 16.00   1.958   1.046   2.171   0.466

16.64  0.00   0.437   0.430   0.026   0.074   0.001   0.004   0.327   0.002   0.000   0.002   0.000 1445564000
16.64    4.22    55.176
16.64 16.00   0.804   1.367
16.64 16.00   2.171    65.047
16.64 16.00   1.956   1.053   2.171   0.473
16.64 16.00   1.958   1.046   2.171   0.466

16.65  0.00   0.437   0.430   0.026   0.074   0.001   0.004   0.327   0.002   0.000   0.002   0.000 1446433000
16.65    4.22    55.168
16.65 16.00   0.803   1.367
16.65 16.00   2.171    65.044
16.65 16.00   1.956   1.053   2.171   0.473
16.65 16.00   1.958   1.046   2.171   0.466

16.66  0.00   0.437   0.430   0.026   0.074   0.001   0.004   0.327   0.002   0.000   0.002   0.000 1447302000
16.66    4.22    55.160
16.66 16.00   0.803   1.367
16.66 16.00   2.170    65.041
16.66 16.00   1.956   1.053   2.170   0.473
16.66 16.00   1.958   1.046   2.170   0.466

16.67  0.00   0.437   0.430   0.026   0.074   0.001   0.004   0.327   0.002   0.000   0.002   0.000 1448170000
16.67    4.22    55.152
16.67 16.00   0.803   1.367
16.67 16.00   2.170    65.038
16.67 16.00   1.956   1.053   2.170   0.473
16.67 16.00   1.958   1.046   2.170   0.466

16.68  0.00   0.437   0.430   0.026   0.074   0.001   0.004   0.327   0.002   0.000   0.002   0.000 1449039000
16.68    4.22    55.144
16.68 16.00   0.803   1.367
16.68 16.00   2.170    65.035
16.68 16.00   1.956   1.053   2.170   0.473
16.68 16.00   1.958   1.046   2.170   0.466

16.69  0.00   0.437   0.430   0.026   0.074   0.001   0.004   0.327   0.002   0.000   0.002   0.000 1449908000
16.69    4.22    55.136
16.69 16.00   0.803   1.367
16.69 16.00   2.170    65.032
16.69 16.00   1.955   1.053   2.170   0.473
16.69 16.00   1.957   1.046   2.170   0.466

16.70  0.00   0.437   0.430   0.026   0.074   0.001   0.004   0.327   0.002   0.000   0.002   0.000 1450777000
16.70    4.22    55.128
16.70 16.00   0.803   1.367
16.70 16.00   2.170    65.029
16.70 16.00   1.955   1.053   2.170   0.473
16.70 16.00   1.957   1.046   2.170   0.466

16.71  0.00   0.437   0.430   0.026   0.074   0.001   0.004   0.327   0.002   0.000   0.002   0.000 1451645000
16.71    4.22    55.120
16.71 16.00   0.802   1.367
16.71 16.00   2.169    65.027
16.71 16.00   1.955   1.053   2.169   0.473
16.71 16.00   1.957   1.046   2.169   0.466

16.72  0.00   0.437   0.430   0.026   0.074   0.001   0.004   0.327   0.002   0.000   0.002   0.000 1452514000
16.72    4.22    55.112
16.72 16.00   0.802   1.367
16.72 16.00   2.169    65.024
16.72 16.00   1.955   1.053   2.169   0.473
16.72 16.00   1.957   1.046   2.169   0.466

16.73  0.00   0.437   0.430   0.026   0.074   0.001   0.004   0.327   0.002   0.000   0.002   0.000 1453383000
16.73    4.22    55.104
16.73 16.00   0.802   1.367
16.73 16.00   2.169    65.021
16.73 16.00   1.955   1.052   2.169   0.473
16.73 16.00   1.957   1.046   2.169   0.466

16.74  0.00   0.437   0.430   0.026   0.074   0.001   0.004   0.327   0.002   0.000   0.002   0.000 1454252000
16.74    4.22    55.096
16.74 16.00   0.802   1.367
16.74 16.00   2.169    65.018
16.74 16.00   1.955   1.052   2.169   0.473
16.74 16.00   1.957   1.046   2.169   0.466

16.75  0.00   0.437   0.430   0.026   0.074   0.001   0.004   0.327   0.002   0.000   0.002   0.000 1455120000
16.75    4.21    55.088
16.75 16.00   0.802   1.367
16.75 16.00   2.169    65.015
16.75 16.00   1.954   1.052   2.169   0.473
16.75 16.00   1.956   1.045   2.169   0.466

16.76  0.00   0.437   0.430   0.026   0.074   0.001   0.004   0.327   0.002   0.000   0.002   0.000 1455989000
16.76    4.21    55.080
16.76 16.00   0.801   1.367
16.76 16.00   2.169    65.012
16.76 16.00   1.954   1.052   2.169   0.473
16.76 16.00   1.956   1.045   2.169   0.466

16.77  0.00   0.437   0.430   0.026   0.074   0.001   0.004   0.327   0.002   0.000   0.002   0.000 1456858000
16.77    4.21    55.072
16.77 16.00   0.801   1.367
16.77 16.00   2.168    65.010
16.77 16.00   1.954   1.052   2.168   0.473
16.77 16.00   1.956   1.045   2.168   0.466

16.78  0.00   0.437   0.430   0.026   0.074   0.001   0.004   0.327   0.002   0.000   0.002   0.000 1457726000
16.78    4.21    55.065
16.78 16.00   0.801   1.367
16.78 16.00   2.168    65.007
16.78 16.00   1.954   1.052   2.168   0.473
16.78 16.00   1.956   1.045   2.168   0.466

16.79  0.00   0.437   0.430   0.026   0.074   0.001   0.004   0.327   0.002   0.000   0.002   0.000 1458595000
16.79    4.21    55.057
16.79 16.00   0.801   1.367
16.79 16.00   2.168    65.004
16.79 16.00   1.954   1.052   2.168   0.473
16.79 16.00   1.956   1.045   2.168   0.466

16.80  0.00   0.437   0.430   0.026   0.074   0.001   0.004   0.327   0.002   0.000   0.002   0.000 1459464000
16.80    4.21    55.049
16.80 16.00   0.801   1.367
16.80 16.00   2.168    65.001
16.80 16.00   1.954   1.052   2.168   0.473
16.80 16.00   1.956   1.045   2.168   0.466

16.81  0.00   0.437   0.430   0.026   0.074   0.001   0.004   0.327   0.002   0.000   0.002   0.000 1460333000
16.81    4.21    55.041
16.81 16.00   0.801   1.367
16.81 16.00   2.168    64.998
16.81 16.00   1.953   1.052   2.168   0.473
16.81 16.00   1.955   1.045   2.168   0.466

16.82  0.00   0.437   0.430   0.026   0.074   0.001   0.004   0.327   0.002   0.000   0.002   0.000 1461201000
16.82    4.21    55.033
16.82 16.00   0.800   1.367
16.82 16.00   2.168    64.995
16.82 16.00   1.953   1.052   2.168   0.473
16.82 16.00   1.955   1.045   2.168   0.466

16.83  0.00   0.437   0.430   0.026   0.074   0.001   0.004   0.327   0.002   0.000   0.002   0.000 1462070000
16.83    4.21    55.025
16.83 16.00   0.800   1.367
16.83 16.00   2.167    64.993
16.83 16.00   1.953   1.052   2.167   0.473
16.83 16.00   1.955   1.045   2.167   0.466

16.84  0.00   0.437   0.430   0.026   0.074   0.001   0.004   0.327   0.002   0.000   0.002   0.000 1462939000
16.84    4.21    55.017
16.84 16.00   0.800   1.367
16.84 16.00   2.167    64.990
16.84 16.00   1.953   1.052   2.167   0.473
16.84 16.00   1.955   1.045   2.167   0.466

16.85  0.00   0.437   0.430   0.026   0.074   0.001   0.004   0.327   0.002   0.000   0.002   0.000 1463808000
16.85    4.21    55.009
16.85 16.00   0.800   1.367
16.85 16.00   2.167    64.987
16.85 16.00   1.953   1.052   2.167   0.473
16.85 16.00   1.955   1.045   2.167   0.466

16.86  0.00   0.437   0.430   0.026   0.074   0.001   0.004   0.327   0.002   0.000   0.002   0.000 1464676000
16.86    4.21    55.001
16.86 16.00   0.800   1.367
16.86 16.00   2.167    64.984
16.86 16.00   1.953   1.052   2.167   0.473
16.86 16.00   1.955   1.045   2.167   0.466

16.87  0.00   0.437   0.430   0.026   0.074   0.001   0.004   0.327   0.002   0.000   0.002   0.000 1465545000
16.87    4.20    54.994
16.87 16.00   0.799   1.367
16.87 16.00   2.167    64.981
16.87 16.00   1.952   1.052   2.167   0.473
16.87 16.00   1.954   1.045   2.167   0.466

16.88  0.00   0.437   0.430   0.026   0.074   0.001   0.004   0.327   0.002   0.000   0.002   0.000 1466414000
16.88    4.20    54.986
16.88 16.00   0.799   1.367
16.88 16.00   2.166    64.979
16.88 16.00   1.952   1.052   2.166   0.473
16.88 16.00   1.954   1.045   2.166   0.466

16.89  0.00   0.437   0.430   0.026   0.074   0.001   0.004   0.327   0.002   0.000   0.002   0.000 1467282000
16.89    4.20    54.978
16.89 16.00   0.799   1.367
16.89 16.00   2.166    64.976
16.89 16.00   1.952   1.052   2.166   0.473
16.89 16.00   1.954   1.045   2.166   0.466

16.90  0.00   0.437   0.430   0.026   0.074   0.001   0.004   0.327   0.002   0.000   0.002   0.000 1468151000
16.90    4.20    54.970
16.90 16.00   0.799   1.367
16.90 16.00   2.166    64.973
16.90 16.00   1.952   1.051   2.166   0.473
16.90 16.00   1.954   1.045   2.166   0.466

16.91  0.00   0.437   0.430   0.026   0.074   0.001   0.004   0.327   0.002   0.000   0.002   0.000 1469020000
16.91    4.20    54.962
16.91 16.00   0.799   1.367
16.91 16.00   2.166    64.970
16.91 16.00   1.952   1.051   2.166   0.473
16.91 16.00   1.954   1.045   2.166   0.466

16.92  0.00   0.437   0.430   0.026   0.074   0.001   0.004   0.327   0.002   0.000   0.002   0.000 1469889000
16.92    4.20    54.954
16.92 16.00   0.799   1.367
16.92 16.00   2.166    64.967
16.92 16.00   1.952   1.051   2.166   0.473
16.92 16.00   1.954   1.044   2.166   0.466

16.93  0.00   0.437   0.430   0.026   0.074   0.001   0.004   0.327   0.002   0.000   0.002   0.000 1470757000
16.93    4.20    54.947
16.93 16.00   0.798   1.367
16.93 16.00   2.166    64.965
16.93 16.00   1.951   1.051   2.166   0.473
16.93 16.00   1.953   1.044   2.166   0.466

16.94  0.00   0.437   0.430   0.026   0.074   0.001   0.004   0.327   0.002   0.000   0.002   0.000 1471626000
16.94    4.20    54.939
16.94 16.00   0.798   1.367
16.94 16.00   2.165    64.962
16.94 16.00   1.951   1.051   2.165   0.473
16.94 16.00   1.953   1.044   2.165   0.466

16.95  0.00   0.437   0.430   0.026   0.074   0.001   0.004   0.327   0.002   0.000   0.002   0.000 1472495000
16.95    4.20    54.931
16.95 16.00   0.798   1.367
16.95 16.00   2.165    64.959
16.95 16.00   1.951   1.051   2.165   0.473
16.95 16.00   1.953   1.044   2.165   0.465

16.96  0.00   0.437   0.430   0.026   0.074   0.001   0.004   0.327   0.002   0.000   0.002   0.000 1473363000
16.96    4.20    54.923
16.96 16.00   0.798   1.367
16.96 16.00   2.165    64.956
16.96 16.00   1.951   1.051   2.165   0.473
16.96 16.00   1.953   1.044   2.165   0.465

16.97  0.00   0.437   0.430   0.026   0.074   0.001   0.004   0.327   0.002   0.000   0.002   0.000 1474232000
16.97    4.20    54.915
16.97 16.00   0.798   1.367
16.97 16.00   2.165    64.954
16.97 16.00   1.951   1.051   2.165   0.473
16.97 16.00   1.953   1.044   2.165   0.465

16.98  0.00   0.437   0.430   0.026   0.074   0.001   0.004   0.327   0.002   0.000   0.002   0.000 1475101000
16.98    4.20    54.908
16.98 16.00   0.798   1.367
16.98 16.00   2.165    64.951
16.98 16.00   1.951   1.051   2.165   0.473
16.98 16.00   1.953   1.044   2.165   0.465

16.99  0.00   0.437   0.430   0.026   0.074   0.001   0.004   0.327   0.002   0.000   0.002   0.000 1475970000
16.99    4.19    54.900
16.99 16.00   0.797   1.367
16.99 16.00   2.165    64.948
16.99 16.00   1.950   1.051   2.165   0.473
16.99 16.00   1.952   1.044   2.165   0.465

17.00  0.00   0.437   0.430   0.026   0.074   0.001   0.004   0.327   0.002   0.000   0.002   0.000 1476839000
17.00    4.19    54.892
17.00 16.00   0.797   1.367
17.00 16.00   2.164    64.945
17.00 16.00   1.950   1.051   2.164   0.473
17.00 16.00   1.952   1.044   2.164   0.465

17.01  0.00   0.437   0.430   0.026   0.074   0.001   0.004   0.327   0.002   0.000   0.002   0.000 1477707000
17.01    4.19    54.884
17.01 16.00   0.797   1.367
17.01 16.00   2.164    64.942
17.01 16.00   1.950   1.051   2.164   0.473
17.01 16.00   1.952   1.044   2.164   0.465

17.02  0.00   0.437   0.430   0.026   0.074   0.001   0.004   0.327   0.002   0.000   0.002   0.000 1478576000
17.02    4.19    54.877
17.02 16.00   0.797   1.367
17.02 16.00   2.164    64.940
17.02 16.00   1.950   1.051   2.164   0.473
17.02 16.00   1.952   1.044   2.164   0.465

17.03  0.00   0.437   0.430   0.026   0.074   0.001   0.004   0.327   0.002   0.000   0.002   0.000 1479445000
17.03    4.19    54.869
17.03 16.00   0.797   1.367
17.03 16.00   2.164    64.937
17.03 16.00   1.950   1.051   2.164   0.473
17.03 16.00   1.952   1.044   2.164   0.465

17.04  0.00   0.437   0.430   0.026   0.074   0.001   0.004   0.327   0.002   0.000   0.002   0.000 1480313000
17.04    4.19    54.861
17.04 16.00   0.796   1.367
17.04 16.00   2.164    64.934
17.04 16.00   1.950   1.051   2.164   0.473
17.04 16.00   1.952   1.044   2.164   0.465

17.05  0.00   0.437   0.430   0.026   0.074   0.001   0.004   0.327   0.002   0.000   0.002   0.000 1481182000
17.05    4.19    54.853
17.05 16.00   0.796   1.367
17.05 16.00   2.163    64.931
17.05 16.00   1.949   1.051   2.163   0.473
17.05 16.00   1.951   1.044   2.163   0.465

17.06  0.00   0.437   0.430   0.026   0.074   0.001   0.004   0.327   0.002   0.000   0.002   0.000 1482051000
17.06    4.19    54.846
17.06 16.00   0.796   1.367
17.06 16.00   2.163    64.929
17.06 16.00   1.949   1.051   2.163   0.473
17.06 16.00   1.951   1.044   2.163   0.465

17.07  0.00   0.437   0.430   0.026   0.074   0.001   0.004   0.327   0.002   0.000   0.002   0.000 1482920000
17.07    4.19    54.838
17.07 16.00   0.796   1.367
17.07 16.00   2.163    64.926
17.07 16.00   1.949   1.050   2.163   0.473
17.07 16.00   1.951   1.044   2.163   0.465

17.08  0.00   0.437   0.430   0.026   0.074   0.001   0.004   0.327   0.002   0.000   0.002   0.000 1483788000
17.08    4.19    54.830
17.08 16.00   0.796   1.367
17.08 16.00   2.163    64.923
17.08 16.00   1.949   1.050   2.163   0.473
17.08 16.00   1.951   1.044   2.163   0.465

17.09  0.00   0.437   0.430   0.026   0.074   0.001   0.004   0.327   0.002   0.000   0.002   0.000 1484657000
17.09    4.19    54.823
17.09 16.00   0.796   1.367
17.09 16.00   2.163    64.921
17.09 16.00   1.949   1.050   2.163   0.472
17.09 16.00   1.951   1.043   2.163   0.465

17.10  0.00   0.437   0.430   0.026   0.074   0.001   0.004   0.327   0.002   0.000   0.002   0.000 1485526000
17.10    4.19    54.815
17.10 16.00   0.795   1.367
17.10 16.00   2.163    64.918
17.10 16.00   1.949   1.050   2.163   0.472
17.10 16.00   1.951   1.043   2.163   0.465

17.11  0.00   0.437   0.430   0.026   0.074   0.001   0.004   0.327   0.002   0.000   0.002   0.000 1486394000
17.11    4.18    54.807
17.11 16.00   0.795   1.367
17.11 16.00   2.162    64.915
17.11 16.00   1.948   1.050   2.162   0.472
17.11 16.00   1.950   1.043   2.162   0.465

17.12  0.00   0.437   0.430   0.026   0.074   0.001   0.004   0.327   0.002   0.000   0.002   0.000 1487263000
17.12    4.18    54.800
17.12 16.00   0.795   1.367
17.12 16.00   2.162    64.912
17.12 16.00   1.948   1.050   2.162   0.472
17.12 16.00   1.950   1.043   2.162   0.465

17.13  0.00   0.437   0.430   0.026   0.074   0.001   0.004   0.327   0.002   0.000   0.002   0.000 1488132000
17.13    4.18    54.792
17.13 16.00   0.795   1.367
17.13 16.00   2.162    64.910
17.13 16.00   1.948   1.050   2.162   0.472
17.13 16.00   1.950   1.043   2.162   0.465

17.14  0.00   0.437   0.430   0.026   0.074   0.001   0.004   0.327   0.002   0.000   0.002   0.000 1489001000
17.14    4.18    54.784
17.14 16.00   0.795   1.367
17.14 16.00   2.162    64.907
17.14 16.00   1.948   1.050   2.162   0.472
17.14 16.00   1.950   1.043   2.162   0.465

17.15  0.00   0.437   0.430   0.026   0.074   0.001   0.004   0.327   0.002   0.000   0.002   0.000 1489869000
17.15    4.18    54.777
17.15 16.00   0.795   1.367
17.15 16.00   2.162    64.904
17.15 16.00   1.948   1.050   2.162   0.472
17.15 16.00   1.950   1.043   2.162   0.465

17.16  0.00   0.437   0.430   0.026   0.074   0.001   0.004   0.327   0.002   0.000   0.002   0.000 1490738000
17.16    4.18    54.769
17.16 16.00   0.794   1.367
17.16 16.00   2.162    64.901
17.16 16.00   1.948   1.050   2.162   0.472
17.16 16.00   1.950   1.043   2.162   0.465

17.17  0.00   0.437   0.430   0.026   0.074   0.001   0.004   0.327   0.002   0.000   0.002   0.000 1491607000
17.17    4.18    54.761
17.17 16.00   0.794   1.367
17.17 16.00   2.161    64.899
17.17 16.00   1.947   1.050   2.161   0.472
17.17 16.00   1.949   1.043   2.161   0.465

17.18  0.00   0.436   0.430   0.026   0.074   0.001   0.004   0.327   0.002   0.000   0.002   0.000 1492476000
17.18    4.18    54.754
17.18 16.00   0.794   1.367
17.18 16.00   2.161    64.896
17.18 16.00   1.947   1.050   2.161   0.472
17.18 16.00   1.949   1.043   2.161   0.465

17.19  0.00   0.436   0.430   0.026   0.074   0.001   0.004   0.327   0.002   0.000   0.002   0.000 1493344000
17.19    4.18    54.746
17.19 16.00   0.794   1.367
17.19 16.00   2.161    64.893
17.19 16.00   1.947   1.050   2.161   0.472
17.19 16.00   1.949   1.043   2.161   0.465

17.20  0.00   0.436   0.430   0.026   0.074   0.001   0.004   0.327   0.002   0.000   0.002   0.000 1494213000
17.20    4.18    54.738
17.20 16.00   0.794   1.367
17.20 16.00   2.161    64.891
17.20 16.00   1.947   1.050   2.161   0.472
17.20 16.00   1.949   1.043   2.161   0.465

17.21  0.00   0.436   0.430   0.026   0.074   0.001   0.004   0.327   0.002   0.000   0.002   0.000 1495082000
17.21    4.18    54.731
17.21 16.00   0.794   1.367
17.21 16.00   2.161    64.888
17.21 16.00   1.947   1.050   2.161   0.472
17.21 16.00   1.949   1.043   2.161   0.465

17.22  0.00   0.436   0.430   0.026   0.074   0.001   0.004   0.327   0.002   0.000   0.002   0.000 1495950000
17.22    4.18    54.723
17.22 16.00   0.793   1.367
17.22 16.00   2.161    64.885
17.22 16.00   1.947   1.050   2.161   0.472
17.22 16.00   1.949   1.043   2.161   0.465

17.23  0.00   0.436   0.430   0.026   0.074   0.001   0.004   0.327   0.002   0.000   0.002   0.000 1496819000
17.23    4.17    54.716
17.23 16.00   0.793   1.367
17.23 16.00   2.160    64.883
17.23 16.00   1.947   1.050   2.160   0.472
17.23 16.00   1.948   1.043   2.160   0.465

17.24  0.00   0.436   0.430   0.026   0.074   0.001   0.004   0.327   0.002   0.000   0.002   0.000 1497688000
17.24    4.17    54.708
17.24 16.00   0.793   1.367
17.24 16.00   2.160    64.880
17.24 16.00   1.946   1.049   2.160   0.472
17.24 16.00   1.948   1.043   2.160   0.465

17.25  0.00   0.436   0.430   0.026   0.074   0.001   0.004   0.327   0.002   0.000   0.002   0.000 1498557000
17.25    4.17    54.700
17.25 16.00   0.793   1.367
17.25 16.00   2.160    64.877
17.25 16.00   1.946   1.049   2.160   0.472
17.25 16.00   1.948   1.043   2.160   0.465

17.26  0.00   0.436   0.430   0.026   0.074   0.001   0.004   0.327   0.002   0.000   0.002   0.000 1499425000
17.26    4.17    54.693
17.26 16.00   0.793   1.367
17.26 16.00   2.160    64.874
17.26 16.00   1.946   1.049   2.160   0.472
17.26 16.00   1.948   1.042   2.160   0.465

17.27  0.00   0.436   0.430   0.026   0.074   0.001   0.004   0.327   0.002   0.000   0.002   0.000 1500294000
17.27    4.17    54.685
17.27 16.00   0.793   1.367
17.27 16.00   2.160    64.872
17.27 16.00   1.946   1.049   2.160   0.472
17.27 16.00   1.948   1.042   2.160   0.465

17.28  0.00   0.436   0.430   0.026   0.074   0.001   0.004   0.327   0.002   0.000   0.002   0.000 1501163000
17.28    4.17    54.678
17.28 16.00   0.792   1.367
17.28 16.00   2.160    64.869
17.28 16.00   1.946   1.049   2.160   0.472
17.28 16.00   1.948   1.042   2.160   0.465

17.29  0.00   0.436   0.430   0.026   0.074   0.001   0.004   0.327   0.002   0.000   0.002   0.000 1502032000
17.29    4.17    54.670
17.29 16.00   0.792   1.367
17.29 16.00   2.159    64.866
17.29 16.00   1.946   1.049   2.159   0.472
17.29 16.00   1.948   1.042   2.159   0.465

17.30  0.00   0.436   0.430   0.026   0.074   0.001   0.004   0.327   0.002   0.000   0.002   0.000 1502900000
17.30    4.17    54.663
17.30 16.00   0.792   1.367
17.30 16.00   2.159    64.864
17.30 16.00   1.945   1.049   2.159   0.472
17.30 16.00   1.947   1.042   2.159   0.465

17.31  0.00   0.436   0.430   0.026   0.074   0.001   0.004   0.327   0.002   0.000   0.002   0.000 1503769000
17.31    4.17    54.655
17.31 16.00   0.792   1.367
17.31 16.00   2.159    64.861
17.31 16.00   1.945   1.049   2.159   0.472
17.31 16.00   1.947   1.042   2.159   0.465

17.32  0.00   0.436   0.430   0.026   0.074   0.001   0.004   0.327   0.002   0.000   0.002   0.000 1504638000
17.32    4.17    54.648
17.32 16.00   0.792   1.367
17.32 16.00   2.159    64.858
17.32 16.00   1.945   1.049   2.159   0.472
17.32 16.00   1.947   1.042   2.159   0.465

17.33  0.00   0.436   0.430   0.026   0.074   0.001   0.004   0.327   0.002   0.000   0.002   0.000 1505507000
17.33    4.17    54.640
17.33 16.00   0.792   1.367
17.33 16.00   2.159    64.856
17.33 16.00   1.945   1.049   2.159   0.472
17.33 16.00   1.947   1.042   2.159   0.465

17.34  0.00   0.436   0.430   0.026   0.074   0.001   0.004   0.327   0.002   0.000   0.002   0.000 1506375000
17.34    4.17    54.633
17.34 16.00   0.791   1.367
17.34 16.00   2.159    64.853
17.34 16.00   1.945   1.049   2.159   0.472
17.34 16.00   1.947   1.042   2.159   0.465

17.35  0.00   0.436   0.430   0.026   0.074   0.001   0.004   0.327   0.002   0.000   0.002   0.000 1507244000
17.35    4.16    54.625
17.35 16.00   0.791   1.367
17.35 16.00   2.158    64.850
17.35 16.00   1.945   1.049   2.158   0.472
17.35 16.00   1.947   1.042   2.158   0.465

17.36  0.00   0.436   0.430   0.026   0.074   0.001   0.004   0.327   0.002   0.000   0.002   0.000 1508113000
17.36    4.16    54.618
17.36 16.00   0.791   1.367
17.36 16.00   2.158    64.848
17.36 16.00   1.944   1.049   2.158   0.472
17.36 16.00   1.946   1.042   2.158   0.465

17.37  0.00   0.436   0.430   0.026   0.074   0.001   0.004   0.327   0.002   0.000   0.002   0.000 1508982000
17.37    4.16    54.610
17.37 16.00   0.791   1.367
17.37 16.00   2.158    64.845
17.37 16.00   1.944   1.049   2.158   0.472
17.37 16.00   1.946   1.042   2.158   0.465

17.38  0.00   0.436   0.430   0.026   0.074   0.001   0.004   0.327   0.002   0.000   0.002   0.000 1509850000
17.38    4.16    54.603
17.38 16.00   0.791   1.367
17.38 16.00   2.158    64.842
17.38 16.00   1.944   1.049   2.158   0.472
17.38 16.00   1.946   1.042   2.158   0.465

17.39  0.00   0.436   0.430   0.026   0.074   0.001   0.004   0.327   0.002   0.000   0.002   0.000 1510719000
17.39    4.16    54.595
17.39 16.00   0.791   1.367
17.39 16.00   2.158    64.840
17.39 16.00   1.944   1.049   2.158   0.472
17.39 16.00   1.946   1.042   2.158   0.465

17.40  0.00   0.436   0.430   0.026   0.074   0.001   0.004   0.327   0.002   0.000   0.002   0.000 1511588000
17.40    4.16    54.588
17.40 16.00   0.790   1.367
17.40 16.00   2.158    64.837
17.40 16.00   1.944   1.049   2.158   0.472
17.40 16.00   1.946   1.042   2.158   0.465

17.41  0.00   0.436   0.430   0.026   0.074   0.001   0.004   0.327   0.002   0.000   0.002   0.000 1512456000
17.41    4.16    54.580
17.41 16.00   0.790   1.367
17.41 16.00   2.157    64.834
17.41 16.00   1.944   1.048   2.157   0.472
17.41 16.00   1.946   1.042   2.157   0.465

17.42  0.00   0.436   0.430   0.026   0.074   0.001   0.004   0.327   0.002   0.000   0.002   0.000 1513325000
17.42    4.16    54.573
17.42 16.00   0.790   1.367
17.42 16.00   2.157    64.832
17.42 16.00   1.943   1.048   2.157   0.472
17.42 16.00   1.945   1.042   2.157   0.465

17.43  0.00   0.436   0.430   0.026   0.074   0.001   0.004   0.327   0.002   0.000   0.002   0.000 1514194000
17.43    4.16    54.565
17.43 16.00   0.790   1.367
17.43 16.00   2.157    64.829
17.43 16.00   1.943   1.048   2.157   0.472
17.43 16.00   1.945   1.041   2.157   0.465

17.44  0.00   0.436   0.430   0.026   0.074   0.001   0.004   0.327   0.002   0.000   0.002   0.000 1515063000
17.44    4.16    54.558
17.44 16.00   0.790   1.367
17.44 16.00   2.157    64.827
17.44 16.00   1.943   1.048   2.157   0.472
17.44 16.00   1.945   1.041   2.157   0.465

17.45  0.00   0.436   0.430   0.026   0.074   0.001   0.004   0.327   0.002   0.000   0.002   0.000 1515931000
17.45    4.16    54.550
17.45 16.00   0.790   1.367
17.45 16.00   2.157    64.824
17.45 16.00   1.943   1.048   2.157   0.472
17.45 16.00   1.945   1.041   2.157   0.465

17.46  0.00   0.436   0.430   0.026   0.074   0.001   0.004   0.327   0.002   0.000   0.002   0.000 1516800000
17.46    4.16    54.543
17.46 16.00   0.789   1.367
17.46 16.00   2.157    64.821
17.46 16.00   1.943   1.048   2.157   0.472
17.46 16.00   1.945   1.041   2.157   0.465

17.47  0.00   0.436   0.430   0.026   0.074   0.001   0.004   0.327   0.002   0.000   0.002   0.000 1517669000
17.47    4.15    54.535
17.47 16.00   0.789   1.367
17.47 16.00   2.156    64.819
17.47 16.00   1.943   1.048   2.156   0.472
17.47 16.00   1.945   1.041   2.156   0.465

17.48  0.00   0.436   0.430   0.026   0.074   0.001   0.004   0.327   0.002   0.000   0.002   0.000 1518537000
17.48    4.15    54.528
17.48 16.00   0.789   1.367
17.48 16.00   2.156    64.816
17.48 16.00   1.943   1.048   2.156   0.472
17.48 16.00   1.945   1.041   2.156   0.465

17.49  0.00   0.436   0.430   0.026   0.074   0.001   0.004   0.327   0.002   0.000   0.002   0.000 1519406000
17.49    4.15    54.521
17.49 16.00   0.789   1.367
17.49 16.00   2.156    64.813
17.49 16.00   1.942   1.048   2.156   0.472
17.49 16.00   1.944   1.041   2.156   0.465

17.50  0.00   0.436   0.430   0.026   0.074   0.001   0.004   0.327   0.002   0.000   0.002   0.000 1520275000
17.50    4.15    54.513
17.50 16.00   0.789   1.367
17.50 16.00   2.156    64.811
17.50 16.00   1.942   1.048   2.156   0.472
17.50 16.00   1.944   1.041   2.156   0.465

17.51  0.00   0.436   0.430   0.026   0.074   0.001   0.004   0.327   0.002   0.000   0.002   0.000 1521144000
17.51    4.15    54.506
17.51 16.00   0.789   1.367
17.51 16.00   2.156    64.808
17.51 16.00   1.942   1.048   2.156   0.472
17.51 16.00   1.944   1.041   2.156   0.465

17.52  0.00   0.436   0.430   0.026   0.074   0.001   0.004   0.327   0.002   0.000   0.002   0.000 1522012000
17.52    4.15    54.498
17.52 16.00   0.788   1.367
17.52 16.00   2.156    64.806
17.52 16.00   1.942   1.048   2.156   0.472
17.52 16.00   1.944   1.041   2.156   0.465

17.53  0.00   0.436   0.430   0.026   0.074   0.001   0.004   0.327   0.002   0.000   0.002   0.000 1522881000
17.53    4.15    54.491
17.53 16.00   0.788   1.367
17.53 16.00   2.155    64.803
17.53 16.00   1.942   1.048   2.155   0.472
17.53 16.00   1.944   1.041   2.155   0.465

17.54  0.00   0.436   0.429   0.026   0.074   0.001   0.004   0.327   0.002   0.000   0.002   0.000 1523750000
17.54    4.15    54.484
17.54 16.00   0.788   1.367
17.54 16.00   2.155    64.800
17.54 16.00   1.942   1.048   2.155   0.472
17.54 16.00   1.944   1.041   2.155   0.465

17.55  0.00   0.436   0.429   0.026   0.074   0.001   0.004   0.327   0.002   0.000   0.002   0.000 1524618000
17.55    4.15    54.476
17.55 16.00   0.788   1.367
17.55 16.00   2.155    64.798
17.55 16.00   1.941   1.048   2.155   0.472
17.55 16.00   1.943   1.041   2.155   0.465

17.56  0.00   0.436   0.429   0.026   0.074   0.001   0.004   0.327   0.002   0.000   0.002   0.000 1525487000
17.56    4.15    54.469
17.56 16.00   0.788   1.367
17.56 16.00   2.155    64.795
17.56 16.00   1.941   1.048   2.155   0.472
17.56 16.00   1.943   1.041   2.155   0.465

17.57  0.00   0.436   0.429   0.026   0.074   0.001   0.004   0.327   0.002   0.000   0.002   0.000 1526356000
17.57    4.15    54.461
17.57 16.00   0.788   1.367
17.57 16.00   2.155    64.793
17.57 16.00   1.941   1.048   2.155   0.472
17.57 16.00   1.943   1.041   2.155   0.465

17.58  0.00   0.436   0.429   0.026   0.074   0.001   0.004   0.327   0.002   0.000   0.002   0.000 1527225000
17.58    4.15    54.454
17.58 16.00   0.787   1.367
17.58 16.00   2.155    64.790
17.58 16.00   1.941   1.048   2.155   0.472
17.58 16.00   1.943   1.041   2.155   0.465

17.59  0.00   0.436   0.429   0.026   0.074   0.001   0.004   0.327   0.002   0.000   0.002   0.000 1528093000
17.59    4.15    54.447
17.59 16.00   0.787   1.367
17.59 16.00   2.154    64.787
17.59 16.00   1.941   1.047   2.154   0.472
17.59 16.00   1.943   1.041   2.154   0.465

17.60  0.00   0.436   0.429   0.026   0.074   0.001   0.004   0.327   0.002   0.000   0.002   0.000 1528962000
17.60    4.14    54.439
17.60 16.00   0.787   1.367
17.60 16.00   2.154    64.785
17.60 16.00   1.941   1.047   2.154   0.472
17.60 16.00   1.943   1.041   2.154   0.465

17.61  0.00   0.436   0.429   0.026   0.074   0.001   0.004   0.327   0.002   0.000   0.002   0.000 1529831000
17.61    4.14    54.432
17.61 16.00   0.787   1.367
17.61 16.00   2.154    64.782
17.61 16.00   1.941   1.047   2.154   0.472
17.61 16.00   1.943   1.040   2.154   0.465

17.62  0.00   0.436   0.429   0.026   0.074   0.001   0.004   0.327   0.002   0.000   0.002   0.000 1530700000
17.62    4.14    54.425
17.62 16.00   0.787   1.367
17.62 16.00   2.154    64.780
17.62 16.00   1.940   1.047   2.154   0.472
17.62 16.00   1.942   1.040   2.154   0.465

17.63  0.00   0.436   0.429   0.026   0.074   0.001   0.004   0.327   0.002   0.000   0.002   0.000 1531568000
17.63    4.14    54.417
17.63 16.00   0.787   1.367
17.63 16.00   2.154    64.777
17.63 16.00   1.940   1.047   2.154   0.472
17.63 16.00   1.942   1.040   2.154   0.465

17.64  0.00   0.436   0.429   0.026   0.074   0.001   0.004   0.327   0.002   0.000   0.002   0.000 1532437000
17.64    4.14    54.410
17.64 16.00   0.786   1.367
17.64 16.00   2.154    64.774
17.64 16.00   1.940   1.047   2.154   0.472
17.64 16.00   1.942   1.040   2.154   0.465

17.65  0.00   0.436   0.429   0.026   0.074   0.001   0.004   0.327   0.002   0.000   0.002   0.000 1533306000
17.65    4.14    54.403
17.65 16.00   0.786   1.367
17.65 16.00   2.153    64.772
17.65 16.00   1.940   1.047   2.153   0.472
17.65 16.00   1.942   1.040   2.153   0.465

17.66  0.00   0.436   0.429   0.026   0.074   0.001   0.004   0.327   0.002   0.000   0.002   0.000 1534175000
17.66    4.14    54.396
17.66 16.00   0.786   1.367
17.66 16.00   2.153    64.769
17.66 16.00   1.940   1.047   2.153   0.472
17.66 16.00   1.942   1.040   2.153   0.465

17.67  0.00   0.436   0.429   0.026   0.074   0.001   0.004   0.327   0.002   0.000   0.002   0.000 1535043000
17.67    4.14    54.388
17.67 16.00   0.786   1.367
17.67 16.00   2.153    64.767
17.67 16.00   1.940   1.047   2.153   0.472
17.67 16.00   1.942   1.040   2.153   0.465

17.68  0.00   0.436   0.429   0.026   0.074   0.001   0.004   0.327   0.002   0.000   0.002   0.000 1535912000
17.68    4.14    54.381
17.68 16.00   0.786   1.367
17.68 16.00   2.153    64.764
17.68 16.00   1.939   1.047   2.153   0.472
17.68 16.00   1.941   1.040   2.153   0.465

17.69  0.00   0.436   0.429   0.026   0.074   0.001   0.004   0.327   0.002   0.000   0.002   0.000 1536781000
17.69    4.14    54.374
17.69 16.00   0.786   1.367
17.69 16.00   2.153    64.762
17.69 16.00   1.939   1.047   2.153   0.472
17.69 16.00   1.941   1.040   2.153   0.465

17.70  0.00   0.436   0.429   0.026   0.074   0.001   0.004   0.327   0.002   0.000   0.002   0.000 1537650000
17.70    4.14    54.366
17.70 16.00   0.785   1.367
17.70 16.00   2.153    64.759
17.70 16.00   1.939   1.047   2.153   0.472
17.70 16.00   1.941   1.040   2.153   0.465

17.71  0.00   0.436   0.429   0.026   0.074   0.001   0.004   0.327   0.002   0.000   0.002   0.000 1538518000
17.71    4.14    54.359
17.71 16.00   0.785   1.367
17.71 16.00   2.152    64.756
17.71 16.00   1.939   1.047   2.152   0.472
17.71 16.00   1.941   1.040   2.152   0.465

17.72  0.00   0.436   0.429   0.026   0.074   0.001   0.004   0.327   0.002   0.000   0.002   0.000 1539387000
17.72    4.14    54.352
17.72 16.00   0.785   1.367
17.72 16.00   2.152    64.754
17.72 16.00   1.939   1.047   2.152   0.472
17.72 16.00   1.941   1.040   2.152   0.465

17.73  0.00   0.436   0.429   0.026   0.074   0.001   0.004   0.327   0.002   0.000   0.002   0.000 1540256000
17.73    4.13    54.345
17.73 16.00   0.785   1.367
17.73 16.00   2.152    64.751
17.73 16.00   1.939   1.047   2.152   0.472
17.73 16.00   1.941   1.040   2.152   0.465

17.74  0.00   0.436   0.429   0.026   0.074   0.001   0.004   0.327   0.002   0.000   0.002   0.000 1541124000
17.74    4.13    54.337
17.74 16.00   0.785   1.367
17.74 16.00   2.152    64.749
17.74 16.00   1.939   1.047   2.152   0.472
17.74 16.00   1.941   1.040   2.152   0.465

17.75  0.00   0.436   0.429   0.026   0.074   0.001   0.004   0.327   0.002   0.000   0.002   0.000 1541993000
17.75    4.13    54.330
17.75 16.00   0.785   1.367
17.75 16.00   2.152    64.746
17.75 16.00   1.938   1.047   2.152   0.472
17.75 16.00   1.940   1.040   2.152   0.465

17.76  0.00   0.436   0.429   0.026   0.074   0.001   0.004   0.327   0.002   0.000   0.002   0.000 1542862000
17.76    4.13    54.323
17.76 16.00   0.784   1.367
17.76 16.00   2.152    64.744
17.76 16.00   1.938   1.047   2.152   0.472
17.76 16.00   1.940   1.040   2.152   0.465

17.77  0.00   0.436   0.429   0.026   0.074   0.001   0.004   0.327   0.002   0.000   0.002   0.000 1543731000
17.77    4.13    54.316
17.77 16.00   0.784   1.367
17.77 16.00   2.151    64.741
17.77 16.00   1.938   1.046   2.151   0.472
17.77 16.00   1.940   1.040   2.151   0.465

17.78  0.00   0.436   0.429   0.026   0.074   0.001   0.004   0.327   0.002   0.000   0.002   0.000 1544599000
17.78    4.13    54.308
17.78 16.00   0.784   1.367
17.78 16.00   2.151    64.739
17.78 16.00   1.938   1.046   2.151   0.472
17.78 16.00   1.940   1.040   2.151   0.465

17.79  0.00   0.436   0.429   0.026   0.074   0.001   0.004   0.327   0.002   0.000   0.002   0.000 1545468000
17.79    4.13    54.301
17.79 16.00   0.784   1.367
17.79 16.00   2.151    64.736
17.79 16.00   1.938   1.046   2.151   0.472
17.79 16.00   1.940   1.039   2.151   0.465

17.80  0.00   0.436   0.429   0.026   0.074   0.001   0.004   0.327   0.002   0.000   0.002   0.000 1546337000
17.80    4.13    54.294
17.80 16.00   0.784   1.367
17.80 16.00   2.151    64.733
17.80 16.00   1.938   1.046   2.151   0.472
17.80 16.00   1.940   1.039   2.151   0.465

17.81  0.00   0.436   0.429   0.026   0.074   0.001   0.004   0.327   0.002   0.000   0.002   0.000 1547206000
17.81    4.13    54.287
17.81 16.00   0.784   1.367
17.81 16.00   2.151    64.731
17.81 16.00   1.937   1.046   2.151   0.472
17.81 16.00   1.939   1.039   2.151   0.465

17.82  0.00   0.436   0.429   0.026   0.074   0.001   0.004   0.327   0.002   0.000   0.002   0.000 1548074000
17.82    4.13    54.280
17.82 16.00   0.784   1.367
17.82 16.00   2.151    64.728
17.82 16.00   1.937   1.046   2.151   0.472
17.82 16.00   1.939   1.039   2.151   0.465

17.83  0.00   0.436   0.429   0.026   0.074   0.001   0.004   0.327   0.002   0.000   0.002   0.000 1548943000
17.83    4.13    54.272
17.83 16.00   0.783   1.367
17.83 16.00   2.151    64.726
17.83 16.00   1.937   1.046   2.151   0.472
17.83 16.00   1.939   1.039   2.151   0.464

17.84  0.00   0.436   0.429   0.026   0.074   0.001   0.004   0.327   0.002   0.000   0.002   0.000 1549812000
17.84    4.13    54.265
17.84 16.00   0.783   1.367
17.84 16.00   2.150    64.723
17.84 16.00   1.937   1.046   2.150   0.472
17.84 16.00   1.939   1.039   2.150   0.464

17.85  0.00   0.436   0.429   0.026   0.074   0.001   0.004   0.327   0.002   0.000   0.002   0.000 1550680000
17.85    4.13    54.258
17.85 16.00   0.783   1.367
17.85 16.00   2.150    64.721
17.85 16.00   1.937   1.046   2.150   0.472
17.85 16.00   1.939   1.039   2.150   0.464

17.86  0.00   0.436   0.429   0.026   0.074   0.001   0.004   0.327   0.002   0.000   0.002   0.000 1551549000
17.86    4.12    54.251
17.86 16.00   0.783   1.367
17.86 16.00   2.150    64.718
17.86 16.00   1.937   1.046   2.150   0.472
17.86 16.00   1.939   1.039   2.150   0.464

17.87  0.00   0.436   0.429   0.026   0.074   0.001   0.004   0.327   0.002   0.000   0.002   0.000 1552418000
17.87    4.12    54.244
17.87 16.00   0.783   1.367
17.87 16.00   2.150    64.716
17.87 16.00   1.937   1.046   2.150   0.472
17.87 16.00   1.939   1.039   2.150   0.464

17.88  0.00   0.436   0.429   0.026   0.074   0.001   0.004   0.327   0.002   0.000   0.002   0.000 1553287000
17.88    4.12    54.236
17.88 16.00   0.783   1.367
17.88 16.00   2.150    64.713
17.88 16.00   1.936   1.046   2.150   0.472
17.88 16.00   1.938   1.039   2.150   0.464

17.89  0.00   0.436   0.429   0.026   0.074   0.001   0.004   0.327   0.002   0.000   0.002   0.000 1554155000
17.89    4.12    54.229
17.89 16.00   0.782   1.367
17.89 16.00   2.150    64.711
17.89 16.00   1.936   1.046   2.150   0.472
17.89 16.00   1.938   1.039   2.150   0.464

17.90  0.00   0.436   0.429   0.026   0.074   0.001   0.004   0.327   0.002   0.000   0.002   0.000 1555024000
17.90    4.12    54.222
17.90 16.00   0.782   1.367
17.90 16.00   2.149    64.708
17.90 16.00   1.936   1.046   2.149   0.472
17.90 16.00   1.938   1.039   2.149   0.464

17.91  0.00   0.436   0.429   0.026   0.074   0.001   0.004   0.327   0.002   0.000   0.002   0.000 1555893000
17.91    4.12    54.215
17.91 16.00   0.782   1.367
17.91 16.00   2.149    64.706
17.91 16.00   1.936   1.046   2.149   0.472
17.91 16.00   1.938   1.039   2.149   0.464

17.92  0.00   0.436   0.429   0.026   0.074   0.001   0.004   0.327   0.002   0.000   0.002   0.000 1556761000
17.92    4.12    54.208
17.92 16.00   0.782   1.367
17.92 16.00   2.149    64.703
17.92 16.00   1.936   1.046   2.149   0.472
17.92 16.00   1.938   1.039   2.149   0.464

17.93  0.00   0.436   0.429   0.026   0.074   0.001   0.004   0.327   0.002   0.000   0.002   0.000 1557630000
17.93    4.12    54.201
17.93 16.00   0.782   1.367
17.93 16.00   2.149    64.701
17.93 16.00   1.936   1.046   2.149   0.472
17.93 16.00   1.938   1.039   2.149   0.464

17.94  0.00   0.436   0.429   0.026   0.074   0.001   0.004   0.327   0.002   0.000   0.002   0.000 1558499000
17.94    4.12    54.194
17.94 16.00   0.782   1.367
17.94 16.00   2.149    64.698
17.94 16.00   1.936   1.046   2.149   0.472
17.94 16.00   1.938   1.039   2.149   0.464

17.95  0.00   0.436   0.429   0.026   0.074   0.001   0.004   0.327   0.002   0.000   0.002   0.000 1559368000
17.95    4.12    54.187
17.95 16.00   0.781   1.367
17.95 16.00   2.149    64.696
17.95 16.00   1.935   1.046   2.149   0.472
17.95 16.00   1.937   1.039   2.149   0.464

17.96  0.00   0.436   0.429   0.026   0.074   0.001   0.004   0.327   0.002   0.000   0.002   0.000 1560236000
17.96    4.12    54.179
17.96 16.00   0.781   1.367
17.96 16.00   2.148    64.693
17.96 16.00   1.935   1.045   2.148   0.472
17.96 16.00   1.937   1.039   2.148   0.464

17.97  0.00   0.436   0.429   0.026   0.074   0.001   0.004   0.327   0.002   0.000   0.002   0.000 1561105000
17.97    4.12    54.172
17.97 16.00   0.781   1.367
17.97 16.00   2.148    64.691
17.97 16.00   1.935   1.045   2.148   0.472
17.97 16.00   1.937   1.039   2.148   0.464

17.98  0.00   0.436   0.429   0.026   0.074   0.001   0.004   0.327   0.002   0.000   0.002   0.000 1561974000
17.98    4.12    54.165
17.98 16.00   0.781   1.367
17.98 16.00   2.148    64.688
17.98 16.00   1.935   1.045   2.148   0.472
17.98 16.00   1.937   1.038   2.148   0.464

17.99  0.00   0.436   0.429   0.026   0.074   0.001   0.004   0.327   0.002   0.000   0.002   0.000 1562843000
17.99    4.11    54.158
17.99 16.00   0.781   1.367
17.99 16.00   2.148    64.686
17.99 16.00   1.935   1.045   2.148   0.471
17.99 16.00   1.937   1.038   2.148   0.464

18.00  0.00   0.436   0.429   0.026   0.074   0.001   0.004   0.327   0.002   0.000   0.002   0.000 1563711000
18.00    4.11    54.151
18.00 16.00   0.781   1.367
18.00 16.00   2.148    64.683
18.00 16.00   1.935   1.045   2.148   0.471
18.00 16.00   1.937   1.038   2.148   0.464

18.01  0.00   0.436   0.429   0.026   0.074   0.001   0.004   0.327   0.002   0.000   0.002   0.000 1564580000
18.01    4.11    54.144
18.01 16.00   0.780   1.367
18.01 16.00   2.148    64.681
18.01 16.00   1.935   1.045   2.148   0.471
18.01 16.00   1.936   1.038   2.148   0.464

18.02  0.00   0.436   0.429   0.026   0.074   0.001   0.004   0.327   0.002   0.000   0.002   0.000 1565449000
18.02    4.11    54.137
18.02 16.00   0.780   1.367
18.02 16.00   2.148    64.678
18.02 16.00   1.934   1.045   2.148   0.471
18.02 16.00   1.936   1.038   2.148   0.464

18.03  0.00   0.436   0.429   0.026   0.074   0.001   0.004   0.327   0.002   0.000   0.002   0.000 1566318000
18.03    4.11    54.130
18.03 16.00   0.780   1.367
18.03 16.00   2.147    64.676
18.03 16.00   1.934   1.045   2.147   0.471
18.03 16.00   1.936   1.038   2.147   0.464

18.04  0.00   0.436   0.429   0.026   0.074   0.001   0.004   0.327   0.002   0.000   0.002   0.000 1567186000
18.04    4.11    54.123
18.04 16.00   0.780   1.367
18.04 16.00   2.147    64.673
18.04 16.00   1.934   1.045   2.147   0.471
18.04 16.00   1.936   1.038   2.147   0.464

18.05  0.00   0.436   0.429   0.026   0.074   0.001   0.004   0.327   0.002   0.000   0.002   0.000 1568055000
18.05    4.11    54.116
18.05 16.00   0.780   1.367
18.05 16.00   2.147    64.671
18.05 16.00   1.934   1.045   2.147   0.471
18.05 16.00   1.936   1.038   2.147   0.464

18.06  0.00   0.436   0.429   0.026   0.074   0.001   0.004   0.327   0.002   0.000   0.002   0.000 1568924000
18.06    4.11    54.109
18.06 16.00   0.780   1.367
18.06 16.00   2.147    64.668
18.06 16.00   1.934   1.045   2.147   0.471
18.06 16.00   1.936   1.038   2.147   0.464

18.07  0.00   0.436   0.429   0.026   0.074   0.001   0.004   0.327   0.002   0.000   0.002   0.000 1569792000
18.07    4.11    54.102
18.07 16.00   0.780   1.367
18.07 16.00   2.147    64.666
18.07 16.00   1.934   1.045   2.147   0.471
18.07 16.00   1.936   1.038   2.147   0.464

18.08  0.00   0.436   0.429   0.026   0.074   0.001   0.004   0.327   0.002   0.000   0.002   0.000 1570661000
18.08    4.11    54.095
18.08 16.00   0.779   1.367
18.08 16.00   2.147    64.663
18.08 16.00   1.933   1.045   2.147   0.471
18.08 16.00   1.935   1.038   2.147   0.464

18.09  0.00   0.436   0.429   0.026   0.074   0.001   0.004   0.327   0.002   0.000   0.002   0.000 1571530000
18.09    4.11    54.088
18.09 16.00   0.779   1.367
18.09 16.00   2.146    64.661
18.09 16.00   1.933   1.045   2.146   0.471
18.09 16.00   1.935   1.038   2.146   0.464

18.10  0.00   0.436   0.429   0.026   0.074   0.001   0.004   0.327   0.002   0.000   0.002   0.000 1572399000
18.10    4.11    54.081
18.10 16.00   0.779   1.367
18.10 16.00   2.146    64.658
18.10 16.00   1.933   1.045   2.146   0.471
18.10 16.00   1.935   1.038   2.146   0.464

18.11  0.00   0.436   0.429   0.026   0.074   0.001   0.004   0.327   0.002   0.000   0.002   0.000 1573267000
18.11    4.11    54.074
18.11 16.00   0.779   1.367
18.11 16.00   2.146    64.656
18.11 16.00   1.933   1.045   2.146   0.471
18.11 16.00   1.935   1.038   2.146   0.464

18.12  0.00   0.436   0.429   0.026   0.074   0.001   0.004   0.327   0.002   0.000   0.002   0.000 1574136000
18.12    4.11    54.067
18.12 16.00   0.779   1.367
18.12 16.00   2.146    64.653
18.12 16.00   1.933   1.045   2.146   0.471
18.12 16.00   1.935   1.038   2.146   0.464

18.13  0.00   0.436   0.429   0.026   0.074   0.001   0.004   0.327   0.002   0.000   0.002   0.000 1575005000
18.13    4.10    54.060
18.13 16.00   0.779   1.367
18.13 16.00   2.146    64.651
18.13 16.00   1.933   1.045   2.146   0.471
18.13 16.00   1.935   1.038   2.146   0.464

18.14  0.00   0.436   0.429   0.026   0.074   0.001   0.004   0.327   0.002   0.000   0.002   0.000 1575874000
18.14    4.10    54.053
18.14 16.00   0.778   1.367
18.14 16.00   2.146    64.649
18.14 16.00   1.933   1.044   2.146   0.471
18.14 16.00   1.935   1.038   2.146   0.464

18.15  0.00   0.436   0.429   0.026   0.074   0.001   0.004   0.327   0.002   0.000   0.002   0.000 1576742000
18.15    4.10    54.046
18.15 16.00   0.778   1.367
18.15 16.00   2.145    64.646
18.15 16.00   1.932   1.044   2.145   0.471
18.15 16.00   1.934   1.038   2.145   0.464

18.16  0.00   0.436   0.429   0.026   0.074   0.001   0.004   0.327   0.002   0.000   0.002   0.000 1577611000
18.16    4.10    54.039
18.16 16.00   0.778   1.367
18.16 16.00   2.145    64.644
18.16 16.00   1.932   1.044   2.145   0.471
18.16 16.00   1.934   1.038   2.145   0.464

18.17  0.00   0.435   0.429   0.026   0.074   0.001   0.004   0.327   0.002   0.000   0.002   0.000 1578480000
18.17    4.10    54.032
18.17 16.00   0.778   1.367
18.17 16.00   2.145    64.641
18.17 16.00   1.932   1.044   2.145   0.471
18.17 16.00   1.934   1.037   2.145   0.464

18.18  0.00   0.435   0.429   0.026   0.074   0.001   0.004   0.327   0.002   0.000   0.002   0.000 1579348000
18.18    4.10    54.025
18.18 16.00   0.778   1.367
18.18 16.00   2.145    64.639
18.18 16.00   1.932   1.044   2.145   0.471
18.18 16.00   1.934   1.037   2.145   0.464

18.19  0.00   0.435   0.429   0.026   0.074   0.001   0.004   0.327   0.002   0.000   0.002   0.000 1580217000
18.19    4.10    54.018
18.19 16.00   0.778   1.367
18.19 16.00   2.145    64.636
18.19 16.00   1.932   1.044   2.145   0.471
18.19 16.00   1.934   1.037   2.145   0.464

18.20  0.00   0.435   0.429   0.026   0.074   0.001   0.004   0.327   0.002   0.000   0.002   0.000 1581086000
18.20    4.10    54.011
18.20 16.00   0.778   1.367
18.20 16.00   2.145    64.634
18.20 16.00   1.932   1.044   2.145   0.471
18.20 16.00   1.934   1.037   2.145   0.464

18.21  0.00   0.435   0.429   0.026   0.074   0.001   0.004   0.326   0.002   0.000   0.002   0.000 1581955000
18.21    4.10    54.004
18.21 16.00   0.777   1.367
18.21 16.00   2.145    64.631
18.21 16.00   1.932   1.044   2.145   0.471
18.21 16.00   1.934   1.037   2.145   0.464

18.22  0.00   0.435   0.429   0.026   0.074   0.001   0.004   0.326   0.002   0.000   0.002   0.000 1582823000
18.22    4.10    53.997
18.22 16.00   0.777   1.367
18.22 16.00   2.144    64.629
18.22 16.00   1.931   1.044   2.144   0.471
18.22 16.00   1.933   1.037   2.144   0.464

18.23  0.00   0.435   0.429   0.026   0.074   0.001   0.004   0.326   0.002   0.000   0.002   0.000 1583692000
18.23    4.10    53.990
18.23 16.00   0.777   1.367
18.23 16.00   2.144    64.627
18.23 16.00   1.931   1.044   2.144   0.471
18.23 16.00   1.933   1.037   2.144   0.464

18.24  0.00   0.435   0.429   0.026   0.074   0.001   0.004   0.326   0.002   0.000   0.002   0.000 1584561000
18.24    4.10    53.983
18.24 16.00   0.777   1.367
18.24 16.00   2.144    64.624
18.24 16.00   1.931   1.044   2.144   0.471
18.24 16.00   1.933   1.037   2.144   0.464

18.25  0.00   0.435   0.429   0.026   0.074   0.001   0.004   0.326   0.002   0.000   0.002   0.000 1585430000
18.25    4.10    53.976
18.25 16.00   0.777   1.367
18.25 16.00   2.144    64.622
18.25 16.00   1.931   1.044   2.144   0.471
18.25 16.00   1.933   1.037   2.144   0.464

18.26  0.00   0.435   0.429   0.026   0.074   0.001   0.004   0.326   0.002   0.000   0.002   0.000 1586298000
18.26    4.10    53.969
18.26 16.00   0.777   1.367
18.26 16.00   2.144    64.619
18.26 16.00   1.931   1.044   2.144   0.471
18.26 16.00   1.933   1.037   2.144   0.464

18.27  0.00   0.435   0.429   0.026   0.074   0.001   0.004   0.326   0.002   0.000   0.002   0.000 1587167000
18.27    4.09    53.962
18.27 16.00   0.776   1.367
18.27 16.00   2.144    64.617
18.27 16.00   1.931   1.044   2.144   0.471
18.27 16.00   1.933   1.037   2.144   0.464

18.28  0.00   0.435   0.429   0.026   0.074   0.001   0.004   0.326   0.002   0.000   0.002   0.000 1588036000
18.28    4.09    53.955
18.28 16.00   0.776   1.367
18.28 16.00   2.144    64.614
18.28 16.00   1.931   1.044   2.144   0.471
18.28 16.00   1.933   1.037   2.144   0.464

18.29  0.00   0.435   0.429   0.026   0.074   0.001   0.004   0.326   0.002   0.000   0.002   0.000 1588905000
18.29    4.09    53.948
18.29 16.00   0.776   1.367
18.29 16.00   2.143    64.612
18.29 16.00   1.930   1.044   2.143   0.471
18.29 16.00   1.932   1.037   2.143   0.464

18.30  0.00   0.435   0.429   0.026   0.074   0.001   0.004   0.326   0.002   0.000   0.002   0.000 1589773000
18.30    4.09    53.941
18.30 16.00   0.776   1.367
18.30 16.00   2.143    64.610
18.30 16.00   1.930   1.044   2.143   0.471
18.30 16.00   1.932   1.037   2.143   0.464

18.31  0.00   0.435   0.429   0.026   0.074   0.001   0.004   0.326   0.002   0.000   0.002   0.000 1590642000
18.31    4.09    53.935
18.31 16.00   0.776   1.367
18.31 16.00   2.143    64.607
18.31 16.00   1.930   1.044   2.143   0.471
18.31 16.00   1.932   1.037   2.143   0.464

18.32  0.00   0.435   0.429   0.026   0.074   0.001   0.004   0.326   0.002   0.000   0.002   0.000 1591511000
18.32    4.09    53.928
18.32 16.00   0.776   1.367
18.32 16.00   2.143    64.605
18.32 16.00   1.930   1.044   2.143   0.471
18.32 16.00   1.932   1.037   2.143   0.464

18.33  0.00   0.435   0.429   0.026   0.074   0.001   0.004   0.326   0.002   0.000   0.002   0.000 1592379000
18.33    4.09    53.921
18.33 16.00   0.776   1.367
18.33 16.00   2.143    64.602
18.33 16.00   1.930   1.044   2.143   0.471
18.33 16.00   1.932   1.037   2.143   0.464

18.34  0.00   0.435   0.429   0.026   0.074   0.001   0.004   0.326   0.002   0.000   0.002   0.000 1593248000
18.34    4.09    53.914
18.34 16.00   0.775   1.367
18.34 16.00   2.143    64.600
18.34 16.00   1.930   1.043   2.143   0.471
18.34 16.00   1.932   1.037   2.143   0.464

18.35  0.00   0.435   0.429   0.026   0.074   0.001   0.004   0.326   0.002   0.000   0.002   0.000 1594117000
18.35    4.09    53.907
18.35 16.00   0.775   1.367
18.35 16.00   2.142    64.598
18.35 16.00   1.930   1.043   2.142   0.471
18.35 16.00   1.932   1.037   2.142   0.464

18.36  0.00   0.435   0.429   0.026   0.074   0.001   0.004   0.326   0.002   0.000   0.002   0.000 1594986000
18.36    4.09    53.900
18.36 16.00   0.775   1.367
18.36 16.00   2.142    64.595
18.36 16.00   1.929   1.043   2.142   0.471
18.36 16.00   1.931   1.036   2.142   0.464

18.37  0.00   0.435   0.429   0.026   0.074   0.001   0.004   0.326   0.002   0.000   0.002   0.000 1595854000
18.37    4.09    53.893
18.37 16.00   0.775   1.367
18.37 16.00   2.142    64.593
18.37 16.00   1.929   1.043   2.142   0.471
18.37 16.00   1.931   1.036   2.142   0.464

18.38  0.00   0.435   0.429   0.026   0.074   0.001   0.004   0.326   0.002   0.000   0.002   0.000 1596723000
18.38    4.09    53.886
18.38 16.00   0.775   1.367
18.38 16.00   2.142    64.590
18.38 16.00   1.929   1.043   2.142   0.471
18.38 16.00   1.931   1.036   2.142   0.464

18.39  0.00   0.435   0.429   0.026   0.074   0.001   0.004   0.326   0.002   0.000   0.002   0.000 1597592000
18.39    4.09    53.880
18.39 16.00   0.775   1.367
18.39 16.00   2.142    64.588
18.39 16.00   1.929   1.043   2.142   0.471
18.39 16.00   1.931   1.036   2.142   0.464

18.40  0.00   0.435   0.429   0.026   0.074   0.001   0.004   0.326   0.002   0.000   0.002   0.000 1598460000
18.40    4.09    53.873
18.40 16.00   0.775   1.367
18.40 16.00   2.142    64.586
18.40 16.00   1.929   1.043   2.142   0.471
18.40 16.00   1.931   1.036   2.142   0.464

18.41  0.00   0.435   0.429   0.026   0.074   0.001   0.004   0.326   0.002   0.000   0.002   0.000 1599329000
18.41    4.08    53.866
18.41 16.00   0.774   1.367
18.41 16.00   2.142    64.583
18.41 16.00   1.929   1.043   2.142   0.471
18.41 16.00   1.931   1.036   2.142   0.464

18.42  0.00   0.435   0.429   0.026   0.074   0.001   0.004   0.326   0.002   0.000   0.002   0.000 1600198000
18.42    4.08    53.859
18.42 16.00   0.774   1.367
18.42 16.00   2.141    64.581
18.42 16.00   1.929   1.043   2.141   0.471
18.42 16.00   1.931   1.036   2.141   0.464

18.43  0.00   0.435   0.429   0.026   0.074   0.001   0.004   0.326   0.002   0.000   0.002   0.000 1601067000
18.43    4.08    53.852
18.43 16.00   0.774   1.367
18.43 16.00   2.141    64.578
18.43 16.00   1.928   1.043   2.141   0.471
18.43 16.00   1.930   1.036   2.141   0.464

18.44  0.00   0.435   0.429   0.026   0.074   0.001   0.004   0.326   0.002   0.000   0.002   0.000 1601935000
18.44    4.08    53.846
18.44 16.00   0.774   1.367
18.44 16.00   2.141    64.576
18.44 16.00   1.928   1.043   2.141   0.471
18.44 16.00   1.930   1.036   2.141   0.464

18.45  0.00   0.435   0.429   0.026   0.074   0.001   0.004   0.326   0.002   0.000   0.002   0.000 1602804000
18.45    4.08    53.839
18.45 16.00   0.774   1.367
18.45 16.00   2.141    64.574
18.45 16.00   1.928   1.043   2.141   0.471
18.45 16.00   1.930   1.036   2.141   0.464

18.46  0.00   0.435   0.429   0.026   0.074   0.001   0.004   0.326   0.002   0.000   0.002   0.000 1603673000
18.46    4.08    53.832
18.46 16.00   0.774   1.367
18.46 16.00   2.141    64.571
18.46 16.00   1.928   1.043   2.141   0.471
18.46 16.00   1.930   1.036   2.141   0.464

18.47  0.00   0.435   0.429   0.026   0.074   0.001   0.004   0.326   0.002   0.000   0.002   0.000 1604542000
18.47    4.08    53.825
18.47 16.00   0.773   1.367
18.47 16.00   2.141    64.569
18.47 16.00   1.928   1.043   2.141   0.471
18.47 16.00   1.930   1.036   2.141   0.464

18.48  0.00   0.435   0.429   0.026   0.074   0.001   0.004   0.326   0.002   0.000   0.002   0.000 1605410000
18.48    4.08    53.818
18.48 16.00   0.773   1.367
18.48 16.00   2.140    64.567
18.48 16.00   1.928   1.043   2.140   0.471
18.48 16.00   1.930   1.036   2.140   0.464

18.49  0.00   0.435   0.429   0.026   0.074   0.001   0.004   0.326   0.002   0.000   0.002   0.000 1606279000
18.49    4.08    53.812
18.49 16.00   0.773   1.367
18.49 16.00   2.140    64.564
18.49 16.00   1.928   1.043   2.140   0.471
18.49 16.00   1.930   1.036   2.140   0.464

18.50  0.00   0.435   0.429   0.026   0.074   0.001   0.004   0.326   0.002   0.000   0.002   0.000 1607148000
18.50    4.08    53.805
18.50 16.00   0.773   1.367
18.50 16.00   2.140    64.562
18.50 16.00   1.927   1.043   2.140   0.471
18.50 16.00   1.929   1.036   2.140   0.464

18.51  0.00   0.435   0.429   0.026   0.074   0.001   0.004   0.326   0.002   0.000   0.002   0.000 1608017000
18.51    4.08    53.798
18.51 16.00   0.773   1.367
18.51 16.00   2.140    64.560
18.51 16.00   1.927   1.043   2.140   0.471
18.51 16.00   1.929   1.036   2.140   0.464

18.52  0.00   0.435   0.429   0.026   0.074   0.001   0.004   0.326   0.002   0.000   0.002   0.000 1608885000
18.52    4.08    53.791
18.52 16.00   0.773   1.367
18.52 16.00   2.140    64.557
18.52 16.00   1.927   1.043   2.140   0.471
18.52 16.00   1.929   1.036   2.140   0.464

18.53  0.00   0.435   0.429   0.026   0.074   0.001   0.004   0.326   0.002   0.000   0.002   0.000 1609754000
18.53    4.08    53.784
18.53 16.00   0.773   1.367
18.53 16.00   2.140    64.555
18.53 16.00   1.927   1.042   2.140   0.471
18.53 16.00   1.929   1.036   2.140   0.464

18.54  0.00   0.435   0.429   0.026   0.074   0.001   0.004   0.326   0.002   0.000   0.002   0.000 1610623000
18.54    4.08    53.778
18.54 16.00   0.772   1.367
18.54 16.00   2.140    64.552
18.54 16.00   1.927   1.042   2.140   0.471
18.54 16.00   1.929   1.036   2.140   0.464

18.55  0.00   0.435   0.429   0.026   0.074   0.001   0.004   0.326   0.002   0.000   0.002   0.000 1611491000
18.55    4.07    53.771
18.55 16.00   0.772   1.367
18.55 16.00   2.139    64.550
18.55 16.00   1.927   1.042   2.139   0.471
18.55 16.00   1.929   1.036   2.139   0.464

18.56  0.00   0.435   0.429   0.026   0.074   0.001   0.004   0.326   0.002   0.000   0.002   0.000 1612360000
18.56    4.07    53.764
18.56 16.00   0.772   1.367
18.56 16.00   2.139    64.548
18.56 16.00   1.927   1.042   2.139   0.471
18.56 16.00   1.929   1.035   2.139   0.464

18.57  0.00   0.435   0.429   0.026   0.074   0.001   0.004   0.326   0.002   0.000   0.002   0.000 1613229000
18.57    4.07    53.757
18.57 16.00   0.772   1.367
18.57 16.00   2.139    64.545
18.57 16.00   1.926   1.042   2.139   0.471
18.57 16.00   1.928   1.035   2.139   0.464

18.58  0.00   0.435   0.428   0.026   0.074   0.001   0.004   0.326   0.002   0.000   0.002   0.000 1614098000
18.58    4.07    53.751
18.58 16.00   0.772   1.367
18.58 16.00   2.139    64.543
18.58 16.00   1.926   1.042   2.139   0.471
18.58 16.00   1.928   1.035   2.139   0.464

18.59  0.00   0.435   0.428   0.026   0.074   0.001   0.004   0.326   0.002   0.000   0.002   0.000 1614966000
18.59    4.07    53.744
18.59 16.00   0.772   1.367
18.59 16.00   2.139    64.541
18.59 16.00   1.926   1.042   2.139   0.471
18.59 16.00   1.928   1.035   2.139   0.464

18.60  0.00   0.435   0.428   0.026   0.074   0.001   0.004   0.326   0.002   0.000   0.002   0.000 1615835000
18.60    4.07    53.737
18.60 16.00   0.772   1.367
18.60 16.00   2.139    64.538
18.60 16.00   1.926   1.042   2.139   0.471
18.60 16.00   1.928   1.035   2.139   0.464

18.61  0.00   0.435   0.428   0.026   0.074   0.001   0.004   0.326   0.002   0.000   0.002   0.000 1616704000
18.61    4.07    53.731
18.61 16.00   0.771   1.367
18.61 16.00   2.139    64.536
18.61 16.00   1.926   1.042   2.139   0.471
18.61 16.00   1.928   1.035   2.139   0.464

18.62  0.00   0.435   0.428   0.026   0.074   0.001   0.004   0.326   0.002   0.000   0.002   0.000 1617573000
18.62    4.07    53.724
18.62 16.00   0.771   1.367
18.62 16.00   2.138    64.534
18.62 16.00   1.926   1.042   2.138   0.471
18.62 16.00   1.928   1.035   2.138   0.464

18.63  0.00   0.435   0.428   0.026   0.074   0.001   0.004   0.326   0.002   0.000   0.002   0.000 1618441000
18.63    4.07    53.717
18.63 16.00   0.771   1.367
18.63 16.00   2.138    64.531
18.63 16.00   1.926   1.042   2.138   0.471
18.63 16.00   1.928   1.035   2.138   0.464

18.64  0.00   0.435   0.428   0.026   0.074   0.001   0.004   0.326   0.002   0.000   0.002   0.000 1619310000
18.64    4.07    53.710
18.64 16.00   0.771   1.367
18.64 16.00   2.138    64.529
18.64 16.00   1.926   1.042   2.138   0.471
18.64 16.00   1.927   1.035   2.138   0.464

18.65  0.00   0.435   0.428   0.026   0.074   0.001   0.004   0.326   0.002   0.000   0.002   0.000 1620179000
18.65    4.07    53.704
18.65 16.00   0.771   1.367
18.65 16.00   2.138    64.527
18.65 16.00   1.925   1.042   2.138   0.471
18.65 16.00   1.927   1.035   2.138   0.464

18.66  0.00   0.435   0.428   0.026   0.074   0.001   0.004   0.326   0.002   0.000   0.002   0.000 1621047000
18.66    4.07    53.697
18.66 16.00   0.771   1.367
18.66 16.00   2.138    64.524
18.66 16.00   1.925   1.042   2.138   0.471
18.66 16.00   1.927   1.035   2.138   0.464

18.67  0.00   0.435   0.428   0.026   0.074   0.001   0.004   0.326   0.002   0.000   0.002   0.000 1621916000
18.67    4.07    53.690
18.67 16.00   0.771   1.367
18.67 16.00   2.138    64.522
18.67 16.00   1.925   1.042   2.138   0.471
18.67 16.00   1.927   1.035   2.138   0.464

18.68  0.00   0.435   0.428   0.026   0.074   0.001   0.004   0.326   0.002   0.000   0.002   0.000 1622785000
18.68    4.07    53.684
18.68 16.00   0.770   1.367
18.68 16.00   2.138    64.520
18.68 16.00   1.925   1.042   2.138   0.471
18.68 16.00   1.927   1.035   2.138   0.464

18.69  0.00   0.435   0.428   0.026   0.074   0.001   0.004   0.326   0.002   0.000   0.002   0.000 1623654000
18.69    4.07    53.677
18.69 16.00   0.770   1.367
18.69 16.00   2.137    64.517
18.69 16.00   1.925   1.042   2.137   0.471
18.69 16.00   1.927   1.035   2.137   0.464

18.70  0.00   0.435   0.428   0.026   0.074   0.001   0.004   0.326   0.002   0.000   0.002   0.000 1624522000
18.70    4.06    53.670
18.70 16.00   0.770   1.367
18.70 16.00   2.137    64.515
18.70 16.00   1.925   1.042   2.137   0.471
18.70 16.00   1.927   1.035   2.137   0.464

18.71  0.00   0.435   0.428   0.026   0.074   0.001   0.004   0.326   0.002   0.000   0.002   0.000 1625391000
18.71    4.06    53.664
18.71 16.00   0.770   1.367
18.71 16.00   2.137    64.513
18.71 16.00   1.925   1.042   2.137   0.471
18.71 16.00   1.927   1.035   2.137   0.464

18.72  0.00   0.435   0.428   0.026   0.074   0.001   0.004   0.326   0.002   0.000   0.002   0.000 1626260000
18.72    4.06    53.657
18.72 16.00   0.770   1.367
18.72 16.00   2.137    64.510
18.72 16.00   1.924   1.042   2.137   0.471
18.72 16.00   1.926   1.035   2.137   0.464

18.73  0.00   0.435   0.428   0.026   0.074   0.001   0.004   0.326   0.002   0.000   0.002   0.000 1627128000
18.73    4.06    53.650
18.73 16.00   0.770   1.367
18.73 16.00   2.137    64.508
18.73 16.00   1.924   1.041   2.137   0.471
18.73 16.00   1.926   1.035   2.137   0.464

18.74  0.00   0.435   0.428   0.026   0.074   0.001   0.004   0.326   0.002   0.000   0.002   0.000 1627997000
18.74    4.06    53.644
18.74 16.00   0.769   1.367
18.74 16.00   2.137    64.506
18.74 16.00   1.924   1.041   2.137   0.471
18.74 16.00   1.926   1.035   2.137   0.464

18.75  0.00   0.435   0.428   0.026   0.074   0.001   0.004   0.326   0.002   0.000   0.002   0.000 1628866000
18.75    4.06    53.637
18.75 16.00   0.769   1.367
18.75 16.00   2.137    64.503
18.75 16.00   1.924   1.041   2.137   0.471
18.75 16.00   1.926   1.035   2.137   0.464

18.76  0.00   0.435   0.428   0.026   0.074   0.001   0.004   0.326   0.002   0.000   0.002   0.000 1629735000
18.76    4.06    53.631
18.76 16.00   0.769   1.367
18.76 16.00   2.136    64.501
18.76 16.00   1.924   1.041   2.136   0.471
18.76 16.00   1.926   1.034   2.136   0.464

18.77  0.00   0.435   0.428   0.026   0.074   0.001   0.004   0.326   0.002   0.000   0.002   0.000 1630604000
18.77    4.06    53.624
18.77 16.00   0.769   1.367
18.77 16.00   2.136    64.499
18.77 16.00   1.924   1.041   2.136   0.471
18.77 16.00   1.926   1.034   2.136   0.464

18.78  0.00   0.435   0.428   0.026   0.074   0.001   0.004   0.326   0.002   0.000   0.002   0.000 1631472000
18.78    4.06    53.617
18.78 16.00   0.769   1.367
18.78 16.00   2.136    64.497
18.78 16.00   1.924   1.041   2.136   0.471
18.78 16.00   1.926   1.034   2.136   0.464

18.79  0.00   0.435   0.428   0.026   0.074   0.001   0.004   0.326   0.002   0.000   0.002   0.000 1632341000
18.79    4.06    53.611
18.79 16.00   0.769   1.367
18.79 16.00   2.136    64.494
18.79 16.00   1.923   1.041   2.136   0.471
18.79 16.00   1.925   1.034   2.136   0.464

18.80  0.00   0.435   0.428   0.026   0.074   0.001   0.004   0.326   0.002   0.000   0.002   0.000 1633210000
18.80    4.06    53.604
18.80 16.00   0.769   1.367
18.80 16.00   2.136    64.492
18.80 16.00   1.923   1.041   2.136   0.471
18.80 16.00   1.925   1.034   2.136   0.464

18.81  0.00   0.435   0.428   0.026   0.074   0.001   0.004   0.326   0.002   0.000   0.002   0.000 1634078000
18.81    4.06    53.597
18.81 16.00   0.768   1.367
18.81 16.00   2.136    64.490
18.81 16.00   1.923   1.041   2.136   0.471
18.81 16.00   1.925   1.034   2.136   0.464

18.82  0.00   0.435   0.428   0.026   0.074   0.001   0.004   0.326   0.002   0.000   0.002   0.000 1634947000
18.82    4.06    53.591
18.82 16.00   0.768   1.367
18.82 16.00   2.136    64.487
18.82 16.00   1.923   1.041   2.136   0.471
18.82 16.00   1.925   1.034   2.136   0.463

18.83  0.00   0.435   0.428   0.026   0.074   0.001   0.004   0.326   0.002   0.000   0.002   0.000 1635816000
18.83    4.06    53.584
18.83 16.00   0.768   1.367
18.83 16.00   2.135    64.485
18.83 16.00   1.923   1.041   2.135   0.471
18.83 16.00   1.925   1.034   2.135   0.463

18.84  0.00   0.435   0.428   0.026   0.074   0.001   0.004   0.326   0.002   0.000   0.002   0.000 1636685000
18.84    4.06    53.578
18.84 16.00   0.768   1.367
18.84 16.00   2.135    64.483
18.84 16.00   1.923   1.041   2.135   0.471
18.84 16.00   1.925   1.034   2.135   0.463

18.85  0.00   0.435   0.428   0.026   0.074   0.001   0.004   0.326   0.002   0.000   0.002   0.000 1637553000
18.85    4.05    53.571
18.85 16.00   0.768   1.367
18.85 16.00   2.135    64.480
18.85 16.00   1.923   1.041   2.135   0.471
18.85 16.00   1.925   1.034   2.135   0.463

18.86  0.00   0.435   0.428   0.026   0.074   0.001   0.004   0.326   0.002   0.000   0.002   0.000 1638422000
18.86    4.05    53.565
18.86 16.00   0.768   1.367
18.86 16.00   2.135    64.478
18.86 16.00   1.923   1.041   2.135   0.471
18.86 16.00   1.924   1.034   2.135   0.463

18.87  0.00   0.435   0.428   0.026   0.074   0.001   0.004   0.326   0.002   0.000   0.002   0.000 1639291000
18.87    4.05    53.558
18.87 16.00   0.768   1.367
18.87 16.00   2.135    64.476
18.87 16.00   1.922   1.041   2.135   0.471
18.87 16.00   1.924   1.034   2.135   0.463

18.88  0.00   0.435   0.428   0.026   0.074   0.001   0.004   0.326   0.002   0.000   0.002   0.000 1640159000
18.88    4.05    53.551
18.88 16.00   0.767   1.367
18.88 16.00   2.135    64.474
18.88 16.00   1.922   1.041   2.135   0.471
18.88 16.00   1.924   1.034   2.135   0.463

18.89  0.00   0.435   0.428   0.026   0.074   0.001   0.004   0.326   0.002   0.000   0.002   0.000 1641028000
18.89    4.05    53.545
18.89 16.00   0.767   1.367
18.89 16.00   2.135    64.471
18.89 16.00   1.922   1.041   2.135   0.471
18.89 16.00   1.924   1.034   2.135   0.463

18.90  0.00   0.435   0.428   0.026   0.074   0.001   0.004   0.326   0.002   0.000   0.002   0.000 1641897000
18.90    4.05    53.538
18.90 16.00   0.767   1.367
18.90 16.00   2.134    64.469
18.90 16.00   1.922   1.041   2.134   0.471
18.90 16.00   1.924   1.034   2.134   0.463

18.91  0.00   0.435   0.428   0.026   0.074   0.001   0.004   0.326   0.002   0.000   0.002   0.000 1642766000
18.91    4.05    53.532
18.91 16.00   0.767   1.367
18.91 16.00   2.134    64.467
18.91 16.00   1.922   1.041   2.134   0.471
18.91 16.00   1.924   1.034   2.134   0.463

18.92  0.00   0.435   0.428   0.026   0.074   0.001   0.004   0.326   0.002   0.000   0.002   0.000 1643634000
18.92    4.05    53.525
18.92 16.00   0.767   1.367
18.92 16.00   2.134    64.465
18.92 16.00   1.922   1.041   2.134   0.471
18.92 16.00   1.924   1.034   2.134   0.463

18.93  0.00   0.435   0.428   0.026   0.074   0.001   0.004   0.326   0.002   0.000   0.002   0.000 1644503000
18.93    4.05    53.519
18.93 16.00   0.767   1.367
18.93 16.00   2.134    64.462
18.93 16.00   1.922   1.041   2.134   0.471
18.93 16.00   1.924   1.034   2.134   0.463

18.94  0.00   0.435   0.428   0.026   0.074   0.001   0.004   0.326   0.002   0.000   0.002   0.000 1645372000
18.94    4.05    53.512
18.94 16.00   0.767   1.367
18.94 16.00   2.134    64.460
18.94 16.00   1.921   1.040   2.134   0.471
18.94 16.00   1.923   1.034   2.134   0.463

18.95  0.00   0.435   0.428   0.026   0.074   0.001   0.004   0.326   0.002   0.000   0.002   0.000 1646241000
18.95    4.05    53.506
18.95 16.00   0.766   1.367
18.95 16.00   2.134    64.458
18.95 16.00   1.921   1.040   2.134   0.471
18.95 16.00   1.923   1.034   2.134   0.463

18.96  0.00   0.435   0.428   0.026   0.074   0.001   0.004   0.326   0.002   0.000   0.002   0.000 1647109000
18.96    4.05    53.499
18.96 16.00   0.766   1.367
18.96 16.00   2.134    64.455
18.96 16.00   1.921   1.040   2.134   0.471
18.96 16.00   1.923   1.033   2.134   0.463

18.97  0.00   0.435   0.428   0.026   0.074   0.001   0.004   0.326   0.002   0.000   0.002   0.000 1647978000
18.97    4.05    53.493
18.97 16.00   0.766   1.367
18.97 16.00   2.133    64.453
18.97 16.00   1.921   1.040   2.133   0.471
18.97 16.00   1.923   1.033   2.133   0.463

18.98  0.00   0.435   0.428   0.026   0.074   0.001   0.004   0.326   0.002   0.000   0.002   0.000 1648847000
18.98    4.05    53.486
18.98 16.00   0.766   1.367
18.98 16.00   2.133    64.451
18.98 16.00   1.921   1.040   2.133   0.471
18.98 16.00   1.923   1.033   2.133   0.463

18.99  0.00   0.435   0.428   0.026   0.074   0.001   0.004   0.326   0.002   0.000   0.002   0.000 1649715000
18.99    4.05    53.480
18.99 16.00   0.766   1.367
18.99 16.00   2.133    64.449
18.99 16.00   1.921   1.040   2.133   0.470
18.99 16.00   1.923   1.033   2.133   0.463

19.00  0.00   0.435   0.428   0.026   0.074   0.001   0.004   0.326   0.002   0.000   0.002   0.000 1650584000
19.00    4.04    53.473
19.00 16.00   0.766   1.367
19.00 16.00   2.133    64.446
19.00 16.00   1.921   1.040   2.133   0.470
19.00 16.00   1.923   1.033   2.133   0.463

19.01  0.00   0.435   0.428   0.026   0.074   0.001   0.004   0.326   0.002   0.000   0.002   0.000 1651453000
19.01    4.04    53.467
19.01 16.00   0.766   1.367
19.01 16.00   2.133    64.444
19.01 16.00   1.920   1.040   2.133   0.470
19.01 16.00   1.922   1.033   2.133   0.463

19.02  0.00   0.435   0.428   0.026   0.074   0.001   0.004   0.326   0.002   0.000   0.002   0.000 1652322000
19.02    4.04    53.460
19.02 16.00   0.765   1.367
19.02 16.00   2.133    64.442
19.02 16.00   1.920   1.040   2.133   0.470
19.02 16.00   1.922   1.033   2.133   0.463

19.03  0.00   0.435   0.428   0.026   0.074   0.001   0.004   0.326   0.002   0.000   0.002   0.000 1653190000
19.03    4.04    53.454
19.03 16.00   0.765   1.367
19.03 16.00   2.133    64.440
19.03 16.00   1.920   1.040   2.133   0.470
19.03 16.00   1.922   1.033   2.133   0.463

19.04  0.00   0.435   0.428   0.026   0.074   0.001   0.004   0.326   0.002   0.000   0.002   0.000 1654059000
19.04    4.04    53.447
19.04 16.00   0.765   1.367
19.04 16.00   2.132    64.437
19.04 16.00   1.920   1.040   2.132   0.470
19.04 16.00   1.922   1.033   2.132   0.463

19.05  0.00   0.435   0.428   0.026   0.074   0.001   0.004   0.326   0.002   0.000   0.002   0.000 1654928000
19.05    4.04    53.441
19.05 16.00   0.765   1.367
19.05 16.00   2.132    64.435
19.05 16.00   1.920   1.040   2.132   0.470
19.05 16.00   1.922   1.033   2.132   0.463

19.06  0.00   0.435   0.428   0.026   0.074   0.001   0.004   0.326   0.002   0.000   0.002   0.000 1655796000
19.06    4.04    53.434
19.06 16.00   0.765   1.367
19.06 16.00   2.132    64.433
19.06 16.00   1.920   1.040   2.132   0.470
19.06 16.00   1.922   1.033   2.132   0.463

19.07  0.00   0.435   0.428   0.026   0.074   0.001   0.004   0.326   0.002   0.000   0.002   0.000 1656665000
19.07    4.04    53.428
19.07 16.00   0.765   1.367
19.07 16.00   2.132    64.431
19.07 16.00   1.920   1.040   2.132   0.470
19.07 16.00   1.922   1.033   2.132   0.463

19.08  0.00   0.435   0.428   0.026   0.074   0.001   0.004   0.326   0.002   0.000   0.002   0.000 1657534000
19.08    4.04    53.421
19.08 16.00   0.765   1.367
19.08 16.00   2.132    64.428
19.08 16.00   1.920   1.040   2.132   0.470
19.08 16.00   1.922   1.033   2.132   0.463

19.09  0.00   0.435   0.428   0.026   0.074   0.001   0.004   0.326   0.002   0.000   0.002   0.000 1658403000
19.09    4.04    53.415
19.09 16.00   0.765   1.367
19.09 16.00   2.132    64.426
19.09 16.00   1.919   1.040   2.132   0.470
19.09 16.00   1.921   1.033   2.132   0.463

19.10  0.00   0.435   0.428   0.026   0.074   0.001   0.004   0.326   0.002   0.000   0.002   0.000 1659272000
19.10    4.04    53.408
19.10 16.00   0.764   1.367
19.10 16.00   2.132    64.424
19.10 16.00   1.919   1.040   2.132   0.470
19.10 16.00   1.921   1.033   2.132   0.463

19.11  0.00   0.435   0.428   0.026   0.074   0.001   0.004   0.326   0.002   0.000   0.002   0.000 1660140000
19.11    4.04    53.402
19.11 16.00   0.764   1.367
19.11 16.00   2.131    64.422
19.11 16.00   1.919   1.040   2.131   0.470
19.11 16.00   1.921   1.033   2.131   0.463

19.12  0.00   0.435   0.428   0.026   0.074   0.001   0.004   0.326   0.002   0.000   0.002   0.000 1661009000
19.12    4.04    53.395
19.12 16.00   0.764   1.367
19.12 16.00   2.131    64.420
19.12 16.00   1.919   1.040   2.131   0.470
19.12 16.00   1.921   1.033   2.131   0.463

19.13  0.00   0.435   0.428   0.026   0.074   0.001   0.004   0.326   0.002   0.000   0.002   0.000 1661878000
19.13    4.04    53.389
19.13 16.00   0.764   1.367
19.13 16.00   2.131    64.417
19.13 16.00   1.919   1.040   2.131   0.470
19.13 16.00   1.921   1.033   2.131   0.463

19.14  0.00   0.435   0.428   0.026   0.074   0.001   0.004   0.326   0.002   0.000   0.002   0.000 1662746000
19.14    4.04    53.383
19.14 16.00   0.764   1.367
19.14 16.00   2.131    64.415
19.14 16.00   1.919   1.040   2.131   0.470
19.14 16.00   1.921   1.033   2.131   0.463

19.15  0.00   0.435   0.428   0.026   0.074   0.001   0.004   0.326   0.002   0.000   0.002   0.000 1663615000
19.15    4.03    53.376
19.15 16.00   0.764   1.367
19.15 16.00   2.131    64.413
19.15 16.00   1.919   1.039   2.131   0.470
19.15 16.00   1.921   1.033   2.131   0.463

19.16  0.00   0.435   0.428   0.026   0.074   0.001   0.004   0.326   0.002   0.000   0.002   0.000 1664484000
19.16    4.03    53.370
19.16 16.00   0.764   1.367
19.16 16.00   2.131    64.411
19.16 16.00   1.919   1.039   2.131   0.470
19.16 16.00   1.920   1.033   2.131   0.463

19.17  0.00   0.435   0.428   0.026   0.074   0.001   0.004   0.326   0.002   0.000   0.002   0.000 1665353000
19.17    4.03    53.363
19.17 16.00   0.763   1.367
19.17 16.00   2.131    64.408
19.17 16.00   1.918   1.039   2.131   0.470
19.17 16.00   1.920   1.032   2.131   0.463

19.18  0.00   0.435   0.428   0.026   0.074   0.001   0.004   0.326   0.002   0.000   0.002   0.000 1666221000
19.18    4.03    53.357
19.18 16.00   0.763   1.367
19.18 16.00   2.130    64.406
19.18 16.00   1.918   1.039   2.130   0.470
19.18 16.00   1.920   1.032   2.130   0.463

19.19  0.00   0.435   0.428   0.026   0.074   0.001   0.004   0.326   0.002   0.000   0.002   0.000 1667090000
19.19    4.03    53.351
19.19 16.00   0.763   1.367
19.19 16.00   2.130    64.404
19.19 16.00   1.918   1.039   2.130   0.470
19.19 16.00   1.920   1.032   2.130   0.463

19.20  0.00   0.435   0.428   0.026   0.074   0.001   0.004   0.326   0.002   0.000   0.002   0.000 1667959000
19.20    4.03    53.344
19.20 16.00   0.763   1.367
19.20 16.00   2.130    64.402
19.20 16.00   1.918   1.039   2.130   0.470
19.20 16.00   1.920   1.032   2.130   0.463

19.21  0.00   0.435   0.428   0.026   0.074   0.001   0.004   0.326   0.002   0.000   0.002   0.000 1668827000
19.21    4.03    53.338
19.21 16.00   0.763   1.367
19.21 16.00   2.130    64.400
19.21 16.00   1.918   1.039   2.130   0.470
19.21 16.00   1.920   1.032   2.130   0.463

19.22  0.00   0.435   0.428   0.026   0.074   0.001   0.004   0.326   0.002   0.000   0.002   0.000 1669696000
19.22    4.03    53.331
19.22 16.00   0.763   1.367
19.22 16.00   2.130    64.397
19.22 16.00   1.918   1.039   2.130   0.470
19.22 16.00   1.920   1.032   2.130   0.463

19.23  0.00   0.435   0.428   0.026   0.074   0.001   0.004   0.326   0.002   0.000   0.002   0.000 1670565000
19.23    4.03    53.325
19.23 16.00   0.763   1.367
19.23 16.00   2.130    64.395
19.23 16.00   1.918   1.039   2.130   0.470
19.23 16.00   1.920   1.032   2.130   0.463

19.24  0.00   0.435   0.428   0.026   0.074   0.001   0.004   0.326   0.002   0.000   0.002   0.000 1671434000
19.24    4.03    53.319
19.24 16.00   0.762   1.367
19.24 16.00   2.130    64.393
19.24 16.00   1.917   1.039   2.130   0.470
19.24 16.00   1.919   1.032   2.130   0.463

19.25  0.00   0.435   0.428   0.026   0.074   0.001   0.004   0.326   0.002   0.000   0.002   0.000 1672302000
19.25    4.03    53.312
19.25 16.00   0.762   1.367
19.25 16.00   2.129    64.391
19.25 16.00   1.917   1.039   2.129   0.470
19.25 16.00   1.919   1.032   2.129   0.463

19.26  0.00   0.435   0.428   0.026   0.074   0.001   0.004   0.326   0.002   0.000   0.002   0.000 1673171000
19.26    4.03    53.306
19.26 16.00   0.762   1.367
19.26 16.00   2.129    64.389
19.26 16.00   1.917   1.039   2.129   0.470
19.26 16.00   1.919   1.032   2.129   0.463

19.27  0.00   0.435   0.428   0.026   0.074   0.001   0.004   0.326   0.002   0.000   0.002   0.000 1674040000
19.27    4.03    53.300
19.27 16.00   0.762   1.367
19.27 16.00   2.129    64.386
19.27 16.00   1.917   1.039   2.129   0.470
19.27 16.00   1.919   1.032   2.129   0.463

19.28  0.00   0.435   0.428   0.026   0.074   0.001   0.004   0.326   0.002   0.000   0.002   0.000 1674909000
19.28    4.03    53.293
19.28 16.00   0.762   1.367
19.28 16.00   2.129    64.384
19.28 16.00   1.917   1.039   2.129   0.470
19.28 16.00   1.919   1.032   2.129   0.463

19.29  0.00   0.434   0.428   0.026   0.074   0.001   0.004   0.326   0.002   0.000   0.002   0.000 1675777000
19.29    4.03    53.287
19.29 16.00   0.762   1.367
19.29 16.00   2.129    64.382
19.29 16.00   1.917   1.039   2.129   0.470
19.29 16.00   1.919   1.032   2.129   0.463

19.30  0.00   0.434   0.428   0.026   0.074   0.001   0.004   0.326   0.002   0.000   0.002   0.000 1676646000
19.30    4.03    53.281
19.30 16.00   0.762   1.367
19.30 16.00   2.129    64.380
19.30 16.00   1.917   1.039   2.129   0.470
19.30 16.00   1.919   1.032   2.129   0.463

19.31  0.00   0.434   0.428   0.026   0.074   0.001   0.004   0.326   0.002   0.000   0.002   0.000 1677515000
19.31    4.02    53.274
19.31 16.00   0.761   1.367
19.31 16.00   2.129    64.378
19.31 16.00   1.917   1.039   2.129   0.470
19.31 16.00   1.919   1.032   2.129   0.463

19.32  0.00   0.434   0.428   0.026   0.074   0.001   0.004   0.326   0.002   0.000   0.002   0.000 1678383000
19.32    4.02    53.268
19.32 16.00   0.761   1.367
19.32 16.00   2.128    64.375
19.32 16.00   1.916   1.039   2.128   0.470
19.32 16.00   1.918   1.032   2.128   0.463

19.33  0.00   0.434   0.428   0.026   0.074   0.001   0.004   0.326   0.002   0.000   0.002   0.000 1679252000
19.33    4.02    53.262
19.33 16.00   0.761   1.367
19.33 16.00   2.128    64.373
19.33 16.00   1.916   1.039   2.128   0.470
19.33 16.00   1.918   1.032   2.128   0.463

19.34  0.00   0.434   0.428   0.026   0.074   0.001   0.004   0.326   0.002   0.000   0.002   0.000 1680121000
19.34    4.02    53.255
19.34 16.00   0.761   1.367
19.34 16.00   2.128    64.371
19.34 16.00   1.916   1.039   2.128   0.470
19.34 16.00   1.918   1.032   2.128   0.463

19.35  0.00   0.434   0.428   0.026   0.074   0.001   0.004   0.326   0.002   0.000   0.002   0.000 1680990000
19.35    4.02    53.249
19.35 16.00   0.761   1.367
19.35 16.00   2.128    64.369
19.35 16.00   1.916   1.039   2.128   0.470
19.35 16.00   1.918   1.032   2.128   0.463

19.36  0.00   0.434   0.428   0.026   0.074   0.001   0.004   0.326   0.002   0.000   0.002   0.000 1681858000
19.36    4.02    53.243
19.36 16.00   0.761   1.367
19.36 16.00   2.128    64.367
19.36 16.00   1.916   1.038   2.128   0.470
19.36 16.00   1.918   1.032   2.128   0.463

19.37  0.00   0.434   0.428   0.026   0.074   0.001   0.004   0.326   0.002   0.000   0.002   0.000 1682727000
19.37    4.02    53.236
19.37 16.00   0.761   1.367
19.37 16.00   2.128    64.365
19.37 16.00   1.916   1.038   2.128   0.470
19.37 16.00   1.918   1.032   2.128   0.463

19.38  0.00   0.434   0.428   0.026   0.074   0.001   0.004   0.326   0.002   0.000   0.002   0.000 1683596000
19.38    4.02    53.230
19.38 16.00   0.761   1.367
19.38 16.00   2.128    64.362
19.38 16.00   1.916   1.038   2.128   0.470
19.38 16.00   1.918   1.032   2.128   0.463

19.39  0.00   0.434   0.428   0.026   0.074   0.001   0.004   0.326   0.002   0.000   0.002   0.000 1684465000
19.39    4.02    53.224
19.39 16.00   0.760   1.367
19.39 16.00   2.128    64.360
19.39 16.00   1.916   1.038   2.128   0.470
19.39 16.00   1.918   1.031   2.128   0.463

19.40  0.00   0.434   0.428   0.026   0.074   0.001   0.004   0.326   0.002   0.000   0.002   0.000 1685333000
19.40    4.02    53.217
19.40 16.00   0.760   1.367
19.40 16.00   2.127    64.358
19.40 16.00   1.915   1.038   2.127   0.470
19.40 16.00   1.917   1.031   2.127   0.463

19.41  0.00   0.434   0.428   0.026   0.074   0.001   0.004   0.326   0.002   0.000   0.002   0.000 1686202000
19.41    4.02    53.211
19.41 16.00   0.760   1.367
19.41 16.00   2.127    64.356
19.41 16.00   1.915   1.038   2.127   0.470
19.41 16.00   1.917   1.031   2.127   0.463

19.42  0.00   0.434   0.428   0.026   0.074   0.001   0.004   0.326   0.002   0.000   0.002   0.000 1687071000
19.42    4.02    53.205
19.42 16.00   0.760   1.367
19.42 16.00   2.127    64.354
19.42 16.00   1.915   1.038   2.127   0.470
19.42 16.00   1.917   1.031   2.127   0.463

19.43  0.00   0.434   0.428   0.026   0.074   0.001   0.004   0.326   0.002   0.000   0.002   0.000 1687940000
19.43    4.02    53.199
19.43 16.00   0.760   1.367
19.43 16.00   2.127    64.352
19.43 16.00   1.915   1.038   2.127   0.470
19.43 16.00   1.917   1.031   2.127   0.463

19.44  0.00   0.434   0.428   0.026   0.074   0.001   0.004   0.326   0.002   0.000   0.002   0.000 1688808000
19.44    4.02    53.192
19.44 16.00   0.760   1.367
19.44 16.00   2.127    64.349
19.44 16.00   1.915   1.038   2.127   0.470
19.44 16.00   1.917   1.031   2.127   0.463

19.45  0.00   0.434   0.428   0.026   0.074   0.001   0.004   0.326   0.002   0.000   0.002   0.000 1689677000
19.45    4.02    53.186
19.45 16.00   0.760   1.367
19.45 16.00   2.127    64.347
19.45 16.00   1.915   1.038   2.127   0.470
19.45 16.00   1.917   1.031   2.127   0.463

19.46  0.00   0.434   0.428   0.026   0.074   0.001   0.004   0.326   0.002   0.000   0.002   0.000 1690546000
19.46    4.02    53.180
19.46 16.00   0.759   1.367
19.46 16.00   2.127    64.345
19.46 16.00   1.915   1.038   2.127   0.470
19.46 16.00   1.917   1.031   2.127   0.463

19.47  0.00   0.434   0.428   0.026   0.074   0.001   0.004   0.326   0.002   0.000   0.002   0.000 1691414000
19.47    4.01    53.173
19.47 16.00   0.759   1.367
19.47 16.00   2.126    64.343
19.47 16.00   1.915   1.038   2.126   0.470
19.47 16.00   1.916   1.031   2.126   0.463

19.48  0.00   0.434   0.428   0.026   0.074   0.001   0.004   0.326   0.002   0.000   0.002   0.000 1692283000
19.48    4.01    53.167
19.48 16.00   0.759   1.367
19.48 16.00   2.126    64.341
19.48 16.00   1.914   1.038   2.126   0.470
19.48 16.00   1.916   1.031   2.126   0.463

19.49  0.00   0.434   0.428   0.026   0.074   0.001   0.004   0.326   0.002   0.000   0.002   0.000 1693152000
19.49    4.01    53.161
19.49 16.00   0.759   1.367
19.49 16.00   2.126    64.339
19.49 16.00   1.914   1.038   2.126   0.470
19.49 16.00   1.916   1.031   2.126   0.463

19.50  0.00   0.434   0.428   0.026   0.074   0.001   0.004   0.326   0.002   0.000   0.002   0.000 1694021000
19.50    4.01    53.155
19.50 16.00   0.759   1.367
19.50 16.00   2.126    64.336
19.50 16.00   1.914   1.038   2.126   0.470
19.50 16.00   1.916   1.031   2.126   0.463

19.51  0.00   0.434   0.428   0.026   0.074   0.001   0.004   0.326   0.002   0.000   0.002   0.000 1694889000
19.51    4.01    53.149
19.51 16.00   0.759   1.367
19.51 16.00   2.126    64.334
19.51 16.00   1.914   1.038   2.126   0.470
19.51 16.00   1.916   1.031   2.126   0.463

19.52  0.00   0.434   0.428   0.026   0.074   0.001   0.004   0.326   0.002   0.000   0.002   0.000 1695758000
19.52    4.01    53.142
19.52 16.00   0.759   1.367
19.52 16.00   2.126    64.332
19.52 16.00   1.914   1.038   2.126   0.470
19.52 16.00   1.916   1.031   2.126   0.463

19.53  0.00   0.434   0.428   0.026   0.074   0.001   0.004   0.326   0.002   0.000   0.002   0.000 1696627000
19.53    4.01    53.136
19.53 16.00   0.758   1.367
19.53 16.00   2.126    64.330
19.53 16.00   1.914   1.038   2.126   0.470
19.53 16.00   1.916   1.031   2.126   0.463

19.54  0.00   0.434   0.428   0.026   0.074   0.001   0.004   0.326   0.002   0.000   0.002   0.000 1697496000
19.54    4.01    53.130
19.54 16.00   0.758   1.367
19.54 16.00   2.126    64.328
19.54 16.00   1.914   1.038   2.126   0.470
19.54 16.00   1.916   1.031   2.126   0.463

19.55  0.00   0.434   0.428   0.026   0.074   0.001   0.004   0.326   0.002   0.000   0.002   0.000 1698364000
19.55    4.01    53.124
19.55 16.00   0.758   1.367
19.55 16.00   2.125    64.326
19.55 16.00   1.913   1.038   2.125   0.470
19.55 16.00   1.915   1.031   2.125   0.463

19.56  0.00   0.434   0.428   0.026   0.074   0.001   0.004   0.326   0.002   0.000   0.002   0.000 1699233000
19.56    4.01    53.117
19.56 16.00   0.758   1.367
19.56 16.00   2.125    64.324
19.56 16.00   1.913   1.038   2.125   0.470
19.56 16.00   1.915   1.031   2.125   0.463

19.57  0.00   0.434   0.428   0.026   0.074   0.001   0.004   0.326   0.002   0.000   0.002   0.000 1700102000
19.57    4.01    53.111
19.57 16.00   0.758   1.367
19.57 16.00   2.125    64.322
19.57 16.00   1.913   1.038   2.125   0.470
19.57 16.00   1.915   1.031   2.125   0.463

19.58  0.00   0.434   0.428   0.026   0.074   0.001   0.004   0.326   0.002   0.000   0.002   0.000 1700970000
19.58    4.01    53.105
19.58 16.00   0.758   1.367
19.58 16.00   2.125    64.319
19.58 16.00   1.913   1.037   2.125   0.470
19.58 16.00   1.915   1.031   2.125   0.463

19.59  0.00   0.434   0.428   0.026   0.074   0.001   0.004   0.326   0.002   0.000   0.002   0.000 1701839000
19.59    4.01    53.099
19.59 16.00   0.758   1.367
19.59 16.00   2.125    64.317
19.59 16.00   1.913   1.037   2.125   0.470
19.59 16.00   1.915   1.031   2.125   0.463

19.60  0.00   0.434   0.428   0.026   0.074   0.001   0.004   0.326   0.002   0.000   0.002   0.000 1702708000
19.60    4.01    53.093
19.60 16.00   0.758   1.367
19.60 16.00   2.125    64.315
19.60 16.00   1.913   1.037   2.125   0.470
19.60 16.00   1.915   1.031   2.125   0.463

19.61  0.00   0.434   0.428   0.026   0.074   0.001   0.004   0.326   0.002   0.000   0.002   0.000 1703577000
19.61    4.01    53.086
19.61 16.00   0.757   1.367
19.61 16.00   2.125    64.313
19.61 16.00   1.913   1.037   2.125   0.470
19.61 16.00   1.915   1.030   2.125   0.463

19.62  0.00   0.434   0.428   0.026   0.074   0.001   0.004   0.326   0.002   0.000   0.002   0.000 1704445000
19.62    4.01    53.080
19.62 16.00   0.757   1.367
19.62 16.00   2.124    64.311
19.62 16.00   1.913   1.037   2.124   0.470
19.62 16.00   1.915   1.030   2.124   0.463

19.63  0.00   0.434   0.428   0.026   0.074   0.001   0.004   0.326   0.002   0.000   0.002   0.000 1705314000
19.63    4.00    53.074
19.63 16.00   0.757   1.367
19.63 16.00   2.124    64.309
19.63 16.00   1.912   1.037   2.124   0.470
19.63 16.00   1.914   1.030   2.124   0.463

19.64  0.00   0.434   0.428   0.026   0.074   0.001   0.004   0.326   0.002   0.000   0.002   0.000 1706183000
19.64    4.00    53.068
19.64 16.00   0.757   1.367
19.64 16.00   2.124    64.307
19.64 16.00   1.912   1.037   2.124   0.470
19.64 16.00   1.914   1.030   2.124   0.463

19.65  0.00   0.434   0.428   0.026   0.074   0.001   0.004   0.326   0.002   0.000   0.002   0.000 1707052000
19.65    4.00    53.062
19.65 16.00   0.757   1.367
19.65 16.00   2.124    64.304
19.65 16.00   1.912   1.037   2.124   0.470
19.65 16.00   1.914   1.030   2.124   0.463

19.66  0.00   0.434   0.428   0.026   0.074   0.001   0.004   0.326   0.002   0.000   0.002   0.000 1707920000
19.66    4.00    53.056
19.66 16.00   0.757   1.367
19.66 16.00   2.124    64.302
19.66 16.00   1.912   1.037   2.124   0.470
19.66 16.00   1.914   1.030   2.124   0.463

19.67  0.00   0.434   0.428   0.026   0.074   0.001   0.004   0.326   0.002   0.000   0.002   0.000 1708789000
19.67    4.00    53.049
19.67 16.00   0.757   1.367
19.67 16.00   2.124    64.300
19.67 16.00   1.912   1.037   2.124   0.470
19.67 16.00   1.914   1.030   2.124   0.463

19.68  0.00   0.434   0.428   0.026   0.074   0.001   0.004   0.326   0.002   0.000   0.002   0.000 1709658000
19.68    4.00    53.043
19.68 16.00   0.756   1.367
19.68 16.00   2.124    64.298
19.68 16.00   1.912   1.037   2.124   0.470
19.68 16.00   1.914   1.030   2.124   0.463

19.69  0.00   0.434   0.428   0.026   0.074   0.001   0.004   0.326   0.002   0.000   0.002   0.000 1710526000
19.69    4.00    53.037
19.69 16.00   0.756   1.367
19.69 16.00   2.124    64.296
19.69 16.00   1.912   1.037   2.124   0.470
19.69 16.00   1.914   1.030   2.124   0.463

19.70  0.00   0.434   0.428   0.026   0.074   0.001   0.004   0.326   0.002   0.000   0.002   0.000 1711395000
19.70    4.00    53.031
19.70 16.00   0.756   1.367
19.70 16.00   2.123    64.294
19.70 16.00   1.912   1.037   2.123   0.470
19.70 16.00   1.914   1.030   2.123   0.463

19.71  0.00   0.434   0.428   0.026   0.074   0.001   0.004   0.326   0.002   0.000   0.002   0.000 1712264000
19.71    4.00    53.025
19.71 16.00   0.756   1.367
19.71 16.00   2.123    64.292
19.71 16.00   1.911   1.037   2.123   0.470
19.71 16.00   1.913   1.030   2.123   0.463

19.72  0.00   0.434   0.428   0.026   0.074   0.001   0.004   0.326   0.002   0.000   0.002   0.000 1713133000
19.72    4.00    53.019
19.72 16.00   0.756   1.367
19.72 16.00   2.123    64.290
19.72 16.00   1.911   1.037   2.123   0.470
19.72 16.00   1.913   1.030   2.123   0.463

19.73  0.00   0.434   0.428   0.026   0.074   0.001   0.004   0.326   0.002   0.000   0.002   0.000 1714001000
19.73    4.00    53.013
19.73 16.00   0.756   1.367
19.73 16.00   2.123    64.288
19.73 16.00   1.911   1.037   2.123   0.470
19.73 16.00   1.913   1.030   2.123   0.463

19.74  0.00   0.434   0.428   0.026   0.074   0.001   0.004   0.326   0.002   0.000   0.002   0.000 1714870000
19.74    4.00    53.006
19.74 16.00   0.756   1.367
19.74 16.00   2.123    64.286
19.74 16.00   1.911   1.037   2.123   0.470
19.74 16.00   1.913   1.030   2.123   0.463

19.75  0.00   0.434   0.427   0.026   0.074   0.001   0.004   0.326   0.002   0.000   0.002   0.000 1715739000
19.75    4.00    53.000
19.75 16.00   0.756   1.367
19.75 16.00   2.123    64.283
19.75 16.00   1.911   1.037   2.123   0.470
19.75 16.00   1.913   1.030   2.123   0.463

19.76  0.00   0.434   0.427   0.026   0.074   0.001   0.004   0.326   0.002   0.000   0.002   0.000 1716608000
19.76    4.00    52.994
19.76 16.00   0.755   1.367
19.76 16.00   2.123    64.281
19.76 16.00   1.911   1.037   2.123   0.470
19.76 16.00   1.913   1.030   2.123   0.463

19.77  0.00   0.434   0.427   0.026   0.074   0.001   0.004   0.326   0.002   0.000   0.002   0.000 1717476000
19.77    4.00    52.988
19.77 16.00   0.755   1.367
19.77 16.00   2.122    64.279
19.77 16.00   1.911   1.037   2.122   0.470
19.77 16.00   1.913   1.030   2.122   0.463

19.78  0.00   0.434   0.427   0.026   0.074   0.001   0.004   0.326   0.002   0.000   0.002   0.000 1718345000
19.78    4.00    52.982
19.78 16.00   0.755   1.367
19.78 16.00   2.122    64.277
19.78 16.00   1.911   1.037   2.122   0.470
19.78 16.00   1.913   1.030   2.122   0.463

19.79  0.00   0.434   0.427   0.026   0.074   0.001   0.004   0.326   0.002   0.000   0.002   0.000 1719214000
19.79    3.99    52.976
19.79 16.00   0.755   1.367
19.79 16.00   2.122    64.275
19.79 16.00   1.910   1.037   2.122   0.470
19.79 16.00   1.912   1.030   2.122   0.463

19.80  0.00   0.434   0.427   0.026   0.074   0.001   0.004   0.326   0.002   0.000   0.002   0.000 1720082000
19.80    3.99    52.970
19.80 16.00   0.755   1.367
19.80 16.00   2.122    64.273
19.80 16.00   1.910   1.036   2.122   0.470
19.80 16.00   1.912   1.030   2.122   0.463

19.81  0.00   0.434   0.427   0.026   0.074   0.001   0.004   0.326   0.002   0.000   0.002   0.000 1720951000
19.81    3.99    52.964
19.81 16.00   0.755   1.367
19.81 16.00   2.122    64.271
19.81 16.00   1.910   1.036   2.122   0.470
19.81 16.00   1.912   1.030   2.122   0.463

19.82  0.00   0.434   0.427   0.026   0.074   0.001   0.004   0.326   0.002   0.000   0.002   0.000 1721820000
19.82    3.99    52.958
19.82 16.00   0.755   1.367
19.82 16.00   2.122    64.269
19.82 16.00   1.910   1.036   2.122   0.470
19.82 16.00   1.912   1.030   2.122   0.463

19.83  0.00   0.434   0.427   0.026   0.074   0.001   0.004   0.326   0.002   0.000   0.002   0.000 1722689000
19.83    3.99    52.951
19.83 16.00   0.755   1.367
19.83 16.00   2.122    64.267
19.83 16.00   1.910   1.036   2.122   0.470
19.83 16.00   1.912   1.029   2.122   0.463

19.84  0.00   0.434   0.427   0.026   0.074   0.001   0.004   0.326   0.002   0.000   0.002   0.000 1723557000
19.84    3.99    52.945
19.84 16.00   0.754   1.367
19.84 16.00   2.122    64.265
19.84 16.00   1.910   1.036   2.122   0.470
19.84 16.00   1.912   1.029   2.122   0.463

19.85  0.00   0.434   0.427   0.026   0.074   0.001   0.004   0.326   0.002   0.000   0.002   0.000 1724426000
19.85    3.99    52.939
19.85 16.00   0.754   1.367
19.85 16.00   2.121    64.263
19.85 16.00   1.910   1.036   2.121   0.470
19.85 16.00   1.912   1.029   2.121   0.463

19.86  0.00   0.434   0.427   0.026   0.074   0.001   0.004   0.326   0.002   0.000   0.002   0.000 1725295000
19.86    3.99    52.933
19.86 16.00   0.754   1.367
19.86 16.00   2.121    64.260
19.86 16.00   1.910   1.036   2.121   0.470
19.86 16.00   1.912   1.029   2.121   0.463

19.87  0.00   0.434   0.427   0.026   0.074   0.001   0.004   0.326   0.002   0.000   0.002   0.000 1726164000
19.87    3.99    52.927
19.87 16.00   0.754   1.367
19.87 16.00   2.121    64.258
19.87 16.00   1.910   1.036   2.121   0.470
19.87 16.00   1.911   1.029   2.121   0.463

19.88  0.00   0.434   0.427   0.026   0.074   0.001   0.004   0.326   0.002   0.000   0.002   0.000 1727032000
19.88    3.99    52.921
19.88 16.00   0.754   1.367
19.88 16.00   2.121    64.256
19.88 16.00   1.909   1.036   2.121   0.470
19.88 16.00   1.911   1.029   2.121   0.463

19.89  0.00   0.434   0.427   0.026   0.074   0.001   0.004   0.326   0.002   0.000   0.002   0.000 1727901000
19.89    3.99    52.915
19.89 16.00   0.754   1.367
19.89 16.00   2.121    64.254
19.89 16.00   1.909   1.036   2.121   0.470
19.89 16.00   1.911   1.029   2.121   0.463

19.90  0.00   0.434   0.427   0.026   0.074   0.001   0.004   0.326   0.002   0.000   0.002   0.000 1728770000
19.90    3.99    52.909
19.90 16.00   0.754   1.367
19.90 16.00   2.121    64.252
19.90 16.00   1.909   1.036   2.121   0.470
19.90 16.00   1.911   1.029   2.121   0.463

19.91  0.00   0.434   0.427   0.026   0.074   0.001   0.004   0.326   0.002   0.000   0.002   0.000 1729639000
19.91    3.99    52.903
19.91 16.00   0.753   1.367
19.91 16.00   2.121    64.250
19.91 16.00   1.909   1.036   2.121   0.470
19.91 16.00   1.911   1.029   2.121   0.463

19.92  0.00   0.434   0.427   0.026   0.074   0.001   0.004   0.326   0.002   0.000   0.002   0.000 1730507000
19.92    3.99    52.897
19.92 16.00   0.753   1.367
19.92 16.00   2.121    64.248
19.92 16.00   1.909   1.036   2.121   0.470
19.92 16.00   1.911   1.029   2.121   0.463

19.93  0.00   0.434   0.427   0.026   0.074   0.001   0.004   0.326   0.002   0.000   0.002   0.000 1731376000
19.93    3.99    52.891
19.93 16.00   0.753   1.367
19.93 16.00   2.120    64.246
19.93 16.00   1.909   1.036   2.120   0.470
19.93 16.00   1.911   1.029   2.120   0.462

19.94  0.00   0.434   0.427   0.026   0.074   0.001   0.004   0.326   0.002   0.000   0.002   0.000 1732245000
19.94    3.99    52.885
19.94 16.00   0.753   1.367
19.94 16.00   2.120    64.244
19.94 16.00   1.909   1.036   2.120   0.470
19.94 16.00   1.911   1.029   2.120   0.462

19.95  0.00   0.434   0.427   0.026   0.074   0.001   0.004   0.326   0.002   0.000   0.002   0.000 1733113000
19.95    3.99    52.879
19.95 16.00   0.753   1.367
19.95 16.00   2.120    64.242
19.95 16.00   1.909   1.036   2.120   0.470
19.95 16.00   1.911   1.029   2.120   0.462

19.96  0.00   0.434   0.427   0.026   0.074   0.001   0.004   0.326   0.002   0.000   0.002   0.000 1733982000
19.96    3.98    52.873
19.96 16.00   0.753   1.367
19.96 16.00   2.120    64.240
19.96 16.00   1.908   1.036   2.120   0.470
19.96 16.00   1.910   1.029   2.120   0.462

19.97  0.00   0.434   0.427   0.026   0.074   0.001   0.004   0.326   0.002   0.000   0.002   0.000 1734851000
19.97    3.98    52.867
19.97 16.00   0.753   1.367
19.97 16.00   2.120    64.238
19.97 16.00   1.908   1.036   2.120   0.470
19.97 16.00   1.910   1.029   2.120   0.462

19.98  0.00   0.434   0.427   0.026   0.074   0.001   0.004   0.326   0.002   0.000   0.002   0.000 1735720000
19.98    3.98    52.861
19.98 16.00   0.753   1.367
19.98 16.00   2.120    64.236
19.98 16.00   1.908   1.036   2.120   0.470
19.98 16.00   1.910   1.029   2.120   0.462

19.99  0.00   0.434   0.427   0.026   0.074   0.001   0.004   0.326   0.002   0.000   0.002   0.000 1736588000
19.99    3.98    52.855
19.99 16.00   0.752   1.367
19.99 16.00   2.120    64.234
19.99 16.00   1.908   1.036   2.120   0.470
19.99 16.00   1.910   1.029   2.120   0.462

20.00  0.00   0.434   0.427   0.026   0.074   0.001   0.004   0.326   0.002   0.000   0.002   0.000 1737457000
20.00    3.98    52.849
20.00 16.00   0.752   1.367
20.00 16.00   2.119    64.232
20.00 16.00   1.908   1.036   2.119   0.470
20.00 16.00   1.910   1.029   2.119   0.462

20.01  0.00   0.434   0.427   0.026   0.074   0.001   0.004   0.326   0.002   0.000   0.002   0.000 1738326000
20.01    3.98    52.843
20.01 16.00   0.752   1.367
20.01 16.00   2.119    64.230
20.01 16.00   1.908   1.036   2.119   0.470
20.01 16.00   1.910   1.029   2.119   0.462

20.02  0.00   0.434   0.427   0.026   0.074   0.001   0.004   0.326   0.002   0.000   0.002   0.000 1739194000
20.02    3.98    52.837
20.02 16.00   0.752   1.367
20.02 16.00   2.119    64.228
20.02 16.00   1.908   1.036   2.119   0.470
20.02 16.00   1.910   1.029   2.119   0.462

20.03  0.00   0.434   0.427   0.026   0.074   0.001   0.004   0.326   0.002   0.000   0.002   0.000 1740063000
20.03    3.98    52.831
20.03 16.00   0.752   1.367
20.03 16.00   2.119    64.225
20.03 16.00   1.908   1.035   2.119   0.470
20.03 16.00   1.910   1.029   2.119   0.462

20.04  0.00   0.434   0.427   0.026   0.074   0.001   0.004   0.326   0.002   0.000   0.002   0.000 1740932000
20.04    3.98    52.825
20.04 16.00   0.752   1.367
20.04 16.00   2.119    64.223
20.04 16.00   1.907   1.035   2.119   0.470
20.04 16.00   1.909   1.029   2.119   0.462

20.05  0.00   0.434   0.427   0.026   0.074   0.001   0.004   0.326   0.002   0.000   0.002   0.000 1741801000
20.05    3.98    52.819
20.05 16.00   0.752   1.367
20.05 16.00   2.119    64.221
20.05 16.00   1.907   1.035   2.119   0.470
20.05 16.00   1.909   1.029   2.119   0.462

20.06  0.00   0.434   0.427   0.026   0.074   0.001   0.004   0.326   0.002   0.000   0.002   0.000 1742669000
20.06    3.98    52.813
20.06 16.00   0.752   1.367
20.06 16.00   2.119    64.219
20.06 16.00   1.907   1.035   2.119   0.470
20.06 16.00   1.909   1.028   2.119   0.462

20.07  0.00   0.434   0.427   0.026   0.074   0.001   0.004   0.326   0.002   0.000   0.002   0.000 1743538000
20.07    3.98    52.807
20.07 16.00   0.751   1.367
20.07 16.00   2.119    64.217
20.07 16.00   1.907   1.035   2.119   0.470
20.07 16.00   1.909   1.028   2.119   0.462

20.08  0.00   0.434   0.427   0.026   0.074   0.001   0.004   0.326   0.002   0.000   0.002   0.000 1744407000
20.08    3.98    52.801
20.08 16.00   0.751   1.367
20.08 16.00   2.118    64.215
20.08 16.00   1.907   1.035   2.118   0.470
20.08 16.00   1.909   1.028   2.118   0.462

20.09  0.00   0.434   0.427   0.026   0.074   0.001   0.004   0.326   0.002   0.000   0.002   0.000 1745276000
20.09    3.98    52.795
20.09 16.00   0.751   1.367
20.09 16.00   2.118    64.213
20.09 16.00   1.907   1.035   2.118   0.470
20.09 16.00   1.909   1.028   2.118   0.462

20.10  0.00   0.434   0.427   0.026   0.074   0.001   0.004   0.326   0.002   0.000   0.002   0.000 1746144000
20.10    3.98    52.789
20.10 16.00   0.751   1.367
20.10 16.00   2.118    64.211
20.10 16.00   1.907   1.035   2.118   0.470
20.10 16.00   1.909   1.028   2.118   0.462

20.11  0.00   0.434   0.427   0.026   0.074   0.001   0.004   0.326   0.002   0.000   0.002   0.000 1747013000
20.11    3.98    52.783
20.11 16.00   0.751   1.367
20.11 16.00   2.118    64.209
20.11 16.00   1.907   1.035   2.118   0.470
20.11 16.00   1.909   1.028   2.118   0.462

20.12  0.00   0.434   0.427   0.026   0.074   0.001   0.004   0.326   0.002   0.000   0.002   0.000 1747882000
20.12    3.98    52.777
20.12 16.00   0.751   1.367
20.12 16.00   2.118    64.207
20.12 16.00   1.906   1.035   2.118   0.470
20.12 16.00   1.908   1.028   2.118   0.462

20.13  0.00   0.434   0.427   0.026   0.074   0.001   0.004   0.326   0.002   0.000   0.002   0.000 1748750000
20.13    3.97    52.771
20.13 16.00   0.751   1.367
20.13 16.00   2.118    64.205
20.13 16.00   1.906   1.035   2.118   0.469
20.13 16.00   1.908   1.028   2.118   0.462

20.14  0.00   0.434   0.427   0.026   0.074   0.001   0.004   0.326   0.002   0.000   0.002   0.000 1749619000
20.14    3.97    52.765
20.14 16.00   0.751   1.367
20.14 16.00   2.118    64.203
20.14 16.00   1.906   1.035   2.118   0.469
20.14 16.00   1.908   1.028   2.118   0.462

20.15  0.00   0.434   0.427   0.026   0.074   0.001   0.004   0.326   0.002   0.000   0.002   0.000 1750488000
20.15    3.97    52.759
20.15 16.00   0.750   1.367
20.15 16.00   2.118    64.201
20.15 16.00   1.906   1.035   2.118   0.469
20.15 16.00   1.908   1.028   2.118   0.462

20.16  0.00   0.434   0.427   0.026   0.074   0.001   0.004   0.326   0.002   0.000   0.002   0.000 1751357000
20.16    3.97    52.753
20.16 16.00   0.750   1.367
20.16 16.00   2.117    64.199
20.16 16.00   1.906   1.035   2.117   0.469
20.16 16.00   1.908   1.028   2.117   0.462

20.17  0.00   0.434   0.427   0.026   0.074   0.001   0.004   0.326   0.002   0.000   0.002   0.000 1752225000
20.17    3.97    52.747
20.17 16.00   0.750   1.367
20.17 16.00   2.117    64.197
20.17 16.00   1.906   1.035   2.117   0.469
20.17 16.00   1.908   1.028   2.117   0.462

20.18  0.00   0.434   0.427   0.026   0.074   0.001   0.004   0.326   0.002   0.000   0.002   0.000 1753094000
20.18    3.97    52.741
20.18 16.00   0.750   1.367
20.18 16.00   2.117    64.195
20.18 16.00   1.906   1.035   2.117   0.469
20.18 16.00   1.908   1.028   2.117   0.462

20.19  0.00   0.434   0.427   0.026   0.074   0.001   0.004   0.326   0.002   0.000   0.002   0.000 1753963000
20.19    3.97    52.735
20.19 16.00   0.750   1.367
20.19 16.00   2.117    64.193
20.19 16.00   1.906   1.035   2.117   0.469
20.19 16.00   1.908   1.028   2.117   0.462

20.20  0.00   0.434   0.427   0.026   0.074   0.001   0.004   0.326   0.002   0.000   0.002   0.000 1754832000
20.20    3.97    52.729
20.20 16.00   0.750   1.367
20.20 16.00   2.117    64.191
20.20 16.00   1.906   1.035   2.117   0.469
20.20 16.00   1.908   1.028   2.117   0.462

20.21  0.00   0.434   0.427   0.026   0.074   0.001   0.004   0.326   0.002   0.000   0.002   0.000 1755700000
20.21    3.97    52.723
20.21 16.00   0.750   1.367
20.21 16.00   2.117    64.189
20.21 16.00   1.905   1.035   2.117   0.469
20.21 16.00   1.907   1.028   2.117   0.462

20.22  0.00   0.434   0.427   0.026   0.074   0.001   0.004   0.325   0.002   0.000   0.002   0.000 1756569000
20.22    3.97    52.717
20.22 16.00   0.750   1.367
20.22 16.00   2.117    64.187
20.22 16.00   1.905   1.035   2.117   0.469
20.22 16.00   1.907   1.028   2.117   0.462

20.23  0.00   0.434   0.427   0.026   0.074   0.001   0.004   0.325   0.002   0.000   0.002   0.000 1757438000
20.23    3.97    52.712
20.23 16.00   0.749   1.367
20.23 16.00   2.117    64.185
20.23 16.00   1.905   1.035   2.117   0.469
20.23 16.00   1.907   1.028   2.117   0.462

20.24  0.00   0.434   0.427   0.026   0.074   0.001   0.004   0.325   0.002   0.000   0.002   0.000 1758307000
20.24    3.97    52.706
20.24 16.00   0.749   1.367
20.24 16.00   2.116    64.183
20.24 16.00   1.905   1.035   2.116   0.469
20.24 16.00   1.907   1.028   2.116   0.462

20.25  0.00   0.434   0.427   0.026   0.074   0.001   0.004   0.325   0.002   0.000   0.002   0.000 1759175000
20.25    3.97    52.700
20.25 16.00   0.749   1.367
20.25 16.00   2.116    64.181
20.25 16.00   1.905   1.035   2.116   0.469
20.25 16.00   1.907   1.028   2.116   0.462

20.26  0.00   0.434   0.427   0.026   0.074   0.001   0.004   0.325   0.002   0.000   0.002   0.000 1760044000
20.26    3.97    52.694
20.26 16.00   0.749   1.367
20.26 16.00   2.116    64.179
20.26 16.00   1.905   1.035   2.116   0.469
20.26 16.00   1.907   1.028   2.116   0.462

20.27  0.00   0.434   0.427   0.026   0.074   0.001   0.004   0.325   0.002   0.000   0.002   0.000 1760913000
20.27    3.97    52.688
20.27 16.00   0.749   1.367
20.27 16.00   2.116    64.177
20.27 16.00   1.905   1.034   2.116   0.469
20.27 16.00   1.907   1.028   2.116   0.462

20.28  0.00   0.434   0.427   0.026   0.074   0.001   0.004   0.325   0.002   0.000   0.002   0.000 1761782000
20.28    3.97    52.682
20.28 16.00   0.749   1.367
20.28 16.00   2.116    64.175
20.28 16.00   1.905   1.034   2.116   0.469
20.28 16.00   1.907   1.028   2.116   0.462

20.29  0.00   0.434   0.427   0.026   0.074   0.001   0.004   0.325   0.002   0.000   0.002   0.000 1762650000
20.29    3.97    52.676
20.29 16.00   0.749   1.367
20.29 16.00   2.116    64.173
20.29 16.00   1.904   1.034   2.116   0.469
20.29 16.00   1.906   1.027   2.116   0.462

20.30  0.00   0.434   0.427   0.026   0.074   0.001   0.004   0.325   0.002   0.000   0.002   0.000 1763519000
20.30    3.96    52.670
20.30 16.00   0.749   1.367
20.30 16.00   2.116    64.171
20.30 16.00   1.904   1.034   2.116   0.469
20.30 16.00   1.906   1.027   2.116   0.462

20.31  0.00   0.434   0.427   0.026   0.074   0.001   0.004   0.325   0.002   0.000   0.002   0.000 1764388000
20.31    3.96    52.664
20.31 16.00   0.748   1.367
20.31 16.00   2.116    64.169
20.31 16.00   1.904   1.034   2.116   0.469
20.31 16.00   1.906   1.027   2.116   0.462

20.32  0.00   0.434   0.427   0.026   0.074   0.001   0.004   0.325   0.002   0.000   0.002   0.000 1765256000
20.32    3.96    52.659
20.32 16.00   0.748   1.367
20.32 16.00   2.115    64.167
20.32 16.00   1.904   1.034   2.115   0.469
20.32 16.00   1.906   1.027   2.115   0.462

20.33  0.00   0.434   0.427   0.026   0.074   0.001   0.004   0.325   0.002   0.000   0.002   0.000 1766125000
20.33    3.96    52.653
20.33 16.00   0.748   1.367
20.33 16.00   2.115    64.165
20.33 16.00   1.904   1.034   2.115   0.469
20.33 16.00   1.906   1.027   2.115   0.462

20.34  0.00   0.434   0.427   0.026   0.074   0.001   0.004   0.325   0.002   0.000   0.002   0.000 1766994000
20.34    3.96    52.647
20.34 16.00   0.748   1.367
20.34 16.00   2.115    64.163
20.34 16.00   1.904   1.034   2.115   0.469
20.34 16.00   1.906   1.027   2.115   0.462

20.35  0.00   0.434   0.427   0.026   0.074   0.001   0.004   0.325   0.002   0.000   0.002   0.000 1767863000
20.35    3.96    52.641
20.35 16.00   0.748   1.367
20.35 16.00   2.115    64.161
20.35 16.00   1.904   1.034   2.115   0.469
20.35 16.00   1.906   1.027   2.115   0.462

20.36  0.00   0.434   0.427   0.026   0.074   0.001   0.004   0.325   0.002   0.000   0.002   0.000 1768731000
20.36    3.96    52.635
20.36 16.00   0.748   1.367
20.36 16.00   2.115    64.159
20.36 16.00   1.904   1.034   2.115   0.469
20.36 16.00   1.906   1.027   2.115   0.462

20.37  0.00   0.434   0.427   0.026   0.074   0.001   0.004   0.325   0.002   0.000   0.002   0.000 1769600000
20.37    3.96    52.629
20.37 16.00   0.748   1.367
20.37 16.00   2.115    64.157
20.37 16.00   1.904   1.034   2.115   0.469
20.37 16.00   1.906   1.027   2.115   0.462

20.38  0.00   0.434   0.427   0.026   0.074   0.001   0.004   0.325   0.002   0.000   0.002   0.000 1770469000
20.38    3.96    52.623
20.38 16.00   0.748   1.367
20.38 16.00   2.115    64.155
20.38 16.00   1.903   1.034   2.115   0.469
20.38 16.00   1.905   1.027   2.115   0.462

20.39  0.00   0.434   0.427   0.026   0.074   0.001   0.004   0.325   0.002   0.000   0.002   0.000 1771337000
20.39    3.96    52.618
20.39 16.00   0.747   1.367
20.39 16.00   2.115    64.153
20.39 16.00   1.903   1.034   2.115   0.469
20.39 16.00   1.905   1.027   2.115   0.462

20.40  0.00   0.434   0.427   0.026   0.074   0.001   0.004   0.325   0.002   0.000   0.002   0.000 1772206000
20.40    3.96    52.612
20.40 16.00   0.747   1.367
20.40 16.00   2.114    64.151
20.40 16.00   1.903   1.034   2.114   0.469
20.40 16.00   1.905   1.027   2.114   0.462

20.41  0.00   0.434   0.427   0.026   0.074   0.001   0.004   0.325   0.002   0.000   0.002   0.000 1773075000
20.41    3.96    52.606
20.41 16.00   0.747   1.367
20.41 16.00   2.114    64.149
20.41 16.00   1.903   1.034   2.114   0.469
20.41 16.00   1.905   1.027   2.114   0.462

20.42  0.00   0.434   0.427   0.026   0.074   0.001   0.004   0.325   0.002   0.000   0.002   0.000 1773944000
20.42    3.96    52.600
20.42 16.00   0.747   1.367
20.42 16.00   2.114    64.147
20.42 16.00   1.903   1.034   2.114   0.469
20.42 16.00   1.905   1.027   2.114   0.462

20.43  0.00   0.434   0.427   0.026   0.074   0.001   0.004   0.325   0.002   0.000   0.002   0.000 1774812000
20.43    3.96    52.594
20.43 16.00   0.747   1.367
20.43 16.00   2.114    64.145
20.43 16.00   1.903   1.034   2.114   0.469
20.43 16.00   1.905   1.027   2.114   0.462

20.44  0.00   0.434   0.427   0.026   0.074   0.001   0.004   0.325   0.002   0.000   0.002   0.000 1775681000
20.44    3.96    52.588
20.44 16.00   0.747   1.367
20.44 16.00   2.114    64.143
20.44 16.00   1.903   1.034   2.114   0.469
20.44 16.00   1.905   1.027   2.114   0.462

20.45  0.00   0.434   0.427   0.026   0.074   0.001   0.004   0.325   0.002   0.000   0.002   0.000 1776550000
20.45    3.96    52.583
20.45 16.00   0.747   1.367
20.45 16.00   2.114    64.141
20.45 16.00   1.903   1.034   2.114   0.469
20.45 16.00   1.905   1.027   2.114   0.462

20.46  0.00   0.434   0.427   0.026   0.074   0.001   0.004   0.325   0.002   0.000   0.002   0.000 1777418000
20.46    3.96    52.577
20.46 16.00   0.747   1.367
20.46 16.00   2.114    64.139
20.46 16.00   1.902   1.034   2.114   0.469
20.46 16.00   1.904   1.027   2.114   0.462

20.47  0.00   0.434   0.427   0.026   0.074   0.001   0.004   0.325   0.002   0.000   0.002   0.000 1778287000
20.47    3.96    52.571
20.47 16.00   0.746   1.367
20.47 16.00   2.114    64.137
20.47 16.00   1.902   1.034   2.114   0.469
20.47 16.00   1.904   1.027   2.114   0.462

20.48  0.00   0.434   0.427   0.026   0.074   0.001   0.004   0.325   0.002   0.000   0.002   0.000 1779156000
20.48    3.95    52.565
20.48 16.00   0.746   1.367
20.48 16.00   2.113    64.135
20.48 16.00   1.902   1.034   2.113   0.469
20.48 16.00   1.904   1.027   2.113   0.462

20.49  0.00   0.434   0.427   0.026   0.074   0.001   0.004   0.325   0.002   0.000   0.002   0.000 1780025000
20.49    3.95    52.559
20.49 16.00   0.746   1.367
20.49 16.00   2.113    64.133
20.49 16.00   1.902   1.034   2.113   0.469
20.49 16.00   1.904   1.027   2.113   0.462

20.50  0.00   0.434   0.427   0.026   0.074   0.001   0.004   0.325   0.002   0.000   0.002   0.000 1780893000
20.50    3.95    52.553
20.50 16.00   0.746   1.367
20.50 16.00   2.113    64.131
20.50 16.00   1.902   1.033   2.113   0.469
20.50 16.00   1.904   1.027   2.113   0.462

20.51  0.00   0.434   0.427   0.026   0.074   0.001   0.004   0.325   0.002   0.000   0.002   0.000 1781762000
20.51    3.95    52.548
20.51 16.00   0.746   1.367
20.51 16.00   2.113    64.130
20.51 16.00   1.902   1.033   2.113   0.469
20.51 16.00   1.904   1.027   2.113   0.462

20.52  0.00   0.434   0.427   0.026   0.074   0.001   0.004   0.325   0.002   0.000   0.002   0.000 1782631000
20.52    3.95    52.542
20.52 16.00   0.746   1.367
20.52 16.00   2.113    64.128
20.52 16.00   1.902   1.033   2.113   0.469
20.52 16.00   1.904   1.027   2.113   0.462

20.53  0.00   0.434   0.427   0.026   0.074   0.001   0.004   0.325   0.002   0.000   0.002   0.000 1783500000
20.53    3.95    52.536
20.53 16.00   0.746   1.367
20.53 16.00   2.113    64.126
20.53 16.00   1.902   1.033   2.113   0.469
20.53 16.00   1.904   1.026   2.113   0.462

20.54  0.00   0.434   0.427   0.026   0.074   0.001   0.004   0.325   0.002   0.000   0.002   0.000 1784369000
20.54    3.95    52.530
20.54 16.00   0.746   1.367
20.54 16.00   2.113    64.124
20.54 16.00   1.902   1.033   2.113   0.469
20.54 16.00   1.904   1.026   2.113   0.462

20.55  0.00   0.434   0.427   0.026   0.074   0.001   0.004   0.325   0.002   0.000   0.002   0.000 1785237000
20.55    3.95    52.525
20.55 16.00   0.745   1.367
20.55 16.00   2.113    64.122
20.55 16.00   1.901   1.033   2.113   0.469
20.55 16.00   1.903   1.026   2.113   0.462

20.56  0.00   0.433   0.427   0.026   0.074   0.001   0.004   0.325   0.002   0.000   0.002   0.000 1786106000
20.56    3.95    52.519
20.56 16.00   0.745   1.367
20.56 16.00   2.112    64.120
20.56 16.00   1.901   1.033   2.112   0.469
20.56 16.00   1.903   1.026   2.112   0.462

20.57  0.00   0.433   0.427   0.026   0.074   0.001   0.004   0.325   0.002   0.000   0.002   0.000 1786975000
20.57    3.95    52.513
20.57 16.00   0.745   1.367
20.57 16.00   2.112    64.118
20.57 16.00   1.901   1.033   2.112   0.469
20.57 16.00   1.903   1.026   2.112   0.462

20.58  0.00   0.433   0.427   0.026   0.074   0.001   0.004   0.325   0.002   0.000   0.002   0.000 1787843000
20.58    3.95    52.507
20.58 16.00   0.745   1.367
20.58 16.00   2.112    64.116
20.58 16.00   1.901   1.033   2.112   0.469
20.58 16.00   1.903   1.026   2.112   0.462

20.59  0.00   0.433   0.427   0.026   0.074   0.001   0.004   0.325   0.002   0.000   0.002   0.000 1788712000
20.59    3.95    52.501
20.59 16.00   0.745   1.367
20.59 16.00   2.112    64.114
20.59 16.00   1.901   1.033   2.112   0.469
20.59 16.00   1.903   1.026   2.112   0.462

20.60  0.00   0.433   0.427   0.026   0.074   0.001   0.004   0.325   0.002   0.000   0.002   0.000 1789581000
20.60    3.95    52.496
20.60 16.00   0.745   1.367
20.60 16.00   2.112    64.112
20.60 16.00   1.901   1.033   2.112   0.469
20.60 16.00   1.903   1.026   2.112   0.462

20.61  0.00   0.433   0.427   0.026   0.074   0.001   0.004   0.325   0.002   0.000   0.002   0.000 1790450000
20.61    3.95    52.490
20.61 16.00   0.745   1.367
20.61 16.00   2.112    64.110
20.61 16.00   1.901   1.033   2.112   0.469
20.61 16.00   1.903   1.026   2.112   0.462

20.62  0.00   0.433   0.427   0.026   0.074   0.001   0.004   0.325   0.002   0.000   0.002   0.000 1791318000
20.62    3.95    52.484
20.62 16.00   0.745   1.367
20.62 16.00   2.112    64.108
20.62 16.00   1.901   1.033   2.112   0.469
20.62 16.00   1.903   1.026   2.112   0.462

20.63  0.00   0.433   0.427   0.026   0.074   0.001   0.004   0.325   0.002   0.000   0.002   0.000 1792187000
20.63    3.95    52.478
20.63 16.00   0.744   1.367
20.63 16.00   2.112    64.106
20.63 16.00   1.901   1.033   2.112   0.469
20.63 16.00   1.903   1.026   2.112   0.462

20.64  0.00   0.433   0.427   0.026   0.074   0.001   0.004   0.325   0.002   0.000   0.002   0.000 1793056000
20.64    3.95    52.473
20.64 16.00   0.744   1.367
20.64 16.00   2.112    64.104
20.64 16.00   1.900   1.033   2.112   0.469
20.64 16.00   1.902   1.026   2.112   0.462

20.65  0.00   0.433   0.427   0.026   0.074   0.001   0.004   0.325   0.002   0.000   0.002   0.000 1793924000
20.65    3.94    52.467
20.65 16.00   0.744   1.367
20.65 16.00   2.111    64.102
20.65 16.00   1.900   1.033   2.111   0.469
20.65 16.00   1.902   1.026   2.111   0.462

20.66  0.00   0.433   0.427   0.026   0.074   0.001   0.004   0.325   0.002   0.000   0.002   0.000 1794793000
20.66    3.94    52.461
20.66 16.00   0.744   1.367
20.66 16.00   2.111    64.100
20.66 16.00   1.900   1.033   2.111   0.469
20.66 16.00   1.902   1.026   2.111   0.462

20.67  0.00   0.433   0.427   0.026   0.074   0.001   0.004   0.325   0.002   0.000   0.002   0.000 1795662000
20.67    3.94    52.455
20.67 16.00   0.744   1.367
20.67 16.00   2.111    64.098
20.67 16.00   1.900   1.033   2.111   0.469
20.67 16.00   1.902   1.026   2.111   0.462

20.68  0.00   0.433   0.427   0.026   0.074   0.001   0.004   0.325   0.002   0.000   0.002   0.000 1796531000
20.68    3.94    52.450
20.68 16.00   0.744   1.367
20.68 16.00   2.111    64.097
20.68 16.00   1.900   1.033   2.111   0.469
20.68 16.00   1.902   1.026   2.111   0.462

20.69  0.00   0.433   0.427   0.026   0.074   0.001   0.004   0.325   0.002   0.000   0.002   0.000 1797399000
20.69    3.94    52.444
20.69 16.00   0.744   1.367
20.69 16.00   2.111    64.095
20.69 16.00   1.900   1.033   2.111   0.469
20.69 16.00   1.902   1.026   2.111   0.462

20.70  0.00   0.433   0.427   0.026   0.074   0.001   0.004   0.325   0.002   0.000   0.002   0.000 1798268000
20.70    3.94    52.438
20.70 16.00   0.744   1.367
20.70 16.00   2.111    64.093
20.70 16.00   1.900   1.033   2.111   0.469
20.70 16.00   1.902   1.026   2.111   0.462

20.71  0.00   0.433   0.427   0.026   0.074   0.001   0.004   0.325   0.002   0.000   0.002   0.000 1799137000
20.71    3.94    52.432
20.71 16.00   0.744   1.367
20.71 16.00   2.111    64.091
20.71 16.00   1.900   1.033   2.111   0.469
20.71 16.00   1.902   1.026   2.111   0.462

20.72  0.00   0.433   0.427   0.026   0.074   0.001   0.004   0.325   0.002   0.000   0.002   0.000 1800005000
20.72    3.94    52.427
20.72 16.00   0.743   1.367
20.72 16.00   2.111    64.089
20.72 16.00   1.900   1.033   2.111   0.469
20.72 16.00   1.901   1.026   2.111   0.462

20.73  0.00   0.433   0.427   0.026   0.074   0.001   0.004   0.325   0.002   0.000   0.002   0.000 1800874000
20.73    3.94    52.421
20.73 16.00   0.743   1.367
20.73 16.00   2.110    64.087
20.73 16.00   1.899   1.033   2.110   0.469
20.73 16.00   1.901   1.026   2.110   0.462

20.74  0.00   0.433   0.427   0.026   0.074   0.001   0.004   0.325   0.002   0.000   0.002   0.000 1801743000
20.74    3.94    52.415
20.74 16.00   0.743   1.367
20.74 16.00   2.110    64.085
20.74 16.00   1.899   1.033   2.110   0.469
20.74 16.00   1.901   1.026   2.110   0.462

20.75  0.00   0.433   0.427   0.026   0.074   0.001   0.004   0.325   0.002   0.000   0.002   0.000 1802612000
20.75    3.94    52.410
20.75 16.00   0.743   1.367
20.75 16.00   2.110    64.083
20.75 16.00   1.899   1.032   2.110   0.469
20.75 16.00   1.901   1.026   2.110   0.462

20.76  0.00   0.433   0.427   0.026   0.074   0.001   0.004   0.325   0.002   0.000   0.002   0.000 1803480000
20.76    3.94    52.404
20.76 16.00   0.743   1.367
20.76 16.00   2.110    64.081
20.76 16.00   1.899   1.032   2.110   0.469
20.76 16.00   1.901   1.026   2.110   0.462

20.77  0.00   0.433   0.427   0.026   0.074   0.001   0.004   0.325   0.002   0.000   0.002   0.000 1804349000
20.77    3.94    52.398
20.77 16.00   0.743   1.367
20.77 16.00   2.110    64.079
20.77 16.00   1.899   1.032   2.110   0.469
20.77 16.00   1.901   1.026   2.110   0.462

20.78  0.00   0.433   0.427   0.026   0.074   0.001   0.004   0.325   0.002   0.000   0.002   0.000 1805218000
20.78    3.94    52.392
20.78 16.00   0.743   1.367
20.78 16.00   2.110    64.077
20.78 16.00   1.899   1.032   2.110   0.469
20.78 16.00   1.901   1.025   2.110   0.462

20.79  0.00   0.433   0.427   0.026   0.074   0.001   0.004   0.325   0.002   0.000   0.002   0.000 1806087000
20.79    3.94    52.387
20.79 16.00   0.743   1.367
20.79 16.00   2.110    64.075
20.79 16.00   1.899   1.032   2.110   0.469
20.79 16.00   1.901   1.025   2.110   0.462

20.80  0.00   0.433   0.427   0.026   0.074   0.001   0.004   0.325   0.002   0.000   0.002   0.000 1806955000
20.80    3.94    52.381
20.80 16.00   0.742   1.367
20.80 16.00   2.110    64.074
20.80 16.00   1.899   1.032   2.110   0.469
20.80 16.00   1.901   1.025   2.110   0.462

20.81  0.00   0.433   0.427   0.026   0.074   0.001   0.004   0.325   0.002   0.000   0.002   0.000 1807824000
20.81    3.94    52.375
20.81 16.00   0.742   1.367
20.81 16.00   2.109    64.072
20.81 16.00   1.898   1.032   2.109   0.469
20.81 16.00   1.900   1.025   2.109   0.462

20.82  0.00   0.433   0.427   0.026   0.074   0.001   0.004   0.325   0.002   0.000   0.002   0.000 1808693000
20.82    3.94    52.370
20.82 16.00   0.742   1.367
20.82 16.00   2.109    64.070
20.82 16.00   1.898   1.032   2.109   0.469
20.82 16.00   1.900   1.025   2.109   0.462

20.83  0.00   0.433   0.427   0.026   0.074   0.001   0.004   0.325   0.002   0.000   0.002   0.000 1809561000
20.83    3.93    52.364
20.83 16.00   0.742   1.367
20.83 16.00   2.109    64.068
20.83 16.00   1.898   1.032   2.109   0.469
20.83 16.00   1.900   1.025   2.109   0.462

20.84  0.00   0.433   0.427   0.026   0.074   0.001   0.004   0.325   0.002   0.000   0.002   0.000 1810430000
20.84    3.93    52.358
20.84 16.00   0.742   1.367
20.84 16.00   2.109    64.066
20.84 16.00   1.898   1.032   2.109   0.469
20.84 16.00   1.900   1.025   2.109   0.462

20.85  0.00   0.433   0.427   0.026   0.074   0.001   0.004   0.325   0.002   0.000   0.002   0.000 1811299000
20.85    3.93    52.353
20.85 16.00   0.742   1.367
20.85 16.00   2.109    64.064
20.85 16.00   1.898   1.032   2.109   0.469
20.85 16.00   1.900   1.025   2.109   0.462

20.86  0.00   0.433   0.427   0.026   0.074   0.001   0.004   0.325   0.002   0.000   0.002   0.000 1812168000
20.86    3.93    52.347
20.86 16.00   0.742   1.367
20.86 16.00   2.109    64.062
20.86 16.00   1.898   1.032   2.109   0.469
20.86 16.00   1.900   1.025   2.109   0.462

20.87  0.00   0.433   0.427   0.026   0.074   0.001   0.004   0.325   0.002   0.000   0.002   0.000 1813037000
20.87    3.93    52.341
20.87 16.00   0.742   1.367
20.87 16.00   2.109    64.060
20.87 16.00   1.898   1.032   2.109   0.469
20.87 16.00   1.900   1.025   2.109   0.462

20.88  0.00   0.433   0.427   0.026   0.074   0.001   0.004   0.325   0.002   0.000   0.002   0.000 1813905000
20.88    3.93    52.336
20.88 16.00   0.741   1.367
20.88 16.00   2.109    64.058
20.88 16.00   1.898   1.032   2.109   0.469
20.88 16.00   1.900   1.025   2.109   0.462

20.89  0.00   0.433   0.427   0.026   0.074   0.001   0.004   0.325   0.002   0.000   0.002   0.000 1814774000
20.89    3.93    52.330
20.89 16.00   0.741   1.367
20.89 16.00   2.109    64.056
20.89 16.00   1.898   1.032   2.109   0.469
20.89 16.00   1.900   1.025   2.109   0.462

20.90  0.00   0.433   0.427   0.026   0.074   0.001   0.004   0.325   0.002   0.000   0.002   0.000 1815643000
20.90    3.93    52.324
20.90 16.00   0.741   1.367
20.90 16.00   2.108    64.055
20.90 16.00   1.897   1.032   2.108   0.469
20.90 16.00   1.899   1.025   2.108   0.462

20.91  0.00   0.433   0.427   0.026   0.074   0.001   0.004   0.325   0.002   0.000   0.002   0.000 1816511000
20.91    3.93    52.319
20.91 16.00   0.741   1.367
20.91 16.00   2.108    64.053
20.91 16.00   1.897   1.032   2.108   0.469
20.91 16.00   1.899   1.025   2.108   0.462

20.92  0.00   0.433   0.427   0.026   0.074   0.001   0.004   0.325   0.002   0.000   0.002   0.000 1817380000
20.92    3.93    52.313
20.92 16.00   0.741   1.367
20.92 16.00   2.108    64.051
20.92 16.00   1.897   1.032   2.108   0.469
20.92 16.00   1.899   1.025   2.108   0.462

20.93  0.00   0.433   0.427   0.026   0.074   0.001   0.004   0.325   0.002   0.000   0.002   0.000 1818249000
20.93    3.93    52.307
20.93 16.00   0.741   1.367
20.93 16.00   2.108    64.049
20.93 16.00   1.897   1.032   2.108   0.469
20.93 16.00   1.899   1.025   2.108   0.462

20.94  0.00   0.433   0.427   0.026   0.074   0.001   0.004   0.325   0.002   0.000   0.002   0.000 1819118000
20.94    3.93    52.302
20.94 16.00   0.741   1.367
20.94 16.00   2.108    64.047
20.94 16.00   1.897   1.032   2.108   0.469
20.94 16.00   1.899   1.025   2.108   0.462

20.95  0.00   0.433   0.427   0.026   0.074   0.001   0.004   0.325   0.002   0.000   0.002   0.000 1819986000
20.95    3.93    52.296
20.95 16.00   0.741   1.367
20.95 16.00   2.108    64.045
20.95 16.00   1.897   1.032   2.108   0.469
20.95 16.00   1.899   1.025   2.108   0.462

20.96  0.00   0.433   0.427   0.026   0.074   0.001   0.004   0.325   0.002   0.000   0.002   0.000 1820855000
20.96    3.93    52.290
20.96 16.00   0.741   1.367
20.96 16.00   2.108    64.043
20.96 16.00   1.897   1.032   2.108   0.469
20.96 16.00   1.899   1.025   2.108   0.462

20.97  0.00   0.433   0.427   0.026   0.074   0.001   0.004   0.325   0.002   0.000   0.002   0.000 1821724000
20.97    3.93    52.285
20.97 16.00   0.740   1.367
20.97 16.00   2.108    64.041
20.97 16.00   1.897   1.032   2.108   0.469
20.97 16.00   1.899   1.025   2.108   0.462

20.98  0.00   0.433   0.427   0.026   0.074   0.001   0.004   0.325   0.002   0.000   0.002   0.000 1822592000
20.98    3.93    52.279
20.98 16.00   0.740   1.367
20.98 16.00   2.107    64.040
20.98 16.00   1.897   1.032   2.107   0.469
20.98 16.00   1.899   1.025   2.107   0.462

20.99  0.00   0.433   0.427   0.026   0.074   0.001   0.004   0.325   0.002   0.000   0.002   0.000 1823461000
20.99    3.93    52.274
20.99 16.00   0.740   1.367
20.99 16.00   2.107    64.038
20.99 16.00   1.896   1.032   2.107   0.469
20.99 16.00   1.898   1.025   2.107   0.462

21.00  0.00   0.433   0.427   0.026   0.074   0.001   0.004   0.325   0.002   0.000   0.002   0.000 1824330000
21.00    3.93    52.268
21.00 16.00   0.740   1.367
21.00 16.00   2.107    64.036
21.00 16.00   1.896   1.031   2.107   0.469
21.00 16.00   1.898   1.025   2.107   0.462

21.01  0.00   0.433   0.427   0.026   0.074   0.001   0.004   0.325   0.002   0.000   0.002   0.000 1825199000
21.01    3.93    52.262
21.01 16.00   0.740   1.367
21.01 16.00   2.107    64.034
21.01 16.00   1.896   1.031   2.107   0.469
21.01 16.00   1.898   1.025   2.107   0.462

21.02  0.00   0.433   0.427   0.026   0.074   0.001   0.004   0.325   0.002   0.000   0.002   0.000 1826067000
21.02    3.92    52.257
21.02 16.00   0.740   1.367
21.02 16.00   2.107    64.032
21.02 16.00   1.896   1.031   2.107   0.469
21.02 16.00   1.898   1.025   2.107   0.462

21.03  0.00   0.433   0.427   0.026   0.074   0.001   0.004   0.325   0.002   0.000   0.002   0.000 1826936000
21.03    3.92    52.251
21.03 16.00   0.740   1.367
21.03 16.00   2.107    64.030
21.03 16.00   1.896   1.031   2.107   0.469
21.03 16.00   1.898   1.024   2.107   0.462

21.04  0.00   0.433   0.427   0.026   0.074   0.001   0.004   0.325   0.002   0.000   0.002   0.000 1827805000
21.04    3.92    52.245
21.04 16.00   0.740   1.367
21.04 16.00   2.107    64.028
21.04 16.00   1.896   1.031   2.107   0.469
21.04 16.00   1.898   1.024   2.107   0.462

21.05  0.00   0.433   0.427   0.026   0.074   0.001   0.004   0.325   0.002   0.000   0.002   0.000 1828673000
21.05    3.92    52.240
21.05 16.00   0.739   1.367
21.05 16.00   2.107    64.026
21.05 16.00   1.896   1.031   2.107   0.469
21.05 16.00   1.898   1.024   2.107   0.462

21.06  0.00   0.433   0.427   0.026   0.074   0.001   0.004   0.325   0.002   0.000   0.002   0.000 1829542000
21.06    3.92    52.234
21.06 16.00   0.739   1.367
21.06 16.00   2.107    64.025
21.06 16.00   1.896   1.031   2.107   0.469
21.06 16.00   1.898   1.024   2.107   0.462

21.07  0.00   0.433   0.427   0.026   0.074   0.001   0.004   0.325   0.002   0.000   0.002   0.000 1830411000
21.07    3.92    52.229
21.07 16.00   0.739   1.367
21.07 16.00   2.106    64.023
21.07 16.00   1.896   1.031   2.106   0.469
21.07 16.00   1.898   1.024   2.106   0.462

21.08  0.00   0.433   0.427   0.026   0.074   0.001   0.004   0.325   0.002   0.000   0.002   0.000 1831280000
21.08    3.92    52.223
21.08 16.00   0.739   1.367
21.08 16.00   2.106    64.021
21.08 16.00   1.896   1.031   2.106   0.469
21.08 16.00   1.897   1.024   2.106   0.462

21.09  0.00   0.433   0.426   0.026   0.074   0.001   0.004   0.325   0.002   0.000   0.002   0.000 1832148000
21.09    3.92    52.217
21.09 16.00   0.739   1.367
21.09 16.00   2.106    64.019
21.09 16.00   1.895   1.031   2.106   0.469
21.09 16.00   1.897   1.024   2.106   0.462

21.10  0.00   0.433   0.426   0.026   0.074   0.001   0.004   0.325   0.002   0.000   0.002   0.000 1833017000
21.10    3.92    52.212
21.10 16.00   0.739   1.367
21.10 16.00   2.106    64.017
21.10 16.00   1.895   1.031   2.106   0.469
21.10 16.00   1.897   1.024   2.106   0.462

21.11  0.00   0.433   0.426   0.026   0.074   0.001   0.004   0.325   0.002   0.000   0.002   0.000 1833886000
21.11    3.92    52.206
21.11 16.00   0.739   1.367
21.11 16.00   2.106    64.015
21.11 16.00   1.895   1.031   2.106   0.469
21.11 16.00   1.897   1.024   2.106   0.462

21.12  0.00   0.433   0.426   0.026   0.074   0.001   0.004   0.325   0.002   0.000   0.002   0.000 1834755000
21.12    3.92    52.201
21.12 16.00   0.739   1.367
21.12 16.00   2.106    64.013
21.12 16.00   1.895   1.031   2.106   0.469
21.12 16.00   1.897   1.024   2.106   0.462

21.13  0.00   0.433   0.426   0.026   0.074   0.001   0.004   0.325   0.002   0.000   0.002   0.000 1835623000
21.13    3.92    52.195
21.13 16.00   0.739   1.367
21.13 16.00   2.106    64.012
21.13 16.00   1.895   1.031   2.106   0.469
21.13 16.00   1.897   1.024   2.106   0.462

21.14  0.00   0.433   0.426   0.026   0.074   0.001   0.004   0.325   0.002   0.000   0.002   0.000 1836492000
21.14    3.92    52.190
21.14 16.00   0.738   1.367
21.14 16.00   2.106    64.010
21.14 16.00   1.895   1.031   2.106   0.469
21.14 16.00   1.897   1.024   2.106   0.462

21.15  0.00   0.433   0.426   0.026   0.074   0.001   0.004   0.325   0.002   0.000   0.002   0.000 1837361000
21.15    3.92    52.184
21.15 16.00   0.738   1.367
21.15 16.00   2.105    64.008
21.15 16.00   1.895   1.031   2.105   0.469
21.15 16.00   1.897   1.024   2.105   0.462

21.16  0.00   0.433   0.426   0.026   0.074   0.001   0.004   0.325   0.002   0.000   0.002   0.000 1838230000
21.16    3.92    52.178
21.16 16.00   0.738   1.367
21.16 16.00   2.105    64.006
21.16 16.00   1.895   1.031   2.105   0.469
21.16 16.00   1.897   1.024   2.105   0.462

21.17  0.00   0.433   0.426   0.026   0.074   0.001   0.004   0.325   0.002   0.000   0.002   0.000 1839098000
21.17    3.92    52.173
21.17 16.00   0.738   1.367
21.17 16.00   2.105    64.004
21.17 16.00   1.895   1.031   2.105   0.469
21.17 16.00   1.897   1.024   2.105   0.462

21.18  0.00   0.433   0.426   0.026   0.074   0.001   0.004   0.325   0.002   0.000   0.002   0.000 1839967000
21.18    3.92    52.167
21.18 16.00   0.738   1.367
21.18 16.00   2.105    64.002
21.18 16.00   1.894   1.031   2.105   0.469
21.18 16.00   1.896   1.024   2.105   0.461

21.19  0.00   0.433   0.426   0.026   0.074   0.001   0.004   0.325   0.002   0.000   0.002   0.000 1840836000
21.19    3.92    52.162
21.19 16.00   0.738   1.367
21.19 16.00   2.105    64.001
21.19 16.00   1.894   1.031   2.105   0.469
21.19 16.00   1.896   1.024   2.105   0.461

21.20  0.00   0.433   0.426   0.026   0.074   0.001   0.004   0.325   0.002   0.000   0.002   0.000 1841705000
21.20    3.91    52.156
21.20 16.00   0.738   1.367
21.20 16.00   2.105    63.999
21.20 16.00   1.894   1.031   2.105   0.469
21.20 16.00   1.896   1.024   2.105   0.461

21.21  0.00   0.433   0.426   0.026   0.074   0.001   0.004   0.325   0.002   0.000   0.002   0.000 1842573000
21.21    3.91    52.151
21.21 16.00   0.738   1.367
21.21 16.00   2.105    63.997
21.21 16.00   1.894   1.031   2.105   0.469
21.21 16.00   1.896   1.024   2.105   0.461

21.22  0.00   0.433   0.426   0.026   0.074   0.001   0.004   0.325   0.002   0.000   0.002   0.000 1843442000
21.22    3.91    52.145
21.22 16.00   0.738   1.367
21.22 16.00   2.105    63.995
21.22 16.00   1.894   1.031   2.105   0.469
21.22 16.00   1.896   1.024   2.105   0.461

21.23  0.00   0.433   0.426   0.026   0.074   0.001   0.004   0.325   0.002   0.000   0.002   0.000 1844311000
21.23    3.91    52.139
21.23 16.00   0.737   1.367
21.23 16.00   2.105    63.993
21.23 16.00   1.894   1.031   2.105   0.469
21.23 16.00   1.896   1.024   2.105   0.461

21.24  0.00   0.433   0.426   0.026   0.074   0.001   0.004   0.325   0.002   0.000   0.002   0.000 1845179000
21.24    3.91    52.134
21.24 16.00   0.737   1.367
21.24 16.00   2.104    63.991
21.24 16.00   1.894   1.031   2.104   0.469
21.24 16.00   1.896   1.024   2.104   0.461

21.25  0.00   0.433   0.426   0.026   0.074   0.001   0.004   0.325   0.002   0.000   0.002   0.000 1846048000
21.25    3.91    52.128
21.25 16.00   0.737   1.367
21.25 16.00   2.104    63.990
21.25 16.00   1.894   1.030   2.104   0.469
21.25 16.00   1.896   1.024   2.104   0.461

21.26  0.00   0.433   0.426   0.026   0.074   0.001   0.004   0.325   0.002   0.000   0.002   0.000 1846917000
21.26    3.91    52.123
21.26 16.00   0.737   1.367
21.26 16.00   2.104    63.988
21.26 16.00   1.894   1.030   2.104   0.469
21.26 16.00   1.896   1.024   2.104   0.461

21.27  0.00   0.433   0.426   0.026   0.074   0.001   0.004   0.325   0.002   0.000   0.002   0.000 1847786000
21.27    3.91    52.117
21.27 16.00   0.737   1.367
21.27 16.00   2.104    63.986
21.27 16.00   1.893   1.030   2.104   0.469
21.27 16.00   1.895   1.024   2.104   0.461

21.28  0.00   0.433   0.426   0.026   0.074   0.001   0.004   0.325   0.002   0.000   0.002   0.000 1848654000
21.28    3.91    52.112
21.28 16.00   0.737   1.367
21.28 16.00   2.104    63.984
21.28 16.00   1.893   1.030   2.104   0.469
21.28 16.00   1.895   1.023   2.104   0.461

21.29  0.00   0.433   0.426   0.026   0.074   0.001   0.004   0.325   0.002   0.000   0.002   0.000 1849523000
21.29    3.91    52.106
21.29 16.00   0.737   1.367
21.29 16.00   2.104    63.982
21.29 16.00   1.893   1.030   2.104   0.469
21.29 16.00   1.895   1.023   2.104   0.461

21.30  0.00   0.433   0.426   0.026   0.074   0.001   0.004   0.325   0.002   0.000   0.002   0.000 1850392000
21.30    3.91    52.101
21.30 16.00   0.737   1.367
21.30 16.00   2.104    63.980
21.30 16.00   1.893   1.030   2.104   0.469
21.30 16.00   1.895   1.023   2.104   0.461

21.31  0.00   0.433   0.426   0.026   0.074   0.001   0.004   0.325   0.002   0.000   0.002   0.000 1851260000
21.31    3.91    52.095
21.31 16.00   0.736   1.367
21.31 16.00   2.104    63.979
21.31 16.00   1.893   1.030   2.104   0.469
21.31 16.00   1.895   1.023   2.104   0.461

21.32  0.00   0.433   0.426   0.026   0.074   0.001   0.004   0.325   0.002   0.000   0.002   0.000 1852129000
21.32    3.91    52.090
21.32 16.00   0.736   1.367
21.32 16.00   2.104    63.977
21.32 16.00   1.893   1.030   2.104   0.469
21.32 16.00   1.895   1.023   2.104   0.461

21.33  0.00   0.433   0.426   0.026   0.074   0.001   0.004   0.325   0.002   0.000   0.002   0.000 1852998000
21.33    3.91    52.084
21.33 16.00   0.736   1.367
21.33 16.00   2.103    63.975
21.33 16.00   1.893   1.030   2.103   0.469
21.33 16.00   1.895   1.023   2.103   0.461

21.34  0.00   0.433   0.426   0.026   0.074   0.001   0.004   0.325   0.002   0.000   0.002   0.000 1853867000
21.34    3.91    52.079
21.34 16.00   0.736   1.367
21.34 16.00   2.103    63.973
21.34 16.00   1.893   1.030   2.103   0.469
21.34 16.00   1.895   1.023   2.103   0.461

21.35  0.00   0.433   0.426   0.026   0.074   0.001   0.004   0.325   0.002   0.000   0.002   0.000 1854735000
21.35    3.91    52.073
21.35 16.00   0.736   1.367
21.35 16.00   2.103    63.971
21.35 16.00   1.893   1.030   2.103   0.469
21.35 16.00   1.895   1.023   2.103   0.461

21.36  0.00   0.433   0.426   0.026   0.074   0.001   0.004   0.325   0.002   0.000   0.002   0.000 1855604000
21.36    3.91    52.068
21.36 16.00   0.736   1.367
21.36 16.00   2.103    63.970
21.36 16.00   1.892   1.030   2.103   0.469
21.36 16.00   1.894   1.023   2.103   0.461

21.37  0.00   0.433   0.426   0.026   0.074   0.001   0.004   0.325   0.002   0.000   0.002   0.000 1856473000
21.37    3.91    52.062
21.37 16.00   0.736   1.367
21.37 16.00   2.103    63.968
21.37 16.00   1.892   1.030   2.103   0.469
21.37 16.00   1.894   1.023   2.103   0.461

21.38  0.00   0.433   0.426   0.026   0.074   0.001   0.004   0.325   0.002   0.000   0.002   0.000 1857341000
21.38    3.91    52.057
21.38 16.00   0.736   1.367
21.38 16.00   2.103    63.966
21.38 16.00   1.892   1.030   2.103   0.469
21.38 16.00   1.894   1.023   2.103   0.461

21.39  0.00   0.433   0.426   0.026   0.074   0.001   0.004   0.325   0.002   0.000   0.002   0.000 1858210000
21.39    3.90    52.051
21.39 16.00   0.736   1.367
21.39 16.00   2.103    63.964
21.39 16.00   1.892   1.030   2.103   0.469
21.39 16.00   1.894   1.023   2.103   0.461

21.40  0.00   0.433   0.426   0.026   0.074   0.001   0.004   0.325   0.002   0.000   0.002   0.000 1859079000
21.40    3.90    52.046
21.40 16.00   0.735   1.367
21.40 16.00   2.103    63.962
21.40 16.00   1.892   1.030   2.103   0.469
21.40 16.00   1.894   1.023   2.103   0.461

21.41  0.00   0.433   0.426   0.026   0.074   0.001   0.004   0.325   0.002   0.000   0.002   0.000 1859948000
21.41    3.90    52.040
21.41 16.00   0.735   1.367
21.41 16.00   2.103    63.960
21.41 16.00   1.892   1.030   2.103   0.468
21.41 16.00   1.894   1.023   2.103   0.461

21.42  0.00   0.433   0.426   0.026   0.074   0.001   0.004   0.325   0.002   0.000   0.002   0.000 1860817000
21.42    3.90    52.035
21.42 16.00   0.735   1.367
21.42 16.00   2.102    63.959
21.42 16.00   1.892   1.030   2.102   0.468
21.42 16.00   1.894   1.023   2.102   0.461

21.43  0.00   0.433   0.426   0.026   0.074   0.001   0.004   0.325   0.002   0.000   0.002   0.000 1861685000
21.43    3.90    52.029
21.43 16.00   0.735   1.367
21.43 16.00   2.102    63.957
21.43 16.00   1.892   1.030   2.102   0.468
21.43 16.00   1.894   1.023   2.102   0.461

21.44  0.00   0.433   0.426   0.026   0.074   0.001   0.004   0.325   0.002   0.000   0.002   0.000 1862554000
21.44    3.90    52.024
21.44 16.00   0.735   1.367
21.44 16.00   2.102    63.955
21.44 16.00   1.892   1.030   2.102   0.468
21.44 16.00   1.894   1.023   2.102   0.461

21.45  0.00   0.433   0.426   0.026   0.074   0.001   0.004   0.325   0.002   0.000   0.002   0.000 1863423000
21.45    3.90    52.018
21.45 16.00   0.735   1.367
21.45 16.00   2.102    63.953
21.45 16.00   1.892   1.030   2.102   0.468
21.45 16.00   1.893   1.023   2.102   0.461

21.46  0.00   0.433   0.426   0.026   0.074   0.001   0.004   0.325   0.002   0.000   0.002   0.000 1864291000
21.46    3.90    52.013
21.46 16.00   0.735   1.367
21.46 16.00   2.102    63.951
21.46 16.00   1.891   1.030   2.102   0.468
21.46 16.00   1.893   1.023   2.102   0.461

21.47  0.00   0.433   0.426   0.026   0.074   0.001   0.004   0.325   0.002   0.000   0.002   0.000 1865160000
21.47    3.90    52.007
21.47 16.00   0.735   1.367
21.47 16.00   2.102    63.950
21.47 16.00   1.891   1.030   2.102   0.468
21.47 16.00   1.893   1.023   2.102   0.461

21.48  0.00   0.433   0.426   0.026   0.074   0.001   0.004   0.325   0.002   0.000   0.002   0.000 1866029000
21.48    3.90    52.002
21.48 16.00   0.735   1.367
21.48 16.00   2.102    63.948
21.48 16.00   1.891   1.030   2.102   0.468
21.48 16.00   1.893   1.023   2.102   0.461

21.49  0.00   0.433   0.426   0.026   0.074   0.001   0.004   0.325   0.002   0.000   0.002   0.000 1866898000
21.49    3.90    51.996
21.49 16.00   0.734   1.367
21.49 16.00   2.102    63.946
21.49 16.00   1.891   1.030   2.102   0.468
21.49 16.00   1.893   1.023   2.102   0.461

21.50  0.00   0.433   0.426   0.026   0.074   0.001   0.004   0.325   0.002   0.000   0.002   0.000 1867766000
21.50    3.90    51.991
21.50 16.00   0.734   1.367
21.50 16.00   2.102    63.944
21.50 16.00   1.891   1.030   2.102   0.468
21.50 16.00   1.893   1.023   2.102   0.461

21.51  0.00   0.433   0.426   0.026   0.074   0.001   0.004   0.325   0.002   0.000   0.002   0.000 1868635000
21.51    3.90    51.985
21.51 16.00   0.734   1.367
21.51 16.00   2.101    63.943
21.51 16.00   1.891   1.030   2.101   0.468
21.51 16.00   1.893   1.023   2.101   0.461

21.52  0.00   0.433   0.426   0.026   0.074   0.001   0.004   0.325   0.002   0.000   0.002   0.000 1869504000
21.52    3.90    51.980
21.52 16.00   0.734   1.367
21.52 16.00   2.101    63.941
21.52 16.00   1.891   1.029   2.101   0.468
21.52 16.00   1.893   1.023   2.101   0.461

21.53  0.00   0.433   0.426   0.026   0.074   0.001   0.004   0.325   0.002   0.000   0.002   0.000 1870373000
21.53    3.90    51.974
21.53 16.00   0.734   1.367
21.53 16.00   2.101    63.939
21.53 16.00   1.891   1.029   2.101   0.468
21.53 16.00   1.893   1.023   2.101   0.461

21.54  0.00   0.433   0.426   0.026   0.074   0.001   0.004   0.325   0.002   0.000   0.002   0.000 1871241000
21.54    3.90    51.969
21.54 16.00   0.734   1.367
21.54 16.00   2.101    63.937
21.54 16.00   1.891   1.029   2.101   0.468
21.54 16.00   1.893   1.023   2.101   0.461

21.55  0.00   0.433   0.426   0.026   0.074   0.001   0.004   0.325   0.002   0.000   0.002   0.000 1872110000
21.55    3.90    51.963
21.55 16.00   0.734   1.367
21.55 16.00   2.101    63.935
21.55 16.00   1.890   1.029   2.101   0.468
21.55 16.00   1.892   1.022   2.101   0.461

21.56  0.00   0.433   0.426   0.026   0.074   0.001   0.004   0.325   0.002   0.000   0.002   0.000 1872979000
21.56    3.90    51.958
21.56 16.00   0.734   1.367
21.56 16.00   2.101    63.934
21.56 16.00   1.890   1.029   2.101   0.468
21.56 16.00   1.892   1.022   2.101   0.461

21.57  0.00   0.433   0.426   0.026   0.074   0.001   0.004   0.325   0.002   0.000   0.002   0.000 1873847000
21.57    3.90    51.953
21.57 16.00   0.734   1.367
21.57 16.00   2.101    63.932
21.57 16.00   1.890   1.029   2.101   0.468
21.57 16.00   1.892   1.022   2.101   0.461

21.58  0.00   0.433   0.426   0.026   0.074   0.001   0.004   0.325   0.002   0.000   0.002   0.000 1874716000
21.58    3.89    51.947
21.58 16.00   0.733   1.367
21.58 16.00   2.101    63.930
21.58 16.00   1.890   1.029   2.101   0.468
21.58 16.00   1.892   1.022   2.101   0.461

21.59  0.00   0.433   0.426   0.026   0.074   0.001   0.004   0.325   0.002   0.000   0.002   0.000 1875585000
21.59    3.89    51.942
21.59 16.00   0.733   1.367
21.59 16.00   2.101    63.928
21.59 16.00   1.890   1.029   2.101   0.468
21.59 16.00   1.892   1.022   2.101   0.461

21.60  0.00   0.433   0.426   0.026   0.074   0.001   0.004   0.325   0.002   0.000   0.002   0.000 1876454000
21.60    3.89    51.936
21.60 16.00   0.733   1.367
21.60 16.00   2.100    63.926
21.60 16.00   1.890   1.029   2.100   0.468
21.60 16.00   1.892   1.022   2.100   0.461

21.61  0.00   0.433   0.426   0.026   0.074   0.001   0.004   0.325   0.002   0.000   0.002   0.000 1877322000
21.61    3.89    51.931
21.61 16.00   0.733   1.367
21.61 16.00   2.100    63.925
21.61 16.00   1.890   1.029   2.100   0.468
21.61 16.00   1.892   1.022   2.100   0.461

21.62  0.00   0.433   0.426   0.026   0.074   0.001   0.004   0.325   0.002   0.000   0.002   0.000 1878191000
21.62    3.89    51.925
21.62 16.00   0.733   1.367
21.62 16.00   2.100    63.923
21.62 16.00   1.890   1.029   2.100   0.468
21.62 16.00   1.892   1.022   2.100   0.461

21.63  0.00   0.433   0.426   0.026   0.074   0.001   0.004   0.325   0.002   0.000   0.002   0.000 1879060000
21.63    3.89    51.920
21.63 16.00   0.733   1.367
21.63 16.00   2.100    63.921
21.63 16.00   1.890   1.029   2.100   0.468
21.63 16.00   1.892   1.022   2.100   0.461

21.64  0.00   0.433   0.426   0.026   0.074   0.001   0.004   0.325   0.002   0.000   0.002   0.000 1879928000
21.64    3.89    51.915
21.64 16.00   0.733   1.367
21.64 16.00   2.100    63.919
21.64 16.00   1.890   1.029   2.100   0.468
21.64 16.00   1.892   1.022   2.100   0.461

21.65  0.00   0.433   0.426   0.026   0.074   0.001   0.004   0.325   0.002   0.000   0.002   0.000 1880797000
21.65    3.89    51.909
21.65 16.00   0.733   1.367
21.65 16.00   2.100    63.918
21.65 16.00   1.889   1.029   2.100   0.468
21.65 16.00   1.891   1.022   2.100   0.461

21.66  0.00   0.433   0.426   0.026   0.074   0.001   0.004   0.325   0.002   0.000   0.002   0.000 1881666000
21.66    3.89    51.904
21.66 16.00   0.733   1.367
21.66 16.00   2.100    63.916
21.66 16.00   1.889   1.029   2.100   0.468
21.66 16.00   1.891   1.022   2.100   0.461

21.67  0.00   0.433   0.426   0.026   0.074   0.001   0.004   0.325   0.002   0.000   0.002   0.000 1882535000
21.67    3.89    51.898
21.67 16.00   0.732   1.367
21.67 16.00   2.100    63.914
21.67 16.00   1.889   1.029   2.100   0.468
21.67 16.00   1.891   1.022   2.100   0.461

21.68  0.00   0.433   0.426   0.026   0.074   0.001   0.004   0.325   0.002   0.000   0.002   0.000 1883403000
21.68    3.89    51.893
21.68 16.00   0.732   1.367
21.68 16.00   2.100    63.912
21.68 16.00   1.889   1.029   2.100   0.468
21.68 16.00   1.891   1.022   2.100   0.461

21.69  0.00   0.433   0.426   0.026   0.074   0.001   0.004   0.325   0.002   0.000   0.002   0.000 1884272000
21.69    3.89    51.887
21.69 16.00   0.732   1.367
21.69 16.00   2.099    63.911
21.69 16.00   1.889   1.029   2.099   0.468
21.69 16.00   1.891   1.022   2.099   0.461

21.70  0.00   0.433   0.426   0.026   0.074   0.001   0.004   0.325   0.002   0.000   0.002   0.000 1885141000
21.70    3.89    51.882
21.70 16.00   0.732   1.367
21.70 16.00   2.099    63.909
21.70 16.00   1.889   1.029   2.099   0.468
21.70 16.00   1.891   1.022   2.099   0.461

21.71  0.00   0.433   0.426   0.026   0.074   0.001   0.004   0.325   0.002   0.000   0.002   0.000 1886009000
21.71    3.89    51.877
21.71 16.00   0.732   1.367
21.71 16.00   2.099    63.907
21.71 16.00   1.889   1.029   2.099   0.468
21.71 16.00   1.891   1.022   2.099   0.461

21.72  0.00   0.433   0.426   0.026   0.074   0.001   0.004   0.325   0.002   0.000   0.002   0.000 1886878000
21.72    3.89    51.871
21.72 16.00   0.732   1.367
21.72 16.00   2.099    63.905
21.72 16.00   1.889   1.029   2.099   0.468
21.72 16.00   1.891   1.022   2.099   0.461

21.73  0.00   0.433   0.426   0.026   0.074   0.001   0.004   0.325   0.002   0.000   0.002   0.000 1887747000
21.73    3.89    51.866
21.73 16.00   0.732   1.367
21.73 16.00   2.099    63.904
21.73 16.00   1.889   1.029   2.099   0.468
21.73 16.00   1.891   1.022   2.099   0.461

21.74  0.00   0.433   0.426   0.026   0.074   0.001   0.004   0.325   0.002   0.000   0.002   0.000 1888616000
21.74    3.89    51.860
21.74 16.00   0.732   1.367
21.74 16.00   2.099    63.902
21.74 16.00   1.888   1.029   2.099   0.468
21.74 16.00   1.890   1.022   2.099   0.461

21.75  0.00   0.433   0.426   0.026   0.074   0.001   0.004   0.325   0.002   0.000   0.002   0.000 1889485000
21.75    3.89    51.855
21.75 16.00   0.732   1.367
21.75 16.00   2.099    63.900
21.75 16.00   1.888   1.029   2.099   0.468
21.75 16.00   1.890   1.022   2.099   0.461

21.76  0.00   0.433   0.426   0.026   0.074   0.001   0.004   0.325   0.002   0.000   0.002   0.000 1890353000
21.76    3.89    51.850
21.76 16.00   0.731   1.367
21.76 16.00   2.099    63.898
21.76 16.00   1.888   1.029   2.099   0.468
21.76 16.00   1.890   1.022   2.099   0.461

21.77  0.00   0.433   0.426   0.026   0.074   0.001   0.004   0.325   0.002   0.000   0.002   0.000 1891222000
21.77    3.89    51.844
21.77 16.00   0.731   1.367
21.77 16.00   2.099    63.897
21.77 16.00   1.888   1.029   2.099   0.468
21.77 16.00   1.890   1.022   2.099   0.461

21.78  0.00   0.433   0.426   0.026   0.074   0.001   0.004   0.325   0.002   0.000   0.002   0.000 1892091000
21.78    3.88    51.839
21.78 16.00   0.731   1.367
21.78 16.00   2.098    63.895
21.78 16.00   1.888   1.028   2.098   0.468
21.78 16.00   1.890   1.022   2.098   0.461

21.79  0.00   0.433   0.426   0.026   0.074   0.001   0.004   0.325   0.002   0.000   0.002   0.000 1892959000
21.79    3.88    51.833
21.79 16.00   0.731   1.367
21.79 16.00   2.098    63.893
21.79 16.00   1.888   1.028   2.098   0.468
21.79 16.00   1.890   1.022   2.098   0.461

21.80  0.00   0.433   0.426   0.026   0.074   0.001   0.004   0.325   0.002   0.000   0.002   0.000 1893828000
21.80    3.88    51.828
21.80 16.00   0.731   1.367
21.80 16.00   2.098    63.891
21.80 16.00   1.888   1.028   2.098   0.468
21.80 16.00   1.890   1.022   2.098   0.461

21.81  0.00   0.433   0.426   0.026   0.074   0.001   0.004   0.325   0.002   0.000   0.002   0.000 1894697000
21.81    3.88    51.823
21.81 16.00   0.731   1.367
21.81 16.00   2.098    63.890
21.81 16.00   1.888   1.028   2.098   0.468
21.81 16.00   1.890   1.021   2.098   0.461

21.82  0.00   0.433   0.426   0.026   0.074   0.001   0.004   0.325   0.002   0.000   0.002   0.000 1895566000
21.82    3.88    51.817
21.82 16.00   0.731   1.367
21.82 16.00   2.098    63.888
21.82 16.00   1.888   1.028   2.098   0.468
21.82 16.00   1.890   1.021   2.098   0.461

21.83  0.00   0.433   0.426   0.026   0.074   0.001   0.004   0.325   0.002   0.000   0.002   0.000 1896434000
21.83    3.88    51.812
21.83 16.00   0.731   1.367
21.83 16.00   2.098    63.886
21.83 16.00   1.888   1.028   2.098   0.468
21.83 16.00   1.890   1.021   2.098   0.461

21.84  0.00   0.433   0.426   0.026   0.074   0.001   0.004   0.325   0.002   0.000   0.002   0.000 1897303000
21.84    3.88    51.806
21.84 16.00   0.731   1.367
21.84 16.00   2.098    63.884
21.84 16.00   1.887   1.028   2.098   0.468
21.84 16.00   1.889   1.021   2.098   0.461

21.85  0.00   0.433   0.426   0.026   0.074   0.001   0.004   0.325   0.002   0.000   0.002   0.000 1898172000
21.85    3.88    51.801
21.85 16.00   0.731   1.367
21.85 16.00   2.098    63.883
21.85 16.00   1.887   1.028   2.098   0.468
21.85 16.00   1.889   1.021   2.098   0.461

21.86  0.00   0.433   0.426   0.026   0.074   0.001   0.004   0.325   0.002   0.000   0.002   0.000 1899041000
21.86    3.88    51.796
21.86 16.00   0.730   1.367
21.86 16.00   2.098    63.881
21.86 16.00   1.887   1.028   2.098   0.468
21.86 16.00   1.889   1.021   2.098   0.461

21.87  0.00   0.433   0.426   0.026   0.074   0.001   0.004   0.325   0.002   0.000   0.002   0.000 1899909000
21.87    3.88    51.790
21.87 16.00   0.730   1.367
21.87 16.00   2.097    63.879
21.87 16.00   1.887   1.028   2.097   0.468
21.87 16.00   1.889   1.021   2.097   0.461

21.88  0.00   0.433   0.426   0.026   0.074   0.001   0.004   0.325   0.002   0.000   0.002   0.000 1900778000
21.88    3.88    51.785
21.88 16.00   0.730   1.367
21.88 16.00   2.097    63.877
21.88 16.00   1.887   1.028   2.097   0.468
21.88 16.00   1.889   1.021   2.097   0.461

21.89  0.00   0.433   0.426   0.026   0.074   0.001   0.004   0.325   0.002   0.000   0.002   0.000 1901647000
21.89    3.88    51.780
21.89 16.00   0.730   1.367
21.89 16.00   2.097    63.876
21.89 16.00   1.887   1.028   2.097   0.468
21.89 16.00   1.889   1.021   2.097   0.461

21.90  0.00   0.433   0.426   0.026   0.074   0.001   0.004   0.325   0.002   0.000   0.002   0.000 1902515000
21.90    3.88    51.774
21.90 16.00   0.730   1.367
21.90 16.00   2.097    63.874
21.90 16.00   1.887   1.028   2.097   0.468
21.90 16.00   1.889   1.021   2.097   0.461

21.91  0.00   0.433   0.426   0.026   0.074   0.001   0.004   0.325   0.002   0.000   0.002   0.000 1903384000
21.91    3.88    51.769
21.91 16.00   0.730   1.367
21.91 16.00   2.097    63.872
21.91 16.00   1.887   1.028   2.097   0.468
21.91 16.00   1.889   1.021   2.097   0.461

21.92  0.00   0.433   0.426   0.026   0.074   0.001   0.004   0.325   0.002   0.000   0.002   0.000 1904253000
21.92    3.88    51.763
21.92 16.00   0.730   1.367
21.92 16.00   2.097    63.870
21.92 16.00   1.887   1.028   2.097   0.468
21.92 16.00   1.889   1.021   2.097   0.461

21.93  0.00   0.433   0.426   0.026   0.074   0.001   0.004   0.325   0.002   0.000   0.002   0.000 1905122000
21.93    3.88    51.758
21.93 16.00   0.730   1.367
21.93 16.00   2.097    63.869
21.93 16.00   1.887   1.028   2.097   0.468
21.93 16.00   1.889   1.021   2.097   0.461

21.94  0.00   0.433   0.426   0.026   0.074   0.001   0.004   0.325   0.002   0.000   0.002   0.000 1905990000
21.94    3.88    51.753
21.94 16.00   0.730   1.367
21.94 16.00   2.097    63.867
21.94 16.00   1.886   1.028   2.097   0.468
21.94 16.00   1.888   1.021   2.097   0.461

21.95  0.00   0.433   0.426   0.026   0.074   0.001   0.004   0.325   0.002   0.000   0.002   0.000 1906859000
21.95    3.88    51.747
21.95 16.00   0.729   1.367
21.95 16.00   2.097    63.865
21.95 16.00   1.886   1.028   2.097   0.468
21.95 16.00   1.888   1.021   2.097   0.461

21.96  0.00   0.433   0.426   0.026   0.074   0.001   0.004   0.325   0.002   0.000   0.002   0.000 1907728000
21.96    3.88    51.742
21.96 16.00   0.729   1.367
21.96 16.00   2.096    63.864
21.96 16.00   1.886   1.028   2.096   0.468
21.96 16.00   1.888   1.021   2.096   0.461

21.97  0.00   0.433   0.426   0.026   0.074   0.001   0.004   0.325   0.002   0.000   0.002   0.000 1908596000
21.97    3.87    51.737
21.97 16.00   0.729   1.367
21.97 16.00   2.096    63.862
21.97 16.00   1.886   1.028   2.096   0.468
21.97 16.00   1.888   1.021   2.096   0.461

21.98  0.00   0.433   0.426   0.026   0.074   0.001   0.004   0.325   0.002   0.000   0.002   0.000 1909465000
21.98    3.87    51.731
21.98 16.00   0.729   1.367
21.98 16.00   2.096    63.860
21.98 16.00   1.886   1.028   2.096   0.468
21.98 16.00   1.888   1.021   2.096   0.461

21.99  0.00   0.433   0.426   0.026   0.074   0.001   0.004   0.325   0.002   0.000   0.002   0.000 1910334000
21.99    3.87    51.726
21.99 16.00   0.729   1.367
21.99 16.00   2.096    63.858
21.99 16.00   1.886   1.028   2.096   0.468
21.99 16.00   1.888   1.021   2.096   0.461

22.00  0.00   0.433   0.426   0.026   0.074   0.001   0.004   0.325   0.002   0.000   0.002   0.000 1911203000
22.00    3.87    51.721
22.00 16.00   0.729   1.367
22.00 16.00   2.096    63.857
22.00 16.00   1.886   1.028   2.096   0.468
22.00 16.00   1.888   1.021   2.096   0.461

22.01  0.00   0.433   0.426   0.026   0.074   0.001   0.004   0.325   0.002   0.000   0.002   0.000 1912072000
22.01    3.87    51.715
22.01 16.00   0.729   1.367
22.01 16.00   2.096    63.855
22.01 16.00   1.886   1.028   2.096   0.468
22.01 16.00   1.888   1.021   2.096   0.461

22.02  0.00   0.433   0.426   0.026   0.074   0.001   0.004   0.325   0.002   0.000   0.002   0.000 1912940000
22.02    3.87    51.710
22.02 16.00   0.729   1.367
22.02 16.00   2.096    63.853
22.02 16.00   1.886   1.028   2.096   0.468
22.02 16.00   1.888   1.021   2.096   0.461

22.03  0.00   0.432   0.426   0.026   0.074   0.001   0.004   0.325   0.002   0.000   0.002   0.000 1913809000
22.03    3.87    51.705
22.03 16.00   0.729   1.367
22.03 16.00   2.096    63.852
22.03 16.00   1.886   1.028   2.096   0.468
22.03 16.00   1.888   1.021   2.096   0.461

22.04  0.00   0.432   0.426   0.026   0.074   0.001   0.004   0.325   0.002   0.000   0.002   0.000 1914678000
22.04    3.87    51.699
22.04 16.00   0.728   1.367
22.04 16.00   2.096    63.850
22.04 16.00   1.885   1.028   2.096   0.468
22.04 16.00   1.887   1.021   2.096   0.461

22.05  0.00   0.432   0.426   0.026   0.074   0.001   0.004   0.325   0.002   0.000   0.002   0.000 1915546000
22.05    3.87    51.694
22.05 16.00   0.728   1.367
22.05 16.00   2.096    63.848
22.05 16.00   1.885   1.028   2.096   0.468
22.05 16.00   1.887   1.021   2.096   0.461

22.06  0.00   0.432   0.426   0.026   0.074   0.001   0.004   0.325   0.002   0.000   0.002   0.000 1916415000
22.06    3.87    51.689
22.06 16.00   0.728   1.367
22.06 16.00   2.095    63.846
22.06 16.00   1.885   1.027   2.095   0.468
22.06 16.00   1.887   1.021   2.095   0.461

22.07  0.00   0.432   0.426   0.026   0.074   0.001   0.004   0.325   0.002   0.000   0.002   0.000 1917284000
22.07    3.87    51.683
22.07 16.00   0.728   1.367
22.07 16.00   2.095    63.845
22.07 16.00   1.885   1.027   2.095   0.468
22.07 16.00   1.887   1.021   2.095   0.461

22.08  0.00   0.432   0.426   0.026   0.074   0.001   0.004   0.325   0.002   0.000   0.002   0.000 1918153000
22.08    3.87    51.678
22.08 16.00   0.728   1.367
22.08 16.00   2.095    63.843
22.08 16.00   1.885   1.027   2.095   0.468
22.08 16.00   1.887   1.021   2.095   0.461

22.09  0.00   0.432   0.426   0.026   0.074   0.001   0.004   0.325   0.002   0.000   0.002   0.000 1919021000
22.09    3.87    51.673
22.09 16.00   0.728   1.367
22.09 16.00   2.095    63.841
22.09 16.00   1.885   1.027   2.095   0.468
22.09 16.00   1.887   1.020   2.095   0.461

22.10  0.00   0.432   0.426   0.026   0.074   0.001   0.004   0.325   0.002   0.000   0.002   0.000 1919890000
22.10    3.87    51.667
22.10 16.00   0.728   1.367
22.10 16.00   2.095    63.840
22.10 16.00   1.885   1.027   2.095   0.468
22.10 16.00   1.887   1.020   2.095   0.461

22.11  0.00   0.432   0.426   0.026   0.074   0.001   0.004   0.325   0.002   0.000   0.002   0.000 1920759000
22.11    3.87    51.662
22.11 16.00   0.728   1.367
22.11 16.00   2.095    63.838
22.11 16.00   1.885   1.027   2.095   0.468
22.11 16.00   1.887   1.020   2.095   0.461

22.12  0.00   0.432   0.426   0.026   0.073   0.001   0.004   0.325   0.002   0.000   0.002   0.000 1921628000
22.12    3.87    51.657
22.12 16.00   0.728   1.367
22.12 16.00   2.095    63.836
22.12 16.00   1.885   1.027   2.095   0.468
22.12 16.00   1.887   1.020   2.095   0.461

22.13  0.00   0.432   0.426   0.026   0.073   0.001   0.004   0.325   0.002   0.000   0.002   0.000 1922496000
22.13    3.87    51.651
22.13 16.00   0.728   1.367
22.13 16.00   2.095    63.835
22.13 16.00   1.885   1.027   2.095   0.468
22.13 16.00   1.887   1.020   2.095   0.461

22.14  0.00   0.432   0.426   0.026   0.073   0.001   0.004   0.325   0.002   0.000   0.002   0.000 1923365000
22.14    3.87    51.646
22.14 16.00   0.727   1.367
22.14 16.00   2.095    63.833
22.14 16.00   1.884   1.027   2.095   0.468
22.14 16.00   1.886   1.020   2.095   0.461

22.15  0.00   0.432   0.426   0.026   0.073   0.001   0.004   0.325   0.002   0.000   0.002   0.000 1924234000
22.15    3.87    51.641
22.15 16.00   0.727   1.367
22.15 16.00   2.094    63.831
22.15 16.00   1.884   1.027   2.094   0.468
22.15 16.00   1.886   1.020   2.094   0.461

22.16  0.00   0.432   0.426   0.026   0.073   0.001   0.004   0.325   0.002   0.000   0.002   0.000 1925102000
22.16    3.87    51.635
22.16 16.00   0.727   1.367
22.16 16.00   2.094    63.829
22.16 16.00   1.884   1.027   2.094   0.468
22.16 16.00   1.886   1.020   2.094   0.461

22.17  0.00   0.432   0.426   0.026   0.073   0.001   0.004   0.325   0.002   0.000   0.002   0.000 1925971000
22.17    3.86    51.630
22.17 16.00   0.727   1.367
22.17 16.00   2.094    63.828
22.17 16.00   1.884   1.027   2.094   0.468
22.17 16.00   1.886   1.020   2.094   0.461

22.18  0.00   0.432   0.426   0.026   0.073   0.001   0.004   0.325   0.002   0.000   0.002   0.000 1926840000
22.18    3.86    51.625
22.18 16.00   0.727   1.367
22.18 16.00   2.094    63.826
22.18 16.00   1.884   1.027   2.094   0.468
22.18 16.00   1.886   1.020   2.094   0.461

22.19  0.00   0.432   0.426   0.026   0.073   0.001   0.004   0.325   0.002   0.000   0.002   0.000 1927709000
22.19    3.86    51.620
22.19 16.00   0.727   1.367
22.19 16.00   2.094    63.824
22.19 16.00   1.884   1.027   2.094   0.468
22.19 16.00   1.886   1.020   2.094   0.461

22.20  0.00   0.432   0.426   0.026   0.073   0.001   0.004   0.325   0.002   0.000   0.002   0.000 1928577000
22.20    3.86    51.614
22.20 16.00   0.727   1.367
22.20 16.00   2.094    63.823
22.20 16.00   1.884   1.027   2.094   0.468
22.20 16.00   1.886   1.020   2.094   0.461

22.21  0.00   0.432   0.426   0.026   0.073   0.001   0.004   0.325   0.002   0.000   0.002   0.000 1929446000
22.21    3.86    51.609
22.21 16.00   0.727   1.367
22.21 16.00   2.094    63.821
22.21 16.00   1.884   1.027   2.094   0.468
22.21 16.00   1.886   1.020   2.094   0.461

22.22  0.00   0.432   0.426   0.026   0.073   0.001   0.004   0.325   0.002   0.000   0.002   0.000 1930315000
22.22    3.86    51.604
22.22 16.00   0.727   1.367
22.22 16.00   2.094    63.819
22.22 16.00   1.884   1.027   2.094   0.468
22.22 16.00   1.886   1.020   2.094   0.461

22.23  0.00   0.432   0.426   0.026   0.073   0.001   0.004   0.325   0.002   0.000   0.002   0.000 1931183000
22.23    3.86    51.598
22.23 16.00   0.726   1.367
22.23 16.00   2.094    63.818
22.23 16.00   1.884   1.027   2.094   0.468
22.23 16.00   1.886   1.020   2.094   0.461

22.24  0.00   0.432   0.426   0.026   0.073   0.001   0.004   0.325   0.002   0.000   0.002   0.000 1932052000
22.24    3.86    51.593
22.24 16.00   0.726   1.367
22.24 16.00   2.094    63.816
22.24 16.00   1.883   1.027   2.094   0.468
22.24 16.00   1.885   1.020   2.094   0.461

22.25  0.00   0.432   0.426   0.026   0.073   0.001   0.004   0.325   0.002   0.000   0.002   0.000 1932921000
22.25    3.86    51.588
22.25 16.00   0.726   1.367
22.25 16.00   2.093    63.814
22.25 16.00   1.883   1.027   2.093   0.468
22.25 16.00   1.885   1.020   2.093   0.461

22.26  0.00   0.432   0.426   0.026   0.073   0.001   0.004   0.325   0.002   0.000   0.002   0.000 1933790000
22.26    3.86    51.583
22.26 16.00   0.726   1.367
22.26 16.00   2.093    63.813
22.26 16.00   1.883   1.027   2.093   0.468
22.26 16.00   1.885   1.020   2.093   0.461

22.27  0.00   0.432   0.426   0.026   0.073   0.001   0.004   0.325   0.002   0.000   0.002   0.000 1934658000
22.27    3.86    51.577
22.27 16.00   0.726   1.367
22.27 16.00   2.093    63.811
22.27 16.00   1.883   1.027   2.093   0.468
22.27 16.00   1.885   1.020   2.093   0.461

22.28  0.00   0.432   0.426   0.026   0.073   0.001   0.004   0.325   0.002   0.000   0.002   0.000 1935527000
22.28    3.86    51.572
22.28 16.00   0.726   1.367
22.28 16.00   2.093    63.809
22.28 16.00   1.883   1.027   2.093   0.468
22.28 16.00   1.885   1.020   2.093   0.461

22.29  0.00   0.432   0.426   0.026   0.073   0.001   0.004   0.325   0.002   0.000   0.002   0.000 1936396000
22.29    3.86    51.567
22.29 16.00   0.726   1.367
22.29 16.00   2.093    63.808
22.29 16.00   1.883   1.027   2.093   0.468
22.29 16.00   1.885   1.020   2.093   0.461

22.30  0.00   0.432   0.426   0.026   0.073   0.001   0.004   0.325   0.002   0.000   0.002   0.000 1937265000
22.30    3.86    51.561
22.30 16.00   0.726   1.367
22.30 16.00   2.093    63.806
22.30 16.00   1.883   1.027   2.093   0.468
22.30 16.00   1.885   1.020   2.093   0.461

22.31  0.00   0.432   0.426   0.026   0.073   0.001   0.004   0.325   0.002   0.000   0.002   0.000 1938133000
22.31    3.86    51.556
22.31 16.00   0.726   1.367
22.31 16.00   2.093    63.804
22.31 16.00   1.883   1.027   2.093   0.468
22.31 16.00   1.885   1.020   2.093   0.461

22.32  0.00   0.432   0.426   0.026   0.073   0.001   0.004   0.325   0.002   0.000   0.002   0.000 1939002000
22.32    3.86    51.551
22.32 16.00   0.726   1.367
22.32 16.00   2.093    63.803
22.32 16.00   1.883   1.027   2.093   0.468
22.32 16.00   1.885   1.020   2.093   0.461

22.33  0.00   0.432   0.426   0.026   0.073   0.001   0.004   0.325   0.002   0.000   0.002   0.000 1939871000
22.33    3.86    51.546
22.33 16.00   0.725   1.367
22.33 16.00   2.093    63.801
22.33 16.00   1.883   1.027   2.093   0.468
22.33 16.00   1.885   1.020   2.093   0.461

22.34  0.00   0.432   0.426   0.026   0.073   0.001   0.004   0.325   0.002   0.000   0.002   0.000 1940740000
22.34    3.86    51.540
22.34 16.00   0.725   1.367
22.34 16.00   2.092    63.799
22.34 16.00   1.882   1.026   2.092   0.468
22.34 16.00   1.884   1.020   2.092   0.461

22.35  0.00   0.432   0.426   0.026   0.073   0.001   0.004   0.325   0.002   0.000   0.002   0.000 1941608000
22.35    3.86    51.535
22.35 16.00   0.725   1.367
22.35 16.00   2.092    63.798
22.35 16.00   1.882   1.026   2.092   0.468
22.35 16.00   1.884   1.020   2.092   0.461

22.36  0.00   0.432   0.426   0.026   0.073   0.001   0.004   0.325   0.002   0.000   0.002   0.000 1942477000
22.36    3.86    51.530
22.36 16.00   0.725   1.367
22.36 16.00   2.092    63.796
22.36 16.00   1.882   1.026   2.092   0.468
22.36 16.00   1.884   1.020   2.092   0.461

22.37  0.00   0.432   0.426   0.026   0.073   0.001   0.004   0.325   0.002   0.000   0.002   0.000 1943346000
22.37    3.85    51.525
22.37 16.00   0.725   1.367
22.37 16.00   2.092    63.794
22.37 16.00   1.882   1.026   2.092   0.468
22.37 16.00   1.884   1.019   2.092   0.461

22.38  0.00   0.432   0.426   0.026   0.073   0.001   0.004   0.325   0.002   0.000   0.002   0.000 1944214000
22.38    3.85    51.519
22.38 16.00   0.725   1.367
22.38 16.00   2.092    63.793
22.38 16.00   1.882   1.026   2.092   0.468
22.38 16.00   1.884   1.019   2.092   0.461

22.39  0.00   0.432   0.426   0.026   0.073   0.001   0.004   0.325   0.002   0.000   0.002   0.000 1945083000
22.39    3.85    51.514
22.39 16.00   0.725   1.367
22.39 16.00   2.092    63.791
22.39 16.00   1.882   1.026   2.092   0.468
22.39 16.00   1.884   1.019   2.092   0.461

22.40  0.00   0.432   0.426   0.026   0.073   0.001   0.004   0.325   0.002   0.000   0.002   0.000 1945952000
22.40    3.85    51.509
22.40 16.00   0.725   1.367
22.40 16.00   2.092    63.789
22.40 16.00   1.882   1.026   2.092   0.468
22.40 16.00   1.884   1.019   2.092   0.461

22.41  0.00   0.432   0.426   0.026   0.073   0.001   0.004   0.325   0.002   0.000   0.002   0.000 1946821000
22.41    3.85    51.503
22.41 16.00   0.725   1.367
22.41 16.00   2.092    63.788
22.41 16.00   1.882   1.026   2.092   0.468
22.41 16.00   1.884   1.019   2.092   0.461

22.42  0.00   0.432   0.426   0.026   0.073   0.001   0.004   0.325   0.002   0.000   0.002   0.000 1947689000
22.42    3.85    51.498
22.42 16.00   0.724   1.367
22.42 16.00   2.092    63.786
22.42 16.00   1.882   1.026   2.092   0.468
22.42 16.00   1.884   1.019   2.092   0.461

22.43  0.00   0.432   0.426   0.026   0.073   0.001   0.004   0.325   0.002   0.000   0.002   0.000 1948558000
22.43    3.85    51.493
22.43 16.00   0.724   1.367
22.43 16.00   2.092    63.784
22.43 16.00   1.882   1.026   2.092   0.468
22.43 16.00   1.884   1.019   2.092   0.461

22.44  0.00   0.432   0.426   0.026   0.073   0.001   0.004   0.325   0.002   0.000   0.002   0.000 1949427000
22.44    3.85    51.488
22.44 16.00   0.724   1.367
22.44 16.00   2.091    63.783
22.44 16.00   1.881   1.026   2.091   0.468
22.44 16.00   1.883   1.019   2.091   0.461

22.45  0.00   0.432   0.426   0.026   0.073   0.001   0.004   0.325   0.002   0.000   0.002   0.000 1950296000
22.45    3.85    51.482
22.45 16.00   0.724   1.367
22.45 16.00   2.091    63.781
22.45 16.00   1.881   1.026   2.091   0.468
22.45 16.00   1.883   1.019   2.091   0.461

22.46  0.00   0.432   0.426   0.026   0.073   0.001   0.004   0.325   0.002   0.000   0.002   0.000 1951164000
22.46    3.85    51.477
22.46 16.00   0.724   1.367
22.46 16.00   2.091    63.779
22.46 16.00   1.881   1.026   2.091   0.468
22.46 16.00   1.883   1.019   2.091   0.461

22.47  0.00   0.432   0.426   0.026   0.073   0.001   0.004   0.325   0.002   0.000   0.002   0.000 1952033000
22.47    3.85    51.472
22.47 16.00   0.724   1.367
22.47 16.00   2.091    63.778
22.47 16.00   1.881   1.026   2.091   0.468
22.47 16.00   1.883   1.019   2.091   0.461

22.48  0.00   0.432   0.426   0.026   0.073   0.001   0.004   0.325   0.002   0.000   0.002   0.000 1952902000
22.48    3.85    51.467
22.48 16.00   0.724   1.367
22.48 16.00   2.091    63.776
22.48 16.00   1.881   1.026   2.091   0.468
22.48 16.00   1.883   1.019   2.091   0.461

22.49  0.00   0.432   0.426   0.026   0.073   0.001   0.004   0.325   0.002   0.000   0.002   0.000 1953770000
22.49    3.85    51.461
22.49 16.00   0.724   1.367
22.49 16.00   2.091    63.774
22.49 16.00   1.881   1.026   2.091   0.468
22.49 16.00   1.883   1.019   2.091   0.461

22.50  0.00   0.432   0.426   0.026   0.073   0.001   0.004   0.325   0.002   0.000   0.002   0.000 1954639000
22.50    3.85    51.456
22.50 16.00   0.724   1.367
22.50 16.00   2.091    63.773
22.50 16.00   1.881   1.026   2.091   0.468
22.50 16.00   1.883   1.019   2.091   0.461

22.51  0.00   0.432   0.426   0.026   0.073   0.001   0.004   0.325   0.002   0.000   0.002   0.000 1955508000
22.51    3.85    51.451
22.51 16.00   0.724   1.367
22.51 16.00   2.091    63.771
22.51 16.00   1.881   1.026   2.091   0.468
22.51 16.00   1.883   1.019   2.091   0.461

22.52  0.00   0.432   0.426   0.026   0.073   0.001   0.004   0.325   0.002   0.000   0.002   0.000 1956377000
22.52    3.85    51.446
22.52 16.00   0.723   1.367
22.52 16.00   2.091    63.769
22.52 16.00   1.881   1.026   2.091   0.468
22.52 16.00   1.883   1.019   2.091   0.461

22.53  0.00   0.432   0.426   0.026   0.073   0.001   0.004   0.325   0.002   0.000   0.002   0.000 1957245000
22.53    3.85    51.441
22.53 16.00   0.723   1.367
22.53 16.00   2.091    63.768
22.53 16.00   1.881   1.026   2.091   0.468
22.53 16.00   1.883   1.019   2.091   0.461

22.54  0.00   0.432   0.426   0.026   0.073   0.001   0.004   0.325   0.002   0.000   0.002   0.000 1958114000
22.54    3.85    51.435
22.54 16.00   0.723   1.367
22.54 16.00   2.090    63.766
22.54 16.00   1.881   1.026   2.090   0.468
22.54 16.00   1.882   1.019   2.090   0.461

22.55  0.00   0.432   0.426   0.026   0.073   0.001   0.004   0.325   0.002   0.000   0.002   0.000 1958983000
22.55    3.85    51.430
22.55 16.00   0.723   1.367
22.55 16.00   2.090    63.765
22.55 16.00   1.880   1.026   2.090   0.468
22.55 16.00   1.882   1.019   2.090   0.461

22.56  0.00   0.432   0.426   0.026   0.073   0.001   0.004   0.325   0.002   0.000   0.002   0.000 1959852000
22.56    3.85    51.425
22.56 16.00   0.723   1.367
22.56 16.00   2.090    63.763
22.56 16.00   1.880   1.026   2.090   0.468
22.56 16.00   1.882   1.019   2.090   0.461

22.57  0.00   0.432   0.426   0.026   0.073   0.001   0.004   0.325   0.002   0.000   0.002   0.000 1960720000
22.57    3.84    51.420
22.57 16.00   0.723   1.367
22.57 16.00   2.090    63.761
22.57 16.00   1.880   1.026   2.090   0.468
22.57 16.00   1.882   1.019   2.090   0.461

22.58  0.00   0.432   0.426   0.026   0.073   0.001   0.004   0.325   0.002   0.000   0.002   0.000 1961589000
22.58    3.84    51.414
22.58 16.00   0.723   1.367
22.58 16.00   2.090    63.760
22.58 16.00   1.880   1.026   2.090   0.468
22.58 16.00   1.882   1.019   2.090   0.461

22.59  0.00   0.432   0.426   0.026   0.073   0.001   0.004   0.325   0.002   0.000   0.002   0.000 1962458000
22.59    3.84    51.409
22.59 16.00   0.723   1.367
22.59 16.00   2.090    63.758
22.59 16.00   1.880   1.026   2.090   0.468
22.59 16.00   1.882   1.019   2.090   0.461

22.60  0.00   0.432   0.426   0.026   0.073   0.001   0.004   0.325   0.002   0.000   0.002   0.000 1963326000
22.60    3.84    51.404
22.60 16.00   0.723   1.367
22.60 16.00   2.090    63.756
22.60 16.00   1.880   1.026   2.090   0.468
22.60 16.00   1.882   1.019   2.090   0.461

22.61  0.00   0.432   0.426   0.026   0.073   0.001   0.004   0.325   0.002   0.000   0.002   0.000 1964195000
22.61    3.84    51.399
22.61 16.00   0.723   1.367
22.61 16.00   2.090    63.755
22.61 16.00   1.880   1.026   2.090   0.468
22.61 16.00   1.882   1.019   2.090   0.461

22.62  0.00   0.432   0.426   0.026   0.073   0.001   0.004   0.325   0.002   0.000   0.002   0.000 1965064000
22.62    3.84    51.393
22.62 16.00   0.722   1.367
22.62 16.00   2.090    63.753
22.62 16.00   1.880   1.026   2.090   0.468
22.62 16.00   1.882   1.019   2.090   0.460

22.63  0.00   0.432   0.426   0.026   0.073   0.001   0.004   0.325   0.002   0.000   0.002   0.000 1965933000
22.63    3.84    51.388
22.63 16.00   0.722   1.367
22.63 16.00   2.089    63.751
22.63 16.00   1.880   1.025   2.089   0.468
22.63 16.00   1.882   1.019   2.089   0.460

22.64  0.00   0.432   0.425   0.026   0.073   0.001   0.004   0.325   0.002   0.000   0.002   0.000 1966801000
22.64    3.84    51.383
22.64 16.00   0.722   1.367
22.64 16.00   2.089    63.750
22.64 16.00   1.880   1.025   2.089   0.468
22.64 16.00   1.882   1.019   2.089   0.460

22.65  0.00   0.432   0.425   0.026   0.073   0.001   0.004   0.325   0.002   0.000   0.002   0.000 1967670000
22.65    3.84    51.378
22.65 16.00   0.722   1.367
22.65 16.00   2.089    63.748
22.65 16.00   1.879   1.025   2.089   0.468
22.65 16.00   1.881   1.019   2.089   0.460

22.66  0.00   0.432   0.425   0.026   0.073   0.001   0.004   0.325   0.002   0.000   0.002   0.000 1968539000
22.66    3.84    51.373
22.66 16.00   0.722   1.367
22.66 16.00   2.089    63.747
22.66 16.00   1.879   1.025   2.089   0.468
22.66 16.00   1.881   1.018   2.089   0.460

22.67  0.00   0.432   0.425   0.026   0.073   0.001   0.004   0.325   0.002   0.000   0.002   0.000 1969408000
22.67    3.84    51.367
22.67 16.00   0.722   1.367
22.67 16.00   2.089    63.745
22.67 16.00   1.879   1.025   2.089   0.468
22.67 16.00   1.881   1.018   2.089   0.460

22.68  0.00   0.432   0.425   0.026   0.073   0.001   0.004   0.325   0.002   0.000   0.002   0.000 1970276000
22.68    3.84    51.362
22.68 16.00   0.722   1.367
22.68 16.00   2.089    63.743
22.68 16.00   1.879   1.025   2.089   0.468
22.68 16.00   1.881   1.018   2.089   0.460

22.69  0.00   0.432   0.425   0.026   0.073   0.001   0.004   0.325   0.002   0.000   0.002   0.000 1971145000
22.69    3.84    51.357
22.69 16.00   0.722   1.367
22.69 16.00   2.089    63.742
22.69 16.00   1.879   1.025   2.089   0.468
22.69 16.00   1.881   1.018   2.089   0.460

22.70  0.00   0.432   0.425   0.026   0.073   0.001   0.004   0.325   0.002   0.000   0.002   0.000 1972014000
22.70    3.84    51.352
22.70 16.00   0.722   1.367
22.70 16.00   2.089    63.740
22.70 16.00   1.879   1.025   2.089   0.468
22.70 16.00   1.881   1.018   2.089   0.460

22.71  0.00   0.432   0.425   0.026   0.073   0.001   0.004   0.324   0.002   0.000   0.002   0.000 1972882000
22.71    3.84    51.347
22.71 16.00   0.722   1.367
22.71 16.00   2.089    63.738
22.71 16.00   1.879   1.025   2.089   0.468
22.71 16.00   1.881   1.018   2.089   0.460

22.72  0.00   0.432   0.425   0.026   0.073   0.001   0.004   0.324   0.002   0.000   0.002   0.000 1973751000
22.72    3.84    51.341
22.72 16.00   0.721   1.367
22.72 16.00   2.089    63.737
22.72 16.00   1.879   1.025   2.089   0.468
22.72 16.00   1.881   1.018   2.089   0.460

22.73  0.00   0.432   0.425   0.026   0.073   0.001   0.004   0.324   0.002   0.000   0.002   0.000 1974620000
22.73    3.84    51.336
22.73 16.00   0.721   1.367
22.73 16.00   2.088    63.735
22.73 16.00   1.879   1.025   2.088   0.468
22.73 16.00   1.881   1.018   2.088   0.460

22.74  0.00   0.432   0.425   0.026   0.073   0.001   0.004   0.324   0.002   0.000   0.002   0.000 1975489000
22.74    3.84    51.331
22.74 16.00   0.721   1.367
22.74 16.00   2.088    63.734
22.74 16.00   1.879   1.025   2.088   0.468
22.74 16.00   1.881   1.018   2.088   0.460

22.75  0.00   0.432   0.425   0.026   0.073   0.001   0.004   0.324   0.002   0.000   0.002   0.000 1976357000
22.75    3.84    51.326
22.75 16.00   0.721   1.367
22.75 16.00   2.088    63.732
22.75 16.00   1.879   1.025   2.088   0.468
22.75 16.00   1.880   1.018   2.088   0.460

22.76  0.00   0.432   0.425   0.026   0.073   0.001   0.004   0.324   0.002   0.000   0.002   0.000 1977226000
22.76    3.84    51.320
22.76 16.00   0.721   1.367
22.76 16.00   2.088    63.730
22.76 16.00   1.878   1.025   2.088   0.468
22.76 16.00   1.880   1.018   2.088   0.460

22.77  0.00   0.432   0.425   0.026   0.073   0.001   0.004   0.324   0.002   0.000   0.002   0.000 1978095000
22.77    3.83    51.315
22.77 16.00   0.721   1.367
22.77 16.00   2.088    63.729
22.77 16.00   1.878   1.025   2.088   0.468
22.77 16.00   1.880   1.018   2.088   0.460

22.78  0.00   0.432   0.425   0.026   0.073   0.001   0.004   0.324   0.002   0.000   0.002   0.000 1978964000
22.78    3.83    51.310
22.78 16.00   0.721   1.367
22.78 16.00   2.088    63.727
22.78 16.00   1.878   1.025   2.088   0.468
22.78 16.00   1.880   1.018   2.088   0.460

22.79  0.00   0.432   0.425   0.026   0.073   0.001   0.004   0.324   0.002   0.000   0.002   0.000 1979832000
22.79    3.83    51.305
22.79 16.00   0.721   1.367
22.79 16.00   2.088    63.726
22.79 16.00   1.878   1.025   2.088   0.468
22.79 16.00   1.880   1.018   2.088   0.460

22.80  0.00   0.432   0.425   0.026   0.073   0.001   0.004   0.324   0.002   0.000   0.002   0.000 1980701000
22.80    3.83    51.300
22.80 16.00   0.721   1.367
22.80 16.00   2.088    63.724
22.80 16.00   1.878   1.025   2.088   0.468
22.80 16.00   1.880   1.018   2.088   0.460

22.81  0.00   0.432   0.425   0.026   0.073   0.001   0.004   0.324   0.002   0.000   0.002   0.000 1981570000
22.81    3.83    51.295
22.81 16.00   0.721   1.367
22.81 16.00   2.088    63.722
22.81 16.00   1.878   1.025   2.088   0.468
22.81 16.00   1.880   1.018   2.088   0.460

22.82  0.00   0.432   0.425   0.026   0.073   0.001   0.004   0.324   0.002   0.000   0.002   0.000 1982438000
22.82    3.83    51.289
22.82 16.00   0.720   1.367
22.82 16.00   2.088    63.721
22.82 16.00   1.878   1.025   2.088   0.468
22.82 16.00   1.880   1.018   2.088   0.460

22.83  0.00   0.432   0.425   0.026   0.073   0.001   0.004   0.324   0.002   0.000   0.002   0.000 1983307000
22.83    3.83    51.284
22.83 16.00   0.720   1.367
22.83 16.00   2.087    63.719
22.83 16.00   1.878   1.025   2.087   0.468
22.83 16.00   1.880   1.018   2.087   0.460

22.84  0.00   0.432   0.425   0.026   0.073   0.001   0.004   0.324   0.002   0.000   0.002   0.000 1984176000
22.84    3.83    51.279
22.84 16.00   0.720   1.367
22.84 16.00   2.087    63.718
22.84 16.00   1.878   1.025   2.087   0.468
22.84 16.00   1.880   1.018   2.087   0.460

22.85  0.00   0.432   0.425   0.026   0.073   0.001   0.004   0.324   0.002   0.000   0.002   0.000 1985045000
22.85    3.83    51.274
22.85 16.00   0.720   1.367
22.85 16.00   2.087    63.716
22.85 16.00   1.878   1.025   2.087   0.468
22.85 16.00   1.880   1.018   2.087   0.460

22.86  0.00   0.432   0.425   0.026   0.073   0.001   0.004   0.324   0.002   0.000   0.002   0.000 1985913000
22.86    3.83    51.269
22.86 16.00   0.720   1.367
22.86 16.00   2.087    63.714
22.86 16.00   1.877   1.025   2.087   0.468
22.86 16.00   1.879   1.018   2.087   0.460

22.87  0.00   0.432   0.425   0.026   0.073   0.001   0.004   0.324   0.002   0.000   0.002   0.000 1986782000
22.87    3.83    51.263
22.87 16.00   0.720   1.367
22.87 16.00   2.087    63.713
22.87 16.00   1.877   1.025   2.087   0.467
22.87 16.00   1.879   1.018   2.087   0.460

22.88  0.00   0.432   0.425   0.026   0.073   0.001   0.004   0.324   0.002   0.000   0.002   0.000 1987651000
22.88    3.83    51.258
22.88 16.00   0.720   1.367
22.88 16.00   2.087    63.711
22.88 16.00   1.877   1.025   2.087   0.467
22.88 16.00   1.879   1.018   2.087   0.460

22.89  0.00   0.432   0.425   0.026   0.073   0.001   0.004   0.324   0.002   0.000   0.002   0.000 1988520000
22.89    3.83    51.253
22.89 16.00   0.720   1.367
22.89 16.00   2.087    63.710
22.89 16.00   1.877   1.025   2.087   0.467
22.89 16.00   1.879   1.018   2.087   0.460

22.90  0.00   0.432   0.425   0.026   0.073   0.001   0.004   0.324   0.002   0.000   0.002   0.000 1989388000
22.90    3.83    51.248
22.90 16.00   0.720   1.367
22.90 16.00   2.087    63.708
22.90 16.00   1.877   1.025   2.087   0.467
22.90 16.00   1.879   1.018   2.087   0.460

22.91  0.00   0.432   0.425   0.026   0.073   0.001   0.004   0.324   0.002   0.000   0.002   0.000 1990257000
22.91    3.83    51.243
22.91 16.00   0.720   1.367
22.91 16.00   2.087    63.706
22.91 16.00   1.877   1.025   2.087   0.467
22.91 16.00   1.879   1.018   2.087   0.460

22.92  0.00   0.432   0.425   0.026   0.073   0.001   0.004   0.324   0.002   0.000   0.002   0.000 1991126000
22.92    3.83    51.237
22.92 16.00   0.719   1.367
22.92 16.00   2.087    63.705
22.92 16.00   1.877   1.025   2.087   0.467
22.92 16.00   1.879   1.018   2.087   0.460

22.93  0.00   0.432   0.425   0.026   0.073   0.001   0.004   0.324   0.002   0.000   0.002   0.000 1991994000
22.93    3.83    51.232
22.93 16.00   0.719   1.367
22.93 16.00   2.086    63.703
22.93 16.00   1.877   1.024   2.086   0.467
22.93 16.00   1.879   1.018   2.086   0.460

22.94  0.00   0.432   0.425   0.026   0.073   0.001   0.004   0.324   0.002   0.000   0.002   0.000 1992863000
22.94    3.83    51.250
22.94 16.00   0.719   1.367
22.94 16.00   2.086    63.702
22.94 16.00   1.877   1.024   2.086   0.467
22.94 16.00   1.879   1.018   2.086   0.460

22.95  0.00   0.432   0.425   0.026   0.073   0.001   0.004   0.324   0.002   0.000   0.002   0.000 1993732000
22.95    3.83    51.246
22.95 16.00   0.719   1.367
22.95 16.00   2.086    63.700
22.95 16.00   1.877   1.024   2.086   0.467
22.95 16.00   1.879   1.018   2.086   0.460

22.96  0.00   0.432   0.425   0.026   0.073   0.001   0.004   0.324   0.002   0.000   0.002   0.000 1994601000
22.96    3.83    51.242
22.96 16.00   0.719   1.367
22.96 16.00   2.086    63.698
22.96 16.00   1.877   1.024   2.086   0.467
22.96 16.00   1.879   1.017   2.086   0.460

22.97  0.00   0.432   0.425   0.026   0.073   0.001   0.004   0.324   0.002   0.000   0.002   0.000 1995469000
22.97    3.83    51.238
22.97 16.00   0.719   1.367
22.97 16.00   2.086    63.697
22.97 16.00   1.876   1.024   2.086   0.467
22.97 16.00   1.878   1.017   2.086   0.460

22.98  0.00   0.432   0.425   0.026   0.073   0.001   0.004   0.324   0.002   0.000   0.002   0.000 1996338000
22.98    3.83    51.233
22.98 16.00   0.719   1.367
22.98 16.00   2.086    63.695
22.98 16.00   1.876   1.024   2.086   0.467
22.98 16.00   1.878   1.017   2.086   0.460

22.99  0.00   0.432   0.425   0.026   0.073   0.001   0.004   0.324   0.002   0.000   0.002   0.000 1997207000
22.99    3.83    51.229
22.99 16.00   0.719   1.367
22.99 16.00   2.086    63.694
22.99 16.00   1.876   1.024   2.086   0.467
22.99 16.00   1.878   1.017   2.086   0.460

23.00  0.00   0.432   0.425   0.026   0.073   0.001   0.004   0.324   0.002   0.000   0.002   0.000 1998076000
23.00    3.83    51.225
23.00 16.00   0.719   1.367
23.00 16.00   2.086    63.692
23.00 16.00   1.876   1.024   2.086   0.467
23.00 16.00   1.878   1.017   2.086   0.460

23.01  0.00   0.432   0.425   0.026   0.073   0.001   0.004   0.324   0.002   0.000   0.002   0.000 1998944000
23.01    3.83    51.221
23.01 16.00   0.719   1.367
23.01 16.00   2.086    63.691
23.01 16.00   1.876   1.024   2.086   0.467
23.01 16.00   1.878   1.017   2.086   0.460

23.02  0.00   0.432   0.425   0.026   0.073   0.001   0.004   0.324   0.002   0.000   0.002   0.000 1999813000
23.02    3.83    51.216
23.02 16.00   0.718   1.367
23.02 16.00   2.086    63.689
23.02 16.00   1.876   1.024   2.086   0.467
23.02 16.00   1.878   1.017   2.086   0.460

23.03  0.00   0.432   0.425   0.026   0.073   0.001   0.004   0.324   0.002   0.000   0.002   0.000 2000682000
23.03    3.83    51.212
23.03 16.00   0.718   1.367
23.03 16.00   2.086    63.687
23.03 16.00   1.876   1.024   2.086   0.467
23.03 16.00   1.878   1.017   2.086   0.460

23.04  0.00   0.432   0.425   0.026   0.073   0.001   0.004   0.324   0.002   0.000   0.002   0.000 2001551000
23.04    3.83    51.208
23.04 16.00   0.718   1.367
23.04 16.00   2.085    63.686
23.04 16.00   1.876   1.024   2.085   0.467
23.04 16.00   1.878   1.017   2.085   0.460

23.05  0.00   0.432   0.425   0.026   0.073   0.001   0.004   0.324   0.002   0.000   0.002   0.000 2002419000
23.05    3.83    51.204
23.05 16.00   0.718   1.367
23.05 16.00   2.085    63.684
23.05 16.00   1.876   1.024   2.085   0.467
23.05 16.00   1.878   1.017   2.085   0.460

23.06  0.00   0.432   0.425   0.026   0.073   0.001   0.004   0.324   0.002   0.000   0.002   0.000 2003288000
23.06    3.83    51.200
23.06 16.00   0.718   1.367
23.06 16.00   2.085    63.683
23.06 16.00   1.876   1.024   2.085   0.467
23.06 16.00   1.878   1.017   2.085   0.460

23.07  0.00   0.432   0.425   0.026   0.073   0.001   0.004   0.324   0.002   0.000   0.002   0.000 2004157000
23.07    3.83    51.195
23.07 16.00   0.718   1.367
23.07 16.00   2.085    63.681
23.07 16.00   1.876   1.024   2.085   0.467
23.07 16.00   1.877   1.017   2.085   0.460

23.08  0.00   0.432   0.425   0.026   0.073   0.001   0.004   0.324   0.002   0.000   0.002   0.000 2005025000
23.08    3.82    51.191
23.08 16.00   0.718   1.367
23.08 16.00   2.085    63.680
23.08 16.00   1.875   1.024   2.085   0.467
23.08 16.00   1.877   1.017   2.085   0.460

23.09  0.00   0.432   0.425   0.026   0.073   0.001   0.004   0.324   0.002   0.000   0.002   0.000 2005894000
23.09    3.82    51.187
23.09 16.00   0.718   1.367
23.09 16.00   2.085    63.678
23.09 16.00   1.875   1.024   2.085   0.467
23.09 16.00   1.877   1.017   2.085   0.460

23.10  0.00   0.432   0.425   0.026   0.073   0.001   0.004   0.324   0.002   0.000   0.002   0.000 2006763000
23.10    3.82    51.183
23.10 16.00   0.718   1.367
23.10 16.00   2.085    63.676
23.10 16.00   1.875   1.024   2.085   0.467
23.10 16.00   1.877   1.017   2.085   0.460

23.11  0.00   0.432   0.425   0.026   0.073   0.001   0.004   0.324   0.002   0.000   0.002   0.000 2007632000
23.11    3.82    51.179
23.11 16.00   0.718   1.367
23.11 16.00   2.085    63.675
23.11 16.00   1.875   1.024   2.085   0.467
23.11 16.00   1.877   1.017   2.085   0.460

23.12  0.00   0.432   0.425   0.026   0.073   0.001   0.004   0.324   0.002   0.000   0.002   0.000 2008500000
23.12    3.82    51.174
23.12 16.00   0.717   1.367
23.12 16.00   2.085    63.673
23.12 16.00   1.875   1.024   2.085   0.467
23.12 16.00   1.877   1.017   2.085   0.460

23.13  0.00   0.432   0.425   0.026   0.073   0.001   0.004   0.324   0.002   0.000   0.002   0.000 2009369000
23.13    3.82    51.170
23.13 16.00   0.717   1.367
23.13 16.00   2.085    63.672
23.13 16.00   1.875   1.024   2.085   0.467
23.13 16.00   1.877   1.017   2.085   0.460

23.14  0.00   0.432   0.425   0.026   0.073   0.001   0.004   0.324   0.002   0.000   0.002   0.000 2010238000
23.14    3.82    51.166
23.14 16.00   0.717   1.367
23.14 16.00   2.084    63.670
23.14 16.00   1.875   1.024   2.084   0.467
23.14 16.00   1.877   1.017   2.084   0.460

23.15  0.00   0.432   0.425   0.026   0.073   0.001   0.004   0.324   0.002   0.000   0.002   0.000 2011106000
23.15    3.82    51.162
23.15 16.00   0.717   1.367
23.15 16.00   2.084    63.669
23.15 16.00   1.875   1.024   2.084   0.467
23.15 16.00   1.877   1.017   2.084   0.460

23.16  0.00   0.432   0.425   0.026   0.073   0.001   0.004   0.324   0.002   0.000   0.002   0.000 2011975000
23.16    3.82    51.158
23.16 16.00   0.717   1.367
23.16 16.00   2.084    63.667
23.16 16.00   1.875   1.024   2.084   0.467
23.16 16.00   1.877   1.017   2.084   0.460

23.17  0.00   0.432   0.425   0.026   0.073   0.001   0.004   0.324   0.002   0.000   0.002   0.000 2012844000
23.17    3.82    51.153
23.17 16.00   0.717   1.367
23.17 16.00   2.084    63.666
23.17 16.00   1.875   1.024   2.084   0.467
23.17 16.00   1.877   1.017   2.084   0.460

23.18  0.00   0.432   0.425   0.026   0.073   0.001   0.004   0.324   0.002   0.000   0.002   0.000 2013713000
23.18    3.82    51.149
23.18 16.00   0.717   1.367
23.18 16.00   2.084    63.664
23.18 16.00   1.875   1.024   2.084   0.467
23.18 16.00   1.876   1.017   2.084   0.460

23.19  0.00   0.432   0.425   0.026   0.073   0.001   0.004   0.324   0.002   0.000   0.002   0.000 2014582000
23.19    3.82    51.145
23.19 16.00   0.717   1.367
23.19 16.00   2.084    63.662
23.19 16.00   1.874   1.024   2.084   0.467
23.19 16.00   1.876   1.017   2.084   0.460

23.20  0.00   0.432   0.425   0.026   0.073   0.001   0.004   0.324   0.002   0.000   0.002   0.000 2015450000
23.20    3.82    51.141
23.20 16.00   0.717   1.367
23.20 16.00   2.084    63.661
23.20 16.00   1.874   1.024   2.084   0.467
23.20 16.00   1.876   1.017   2.084   0.460

23.21  0.00   0.432   0.425   0.026   0.073   0.001   0.004   0.324   0.002   0.000   0.002   0.000 2016319000
23.21    3.82    51.137
23.21 16.00   0.717   1.367
23.21 16.00   2.084    63.659
23.21 16.00   1.874   1.024   2.084   0.467
23.21 16.00   1.876   1.017   2.084   0.460

23.22  0.00   0.432   0.425   0.026   0.073   0.001   0.004   0.324   0.002   0.000   0.002   0.000 2017188000
23.22    3.82    51.133
23.22 16.00   0.717   1.367
23.22 16.00   2.084    63.658
23.22 16.00   1.874   1.024   2.084   0.467
23.22 16.00   1.876   1.017   2.084   0.460

23.23  0.00   0.432   0.425   0.026   0.073   0.001   0.004   0.324   0.002   0.000   0.002   0.000 2018056000
23.23    3.82    51.128
23.23 16.00   0.716   1.367
23.23 16.00   2.084    63.656
23.23 16.00   1.874   1.023   2.084   0.467
23.23 16.00   1.876   1.017   2.084   0.460

23.24  0.00   0.432   0.425   0.026   0.073   0.001   0.004   0.324   0.002   0.000   0.002   0.000 2018925000
23.24    3.82    51.124
23.24 16.00   0.716   1.367
23.24 16.00   2.083    63.655
23.24 16.00   1.874   1.023   2.083   0.467
23.24 16.00   1.876   1.017   2.083   0.460

23.25  0.00   0.432   0.425   0.026   0.073   0.001   0.004   0.324   0.002   0.000   0.002   0.000 2019794000
23.25    3.82    51.120
23.25 16.00   0.716   1.367
23.25 16.00   2.083    63.653
23.25 16.00   1.874   1.023   2.083   0.467
23.25 16.00   1.876   1.017   2.083   0.460

23.26  0.00   0.432   0.425   0.026   0.073   0.001   0.004   0.324   0.002   0.000   0.002   0.000 2020663000
23.26    3.82    51.116
23.26 16.00   0.716   1.367
23.26 16.00   2.083    63.652
23.26 16.00   1.874   1.023   2.083   0.467
23.26 16.00   1.876   1.016   2.083   0.460

23.27  0.00   0.432   0.425   0.026   0.073   0.001   0.004   0.324   0.002   0.000   0.002   0.000 2021531000
23.27    3.82    51.112
23.27 16.00   0.716   1.367
23.27 16.00   2.083    63.650
23.27 16.00   1.874   1.023   2.083   0.467
23.27 16.00   1.876   1.016   2.083   0.460

23.28  0.00   0.432   0.425   0.026   0.073   0.001   0.004   0.324   0.002   0.000   0.002   0.000 2022400000
23.28    3.82    51.108
23.28 16.00   0.716   1.367
23.28 16.00   2.083    63.649
23.28 16.00   1.874   1.023   2.083   0.467
23.28 16.00   1.876   1.016   2.083   0.460

23.29  0.00   0.432   0.425   0.026   0.073   0.001   0.004   0.324   0.002   0.000   0.002   0.000 2023269000
23.29    3.82    51.104
23.29 16.00   0.716   1.367
23.29 16.00   2.083    63.647
23.29 16.00   1.874   1.023   2.083   0.467
23.29 16.00   1.875   1.016   2.083   0.460

23.30  0.00   0.432   0.425   0.026   0.073   0.001   0.004   0.324   0.002   0.000   0.002   0.000 2024137000
23.30    3.82    51.099
23.30 16.00   0.716   1.367
23.30 16.00   2.083    63.645
23.30 16.00   1.873   1.023   2.083   0.467
23.30 16.00   1.875   1.016   2.083   0.460

23.31  0.00   0.432   0.425   0.026   0.073   0.001   0.004   0.324   0.002   0.000   0.002   0.000 2025006000
23.31    3.82    51.095
23.31 16.00   0.716   1.367
23.31 16.00   2.083    63.644
23.31 16.00   1.873   1.023   2.083   0.467
23.31 16.00   1.875   1.016   2.083   0.460

23.32  0.00   0.432   0.425   0.026   0.073   0.001   0.004   0.324   0.002   0.000   0.002   0.000 2025875000
23.32    3.82    51.091
23.32 16.00   0.716   1.367
23.32 16.00   2.083    63.642
23.32 16.00   1.873   1.023   2.083   0.467
23.32 16.00   1.875   1.016   2.083   0.460

23.33  0.00   0.432   0.425   0.026   0.073   0.001   0.004   0.324   0.002   0.000   0.002   0.000 2026744000
23.33    3.82    51.087
23.33 16.00   0.715   1.367
23.33 16.00   2.083    63.641
23.33 16.00   1.873   1.023   2.083   0.467
23.33 16.00   1.875   1.016   2.083   0.460

23.34  0.00   0.432   0.425   0.026   0.073   0.001   0.004   0.324   0.002   0.000   0.002   0.000 2027612000
23.34    3.82    51.083
23.34 16.00   0.715   1.367
23.34 16.00   2.083    63.639
23.34 16.00   1.873   1.023   2.083   0.467
23.34 16.00   1.875   1.016   2.083   0.460

23.35  0.00   0.432   0.425   0.026   0.073   0.001   0.004   0.324   0.002   0.000   0.002   0.000 2028481000
23.35    3.82    51.079
23.35 16.00   0.715   1.367
23.35 16.00   2.082    63.638
23.35 16.00   1.873   1.023   2.082   0.467
23.35 16.00   1.875   1.016   2.082   0.460

23.36  0.00   0.432   0.425   0.026   0.073   0.001   0.004   0.324   0.002   0.000   0.002   0.000 2029350000
23.36    3.82    51.075
23.36 16.00   0.715   1.367
23.36 16.00   2.082    63.636
23.36 16.00   1.873   1.023   2.082   0.467
23.36 16.00   1.875   1.016   2.082   0.460

23.37  0.00   0.432   0.425   0.026   0.073   0.001   0.004   0.324   0.002   0.000   0.002   0.000 2030219000
23.37    3.81    51.071
23.37 16.00   0.715   1.367
23.37 16.00   2.082    63.635
23.37 16.00   1.873   1.023   2.082   0.467
23.37 16.00   1.875   1.016   2.082   0.460

23.38  0.00   0.432   0.425   0.026   0.073   0.001   0.004   0.324   0.002   0.000   0.002   0.000 2031087000
23.38    3.81    51.066
23.38 16.00   0.715   1.367
23.38 16.00   2.082    63.633
23.38 16.00   1.873   1.023   2.082   0.467
23.38 16.00   1.875   1.016   2.082   0.460

23.39  0.00   0.432   0.425   0.026   0.073   0.001   0.004   0.324   0.002   0.000   0.002   0.000 2031956000
23.39    3.81    51.062
23.39 16.00   0.715   1.367
23.39 16.00   2.082    63.632
23.39 16.00   1.873   1.023   2.082   0.467
23.39 16.00   1.875   1.016   2.082   0.460

23.40  0.00   0.432   0.425   0.026   0.073   0.001   0.004   0.324   0.002   0.000   0.002   0.000 2032825000
23.40    3.81    51.058
23.40 16.00   0.715   1.367
23.40 16.00   2.082    63.630
23.40 16.00   1.873   1.023   2.082   0.467
23.40 16.00   1.875   1.016   2.082   0.460

23.41  0.00   0.432   0.425   0.026   0.073   0.001   0.004   0.324   0.002   0.000   0.002   0.000 2033693000
23.41    3.81    51.054
23.41 16.00   0.715   1.367
23.41 16.00   2.082    63.629
23.41 16.00   1.872   1.023   2.082   0.467
23.41 16.00   1.874   1.016   2.082   0.460

23.42  0.00   0.432   0.425   0.026   0.073   0.001   0.004   0.324   0.002   0.000   0.002   0.000 2034562000
23.42    3.81    51.050
23.42 16.00   0.715   1.367
23.42 16.00   2.082    63.627
23.42 16.00   1.872   1.023   2.082   0.467
23.42 16.00   1.874   1.016   2.082   0.460

23.43  0.00   0.432   0.425   0.026   0.073   0.001   0.004   0.324   0.002   0.000   0.002   0.000 2035431000
23.43    3.81    51.046
23.43 16.00   0.714   1.367
23.43 16.00   2.082    63.626
23.43 16.00   1.872   1.023   2.082   0.467
23.43 16.00   1.874   1.016   2.082   0.460

23.44  0.00   0.432   0.425   0.026   0.073   0.001   0.004   0.324   0.002   0.000   0.002   0.000 2036300000
23.44    3.81    51.042
23.44 16.00   0.714   1.367
23.44 16.00   2.082    63.624
23.44 16.00   1.872   1.023   2.082   0.467
23.44 16.00   1.874   1.016   2.082   0.460

23.45  0.00   0.432   0.425   0.026   0.073   0.001   0.004   0.324   0.002   0.000   0.002   0.000 2037168000
23.45    3.81    51.038
23.45 16.00   0.714   1.367
23.45 16.00   2.081    63.622
23.45 16.00   1.872   1.023   2.081   0.467
23.45 16.00   1.874   1.016   2.081   0.460

23.46  0.00   0.432   0.425   0.026   0.073   0.001   0.004   0.324   0.002   0.000   0.002   0.000 2038037000
23.46    3.81    51.034
23.46 16.00   0.714   1.367
23.46 16.00   2.081    63.621
23.46 16.00   1.872   1.023   2.081   0.467
23.46 16.00   1.874   1.016   2.081   0.460

23.47  0.00   0.432   0.425   0.026   0.073   0.001   0.004   0.324   0.002   0.000   0.002   0.000 2038906000
23.47    3.81    51.030
23.47 16.00   0.714   1.367
23.47 16.00   2.081    63.619
23.47 16.00   1.872   1.023   2.081   0.467
23.47 16.00   1.874   1.016   2.081   0.460

23.48  0.00   0.432   0.425   0.026   0.073   0.001   0.004   0.324   0.002   0.000   0.002   0.000 2039774000
23.48    3.81    51.025
23.48 16.00   0.714   1.367
23.48 16.00   2.081    63.618
23.48 16.00   1.872   1.023   2.081   0.467
23.48 16.00   1.874   1.016   2.081   0.460

23.49  0.00   0.432   0.425   0.026   0.073   0.001   0.004   0.324   0.002   0.000   0.002   0.000 2040643000
23.49    3.81    51.021
23.49 16.00   0.714   1.367
23.49 16.00   2.081    63.616
23.49 16.00   1.872   1.023   2.081   0.467
23.49 16.00   1.874   1.016   2.081   0.460

23.50  0.00   0.432   0.425   0.026   0.073   0.001   0.004   0.324   0.002   0.000   0.002   0.000 2041512000
23.50    3.81    51.017
23.50 16.00   0.714   1.367
23.50 16.00   2.081    63.615
23.50 16.00   1.872   1.023   2.081   0.467
23.50 16.00   1.874   1.016   2.081   0.460

23.51  0.00   0.432   0.425   0.026   0.073   0.001   0.004   0.324   0.002   0.000   0.002   0.000 2042381000
23.51    3.81    51.013
23.51 16.00   0.714   1.367
23.51 16.00   2.081    63.613
23.51 16.00   1.872   1.023   2.081   0.467
23.51 16.00   1.874   1.016   2.081   0.460

23.52  0.00   0.432   0.425   0.026   0.073   0.001   0.004   0.324   0.002   0.000   0.002   0.000 2043250000
23.52    3.81    51.009
23.52 16.00   0.714   1.367
23.52 16.00   2.081    63.612
23.52 16.00   1.871   1.023   2.081   0.467
23.52 16.00   1.873   1.016   2.081   0.460

23.53  0.00   0.432   0.425   0.026   0.073   0.001   0.004   0.324   0.002   0.000   0.002   0.000 2044118000
23.53    3.81    51.005
23.53 16.00   0.714   1.367
23.53 16.00   2.081    63.610
23.53 16.00   1.871   1.023   2.081   0.467
23.53 16.00   1.873   1.016   2.081   0.460

23.54  0.00   0.432   0.425   0.026   0.073   0.001   0.004   0.324   0.002   0.000   0.002   0.000 2044987000
23.54    3.81    51.001
23.54 16.00   0.713   1.367
23.54 16.00   2.081    63.609
23.54 16.00   1.871   1.022   2.081   0.467
23.54 16.00   1.873   1.016   2.081   0.460

23.55  0.00   0.432   0.425   0.026   0.073   0.001   0.004   0.324   0.002   0.000   0.002   0.000 2045856000
23.55    3.81    50.997
23.55 16.00   0.713   1.367
23.55 16.00   2.081    63.607
23.55 16.00   1.871   1.022   2.081   0.467
23.55 16.00   1.873   1.016   2.081   0.460

23.56  0.00   0.432   0.425   0.026   0.073   0.001   0.004   0.324   0.002   0.000   0.002   0.000 2046724000
23.56    3.81    50.993
23.56 16.00   0.713   1.367
23.56 16.00   2.080    63.606
23.56 16.00   1.871   1.022   2.080   0.467
23.56 16.00   1.873   1.016   2.080   0.460

23.57  0.00   0.432   0.425   0.026   0.073   0.001   0.004   0.324   0.002   0.000   0.002   0.000 2047593000
23.57    3.81    50.989
23.57 16.00   0.713   1.367
23.57 16.00   2.080    63.604
23.57 16.00   1.871   1.022   2.080   0.467
23.57 16.00   1.873   1.016   2.080   0.460

23.58  0.00   0.432   0.425   0.026   0.073   0.001   0.004   0.324   0.002   0.000   0.002   0.000 2048462000
23.58    3.81    50.985
23.58 16.00   0.713   1.367
23.58 16.00   2.080    63.603
23.58 16.00   1.871   1.022   2.080   0.467
23.58 16.00   1.873   1.015   2.080   0.460

23.59  0.00   0.432   0.425   0.026   0.073   0.001   0.004   0.324   0.002   0.000   0.002   0.000 2049331000
23.59    3.81    50.981
23.59 16.00   0.713   1.367
23.59 16.00   2.080    63.601
23.59 16.00   1.871   1.022   2.080   0.467
23.59 16.00   1.873   1.015   2.080   0.460

23.60  0.00   0.432   0.425   0.026   0.073   0.001   0.004   0.324   0.002   0.000   0.002   0.000 2050199000
23.60    3.81    50.977
23.60 16.00   0.713   1.367
23.60 16.00   2.080    63.600
23.60 16.00   1.871   1.022   2.080   0.467
23.60 16.00   1.873   1.015   2.080   0.460

23.61  0.00   0.432   0.425   0.026   0.073   0.001   0.004   0.324   0.002   0.000   0.002   0.000 2051068000
23.61    3.81    50.973
23.61 16.00   0.713   1.367
23.61 16.00   2.080    63.598
23.61 16.00   1.871   1.022   2.080   0.467
23.61 16.00   1.873   1.015   2.080   0.460

23.62  0.00   0.432   0.425   0.026   0.073   0.001   0.004   0.324   0.002   0.000   0.002   0.000 2051937000
23.62    3.81    50.969
23.62 16.00   0.713   1.367
23.62 16.00   2.080    63.597
23.62 16.00   1.871   1.022   2.080   0.467
23.62 16.00   1.873   1.015   2.080   0.460

23.63  0.00   0.432   0.425   0.026   0.073   0.001   0.004   0.324   0.002   0.000   0.002   0.000 2052805000
23.63    3.81    50.965
23.63 16.00   0.713   1.367
23.63 16.00   2.080    63.595
23.63 16.00   1.870   1.022   2.080   0.467
23.63 16.00   1.872   1.015   2.080   0.460

23.64  0.00   0.432   0.425   0.026   0.073   0.001   0.004   0.324   0.002   0.000   0.002   0.000 2053674000
23.64    3.81    50.960
23.64 16.00   0.713   1.367
23.64 16.00   2.080    63.594
23.64 16.00   1.870   1.022   2.080   0.467
23.64 16.00   1.872   1.015   2.080   0.460

23.65  0.00   0.432   0.425   0.026   0.073   0.001   0.004   0.324   0.002   0.000   0.002   0.000 2054543000
23.65    3.81    50.956
23.65 16.00   0.712   1.367
23.65 16.00   2.080    63.592
23.65 16.00   1.870   1.022   2.080   0.467
23.65 16.00   1.872   1.015   2.080   0.460

23.66  0.00   0.432   0.425   0.026   0.073   0.001   0.004   0.324   0.002   0.000   0.002   0.000 2055412000
23.66    3.81    50.952
23.66 16.00   0.712   1.367
23.66 16.00   2.080    63.591
23.66 16.00   1.870   1.022   2.080   0.467
23.66 16.00   1.872   1.015   2.080   0.460

23.67  0.00   0.432   0.425   0.026   0.073   0.001   0.004   0.324   0.002   0.000   0.002   0.000 2056280000
23.67    3.80    50.948
23.67 16.00   0.712   1.367
23.67 16.00   2.079    63.589
23.67 16.00   1.870   1.022   2.079   0.467
23.67 16.00   1.872   1.015   2.079   0.460

23.68  0.00   0.432   0.425   0.026   0.073   0.001   0.004   0.324   0.002   0.000   0.002   0.000 2057149000
23.68    3.80    50.944
23.68 16.00   0.712   1.367
23.68 16.00   2.079    63.588
23.68 16.00   1.870   1.022   2.079   0.467
23.68 16.00   1.872   1.015   2.079   0.460

23.69  0.00   0.432   0.425   0.026   0.073   0.001   0.004   0.324   0.002   0.000   0.002   0.000 2058018000
23.69    3.80    50.940
23.69 16.00   0.712   1.367
23.69 16.00   2.079    63.586
23.69 16.00   1.870   1.022   2.079   0.467
23.69 16.00   1.872   1.015   2.079   0.460

23.70  0.00   0.432   0.425   0.026   0.073   0.001   0.004   0.324   0.002   0.000   0.002   0.000 2058887000
23.70    3.80    50.936
23.70 16.00   0.712   1.367
23.70 16.00   2.079    63.585
23.70 16.00   1.870   1.022   2.079   0.467
23.70 16.00   1.872   1.015   2.079   0.460

23.71  0.00   0.432   0.425   0.026   0.073   0.001   0.004   0.324   0.002   0.000   0.002   0.000 2059755000
23.71    3.80    50.932
23.71 16.00   0.712   1.367
23.71 16.00   2.079    63.583
23.71 16.00   1.870   1.022   2.079   0.467
23.71 16.00   1.872   1.015   2.079   0.460

23.72  0.00   0.431   0.425   0.026   0.073   0.001   0.004   0.324   0.002   0.000   0.002   0.000 2060624000
23.72    3.80    50.928
23.72 16.00   0.712   1.367
23.72 16.00   2.079    63.582
23.72 16.00   1.870   1.022   2.079   0.467
23.72 16.00   1.872   1.015   2.079   0.460

23.73  0.00   0.431   0.425   0.026   0.073   0.001   0.004   0.324   0.002   0.000   0.002   0.000 2061493000
23.73    3.80    50.924
23.73 16.00   0.712   1.367
23.73 16.00   2.079    63.580
23.73 16.00   1.870   1.022   2.079   0.467
23.73 16.00   1.872   1.015   2.079   0.460

23.74  0.00   0.431   0.425   0.026   0.073   0.001   0.004   0.324   0.002   0.000   0.002   0.000 2062361000
23.74    3.80    50.920
23.74 16.00   0.712   1.367
23.74 16.00   2.079    63.579
23.74 16.00   1.870   1.022   2.079   0.467
23.74 16.00   1.871   1.015   2.079   0.460

23.75  0.00   0.431   0.425   0.026   0.073   0.001   0.004   0.324   0.002   0.000   0.002   0.000 2063230000
23.75    3.80    50.916
23.75 16.00   0.711   1.367
23.75 16.00   2.079    63.577
23.75 16.00   1.869   1.022   2.079   0.467
23.75 16.00   1.871   1.015   2.079   0.460

23.76  0.00   0.431   0.425   0.026   0.073   0.001   0.004   0.324   0.002   0.000   0.002   0.000 2064099000
23.76    3.80    50.912
23.76 16.00   0.711   1.367
23.76 16.00   2.079    63.576
23.76 16.00   1.869   1.022   2.079   0.467
23.76 16.00   1.871   1.015   2.079   0.460

23.77  0.00   0.431   0.425   0.026   0.073   0.001   0.004   0.324   0.002   0.000   0.002   0.000 2064968000
23.77    3.80    50.908
23.77 16.00   0.711   1.367
23.77 16.00   2.078    63.574
23.77 16.00   1.869   1.022   2.078   0.467
23.77 16.00   1.871   1.015   2.078   0.460

23.78  0.00   0.431   0.425   0.026   0.073   0.001   0.004   0.324   0.002   0.000   0.002   0.000 2065836000
23.78    3.80    50.904
23.78 16.00   0.711   1.367
23.78 16.00   2.078    63.573
23.78 16.00   1.869   1.022   2.078   0.467
23.78 16.00   1.871   1.015   2.078   0.460

23.79  0.00   0.431   0.425   0.026   0.073   0.001   0.004   0.324   0.002   0.000   0.002   0.000 2066705000
23.79    3.80    50.900
23.79 16.00   0.711   1.367
23.79 16.00   2.078    63.571
23.79 16.00   1.869   1.022   2.078   0.467
23.79 16.00   1.871   1.015   2.078   0.460

23.80  0.00   0.431   0.425   0.026   0.073   0.001   0.004   0.324   0.002   0.000   0.002   0.000 2067574000
23.80    3.80    50.896
23.80 16.00   0.711   1.367
23.80 16.00   2.078    63.570
23.80 16.00   1.869   1.022   2.078   0.467
23.80 16.00   1.871   1.015   2.078   0.460

23.81  0.00   0.431   0.425   0.026   0.073   0.001   0.004   0.324   0.002   0.000   0.002   0.000 2068442000
23.81    3.80    50.892
23.81 16.00   0.711   1.367
23.81 16.00   2.078    63.568
23.81 16.00   1.869   1.022   2.078   0.467
23.81 16.00   1.871   1.015   2.078   0.460

23.82  0.00   0.431   0.425   0.026   0.073   0.001   0.004   0.324   0.002   0.000   0.002   0.000 2069311000
23.82    3.80    50.888
23.82 16.00   0.711   1.367
23.82 16.00   2.078    63.567
23.82 16.00   1.869   1.022   2.078   0.467
23.82 16.00   1.871   1.015   2.078   0.460

23.83  0.00   0.431   0.425   0.026   0.073   0.001   0.004   0.324   0.002   0.000   0.002   0.000 2070180000
23.83    3.80    50.884
23.83 16.00   0.711   1.367
23.83 16.00   2.078    63.566
23.83 16.00   1.869   1.022   2.078   0.467
23.83 16.00   1.871   1.015   2.078   0.460

23.84  0.00   0.431   0.425   0.026   0.073   0.001   0.004   0.324   0.002   0.000   0.002   0.000 2071049000
23.84    3.80    50.880
23.84 16.00   0.711   1.367
23.84 16.00   2.078    63.564
23.84 16.00   1.869   1.022   2.078   0.467
23.84 16.00   1.871   1.015   2.078   0.460

23.85  0.00   0.431   0.425   0.026   0.073   0.001   0.004   0.324   0.002   0.000   0.002   0.000 2071918000
23.85    3.80    50.876
23.85 16.00   0.711   1.367
23.85 16.00   2.078    63.563
23.85 16.00   1.869   1.022   2.078   0.467
23.85 16.00   1.871   1.015   2.078   0.460

23.86  0.00   0.431   0.425   0.026   0.073   0.001   0.004   0.324   0.002   0.000   0.002   0.000 2072786000
23.86    3.80    50.872
23.86 16.00   0.710   1.367
23.86 16.00   2.078    63.561
23.86 16.00   1.868   1.021   2.078   0.467
23.86 16.00   1.870   1.015   2.078   0.460

23.87  0.00   0.431   0.425   0.026   0.073   0.001   0.004   0.324   0.002   0.000   0.002   0.000 2073655000
23.87    3.80    50.868
23.87 16.00   0.710   1.367
23.87 16.00   2.078    63.560
23.87 16.00   1.868   1.021   2.078   0.467
23.87 16.00   1.870   1.015   2.078   0.460

23.88  0.00   0.431   0.425   0.026   0.073   0.001   0.004   0.324   0.002   0.000   0.002   0.000 2074524000
23.88    3.80    50.864
23.88 16.00   0.710   1.367
23.88 16.00   2.077    63.558
23.88 16.00   1.868   1.021   2.077   0.467
23.88 16.00   1.870   1.015   2.077   0.460

23.89  0.00   0.431   0.425   0.026   0.073   0.001   0.004   0.324   0.002   0.000   0.002   0.000 2075392000
23.89    3.80    50.860
23.89 16.00   0.710   1.367
23.89 16.00   2.077    63.557
23.89 16.00   1.868   1.021   2.077   0.467
23.89 16.00   1.870   1.015   2.077   0.460

23.90  0.00   0.431   0.425   0.026   0.073   0.001   0.004   0.324   0.002   0.000   0.002   0.000 2076261000
23.90    3.80    50.856
23.90 16.00   0.710   1.367
23.90 16.00   2.077    63.555
23.90 16.00   1.868   1.021   2.077   0.467
23.90 16.00   1.870   1.014   2.077   0.460

23.91  0.00   0.431   0.425   0.026   0.073   0.001   0.004   0.324   0.002   0.000   0.002   0.000 2077130000
23.91    3.80    50.852
23.91 16.00   0.710   1.367
23.91 16.00   2.077    63.554
23.91 16.00   1.868   1.021   2.077   0.467
23.91 16.00   1.870   1.014   2.077   0.460

23.92  0.00   0.431   0.425   0.026   0.073   0.001   0.004   0.324   0.002   0.000   0.002   0.000 2077999000
23.92    3.80    50.849
23.92 16.00   0.710   1.367
23.92 16.00   2.077    63.552
23.92 16.00   1.868   1.021   2.077   0.467
23.92 16.00   1.870   1.014   2.077   0.460

23.93  0.00   0.431   0.425   0.026   0.073   0.001   0.004   0.324   0.002   0.000   0.002   0.000 2078867000
23.93    3.80    50.845
23.93 16.00   0.710   1.367
23.93 16.00   2.077    63.551
23.93 16.00   1.868   1.021   2.077   0.467
23.93 16.00   1.870   1.014   2.077   0.460

23.94  0.00   0.431   0.425   0.026   0.073   0.001   0.004   0.324   0.002   0.000   0.002   0.000 2079736000
23.94    3.80    50.841
23.94 16.00   0.710   1.367
23.94 16.00   2.077    63.549
23.94 16.00   1.868   1.021   2.077   0.467
23.94 16.00   1.870   1.014   2.077   0.460

23.95  0.00   0.431   0.425   0.026   0.073   0.001   0.004   0.324   0.002   0.000   0.002   0.000 2080605000
23.95    3.80    50.837
23.95 16.00   0.710   1.367
23.95 16.00   2.077    63.548
23.95 16.00   1.868   1.021   2.077   0.467
23.95 16.00   1.870   1.014   2.077   0.460

23.96  0.00   0.431   0.425   0.026   0.073   0.001   0.004   0.324   0.002   0.000   0.002   0.000 2081473000
23.96    3.80    50.833
23.96 16.00   0.710   1.367
23.96 16.00   2.077    63.546
23.96 16.00   1.868   1.021   2.077   0.467
23.96 16.00   1.870   1.014   2.077   0.460

23.97  0.00   0.431   0.425   0.026   0.073   0.001   0.004   0.324   0.002   0.000   0.002   0.000 2082342000
23.97    3.79    50.829
23.97 16.00   0.709   1.367
23.97 16.00   2.077    63.545
23.97 16.00   1.868   1.021   2.077   0.467
23.97 16.00   1.870   1.014   2.077   0.460

23.98  0.00   0.431   0.425   0.026   0.073   0.001   0.004   0.324   0.002   0.000   0.002   0.000 2083211000
23.98    3.79    50.825
23.98 16.00   0.709   1.367
23.98 16.00   2.077    63.544
23.98 16.00   1.867   1.021   2.077   0.467
23.98 16.00   1.869   1.014   2.077   0.460

23.99  0.00   0.431   0.425   0.026   0.073   0.001   0.004   0.324   0.002   0.000   0.002   0.000 2084080000
23.99    3.79    50.821
23.99 16.00   0.709   1.367
23.99 16.00   2.076    63.542
23.99 16.00   1.867   1.021   2.076   0.467
23.99 16.00   1.869   1.014   2.076   0.460

24.00  0.00   0.431   0.425   0.026   0.073   0.001   0.004   0.324   0.002   0.000   0.002   0.000 2084948000
24.00    3.79    50.817
24.00 16.00   0.709   1.367
24.00 16.00   2.076    63.541
24.00 16.00   1.867   1.021   2.076   0.467
24.00 16.00   1.869   1.014   2.076   0.460

24.01  0.00   0.431   0.425   0.026   0.073   0.001   0.004   0.324   0.002   0.000   0.002   0.000 2085817000
24.01    3.79    50.813
24.01 16.00   0.709   1.367
24.01 16.00   2.076    63.539
24.01 16.00   1.867   1.021   2.076   0.467
24.01 16.00   1.869   1.014   2.076   0.460

24.02  0.00   0.431   0.425   0.026   0.073   0.001   0.004   0.324   0.002   0.000   0.002   0.000 2086686000
24.02    3.79    50.809
24.02 16.00   0.709   1.367
24.02 16.00   2.076    63.538
24.02 16.00   1.867   1.021   2.076   0.467
24.02 16.00   1.869   1.014   2.076   0.460

24.03  0.00   0.431   0.425   0.026   0.073   0.001   0.004   0.324   0.002   0.000   0.002   0.000 2087555000
24.03    3.79    50.805
24.03 16.00   0.709   1.367
24.03 16.00   2.076    63.536
24.03 16.00   1.867   1.021   2.076   0.467
24.03 16.00   1.869   1.014   2.076   0.460

24.04  0.00   0.431   0.425   0.026   0.073   0.001   0.004   0.324   0.002   0.000   0.002   0.000 2088423000
24.04    3.79    50.801
24.04 16.00   0.709   1.367
24.04 16.00   2.076    63.535
24.04 16.00   1.867   1.021   2.076   0.467
24.04 16.00   1.869   1.014   2.076   0.460

24.05  0.00   0.431   0.425   0.026   0.073   0.001   0.004   0.324   0.002   0.000   0.002   0.000 2089292000
24.05    3.79    50.797
24.05 16.00   0.709   1.367
24.05 16.00   2.076    63.533
24.05 16.00   1.867   1.021   2.076   0.467
24.05 16.00   1.869   1.014   2.076   0.460

24.06  0.00   0.431   0.425   0.026   0.073   0.001   0.004   0.324   0.002   0.000   0.002   0.000 2090161000
24.06    3.79    50.793
24.06 16.00   0.709   1.367
24.06 16.00   2.076    63.532
24.06 16.00   1.867   1.021   2.076   0.467
24.06 16.00   1.869   1.014   2.076   0.460

24.07  0.00   0.431   0.425   0.026   0.073   0.001   0.004   0.324   0.002   0.000   0.002   0.000 2091030000
24.07    3.79    50.789
24.07 16.00   0.709   1.367
24.07 16.00   2.076    63.530
24.07 16.00   1.867   1.021   2.076   0.467
24.07 16.00   1.869   1.014   2.076   0.460

24.08  0.00   0.431   0.425   0.026   0.073   0.001   0.004   0.324   0.002   0.000   0.002   0.000 2091898000
24.08    3.79    50.785
24.08 16.00   0.708   1.367
24.08 16.00   2.076    63.529
24.08 16.00   1.867   1.021   2.076   0.467
24.08 16.00   1.869   1.014   2.076   0.460

24.09  0.00   0.431   0.425   0.026   0.073   0.001   0.004   0.324   0.002   0.000   0.002   0.000 2092767000
24.09    3.79    50.782
24.09 16.00   0.708   1.367
24.09 16.00   2.076    63.528
24.09 16.00   1.867   1.021   2.076   0.467
24.09 16.00   1.868   1.014   2.076   0.460

24.10  0.00   0.431   0.425   0.026   0.073   0.001   0.004   0.324   0.002   0.000   0.002   0.000 2093636000
24.10    3.79    50.778
24.10 16.00   0.708   1.367
24.10 16.00   2.075    63.526
24.10 16.00   1.866   1.021   2.075   0.467
24.10 16.00   1.868   1.014   2.075   0.460

24.11  0.00   0.431   0.425   0.026   0.073   0.001   0.004   0.324   0.002   0.000   0.002   0.000 2094504000
24.11    3.79    50.774
24.11 16.00   0.708   1.367
24.11 16.00   2.075    63.525
24.11 16.00   1.866   1.021   2.075   0.467
24.11 16.00   1.868   1.014   2.075   0.460

24.12  0.00   0.431   0.425   0.026   0.073   0.001   0.004   0.324   0.002   0.000   0.002   0.000 2095373000
24.12    3.79    50.770
24.12 16.00   0.708   1.367
24.12 16.00   2.075    63.523
24.12 16.00   1.866   1.021   2.075   0.467
24.12 16.00   1.868   1.014   2.075   0.460

24.13  0.00   0.431   0.425   0.026   0.073   0.001   0.004   0.324   0.002   0.000   0.002   0.000 2096242000
24.13    3.79    50.766
24.13 16.00   0.708   1.367
24.13 16.00   2.075    63.522
24.13 16.00   1.866   1.021   2.075   0.467
24.13 16.00   1.868   1.014   2.075   0.460

24.14  0.00   0.431   0.425   0.026   0.073   0.001   0.004   0.324   0.002   0.000   0.002   0.000 2097111000
24.14    3.79    50.762
24.14 16.00   0.708   1.367
24.14 16.00   2.075    63.520
24.14 16.00   1.866   1.021   2.075   0.467
24.14 16.00   1.868   1.014   2.075   0.460

24.15  0.00   0.431   0.425   0.026   0.073   0.001   0.004   0.324   0.002   0.000   0.002   0.000 2097979000
24.15    3.79    50.758
24.15 16.00   0.708   1.367
24.15 16.00   2.075    63.519
24.15 16.00   1.866   1.021   2.075   0.467
24.15 16.00   1.868   1.014   2.075   0.460

24.16  0.00   0.431   0.425   0.026   0.073   0.001   0.004   0.324   0.002   0.000   0.002   0.000 2098848000
24.16    3.79    50.754
24.16 16.00   0.708   1.367
24.16 16.00   2.075    63.517
24.16 16.00   1.866   1.021   2.075   0.467
24.16 16.00   1.868   1.014   2.075   0.460

24.17  0.00   0.431   0.425   0.026   0.073   0.001   0.004   0.324   0.002   0.000   0.002   0.000 2099717000
24.17    3.79    50.750
24.17 16.00   0.708   1.367
24.17 16.00   2.075    63.516
24.17 16.00   1.866   1.021   2.075   0.467
24.17 16.00   1.868   1.014   2.075   0.460

24.18  0.00   0.431   0.425   0.026   0.073   0.001   0.004   0.324   0.002   0.000   0.002   0.000 2100586000
24.18    3.79    50.746
24.18 16.00   0.708   1.367
24.18 16.00   2.075    63.515
24.18 16.00   1.866   1.021   2.075   0.467
24.18 16.00   1.868   1.014   2.075   0.460

24.19  0.00   0.431   0.425   0.026   0.073   0.001   0.004   0.324   0.002   0.000   0.002   0.000 2101454000
24.19    3.79    50.742
24.19 16.00   0.708   1.367
24.19 16.00   2.075    63.513
24.19 16.00   1.866   1.020   2.075   0.467
24.19 16.00   1.868   1.014   2.075   0.460

24.20  0.00   0.431   0.425   0.026   0.073   0.001   0.004   0.324   0.002   0.000   0.002   0.000 2102323000
24.20    3.79    50.739
24.20 16.00   0.707   1.367
24.20 16.00   2.075    63.512
24.20 16.00   1.866   1.020   2.075   0.467
24.20 16.00   1.868   1.014   2.075   0.460

24.21  0.00   0.431   0.425   0.026   0.073   0.001   0.004   0.324   0.002   0.000   0.002   0.000 2103192000
24.21    3.79    50.735
24.21 16.00   0.707   1.367
24.21 16.00   2.074    63.510
24.21 16.00   1.865   1.020   2.074   0.467
24.21 16.00   1.867   1.014   2.074   0.460

24.22  0.00   0.431   0.425   0.026   0.073   0.001   0.004   0.324   0.002   0.000   0.002   0.000 2104060000
24.22    3.79    50.731
24.22 16.00   0.707   1.367
24.22 16.00   2.074    63.509
24.22 16.00   1.865   1.020   2.074   0.467
24.22 16.00   1.867   1.014   2.074   0.460

24.23  0.00   0.431   0.425   0.026   0.073   0.001   0.004   0.324   0.002   0.000   0.002   0.000 2104929000
24.23    3.79    50.727
24.23 16.00   0.707   1.367
24.23 16.00   2.074    63.507
24.23 16.00   1.865   1.020   2.074   0.467
24.23 16.00   1.867   1.013   2.074   0.460

24.24  0.00   0.431   0.425   0.026   0.073   0.001   0.004   0.324   0.002   0.000   0.002   0.000 2105798000
24.24    3.79    50.723
24.24 16.00   0.707   1.367
24.24 16.00   2.074    63.506
24.24 16.00   1.865   1.020   2.074   0.467
24.24 16.00   1.867   1.013   2.074   0.460

24.25  0.00   0.431   0.425   0.026   0.073   0.001   0.004   0.324   0.002   0.000   0.002   0.000 2106667000
24.25    3.79    50.719
24.25 16.00   0.707   1.367
24.25 16.00   2.074    63.505
24.25 16.00   1.865   1.020   2.074   0.467
24.25 16.00   1.867   1.013   2.074   0.460

24.26  0.00   0.431   0.425   0.026   0.073   0.001   0.004   0.324   0.002   0.000   0.002   0.000 2107535000
24.26    3.79    50.715
24.26 16.00   0.707   1.367
24.26 16.00   2.074    63.503
24.26 16.00   1.865   1.020   2.074   0.467
24.26 16.00   1.867   1.013   2.074   0.460

24.27  0.00   0.431   0.425   0.026   0.073   0.001   0.004   0.324   0.002   0.000   0.002   0.000 2108404000
24.27    3.79    50.711
24.27 16.00   0.707   1.367
24.27 16.00   2.074    63.502
24.27 16.00   1.865   1.020   2.074   0.467
24.27 16.00   1.867   1.013   2.074   0.459

24.28  0.00   0.431   0.425   0.026   0.073   0.001   0.004   0.324   0.002   0.000   0.002   0.000 2109273000
24.28    3.78    50.708
24.28 16.00   0.707   1.367
24.28 16.00   2.074    63.500
24.28 16.00   1.865   1.020   2.074   0.467
24.28 16.00   1.867   1.013   2.074   0.459

24.29  0.00   0.431   0.425   0.026   0.073   0.001   0.004   0.324   0.002   0.000   0.002   0.000 2110142000
24.29    3.78    50.704
24.29 16.00   0.707   1.367
24.29 16.00   2.074    63.499
24.29 16.00   1.865   1.020   2.074   0.467
24.29 16.00   1.867   1.013   2.074   0.459

24.30  0.00   0.431   0.425   0.026   0.073   0.001   0.004   0.324   0.002   0.000   0.002   0.000 2111010000
24.30    3.78    50.700
24.30 16.00   0.707   1.367
24.30 16.00   2.074    63.497
24.30 16.00   1.865   1.020   2.074   0.467
24.30 16.00   1.867   1.013   2.074   0.459

24.31  0.00   0.431   0.425   0.026   0.073   0.001   0.004   0.324   0.002   0.000   0.002   0.000 2111879000
24.31    3.78    50.696
24.31 16.00   0.706   1.367
24.31 16.00   2.074    63.496
24.31 16.00   1.865   1.020   2.074   0.467
24.31 16.00   1.867   1.013   2.074   0.459

24.32  0.00   0.431   0.425   0.026   0.073   0.001   0.004   0.324   0.002   0.000   0.002   0.000 2112748000
24.32    3.78    50.692
24.32 16.00   0.706   1.367
24.32 16.00   2.074    63.495
24.32 16.00   1.865   1.020   2.074   0.467
24.32 16.00   1.867   1.013   2.074   0.459

24.33  0.00   0.431   0.425   0.026   0.073   0.001   0.004   0.324   0.002   0.000   0.002   0.000 2113617000
24.33    3.78    50.688
24.33 16.00   0.706   1.367
24.33 16.00   2.073    63.493
24.33 16.00   1.864   1.020   2.073   0.467
24.33 16.00   1.866   1.013   2.073   0.459

24.34  0.00   0.431   0.425   0.026   0.073   0.001   0.004   0.324   0.002   0.000   0.002   0.000 2114485000
24.34    3.78    50.684
24.34 16.00   0.706   1.367
24.34 16.00   2.073    63.492
24.34 16.00   1.864   1.020   2.073   0.467
24.34 16.00   1.866   1.013   2.073   0.459

24.35  0.00   0.431   0.425   0.026   0.073   0.001   0.004   0.324   0.002   0.000   0.002   0.000 2115354000
24.35    3.78    50.681
24.35 16.00   0.706   1.367
24.35 16.00   2.073    63.490
24.35 16.00   1.864   1.020   2.073   0.467
24.35 16.00   1.866   1.013   2.073   0.459

24.36  0.00   0.431   0.425   0.026   0.073   0.001   0.004   0.324   0.002   0.000   0.002   0.000 2116223000
24.36    3.78    50.677
24.36 16.00   0.706   1.367
24.36 16.00   2.073    63.489
24.36 16.00   1.864   1.020   2.073   0.467
24.36 16.00   1.866   1.013   2.073   0.459

24.37  0.00   0.431   0.425   0.026   0.073   0.001   0.004   0.324   0.002   0.000   0.002   0.000 2117091000
24.37    3.78    50.673
24.37 16.00   0.706   1.367
24.37 16.00   2.073    63.488
24.37 16.00   1.864   1.020   2.073   0.467
24.37 16.00   1.866   1.013   2.073   0.459

24.38  0.00   0.431   0.425   0.026   0.073   0.001   0.004   0.324   0.002   0.000   0.002   0.000 2117960000
24.38    3.78    50.669
24.38 16.00   0.706   1.367
24.38 16.00   2.073    63.486
24.38 16.00   1.864   1.020   2.073   0.467
24.38 16.00   1.866   1.013   2.073   0.459

24.39  0.00   0.431   0.425   0.026   0.073   0.001   0.004   0.324   0.002   0.000   0.002   0.000 2118829000
24.39    3.78    50.665
24.39 16.00   0.706   1.367
24.39 16.00   2.073    63.485
24.39 16.00   1.864   1.020   2.073   0.467
24.39 16.00   1.866   1.013   2.073   0.459

24.40  0.00   0.431   0.425   0.026   0.073   0.001   0.004   0.324   0.002   0.000   0.002   0.000 2119698000
24.40    3.78    50.661
24.40 16.00   0.706   1.367
24.40 16.00   2.073    63.483
24.40 16.00   1.864   1.020   2.073   0.467
24.40 16.00   1.866   1.013   2.073   0.459

24.41  0.00   0.431   0.425   0.026   0.073   0.001   0.004   0.324   0.002   0.000   0.002   0.000 2120566000
24.41    3.78    50.658
24.41 16.00   0.706   1.367
24.41 16.00   2.073    63.482
24.41 16.00   1.864   1.020   2.073   0.467
24.41 16.00   1.866   1.013   2.073   0.459

24.42  0.00   0.431   0.425   0.026   0.073   0.001   0.004   0.324   0.002   0.000   0.002   0.000 2121435000
24.42    3.78    50.654
24.42 16.00   0.705   1.367
24.42 16.00   2.073    63.480
24.42 16.00   1.864   1.020   2.073   0.467
24.42 16.00   1.866   1.013   2.073   0.459

24.43  0.00   0.431   0.425   0.026   0.073   0.001   0.004   0.324   0.002   0.000   0.002   0.000 2122304000
24.43    3.78    50.650
24.43 16.00   0.705   1.367
24.43 16.00   2.073    63.479
24.43 16.00   1.864   1.020   2.073   0.467
24.43 16.00   1.866   1.013   2.073   0.459

24.44  0.00   0.431   0.424   0.026   0.073   0.001   0.004   0.324   0.002   0.000   0.002   0.000 2123173000
24.44    3.78    50.646
24.44 16.00   0.705   1.367
24.44 16.00   2.072    63.478
24.44 16.00   1.864   1.020   2.072   0.467
24.44 16.00   1.866   1.013   2.072   0.459

24.45  0.00   0.431   0.424   0.026   0.073   0.001   0.004   0.324   0.002   0.000   0.002   0.000 2124041000
24.45    3.78    50.642
24.45 16.00   0.705   1.367
24.45 16.00   2.072    63.476
24.45 16.00   1.863   1.020   2.072   0.467
24.45 16.00   1.865   1.013   2.072   0.459

24.46  0.00   0.431   0.424   0.026   0.073   0.001   0.004   0.324   0.002   0.000   0.002   0.000 2124910000
24.46    3.78    50.638
24.46 16.00   0.705   1.367
24.46 16.00   2.072    63.475
24.46 16.00   1.863   1.020   2.072   0.467
24.46 16.00   1.865   1.013   2.072   0.459

24.47  0.00   0.431   0.424   0.026   0.073   0.001   0.004   0.324   0.002   0.000   0.002   0.000 2125779000
24.47    3.78    50.635
24.47 16.00   0.705   1.367
24.47 16.00   2.072    63.473
24.47 16.00   1.863   1.020   2.072   0.467
24.47 16.00   1.865   1.013   2.072   0.459

24.48  0.00   0.431   0.424   0.026   0.073   0.001   0.004   0.324   0.002   0.000   0.002   0.000 2126647000
24.48    3.78    50.631
24.48 16.00   0.705   1.367
24.48 16.00   2.072    63.472
24.48 16.00   1.863   1.020   2.072   0.467
24.48 16.00   1.865   1.013   2.072   0.459

24.49  0.00   0.431   0.424   0.026   0.073   0.001   0.004   0.324   0.002   0.000   0.002   0.000 2127516000
24.49    3.78    50.627
24.49 16.00   0.705   1.367
24.49 16.00   2.072    63.471
24.49 16.00   1.863   1.020   2.072   0.467
24.49 16.00   1.865   1.013   2.072   0.459

24.50  0.00   0.431   0.424   0.026   0.073   0.001   0.004   0.324   0.002   0.000   0.002   0.000 2128385000
24.50    3.78    50.623
24.50 16.00   0.705   1.367
24.50 16.00   2.072    63.469
24.50 16.00   1.863   1.020   2.072   0.467
24.50 16.00   1.865   1.013   2.072   0.459

24.51  0.00   0.431   0.424   0.026   0.073   0.001   0.004   0.324   0.002   0.000   0.002   0.000 2129254000
24.51    3.78    50.619
24.51 16.00   0.705   1.367
24.51 16.00   2.072    63.468
24.51 16.00   1.863   1.020   2.072   0.467
24.51 16.00   1.865   1.013   2.072   0.459

24.52  0.00   0.431   0.424   0.026   0.073   0.001   0.004   0.324   0.002   0.000   0.002   0.000 2130122000
24.52    3.78    50.616
24.52 16.00   0.705   1.367
24.52 16.00   2.072    63.466
24.52 16.00   1.863   1.020   2.072   0.467
24.52 16.00   1.865   1.013   2.072   0.459

24.53  0.00   0.431   0.424   0.026   0.073   0.001   0.004   0.324   0.002   0.000   0.002   0.000 2130991000
24.53    3.78    50.612
24.53 16.00   0.705   1.367
24.53 16.00   2.072    63.465
24.53 16.00   1.863   1.019   2.072   0.467
24.53 16.00   1.865   1.013   2.072   0.459

24.54  0.00   0.431   0.424   0.026   0.073   0.001   0.004   0.324   0.002   0.000   0.002   0.000 2131860000
24.54    3.78    50.608
24.54 16.00   0.704   1.367
24.54 16.00   2.072    63.464
24.54 16.00   1.863   1.019   2.072   0.467
24.54 16.00   1.865   1.013   2.072   0.459

24.55  0.00   0.431   0.424   0.026   0.073   0.001   0.004   0.324   0.002   0.000   0.002   0.000 2132728000
24.55    3.78    50.604
24.55 16.00   0.704   1.367
24.55 16.00   2.072    63.462
24.55 16.00   1.863   1.019   2.072   0.467
24.55 16.00   1.865   1.013   2.072   0.459

24.56  0.00   0.431   0.424   0.026   0.073   0.001   0.004   0.324   0.002   0.000   0.002   0.000 2133597000
24.56    3.78    50.600
24.56 16.00   0.704   1.367
24.56 16.00   2.071    63.461
24.56 16.00   1.863   1.019   2.071   0.466
24.56 16.00   1.865   1.013   2.071   0.459

24.57  0.00   0.431   0.424   0.026   0.073   0.001   0.004   0.324   0.002   0.000   0.002   0.000 2134466000
24.57    3.78    50.597
24.57 16.00   0.704   1.367
24.57 16.00   2.071    63.459
24.57 16.00   1.863   1.019   2.071   0.466
24.57 16.00   1.864   1.012   2.071   0.459

24.58  0.00   0.431   0.424   0.026   0.073   0.001   0.004   0.324   0.002   0.000   0.002   0.000 2135335000
24.58    3.78    50.593
24.58 16.00   0.704   1.367
24.58 16.00   2.071    63.458
24.58 16.00   1.862   1.019   2.071   0.466
24.58 16.00   1.864   1.012   2.071   0.459

24.59  0.00   0.431   0.424   0.026   0.073   0.001   0.004   0.324   0.002   0.000   0.002   0.000 2136203000
24.59    3.78    50.589
24.59 16.00   0.704   1.367
24.59 16.00   2.071    63.457
24.59 16.00   1.862   1.019   2.071   0.466
24.59 16.00   1.864   1.012   2.071   0.459

24.60  0.00   0.431   0.424   0.026   0.073   0.001   0.004   0.324   0.002   0.000   0.002   0.000 2137072000
24.60    3.77    50.585
24.60 16.00   0.704   1.367
24.60 16.00   2.071    63.455
24.60 16.00   1.862   1.019   2.071   0.466
24.60 16.00   1.864   1.012   2.071   0.459

24.61  0.00   0.431   0.424   0.026   0.073   0.001   0.004   0.324   0.002   0.000   0.002   0.000 2137941000
24.61    3.77    50.581
24.61 16.00   0.704   1.367
24.61 16.00   2.071    63.454
24.61 16.00   1.862   1.019   2.071   0.466
24.61 16.00   1.864   1.012   2.071   0.459

24.62  0.00   0.431   0.424   0.026   0.073   0.001   0.004   0.324   0.002   0.000   0.002   0.000 2138810000
24.62    3.77    50.578
24.62 16.00   0.704   1.367
24.62 16.00   2.071    63.453
24.62 16.00   1.862   1.019   2.071   0.466
24.62 16.00   1.864   1.012   2.071   0.459

24.63  0.00   0.431   0.424   0.026   0.073   0.001   0.004   0.324   0.002   0.000   0.002   0.000 2139678000
24.63    3.77    50.574
24.63 16.00   0.704   1.367
24.63 16.00   2.071    63.451
24.63 16.00   1.862   1.019   2.071   0.466
24.63 16.00   1.864   1.012   2.071   0.459

24.64  0.00   0.431   0.424   0.026   0.073   0.001   0.004   0.324   0.002   0.000   0.002   0.000 2140547000
24.64    3.77    50.570
24.64 16.00   0.704   1.367
24.64 16.00   2.071    63.450
24.64 16.00   1.862   1.019   2.071   0.466
24.64 16.00   1.864   1.012   2.071   0.459

24.65  0.00   0.431   0.424   0.026   0.073   0.001   0.004   0.324   0.002   0.000   0.002   0.000 2141416000
24.65    3.77    50.566
24.65 16.00   0.703   1.367
24.65 16.00   2.071    63.448
24.65 16.00   1.862   1.019   2.071   0.466
24.65 16.00   1.864   1.012   2.071   0.459

24.66  0.00   0.431   0.424   0.026   0.073   0.001   0.004   0.324   0.002   0.000   0.002   0.000 2142285000
24.66    3.77    50.563
24.66 16.00   0.703   1.367
24.66 16.00   2.071    63.447
24.66 16.00   1.862   1.019   2.071   0.466
24.66 16.00   1.864   1.012   2.071   0.459

24.67  0.00   0.431   0.424   0.026   0.073   0.001   0.004   0.324   0.002   0.000   0.002   0.000 2143153000
24.67    3.77    50.559
24.67 16.00   0.703   1.367
24.67 16.00   2.070    63.446
24.67 16.00   1.862   1.019   2.070   0.466
24.67 16.00   1.864   1.012   2.070   0.459

24.68  0.00   0.431   0.424   0.026   0.073   0.001   0.004   0.324   0.002   0.000   0.002   0.000 2144022000
24.68    3.77    50.555
24.68 16.00   0.703   1.367
24.68 16.00   2.070    63.444
24.68 16.00   1.862   1.019   2.070   0.466
24.68 16.00   1.864   1.012   2.070   0.459

24.69  0.00   0.431   0.424   0.026   0.073   0.001   0.004   0.324   0.002   0.000   0.002   0.000 2144891000
24.69    3.77    50.551
24.69 16.00   0.703   1.367
24.69 16.00   2.070    63.443
24.69 16.00   1.862   1.019   2.070   0.466
24.69 16.00   1.864   1.012   2.070   0.459

24.70  0.00   0.431   0.424   0.026   0.073   0.001   0.004   0.324   0.002   0.000   0.002   0.000 2145759000
24.70    3.77    50.547
24.70 16.00   0.703   1.367
24.70 16.00   2.070    63.441
24.70 16.00   1.861   1.019   2.070   0.466
24.70 16.00   1.863   1.012   2.070   0.459

24.71  0.00   0.431   0.424   0.026   0.073   0.001   0.004   0.324   0.002   0.000   0.002   0.000 2146628000
24.71    3.77    50.544
24.71 16.00   0.703   1.367
24.71 16.00   2.070    63.440
24.71 16.00   1.861   1.019   2.070   0.466
24.71 16.00   1.863   1.012   2.070   0.459

24.72  0.00   0.431   0.424   0.026   0.073   0.001   0.004   0.324   0.002   0.000   0.002   0.000 2147497000
24.72    3.77    50.540
24.72 16.00   0.703   1.367
24.72 16.00   2.070    63.439
24.72 16.00   1.861   1.019   2.070   0.466
24.72 16.00   1.863   1.012   2.070   0.459

24.73  0.00   0.431   0.424   0.026   0.073   0.001   0.004   0.324   0.002   0.000   0.002   0.000 2148366000
24.73    3.77    50.536
24.73 16.00   0.703   1.367
24.73 16.00   2.070    63.437
24.73 16.00   1.861   1.019   2.070   0.466
24.73 16.00   1.863   1.012   2.070   0.459

24.74  0.00   0.431   0.424   0.026   0.073   0.001   0.004   0.324   0.002   0.000   0.002   0.000 2149234000
24.74    3.77    50.532
24.74 16.00   0.703   1.367
24.74 16.00   2.070    63.436
24.74 16.00   1.861   1.019   2.070   0.466
24.74 16.00   1.863   1.012   2.070   0.459

24.75  0.00   0.431   0.424   0.026   0.073   0.001   0.004   0.324   0.002   0.000   0.002   0.000 2150103000
24.75    3.77    50.529
24.75 16.00   0.703   1.367
24.75 16.00   2.070    63.435
24.75 16.00   1.861   1.019   2.070   0.466
24.75 16.00   1.863   1.012   2.070   0.459

24.76  0.00   0.431   0.424   0.026   0.073   0.001   0.004   0.324   0.002   0.000   0.002   0.000 2150972000
24.76    3.77    50.525
24.76 16.00   0.703   1.367
24.76 16.00   2.070    63.433
24.76 16.00   1.861   1.019   2.070   0.466
24.76 16.00   1.863   1.012   2.070   0.459

24.77  0.00   0.431   0.424   0.026   0.073   0.001   0.004   0.324   0.002   0.000   0.002   0.000 2151841000
24.77    3.77    50.521
24.77 16.00   0.702   1.367
24.77 16.00   2.070    63.432
24.77 16.00   1.861   1.019   2.070   0.466
24.77 16.00   1.863   1.012   2.070   0.459

24.78  0.00   0.431   0.424   0.026   0.073   0.001   0.004   0.324   0.002   0.000   0.002   0.000 2152709000
24.78    3.77    50.518
24.78 16.00   0.702   1.367
24.78 16.00   2.070    63.430
24.78 16.00   1.861   1.019   2.070   0.466
24.78 16.00   1.863   1.012   2.070   0.459

24.79  0.00   0.431   0.424   0.026   0.073   0.001   0.004   0.324   0.002   0.000   0.002   0.000 2153578000
24.79    3.77    50.514
24.79 16.00   0.702   1.367
24.79 16.00   2.069    63.429
24.79 16.00   1.861   1.019   2.069   0.466
24.79 16.00   1.863   1.012   2.069   0.459

24.80  0.00   0.431   0.424   0.026   0.073   0.001   0.004   0.324   0.002   0.000   0.002   0.000 2154447000
24.80    3.77    50.510
24.80 16.00   0.702   1.367
24.80 16.00   2.069    63.428
24.80 16.00   1.861   1.019   2.069   0.466
24.80 16.00   1.863   1.012   2.069   0.459

24.81  0.00   0.431   0.424   0.026   0.073   0.001   0.004   0.324   0.002   0.000   0.002   0.000 2155315000
24.81    3.77    50.506
24.81 16.00   0.702   1.367
24.81 16.00   2.069    63.426
24.81 16.00   1.861   1.019   2.069   0.466
24.81 16.00   1.863   1.012   2.069   0.459

24.82  0.00   0.431   0.424   0.026   0.073   0.001   0.004   0.324   0.002   0.000   0.002   0.000 2156184000
24.82    3.77    50.503
24.82 16.00   0.702   1.367
24.82 16.00   2.069    63.425
24.82 16.00   1.860   1.019   2.069   0.466
24.82 16.00   1.862   1.012   2.069   0.459

24.83  0.00   0.431   0.424   0.026   0.073   0.001   0.004   0.324   0.002   0.000   0.002   0.000 2157053000
24.83    3.77    50.499
24.83 16.00   0.702   1.367
24.83 16.00   2.069    63.424
24.83 16.00   1.860   1.019   2.069   0.466
24.83 16.00   1.862   1.012   2.069   0.459

24.84  0.00   0.431   0.424   0.026   0.073   0.001   0.004   0.324   0.002   0.000   0.002   0.000 2157922000
24.84    3.77    50.495
24.84 16.00   0.702   1.367
24.84 16.00   2.069    63.422
24.84 16.00   1.860   1.019   2.069   0.466
24.84 16.00   1.862   1.012   2.069   0.459

24.85  0.00   0.431   0.424   0.026   0.073   0.001   0.004   0.324   0.002   0.000   0.002   0.000 2158790000
24.85    3.77    50.491
24.85 16.00   0.702   1.367
24.85 16.00   2.069    63.421
24.85 16.00   1.860   1.019   2.069   0.466
24.85 16.00   1.862   1.012   2.069   0.459

24.86  0.00   0.431   0.424   0.026   0.073   0.001   0.004   0.324   0.002   0.000   0.002   0.000 2159659000
24.86    3.77    50.488
24.86 16.00   0.702   1.367
24.86 16.00   2.069    63.420
24.86 16.00   1.860   1.019   2.069   0.466
24.86 16.00   1.862   1.012   2.069   0.459

24.87  0.00   0.431   0.424   0.026   0.073   0.001   0.004   0.324   0.002   0.000   0.002   0.000 2160528000
24.87    3.77    50.484
24.87 16.00   0.702   1.367
24.87 16.00   2.069    63.418
24.87 16.00   1.860   1.018   2.069   0.466
24.87 16.00   1.862   1.012   2.069   0.459

24.88  0.00   0.431   0.424   0.026   0.073   0.001   0.004   0.324   0.002   0.000   0.002   0.000 2161396000
24.88    3.77    50.480
24.88 16.00   0.702   1.367
24.88 16.00   2.069    63.417
24.88 16.00   1.860   1.018   2.069   0.466
24.88 16.00   1.862   1.012   2.069   0.459

24.89  0.00   0.431   0.424   0.026   0.073   0.001   0.004   0.324   0.002   0.000   0.002   0.000 2162265000
24.89    3.77    50.477
24.89 16.00   0.701   1.367
24.89 16.00   2.069    63.415
24.89 16.00   1.860   1.018   2.069   0.466
24.89 16.00   1.862   1.012   2.069   0.459

24.90  0.00   0.431   0.424   0.026   0.073   0.001   0.004   0.324   0.002   0.000   0.002   0.000 2163134000
24.90    3.77    50.473
24.90 16.00   0.701   1.367
24.90 16.00   2.069    63.414
24.90 16.00   1.860   1.018   2.069   0.466
24.90 16.00   1.862   1.012   2.069   0.459

24.91  0.00   0.431   0.424   0.026   0.073   0.001   0.004   0.324   0.002   0.000   0.002   0.000 2164003000
24.91    3.77    50.469
24.91 16.00   0.701   1.367
24.91 16.00   2.068    63.413
24.91 16.00   1.860   1.018   2.068   0.466
24.91 16.00   1.862   1.011   2.068   0.459

24.92  0.00   0.431   0.424   0.026   0.073   0.001   0.004   0.324   0.002   0.000   0.002   0.000 2164871000
24.92    3.77    50.465
24.92 16.00   0.701   1.367
24.92 16.00   2.068    63.411
24.92 16.00   1.860   1.018   2.068   0.466
24.92 16.00   1.862   1.011   2.068   0.459

24.93  0.00   0.431   0.424   0.026   0.073   0.001   0.004   0.324   0.002   0.000   0.002   0.000 2165740000
24.93    3.76    50.462
24.93 16.00   0.701   1.367
24.93 16.00   2.068    63.410
24.93 16.00   1.860   1.018   2.068   0.466
24.93 16.00   1.862   1.011   2.068   0.459

24.94  0.00   0.431   0.424   0.026   0.073   0.001   0.004   0.324   0.002   0.000   0.002   0.000 2166609000
24.94    3.76    50.458
24.94 16.00   0.701   1.367
24.94 16.00   2.068    63.409
24.94 16.00   1.860   1.018   2.068   0.466
24.94 16.00   1.862   1.011   2.068   0.459

24.95  0.00   0.431   0.424   0.026   0.073   0.001   0.004   0.324   0.002   0.000   0.002   0.000 2167478000
24.95    3.76    50.454
24.95 16.00   0.701   1.367
24.95 16.00   2.068    63.407
24.95 16.00   1.859   1.018   2.068   0.466
24.95 16.00   1.861   1.011   2.068   0.459

24.96  0.00   0.431   0.424   0.026   0.073   0.001   0.004   0.324   0.002   0.000   0.002   0.000 2168346000
24.96    3.76    50.451
24.96 16.00   0.701   1.367
24.96 16.00   2.068    63.406
24.96 16.00   1.859   1.018   2.068   0.466
24.96 16.00   1.861   1.011   2.068   0.459

24.97  0.00   0.431   0.424   0.026   0.073   0.001   0.004   0.324   0.002   0.000   0.002   0.000 2169215000
24.97    3.76    50.447
24.97 16.00   0.701   1.367
24.97 16.00   2.068    63.405
24.97 16.00   1.859   1.018   2.068   0.466
24.97 16.00   1.861   1.011   2.068   0.459

24.98  0.00   0.431   0.424   0.026   0.073   0.001   0.004   0.324   0.002   0.000   0.002   0.000 2170084000
24.98    3.76    50.443
24.98 16.00   0.701   1.367
24.98 16.00   2.068    63.403
24.98 16.00   1.859   1.018   2.068   0.466
24.98 16.00   1.861   1.011   2.068   0.459

24.99  0.00   0.431   0.424   0.026   0.073   0.001   0.004   0.324   0.002   0.000   0.002   0.000 2170952000
24.99    3.76    50.440
24.99 16.00   0.701   1.367
24.99 16.00   2.068    63.402
24.99 16.00   1.859   1.018   2.068   0.466
24.99 16.00   1.861   1.011   2.068   0.459

25.00  0.00   0.431   0.424   0.026   0.073   0.001   0.004   0.324   0.002   0.000   0.002   0.000 2171821000
25.00    3.76    50.436
25.00 16.00   0.701   1.367
25.00 16.00   2.068    63.401
25.00 16.00   1.859   1.018   2.068   0.466
25.00 16.00   1.861   1.011   2.068   0.459
