
                -------->  BODY TRANSITIONING TO TURBULENT FLOW  <--------

 0.01  0.00   0.290   0.283  0.169   0.009   0.020  0.056   0.036   0.000  0.000    868729
 0.01 13.37 110.136
 0.01 20.00   4.229   2.105
 0.01 20.00   6.334 101.361
 0.01 20.00   5.840   2.475   6.334   0.328
 0.01 20.00   5.842   2.468   6.334   0.321

 0.02  0.00   0.291   0.284  0.197   0.011   0.018  0.040   0.025   0.000  0.000   1737457
 0.02 13.37 110.136
 0.02 20.00   4.229   2.105
 0.02 20.00   6.334 101.361
 0.02 20.00   5.840   2.476   6.334   0.329
 0.02 20.00   5.842   2.469   6.334   0.322

 0.03  0.00   0.282   0.275  0.199   0.011   0.018  0.032   0.021   0.000  0.000   2606186
 0.03 13.37 110.136
 0.03 20.00   4.229   2.105
 0.03 20.00   6.334 101.361
 0.03 20.00   5.843   2.466   6.334   0.319
 0.03 20.00   5.846   2.459   6.334   0.311

 0.04  0.00   0.273   0.267  0.198   0.011   0.018  0.028   0.018   0.000  0.000   3474914
 0.04 13.37 110.136
 0.04 20.00   4.229   2.105
 0.04 20.00   6.334 101.361
 0.04 20.00   5.846   2.457   6.334   0.309
 0.04 20.00   5.849   2.450   6.334   0.302

 0.05  0.00   0.269   0.262  0.196   0.011   0.018  0.027   0.017   0.000  0.000   4343642
 0.05 13.37 110.136
 0.05 20.00   4.229   2.105
 0.05 20.00   6.334 101.361
 0.05 20.00   5.848   2.452   6.334   0.304
 0.05 20.00   5.851   2.445   6.334   0.297

 0.06  0.00   0.266   0.260  0.193   0.011   0.018  0.027   0.017   0.000  0.000   5212371
 0.06 13.37 110.136
 0.06 20.00   4.229   2.105
 0.06 20.00   6.334 101.361
 0.06 20.00   5.849   2.450   6.334   0.301
 0.06 20.00   5.852   2.443   6.334   0.294

 0.07  0.00   0.264   0.257  0.191   0.010   0.018  0.027   0.017   0.000  0.000   6081100
 0.07 13.37 110.136
 0.07 20.00   4.229   2.105
 0.07 20.00   6.334 101.361
 0.07 20.00   5.850   2.447   6.334   0.299
 0.07 20.00   5.853   2.440   6.334   0.291

 0.08  0.00   0.261   0.255  0.189   0.010   0.019  0.027   0.017   0.000  0.000   6949828
 0.08 13.37 110.136
 0.08 20.00   4.229   2.105
 0.08 20.00   6.334 101.361
 0.08 20.00   5.851   2.445   6.334   0.296
 0.08 20.00   5.853   2.438   6.334   0.289

 0.09  0.00   0.259   0.253  0.187   0.010   0.019  0.027   0.017   0.000  0.000   7818557
 0.09 13.37 110.136
 0.09 20.00   4.229   2.105
 0.09 20.00   6.334 101.361
 0.09 20.00   5.852   2.442   6.334   0.294
 0.09 20.00   5.854   2.435   6.334   0.286

 0.10  0.00   0.258   0.251  0.185   0.010   0.019  0.027   0.017   0.000  0.000   8687285
 0.10 13.37 110.136
 0.10 20.00   4.229   2.105
 0.10 20.00   6.334 101.361
 0.10 20.00   5.852   2.441   6.334   0.292
 0.10 20.00   5.855   2.434   6.334   0.285

 0.11  0.00   0.258   0.251  0.185   0.010   0.019  0.027   0.017   0.000  0.000   9556014
 0.11 13.37 110.136
 0.11 20.00   4.229   2.105
 0.11 20.00   6.334 101.361
 0.11 20.00   5.852   2.441   6.334   0.292
 0.11 20.00   5.855   2.434   6.334   0.285

 0.12  0.00   0.258   0.251  0.185   0.010   0.019  0.027   0.017   0.000  0.000  10424740
 0.12 13.37 110.136
 0.12 20.00   4.229   2.105
 0.12 20.00   6.334 101.361
 0.12 20.00   5.852   2.441   6.334   0.292
 0.12 20.00   5.855   2.434   6.334   0.285

                -------->  FINS TRANSITIONING TO TURBULENT FLOW  <--------

 0.13  0.00   0.258   0.251  0.185   0.010   0.019  0.027   0.017   0.000  0.000  11293470
 0.13 13.37 110.136
 0.13 20.00   4.229   2.105
 0.13 20.00   6.334 101.361
 0.13 20.00   5.852   2.441   6.334   0.292
 0.13 20.00   5.855   2.434   6.334   0.284

 0.14  0.00   0.258   0.251  0.185   0.010   0.019  0.027   0.017   0.000  0.000  12162200
 0.14 13.37 110.136
 0.14 20.00   4.229   2.105
 0.14 20.00   6.334 101.361
 0.14 20.00   5.852   2.441   6.334   0.292
 0.14 20.00   5.855   2.434   6.334   0.284

 0.15  0.00   0.258   0.251  0.185   0.010   0.019  0.027   0.017   0.000  0.000  13030930
 0.15 13.37 110.136
 0.15 20.00   4.229   2.105
 0.15 20.00   6.334 101.361
 0.15 20.00   5.852   2.441   6.334   0.292
 0.15 20.00   5.855   2.434   6.334   0.284

 0.16  0.00   0.258   0.251  0.185   0.010   0.019  0.027   0.017   0.000  0.000  13899660
 0.16 13.37 110.136
 0.16 20.00   4.229   2.105
 0.16 20.00   6.334 101.361
 0.16 20.00   5.852   2.441   6.334   0.292
 0.16 20.00   5.855   2.434   6.334   0.284

 0.17  0.00   0.258   0.251  0.185   0.010   0.019  0.027   0.017   0.000  0.000  14768380
 0.17 13.37 110.136
 0.17 20.00   4.229   2.105
 0.17 20.00   6.334 101.361
 0.17 20.00   5.852   2.441   6.334   0.292
 0.17 20.00   5.855   2.434   6.334   0.284

 0.18  0.00   0.258   0.251  0.185   0.010   0.019  0.027   0.017   0.000  0.000  15637110
 0.18 13.37 110.136
 0.18 20.00   4.229   2.105
 0.18 20.00   6.334 101.361
 0.18 20.00   5.852   2.441   6.334   0.292
 0.18 20.00   5.855   2.434   6.334   0.284

 0.19  0.00   0.258   0.251  0.185   0.010   0.019  0.027   0.017   0.000  0.000  16505840
 0.19 13.37 110.136
 0.19 20.00   4.229   2.105
 0.19 20.00   6.334 101.361
 0.19 20.00   5.852   2.441   6.334   0.292
 0.19 20.00   5.855   2.433   6.334   0.284

 0.20  0.00   0.258   0.251  0.185   0.010   0.019  0.027   0.017   0.000  0.000  17374570
 0.20 13.37 110.136
 0.20 20.00   4.229   2.105
 0.20 20.00   6.334 101.361
 0.20 20.00   5.852   2.440   6.334   0.292
 0.20 20.00   5.855   2.433   6.334   0.284

 0.21  0.00   0.258   0.251  0.185   0.010   0.019  0.027   0.017   0.000  0.000  18243300
 0.21 13.37 110.136
 0.21 20.00   4.229   2.105
 0.21 20.00   6.334 101.361
 0.21 20.00   5.852   2.440   6.334   0.292
 0.21 20.00   5.855   2.433   6.334   0.284

 0.22  0.00   0.257   0.251  0.185   0.010   0.019  0.027   0.017   0.000  0.000  19112030
 0.22 13.37 110.136
 0.22 20.00   4.229   2.105
 0.22 20.00   6.334 101.361
 0.22 20.00   5.852   2.440   6.334   0.292
 0.22 20.00   5.855   2.433   6.334   0.284

 0.23  0.00   0.257   0.251  0.185   0.010   0.019  0.027   0.017   0.000  0.000  19980760
 0.23 13.37 110.136
 0.23 20.00   4.229   2.105
 0.23 20.00   6.334 101.361
 0.23 20.00   5.852   2.440   6.334   0.292
 0.23 20.00   5.855   2.433   6.334   0.284

 0.24  0.00   0.257   0.251  0.185   0.010   0.019  0.027   0.017   0.000  0.000  20849480
 0.24 13.37 110.136
 0.24 20.00   4.229   2.105
 0.24 20.00   6.334 101.361
 0.24 20.00   5.852   2.440   6.334   0.292
 0.24 20.00   5.855   2.433   6.334   0.284

 0.25  0.00   0.257   0.251  0.185   0.010   0.019  0.027   0.017   0.000  0.000  21718210
 0.25 13.37 110.136
 0.25 20.00   4.229   2.105
 0.25 20.00   6.334 101.361
 0.25 20.00   5.852   2.440   6.334   0.291
 0.25 20.00   5.855   2.433   6.334   0.284

 0.26  0.00   0.257   0.251  0.185   0.010   0.019  0.027   0.017   0.000  0.000  22586940
 0.26 13.37 110.136
 0.26 20.00   4.229   2.105
 0.26 20.00   6.334 101.361
 0.26 20.00   5.852   2.440   6.334   0.292
 0.26 20.00   5.855   2.433   6.334   0.284

 0.27  0.00   0.257   0.251  0.185   0.010   0.019  0.027   0.017   0.000  0.000  23455670
 0.27 13.37 110.136
 0.27 20.00   4.229   2.105
 0.27 20.00   6.334 101.361
 0.27 20.00   5.852   2.440   6.334   0.292
 0.27 20.00   5.855   2.433   6.334   0.284

 0.28  0.00   0.258   0.251  0.185   0.010   0.019  0.027   0.017   0.000  0.000  24324400
 0.28 13.37 110.136
 0.28 20.00   4.229   2.105
 0.28 20.00   6.334 101.361
 0.28 20.00   5.852   2.440   6.334   0.292
 0.28 20.00   5.855   2.433   6.334   0.284

 0.29  0.00   0.258   0.251  0.185   0.010   0.019  0.027   0.017   0.000  0.000  25193130
 0.29 13.37 110.136
 0.29 20.00   4.229   2.105
 0.29 20.00   6.334 101.361
 0.29 20.00   5.852   2.441   6.334   0.292
 0.29 20.00   5.855   2.433   6.334   0.284

 0.30  0.00   0.258   0.251  0.185   0.010   0.019  0.027   0.017   0.000  0.000  26061860
 0.30 13.37 110.136
 0.30 20.00   4.229   2.076
 0.30 20.00   6.305 101.473
 0.30 20.00   5.825   2.431   6.305   0.292
 0.30 20.00   5.828   2.424   6.305   0.284

 0.31  0.00   0.258   0.251  0.185   0.010   0.019  0.027   0.017   0.000  0.000  26930580
 0.31 13.37 110.136
 0.31 20.00   4.229   2.038
 0.31 20.00   6.267 101.623
 0.31 20.00   5.789   2.418   6.267   0.292
 0.31 20.00   5.792   2.411   6.267   0.284

 0.32  0.00   0.258   0.251  0.184   0.010   0.019  0.027   0.017   0.000  0.000  27799310
 0.32 13.37 110.136
 0.32 20.00   4.229   2.000
 0.32 20.00   6.229 101.774
 0.32 20.00   5.754   2.405   6.229   0.292
 0.32 20.00   5.756   2.398   6.229   0.284

 0.33  0.00   0.258   0.251  0.184   0.010   0.019  0.027   0.017   0.000  0.000  28668040
 0.33 13.37 110.136
 0.33 20.00   4.229   1.962
 0.33 20.00   6.191 101.928
 0.33 20.00   5.718   2.392   6.191   0.292
 0.33 20.00   5.720   2.385   6.191   0.285

 0.34  0.00   0.258   0.251  0.184   0.010   0.019  0.027   0.017   0.000  0.000  29536770
 0.34 13.37 110.136
 0.34 20.00   4.229   1.924
 0.34 20.00   6.153 102.083
 0.34 20.00   5.682   2.379   6.153   0.292
 0.34 20.00   5.685   2.372   6.153   0.285

 0.35  0.00   0.258   0.251  0.184   0.010   0.019  0.027   0.018   0.000  0.000  30405500
 0.35 13.37 110.136
 0.35 20.00   4.229   1.886
 0.35 20.00   6.115 102.240
 0.35 20.00   5.646   2.366   6.115   0.292
 0.35 20.00   5.649   2.359   6.115   0.285

 0.36  0.00   0.258   0.251  0.184   0.010   0.019  0.027   0.018   0.000  0.000  31274230
 0.36 13.37 110.136
 0.36 20.00   4.229   1.848
 0.36 20.00   6.077 102.399
 0.36 20.00   5.611   2.353   6.077   0.292
 0.36 20.00   5.613   2.346   6.077   0.285

 0.37  0.00   0.258   0.251  0.184   0.010   0.019  0.027   0.018   0.000  0.000  32142960
 0.37 13.37 110.136
 0.37 20.00   4.229   1.810
 0.37 20.00   6.039 102.560
 0.37 20.00   5.575   2.340   6.039   0.292
 0.37 20.00   5.578   2.333   6.039   0.285

 0.38  0.00   0.258   0.252  0.184   0.010   0.019  0.027   0.018   0.000  0.000  33011680
 0.38 13.37 110.136
 0.38 20.00   4.229   1.772
 0.38 20.00   6.001 102.723
 0.38 20.00   5.539   2.327   6.001   0.292
 0.38 20.00   5.542   2.320   6.001   0.285

 0.39  0.00   0.258   0.252  0.184   0.010   0.019  0.027   0.018   0.000  0.000  33880410
 0.39 13.37 110.136
 0.39 20.00   4.229   1.734
 0.39 20.00   5.963 102.889
 0.39 20.00   5.504   2.314   5.963   0.292
 0.39 20.00   5.506   2.307   5.963   0.285

 0.40  0.00   0.258   0.252  0.184   0.010   0.019  0.028   0.018   0.000  0.000  34749140
 0.40 13.37 110.136
 0.40 20.00   4.229   1.696
 0.40 20.00   5.925 103.056
 0.40 20.00   5.468   2.301   5.925   0.292
 0.40 20.00   5.470   2.294   5.925   0.285

 0.41  0.00   0.258   0.252  0.184   0.010   0.019  0.028   0.018   0.000  0.000  35617870
 0.41 13.37 110.136
 0.41 20.00   4.229   1.658
 0.41 20.00   5.887 103.225
 0.41 20.00   5.432   2.288   5.887   0.293
 0.41 20.00   5.435   2.281   5.887   0.285

 0.42  0.00   0.258   0.252  0.184   0.010   0.019  0.028   0.018   0.000  0.000  36486600
 0.42 13.37 110.136
 0.42 20.00   4.229   1.620
 0.42 20.00   5.849 103.397
 0.42 20.00   5.396   2.276   5.849   0.293
 0.42 20.00   5.399   2.268   5.849   0.285

 0.43  0.00   0.258   0.252  0.184   0.010   0.019  0.028   0.018   0.000  0.000  37355330
 0.43 13.37 110.136
 0.43 20.00   4.229   1.582
 0.43 20.00   5.811 103.571
 0.43 20.00   5.361   2.263   5.811   0.293
 0.43 20.00   5.363   2.256   5.811   0.285

 0.44  0.00   0.259   0.252  0.184   0.010   0.019  0.028   0.018   0.000  0.000  38224060
 0.44 13.37 110.136
 0.44 20.00   4.229   1.544
 0.44 20.00   5.773 103.747
 0.44 20.00   5.325   2.250   5.773   0.293
 0.44 20.00   5.327   2.243   5.773   0.285

 0.45  0.00   0.259   0.252  0.184   0.010   0.019  0.028   0.018   0.000  0.000  39092780
 0.45 13.37 110.136
 0.45 20.00   4.229   1.506
 0.45 20.00   5.735 103.926
 0.45 20.00   5.289   2.237   5.735   0.293
 0.45 20.00   5.292   2.230   5.735   0.285

 0.46  0.00   0.259   0.252  0.184   0.010   0.019  0.028   0.018   0.000  0.000  39961510
 0.46 13.37 110.136
 0.46 20.00   4.229   1.468
 0.46 20.00   5.697 104.107
 0.46 20.00   5.253   2.224   5.697   0.293
 0.46 20.00   5.256   2.217   5.697   0.285

 0.47  0.00   0.259   0.252  0.184   0.010   0.019  0.028   0.018   0.000  0.000  40830240
 0.47 13.37 110.136
 0.47 20.00   4.229   1.430
 0.47 20.00   5.659 104.290
 0.47 20.00   5.218   2.211   5.659   0.293
 0.47 20.00   5.220   2.204   5.659   0.285

 0.48  0.00   0.259   0.252  0.184   0.010   0.019  0.028   0.018   0.000  0.000  41698970
 0.48 13.37 110.136
 0.48 20.00   4.229   1.392
 0.48 20.00   5.621 104.476
 0.48 20.00   5.182   2.198   5.621   0.293
 0.48 20.00   5.185   2.191   5.621   0.286

 0.49  0.00   0.259   0.252  0.184   0.010   0.019  0.028   0.018   0.000  0.000  42567700
 0.49 13.37 110.136
 0.49 20.00   4.229   1.354
 0.49 20.00   5.583 104.664
 0.49 20.00   5.146   2.185   5.583   0.293
 0.49 20.00   5.149   2.178   5.583   0.286

 0.50  0.00   0.259   0.252  0.184   0.010   0.019  0.028   0.018   0.000  0.000  43436420
 0.50 13.37 110.136
 0.50 20.00   4.229   1.316
 0.50 20.00   5.545 104.855
 0.50 20.00   5.111   2.172   5.545   0.293
 0.50 20.00   5.113   2.165   5.545   0.286

 0.51  0.00   0.259   0.252  0.184   0.010   0.019  0.028   0.018   0.000  0.000  44305150
 0.51 13.37 110.136
 0.51 20.00   4.229   1.278
 0.51 20.00   5.507 105.049
 0.51 20.00   5.075   2.159   5.507   0.293
 0.51 20.00   5.077   2.152   5.507   0.286

 0.52  0.00   0.259   0.252  0.184   0.010   0.019  0.028   0.018   0.000  0.000  45173880
 0.52 13.37 110.136
 0.52 20.00   4.229   1.240
 0.52 20.00   5.469 105.245
 0.52 20.00   5.039   2.146   5.469   0.293
 0.52 20.00   5.042   2.139   5.469   0.286

 0.53  0.00   0.259   0.252  0.184   0.010   0.019  0.028   0.018   0.000  0.000  46042610
 0.53 13.37 110.136
 0.53 20.00   4.229   1.202
 0.53 20.00   5.431 105.444
 0.53 20.00   5.003   2.133   5.431   0.293
 0.53 20.00   5.006   2.126   5.431   0.286

 0.54  0.00   0.259   0.252  0.184   0.010   0.019  0.028   0.018   0.000  0.000  46911340
 0.54 13.37 110.136
 0.54 20.00   4.229   1.164
 0.54 20.00   5.393 105.646
 0.54 20.00   4.968   2.120   5.393   0.293
 0.54 20.00   4.970   2.113   5.393   0.286

 0.55  0.00   0.259   0.253  0.184   0.010   0.019  0.028   0.018   0.000  0.000  47780070
 0.55 13.37 110.136
 0.55 20.00   4.229   1.126
 0.55 20.00   5.355 105.851
 0.55 20.00   4.932   2.107   5.355   0.294
 0.55 20.00   4.934   2.100   5.355   0.286

 0.56  0.00   0.259   0.253  0.184   0.010   0.019  0.028   0.018   0.000  0.000  48648800
 0.56 13.37 110.136
 0.56 20.00   4.229   1.088
 0.56 20.00   5.317 106.058
 0.56 20.00   4.896   2.094   5.317   0.294
 0.56 20.00   4.899   2.087   5.317   0.286

 0.57  0.00   0.259   0.253  0.184   0.010   0.019  0.029   0.018   0.000  0.000  49517520
 0.57 13.37 110.136
 0.57 20.00   4.229   1.050
 0.57 20.00   5.279 106.269
 0.57 20.00   4.860   2.082   5.279   0.294
 0.57 20.00   4.863   2.074   5.279   0.286

 0.58  0.00   0.259   0.253  0.184   0.010   0.019  0.029   0.018   0.000  0.000  50386250
 0.58 13.37 110.136
 0.58 20.00   4.229   1.012
 0.58 20.00   5.241 106.483
 0.58 20.00   4.825   2.069   5.241   0.294
 0.58 20.00   4.827   2.062   5.241   0.286

 0.59  0.00   0.259   0.253  0.183   0.010   0.019  0.029   0.018   0.000  0.000  51254980
 0.59 13.37 110.136
 0.59 20.00   4.229   0.974
 0.59 20.00   5.203 106.699
 0.59 20.00   4.789   2.056   5.203   0.294
 0.59 20.00   4.792   2.048   5.203   0.286

 0.60  0.00   0.259   0.253  0.183   0.010   0.019  0.029   0.018   0.000  0.000  52123710
 0.60 13.37 110.136
 0.60 20.00   4.229   0.936
 0.60 20.00   5.165 106.919
 0.60 20.00   4.753   2.043   5.165   0.294
 0.60 20.00   4.756   2.035   5.165   0.286

 0.61  0.00   0.260   0.253  0.183   0.010   0.019  0.029   0.019   0.000  0.000  52992440
 0.61 13.37 110.136
 0.61 20.00   4.229   0.898
 0.61 20.00   5.127 107.143
 0.61 20.00   4.717   2.030   5.127   0.294
 0.61 20.00   4.720   2.023   5.127   0.286

 0.62  0.00   0.260   0.253  0.183   0.010   0.019  0.029   0.019   0.000  0.000  53861170
 0.62 13.37 110.136
 0.62 20.00   4.229   0.860
 0.62 20.00   5.089 107.369
 0.62 20.00   4.682   2.017   5.089   0.294
 0.62 20.00   4.684   2.010   5.089   0.286

 0.63  0.00   0.260   0.253  0.183   0.010   0.019  0.029   0.019   0.000  0.000  54729900
 0.63 13.37 110.136
 0.63 20.00   4.229   0.822
 0.63 20.00   5.051 107.599
 0.63 20.00   4.646   2.004   5.051   0.295
 0.63 20.00   4.649   1.997   5.051   0.286

 0.64  0.00   0.260   0.253  0.183   0.010   0.019  0.029   0.019   0.000  0.000  55598620
 0.64 13.37 110.136
 0.64 20.00   4.229   0.784
 0.64 20.00   5.013 107.833
 0.64 20.00   4.610   1.992   5.013   0.295
 0.64 20.00   4.613   1.984   5.013   0.286

 0.65  0.00   0.261   0.253  0.183   0.010   0.019  0.030   0.019   0.000  0.000  56467350
 0.65 13.37 110.136
 0.65 20.00   4.229   0.746
 0.65 20.00   4.975 108.070
 0.65 20.00   4.574   1.979   4.975   0.295
 0.65 20.00   4.577   1.971   4.975   0.287

 0.66  0.00   0.261   0.253  0.183   0.010   0.019  0.030   0.019   0.000  0.000  57336080
 0.66 13.37 110.136
 0.66 20.00   4.229   0.708
 0.66 20.00   4.937 108.310
 0.66 20.00   4.538   1.966   4.937   0.295
 0.66 20.00   4.541   1.958   4.937   0.287

 0.67  0.00   0.261   0.253  0.183   0.010   0.019  0.030   0.019   0.000  0.000  58204810
 0.67 13.37 110.136
 0.67 20.00   4.229   0.670
 0.67 20.00   4.899 108.555
 0.67 20.00   4.503   1.953   4.899   0.296
 0.67 20.00   4.506   1.945   4.899   0.287

 0.68  0.00   0.261   0.253  0.183   0.010   0.019  0.030   0.019   0.000  0.000  59073540
 0.68 13.37 110.136
 0.68 20.00   4.229   0.632
 0.68 20.00   4.861 108.803
 0.68 20.00   4.467   1.941   4.861   0.296
 0.68 20.00   4.470   1.932   4.861   0.287

 0.69  0.00   0.262   0.253  0.183   0.010   0.019  0.030   0.019   0.000  0.000  59942270
 0.69 13.37 110.136
 0.69 20.00   4.229   0.594
 0.69 20.00   4.823 109.055
 0.69 20.00   4.431   1.928   4.823   0.296
 0.69 20.00   4.434   1.919   4.823   0.287

 0.70  0.00   0.262   0.254  0.183   0.010   0.019  0.030   0.020   0.000  0.000  60811000
 0.70 13.37 110.136
 0.70 20.00   4.229   0.556
 0.70 20.00   4.785 109.311
 0.70 20.00   4.395   1.915   4.785   0.296
 0.70 20.00   4.398   1.906   4.785   0.287

 0.71  0.00   0.262   0.254  0.183   0.010   0.019  0.031   0.020   0.000  0.000  61679720
 0.71 13.37 110.136
 0.71 20.00   4.229   0.518
 0.71 20.00   4.747 109.571
 0.71 20.00   4.360   1.902   4.747   0.297
 0.71 20.00   4.363   1.894   4.747   0.287

 0.72  0.00   0.262   0.254  0.183   0.010   0.019  0.031   0.020   0.000  0.000  62548460
 0.72 13.37 110.136
 0.72 20.00   4.229   0.480
 0.72 20.00   4.709 109.836
 0.72 20.00   4.324   1.890   4.709   0.297
 0.72 20.00   4.327   1.881   4.709   0.287

 0.73  0.00   0.262   0.254  0.183   0.010   0.019  0.031   0.020   0.000  0.000  63417180
 0.73 13.37 110.136
 0.73 20.00   4.229   0.442
 0.73 20.00   4.671 110.105
 0.73 20.00   4.288   1.877   4.671   0.297
 0.73 20.00   4.291   1.868   4.671   0.287

 0.74  0.00   0.263   0.254  0.183   0.010   0.019  0.031   0.020   0.000  0.000  64285910
 0.74 13.37 110.136
 0.74 20.00   4.229   0.439
 0.74 20.00   4.668 110.130
 0.74 20.00   4.284   1.876   4.668   0.298
 0.74 20.00   4.288   1.867   4.668   0.288

 0.75  0.00   0.263   0.254  0.183   0.010   0.019  0.031   0.020   0.000  0.000  65154640
 0.75 13.37 110.136
 0.75 20.00   4.229   0.439
 0.75 20.00   4.668 110.130
 0.75 20.00   4.284   1.876   4.668   0.298
 0.75 20.00   4.288   1.867   4.668   0.288

 0.76  0.00   0.263   0.254  0.183   0.010   0.019  0.031   0.020   0.000  0.000  66023370
 0.76 13.37 110.136
 0.76 20.00   4.229   0.439
 0.76 20.00   4.668 110.130
 0.76 20.00   4.284   1.876   4.668   0.298
 0.76 20.00   4.288   1.867   4.668   0.288

 0.77  0.00   0.263   0.254  0.183   0.010   0.019  0.031   0.020   0.000  0.000  66892100
 0.77 13.37 110.136
 0.77 20.00   4.229   0.439
 0.77 20.00   4.668 110.130
 0.77 20.00   4.284   1.877   4.668   0.298
 0.77 20.00   4.288   1.867   4.668   0.288

 0.78  0.00   0.264   0.254  0.183   0.010   0.019  0.032   0.020   0.000  0.000  67760820
 0.78 13.37 110.136
 0.78 20.00   4.229   0.439
 0.78 20.00   4.668 110.130
 0.78 20.00   4.284   1.877   4.668   0.299
 0.78 20.00   4.288   1.867   4.668   0.288

 0.79  0.00   0.264   0.254  0.183   0.010   0.019  0.032   0.020   0.000  0.000  68629550
 0.79 13.37 110.136
 0.79 20.00   4.229   0.439
 0.79 20.00   4.668 110.130
 0.79 20.00   4.284   1.877   4.668   0.299
 0.79 20.00   4.288   1.867   4.668   0.288

 0.80  0.00   0.264   0.255  0.183   0.010   0.019  0.032   0.021   0.000  0.000  69498280
 0.80 13.37 110.136
 0.80 20.00   4.229   0.439
 0.80 20.00   4.668 110.130
 0.80 20.00   4.284   1.877   4.668   0.299
 0.80 20.00   4.288   1.867   4.668   0.288

 0.81  0.00   0.264   0.255  0.183   0.010   0.019  0.032   0.021   0.000  0.000  70367010
 0.81 13.37 110.136
 0.81 20.00   4.229   0.439
 0.81 20.00   4.668 110.130
 0.81 20.00   4.284   1.878   4.668   0.299
 0.81 20.00   4.288   1.867   4.668   0.288

 0.82  0.00   0.265   0.255  0.183   0.010   0.019  0.032   0.021   0.000  0.000  71235740
 0.82 13.37 110.136
 0.82 20.00   4.229   0.439
 0.82 20.00   4.668 110.130
 0.82 20.00   4.284   1.878   4.668   0.300
 0.82 20.00   4.288   1.867   4.668   0.288

 0.83  0.00   0.265   0.255  0.183   0.010   0.019  0.032   0.021   0.000  0.000  72104460
 0.83 13.37 110.136
 0.83 20.00   4.229   0.439
 0.83 20.00   4.668 110.130
 0.83 20.00   4.284   1.878   4.668   0.300
 0.83 20.00   4.287   1.868   4.668   0.289

 0.84  0.00   0.265   0.255  0.183   0.010   0.019  0.033   0.021   0.000  0.000  72973190
 0.84 13.37 110.136
 0.84 20.00   4.229   0.439
 0.84 20.00   4.668 110.130
 0.84 20.00   4.284   1.878   4.668   0.300
 0.84 20.00   4.287   1.868   4.668   0.289

 0.85  0.00   0.265   0.255  0.183   0.010   0.019  0.033   0.021   0.000  0.000  73841930
 0.85 13.37 110.136
 0.85 20.00   4.229   0.439
 0.85 20.00   4.668 110.130
 0.85 20.00   4.283   1.879   4.668   0.300
 0.85 20.00   4.287   1.868   4.668   0.289

 0.86  0.00   0.265   0.255  0.183   0.010   0.019  0.033   0.021   0.000  0.000  74710660
 0.86 13.37 110.136
 0.86 20.00   4.229   0.439
 0.86 20.00   4.668 110.130
 0.86 20.00   4.283   1.879   4.668   0.301
 0.86 20.00   4.287   1.868   4.668   0.289

 0.87  0.00   0.266   0.255  0.182   0.010   0.019  0.033   0.021   0.000  0.000  75579380
 0.87 13.37 110.136
 0.87 20.00   4.229   0.439
 0.87 20.00   4.668 110.130
 0.87 20.00   4.283   1.879   4.668   0.301
 0.87 20.00   4.287   1.868   4.668   0.289

 0.88  0.00   0.266   0.255  0.182   0.010   0.019  0.033   0.021   0.000  0.000  76448110
 0.88 13.37 110.136
 0.88 20.00   4.229   0.439
 0.88 20.00   4.668 110.130
 0.88 20.00   4.283   1.879   4.668   0.301
 0.88 20.00   4.287   1.868   4.668   0.289

 0.89  0.00   0.266   0.255  0.182   0.010   0.019  0.033   0.021   0.000  0.000  77316840
 0.89 13.37 110.136
 0.89 20.00   4.229   0.439
 0.89 20.00   4.668 110.130
 0.89 20.00   4.283   1.880   4.668   0.301
 0.89 20.00   4.287   1.868   4.668   0.289

 0.90  0.00   0.266   0.255  0.182   0.010   0.019  0.034   0.022   0.000  0.000  78185570
 0.90 13.37 110.136
 0.90 20.00   4.229   0.439
 0.90 20.00   4.668 110.130
 0.90 20.00   4.283   1.880   4.668   0.302
 0.90 20.00   4.287   1.868   4.668   0.289

 0.91  0.00   0.268   0.257   79054300
 0.91   13.45   110.568
 0.91 20.00   4.256   0.439
 0.91 20.00   4.694   110.563
 0.91 20.00   4.307   1.891   4.694   0.304
 0.91 20.00   4.311   1.879   4.694   0.291

 0.92  0.00   0.274   0.262   79923020
 0.92   13.52   111.000
 0.92 20.00   4.282   0.439
 0.92 20.00   4.721   110.995
 0.92 20.00   4.330   1.906   4.721   0.310
 0.92 20.00   4.334   1.894   4.721   0.297

 0.93  0.00   0.293   0.281   80791750
 0.93   13.60   111.433
 0.93 20.00   4.309   0.439
 0.93 20.00   4.747   111.427
 0.93 20.00   4.348   1.935   4.747   0.331
 0.93 20.00   4.352   1.923   4.747   0.318

 0.94  0.00   0.323   0.310   81660480
 0.94   13.67   111.865
 0.94 20.00   4.335   0.439
 0.94 20.00   4.774   111.860
 0.94 20.00   4.361   1.976   4.774   0.365
 0.94 20.00   4.366   1.963   4.774   0.352

 0.95  0.00   0.353   0.340   82529210
 0.95   13.75   112.298
 0.95 20.00   4.362   0.439
 0.95 20.00   4.800   112.292
 0.95 20.00   4.374   2.017   4.800   0.399
 0.95 20.00   4.379   2.003   4.800   0.385

 0.96  0.00   0.383   0.369   83397940
 0.96   13.83   112.730
 0.96 20.00   4.388   0.439
 0.96 20.00   4.827   112.725
 0.96 20.00   4.387   2.058   4.827   0.433
 0.96 20.00   4.393   2.044   4.827   0.418

 0.97  0.00   0.413   0.399   84266670
 0.97   13.90   113.162
 0.97 20.00   4.415   0.439
 0.97 20.00   4.853   113.157
 0.97 20.00   4.401   2.099   4.853   0.467
 0.97 20.00   4.406   2.084   4.853   0.451

 0.98  0.00   0.443   0.428   85135400
 0.98   13.98   113.595
 0.98 20.00   4.441   0.439
 0.98 20.00   4.880   113.589
 0.98 20.00   4.414   2.140   4.880   0.501
 0.98 20.00   4.420   2.124   4.880   0.485

 0.99  0.00   0.473   0.457   86004130
 0.99   14.05   114.027
 0.99 20.00   4.468   0.439
 0.99 20.00   4.906   114.022
 0.99 20.00   4.427   2.181   4.906   0.535
 0.99 20.00   4.433   2.165   4.906   0.518

 1.00  0.00   0.503   0.487   86872850
 1.00   14.13   114.460
 1.00 20.00   4.494   0.439
 1.00 20.00   4.933   114.454
 1.00 20.00   4.441   2.222   4.933   0.569
 1.00 20.00   4.447   2.205   4.933   0.551

 1.01  0.00   0.533   0.516   87741580
 1.01   14.21   114.892
 1.01 20.00   4.521   0.439
 1.01 20.00   4.959   114.886
 1.01 20.00   4.454   2.263   4.959   0.603
 1.01 20.00   4.460   2.246   4.959   0.585

 1.02  0.00   0.563   0.546   88610300
 1.02   14.28   115.324
 1.02 20.00   4.547   0.439
 1.02 20.00   4.986   115.319
 1.02 20.00   4.467   2.304   4.986   0.637
 1.02 20.00   4.474   2.286   4.986   0.618

 1.03  0.00   0.593   0.575   89479030
 1.03   14.36   115.757
 1.03 20.00   4.574   0.439
 1.03 20.00   5.012   115.751
 1.03 20.00   4.481   2.345   5.012   0.671
 1.03 20.00   4.487   2.326   5.012   0.651

 1.04  0.00   0.623   0.604   90347760
 1.04   14.43   116.189
 1.04 20.00   4.600   0.439
 1.04 20.00   5.039   116.184
 1.04 20.00   4.494   2.386   5.039   0.705
 1.04 20.00   4.501   2.367   5.039   0.684

 1.05  0.00   0.653   0.634   0.179   0.133   0.060   0.021   0.204   0.014   0.000   0.042   0.000  91216490
 1.05   14.51   116.622
 1.05 20.00   4.627   0.439
 1.05 20.00   5.065   116.616
 1.05 20.00   4.507   2.427   5.065   0.739
 1.05 20.00   4.514   2.407   5.065   0.718

 1.06  0.00   0.665   0.646   0.178   0.132   0.060   0.021   0.218   0.014   0.000   0.042   0.000  92085220
 1.06   14.38   116.315
 1.06 20.00   4.580   0.439
 1.06 20.00   5.019   116.309
 1.06 20.00   4.459   2.424   5.019   0.753
 1.06 20.00   4.466   2.404   5.019   0.731

 1.07  0.00   0.677   0.658   0.177   0.131   0.060   0.021   0.232   0.014   0.000   0.041   0.000  92953960
 1.07   14.25   116.026
 1.07 20.00   4.537   0.439
 1.07 20.00   4.975   116.021
 1.07 20.00   4.413   2.422   4.975   0.767
 1.07 20.00   4.420   2.402   4.975   0.745

 1.08  0.00   0.690   0.671   0.177   0.131   0.060   0.021   0.247   0.014   0.000   0.041   0.000  93822680
 1.08   14.14   115.752
 1.08 20.00   4.496   0.439
 1.08 20.00   4.935   115.746
 1.08 20.00   4.370   2.422   4.935   0.782
 1.08 20.00   4.377   2.402   4.935   0.760

 1.09  0.00   0.704   0.685   0.176   0.130   0.060   0.021   0.263   0.014   0.000   0.040   0.000  94691410
 1.09   14.03   115.488
 1.09 20.00   4.458   0.439
 1.09 20.00   4.896   115.482
 1.09 20.00   4.328   2.424   4.896   0.797
 1.09 20.00   4.336   2.404   4.896   0.776

 1.10  0.00   0.718   0.700   0.175   0.129   0.060   0.021   0.279   0.014   0.000   0.040   0.000  95560140
 1.10   13.92   115.233
 1.10 20.00   4.421   0.439
 1.10 20.00   4.860   115.227
 1.10 20.00   4.288   2.426   4.860   0.813
 1.10 20.00   4.296   2.407   4.860   0.792

 1.11  0.00   0.733   0.715   0.175   0.129   0.060   0.021   0.296   0.014   0.000   0.040   0.000  96428860
 1.11   13.82   114.985
 1.11 20.00   4.386   0.439
 1.11 20.00   4.825   114.980
 1.11 20.00   4.250   2.430   4.825   0.830
 1.11 20.00   4.257   2.411   4.825   0.809

 1.12  0.00   0.749   0.730   0.174   0.128   0.060   0.021   0.313   0.013   0.000   0.039   0.000  97297590
 1.12   13.72   114.744
 1.12 20.00   4.352   0.439
 1.12 20.00   4.791   114.739
 1.12 20.00   4.212   2.435   4.791   0.848
 1.12 20.00   4.219   2.416   4.791   0.827

 1.13  0.00   0.765   0.747   0.173   0.128   0.060   0.021   0.331   0.013   0.000   0.039   0.000  98166320
 1.13   13.63   114.508
 1.13 20.00   4.319   0.439
 1.13 20.00   4.758   114.503
 1.13 20.00   4.175   2.442   4.758   0.867
 1.13 20.00   4.182   2.422   4.758   0.846

 1.14  0.00   0.782   0.764   0.173   0.127   0.060   0.021   0.349   0.013   0.000   0.039   0.000  99035050
 1.14   13.54   114.277
 1.14 20.00   4.288   0.439
 1.14 20.00   4.726   114.271
 1.14 20.00   4.138   2.449   4.726   0.886
 1.14 20.00   4.145   2.429   4.726   0.865

 1.15  0.00   0.800   0.781   0.172   0.126   0.060   0.021   0.369   0.013   0.000   0.038   0.000  99903780
 1.15   13.45   114.054
 1.15 20.00   4.258   0.439
 1.15 20.00   4.696   114.048
 1.15 20.00   4.103   2.457   4.696   0.905
 1.15 20.00   4.110   2.438   4.696   0.885

 1.16  0.00   0.817   0.799   0.171   0.126   0.060   0.021   0.388   0.013   0.000   0.038   0.000 100772500
 1.16   13.37   113.845
 1.16 20.00   4.230   0.439
 1.16 20.00   4.669   113.840
 1.16 20.00   4.071   2.467   4.669   0.926
 1.16 20.00   4.078   2.447   4.669   0.905

 1.17  0.00   0.836   0.818   0.171   0.125   0.059   0.021   0.409   0.013   0.000   0.038   0.000 101641200
 1.17   13.30   113.641
 1.17 20.00   4.204   0.442
 1.17 20.00   4.645   113.610
 1.17 20.00   4.041   2.478   4.645   0.947
 1.17 20.00   4.048   2.459   4.645   0.926

 1.18  0.00   0.855   0.837   0.170   0.125   0.059   0.021   0.430   0.013   0.000   0.037   0.000 102510000
 1.18   13.22   113.440
 1.18 20.00   4.178   0.508
 1.18 20.00   4.686   112.890
 1.18 20.00   4.072   2.513   4.686   0.968
 1.18 20.00   4.079   2.493   4.686   0.948

                              -------->  FIN LEADING EDGE SUPERSONIC  <--------

 1.19  0.00   0.871   0.853   0.169   0.124   0.059   0.021   0.448   0.013   0.000   0.037   0.000 103378700
 1.19   13.15   113.246
 1.19 20.00   4.153   0.575
 1.19 20.00   4.728   112.192
 1.19 20.00   4.105   2.544   4.728   0.987
 1.19 20.00   4.112   2.525   4.728   0.967

 1.20  0.00   0.864   0.846   0.169   0.124   0.059   0.021   0.442   0.013   0.000   0.037   0.000 104247400
 1.20   13.09   113.063
 1.20 20.00   4.131   0.641
 1.20 20.00   4.772   111.519
 1.20 20.00   4.149   2.551   4.772   0.978
 1.20 20.00   4.156   2.532   4.772   0.958

 1.21  0.00   0.856   0.838   0.168   0.123   0.058   0.020   0.437   0.013   0.000   0.036   0.000 105116200
 1.21   13.02   112.865
 1.21 20.00   4.106   0.707
 1.21 20.00   4.813   110.845
 1.21 20.00   4.191   2.557   4.813   0.970
 1.21 20.00   4.198   2.538   4.813   0.950

 1.22  0.00   0.850   0.832   0.168   0.123   0.058   0.020   0.432   0.013   0.000   0.036   0.000 105984900
 1.22   12.94   112.653
 1.22 20.00   4.079   0.774
 1.22 20.00   4.853   110.171
 1.22 20.00   4.231   2.564   4.853   0.962
 1.22 20.00   4.238   2.545   4.853   0.942

 1.23  0.00   0.843   0.825   0.167   0.122   0.058   0.020   0.427   0.013   0.000   0.036   0.000 106853600
 1.23   12.86   112.432
 1.23 20.00   4.052   0.840
 1.23 20.00   4.892   109.500
 1.23 20.00   4.270   2.571   4.892   0.955
 1.23 20.00   4.277   2.552   4.892   0.935

 1.24  0.00   0.837   0.820   0.166   0.122   0.058   0.020   0.423   0.013   0.000   0.036   0.000 107722300
 1.24   12.78   112.202
 1.24 20.00   4.023   0.907
 1.24 20.00   4.930   108.835
 1.24 20.00   4.308   2.577   4.930   0.948
 1.24 20.00   4.315   2.558   4.930   0.928

 1.25  0.00   0.832   0.814   0.166   0.121   0.057   0.020   0.419   0.013   0.000   0.035   0.000 108591100
 1.25   12.70   111.965
 1.25 20.00   3.994   0.973
 1.25 20.00   4.967   108.176
 1.25 20.00   4.346   2.584   4.967   0.942
 1.25 20.00   4.352   2.565   4.967   0.922

 1.26  0.00   0.827   0.809   0.165   0.121   0.057   0.020   0.416   0.013   0.000   0.035   0.000 109459800
 1.26   12.61   111.723
 1.26 20.00   3.965   1.039
 1.26 20.00   5.004   107.524
 1.26 20.00   4.382   2.591   5.004   0.936
 1.26 20.00   4.389   2.572   5.004   0.916

 1.27  0.00   0.822   0.804   0.164   0.120   0.057   0.020   0.412   0.013   0.000   0.035   0.000 110328500
 1.27   12.53   111.478
 1.27 20.00   3.935   1.106
 1.27 20.00   5.041   106.882
 1.27 20.00   4.419   2.599   5.041   0.931
 1.27 20.00   4.426   2.580   5.041   0.910

 1.28  0.00   0.817   0.799   0.164   0.120   0.056   0.020   0.409   0.013   0.000   0.034   0.000 111197200
 1.28   12.44   111.229
 1.28 20.00   3.906   1.172
 1.28 20.00   5.078   106.249
 1.28 20.00   4.455   2.606   5.078   0.925
 1.28 20.00   4.462   2.587   5.078   0.905

 1.29  0.00   0.813   0.795   0.163   0.119   0.056   0.020   0.407   0.013   0.000   0.034   0.000 112066000
 1.29   12.36   110.977
 1.29 20.00   3.876   1.239
 1.29 20.00   5.115   105.625
 1.29 20.00   4.492   2.614   5.115   0.920
 1.29 20.00   4.499   2.595   5.115   0.900

 1.30  0.00   0.808   0.791   0.163   0.119   0.056   0.020   0.404   0.013   0.000   0.034   0.000 112934700
 1.30   12.28   110.724
 1.30 20.00   3.847   1.305
 1.30 20.00   5.152   105.013
 1.30 20.00   4.528   2.623   5.152   0.916
 1.30 20.00   4.535   2.603   5.152   0.895

 1.31  0.00   0.804   0.787   0.162   0.119   0.056   0.020   0.402   0.013   0.000   0.034   0.000 113803400
 1.31   12.19   110.470
 1.31 20.00   3.818   1.372
 1.31 20.00   5.190   104.411
 1.31 20.00   4.565   2.631   5.190   0.911
 1.31 20.00   4.572   2.612   5.190   0.891

 1.32  0.00   0.801   0.783   0.161   0.118   0.056   0.020   0.400   0.013   0.000   0.033   0.000 114672200
 1.32   12.11   110.214
 1.32 20.00   3.789   1.438
 1.32 20.00   5.227   103.821
 1.32 20.00   4.602   2.640   5.227   0.907
 1.32 20.00   4.609   2.621   5.227   0.886

 1.33  0.00   0.797   0.779   0.161   0.118   0.055   0.020   0.398   0.013   0.000   0.033   0.000 115540900
 1.33   12.03   109.959
 1.33 20.00   3.761   1.504
 1.33 20.00   5.265   103.242
 1.33 20.00   4.639   2.649   5.265   0.903
 1.33 20.00   4.646   2.630   5.265   0.882

 1.34  0.00   0.794   0.776   0.160   0.117   0.055   0.020   0.396   0.013   0.000   0.033   0.000 116409600
 1.34   11.95   109.703
 1.34 20.00   3.733   1.571
 1.34 20.00   5.304   102.674
 1.34 20.00   4.677   2.659   5.304   0.899
 1.34 20.00   4.684   2.640   5.304   0.878

 1.35  0.00   0.790   0.772   0.160   0.117   0.055   0.020   0.394   0.013   0.000   0.033   0.000 117278400
 1.35   11.87   109.447
 1.35 20.00   3.706   1.637
 1.35 20.00   5.343   102.118
 1.35 20.00   4.715   2.668   5.343   0.895
 1.35 20.00   4.721   2.649   5.343   0.875

 1.36  0.00   0.787   0.769   0.159   0.117   0.055   0.020   0.392   0.013   0.000   0.032   0.000 118147100
 1.36   11.79   109.192
 1.36 20.00   3.679   1.704
 1.36 20.00   5.382   101.573
 1.36 20.00   4.753   2.678   5.382   0.891
 1.36 20.00   4.760   2.659   5.382   0.871

 1.37  0.00   0.784   0.766   0.158   0.116   0.054   0.020   0.391   0.013   0.000   0.032   0.000 119015800
 1.37   11.72   108.937
 1.37 20.00   3.652   1.770
 1.37 20.00   5.422   101.040
 1.37 20.00   4.791   2.689   5.422   0.888
 1.37 20.00   4.798   2.670   5.422   0.868

 1.38  0.00   0.781   0.763   0.158   0.116   0.054   0.020   0.389   0.013   0.000   0.032   0.000 119884500
 1.38   11.64   108.684
 1.38 20.00   3.626   1.836
 1.38 20.00   5.462   100.519
 1.38 20.00   4.830   2.699   5.462   0.884
 1.38 20.00   4.837   2.680   5.462   0.864

 1.39  0.00   0.778   0.760   0.157   0.115   0.054   0.019   0.388   0.013   0.000   0.032   0.000 120753300
 1.39   11.57   108.430
 1.39 20.00   3.600   1.903
 1.39 20.00   5.503   100.008
 1.39 20.00   4.869   2.710   5.503   0.881
 1.39 20.00   4.876   2.691   5.503   0.861

 1.40  0.00   0.775   0.758   0.157   0.115   0.054   0.019   0.387   0.012   0.000   0.032   0.000 121622000
 1.40   11.49   108.178
 1.40 20.00   3.575   1.969
 1.40 20.00   5.544    99.509
 1.40 20.00   4.909   2.721   5.544   0.878
 1.40 20.00   4.916   2.702   5.544   0.858

 1.41  0.00   0.773   0.755   0.156   0.115   0.053   0.019   0.386   0.012   0.000   0.031   0.000 122490700
 1.41   11.42   107.927
 1.41 20.00   3.550   2.036
 1.41 20.00   5.585    99.021
 1.41 20.00   4.949   2.733   5.585   0.875
 1.41 20.00   4.956   2.714   5.585   0.855

 1.42  0.00   0.770   0.752   0.155   0.114   0.053   0.019   0.385   0.012   0.000   0.031   0.000 123359400
 1.42   11.35   107.677
 1.42 20.00   3.525   2.102
 1.42 20.00   5.627    98.544
 1.42 20.00   4.990   2.744   5.627   0.872
 1.42 20.00   4.997   2.725   5.627   0.852

 1.43  0.00   0.768   0.750   0.155   0.114   0.053   0.019   0.384   0.012   0.000   0.031   0.000 124228200
 1.43   11.28   107.429
 1.43 20.00   3.501   2.169
 1.43 20.00   5.670    98.078
 1.43 20.00   5.031   2.756   5.670   0.869
 1.43 20.00   5.038   2.737   5.670   0.849

 1.44  0.00   0.765   0.747   0.154   0.114   0.053   0.019   0.383   0.012   0.000   0.031   0.000 125096900
 1.44   11.21   107.189
 1.44 20.00   3.478   2.235
 1.44 20.00   5.713    97.623
 1.44 20.00   5.072   2.768   5.713   0.867
 1.44 20.00   5.079   2.749   5.713   0.846

 1.45  0.00   0.763   0.745   0.154   0.113   0.052   0.019   0.382   0.012   0.000   0.030   0.000 125965600
 1.45   11.14   106.956
 1.45 20.00   3.455   2.301
 1.45 20.00   5.756    97.178
 1.45 20.00   5.113   2.781   5.756   0.864
 1.45 20.00   5.120   2.762   5.756   0.844

 1.46  0.00   0.761   0.743   0.153   0.113   0.052   0.019   0.381   0.012   0.000   0.030   0.000 126834400
 1.46   11.07   106.723
 1.46 20.00   3.432   2.368
 1.46 20.00   5.800    96.743
 1.46 20.00   5.155   2.793   5.800   0.862
 1.46 20.00   5.162   2.774   5.800   0.841

 1.47  0.00   0.759   0.741   0.152   0.113   0.052   0.019   0.380   0.012   0.000   0.030   0.000 127703100
 1.47   11.01   106.493
 1.47 20.00   3.410   2.387
 1.47 20.00   5.797    96.478
 1.47 20.00   5.153   2.790   5.797   0.859
 1.47 20.00   5.160   2.771   5.797   0.839

 1.48  0.00   0.756   0.739   0.152   0.112   0.052   0.019   0.380   0.012   0.000   0.030   0.000 128571800
 1.48   10.94   106.263
 1.48 20.00   3.388   2.394
 1.48 20.00   5.782    96.255
 1.48 20.00   5.141   2.783   5.782   0.857
 1.48 20.00   5.147   2.764   5.782   0.836

 1.49  0.00   0.754   0.736   0.151   0.112   0.051   0.019   0.379   0.012   0.000   0.030   0.000 129440600
 1.49   10.87   106.035
 1.49 20.00   3.367   2.402
 1.49 20.00   5.768    96.035
 1.49 20.00   5.128   2.776   5.768   0.854
 1.49 20.00   5.135   2.757   5.768   0.834

 1.50  0.00   0.752   0.734   0.151   0.112   0.051   0.019   0.378   0.012   0.000   0.029   0.000 130309300
 1.50   10.81   105.808
 1.50 20.00   3.346   2.409
 1.50 20.00   5.755    95.816
 1.50 20.00   5.116   2.769   5.755   0.852
 1.50 20.00   5.123   2.750   5.755   0.832

 1.51  0.00   0.750   0.732   0.150   0.111   0.051   0.019   0.378   0.012   0.000   0.029   0.000 131178000
 1.51   10.74   105.583
 1.51 20.00   3.325   2.417
 1.51 20.00   5.742    95.600
 1.51 20.00   5.105   2.762   5.742   0.850
 1.51 20.00   5.112   2.743   5.742   0.829

 1.52  0.00   0.748   0.731   0.150   0.111   0.051   0.019   0.377   0.012   0.000   0.029   0.000 132046700
 1.52   10.68   105.359
 1.52 20.00   3.305   2.425
 1.52 20.00   5.729    95.385
 1.52 20.00   5.094   2.756   5.729   0.848
 1.52 20.00   5.101   2.737   5.729   0.827

 1.53  0.00   0.747   0.729   0.149   0.111   0.051   0.019   0.377   0.012   0.000   0.029   0.000 132915500
 1.53   10.62   105.137
 1.53 20.00   3.285   2.432
 1.53 20.00   5.717    95.173
 1.53 20.00   5.083   2.750   5.717   0.845
 1.53 20.00   5.090   2.731   5.717   0.825

 1.54  0.00   0.745   0.727   0.148   0.110   0.050   0.019   0.376   0.012   0.000   0.029   0.000 133784200
 1.54   10.56   104.916
 1.54 20.00   3.265   2.440
 1.54 20.00   5.706    94.962
 1.54 20.00   5.073   2.744   5.706   0.843
 1.54 20.00   5.080   2.725   5.706   0.823

 1.55  0.00   0.743   0.725   0.148   0.110   0.050   0.019   0.376   0.012   0.000   0.028   0.000 134652900
 1.55   10.50   104.697
 1.55 20.00   3.246   2.448
 1.55 20.00   5.695    94.754
 1.55 20.00   5.064   2.738   5.695   0.841
 1.55 20.00   5.070   2.719   5.695   0.821

 1.56  0.00   0.741   0.723   0.147   0.110   0.050   0.019   0.375   0.012   0.000   0.028   0.000 135521600
 1.56   10.44   104.479
 1.56 20.00   3.227   2.457
 1.56 20.00   5.684    94.548
 1.56 20.00   5.054   2.733   5.684   0.839
 1.56 20.00   5.061   2.714   5.684   0.819

 1.57  0.00   0.739   0.722   0.147   0.110   0.050   0.018   0.375   0.012   0.000   0.028   0.000 136390400
 1.57   10.38   104.263
 1.57 20.00   3.209   2.465
 1.57 20.00   5.674    94.344
 1.57 20.00   5.045   2.727   5.674   0.837
 1.57 20.00   5.052   2.708   5.674   0.817

 1.58  0.00   0.738   0.720   0.146   0.109   0.049   0.018   0.375   0.012   0.000   0.028   0.000 137259100
 1.58   10.33   104.047
 1.58 20.00   3.191   2.473
 1.58 20.00   5.664    94.141
 1.58 20.00   5.037   2.722   5.664   0.835
 1.58 20.00   5.044   2.703   5.664   0.815

 1.59  0.00   0.736   0.718   0.146   0.109   0.049   0.018   0.374   0.012   0.000   0.028   0.000 138127800
 1.59   10.27   103.834
 1.59 20.00   3.173   2.482
 1.59 20.00   5.655    93.941
 1.59 20.00   5.028   2.717   5.655   0.834
 1.59 20.00   5.035   2.698   5.655   0.813

 1.60  0.00   0.734   0.717   0.145   0.109   0.049   0.018   0.374   0.012   0.000   0.028   0.000 138996600
 1.60   10.22   103.622
 1.60 20.00   3.155   2.490
 1.60 20.00   5.646    93.743
 1.60 20.00   5.021   2.712   5.646   0.832
 1.60 20.00   5.028   2.693   5.646   0.811

 1.61  0.00   0.733   0.715   0.144   0.109   0.049   0.018   0.374   0.012   0.000   0.027   0.000 139865300
 1.61   10.16   103.411
 1.61 20.00   3.138   2.499
 1.61 20.00   5.637    93.546
 1.61 20.00   5.013   2.708   5.637   0.830
 1.61 20.00   5.020   2.689   5.637   0.810

 1.62  0.00   0.731   0.713   0.144   0.108   0.049   0.018   0.373   0.012   0.000   0.027   0.000 140734000
 1.62   10.11   103.202
 1.62 20.00   3.121   2.507
 1.62 20.00   5.629    93.352
 1.62 20.00   5.006   2.703   5.629   0.828
 1.62 20.00   5.013   2.684   5.629   0.808

 1.63  0.00   0.730   0.712   0.143   0.108   0.048   0.018   0.373   0.012   0.000   0.027   0.000 141602800
 1.63   10.06   102.994
 1.63 20.00   3.105   2.516
 1.63 20.00   5.621    93.159
 1.63 20.00   4.999   2.699   5.621   0.826
 1.63 20.00   5.006   2.680   5.621   0.806

 1.64  0.00   0.728   0.710   0.143   0.108   0.048   0.018   0.373   0.012   0.000   0.027   0.000 142471500
 1.64   10.01   102.788
 1.64 20.00   3.088   2.525
 1.64 20.00   5.613    92.969
 1.64 20.00   4.993   2.695   5.613   0.825
 1.64 20.00   5.000   2.676   5.613   0.804

 1.65  0.00   0.727   0.709   0.142   0.107   0.048   0.018   0.373   0.012   0.000   0.027   0.000 143340200
 1.65    9.96   102.583
 1.65 20.00   3.072   2.534
 1.65 20.00   5.606    92.780
 1.65 20.00   4.987   2.691   5.606   0.823
 1.65 20.00   4.994   2.672   5.606   0.803

 1.66  0.00   0.725   0.707   0.142   0.107   0.048   0.018   0.372   0.012   0.000   0.027   0.000 144208900
 1.66    9.91   102.379
 1.66 20.00   3.056   2.543
 1.66 20.00   5.600    92.593
 1.66 20.00   4.981   2.687   5.600   0.821
 1.66 20.00   4.988   2.668   5.600   0.801

 1.67  0.00   0.724   0.706   0.141   0.107   0.048   0.018   0.372   0.012   0.000   0.026   0.000 145077700
 1.67    9.86   102.177
 1.67 20.00   3.041   2.552
 1.67 20.00   5.593    92.409
 1.67 20.00   4.976   2.683   5.593   0.820
 1.67 20.00   4.983   2.664   5.593   0.799

 1.68  0.00   0.722   0.704   0.141   0.107   0.047   0.018   0.372   0.011   0.000   0.026   0.000 145946400
 1.68    9.81   101.976
 1.68 20.00   3.026   2.562
 1.68 20.00   5.587    92.226
 1.68 20.00   4.971   2.680   5.587   0.818
 1.68 20.00   4.977   2.661   5.587   0.798

 1.69  0.00   0.721   0.703   0.140   0.107   0.047   0.018   0.372   0.011   0.000   0.026   0.000 146815100
 1.69    9.76   101.776
 1.69 20.00   3.011   2.571
 1.69 20.00   5.582    92.044
 1.69 20.00   4.966   2.676   5.582   0.816
 1.69 20.00   4.973   2.657   5.582   0.796

 1.70  0.00   0.719   0.702   0.140   0.106   0.047   0.018   0.372   0.011   0.000   0.026   0.000 147683900
 1.70    9.71   101.578
 1.70 20.00   2.996   2.581
 1.70 20.00   5.576    91.865
 1.70 20.00   4.961   2.673   5.576   0.815
 1.70 20.00   4.968   2.654   5.576   0.794

 1.71  0.00   0.718   0.700   0.139   0.106   0.047   0.018   0.371   0.011   0.000   0.026   0.000 148552600
 1.71    9.67   101.381
 1.71 20.00   2.981   2.590
 1.71 20.00   5.571    91.687
 1.71 20.00   4.957   2.670   5.571   0.813
 1.71 20.00   4.964   2.651   5.571   0.793

 1.72  0.00   0.717   0.699   0.138   0.106   0.047   0.018   0.371   0.011   0.000   0.026   0.000 149421300
 1.72    9.62   101.185
 1.72 20.00   2.967   2.600
 1.72 20.00   5.567    91.511
 1.72 20.00   4.953   2.667   5.567   0.812
 1.72 20.00   4.960   2.648   5.567   0.791

 1.73  0.00   0.715   0.697   0.138   0.106   0.046   0.018   0.371   0.011   0.000   0.026   0.000 150290000
 1.73    9.58   100.991
 1.73 20.00   2.953   2.609
 1.73 20.00   5.562    91.337
 1.73 20.00   4.950   2.664   5.562   0.810
 1.73 20.00   4.957   2.645   5.562   0.790

 1.74  0.00   0.714   0.696   0.137   0.105   0.046   0.018   0.371   0.011   0.000   0.025   0.000 151158800
 1.74    9.53   100.798
 1.74 20.00   2.939   2.619
 1.74 20.00   5.558    91.165
 1.74 20.00   4.946   2.661   5.558   0.809
 1.74 20.00   4.953   2.642   5.558   0.788

 1.75  0.00   0.713   0.695   0.137   0.105   0.046   0.017   0.371   0.011   0.000   0.025   0.000 152027500
 1.75    9.49   100.606
 1.75 20.00   2.925   2.629
 1.75 20.00   5.554    90.994
 1.75 20.00   4.943   2.658   5.554   0.807
 1.75 20.00   4.950   2.639   5.554   0.787

 1.76  0.00   0.711   0.693   0.136   0.105   0.046   0.017   0.371   0.011   0.000   0.025   0.000 152896200
 1.76    9.45   100.416
 1.76 20.00   2.912   2.631
 1.76 20.00   5.543    90.845
 1.76 20.00   4.933   2.653   5.543   0.806
 1.76 20.00   4.940   2.634   5.543   0.785

 1.77  0.00   0.710   0.692   0.136   0.105   0.045   0.017   0.371   0.011   0.000   0.025   0.000 153764900
 1.77    9.40   100.227
 1.77 20.00   2.899   2.631
 1.77 20.00   5.530    90.703
 1.77 20.00   4.921   2.647   5.530   0.804
 1.77 20.00   4.928   2.628   5.530   0.784

 1.78  0.00   0.709   0.691   0.135   0.104   0.045   0.017   0.371   0.011   0.000   0.025   0.000 154633700
 1.78    9.36   100.039
 1.78 20.00   2.885   2.631
 1.78 20.00   5.517    90.562
 1.78 20.00   4.909   2.641   5.517   0.803
 1.78 20.00   4.916   2.622   5.517   0.782

 1.79  0.00   0.708   0.690   0.135   0.104   0.045   0.017   0.370   0.011   0.000   0.025   0.000 155502400
 1.79    9.32    99.852
 1.79 20.00   2.873   2.631
 1.79 20.00   5.504    90.423
 1.79 20.00   4.898   2.635   5.504   0.801
 1.79 20.00   4.905   2.616   5.504   0.781

 1.80  0.00   0.706   0.688   0.134   0.104   0.045   0.017   0.370   0.011   0.000   0.025   0.000 156371100
 1.80    9.28    99.666
 1.80 20.00   2.860   2.631
 1.80 20.00   5.491    90.285
 1.80 20.00   4.886   2.630   5.491   0.800
 1.80 20.00   4.893   2.611   5.491   0.780

 1.81  0.00   0.705   0.687   0.134   0.104   0.045   0.017   0.370   0.011   0.000   0.024   0.000 157239900
 1.81    9.24    99.482
 1.81 20.00   2.847   2.631
 1.81 20.00   5.479    90.149
 1.81 20.00   4.875   2.624   5.479   0.798
 1.81 20.00   4.882   2.605   5.479   0.778

 1.82  0.00   0.704   0.686   0.133   0.104   0.044   0.017   0.370   0.011   0.000   0.024   0.000 158108600
 1.82    9.20    99.299
 1.82 20.00   2.835   2.631
 1.82 20.00   5.466    90.013
 1.82 20.00   4.864   2.619   5.466   0.797
 1.82 20.00   4.871   2.600   5.466   0.777

 1.83  0.00   0.703   0.685   0.133   0.103   0.044   0.017   0.370   0.011   0.000   0.024   0.000 158977300
 1.83    9.16    99.117
 1.83 20.00   2.823   2.631
 1.83 20.00   5.454    89.879
 1.83 20.00   4.853   2.613   5.454   0.796
 1.83 20.00   4.860   2.594   5.454   0.775

 1.84  0.00   0.701   0.683   0.132   0.103   0.044   0.017   0.370   0.011   0.000   0.024   0.000 159846000
 1.84    9.12    98.936
 1.84 20.00   2.811   2.631
 1.84 20.00   5.442    89.747
 1.84 20.00   4.842   2.608   5.442   0.794
 1.84 20.00   4.849   2.589   5.442   0.774

 1.85  0.00   0.700   0.682   0.131   0.103   0.044   0.017   0.370   0.011   0.000   0.024   0.000 160714800
 1.85    9.08    98.757
 1.85 20.00   2.799   2.631
 1.85 20.00   5.431    89.615
 1.85 20.00   4.832   2.602   5.431   0.793
 1.85 20.00   4.839   2.583   5.431   0.773

 1.86  0.00   0.699   0.681   0.131   0.103   0.044   0.017   0.370   0.011   0.000   0.024   0.000 161583500
 1.86    9.04    98.578
 1.86 20.00   2.788   2.631
 1.86 20.00   5.419    89.485
 1.86 20.00   4.821   2.597   5.419   0.792
 1.86 20.00   4.828   2.578   5.419   0.771

 1.87  0.00   0.698   0.680   0.130   0.103   0.044   0.017   0.370   0.011   0.000   0.024   0.000 162452200
 1.87    9.01    98.397
 1.87 20.00   2.777   2.631
 1.87 20.00   5.408    89.355
 1.87 20.00   4.811   2.592   5.408   0.790
 1.87 20.00   4.818   2.573   5.408   0.770

 1.88  0.00   0.697   0.679   0.130   0.102   0.043   0.017   0.370   0.011   0.000   0.023   0.000 163321000
 1.88    8.97    98.204
 1.88 20.00   2.767   2.631
 1.88 20.00   5.398    89.220
 1.88 20.00   4.803   2.588   5.398   0.789
 1.88 20.00   4.810   2.569   5.398   0.769

 1.89  0.00   0.695   0.678   0.129   0.102   0.043   0.017   0.370   0.011   0.000   0.023   0.000 164189700
 1.89    8.94    98.013
 1.89 20.00   2.757   2.631
 1.89 20.00   5.388    89.087
 1.89 20.00   4.794   2.583   5.388   0.788
 1.89 20.00   4.801   2.564   5.388   0.767

 1.90  0.00   0.694   0.676   0.129   0.102   0.043   0.017   0.370   0.011   0.000   0.023   0.000 165058400
 1.90    8.91    97.823
 1.90 20.00   2.748   2.631
 1.90 20.00   5.379    88.955
 1.90 20.00   4.786   2.579   5.379   0.786
 1.90 20.00   4.793   2.559   5.379   0.766

 1.91  0.00   0.693   0.675   0.128   0.102   0.043   0.017   0.370   0.011   0.000   0.023   0.000 165927200
 1.91    8.88    97.635
 1.91 20.00   2.738   2.631
 1.91 20.00   5.370    88.825
 1.91 20.00   4.777   2.574   5.370   0.785
 1.91 20.00   4.784   2.555   5.370   0.765

 1.92  0.00   0.692   0.674   0.128   0.102   0.043   0.017   0.370   0.011   0.000   0.023   0.000 166795900
 1.92    8.85    97.447
 1.92 20.00   2.729   2.631
 1.92 20.00   5.360    88.695
 1.92 20.00   4.769   2.570   5.360   0.784
 1.92 20.00   4.776   2.551   5.360   0.763

 1.93  0.00   0.691   0.673   0.127   0.102   0.042   0.016   0.370   0.011   0.000   0.023   0.000 167664600
 1.93    8.82    97.261
 1.93 20.00   2.720   2.631
 1.93 20.00   5.351    88.567
 1.93 20.00   4.761   2.565   5.351   0.782
 1.93 20.00   4.768   2.546   5.351   0.762

 1.94  0.00   0.690   0.672   0.127   0.101   0.042   0.016   0.369   0.011   0.000   0.023   0.000 168533300
 1.94    8.79    97.077
 1.94 20.00   2.711   2.631
 1.94 20.00   5.342    88.441
 1.94 20.00   4.753   2.561   5.342   0.781
 1.94 20.00   4.760   2.542   5.342   0.761

 1.95  0.00   0.689   0.671   0.126   0.101   0.042   0.016   0.369   0.011   0.000   0.023   0.000 169402100
 1.95    8.76    96.893
 1.95 20.00   2.702   2.631
 1.95 20.00   5.334    88.315
 1.95 20.00   4.745   2.557   5.334   0.780
 1.95 20.00   4.752   2.538   5.334   0.760

 1.96  0.00   0.687   0.670   0.126   0.101   0.042   0.016   0.369   0.011   0.000   0.023   0.000 170270800
 1.96    8.73    96.711
 1.96 20.00   2.694   2.631
 1.96 20.00   5.325    88.191
 1.96 20.00   4.738   2.553   5.325   0.779
 1.96 20.00   4.745   2.534   5.325   0.758

 1.97  0.00   0.686   0.668   0.125   0.101   0.042   0.016   0.369   0.010   0.000   0.022   0.000 171139500
 1.97    8.70    96.530
 1.97 20.00   2.685   2.631
 1.97 20.00   5.316    88.068
 1.97 20.00   4.730   2.549   5.316   0.777
 1.97 20.00   4.737   2.530   5.316   0.757

 1.98  0.00   0.685   0.667   0.125   0.101   0.041   0.016   0.369   0.010   0.000   0.022   0.000 172008300
 1.98    8.67    96.351
 1.98 20.00   2.677   2.631
 1.98 20.00   5.308    87.946
 1.98 20.00   4.723   2.545   5.308   0.776
 1.98 20.00   4.729   2.526   5.308   0.756

 1.99  0.00   0.684   0.666   0.124   0.101   0.041   0.016   0.369   0.010   0.000   0.022   0.000 172877000
 1.99    8.64    96.172
 1.99 20.00   2.669   2.631
 1.99 20.00   5.300    87.825
 1.99 20.00   4.715   2.541   5.300   0.775
 1.99 20.00   4.722   2.522   5.300   0.754

 2.00  0.00   0.683   0.665   0.124   0.100   0.041   0.016   0.369   0.010   0.000   0.022   0.000 173745700
 2.00    8.61    95.995
 2.00 20.00   2.660   2.631
 2.00 20.00   5.292    87.706
 2.00 20.00   4.708   2.537   5.292   0.774
 2.00 20.00   4.715   2.518   5.292   0.753

 2.01  0.00   0.682   0.664   0.123   0.100   0.041   0.016   0.369   0.010   0.000   0.022   0.000 174614400
 2.01    8.59    95.819
 2.01 20.00   2.652   2.631
 2.01 20.00   5.284    87.587
 2.01 20.00   4.701   2.533   5.284   0.772
 2.01 20.00   4.708   2.514   5.284   0.752

 2.02  0.00   0.681   0.663   0.123   0.100   0.041   0.016   0.369   0.010   0.000   0.022   0.000 175483200
 2.02    8.56    95.644
 2.02 20.00   2.644   2.631
 2.02 20.00   5.276    87.470
 2.02 20.00   4.694   2.529   5.276   0.771
 2.02 20.00   4.701   2.510   5.276   0.751

 2.03  0.00   0.680   0.662   0.122   0.100   0.041   0.016   0.369   0.010   0.000   0.022   0.000 176351900
 2.03    8.53    95.470
 2.03 20.00   2.637   2.631
 2.03 20.00   5.268    87.354
 2.03 20.00   4.687   2.525   5.268   0.770
 2.03 20.00   4.694   2.506   5.268   0.750

 2.04  0.00   0.679   0.661   0.122   0.100   0.040   0.016   0.369   0.010   0.000   0.022   0.000 177220600
 2.04    8.51    95.298
 2.04 20.00   2.629   2.631
 2.04 20.00   5.260    87.239
 2.04 20.00   4.680   2.522   5.260   0.769
 2.04 20.00   4.687   2.502   5.260   0.748

 2.05  0.00   0.678   0.660   0.122   0.100   0.040   0.016   0.369   0.010   0.000   0.022   0.000 178089300
 2.05    8.48    95.127
 2.05 20.00   2.621   2.631
 2.05 20.00   5.252    87.125
 2.05 20.00   4.673   2.518   5.252   0.768
 2.05 20.00   4.680   2.499   5.252   0.747

 2.06  0.00   0.677   0.659   0.121   0.099   0.040   0.016   0.369   0.010   0.000   0.021   0.000 178958100
 2.06    8.45    94.957
 2.06 20.00   2.614   2.631
 2.06 20.00   5.245    87.013
 2.06 20.00   4.666   2.514   5.245   0.767
 2.06 20.00   4.673   2.495   5.245   0.746

 2.07  0.00   0.676   0.658   0.121   0.099   0.040   0.016   0.369   0.010   0.000   0.021   0.000 179826800
 2.07    8.43    94.787
 2.07 20.00   2.606   2.631
 2.07 20.00   5.238    86.901
 2.07 20.00   4.660   2.511   5.238   0.766
 2.07 20.00   4.667   2.491   5.238   0.745

 2.08  0.00   0.675   0.657   0.120   0.099   0.040   0.016   0.369   0.010   0.000   0.021   0.000 180695500
 2.08    8.40    94.620
 2.08 20.00   2.599   2.631
 2.08 20.00   5.230    86.790
 2.08 20.00   4.653   2.507   5.230   0.765
 2.08 20.00   4.660   2.488   5.230   0.744

 2.09  0.00   0.674   0.656   0.120   0.099   0.040   0.016   0.369   0.010   0.000   0.021   0.000 181564300
 2.09    8.38    94.453
 2.09 20.00   2.592   2.631
 2.09 20.00   5.223    86.681
 2.09 20.00   4.647   2.504   5.223   0.764
 2.09 20.00   4.654   2.484   5.223   0.743

 2.10  0.00   0.673   0.655   0.119   0.099   0.039   0.016   0.369   0.010   0.000   0.021   0.000 182433000
 2.10    8.35    94.287
 2.10 20.00   2.585   2.631
 2.10 20.00   5.216    86.572
 2.10 20.00   4.641   2.500   5.216   0.762
 2.10 20.00   4.648   2.481   5.216   0.742

 2.11  0.00   0.672   0.654   0.119   0.099   0.039   0.016   0.369   0.010   0.000   0.021   0.000 183301700
 2.11    8.33    94.123
 2.11 20.00   2.578   2.631
 2.11 20.00   5.209    86.464
 2.11 20.00   4.634   2.497   5.209   0.761
 2.11 20.00   4.642   2.477   5.209   0.740

 2.12  0.00   0.671   0.653   0.118   0.099   0.039   0.016   0.369   0.010   0.000   0.021   0.000 184170400
 2.12    8.30    93.959
 2.12 20.00   2.571   2.631
 2.12 20.00   5.202    86.358
 2.12 20.00   4.628   2.494   5.202   0.760
 2.12 20.00   4.635   2.474   5.202   0.739

 2.13  0.00   0.670   0.652   0.118   0.098   0.039   0.016   0.369   0.010   0.000   0.021   0.000 185039200
 2.13    8.28    93.797
 2.13 20.00   2.564   2.631
 2.13 20.00   5.195    86.252
 2.13 20.00   4.622   2.490   5.195   0.759
 2.13 20.00   4.629   2.471   5.195   0.738

 2.14  0.00   0.670   0.651   0.118   0.098   0.039   0.016   0.369   0.010   0.000   0.021   0.000 185907900
 2.14    8.25    93.636
 2.14 20.00   2.557   2.631
 2.14 20.00   5.189    86.148
 2.14 20.00   4.616   2.487   5.189   0.758
 2.14 20.00   4.624   2.467   5.189   0.737

 2.15  0.00   0.669   0.650   0.117   0.098   0.039   0.016   0.369   0.010   0.000   0.021   0.000 186776600
 2.15    8.23    93.476
 2.15 20.00   2.551   2.631
 2.15 20.00   5.182    86.044
 2.15 20.00   4.610   2.484   5.182   0.757
 2.15 20.00   4.618   2.464   5.182   0.736

 2.16  0.00   0.668   0.649   0.117   0.098   0.038   0.016   0.369   0.010   0.000   0.020   0.000 187645400
 2.16    8.21    93.317
 2.16 20.00   2.544   2.631
 2.16 20.00   5.175    85.941
 2.16 20.00   4.605   2.481   5.175   0.756
 2.16 20.00   4.612   2.461   5.175   0.735

 2.17  0.00   0.667   0.648   0.116   0.098   0.038   0.015   0.369   0.010   0.000   0.020   0.000 188514100
 2.17    8.18    93.159
 2.17 20.00   2.538   2.631
 2.17 20.00   5.169    85.840
 2.17 20.00   4.599   2.477   5.169   0.755
 2.17 20.00   4.606   2.457   5.169   0.734

 2.18  0.00   0.666   0.647   0.116   0.098   0.038   0.015   0.369   0.010   0.000   0.020   0.000 189382800
 2.18    8.16    93.002
 2.18 20.00   2.531   2.631
 2.18 20.00   5.162    85.739
 2.18 20.00   4.593   2.474   5.162   0.754
 2.18 20.00   4.601   2.454   5.162   0.733

 2.19  0.00   0.665   0.646   0.116   0.098   0.038   0.015   0.369   0.010   0.000   0.020   0.000 190251600
 2.19    8.14    92.846
 2.19 20.00   2.525   2.631
 2.19 20.00   5.156    85.639
 2.19 20.00   4.588   2.471   5.156   0.753
 2.19 20.00   4.595   2.451   5.156   0.732

 2.20  0.00   0.664   0.645   0.115   0.097   0.038   0.015   0.369   0.010   0.000   0.020   0.000 191120300
 2.20    8.12    92.691
 2.20 20.00   2.519   2.631
 2.20 20.00   5.150    85.540
 2.20 20.00   4.582   2.468   5.150   0.752
 2.20 20.00   4.589   2.448   5.150   0.731

 2.21  0.00   0.663   0.644   0.115   0.097   0.038   0.015   0.368   0.010   0.000   0.020   0.000 191989000
 2.21    8.09    92.537
 2.21 20.00   2.513   2.631
 2.21 20.00   5.144    85.442
 2.21 20.00   4.577   2.465   5.144   0.751
 2.21 20.00   4.584   2.445   5.144   0.730

 2.22  0.00   0.662   0.643   0.114   0.097   0.037   0.015   0.368   0.010   0.000   0.020   0.000 192857700
 2.22    8.07    92.385
 2.22 20.00   2.506   2.631
 2.22 20.00   5.138    85.345
 2.22 20.00   4.571   2.462   5.138   0.750
 2.22 20.00   4.579   2.442   5.138   0.729

 2.23  0.00   0.661   0.642   0.114   0.097   0.037   0.015   0.368   0.010   0.000   0.020   0.000 193726500
 2.23    8.05    92.233
 2.23 20.00   2.501   2.631
 2.23 20.00   5.132    85.249
 2.23 20.00   4.566   2.459   5.132   0.749
 2.23 20.00   4.573   2.439   5.132   0.728

 2.24  0.00   0.661   0.641   0.114   0.097   0.037   0.015   0.368   0.010   0.000   0.020   0.000 194595200
 2.24    8.03    92.082
 2.24 20.00   2.495   2.631
 2.24 20.00   5.126    85.153
 2.24 20.00   4.561   2.456   5.126   0.748
 2.24 20.00   4.568   2.436   5.126   0.726

 2.25  0.00   0.660   0.641   0.113   0.097   0.037   0.015   0.368   0.010   0.000   0.020   0.000 195463900
 2.25    8.01    91.932
 2.25 20.00   2.489   2.631
 2.25 20.00   5.120    85.059
 2.25 20.00   4.556   2.453   5.120   0.747
 2.25 20.00   4.563   2.433   5.120   0.725

 2.26  0.00   0.659   0.640   0.113   0.097   0.037   0.015   0.368   0.010   0.000   0.020   0.000 196332600
 2.26    7.99    91.783
 2.26 20.00   2.483   2.631
 2.26 20.00   5.114    84.965
 2.26 20.00   4.551   2.450   5.114   0.746
 2.26 20.00   4.558   2.430   5.114   0.724

 2.27  0.00   0.658   0.639   0.112   0.097   0.037   0.015   0.368   0.010   0.000   0.019   0.000 197201400
 2.27    7.96    91.636
 2.27 20.00   2.477   2.631
 2.27 20.00   5.108    84.873
 2.27 20.00   4.546   2.447   5.108   0.745
 2.27 20.00   4.553   2.427   5.108   0.723

 2.28  0.00   0.657   0.638   0.112   0.096   0.036   0.015   0.368   0.010   0.000   0.019   0.000 198070100
 2.28    7.94    91.489
 2.28 20.00   2.472   2.631
 2.28 20.00   5.103    84.781
 2.28 20.00   4.541   2.445   5.103   0.744
 2.28 20.00   4.548   2.424   5.103   0.722

 2.29  0.00   0.656   0.637   0.112   0.096   0.036   0.015   0.368   0.010   0.000   0.019   0.000 198938800
 2.29    7.92    91.343
 2.29 20.00   2.466   2.631
 2.29 20.00   5.097    84.690
 2.29 20.00   4.536   2.442   5.097   0.743
 2.29 20.00   4.543   2.421   5.097   0.721

 2.30  0.00   0.655   0.636   0.111   0.096   0.036   0.015   0.368   0.010   0.000   0.019   0.000 199807600
 2.30    7.90    91.198
 2.30 20.00   2.461   2.631
 2.30 20.00   5.092    84.599
 2.30 20.00   4.531   2.439   5.092   0.742
 2.30 20.00   4.538   2.418   5.092   0.720

 2.31  0.00   0.655   0.635   0.111   0.096   0.036   0.015   0.368   0.010   0.000   0.019   0.000 200676300
 2.31    7.88    91.054
 2.31 20.00   2.455   2.631
 2.31 20.00   5.086    84.510
 2.31 20.00   4.526   2.436   5.086   0.741
 2.31 20.00   4.534   2.416   5.086   0.719

 2.32  0.00   0.654   0.634   0.110   0.096   0.036   0.015   0.368   0.010   0.000   0.019   0.000 201545000
 2.32    7.86    90.911
 2.32 20.00   2.450   2.631
 2.32 20.00   5.081    84.421
 2.32 20.00   4.521   2.434   5.081   0.740
 2.32 20.00   4.529   2.413   5.081   0.718

 2.33  0.00   0.653   0.633   0.110   0.096   0.036   0.015   0.368   0.010   0.000   0.019   0.000 202413700
 2.33    7.84    90.769
 2.33 20.00   2.444   2.631
 2.33 20.00   5.076    84.333
 2.33 20.00   4.517   2.431   5.076   0.739
 2.33 20.00   4.524   2.410   5.076   0.717

 2.34  0.00   0.652   0.633   0.110   0.096   0.035   0.015   0.368   0.010   0.000   0.019   0.000 203282500
 2.34    7.82    90.628
 2.34 20.00   2.439   2.623
 2.34 20.00   5.062    84.259
 2.34 20.00   4.504   2.425   5.062   0.738
 2.34 20.00   4.511   2.404   5.062   0.716

 2.35  0.00   0.651   0.632   0.109   0.096   0.035   0.015   0.368   0.010   0.000   0.019   0.000 204151200
 2.35    7.80    90.488
 2.35 20.00   2.434   2.617
 2.35 20.00   5.051    84.180
 2.35 20.00   4.494   2.421   5.051   0.738
 2.35 20.00   4.502   2.400   5.051   0.715

 2.36  0.00   0.650   0.631   0.109   0.095   0.035   0.015   0.368   0.009   0.000   0.019   0.000 205019900
 2.36    7.78    90.349
 2.36 20.00   2.429   2.612
 2.36 20.00   5.041    84.102
 2.36 20.00   4.485   2.416   5.041   0.737
 2.36 20.00   4.493   2.395   5.041   0.714

 2.37  0.00   0.650   0.630   0.109   0.095   0.035   0.015   0.368   0.009   0.000   0.019   0.000 205888700
 2.37    7.77    90.211
 2.37 20.00   2.424   2.607
 2.37 20.00   5.031    84.025
 2.37 20.00   4.476   2.412   5.031   0.736
 2.37 20.00   4.483   2.391   5.031   0.713

 2.38  0.00   0.649   0.629   0.108   0.095   0.035   0.015   0.368   0.009   0.000   0.019   0.000 206757400
 2.38    7.75    90.073
 2.38 20.00   2.419   2.602
 2.38 20.00   5.020    83.948
 2.38 20.00   4.466   2.408   5.020   0.735
 2.38 20.00   4.474   2.387   5.020   0.712

 2.39  0.00   0.648   0.628   0.108   0.095   0.035   0.015   0.368   0.009   0.000   0.018   0.000 207626100
 2.39    7.73    89.937
 2.39 20.00   2.414   2.597
 2.39 20.00   5.010    83.871
 2.39 20.00   4.457   2.403   5.010   0.734
 2.39 20.00   4.465   2.382   5.010   0.711

 2.40  0.00   0.647   0.627   0.108   0.095   0.035   0.015   0.368   0.009   0.000   0.018   0.000 208494800
 2.40    7.71    89.801
 2.40 20.00   2.409   2.592
 2.40 20.00   5.000    83.795
 2.40 20.00   4.448   2.399   5.000   0.733
 2.40 20.00   4.456   2.378   5.000   0.710

 2.41  0.00   0.646   0.626   0.107   0.095   0.034   0.015   0.368   0.009   0.000   0.018   0.000 209363600
 2.41    7.69    89.667
 2.41 20.00   2.404   2.586
 2.41 20.00   4.991    83.720
 2.41 20.00   4.439   2.395   4.991   0.732
 2.41 20.00   4.447   2.374   4.991   0.709

 2.42  0.00   0.646   0.626   0.107   0.095   0.034   0.015   0.368   0.009   0.000   0.018   0.000 210232300
 2.42    7.67    89.533
 2.42 20.00   2.399   2.581
 2.42 20.00   4.981    83.645
 2.42 20.00   4.430   2.391   4.981   0.731
 2.42 20.00   4.438   2.369   4.981   0.709

 2.43  0.00   0.645   0.625   0.106   0.095   0.034   0.015   0.367   0.009   0.000   0.018   0.000 211101000
 2.43    7.65    89.405
 2.43 20.00   2.395   2.577
 2.43 20.00   4.971    83.573
 2.43 20.00   4.422   2.386   4.971   0.730
 2.43 20.00   4.430   2.365   4.971   0.708

 2.44  0.00   0.644   0.624   0.106   0.095   0.034   0.014   0.367   0.009   0.000   0.018   0.000 211969800
 2.44    7.64    89.268
 2.44 20.00   2.390   2.572
 2.44 20.00   4.962    83.497
 2.44 20.00   4.413   2.382   4.962   0.729
 2.44 20.00   4.421   2.361   4.962   0.707

 2.45  0.00   0.643   0.623   0.106   0.095   0.034   0.014   0.367   0.009   0.000   0.018   0.000 212838500
 2.45    7.62    89.132
 2.45 20.00   2.386   2.567
 2.45 20.00   4.953    83.422
 2.45 20.00   4.405   2.378   4.953   0.728
 2.45 20.00   4.413   2.357   4.953   0.706

 2.46  0.00   0.642   0.622   0.105   0.094   0.034   0.014   0.367   0.009   0.000   0.018   0.000 213707200
 2.46    7.60    88.997
 2.46 20.00   2.382   2.562
 2.46 20.00   4.944    83.346
 2.46 20.00   4.397   2.374   4.944   0.728
 2.46 20.00   4.404   2.353   4.944   0.705

 2.47  0.00   0.642   0.622   0.105   0.094   0.034   0.014   0.367   0.009   0.000   0.018   0.000 214576000
 2.47    7.59    88.862
 2.47 20.00   2.377   2.557
 2.47 20.00   4.935    83.272
 2.47 20.00   4.388   2.371   4.935   0.727
 2.47 20.00   4.396   2.349   4.935   0.704

 2.48  0.00   0.641   0.621   0.105   0.094   0.033   0.014   0.367   0.009   0.000   0.018   0.000 215444700
 2.48    7.57    88.728
 2.48 20.00   2.373   2.552
 2.48 20.00   4.926    83.197
 2.48 20.00   4.380   2.367   4.926   0.726
 2.48 20.00   4.388   2.346   4.926   0.703

 2.49  0.00   0.640   0.620   0.104   0.094   0.033   0.014   0.367   0.009   0.000   0.018   0.000 216313400
 2.49    7.55    88.595
 2.49 20.00   2.369   2.548
 2.49 20.00   4.917    83.123
 2.49 20.00   4.372   2.363   4.917   0.725
 2.49 20.00   4.380   2.342   4.917   0.703

 2.50  0.00   0.639   0.620   0.104   0.094   0.033   0.014   0.367   0.009   0.000   0.018   0.000 217182100
 2.50    7.54    88.462
 2.50 20.00   2.365   2.543
 2.50 20.00   4.908    83.050
 2.50 20.00   4.364   2.359   4.908   0.724
 2.50 20.00   4.372   2.338   4.908   0.702

 2.51  0.00   0.639   0.619   0.104   0.094   0.033   0.014   0.367   0.009   0.000   0.018   0.000 218050900
 2.51    7.52    88.330
 2.51 20.00   2.361   2.538
 2.51 20.00   4.899    82.977
 2.51 20.00   4.356   2.355   4.899   0.723
 2.51 20.00   4.364   2.334   4.899   0.701

 2.52  0.00   0.638   0.618   0.103   0.094   0.033   0.014   0.367   0.009   0.000   0.018   0.000 218919600
 2.52    7.50    88.199
 2.52 20.00   2.357   2.534
 2.52 20.00   4.891    82.904
 2.52 20.00   4.349   2.351   4.891   0.722
 2.52 20.00   4.356   2.331   4.891   0.700

 2.53  0.00   0.637   0.618   0.103   0.094   0.033   0.014   0.367   0.009   0.000   0.017   0.000 219788300
 2.53    7.49    88.068
 2.53 20.00   2.353   2.529
 2.53 20.00   4.882    82.832
 2.53 20.00   4.341   2.348   4.882   0.721
 2.53 20.00   4.349   2.327   4.882   0.700

 2.54  0.00   0.636   0.617   0.103   0.094   0.033   0.014   0.367   0.009   0.000   0.017   0.000 220657000
 2.54    7.47    87.939
 2.54 20.00   2.349   2.525
 2.54 20.00   4.874    82.760
 2.54 20.00   4.333   2.344   4.874   0.721
 2.54 20.00   4.341   2.324   4.874   0.699

 2.55  0.00   0.635   0.616   0.102   0.093   0.032   0.014   0.367   0.009   0.000   0.017   0.000 221525800
 2.55    7.46    87.809
 2.55 20.00   2.345   2.520
 2.55 20.00   4.866    82.688
 2.55 20.00   4.326   2.340   4.866   0.720
 2.55 20.00   4.333   2.320   4.866   0.698

 2.56  0.00   0.635   0.616   0.102   0.093   0.032   0.014   0.367   0.009   0.000   0.017   0.000 222394500
 2.56    7.44    87.681
 2.56 20.00   2.341   2.516
 2.56 20.00   4.857    82.617
 2.56 20.00   4.319   2.337   4.857   0.719
 2.56 20.00   4.326   2.316   4.857   0.697

 2.57  0.00   0.634   0.615   0.102   0.093   0.032   0.014   0.367   0.009   0.000   0.017   0.000 223263200
 2.57    7.43    87.553
 2.57 20.00   2.338   2.512
 2.57 20.00   4.849    82.547
 2.57 20.00   4.311   2.333   4.849   0.718
 2.57 20.00   4.318   2.313   4.849   0.697

 2.58  0.00   0.633   0.614   0.101   0.093   0.032   0.014   0.367   0.009   0.000   0.017   0.000 224132000
 2.58    7.41    87.426
 2.58 20.00   2.334   2.507
 2.58 20.00   4.841    82.476
 2.58 20.00   4.304   2.330   4.841   0.717
 2.58 20.00   4.311   2.310   4.841   0.696

 2.59  0.00   0.633   0.614   0.101   0.093   0.032   0.014   0.367   0.009   0.000   0.017   0.000 225000700
 2.59    7.40    87.299
 2.59 20.00   2.330   2.503
 2.59 20.00   4.833    82.407
 2.59 20.00   4.297   2.326   4.833   0.716
 2.59 20.00   4.304   2.306   4.833   0.695

 2.60  0.00   0.632   0.613   0.101   0.093   0.032   0.014   0.367   0.009   0.000   0.017   0.000 225869400
 2.60    7.38    87.173
 2.60 20.00   2.327   2.499
 2.60 20.00   4.825    82.337
 2.60 20.00   4.290   2.323   4.825   0.715
 2.60 20.00   4.297   2.303   4.825   0.694

 2.61  0.00   0.631   0.612   0.100   0.093   0.032   0.014   0.366   0.009   0.000   0.017   0.000 226738100
 2.61    7.37    87.048
 2.61 20.00   2.323   2.494
 2.61 20.00   4.817    82.268
 2.61 20.00   4.283   2.319   4.817   0.715
 2.61 20.00   4.290   2.299   4.817   0.694

 2.62  0.00   0.630   0.612   0.100   0.093   0.032   0.014   0.366   0.009   0.000   0.017   0.000 227606900
 2.62    7.35    86.923
 2.62 20.00   2.320   2.490
 2.62 20.00   4.810    82.200
 2.62 20.00   4.276   2.316   4.810   0.714
 2.62 20.00   4.283   2.296   4.810   0.693

 2.63  0.00   0.630   0.611   0.100   0.093   0.031   0.014   0.366   0.009   0.000   0.017   0.000 228475600
 2.63    7.34    86.799
 2.63 20.00   2.316   2.486
 2.63 20.00   4.802    82.131
 2.63 20.00   4.269   2.312   4.802   0.713
 2.63 20.00   4.276   2.293   4.802   0.692

 2.64  0.00   0.629   0.611   0.099   0.093   0.031   0.014   0.366   0.009   0.000   0.017   0.000 229344300
 2.64    7.32    86.676
 2.64 20.00   2.313   2.482
 2.64 20.00   4.795    82.063
 2.64 20.00   4.262   2.309   4.795   0.712
 2.64 20.00   4.269   2.290   4.795   0.691

 2.65  0.00   0.628   0.610   0.099   0.093   0.031   0.014   0.366   0.009   0.000   0.017   0.000 230213100
 2.65    7.31    86.553
 2.65 20.00   2.309   2.478
 2.65 20.00   4.787    81.996
 2.65 20.00   4.255   2.306   4.787   0.711
 2.65 20.00   4.262   2.286   4.787   0.691

 2.66  0.00   0.627   0.609   0.099   0.092   0.031   0.014   0.366   0.009   0.000   0.017   0.000 231081800
 2.66    7.29    86.431
 2.66 20.00   2.306   2.474
 2.66 20.00   4.780    81.929
 2.66 20.00   4.249   2.302   4.780   0.711
 2.66 20.00   4.256   2.283   4.780   0.690

 2.67  0.00   0.627   0.609   0.098   0.092   0.031   0.014   0.366   0.009   0.000   0.017   0.000 231950500
 2.67    7.28    86.310
 2.67 20.00   2.303   2.470
 2.67 20.00   4.772    81.862
 2.67 20.00   4.242   2.299   4.772   0.710
 2.67 20.00   4.249   2.280   4.772   0.689

 2.68  0.00   0.626   0.608   0.098   0.092   0.031   0.014   0.366   0.009   0.000   0.016   0.000 232819200
 2.68    7.27    86.189
 2.68 20.00   2.300   2.466
 2.68 20.00   4.765    81.796
 2.68 20.00   4.235   2.296   4.765   0.709
 2.68 20.00   4.242   2.277   4.765   0.689

 2.69  0.00   0.625   0.607   0.098   0.092   0.031   0.014   0.366   0.009   0.000   0.016   0.000 233688000
 2.69    7.25    86.069
 2.69 20.00   2.296   2.462
 2.69 20.00   4.758    81.730
 2.69 20.00   4.229   2.293   4.758   0.708
 2.69 20.00   4.236   2.274   4.758   0.688

 2.70  0.00   0.625   0.607   0.097   0.092   0.031   0.014   0.366   0.009   0.000   0.016   0.000 234556700
 2.70    7.24    85.949
 2.70 20.00   2.293   2.458
 2.70 20.00   4.751    81.664
 2.70 20.00   4.223   2.290   4.751   0.707
 2.70 20.00   4.229   2.271   4.751   0.687

 2.71  0.00   0.624   0.606   0.097   0.092   0.030   0.014   0.366   0.009   0.000   0.016   0.000 235425400
 2.71    7.23    85.830
 2.71 20.00   2.290   2.454
 2.71 20.00   4.744    81.599
 2.71 20.00   4.216   2.286   4.744   0.706
 2.71 20.00   4.223   2.268   4.744   0.686

 2.72  0.00   0.623   0.606   0.097   0.092   0.030   0.014   0.366   0.009   0.000   0.016   0.000 236294200
 2.72    7.21    85.712
 2.72 20.00   2.287   2.450
 2.72 20.00   4.737    81.534
 2.72 20.00   4.210   2.283   4.737   0.706
 2.72 20.00   4.217   2.265   4.737   0.686

 2.73  0.00   0.622   0.605   0.096   0.092   0.030   0.013   0.366   0.009   0.000   0.016   0.000 237162900
 2.73    7.20    85.594
 2.73 20.00   2.284   2.446
 2.73 20.00   4.730    81.470
 2.73 20.00   4.204   2.280   4.730   0.705
 2.73 20.00   4.211   2.262   4.730   0.685

 2.74  0.00   0.622   0.604   0.096   0.092   0.030   0.013   0.366   0.009   0.000   0.016   0.000 238031600
 2.74    7.19    85.477
 2.74 20.00   2.281   2.443
 2.74 20.00   4.724    81.406
 2.74 20.00   4.198   2.277   4.724   0.704
 2.74 20.00   4.205   2.259   4.724   0.684

 2.75  0.00   0.621   0.604   0.096   0.092   0.030   0.013   0.366   0.009   0.000   0.016   0.000 238900300
 2.75    7.17    85.360
 2.75 20.00   2.278   2.439
 2.75 20.00   4.717    81.342
 2.75 20.00   4.192   2.274   4.717   0.703
 2.75 20.00   4.199   2.256   4.717   0.684

 2.76  0.00   0.620   0.603   0.095   0.092   0.030   0.013   0.366   0.009   0.000   0.016   0.000 239769100
 2.76    7.16    85.244
 2.76 20.00   2.275   2.435
 2.76 20.00   4.710    81.279
 2.76 20.00   4.186   2.271   4.710   0.703
 2.76 20.00   4.193   2.253   4.710   0.683

 2.77  0.00   0.620   0.603   0.095   0.092   0.030   0.013   0.365   0.009   0.000   0.016   0.000 240637800
 2.77    7.15    85.129
 2.77 20.00   2.272   2.431
 2.77 20.00   4.704    81.216
 2.77 20.00   4.180   2.268   4.704   0.702
 2.77 20.00   4.187   2.250   4.704   0.682

 2.78  0.00   0.619   0.602   0.095   0.091   0.030   0.013   0.365   0.009   0.000   0.016   0.000 241506500
 2.78    7.13    85.014
 2.78 20.00   2.269   2.428
 2.78 20.00   4.697    81.153
 2.78 20.00   4.174   2.265   4.697   0.701
 2.78 20.00   4.181   2.247   4.697   0.682

 2.79  0.00   0.618   0.601   0.095   0.091   0.029   0.013   0.365   0.009   0.000   0.016   0.000 242375200
 2.79    7.12    84.900
 2.79 20.00   2.267   2.424
 2.79 20.00   4.691    81.091
 2.79 20.00   4.168   2.262   4.691   0.700
 2.79 20.00   4.175   2.244   4.691   0.681

 2.80  0.00   0.618   0.601   0.094   0.091   0.029   0.013   0.365   0.009   0.000   0.016   0.000 243244000
 2.80    7.11    84.786
 2.80 20.00   2.264   2.421
 2.80 20.00   4.684    81.029
 2.80 20.00   4.163   2.259   4.684   0.699
 2.80 20.00   4.169   2.242   4.684   0.680

 2.81  0.00   0.617   0.600   0.094   0.091   0.029   0.013   0.365   0.008   0.000   0.016   0.000 244112700
 2.81    7.10    84.673
 2.81 20.00   2.261   2.417
 2.81 20.00   4.678    80.967
 2.81 20.00   4.157   2.257   4.678   0.699
 2.81 20.00   4.164   2.239   4.678   0.680

 2.82  0.00   0.616   0.600   0.094   0.091   0.029   0.013   0.365   0.008   0.000   0.016   0.000 244981400
 2.82    7.08    84.561
 2.82 20.00   2.258   2.414
 2.82 20.00   4.672    80.906
 2.82 20.00   4.152   2.254   4.672   0.698
 2.82 20.00   4.158   2.236   4.672   0.679

 2.83  0.00   0.616   0.599   0.093   0.091   0.029   0.013   0.365   0.008   0.000   0.016   0.000 245850200
 2.83    7.07    84.449
 2.83 20.00   2.256   2.410
 2.83 20.00   4.666    80.845
 2.83 20.00   4.146   2.251   4.666   0.697
 2.83 20.00   4.152   2.233   4.666   0.678

 2.84  0.00   0.615   0.599   0.093   0.091   0.029   0.013   0.365   0.008   0.000   0.016   0.000 246718900
 2.84    7.06    84.338
 2.84 20.00   2.253   2.407
 2.84 20.00   4.660    80.784
 2.84 20.00   4.141   2.248   4.660   0.696
 2.84 20.00   4.147   2.231   4.660   0.678

 2.85  0.00   0.614   0.598   0.093   0.091   0.029   0.013   0.365   0.008   0.000   0.015   0.000 247587600
 2.85    7.05    84.227
 2.85 20.00   2.251   2.403
 2.85 20.00   4.654    80.724
 2.85 20.00   4.135   2.245   4.654   0.696
 2.85 20.00   4.142   2.228   4.654   0.677

 2.86  0.00   0.614   0.597   0.092   0.091   0.029   0.013   0.365   0.008   0.000   0.015   0.000 248456400
 2.86    7.04    84.117
 2.86 20.00   2.248   2.400
 2.86 20.00   4.648    80.664
 2.86 20.00   4.130   2.243   4.648   0.695
 2.86 20.00   4.136   2.225   4.648   0.676

 2.87  0.00   0.613   0.597   0.092   0.091   0.028   0.013   0.365   0.008   0.000   0.015   0.000 249325100
 2.87    7.02    84.007
 2.87 20.00   2.245   2.397
 2.87 20.00   4.642    80.605
 2.87 20.00   4.125   2.240   4.642   0.694
 2.87 20.00   4.131   2.223   4.642   0.676

 2.88  0.00   0.612   0.596   0.092   0.091   0.028   0.013   0.365   0.008   0.000   0.015   0.000 250193800
 2.88    7.01    83.898
 2.88 20.00   2.243   2.393
 2.88 20.00   4.636    80.546
 2.88 20.00   4.119   2.237   4.636   0.693
 2.88 20.00   4.126   2.220   4.636   0.675

 2.89  0.00   0.612   0.596   0.092   0.091   0.028   0.013   0.365   0.008   0.000   0.015   0.000 251062500
 2.89    7.00    83.790
 2.89 20.00   2.241   2.390
 2.89 20.00   4.631    80.487
 2.89 20.00   4.114   2.235   4.631   0.693
 2.89 20.00   4.121   2.218   4.631   0.675

 2.90  0.00   0.611   0.595   0.091   0.091   0.028   0.013   0.365   0.008   0.000   0.015   0.000 251931300
 2.90    6.99    83.682
 2.90 20.00   2.238   2.387
 2.90 20.00   4.625    80.428
 2.90 20.00   4.109   2.232   4.625   0.692
 2.90 20.00   4.115   2.215   4.625   0.674

 2.91  0.00   0.610   0.595   0.091   0.091   0.028   0.013   0.364   0.008   0.000   0.015   0.000 252800000
 2.91    6.98    83.575
 2.91 20.00   2.236   2.384
 2.91 20.00   4.619    80.370
 2.91 20.00   4.104   2.229   4.619   0.691
 2.91 20.00   4.110   2.213   4.619   0.673

 2.92  0.00   0.610   0.594   0.091   0.090   0.028   0.013   0.364   0.008   0.000   0.015   0.000 253668700
 2.92    6.97    83.468
 2.92 20.00   2.233   2.380
 2.92 20.00   4.614    80.312
 2.92 20.00   4.099   2.227   4.614   0.690
 2.92 20.00   4.105   2.210   4.614   0.673

 2.93  0.00   0.609   0.593   0.090   0.090   0.028   0.013   0.364   0.008   0.000   0.015   0.000 254537500
 2.93    6.95    83.362
 2.93 20.00   2.231   2.377
 2.93 20.00   4.608    80.255
 2.93 20.00   4.094   2.224   4.608   0.690
 2.93 20.00   4.100   2.208   4.608   0.672

 2.94  0.00   0.608   0.593   0.090   0.090   0.028   0.013   0.364   0.008   0.000   0.015   0.000 255406200
 2.94    6.94    83.256
 2.94 20.00   2.229   2.374
 2.94 20.00   4.603    80.198
 2.94 20.00   4.090   2.222   4.603   0.689
 2.94 20.00   4.096   2.205   4.603   0.671

 2.95  0.00   0.608   0.592   0.090   0.090   0.028   0.013   0.364   0.008   0.000   0.015   0.000 256274900
 2.95    6.93    83.151
 2.95 20.00   2.226   2.371
 2.95 20.00   4.597    80.141
 2.95 20.00   4.085   2.219   4.597   0.688
 2.95 20.00   4.091   2.203   4.597   0.671

 2.96  0.00   0.607   0.592   0.090   0.090   0.027   0.013   0.364   0.008   0.000   0.015   0.000 257143600
 2.96    6.92    83.046
 2.96 20.00   2.224   2.368
 2.96 20.00   4.592    80.085
 2.96 20.00   4.080   2.217   4.592   0.688
 2.96 20.00   4.086   2.200   4.592   0.670

 2.97  0.00   0.607   0.591   0.089   0.090   0.027   0.013   0.364   0.008   0.000   0.015   0.000 258012400
 2.97    6.91    82.942
 2.97 20.00   2.222   2.365
 2.97 20.00   4.587    80.028
 2.97 20.00   4.075   2.214   4.587   0.687
 2.97 20.00   4.081   2.198   4.587   0.670

 2.98  0.00   0.606   0.591   0.089   0.090   0.027   0.013   0.364   0.008   0.000   0.015   0.000 258881100
 2.98    6.90    82.839
 2.98 20.00   2.220   2.362
 2.98 20.00   4.582    79.973
 2.98 20.00   4.071   2.212   4.582   0.686
 2.98 20.00   4.077   2.196   4.582   0.669

 2.99  0.00   0.605   0.590   0.089   0.090   0.027   0.013   0.364   0.008   0.000   0.015   0.000 259749800
 2.99    6.89    82.736
 2.99 20.00   2.218   2.359
 2.99 20.00   4.577    79.917
 2.99 20.00   4.066   2.209   4.577   0.685
 2.99 20.00   4.072   2.193   4.577   0.668

 3.00  0.00   0.605   0.590   0.088   0.090   0.027   0.013   0.364   0.008   0.000   0.015   0.000 260618600
 3.00    6.88    82.633
 3.00 20.00   2.216   2.356
 3.00 20.00   4.572    79.862
 3.00 20.00   4.062   2.207   4.572   0.685
 3.00 20.00   4.067   2.191   4.572   0.668

 3.01  0.00   0.604   0.589   0.088   0.090   0.027   0.013   0.364   0.008   0.000   0.015   0.000 261487300
 3.01    6.87    82.531
 3.01 20.00   2.213   2.353
 3.01 20.00   4.566    79.807
 3.01 20.00   4.057   2.205   4.566   0.684
 3.01 20.00   4.063   2.189   4.566   0.667

 3.02  0.00   0.603   0.589   0.088   0.090   0.027   0.013   0.364   0.008   0.000   0.015   0.000 262356000
 3.02    6.86    82.430
 3.02 20.00   2.211   2.350
 3.02 20.00   4.562    79.752
 3.02 20.00   4.053   2.202   4.562   0.683
 3.02 20.00   4.058   2.187   4.562   0.667

 3.03  0.00   0.603   0.588   0.088   0.090   0.027   0.013   0.364   0.008   0.000   0.015   0.000 263224700
 3.03    6.85    82.329
 3.03 20.00   2.209   2.347
 3.03 20.00   4.557    79.698
 3.03 20.00   4.048   2.200   4.557   0.683
 3.03 20.00   4.054   2.184   4.557   0.666

 3.04  0.00   0.602   0.588   0.088   0.090   0.027   0.012   0.364   0.008   0.000   0.014   0.000 264093500
 3.04    6.84    82.229
 3.04 20.00   2.207   2.344
 3.04 20.00   4.552    79.644
 3.04 20.00   4.044   2.198   4.552   0.682
 3.04 20.00   4.050   2.182   4.552   0.665

 3.05  0.00   0.602   0.587   0.087   0.090   0.027   0.012   0.363   0.008   0.000   0.014   0.000 264962200
 3.05    6.83    82.129
 3.05 20.00   2.205   2.342
 3.05 20.00   4.547    79.591
 3.05 20.00   4.040   2.196   4.547   0.682
 3.05 20.00   4.045   2.180   4.547   0.665

 3.06  0.00   0.601   0.587   0.087   0.089   0.026   0.012   0.363   0.008   0.000   0.014   0.000 265830900
 3.06    6.82    82.030
 3.06 20.00   2.203   2.339
 3.06 20.00   4.542    79.537
 3.06 20.00   4.035   2.193   4.542   0.681
 3.06 20.00   4.041   2.178   4.542   0.664

 3.07  0.00   0.601   0.586   0.087   0.089   0.026   0.012   0.363   0.008   0.000   0.014   0.000 266699600
 3.07    6.81    81.931
 3.07 20.00   2.201   2.336
 3.07 20.00   4.538    79.485
 3.07 20.00   4.031   2.191   4.538   0.680
 3.07 20.00   4.037   2.176   4.538   0.664

 3.08  0.00   0.600   0.586   0.087   0.089   0.026   0.012   0.363   0.008   0.000   0.014   0.000 267568400
 3.08    6.80    81.833
 3.08 20.00   2.200   2.333
 3.08 20.00   4.533    79.432
 3.08 20.00   4.027   2.189   4.533   0.680
 3.08 20.00   4.033   2.173   4.533   0.663

 3.09  0.00   0.600   0.585   0.087   0.089   0.026   0.012   0.363   0.008   0.000   0.014   0.000 268437100
 3.09    6.79    81.735
 3.09 20.00   2.198   2.331
 3.09 20.00   4.528    79.380
 3.09 20.00   4.023   2.187   4.528   0.679
 3.09 20.00   4.029   2.171   4.528   0.663

 3.10  0.00   0.599   0.585   0.086   0.089   0.026   0.012   0.363   0.008   0.000   0.014   0.000 269305800
 3.10    6.78    81.638
 3.10 20.00   2.196   2.328
 3.10 20.00   4.524    79.328
 3.10 20.00   4.019   2.185   4.524   0.678
 3.10 20.00   4.025   2.169   4.524   0.662

 3.11  0.00   0.598   0.584   0.086   0.089   0.026   0.012   0.363   0.008   0.000   0.014   0.000 270174600
 3.11    6.77    81.541
 3.11 20.00   2.194   2.325
 3.11 20.00   4.519    79.276
 3.11 20.00   4.015   2.183   4.519   0.678
 3.11 20.00   4.021   2.167   4.519   0.661

 3.12  0.00   0.598   0.583   0.086   0.089   0.026   0.012   0.363   0.008   0.000   0.014   0.000 271043300
 3.12    6.76    81.445
 3.12 20.00   2.192   2.323
 3.12 20.00   4.515    79.224
 3.12 20.00   4.011   2.180   4.515   0.677
 3.12 20.00   4.017   2.165   4.515   0.661

 3.13  0.00   0.597   0.583   0.086   0.089   0.026   0.012   0.363   0.008   0.000   0.014   0.000 271912000
 3.13    6.75    81.349
 3.13 20.00   2.190   2.320
 3.13 20.00   4.511    79.173
 3.13 20.00   4.007   2.178   4.511   0.676
 3.13 20.00   4.013   2.163   4.511   0.660

 3.14  0.00   0.597   0.582   0.086   0.089   0.026   0.012   0.363   0.008   0.000   0.014   0.000 272780800
 3.14    6.74    81.254
 3.14 20.00   2.189   2.318
 3.14 20.00   4.506    79.123
 3.14 20.00   4.003   2.176   4.506   0.676
 3.14 20.00   4.009   2.161   4.506   0.660

 3.15  0.00   0.596   0.582   0.085   0.089   0.026   0.012   0.363   0.008   0.000   0.014   0.000 273649500
 3.15    6.73    81.159
 3.15 20.00   2.187   2.315
 3.15 20.00   4.502    79.072
 3.15 20.00   4.000   2.174   4.502   0.675
 3.15 20.00   4.005   2.159   4.502   0.659

 3.16  0.00   0.596   0.581   0.085   0.089   0.025   0.012   0.363   0.008   0.000   0.014   0.000 274518200
 3.16    6.72    81.065
 3.16 20.00   2.185   2.313
 3.16 20.00   4.498    79.022
 3.16 20.00   3.996   2.172   4.498   0.675
 3.16 20.00   4.001   2.157   4.498   0.659

 3.17  0.00   0.595   0.581   0.085   0.089   0.025   0.012   0.363   0.008   0.000   0.014   0.000 275386900
 3.17    6.71    80.972
 3.17 20.00   2.184   2.310
 3.17 20.00   4.494    78.972
 3.17 20.00   3.992   2.170   4.494   0.674
 3.17 20.00   3.998   2.155   4.494   0.658

 3.18  0.00   0.595   0.580   0.085   0.089   0.025   0.012   0.362   0.008   0.000   0.014   0.000 276255700
 3.18    6.70    80.878
 3.18 20.00   2.182   2.308
 3.18 20.00   4.490    78.922
 3.18 20.00   3.989   2.168   4.490   0.673
 3.18 20.00   3.994   2.153   4.490   0.657

 3.19  0.00   0.594   0.580   0.084   0.089   0.025   0.012   0.362   0.008   0.000   0.014   0.000 277124400
 3.19    6.69    80.786
 3.19 20.00   2.180   2.305
 3.19 20.00   4.486    78.873
 3.19 20.00   3.985   2.166   4.486   0.673
 3.19 20.00   3.990   2.151   4.486   0.657

 3.20  0.00   0.594   0.580   0.084   0.089   0.025   0.012   0.362   0.008   0.000   0.014   0.000 277993100
 3.20    6.68    80.694
 3.20 20.00   2.179   2.303
 3.20 20.00   4.482    78.824
 3.20 20.00   3.981   2.164   4.482   0.672
 3.20 20.00   3.987   2.149   4.482   0.656

 3.21  0.00   0.593   0.579   0.084   0.089   0.025   0.012   0.362   0.008   0.000   0.013   0.000 278861900
 3.21    6.67    80.602
 3.21 20.00   2.177   2.300
 3.21 20.00   4.478    78.776
 3.21 20.00   3.978   2.162   4.478   0.672
 3.21 20.00   3.983   2.148   4.478   0.656

 3.22  0.00   0.592   0.579   0.084   0.088   0.025   0.012   0.362   0.008   0.000   0.013   0.000 279730600
 3.22    6.66    80.511
 3.22 20.00   2.176   2.298
 3.22 20.00   4.474    78.727
 3.22 20.00   3.974   2.161   4.474   0.671
 3.22 20.00   3.980   2.146   4.474   0.655

 3.23  0.00   0.592   0.578   0.084   0.088   0.025   0.012   0.362   0.008   0.000   0.013   0.000 280599300
 3.23    6.65    80.420
 3.23 20.00   2.174   2.296
 3.23 20.00   4.470    78.679
 3.23 20.00   3.971   2.159   4.470   0.670
 3.23 20.00   3.976   2.144   4.470   0.655

 3.24  0.00   0.591   0.578   0.083   0.088   0.025   0.012   0.362   0.008   0.000   0.013   0.000 281468000
 3.24    6.64    80.330
 3.24 20.00   2.172   2.293
 3.24 20.00   4.466    78.631
 3.24 20.00   3.968   2.157   4.466   0.670
 3.24 20.00   3.973   2.142   4.466   0.654

 3.25  0.00   0.591   0.577   0.083   0.088   0.025   0.012   0.362   0.008   0.000   0.013   0.000 282336800
 3.25    6.63    80.240
 3.25 20.00   2.171   2.291
 3.25 20.00   4.462    78.584
 3.25 20.00   3.964   2.155   4.462   0.669
 3.25 20.00   3.969   2.140   4.462   0.654

 3.26  0.00   0.590   0.577   0.083   0.088   0.024   0.012   0.362   0.008   0.000   0.013   0.000 283205500
 3.26    6.63    80.151
 3.26 20.00   2.170   2.289
 3.26 20.00   4.458    78.537
 3.26 20.00   3.961   2.153   4.458   0.669
 3.26 20.00   3.966   2.138   4.458   0.653

 3.27  0.00   0.590   0.576   0.083   0.088   0.024   0.012   0.362   0.008   0.000   0.013   0.000 284074200
 3.27    6.62    80.062
 3.27 20.00   2.168   2.287
 3.27 20.00   4.455    78.490
 3.27 20.00   3.958   2.151   4.455   0.668
 3.27 20.00   3.963   2.137   4.455   0.652

 3.28  0.00   0.589   0.576   0.083   0.088   0.024   0.012   0.362   0.008   0.000   0.013   0.000 284942900
 3.28    6.61    79.974
 3.28 20.00   2.167   2.284
 3.28 20.00   4.451    78.443
 3.28 20.00   3.954   2.149   4.451   0.667
 3.28 20.00   3.960   2.135   4.451   0.652

 3.29  0.00   0.589   0.575   0.082   0.088   0.024   0.012   0.362   0.008   0.000   0.013   0.000 285811700
 3.29    6.60    79.886
 3.29 20.00   2.165   2.282
 3.29 20.00   4.447    78.397
 3.29 20.00   3.951   2.148   4.447   0.667
 3.29 20.00   3.956   2.133   4.447   0.651

 3.30  0.00   0.588   0.575   0.082   0.088   0.024   0.012   0.362   0.008   0.000   0.013   0.000 286680400
 3.30    6.59    79.798
 3.30 20.00   2.164   2.280
 3.30 20.00   4.444    78.351
 3.30 20.00   3.948   2.146   4.444   0.666
 3.30 20.00   3.953   2.131   4.444   0.651

 3.31  0.00   0.588   0.574   0.082   0.088   0.024   0.012   0.361   0.008   0.000   0.013   0.000 287549100
 3.31    6.58    79.708
 3.31 20.00   2.162   2.278
 3.31 20.00   4.440    78.303
 3.31 20.00   3.945   2.144   4.440   0.666
 3.31 20.00   3.950   2.130   4.440   0.650

 3.32  0.00   0.587   0.574   0.082   0.088   0.024   0.012   0.361   0.008   0.000   0.013   0.000 288417900
 3.32    6.57    79.633
 3.32 20.00   2.159   2.276
 3.32 20.00   4.435    78.263
 3.32 20.00   3.940   2.142   4.435   0.665
 3.32 20.00   3.945   2.127   4.435   0.650

 3.33  0.00   0.587   0.573   0.082   0.088   0.024   0.012   0.361   0.007   0.000   0.013   0.000 289286600
 3.33    6.56    79.559
 3.33 20.00   2.156   2.274
 3.33 20.00   4.430    78.224
 3.33 20.00   3.936   2.139   4.430   0.664
 3.33 20.00   3.941   2.125   4.430   0.649

 3.34  0.00   0.586   0.573   0.081   0.088   0.024   0.012   0.361   0.007   0.000   0.013   0.000 290155300
 3.34    6.54    79.485
 3.34 20.00   2.153   2.272
 3.34 20.00   4.425    78.184
 3.34 20.00   3.931   2.137   4.425   0.664
 3.34 20.00   3.936   2.123   4.425   0.649

 3.35  0.00   0.586   0.572   0.081   0.088   0.024   0.012   0.361   0.007   0.000   0.013   0.000 291024000
 3.35    6.53    79.412
 3.35 20.00   2.151   2.269
 3.35 20.00   4.420    78.145
 3.35 20.00   3.927   2.135   4.420   0.663
 3.35 20.00   3.932   2.121   4.420   0.648

 3.36  0.00   0.585   0.572   0.081   0.088   0.024   0.012   0.361   0.007   0.000   0.013   0.000 291892800
 3.36    6.52    79.339
 3.36 20.00   2.148   2.267
 3.36 20.00   4.415    78.107
 3.36 20.00   3.922   2.133   4.415   0.663
 3.36 20.00   3.927   2.119   4.415   0.648

 3.37  0.00   0.585   0.571   0.081   0.088   0.023   0.012   0.361   0.007   0.000   0.013   0.000 292761500
 3.37    6.50    79.267
 3.37 20.00   2.145   2.265
 3.37 20.00   4.410    78.069
 3.37 20.00   3.918   2.131   4.410   0.662
 3.37 20.00   3.923   2.117   4.410   0.647

 3.38  0.00   0.584   0.571   0.081   0.088   0.023   0.012   0.361   0.007   0.000   0.013   0.000 293630200
 3.38    6.49    79.196
 3.38 20.00   2.142   2.263
 3.38 20.00   4.405    78.031
 3.38 20.00   3.913   2.128   4.405   0.662
 3.38 20.00   3.919   2.114   4.405   0.647

 3.39  0.00   0.584   0.571   0.081   0.088   0.023   0.011   0.361   0.007   0.000   0.012   0.000 294499000
 3.39    6.48    79.125
 3.39 20.00   2.139   2.261
 3.39 20.00   4.401    77.993
 3.39 20.00   3.909   2.126   4.401   0.661
 3.39 20.00   3.914   2.112   4.401   0.646

 3.40  0.00   0.583   0.570   0.080   0.088   0.023   0.011   0.361   0.007   0.000   0.012   0.000 295367700
 3.40    6.47    79.054
 3.40 20.00   2.136   2.259
 3.40 20.00   4.396    77.956
 3.40 20.00   3.905   2.124   4.396   0.660
 3.40 20.00   3.910   2.110   4.396   0.646

 3.41  0.00   0.583   0.570   0.080   0.087   0.023   0.011   0.361   0.007   0.000   0.012   0.000 296236400
 3.41    6.45    78.984
 3.41 20.00   2.133   2.257
 3.41 20.00   4.391    77.919
 3.41 20.00   3.900   2.122   4.391   0.660
 3.41 20.00   3.906   2.108   4.391   0.645

 3.42  0.00   0.582   0.569   0.080   0.087   0.023   0.011   0.361   0.007   0.000   0.012   0.000 297105200
 3.42    6.44    78.914
 3.42 20.00   2.131   2.256
 3.42 20.00   4.386    77.882
 3.42 20.00   3.896   2.120   4.386   0.659
 3.42 20.00   3.901   2.106   4.386   0.645

 3.43  0.00   0.582   0.569   0.080   0.087   0.023   0.011   0.361   0.007   0.000   0.012   0.000 297973900
 3.43    6.43    78.845
 3.43 20.00   2.128   2.254
 3.43 20.00   4.381    77.845
 3.43 20.00   3.892   2.118   4.381   0.659
 3.43 20.00   3.897   2.104   4.381   0.644

 3.44  0.00   0.581   0.568   0.080   0.087   0.023   0.011   0.361   0.007   0.000   0.012   0.000 298842600
 3.44    6.42    78.776
 3.44 20.00   2.125   2.252
 3.44 20.00   4.377    77.809
 3.44 20.00   3.888   2.115   4.377   0.658
 3.44 20.00   3.893   2.102   4.377   0.644

 3.45  0.00   0.581   0.568   0.079   0.087   0.023   0.011   0.360   0.007   0.000   0.012   0.000 299711300
 3.45    6.40    78.707
 3.45 20.00   2.122   2.250
 3.45 20.00   4.372    77.773
 3.45 20.00   3.884   2.113   4.372   0.658
 3.45 20.00   3.888   2.100   4.372   0.643

 3.46  0.00   0.580   0.567   0.079   0.087   0.023   0.011   0.360   0.007   0.000   0.012   0.000 300580100
 3.46    6.39    78.639
 3.46 20.00   2.119   2.248
 3.46 20.00   4.367    77.738
 3.46 20.00   3.879   2.111   4.367   0.657
 3.46 20.00   3.884   2.098   4.367   0.643

 3.47  0.00   0.580   0.567   0.079   0.087   0.023   0.011   0.360   0.007   0.000   0.012   0.000 301448800
 3.47    6.38    78.572
 3.47 20.00   2.117   2.246
 3.47 20.00   4.363    77.702
 3.47 20.00   3.875   2.109   4.363   0.656
 3.47 20.00   3.880   2.096   4.363   0.642

 3.48  0.00   0.579   0.567   0.079   0.087   0.023   0.011   0.360   0.007   0.000   0.012   0.000 302317500
 3.48    6.36    78.505
 3.48 20.00   2.114   2.244
 3.48 20.00   4.358    77.667
 3.48 20.00   3.871   2.107   4.358   0.656
 3.48 20.00   3.876   2.093   4.358   0.642

 3.49  0.00   0.579   0.566   0.079   0.087   0.022   0.011   0.360   0.007   0.000   0.012   0.000 303186200
 3.49    6.35    78.438
 3.49 20.00   2.111   2.243
 3.49 20.00   4.354    77.633
 3.49 20.00   3.867   2.105   4.354   0.655
 3.49 20.00   3.872   2.091   4.354   0.641

 3.50  0.00   0.578   0.566   0.078   0.087   0.022   0.011   0.360   0.007   0.000   0.012   0.000 304055000
 3.50    6.34    78.372
 3.50 20.00   2.108   2.241
 3.50 20.00   4.349    77.598
 3.50 20.00   3.863   2.103   4.349   0.655
 3.50 20.00   3.868   2.089   4.349   0.641

 3.51  0.00   0.578   0.565   0.078   0.087   0.022   0.011   0.360   0.007   0.000   0.012   0.000 304923700
 3.51    6.33    78.306
 3.51 20.00   2.105   2.239
 3.51 20.00   4.345    77.564
 3.51 20.00   3.859   2.101   4.345   0.654
 3.51 20.00   3.864   2.087   4.345   0.640

 3.52  0.00   0.577   0.565   0.078   0.087   0.022   0.011   0.360   0.007   0.000   0.012   0.000 305792400
 3.52    6.31    78.240
 3.52 20.00   2.103   2.237
 3.52 20.00   4.340    77.530
 3.52 20.00   3.855   2.099   4.340   0.654
 3.52 20.00   3.860   2.085   4.340   0.640

 3.53  0.00   0.577   0.564   0.078   0.087   0.022   0.011   0.360   0.007   0.000   0.012   0.000 306661200
 3.53    6.30    78.175
 3.53 20.00   2.100   2.236
 3.53 20.00   4.336    77.496
 3.53 20.00   3.851   2.097   4.336   0.653
 3.53 20.00   3.855   2.083   4.336   0.639

 3.54  0.00   0.576   0.564   0.078   0.087   0.022   0.011   0.360   0.007   0.000   0.012   0.000 307529900
 3.54    6.29    78.110
 3.54 20.00   2.097   2.234
 3.54 20.00   4.331    77.462
 3.54 20.00   3.847   2.095   4.331   0.653
 3.54 20.00   3.851   2.081   4.331   0.639

 3.55  0.00   0.576   0.564   0.078   0.087   0.022   0.011   0.360   0.007   0.000   0.012   0.000 308398600
 3.55    6.28    78.045
 3.55 20.00   2.094   2.232
 3.55 20.00   4.327    77.429
 3.55 20.00   3.843   2.093   4.327   0.652
 3.55 20.00   3.847   2.079   4.327   0.638

 3.56  0.00   0.575   0.563   0.077   0.087   0.022   0.011   0.360   0.007   0.000   0.012   0.000 309267400
 3.56    6.26    77.981
 3.56 20.00   2.092   2.231
 3.56 20.00   4.322    77.396
 3.56 20.00   3.839   2.091   4.322   0.652
 3.56 20.00   3.843   2.078   4.322   0.638

 3.57  0.00   0.575   0.563   0.077   0.087   0.022   0.011   0.360   0.007   0.000   0.012   0.000 310136100
 3.57    6.25    77.917
 3.57 20.00   2.089   2.229
 3.57 20.00   4.318    77.363
 3.57 20.00   3.835   2.089   4.318   0.651
 3.57 20.00   3.840   2.076   4.318   0.637

 3.58  0.00   0.574   0.562   0.077   0.087   0.022   0.011   0.359   0.007   0.000   0.012   0.000 311004800
 3.58    6.24    77.854
 3.58 20.00   2.086   2.227
 3.58 20.00   4.313    77.330
 3.58 20.00   3.831   2.087   4.313   0.651
 3.58 20.00   3.836   2.074   4.313   0.637

 3.59  0.00   0.574   0.562   0.077   0.087   0.022   0.011   0.359   0.007   0.000   0.012   0.000 311873500
 3.59    6.23    77.790
 3.59 20.00   2.083   2.226
 3.59 20.00   4.309    77.298
 3.59 20.00   3.827   2.085   4.309   0.650
 3.59 20.00   3.832   2.072   4.309   0.636

 3.60  0.00   0.573   0.561   0.077   0.087   0.022   0.011   0.359   0.007   0.000   0.011   0.000 312742300
 3.60    6.22    77.726
 3.60 20.00   2.081   2.224
 3.60 20.00   4.305    77.266
 3.60 20.00   3.823   2.083   4.305   0.649
 3.60 20.00   3.828   2.070   4.305   0.636

 3.61  0.00   0.573   0.561   0.076   0.086   0.022   0.011   0.359   0.007   0.000   0.011   0.000 313611000
 3.61    6.21    77.663
 3.61 20.00   2.078   2.223
 3.61 20.00   4.301    77.234
 3.61 20.00   3.819   2.081   4.301   0.649
 3.61 20.00   3.824   2.068   4.301   0.635

 3.62  0.00   0.573   0.561   0.076   0.086   0.021   0.011   0.359   0.007   0.000   0.011   0.000 314479700
 3.62    6.21    77.601
 3.62 20.00   2.075   2.221
 3.62 20.00   4.296    77.202
 3.62 20.00   3.815   2.079   4.296   0.648
 3.62 20.00   3.820   2.066   4.296   0.635

 3.63  0.00   0.572   0.560   0.076   0.086   0.021   0.011   0.359   0.007   0.000   0.011   0.000 315348400
 3.63    6.20    77.538
 3.63 20.00   2.073   2.219
 3.63 20.00   4.292    77.170
 3.63 20.00   3.812   2.077   4.292   0.648
 3.63 20.00   3.816   2.064   4.292   0.634

 3.64  0.00   0.572   0.560   0.076   0.086   0.021   0.011   0.359   0.007   0.000   0.011   0.000 316217200
 3.64    6.19    77.476
 3.64 20.00   2.070   2.218
 3.64 20.00   4.288    77.139
 3.64 20.00   3.808   2.075   4.288   0.647
 3.64 20.00   3.812   2.062   4.288   0.634

 3.65  0.00   0.571   0.559   0.076   0.086   0.021   0.011   0.359   0.007   0.000   0.011   0.000 317085900
 3.65    6.18    77.415
 3.65 20.00   2.067   2.216
 3.65 20.00   4.284    77.108
 3.65 20.00   3.804   2.073   4.284   0.647
 3.65 20.00   3.809   2.060   4.284   0.633

 3.66  0.00   0.571   0.559   0.076   0.086   0.021   0.011   0.359   0.007   0.000   0.011   0.000 317954700
 3.66    6.18    77.353
 3.66 20.00   2.064   2.215
 3.66 20.00   4.279    77.077
 3.66 20.00   3.800   2.071   4.279   0.646
 3.66 20.00   3.805   2.058   4.279   0.633

 3.67  0.00   0.570   0.559   0.075   0.086   0.021   0.011   0.359   0.007   0.000   0.011   0.000 318823400
 3.67    6.17    77.292
 3.67 20.00   2.062   2.213
 3.67 20.00   4.275    77.046
 3.67 20.00   3.796   2.069   4.275   0.646
 3.67 20.00   3.801   2.057   4.275   0.633

 3.68  0.00   0.570   0.558   0.075   0.086   0.021   0.011   0.359   0.007   0.000   0.011   0.000 319692100
 3.68    6.16    77.232
 3.68 20.00   2.059   2.212
 3.68 20.00   4.271    77.016
 3.68 20.00   3.793   2.067   4.271   0.645
 3.68 20.00   3.797   2.055   4.271   0.632

 3.69  0.00   0.569   0.558   0.075   0.086   0.021   0.011   0.359   0.007   0.000   0.011   0.000 320560800
 3.69    6.15    77.172
 3.69 20.00   2.056   2.210
 3.69 20.00   4.267    76.985
 3.69 20.00   3.789   2.065   4.267   0.645
 3.69 20.00   3.794   2.053   4.267   0.632

 3.70  0.00   0.569   0.557   0.075   0.086   0.021   0.011   0.359   0.007   0.000   0.011   0.000 321429600
 3.70    6.15    77.112
 3.70 20.00   2.054   2.209
 3.70 20.00   4.263    76.955
 3.70 20.00   3.785   2.063   4.263   0.644
 3.70 20.00   3.790   2.051   4.263   0.631

 3.71  0.00   0.568   0.557   0.075   0.086   0.021   0.011   0.359   0.007   0.000   0.011   0.000 322298300
 3.71    6.14    77.052
 3.71 20.00   2.051   2.208
 3.71 20.00   4.259    76.925
 3.71 20.00   3.782   2.062   4.259   0.644
 3.71 20.00   3.786   2.049   4.259   0.631

 3.72  0.00   0.568   0.557   0.074   0.086   0.021   0.011   0.358   0.007   0.000   0.011   0.000 323167000
 3.72    6.13    76.993
 3.72 20.00   2.049   2.206
 3.72 20.00   4.255    76.895
 3.72 20.00   3.778   2.060   4.255   0.643
 3.72 20.00   3.782   2.047   4.255   0.630

 3.73  0.00   0.568   0.556   0.074   0.086   0.021   0.011   0.358   0.007   0.000   0.011   0.000 324035700
 3.73    6.12    76.934
 3.73 20.00   2.046   2.205
 3.73 20.00   4.251    76.866
 3.73 20.00   3.774   2.058   4.251   0.643
 3.73 20.00   3.779   2.046   4.251   0.630

 3.74  0.00   0.567   0.556   0.074   0.086   0.021   0.011   0.358   0.007   0.000   0.011   0.000 324904500
 3.74    6.11    76.876
 3.74 20.00   2.043   2.203
 3.74 20.00   4.247    76.836
 3.74 20.00   3.771   2.056   4.247   0.642
 3.74 20.00   3.775   2.044   4.247   0.629

 3.75  0.00   0.567   0.555   0.074   0.086   0.021   0.011   0.358   0.007   0.000   0.011   0.000 325773200
 3.75    6.11    76.818
 3.75 20.00   2.041   2.202
 3.75 20.00   4.243    76.807
 3.75 20.00   3.767   2.054   4.243   0.642
 3.75 20.00   3.772   2.042   4.243   0.629

 3.76  0.00   0.566   0.555   0.074   0.086   0.020   0.011   0.358   0.007   0.000   0.011   0.000 326641900
 3.76    6.10    76.760
 3.76 20.00   2.038   2.201
 3.76 20.00   4.239    76.778
 3.76 20.00   3.764   2.052   4.239   0.641
 3.76 20.00   3.768   2.040   4.239   0.628

 3.77  0.00   0.566   0.555   0.074   0.086   0.020   0.010   0.358   0.007   0.000   0.011   0.000 327510700
 3.77    6.09    76.702
 3.77 20.00   2.035   2.199
 3.77 20.00   4.235    76.749
 3.77 20.00   3.760   2.050   4.235   0.641
 3.77 20.00   3.764   2.038   4.235   0.628

 3.78  0.00   0.565   0.554   0.073   0.086   0.020   0.010   0.358   0.007   0.000   0.011   0.000 328379400
 3.78    6.08    76.645
 3.78 20.00   2.033   2.198
 3.78 20.00   4.231    76.720
 3.78 20.00   3.756   2.049   4.231   0.640
 3.78 20.00   3.761   2.037   4.231   0.628

 3.79  0.00   0.565   0.554   0.073   0.086   0.020   0.010   0.358   0.007   0.000   0.011   0.000 329248100
 3.79    6.08    76.588
 3.79 20.00   2.030   2.196
 3.79 20.00   4.227    76.692
 3.79 20.00   3.753   2.047   4.227   0.640
 3.79 20.00   3.757   2.035   4.227   0.627

 3.80  0.00   0.565   0.553   0.073   0.086   0.020   0.010   0.358   0.007   0.000   0.011   0.000 330116800
 3.80    6.07    76.531
 3.80 20.00   2.028   2.195
 3.80 20.00   4.223    76.663
 3.80 20.00   3.749   2.045   4.223   0.639
 3.80 20.00   3.754   2.033   4.223   0.627

 3.81  0.00   0.564   0.553   0.073   0.086   0.020   0.010   0.358   0.007   0.000   0.011   0.000 330985600
 3.81    6.06    76.475
 3.81 20.00   2.025   2.194
 3.81 20.00   4.219    76.635
 3.81 20.00   3.746   2.043   4.219   0.639
 3.81 20.00   3.750   2.031   4.219   0.626

 3.82  0.00   0.564   0.553   0.073   0.086   0.020   0.010   0.358   0.007   0.000   0.010   0.000 331854300
 3.82    6.06    76.419
 3.82 20.00   2.022   2.193
 3.82 20.00   4.215    76.607
 3.82 20.00   3.742   2.041   4.215   0.638
 3.82 20.00   3.747   2.030   4.215   0.626

 3.83  0.00   0.563   0.552   0.073   0.086   0.020   0.010   0.358   0.007   0.000   0.010   0.000 332723000
 3.83    6.05    76.363
 3.83 20.00   2.020   2.191
 3.83 20.00   4.211    76.579
 3.83 20.00   3.739   2.040   4.211   0.638
 3.83 20.00   3.743   2.028   4.211   0.625

 3.84  0.00   0.563   0.552   0.072   0.086   0.020   0.010   0.358   0.007   0.000   0.010   0.000 333591700
 3.84    6.04    76.307
 3.84 20.00   2.017   2.190
 3.84 20.00   4.207    76.551
 3.84 20.00   3.736   2.038   4.207   0.637
 3.84 20.00   3.740   2.026   4.207   0.625

 3.85  0.00   0.562   0.552   0.072   0.085   0.020   0.010   0.358   0.007   0.000   0.010   0.000 334460500
 3.85    6.03    76.252
 3.85 20.00   2.015   2.189
 3.85 20.00   4.203    76.524
 3.85 20.00   3.732   2.036   4.203   0.637
 3.85 20.00   3.736   2.025   4.203   0.625

 3.86  0.00   0.562   0.551   0.072   0.085   0.020   0.010   0.357   0.007   0.000   0.010   0.000 335329200
 3.86    6.03    76.197
 3.86 20.00   2.012   2.187
 3.86 20.00   4.200    76.496
 3.86 20.00   3.729   2.034   4.200   0.636
 3.86 20.00   3.733   2.023   4.200   0.624

 3.87  0.00   0.562   0.551   0.072   0.085   0.020   0.010   0.357   0.007   0.000   0.010   0.000 336197900
 3.87    6.02    76.142
 3.87 20.00   2.010   2.186
 3.87 20.00   4.196    76.469
 3.87 20.00   3.725   2.033   4.196   0.636
 3.87 20.00   3.730   2.021   4.196   0.624

 3.88  0.00   0.561   0.550   0.072   0.085   0.020   0.010   0.357   0.007   0.000   0.010   0.000 337066700
 3.88    6.01    76.088
 3.88 20.00   2.007   2.185
 3.88 20.00   4.192    76.442
 3.88 20.00   3.722   2.031   4.192   0.635
 3.88 20.00   3.726   2.019   4.192   0.623

 3.89  0.00   0.561   0.550   0.072   0.085   0.020   0.010   0.357   0.007   0.000   0.010   0.000 337935400
 3.89    6.00    76.033
 3.89 20.00   2.005   2.184
 3.89 20.00   4.188    76.415
 3.89 20.00   3.719   2.029   4.188   0.635
 3.89 20.00   3.723   2.018   4.188   0.623

 3.90  0.00   0.560   0.550   0.071   0.085   0.020   0.010   0.357   0.007   0.000   0.010   0.000 338804100
 3.90    6.00    75.979
 3.90 20.00   2.002   2.182
 3.90 20.00   4.185    76.388
 3.90 20.00   3.715   2.027   4.185   0.635
 3.90 20.00   3.719   2.016   4.185   0.622

 3.91  0.00   0.560   0.549   0.071   0.085   0.020   0.010   0.357   0.007   0.000   0.010   0.000 339672900
 3.91    5.99    75.926
 3.91 20.00   2.000   2.181
 3.91 20.00   4.181    76.361
 3.91 20.00   3.712   2.026   4.181   0.634
 3.91 20.00   3.716   2.014   4.181   0.622

 3.92  0.00   0.559   0.549   0.071   0.085   0.019   0.010   0.357   0.007   0.000   0.010   0.000 340541600
 3.92    5.98    75.872
 3.92 20.00   1.997   2.180
 3.92 20.00   4.177    76.334
 3.92 20.00   3.709   2.024   4.177   0.634
 3.92 20.00   3.713   2.013   4.177   0.621

 3.93  0.00   0.559   0.548   0.071   0.085   0.019   0.010   0.357   0.007   0.000   0.010   0.000 341410300
 3.93    5.98    75.819
 3.93 20.00   1.995   2.179
 3.93 20.00   4.173    76.308
 3.93 20.00   3.705   2.022   4.173   0.633
 3.93 20.00   3.709   2.011   4.173   0.621

 3.94  0.00   0.559   0.548   0.071   0.085   0.019   0.010   0.357   0.006   0.000   0.010   0.000 342279000
 3.94    5.97    75.766
 3.94 20.00   1.992   2.178
 3.94 20.00   4.170    76.282
 3.94 20.00   3.702   2.021   4.170   0.633
 3.94 20.00   3.706   2.009   4.170   0.621

 3.95  0.00   0.558   0.548   0.071   0.085   0.019   0.010   0.357   0.006   0.000   0.010   0.000 343147800
 3.95    5.96    75.713
 3.95 20.00   1.990   2.177
 3.95 20.00   4.166    76.255
 3.95 20.00   3.699   2.019   4.166   0.632
 3.95 20.00   3.703   2.008   4.166   0.620

 3.96  0.00   0.558   0.547   0.070   0.085   0.019   0.010   0.357   0.006   0.000   0.010   0.000 344016500
 3.96    5.95    75.660
 3.96 20.00   1.987   2.175
 3.96 20.00   4.162    76.229
 3.96 20.00   3.695   2.017   4.162   0.632
 3.96 20.00   3.699   2.006   4.162   0.620

 3.97  0.00   0.557   0.547   0.070   0.085   0.019   0.010   0.357   0.006   0.000   0.010   0.000 344885200
 3.97    5.95    75.608
 3.97 20.00   1.985   2.174
 3.97 20.00   4.159    76.203
 3.97 20.00   3.692   2.016   4.159   0.631
 3.97 20.00   3.696   2.004   4.159   0.619

 3.98  0.00   0.557   0.547   0.070   0.085   0.019   0.010   0.357   0.006   0.000   0.010   0.000 345754000
 3.98    5.94    75.556
 3.98 20.00   1.982   2.173
 3.98 20.00   4.155    76.178
 3.98 20.00   3.689   2.014   4.155   0.631
 3.98 20.00   3.693   2.003   4.155   0.619

 3.99  0.00   0.557   0.546   0.070   0.085   0.019   0.010   0.357   0.006   0.000   0.010   0.000 346622700
 3.99    5.93    75.504
 3.99 20.00   1.980   2.172
 3.99 20.00   4.152    76.152
 3.99 20.00   3.686   2.012   4.152   0.630
 3.99 20.00   3.690   2.001   4.152   0.619

 4.00  0.00   0.556   0.546   0.070   0.085   0.019   0.010   0.356   0.006   0.000   0.010   0.000 347491400
 4.00    5.93    75.452
 4.00 20.00   1.977   2.171
 4.00 20.00   4.148    76.126
 4.00 20.00   3.682   2.011   4.148   0.630
 4.00 20.00   3.686   2.000   4.148   0.618

 4.01  0.00   0.556   0.545   0.070   0.085   0.019   0.010   0.356   0.006   0.000   0.010   0.000 348360200
 4.01    5.92    75.401
 4.01 20.00   1.975   2.170
 4.01 20.00   4.144    76.101
 4.01 20.00   3.679   2.009   4.144   0.629
 4.01 20.00   3.683   1.998   4.144   0.618

 4.02  0.00   0.555   0.545   0.070   0.085   0.019   0.010   0.356   0.006   0.000   0.010   0.000 349228900
 4.02    5.91    75.350
 4.02 20.00   1.972   2.169
 4.02 20.00   4.141    76.076
 4.02 20.00   3.676   2.007   4.141   0.629
 4.02 20.00   3.680   1.996   4.141   0.617

 4.03  0.00   0.555   0.545   0.069   0.085   0.019   0.010   0.356   0.006   0.000   0.010   0.000 350097600
 4.03    5.90    75.299
 4.03 20.00   1.970   2.167
 4.03 20.00   4.137    76.050
 4.03 20.00   3.673   2.006   4.137   0.629
 4.03 20.00   3.677   1.995   4.137   0.617

 4.04  0.00   0.555   0.544   0.069   0.085   0.019   0.010   0.356   0.006   0.000   0.010   0.000 350966300
 4.04    5.90    75.248
 4.04 20.00   1.968   2.166
 4.04 20.00   4.134    76.025
 4.04 20.00   3.670   2.004   4.134   0.628
 4.04 20.00   3.674   1.993   4.134   0.616

 4.05  0.00   0.554   0.544   0.069   0.085   0.019   0.010   0.356   0.006   0.000   0.010   0.000 351835100
 4.05    5.89    75.197
 4.05 20.00   1.965   2.165
 4.05 20.00   4.130    76.000
 4.05 20.00   3.667   2.003   4.130   0.628
 4.05 20.00   3.671   1.992   4.130   0.616

 4.06  0.00   0.554   0.544   0.069   0.085   0.019   0.010   0.356   0.006   0.000   0.010   0.000 352703800
 4.06    5.88    75.147
 4.06 20.00   1.963   2.164
 4.06 20.00   4.127    75.976
 4.06 20.00   3.663   2.001   4.127   0.627
 4.06 20.00   3.667   1.990   4.127   0.616

 4.07  0.00   0.554   0.543   0.069   0.085   0.019   0.010   0.356   0.006   0.000   0.010   0.000 353572500
 4.07    5.88    75.097
 4.07 20.00   1.960   2.163
 4.07 20.00   4.123    75.951
 4.07 20.00   3.660   1.999   4.123   0.627
 4.07 20.00   3.664   1.988   4.123   0.615

 4.08  0.00   0.553   0.543   0.069   0.085   0.018   0.010   0.356   0.006   0.000   0.010   0.000 354441200
 4.08    5.87    75.047
 4.08 20.00   1.958   2.162
 4.08 20.00   4.120    75.926
 4.08 20.00   3.657   1.998   4.120   0.626
 4.08 20.00   3.661   1.987   4.120   0.615

 4.09  0.00   0.553   0.543   0.068   0.085   0.018   0.010   0.356   0.006   0.000   0.009   0.000 355310000
 4.09    5.86    74.997
 4.09 20.00   1.956   2.161
 4.09 20.00   4.116    75.902
 4.09 20.00   3.654   1.996   4.116   0.626
 4.09 20.00   3.658   1.985   4.116   0.615

 4.10  0.00   0.552   0.542   0.068   0.085   0.018   0.010   0.356   0.006   0.000   0.009   0.000 356178700
 4.10    5.86    74.947
 4.10 20.00   1.953   2.160
 4.10 20.00   4.113    75.877
 4.10 20.00   3.651   1.995   4.113   0.626
 4.10 20.00   3.655   1.984   4.113   0.614

 4.11  0.00   0.552   0.542   0.068   0.085   0.018   0.010   0.356   0.006   0.000   0.009   0.000 357047400
 4.11    5.85    74.898
 4.11 20.00   1.951   2.159
 4.11 20.00   4.109    75.853
 4.11 20.00   3.648   1.993   4.109   0.625
 4.11 20.00   3.652   1.982   4.109   0.614

 4.12  0.00   0.552   0.542   0.068   0.084   0.018   0.010   0.356   0.006   0.000   0.009   0.000 357916100
 4.12    5.84    74.849
 4.12 20.00   1.948   2.158
 4.12 20.00   4.106    75.829
 4.12 20.00   3.645   1.991   4.106   0.625
 4.12 20.00   3.649   1.981   4.106   0.613

 4.13  0.00   0.551   0.541   0.068   0.084   0.018   0.010   0.356   0.006   0.000   0.009   0.000 358784900
 4.13    5.84    74.799
 4.13 20.00   1.946   2.157
 4.13 20.00   4.103    75.805
 4.13 20.00   3.642   1.990   4.103   0.624
 4.13 20.00   3.646   1.979   4.103   0.613

 4.14  0.00   0.551   0.541   0.068   0.084   0.018   0.010   0.355   0.006   0.000   0.009   0.000 359653600
 4.14    5.83    74.751
 4.14 20.00   1.944   2.156
 4.14 20.00   4.099    75.781
 4.14 20.00   3.639   1.988   4.099   0.624
 4.14 20.00   3.642   1.978   4.099   0.613

 4.15  0.00   0.551   0.541   0.068   0.084   0.018   0.010   0.355   0.006   0.000   0.009   0.000 360522300
 4.15    5.82    74.702
 4.15 20.00   1.941   2.154
 4.15 20.00   4.096    75.757
 4.15 20.00   3.636   1.987   4.096   0.624
 4.15 20.00   3.639   1.976   4.096   0.612

 4.16  0.00   0.550   0.540   0.067   0.084   0.018   0.010   0.355   0.006   0.000   0.009   0.000 361391000
 4.16    5.82    74.653
 4.16 20.00   1.939   2.153
 4.16 20.00   4.092    75.733
 4.16 20.00   3.632   1.985   4.092   0.623
 4.16 20.00   3.636   1.975   4.092   0.612

 4.17  0.00   0.550   0.540   0.067   0.084   0.018   0.010   0.355   0.006   0.000   0.009   0.000 362259800
 4.17    5.81    74.605
 4.17 20.00   1.937   2.152
 4.17 20.00   4.089    75.710
 4.17 20.00   3.629   1.984   4.089   0.623
 4.17 20.00   3.633   1.973   4.089   0.611

 4.18  0.00   0.549   0.540   0.067   0.084   0.018   0.010   0.355   0.006   0.000   0.009   0.000 363128500
 4.18    5.80    74.557
 4.18 20.00   1.934   2.151
 4.18 20.00   4.086    75.686
 4.18 20.00   3.626   1.982   4.086   0.622
 4.18 20.00   3.630   1.972   4.086   0.611

 4.19  0.00   0.549   0.539   0.067   0.084   0.018   0.010   0.355   0.006   0.000   0.009   0.000 363997200
 4.19    5.80    74.509
 4.19 20.00   1.932   2.150
 4.19 20.00   4.082    75.663
 4.19 20.00   3.623   1.981   4.082   0.622
 4.19 20.00   3.627   1.970   4.082   0.611

 4.20  0.00   0.549   0.539   0.067   0.084   0.018   0.010   0.355   0.006   0.000   0.009   0.000 364866000
 4.20    5.79    74.461
 4.20 20.00   1.930   2.149
 4.20 20.00   4.079    75.639
 4.20 20.00   3.620   1.979   4.079   0.621
 4.20 20.00   3.624   1.969   4.079   0.610

 4.21  0.00   0.548   0.539   0.067   0.084   0.018   0.009   0.355   0.006   0.000   0.009   0.000 365734700
 4.21    5.78    74.413
 4.21 20.00   1.927   2.148
 4.21 20.00   4.076    75.616
 4.21 20.00   3.617   1.978   4.076   0.621
 4.21 20.00   3.621   1.967   4.076   0.610

 4.22  0.00   0.548   0.538   0.066   0.084   0.018   0.009   0.355   0.006   0.000   0.009   0.000 366603400
 4.22    5.78    74.366
 4.22 20.00   1.925   2.147
 4.22 20.00   4.072    75.593
 4.22 20.00   3.614   1.976   4.072   0.621
 4.22 20.00   3.618   1.966   4.072   0.610

 4.23  0.00   0.548   0.538   0.066   0.084   0.018   0.009   0.355   0.006   0.000   0.009   0.000 367472200
 4.23    5.77    74.318
 4.23 20.00   1.923   2.146
 4.23 20.00   4.069    75.570
 4.23 20.00   3.611   1.975   4.069   0.620
 4.23 20.00   3.615   1.964   4.069   0.609

 4.24  0.00   0.547   0.538   0.066   0.084   0.018   0.009   0.355   0.006   0.000   0.009   0.000 368340900
 4.24    5.76    74.271
 4.24 20.00   1.920   2.145
 4.24 20.00   4.066    75.547
 4.24 20.00   3.608   1.973   4.066   0.620
 4.24 20.00   3.612   1.963   4.066   0.609

 4.25  0.00   0.547   0.537   0.066   0.084   0.018   0.009   0.355   0.006   0.000   0.009   0.000 369209600
 4.25    5.76    74.224
 4.25 20.00   1.918   2.144
 4.25 20.00   4.062    75.524
 4.25 20.00   3.605   1.971   4.062   0.619
 4.25 20.00   3.609   1.961   4.062   0.609

 4.26  0.00   0.547   0.537   0.066   0.084   0.017   0.009   0.355   0.006   0.000   0.009   0.000 370078400
 4.26    5.75    74.177
 4.26 20.00   1.916   2.143
 4.26 20.00   4.059    75.501
 4.26 20.00   3.603   1.970   4.059   0.619
 4.26 20.00   3.606   1.960   4.059   0.608

 4.27  0.00   0.546   0.537   0.066   0.084   0.017   0.009   0.355   0.006   0.000   0.009   0.000 370947100
 4.27    5.74    74.131
 4.27 20.00   1.914   2.142
 4.27 20.00   4.056    75.479
 4.27 20.00   3.600   1.968   4.056   0.619
 4.27 20.00   3.603   1.958   4.056   0.608

 4.28  0.00   0.546   0.536   0.066   0.084   0.017   0.009   0.355   0.006   0.000   0.009   0.000 371815800
 4.28    5.74    74.084
 4.28 20.00   1.911   2.141
 4.28 20.00   4.052    75.456
 4.28 20.00   3.597   1.967   4.052   0.618
 4.28 20.00   3.600   1.957   4.052   0.607

 4.29  0.00   0.546   0.536   0.065   0.084   0.017   0.009   0.354   0.006   0.000   0.009   0.000 372684500
 4.29    5.73    74.038
 4.29 20.00   1.909   2.140
 4.29 20.00   4.049    75.434
 4.29 20.00   3.594   1.966   4.049   0.618
 4.29 20.00   3.597   1.955   4.049   0.607

 4.30  0.00   0.545   0.536   0.065   0.084   0.017   0.009   0.354   0.006   0.000   0.009   0.000 373553300
 4.30    5.72    73.991
 4.30 20.00   1.907   2.139
 4.30 20.00   4.046    75.411
 4.30 20.00   3.591   1.964   4.046   0.617
 4.30 20.00   3.594   1.954   4.046   0.607

 4.31  0.00   0.545   0.535   0.065   0.084   0.017   0.009   0.354   0.006   0.000   0.009   0.000 374422000
 4.31    5.72    73.945
 4.31 20.00   1.905   2.138
 4.31 20.00   4.043    75.389
 4.31 20.00   3.588   1.963   4.043   0.617
 4.31 20.00   3.591   1.952   4.043   0.606

 4.32  0.00   0.545   0.535   0.065   0.084   0.017   0.009   0.354   0.006   0.000   0.009   0.000 375290700
 4.32    5.71    73.899
 4.32 20.00   1.902   2.137
 4.32 20.00   4.039    75.367
 4.32 20.00   3.585   1.961   4.039   0.617
 4.32 20.00   3.589   1.951   4.039   0.606

 4.33  0.00   0.544   0.535   0.065   0.084   0.017   0.009   0.354   0.006   0.000   0.009   0.000 376159500
 4.33    5.70    73.853
 4.33 20.00   1.900   2.136
 4.33 20.00   4.036    75.344
 4.33 20.00   3.582   1.960   4.036   0.616
 4.33 20.00   3.586   1.950   4.036   0.606

 4.34  0.00   0.544   0.534   0.065   0.084   0.017   0.009   0.354   0.006   0.000   0.009   0.000 377028200
 4.34    5.70    73.808
 4.34 20.00   1.898   2.135
 4.34 20.00   4.033    75.322
 4.34 20.00   3.579   1.958   4.033   0.616
 4.34 20.00   3.583   1.948   4.033   0.605

 4.35  0.00   0.544   0.534   0.065   0.084   0.017   0.009   0.354   0.006   0.000   0.009   0.000 377896900
 4.35    5.69    73.762
 4.35 20.00   1.896   2.134
 4.35 20.00   4.030    75.300
 4.35 20.00   3.576   1.957   4.030   0.616
 4.35 20.00   3.580   1.947   4.030   0.605

 4.36  0.00   0.543   0.534   0.064   0.084   0.017   0.009   0.354   0.006   0.000   0.009   0.000 378765600
 4.36    5.69    73.717
 4.36 20.00   1.894   2.133
 4.36 20.00   4.027    75.278
 4.36 20.00   3.573   1.955   4.027   0.615
 4.36 20.00   3.577   1.945   4.027   0.605

 4.37  0.00   0.543   0.534   0.064   0.084   0.017   0.009   0.354   0.006   0.000   0.009   0.000 379634400
 4.37    5.68    73.672
 4.37 20.00   1.891   2.132
 4.37 20.00   4.023    75.257
 4.37 20.00   3.570   1.954   4.023   0.615
 4.37 20.00   3.574   1.944   4.023   0.604

 4.38  0.00   0.543   0.533   0.064   0.084   0.017   0.009   0.354   0.006   0.000   0.009   0.000 380503100
 4.38    5.67    73.626
 4.38 20.00   1.889   2.131
 4.38 20.00   4.020    75.235
 4.38 20.00   3.568   1.952   4.020   0.614
 4.38 20.00   3.571   1.942   4.020   0.604

 4.39  0.00   0.542   0.533   0.064   0.084   0.017   0.009   0.354   0.006   0.000   0.009   0.000 381371800
 4.39    5.67    73.581
 4.39 20.00   1.887   2.130
 4.39 20.00   4.017    75.213
 4.39 20.00   3.565   1.951   4.017   0.614
 4.39 20.00   3.568   1.941   4.017   0.604

 4.40  0.00   0.542   0.533   0.064   0.084   0.017   0.009   0.354   0.006   0.000   0.009   0.000 382240500
 4.40    5.66    73.537
 4.40 20.00   1.885   2.129
 4.40 20.00   4.014    75.192
 4.40 20.00   3.562   1.949   4.014   0.614
 4.40 20.00   3.565   1.940   4.014   0.603

 4.41  0.00   0.542   0.532   0.064   0.084   0.017   0.009   0.354   0.006   0.000   0.009   0.000 383109200
 4.41    5.65    73.492
 4.41 20.00   1.883   2.128
 4.41 20.00   4.010    75.170
 4.41 20.00   3.559   1.948   4.010   0.613
 4.41 20.00   3.562   1.938   4.010   0.603

 4.42  0.00   0.541   0.532   0.064   0.084   0.017   0.009   0.354   0.006   0.000   0.009   0.000 383978000
 4.42    5.65    73.447
 4.42 20.00   1.880   2.127
 4.42 20.00   4.007    75.149
 4.42 20.00   3.556   1.946   4.007   0.613
 4.42 20.00   3.560   1.937   4.007   0.602

 4.43  0.00   0.541   0.532   0.063   0.083   0.017   0.009   0.354   0.006   0.000   0.009   0.000 384846700
 4.43    5.64    73.403
 4.43 20.00   1.878   2.126
 4.43 20.00   4.004    75.127
 4.43 20.00   3.553   1.945   4.004   0.612
 4.43 20.00   3.557   1.935   4.004   0.602

 4.44  0.00   0.541   0.531   0.063   0.083   0.017   0.009   0.354   0.006   0.000   0.009   0.000 385715500
 4.44    5.64    73.358
 4.44 20.00   1.876   2.125
 4.44 20.00   4.001    75.106
 4.44 20.00   3.550   1.944   4.001   0.612
 4.44 20.00   3.554   1.934   4.001   0.602

 4.45  0.00   0.540   0.531   0.063   0.083   0.017   0.009   0.353   0.006   0.000   0.009   0.000 386584200
 4.45    5.63    73.314
 4.45 20.00   1.874   2.124
 4.45 20.00   3.998    75.085
 4.45 20.00   3.547   1.942   3.998   0.612
 4.45 20.00   3.551   1.932   3.998   0.601

 4.46  0.00   0.540   0.531   0.063   0.083   0.016   0.009   0.353   0.006   0.000   0.009   0.000 387452900
 4.46    5.62    73.270
 4.46 20.00   1.872   2.123
 4.46 20.00   3.995    75.064
 4.46 20.00   3.545   1.941   3.995   0.611
 4.46 20.00   3.548   1.931   3.995   0.601

 4.47  0.00   0.540   0.530   0.063   0.083   0.016   0.009   0.353   0.006   0.000   0.009   0.000 388321600
 4.47    5.62    73.226
 4.47 20.00   1.870   2.122
 4.47 20.00   3.991    75.043
 4.47 20.00   3.542   1.939   3.991   0.611
 4.47 20.00   3.545   1.930   3.991   0.601

 4.48  0.00   0.539   0.530   0.063   0.083   0.016   0.009   0.353   0.006   0.000   0.009   0.000 389190400
 4.48    5.61    73.182
 4.48 20.00   1.868   2.121
 4.48 20.00   3.988    75.022
 4.48 20.00   3.539   1.938   3.988   0.611
 4.48 20.00   3.542   1.928   3.988   0.600

 4.49  0.00   0.539   0.530   0.063   0.083   0.016   0.009   0.353   0.006   0.000   0.009   0.000 390059100
 4.49    5.61    73.139
 4.49 20.00   1.865   2.120
 4.49 20.00   3.985    75.001
 4.49 20.00   3.536   1.936   3.985   0.610
 4.49 20.00   3.539   1.927   3.985   0.600

 4.50  0.00   0.539   0.530   0.063   0.083   0.016   0.009   0.353   0.006   0.000   0.009   0.000 390927800
 4.50    5.60    73.095
 4.50 20.00   1.863   2.119
 4.50 20.00   3.982    74.980
 4.50 20.00   3.533   1.935   3.982   0.610
 4.50 20.00   3.537   1.925   3.982   0.600

 4.51  0.00   0.538   0.529   0.062   0.083   0.016   0.009   0.353   0.006   0.000   0.009   0.000 391796600
 4.51    5.59    73.052
 4.51 20.00   1.861   2.118
 4.51 20.00   3.979    74.959
 4.51 20.00   3.530   1.934   3.979   0.610
 4.51 20.00   3.534   1.924   3.979   0.599

 4.52  0.00   0.538   0.529   0.062   0.083   0.016   0.009   0.353   0.006   0.000   0.009   0.000 392665300
 4.52    5.59    73.008
 4.52 20.00   1.859   2.117
 4.52 20.00   3.976    74.938
 4.52 20.00   3.527   1.932   3.976   0.609
 4.52 20.00   3.531   1.923   3.976   0.599

 4.53  0.00   0.538   0.529   0.062   0.083   0.016   0.009   0.353   0.006   0.000   0.009   0.000 393534000
 4.53    5.58    72.965
 4.53 20.00   1.857   2.115
 4.53 20.00   3.972    74.918
 4.53 20.00   3.525   1.931   3.972   0.609
 4.53 20.00   3.528   1.921   3.972   0.599

 4.54  0.00   0.537   0.528   0.062   0.083   0.016   0.009   0.353   0.006   0.000   0.009   0.000 394402800
 4.54    5.58    72.922
 4.54 20.00   1.855   2.114
 4.54 20.00   3.969    74.897
 4.54 20.00   3.522   1.929   3.969   0.608
 4.54 20.00   3.525   1.920   3.969   0.598

 4.55  0.00   0.537   0.528   0.062   0.083   0.016   0.009   0.353   0.006   0.000   0.009   0.000 395271500
 4.55    5.57    72.879
 4.55 20.00   1.853   2.113
 4.55 20.00   3.966    74.876
 4.55 20.00   3.519   1.928   3.966   0.608
 4.55 20.00   3.522   1.918   3.966   0.598

 4.56  0.00   0.537   0.528   0.062   0.083   0.016   0.009   0.353   0.006   0.000   0.009   0.000 396140200
 4.56    5.56    72.836
 4.56 20.00   1.851   2.112
 4.56 20.00   3.963    74.856
 4.56 20.00   3.516   1.926   3.963   0.608
 4.56 20.00   3.520   1.917   3.963   0.598

 4.57  0.00   0.536   0.527   0.062   0.083   0.016   0.009   0.353   0.006   0.000   0.009   0.000 397009000
 4.57    5.56    72.793
 4.57 20.00   1.849   2.111
 4.57 20.00   3.960    74.835
 4.57 20.00   3.513   1.925   3.960   0.607
 4.57 20.00   3.517   1.916   3.960   0.597

 4.58  0.00   0.536   0.527   0.061   0.083   0.016   0.009   0.353   0.006   0.000   0.008   0.000 397877700
 4.58    5.55    72.751
 4.58 20.00   1.847   2.110
 4.58 20.00   3.957    74.815
 4.58 20.00   3.510   1.924   3.957   0.607
 4.58 20.00   3.514   1.914   3.957   0.597

 4.59  0.00   0.536   0.527   0.061   0.083   0.016   0.009   0.353   0.006   0.000   0.008   0.000 398746400
 4.59    5.55    72.708
 4.59 20.00   1.844   2.109
 4.59 20.00   3.953    74.795
 4.59 20.00   3.508   1.922   3.953   0.607
 4.59 20.00   3.511   1.913   3.953   0.597

 4.60  0.00   0.535   0.527   0.061   0.083   0.016   0.009   0.353   0.006   0.000   0.008   0.000 399615100
 4.60    5.54    72.666
 4.60 20.00   1.842   2.108
 4.60 20.00   3.950    74.775
 4.60 20.00   3.505   1.921   3.950   0.606
 4.60 20.00   3.508   1.911   3.950   0.596

 4.61  0.00   0.535   0.526   0.061   0.083   0.016   0.009   0.352   0.006   0.000   0.008   0.000 400483900
 4.61    5.53    72.623
 4.61 20.00   1.840   2.107
 4.61 20.00   3.947    74.754
 4.61 20.00   3.502   1.919   3.947   0.606
 4.61 20.00   3.505   1.910   3.947   0.596

 4.62  0.00   0.535   0.526   0.061   0.083   0.016   0.009   0.352   0.006   0.000   0.008   0.000 401352600
 4.62    5.53    72.581
 4.62 20.00   1.838   2.106
 4.62 20.00   3.944    74.734
 4.62 20.00   3.499   1.918   3.944   0.606
 4.62 20.00   3.502   1.909   3.944   0.596

 4.63  0.00   0.534   0.526   0.061   0.083   0.016   0.009   0.352   0.006   0.000   0.008   0.000 402221300
 4.63    5.52    72.539
 4.63 20.00   1.836   2.105
 4.63 20.00   3.941    74.714
 4.63 20.00   3.496   1.917   3.941   0.605
 4.63 20.00   3.500   1.907   3.941   0.595

 4.64  0.00   0.534   0.525   0.061   0.083   0.016   0.009   0.352   0.006   0.000   0.008   0.000 403090000
 4.64    5.52    72.497
 4.64 20.00   1.834   2.104
 4.64 20.00   3.938    74.694
 4.64 20.00   3.493   1.915   3.938   0.605
 4.64 20.00   3.497   1.906   3.938   0.595

 4.65  0.00   0.534   0.525   0.061   0.083   0.016   0.009   0.352   0.006   0.000   0.008   0.000 403958800
 4.65    5.51    72.455
 4.65 20.00   1.832   2.102
 4.65 20.00   3.935    74.674
 4.65 20.00   3.491   1.914   3.935   0.605
 4.65 20.00   3.494   1.904   3.935   0.595

 4.66  0.00   0.534   0.525   0.060   0.083   0.016   0.009   0.352   0.006   0.000   0.008   0.000 404827500
 4.66    5.50    72.413
 4.66 20.00   1.830   2.101
 4.66 20.00   3.931    74.654
 4.66 20.00   3.488   1.912   3.931   0.604
 4.66 20.00   3.491   1.903   3.931   0.594

 4.67  0.00   0.533   0.524   0.060   0.083   0.016   0.009   0.352   0.006   0.000   0.008   0.000 405696200
 4.67    5.50    72.372
 4.67 20.00   1.828   2.100
 4.67 20.00   3.928    74.635
 4.67 20.00   3.485   1.911   3.928   0.604
 4.67 20.00   3.488   1.902   3.928   0.594

 4.68  0.00   0.533   0.524   0.060   0.083   0.015   0.009   0.352   0.006   0.000   0.008   0.000 406564900
 4.68    5.49    72.330
 4.68 20.00   1.826   2.105
 4.68 20.00   3.931    74.618
 4.68 20.00   3.488   1.912   3.931   0.604
 4.68 20.00   3.491   1.902   3.931   0.594

 4.69  0.00   0.533   0.524   0.060   0.083   0.015   0.009   0.352   0.006   0.000   0.008   0.000 407433700
 4.69    5.49    72.288
 4.69 20.00   1.824   2.105
 4.69 20.00   3.929    74.599
 4.69 20.00   3.486   1.911   3.929   0.603
 4.69 20.00   3.489   1.901   3.929   0.593

 4.70  0.00   0.532   0.524   0.060   0.083   0.015   0.009   0.352   0.005   0.000   0.008   0.000 408302400
 4.70    5.48    72.247
 4.70 20.00   1.822   2.105
 4.70 20.00   3.927    74.580
 4.70 20.00   3.484   1.910   3.927   0.603
 4.70 20.00   3.487   1.900   3.927   0.593

 4.71  0.00   0.532   0.523   0.060   0.083   0.015   0.009   0.352   0.005   0.000   0.008   0.000 409171100
 4.71    5.48    72.206
 4.71 20.00   1.820   2.105
 4.71 20.00   3.925    74.561
 4.71 20.00   3.482   1.909   3.925   0.602
 4.71 20.00   3.486   1.899   3.925   0.593

 4.72  0.00   0.532   0.523   0.060   0.083   0.015   0.009   0.352   0.005   0.000   0.008   0.000 410039800
 4.72    5.47    72.164
 4.72 20.00   1.818   2.105
 4.72 20.00   3.923    74.542
 4.72 20.00   3.481   1.908   3.923   0.602
 4.72 20.00   3.484   1.898   3.923   0.592

 4.73  0.00   0.531   0.523   0.060   0.083   0.015   0.008   0.352   0.005   0.000   0.008   0.000 410908600
 4.73    5.46    72.123
 4.73 20.00   1.816   2.105
 4.73 20.00   3.921    74.523
 4.73 20.00   3.479   1.907   3.921   0.602
 4.73 20.00   3.482   1.897   3.921   0.592

 4.74  0.00   0.531   0.523   0.059   0.083   0.015   0.008   0.352   0.005   0.000   0.008   0.000 411777300
 4.74    5.46    72.082
 4.74 20.00   1.814   2.105
 4.74 20.00   3.919    74.505
 4.74 20.00   3.477   1.906   3.919   0.601
 4.74 20.00   3.480   1.896   3.919   0.592

 4.75  0.00   0.531   0.522   0.059   0.083   0.015   0.008   0.352   0.005   0.000   0.008   0.000 412646000
 4.75    5.45    72.041
 4.75 20.00   1.812   2.105
 4.75 20.00   3.917    74.486
 4.75 20.00   3.475   1.905   3.917   0.601
 4.75 20.00   3.479   1.896   3.917   0.591

 4.76  0.00   0.531   0.522   0.059   0.083   0.015   0.008   0.352   0.005   0.000   0.008   0.000 413514800
 4.76    5.45    72.001
 4.76 20.00   1.810   2.105
 4.76 20.00   3.915    74.467
 4.76 20.00   3.474   1.904   3.915   0.601
 4.76 20.00   3.477   1.895   3.915   0.591

 4.77  0.00   0.530   0.522   0.059   0.083   0.015   0.008   0.352   0.005   0.000   0.008   0.000 414383500
 4.77    5.44    71.960
 4.77 20.00   1.808   2.105
 4.77 20.00   3.913    74.449
 4.77 20.00   3.472   1.903   3.913   0.600
 4.77 20.00   3.475   1.894   3.913   0.591

 4.78  0.00   0.530   0.521   0.059   0.083   0.015   0.008   0.351   0.005   0.000   0.008   0.000 415252300
 4.78    5.44    71.919
 4.78 20.00   1.806   2.105
 4.78 20.00   3.911    74.430
 4.78 20.00   3.470   1.902   3.911   0.600
 4.78 20.00   3.473   1.893   3.911   0.590

 4.79  0.00   0.530   0.521   0.059   0.083   0.015   0.008   0.351   0.005   0.000   0.008   0.000 416121000
 4.79    5.43    71.879
 4.79 20.00   1.804   2.105
 4.79 20.00   3.909    74.412
 4.79 20.00   3.468   1.901   3.909   0.600
 4.79 20.00   3.472   1.892   3.909   0.590

 4.80  0.00   0.529   0.521   0.059   0.082   0.015   0.008   0.351   0.005   0.000   0.008   0.000 416989700
 4.80    5.42    71.838
 4.80 20.00   1.802   2.105
 4.80 20.00   3.907    74.394
 4.80 20.00   3.467   1.900   3.907   0.599
 4.80 20.00   3.470   1.891   3.907   0.590

 4.81  0.00   0.529   0.521   0.059   0.082   0.015   0.008   0.351   0.005   0.000   0.008   0.000 417858400
 4.81    5.42    71.798
 4.81 20.00   1.801   2.105
 4.81 20.00   3.906    74.375
 4.81 20.00   3.465   1.899   3.906   0.599
 4.81 20.00   3.468   1.890   3.906   0.590

 4.82  0.00   0.529   0.520   0.058   0.082   0.015   0.008   0.351   0.005   0.000   0.008   0.000 418727200
 4.82    5.41    71.758
 4.82 20.00   1.799   2.105
 4.82 20.00   3.904    74.357
 4.82 20.00   3.463   1.898   3.904   0.599
 4.82 20.00   3.467   1.889   3.904   0.589

 4.83  0.00   0.528   0.520   0.058   0.082   0.015   0.008   0.351   0.005   0.000   0.008   0.000 419595900
 4.83    5.41    71.718
 4.83 20.00   1.797   2.105
 4.83 20.00   3.902    74.339
 4.83 20.00   3.462   1.897   3.902   0.598
 4.83 20.00   3.465   1.888   3.902   0.589

 4.84  0.00   0.528   0.520   0.058   0.082   0.015   0.008   0.351   0.005   0.000   0.008   0.000 420464600
 4.84    5.40    71.678
 4.84 20.00   1.795   2.105
 4.84 20.00   3.900    74.321
 4.84 20.00   3.460   1.896   3.900   0.598
 4.84 20.00   3.463   1.887   3.900   0.589

 4.85  0.00   0.528   0.519   0.058   0.082   0.015   0.008   0.351   0.005   0.000   0.008   0.000 421333300
 4.85    5.40    71.638
 4.85 20.00   1.793   2.105
 4.85 20.00   3.898    74.303
 4.85 20.00   3.458   1.895   3.898   0.598
 4.85 20.00   3.462   1.886   3.898   0.588

 4.86  0.00   0.528   0.519   0.058   0.082   0.015   0.008   0.351   0.005   0.000   0.008   0.000 422202100
 4.86    5.39    71.598
 4.86 20.00   1.791   2.105
 4.86 20.00   3.896    74.285
 4.86 20.00   3.457   1.894   3.896   0.597
 4.86 20.00   3.460   1.885   3.896   0.588

 4.87  0.00   0.527   0.519   0.058   0.082   0.015   0.008   0.351   0.005   0.000   0.008   0.000 423070800
 4.87    5.39    71.558
 4.87 20.00   1.789   2.105
 4.87 20.00   3.894    74.267
 4.87 20.00   3.455   1.893   3.894   0.597
 4.87 20.00   3.458   1.884   3.894   0.588

 4.88  0.00   0.527   0.519   0.058   0.082   0.015   0.008   0.351   0.005   0.000   0.008   0.000 423939500
 4.88    5.38    71.518
 4.88 20.00   1.787   2.105
 4.88 20.00   3.892    74.249
 4.88 20.00   3.453   1.892   3.892   0.597
 4.88 20.00   3.456   1.883   3.892   0.587

 4.89  0.00   0.527   0.518   0.058   0.082   0.015   0.008   0.351   0.005   0.000   0.008   0.000 424808200
 4.89    5.38    71.478
 4.89 20.00   1.785   2.105
 4.89 20.00   3.890    74.231
 4.89 20.00   3.452   1.891   3.890   0.597
 4.89 20.00   3.455   1.882   3.890   0.587

 4.90  0.00   0.526   0.518   0.057   0.082   0.015   0.008   0.351   0.005   0.000   0.008   0.000 425677000
 4.90    5.37    71.439
 4.90 20.00   1.783   2.105
 4.90 20.00   3.888    74.214
 4.90 20.00   3.450   1.890   3.888   0.596
 4.90 20.00   3.453   1.881   3.888   0.587

 4.91  0.00   0.526   0.518   0.057   0.082   0.014   0.008   0.351   0.005   0.000   0.008   0.000 426545700
 4.91    5.36    71.399
 4.91 20.00   1.781   2.105
 4.91 20.00   3.886    74.196
 4.91 20.00   3.448   1.889   3.886   0.596
 4.91 20.00   3.451   1.880   3.886   0.586

 4.92  0.00   0.526   0.518   0.057   0.082   0.014   0.008   0.351   0.005   0.000   0.008   0.000 427414400
 4.92    5.36    71.360
 4.92 20.00   1.780   2.105
 4.92 20.00   3.885    74.178
 4.92 20.00   3.447   1.888   3.885   0.596
 4.92 20.00   3.450   1.879   3.885   0.586

 4.93  0.00   0.526   0.517   0.057   0.082   0.014   0.008   0.351   0.005   0.000   0.008   0.000 428283100
 4.93    5.35    71.321
 4.93 20.00   1.778   2.105
 4.93 20.00   3.883    74.161
 4.93 20.00   3.445   1.887   3.883   0.595
 4.93 20.00   3.448   1.879   3.883   0.586

 4.94  0.00   0.525   0.517   0.057   0.082   0.014   0.008   0.351   0.005   0.000   0.008   0.000 429151900
 4.94    5.35    71.282
 4.94 20.00   1.776   2.105
 4.94 20.00   3.881    74.143
 4.94 20.00   3.443   1.886   3.881   0.595
 4.94 20.00   3.447   1.878   3.881   0.586

 4.95  0.00   0.525   0.517   0.057   0.082   0.014   0.008   0.351   0.005   0.000   0.008   0.000 430020600
 4.95    5.34    71.242
 4.95 20.00   1.774   2.105
 4.95 20.00   3.879    74.126
 4.95 20.00   3.442   1.885   3.879   0.595
 4.95 20.00   3.445   1.877   3.879   0.585

 4.96  0.00   0.525   0.517   0.057   0.082   0.014   0.008   0.350   0.005   0.000   0.008   0.000 430889300
 4.96    5.34    71.203
 4.96 20.00   1.772   2.105
 4.96 20.00   3.877    74.109
 4.96 20.00   3.440   1.884   3.877   0.594
 4.96 20.00   3.443   1.876   3.877   0.585

 4.97  0.00   0.524   0.516   0.057   0.082   0.014   0.008   0.350   0.005   0.000   0.008   0.000 431758000
 4.97    5.33    71.164
 4.97 20.00   1.770   2.105
 4.97 20.00   3.875    74.091
 4.97 20.00   3.438   1.884   3.875   0.594
 4.97 20.00   3.442   1.875   3.875   0.585

 4.98  0.00   0.524   0.516   0.057   0.082   0.014   0.008   0.350   0.005   0.000   0.008   0.000 432626800
 4.98    5.33    71.126
 4.98 20.00   1.768   2.105
 4.98 20.00   3.873    74.074
 4.98 20.00   3.437   1.883   3.873   0.594
 4.98 20.00   3.440   1.874   3.873   0.584

 4.99  0.00   0.524   0.516   0.056   0.082   0.014   0.008   0.350   0.005   0.000   0.008   0.000 433495500
 4.99    5.32    71.087
 4.99 20.00   1.767   2.105
 4.99 20.00   3.872    74.057
 4.99 20.00   3.435   1.882   3.872   0.593
 4.99 20.00   3.438   1.873   3.872   0.584

 5.00  0.00   0.524   0.516   0.056   0.082   0.014   0.008   0.350   0.005   0.000   0.008   0.000 434364300
 5.00    5.32    71.048
 5.00 20.00   1.765   2.105
 5.00 20.00   3.870    74.040
 5.00 20.00   3.434   1.881   3.870   0.593
 5.00 20.00   3.437   1.872   3.870   0.584

 5.01  0.00   0.523   0.515   0.056   0.082   0.014   0.008   0.350   0.005   0.000   0.008   0.000 435233000
 5.01    5.31    71.009
 5.01 20.00   1.763   2.105
 5.01 20.00   3.868    74.022
 5.01 20.00   3.432   1.880   3.868   0.593
 5.01 20.00   3.435   1.871   3.868   0.584

 5.02  0.00   0.523   0.515   0.056   0.082   0.014   0.008   0.350   0.005   0.000   0.008   0.000 436101700
 5.02    5.31    70.971
 5.02 20.00   1.761   2.105
 5.02 20.00   3.866    74.005
 5.02 20.00   3.430   1.879   3.866   0.592
 5.02 20.00   3.433   1.870   3.866   0.583

 5.03  0.00   0.523   0.515   0.056   0.082   0.014   0.008   0.350   0.005   0.000   0.008   0.000 436970500
 5.03    5.30    70.932
 5.03 20.00   1.759   2.105
 5.03 20.00   3.864    73.988
 5.03 20.00   3.429   1.878   3.864   0.592
 5.03 20.00   3.432   1.869   3.864   0.583

 5.04  0.00   0.523   0.515   0.056   0.082   0.014   0.008   0.350   0.005   0.000   0.008   0.000 437839200
 5.04    5.30    70.894
 5.04 20.00   1.757   2.105
 5.04 20.00   3.862    73.971
 5.04 20.00   3.427   1.877   3.862   0.592
 5.04 20.00   3.430   1.869   3.862   0.583

 5.05  0.00   0.522   0.514   0.056   0.082   0.014   0.008   0.350   0.005   0.000   0.008   0.000 438707900
 5.05    5.29    70.856
 5.05 20.00   1.756   2.105
 5.05 20.00   3.861    73.954
 5.05 20.00   3.426   1.876   3.861   0.591
 5.05 20.00   3.429   1.868   3.861   0.582

 5.06  0.00   0.522   0.514   0.056   0.082   0.014   0.008   0.350   0.005   0.000   0.008   0.000 439576600
 5.06    5.29    70.817
 5.06 20.00   1.754   2.105
 5.06 20.00   3.859    73.938
 5.06 20.00   3.424   1.875   3.859   0.591
 5.06 20.00   3.427   1.867   3.859   0.582

 5.07  0.00   0.522   0.514   0.056   0.082   0.014   0.008   0.350   0.005   0.000   0.008   0.000 440445400
 5.07    5.28    70.779
 5.07 20.00   1.752   2.105
 5.07 20.00   3.857    73.921
 5.07 20.00   3.422   1.874   3.857   0.591
 5.07 20.00   3.425   1.866   3.857   0.582

 5.08  0.00   0.521   0.513   0.055   0.082   0.014   0.008   0.350   0.005   0.000   0.008   0.000 441314100
 5.08    5.28    70.741
 5.08 20.00   1.750   2.105
 5.08 20.00   3.855    73.904
 5.08 20.00   3.421   1.874   3.855   0.591
 5.08 20.00   3.424   1.865   3.855   0.582

 5.09  0.00   0.521   0.513   0.055   0.082   0.014   0.008   0.350   0.005   0.000   0.008   0.000 442182800
 5.09    5.27    70.703
 5.09 20.00   1.749   2.105
 5.09 20.00   3.854    73.887
 5.09 20.00   3.419   1.873   3.854   0.590
 5.09 20.00   3.422   1.864   3.854   0.581

 5.10  0.00   0.521   0.513   0.055   0.082   0.014   0.008   0.350   0.005   0.000   0.008   0.000 443051600
 5.10    5.27    70.665
 5.10 20.00   1.747   2.105
 5.10 20.00   3.852    73.871
 5.10 20.00   3.418   1.872   3.852   0.590
 5.10 20.00   3.421   1.863   3.852   0.581

 5.11  0.00   0.521   0.513   0.055   0.082   0.014   0.008   0.350   0.005   0.000   0.008   0.000 443920300
 5.11    5.26    70.627
 5.11 20.00   1.745   2.105
 5.11 20.00   3.850    73.854
 5.11 20.00   3.416   1.871   3.850   0.590
 5.11 20.00   3.419   1.862   3.850   0.581

 5.12  0.00   0.520   0.512   0.055   0.082   0.014   0.008   0.350   0.005   0.000   0.008   0.000 444789000
 5.12    5.26    70.589
 5.12 20.00   1.743   2.105
 5.12 20.00   3.848    73.838
 5.12 20.00   3.415   1.870   3.848   0.589
 5.12 20.00   3.418   1.862   3.848   0.580

 5.13  0.00   0.520   0.512   0.055   0.082   0.014   0.008   0.350   0.005   0.000   0.008   0.000 445657700
 5.13    5.25    70.552
 5.13 20.00   1.741   2.105
 5.13 20.00   3.846    73.821
 5.13 20.00   3.413   1.869   3.846   0.589
 5.13 20.00   3.416   1.861   3.846   0.580

 5.14  0.00   0.520   0.512   0.055   0.082   0.014   0.008   0.349   0.005   0.000   0.008   0.000 446526400
 5.14    5.25    70.514
 5.14 20.00   1.740   2.105
 5.14 20.00   3.845    73.805
 5.14 20.00   3.411   1.868   3.845   0.589
 5.14 20.00   3.414   1.860   3.845   0.580

 5.15  0.00   0.520   0.512   0.055   0.082   0.014   0.008   0.349   0.005   0.000   0.008   0.000 447395200
 5.15    5.24    70.476
 5.15 20.00   1.738   2.105
 5.15 20.00   3.843    73.788
 5.15 20.00   3.410   1.867   3.843   0.588
 5.15 20.00   3.413   1.859   3.843   0.580

 5.16  0.00   0.519   0.512   0.055   0.082   0.013   0.008   0.349   0.005   0.000   0.008   0.000 448263900
 5.16    5.24    70.439
 5.16 20.00   1.736   2.105
 5.16 20.00   3.841    73.772
 5.16 20.00   3.408   1.866   3.841   0.588
 5.16 20.00   3.411   1.858   3.841   0.579

 5.17  0.00   0.519   0.511   0.054   0.082   0.013   0.008   0.349   0.005   0.000   0.008   0.000 449132600
 5.17    5.23    70.401
 5.17 20.00   1.734   2.105
 5.17 20.00   3.839    73.756
 5.17 20.00   3.407   1.866   3.839   0.588
 5.17 20.00   3.410   1.857   3.839   0.579

 5.18  0.00   0.519   0.511   0.054   0.082   0.013   0.008   0.349   0.005   0.000   0.007   0.000 450001300
 5.18    5.23    70.364
 5.18 20.00   1.733   2.105
 5.18 20.00   3.838    73.739
 5.18 20.00   3.405   1.865   3.838   0.588
 5.18 20.00   3.408   1.856   3.838   0.579

 5.19  0.00   0.519   0.511   0.054   0.082   0.013   0.008   0.349   0.005   0.000   0.007   0.000 450870100
 5.19    5.22    70.327
 5.19 20.00   1.731   2.105
 5.19 20.00   3.836    73.723
 5.19 20.00   3.404   1.864   3.836   0.587
 5.19 20.00   3.407   1.856   3.836   0.578

 5.20  0.00   0.518   0.511   0.054   0.082   0.013   0.008   0.349   0.005   0.000   0.007   0.000 451738800
 5.20    5.22    70.289
 5.20 20.00   1.729   2.105
 5.20 20.00   3.834    73.707
 5.20 20.00   3.402   1.863   3.834   0.587
 5.20 20.00   3.405   1.855   3.834   0.578

 5.21  0.00   0.518   0.510   0.054   0.082   0.013   0.008   0.349   0.005   0.000   0.007   0.000 452607600
 5.21    5.21    70.252
 5.21 20.00   1.727   2.105
 5.21 20.00   3.832    73.691
 5.21 20.00   3.401   1.862   3.832   0.587
 5.21 20.00   3.404   1.854   3.832   0.578

 5.22  0.00   0.518   0.510   0.054   0.082   0.013   0.008   0.349   0.005   0.000   0.007   0.000 453476300
 5.22    5.21    70.215
 5.22 20.00   1.726   2.105
 5.22 20.00   3.831    73.675
 5.22 20.00   3.399   1.861   3.831   0.586
 5.22 20.00   3.402   1.853   3.831   0.578

 5.23  0.00   0.518   0.510   0.054   0.082   0.013   0.008   0.349   0.005   0.000   0.007   0.000 454345000
 5.23    5.20    70.178
 5.23 20.00   1.724   2.105
 5.23 20.00   3.829    73.659
 5.23 20.00   3.398   1.860   3.829   0.586
 5.23 20.00   3.401   1.852   3.829   0.577

 5.24  0.00   0.517   0.510   0.054   0.081   0.013   0.008   0.349   0.005   0.000   0.007   0.000 455213700
 5.24    5.20    70.141
 5.24 20.00   1.722   2.105
 5.24 20.00   3.827    73.643
 5.24 20.00   3.396   1.859   3.827   0.586
 5.24 20.00   3.399   1.851   3.827   0.577

 5.25  0.00   0.517   0.509   0.054   0.081   0.013   0.008   0.349   0.005   0.000   0.007   0.000 456082500
 5.25    5.19    70.104
 5.25 20.00   1.721   2.105
 5.25 20.00   3.826    73.627
 5.25 20.00   3.395   1.859   3.826   0.585
 5.25 20.00   3.398   1.850   3.826   0.577

 5.26  0.00   0.517   0.509   0.053   0.081   0.013   0.008   0.349   0.005   0.000   0.007   0.000 456951200
 5.26    5.19    70.068
 5.26 20.00   1.719   2.105
 5.26 20.00   3.824    73.611
 5.26 20.00   3.393   1.858   3.824   0.585
 5.26 20.00   3.396   1.850   3.824   0.577

 5.27  0.00   0.516   0.509   0.053   0.081   0.013   0.008   0.349   0.005   0.000   0.007   0.000 457819900
 5.27    5.18    70.031
 5.27 20.00   1.717   2.105
 5.27 20.00   3.822    73.595
 5.27 20.00   3.392   1.857   3.822   0.585
 5.27 20.00   3.395   1.849   3.822   0.576

 5.28  0.00   0.516   0.509   0.053   0.081   0.013   0.008   0.349   0.005   0.000   0.007   0.000 458688700
 5.28    5.18    69.994
 5.28 20.00   1.716   2.105
 5.28 20.00   3.821    73.580
 5.28 20.00   3.390   1.856   3.821   0.585
 5.28 20.00   3.393   1.848   3.821   0.576

 5.29  0.00   0.516   0.508   0.053   0.081   0.013   0.008   0.349   0.005   0.000   0.007   0.000 459557400
 5.29    5.17    69.957
 5.29 20.00   1.714   2.105
 5.29 20.00   3.819    73.564
 5.29 20.00   3.389   1.855   3.819   0.584
 5.29 20.00   3.392   1.847   3.819   0.576

 5.30  0.00   0.516   0.508   0.053   0.081   0.013   0.008   0.349   0.005   0.000   0.007   0.000 460426100
 5.30    5.17    69.921
 5.30 20.00   1.712   2.105
 5.30 20.00   3.817    73.548
 5.30 20.00   3.387   1.854   3.817   0.584
 5.30 20.00   3.390   1.846   3.817   0.575

 5.31  0.00   0.515   0.508   0.053   0.081   0.013   0.008   0.349   0.005   0.000   0.007   0.000 461294800
 5.31    5.16    69.884
 5.31 20.00   1.711   2.105
 5.31 20.00   3.815    73.533
 5.31 20.00   3.386   1.854   3.815   0.584
 5.31 20.00   3.389   1.845   3.815   0.575

 5.32  0.00   0.515   0.508   0.053   0.081   0.013   0.008   0.349   0.005   0.000   0.007   0.000 462163600
 5.32    5.16    69.848
 5.32 20.00   1.709   2.105
 5.32 20.00   3.814    73.517
 5.32 20.00   3.384   1.853   3.814   0.583
 5.32 20.00   3.387   1.845   3.814   0.575

 5.33  0.00   0.515   0.507   0.053   0.081   0.013   0.008   0.349   0.005   0.000   0.007   0.000 463032300
 5.33    5.15    69.812
 5.33 20.00   1.707   2.105
 5.33 20.00   3.812    73.501
 5.33 20.00   3.383   1.852   3.812   0.583
 5.33 20.00   3.386   1.844   3.812   0.575

 5.34  0.00   0.515   0.507   0.053   0.081   0.013   0.008   0.348   0.005   0.000   0.007   0.000 463901100
 5.34    5.15    69.775
 5.34 20.00   1.705   2.105
 5.34 20.00   3.810    73.486
 5.34 20.00   3.381   1.851   3.810   0.583
 5.34 20.00   3.384   1.843   3.810   0.574

 5.35  0.00   0.514   0.507   0.053   0.081   0.013   0.007   0.348   0.005   0.000   0.007   0.000 464769800
 5.35    5.14    69.739
 5.35 20.00   1.704   2.105
 5.35 20.00   3.809    73.471
 5.35 20.00   3.380   1.850   3.809   0.583
 5.35 20.00   3.383   1.842   3.809   0.574

 5.36  0.00   0.514   0.507   0.052   0.081   0.013   0.007   0.348   0.005   0.000   0.007   0.000 465638500
 5.36    5.14    69.703
 5.36 20.00   1.702   2.105
 5.36 20.00   3.807    73.455
 5.36 20.00   3.378   1.849   3.807   0.582
 5.36 20.00   3.381   1.841   3.807   0.574

 5.37  0.00   0.514   0.506   0.052   0.081   0.013   0.007   0.348   0.005   0.000   0.007   0.000 466507200
 5.37    5.13    69.667
 5.37 20.00   1.701   2.105
 5.37 20.00   3.806    73.440
 5.37 20.00   3.377   1.849   3.806   0.582
 5.37 20.00   3.380   1.841   3.806   0.574

 5.38  0.00   0.514   0.506   0.052   0.081   0.013   0.007   0.348   0.005   0.000   0.007   0.000 467376000
 5.38    5.13    69.631
 5.38 20.00   1.699   2.105
 5.38 20.00   3.804    73.424
 5.38 20.00   3.376   1.848   3.804   0.582
 5.38 20.00   3.378   1.840   3.804   0.573

 5.39  0.00   0.513   0.506   0.052   0.081   0.013   0.007   0.348   0.005   0.000   0.007   0.000 468244700
 5.39    5.12    69.595
 5.39 20.00   1.697   2.105
 5.39 20.00   3.802    73.409
 5.39 20.00   3.374   1.847   3.802   0.581
 5.39 20.00   3.377   1.839   3.802   0.573

 5.40  0.00   0.513   0.506   0.052   0.081   0.012   0.007   0.348   0.005   0.000   0.007   0.000 469113400
 5.40    5.12    69.559
 5.40 20.00   1.696   2.105
 5.40 20.00   3.801    73.394
 5.40 20.00   3.373   1.846   3.801   0.581
 5.40 20.00   3.375   1.838   3.801   0.573

 5.41  0.00   0.513   0.506   0.052   0.081   0.012   0.007   0.348   0.005   0.000   0.007   0.000 469982100
 5.41    5.11    69.523
 5.41 20.00   1.694   2.105
 5.41 20.00   3.799    73.379
 5.41 20.00   3.371   1.845   3.799   0.581
 5.41 20.00   3.374   1.837   3.799   0.573

 5.42  0.00   0.513   0.505   0.052   0.081   0.012   0.007   0.348   0.005   0.000   0.007   0.000 470850800
 5.42    5.11    69.487
 5.42 20.00   1.692   2.105
 5.42 20.00   3.797    73.364
 5.42 20.00   3.370   1.844   3.797   0.581
 5.42 20.00   3.373   1.837   3.797   0.572

 5.43  0.00   0.512   0.505   0.052   0.081   0.012   0.007   0.348   0.005   0.000   0.007   0.000 471719600
 5.43    5.10    69.452
 5.43 20.00   1.691   2.105
 5.43 20.00   3.796    73.348
 5.43 20.00   3.368   1.844   3.796   0.580
 5.43 20.00   3.371   1.836   3.796   0.572

 5.44  0.00   0.512   0.505   0.052   0.081   0.012   0.007   0.348   0.005   0.000   0.007   0.000 472588300
 5.44    5.10    69.416
 5.44 20.00   1.689   2.105
 5.44 20.00   3.794    73.333
 5.44 20.00   3.367   1.843   3.794   0.580
 5.44 20.00   3.370   1.835   3.794   0.572

 5.45  0.00   0.512   0.505   0.052   0.081   0.012   0.007   0.348   0.005   0.000   0.007   0.000 473457000
 5.45    5.10    69.380
 5.45 20.00   1.688   2.105
 5.45 20.00   3.792    73.318
 5.45 20.00   3.365   1.842   3.792   0.580
 5.45 20.00   3.368   1.834   3.792   0.572

 5.46  0.00   0.512   0.504   0.051   0.081   0.012   0.007   0.348   0.005   0.000   0.007   0.000 474325800
 5.46    5.09    69.345
 5.46 20.00   1.686   2.105
 5.46 20.00   3.791    73.303
 5.46 20.00   3.364   1.841   3.791   0.580
 5.46 20.00   3.367   1.833   3.791   0.571

 5.47  0.00   0.511   0.504   0.051   0.081   0.012   0.007   0.348   0.005   0.000   0.007   0.000 475194500
 5.47    5.09    69.309
 5.47 20.00   1.684   2.105
 5.47 20.00   3.789    73.288
 5.47 20.00   3.363   1.840   3.789   0.579
 5.47 20.00   3.365   1.833   3.789   0.571

 5.48  0.00   0.511   0.504   0.051   0.081   0.012   0.007   0.348   0.005   0.000   0.007   0.000 476063200
 5.48    5.08    69.274
 5.48 20.00   1.683   2.105
 5.48 20.00   3.788    73.273
 5.48 20.00   3.361   1.840   3.788   0.579
 5.48 20.00   3.364   1.832   3.788   0.571

 5.49  0.00   0.511   0.504   0.051   0.081   0.012   0.007   0.348   0.005   0.000   0.007   0.000 476931900
 5.49    5.08    69.239
 5.49 20.00   1.681   2.105
 5.49 20.00   3.786    73.259
 5.49 20.00   3.360   1.839   3.786   0.579
 5.49 20.00   3.363   1.831   3.786   0.570

 5.50  0.00   0.511   0.504   0.051   0.081   0.012   0.007   0.348   0.005   0.000   0.007   0.000 477800700
 5.50    5.07    69.203
 5.50 20.00   1.680   2.105
 5.50 20.00   3.785    73.244
 5.50 20.00   3.358   1.838   3.785   0.578
 5.50 20.00   3.361   1.830   3.785   0.570

 5.51  0.00   0.511   0.503   0.051   0.081   0.012   0.007   0.348   0.005   0.000   0.007   0.000 478669400
 5.51    5.07    69.168
 5.51 20.00   1.678   2.105
 5.51 20.00   3.783    73.229
 5.51 20.00   3.357   1.837   3.783   0.578
 5.51 20.00   3.360   1.829   3.783   0.570

 5.52  0.00   0.510   0.503   0.051   0.081   0.012   0.007   0.348   0.005   0.000   0.007   0.000 479538100
 5.52    5.06    69.133
 5.52 20.00   1.676   2.105
 5.52 20.00   3.781    73.214
 5.52 20.00   3.356   1.836   3.781   0.578
 5.52 20.00   3.358   1.829   3.781   0.570

 5.53  0.00   0.510   0.503   0.051   0.081   0.012   0.007   0.348   0.005   0.000   0.007   0.000 480406900
 5.53    5.06    69.098
 5.53 20.00   1.675   2.105
 5.53 20.00   3.780    73.200
 5.53 20.00   3.354   1.836   3.780   0.578
 5.53 20.00   3.357   1.828   3.780   0.569

 5.54  0.00   0.510   0.503   0.051   0.081   0.012   0.007   0.347   0.005   0.000   0.007   0.000 481275600
 5.54    5.05    69.063
 5.54 20.00   1.673   2.105
 5.54 20.00   3.778    73.185
 5.54 20.00   3.353   1.835   3.778   0.577
 5.54 20.00   3.356   1.827   3.778   0.569

 5.55  0.00   0.510   0.502   0.051   0.081   0.012   0.007   0.347   0.005   0.000   0.007   0.000 482144400
 5.55    5.05    69.028
 5.55 20.00   1.672   2.105
 5.55 20.00   3.777    73.170
 5.55 20.00   3.351   1.834   3.777   0.577
 5.55 20.00   3.354   1.826   3.777   0.569

 5.56  0.00   0.509   0.502   0.050   0.081   0.012   0.007   0.347   0.005   0.000   0.007   0.000 483013100
 5.56    5.05    68.993
 5.56 20.00   1.670   2.105
 5.56 20.00   3.775    73.156
 5.56 20.00   3.350   1.833   3.775   0.577
 5.56 20.00   3.353   1.826   3.775   0.569

 5.57  0.00   0.509   0.502   0.050   0.081   0.012   0.007   0.347   0.005   0.000   0.007   0.000 483881800
 5.57    5.04    68.958
 5.57 20.00   1.669   2.105
 5.57 20.00   3.773    73.141
 5.57 20.00   3.349   1.832   3.773   0.577
 5.57 20.00   3.351   1.825   3.773   0.568

 5.58  0.00   0.509   0.502   0.050   0.081   0.012   0.007   0.347   0.005   0.000   0.007   0.000 484750500
 5.58    5.04    68.923
 5.58 20.00   1.667   2.105
 5.58 20.00   3.772    73.127
 5.58 20.00   3.347   1.832   3.772   0.576
 5.58 20.00   3.350   1.824   3.772   0.568

 5.59  0.00   0.509   0.502   0.050   0.081   0.012   0.007   0.347   0.005   0.000   0.007   0.000 485619300
 5.59    5.03    68.888
 5.59 20.00   1.665   2.105
 5.59 20.00   3.770    73.112
 5.59 20.00   3.346   1.831   3.770   0.576
 5.59 20.00   3.349   1.823   3.770   0.568

 5.60  0.00   0.508   0.501   0.050   0.081   0.012   0.007   0.347   0.005   0.000   0.007   0.000 486488000
 5.60    5.03    68.854
 5.60 20.00   1.664   2.105
 5.60 20.00   3.769    73.098
 5.60 20.00   3.345   1.830   3.769   0.576
 5.60 20.00   3.347   1.823   3.769   0.568

 5.61  0.00   0.508   0.501   0.050   0.081   0.012   0.007   0.347   0.005   0.000   0.007   0.000 487356700
 5.61    5.02    68.819
 5.61 20.00   1.662   2.105
 5.61 20.00   3.767    73.083
 5.61 20.00   3.343   1.829   3.767   0.575
 5.61 20.00   3.346   1.822   3.767   0.567

 5.62  0.00   0.508   0.501   0.050   0.081   0.012   0.007   0.347   0.005   0.000   0.007   0.000 488225400
 5.62    5.02    68.784
 5.62 20.00   1.661   2.105
 5.62 20.00   3.766    73.069
 5.62 20.00   3.342   1.828   3.766   0.575
 5.62 20.00   3.345   1.821   3.766   0.567

 5.63  0.00   0.508   0.501   0.050   0.081   0.012   0.007   0.347   0.005   0.000   0.007   0.000 489094200
 5.63    5.01    68.750
 5.63 20.00   1.659   2.105
 5.63 20.00   3.764    73.055
 5.63 20.00   3.341   1.828   3.764   0.575
 5.63 20.00   3.343   1.820   3.764   0.567

 5.64  0.00   0.507   0.500   0.050   0.081   0.011   0.007   0.347   0.005   0.000   0.007   0.000 489962900
 5.64    5.01    68.715
 5.64 20.00   1.658   2.105
 5.64 20.00   3.763    73.040
 5.64 20.00   3.339   1.827   3.763   0.575
 5.64 20.00   3.342   1.819   3.763   0.567

 5.65  0.00   0.507   0.500   0.050   0.081   0.011   0.007   0.347   0.005   0.000   0.007   0.000 490831600
 5.65    5.01    68.681
 5.65 20.00   1.656   2.105
 5.65 20.00   3.761    73.026
 5.65 20.00   3.338   1.826   3.761   0.574
 5.65 20.00   3.341   1.819   3.761   0.566

 5.66  0.00   0.507   0.500   0.049   0.081   0.011   0.007   0.347   0.005   0.000   0.007   0.000 491700300
 5.66    5.00    68.647
 5.66 20.00   1.655   2.105
 5.66 20.00   3.760    73.012
 5.66 20.00   3.337   1.825   3.760   0.574
 5.66 20.00   3.339   1.818   3.760   0.566

 5.67  0.00   0.507   0.500   0.049   0.081   0.011   0.007   0.347   0.005   0.000   0.007   0.000 492569100
 5.67    5.00    68.612
 5.67 20.00   1.653   2.105
 5.67 20.00   3.758    72.998
 5.67 20.00   3.335   1.825   3.758   0.574
 5.67 20.00   3.338   1.817   3.758   0.566

 5.68  0.00   0.506   0.500   0.049   0.081   0.011   0.007   0.347   0.005   0.000   0.007   0.000 493437800
 5.68    4.99    68.578
 5.68 20.00   1.652   2.105
 5.68 20.00   3.757    72.984
 5.68 20.00   3.334   1.824   3.757   0.574
 5.68 20.00   3.337   1.816   3.757   0.566

 5.69  0.00   0.506   0.499   0.049   0.081   0.011   0.007   0.347   0.005   0.000   0.007   0.000 494306500
 5.69    4.99    68.544
 5.69 20.00   1.650   2.105
 5.69 20.00   3.755    72.970
 5.69 20.00   3.333   1.823   3.755   0.573
 5.69 20.00   3.335   1.816   3.755   0.566

 5.70  0.00   0.506   0.499   0.049   0.081   0.011   0.007   0.347   0.005   0.000   0.007   0.000 495175200
 5.70    4.98    68.510
 5.70 20.00   1.649   2.105
 5.70 20.00   3.754    72.956
 5.70 20.00   3.331   1.822   3.754   0.573
 5.70 20.00   3.334   1.815   3.754   0.565

 5.71  0.00   0.506   0.499   0.049   0.081   0.011   0.007   0.347   0.004   0.000   0.007   0.000 496044000
 5.71    4.98    68.476
 5.71 20.00   1.647   2.105
 5.71 20.00   3.752    72.941
 5.71 20.00   3.330   1.822   3.752   0.573
 5.71 20.00   3.333   1.814   3.752   0.565

 5.72  0.00   0.506   0.499   0.049   0.081   0.011   0.007   0.347   0.004   0.000   0.007   0.000 496912700
 5.72    4.98    68.441
 5.72 20.00   1.646   2.105
 5.72 20.00   3.751    72.928
 5.72 20.00   3.329   1.821   3.751   0.573
 5.72 20.00   3.331   1.814   3.751   0.565

 5.73  0.00   0.505   0.498   0.049   0.081   0.011   0.007   0.347   0.004   0.000   0.007   0.000 497781400
 5.73    4.97    68.407
 5.73 20.00   1.644   2.105
 5.73 20.00   3.749    72.914
 5.73 20.00   3.327   1.820   3.749   0.572
 5.73 20.00   3.330   1.813   3.749   0.565

 5.74  0.00   0.505   0.498   0.049   0.081   0.011   0.007   0.347   0.004   0.000   0.007   0.000 498650100
 5.74    4.97    68.381
 5.74 20.00   1.643   2.105
 5.74 20.00   3.748    72.900
 5.74 20.00   3.326   1.819   3.748   0.572
 5.74 20.00   3.329   1.812   3.748   0.564

 5.75  0.00   0.505   0.498   0.049   0.081   0.011   0.007   0.347   0.004   0.000   0.007   0.000 499518900
 5.75    4.98    68.361
 5.75 20.00   1.641   2.105
 5.75 20.00   3.746    72.886
 5.75 20.00   3.325   1.819   3.746   0.572
 5.75 20.00   3.327   1.811   3.746   0.564

 5.76  0.00   0.505   0.498   0.049   0.081   0.011   0.007   0.346   0.004   0.000   0.007   0.000 500387600
 5.76    4.98    68.341
 5.76 20.00   1.640   2.105
 5.76 20.00   3.745    72.872
 5.76 20.00   3.323   1.818   3.745   0.571
 5.76 20.00   3.326   1.811   3.745   0.564

 5.77  0.00   0.504   0.498   0.048   0.080   0.011   0.007   0.346   0.004   0.000   0.007   0.000 501256400
 5.77    4.98    68.321
 5.77 20.00   1.638   2.105
 5.77 20.00   3.743    72.858
 5.77 20.00   3.322   1.817   3.743   0.571
 5.77 20.00   3.325   1.810   3.743   0.564

 5.78  0.00   0.504   0.497   0.048   0.080   0.011   0.007   0.346   0.004   0.000   0.007   0.000 502125100
 5.78    4.99    68.302
 5.78 20.00   1.637   2.105
 5.78 20.00   3.742    72.844
 5.78 20.00   3.321   1.816   3.742   0.571
 5.78 20.00   3.323   1.809   3.742   0.563

 5.79  0.00   0.504   0.497   0.048   0.080   0.011   0.007   0.346   0.004   0.000   0.007   0.000 502993800
 5.79    4.99    68.282
 5.79 20.00   1.635   2.105
 5.79 20.00   3.740    72.831
 5.79 20.00   3.320   1.816   3.740   0.571
 5.79 20.00   3.322   1.808   3.740   0.563

 5.80  0.00   0.504   0.497   0.048   0.080   0.011   0.007   0.346   0.004   0.000   0.007   0.000 503862600
 5.80    4.99    68.263
 5.80 20.00   1.634   2.105
 5.80 20.00   3.739    72.817
 5.80 20.00   3.318   1.815   3.739   0.570
 5.80 20.00   3.321   1.808   3.739   0.563

 5.81  0.00   0.503   0.497   0.048   0.080   0.011   0.007   0.346   0.004   0.000   0.007   0.000 504731300
 5.81    5.00    68.244
 5.81 20.00   1.632   2.105
 5.81 20.00   3.737    72.803
 5.81 20.00   3.317   1.814   3.737   0.570
 5.81 20.00   3.320   1.807   3.737   0.563

 5.82  0.00   0.503   0.497   0.048   0.080   0.011   0.007   0.346   0.004   0.000   0.007   0.000 505600000
 5.82    5.00    68.224
 5.82 20.00   1.631   2.105
 5.82 20.00   3.736    72.790
 5.82 20.00   3.316   1.813   3.736   0.570
 5.82 20.00   3.318   1.806   3.736   0.562

 5.83  0.00   0.503   0.496   0.048   0.080   0.011   0.007   0.346   0.004   0.000   0.007   0.000 506468700
 5.83    5.01    68.205
 5.83 20.00   1.629   2.105
 5.83 20.00   3.734    72.776
 5.83 20.00   3.314   1.813   3.734   0.570
 5.83 20.00   3.317   1.805   3.734   0.562

 5.84  0.00   0.503   0.496   0.048   0.080   0.011   0.007   0.346   0.004   0.000   0.007   0.000 507337500
 5.84    5.01    68.186
 5.84 20.00   1.628   2.105
 5.84 20.00   3.733    72.763
 5.84 20.00   3.313   1.812   3.733   0.569
 5.84 20.00   3.316   1.805   3.733   0.562

 5.85  0.00   0.503   0.496   0.048   0.080   0.011   0.007   0.346   0.004   0.000   0.007   0.000 508206200
 5.85    5.01    68.168
 5.85 20.00   1.627   2.105
 5.85 20.00   3.732    72.749
 5.85 20.00   3.312   1.811   3.732   0.569
 5.85 20.00   3.314   1.804   3.732   0.562

 5.86  0.00   0.502   0.496   0.048   0.080   0.010   0.007   0.346   0.004   0.000   0.007   0.000 509074900
 5.86    5.02    68.149
 5.86 20.00   1.625   2.105
 5.86 20.00   3.730    72.736
 5.86 20.00   3.311   1.810   3.730   0.569
 5.86 20.00   3.313   1.803   3.730   0.561

 5.87  0.00   0.502   0.495   0.048   0.080   0.010   0.007   0.346   0.004   0.000   0.007   0.000 509943600
 5.87    5.02    68.131
 5.87 20.00   1.624   2.105
 5.87 20.00   3.729    72.722
 5.87 20.00   3.309   1.810   3.729   0.569
 5.87 20.00   3.312   1.803   3.729   0.561

 5.88  0.00   0.502   0.495   0.047   0.080   0.010   0.007   0.346   0.004   0.000   0.007   0.000 510812400
 5.88    5.03    68.112
 5.88 20.00   1.622   2.105
 5.88 20.00   3.727    72.709
 5.88 20.00   3.308   1.809   3.727   0.568
 5.88 20.00   3.311   1.802   3.727   0.561

 5.89  0.00   0.502   0.495   0.047   0.080   0.010   0.007   0.346   0.004   0.000   0.007   0.000 511681100
 5.89    5.03    68.094
 5.89 20.00   1.621   2.105
 5.89 20.00   3.726    72.695
 5.89 20.00   3.307   1.808   3.726   0.568
 5.89 20.00   3.309   1.801   3.726   0.561

 5.90  0.00   0.501   0.495   0.047   0.080   0.010   0.007   0.346   0.004   0.000   0.007   0.000 512549800
 5.90    5.03    68.076
 5.90 20.00   1.619   2.105
 5.90 20.00   3.724    72.682
 5.90 20.00   3.306   1.807   3.724   0.568
 5.90 20.00   3.308   1.800   3.724   0.560

 5.91  0.00   0.501   0.495   0.047   0.080   0.010   0.007   0.346   0.004   0.000   0.007   0.000 513418500
 5.91    5.04    68.058
 5.91 20.00   1.618   2.105
 5.91 20.00   3.723    72.669
 5.91 20.00   3.304   1.807   3.723   0.568
 5.91 20.00   3.307   1.800   3.723   0.560

 5.92  0.00   0.501   0.494   0.047   0.080   0.010   0.007   0.346   0.004   0.000   0.007   0.000 514287300
 5.92    5.04    68.040
 5.92 20.00   1.617   2.105
 5.92 20.00   3.722    72.655
 5.92 20.00   3.303   1.806   3.722   0.567
 5.92 20.00   3.306   1.799   3.722   0.560

 5.93  0.00   0.501   0.494   0.047   0.080   0.010   0.007   0.346   0.004   0.000   0.007   0.000 515156000
 5.93    5.05    68.023
 5.93 20.00   1.615   2.105
 5.93 20.00   3.720    72.642
 5.93 20.00   3.302   1.805   3.720   0.567
 5.93 20.00   3.304   1.798   3.720   0.560

 5.94  0.00   0.501   0.494   0.047   0.080   0.010   0.007   0.346   0.004   0.000   0.007   0.000 516024700
 5.94    5.05    68.005
 5.94 20.00   1.614   2.105
 5.94 20.00   3.719    72.629
 5.94 20.00   3.301   1.805   3.719   0.567
 5.94 20.00   3.303   1.797   3.719   0.559

 5.95  0.00   0.500   0.494   0.047   0.080   0.010   0.007   0.346   0.004   0.000   0.007   0.000 516893400
 5.95    5.05    67.988
 5.95 20.00   1.612   2.105
 5.95 20.00   3.717    72.616
 5.95 20.00   3.299   1.804   3.717   0.567
 5.95 20.00   3.302   1.797   3.717   0.559

 5.96  0.00   0.500   0.493   0.047   0.080   0.010   0.007   0.346   0.004   0.000   0.007   0.000 517762200
 5.96    5.06    67.970
 5.96 20.00   1.611   2.105
 5.96 20.00   3.716    72.602
 5.96 20.00   3.298   1.803   3.716   0.566
 5.96 20.00   3.301   1.796   3.716   0.559

 5.97  0.00   0.500   0.493   0.047   0.080   0.010   0.007   0.346   0.004   0.000   0.007   0.000 518630900
 5.97    5.06    67.953
 5.97 20.00   1.610   2.105
 5.97 20.00   3.714    72.589
 5.97 20.00   3.297   1.802   3.714   0.566
 5.97 20.00   3.299   1.795   3.714   0.559

 5.98  0.00   0.500   0.493   0.047   0.080   0.010   0.007   0.346   0.004   0.000   0.006   0.000 519499600
 5.98    5.07    67.936
 5.98 20.00   1.608   2.105
 5.98 20.00   3.713    72.576
 5.98 20.00   3.296   1.802   3.713   0.566
 5.98 20.00   3.298   1.795   3.713   0.558

 5.99  0.00   0.499   0.493   0.047   0.080   0.010   0.007   0.345   0.004   0.000   0.006   0.000 520368400
 5.99    5.07    67.919
 5.99 20.00   1.607   2.105
 5.99 20.00   3.712    72.563
 5.99 20.00   3.294   1.801   3.712   0.566
 5.99 20.00   3.297   1.794   3.712   0.558

 6.00  0.00   0.499   0.493   0.046   0.080   0.010   0.007   0.345   0.004   0.000   0.006   0.000 521237100
 6.00    5.07    67.902
 6.00 20.00   1.605   2.105
 6.00 20.00   3.710    72.550
 6.00 20.00   3.293   1.800   3.710   0.565
 6.00 20.00   3.296   1.793   3.710   0.558

 6.01  0.00   0.499   0.492   0.046   0.080   0.010   0.007   0.345   0.004   0.000   0.006   0.000 522105900
 6.01    5.08    67.886
 6.01 20.00   1.604   2.105
 6.01 20.00   3.709    72.537
 6.01 20.00   3.292   1.800   3.709   0.565
 6.01 20.00   3.295   1.792   3.709   0.558

 6.02  0.00   0.499   0.492   0.046   0.080   0.010   0.007   0.345   0.004   0.000   0.006   0.000 522974600
 6.02    5.08    67.869
 6.02 20.00   1.603   2.105
 6.02 20.00   3.708    72.524
 6.02 20.00   3.291   1.799   3.708   0.565
 6.02 20.00   3.293   1.792   3.708   0.557

 6.03  0.00   0.499   0.492   0.046   0.080   0.010   0.007   0.345   0.004   0.000   0.006   0.000 523843300
 6.03    5.09    67.853
 6.03 20.00   1.601   2.105
 6.03 20.00   3.706    72.511
 6.03 20.00   3.290   1.798   3.706   0.565
 6.03 20.00   3.292   1.791   3.706   0.557

 6.04  0.00   0.498   0.492   0.046   0.080   0.010   0.007   0.345   0.004   0.000   0.006   0.000 524712000
 6.04    5.09    67.836
 6.04 20.00   1.600   2.105
 6.04 20.00   3.705    72.498
 6.04 20.00   3.288   1.797   3.705   0.564
 6.04 20.00   3.291   1.790   3.705   0.557

 6.05  0.00   0.498   0.492   0.046   0.080   0.010   0.007   0.345   0.004   0.000   0.006   0.000 525580800
 6.05    5.10    67.820
 6.05 20.00   1.598   2.105
 6.05 20.00   3.703    72.486
 6.05 20.00   3.287   1.797   3.703   0.564
 6.05 20.00   3.290   1.790   3.703   0.557

 6.06  0.00   0.498   0.491   0.046   0.080   0.010   0.007   0.345   0.004   0.000   0.006   0.000 526449500
 6.06    5.10    67.804
 6.06 20.00   1.597   2.105
 6.06 20.00   3.702    72.473
 6.06 20.00   3.286   1.796   3.702   0.564
 6.06 20.00   3.288   1.789   3.702   0.556

 6.07  0.00   0.498   0.491   0.046   0.080   0.010   0.007   0.345   0.004   0.000   0.006   0.000 527318200
 6.07    5.10    67.788
 6.07 20.00   1.596   2.105
 6.07 20.00   3.701    72.460
 6.07 20.00   3.285   1.795   3.701   0.564
 6.07 20.00   3.287   1.788   3.701   0.556

 6.08  0.00   0.498   0.491   0.046   0.080   0.010   0.007   0.345   0.004   0.000   0.006   0.000 528186900
 6.08    5.11    67.772
 6.08 20.00   1.594   2.105
 6.08 20.00   3.699    72.447
 6.08 20.00   3.284   1.795   3.699   0.563
 6.08 20.00   3.286   1.788   3.699   0.556

 6.09  0.00   0.497   0.491   0.046   0.080   0.010   0.007   0.345   0.004   0.000   0.006   0.000 529055700
 6.09    5.11    67.757
 6.09 20.00   1.593   2.105
 6.09 20.00   3.698    72.434
 6.09 20.00   3.282   1.794   3.698   0.563
 6.09 20.00   3.285   1.787   3.698   0.556

 6.10  0.00   0.497   0.491   0.046   0.080   0.009   0.007   0.345   0.004   0.000   0.006   0.000 529924400
 6.10    5.12    67.741
 6.10 20.00   1.592   2.105
 6.10 20.00   3.697    72.422
 6.10 20.00   3.281   1.793   3.697   0.563
 6.10 20.00   3.284   1.786   3.697   0.556

 6.11  0.00   0.497   0.490   0.046   0.080   0.009   0.006   0.345   0.004   0.000   0.006   0.000 530793200
 6.11    5.12    67.726
 6.11 20.00   1.590   2.105
 6.11 20.00   3.695    72.409
 6.11 20.00   3.280   1.793   3.695   0.563
 6.11 20.00   3.283   1.786   3.695   0.555

 6.12  0.00   0.497   0.490   0.045   0.080   0.009   0.006   0.345   0.004   0.000   0.006   0.000 531661900
 6.12    5.12    67.710
 6.12 20.00   1.589   2.105
 6.12 20.00   3.694    72.396
 6.12 20.00   3.279   1.792   3.694   0.563
 6.12 20.00   3.281   1.785   3.694   0.555

 6.13  0.00   0.497   0.490   0.045   0.080   0.009   0.006   0.345   0.004   0.000   0.006   0.000 532530600
 6.13    5.13    67.695
 6.13 20.00   1.588   2.105
 6.13 20.00   3.693    72.384
 6.13 20.00   3.278   1.791   3.693   0.562
 6.13 20.00   3.280   1.784   3.693   0.555

 6.14  0.00   0.496   0.490   0.045   0.080   0.009   0.006   0.345   0.004   0.000   0.006   0.000 533399300
 6.14    5.13    67.680
 6.14 20.00   1.586   2.105
 6.14 20.00   3.691    72.371
 6.14 20.00   3.276   1.791   3.691   0.562
 6.14 20.00   3.279   1.784   3.691   0.555

 6.15  0.00   0.496   0.490   0.045   0.080   0.009   0.006   0.345   0.004   0.000   0.006   0.000 534268000
 6.15    5.14    67.665
 6.15 20.00   1.585   2.105
 6.15 20.00   3.690    72.359
 6.15 20.00   3.275   1.790   3.690   0.562
 6.15 20.00   3.278   1.783   3.690   0.554

 6.16  0.00   0.496   0.489   0.045   0.080   0.009   0.006   0.345   0.004   0.000   0.006   0.000 535136800
 6.16    5.14    67.650
 6.16 20.00   1.584   2.105
 6.16 20.00   3.689    72.346
 6.16 20.00   3.274   1.789   3.689   0.562
 6.16 20.00   3.277   1.782   3.689   0.554

 6.17  0.00   0.496   0.489   0.045   0.080   0.009   0.006   0.345   0.004   0.000   0.006   0.000 536005500
 6.17    5.15    67.635
 6.17 20.00   1.582   2.105
 6.17 20.00   3.687    72.334
 6.17 20.00   3.273   1.789   3.687   0.561
 6.17 20.00   3.275   1.782   3.687   0.554

 6.18  0.00   0.496   0.489   0.045   0.080   0.009   0.006   0.345   0.004   0.000   0.006   0.000 536874200
 6.18    5.15    67.620
 6.18 20.00   1.581   2.105
 6.18 20.00   3.686    72.321
 6.18 20.00   3.272   1.788   3.686   0.561
 6.18 20.00   3.274   1.781   3.686   0.554

 6.19  0.00   0.495   0.489   0.045   0.080   0.009   0.006   0.345   0.004   0.000   0.006   0.000 537743000
 6.19    5.15    67.606
 6.19 20.00   1.580   2.105
 6.19 20.00   3.685    72.309
 6.19 20.00   3.271   1.787   3.685   0.561
 6.19 20.00   3.273   1.780   3.685   0.554

 6.20  0.00   0.495   0.489   0.045   0.080   0.009   0.006   0.345   0.004   0.000   0.006   0.000 538611600
 6.20    5.16    67.592
 6.20 20.00   1.578   2.105
 6.20 20.00   3.683    72.296
 6.20 20.00   3.269   1.787   3.683   0.561
 6.20 20.00   3.272   1.780   3.683   0.553

 6.21  0.00   0.495   0.488   0.045   0.080   0.009   0.006   0.345   0.004   0.000   0.006   0.000 539480400
 6.21    5.16    67.577
 6.21 20.00   1.577   2.105
 6.21 20.00   3.682    72.284
 6.21 20.00   3.268   1.786   3.682   0.561
 6.21 20.00   3.271   1.779   3.682   0.553

 6.22  0.00   0.495   0.488   0.045   0.080   0.009   0.006   0.345   0.004   0.000   0.006   0.000 540349100
 6.22    5.17    67.563
 6.22 20.00   1.576   2.105
 6.22 20.00   3.681    72.272
 6.22 20.00   3.267   1.785   3.681   0.560
 6.22 20.00   3.270   1.778   3.681   0.553

 6.23  0.00   0.495   0.488   0.045   0.080   0.009   0.006   0.345   0.004   0.000   0.006   0.000 541217900
 6.23    5.17    67.549
 6.23 20.00   1.574   2.105
 6.23 20.00   3.679    72.259
 6.23 20.00   3.266   1.785   3.679   0.560
 6.23 20.00   3.268   1.778   3.679   0.553

 6.24  0.00   0.494   0.488   0.045   0.080   0.009   0.006   0.344   0.004   0.000   0.006   0.000 542086600
 6.24    5.18    67.535
 6.24 20.00   1.573   2.105
 6.24 20.00   3.678    72.247
 6.24 20.00   3.265   1.784   3.678   0.560
 6.24 20.00   3.267   1.777   3.678   0.552

 6.25  0.00   0.494   0.488   0.044   0.080   0.009   0.006   0.344   0.004   0.000   0.006   0.000 542955300
 6.25    5.18    67.521
 6.25 20.00   1.572   2.105
 6.25 20.00   3.677    72.235
 6.25 20.00   3.264   1.784   3.677   0.560
 6.25 20.00   3.266   1.776   3.677   0.552

 6.26  0.00   0.494   0.487   0.044   0.080   0.009   0.006   0.344   0.004   0.000   0.006   0.000 543824100
 6.26    5.18    67.507
 6.26 20.00   1.570   2.105
 6.26 20.00   3.675    72.222
 6.26 20.00   3.262   1.783   3.675   0.560
 6.26 20.00   3.265   1.776   3.675   0.552

 6.27  0.00   0.494   0.487   0.044   0.080   0.009   0.006   0.344   0.004   0.000   0.006   0.000 544692800
 6.27    5.19    67.494
 6.27 20.00   1.569   2.105
 6.27 20.00   3.674    72.210
 6.27 20.00   3.261   1.782   3.674   0.559
 6.27 20.00   3.264   1.775   3.674   0.552

 6.28  0.00   0.494   0.487   0.044   0.080   0.009   0.006   0.344   0.004   0.000   0.006   0.000 545561500
 6.28    5.19    67.480
 6.28 20.00   1.568   2.105
 6.28 20.00   3.673    72.198
 6.28 20.00   3.260   1.782   3.673   0.559
 6.28 20.00   3.263   1.775   3.673   0.552

 6.29  0.00   0.493   0.487   0.044   0.080   0.009   0.006   0.344   0.004   0.000   0.006   0.000 546430200
 6.29    5.20    67.466
 6.29 20.00   1.567   2.105
 6.29 20.00   3.672    72.186
 6.29 20.00   3.259   1.781   3.672   0.559
 6.29 20.00   3.262   1.774   3.672   0.551

 6.30  0.00   0.493   0.487   0.044   0.080   0.009   0.006   0.344   0.004   0.000   0.006   0.000 547299000
 6.30    5.20    67.453
 6.30 20.00   1.565   2.105
 6.30 20.00   3.670    72.174
 6.30 20.00   3.258   1.780   3.670   0.559
 6.30 20.00   3.260   1.773   3.670   0.551

 6.31  0.00   0.493   0.486   0.044   0.080   0.009   0.006   0.344   0.004   0.000   0.006   0.000 548167700
 6.31    5.21    67.440
 6.31 20.00   1.564   2.105
 6.31 20.00   3.669    72.162
 6.31 20.00   3.257   1.780   3.669   0.558
 6.31 20.00   3.259   1.773   3.669   0.551

 6.32  0.00   0.493   0.486   0.044   0.080   0.009   0.006   0.344   0.004   0.000   0.006   0.000 549036400
 6.32    5.21    67.427
 6.32 20.00   1.563   2.105
 6.32 20.00   3.668    72.150
 6.32 20.00   3.256   1.779   3.668   0.558
 6.32 20.00   3.258   1.772   3.668   0.551

 6.33  0.00   0.493   0.486   0.044   0.080   0.009   0.006   0.344   0.004   0.000   0.006   0.000 549905200
 6.33    5.22    67.414
 6.33 20.00   1.562   2.105
 6.33 20.00   3.666    72.138
 6.33 20.00   3.255   1.778   3.666   0.558
 6.33 20.00   3.257   1.771   3.666   0.551

 6.34  0.00   0.493   0.486   0.044   0.080   0.009   0.006   0.344   0.004   0.000   0.006   0.000 550773900
 6.34    5.22    67.401
 6.34 20.00   1.560   2.105
 6.34 20.00   3.665    72.126
 6.34 20.00   3.253   1.778   3.665   0.558
 6.34 20.00   3.256   1.771   3.665   0.550

 6.35  0.00   0.492   0.486   0.044   0.080   0.009   0.006   0.344   0.004   0.000   0.006   0.000 551642600
 6.35    5.22    67.388
 6.35 20.00   1.559   2.105
 6.35 20.00   3.664    72.114
 6.35 20.00   3.252   1.777   3.664   0.558
 6.35 20.00   3.255   1.770   3.664   0.550

 6.36  0.00   0.492   0.486   0.044   0.080   0.009   0.006   0.344   0.004   0.000   0.006   0.000 552511400
 6.36    5.23    67.375
 6.36 20.00   1.558   2.105
 6.36 20.00   3.663    72.102
 6.36 20.00   3.251   1.776   3.663   0.557
 6.36 20.00   3.254   1.769   3.663   0.550

 6.37  0.00   0.492   0.485   0.044   0.080   0.009   0.006   0.344   0.004   0.000   0.006   0.000 553380000
 6.37    5.23    67.363
 6.37 20.00   1.556   2.105
 6.37 20.00   3.661    72.090
 6.37 20.00   3.250   1.776   3.661   0.557
 6.37 20.00   3.253   1.769   3.661   0.550

 6.38  0.00   0.492   0.485   0.043   0.080   0.009   0.006   0.344   0.004   0.000   0.006   0.000 554248800
 6.38    5.24    67.350
 6.38 20.00   1.555   2.105
 6.38 20.00   3.660    72.078
 6.38 20.00   3.249   1.775   3.660   0.557
 6.38 20.00   3.252   1.768   3.660   0.549

 6.39  0.00   0.492   0.485   0.043   0.080   0.009   0.006   0.344   0.004   0.000   0.006   0.000 555117500
 6.39    5.24    67.338
 6.39 20.00   1.554   2.105
 6.39 20.00   3.659    72.066
 6.39 20.00   3.248   1.775   3.659   0.557
 6.39 20.00   3.250   1.768   3.659   0.549

 6.40  0.00   0.491   0.485   0.043   0.080   0.009   0.006   0.344   0.004   0.000   0.006   0.000 555986200
 6.40    5.25    67.325
 6.40 20.00   1.553   2.105
 6.40 20.00   3.658    72.054
 6.40 20.00   3.247   1.774   3.658   0.557
 6.40 20.00   3.249   1.767   3.658   0.549

 6.41  0.00   0.491   0.485   0.043   0.080   0.009   0.006   0.344   0.004   0.000   0.006   0.000 556855000
 6.41    5.25    67.313
 6.41 20.00   1.551   2.105
 6.41 20.00   3.656    72.042
 6.41 20.00   3.246   1.773   3.656   0.556
 6.41 20.00   3.248   1.766   3.656   0.549

 6.42  0.00   0.491   0.484   0.043   0.080   0.009   0.006   0.344   0.004   0.000   0.006   0.000 557723700
 6.42    5.26    67.301
 6.42 20.00   1.550   2.105
 6.42 20.00   3.655    72.031
 6.42 20.00   3.245   1.773   3.655   0.556
 6.42 20.00   3.247   1.766   3.655   0.549

 6.43  0.00   0.491   0.484   0.043   0.079   0.008   0.006   0.344   0.004   0.000   0.006   0.000 558592400
 6.43    5.26    67.289
 6.43 20.00   1.549   2.105
 6.43 20.00   3.654    72.019
 6.43 20.00   3.243   1.772   3.654   0.556
 6.43 20.00   3.246   1.765   3.654   0.548

 6.44  0.00   0.491   0.484   0.043   0.079   0.008   0.006   0.344   0.004   0.000   0.006   0.000 559461200
 6.44    5.26    67.277
 6.44 20.00   1.548   2.105
 6.44 20.00   3.653    72.007
 6.44 20.00   3.242   1.771   3.653   0.556
 6.44 20.00   3.245   1.764   3.653   0.548

 6.45  0.00   0.491   0.484   0.043   0.079   0.008   0.006   0.344   0.004   0.000   0.006   0.000 560329900
 6.45    5.27    67.265
 6.45 20.00   1.546   2.105
 6.45 20.00   3.651    71.995
 6.45 20.00   3.241   1.771   3.651   0.556
 6.45 20.00   3.244   1.764   3.651   0.548

 6.46  0.00   0.490   0.484   0.043   0.079   0.008   0.006   0.344   0.004   0.000   0.006   0.000 561198700
 6.46    5.27    67.253
 6.46 20.00   1.545   2.105
 6.46 20.00   3.650    71.984
 6.46 20.00   3.240   1.770   3.650   0.555
 6.46 20.00   3.243   1.763   3.650   0.548

 6.47  0.00   0.490   0.484   0.043   0.079   0.008   0.006   0.344   0.004   0.000   0.006   0.000 562067300
 6.47    5.28    67.242
 6.47 20.00   1.544   2.105
 6.47 20.00   3.649    71.972
 6.47 20.00   3.239   1.770   3.649   0.555
 6.47 20.00   3.242   1.763   3.649   0.548

 6.48  0.00   0.490   0.483   0.043   0.079   0.008   0.006   0.344   0.004   0.000   0.006   0.000 562936100
 6.48    5.28    67.230
 6.48 20.00   1.543   2.105
 6.48 20.00   3.648    71.960
 6.48 20.00   3.238   1.769   3.648   0.555
 6.48 20.00   3.241   1.762   3.648   0.547

 6.49  0.00   0.490   0.483   0.043   0.079   0.008   0.006   0.344   0.004   0.000   0.006   0.000 563804800
 6.49    5.29    67.219
 6.49 20.00   1.542   2.105
 6.49 20.00   3.647    71.949
 6.49 20.00   3.237   1.768   3.647   0.555
 6.49 20.00   3.239   1.761   3.647   0.547

 6.50  0.00   0.490   0.483   0.043   0.079   0.008   0.006   0.343   0.004   0.000   0.006   0.000 564673500
 6.50    5.29    67.208
 6.50 20.00   1.540   2.105
 6.50 20.00   3.645    71.937
 6.50 20.00   3.236   1.768   3.645   0.554
 6.50 20.00   3.238   1.761   3.645   0.547

 6.51  0.00   0.489   0.483   0.042   0.079   0.008   0.006   0.343   0.004   0.000   0.006   0.000 565542300
 6.51    5.30    67.196
 6.51 20.00   1.539   2.105
 6.51 20.00   3.644    71.926
 6.51 20.00   3.235   1.767   3.644   0.554
 6.51 20.00   3.237   1.760   3.644   0.547

 6.52  0.00   0.489   0.483   0.042   0.079   0.008   0.006   0.343   0.004   0.000   0.006   0.000 566411000
 6.52    5.30    67.185
 6.52 20.00   1.538   2.105
 6.52 20.00   3.643    71.914
 6.52 20.00   3.234   1.767   3.643   0.554
 6.52 20.00   3.236   1.760   3.643   0.547

 6.53  0.00   0.489   0.482   0.042   0.079   0.008   0.006   0.343   0.004   0.000   0.006   0.000 567279700
 6.53    5.31    67.174
 6.53 20.00   1.537   2.105
 6.53 20.00   3.642    71.903
 6.53 20.00   3.233   1.766   3.642   0.554
 6.53 20.00   3.235   1.759   3.642   0.546

 6.54  0.00   0.489   0.482   0.042   0.079   0.008   0.006   0.343   0.004   0.000   0.006   0.000 568148400
 6.54    5.31    67.163
 6.54 20.00   1.535   2.105
 6.54 20.00   3.640    71.891
 6.54 20.00   3.232   1.765   3.640   0.554
 6.54 20.00   3.234   1.758   3.640   0.546

 6.55  0.00   0.489   0.482   0.042   0.079   0.008   0.006   0.343   0.004   0.000   0.006   0.000 569017200
 6.55    5.32    67.152
 6.55 20.00   1.534   2.105
 6.55 20.00   3.639    71.880
 6.55 20.00   3.231   1.765   3.639   0.553
 6.55 20.00   3.233   1.758   3.639   0.546

 6.56  0.00   0.489   0.482   0.042   0.079   0.008   0.006   0.343   0.004   0.000   0.006   0.000 569885900
 6.56    5.32    67.141
 6.56 20.00   1.533   2.105
 6.56 20.00   3.638    71.868
 6.56 20.00   3.229   1.764   3.638   0.553
 6.56 20.00   3.232   1.757   3.638   0.546

 6.57  0.00   0.488   0.482   0.042   0.079   0.008   0.006   0.343   0.004   0.000   0.006   0.000 570754600
 6.57    5.32    67.131
 6.57 20.00   1.532   2.105
 6.57 20.00   3.637    71.857
 6.57 20.00   3.228   1.764   3.637   0.553
 6.57 20.00   3.231   1.757   3.637   0.546

 6.58  0.00   0.488   0.482   0.042   0.079   0.008   0.006   0.343   0.004   0.000   0.006   0.000 571623400
 6.58    5.33    67.120
 6.58 20.00   1.531   2.105
 6.58 20.00   3.636    71.846
 6.58 20.00   3.227   1.763   3.636   0.553
 6.58 20.00   3.230   1.756   3.636   0.545

 6.59  0.00   0.488   0.481   0.042   0.079   0.008   0.006   0.343   0.004   0.000   0.006   0.000 572492100
 6.59    5.33    67.110
 6.59 20.00   1.530   2.105
 6.59 20.00   3.634    71.834
 6.59 20.00   3.226   1.762   3.634   0.553
 6.59 20.00   3.229   1.755   3.634   0.545

 6.60  0.00   0.488   0.481   0.042   0.079   0.008   0.006   0.343   0.004   0.000   0.006   0.000 573360800
 6.60    5.34    67.099
 6.60 20.00   1.528   2.105
 6.60 20.00   3.633    71.823
 6.60 20.00   3.225   1.762   3.633   0.552
 6.60 20.00   3.228   1.755   3.633   0.545

 6.61  0.00   0.488   0.481   0.042   0.079   0.008   0.006   0.343   0.004   0.000   0.006   0.000 574229600
 6.61    5.34    67.089
 6.61 20.00   1.527   2.105
 6.61 20.00   3.632    71.812
 6.61 20.00   3.224   1.761   3.632   0.552
 6.61 20.00   3.227   1.754   3.632   0.545

 6.62  0.00   0.487   0.481   0.042   0.079   0.008   0.006   0.343   0.004   0.000   0.006   0.000 575098200
 6.62    5.35    67.079
 6.62 20.00   1.526   2.105
 6.62 20.00   3.631    71.800
 6.62 20.00   3.223   1.761   3.631   0.552
 6.62 20.00   3.226   1.754   3.631   0.545

 6.63  0.00   0.487   0.481   0.042   0.079   0.008   0.006   0.343   0.004   0.000   0.006   0.000 575967000
 6.63    5.35    67.068
 6.63 20.00   1.525   2.105
 6.63 20.00   3.630    71.789
 6.63 20.00   3.222   1.760   3.630   0.552
 6.63 20.00   3.225   1.753   3.630   0.544

 6.64  0.00   0.487   0.481   0.042   0.079   0.008   0.006   0.343   0.004   0.000   0.006   0.000 576835700
 6.64    5.36    67.058
 6.64 20.00   1.524   2.105
 6.64 20.00   3.629    71.778
 6.64 20.00   3.221   1.759   3.629   0.552
 6.64 20.00   3.224   1.752   3.629   0.544

 6.65  0.00   0.487   0.480   0.041   0.079   0.008   0.006   0.343   0.004   0.000   0.006   0.000 577704400
 6.65    5.36    67.048
 6.65 20.00   1.522   2.105
 6.65 20.00   3.627    71.767
 6.65 20.00   3.220   1.759   3.627   0.551
 6.65 20.00   3.223   1.752   3.627   0.544

 6.66  0.00   0.487   0.480   0.041   0.079   0.008   0.006   0.343   0.004   0.000   0.006   0.000 578573200
 6.66    5.37    67.039
 6.66 20.00   1.521   2.105
 6.66 20.00   3.626    71.756
 6.66 20.00   3.219   1.758   3.626   0.551
 6.66 20.00   3.222   1.751   3.626   0.544

 6.67  0.00   0.487   0.480   0.041   0.079   0.008   0.006   0.343   0.004   0.000   0.006   0.000 579441900
 6.67    5.37    67.029
 6.67 20.00   1.520   2.105
 6.67 20.00   3.625    71.745
 6.67 20.00   3.218   1.758   3.625   0.551
 6.67 20.00   3.221   1.751   3.625   0.544

 6.68  0.00   0.486   0.480   0.041   0.079   0.008   0.006   0.343   0.004   0.000   0.006   0.000 580310700
 6.68    5.38    67.019
 6.68 20.00   1.519   2.105
 6.68 20.00   3.624    71.733
 6.68 20.00   3.217   1.757   3.624   0.551
 6.68 20.00   3.219   1.750   3.624   0.543

 6.69  0.00   0.486   0.480   0.041   0.079   0.008   0.006   0.343   0.004   0.000   0.006   0.000 581179400
 6.69    5.38    67.009
 6.69 20.00   1.518   2.105
 6.69 20.00   3.623    71.722
 6.69 20.00   3.216   1.757   3.623   0.551
 6.69 20.00   3.218   1.749   3.623   0.543

 6.70  0.00   0.486   0.479   0.041   0.079   0.008   0.006   0.343   0.004   0.000   0.006   0.000 582048100
 6.70    5.39    67.000
 6.70 20.00   1.517   2.105
 6.70 20.00   3.622    71.711
 6.70 20.00   3.215   1.756   3.622   0.550
 6.70 20.00   3.217   1.749   3.622   0.543

 6.71  0.00   0.486   0.479   0.041   0.079   0.008   0.006   0.343   0.004   0.000   0.006   0.000 582916900
 6.71    5.39    66.990
 6.71 20.00   1.515   2.105
 6.71 20.00   3.620    71.700
 6.71 20.00   3.214   1.755   3.620   0.550
 6.71 20.00   3.216   1.748   3.620   0.543

 6.72  0.00   0.486   0.479   0.041   0.079   0.008   0.006   0.343   0.004   0.000   0.006   0.000 583785500
 6.72    5.39    66.981
 6.72 20.00   1.514   2.105
 6.72 20.00   3.619    71.689
 6.72 20.00   3.213   1.755   3.619   0.550
 6.72 20.00   3.215   1.748   3.619   0.543

 6.73  0.00   0.486   0.479   0.041   0.079   0.008   0.006   0.343   0.004   0.000   0.006   0.000 584654300
 6.73    5.40    66.972
 6.73 20.00   1.513   2.105
 6.73 20.00   3.618    71.678
 6.73 20.00   3.212   1.754   3.618   0.550
 6.73 20.00   3.214   1.747   3.618   0.542

 6.74  0.00   0.485   0.479   0.041   0.079   0.008   0.006   0.343   0.004   0.000   0.006   0.000 585523000
 6.74    5.40    66.962
 6.74 20.00   1.512   2.105
 6.74 20.00   3.617    71.667
 6.74 20.00   3.211   1.754   3.617   0.550
 6.74 20.00   3.213   1.747   3.617   0.542

 6.75  0.00   0.485   0.479   0.041   0.079   0.007   0.006   0.343   0.004   0.000   0.006   0.000 586391700
 6.75    5.41    66.953
 6.75 20.00   1.511   2.105
 6.75 20.00   3.616    71.656
 6.75 20.00   3.210   1.753   3.616   0.550
 6.75 20.00   3.212   1.746   3.616   0.542

 6.76  0.00   0.485   0.478   0.041   0.079   0.007   0.006   0.343   0.004   0.000   0.006   0.000 587260500
 6.76    5.41    66.944
 6.76 20.00   1.510   2.105
 6.76 20.00   3.615    71.645
 6.76 20.00   3.209   1.752   3.615   0.549
 6.76 20.00   3.211   1.745   3.615   0.542

 6.77  0.00   0.485   0.478   0.041   0.079   0.007   0.006   0.343   0.004   0.000   0.006   0.000 588129200
 6.77    5.42    66.935
 6.77 20.00   1.509   2.105
 6.77 20.00   3.614    71.635
 6.77 20.00   3.208   1.752   3.614   0.549
 6.77 20.00   3.210   1.745   3.614   0.542

 6.78  0.00   0.485   0.478   0.041   0.079   0.007   0.006   0.342   0.004   0.000   0.006   0.000 588998000
 6.78    5.42    66.926
 6.78 20.00   1.507   2.105
 6.78 20.00   3.612    71.624
 6.78 20.00   3.207   1.751   3.612   0.549
 6.78 20.00   3.209   1.744   3.612   0.541

 6.79  0.00   0.485   0.478   0.041   0.079   0.007   0.006   0.342   0.004   0.000   0.006   0.000 589866700
 6.79    5.43    66.918
 6.79 20.00   1.506   2.105
 6.79 20.00   3.611    71.613
 6.79 20.00   3.206   1.751   3.611   0.549
 6.79 20.00   3.208   1.744   3.611   0.541

 6.80  0.00   0.484   0.478   0.040   0.079   0.007   0.006   0.342   0.004   0.000   0.006   0.000 590735400
 6.80    5.43    66.909
 6.80 20.00   1.505   2.105
 6.80 20.00   3.610    71.602
 6.80 20.00   3.205   1.750   3.610   0.549
 6.80 20.00   3.207   1.743   3.610   0.541

 6.81  0.00   0.484   0.478   0.040   0.079   0.007   0.006   0.342   0.004   0.000   0.006   0.000 591604100
 6.81    5.44    66.900
 6.81 20.00   1.504   2.105
 6.81 20.00   3.609    71.591
 6.81 20.00   3.204   1.750   3.609   0.548
 6.81 20.00   3.206   1.743   3.609   0.541

 6.82  0.00   0.484   0.477   0.040   0.079   0.007   0.006   0.342   0.004   0.000   0.006   0.000 592472900
 6.82    5.44    66.892
 6.82 20.00   1.503   2.105
 6.82 20.00   3.608    71.580
 6.82 20.00   3.203   1.749   3.608   0.548
 6.82 20.00   3.205   1.742   3.608   0.541

 6.83  0.00   0.484   0.477   0.040   0.079   0.007   0.006   0.342   0.004   0.000   0.006   0.000 593341600
 6.83    5.45    66.883
 6.83 20.00   1.502   2.105
 6.83 20.00   3.607    71.570
 6.83 20.00   3.202   1.749   3.607   0.548
 6.83 20.00   3.204   1.741   3.607   0.540

 6.84  0.00   0.484   0.477   0.040   0.079   0.007   0.006   0.342   0.004   0.000   0.006   0.000 594210300
 6.84    5.45    66.875
 6.84 20.00   1.501   2.105
 6.84 20.00   3.606    71.559
 6.84 20.00   3.201   1.748   3.606   0.548
 6.84 20.00   3.203   1.741   3.606   0.540

 6.85  0.00   0.484   0.477   0.040   0.079   0.007   0.006   0.342   0.004   0.000   0.006   0.000 595079000
 6.85    5.46    66.867
 6.85 20.00   1.500   2.105
 6.85 20.00   3.604    71.548
 6.85 20.00   3.200   1.747   3.604   0.548
 6.85 20.00   3.202   1.740   3.604   0.540

 6.86  0.00   0.483   0.477   0.040   0.079   0.007   0.006   0.342   0.004   0.000   0.006   0.000 595947800
 6.86    5.46    66.858
 6.86 20.00   1.498   2.105
 6.86 20.00   3.603    71.538
 6.86 20.00   3.199   1.747   3.603   0.547
 6.86 20.00   3.201   1.740   3.603   0.540

 6.87  0.00   0.483   0.477   0.040   0.079   0.007   0.006   0.342   0.004   0.000   0.006   0.000 596816500
 6.87    5.47    66.850
 6.87 20.00   1.497   2.105
 6.87 20.00   3.602    71.527
 6.87 20.00   3.198   1.746   3.602   0.547
 6.87 20.00   3.200   1.739   3.602   0.540

 6.88  0.00   0.483   0.476   0.040   0.079   0.007   0.006   0.342   0.004   0.000   0.006   0.000 597685200
 6.88    5.47    66.842
 6.88 20.00   1.496   2.105
 6.88 20.00   3.601    71.516
 6.88 20.00   3.197   1.746   3.601   0.547
 6.88 20.00   3.199   1.739   3.601   0.540

 6.89  0.00   0.483   0.476   0.040   0.079   0.007   0.006   0.342   0.004   0.000   0.006   0.000 598553900
 6.89    5.48    66.834
 6.89 20.00   1.495   2.105
 6.89 20.00   3.600    71.506
 6.89 20.00   3.196   1.745   3.600   0.547
 6.89 20.00   3.198   1.738   3.600   0.539

 6.90  0.00   0.483   0.476   0.040   0.079   0.007   0.006   0.342   0.004   0.000   0.006   0.000 599422700
 6.90    5.48    66.826
 6.90 20.00   1.494   2.105
 6.90 20.00   3.599    71.495
 6.90 20.00   3.195   1.745   3.599   0.547
 6.90 20.00   3.197   1.738   3.599   0.539

 6.91  0.00   0.483   0.476   0.040   0.079   0.007   0.006   0.342   0.004   0.000   0.006   0.000 600291400
 6.91    5.49    66.818
 6.91 20.00   1.493   2.105
 6.91 20.00   3.598    71.485
 6.91 20.00   3.194   1.744   3.598   0.546
 6.91 20.00   3.197   1.737   3.598   0.539

 6.92  0.00   0.482   0.476   0.040   0.079   0.007   0.006   0.342   0.004   0.000   0.006   0.000 601160100
 6.92    5.49    66.810
 6.92 20.00   1.492   2.105
 6.92 20.00   3.597    71.474
 6.92 20.00   3.193   1.744   3.597   0.546
 6.92 20.00   3.196   1.736   3.597   0.539

 6.93  0.00   0.482   0.476   0.040   0.079   0.007   0.006   0.342   0.004   0.000   0.006   0.000 602028900
 6.93    5.50    66.803
 6.93 20.00   1.491   2.105
 6.93 20.00   3.596    71.464
 6.93 20.00   3.192   1.743   3.596   0.546
 6.93 20.00   3.195   1.736   3.596   0.539

 6.94  0.00   0.482   0.475   0.040   0.079   0.007   0.006   0.342   0.004   0.000   0.006   0.000 602897600
 6.94    5.50    66.795
 6.94 20.00   1.490   2.105
 6.94 20.00   3.595    71.453
 6.94 20.00   3.191   1.742   3.595   0.546
 6.94 20.00   3.194   1.735   3.595   0.538

 6.95  0.00   0.482   0.475   0.039   0.079   0.007   0.006   0.342   0.004   0.000   0.006   0.000 603766300
 6.95    5.51    66.788
 6.95 20.00   1.488   2.105
 6.95 20.00   3.593    71.443
 6.95 20.00   3.190   1.742   3.593   0.546
 6.95 20.00   3.193   1.735   3.593   0.538

 6.96  0.00   0.482   0.475   0.039   0.079   0.007   0.006   0.342   0.004   0.000   0.006   0.000 604635100
 6.96    5.51    66.780
 6.96 20.00   1.487   2.105
 6.96 20.00   3.592    71.432
 6.96 20.00   3.189   1.741   3.592   0.546
 6.96 20.00   3.192   1.734   3.592   0.538

 6.97  0.00   0.482   0.475   0.039   0.079   0.007   0.006   0.342   0.004   0.000   0.006   0.000 605503700
 6.97    5.52    66.773
 6.97 20.00   1.486   2.105
 6.97 20.00   3.591    71.422
 6.97 20.00   3.188   1.741   3.591   0.545
 6.97 20.00   3.191   1.734   3.591   0.538

 6.98  0.00   0.481   0.475   0.039   0.079   0.007   0.006   0.342   0.004   0.000   0.006   0.000 606372500
 6.98    5.52    66.765
 6.98 20.00   1.485   2.105
 6.98 20.00   3.590    71.411
 6.98 20.00   3.187   1.740   3.590   0.545
 6.98 20.00   3.190   1.733   3.590   0.538

 6.99  0.00   0.481   0.475   0.039   0.079   0.007   0.006   0.342   0.004   0.000   0.006   0.000 607241200
 6.99    5.53    66.758
 6.99 20.00   1.484   2.105
 6.99 20.00   3.589    71.401
 6.99 20.00   3.186   1.740   3.589   0.545
 6.99 20.00   3.189   1.733   3.589   0.538

 7.00  0.00   0.481   0.474   0.039   0.079   0.007   0.006   0.342   0.004   0.000   0.006   0.000 608110000
 7.00    5.53    66.751
 7.00 20.00   1.483   2.105
 7.00 20.00   3.588    71.391
 7.00 20.00   3.185   1.739   3.588   0.545
 7.00 20.00   3.188   1.732   3.588   0.537

 7.01  0.00   0.481   0.474   0.039   0.079   0.007   0.006   0.342   0.004   0.000   0.006   0.000 608978700
 7.01    5.54    66.744
 7.01 20.00   1.482   2.105
 7.01 20.00   3.587    71.380
 7.01 20.00   3.184   1.739   3.587   0.545
 7.01 20.00   3.187   1.732   3.587   0.537

 7.02  0.00   0.481   0.474   0.039   0.079   0.007   0.006   0.342   0.004   0.000   0.006   0.000 609847400
 7.02    5.54    66.737
 7.02 20.00   1.481   2.105
 7.02 20.00   3.586    71.370
 7.02 20.00   3.183   1.738   3.586   0.544
 7.02 20.00   3.186   1.731   3.586   0.537

 7.03  0.00   0.481   0.474   0.039   0.079   0.007   0.006   0.342   0.004   0.000   0.006   0.000 610716200
 7.03    5.55    66.730
 7.03 20.00   1.480   2.105
 7.03 20.00   3.585    71.360
 7.03 20.00   3.182   1.738   3.585   0.544
 7.03 20.00   3.185   1.731   3.585   0.537

 7.04  0.00   0.481   0.474   0.039   0.079   0.007   0.006   0.342   0.004   0.000   0.006   0.000 611584900
 7.04    5.55    66.723
 7.04 20.00   1.479   2.105
 7.04 20.00   3.584    71.349
 7.04 20.00   3.182   1.737   3.584   0.544
 7.04 20.00   3.184   1.730   3.584   0.537

 7.05  0.00   0.480   0.474   0.039   0.079   0.007   0.006   0.342   0.004   0.000   0.006   0.000 612453600
 7.05    5.56    66.716
 7.05 20.00   1.478   2.105
 7.05 20.00   3.583    71.339
 7.05 20.00   3.181   1.737   3.583   0.544
 7.05 20.00   3.183   1.729   3.583   0.536

 7.06  0.00   0.480   0.474   0.039   0.079   0.007   0.006   0.342   0.004   0.000   0.006   0.000 613322300
 7.06    5.56    66.709
 7.06 20.00   1.477   2.105
 7.06 20.00   3.582    71.329
 7.06 20.00   3.180   1.736   3.582   0.544
 7.06 20.00   3.182   1.729   3.582   0.536

 7.07  0.00   0.480   0.473   0.039   0.079   0.007   0.006   0.342   0.004   0.000   0.005   0.000 614191100
 7.07    5.57    66.702
 7.07 20.00   1.476   2.105
 7.07 20.00   3.581    71.319
 7.07 20.00   3.179   1.735   3.581   0.544
 7.07 20.00   3.181   1.728   3.581   0.536

 7.08  0.00   0.480   0.473   0.039   0.079   0.007   0.006   0.341   0.004   0.000   0.005   0.000 615059800
 7.08    5.57    66.696
 7.08 20.00   1.475   2.105
 7.08 20.00   3.579    71.309
 7.08 20.00   3.178   1.735   3.579   0.543
 7.08 20.00   3.180   1.728   3.579   0.536

 7.09  0.00   0.480   0.473   0.039   0.079   0.007   0.005   0.341   0.004   0.000   0.005   0.000 615928500
 7.09    5.58    66.689
 7.09 20.00   1.473   2.105
 7.09 20.00   3.578    71.298
 7.09 20.00   3.177   1.734   3.578   0.543
 7.09 20.00   3.179   1.727   3.578   0.536

 7.10  0.00   0.480   0.473   0.039   0.079   0.007   0.005   0.341   0.004   0.000   0.005   0.000 616797200
 7.10    5.58    66.683
 7.10 20.00   1.472   2.105
 7.10 20.00   3.577    71.288
 7.10 20.00   3.176   1.734   3.577   0.543
 7.10 20.00   3.178   1.727   3.577   0.536

 7.11  0.00   0.479   0.473   0.038   0.079   0.007   0.005   0.341   0.004   0.000   0.005   0.000 617666000
 7.11    5.59    66.676
 7.11 20.00   1.471   2.105
 7.11 20.00   3.576    71.278
 7.11 20.00   3.175   1.733   3.576   0.543
 7.11 20.00   3.178   1.726   3.576   0.536

 7.12  0.00   0.479   0.473   0.038   0.079   0.007   0.005   0.341   0.004   0.000   0.005   0.000 618534700
 7.12    5.59    66.670
 7.12 20.00   1.470   2.105
 7.12 20.00   3.575    71.268
 7.12 20.00   3.174   1.733   3.575   0.543
 7.12 20.00   3.177   1.726   3.575   0.535

 7.13  0.00   0.479   0.473   0.038   0.079   0.007   0.005   0.341   0.004   0.000   0.005   0.000 619403500
 7.13    5.60    66.664
 7.13 20.00   1.469   2.105
 7.13 20.00   3.574    71.258
 7.13 20.00   3.173   1.732   3.574   0.543
 7.13 20.00   3.176   1.725   3.574   0.535

 7.14  0.00   0.479   0.472   0.038   0.079   0.006   0.005   0.341   0.004   0.000   0.005   0.000 620272100
 7.14    5.60    66.658
 7.14 20.00   1.468   2.105
 7.14 20.00   3.573    71.248
 7.14 20.00   3.172   1.732   3.573   0.543
 7.14 20.00   3.175   1.725   3.573   0.535

 7.15  0.00   0.479   0.472   0.038   0.079   0.006   0.005   0.341   0.004   0.000   0.005   0.000 621140900
 7.15    5.61    66.651
 7.15 20.00   1.467   2.105
 7.15 20.00   3.572    71.238
 7.15 20.00   3.171   1.731   3.572   0.542
 7.15 20.00   3.174   1.724   3.572   0.535

 7.16  0.00   0.479   0.472   0.038   0.079   0.006   0.005   0.341   0.003   0.000   0.005   0.000 622009600
 7.16    5.61    66.645
 7.16 20.00   1.466   2.105
 7.16 20.00   3.571    71.228
 7.16 20.00   3.170   1.731   3.571   0.542
 7.16 20.00   3.173   1.724   3.571   0.535

 7.17  0.00   0.479   0.472   0.038   0.079   0.006   0.005   0.341   0.003   0.000   0.005   0.000 622878300
 7.17    5.62    66.637
 7.17 20.00   1.465   2.105
 7.17 20.00   3.570    71.218
 7.17 20.00   3.169   1.730   3.570   0.542
 7.17 20.00   3.172   1.723   3.570   0.535

 7.18  0.00   0.478   0.472   0.038   0.079   0.006   0.005   0.341   0.003   0.000   0.005   0.000 623747100
 7.18    5.61    66.618
 7.18 20.00   1.464   2.105
 7.18 20.00   3.569    71.208
 7.18 20.00   3.168   1.730   3.569   0.542
 7.18 20.00   3.171   1.723   3.569   0.534

 7.19  0.00   0.478   0.472   0.038   0.079   0.006   0.005   0.341   0.003   0.000   0.005   0.000 624615800
 7.19    5.61    66.599
 7.19 20.00   1.463   2.105
 7.19 20.00   3.568    71.198
 7.19 20.00   3.168   1.729   3.568   0.542
 7.19 20.00   3.170   1.722   3.568   0.534

 7.20  0.00   0.478   0.472   0.038   0.079   0.006   0.005   0.341   0.003   0.000   0.005   0.000 625484500
 7.20    5.61    66.580
 7.20 20.00   1.462   2.105
 7.20 20.00   3.567    71.188
 7.20 20.00   3.167   1.729   3.567   0.542
 7.20 20.00   3.169   1.722   3.567   0.534

 7.21  0.00   0.478   0.471   0.038   0.079   0.006   0.005   0.341   0.003   0.000   0.005   0.000 626353300
 7.21    5.61    66.561
 7.21 20.00   1.461   2.105
 7.21 20.00   3.566    71.178
 7.21 20.00   3.166   1.728   3.566   0.541
 7.21 20.00   3.168   1.721   3.566   0.534

 7.22  0.00   0.478   0.471   0.038   0.079   0.006   0.005   0.341   0.003   0.000   0.005   0.000 627222000
 7.22    5.61    66.542
 7.22 20.00   1.460   2.105
 7.22 20.00   3.565    71.168
 7.22 20.00   3.165   1.728   3.565   0.541
 7.22 20.00   3.167   1.721   3.565   0.534

 7.23  0.00   0.478   0.471   0.038   0.079   0.006   0.005   0.341   0.003   0.000   0.005   0.000 628090800
 7.23    5.60    66.524
 7.23 20.00   1.459   2.105
 7.23 20.00   3.564    71.158
 7.23 20.00   3.164   1.727   3.564   0.541
 7.23 20.00   3.166   1.720   3.564   0.534

 7.24  0.00   0.478   0.471   0.038   0.079   0.006   0.005   0.341   0.003   0.000   0.005   0.000 628959400
 7.24    5.60    66.505
 7.24 20.00   1.458   2.105
 7.24 20.00   3.563    71.149
 7.24 20.00   3.163   1.727   3.563   0.541
 7.24 20.00   3.166   1.720   3.563   0.533

 7.25  0.00   0.478   0.471   0.038   0.079   0.006   0.005   0.341   0.003   0.000   0.005   0.000 629828200
 7.25    5.60    66.486
 7.25 20.00   1.457   2.105
 7.25 20.00   3.562    71.139
 7.25 20.00   3.162   1.726   3.562   0.541
 7.25 20.00   3.165   1.719   3.562   0.533

 7.26  0.00   0.477   0.471   0.038   0.079   0.006   0.005   0.341   0.003   0.000   0.005   0.000 630696900
 7.26    5.60    66.468
 7.26 20.00   1.456   2.105
 7.26 20.00   3.561    71.129
 7.26 20.00   3.161   1.726   3.561   0.541
 7.26 20.00   3.164   1.719   3.561   0.533

 7.27  0.00   0.477   0.471   0.037   0.078   0.006   0.005   0.341   0.003   0.000   0.005   0.000 631565600
 7.27    5.60    66.449
 7.27 20.00   1.455   2.105
 7.27 20.00   3.560    71.119
 7.27 20.00   3.160   1.725   3.560   0.540
 7.27 20.00   3.163   1.718   3.560   0.533

 7.28  0.00   0.477   0.470   0.037   0.078   0.006   0.005   0.341   0.003   0.000   0.005   0.000 632434400
 7.28    5.59    66.431
 7.28 20.00   1.454   2.105
 7.28 20.00   3.559    71.109
 7.28 20.00   3.159   1.725   3.559   0.540
 7.28 20.00   3.162   1.718   3.559   0.533

 7.29  0.00   0.477   0.470   0.037   0.078   0.006   0.005   0.341   0.003   0.000   0.005   0.000 633303100
 7.29    5.59    66.412
 7.29 20.00   1.453   2.105
 7.29 20.00   3.558    71.100
 7.29 20.00   3.159   1.724   3.558   0.540
 7.29 20.00   3.161   1.717   3.558   0.533

 7.30  0.00   0.477   0.470   0.037   0.078   0.006   0.005   0.341   0.003   0.000   0.005   0.000 634171800
 7.30    5.59    66.394
 7.30 20.00   1.452   2.105
 7.30 20.00   3.557    71.090
 7.30 20.00   3.158   1.724   3.557   0.540
 7.30 20.00   3.160   1.717   3.557   0.533

 7.31  0.00   0.477   0.470   0.037   0.078   0.006   0.005   0.341   0.003   0.000   0.005   0.000 635040500
 7.31    5.59    66.375
 7.31 20.00   1.451   2.105
 7.31 20.00   3.556    71.080
 7.31 20.00   3.157   1.723   3.556   0.540
 7.31 20.00   3.159   1.716   3.556   0.532

 7.32  0.00   0.477   0.470   0.037   0.078   0.006   0.005   0.341   0.003   0.000   0.005   0.000 635909300
 7.32    5.59    66.357
 7.32 20.00   1.450   2.105
 7.32 20.00   3.555    71.070
 7.32 20.00   3.156   1.723   3.555   0.540
 7.32 20.00   3.158   1.716   3.555   0.532

 7.33  0.00   0.476   0.470   0.037   0.078   0.006   0.005   0.341   0.003   0.000   0.005   0.000 636778000
 7.33    5.58    66.339
 7.33 20.00   1.449   2.105
 7.33 20.00   3.554    71.061
 7.33 20.00   3.155   1.722   3.554   0.540
 7.33 20.00   3.158   1.715   3.554   0.532

 7.34  0.00   0.476   0.470   0.037   0.078   0.006   0.005   0.341   0.003   0.000   0.005   0.000 637646700
 7.34    5.58    66.320
 7.34 20.00   1.448   2.105
 7.34 20.00   3.553    71.051
 7.34 20.00   3.154   1.722   3.553   0.539
 7.34 20.00   3.157   1.715   3.553   0.532

 7.35  0.00   0.476   0.470   0.037   0.078   0.006   0.005   0.341   0.003   0.000   0.005   0.000 638515500
 7.35    5.58    66.302
 7.35 20.00   1.447   2.105
 7.35 20.00   3.552    71.042
 7.35 20.00   3.153   1.722   3.552   0.539
 7.35 20.00   3.156   1.714   3.552   0.532

 7.36  0.00   0.476   0.469   0.037   0.078   0.006   0.005   0.341   0.003   0.000   0.005   0.000 639384200
 7.36    5.58    66.284
 7.36 20.00   1.446   2.105
 7.36 20.00   3.551    71.032
 7.36 20.00   3.152   1.721   3.551   0.539
 7.36 20.00   3.155   1.714   3.551   0.532

 7.37  0.00   0.476   0.469   0.037   0.078   0.006   0.005   0.341   0.003   0.000   0.005   0.000 640252900
 7.37    5.58    66.266
 7.37 20.00   1.445   2.105
 7.37 20.00   3.550    71.022
 7.37 20.00   3.151   1.721   3.550   0.539
 7.37 20.00   3.154   1.714   3.550   0.531

 7.38  0.00   0.476   0.469   0.037   0.078   0.006   0.005   0.341   0.003   0.000   0.005   0.000 641121700
 7.38    5.57    66.248
 7.38 20.00   1.444   2.105
 7.38 20.00   3.549    71.013
 7.38 20.00   3.151   1.720   3.549   0.539
 7.38 20.00   3.153   1.713   3.549   0.531

 7.39  0.00   0.476   0.469   0.037   0.078   0.006   0.005   0.341   0.003   0.000   0.005   0.000 641990300
 7.39    5.57    66.230
 7.39 20.00   1.443   2.105
 7.39 20.00   3.548    71.003
 7.39 20.00   3.150   1.720   3.548   0.539
 7.39 20.00   3.152   1.713   3.548   0.531

 7.40  0.00   0.475   0.469   0.037   0.078   0.006   0.005   0.340   0.003   0.000   0.005   0.000 642859100
 7.40    5.57    66.212
 7.40 20.00   1.442   2.105
 7.40 20.00   3.547    70.994
 7.40 20.00   3.149   1.719   3.547   0.538
 7.40 20.00   3.151   1.712   3.547   0.531

 7.41  0.00   0.475   0.469   0.037   0.078   0.006   0.005   0.340   0.003   0.000   0.005   0.000 643727800
 7.41    5.57    66.194
 7.41 20.00   1.441   2.105
 7.41 20.00   3.546    70.984
 7.41 20.00   3.148   1.719   3.546   0.538
 7.41 20.00   3.151   1.712   3.546   0.531

 7.42  0.00   0.475   0.469   0.037   0.078   0.006   0.005   0.340   0.003   0.000   0.005   0.000 644596500
 7.42    5.57    66.176
 7.42 20.00   1.440   2.105
 7.42 20.00   3.545    70.975
 7.42 20.00   3.147   1.718   3.545   0.538
 7.42 20.00   3.150   1.711   3.545   0.531

 7.43  0.00   0.475   0.468   0.037   0.078   0.006   0.005   0.340   0.003   0.000   0.005   0.000 645465300
 7.43    5.56    66.158
 7.43 20.00   1.439   2.105
 7.43 20.00   3.544    70.965
 7.43 20.00   3.146   1.718   3.544   0.538
 7.43 20.00   3.149   1.711   3.544   0.531

 7.44  0.00   0.475   0.468   0.036   0.078   0.006   0.005   0.340   0.003   0.000   0.005   0.000 646334000
 7.44    5.56    66.140
 7.44 20.00   1.438   2.105
 7.44 20.00   3.543    70.956
 7.44 20.00   3.145   1.717   3.543   0.538
 7.44 20.00   3.148   1.710   3.543   0.530

 7.45  0.00   0.475   0.468   0.036   0.078   0.006   0.005   0.340   0.003   0.000   0.005   0.000 647202800
 7.45    5.56    66.122
 7.45 20.00   1.437   2.105
 7.45 20.00   3.542    70.946
 7.45 20.00   3.144   1.717   3.542   0.538
 7.45 20.00   3.147   1.710   3.542   0.530

 7.46  0.00   0.475   0.468   0.036   0.078   0.006   0.005   0.340   0.003   0.000   0.005   0.000 648071500
 7.46    5.56    66.104
 7.46 20.00   1.436   2.105
 7.46 20.00   3.541    70.937
 7.46 20.00   3.144   1.716   3.541   0.538
 7.46 20.00   3.146   1.709   3.541   0.530

 7.47  0.00   0.475   0.468   0.036   0.078   0.006   0.005   0.340   0.003   0.000   0.005   0.000 648940200
 7.47    5.56    66.087
 7.47 20.00   1.435   2.105
 7.47 20.00   3.540    70.928
 7.47 20.00   3.143   1.716   3.540   0.537
 7.47 20.00   3.145   1.709   3.540   0.530

 7.48  0.00   0.474   0.468   0.036   0.078   0.006   0.005   0.340   0.003   0.000   0.005   0.000 649809000
 7.48    5.56    66.069
 7.48 20.00   1.434   2.105
 7.48 20.00   3.539    70.918
 7.48 20.00   3.142   1.715   3.539   0.537
 7.48 20.00   3.144   1.708   3.539   0.530

 7.49  0.00   0.474   0.468   0.036   0.078   0.006   0.005   0.340   0.003   0.000   0.005   0.000 650677600
 7.49    5.55    66.052
 7.49 20.00   1.433   2.105
 7.49 20.00   3.538    70.909
 7.49 20.00   3.141   1.715   3.538   0.537
 7.49 20.00   3.144   1.708   3.538   0.530

 7.50  0.00   0.474   0.468   0.036   0.078   0.006   0.005   0.340   0.003   0.000   0.005   0.000 651546400
 7.50    5.55    66.034
 7.50 20.00   1.432   2.105
 7.50 20.00   3.537    70.900
 7.50 20.00   3.140   1.714   3.537   0.537
 7.50 20.00   3.143   1.707   3.537   0.529

 7.51  0.00   0.474   0.467   0.036   0.078   0.006   0.005   0.340   0.003   0.000   0.005   0.000 652415200
 7.51    5.55    66.016
 7.51 20.00   1.431   2.105
 7.51 20.00   3.536    70.890
 7.51 20.00   3.139   1.714   3.536   0.537
 7.51 20.00   3.142   1.707   3.536   0.529

 7.52  0.00   0.474   0.467   0.036   0.078   0.006   0.005   0.340   0.003   0.000   0.005   0.000 653283800
 7.52    5.55    65.999
 7.52 20.00   1.430   2.105
 7.52 20.00   3.535    70.881
 7.52 20.00   3.139   1.713   3.535   0.537
 7.52 20.00   3.141   1.706   3.535   0.529

 7.53  0.00   0.474   0.467   0.036   0.078   0.006   0.005   0.340   0.003   0.000   0.005   0.000 654152600
 7.53    5.55    65.981
 7.53 20.00   1.429   2.105
 7.53 20.00   3.534    70.872
 7.53 20.00   3.138   1.713   3.534   0.537
 7.53 20.00   3.140   1.706   3.534   0.529

 7.54  0.00   0.474   0.467   0.036   0.078   0.006   0.005   0.340   0.003   0.000   0.005   0.000 655021300
 7.54    5.55    65.964
 7.54 20.00   1.428   2.105
 7.54 20.00   3.533    70.862
 7.54 20.00   3.137   1.713   3.533   0.536
 7.54 20.00   3.139   1.706   3.533   0.529

 7.55  0.00   0.474   0.467   0.036   0.078   0.006   0.005   0.340   0.003   0.000   0.005   0.000 655890000
 7.55    5.54    65.947
 7.55 20.00   1.427   2.105
 7.55 20.00   3.532    70.853
 7.55 20.00   3.136   1.712   3.532   0.536
 7.55 20.00   3.139   1.705   3.532   0.529

 7.56  0.00   0.473   0.467   0.036   0.078   0.006   0.005   0.340   0.003   0.000   0.005   0.000 656758800
 7.56    5.54    65.929
 7.56 20.00   1.426   2.105
 7.56 20.00   3.531    70.844
 7.56 20.00   3.135   1.712   3.531   0.536
 7.56 20.00   3.138   1.705   3.531   0.529

 7.57  0.00   0.473   0.467   0.036   0.078   0.006   0.005   0.340   0.003   0.000   0.005   0.000 657627500
 7.57    5.54    65.912
 7.57 20.00   1.426   2.105
 7.57 20.00   3.531    70.835
 7.57 20.00   3.134   1.711   3.531   0.536
 7.57 20.00   3.137   1.704   3.531   0.528

 7.58  0.00   0.473   0.467   0.036   0.078   0.006   0.005   0.340   0.003   0.000   0.005   0.000 658496200
 7.58    5.54    65.895
 7.58 20.00   1.425   2.105
 7.58 20.00   3.530    70.826
 7.58 20.00   3.133   1.711   3.530   0.536
 7.58 20.00   3.136   1.704   3.530   0.528

 7.59  0.00   0.473   0.466   0.036   0.078   0.006   0.005   0.340   0.003   0.000   0.005   0.000 659364900
 7.59    5.54    65.878
 7.59 20.00   1.424   2.105
 7.59 20.00   3.529    70.817
 7.59 20.00   3.133   1.710   3.529   0.536
 7.59 20.00   3.135   1.703   3.529   0.528

 7.60  0.00   0.473   0.466   0.036   0.078   0.006   0.005   0.340   0.003   0.000   0.005   0.000 660233700
 7.60    5.53    65.860
 7.60 20.00   1.423   2.105
 7.60 20.00   3.528    70.807
 7.60 20.00   3.132   1.710   3.528   0.536
 7.60 20.00   3.134   1.703   3.528   0.528

 7.61  0.00   0.473   0.466   0.036   0.078   0.006   0.005   0.340   0.003   0.000   0.005   0.000 661102400
 7.61    5.53    65.843
 7.61 20.00   1.422   2.105
 7.61 20.00   3.527    70.798
 7.61 20.00   3.131   1.709   3.527   0.535
 7.61 20.00   3.134   1.702   3.527   0.528

 7.62  0.00   0.473   0.466   0.035   0.078   0.006   0.005   0.340   0.003   0.000   0.005   0.000 661971100
 7.62    5.53    65.826
 7.62 20.00   1.421   2.105
 7.62 20.00   3.526    70.789
 7.62 20.00   3.130   1.709   3.526   0.535
 7.62 20.00   3.133   1.702   3.526   0.528

 7.63  0.00   0.473   0.466   0.035   0.078   0.006   0.005   0.340   0.003   0.000   0.005   0.000 662839900
 7.63    5.53    65.809
 7.63 20.00   1.420   2.105
 7.63 20.00   3.525    70.780
 7.63 20.00   3.129   1.708   3.525   0.535
 7.63 20.00   3.132   1.701   3.525   0.528

 7.64  0.00   0.472   0.466   0.035   0.078   0.006   0.005   0.340   0.003   0.000   0.005   0.000 663708600
 7.64    5.53    65.792
 7.64 20.00   1.419   2.105
 7.64 20.00   3.524    70.771
 7.64 20.00   3.128   1.708   3.524   0.535
 7.64 20.00   3.131   1.701   3.524   0.527

 7.65  0.00   0.472   0.466   0.035   0.078   0.006   0.005   0.340   0.003   0.000   0.005   0.000 664577300
 7.65    5.53    65.775
 7.65 20.00   1.418   2.105
 7.65 20.00   3.523    70.762
 7.65 20.00   3.128   1.708   3.523   0.535
 7.65 20.00   3.130   1.700   3.523   0.527

 7.66  0.00   0.472   0.466   0.035   0.078   0.006   0.005   0.340   0.003   0.000   0.005   0.000 665446000
 7.66    5.52    65.758
 7.66 20.00   1.417   2.105
 7.66 20.00   3.522    70.753
 7.66 20.00   3.127   1.707   3.522   0.535
 7.66 20.00   3.129   1.700   3.522   0.527

 7.67  0.00   0.472   0.465   0.035   0.078   0.006   0.005   0.340   0.003   0.000   0.005   0.000 666314800
 7.67    5.52    65.742
 7.67 20.00   1.416   2.105
 7.67 20.00   3.521    70.744
 7.67 20.00   3.126   1.707   3.521   0.535
 7.67 20.00   3.129   1.700   3.521   0.527

 7.68  0.00   0.472   0.465   0.035   0.078   0.006   0.005   0.340   0.003   0.000   0.005   0.000 667183500
 7.68    5.52    65.725
 7.68 20.00   1.415   2.105
 7.68 20.00   3.520    70.735
 7.68 20.00   3.125   1.706   3.520   0.534
 7.68 20.00   3.128   1.699   3.520   0.527

 7.69  0.00   0.472   0.465   0.035   0.078   0.006   0.005   0.340   0.003   0.000   0.005   0.000 668052200
 7.69    5.52    65.708
 7.69 20.00   1.414   2.105
 7.69 20.00   3.519    70.726
 7.69 20.00   3.124   1.706   3.519   0.534
 7.69 20.00   3.127   1.699   3.519   0.527

 7.70  0.00   0.472   0.465   0.035   0.078   0.006   0.005   0.340   0.003   0.000   0.005   0.000 668921000
 7.70    5.52    65.691
 7.70 20.00   1.413   2.105
 7.70 20.00   3.518    70.717
 7.70 20.00   3.124   1.705   3.518   0.534
 7.70 20.00   3.126   1.698   3.518   0.527

 7.71  0.00   0.472   0.465   0.035   0.078   0.006   0.005   0.340   0.003   0.000   0.005   0.000 669789700
 7.71    5.52    65.675
 7.71 20.00   1.413   2.105
 7.71 20.00   3.518    70.708
 7.71 20.00   3.123   1.705   3.518   0.534
 7.71 20.00   3.125   1.698   3.518   0.527

 7.72  0.00   0.471   0.465   0.035   0.078   0.006   0.005   0.340   0.003   0.000   0.005   0.000 670658400
 7.72    5.51    65.658
 7.72 20.00   1.412   2.105
 7.72 20.00   3.517    70.699
 7.72 20.00   3.122   1.704   3.517   0.534
 7.72 20.00   3.124   1.697   3.517   0.526

 7.73  0.00   0.471   0.465   0.035   0.078   0.006   0.005   0.340   0.003   0.000   0.005   0.000 671527200
 7.73    5.51    65.641
 7.73 20.00   1.411   2.105
 7.73 20.00   3.516    70.690
 7.73 20.00   3.121   1.704   3.516   0.534
 7.73 20.00   3.124   1.697   3.516   0.526

 7.74  0.00   0.471   0.465   0.035   0.078   0.006   0.005   0.340   0.003   0.000   0.005   0.000 672395800
 7.74    5.51    65.625
 7.74 20.00   1.410   2.105
 7.74 20.00   3.515    70.681
 7.74 20.00   3.120   1.704   3.515   0.534
 7.74 20.00   3.123   1.696   3.515   0.526

 7.75  0.00   0.471   0.464   0.035   0.078   0.006   0.005   0.339   0.003   0.000   0.005   0.000 673264600
 7.75    5.51    65.608
 7.75 20.00   1.409   2.105
 7.75 20.00   3.514    70.672
 7.75 20.00   3.120   1.703   3.514   0.533
 7.75 20.00   3.122   1.696   3.514   0.526

 7.76  0.00   0.471   0.464   0.035   0.078   0.006   0.005   0.339   0.003   0.000   0.005   0.000 674133400
 7.76    5.51    65.592
 7.76 20.00   1.408   2.105
 7.76 20.00   3.513    70.664
 7.76 20.00   3.119   1.703   3.513   0.533
 7.76 20.00   3.121   1.696   3.513   0.526

 7.77  0.00   0.471   0.464   0.035   0.078   0.006   0.005   0.339   0.003   0.000   0.005   0.000 675002000
 7.77    5.51    65.575
 7.77 20.00   1.407   2.105
 7.77 20.00   3.512    70.655
 7.77 20.00   3.118   1.702   3.512   0.533
 7.77 20.00   3.120   1.695   3.512   0.526

 7.78  0.00   0.471   0.464   0.035   0.078   0.006   0.005   0.339   0.003   0.000   0.005   0.000 675870800
 7.78    5.51    65.559
 7.78 20.00   1.406   2.105
 7.78 20.00   3.511    70.646
 7.78 20.00   3.117   1.702   3.511   0.533
 7.78 20.00   3.120   1.695   3.511   0.526

 7.79  0.00   0.471   0.464   0.035   0.078   0.006   0.005   0.339   0.003   0.000   0.005   0.000 676739500
 7.79    5.50    65.543
 7.79 20.00   1.405   2.105
 7.79 20.00   3.510    70.637
 7.79 20.00   3.116   1.701   3.510   0.533
 7.79 20.00   3.119   1.694   3.510   0.525

 7.80  0.00   0.470   0.464   0.035   0.078   0.006   0.005   0.339   0.003   0.000   0.005   0.000 677608300
 7.80    5.50    65.526
 7.80 20.00   1.404   2.105
 7.80 20.00   3.509    70.628
 7.80 20.00   3.115   1.701   3.509   0.533
 7.80 20.00   3.118   1.694   3.509   0.525

 7.81  0.00   0.470   0.464   0.034   0.078   0.006   0.005   0.339   0.003   0.000   0.005   0.000 678477000
 7.81    5.50    65.510
 7.81 20.00   1.403   2.105
 7.81 20.00   3.508    70.620
 7.81 20.00   3.115   1.700   3.508   0.533
 7.81 20.00   3.117   1.693   3.508   0.525

 7.82  0.00   0.470   0.464   0.034   0.078   0.005   0.005   0.339   0.003   0.000   0.005   0.000 679345700
 7.82    5.50    65.494
 7.82 20.00   1.403   2.105
 7.82 20.00   3.508    70.611
 7.82 20.00   3.114   1.700   3.508   0.533
 7.82 20.00   3.116   1.693   3.508   0.525

 7.83  0.00   0.470   0.463   0.034   0.078   0.005   0.005   0.339   0.003   0.000   0.005   0.000 680214400
 7.83    5.50    65.477
 7.83 20.00   1.402   2.105
 7.83 20.00   3.507    70.602
 7.83 20.00   3.113   1.700   3.507   0.532
 7.83 20.00   3.116   1.693   3.507   0.525

 7.84  0.00   0.470   0.463   0.034   0.078   0.005   0.005   0.339   0.003   0.000   0.005   0.000 681083200
 7.84    5.50    65.461
 7.84 20.00   1.401   2.105
 7.84 20.00   3.506    70.593
 7.84 20.00   3.112   1.699   3.506   0.532
 7.84 20.00   3.115   1.692   3.506   0.525

 7.85  0.00   0.470   0.463   0.034   0.078   0.005   0.005   0.339   0.003   0.000   0.005   0.000 681951900
 7.85    5.49    65.445
 7.85 20.00   1.400   2.105
 7.85 20.00   3.505    70.585
 7.85 20.00   3.112   1.699   3.505   0.532
 7.85 20.00   3.114   1.692   3.505   0.525

 7.86  0.00   0.470   0.463   0.034   0.078   0.005   0.005   0.339   0.003   0.000   0.005   0.000 682820600
 7.86    5.49    65.429
 7.86 20.00   1.399   2.105
 7.86 20.00   3.504    70.576
 7.86 20.00   3.111   1.698   3.504   0.532
 7.86 20.00   3.113   1.691   3.504   0.524

 7.87  0.00   0.470   0.463   0.034   0.078   0.005   0.005   0.339   0.003   0.000   0.005   0.000 683689300
 7.87    5.49    65.413
 7.87 20.00   1.398   2.105
 7.87 20.00   3.503    70.567
 7.87 20.00   3.110   1.698   3.503   0.532
 7.87 20.00   3.113   1.691   3.503   0.524

 7.88  0.00   0.470   0.463   0.034   0.078   0.005   0.005   0.339   0.003   0.000   0.005   0.000 684558100
 7.88    5.49    65.397
 7.88 20.00   1.397   2.105
 7.88 20.00   3.502    70.559
 7.88 20.00   3.109   1.697   3.502   0.532
 7.88 20.00   3.112   1.690   3.502   0.524

 7.89  0.00   0.469   0.463   0.034   0.078   0.005   0.005   0.339   0.003   0.000   0.005   0.000 685426800
 7.89    5.49    65.381
 7.89 20.00   1.396   2.105
 7.89 20.00   3.501    70.550
 7.89 20.00   3.108   1.697   3.501   0.532
 7.89 20.00   3.111   1.690   3.501   0.524

 7.90  0.00   0.469   0.463   0.034   0.078   0.005   0.005   0.339   0.003   0.000   0.005   0.000 686295600
 7.90    5.49    65.365
 7.90 20.00   1.396   2.105
 7.90 20.00   3.500    70.541
 7.90 20.00   3.108   1.697   3.500   0.531
 7.90 20.00   3.110   1.690   3.500   0.524

 7.91  0.00   0.469   0.463   0.034   0.078   0.005   0.005   0.339   0.003   0.000   0.005   0.000 687164200
 7.91    5.49    65.349
 7.91 20.00   1.395   2.105
 7.91 20.00   3.500    70.533
 7.91 20.00   3.107   1.696   3.500   0.531
 7.91 20.00   3.109   1.689   3.500   0.524

 7.92  0.00   0.469   0.462   0.034   0.078   0.005   0.005   0.339   0.003   0.000   0.005   0.000 688033000
 7.92    5.48    65.333
 7.92 20.00   1.394   2.105
 7.92 20.00   3.499    70.524
 7.92 20.00   3.106   1.696   3.499   0.531
 7.92 20.00   3.109   1.689   3.499   0.524

 7.93  0.00   0.469   0.462   0.034   0.078   0.005   0.005   0.339   0.003   0.000   0.005   0.000 688901700
 7.93    5.48    65.318
 7.93 20.00   1.393   2.105
 7.93 20.00   3.498    70.516
 7.93 20.00   3.105   1.695   3.498   0.531
 7.93 20.00   3.108   1.688   3.498   0.524

 7.94  0.00   0.469   0.462   0.034   0.078   0.005   0.005   0.339   0.003   0.000   0.005   0.000 689770400
 7.94    5.48    65.302
 7.94 20.00   1.392   2.105
 7.94 20.00   3.497    70.507
 7.94 20.00   3.105   1.695   3.497   0.531
 7.94 20.00   3.107   1.688   3.497   0.523

 7.95  0.00   0.469   0.462   0.034   0.078   0.005   0.005   0.339   0.003   0.000   0.005   0.000 690639200
 7.95    5.48    65.286
 7.95 20.00   1.391   2.105
 7.95 20.00   3.496    70.499
 7.95 20.00   3.104   1.695   3.496   0.531
 7.95 20.00   3.106   1.687   3.496   0.523

 7.96  0.00   0.469   0.462   0.034   0.078   0.005   0.005   0.339   0.003   0.000   0.005   0.000 691507900
 7.96    5.48    65.271
 7.96 20.00   1.390   2.105
 7.96 20.00   3.495    70.490
 7.96 20.00   3.103   1.694   3.495   0.531
 7.96 20.00   3.106   1.687   3.495   0.523

 7.97  0.00   0.468   0.462   0.034   0.078   0.005   0.005   0.339   0.003   0.000   0.005   0.000 692376600
 7.97    5.48    65.255
 7.97 20.00   1.389   2.105
 7.97 20.00   3.494    70.482
 7.97 20.00   3.102   1.694   3.494   0.531
 7.97 20.00   3.105   1.687   3.494   0.523

 7.98  0.00   0.468   0.462   0.034   0.078   0.005   0.005   0.339   0.003   0.000   0.005   0.000 693245400
 7.98    5.48    65.239
 7.98 20.00   1.389   2.105
 7.98 20.00   3.494    70.473
 7.98 20.00   3.101   1.693   3.494   0.530
 7.98 20.00   3.104   1.686   3.494   0.523

 7.99  0.00   0.468   0.462   0.034   0.078   0.005   0.005   0.339   0.003   0.000   0.005   0.000 694114000
 7.99    5.47    65.224
 7.99 20.00   1.388   2.105
 7.99 20.00   3.493    70.465
 7.99 20.00   3.101   1.693   3.493   0.530
 7.99 20.00   3.103   1.686   3.493   0.523

 8.00  0.00   0.468   0.462   0.034   0.078   0.005   0.005   0.339   0.003   0.000   0.005   0.000 694982800
 8.00    5.47    65.208
 8.00 20.00   1.387   2.105
 8.00 20.00   3.492    70.456
 8.00 20.00   3.100   1.692   3.492   0.530
 8.00 20.00   3.102   1.685   3.492   0.523

 8.01  0.00   0.468   0.461   0.033   0.078   0.005   0.005   0.339   0.003   0.000   0.005   0.000 695851600
 8.01    5.47    65.193
 8.01 20.00   1.386   2.105
 8.01 20.00   3.491    70.448
 8.01 20.00   3.099   1.692   3.491   0.530
 8.01 20.00   3.102   1.685   3.491   0.523

 8.02  0.00   0.468   0.461   0.033   0.078   0.005   0.005   0.339   0.003   0.000   0.005   0.000 696720300
 8.02    5.47    65.177
 8.02 20.00   1.385   2.105
 8.02 20.00   3.490    70.439
 8.02 20.00   3.098   1.692   3.490   0.530
 8.02 20.00   3.101   1.685   3.490   0.522

 8.03  0.00   0.468   0.461   0.033   0.078   0.005   0.005   0.339   0.003   0.000   0.005   0.000 697589000
 8.03    5.47    65.162
 8.03 20.00   1.384   2.105
 8.03 20.00   3.489    70.431
 8.03 20.00   3.098   1.691   3.489   0.530
 8.03 20.00   3.100   1.684   3.489   0.522

 8.04  0.00   0.468   0.461   0.033   0.078   0.005   0.005   0.339   0.003   0.000   0.005   0.000 698457700
 8.04    5.47    65.147
 8.04 20.00   1.383   2.105
 8.04 20.00   3.488    70.423
 8.04 20.00   3.097   1.691   3.488   0.530
 8.04 20.00   3.099   1.684   3.488   0.522

 8.05  0.00   0.468   0.461   0.033   0.078   0.005   0.005   0.339   0.003   0.000   0.005   0.000 699326500
 8.05    5.47    65.131
 8.05 20.00   1.383   2.105
 8.05 20.00   3.488    70.414
 8.05 20.00   3.096   1.690   3.488   0.530
 8.05 20.00   3.099   1.683   3.488   0.522

 8.06  0.00   0.467   0.461   0.033   0.078   0.005   0.005   0.339   0.003   0.000   0.005   0.000 700195200
 8.06    5.46    65.116
 8.06 20.00   1.382   2.105
 8.06 20.00   3.487    70.406
 8.06 20.00   3.095   1.690   3.487   0.529
 8.06 20.00   3.098   1.683   3.487   0.522

 8.07  0.00   0.467   0.461   0.033   0.078   0.005   0.005   0.339   0.003   0.000   0.005   0.000 701063900
 8.07    5.46    65.101
 8.07 20.00   1.381   2.105
 8.07 20.00   3.486    70.398
 8.07 20.00   3.095   1.690   3.486   0.529
 8.07 20.00   3.097   1.683   3.486   0.522

 8.08  0.00   0.467   0.461   0.033   0.078   0.005   0.005   0.339   0.003   0.000   0.005   0.000 701932600
 8.08    5.46    65.085
 8.08 20.00   1.380   2.105
 8.08 20.00   3.485    70.389
 8.08 20.00   3.094   1.689   3.485   0.529
 8.08 20.00   3.096   1.682   3.485   0.522

 8.09  0.00   0.467   0.460   0.033   0.078   0.005   0.005   0.339   0.003   0.000   0.005   0.000 702801400
 8.09    5.46    65.070
 8.09 20.00   1.379   2.105
 8.09 20.00   3.484    70.381
 8.09 20.00   3.093   1.689   3.484   0.529
 8.09 20.00   3.096   1.682   3.484   0.521

 8.10  0.00   0.467   0.460   0.033   0.078   0.005   0.005   0.339   0.003   0.000   0.005   0.000 703670100
 8.10    5.46    65.055
 8.10 20.00   1.378   2.105
 8.10 20.00   3.483    70.373
 8.10 20.00   3.092   1.688   3.483   0.529
 8.10 20.00   3.095   1.681   3.483   0.521

 8.11  0.00   0.467   0.460   0.033   0.078   0.005   0.005   0.339   0.003   0.000   0.005   0.000 704538800
 8.11    5.46    65.040
 8.11 20.00   1.377   2.105
 8.11 20.00   3.482    70.364
 8.11 20.00   3.092   1.688   3.482   0.529
 8.11 20.00   3.094   1.681   3.482   0.521

 8.12  0.00   0.467   0.460   0.033   0.078   0.005   0.005   0.339   0.003   0.000   0.005   0.000 705407600
 8.12    5.46    65.025
 8.12 20.00   1.377   2.105
 8.12 20.00   3.482    70.356
 8.12 20.00   3.091   1.688   3.482   0.529
 8.12 20.00   3.093   1.680   3.482   0.521

 8.13  0.00   0.467   0.460   0.033   0.078   0.005   0.005   0.338   0.003   0.000   0.005   0.000 706276300
 8.13    5.46    65.010
 8.13 20.00   1.376   2.105
 8.13 20.00   3.481    70.348
 8.13 20.00   3.090   1.687   3.481   0.528
 8.13 20.00   3.093   1.680   3.481   0.521

 8.14  0.00   0.467   0.460   0.033   0.078   0.005   0.005   0.338   0.003   0.000   0.005   0.000 707145000
 8.14    5.45    64.995
 8.14 20.00   1.375   2.105
 8.14 20.00   3.480    70.340
 8.14 20.00   3.089   1.687   3.480   0.528
 8.14 20.00   3.092   1.680   3.480   0.521

 8.15  0.00   0.466   0.460   0.033   0.078   0.005   0.005   0.338   0.003   0.000   0.005   0.000 708013700
 8.15    5.45    64.980
 8.15 20.00   1.374   2.105
 8.15 20.00   3.479    70.332
 8.15 20.00   3.089   1.686   3.479   0.528
 8.15 20.00   3.091   1.679   3.479   0.521

 8.16  0.00   0.466   0.460   0.033   0.078   0.005   0.005   0.338   0.003   0.000   0.005   0.000 708882400
 8.16    5.45    64.965
 8.16 20.00   1.373   2.105
 8.16 20.00   3.478    70.323
 8.16 20.00   3.088   1.686   3.478   0.528
 8.16 20.00   3.090   1.679   3.478   0.521

 8.17  0.00   0.466   0.460   0.033   0.078   0.005   0.005   0.338   0.003   0.000   0.005   0.000 709751200
 8.17    5.45    64.950
 8.17 20.00   1.372   2.105
 8.17 20.00   3.477    70.315
 8.17 20.00   3.087   1.686   3.477   0.528
 8.17 20.00   3.090   1.678   3.477   0.521

 8.18  0.00   0.466   0.460   0.033   0.078   0.005   0.005   0.338   0.003   0.000   0.005   0.000 710620000
 8.18    5.45    64.936
 8.18 20.00   1.372   2.105
 8.18 20.00   3.477    70.307
 8.18 20.00   3.086   1.685   3.477   0.528
 8.18 20.00   3.089   1.678   3.477   0.520

 8.19  0.00   0.466   0.459   0.033   0.078   0.005   0.005   0.338   0.003   0.000   0.005   0.000 711488600
 8.19    5.45    64.921
 8.19 20.00   1.371   2.105
 8.19 20.00   3.476    70.299
 8.19 20.00   3.086   1.685   3.476   0.528
 8.19 20.00   3.088   1.678   3.476   0.520

 8.20  0.00   0.466   0.459   0.033   0.078   0.005   0.005   0.338   0.003   0.000   0.005   0.000 712357400
 8.20    5.45    64.906
 8.20 20.00   1.370   2.105
 8.20 20.00   3.475    70.291
 8.20 20.00   3.085   1.684   3.475   0.528
 8.20 20.00   3.088   1.677   3.475   0.520

 8.21  0.00   0.466   0.459   0.033   0.078   0.005   0.005   0.338   0.003   0.000   0.005   0.000 713226100
 8.21    5.45    64.891
 8.21 20.00   1.369   2.105
 8.21 20.00   3.474    70.283
 8.21 20.00   3.084   1.684   3.474   0.528
 8.21 20.00   3.087   1.677   3.474   0.520

 8.22  0.00   0.466   0.459   0.032   0.078   0.005   0.005   0.338   0.003   0.000   0.005   0.000 714094800
 8.22    5.44    64.877
 8.22 20.00   1.368   2.105
 8.22 20.00   3.473    70.275
 8.22 20.00   3.083   1.684   3.473   0.527
 8.22 20.00   3.086   1.676   3.473   0.520

 8.23  0.00   0.466   0.459   0.032   0.078   0.005   0.005   0.338   0.003   0.000   0.005   0.000 714963500
 8.23    5.44    64.862
 8.23 20.00   1.368   2.105
 8.23 20.00   3.473    70.267
 8.23 20.00   3.083   1.683   3.473   0.527
 8.23 20.00   3.085   1.676   3.473   0.520

 8.24  0.00   0.465   0.459   0.032   0.078   0.005   0.005   0.338   0.003   0.000   0.005   0.000 715832300
 8.24    5.44    64.848
 8.24 20.00   1.367   2.105
 8.24 20.00   3.472    70.258
 8.24 20.00   3.082   1.683   3.472   0.527
 8.24 20.00   3.085   1.676   3.472   0.520

 8.25  0.00   0.465   0.459   0.032   0.078   0.005   0.005   0.338   0.003   0.000   0.005   0.000 716701100
 8.25    5.44    64.833
 8.25 20.00   1.366   2.105
 8.25 20.00   3.471    70.250
 8.25 20.00   3.081   1.682   3.471   0.527
 8.25 20.00   3.084   1.675   3.471   0.520

 8.26  0.00   0.465   0.459   0.032   0.078   0.005   0.005   0.338   0.003   0.000   0.005   0.000 717569800
 8.26    5.44    64.819
 8.26 20.00   1.365   2.105
 8.26 20.00   3.470    70.242
 8.26 20.00   3.081   1.682   3.470   0.527
 8.26 20.00   3.083   1.675   3.470   0.519

 8.27  0.00   0.465   0.459   0.032   0.078   0.005   0.005   0.338   0.003   0.000   0.005   0.000 718438500
 8.27    5.44    64.804
 8.27 20.00   1.364   2.105
 8.27 20.00   3.469    70.234
 8.27 20.00   3.080   1.682   3.469   0.527
 8.27 20.00   3.082   1.675   3.469   0.519

 8.28  0.00   0.465   0.458   0.032   0.078   0.005   0.005   0.338   0.003   0.000   0.005   0.000 719307200
 8.28    5.44    64.790
 8.28 20.00   1.363   2.105
 8.28 20.00   3.468    70.226
 8.28 20.00   3.079   1.681   3.468   0.527
 8.28 20.00   3.082   1.674   3.468   0.519

 8.29  0.00   0.465   0.458   0.032   0.078   0.005   0.005   0.338   0.003   0.000   0.005   0.000 720175900
 8.29    5.44    64.775
 8.29 20.00   1.363   2.105
 8.29 20.00   3.468    70.218
 8.29 20.00   3.078   1.681   3.468   0.527
 8.29 20.00   3.081   1.674   3.468   0.519

 8.30  0.00   0.465   0.458   0.032   0.078   0.005   0.005   0.338   0.003   0.000   0.005   0.000 721044700
 8.30    5.43    64.761
 8.30 20.00   1.362   2.105
 8.30 20.00   3.467    70.210
 8.30 20.00   3.078   1.680   3.467   0.526
 8.30 20.00   3.080   1.673   3.467   0.519

 8.31  0.00   0.465   0.458   0.032   0.078   0.005   0.005   0.338   0.003   0.000   0.005   0.000 721913400
 8.31    5.43    64.747
 8.31 20.00   1.361   2.105
 8.31 20.00   3.466    70.202
 8.31 20.00   3.077   1.680   3.466   0.526
 8.31 20.00   3.080   1.673   3.466   0.519

 8.32  0.00   0.465   0.458   0.032   0.078   0.005   0.005   0.338   0.003   0.000   0.005   0.000 722782100
 8.32    5.43    64.732
 8.32 20.00   1.360   2.105
 8.32 20.00   3.465    70.194
 8.32 20.00   3.076   1.680   3.465   0.526
 8.32 20.00   3.079   1.673   3.465   0.519

 8.33  0.00   0.465   0.458   0.032   0.078   0.005   0.005   0.338   0.003   0.000   0.005   0.000 723650900
 8.33    5.43    64.718
 8.33 20.00   1.359   2.105
 8.33 20.00   3.464    70.187
 8.33 20.00   3.076   1.679   3.464   0.526
 8.33 20.00   3.078   1.672   3.464   0.519

 8.34  0.00   0.464   0.458   0.032   0.078   0.005   0.005   0.338   0.003   0.000   0.005   0.000 724519600
 8.34    5.43    64.704
 8.34 20.00   1.359   2.105
 8.34 20.00   3.464    70.179
 8.34 20.00   3.075   1.679   3.464   0.526
 8.34 20.00   3.077   1.672   3.464   0.518

 8.35  0.00   0.464   0.458   0.032   0.078   0.005   0.005   0.338   0.003   0.000   0.005   0.000 725388400
 8.35    5.43    64.690
 8.35 20.00   1.358   2.105
 8.35 20.00   3.463    70.171
 8.35 20.00   3.074   1.678   3.463   0.526
 8.35 20.00   3.077   1.671   3.463   0.518

 8.36  0.00   0.464   0.458   0.032   0.078   0.005   0.005   0.338   0.003   0.000   0.005   0.000 726257000
 8.36    5.43    64.676
 8.36 20.00   1.357   2.105
 8.36 20.00   3.462    70.163
 8.36 20.00   3.073   1.678   3.462   0.526
 8.36 20.00   3.076   1.671   3.462   0.518

 8.37  0.00   0.464   0.457   0.032   0.077   0.005   0.005   0.338   0.003   0.000   0.005   0.000 727125800
 8.37    5.43    64.662
 8.37 20.00   1.356   2.105
 8.37 20.00   3.461    70.155
 8.37 20.00   3.073   1.678   3.461   0.526
 8.37 20.00   3.075   1.671   3.461   0.518

 8.38  0.00   0.464   0.457   0.032   0.077   0.005   0.005   0.338   0.003   0.000   0.005   0.000 727994500
 8.38    5.43    64.648
 8.38 20.00   1.355   2.105
 8.38 20.00   3.460    70.147
 8.38 20.00   3.072   1.677   3.460   0.525
 8.38 20.00   3.075   1.670   3.460   0.518

 8.39  0.00   0.464   0.457   0.032   0.077   0.005   0.005   0.338   0.003   0.000   0.005   0.000 728863200
 8.39    5.42    64.634
 8.39 20.00   1.355   2.105
 8.39 20.00   3.460    70.139
 8.39 20.00   3.071   1.677   3.460   0.525
 8.39 20.00   3.074   1.670   3.460   0.518

 8.40  0.00   0.464   0.457   0.032   0.077   0.005   0.005   0.338   0.003   0.000   0.005   0.000 729731900
 8.40    5.42    64.620
 8.40 20.00   1.354   2.105
 8.40 20.00   3.459    70.132
 8.40 20.00   3.071   1.677   3.459   0.525
 8.40 20.00   3.073   1.670   3.459   0.518

 8.41  0.00   0.464   0.457   0.032   0.077   0.005   0.005   0.338   0.003   0.000   0.005   0.000 730600600
 8.41    5.42    64.606
 8.41 20.00   1.353   2.105
 8.41 20.00   3.458    70.124
 8.41 20.00   3.070   1.676   3.458   0.525
 8.41 20.00   3.072   1.669   3.458   0.518

 8.42  0.00   0.464   0.457   0.032   0.077   0.005   0.005   0.338   0.003   0.000   0.005   0.000 731469400
 8.42    5.42    64.592
 8.42 20.00   1.352   2.105
 8.42 20.00   3.457    70.116
 8.42 20.00   3.069   1.676   3.457   0.525
 8.42 20.00   3.072   1.669   3.457   0.518

 8.43  0.00   0.463   0.457   0.032   0.077   0.005   0.004   0.338   0.003   0.000   0.005   0.000 732338200
 8.43    5.42    64.578
 8.43 20.00   1.352   2.105
 8.43 20.00   3.457    70.108
 8.43 20.00   3.069   1.675   3.457   0.525
 8.43 20.00   3.071   1.668   3.457   0.517

 8.44  0.00   0.463   0.457   0.031   0.077   0.005   0.004   0.338   0.003   0.000   0.005   0.000 733206800
 8.44    5.42    64.564
 8.44 20.00   1.351   2.105
 8.44 20.00   3.456    70.100
 8.44 20.00   3.068   1.675   3.456   0.525
 8.44 20.00   3.070   1.668   3.456   0.517

 8.45  0.00   0.463   0.457   0.031   0.077   0.005   0.004   0.338   0.003   0.000   0.005   0.000 734075600
 8.45    5.42    64.550
 8.45 20.00   1.350   2.105
 8.45 20.00   3.455    70.093
 8.45 20.00   3.067   1.675   3.455   0.525
 8.45 20.00   3.070   1.668   3.455   0.517

 8.46  0.00   0.463   0.457   0.031   0.077   0.005   0.004   0.338   0.003   0.000   0.005   0.000 734944300
 8.46    5.42    64.537
 8.46 20.00   1.349   2.105
 8.46 20.00   3.454    70.085
 8.46 20.00   3.066   1.674   3.454   0.525
 8.46 20.00   3.069   1.667   3.454   0.517

 8.47  0.00   0.463   0.456   0.031   0.077   0.005   0.004   0.338   0.003   0.000   0.005   0.000 735813100
 8.47    5.42    64.523
 8.47 20.00   1.348   2.105
 8.47 20.00   3.453    70.077
 8.47 20.00   3.066   1.674   3.453   0.524
 8.47 20.00   3.068   1.667   3.453   0.517

 8.48  0.00   0.463   0.456   0.031   0.077   0.005   0.004   0.338   0.003   0.000   0.005   0.000 736681700
 8.48    5.42    64.509
 8.48 20.00   1.348   2.105
 8.48 20.00   3.453    70.069
 8.48 20.00   3.065   1.674   3.453   0.524
 8.48 20.00   3.068   1.667   3.453   0.517

 8.49  0.00   0.463   0.456   0.031   0.077   0.005   0.004   0.338   0.003   0.000   0.005   0.000 737550500
 8.49    5.41    64.496
 8.49 20.00   1.347   2.105
 8.49 20.00   3.452    70.062
 8.49 20.00   3.064   1.673   3.452   0.524
 8.49 20.00   3.067   1.666   3.452   0.517

 8.50  0.00   0.463   0.456   0.031   0.077   0.005   0.004   0.338   0.003   0.000   0.005   0.000 738419300
 8.50    5.41    64.482
 8.50 20.00   1.346   2.105
 8.50 20.00   3.451    70.054
 8.50 20.00   3.064   1.673   3.451   0.524
 8.50 20.00   3.066   1.666   3.451   0.517

 8.51  0.00   0.463   0.456   0.031   0.077   0.005   0.004   0.338   0.003   0.000   0.005   0.000 739288000
 8.51    5.41    64.469
 8.51 20.00   1.345   2.105
 8.51 20.00   3.450    70.046
 8.51 20.00   3.063   1.672   3.450   0.524
 8.51 20.00   3.066   1.665   3.450   0.516

 8.52  0.00   0.463   0.456   0.031   0.077   0.005   0.004   0.338   0.003   0.000   0.005   0.000 740156700
 8.52    5.41    64.455
 8.52 20.00   1.345   2.105
 8.52 20.00   3.450    70.039
 8.52 20.00   3.062   1.672   3.450   0.524
 8.52 20.00   3.065   1.665   3.450   0.516

 8.53  0.00   0.462   0.456   0.031   0.077   0.005   0.004   0.338   0.003   0.000   0.005   0.000 741025400
 8.53    5.41    64.442
 8.53 20.00   1.344   2.105
 8.53 20.00   3.449    70.031
 8.53 20.00   3.062   1.672   3.449   0.524
 8.53 20.00   3.064   1.665   3.449   0.516

 8.54  0.00   0.462   0.456   0.031   0.077   0.005   0.004   0.337   0.003   0.000   0.005   0.000 741894100
 8.54    5.41    64.428
 8.54 20.00   1.343   2.105
 8.54 20.00   3.448    70.024
 8.54 20.00   3.061   1.671   3.448   0.524
 8.54 20.00   3.064   1.664   3.448   0.516

 8.55  0.00   0.462   0.456   0.031   0.077   0.005   0.004   0.337   0.003   0.000   0.005   0.000 742762900
 8.55    5.41    64.415
 8.55 20.00   1.342   2.105
 8.55 20.00   3.447    70.016
 8.55 20.00   3.060   1.671   3.447   0.524
 8.55 20.00   3.063   1.664   3.447   0.516

 8.56  0.00   0.462   0.456   0.031   0.077   0.005   0.004   0.337   0.003   0.000   0.005   0.000 743631700
 8.56    5.41    64.401
 8.56 20.00   1.341   2.105
 8.56 20.00   3.446    70.008
 8.56 20.00   3.060   1.671   3.446   0.523
 8.56 20.00   3.062   1.664   3.446   0.516

 8.57  0.00   0.462   0.455   0.031   0.077   0.005   0.004   0.337   0.003   0.000   0.005   0.000 744500300
 8.57    5.41    64.388
 8.57 20.00   1.341   2.105
 8.57 20.00   3.446    70.001
 8.57 20.00   3.059   1.670   3.446   0.523
 8.57 20.00   3.061   1.663   3.446   0.516

 8.58  0.00   0.462   0.455   0.031   0.077   0.005   0.004   0.337   0.003   0.000   0.005   0.000 745369100
 8.58    5.41    64.375
 8.58 20.00   1.340   2.105
 8.58 20.00   3.445    69.993
 8.58 20.00   3.058   1.670   3.445   0.523
 8.58 20.00   3.061   1.663   3.445   0.516

 8.59  0.00   0.462   0.455   0.031   0.077   0.005   0.004   0.337   0.003   0.000   0.005   0.000 746237800
 8.59    5.40    64.361
 8.59 20.00   1.339   2.105
 8.59 20.00   3.444    69.986
 8.59 20.00   3.058   1.670   3.444   0.523
 8.59 20.00   3.060   1.662   3.444   0.516

 8.60  0.00   0.462   0.455   0.031   0.077   0.005   0.004   0.337   0.003   0.000   0.005   0.000 747106600
 8.60    5.40    64.348
 8.60 20.00   1.338   2.105
 8.60 20.00   3.443    69.978
 8.60 20.00   3.057   1.669   3.443   0.523
 8.60 20.00   3.059   1.662   3.443   0.515

 8.61  0.00   0.462   0.455   0.031   0.077   0.005   0.004   0.337   0.003   0.000   0.005   0.000 747975200
 8.61    5.40    64.329
 8.61 20.00   1.338   2.105
 8.61 20.00   3.443    69.971
 8.61 20.00   3.056   1.669   3.443   0.523
 8.61 20.00   3.059   1.662   3.443   0.515

 8.62  0.00   0.462   0.455   0.031   0.077   0.005   0.004   0.337   0.003   0.000   0.005   0.000 748844000
 8.62    5.40    64.314
 8.62 20.00   1.337   2.105
 8.62 20.00   3.442    69.963
 8.62 20.00   3.056   1.668   3.442   0.523
 8.62 20.00   3.058   1.661   3.442   0.515

 8.63  0.00   0.462   0.455   0.031   0.077   0.005   0.004   0.337   0.003   0.000   0.005   0.000 749712700
 8.63    5.40    64.298
 8.63 20.00   1.336   2.105
 8.63 20.00   3.441    69.956
 8.63 20.00   3.055   1.668   3.441   0.523
 8.63 20.00   3.057   1.661   3.441   0.515

 8.64  0.00   0.461   0.455   0.031   0.077   0.005   0.004   0.337   0.003   0.000   0.004   0.000 750581400
 8.64    5.39    64.282
 8.64 20.00   1.335   2.105
 8.64 20.00   3.440    69.948
 8.64 20.00   3.054   1.668   3.440   0.523
 8.64 20.00   3.057   1.661   3.440   0.515

 8.65  0.00   0.461   0.455   0.031   0.077   0.005   0.004   0.337   0.003   0.000   0.004   0.000 751450100
 8.65    5.39    64.266
 8.65 20.00   1.335   2.105
 8.65 20.00   3.440    69.941
 8.65 20.00   3.054   1.667   3.440   0.522
 8.65 20.00   3.056   1.660   3.440   0.515

 8.66  0.00   0.461   0.455   0.031   0.077   0.005   0.004   0.337   0.003   0.000   0.004   0.000 752318900
 8.66    5.39    64.250
 8.66 20.00   1.334   2.105
 8.66 20.00   3.439    69.933
 8.66 20.00   3.053   1.667   3.439   0.522
 8.66 20.00   3.055   1.660   3.439   0.515

 8.67  0.00   0.461   0.454   0.030   0.077   0.005   0.004   0.337   0.003   0.000   0.004   0.000 753187600
 8.67    5.39    64.234
 8.67 20.00   1.333   2.105
 8.67 20.00   3.438    69.926
 8.67 20.00   3.052   1.667   3.438   0.522
 8.67 20.00   3.055   1.660   3.438   0.515

 8.68  0.00   0.461   0.454   0.030   0.077   0.005   0.004   0.337   0.003   0.000   0.004   0.000 754056400
 8.68    5.38    64.218
 8.68 20.00   1.332   2.105
 8.68 20.00   3.437    69.918
 8.68 20.00   3.052   1.666   3.437   0.522
 8.68 20.00   3.054   1.659   3.437   0.515

 8.69  0.00   0.461   0.454   0.030   0.077   0.005   0.004   0.337   0.003   0.000   0.004   0.000 754925100
 8.69    5.38    64.202
 8.69 20.00   1.332   2.105
 8.69 20.00   3.437    69.911
 8.69 20.00   3.051   1.666   3.437   0.522
 8.69 20.00   3.053   1.659   3.437   0.514

 8.70  0.00   0.461   0.454   0.030   0.077   0.005   0.004   0.337   0.003   0.000   0.004   0.000 755793800
 8.70    5.38    64.187
 8.70 20.00   1.331   2.105
 8.70 20.00   3.436    69.904
 8.70 20.00   3.050   1.666   3.436   0.522
 8.70 20.00   3.053   1.659   3.436   0.514

 8.71  0.00   0.461   0.454   0.030   0.077   0.005   0.004   0.337   0.003   0.000   0.004   0.000 756662500
 8.71    5.38    64.171
 8.71 20.00   1.330   2.105
 8.71 20.00   3.435    69.896
 8.71 20.00   3.050   1.665   3.435   0.522
 8.71 20.00   3.052   1.658   3.435   0.514

 8.72  0.00   0.461   0.454   0.030   0.077   0.004   0.004   0.337   0.003   0.000   0.004   0.000 757531300
 8.72    5.38    64.155
 8.72 20.00   1.329   2.105
 8.72 20.00   3.434    69.889
 8.72 20.00   3.049   1.665   3.434   0.522
 8.72 20.00   3.051   1.658   3.434   0.514

 8.73  0.00   0.461   0.454   0.030   0.077   0.004   0.004   0.337   0.003   0.000   0.004   0.000 758399900
 8.73    5.37    64.139
 8.73 20.00   1.329   2.105
 8.73 20.00   3.434    69.881
 8.73 20.00   3.048   1.664   3.434   0.522
 8.73 20.00   3.051   1.657   3.434   0.514

 8.74  0.00   0.460   0.454   0.030   0.077   0.004   0.004   0.337   0.003   0.000   0.004   0.000 759268700
 8.74    5.37    64.124
 8.74 20.00   1.328   2.105
 8.74 20.00   3.433    69.874
 8.74 20.00   3.048   1.664   3.433   0.521
 8.74 20.00   3.050   1.657   3.433   0.514

 8.75  0.00   0.460   0.454   0.030   0.077   0.004   0.004   0.337   0.003   0.000   0.004   0.000 760137500
 8.75    5.37    64.108
 8.75 20.00   1.327   2.105
 8.75 20.00   3.432    69.867
 8.75 20.00   3.047   1.664   3.432   0.521
 8.75 20.00   3.049   1.657   3.432   0.514

 8.76  0.00   0.460   0.454   0.030   0.077   0.004   0.004   0.337   0.003   0.000   0.004   0.000 761006200
 8.76    5.37    64.092
 8.76 20.00   1.326   2.105
 8.76 20.00   3.431    69.859
 8.76 20.00   3.046   1.663   3.431   0.521
 8.76 20.00   3.049   1.656   3.431   0.514

 8.77  0.00   0.460   0.454   0.030   0.077   0.004   0.004   0.337   0.003   0.000   0.004   0.000 761874900
 8.77    5.37    64.077
 8.77 20.00   1.326   2.105
 8.77 20.00   3.431    69.852
 8.77 20.00   3.046   1.663   3.431   0.521
 8.77 20.00   3.048   1.656   3.431   0.514

 8.78  0.00   0.460   0.453   0.030   0.077   0.004   0.004   0.337   0.003   0.000   0.004   0.000 762743600
 8.78    5.36    64.061
 8.78 20.00   1.325   2.105
 8.78 20.00   3.430    69.845
 8.78 20.00   3.045   1.663   3.430   0.521
 8.78 20.00   3.048   1.656   3.430   0.514

 8.79  0.00   0.460   0.453   0.030   0.077   0.004   0.004   0.337   0.003   0.000   0.004   0.000 763612400
 8.79    5.36    64.045
 8.79 20.00   1.324   2.105
 8.79 20.00   3.429    69.838
 8.79 20.00   3.044   1.662   3.429   0.521
 8.79 20.00   3.047   1.655   3.429   0.513

 8.80  0.00   0.460   0.453   0.030   0.077   0.004   0.004   0.337   0.003   0.000   0.004   0.000 764481100
 8.80    5.36    64.030
 8.80 20.00   1.324   2.105
 8.80 20.00   3.429    69.830
 8.80 20.00   3.044   1.662   3.429   0.521
 8.80 20.00   3.046   1.655   3.429   0.513

 8.81  0.00   0.460   0.453   0.030   0.077   0.004   0.004   0.337   0.003   0.000   0.004   0.000 765349900
 8.81    5.36    64.014
 8.81 20.00   1.323   2.105
 8.81 20.00   3.428    69.823
 8.81 20.00   3.043   1.662   3.428   0.521
 8.81 20.00   3.046   1.655   3.428   0.513

 8.82  0.00   0.460   0.453   0.030   0.077   0.004   0.004   0.337   0.003   0.000   0.004   0.000 766218500
 8.82    5.36    63.999
 8.82 20.00   1.322   2.105
 8.82 20.00   3.427    69.816
 8.82 20.00   3.042   1.661   3.427   0.521
 8.82 20.00   3.045   1.654   3.427   0.513

 8.83  0.00   0.460   0.453   0.030   0.077   0.004   0.004   0.337   0.003   0.000   0.004   0.000 767087300
 8.83    5.35    63.983
 8.83 20.00   1.321   2.105
 8.83 20.00   3.426    69.809
 8.83 20.00   3.042   1.661   3.426   0.520
 8.83 20.00   3.044   1.654   3.426   0.513

 8.84  0.00   0.460   0.453   0.030   0.077   0.004   0.004   0.337   0.003   0.000   0.004   0.000 767956000
 8.84    5.35    63.968
 8.84 20.00   1.321   2.105
 8.84 20.00   3.426    69.801
 8.84 20.00   3.041   1.661   3.426   0.520
 8.84 20.00   3.044   1.654   3.426   0.513

 8.85  0.00   0.459   0.453   0.030   0.077   0.004   0.004   0.337   0.003   0.000   0.004   0.000 768824800
 8.85    5.35    63.952
 8.85 20.00   1.320   2.105
 8.85 20.00   3.425    69.794
 8.85 20.00   3.040   1.660   3.425   0.520
 8.85 20.00   3.043   1.653   3.425   0.513

 8.86  0.00   0.459   0.453   0.030   0.077   0.004   0.004   0.337   0.003   0.000   0.004   0.000 769693400
 8.86    5.35    63.937
 8.86 20.00   1.319   2.105
 8.86 20.00   3.424    69.787
 8.86 20.00   3.040   1.660   3.424   0.520
 8.86 20.00   3.042   1.653   3.424   0.513

 8.87  0.00   0.459   0.453   0.030   0.077   0.004   0.004   0.337   0.003   0.000   0.004   0.000 770562200
 8.87    5.35    63.922
 8.87 20.00   1.319   2.105
 8.87 20.00   3.423    69.780
 8.87 20.00   3.039   1.660   3.423   0.520
 8.87 20.00   3.042   1.653   3.423   0.513

 8.88  0.00   0.459   0.453   0.030   0.077   0.004   0.004   0.337   0.003   0.000   0.004   0.000 771430900
 8.88    5.34    63.906
 8.88 20.00   1.318   2.105
 8.88 20.00   3.423    69.773
 8.88 20.00   3.039   1.659   3.423   0.520
 8.88 20.00   3.041   1.652   3.423   0.512

 8.89  0.00   0.459   0.452   0.030   0.077   0.004   0.004   0.337   0.003   0.000   0.004   0.000 772299700
 8.89    5.34    63.891
 8.89 20.00   1.317   2.105
 8.89 20.00   3.422    69.766
 8.89 20.00   3.038   1.659   3.422   0.520
 8.89 20.00   3.040   1.652   3.422   0.512

 8.90  0.00   0.459   0.452   0.030   0.077   0.004   0.004   0.337   0.003   0.000   0.004   0.000 773168300
 8.90    5.34    63.875
 8.90 20.00   1.316   2.105
 8.90 20.00   3.421    69.758
 8.90 20.00   3.037   1.659   3.421   0.520
 8.90 20.00   3.040   1.652   3.421   0.512

 8.91  0.00   0.459   0.452   0.030   0.077   0.004   0.004   0.337   0.003   0.000   0.004   0.000 774037100
 8.91    5.34    63.860
 8.91 20.00   1.316   2.105
 8.91 20.00   3.421    69.751
 8.91 20.00   3.037   1.658   3.421   0.520
 8.91 20.00   3.039   1.651   3.421   0.512

 8.92  0.00   0.459   0.452   0.029   0.077   0.004   0.004   0.337   0.003   0.000   0.004   0.000 774905900
 8.92    5.33    63.845
 8.92 20.00   1.315   2.105
 8.92 20.00   3.420    69.744
 8.92 20.00   3.036   1.658   3.420   0.520
 8.92 20.00   3.039   1.651   3.420   0.512

 8.93  0.00   0.459   0.452   0.029   0.077   0.004   0.004   0.337   0.003   0.000   0.004   0.000 775774600
 8.93    5.33    63.830
 8.93 20.00   1.314   2.105
 8.93 20.00   3.419    69.737
 8.93 20.00   3.035   1.658   3.419   0.519
 8.93 20.00   3.038   1.651   3.419   0.512

 8.94  0.00   0.459   0.452   0.029   0.077   0.004   0.004   0.337   0.003   0.000   0.004   0.000 776643300
 8.94    5.33    63.814
 8.94 20.00   1.314   2.105
 8.94 20.00   3.419    69.730
 8.94 20.00   3.035   1.657   3.419   0.519
 8.94 20.00   3.037   1.650   3.419   0.512

 8.95  0.00   0.459   0.452   0.029   0.077   0.004   0.004   0.337   0.003   0.000   0.004   0.000 777512000
 8.95    5.33    63.799
 8.95 20.00   1.313   2.105
 8.95 20.00   3.418    69.723
 8.95 20.00   3.034   1.657   3.418   0.519
 8.95 20.00   3.037   1.650   3.418   0.512

 8.96  0.00   0.458   0.452   0.029   0.077   0.004   0.004   0.337   0.003   0.000   0.004   0.000 778380700
 8.96    5.33    63.784
 8.96 20.00   1.312   2.105
 8.96 20.00   3.417    69.716
 8.96 20.00   3.033   1.657   3.417   0.519
 8.96 20.00   3.036   1.650   3.417   0.512

 8.97  0.00   0.458   0.452   0.029   0.077   0.004   0.004   0.337   0.003   0.000   0.004   0.000 779249500
 8.97    5.32    63.769
 8.97 20.00   1.311   2.105
 8.97 20.00   3.416    69.709
 8.97 20.00   3.033   1.656   3.416   0.519
 8.97 20.00   3.035   1.649   3.416   0.512

 8.98  0.00   0.458   0.452   0.029   0.077   0.004   0.004   0.337   0.003   0.000   0.004   0.000 780118100
 8.98    5.32    63.753
 8.98 20.00   1.311   2.105
 8.98 20.00   3.416    69.702
 8.98 20.00   3.032   1.656   3.416   0.519
 8.98 20.00   3.035   1.649   3.416   0.511

 8.99  0.00   0.458   0.452   0.029   0.077   0.004   0.004   0.336   0.003   0.000   0.004   0.000 780986900
 8.99    5.32    63.738
 8.99 20.00   1.310   2.105
 8.99 20.00   3.415    69.695
 8.99 20.00   3.032   1.656   3.415   0.519
 8.99 20.00   3.034   1.649   3.415   0.511

 9.00  0.00   0.458   0.451   0.029   0.077   0.004   0.004   0.336   0.003   0.000   0.004   0.000 781855700
 9.00    5.32    63.723
 9.00 20.00   1.309   2.105
 9.00 20.00   3.414    69.688
 9.00 20.00   3.031   1.655   3.414   0.519
 9.00 20.00   3.034   1.648   3.414   0.511

 9.01  0.00   0.458   0.451   0.029   0.077   0.004   0.004   0.336   0.003   0.000   0.004   0.000 782724400
 9.01    5.32    63.708
 9.01 20.00   1.309   2.105
 9.01 20.00   3.414    69.681
 9.01 20.00   3.030   1.655   3.414   0.519
 9.01 20.00   3.033   1.648   3.414   0.511

 9.02  0.00   0.458   0.451   0.029   0.077   0.004   0.004   0.336   0.003   0.000   0.004   0.000 783593200
 9.02    5.31    63.693
 9.02 20.00   1.308   2.105
 9.02 20.00   3.413    69.674
 9.02 20.00   3.030   1.655   3.413   0.519
 9.02 20.00   3.032   1.647   3.413   0.511

 9.03  0.00   0.458   0.451   0.029   0.077   0.004   0.004   0.336   0.003   0.000   0.004   0.000 784461800
 9.03    5.31    63.678
 9.03 20.00   1.307   2.105
 9.03 20.00   3.412    69.667
 9.03 20.00   3.029   1.654   3.412   0.518
 9.03 20.00   3.032   1.647   3.412   0.511

 9.04  0.00   0.458   0.451   0.029   0.077   0.004   0.004   0.336   0.003   0.000   0.004   0.000 785330600
 9.04    5.31    63.663
 9.04 20.00   1.307   2.105
 9.04 20.00   3.412    69.660
 9.04 20.00   3.028   1.654   3.412   0.518
 9.04 20.00   3.031   1.647   3.412   0.511

 9.05  0.00   0.458   0.451   0.029   0.077   0.004   0.004   0.336   0.003   0.000   0.004   0.000 786199300
 9.05    5.31    63.648
 9.05 20.00   1.306   2.105
 9.05 20.00   3.411    69.653
 9.05 20.00   3.028   1.654   3.411   0.518
 9.05 20.00   3.030   1.647   3.411   0.511

 9.06  0.00   0.458   0.451   0.029   0.077   0.004   0.004   0.336   0.003   0.000   0.004   0.000 787068100
 9.06    5.31    63.633
 9.06 20.00   1.305   2.105
 9.06 20.00   3.410    69.646
 9.06 20.00   3.027   1.653   3.410   0.518
 9.06 20.00   3.030   1.646   3.410   0.511

 9.07  0.00   0.457   0.451   0.029   0.077   0.004   0.004   0.336   0.003   0.000   0.004   0.000 787936800
 9.07    5.30    63.618
 9.07 20.00   1.304   2.105
 9.07 20.00   3.409    69.639
 9.07 20.00   3.027   1.653   3.409   0.518
 9.07 20.00   3.029   1.646   3.409   0.511

 9.08  0.00   0.457   0.451   0.029   0.077   0.004   0.004   0.336   0.003   0.000   0.004   0.000 788805500
 9.08    5.30    63.603
 9.08 20.00   1.304   2.105
 9.08 20.00   3.409    69.632
 9.08 20.00   3.026   1.653   3.409   0.518
 9.08 20.00   3.029   1.646   3.409   0.510

 9.09  0.00   0.457   0.451   0.029   0.077   0.004   0.004   0.336   0.003   0.000   0.004   0.000 789674200
 9.09    5.30    63.588
 9.09 20.00   1.303   2.105
 9.09 20.00   3.408    69.625
 9.09 20.00   3.025   1.652   3.408   0.518
 9.09 20.00   3.028   1.645   3.408   0.510

 9.10  0.00   0.457   0.451   0.029   0.077   0.004   0.004   0.336   0.003   0.000   0.004   0.000 790543000
 9.10    5.30    63.573
 9.10 20.00   1.302   2.105
 9.10 20.00   3.407    69.618
 9.10 20.00   3.025   1.652   3.407   0.518
 9.10 20.00   3.027   1.645   3.407   0.510

 9.11  0.00   0.457   0.450   0.029   0.077   0.004   0.004   0.336   0.003   0.000   0.004   0.000 791411600
 9.11    5.30    63.558
 9.11 20.00   1.302   2.105
 9.11 20.00   3.407    69.612
 9.11 20.00   3.024   1.652   3.407   0.518
 9.11 20.00   3.027   1.645   3.407   0.510

 9.12  0.00   0.457   0.450   0.029   0.077   0.004   0.004   0.336   0.003   0.000   0.004   0.000 792280400
 9.12    5.29    63.543
 9.12 20.00   1.301   2.105
 9.12 20.00   3.406    69.605
 9.12 20.00   3.024   1.651   3.406   0.518
 9.12 20.00   3.026   1.644   3.406   0.510

 9.13  0.00   0.457   0.450   0.029   0.077   0.004   0.004   0.336   0.003   0.000   0.004   0.000 793149100
 9.13    5.29    63.528
 9.13 20.00   1.300   2.105
 9.13 20.00   3.405    69.598
 9.13 20.00   3.023   1.651   3.405   0.517
 9.13 20.00   3.026   1.644   3.405   0.510

 9.14  0.00   0.457   0.450   0.029   0.077   0.004   0.004   0.336   0.003   0.000   0.004   0.000 794017900
 9.14    5.29    63.514
 9.14 20.00   1.300   2.105
 9.14 20.00   3.405    69.591
 9.14 20.00   3.022   1.651   3.405   0.517
 9.14 20.00   3.025   1.644   3.405   0.510

 9.15  0.00   0.457   0.450   0.029   0.077   0.004   0.004   0.336   0.003   0.000   0.004   0.000 794886600
 9.15    5.29    63.499
 9.15 20.00   1.299   2.105
 9.15 20.00   3.404    69.584
 9.15 20.00   3.022   1.650   3.404   0.517
 9.15 20.00   3.024   1.643   3.404   0.510

 9.16  0.00   0.457   0.450   0.029   0.077   0.004   0.004   0.336   0.003   0.000   0.004   0.000 795755300
 9.16    5.29    63.484
 9.16 20.00   1.298   2.105
 9.16 20.00   3.403    69.577
 9.16 20.00   3.021   1.650   3.403   0.517
 9.16 20.00   3.024   1.643   3.403   0.510

 9.17  0.00   0.457   0.450   0.029   0.077   0.004   0.004   0.336   0.003   0.000   0.004   0.000 796624100
 9.17    5.29    63.469
 9.17 20.00   1.298   2.105
 9.17 20.00   3.403    69.571
 9.17 20.00   3.021   1.650   3.403   0.517
 9.17 20.00   3.023   1.643   3.403   0.510

 9.18  0.00   0.456   0.450   0.028   0.077   0.004   0.004   0.336   0.003   0.000   0.004   0.000 797492800
 9.18    5.28    63.455
 9.18 20.00   1.297   2.105
 9.18 20.00   3.402    69.564
 9.18 20.00   3.020   1.649   3.402   0.517
 9.18 20.00   3.023   1.642   3.402   0.509

 9.19  0.00   0.456   0.450   0.028   0.077   0.004   0.004   0.336   0.003   0.000   0.004   0.000 798361500
 9.19    5.28    63.440
 9.19 20.00   1.296   2.105
 9.19 20.00   3.401    69.557
 9.19 20.00   3.019   1.649   3.401   0.517
 9.19 20.00   3.022   1.642   3.401   0.509

 9.20  0.00   0.456   0.450   0.028   0.077   0.004   0.004   0.336   0.003   0.000   0.004   0.000 799230200
 9.20    5.28    63.425
 9.20 20.00   1.296   2.105
 9.20 20.00   3.401    69.550
 9.20 20.00   3.019   1.649   3.401   0.517
 9.20 20.00   3.021   1.642   3.401   0.509

 9.21  0.00   0.456   0.450   0.028   0.077   0.004   0.004   0.336   0.003   0.000   0.004   0.000 800098900
 9.21    5.28    63.410
 9.21 20.00   1.295   2.105
 9.21 20.00   3.400    69.544
 9.21 20.00   3.018   1.648   3.400   0.517
 9.21 20.00   3.021   1.641   3.400   0.509

 9.22  0.00   0.456   0.450   0.028   0.077   0.004   0.004   0.336   0.003   0.000   0.004   0.000 800967700
 9.22    5.28    63.396
 9.22 20.00   1.294   2.105
 9.22 20.00   3.399    69.537
 9.22 20.00   3.018   1.648   3.399   0.517
 9.22 20.00   3.020   1.641   3.399   0.509

 9.23  0.00   0.456   0.449   0.028   0.077   0.004   0.004   0.336   0.003   0.000   0.004   0.000 801836400
 9.23    5.27    63.381
 9.23 20.00   1.294   2.105
 9.23 20.00   3.399    69.530
 9.23 20.00   3.017   1.648   3.399   0.516
 9.23 20.00   3.020   1.641   3.399   0.509

 9.24  0.00   0.456   0.449   0.028   0.077   0.004   0.004   0.336   0.003   0.000   0.004   0.000 802705200
 9.24    5.27    63.366
 9.24 20.00   1.293   2.105
 9.24 20.00   3.398    69.523
 9.24 20.00   3.016   1.647   3.398   0.516
 9.24 20.00   3.019   1.640   3.398   0.509

 9.25  0.00   0.456   0.449   0.028   0.077   0.004   0.004   0.336   0.003   0.000   0.004   0.000 803573900
 9.25    5.27    63.352
 9.25 20.00   1.292   2.105
 9.25 20.00   3.397    69.517
 9.25 20.00   3.016   1.647   3.397   0.516
 9.25 20.00   3.018   1.640   3.397   0.509

 9.26  0.00   0.456   0.449   0.028   0.077   0.004   0.004   0.336   0.003   0.000   0.004   0.000 804442600
 9.26    5.27    63.337
 9.26 20.00   1.292   2.105
 9.26 20.00   3.397    69.510
 9.26 20.00   3.015   1.647   3.397   0.516
 9.26 20.00   3.018   1.640   3.397   0.509

 9.27  0.00   0.456   0.449   0.028   0.077   0.004   0.004   0.336   0.003   0.000   0.004   0.000 805311400
 9.27    5.27    63.323
 9.27 20.00   1.291   2.105
 9.27 20.00   3.396    69.503
 9.27 20.00   3.015   1.646   3.396   0.516
 9.27 20.00   3.017   1.639   3.396   0.509

 9.28  0.00   0.456   0.449   0.028   0.077   0.004   0.004   0.336   0.003   0.000   0.004   0.000 806180000
 9.28    5.26    63.308
 9.28 20.00   1.290   2.105
 9.28 20.00   3.395    69.497
 9.28 20.00   3.014   1.646   3.395   0.516
 9.28 20.00   3.017   1.639   3.395   0.509

 9.29  0.00   0.456   0.449   0.028   0.077   0.004   0.004   0.336   0.003   0.000   0.004   0.000 807048800
 9.29    5.26    63.294
 9.29 20.00   1.290   2.105
 9.29 20.00   3.395    69.490
 9.29 20.00   3.013   1.646   3.395   0.516
 9.29 20.00   3.016   1.639   3.395   0.508

 9.30  0.00   0.455   0.449   0.028   0.077   0.004   0.004   0.336   0.003   0.000   0.004   0.000 807917600
 9.30    5.26    63.279
 9.30 20.00   1.289   2.105
 9.30 20.00   3.394    69.483
 9.30 20.00   3.013   1.645   3.394   0.516
 9.30 20.00   3.015   1.638   3.394   0.508

 9.31  0.00   0.455   0.449   0.028   0.077   0.004   0.004   0.336   0.003   0.000   0.004   0.000 808786300
 9.31    5.26    63.265
 9.31 20.00   1.288   2.105
 9.31 20.00   3.393    69.477
 9.31 20.00   3.012   1.645   3.393   0.516
 9.31 20.00   3.015   1.638   3.393   0.508

 9.32  0.00   0.455   0.449   0.028   0.077   0.004   0.004   0.336   0.003   0.000   0.004   0.000 809655000
 9.32    5.26    63.250
 9.32 20.00   1.288   2.105
 9.32 20.00   3.393    69.470
 9.32 20.00   3.012   1.645   3.393   0.516
 9.32 20.00   3.014   1.638   3.393   0.508

 9.33  0.00   0.455   0.449   0.028   0.077   0.004   0.004   0.336   0.003   0.000   0.004   0.000 810523700
 9.33    5.25    63.236
 9.33 20.00   1.287   2.105
 9.33 20.00   3.392    69.463
 9.33 20.00   3.011   1.645   3.392   0.516
 9.33 20.00   3.014   1.638   3.392   0.508

 9.34  0.00   0.455   0.449   0.028   0.077   0.004   0.004   0.336   0.003   0.000   0.004   0.000 811392400
 9.34    5.25    63.221
 9.34 20.00   1.286   2.105
 9.34 20.00   3.391    69.457
 9.34 20.00   3.010   1.644   3.391   0.515
 9.34 20.00   3.013   1.637   3.391   0.508

 9.35  0.00   0.455   0.448   0.028   0.077   0.004   0.004   0.336   0.003   0.000   0.004   0.000 812261200
 9.35    5.25    63.207
 9.35 20.00   1.286   2.105
 9.35 20.00   3.391    69.450
 9.35 20.00   3.010   1.644   3.391   0.515
 9.35 20.00   3.012   1.637   3.391   0.508

 9.36  0.00   0.455   0.448   0.028   0.077   0.004   0.004   0.336   0.003   0.000   0.004   0.000 813129900
 9.36    5.25    63.192
 9.36 20.00   1.285   2.105
 9.36 20.00   3.390    69.444
 9.36 20.00   3.009   1.644   3.390   0.515
 9.36 20.00   3.012   1.637   3.390   0.508

 9.37  0.00   0.455   0.448   0.028   0.077   0.004   0.004   0.336   0.003   0.000   0.004   0.000 813998600
 9.37    5.25    63.178
 9.37 20.00   1.284   2.105
 9.37 20.00   3.389    69.437
 9.37 20.00   3.009   1.643   3.389   0.515
 9.37 20.00   3.011   1.636   3.389   0.508

 9.38  0.00   0.455   0.448   0.028   0.077   0.004   0.004   0.336   0.003   0.000   0.004   0.000 814867400
 9.38    5.25    63.164
 9.38 20.00   1.284   2.105
 9.38 20.00   3.389    69.431
 9.38 20.00   3.008   1.643   3.389   0.515
 9.38 20.00   3.011   1.636   3.389   0.508

 9.39  0.00   0.455   0.448   0.028   0.077   0.004   0.004   0.336   0.003   0.000   0.004   0.000 815736100
 9.39    5.24    63.149
 9.39 20.00   1.283   2.105
 9.39 20.00   3.388    69.424
 9.39 20.00   3.008   1.643   3.388   0.515
 9.39 20.00   3.010   1.636   3.388   0.507

 9.40  0.00   0.455   0.448   0.028   0.077   0.004   0.004   0.336   0.003   0.000   0.004   0.000 816604800
 9.40    5.24    63.135
 9.40 20.00   1.282   2.105
 9.40 20.00   3.387    69.418
 9.40 20.00   3.007   1.642   3.387   0.515
 9.40 20.00   3.010   1.635   3.387   0.507

 9.41  0.00   0.455   0.448   0.028   0.077   0.004   0.004   0.336   0.003   0.000   0.004   0.000 817473500
 9.41    5.24    63.121
 9.41 20.00   1.282   2.105
 9.41 20.00   3.387    69.411
 9.41 20.00   3.006   1.642   3.387   0.515
 9.41 20.00   3.009   1.635   3.387   0.507

 9.42  0.00   0.454   0.448   0.028   0.077   0.004   0.004   0.336   0.003   0.000   0.004   0.000 818342300
 9.42    5.24    63.107
 9.42 20.00   1.281   2.105
 9.42 20.00   3.386    69.405
 9.42 20.00   3.006   1.642   3.386   0.515
 9.42 20.00   3.008   1.635   3.386   0.507

 9.43  0.00   0.454   0.448   0.028   0.077   0.004   0.004   0.336   0.003   0.000   0.004   0.000 819211000
 9.43    5.24    63.092
 9.43 20.00   1.280   2.105
 9.43 20.00   3.385    69.398
 9.43 20.00   3.005   1.641   3.385   0.515
 9.43 20.00   3.008   1.634   3.385   0.507

 9.44  0.00   0.454   0.448   0.028   0.077   0.004   0.004   0.336   0.003   0.000   0.004   0.000 820079700
 9.44    5.23    63.078
 9.44 20.00   1.280   2.105
 9.44 20.00   3.385    69.392
 9.44 20.00   3.005   1.641   3.385   0.515
 9.44 20.00   3.007   1.634   3.385   0.507

 9.45  0.00   0.454   0.448   0.028   0.077   0.004   0.004   0.336   0.003   0.000   0.004   0.000 820948400
 9.45    5.23    63.064
 9.45 20.00   1.279   2.105
 9.45 20.00   3.384    69.385
 9.45 20.00   3.004   1.641   3.384   0.514
 9.45 20.00   3.007   1.634   3.384   0.507

 9.46  0.00   0.454   0.448   0.027   0.077   0.004   0.004   0.336   0.003   0.000   0.004   0.000 821817200
 9.46    5.23    63.050
 9.46 20.00   1.279   2.105
 9.46 20.00   3.384    69.379
 9.46 20.00   3.004   1.641   3.384   0.514
 9.46 20.00   3.006   1.633   3.384   0.507

 9.47  0.00   0.454   0.447   0.027   0.077   0.004   0.004   0.336   0.003   0.000   0.004   0.000 822686000
 9.47    5.23    63.036
 9.47 20.00   1.278   2.105
 9.47 20.00   3.383    69.372
 9.47 20.00   3.003   1.640   3.383   0.514
 9.47 20.00   3.006   1.633   3.383   0.507

 9.48  0.00   0.454   0.447   0.027   0.077   0.004   0.004   0.336   0.003   0.000   0.004   0.000 823554600
 9.48    5.23    63.021
 9.48 20.00   1.277   2.105
 9.48 20.00   3.382    69.366
 9.48 20.00   3.002   1.640   3.382   0.514
 9.48 20.00   3.005   1.633   3.382   0.507

 9.49  0.00   0.454   0.447   0.027   0.077   0.004   0.004   0.335   0.003   0.000   0.004   0.000 824423400
 9.49    5.22    63.007
 9.49 20.00   1.277   2.105
 9.49 20.00   3.382    69.359
 9.49 20.00   3.002   1.640   3.382   0.514
 9.49 20.00   3.004   1.633   3.382   0.507

 9.50  0.00   0.454   0.447   0.027   0.077   0.004   0.004   0.335   0.003   0.000   0.004   0.000 825292100
 9.50    5.22    62.993
 9.50 20.00   1.276   2.105
 9.50 20.00   3.381    69.353
 9.50 20.00   3.001   1.639   3.381   0.514
 9.50 20.00   3.004   1.632   3.381   0.506

 9.51  0.00   0.454   0.447   0.027   0.077   0.004   0.004   0.335   0.003   0.000   0.004   0.000 826160800
 9.51    5.22    62.979
 9.51 20.00   1.275   2.105
 9.51 20.00   3.380    69.346
 9.51 20.00   3.001   1.639   3.380   0.514
 9.51 20.00   3.003   1.632   3.380   0.506

 9.52  0.00   0.454   0.447   0.027   0.077   0.004   0.004   0.335   0.002   0.000   0.004   0.000 827029600
 9.52    5.22    62.965
 9.52 20.00   1.275   2.105
 9.52 20.00   3.380    69.340
 9.52 20.00   3.000   1.639   3.380   0.514
 9.52 20.00   3.003   1.632   3.380   0.506

 9.53  0.00   0.454   0.447   0.027   0.077   0.004   0.004   0.335   0.002   0.000   0.004   0.000 827898200
 9.53    5.22    62.951
 9.53 20.00   1.274   2.105
 9.53 20.00   3.379    69.334
 9.53 20.00   3.000   1.638   3.379   0.514
 9.53 20.00   3.002   1.631   3.379   0.506

 9.54  0.00   0.454   0.447   0.027   0.077   0.004   0.004   0.335   0.002   0.000   0.004   0.000 828767000
 9.54    5.22    62.937
 9.54 20.00   1.273   2.105
 9.54 20.00   3.378    69.327
 9.54 20.00   2.999   1.638   3.378   0.514
 9.54 20.00   3.002   1.631   3.378   0.506

 9.55  0.00   0.453   0.447   0.027   0.077   0.004   0.004   0.335   0.002   0.000   0.004   0.000 829635800
 9.55    5.21    62.923
 9.55 20.00   1.273   2.105
 9.55 20.00   3.378    69.321
 9.55 20.00   2.998   1.638   3.378   0.514
 9.55 20.00   3.001   1.631   3.378   0.506

 9.56  0.00   0.453   0.447   0.027   0.077   0.004   0.004   0.335   0.002   0.000   0.004   0.000 830504500
 9.56    5.21    62.909
 9.56 20.00   1.272   2.105
 9.56 20.00   3.377    69.315
 9.56 20.00   2.998   1.638   3.377   0.513
 9.56 20.00   3.000   1.630   3.377   0.506

 9.57  0.00   0.453   0.447   0.027   0.077   0.004   0.004   0.335   0.002   0.000   0.004   0.000 831373200
 9.57    5.21    62.895
 9.57 20.00   1.272   2.105
 9.57 20.00   3.377    69.308
 9.57 20.00   2.997   1.637   3.377   0.513
 9.57 20.00   3.000   1.630   3.377   0.506

 9.58  0.00   0.453   0.447   0.027   0.077   0.004   0.004   0.335   0.002   0.000   0.004   0.000 832241900
 9.58    5.21    62.881
 9.58 20.00   1.271   2.105
 9.58 20.00   3.376    69.302
 9.58 20.00   2.997   1.637   3.376   0.513
 9.58 20.00   2.999   1.630   3.376   0.506

 9.59  0.00   0.453   0.447   0.027   0.077   0.004   0.004   0.335   0.002   0.000   0.004   0.000 833110700
 9.59    5.21    62.867
 9.59 20.00   1.270   2.105
 9.59 20.00   3.375    69.296
 9.59 20.00   2.996   1.637   3.375   0.513
 9.59 20.00   2.999   1.630   3.375   0.506

 9.60  0.00   0.453   0.446   0.027   0.077   0.004   0.004   0.335   0.002   0.000   0.004   0.000 833979400
 9.60    5.21    62.853
 9.60 20.00   1.270   2.105
 9.60 20.00   3.375    69.289
 9.60 20.00   2.996   1.636   3.375   0.513
 9.60 20.00   2.998   1.629   3.375   0.506

 9.61  0.00   0.453   0.446   0.027   0.077   0.004   0.004   0.335   0.002   0.000   0.004   0.000 834848100
 9.61    5.20    62.839
 9.61 20.00   1.269   2.105
 9.61 20.00   3.374    69.283
 9.61 20.00   2.995   1.636   3.374   0.513
 9.61 20.00   2.998   1.629   3.374   0.505

 9.62  0.00   0.453   0.446   0.027   0.077   0.004   0.004   0.335   0.002   0.000   0.004   0.000 835716800
 9.62    5.20    62.825
 9.62 20.00   1.268   2.105
 9.62 20.00   3.373    69.277
 9.62 20.00   2.995   1.636   3.373   0.513
 9.62 20.00   2.997   1.629   3.373   0.505

 9.63  0.00   0.453   0.446   0.027   0.077   0.004   0.004   0.335   0.002   0.000   0.004   0.000 836585600
 9.63    5.20    62.811
 9.63 20.00   1.268   2.105
 9.63 20.00   3.373    69.270
 9.63 20.00   2.994   1.635   3.373   0.513
 9.63 20.00   2.997   1.628   3.373   0.505

 9.64  0.00   0.453   0.446   0.027   0.077   0.004   0.004   0.335   0.002   0.000   0.004   0.000 837454300
 9.64    5.20    62.798
 9.64 20.00   1.267   2.105
 9.64 20.00   3.372    69.264
 9.64 20.00   2.993   1.635   3.372   0.513
 9.64 20.00   2.996   1.628   3.372   0.505

 9.65  0.00   0.453   0.446   0.027   0.077   0.004   0.004   0.335   0.002   0.000   0.004   0.000 838323000
 9.65    5.20    62.784
 9.65 20.00   1.267   2.105
 9.65 20.00   3.372    69.258
 9.65 20.00   2.993   1.635   3.372   0.513
 9.65 20.00   2.995   1.628   3.372   0.505

 9.66  0.00   0.453   0.446   0.027   0.077   0.004   0.004   0.335   0.002   0.000   0.004   0.000 839191700
 9.66    5.19    62.770
 9.66 20.00   1.266   2.105
 9.66 20.00   3.371    69.252
 9.66 20.00   2.992   1.635   3.371   0.513
 9.66 20.00   2.995   1.628   3.371   0.505

 9.67  0.00   0.453   0.446   0.027   0.077   0.004   0.004   0.335   0.002   0.000   0.004   0.000 840060500
 9.67    5.19    62.756
 9.67 20.00   1.265   2.105
 9.67 20.00   3.370    69.245
 9.67 20.00   2.992   1.634   3.370   0.512
 9.67 20.00   2.994   1.627   3.370   0.505

 9.68  0.00   0.452   0.446   0.027   0.077   0.004   0.004   0.335   0.002   0.000   0.004   0.000 840929200
 9.68    5.19    62.742
 9.68 20.00   1.265   2.105
 9.68 20.00   3.370    69.239
 9.68 20.00   2.991   1.634   3.370   0.512
 9.68 20.00   2.994   1.627   3.370   0.505

 9.69  0.00   0.452   0.446   0.027   0.077   0.004   0.004   0.335   0.002   0.000   0.004   0.000 841797900
 9.69    5.19    62.729
 9.69 20.00   1.264   2.105
 9.69 20.00   3.369    69.233
 9.69 20.00   2.991   1.634   3.369   0.512
 9.69 20.00   2.993   1.627   3.369   0.505

 9.70  0.00   0.452   0.446   0.027   0.077   0.004   0.004   0.335   0.002   0.000   0.004   0.000 842666600
 9.70    5.19    62.715
 9.70 20.00   1.263   2.105
 9.70 20.00   3.368    69.227
 9.70 20.00   2.990   1.633   3.368   0.512
 9.70 20.00   2.993   1.626   3.368   0.505

 9.71  0.00   0.452   0.446   0.027   0.077   0.004   0.004   0.335   0.002   0.000   0.004   0.000 843535400
 9.71    5.19    62.701
 9.71 20.00   1.263   2.105
 9.71 20.00   3.368    69.221
 9.71 20.00   2.990   1.633   3.368   0.512
 9.71 20.00   2.992   1.626   3.368   0.505

 9.72  0.00   0.452   0.446   0.027   0.077   0.004   0.004   0.335   0.002   0.000   0.004   0.000 844404200
 9.72    5.18    62.687
 9.72 20.00   1.262   2.105
 9.72 20.00   3.367    69.214
 9.72 20.00   2.989   1.633   3.367   0.512
 9.72 20.00   2.992   1.626   3.367   0.505

 9.73  0.00   0.452   0.445   0.027   0.077   0.004   0.004   0.335   0.002   0.000   0.004   0.000 845272800
 9.73    5.18    62.674
 9.73 20.00   1.262   2.105
 9.73 20.00   3.367    69.208
 9.73 20.00   2.989   1.633   3.367   0.512
 9.73 20.00   2.991   1.625   3.367   0.504

 9.74  0.00   0.452   0.445   0.027   0.077   0.004   0.004   0.335   0.002   0.000   0.004   0.000 846141600
 9.74    5.18    62.660
 9.74 20.00   1.261   2.105
 9.74 20.00   3.366    69.202
 9.74 20.00   2.988   1.632   3.366   0.512
 9.74 20.00   2.991   1.625   3.366   0.504

 9.75  0.00   0.452   0.445   0.026   0.077   0.004   0.004   0.335   0.002   0.000   0.004   0.000 847010300
 9.75    5.18    62.646
 9.75 20.00   1.260   2.105
 9.75 20.00   3.365    69.196
 9.75 20.00   2.987   1.632   3.365   0.512
 9.75 20.00   2.990   1.625   3.365   0.504

 9.76  0.00   0.452   0.445   0.026   0.077   0.004   0.004   0.335   0.002   0.000   0.004   0.000 847879000
 9.76    5.18    62.633
 9.76 20.00   1.260   2.105
 9.76 20.00   3.365    69.190
 9.76 20.00   2.987   1.632   3.365   0.512
 9.76 20.00   2.989   1.625   3.365   0.504

 9.77  0.00   0.452   0.445   0.026   0.077   0.004   0.004   0.335   0.002   0.000   0.004   0.000 848747800
 9.77    5.18    62.619
 9.77 20.00   1.259   2.105
 9.77 20.00   3.364    69.184
 9.77 20.00   2.986   1.631   3.364   0.512
 9.77 20.00   2.989   1.624   3.364   0.504

 9.78  0.00   0.452   0.445   0.026   0.077   0.004   0.004   0.335   0.002   0.000   0.004   0.000 849616400
 9.78    5.17    62.606
 9.78 20.00   1.259   2.105
 9.78 20.00   3.364    69.178
 9.78 20.00   2.986   1.631   3.364   0.512
 9.78 20.00   2.988   1.624   3.364   0.504

 9.79  0.00   0.452   0.445   0.026   0.077   0.004   0.004   0.335   0.002   0.000   0.004   0.000 850485200
 9.79    5.17    62.592
 9.79 20.00   1.258   2.105
 9.79 20.00   3.363    69.172
 9.79 20.00   2.985   1.631   3.363   0.511
 9.79 20.00   2.988   1.624   3.363   0.504

 9.80  0.00   0.452   0.445   0.026   0.077   0.004   0.004   0.335   0.002   0.000   0.004   0.000 851354000
 9.80    5.17    62.579
 9.80 20.00   1.257   2.105
 9.80 20.00   3.362    69.165
 9.80 20.00   2.985   1.631   3.362   0.511
 9.80 20.00   2.987   1.623   3.362   0.504

 9.81  0.00   0.451   0.445   0.026   0.077   0.004   0.004   0.335   0.002   0.000   0.004   0.000 852222700
 9.81    5.17    62.565
 9.81 20.00   1.257   2.105
 9.81 20.00   3.362    69.159
 9.81 20.00   2.984   1.630   3.362   0.511
 9.81 20.00   2.987   1.623   3.362   0.504

 9.82  0.00   0.451   0.445   0.026   0.077   0.004   0.004   0.335   0.002   0.000   0.004   0.000 853091400
 9.82    5.17    62.552
 9.82 20.00   1.256   2.105
 9.82 20.00   3.361    69.153
 9.82 20.00   2.984   1.630   3.361   0.511
 9.82 20.00   2.986   1.623   3.361   0.504

 9.83  0.00   0.451   0.445   0.026   0.077   0.004   0.004   0.335   0.002   0.000   0.004   0.000 853960100
 9.83    5.16    62.538
 9.83 20.00   1.256   2.105
 9.83 20.00   3.361    69.147
 9.83 20.00   2.983   1.630   3.361   0.511
 9.83 20.00   2.986   1.623   3.361   0.504

 9.84  0.00   0.451   0.445   0.026   0.077   0.004   0.004   0.335   0.002   0.000   0.004   0.000 854828900
 9.84    5.16    62.525
 9.84 20.00   1.255   2.105
 9.84 20.00   3.360    69.141
 9.84 20.00   2.983   1.629   3.360   0.511
 9.84 20.00   2.985   1.622   3.360   0.504

 9.85  0.00   0.451   0.445   0.026   0.077   0.004   0.004   0.335   0.002   0.000   0.004   0.000 855697600
 9.85    5.16    62.511
 9.85 20.00   1.254   2.105
 9.85 20.00   3.359    69.135
 9.85 20.00   2.982   1.629   3.359   0.511
 9.85 20.00   2.985   1.622   3.359   0.503

 9.86  0.00   0.451   0.444   0.026   0.077   0.004   0.004   0.335   0.002   0.000   0.004   0.000 856566300
 9.86    5.16    62.498
 9.86 20.00   1.254   2.105
 9.86 20.00   3.359    69.129
 9.86 20.00   2.982   1.629   3.359   0.511
 9.86 20.00   2.984   1.622   3.359   0.503

 9.87  0.00   0.451   0.444   0.026   0.077   0.004   0.004   0.335   0.002   0.000   0.004   0.000 857435000
 9.87    5.16    62.484
 9.87 20.00   1.253   2.105
 9.87 20.00   3.358    69.123
 9.87 20.00   2.981   1.629   3.358   0.511
 9.87 20.00   2.984   1.621   3.358   0.503

 9.88  0.00   0.451   0.444   0.026   0.077   0.004   0.004   0.335   0.002   0.000   0.004   0.000 858303800
 9.88    5.16    62.471
 9.88 20.00   1.253   2.105
 9.88 20.00   3.358    69.117
 9.88 20.00   2.980   1.628   3.358   0.511
 9.88 20.00   2.983   1.621   3.358   0.503

 9.89  0.00   0.451   0.444   0.026   0.076   0.004   0.004   0.335   0.002   0.000   0.004   0.000 859172500
 9.89    5.15    62.457
 9.89 20.00   1.252   2.105
 9.89 20.00   3.357    69.111
 9.89 20.00   2.980   1.628   3.357   0.511
 9.89 20.00   2.983   1.621   3.357   0.503

 9.90  0.00   0.451   0.444   0.026   0.076   0.004   0.004   0.335   0.002   0.000   0.004   0.000 860041200
 9.90    5.15    62.444
 9.90 20.00   1.251   2.105
 9.90 20.00   3.356    69.105
 9.90 20.00   2.979   1.628   3.356   0.510
 9.90 20.00   2.982   1.621   3.356   0.503

 9.91  0.00   0.451   0.444   0.026   0.076   0.004   0.004   0.335   0.002   0.000   0.004   0.000 860910000
 9.91    5.15    62.431
 9.91 20.00   1.251   2.105
 9.91 20.00   3.356    69.099
 9.91 20.00   2.979   1.627   3.356   0.510
 9.91 20.00   2.981   1.620   3.356   0.503

 9.92  0.00   0.451   0.444   0.026   0.076   0.004   0.004   0.335   0.002   0.000   0.004   0.000 861778700
 9.92    5.15    62.417
 9.92 20.00   1.250   2.105
 9.92 20.00   3.355    69.093
 9.92 20.00   2.978   1.627   3.355   0.510
 9.92 20.00   2.981   1.620   3.355   0.503

 9.93  0.00   0.451   0.444   0.026   0.076   0.004   0.004   0.335   0.002   0.000   0.004   0.000 862647400
 9.93    5.15    62.404
 9.93 20.00   1.250   2.105
 9.93 20.00   3.355    69.087
 9.93 20.00   2.978   1.627   3.355   0.510
 9.93 20.00   2.980   1.620   3.355   0.503

 9.94  0.00   0.450   0.444   0.026   0.076   0.004   0.004   0.335   0.002   0.000   0.004   0.000 863516100
 9.94    5.15    62.391
 9.94 20.00   1.249   2.105
 9.94 20.00   3.354    69.081
 9.94 20.00   2.977   1.627   3.354   0.510
 9.94 20.00   2.980   1.620   3.354   0.503

 9.95  0.00   0.450   0.444   0.026   0.076   0.004   0.004   0.335   0.002   0.000   0.004   0.000 864384800
 9.95    5.14    62.377
 9.95 20.00   1.249   2.105
 9.95 20.00   3.354    69.075
 9.95 20.00   2.977   1.626   3.354   0.510
 9.95 20.00   2.979   1.619   3.354   0.503

 9.96  0.00   0.450   0.444   0.026   0.076   0.004   0.004   0.335   0.002   0.000   0.004   0.000 865253600
 9.96    5.14    62.364
 9.96 20.00   1.248   2.105
 9.96 20.00   3.353    69.069
 9.96 20.00   2.976   1.626   3.353   0.510
 9.96 20.00   2.979   1.619   3.353   0.503

 9.97  0.00   0.450   0.444   0.026   0.076   0.004   0.004   0.335   0.002   0.000   0.004   0.000 866122400
 9.97    5.14    62.351
 9.97 20.00   1.247   2.105
 9.97 20.00   3.352    69.063
 9.97 20.00   2.976   1.626   3.352   0.510
 9.97 20.00   2.978   1.619   3.352   0.502

 9.98  0.00   0.450   0.444   0.026   0.076   0.004   0.004   0.335   0.002   0.000   0.004   0.000 866991000
 9.98    5.14    62.338
 9.98 20.00   1.247   2.105
 9.98 20.00   3.352    69.057
 9.98 20.00   2.975   1.625   3.352   0.510
 9.98 20.00   2.978   1.618   3.352   0.502

 9.99  0.00   0.450   0.444   0.026   0.076   0.003   0.004   0.335   0.002   0.000   0.004   0.000 867859800
 9.99    5.14    62.325
 9.99 20.00   1.246   2.105
 9.99 20.00   3.351    69.052
 9.99 20.00   2.975   1.625   3.351   0.510
 9.99 20.00   2.977   1.618   3.351   0.502

10.00  0.00   0.450   0.443   0.026   0.076   0.003   0.004   0.335   0.002   0.000   0.004   0.000 868728500
10.00    5.14    62.311
10.00 20.00   1.246   2.105
10.00 20.00   3.351    69.046
10.00 20.00   2.974   1.625   3.351   0.510
10.00 20.00   2.977   1.618   3.351   0.502

10.01  0.00   0.450   0.443   0.026   0.076   0.003   0.004   0.335   0.002   0.000   0.004   0.000 869597200
10.01    5.13    62.298
10.01 20.00   1.245   2.105
10.01 20.00   3.350    69.040
10.01 20.00   2.974   1.625   3.350   0.510
10.01 20.00   2.976   1.618   3.350   0.502

10.02  0.00   0.450   0.443   0.026   0.076   0.003   0.004   0.335   0.002   0.000   0.004   0.000 870466000
10.02    5.13    62.285
10.02 20.00   1.244   2.105
10.02 20.00   3.349    69.034
10.02 20.00   2.973   1.624   3.349   0.510
10.02 20.00   2.976   1.617   3.349   0.502

10.03  0.00   0.450   0.443   0.026   0.076   0.003   0.004   0.335   0.002   0.000   0.004   0.000 871334700
10.03    5.13    62.272
10.03 20.00   1.244   2.105
10.03 20.00   3.349    69.028
10.03 20.00   2.973   1.624   3.349   0.510
10.03 20.00   2.975   1.617   3.349   0.502

10.04  0.00   0.450   0.443   0.026   0.076   0.003   0.004   0.334   0.002   0.000   0.004   0.000 872203500
10.04    5.13    62.259
10.04 20.00   1.243   2.105
10.04 20.00   3.348    69.022
10.04 20.00   2.972   1.624   3.348   0.510
10.04 20.00   2.975   1.617   3.348   0.502

10.05  0.00   0.450   0.443   0.026   0.076   0.003   0.004   0.334   0.002   0.000   0.004   0.000 873072200
10.05    5.13    62.246
10.05 20.00   1.243   2.105
10.05 20.00   3.348    69.016
10.05 20.00   2.972   1.624   3.348   0.509
10.05 20.00   2.974   1.617   3.348   0.502

10.06  0.00   0.450   0.443   0.026   0.076   0.003   0.004   0.334   0.002   0.000   0.004   0.000 873940900
10.06    5.13    62.233
10.06 20.00   1.242   2.105
10.06 20.00   3.347    69.011
10.06 20.00   2.971   1.624   3.347   0.509
10.06 20.00   2.974   1.616   3.347   0.502

10.07  0.00   0.450   0.443   0.026   0.076   0.003   0.004   0.334   0.002   0.000   0.004   0.000 874809600
10.07    5.12    62.219
10.07 20.00   1.242   2.105
10.07 20.00   3.347    69.005
10.07 20.00   2.971   1.623   3.347   0.509
10.07 20.00   2.973   1.616   3.347   0.502

10.08  0.00   0.450   0.443   0.026   0.076   0.003   0.004   0.334   0.002   0.000   0.004   0.000 875678300
10.08    5.12    62.206
10.08 20.00   1.241   2.105
10.08 20.00   3.346    68.999
10.08 20.00   2.970   1.623   3.346   0.509
10.08 20.00   2.973   1.616   3.346   0.502

10.09  0.00   0.450   0.443   0.026   0.076   0.003   0.004   0.334   0.002   0.000   0.004   0.000 876547100
10.09    5.12    62.193
10.09 20.00   1.240   2.105
10.09 20.00   3.345    68.993
10.09 20.00   2.969   1.623   3.345   0.509
10.09 20.00   2.972   1.616   3.345   0.502

10.10  0.00   0.450   0.443   0.026   0.076   0.003   0.004   0.334   0.002   0.000   0.004   0.000 877415800
10.10    5.12    62.180
10.10 20.00   1.240   2.105
10.10 20.00   3.345    68.987
10.10 20.00   2.969   1.623   3.345   0.509
10.10 20.00   2.972   1.616   3.345   0.502

10.11  0.00   0.450   0.443   0.026   0.076   0.003   0.004   0.334   0.002   0.000   0.004   0.000 878284500
10.11    5.12    62.167
10.11 20.00   1.239   2.105
10.11 20.00   3.344    68.981
10.11 20.00   2.968   1.622   3.344   0.509
10.11 20.00   2.971   1.615   3.344   0.502

10.12  0.00   0.450   0.443   0.026   0.076   0.003   0.004   0.334   0.002   0.000   0.004   0.000 879153300
10.12    5.12    62.154
10.12 20.00   1.239   2.105
10.12 20.00   3.344    68.976
10.12 20.00   2.968   1.622   3.344   0.509
10.12 20.00   2.970   1.615   3.344   0.502

10.13  0.00   0.450   0.443   0.026   0.076   0.003   0.004   0.334   0.002   0.000   0.004   0.000 880022000
10.13    5.11    62.141
10.13 20.00   1.238   2.105
10.13 20.00   3.343    68.970
10.13 20.00   2.967   1.622   3.343   0.509
10.13 20.00   2.970   1.615   3.343   0.502

10.14  0.00   0.450   0.443   0.026   0.076   0.003   0.004   0.334   0.002   0.000   0.004   0.000 880890800
10.14    5.11    62.128
10.14 20.00   1.238   2.105
10.14 20.00   3.343    68.964
10.14 20.00   2.967   1.622   3.343   0.509
10.14 20.00   2.969   1.615   3.343   0.502

10.15  0.00   0.450   0.443   0.026   0.076   0.003   0.004   0.334   0.002   0.000   0.004   0.000 881759400
10.15    5.11    62.116
10.15 20.00   1.237   2.105
10.15 20.00   3.342    68.958
10.15 20.00   2.966   1.621   3.342   0.509
10.15 20.00   2.969   1.614   3.342   0.502

10.16  0.00   0.450   0.443   0.026   0.076   0.003   0.004   0.334   0.002   0.000   0.004   0.000 882628200
10.16    5.11    62.103
10.16 20.00   1.236   2.105
10.16 20.00   3.341    68.953
10.16 20.00   2.966   1.621   3.341   0.509
10.16 20.00   2.968   1.614   3.341   0.502

10.17  0.00   0.450   0.443   0.026   0.076   0.003   0.004   0.334   0.002   0.000   0.004   0.000 883496900
10.17    5.11    62.090
10.17 20.00   1.236   2.105
10.17 20.00   3.341    68.947
10.17 20.00   2.965   1.621   3.341   0.509
10.17 20.00   2.968   1.614   3.341   0.502

10.18  0.00   0.449   0.443   0.026   0.076   0.003   0.004   0.334   0.002   0.000   0.004   0.000 884365600
10.18    5.11    62.077
10.18 20.00   1.235   2.105
10.18 20.00   3.340    68.941
10.18 20.00   2.965   1.621   3.340   0.509
10.18 20.00   2.967   1.614   3.340   0.502

10.19  0.00   0.449   0.443   0.026   0.076   0.003   0.004   0.334   0.002   0.000   0.004   0.000 885234300
10.19    5.11    62.064
10.19 20.00   1.235   2.105
10.19 20.00   3.340    68.936
10.19 20.00   2.964   1.621   3.340   0.509
10.19 20.00   2.967   1.614   3.340   0.501

10.20  0.00   0.449   0.443   0.026   0.076   0.003   0.004   0.334   0.002   0.000   0.004   0.000 886103100
10.20    5.10    62.051
10.20 20.00   1.234   2.105
10.20 20.00   3.339    68.930
10.20 20.00   2.964   1.620   3.339   0.509
10.20 20.00   2.966   1.613   3.339   0.501

10.21  0.00   0.449   0.443   0.026   0.076   0.003   0.004   0.334   0.002   0.000   0.004   0.000 886971800
10.21    5.10    62.038
10.21 20.00   1.234   2.105
10.21 20.00   3.339    68.924
10.21 20.00   2.963   1.620   3.339   0.509
10.21 20.00   2.966   1.613   3.339   0.501

10.22  0.00   0.449   0.443   0.026   0.076   0.003   0.004   0.334   0.002   0.000   0.004   0.000 887840600
10.22    5.10    62.025
10.22 20.00   1.233   2.105
10.22 20.00   3.338    68.918
10.22 20.00   2.963   1.620   3.338   0.509
10.22 20.00   2.965   1.613   3.338   0.501

10.23  0.00   0.449   0.443   0.026   0.076   0.003   0.004   0.334   0.002   0.000   0.004   0.000 888709200
10.23    5.10    62.013
10.23 20.00   1.233   2.105
10.23 20.00   3.338    68.913
10.23 20.00   2.962   1.620   3.338   0.509
10.23 20.00   2.965   1.613   3.338   0.501

10.24  0.00   0.449   0.443   0.026   0.076   0.003   0.004   0.334   0.002   0.000   0.004   0.000 889578000
10.24    5.10    62.000
10.24 20.00   1.232   2.105
10.24 20.00   3.337    68.907
10.24 20.00   2.962   1.619   3.337   0.509
10.24 20.00   2.964   1.612   3.337   0.501

10.25  0.00   0.449   0.443   0.026   0.076   0.003   0.004   0.334   0.002   0.000   0.004   0.000 890446700
10.25    5.10    61.987
10.25 20.00   1.231   2.105
10.25 20.00   3.336    68.901
10.25 20.00   2.961   1.619   3.336   0.509
10.25 20.00   2.964   1.612   3.336   0.501

10.26  0.00   0.449   0.443   0.026   0.076   0.003   0.004   0.334   0.002   0.000   0.004   0.000 891315500
10.26    5.09    61.974
10.26 20.00   1.231   2.105
10.26 20.00   3.336    68.896
10.26 20.00   2.961   1.619   3.336   0.509
10.26 20.00   2.963   1.612   3.336   0.501

10.27  0.00   0.449   0.443   0.026   0.076   0.003   0.004   0.334   0.002   0.000   0.004   0.000 892184300
10.27    5.09    61.962
10.27 20.00   1.230   2.105
10.27 20.00   3.335    68.890
10.27 20.00   2.960   1.619   3.335   0.509
10.27 20.00   2.963   1.612   3.335   0.501

10.28  0.00   0.449   0.443   0.026   0.076   0.003   0.004   0.334   0.002   0.000   0.004   0.000 893052900
10.28    5.09    61.949
10.28 20.00   1.230   2.105
10.28 20.00   3.335    68.885
10.28 20.00   2.960   1.619   3.335   0.509
10.28 20.00   2.962   1.611   3.335   0.501

10.29  0.00   0.449   0.443   0.026   0.076   0.003   0.004   0.334   0.002   0.000   0.004   0.000 893921700
10.29    5.09    61.936
10.29 20.00   1.229   2.105
10.29 20.00   3.334    68.879
10.29 20.00   2.959   1.618   3.334   0.509
10.29 20.00   2.962   1.611   3.334   0.501

10.30  0.00   0.449   0.442   0.026   0.076   0.003   0.004   0.334   0.002   0.000   0.004   0.000 894790400
10.30    5.09    61.924
10.30 20.00   1.229   2.105
10.30 20.00   3.334    68.873
10.30 20.00   2.959   1.618   3.334   0.509
10.30 20.00   2.961   1.611   3.334   0.501

10.31  0.00   0.449   0.442   0.026   0.076   0.003   0.004   0.334   0.002   0.000   0.004   0.000 895659100
10.31    5.09    61.911
10.31 20.00   1.228   2.105
10.31 20.00   3.333    68.868
10.31 20.00   2.958   1.618   3.333   0.509
10.31 20.00   2.961   1.611   3.333   0.501

10.32  0.00   0.449   0.442   0.026   0.076   0.003   0.004   0.334   0.002   0.000   0.004   0.000 896527800
10.32    5.08    61.898
10.32 20.00   1.228   2.105
10.32 20.00   3.333    68.862
10.32 20.00   2.958   1.618   3.333   0.509
10.32 20.00   2.960   1.611   3.333   0.501

10.33  0.00   0.449   0.442   0.026   0.076   0.003   0.004   0.334   0.002   0.000   0.004   0.000 897396500
10.33    5.08    61.886
10.33 20.00   1.227   2.105
10.33 20.00   3.332    68.857
10.33 20.00   2.957   1.617   3.332   0.508
10.33 20.00   2.960   1.610   3.332   0.501

10.34  0.00   0.449   0.442   0.026   0.076   0.003   0.004   0.334   0.002   0.000   0.004   0.000 898265300
10.34    5.08    61.873
10.34 20.00   1.226   2.105
10.34 20.00   3.331    68.851
10.34 20.00   2.957   1.617   3.331   0.508
10.34 20.00   2.959   1.610   3.331   0.501

10.35  0.00   0.449   0.442   0.026   0.076   0.003   0.004   0.334   0.002   0.000   0.004   0.000 899134100
10.35    5.08    61.860
10.35 20.00   1.226   2.105
10.35 20.00   3.331    68.845
10.35 20.00   2.956   1.617   3.331   0.508
10.35 20.00   2.959   1.610   3.331   0.501

10.36  0.00   0.449   0.442   0.026   0.076   0.003   0.004   0.334   0.002   0.000   0.004   0.000 900002700
10.36    5.08    61.848
10.36 20.00   1.225   2.105
10.36 20.00   3.330    68.840
10.36 20.00   2.956   1.617   3.330   0.508
10.36 20.00   2.958   1.610   3.330   0.501

10.37  0.00   0.449   0.442   0.026   0.076   0.003   0.004   0.334   0.002   0.000   0.004   0.000 900871500
10.37    5.08    61.835
10.37 20.00   1.225   2.105
10.37 20.00   3.330    68.834
10.37 20.00   2.955   1.617   3.330   0.508
10.37 20.00   2.958   1.610   3.330   0.501

10.38  0.00   0.449   0.442   0.026   0.076   0.003   0.004   0.334   0.002   0.000   0.004   0.000 901740200
10.38    5.08    61.823
10.38 20.00   1.224   2.105
10.38 20.00   3.329    68.829
10.38 20.00   2.955   1.616   3.329   0.508
10.38 20.00   2.957   1.609   3.329   0.501

10.39  0.00   0.449   0.442   0.026   0.076   0.003   0.004   0.334   0.002   0.000   0.004   0.000 902609000
10.39    5.07    61.810
10.39 20.00   1.224   2.105
10.39 20.00   3.329    68.823
10.39 20.00   2.954   1.616   3.329   0.508
10.39 20.00   2.957   1.609   3.329   0.501

10.40  0.00   0.449   0.442   0.026   0.076   0.003   0.004   0.334   0.002   0.000   0.004   0.000 903477600
10.40    5.07    61.798
10.40 20.00   1.223   2.105
10.40 20.00   3.328    68.818
10.40 20.00   2.954   1.616   3.328   0.508
10.40 20.00   2.956   1.609   3.328   0.501

10.41  0.00   0.449   0.442   0.026   0.076   0.003   0.004   0.334   0.002   0.000   0.004   0.000 904346400
10.41    5.07    61.785
10.41 20.00   1.223   2.105
10.41 20.00   3.328    68.812
10.41 20.00   2.953   1.616   3.328   0.508
10.41 20.00   2.956   1.609   3.328   0.501

10.42  0.00   0.449   0.442   0.026   0.076   0.003   0.004   0.334   0.002   0.000   0.004   0.000 905215100
10.42    5.07    61.773
10.42 20.00   1.222   2.105
10.42 20.00   3.327    68.807
10.42 20.00   2.953   1.615   3.327   0.508
10.42 20.00   2.955   1.608   3.327   0.501

10.43  0.00   0.449   0.442   0.026   0.076   0.003   0.004   0.334   0.002   0.000   0.004   0.000 906083800
10.43    5.07    61.760
10.43 20.00   1.222   2.105
10.43 20.00   3.327    68.801
10.43 20.00   2.952   1.615   3.327   0.508
10.43 20.00   2.955   1.608   3.327   0.501

10.44  0.00   0.449   0.442   0.026   0.076   0.003   0.004   0.334   0.002   0.000   0.004   0.000 906952500
10.44    5.07    61.748
10.44 20.00   1.221   2.105
10.44 20.00   3.326    68.796
10.44 20.00   2.952   1.615   3.326   0.508
10.44 20.00   2.954   1.608   3.326   0.501

10.45  0.00   0.449   0.442   0.026   0.076   0.003   0.004   0.334   0.002   0.000   0.004   0.000 907821300
10.45    5.06    61.735
10.45 20.00   1.221   2.105
10.45 20.00   3.326    68.790
10.45 20.00   2.951   1.615   3.326   0.508
10.45 20.00   2.954   1.608   3.326   0.501

10.46  0.00   0.449   0.442   0.026   0.076   0.003   0.004   0.334   0.002   0.000   0.004   0.000 908690000
10.46    5.06    61.723
10.46 20.00   1.220   2.105
10.46 20.00   3.325    68.785
10.46 20.00   2.951   1.615   3.325   0.508
10.46 20.00   2.953   1.608   3.325   0.501

10.47  0.00   0.449   0.442   0.026   0.076   0.003   0.004   0.334   0.002   0.000   0.004   0.000 909558800
10.47    5.06    61.710
10.47 20.00   1.219   2.105
10.47 20.00   3.324    68.779
10.47 20.00   2.950   1.614   3.324   0.508
10.47 20.00   2.953   1.607   3.324   0.500

10.48  0.00   0.449   0.442   0.026   0.076   0.003   0.004   0.334   0.002   0.000   0.004   0.000 910427500
10.48    5.06    61.698
10.48 20.00   1.219   2.105
10.48 20.00   3.324    68.774
10.48 20.00   2.950   1.614   3.324   0.508
10.48 20.00   2.952   1.607   3.324   0.500

10.49  0.00   0.449   0.442   0.026   0.076   0.003   0.004   0.334   0.002   0.000   0.004   0.000 911296200
10.49    5.06    61.686
10.49 20.00   1.218   2.105
10.49 20.00   3.323    68.768
10.49 20.00   2.949   1.614   3.323   0.508
10.49 20.00   2.952   1.607   3.323   0.500

10.50  0.00   0.448   0.442   0.026   0.076   0.003   0.004   0.334   0.002   0.000   0.004   0.000 912164900
10.50    5.06    61.673
10.50 20.00   1.218   2.105
10.50 20.00   3.323    68.763
10.50 20.00   2.949   1.614   3.323   0.508
10.50 20.00   2.951   1.607   3.323   0.500

10.51  0.00   0.448   0.442   0.026   0.076   0.003   0.004   0.334   0.002   0.000   0.004   0.000 913033700
10.51    5.06    61.661
10.51 20.00   1.217   2.105
10.51 20.00   3.322    68.758
10.51 20.00   2.948   1.614   3.322   0.508
10.51 20.00   2.951   1.606   3.322   0.500

10.52  0.00   0.448   0.442   0.026   0.076   0.003   0.004   0.334   0.002   0.000   0.004   0.000 913902500
10.52    5.05    61.649
10.52 20.00   1.217   2.105
10.52 20.00   3.322    68.752
10.52 20.00   2.948   1.613   3.322   0.508
10.52 20.00   2.950   1.606   3.322   0.500

10.53  0.00   0.448   0.442   0.026   0.076   0.003   0.004   0.334   0.002   0.000   0.004   0.000 914771100
10.53    5.05    61.636
10.53 20.00   1.216   2.105
10.53 20.00   3.321    68.747
10.53 20.00   2.947   1.613   3.321   0.508
10.53 20.00   2.950   1.606   3.321   0.500

10.54  0.00   0.448   0.442   0.026   0.076   0.003   0.004   0.334   0.002   0.000   0.004   0.000 915639900
10.54    5.05    61.624
10.54 20.00   1.216   2.105
10.54 20.00   3.321    68.741
10.54 20.00   2.947   1.613   3.321   0.508
10.54 20.00   2.949   1.606   3.321   0.500

10.55  0.00   0.448   0.442   0.026   0.076   0.003   0.004   0.334   0.002   0.000   0.004   0.000 916508600
10.55    5.05    61.612
10.55 20.00   1.215   2.105
10.55 20.00   3.320    68.736
10.55 20.00   2.946   1.613   3.320   0.508
10.55 20.00   2.949   1.606   3.320   0.500

10.56  0.00   0.448   0.442   0.026   0.076   0.003   0.004   0.334   0.002   0.000   0.004   0.000 917377300
10.56    5.05    61.600
10.56 20.00   1.215   2.105
10.56 20.00   3.320    68.731
10.56 20.00   2.946   1.612   3.320   0.508
10.56 20.00   2.948   1.605   3.320   0.500

10.57  0.00   0.448   0.442   0.026   0.076   0.003   0.004   0.334   0.002   0.000   0.004   0.000 918246000
10.57    5.05    61.587
10.57 20.00   1.214   2.105
10.57 20.00   3.319    68.725
10.57 20.00   2.945   1.612   3.319   0.508
10.57 20.00   2.948   1.605   3.319   0.500

10.58  0.00   0.448   0.442   0.026   0.076   0.003   0.004   0.334   0.002   0.000   0.004   0.000 919114800
10.58    5.04    61.575
10.58 20.00   1.214   2.105
10.58 20.00   3.319    68.720
10.58 20.00   2.945   1.612   3.319   0.508
10.58 20.00   2.947   1.605   3.319   0.500

10.59  0.00   0.448   0.442   0.026   0.076   0.003   0.004   0.334   0.002   0.000   0.004   0.000 919983500
10.59    5.04    61.563
10.59 20.00   1.213   2.105
10.59 20.00   3.318    68.715
10.59 20.00   2.944   1.612   3.318   0.508
10.59 20.00   2.947   1.605   3.318   0.500

10.60  0.00   0.448   0.442   0.026   0.076   0.003   0.004   0.334   0.002   0.000   0.004   0.000 920852300
10.60    5.04    61.551
10.60 20.00   1.213   2.105
10.60 20.00   3.318    68.709
10.60 20.00   2.944   1.612   3.318   0.508
10.60 20.00   2.946   1.605   3.318   0.500

10.61  0.00   0.448   0.442   0.026   0.076   0.003   0.004   0.334   0.002   0.000   0.004   0.000 921721000
10.61    5.04    61.538
10.61 20.00   1.212   2.105
10.61 20.00   3.317    68.704
10.61 20.00   2.943   1.611   3.317   0.508
10.61 20.00   2.946   1.604   3.317   0.500

10.62  0.00   0.448   0.442   0.026   0.076   0.003   0.004   0.334   0.002   0.000   0.004   0.000 922589700
10.62    5.04    61.526
10.62 20.00   1.212   2.105
10.62 20.00   3.317    68.699
10.62 20.00   2.943   1.611   3.317   0.507
10.62 20.00   2.946   1.604   3.317   0.500

10.63  0.00   0.448   0.441   0.026   0.076   0.003   0.004   0.334   0.002   0.000   0.004   0.000 923458400
10.63    5.04    61.514
10.63 20.00   1.211   2.105
10.63 20.00   3.316    68.693
10.63 20.00   2.942   1.611   3.316   0.507
10.63 20.00   2.945   1.604   3.316   0.500

10.64  0.00   0.448   0.441   0.026   0.076   0.003   0.004   0.334   0.002   0.000   0.004   0.000 924327200
10.64    5.04    61.502
10.64 20.00   1.211   2.105
10.64 20.00   3.315    68.688
10.64 20.00   2.942   1.611   3.315   0.507
10.64 20.00   2.945   1.604   3.315   0.500

10.65  0.00   0.448   0.441   0.026   0.076   0.003   0.004   0.333   0.002   0.000   0.004   0.000 925195800
10.65    5.03    61.490
10.65 20.00   1.210   2.105
10.65 20.00   3.315    68.683
10.65 20.00   2.942   1.611   3.315   0.507
10.65 20.00   2.944   1.604   3.315   0.500

10.66  0.00   0.448   0.441   0.026   0.076   0.003   0.004   0.333   0.002   0.000   0.004   0.000 926064600
10.66    5.03    61.478
10.66 20.00   1.209   2.105
10.66 20.00   3.314    68.677
10.66 20.00   2.941   1.610   3.314   0.507
10.66 20.00   2.944   1.603   3.314   0.500

10.67  0.00   0.448   0.441   0.026   0.076   0.003   0.004   0.333   0.002   0.000   0.004   0.000 926933300
10.67    5.03    61.466
10.67 20.00   1.209   2.105
10.67 20.00   3.314    68.672
10.67 20.00   2.941   1.610   3.314   0.507
10.67 20.00   2.943   1.603   3.314   0.500

10.68  0.00   0.448   0.441   0.026   0.076   0.003   0.004   0.333   0.002   0.000   0.004   0.000 927802100
10.68    5.03    61.454
10.68 20.00   1.208   2.105
10.68 20.00   3.313    68.667
10.68 20.00   2.940   1.610   3.313   0.507
10.68 20.00   2.943   1.603   3.313   0.500

10.69  0.00   0.448   0.441   0.026   0.076   0.003   0.004   0.333   0.002   0.000   0.004   0.000 928670700
10.69    5.03    61.442
10.69 20.00   1.208   2.105
10.69 20.00   3.313    68.661
10.69 20.00   2.940   1.610   3.313   0.507
10.69 20.00   2.942   1.603   3.313   0.500

10.70  0.00   0.448   0.441   0.026   0.076   0.003   0.004   0.333   0.002   0.000   0.004   0.000 929539500
10.70    5.03    61.429
10.70 20.00   1.207   2.105
10.70 20.00   3.312    68.656
10.70 20.00   2.939   1.610   3.312   0.507
10.70 20.00   2.942   1.602   3.312   0.500

10.71  0.00   0.448   0.441   0.026   0.076   0.003   0.004   0.333   0.002   0.000   0.004   0.000 930408300
10.71    5.03    61.417
10.71 20.00   1.207   2.105
10.71 20.00   3.312    68.651
10.71 20.00   2.939   1.609   3.312   0.507
10.71 20.00   2.941   1.602   3.312   0.500

10.72  0.00   0.448   0.441   0.026   0.076   0.003   0.004   0.333   0.002   0.000   0.004   0.000 931277000
10.72    5.02    61.405
10.72 20.00   1.206   2.105
10.72 20.00   3.311    68.646
10.72 20.00   2.938   1.609   3.311   0.507
10.72 20.00   2.941   1.602   3.311   0.500

10.73  0.00   0.448   0.441   0.026   0.076   0.003   0.004   0.333   0.002   0.000   0.004   0.000 932145700
10.73    5.02    61.393
10.73 20.00   1.206   2.105
10.73 20.00   3.311    68.640
10.73 20.00   2.938   1.609   3.311   0.507
10.73 20.00   2.940   1.602   3.311   0.500

10.74  0.00   0.448   0.441   0.026   0.076   0.003   0.004   0.333   0.002   0.000   0.004   0.000 933014400
10.74    5.02    61.381
10.74 20.00   1.205   2.105
10.74 20.00   3.310    68.635
10.74 20.00   2.937   1.609   3.310   0.507
10.74 20.00   2.940   1.602   3.310   0.500

10.75  0.00   0.448   0.441   0.026   0.076   0.003   0.004   0.333   0.002   0.000   0.004   0.000 933883100
10.75    5.02    61.369
10.75 20.00   1.205   2.105
10.75 20.00   3.310    68.630
10.75 20.00   2.937   1.609   3.310   0.507
10.75 20.00   2.939   1.601   3.310   0.500

10.76  0.00   0.448   0.441   0.026   0.076   0.003   0.004   0.333   0.002   0.000   0.004   0.000 934751900
10.76    5.02    61.358
10.76 20.00   1.204   2.105
10.76 20.00   3.309    68.625
10.76 20.00   2.936   1.608   3.309   0.507
10.76 20.00   2.939   1.601   3.309   0.500

10.77  0.00   0.448   0.441   0.026   0.076   0.003   0.004   0.333   0.002   0.000   0.004   0.000 935620700
10.77    5.02    61.346
10.77 20.00   1.204   2.105
10.77 20.00   3.309    68.620
10.77 20.00   2.936   1.608   3.309   0.507
10.77 20.00   2.938   1.601   3.309   0.500

10.78  0.00   0.448   0.441   0.026   0.076   0.003   0.004   0.333   0.002   0.000   0.004   0.000 936489300
10.78    5.02    61.334
10.78 20.00   1.203   2.105
10.78 20.00   3.308    68.614
10.78 20.00   2.935   1.608   3.308   0.507
10.78 20.00   2.938   1.601   3.308   0.499

10.79  0.00   0.448   0.441   0.026   0.076   0.003   0.004   0.333   0.002   0.000   0.004   0.000 937358100
10.79    5.01    61.322
10.79 20.00   1.203   2.105
10.79 20.00   3.308    68.609
10.79 20.00   2.935   1.608   3.308   0.507
10.79 20.00   2.938   1.601   3.308   0.499

10.80  0.00   0.448   0.441   0.026   0.076   0.003   0.004   0.333   0.002   0.000   0.004   0.000 938226800
10.80    5.01    61.310
10.80 20.00   1.202   2.105
10.80 20.00   3.307    68.604
10.80 20.00   2.934   1.607   3.307   0.507
10.80 20.00   2.937   1.600   3.307   0.499

10.81  0.00   0.448   0.441   0.026   0.076   0.003   0.004   0.333   0.002   0.000   0.004   0.000 939095600
10.81    5.01    61.298
10.81 20.00   1.202   2.105
10.81 20.00   3.307    68.599
10.81 20.00   2.934   1.607   3.307   0.507
10.81 20.00   2.937   1.600   3.307   0.499

10.82  0.00   0.448   0.441   0.026   0.076   0.003   0.004   0.333   0.002   0.000   0.004   0.000 939964200
10.82    5.01    61.286
10.82 20.00   1.201   2.105
10.82 20.00   3.306    68.594
10.82 20.00   2.934   1.607   3.306   0.507
10.82 20.00   2.936   1.600   3.306   0.499

10.83  0.00   0.448   0.441   0.026   0.076   0.003   0.004   0.333   0.002   0.000   0.004   0.000 940833000
10.83    5.01    61.274
10.83 20.00   1.201   2.105
10.83 20.00   3.306    68.589
10.83 20.00   2.933   1.607   3.306   0.507
10.83 20.00   2.936   1.600   3.306   0.499

10.84  0.00   0.447   0.441   0.026   0.076   0.003   0.004   0.333   0.002   0.000   0.004   0.000 941701700
10.84    5.01    61.262
10.84 20.00   1.200   2.105
10.84 20.00   3.305    68.583
10.84 20.00   2.933   1.607   3.305   0.507
10.84 20.00   2.935   1.600   3.305   0.499

10.85  0.00   0.447   0.441   0.026   0.076   0.003   0.004   0.333   0.002   0.000   0.004   0.000 942570500
10.85    5.00    61.251
10.85 20.00   1.200   2.105
10.85 20.00   3.305    68.578
10.85 20.00   2.932   1.606   3.305   0.507
10.85 20.00   2.935   1.599   3.305   0.499

10.86  0.00   0.447   0.441   0.026   0.076   0.003   0.004   0.333   0.002   0.000   0.004   0.000 943439200
10.86    5.00    61.239
10.86 20.00   1.199   2.105
10.86 20.00   3.304    68.573
10.86 20.00   2.932   1.606   3.304   0.507
10.86 20.00   2.934   1.599   3.304   0.499

10.87  0.00   0.447   0.441   0.026   0.076   0.003   0.004   0.333   0.002   0.000   0.004   0.000 944307900
10.87    5.00    61.227
10.87 20.00   1.199   2.105
10.87 20.00   3.304    68.568
10.87 20.00   2.931   1.606   3.304   0.507
10.87 20.00   2.934   1.599   3.304   0.499

10.88  0.00   0.447   0.441   0.026   0.076   0.003   0.004   0.333   0.002   0.000   0.004   0.000 945176600
10.88    5.00    61.215
10.88 20.00   1.198   2.105
10.88 20.00   3.303    68.563
10.88 20.00   2.931   1.606   3.303   0.507
10.88 20.00   2.933   1.599   3.303   0.499

10.89  0.00   0.447   0.441   0.026   0.076   0.003   0.004   0.333   0.002   0.000   0.004   0.000 946045400
10.89    5.00    61.203
10.89 20.00   1.198   2.105
10.89 20.00   3.303    68.558
10.89 20.00   2.930   1.606   3.303   0.507
10.89 20.00   2.933   1.599   3.303   0.499

10.90  0.00   0.447   0.441   0.026   0.076   0.003   0.004   0.333   0.002   0.000   0.004   0.000 946914000
10.90    5.00    61.192
10.90 20.00   1.197   2.105
10.90 20.00   3.302    68.553
10.90 20.00   2.930   1.605   3.302   0.507
10.90 20.00   2.932   1.598   3.302   0.499

10.91  0.00   0.447   0.441   0.026   0.076   0.003   0.004   0.333   0.002   0.000   0.004   0.000 947782800
10.91    5.00    61.180
10.91 20.00   1.197   2.105
10.91 20.00   3.302    68.548
10.91 20.00   2.929   1.605   3.302   0.507
10.91 20.00   2.932   1.598   3.302   0.499

10.92  0.00   0.447   0.441   0.026   0.076   0.003   0.004   0.333   0.002   0.000   0.004   0.000 948651500
10.92    4.99    61.168
10.92 20.00   1.196   2.105
10.92 20.00   3.301    68.543
10.92 20.00   2.929   1.605   3.301   0.507
10.92 20.00   2.932   1.598   3.301   0.499

10.93  0.00   0.447   0.441   0.026   0.076   0.003   0.004   0.333   0.002   0.000   0.004   0.000 949520300
10.93    4.99    61.157
10.93 20.00   1.196   2.105
10.93 20.00   3.301    68.537
10.93 20.00   2.929   1.605   3.301   0.506
10.93 20.00   2.931   1.598   3.301   0.499

10.94  0.00   0.447   0.441   0.026   0.076   0.003   0.004   0.333   0.002   0.000   0.004   0.000 950389000
10.94    4.99    61.145
10.94 20.00   1.195   2.105
10.94 20.00   3.300    68.532
10.94 20.00   2.928   1.605   3.300   0.506
10.94 20.00   2.931   1.598   3.300   0.499

10.95  0.00   0.447   0.441   0.026   0.076   0.003   0.004   0.333   0.002   0.000   0.004   0.000 951257700
10.95    4.99    61.133
10.95 20.00   1.195   2.105
10.95 20.00   3.300    68.527
10.95 20.00   2.928   1.604   3.300   0.506
10.95 20.00   2.930   1.597   3.300   0.499

10.96  0.00   0.447   0.441   0.026   0.076   0.003   0.004   0.333   0.002   0.000   0.004   0.000 952126500
10.96    4.99    61.122
10.96 20.00   1.194   2.105
10.96 20.00   3.299    68.522
10.96 20.00   2.927   1.604   3.299   0.506
10.96 20.00   2.930   1.597   3.299   0.499

10.97  0.00   0.447   0.441   0.026   0.076   0.003   0.004   0.333   0.002   0.000   0.004   0.000 952995200
10.97    4.99    61.110
10.97 20.00   1.194   2.105
10.97 20.00   3.299    68.517
10.97 20.00   2.927   1.604   3.299   0.506
10.97 20.00   2.929   1.597   3.299   0.499

10.98  0.00   0.447   0.440   0.026   0.076   0.003   0.004   0.333   0.002   0.000   0.004   0.000 953863900
10.98    4.99    61.098
10.98 20.00   1.193   2.105
10.98 20.00   3.298    68.512
10.98 20.00   2.926   1.604   3.298   0.506
10.98 20.00   2.929   1.597   3.298   0.499

10.99  0.00   0.447   0.440   0.026   0.076   0.003   0.004   0.333   0.002   0.000   0.004   0.000 954732600
10.99    4.99    61.087
10.99 20.00   1.193   2.105
10.99 20.00   3.298    68.507
10.99 20.00   2.926   1.604   3.298   0.506
10.99 20.00   2.928   1.597   3.298   0.499

11.00  0.00   0.447   0.440   0.026   0.076   0.003   0.004   0.333   0.002   0.000   0.004   0.000 955601300
11.00    4.98    61.075
11.00 20.00   1.192   2.105
11.00 20.00   3.297    68.502
11.00 20.00   2.925   1.604   3.297   0.506
11.00 20.00   2.928   1.596   3.297   0.499

11.01  0.00   0.447   0.440   0.026   0.076   0.003   0.004   0.333   0.002   0.000   0.004   0.000 956470100
11.01    4.98    61.064
11.01 20.00   1.192   2.105
11.01 20.00   3.297    68.497
11.01 20.00   2.925   1.603   3.297   0.506
11.01 20.00   2.927   1.596   3.297   0.499

11.02  0.00   0.447   0.440   0.026   0.076   0.003   0.004   0.333   0.002   0.000   0.004   0.000 957338900
11.02    4.98    61.052
11.02 20.00   1.191   2.105
11.02 20.00   3.296    68.492
11.02 20.00   2.924   1.603   3.296   0.506
11.02 20.00   2.927   1.596   3.296   0.499

11.03  0.00   0.447   0.440   0.026   0.076   0.003   0.004   0.333   0.002   0.000   0.004   0.000 958207600
11.03    4.98    61.040
11.03 20.00   1.191   2.105
11.03 20.00   3.296    68.487
11.03 20.00   2.924   1.603   3.296   0.506
11.03 20.00   2.927   1.596   3.296   0.499

11.04  0.00   0.447   0.440   0.026   0.076   0.003   0.004   0.333   0.002   0.000   0.004   0.000 959076300
11.04    4.98    61.029
11.04 20.00   1.190   2.105
11.04 20.00   3.295    68.482
11.04 20.00   2.924   1.603   3.295   0.506
11.04 20.00   2.926   1.596   3.295   0.499

11.05  0.00   0.447   0.440   0.026   0.076   0.003   0.004   0.333   0.002   0.000   0.004   0.000 959945000
11.05    4.98    61.017
11.05 20.00   1.190   2.105
11.05 20.00   3.295    68.477
11.05 20.00   2.923   1.603   3.295   0.506
11.05 20.00   2.926   1.595   3.295   0.499

11.06  0.00   0.447   0.440   0.026   0.076   0.003   0.004   0.333   0.002   0.000   0.004   0.000 960813800
11.06    4.98    61.006
11.06 20.00   1.189   2.105
11.06 20.00   3.294    68.472
11.06 20.00   2.923   1.602   3.294   0.506
11.06 20.00   2.925   1.595   3.294   0.499

11.07  0.00   0.447   0.440   0.026   0.076   0.003   0.004   0.333   0.002   0.000   0.004   0.000 961682400
11.07    4.97    60.994
11.07 20.00   1.189   2.105
11.07 20.00   3.294    68.467
11.07 20.00   2.922   1.602   3.294   0.506
11.07 20.00   2.925   1.595   3.294   0.499

11.08  0.00   0.447   0.440   0.026   0.076   0.003   0.004   0.333   0.002   0.000   0.004   0.000 962551200
11.08    4.97    60.983
11.08 20.00   1.189   2.105
11.08 20.00   3.293    68.462
11.08 20.00   2.922   1.602   3.293   0.506
11.08 20.00   2.924   1.595   3.293   0.499

11.09  0.00   0.447   0.440   0.026   0.076   0.003   0.004   0.333   0.002   0.000   0.004   0.000 963420000
11.09    4.97    60.971
11.09 20.00   1.188   2.105
11.09 20.00   3.293    68.457
11.09 20.00   2.921   1.602   3.293   0.506
11.09 20.00   2.924   1.595   3.293   0.499

11.10  0.00   0.447   0.440   0.026   0.076   0.003   0.004   0.333   0.002   0.000   0.003   0.000 964288700
11.10    4.97    60.960
11.10 20.00   1.188   2.105
11.10 20.00   3.293    68.452
11.10 20.00   2.921   1.602   3.293   0.506
11.10 20.00   2.923   1.595   3.293   0.498

11.11  0.00   0.447   0.440   0.026   0.076   0.003   0.004   0.333   0.002   0.000   0.003   0.000 965157400
11.11    4.97    60.949
11.11 20.00   1.187   2.105
11.11 20.00   3.292    68.447
11.11 20.00   2.920   1.601   3.292   0.506
11.11 20.00   2.923   1.594   3.292   0.498

11.12  0.00   0.447   0.440   0.026   0.076   0.003   0.004   0.333   0.002   0.000   0.003   0.000 966026100
11.12    4.97    60.937
11.12 20.00   1.187   2.105
11.12 20.00   3.292    68.443
11.12 20.00   2.920   1.601   3.292   0.506
11.12 20.00   2.923   1.594   3.292   0.498

11.13  0.00   0.447   0.440   0.026   0.076   0.003   0.004   0.333   0.002   0.000   0.003   0.000 966894800
11.13    4.97    60.926
11.13 20.00   1.186   2.105
11.13 20.00   3.291    68.438
11.13 20.00   2.920   1.601   3.291   0.506
11.13 20.00   2.922   1.594   3.291   0.498

11.14  0.00   0.447   0.440   0.026   0.076   0.003   0.004   0.333   0.002   0.000   0.003   0.000 967763600
11.14    4.96    60.914
11.14 20.00   1.186   2.105
11.14 20.00   3.291    68.433
11.14 20.00   2.919   1.601   3.291   0.506
11.14 20.00   2.922   1.594   3.291   0.498

11.15  0.00   0.447   0.440   0.026   0.076   0.003   0.004   0.333   0.002   0.000   0.003   0.000 968632300
11.15    4.96    60.903
11.15 20.00   1.185   2.105
11.15 20.00   3.290    68.428
11.15 20.00   2.919   1.601   3.290   0.506
11.15 20.00   2.921   1.594   3.290   0.498

11.16  0.00   0.447   0.440   0.026   0.076   0.003   0.004   0.333   0.002   0.000   0.003   0.000 969501000
11.16    4.96    60.892
11.16 20.00   1.185   2.105
11.16 20.00   3.290    68.423
11.16 20.00   2.918   1.600   3.290   0.506
11.16 20.00   2.921   1.593   3.290   0.498

11.17  0.00   0.447   0.440   0.026   0.076   0.003   0.004   0.333   0.002   0.000   0.003   0.000 970369800
11.17    4.96    60.880
11.17 20.00   1.184   2.105
11.17 20.00   3.289    68.418
11.17 20.00   2.918   1.600   3.289   0.506
11.17 20.00   2.920   1.593   3.289   0.498

11.18  0.00   0.447   0.440   0.026   0.076   0.003   0.004   0.333   0.002   0.000   0.003   0.000 971238500
11.18    4.96    60.869
11.18 20.00   1.184   2.105
11.18 20.00   3.289    68.413
11.18 20.00   2.917   1.600   3.289   0.506
11.18 20.00   2.920   1.593   3.289   0.498

11.19  0.00   0.447   0.440   0.026   0.076   0.003   0.004   0.333   0.002   0.000   0.003   0.000 972107200
11.19    4.96    60.857
11.19 20.00   1.183   2.105
11.19 20.00   3.288    68.408
11.19 20.00   2.917   1.600   3.288   0.506
11.19 20.00   2.920   1.593   3.288   0.498

11.20  0.00   0.447   0.440   0.026   0.076   0.003   0.004   0.333   0.002   0.000   0.003   0.000 972975900
11.20    4.96    60.846
11.20 20.00   1.183   2.105
11.20 20.00   3.288    68.403
11.20 20.00   2.917   1.600   3.288   0.506
11.20 20.00   2.919   1.593   3.288   0.498

11.21  0.00   0.446   0.440   0.026   0.076   0.003   0.004   0.333   0.002   0.000   0.003   0.000 973844700
11.21    4.95    60.835
11.21 20.00   1.182   2.105
11.21 20.00   3.287    68.399
11.21 20.00   2.916   1.599   3.287   0.506
11.21 20.00   2.919   1.592   3.287   0.498

11.22  0.00   0.446   0.440   0.026   0.076   0.003   0.004   0.333   0.002   0.000   0.003   0.000 974713400
11.22    4.95    60.824
11.22 20.00   1.182   2.105
11.22 20.00   3.287    68.394
11.22 20.00   2.916   1.599   3.287   0.506
11.22 20.00   2.918   1.592   3.287   0.498

11.23  0.00   0.446   0.440   0.026   0.076   0.003   0.004   0.333   0.002   0.000   0.003   0.000 975582100
11.23    4.95    60.812
11.23 20.00   1.181   2.105
11.23 20.00   3.286    68.389
11.23 20.00   2.915   1.599   3.286   0.506
11.23 20.00   2.918   1.592   3.286   0.498

11.24  0.00   0.446   0.440   0.026   0.076   0.003   0.004   0.333   0.002   0.000   0.003   0.000 976450800
11.24    4.95    60.801
11.24 20.00   1.181   2.105
11.24 20.00   3.286    68.384
11.24 20.00   2.915   1.599   3.286   0.506
11.24 20.00   2.917   1.592   3.286   0.498

11.25  0.00   0.446   0.440   0.026   0.076   0.003   0.004   0.333   0.002   0.000   0.003   0.000 977319600
11.25    4.95    60.790
11.25 20.00   1.180   2.105
11.25 20.00   3.285    68.379
11.25 20.00   2.914   1.599   3.285   0.506
11.25 20.00   2.917   1.592   3.285   0.498

11.26  0.00   0.446   0.440   0.026   0.076   0.003   0.004   0.333   0.002   0.000   0.003   0.000 978188400
11.26    4.95    60.779
11.26 20.00   1.180   2.105
11.26 20.00   3.285    68.374
11.26 20.00   2.914   1.599   3.285   0.505
11.26 20.00   2.917   1.591   3.285   0.498

11.27  0.00   0.446   0.440   0.026   0.076   0.003   0.004   0.333   0.002   0.000   0.003   0.000 979057100
11.27    4.95    60.767
11.27 20.00   1.179   2.105
11.27 20.00   3.284    68.370
11.27 20.00   2.914   1.598   3.284   0.505
11.27 20.00   2.916   1.591   3.284   0.498

11.28  0.00   0.446   0.440   0.026   0.076   0.003   0.004   0.333   0.002   0.000   0.003   0.000 979925800
11.28    4.95    60.756
11.28 20.00   1.179   2.105
11.28 20.00   3.284    68.365
11.28 20.00   2.913   1.598   3.284   0.505
11.28 20.00   2.916   1.591   3.284   0.498

11.29  0.00   0.446   0.440   0.026   0.076   0.003   0.004   0.333   0.002   0.000   0.003   0.000 980794500
11.29    4.94    60.745
11.29 20.00   1.179   2.105
11.29 20.00   3.284    68.360
11.29 20.00   2.913   1.598   3.284   0.505
11.29 20.00   2.915   1.591   3.284   0.498

11.30  0.00   0.446   0.440   0.026   0.076   0.003   0.004   0.333   0.002   0.000   0.003   0.000 981663200
11.30    4.94    60.734
11.30 20.00   1.178   2.105
11.30 20.00   3.283    68.355
11.30 20.00   2.912   1.598   3.283   0.505
11.30 20.00   2.915   1.591   3.283   0.498

11.31  0.00   0.446   0.440   0.026   0.076   0.003   0.004   0.333   0.002   0.000   0.003   0.000 982532000
11.31    4.94    60.723
11.31 20.00   1.178   2.105
11.31 20.00   3.283    68.350
11.31 20.00   2.912   1.598   3.283   0.505
11.31 20.00   2.914   1.591   3.283   0.498

11.32  0.00   0.446   0.440   0.026   0.076   0.003   0.004   0.333   0.002   0.000   0.003   0.000 983400600
11.32    4.94    60.712
11.32 20.00   1.177   2.105
11.32 20.00   3.282    68.346
11.32 20.00   2.911   1.597   3.282   0.505
11.32 20.00   2.914   1.590   3.282   0.498

11.33  0.00   0.446   0.440   0.026   0.076   0.003   0.004   0.332   0.002   0.000   0.003   0.000 984269400
11.33    4.94    60.700
11.33 20.00   1.177   2.105
11.33 20.00   3.282    68.341
11.33 20.00   2.911   1.597   3.282   0.505
11.33 20.00   2.914   1.590   3.282   0.498

11.34  0.00   0.446   0.440   0.026   0.076   0.003   0.004   0.332   0.002   0.000   0.003   0.000 985138200
11.34    4.94    60.689
11.34 20.00   1.176   2.105
11.34 20.00   3.281    68.336
11.34 20.00   2.911   1.597   3.281   0.505
11.34 20.00   2.913   1.590   3.281   0.498

11.35  0.00   0.446   0.440   0.026   0.076   0.003   0.004   0.332   0.002   0.000   0.003   0.000 986006900
11.35    4.94    60.678
11.35 20.00   1.176   2.105
11.35 20.00   3.281    68.331
11.35 20.00   2.910   1.597   3.281   0.505
11.35 20.00   2.913   1.590   3.281   0.498

11.36  0.00   0.446   0.439   0.026   0.076   0.003   0.004   0.332   0.002   0.000   0.003   0.000 986875600
11.36    4.93    60.667
11.36 20.00   1.175   2.105
11.36 20.00   3.280    68.327
11.36 20.00   2.910   1.597   3.280   0.505
11.36 20.00   2.912   1.590   3.280   0.498

11.37  0.00   0.446   0.439   0.026   0.076   0.003   0.004   0.332   0.002   0.000   0.003   0.000 987744300
11.37    4.93    60.656
11.37 20.00   1.175   2.105
11.37 20.00   3.280    68.322
11.37 20.00   2.909   1.596   3.280   0.505
11.37 20.00   2.912   1.589   3.280   0.498

11.38  0.00   0.446   0.439   0.026   0.076   0.003   0.004   0.332   0.002   0.000   0.003   0.000 988613100
11.38    4.93    60.645
11.38 20.00   1.174   2.105
11.38 20.00   3.279    68.317
11.38 20.00   2.909   1.596   3.279   0.505
11.38 20.00   2.911   1.589   3.279   0.498

11.39  0.00   0.446   0.439   0.026   0.076   0.003   0.004   0.332   0.002   0.000   0.003   0.000 989481800
11.39    4.93    60.634
11.39 20.00   1.174   2.105
11.39 20.00   3.279    68.312
11.39 20.00   2.908   1.596   3.279   0.505
11.39 20.00   2.911   1.589   3.279   0.498

11.40  0.00   0.446   0.439   0.026   0.076   0.003   0.004   0.332   0.002   0.000   0.003   0.000 990350500
11.40    4.93    60.623
11.40 20.00   1.173   2.105
11.40 20.00   3.278    68.308
11.40 20.00   2.908   1.596   3.278   0.505
11.40 20.00   2.911   1.589   3.278   0.498

11.41  0.00   0.446   0.439   0.026   0.076   0.003   0.004   0.332   0.002   0.000   0.003   0.000 991219200
11.41    4.93    60.612
11.41 20.00   1.173   2.105
11.41 20.00   3.278    68.303
11.41 20.00   2.908   1.596   3.278   0.505
11.41 20.00   2.910   1.589   3.278   0.498

11.42  0.00   0.446   0.439   0.026   0.076   0.003   0.004   0.332   0.002   0.000   0.003   0.000 992088000
11.42    4.93    60.601
11.42 20.00   1.173   2.105
11.42 20.00   3.278    68.298
11.42 20.00   2.907   1.596   3.278   0.505
11.42 20.00   2.910   1.589   3.278   0.498

11.43  0.00   0.446   0.439   0.026   0.076   0.003   0.004   0.332   0.002   0.000   0.003   0.000 992956700
11.43    4.93    60.590
11.43 20.00   1.172   2.105
11.43 20.00   3.277    68.293
11.43 20.00   2.907   1.595   3.277   0.505
11.43 20.00   2.909   1.588   3.277   0.498

11.44  0.00   0.446   0.439   0.026   0.076   0.003   0.004   0.332   0.002   0.000   0.003   0.000 993825400
11.44    4.92    60.579
11.44 20.00   1.172   2.105
11.44 20.00   3.277    68.289
11.44 20.00   2.906   1.595   3.277   0.505
11.44 20.00   2.909   1.588   3.277   0.497

11.45  0.00   0.446   0.439   0.026   0.076   0.003   0.004   0.332   0.002   0.000   0.003   0.000 994694100
11.45    4.92    60.568
11.45 20.00   1.171   2.105
11.45 20.00   3.276    68.284
11.45 20.00   2.906   1.595   3.276   0.505
11.45 20.00   2.908   1.588   3.276   0.497

11.46  0.00   0.446   0.439   0.026   0.076   0.003   0.004   0.332   0.002   0.000   0.003   0.000 995562900
11.46    4.92    60.557
11.46 20.00   1.171   2.105
11.46 20.00   3.276    68.279
11.46 20.00   2.905   1.595   3.276   0.505
11.46 20.00   2.908   1.588   3.276   0.497

11.47  0.00   0.446   0.439   0.026   0.076   0.003   0.004   0.332   0.002   0.000   0.003   0.000 996431600
11.47    4.92    60.530
11.47 20.00   1.170   2.105
11.47 20.00   3.275    68.275
11.47 20.00   2.905   1.595   3.275   0.505
11.47 20.00   2.908   1.588   3.275   0.497

11.48  0.00   0.446   0.439   0.026   0.076   0.003   0.004   0.332   0.002   0.000   0.003   0.000 997300300
11.48    4.91    60.516
11.48 20.00   1.170   2.105
11.48 20.00   3.275    68.270
11.48 20.00   2.905   1.594   3.275   0.505
11.48 20.00   2.907   1.587   3.275   0.497

11.49  0.00   0.446   0.439   0.026   0.076   0.003   0.004   0.332   0.002   0.000   0.003   0.000 998169000
11.49    4.91    60.503
11.49 20.00   1.169   2.105
11.49 20.00   3.274    68.265
11.49 20.00   2.904   1.594   3.274   0.505
11.49 20.00   2.907   1.587   3.274   0.497

11.50  0.00   0.446   0.439   0.026   0.076   0.003   0.004   0.332   0.002   0.000   0.003   0.000 999037800
11.50    4.91    60.490
11.50 20.00   1.169   2.105
11.50 20.00   3.274    68.261
11.50 20.00   2.904   1.594   3.274   0.505
11.50 20.00   2.906   1.587   3.274   0.497

11.51  0.00   0.446   0.439   0.026   0.076   0.003   0.004   0.332   0.002   0.000   0.003   0.000 999906600
11.51    4.91    60.477
11.51 20.00   1.168   2.105
11.51 20.00   3.273    68.256
11.51 20.00   2.903   1.594   3.273   0.505
11.51 20.00   2.906   1.587   3.273   0.497

11.52  0.00   0.446   0.439   0.026   0.076   0.003   0.004   0.332   0.002   0.000   0.003   0.000 1000775000
11.52    4.91    60.464
11.52 20.00   1.168   2.105
11.52 20.00   3.273    68.252
11.52 20.00   2.903   1.594   3.273   0.505
11.52 20.00   2.906   1.587   3.273   0.497

11.53  0.00   0.446   0.439   0.026   0.076   0.003   0.004   0.332   0.002   0.000   0.003   0.000 1001644000
11.53    4.90    60.451
11.53 20.00   1.168   2.105
11.53 20.00   3.273    68.247
11.53 20.00   2.903   1.594   3.273   0.505
11.53 20.00   2.905   1.587   3.273   0.497

11.54  0.00   0.446   0.439   0.026   0.076   0.003   0.004   0.332   0.002   0.000   0.003   0.000 1002513000
11.54    4.90    60.438
11.54 20.00   1.167   2.105
11.54 20.00   3.272    68.242
11.54 20.00   2.902   1.593   3.272   0.505
11.54 20.00   2.905   1.586   3.272   0.497

11.55  0.00   0.446   0.439   0.026   0.076   0.003   0.004   0.332   0.002   0.000   0.003   0.000 1003381000
11.55    4.90    60.425
11.55 20.00   1.167   2.105
11.55 20.00   3.272    68.238
11.55 20.00   2.902   1.593   3.272   0.505
11.55 20.00   2.904   1.586   3.272   0.497

11.56  0.00   0.446   0.439   0.026   0.076   0.003   0.004   0.332   0.002   0.000   0.003   0.000 1004250000
11.56    4.90    60.412
11.56 20.00   1.166   2.105
11.56 20.00   3.271    68.233
11.56 20.00   2.901   1.593   3.271   0.505
11.56 20.00   2.904   1.586   3.271   0.497

11.57  0.00   0.446   0.439   0.026   0.076   0.003   0.004   0.332   0.002   0.000   0.003   0.000 1005119000
11.57    4.90    60.399
11.57 20.00   1.166   2.105
11.57 20.00   3.271    68.228
11.57 20.00   2.901   1.593   3.271   0.505
11.57 20.00   2.904   1.586   3.271   0.497

11.58  0.00   0.446   0.439   0.026   0.076   0.003   0.004   0.332   0.002   0.000   0.003   0.000 1005988000
11.58    4.89    60.386
11.58 20.00   1.165   2.105
11.58 20.00   3.270    68.224
11.58 20.00   2.901   1.593   3.270   0.505
11.58 20.00   2.903   1.586   3.270   0.497

11.59  0.00   0.446   0.439   0.026   0.076   0.003   0.004   0.332   0.002   0.000   0.003   0.000 1006856000
11.59    4.89    60.373
11.59 20.00   1.165   2.105
11.59 20.00   3.270    68.219
11.59 20.00   2.900   1.592   3.270   0.505
11.59 20.00   2.903   1.585   3.270   0.497

11.60  0.00   0.446   0.439   0.026   0.076   0.003   0.004   0.332   0.002   0.000   0.003   0.000 1007725000
11.60    4.89    60.360
11.60 20.00   1.164   2.105
11.60 20.00   3.269    68.215
11.60 20.00   2.900   1.592   3.269   0.505
11.60 20.00   2.902   1.585   3.269   0.497

11.61  0.00   0.445   0.439   0.026   0.076   0.003   0.004   0.332   0.002   0.000   0.003   0.000 1008594000
11.61    4.89    60.348
11.61 20.00   1.164   2.105
11.61 20.00   3.269    68.210
11.61 20.00   2.899   1.592   3.269   0.504
11.61 20.00   2.902   1.585   3.269   0.497

11.62  0.00   0.445   0.439   0.026   0.076   0.003   0.004   0.332   0.002   0.000   0.003   0.000 1009463000
11.62    4.89    60.335
11.62 20.00   1.164   2.105
11.62 20.00   3.269    68.206
11.62 20.00   2.899   1.592   3.269   0.504
11.62 20.00   2.901   1.585   3.269   0.497

11.63  0.00   0.445   0.439   0.026   0.076   0.003   0.004   0.332   0.002   0.000   0.003   0.000 1010331000
11.63    4.88    60.322
11.63 20.00   1.163   2.105
11.63 20.00   3.268    68.201
11.63 20.00   2.898   1.592   3.268   0.504
11.63 20.00   2.901   1.585   3.268   0.497

11.64  0.00   0.445   0.439   0.026   0.076   0.003   0.004   0.332   0.002   0.000   0.003   0.000 1011200000
11.64    4.88    60.309
11.64 20.00   1.163   2.105
11.64 20.00   3.268    68.196
11.64 20.00   2.898   1.592   3.268   0.504
11.64 20.00   2.901   1.585   3.268   0.497

11.65  0.00   0.445   0.439   0.026   0.076   0.003   0.004   0.332   0.002   0.000   0.003   0.000 1012069000
11.65    4.88    60.296
11.65 20.00   1.162   2.105
11.65 20.00   3.267    68.192
11.65 20.00   2.898   1.591   3.267   0.504
11.65 20.00   2.900   1.584   3.267   0.497

11.66  0.00   0.445   0.439   0.026   0.076   0.003   0.004   0.332   0.002   0.000   0.003   0.000 1012937000
11.66    4.88    60.283
11.66 20.00   1.162   2.105
11.66 20.00   3.267    68.187
11.66 20.00   2.897   1.591   3.267   0.504
11.66 20.00   2.900   1.584   3.267   0.497

11.67  0.00   0.445   0.439   0.026   0.076   0.003   0.004   0.332   0.002   0.000   0.003   0.000 1013806000
11.67    4.88    60.270
11.67 20.00   1.161   2.105
11.67 20.00   3.266    68.183
11.67 20.00   2.897   1.591   3.266   0.504
11.67 20.00   2.899   1.584   3.266   0.497

11.68  0.00   0.445   0.439   0.026   0.076   0.003   0.004   0.332   0.002   0.000   0.003   0.000 1014675000
11.68    4.88    60.257
11.68 20.00   1.161   2.105
11.68 20.00   3.266    68.178
11.68 20.00   2.896   1.591   3.266   0.504
11.68 20.00   2.899   1.584   3.266   0.497

11.69  0.00   0.445   0.439   0.026   0.076   0.003   0.004   0.332   0.002   0.000   0.003   0.000 1015544000
11.69    4.87    60.245
11.69 20.00   1.161   2.105
11.69 20.00   3.265    68.174
11.69 20.00   2.896   1.591   3.265   0.504
11.69 20.00   2.899   1.584   3.265   0.497

11.70  0.00   0.445   0.439   0.026   0.076   0.003   0.004   0.332   0.002   0.000   0.003   0.000 1016412000
11.70    4.87    60.232
11.70 20.00   1.160   2.105
11.70 20.00   3.265    68.169
11.70 20.00   2.896   1.591   3.265   0.504
11.70 20.00   2.898   1.584   3.265   0.497

11.71  0.00   0.445   0.439   0.026   0.076   0.003   0.004   0.332   0.002   0.000   0.003   0.000 1017281000
11.71    4.87    60.219
11.71 20.00   1.160   2.105
11.71 20.00   3.265    68.165
11.71 20.00   2.895   1.590   3.265   0.504
11.71 20.00   2.898   1.583   3.265   0.497

11.72  0.00   0.445   0.439   0.026   0.076   0.003   0.004   0.332   0.002   0.000   0.003   0.000 1018150000
11.72    4.87    60.206
11.72 20.00   1.159   2.105
11.72 20.00   3.264    68.160
11.72 20.00   2.895   1.590   3.264   0.504
11.72 20.00   2.897   1.583   3.264   0.497

11.73  0.00   0.445   0.439   0.026   0.076   0.003   0.004   0.332   0.002   0.000   0.003   0.000 1019018000
11.73    4.87    60.193
11.73 20.00   1.159   2.105
11.73 20.00   3.264    68.156
11.73 20.00   2.894   1.590   3.264   0.504
11.73 20.00   2.897   1.583   3.264   0.497

11.74  0.00   0.445   0.439   0.026   0.076   0.003   0.004   0.332   0.002   0.000   0.003   0.000 1019887000
11.74    4.86    60.181
11.74 20.00   1.158   2.105
11.74 20.00   3.263    68.151
11.74 20.00   2.894   1.590   3.263   0.504
11.74 20.00   2.897   1.583   3.263   0.497

11.75  0.00   0.445   0.439   0.026   0.076   0.003   0.004   0.332   0.002   0.000   0.003   0.000 1020756000
11.75    4.86    60.168
11.75 20.00   1.158   2.105
11.75 20.00   3.263    68.147
11.75 20.00   2.894   1.590   3.263   0.504
11.75 20.00   2.896   1.583   3.263   0.497

11.76  0.00   0.445   0.439   0.026   0.076   0.003   0.004   0.332   0.002   0.000   0.003   0.000 1021625000
11.76    4.86    60.155
11.76 20.00   1.157   2.105
11.76 20.00   3.262    68.142
11.76 20.00   2.893   1.590   3.262   0.504
11.76 20.00   2.896   1.582   3.262   0.497

11.77  0.00   0.445   0.438   0.026   0.076   0.003   0.004   0.332   0.002   0.000   0.003   0.000 1022494000
11.77    4.86    60.142
11.77 20.00   1.157   2.105
11.77 20.00   3.262    68.138
11.77 20.00   2.893   1.589   3.262   0.504
11.77 20.00   2.895   1.582   3.262   0.497

11.78  0.00   0.445   0.438   0.026   0.076   0.003   0.004   0.332   0.002   0.000   0.003   0.000 1023362000
11.78    4.86    60.130
11.78 20.00   1.157   2.105
11.78 20.00   3.262    68.133
11.78 20.00   2.892   1.589   3.262   0.504
11.78 20.00   2.895   1.582   3.262   0.497

11.79  0.00   0.445   0.438   0.026   0.076   0.003   0.004   0.332   0.002   0.000   0.003   0.000 1024231000
11.79    4.85    60.117
11.79 20.00   1.156   2.105
11.79 20.00   3.261    68.129
11.79 20.00   2.892   1.589   3.261   0.504
11.79 20.00   2.895   1.582   3.261   0.497

11.80  0.00   0.445   0.438   0.026   0.076   0.003   0.004   0.332   0.002   0.000   0.003   0.000 1025100000
11.80    4.85    60.104
11.80 20.00   1.156   2.105
11.80 20.00   3.261    68.124
11.80 20.00   2.892   1.589   3.261   0.504
11.80 20.00   2.894   1.582   3.261   0.496

11.81  0.00   0.445   0.438   0.026   0.076   0.003   0.004   0.332   0.002   0.000   0.003   0.000 1025968000
11.81    4.85    60.092
11.81 20.00   1.155   2.105
11.81 20.00   3.260    68.120
11.81 20.00   2.891   1.589   3.260   0.504
11.81 20.00   2.894   1.582   3.260   0.496

11.82  0.00   0.445   0.438   0.026   0.076   0.003   0.004   0.332   0.002   0.000   0.003   0.000 1026837000
11.82    4.85    60.079
11.82 20.00   1.155   2.105
11.82 20.00   3.260    68.116
11.82 20.00   2.891   1.588   3.260   0.504
11.82 20.00   2.893   1.581   3.260   0.496

11.83  0.00   0.445   0.438   0.026   0.076   0.003   0.004   0.332   0.002   0.000   0.003   0.000 1027706000
11.83    4.85    60.066
11.83 20.00   1.154   2.105
11.83 20.00   3.259    68.111
11.83 20.00   2.891   1.588   3.259   0.504
11.83 20.00   2.893   1.581   3.259   0.496

11.84  0.00   0.445   0.438   0.026   0.076   0.003   0.004   0.332   0.002   0.000   0.003   0.000 1028575000
11.84    4.85    60.054
11.84 20.00   1.154   2.105
11.84 20.00   3.259    68.107
11.84 20.00   2.890   1.588   3.259   0.504
11.84 20.00   2.893   1.581   3.259   0.496

11.85  0.00   0.445   0.438   0.026   0.076   0.003   0.004   0.332   0.002   0.000   0.003   0.000 1029443000
11.85    4.84    60.041
11.85 20.00   1.154   2.105
11.85 20.00   3.259    68.102
11.85 20.00   2.890   1.588   3.259   0.504
11.85 20.00   2.892   1.581   3.259   0.496

11.86  0.00   0.445   0.438   0.026   0.076   0.003   0.004   0.332   0.002   0.000   0.003   0.000 1030312000
11.86    4.84    60.028
11.86 20.00   1.153   2.105
11.86 20.00   3.258    68.098
11.86 20.00   2.889   1.588   3.258   0.504
11.86 20.00   2.892   1.581   3.258   0.496

11.87  0.00   0.445   0.438   0.026   0.076   0.003   0.004   0.332   0.002   0.000   0.003   0.000 1031181000
11.87    4.84    60.016
11.87 20.00   1.153   2.105
11.87 20.00   3.258    68.094
11.87 20.00   2.889   1.588   3.258   0.504
11.87 20.00   2.892   1.581   3.258   0.496

11.88  0.00   0.445   0.438   0.026   0.076   0.003   0.004   0.332   0.002   0.000   0.003   0.000 1032049000
11.88    4.84    60.003
11.88 20.00   1.152   2.105
11.88 20.00   3.257    68.089
11.88 20.00   2.889   1.587   3.257   0.504
11.88 20.00   2.891   1.580   3.257   0.496

11.89  0.00   0.445   0.438   0.026   0.076   0.003   0.004   0.332   0.002   0.000   0.003   0.000 1032918000
11.89    4.84    59.991
11.89 20.00   1.152   2.105
11.89 20.00   3.257    68.085
11.89 20.00   2.888   1.587   3.257   0.504
11.89 20.00   2.891   1.580   3.257   0.496

11.90  0.00   0.445   0.438   0.026   0.076   0.003   0.004   0.332   0.002   0.000   0.003   0.000 1033787000
11.90    4.83    59.978
11.90 20.00   1.151   2.105
11.90 20.00   3.256    68.080
11.90 20.00   2.888   1.587   3.256   0.504
11.90 20.00   2.890   1.580   3.256   0.496

11.91  0.00   0.445   0.438   0.026   0.076   0.003   0.004   0.332   0.002   0.000   0.003   0.000 1034656000
11.91    4.83    59.965
11.91 20.00   1.151   2.105
11.91 20.00   3.256    68.076
11.91 20.00   2.887   1.587   3.256   0.504
11.91 20.00   2.890   1.580   3.256   0.496

11.92  0.00   0.445   0.438   0.026   0.076   0.003   0.004   0.332   0.002   0.000   0.003   0.000 1035524000
11.92    4.83    59.953
11.92 20.00   1.151   2.105
11.92 20.00   3.256    68.072
11.92 20.00   2.887   1.587   3.256   0.504
11.92 20.00   2.890   1.580   3.256   0.496

11.93  0.00   0.445   0.438   0.026   0.076   0.003   0.004   0.332   0.002   0.000   0.003   0.000 1036393000
11.93    4.83    59.940
11.93 20.00   1.150   2.105
11.93 20.00   3.255    68.067
11.93 20.00   2.887   1.587   3.255   0.504
11.93 20.00   2.889   1.580   3.255   0.496

11.94  0.00   0.445   0.438   0.026   0.076   0.003   0.004   0.332   0.002   0.000   0.003   0.000 1037262000
11.94    4.83    59.928
11.94 20.00   1.150   2.105
11.94 20.00   3.255    68.063
11.94 20.00   2.886   1.586   3.255   0.504
11.94 20.00   2.889   1.579   3.255   0.496

11.95  0.00   0.445   0.438   0.026   0.076   0.002   0.004   0.332   0.002   0.000   0.003   0.000 1038131000
11.95    4.83    59.915
11.95 20.00   1.149   2.105
11.95 20.00   3.254    68.059
11.95 20.00   2.886   1.586   3.254   0.504
11.95 20.00   2.888   1.579   3.254   0.496

11.96  0.00   0.445   0.438   0.026   0.076   0.002   0.004   0.332   0.002   0.000   0.003   0.000 1038999000
11.96    4.82    59.903
11.96 20.00   1.149   2.105
11.96 20.00   3.254    68.054
11.96 20.00   2.885   1.586   3.254   0.504
11.96 20.00   2.888   1.579   3.254   0.496

11.97  0.00   0.445   0.438   0.026   0.076   0.002   0.004   0.332   0.002   0.000   0.003   0.000 1039868000
11.97    4.82    59.890
11.97 20.00   1.149   2.105
11.97 20.00   3.254    68.050
11.97 20.00   2.885   1.586   3.254   0.504
11.97 20.00   2.888   1.579   3.254   0.496

11.98  0.00   0.445   0.438   0.026   0.076   0.002   0.004   0.332   0.002   0.000   0.003   0.000 1040737000
11.98    4.82    59.878
11.98 20.00   1.148   2.105
11.98 20.00   3.253    68.046
11.98 20.00   2.885   1.586   3.253   0.504
11.98 20.00   2.887   1.579   3.253   0.496

11.99  0.00   0.445   0.438   0.026   0.076   0.002   0.004   0.332   0.002   0.000   0.003   0.000 1041606000
11.99    4.82    59.865
11.99 20.00   1.148   2.105
11.99 20.00   3.253    68.041
11.99 20.00   2.884   1.586   3.253   0.503
11.99 20.00   2.887   1.579   3.253   0.496

12.00  0.00   0.445   0.438   0.026   0.076   0.002   0.004   0.332   0.002   0.000   0.003   0.000 1042474000
12.00    4.82    59.853
12.00 20.00   1.147   2.105
12.00 20.00   3.252    68.037
12.00 20.00   2.884   1.585   3.252   0.503
12.00 20.00   2.886   1.578   3.252   0.496

12.01  0.00   0.445   0.438   0.026   0.076   0.002   0.004   0.332   0.002   0.000   0.003   0.000 1043343000
12.01    4.82    59.840
12.01 20.00   1.147   2.105
12.01 20.00   3.252    68.033
12.01 20.00   2.884   1.585   3.252   0.503
12.01 20.00   2.886   1.578   3.252   0.496

12.02  0.00   0.445   0.438   0.026   0.076   0.002   0.004   0.332   0.002   0.000   0.003   0.000 1044212000
12.02    4.81    59.828
12.02 20.00   1.146   2.105
12.02 20.00   3.251    68.028
12.02 20.00   2.883   1.585   3.251   0.503
12.02 20.00   2.886   1.578   3.251   0.496

12.03  0.00   0.445   0.438   0.026   0.076   0.002   0.004   0.332   0.002   0.000   0.003   0.000 1045080000
12.03    4.81    59.816
12.03 20.00   1.146   2.105
12.03 20.00   3.251    68.024
12.03 20.00   2.883   1.585   3.251   0.503
12.03 20.00   2.885   1.578   3.251   0.496

12.04  0.00   0.444   0.438   0.026   0.076   0.002   0.004   0.332   0.002   0.000   0.003   0.000 1045949000
12.04    4.81    59.803
12.04 20.00   1.146   2.105
12.04 20.00   3.251    68.020
12.04 20.00   2.882   1.585   3.251   0.503
12.04 20.00   2.885   1.578   3.251   0.496

12.05  0.00   0.444   0.438   0.026   0.076   0.002   0.004   0.332   0.002   0.000   0.003   0.000 1046818000
12.05    4.81    59.791
12.05 20.00   1.145   2.105
12.05 20.00   3.250    68.015
12.05 20.00   2.882   1.585   3.250   0.503
12.05 20.00   2.885   1.578   3.250   0.496

12.06  0.00   0.444   0.438   0.026   0.076   0.002   0.004   0.332   0.002   0.000   0.003   0.000 1047687000
12.06    4.81    59.778
12.06 20.00   1.145   2.105
12.06 20.00   3.250    68.011
12.06 20.00   2.882   1.584   3.250   0.503
12.06 20.00   2.884   1.577   3.250   0.496

12.07  0.00   0.444   0.438   0.026   0.076   0.002   0.004   0.332   0.002   0.000   0.003   0.000 1048555000
12.07    4.80    59.766
12.07 20.00   1.144   2.105
12.07 20.00   3.249    68.007
12.07 20.00   2.881   1.584   3.249   0.503
12.07 20.00   2.884   1.577   3.249   0.496

12.08  0.00   0.444   0.438   0.026   0.076   0.002   0.004   0.332   0.002   0.000   0.003   0.000 1049424000
12.08    4.80    59.754
12.08 20.00   1.144   2.105
12.08 20.00   3.249    68.003
12.08 20.00   2.881   1.584   3.249   0.503
12.08 20.00   2.883   1.577   3.249   0.496

12.09  0.00   0.444   0.438   0.026   0.076   0.002   0.004   0.332   0.002   0.000   0.003   0.000 1050293000
12.09    4.80    59.741
12.09 20.00   1.144   2.105
12.09 20.00   3.249    67.998
12.09 20.00   2.881   1.584   3.249   0.503
12.09 20.00   2.883   1.577   3.249   0.496

12.10  0.00   0.444   0.438   0.026   0.075   0.002   0.004   0.332   0.002   0.000   0.003   0.000 1051162000
12.10    4.80    59.729
12.10 20.00   1.143   2.105
12.10 20.00   3.248    67.994
12.10 20.00   2.880   1.584   3.248   0.503
12.10 20.00   2.883   1.577   3.248   0.496

12.11  0.00   0.444   0.438   0.026   0.075   0.002   0.004   0.331   0.002   0.000   0.003   0.000 1052030000
12.11    4.80    59.717
12.11 20.00   1.143   2.105
12.11 20.00   3.248    67.990
12.11 20.00   2.880   1.584   3.248   0.503
12.11 20.00   2.882   1.577   3.248   0.496

12.12  0.00   0.444   0.438   0.026   0.075   0.002   0.004   0.331   0.002   0.000   0.003   0.000 1052899000
12.12    4.80    59.704
12.12 20.00   1.142   2.105
12.12 20.00   3.247    67.986
12.12 20.00   2.879   1.583   3.247   0.503
12.12 20.00   2.882   1.576   3.247   0.496

12.13  0.00   0.444   0.438   0.026   0.075   0.002   0.004   0.331   0.002   0.000   0.003   0.000 1053768000
12.13    4.79    59.692
12.13 20.00   1.142   2.105
12.13 20.00   3.247    67.981
12.13 20.00   2.879   1.583   3.247   0.503
12.13 20.00   2.882   1.576   3.247   0.496

12.14  0.00   0.444   0.438   0.026   0.075   0.002   0.004   0.331   0.002   0.000   0.003   0.000 1054636000
12.14    4.79    59.680
12.14 20.00   1.141   2.105
12.14 20.00   3.246    67.977
12.14 20.00   2.879   1.583   3.246   0.503
12.14 20.00   2.881   1.576   3.246   0.496

12.15  0.00   0.444   0.438   0.026   0.075   0.002   0.004   0.331   0.002   0.000   0.003   0.000 1055505000
12.15    4.79    59.667
12.15 20.00   1.141   2.105
12.15 20.00   3.246    67.973
12.15 20.00   2.878   1.583   3.246   0.503
12.15 20.00   2.881   1.576   3.246   0.496

12.16  0.00   0.444   0.438   0.026   0.075   0.002   0.004   0.331   0.002   0.000   0.003   0.000 1056374000
12.16    4.79    59.655
12.16 20.00   1.141   2.105
12.16 20.00   3.246    67.969
12.16 20.00   2.878   1.583   3.246   0.503
12.16 20.00   2.880   1.576   3.246   0.496

12.17  0.00   0.444   0.438   0.026   0.075   0.002   0.004   0.331   0.002   0.000   0.003   0.000 1057243000
12.17    4.79    59.643
12.17 20.00   1.140   2.105
12.17 20.00   3.245    67.964
12.17 20.00   2.877   1.583   3.245   0.503
12.17 20.00   2.880   1.576   3.245   0.496

12.18  0.00   0.444   0.438   0.026   0.075   0.002   0.004   0.331   0.002   0.000   0.003   0.000 1058111000
12.18    4.79    59.631
12.18 20.00   1.140   2.105
12.18 20.00   3.245    67.960
12.18 20.00   2.877   1.582   3.245   0.503
12.18 20.00   2.880   1.575   3.245   0.496

12.19  0.00   0.444   0.438   0.026   0.075   0.002   0.004   0.331   0.002   0.000   0.003   0.000 1058980000
12.19    4.78    59.618
12.19 20.00   1.139   2.105
12.19 20.00   3.244    67.956
12.19 20.00   2.877   1.582   3.244   0.503
12.19 20.00   2.879   1.575   3.244   0.495

12.20  0.00   0.444   0.438   0.026   0.075   0.002   0.004   0.331   0.002   0.000   0.003   0.000 1059849000
12.20    4.78    59.606
12.20 20.00   1.139   2.105
12.20 20.00   3.244    67.952
12.20 20.00   2.876   1.582   3.244   0.503
12.20 20.00   2.879   1.575   3.244   0.495

12.21  0.00   0.444   0.437   0.026   0.075   0.002   0.004   0.331   0.002   0.000   0.003   0.000 1060718000
12.21    4.78    59.594
12.21 20.00   1.139   2.105
12.21 20.00   3.244    67.948
12.21 20.00   2.876   1.582   3.244   0.503
12.21 20.00   2.879   1.575   3.244   0.495

12.22  0.00   0.444   0.437   0.026   0.075   0.002   0.004   0.331   0.002   0.000   0.003   0.000 1061586000
12.22    4.78    59.582
12.22 20.00   1.138   2.105
12.22 20.00   3.243    67.943
12.22 20.00   2.876   1.582   3.243   0.503
12.22 20.00   2.878   1.575   3.243   0.495

12.23  0.00   0.444   0.437   0.026   0.075   0.002   0.004   0.331   0.002   0.000   0.003   0.000 1062455000
12.23    4.78    59.570
12.23 20.00   1.138   2.105
12.23 20.00   3.243    67.939
12.23 20.00   2.875   1.582   3.243   0.503
12.23 20.00   2.878   1.575   3.243   0.495

12.24  0.00   0.444   0.437   0.026   0.075   0.002   0.004   0.331   0.002   0.000   0.003   0.000 1063324000
12.24    4.77    59.557
12.24 20.00   1.137   2.105
12.24 20.00   3.242    67.935
12.24 20.00   2.875   1.582   3.242   0.503
12.24 20.00   2.877   1.574   3.242   0.495

12.25  0.00   0.444   0.437   0.026   0.075   0.002   0.004   0.331   0.002   0.000   0.003   0.000 1064192000
12.25    4.77    59.545
12.25 20.00   1.137   2.105
12.25 20.00   3.242    67.931
12.25 20.00   2.875   1.581   3.242   0.503
12.25 20.00   2.877   1.574   3.242   0.495

12.26  0.00   0.444   0.437   0.026   0.075   0.002   0.004   0.331   0.002   0.000   0.003   0.000 1065061000
12.26    4.77    59.533
12.26 20.00   1.137   2.105
12.26 20.00   3.242    67.927
12.26 20.00   2.874   1.581   3.242   0.503
12.26 20.00   2.877   1.574   3.242   0.495

12.27  0.00   0.444   0.437   0.026   0.075   0.002   0.004   0.331   0.002   0.000   0.003   0.000 1065930000
12.27    4.77    59.521
12.27 20.00   1.136   2.105
12.27 20.00   3.241    67.923
12.27 20.00   2.874   1.581   3.241   0.503
12.27 20.00   2.876   1.574   3.241   0.495

12.28  0.00   0.444   0.437   0.026   0.075   0.002   0.004   0.331   0.002   0.000   0.003   0.000 1066799000
12.28    4.77    59.509
12.28 20.00   1.136   2.105
12.28 20.00   3.241    67.918
12.28 20.00   2.873   1.581   3.241   0.503
12.28 20.00   2.876   1.574   3.241   0.495

12.29  0.00   0.444   0.437   0.026   0.075   0.002   0.004   0.331   0.002   0.000   0.003   0.000 1067667000
12.29    4.77    59.497
12.29 20.00   1.135   2.105
12.29 20.00   3.240    67.914
12.29 20.00   2.873   1.581   3.240   0.503
12.29 20.00   2.876   1.574   3.240   0.495

12.30  0.00   0.444   0.437   0.026   0.075   0.002   0.004   0.331   0.002   0.000   0.003   0.000 1068536000
12.30    4.76    59.485
12.30 20.00   1.135   2.105
12.30 20.00   3.240    67.910
12.30 20.00   2.873   1.581   3.240   0.503
12.30 20.00   2.875   1.574   3.240   0.495

12.31  0.00   0.444   0.437   0.026   0.075   0.002   0.004   0.331   0.002   0.000   0.003   0.000 1069405000
12.31    4.76    59.472
12.31 20.00   1.135   2.105
12.31 20.00   3.240    67.906
12.31 20.00   2.872   1.580   3.240   0.503
12.31 20.00   2.875   1.573   3.240   0.495

12.32  0.00   0.444   0.437   0.026   0.075   0.002   0.004   0.331   0.002   0.000   0.003   0.000 1070274000
12.32    4.76    59.460
12.32 20.00   1.134   2.105
12.32 20.00   3.239    67.902
12.32 20.00   2.872   1.580   3.239   0.503
12.32 20.00   2.875   1.573   3.239   0.495

12.33  0.00   0.444   0.437   0.026   0.075   0.002   0.004   0.331   0.002   0.000   0.003   0.000 1071142000
12.33    4.76    59.448
12.33 20.00   1.134   2.105
12.33 20.00   3.239    67.898
12.33 20.00   2.872   1.580   3.239   0.503
12.33 20.00   2.874   1.573   3.239   0.495

12.34  0.00   0.444   0.437   0.026   0.075   0.002   0.004   0.331   0.002   0.000   0.003   0.000 1072011000
12.34    4.76    59.436
12.34 20.00   1.133   2.105
12.34 20.00   3.238    67.894
12.34 20.00   2.871   1.580   3.238   0.503
12.34 20.00   2.874   1.573   3.238   0.495

12.35  0.00   0.444   0.437   0.026   0.075   0.002   0.004   0.331   0.002   0.000   0.003   0.000 1072880000
12.35    4.76    59.424
12.35 20.00   1.133   2.105
12.35 20.00   3.238    67.890
12.35 20.00   2.871   1.580   3.238   0.503
12.35 20.00   2.873   1.573   3.238   0.495

12.36  0.00   0.444   0.437   0.026   0.075   0.002   0.004   0.331   0.002   0.000   0.003   0.000 1073748000
12.36    4.75    59.412
12.36 20.00   1.133   2.105
12.36 20.00   3.238    67.885
12.36 20.00   2.871   1.580   3.238   0.503
12.36 20.00   2.873   1.573   3.238   0.495

12.37  0.00   0.444   0.437   0.026   0.075   0.002   0.004   0.331   0.002   0.000   0.003   0.000 1074617000
12.37    4.75    59.400
12.37 20.00   1.132   2.105
12.37 20.00   3.237    67.881
12.37 20.00   2.870   1.579   3.237   0.503
12.37 20.00   2.873   1.572   3.237   0.495

12.38  0.00   0.444   0.437   0.026   0.075   0.002   0.004   0.331   0.002   0.000   0.003   0.000 1075486000
12.38    4.75    59.388
12.38 20.00   1.132   2.105
12.38 20.00   3.237    67.877
12.38 20.00   2.870   1.579   3.237   0.503
12.38 20.00   2.872   1.572   3.237   0.495

12.39  0.00   0.444   0.437   0.026   0.075   0.002   0.004   0.331   0.002   0.000   0.003   0.000 1076355000
12.39    4.75    59.376
12.39 20.00   1.131   2.105
12.39 20.00   3.236    67.873
12.39 20.00   2.869   1.579   3.236   0.502
12.39 20.00   2.872   1.572   3.236   0.495

12.40  0.00   0.444   0.437   0.026   0.075   0.002   0.004   0.331   0.002   0.000   0.003   0.000 1077223000
12.40    4.75    59.364
12.40 20.00   1.131   2.105
12.40 20.00   3.236    67.869
12.40 20.00   2.869   1.579   3.236   0.502
12.40 20.00   2.872   1.572   3.236   0.495

12.41  0.00   0.444   0.437   0.026   0.075   0.002   0.004   0.331   0.002   0.000   0.003   0.000 1078092000
12.41    4.75    59.352
12.41 20.00   1.131   2.105
12.41 20.00   3.236    67.865
12.41 20.00   2.869   1.579   3.236   0.502
12.41 20.00   2.871   1.572   3.236   0.495

12.42  0.00   0.444   0.437   0.026   0.075   0.002   0.004   0.331   0.002   0.000   0.003   0.000 1078961000
12.42    4.74    59.340
12.42 20.00   1.130   2.105
12.42 20.00   3.235    67.861
12.42 20.00   2.868   1.579   3.235   0.502
12.42 20.00   2.871   1.572   3.235   0.495

12.43  0.00   0.444   0.437   0.026   0.075   0.002   0.004   0.331   0.002   0.000   0.003   0.000 1079830000
12.43    4.74    59.328
12.43 20.00   1.130   2.105
12.43 20.00   3.235    67.857
12.43 20.00   2.868   1.579   3.235   0.502
12.43 20.00   2.871   1.571   3.235   0.495

12.44  0.00   0.444   0.437   0.026   0.075   0.002   0.004   0.331   0.002   0.000   0.003   0.000 1080698000
12.44    4.74    59.316
12.44 20.00   1.130   2.105
12.44 20.00   3.235    67.853
12.44 20.00   2.868   1.578   3.235   0.502
12.44 20.00   2.870   1.571   3.235   0.495

12.45  0.00   0.444   0.437   0.026   0.075   0.002   0.004   0.331   0.002   0.000   0.003   0.000 1081567000
12.45    4.74    59.304
12.45 20.00   1.129   2.105
12.45 20.00   3.234    67.849
12.45 20.00   2.867   1.578   3.234   0.502
12.45 20.00   2.870   1.571   3.234   0.495

12.46  0.00   0.444   0.437   0.026   0.075   0.002   0.004   0.331   0.002   0.000   0.003   0.000 1082436000
12.46    4.74    59.292
12.46 20.00   1.129   2.105
12.46 20.00   3.234    67.845
12.46 20.00   2.867   1.578   3.234   0.502
12.46 20.00   2.869   1.571   3.234   0.495

12.47  0.00   0.444   0.437   0.026   0.075   0.002   0.004   0.331   0.002   0.000   0.003   0.000 1083304000
12.47    4.74    59.280
12.47 20.00   1.128   2.105
12.47 20.00   3.233    67.841
12.47 20.00   2.867   1.578   3.233   0.502
12.47 20.00   2.869   1.571   3.233   0.495

12.48  0.00   0.444   0.437   0.026   0.075   0.002   0.004   0.331   0.002   0.000   0.003   0.000 1084173000
12.48    4.73    59.269
12.48 20.00   1.128   2.105
12.48 20.00   3.233    67.837
12.48 20.00   2.866   1.578   3.233   0.502
12.48 20.00   2.869   1.571   3.233   0.495

12.49  0.00   0.444   0.437   0.026   0.075   0.002   0.004   0.331   0.002   0.000   0.003   0.000 1085042000
12.49    4.73    59.257
12.49 20.00   1.128   2.105
12.49 20.00   3.233    67.833
12.49 20.00   2.866   1.578   3.233   0.502
12.49 20.00   2.868   1.571   3.233   0.495

12.50  0.00   0.443   0.437   0.026   0.075   0.002   0.004   0.331   0.002   0.000   0.003   0.000 1085911000
12.50    4.73    59.245
12.50 20.00   1.127   2.105
12.50 20.00   3.232    67.829
12.50 20.00   2.865   1.577   3.232   0.502
12.50 20.00   2.868   1.570   3.232   0.495

12.51  0.00   0.443   0.437   0.026   0.075   0.002   0.004   0.331   0.002   0.000   0.003   0.000 1086779000
12.51    4.73    59.233
12.51 20.00   1.127   2.105
12.51 20.00   3.232    67.825
12.51 20.00   2.865   1.577   3.232   0.502
12.51 20.00   2.868   1.570   3.232   0.495

12.52  0.00   0.443   0.437   0.026   0.075   0.002   0.004   0.331   0.002   0.000   0.003   0.000 1087648000
12.52    4.73    59.221
12.52 20.00   1.126   2.105
12.52 20.00   3.231    67.821
12.52 20.00   2.865   1.577   3.231   0.502
12.52 20.00   2.867   1.570   3.231   0.495

12.53  0.00   0.443   0.437   0.026   0.075   0.002   0.004   0.331   0.002   0.000   0.003   0.000 1088517000
12.53    4.73    59.209
12.53 20.00   1.126   2.105
12.53 20.00   3.231    67.817
12.53 20.00   2.864   1.577   3.231   0.502
12.53 20.00   2.867   1.570   3.231   0.495

12.54  0.00   0.443   0.437   0.026   0.075   0.002   0.004   0.331   0.002   0.000   0.003   0.000 1089386000
12.54    4.72    59.197
12.54 20.00   1.126   2.105
12.54 20.00   3.231    67.813
12.54 20.00   2.864   1.577   3.231   0.502
12.54 20.00   2.867   1.570   3.231   0.495

12.55  0.00   0.443   0.437   0.026   0.075   0.002   0.004   0.331   0.002   0.000   0.003   0.000 1090254000
12.55    4.72    59.185
12.55 20.00   1.125   2.105
12.55 20.00   3.230    67.809
12.55 20.00   2.864   1.577   3.230   0.502
12.55 20.00   2.866   1.570   3.230   0.495

12.56  0.00   0.443   0.437   0.026   0.075   0.002   0.004   0.331   0.002   0.000   0.003   0.000 1091123000
12.56    4.72    59.174
12.56 20.00   1.125   2.105
12.56 20.00   3.230    67.805
12.56 20.00   2.863   1.576   3.230   0.502
12.56 20.00   2.866   1.569   3.230   0.495

12.57  0.00   0.443   0.437   0.026   0.075   0.002   0.004   0.331   0.002   0.000   0.003   0.000 1091992000
12.57    4.72    59.162
12.57 20.00   1.124   2.105
12.57 20.00   3.229    67.801
12.57 20.00   2.863   1.576   3.229   0.502
12.57 20.00   2.866   1.569   3.229   0.495

12.58  0.00   0.443   0.437   0.026   0.075   0.002   0.004   0.331   0.002   0.000   0.003   0.000 1092860000
12.58    4.72    59.150
12.58 20.00   1.124   2.105
12.58 20.00   3.229    67.797
12.58 20.00   2.863   1.576   3.229   0.502
12.58 20.00   2.865   1.569   3.229   0.495

12.59  0.00   0.443   0.437   0.026   0.075   0.002   0.004   0.331   0.002   0.000   0.003   0.000 1093729000
12.59    4.72    59.138
12.59 20.00   1.124   2.105
12.59 20.00   3.229    67.793
12.59 20.00   2.862   1.576   3.229   0.502
12.59 20.00   2.865   1.569   3.229   0.495

12.60  0.00   0.443   0.437   0.026   0.075   0.002   0.004   0.331   0.002   0.000   0.003   0.000 1094598000
12.60    4.71    59.126
12.60 20.00   1.123   2.105
12.60 20.00   3.228    67.789
12.60 20.00   2.862   1.576   3.228   0.502
12.60 20.00   2.865   1.569   3.228   0.495

12.61  0.00   0.443   0.437   0.026   0.075   0.002   0.004   0.331   0.002   0.000   0.003   0.000 1095467000
12.61    4.71    59.115
12.61 20.00   1.123   2.105
12.61 20.00   3.228    67.785
12.61 20.00   2.862   1.576   3.228   0.502
12.61 20.00   2.864   1.569   3.228   0.494

12.62  0.00   0.443   0.437   0.026   0.075   0.002   0.004   0.331   0.002   0.000   0.003   0.000 1096335000
12.62    4.71    59.103
12.62 20.00   1.123   2.105
12.62 20.00   3.228    67.781
12.62 20.00   2.861   1.576   3.228   0.502
12.62 20.00   2.864   1.569   3.228   0.494

12.63  0.00   0.443   0.437   0.026   0.075   0.002   0.004   0.331   0.002   0.000   0.003   0.000 1097204000
12.63    4.71    59.091
12.63 20.00   1.122   2.105
12.63 20.00   3.227    67.777
12.63 20.00   2.861   1.575   3.227   0.502
12.63 20.00   2.863   1.568   3.227   0.494

12.64  0.00   0.443   0.437   0.026   0.075   0.002   0.004   0.331   0.002   0.000   0.003   0.000 1098073000
12.64    4.71    59.079
12.64 20.00   1.122   2.105
12.64 20.00   3.227    67.773
12.64 20.00   2.861   1.575   3.227   0.502
12.64 20.00   2.863   1.568   3.227   0.494

12.65  0.00   0.443   0.437   0.026   0.075   0.002   0.004   0.331   0.002   0.000   0.003   0.000 1098942000
12.65    4.71    59.068
12.65 20.00   1.121   2.105
12.65 20.00   3.226    67.769
12.65 20.00   2.860   1.575   3.226   0.502
12.65 20.00   2.863   1.568   3.226   0.494

12.66  0.00   0.443   0.437   0.026   0.075   0.002   0.004   0.331   0.002   0.000   0.003   0.000 1099810000
12.66    4.70    59.056
12.66 20.00   1.121   2.105
12.66 20.00   3.226    67.765
12.66 20.00   2.860   1.575   3.226   0.502
12.66 20.00   2.862   1.568   3.226   0.494

12.67  0.00   0.443   0.437   0.026   0.075   0.002   0.004   0.331   0.002   0.000   0.003   0.000 1100679000
12.67    4.70    59.044
12.67 20.00   1.121   2.105
12.67 20.00   3.226    67.761
12.67 20.00   2.860   1.575   3.226   0.502
12.67 20.00   2.862   1.568   3.226   0.494

12.68  0.00   0.443   0.436   0.026   0.075   0.002   0.004   0.331   0.002   0.000   0.003   0.000 1101548000
12.68    4.70    59.033
12.68 20.00   1.120   2.105
12.68 20.00   3.225    67.757
12.68 20.00   2.859   1.575   3.225   0.502
12.68 20.00   2.862   1.568   3.225   0.494

12.69  0.00   0.443   0.436   0.026   0.075   0.002   0.004   0.331   0.002   0.000   0.003   0.000 1102417000
12.69    4.70    59.021
12.69 20.00   1.120   2.105
12.69 20.00   3.225    67.753
12.69 20.00   2.859   1.575   3.225   0.502
12.69 20.00   2.861   1.567   3.225   0.494

12.70  0.00   0.443   0.436   0.026   0.075   0.002   0.004   0.331   0.002   0.000   0.003   0.000 1103285000
12.70    4.70    59.009
12.70 20.00   1.120   2.105
12.70 20.00   3.225    67.749
12.70 20.00   2.858   1.574   3.225   0.502
12.70 20.00   2.861   1.567   3.225   0.494

12.71  0.00   0.443   0.436   0.026   0.075   0.002   0.004   0.331   0.002   0.000   0.003   0.000 1104154000
12.71    4.70    58.998
12.71 20.00   1.119   2.105
12.71 20.00   3.224    67.746
12.71 20.00   2.858   1.574   3.224   0.502
12.71 20.00   2.861   1.567   3.224   0.494

12.72  0.00   0.443   0.436   0.026   0.075   0.002   0.004   0.331   0.002   0.000   0.003   0.000 1105023000
12.72    4.70    58.986
12.72 20.00   1.119   2.105
12.72 20.00   3.224    67.742
12.72 20.00   2.858   1.574   3.224   0.502
12.72 20.00   2.860   1.567   3.224   0.494

12.73  0.00   0.443   0.436   0.026   0.075   0.002   0.004   0.331   0.002   0.000   0.003   0.000 1105891000
12.73    4.69    58.974
12.73 20.00   1.118   2.105
12.73 20.00   3.223    67.738
12.73 20.00   2.857   1.574   3.223   0.502
12.73 20.00   2.860   1.567   3.223   0.494

12.74  0.00   0.443   0.436   0.026   0.075   0.002   0.004   0.331   0.002   0.000   0.003   0.000 1106760000
12.74    4.69    58.963
12.74 20.00   1.118   2.105
12.74 20.00   3.223    67.734
12.74 20.00   2.857   1.574   3.223   0.502
12.74 20.00   2.860   1.567   3.223   0.494

12.75  0.00   0.443   0.436   0.026   0.075   0.002   0.004   0.331   0.002   0.000   0.003   0.000 1107629000
12.75    4.69    58.951
12.75 20.00   1.118   2.105
12.75 20.00   3.223    67.730
12.75 20.00   2.857   1.574   3.223   0.502
12.75 20.00   2.859   1.567   3.223   0.494

12.76  0.00   0.443   0.436   0.026   0.075   0.002   0.004   0.331   0.002   0.000   0.003   0.000 1108498000
12.76    4.69    58.940
12.76 20.00   1.117   2.105
12.76 20.00   3.222    67.726
12.76 20.00   2.856   1.573   3.222   0.502
12.76 20.00   2.859   1.566   3.222   0.494

12.77  0.00   0.443   0.436   0.026   0.075   0.002   0.004   0.331   0.002   0.000   0.003   0.000 1109366000
12.77    4.69    58.928
12.77 20.00   1.117   2.105
12.77 20.00   3.222    67.722
12.77 20.00   2.856   1.573   3.222   0.502
12.77 20.00   2.859   1.566   3.222   0.494

12.78  0.00   0.443   0.436   0.026   0.075   0.002   0.004   0.331   0.002   0.000   0.003   0.000 1110235000
12.78    4.69    58.916
12.78 20.00   1.117   2.105
12.78 20.00   3.222    67.718
12.78 20.00   2.856   1.573   3.222   0.502
12.78 20.00   2.858   1.566   3.222   0.494

12.79  0.00   0.443   0.436   0.026   0.075   0.002   0.004   0.331   0.002   0.000   0.003   0.000 1111104000
12.79    4.68    58.905
12.79 20.00   1.116   2.105
12.79 20.00   3.221    67.714
12.79 20.00   2.855   1.573   3.221   0.502
12.79 20.00   2.858   1.566   3.221   0.494

12.80  0.00   0.443   0.436   0.026   0.075   0.002   0.004   0.331   0.002   0.000   0.003   0.000 1111972000
12.80    4.68    58.893
12.80 20.00   1.116   2.105
12.80 20.00   3.221    67.711
12.80 20.00   2.855   1.573   3.221   0.502
12.80 20.00   2.858   1.566   3.221   0.494

12.81  0.00   0.443   0.436   0.026   0.075   0.002   0.004   0.331   0.002   0.000   0.003   0.000 1112841000
12.81    4.68    58.882
12.81 20.00   1.115   2.105
12.81 20.00   3.220    67.707
12.81 20.00   2.855   1.573   3.220   0.502
12.81 20.00   2.857   1.566   3.220   0.494

12.82  0.00   0.443   0.436   0.026   0.075   0.002   0.004   0.331   0.002   0.000   0.003   0.000 1113710000
12.82    4.68    58.870
12.82 20.00   1.115   2.105
12.82 20.00   3.220    67.703
12.82 20.00   2.854   1.573   3.220   0.501
12.82 20.00   2.857   1.566   3.220   0.494

12.83  0.00   0.443   0.436   0.026   0.075   0.002   0.004   0.331   0.002   0.000   0.003   0.000 1114579000
12.83    4.68    58.859
12.83 20.00   1.115   2.105
12.83 20.00   3.220    67.699
12.83 20.00   2.854   1.572   3.220   0.501
12.83 20.00   2.857   1.565   3.220   0.494

12.84  0.00   0.443   0.436   0.026   0.075   0.002   0.004   0.331   0.002   0.000   0.003   0.000 1115447000
12.84    4.68    58.847
12.84 20.00   1.114   2.105
12.84 20.00   3.219    67.695
12.84 20.00   2.854   1.572   3.219   0.501
12.84 20.00   2.856   1.565   3.219   0.494

12.85  0.00   0.443   0.436   0.026   0.075   0.002   0.004   0.331   0.002   0.000   0.003   0.000 1116316000
12.85    4.67    58.836
12.85 20.00   1.114   2.105
12.85 20.00   3.219    67.691
12.85 20.00   2.853   1.572   3.219   0.501
12.85 20.00   2.856   1.565   3.219   0.494

12.86  0.00   0.443   0.436   0.026   0.075   0.002   0.004   0.331   0.002   0.000   0.003   0.000 1117185000
12.86    4.67    58.824
12.86 20.00   1.114   2.105
12.86 20.00   3.219    67.688
12.86 20.00   2.853   1.572   3.219   0.501
12.86 20.00   2.856   1.565   3.219   0.494

12.87  0.00   0.443   0.436   0.026   0.075   0.002   0.004   0.331   0.002   0.000   0.003   0.000 1118054000
12.87    4.67    58.813
12.87 20.00   1.113   2.105
12.87 20.00   3.218    67.684
12.87 20.00   2.853   1.572   3.218   0.501
12.87 20.00   2.855   1.565   3.218   0.494

12.88  0.00   0.443   0.436   0.026   0.075   0.002   0.004   0.331   0.002   0.000   0.003   0.000 1118922000
12.88    4.67    58.801
12.88 20.00   1.113   2.105
12.88 20.00   3.218    67.680
12.88 20.00   2.852   1.572   3.218   0.501
12.88 20.00   2.855   1.565   3.218   0.494

12.89  0.00   0.443   0.436   0.026   0.075   0.002   0.004   0.331   0.002   0.000   0.003   0.000 1119791000
12.89    4.67    58.790
12.89 20.00   1.113   2.105
12.89 20.00   3.218    67.676
12.89 20.00   2.852   1.572   3.218   0.501
12.89 20.00   2.855   1.565   3.218   0.494

12.90  0.00   0.443   0.436   0.026   0.075   0.002   0.004   0.331   0.002   0.000   0.003   0.000 1120660000
12.90    4.67    58.778
12.90 20.00   1.112   2.105
12.90 20.00   3.217    67.672
12.90 20.00   2.852   1.571   3.217   0.501
12.90 20.00   2.854   1.564   3.217   0.494

12.91  0.00   0.443   0.436   0.026   0.075   0.002   0.004   0.331   0.002   0.000   0.003   0.000 1121528000
12.91    4.67    58.767
12.91 20.00   1.112   2.105
12.91 20.00   3.217    67.669
12.91 20.00   2.851   1.571   3.217   0.501
12.91 20.00   2.854   1.564   3.217   0.494

12.92  0.00   0.443   0.436   0.026   0.075   0.002   0.004   0.331   0.002   0.000   0.003   0.000 1122397000
12.92    4.66    58.755
12.92 20.00   1.111   2.105
12.92 20.00   3.216    67.665
12.92 20.00   2.851   1.571   3.216   0.501
12.92 20.00   2.854   1.564   3.216   0.494

12.93  0.00   0.443   0.436   0.026   0.075   0.002   0.004   0.331   0.002   0.000   0.003   0.000 1123266000
12.93    4.66    58.744
12.93 20.00   1.111   2.105
12.93 20.00   3.216    67.661
12.93 20.00   2.851   1.571   3.216   0.501
12.93 20.00   2.853   1.564   3.216   0.494

12.94  0.00   0.443   0.436   0.026   0.075   0.002   0.004   0.331   0.002   0.000   0.003   0.000 1124135000
12.94    4.66    58.733
12.94 20.00   1.111   2.105
12.94 20.00   3.216    67.657
12.94 20.00   2.850   1.571   3.216   0.501
12.94 20.00   2.853   1.564   3.216   0.494

12.95  0.00   0.443   0.436   0.026   0.075   0.002   0.004   0.331   0.002   0.000   0.003   0.000 1125003000
12.95    4.66    58.721
12.95 20.00   1.110   2.105
12.95 20.00   3.215    67.653
12.95 20.00   2.850   1.571   3.215   0.501
12.95 20.00   2.853   1.564   3.215   0.494

12.96  0.00   0.443   0.436   0.026   0.075   0.002   0.004   0.331   0.002   0.000   0.003   0.000 1125872000
12.96    4.66    58.710
12.96 20.00   1.110   2.105
12.96 20.00   3.215    67.650
12.96 20.00   2.850   1.571   3.215   0.501
12.96 20.00   2.852   1.564   3.215   0.494

12.97  0.00   0.443   0.436   0.026   0.075   0.002   0.004   0.331   0.002   0.000   0.003   0.000 1126741000
12.97    4.66    58.699
12.97 20.00   1.110   2.105
12.97 20.00   3.215    67.646
12.97 20.00   2.849   1.570   3.215   0.501
12.97 20.00   2.852   1.563   3.215   0.494

12.98  0.00   0.443   0.436   0.026   0.075   0.002   0.004   0.331   0.002   0.000   0.003   0.000 1127610000
12.98    4.65    58.687
12.98 20.00   1.109   2.105
12.98 20.00   3.214    67.642
12.98 20.00   2.849   1.570   3.214   0.501
12.98 20.00   2.852   1.563   3.214   0.494

12.99  0.00   0.443   0.436   0.026   0.075   0.002   0.004   0.330   0.002   0.000   0.003   0.000 1128478000
12.99    4.65    58.676
12.99 20.00   1.109   2.105
12.99 20.00   3.214    67.638
12.99 20.00   2.849   1.570   3.214   0.501
12.99 20.00   2.851   1.563   3.214   0.494

13.00  0.00   0.442   0.436   0.026   0.075   0.002   0.004   0.330   0.002   0.000   0.003   0.000 1129347000
13.00    4.65    58.664
13.00 20.00   1.109   2.105
13.00 20.00   3.214    67.635
13.00 20.00   2.848   1.570   3.214   0.501
13.00 20.00   2.851   1.563   3.214   0.494

13.01  0.00   0.442   0.436   0.026   0.075   0.002   0.004   0.330   0.002   0.000   0.003   0.000 1130216000
13.01    4.65    58.653
13.01 20.00   1.108   2.105
13.01 20.00   3.213    67.631
13.01 20.00   2.848   1.570   3.213   0.501
13.01 20.00   2.851   1.563   3.213   0.494

13.02  0.00   0.442   0.436   0.026   0.075   0.002   0.004   0.330   0.002   0.000   0.003   0.000 1131085000
13.02    4.65    58.642
13.02 20.00   1.108   2.105
13.02 20.00   3.213    67.627
13.02 20.00   2.848   1.570   3.213   0.501
13.02 20.00   2.850   1.563   3.213   0.494

13.03  0.00   0.442   0.436   0.026   0.075   0.002   0.004   0.330   0.002   0.000   0.003   0.000 1131953000
13.03    4.65    58.631
13.03 20.00   1.107   2.105
13.03 20.00   3.212    67.623
13.03 20.00   2.847   1.570   3.212   0.501
13.03 20.00   2.850   1.562   3.212   0.494

13.04  0.00   0.442   0.436   0.026   0.075   0.002   0.004   0.330   0.002   0.000   0.003   0.000 1132822000
13.04    4.65    58.619
13.04 20.00   1.107   2.105
13.04 20.00   3.212    67.620
13.04 20.00   2.847   1.569   3.212   0.501
13.04 20.00   2.850   1.562   3.212   0.494

13.05  0.00   0.442   0.436   0.026   0.075   0.002   0.004   0.330   0.002   0.000   0.003   0.000 1133691000
13.05    4.64    58.608
13.05 20.00   1.107   2.105
13.05 20.00   3.212    67.616
13.05 20.00   2.847   1.569   3.212   0.501
13.05 20.00   2.849   1.562   3.212   0.493

13.06  0.00   0.442   0.436   0.026   0.075   0.002   0.004   0.330   0.002   0.000   0.003   0.000 1134559000
13.06    4.64    58.597
13.06 20.00   1.106   2.105
13.06 20.00   3.211    67.612
13.06 20.00   2.846   1.569   3.211   0.501
13.06 20.00   2.849   1.562   3.211   0.493

13.07  0.00   0.442   0.436   0.026   0.075   0.002   0.004   0.330   0.002   0.000   0.003   0.000 1135428000
13.07    4.64    58.585
13.07 20.00   1.106   2.105
13.07 20.00   3.211    67.608
13.07 20.00   2.846   1.569   3.211   0.501
13.07 20.00   2.849   1.562   3.211   0.493

13.08  0.00   0.442   0.436   0.026   0.075   0.002   0.004   0.330   0.002   0.000   0.003   0.000 1136297000
13.08    4.64    58.574
13.08 20.00   1.106   2.105
13.08 20.00   3.211    67.605
13.08 20.00   2.846   1.569   3.211   0.501
13.08 20.00   2.848   1.562   3.211   0.493

13.09  0.00   0.442   0.436   0.026   0.075   0.002   0.004   0.330   0.002   0.000   0.003   0.000 1137166000
13.09    4.64    58.563
13.09 20.00   1.105   2.105
13.09 20.00   3.210    67.601
13.09 20.00   2.845   1.569   3.210   0.501
13.09 20.00   2.848   1.562   3.210   0.493

13.10  0.00   0.442   0.436   0.026   0.075   0.002   0.004   0.330   0.002   0.000   0.003   0.000 1138034000
13.10    4.64    58.552
13.10 20.00   1.105   2.105
13.10 20.00   3.210    67.597
13.10 20.00   2.845   1.569   3.210   0.501
13.10 20.00   2.848   1.562   3.210   0.493

13.11  0.00   0.442   0.436   0.026   0.075   0.002   0.004   0.330   0.002   0.000   0.003   0.000 1138903000
13.11    4.64    58.540
13.11 20.00   1.105   2.105
13.11 20.00   3.210    67.594
13.11 20.00   2.845   1.568   3.210   0.501
13.11 20.00   2.847   1.561   3.210   0.493

13.12  0.00   0.442   0.436   0.026   0.075   0.002   0.004   0.330   0.002   0.000   0.003   0.000 1139772000
13.12    4.63    58.529
13.12 20.00   1.104   2.105
13.12 20.00   3.209    67.590
13.12 20.00   2.844   1.568   3.209   0.501
13.12 20.00   2.847   1.561   3.209   0.493

13.13  0.00   0.442   0.436   0.026   0.075   0.002   0.004   0.330   0.002   0.000   0.003   0.000 1140641000
13.13    4.63    58.518
13.13 20.00   1.104   2.105
13.13 20.00   3.209    67.586
13.13 20.00   2.844   1.568   3.209   0.501
13.13 20.00   2.847   1.561   3.209   0.493

13.14  0.00   0.442   0.436   0.026   0.075   0.002   0.004   0.330   0.002   0.000   0.003   0.000 1141509000
13.14    4.63    58.507
13.14 20.00   1.104   2.105
13.14 20.00   3.209    67.583
13.14 20.00   2.844   1.568   3.209   0.501
13.14 20.00   2.846   1.561   3.209   0.493

13.15  0.00   0.442   0.436   0.026   0.075   0.002   0.004   0.330   0.002   0.000   0.003   0.000 1142378000
13.15    4.63    58.496
13.15 20.00   1.103   2.105
13.15 20.00   3.208    67.579
13.15 20.00   2.843   1.568   3.208   0.501
13.15 20.00   2.846   1.561   3.208   0.493

13.16  0.00   0.442   0.436   0.026   0.075   0.002   0.004   0.330   0.002   0.000   0.003   0.000 1143247000
13.16    4.63    58.484
13.16 20.00   1.103   2.105
13.16 20.00   3.208    67.575
13.16 20.00   2.843   1.568   3.208   0.501
13.16 20.00   2.846   1.561   3.208   0.493

13.17  0.00   0.442   0.436   0.026   0.075   0.002   0.004   0.330   0.002   0.000   0.003   0.000 1144115000
13.17    4.63    58.473
13.17 20.00   1.102   2.105
13.17 20.00   3.207    67.572
13.17 20.00   2.843   1.568   3.207   0.501
13.17 20.00   2.845   1.561   3.207   0.493

13.18  0.00   0.442   0.436   0.026   0.075   0.002   0.004   0.330   0.002   0.000   0.003   0.000 1144984000
13.18    4.62    58.462
13.18 20.00   1.102   2.105
13.18 20.00   3.207    67.568
13.18 20.00   2.842   1.567   3.207   0.501
13.18 20.00   2.845   1.560   3.207   0.493

13.19  0.00   0.442   0.436   0.026   0.075   0.002   0.004   0.330   0.002   0.000   0.003   0.000 1145853000
13.19    4.62    58.451
13.19 20.00   1.102   2.105
13.19 20.00   3.207    67.564
13.19 20.00   2.842   1.567   3.207   0.501
13.19 20.00   2.845   1.560   3.207   0.493

13.20  0.00   0.442   0.435   0.026   0.075   0.002   0.004   0.330   0.002   0.000   0.003   0.000 1146722000
13.20    4.62    58.440
13.20 20.00   1.101   2.105
13.20 20.00   3.206    67.561
13.20 20.00   2.842   1.567   3.206   0.501
13.20 20.00   2.844   1.560   3.206   0.493

13.21  0.00   0.442   0.435   0.026   0.075   0.002   0.004   0.330   0.002   0.000   0.003   0.000 1147590000
13.21    4.62    58.429
13.21 20.00   1.101   2.105
13.21 20.00   3.206    67.557
13.21 20.00   2.841   1.567   3.206   0.501
13.21 20.00   2.844   1.560   3.206   0.493

13.22  0.00   0.442   0.435   0.026   0.075   0.002   0.004   0.330   0.002   0.000   0.003   0.000 1148459000
13.22    4.62    58.418
13.22 20.00   1.101   2.105
13.22 20.00   3.206    67.553
13.22 20.00   2.841   1.567   3.206   0.501
13.22 20.00   2.844   1.560   3.206   0.493

13.23  0.00   0.442   0.435   0.026   0.075   0.002   0.004   0.330   0.002   0.000   0.003   0.000 1149328000
13.23    4.62    58.407
13.23 20.00   1.100   2.105
13.23 20.00   3.205    67.550
13.23 20.00   2.841   1.567   3.205   0.501
13.23 20.00   2.843   1.560   3.205   0.493

13.24  0.00   0.442   0.435   0.026   0.075   0.002   0.004   0.330   0.002   0.000   0.003   0.000 1150196000
13.24    4.62    58.396
13.24 20.00   1.100   2.105
13.24 20.00   3.205    67.546
13.24 20.00   2.841   1.567   3.205   0.501
13.24 20.00   2.843   1.560   3.205   0.493

13.25  0.00   0.442   0.435   0.026   0.075   0.002   0.004   0.330   0.002   0.000   0.003   0.000 1151065000
13.25    4.61    58.384
13.25 20.00   1.100   2.105
13.25 20.00   3.205    67.542
13.25 20.00   2.840   1.566   3.205   0.501
13.25 20.00   2.843   1.559   3.205   0.493

13.26  0.00   0.442   0.435   0.026   0.075   0.002   0.004   0.330   0.002   0.000   0.003   0.000 1151934000
13.26    4.61    58.373
13.26 20.00   1.099   2.105
13.26 20.00   3.204    67.539
13.26 20.00   2.840   1.566   3.204   0.501
13.26 20.00   2.842   1.559   3.204   0.493

13.27  0.00   0.442   0.435   0.026   0.075   0.002   0.004   0.330   0.002   0.000   0.003   0.000 1152803000
13.27    4.61    58.362
13.27 20.00   1.099   2.105
13.27 20.00   3.204    67.535
13.27 20.00   2.840   1.566   3.204   0.501
13.27 20.00   2.842   1.559   3.204   0.493

13.28  0.00   0.442   0.435   0.026   0.075   0.002   0.004   0.330   0.002   0.000   0.003   0.000 1153671000
13.28    4.61    58.351
13.28 20.00   1.099   2.105
13.28 20.00   3.204    67.532
13.28 20.00   2.839   1.566   3.204   0.501
13.28 20.00   2.842   1.559   3.204   0.493

13.29  0.00   0.442   0.435   0.026   0.075   0.002   0.004   0.330   0.002   0.000   0.003   0.000 1154540000
13.29    4.61    58.340
13.29 20.00   1.098   2.105
13.29 20.00   3.203    67.528
13.29 20.00   2.839   1.566   3.203   0.500
13.29 20.00   2.842   1.559   3.203   0.493

13.30  0.00   0.442   0.435   0.026   0.075   0.002   0.004   0.330   0.002   0.000   0.003   0.000 1155409000
13.30    4.61    58.329
13.30 20.00   1.098   2.105
13.30 20.00   3.203    67.524
13.30 20.00   2.839   1.566   3.203   0.500
13.30 20.00   2.841   1.559   3.203   0.493

13.31  0.00   0.442   0.435   0.026   0.075   0.002   0.004   0.330   0.002   0.000   0.003   0.000 1156278000
13.31    4.61    58.318
13.31 20.00   1.098   2.105
13.31 20.00   3.203    67.521
13.31 20.00   2.838   1.566   3.203   0.500
13.31 20.00   2.841   1.559   3.203   0.493

13.32  0.00   0.442   0.435   0.026   0.075   0.002   0.004   0.330   0.002   0.000   0.003   0.000 1157146000
13.32    4.60    58.307
13.32 20.00   1.097   2.105
13.32 20.00   3.202    67.517
13.32 20.00   2.838   1.565   3.202   0.500
13.32 20.00   2.841   1.558   3.202   0.493

13.33  0.00   0.442   0.435   0.026   0.075   0.002   0.004   0.330   0.002   0.000   0.003   0.000 1158015000
13.33    4.60    58.296
13.33 20.00   1.097   2.105
13.33 20.00   3.202    67.514
13.33 20.00   2.838   1.565   3.202   0.500
13.33 20.00   2.840   1.558   3.202   0.493

13.34  0.00   0.442   0.435   0.026   0.075   0.002   0.004   0.330   0.002   0.000   0.003   0.000 1158884000
13.34    4.60    58.285
13.34 20.00   1.097   2.105
13.34 20.00   3.202    67.510
13.34 20.00   2.837   1.565   3.202   0.500
13.34 20.00   2.840   1.558   3.202   0.493

13.35  0.00   0.442   0.435   0.026   0.075   0.002   0.004   0.330   0.002   0.000   0.003   0.000 1159753000
13.35    4.60    58.274
13.35 20.00   1.096   2.105
13.35 20.00   3.201    67.506
13.35 20.00   2.837   1.565   3.201   0.500
13.35 20.00   2.840   1.558   3.201   0.493

13.36  0.00   0.442   0.435   0.026   0.075   0.002   0.004   0.330   0.002   0.000   0.003   0.000 1160621000
13.36    4.60    58.263
13.36 20.00   1.096   2.105
13.36 20.00   3.201    67.503
13.36 20.00   2.837   1.565   3.201   0.500
13.36 20.00   2.839   1.558   3.201   0.493

13.37  0.00   0.442   0.435   0.026   0.075   0.002   0.004   0.330   0.002   0.000   0.003   0.000 1161490000
13.37    4.60    58.252
13.37 20.00   1.096   2.105
13.37 20.00   3.201    67.499
13.37 20.00   2.836   1.565   3.201   0.500
13.37 20.00   2.839   1.558   3.201   0.493

13.38  0.00   0.442   0.435   0.026   0.075   0.002   0.004   0.330   0.002   0.000   0.003   0.000 1162359000
13.38    4.60    58.241
13.38 20.00   1.095   2.105
13.38 20.00   3.200    67.496
13.38 20.00   2.836   1.565   3.200   0.500
13.38 20.00   2.839   1.558   3.200   0.493

13.39  0.00   0.442   0.435   0.026   0.075   0.002   0.004   0.330   0.002   0.000   0.003   0.000 1163228000
13.39    4.59    58.230
13.39 20.00   1.095   2.105
13.39 20.00   3.200    67.492
13.39 20.00   2.836   1.565   3.200   0.500
13.39 20.00   2.838   1.557   3.200   0.493

13.40  0.00   0.442   0.435   0.026   0.075   0.002   0.004   0.330   0.002   0.000   0.003   0.000 1164096000
13.40    4.59    58.220
13.40 20.00   1.095   2.105
13.40 20.00   3.200    67.489
13.40 20.00   2.835   1.564   3.200   0.500
13.40 20.00   2.838   1.557   3.200   0.493

13.41  0.00   0.442   0.435   0.026   0.075   0.002   0.004   0.330   0.002   0.000   0.003   0.000 1164965000
13.41    4.59    58.209
13.41 20.00   1.094   2.105
13.41 20.00   3.199    67.485
13.41 20.00   2.835   1.564   3.199   0.500
13.41 20.00   2.838   1.557   3.199   0.493

13.42  0.00   0.442   0.435   0.026   0.075   0.002   0.004   0.330   0.002   0.000   0.003   0.000 1165834000
13.42    4.59    58.198
13.42 20.00   1.094   2.105
13.42 20.00   3.199    67.482
13.42 20.00   2.835   1.564   3.199   0.500
13.42 20.00   2.837   1.557   3.199   0.493

13.43  0.00   0.442   0.435   0.026   0.075   0.002   0.004   0.330   0.002   0.000   0.003   0.000 1166702000
13.43    4.59    58.187
13.43 20.00   1.094   2.105
13.43 20.00   3.199    67.478
13.43 20.00   2.835   1.564   3.199   0.500
13.43 20.00   2.837   1.557   3.199   0.493

13.44  0.00   0.442   0.435   0.026   0.075   0.002   0.004   0.330   0.002   0.000   0.003   0.000 1167571000
13.44    4.59    58.176
13.44 20.00   1.093   2.105
13.44 20.00   3.198    67.474
13.44 20.00   2.834   1.564   3.198   0.500
13.44 20.00   2.837   1.557   3.198   0.493

13.45  0.00   0.442   0.435   0.026   0.075   0.002   0.004   0.330   0.002   0.000   0.003   0.000 1168440000
13.45    4.59    58.165
13.45 20.00   1.093   2.105
13.45 20.00   3.198    67.471
13.45 20.00   2.834   1.564   3.198   0.500
13.45 20.00   2.836   1.557   3.198   0.493

13.46  0.00   0.442   0.435   0.026   0.075   0.002   0.004   0.330   0.002   0.000   0.003   0.000 1169309000
13.46    4.58    58.154
13.46 20.00   1.093   2.105
13.46 20.00   3.198    67.467
13.46 20.00   2.834   1.564   3.198   0.500
13.46 20.00   2.836   1.557   3.198   0.493

13.47  0.00   0.442   0.435   0.026   0.075   0.002   0.004   0.330   0.002   0.000   0.003   0.000 1170177000
13.47    4.58    58.143
13.47 20.00   1.092   2.105
13.47 20.00   3.197    67.464
13.47 20.00   2.833   1.563   3.197   0.500
13.47 20.00   2.836   1.556   3.197   0.493

13.48  0.00   0.442   0.435   0.026   0.075   0.002   0.004   0.330   0.002   0.000   0.003   0.000 1171046000
13.48    4.58    58.133
13.48 20.00   1.092   2.105
13.48 20.00   3.197    67.460
13.48 20.00   2.833   1.563   3.197   0.500
13.48 20.00   2.836   1.556   3.197   0.493

13.49  0.00   0.442   0.435   0.026   0.075   0.002   0.004   0.330   0.002   0.000   0.003   0.000 1171915000
13.49    4.58    58.122
13.49 20.00   1.092   2.105
13.49 20.00   3.196    67.457
13.49 20.00   2.833   1.563   3.196   0.500
13.49 20.00   2.835   1.556   3.196   0.493

13.50  0.00   0.442   0.435   0.026   0.075   0.002   0.004   0.330   0.002   0.000   0.003   0.000 1172783000
13.50    4.58    58.111
13.50 20.00   1.091   2.105
13.50 20.00   3.196    67.453
13.50 20.00   2.832   1.563   3.196   0.500
13.50 20.00   2.835   1.556   3.196   0.493

13.51  0.00   0.442   0.435   0.026   0.075   0.002   0.004   0.330   0.002   0.000   0.003   0.000 1173652000
13.51    4.58    58.100
13.51 20.00   1.091   2.105
13.51 20.00   3.196    67.450
13.51 20.00   2.832   1.563   3.196   0.500
13.51 20.00   2.835   1.556   3.196   0.493

13.52  0.00   0.442   0.435   0.026   0.075   0.002   0.004   0.330   0.002   0.000   0.003   0.000 1174521000
13.52    4.58    58.089
13.52 20.00   1.090   2.105
13.52 20.00   3.195    67.446
13.52 20.00   2.832   1.563   3.195   0.500
13.52 20.00   2.834   1.556   3.195   0.493

13.53  0.00   0.442   0.435   0.026   0.075   0.002   0.004   0.330   0.002   0.000   0.003   0.000 1175390000
13.53    4.57    58.079
13.53 20.00   1.090   2.105
13.53 20.00   3.195    67.443
13.53 20.00   2.831   1.563   3.195   0.500
13.53 20.00   2.834   1.556   3.195   0.492

13.54  0.00   0.441   0.435   0.026   0.075   0.002   0.004   0.330   0.002   0.000   0.003   0.000 1176258000
13.54    4.57    58.068
13.54 20.00   1.090   2.105
13.54 20.00   3.195    67.439
13.54 20.00   2.831   1.563   3.195   0.500
13.54 20.00   2.834   1.555   3.195   0.492

13.55  0.00   0.441   0.435   0.026   0.075   0.002   0.004   0.330   0.002   0.000   0.003   0.000 1177127000
13.55    4.57    58.057
13.55 20.00   1.089   2.105
13.55 20.00   3.194    67.436
13.55 20.00   2.831   1.562   3.194   0.500
13.55 20.00   2.833   1.555   3.194   0.492

13.56  0.00   0.441   0.435   0.026   0.075   0.002   0.004   0.330   0.002   0.000   0.003   0.000 1177996000
13.56    4.57    58.046
13.56 20.00   1.089   2.105
13.56 20.00   3.194    67.432
13.56 20.00   2.831   1.562   3.194   0.500
13.56 20.00   2.833   1.555   3.194   0.492

13.57  0.00   0.441   0.435   0.026   0.075   0.002   0.004   0.330   0.002   0.000   0.003   0.000 1178865000
13.57    4.57    58.036
13.57 20.00   1.089   2.105
13.57 20.00   3.194    67.429
13.57 20.00   2.830   1.562   3.194   0.500
13.57 20.00   2.833   1.555   3.194   0.492

13.58  0.00   0.441   0.435   0.026   0.075   0.002   0.004   0.330   0.002   0.000   0.003   0.000 1179733000
13.58    4.57    58.025
13.58 20.00   1.088   2.105
13.58 20.00   3.193    67.425
13.58 20.00   2.830   1.562   3.193   0.500
13.58 20.00   2.832   1.555   3.193   0.492

13.59  0.00   0.441   0.435   0.026   0.075   0.002   0.004   0.330   0.002   0.000   0.003   0.000 1180602000
13.59    4.57    58.014
13.59 20.00   1.088   2.105
13.59 20.00   3.193    67.422
13.59 20.00   2.830   1.562   3.193   0.500
13.59 20.00   2.832   1.555   3.193   0.492

13.60  0.00   0.441   0.435   0.026   0.075   0.002   0.004   0.330   0.002   0.000   0.003   0.000 1181471000
13.60    4.56    58.003
13.60 20.00   1.088   2.105
13.60 20.00   3.193    67.419
13.60 20.00   2.829   1.562   3.193   0.500
13.60 20.00   2.832   1.555   3.193   0.492

13.61  0.00   0.441   0.435   0.026   0.075   0.002   0.004   0.330   0.002   0.000   0.003   0.000 1182339000
13.61    4.56    57.993
13.61 20.00   1.088   2.105
13.61 20.00   3.192    67.415
13.61 20.00   2.829   1.562   3.192   0.500
13.61 20.00   2.832   1.555   3.192   0.492

13.62  0.00   0.441   0.435   0.026   0.075   0.002   0.004   0.330   0.002   0.000   0.003   0.000 1183208000
13.62    4.56    57.982
13.62 20.00   1.087   2.105
13.62 20.00   3.192    67.412
13.62 20.00   2.829   1.561   3.192   0.500
13.62 20.00   2.831   1.554   3.192   0.492

13.63  0.00   0.441   0.435   0.026   0.075   0.002   0.004   0.330   0.002   0.000   0.003   0.000 1184077000
13.63    4.56    57.971
13.63 20.00   1.087   2.105
13.63 20.00   3.192    67.408
13.63 20.00   2.828   1.561   3.192   0.500
13.63 20.00   2.831   1.554   3.192   0.492

13.64  0.00   0.441   0.435   0.026   0.075   0.002   0.004   0.330   0.002   0.000   0.003   0.000 1184946000
13.64    4.56    57.961
13.64 20.00   1.087   2.105
13.64 20.00   3.192    67.405
13.64 20.00   2.828   1.561   3.192   0.500
13.64 20.00   2.831   1.554   3.192   0.492

13.65  0.00   0.441   0.435   0.026   0.075   0.002   0.004   0.330   0.002   0.000   0.003   0.000 1185814000
13.65    4.56    57.950
13.65 20.00   1.086   2.105
13.65 20.00   3.191    67.401
13.65 20.00   2.828   1.561   3.191   0.500
13.65 20.00   2.830   1.554   3.191   0.492

13.66  0.00   0.441   0.435   0.026   0.075   0.002   0.004   0.330   0.002   0.000   0.003   0.000 1186683000
13.66    4.56    57.939
13.66 20.00   1.086   2.105
13.66 20.00   3.191    67.398
13.66 20.00   2.827   1.561   3.191   0.500
13.66 20.00   2.830   1.554   3.191   0.492

13.67  0.00   0.441   0.435   0.026   0.075   0.002   0.004   0.330   0.002   0.000   0.003   0.000 1187552000
13.67    4.55    57.929
13.67 20.00   1.086   2.105
13.67 20.00   3.191    67.394
13.67 20.00   2.827   1.561   3.191   0.500
13.67 20.00   2.830   1.554   3.191   0.492

13.68  0.00   0.441   0.435   0.026   0.075   0.002   0.004   0.330   0.002   0.000   0.003   0.000 1188421000
13.68    4.55    57.918
13.68 20.00   1.085   2.105
13.68 20.00   3.190    67.391
13.68 20.00   2.827   1.561   3.190   0.500
13.68 20.00   2.829   1.554   3.190   0.492

13.69  0.00   0.441   0.435   0.026   0.075   0.002   0.004   0.330   0.002   0.000   0.003   0.000 1189289000
13.69    4.55    57.907
13.69 20.00   1.085   2.105
13.69 20.00   3.190    67.388
13.69 20.00   2.827   1.561   3.190   0.500
13.69 20.00   2.829   1.553   3.190   0.492

13.70  0.00   0.441   0.435   0.026   0.075   0.002   0.004   0.330   0.002   0.000   0.003   0.000 1190158000
13.70    4.55    57.897
13.70 20.00   1.085   2.105
13.70 20.00   3.190    67.384
13.70 20.00   2.826   1.560   3.190   0.500
13.70 20.00   2.829   1.553   3.190   0.492

13.71  0.00   0.441   0.435   0.026   0.075   0.002   0.004   0.330   0.002   0.000   0.003   0.000 1191027000
13.71    4.55    57.886
13.71 20.00   1.084   2.105
13.71 20.00   3.189    67.381
13.71 20.00   2.826   1.560   3.189   0.500
13.71 20.00   2.829   1.553   3.189   0.492

13.72  0.00   0.441   0.435   0.026   0.075   0.002   0.004   0.330   0.002   0.000   0.003   0.000 1191896000
13.72    4.55    57.876
13.72 20.00   1.084   2.105
13.72 20.00   3.189    67.377
13.72 20.00   2.826   1.560   3.189   0.500
13.72 20.00   2.828   1.553   3.189   0.492

13.73  0.00   0.441   0.435   0.026   0.075   0.002   0.004   0.330   0.002   0.000   0.003   0.000 1192764000
13.73    4.55    57.865
13.73 20.00   1.084   2.105
13.73 20.00   3.189    67.374
13.73 20.00   2.825   1.560   3.189   0.500
13.73 20.00   2.828   1.553   3.189   0.492

13.74  0.00   0.441   0.435   0.026   0.075   0.002   0.004   0.330   0.002   0.000   0.003   0.000 1193633000
13.74    4.55    57.854
13.74 20.00   1.083   2.105
13.74 20.00   3.188    67.371
13.74 20.00   2.825   1.560   3.188   0.500
13.74 20.00   2.828   1.553   3.188   0.492

13.75  0.00   0.441   0.435   0.026   0.075   0.002   0.004   0.330   0.002   0.000   0.003   0.000 1194502000
13.75    4.54    57.844
13.75 20.00   1.083   2.105
13.75 20.00   3.188    67.367
13.75 20.00   2.825   1.560   3.188   0.500
13.75 20.00   2.827   1.553   3.188   0.492

13.76  0.00   0.441   0.434   0.026   0.075   0.002   0.004   0.330   0.002   0.000   0.003   0.000 1195370000
13.76    4.54    57.833
13.76 20.00   1.083   2.105
13.76 20.00   3.188    67.364
13.76 20.00   2.824   1.560   3.188   0.500
13.76 20.00   2.827   1.553   3.188   0.492

13.77  0.00   0.441   0.434   0.026   0.075   0.002   0.004   0.330   0.002   0.000   0.003   0.000 1196239000
13.77    4.54    57.823
13.77 20.00   1.082   2.105
13.77 20.00   3.187    67.360
13.77 20.00   2.824   1.560   3.187   0.500
13.77 20.00   2.827   1.552   3.187   0.492

13.78  0.00   0.441   0.434   0.026   0.075   0.002   0.004   0.330   0.002   0.000   0.003   0.000 1197108000
13.78    4.54    57.812
13.78 20.00   1.082   2.105
13.78 20.00   3.187    67.357
13.78 20.00   2.824   1.559   3.187   0.500
13.78 20.00   2.826   1.552   3.187   0.492

13.79  0.00   0.441   0.434   0.026   0.075   0.002   0.004   0.330   0.002   0.000   0.003   0.000 1197977000
13.79    4.54    57.802
13.79 20.00   1.082   2.105
13.79 20.00   3.187    67.354
13.79 20.00   2.824   1.559   3.187   0.499
13.79 20.00   2.826   1.552   3.187   0.492

13.80  0.00   0.441   0.434   0.026   0.075   0.002   0.004   0.330   0.002   0.000   0.003   0.000 1198845000
13.80    4.54    57.791
13.80 20.00   1.081   2.105
13.80 20.00   3.186    67.350
13.80 20.00   2.823   1.559   3.186   0.499
13.80 20.00   2.826   1.552   3.186   0.492

13.81  0.00   0.441   0.434   0.026   0.075   0.002   0.004   0.330   0.002   0.000   0.003   0.000 1199714000
13.81    4.54    57.781
13.81 20.00   1.081   2.105
13.81 20.00   3.186    67.347
13.81 20.00   2.823   1.559   3.186   0.499
13.81 20.00   2.826   1.552   3.186   0.492

13.82  0.00   0.441   0.434   0.026   0.075   0.002   0.004   0.330   0.002   0.000   0.003   0.000 1200583000
13.82    4.53    57.770
13.82 20.00   1.081   2.105
13.82 20.00   3.186    67.343
13.82 20.00   2.823   1.559   3.186   0.499
13.82 20.00   2.825   1.552   3.186   0.492

13.83  0.00   0.441   0.434   0.026   0.075   0.002   0.004   0.330   0.002   0.000   0.003   0.000 1201452000
13.83    4.53    57.760
13.83 20.00   1.080   2.105
13.83 20.00   3.185    67.340
13.83 20.00   2.822   1.559   3.185   0.499
13.83 20.00   2.825   1.552   3.185   0.492

13.84  0.00   0.441   0.434   0.026   0.075   0.002   0.004   0.330   0.002   0.000   0.003   0.000 1202320000
13.84    4.53    57.749
13.84 20.00   1.080   2.105
13.84 20.00   3.185    67.337
13.84 20.00   2.822   1.559   3.185   0.499
13.84 20.00   2.825   1.552   3.185   0.492

13.85  0.00   0.441   0.434   0.026   0.075   0.002   0.004   0.330   0.002   0.000   0.003   0.000 1203189000
13.85    4.53    57.739
13.85 20.00   1.080   2.105
13.85 20.00   3.185    67.333
13.85 20.00   2.822   1.558   3.185   0.499
13.85 20.00   2.824   1.551   3.185   0.492

13.86  0.00   0.441   0.434   0.026   0.075   0.002   0.004   0.330   0.002   0.000   0.003   0.000 1204058000
13.86    4.53    57.728
13.86 20.00   1.079   2.105
13.86 20.00   3.184    67.330
13.86 20.00   2.822   1.558   3.184   0.499
13.86 20.00   2.824   1.551   3.184   0.492

13.87  0.00   0.441   0.434   0.026   0.075   0.002   0.004   0.330   0.002   0.000   0.003   0.000 1204926000
13.87    4.53    57.718
13.87 20.00   1.079   2.105
13.87 20.00   3.184    67.327
13.87 20.00   2.821   1.558   3.184   0.499
13.87 20.00   2.824   1.551   3.184   0.492

13.88  0.00   0.441   0.434   0.026   0.075   0.002   0.004   0.330   0.002   0.000   0.003   0.000 1205795000
13.88    4.53    57.707
13.88 20.00   1.079   2.105
13.88 20.00   3.184    67.323
13.88 20.00   2.821   1.558   3.184   0.499
13.88 20.00   2.824   1.551   3.184   0.492

13.89  0.00   0.441   0.434   0.026   0.075   0.002   0.004   0.330   0.002   0.000   0.003   0.000 1206664000
13.89    4.52    57.697
13.89 20.00   1.078   2.105
13.89 20.00   3.183    67.320
13.89 20.00   2.821   1.558   3.183   0.499
13.89 20.00   2.823   1.551   3.183   0.492

13.90  0.00   0.441   0.434   0.026   0.075   0.002   0.004   0.330   0.002   0.000   0.003   0.000 1207533000
13.90    4.52    57.687
13.90 20.00   1.078   2.105
13.90 20.00   3.183    67.317
13.90 20.00   2.820   1.558   3.183   0.499
13.90 20.00   2.823   1.551   3.183   0.492

13.91  0.00   0.441   0.434   0.026   0.075   0.002   0.004   0.330   0.002   0.000   0.003   0.000 1208401000
13.91    4.52    57.676
13.91 20.00   1.078   2.105
13.91 20.00   3.183    67.313
13.91 20.00   2.820   1.558   3.183   0.499
13.91 20.00   2.823   1.551   3.183   0.492

13.92  0.00   0.441   0.434   0.026   0.075   0.002   0.004   0.330   0.002   0.000   0.003   0.000 1209270000
13.92    4.52    57.666
13.92 20.00   1.077   2.105
13.92 20.00   3.182    67.310
13.92 20.00   2.820   1.558   3.182   0.499
13.92 20.00   2.822   1.551   3.182   0.492

13.93  0.00   0.441   0.434   0.026   0.075   0.002   0.004   0.330   0.002   0.000   0.003   0.000 1210139000
13.93    4.52    57.655
13.93 20.00   1.077   2.105
13.93 20.00   3.182    67.307
13.93 20.00   2.819   1.557   3.182   0.499
13.93 20.00   2.822   1.550   3.182   0.492

13.94  0.00   0.441   0.434   0.026   0.075   0.002   0.004   0.330   0.002   0.000   0.003   0.000 1211007000
13.94    4.52    57.645
13.94 20.00   1.077   2.105
13.94 20.00   3.182    67.303
13.94 20.00   2.819   1.557   3.182   0.499
13.94 20.00   2.822   1.550   3.182   0.492

13.95  0.00   0.441   0.434   0.026   0.075   0.002   0.004   0.330   0.002   0.000   0.003   0.000 1211876000
13.95    4.52    57.635
13.95 20.00   1.077   2.105
13.95 20.00   3.182    67.300
13.95 20.00   2.819   1.557   3.182   0.499
13.95 20.00   2.821   1.550   3.182   0.492

13.96  0.00   0.441   0.434   0.026   0.075   0.002   0.004   0.330   0.002   0.000   0.003   0.000 1212745000
13.96    4.52    57.624
13.96 20.00   1.076   2.105
13.96 20.00   3.181    67.297
13.96 20.00   2.819   1.557   3.181   0.499
13.96 20.00   2.821   1.550   3.181   0.492

13.97  0.00   0.441   0.434   0.026   0.075   0.002   0.004   0.330   0.002   0.000   0.003   0.000 1213614000
13.97    4.51    57.614
13.97 20.00   1.076   2.105
13.97 20.00   3.181    67.294
13.97 20.00   2.818   1.557   3.181   0.499
13.97 20.00   2.821   1.550   3.181   0.492

13.98  0.00   0.441   0.434   0.026   0.075   0.002   0.004   0.330   0.002   0.000   0.003   0.000 1214482000
13.98    4.51    57.604
13.98 20.00   1.076   2.105
13.98 20.00   3.181    67.290
13.98 20.00   2.818   1.557   3.181   0.499
13.98 20.00   2.821   1.550   3.181   0.492

13.99  0.00   0.441   0.434   0.026   0.075   0.002   0.004   0.330   0.002   0.000   0.003   0.000 1215351000
13.99    4.51    57.593
13.99 20.00   1.075   2.105
13.99 20.00   3.180    67.287
13.99 20.00   2.818   1.557   3.180   0.499
13.99 20.00   2.820   1.550   3.180   0.492

14.00  0.00   0.441   0.434   0.026   0.075   0.002   0.004   0.329   0.002   0.000   0.003   0.000 1216220000
14.00    4.51    57.583
14.00 20.00   1.075   2.105
14.00 20.00   3.180    67.284
14.00 20.00   2.817   1.557   3.180   0.499
14.00 20.00   2.820   1.550   3.180   0.492

14.01  0.00   0.441   0.434   0.026   0.075   0.002   0.004   0.329   0.002   0.000   0.003   0.000 1217089000
14.01    4.51    57.573
14.01 20.00   1.075   2.105
14.01 20.00   3.180    67.280
14.01 20.00   2.817   1.556   3.180   0.499
14.01 20.00   2.820   1.549   3.180   0.492

14.02  0.00   0.441   0.434   0.026   0.075   0.002   0.004   0.329   0.002   0.000   0.003   0.000 1217957000
14.02    4.51    57.562
14.02 20.00   1.074   2.105
14.02 20.00   3.179    67.277
14.02 20.00   2.817   1.556   3.179   0.499
14.02 20.00   2.819   1.549   3.179   0.492

14.03  0.00   0.441   0.434   0.026   0.075   0.002   0.004   0.329   0.002   0.000   0.003   0.000 1218826000
14.03    4.51    57.552
14.03 20.00   1.074   2.105
14.03 20.00   3.179    67.274
14.03 20.00   2.817   1.556   3.179   0.499
14.03 20.00   2.819   1.549   3.179   0.492

14.04  0.00   0.441   0.434   0.026   0.075   0.002   0.004   0.329   0.002   0.000   0.003   0.000 1219695000
14.04    4.51    57.542
14.04 20.00   1.074   2.105
14.04 20.00   3.179    67.271
14.04 20.00   2.816   1.556   3.179   0.499
14.04 20.00   2.819   1.549   3.179   0.492

14.05  0.00   0.441   0.434   0.026   0.075   0.002   0.004   0.329   0.002   0.000   0.003   0.000 1220564000
14.05    4.50    57.532
14.05 20.00   1.073   2.105
14.05 20.00   3.178    67.267
14.05 20.00   2.816   1.556   3.178   0.499
14.05 20.00   2.819   1.549   3.178   0.492

14.06  0.00   0.441   0.434   0.026   0.075   0.002   0.004   0.329   0.002   0.000   0.003   0.000 1221432000
14.06    4.50    57.521
14.06 20.00   1.073   2.105
14.06 20.00   3.178    67.264
14.06 20.00   2.816   1.556   3.178   0.499
14.06 20.00   2.818   1.549   3.178   0.491

14.07  0.00   0.441   0.434   0.026   0.075   0.002   0.004   0.329   0.002   0.000   0.003   0.000 1222301000
14.07    4.50    57.511
14.07 20.00   1.073   2.105
14.07 20.00   3.178    67.261
14.07 20.00   2.815   1.556   3.178   0.499
14.07 20.00   2.818   1.549   3.178   0.491

14.08  0.00   0.441   0.434   0.026   0.075   0.002   0.004   0.329   0.002   0.000   0.003   0.000 1223170000
14.08    4.50    57.501
14.08 20.00   1.072   2.105
14.08 20.00   3.177    67.258
14.08 20.00   2.815   1.556   3.177   0.499
14.08 20.00   2.818   1.549   3.177   0.491

14.09  0.00   0.441   0.434   0.026   0.075   0.002   0.004   0.329   0.002   0.000   0.003   0.000 1224039000
14.09    4.50    57.491
14.09 20.00   1.072   2.105
14.09 20.00   3.177    67.254
14.09 20.00   2.815   1.555   3.177   0.499
14.09 20.00   2.817   1.548   3.177   0.491

14.10  0.00   0.441   0.434   0.026   0.075   0.002   0.004   0.329   0.002   0.000   0.003   0.000 1224907000
14.10    4.50    57.480
14.10 20.00   1.072   2.105
14.10 20.00   3.177    67.251
14.10 20.00   2.815   1.555   3.177   0.499
14.10 20.00   2.817   1.548   3.177   0.491

14.11  0.00   0.441   0.434   0.026   0.075   0.002   0.004   0.329   0.002   0.000   0.003   0.000 1225776000
14.11    4.50    57.470
14.11 20.00   1.072   2.105
14.11 20.00   3.177    67.248
14.11 20.00   2.814   1.555   3.177   0.499
14.11 20.00   2.817   1.548   3.177   0.491

14.12  0.00   0.441   0.434   0.026   0.075   0.002   0.004   0.329   0.002   0.000   0.003   0.000 1226645000
14.12    4.49    57.460
14.12 20.00   1.071   2.105
14.12 20.00   3.176    67.245
14.12 20.00   2.814   1.555   3.176   0.499
14.12 20.00   2.817   1.548   3.176   0.491

14.13  0.00   0.440   0.434   0.026   0.075   0.002   0.004   0.329   0.002   0.000   0.003   0.000 1227513000
14.13    4.49    57.450
14.13 20.00   1.071   2.105
14.13 20.00   3.176    67.241
14.13 20.00   2.814   1.555   3.176   0.499
14.13 20.00   2.816   1.548   3.176   0.491

14.14  0.00   0.440   0.434   0.026   0.075   0.002   0.004   0.329   0.002   0.000   0.003   0.000 1228382000
14.14    4.49    57.440
14.14 20.00   1.071   2.105
14.14 20.00   3.176    67.238
14.14 20.00   2.813   1.555   3.176   0.499
14.14 20.00   2.816   1.548   3.176   0.491

14.15  0.00   0.440   0.434   0.026   0.075   0.002   0.004   0.329   0.002   0.000   0.003   0.000 1229251000
14.15    4.49    57.429
14.15 20.00   1.070   2.105
14.15 20.00   3.175    67.235
14.15 20.00   2.813   1.555   3.175   0.499
14.15 20.00   2.816   1.548   3.175   0.491

14.16  0.00   0.440   0.434   0.026   0.075   0.002   0.004   0.329   0.002   0.000   0.003   0.000 1230120000
14.16    4.49    57.419
14.16 20.00   1.070   2.105
14.16 20.00   3.175    67.232
14.16 20.00   2.813   1.555   3.175   0.499
14.16 20.00   2.815   1.548   3.175   0.491

14.17  0.00   0.440   0.434   0.026   0.075   0.002   0.004   0.329   0.002   0.000   0.003   0.000 1230988000
14.17    4.49    57.409
14.17 20.00   1.070   2.105
14.17 20.00   3.175    67.228
14.17 20.00   2.813   1.554   3.175   0.499
14.17 20.00   2.815   1.547   3.175   0.491

14.18  0.00   0.440   0.434   0.026   0.075   0.002   0.004   0.329   0.002   0.000   0.003   0.000 1231857000
14.18    4.49    57.399
14.18 20.00   1.069   2.105
14.18 20.00   3.174    67.225
14.18 20.00   2.812   1.554   3.174   0.499
14.18 20.00   2.815   1.547   3.174   0.491

14.19  0.00   0.440   0.434   0.026   0.075   0.002   0.004   0.329   0.002   0.000   0.003   0.000 1232726000
14.19    4.49    57.389
14.19 20.00   1.069   2.105
14.19 20.00   3.174    67.222
14.19 20.00   2.812   1.554   3.174   0.499
14.19 20.00   2.815   1.547   3.174   0.491

14.20  0.00   0.440   0.434   0.026   0.075   0.002   0.004   0.329   0.002   0.000   0.003   0.000 1233594000
14.20    4.48    57.379
14.20 20.00   1.069   2.105
14.20 20.00   3.174    67.219
14.20 20.00   2.812   1.554   3.174   0.499
14.20 20.00   2.814   1.547   3.174   0.491

14.21  0.00   0.440   0.434   0.026   0.075   0.002   0.004   0.329   0.002   0.000   0.003   0.000 1234463000
14.21    4.48    57.369
14.21 20.00   1.068   2.105
14.21 20.00   3.173    67.216
14.21 20.00   2.811   1.554   3.173   0.499
14.21 20.00   2.814   1.547   3.173   0.491

14.22  0.00   0.440   0.434   0.026   0.075   0.002   0.004   0.329   0.002   0.000   0.003   0.000 1235332000
14.22    4.48    57.359
14.22 20.00   1.068   2.105
14.22 20.00   3.173    67.212
14.22 20.00   2.811   1.554   3.173   0.499
14.22 20.00   2.814   1.547   3.173   0.491

14.23  0.00   0.440   0.434   0.026   0.075   0.002   0.004   0.329   0.002   0.000   0.003   0.000 1236201000
14.23    4.48    57.348
14.23 20.00   1.068   2.105
14.23 20.00   3.173    67.209
14.23 20.00   2.811   1.554   3.173   0.499
14.23 20.00   2.813   1.547   3.173   0.491

14.24  0.00   0.440   0.434   0.026   0.075   0.002   0.004   0.329   0.002   0.000   0.003   0.000 1237069000
14.24    4.48    57.338
14.24 20.00   1.068   2.105
14.24 20.00   3.173    67.206
14.24 20.00   2.811   1.554   3.173   0.499
14.24 20.00   2.813   1.547   3.173   0.491

14.25  0.00   0.440   0.434   0.026   0.075   0.002   0.004   0.329   0.002   0.000   0.003   0.000 1237938000
14.25    4.48    57.328
14.25 20.00   1.067   2.105
14.25 20.00   3.172    67.203
14.25 20.00   2.810   1.554   3.172   0.499
14.25 20.00   2.813   1.546   3.172   0.491

14.26  0.00   0.440   0.434   0.026   0.075   0.002   0.004   0.329   0.002   0.000   0.003   0.000 1238807000
14.26    4.48    57.318
14.26 20.00   1.067   2.105
14.26 20.00   3.172    67.200
14.26 20.00   2.810   1.553   3.172   0.499
14.26 20.00   2.813   1.546   3.172   0.491

14.27  0.00   0.440   0.434   0.026   0.075   0.002   0.004   0.329   0.002   0.000   0.003   0.000 1239676000
14.27    4.48    57.308
14.27 20.00   1.067   2.105
14.27 20.00   3.172    67.197
14.27 20.00   2.810   1.553   3.172   0.499
14.27 20.00   2.812   1.546   3.172   0.491

14.28  0.00   0.440   0.434   0.026   0.075   0.002   0.004   0.329   0.002   0.000   0.003   0.000 1240544000
14.28    4.47    57.298
14.28 20.00   1.066   2.105
14.28 20.00   3.171    67.193
14.28 20.00   2.810   1.553   3.171   0.499
14.28 20.00   2.812   1.546   3.171   0.491

14.29  0.00   0.440   0.434   0.026   0.075   0.002   0.004   0.329   0.002   0.000   0.003   0.000 1241413000
14.29    4.47    57.288
14.29 20.00   1.066   2.105
14.29 20.00   3.171    67.190
14.29 20.00   2.809   1.553   3.171   0.499
14.29 20.00   2.812   1.546   3.171   0.491

14.30  0.00   0.440   0.434   0.026   0.075   0.002   0.004   0.329   0.002   0.000   0.003   0.000 1242282000
14.30    4.47    57.278
14.30 20.00   1.066   2.105
14.30 20.00   3.171    67.187
14.30 20.00   2.809   1.553   3.171   0.499
14.30 20.00   2.812   1.546   3.171   0.491

14.31  0.00   0.440   0.434   0.026   0.075   0.002   0.004   0.329   0.002   0.000   0.003   0.000 1243151000
14.31    4.47    57.268
14.31 20.00   1.065   2.105
14.31 20.00   3.170    67.184
14.31 20.00   2.809   1.553   3.170   0.499
14.31 20.00   2.811   1.546   3.170   0.491

14.32  0.00   0.440   0.434   0.026   0.075   0.002   0.004   0.329   0.002   0.000   0.003   0.000 1244019000
14.32    4.47    57.258
14.32 20.00   1.065   2.105
14.32 20.00   3.170    67.181
14.32 20.00   2.808   1.553   3.170   0.499
14.32 20.00   2.811   1.546   3.170   0.491

14.33  0.00   0.440   0.434   0.026   0.075   0.002   0.004   0.329   0.002   0.000   0.003   0.000 1244888000
14.33    4.47    57.248
14.33 20.00   1.065   2.105
14.33 20.00   3.170    67.178
14.33 20.00   2.808   1.553   3.170   0.498
14.33 20.00   2.811   1.546   3.170   0.491

14.34  0.00   0.440   0.434   0.026   0.075   0.002   0.004   0.329   0.002   0.000   0.003   0.000 1245757000
14.34    4.47    57.238
14.34 20.00   1.065   2.105
14.34 20.00   3.170    67.174
14.34 20.00   2.808   1.552   3.170   0.498
14.34 20.00   2.810   1.545   3.170   0.491

14.35  0.00   0.440   0.434   0.026   0.075   0.002   0.004   0.329   0.002   0.000   0.003   0.000 1246625000
14.35    4.47    57.228
14.35 20.00   1.064   2.105
14.35 20.00   3.169    67.171
14.35 20.00   2.808   1.552   3.169   0.498
14.35 20.00   2.810   1.545   3.169   0.491

14.36  0.00   0.440   0.434   0.026   0.075   0.002   0.004   0.329   0.002   0.000   0.003   0.000 1247494000
14.36    4.46    57.218
14.36 20.00   1.064   2.105
14.36 20.00   3.169    67.168
14.36 20.00   2.807   1.552   3.169   0.498
14.36 20.00   2.810   1.545   3.169   0.491

14.37  0.00   0.440   0.433   0.026   0.075   0.002   0.004   0.329   0.002   0.000   0.003   0.000 1248363000
14.37    4.46    57.208
14.37 20.00   1.064   2.105
14.37 20.00   3.169    67.165
14.37 20.00   2.807   1.552   3.169   0.498
14.37 20.00   2.810   1.545   3.169   0.491

14.38  0.00   0.440   0.433   0.026   0.075   0.002   0.004   0.329   0.002   0.000   0.003   0.000 1249232000
14.38    4.46    57.198
14.38 20.00   1.063   2.105
14.38 20.00   3.168    67.162
14.38 20.00   2.807   1.552   3.168   0.498
14.38 20.00   2.809   1.545   3.168   0.491

14.39  0.00   0.440   0.433   0.026   0.075   0.002   0.004   0.329   0.002   0.000   0.003   0.000 1250100000
14.39    4.46    57.188
14.39 20.00   1.063   2.105
14.39 20.00   3.168    67.159
14.39 20.00   2.806   1.552   3.168   0.498
14.39 20.00   2.809   1.545   3.168   0.491

14.40  0.00   0.440   0.433   0.026   0.075   0.002   0.004   0.329   0.002   0.000   0.003   0.000 1250969000
14.40    4.46    57.178
14.40 20.00   1.063   2.105
14.40 20.00   3.168    67.156
14.40 20.00   2.806   1.552   3.168   0.498
14.40 20.00   2.809   1.545   3.168   0.491

14.41  0.00   0.440   0.433   0.026   0.075   0.002   0.004   0.329   0.002   0.000   0.003   0.000 1251838000
14.41    4.46    57.168
14.41 20.00   1.062   2.105
14.41 20.00   3.167    67.153
14.41 20.00   2.806   1.552   3.167   0.498
14.41 20.00   2.809   1.545   3.167   0.491

14.42  0.00   0.440   0.433   0.026   0.075   0.002   0.004   0.329   0.002   0.000   0.003   0.000 1252707000
14.42    4.46    57.159
14.42 20.00   1.062   2.105
14.42 20.00   3.167    67.149
14.42 20.00   2.806   1.552   3.167   0.498
14.42 20.00   2.808   1.544   3.167   0.491

14.43  0.00   0.440   0.433   0.026   0.075   0.002   0.004   0.329   0.002   0.000   0.003   0.000 1253575000
14.43    4.46    57.149
14.43 20.00   1.062   2.105
14.43 20.00   3.167    67.146
14.43 20.00   2.805   1.551   3.167   0.498
14.43 20.00   2.808   1.544   3.167   0.491

14.44  0.00   0.440   0.433   0.026   0.075   0.002   0.004   0.329   0.002   0.000   0.003   0.000 1254444000
14.44    4.45    57.139
14.44 20.00   1.062   2.105
14.44 20.00   3.167    67.143
14.44 20.00   2.805   1.551   3.167   0.498
14.44 20.00   2.808   1.544   3.167   0.491

14.45  0.00   0.440   0.433   0.026   0.075   0.002   0.004   0.329   0.002   0.000   0.003   0.000 1255313000
14.45    4.45    57.129
14.45 20.00   1.061   2.105
14.45 20.00   3.166    67.140
14.45 20.00   2.805   1.551   3.166   0.498
14.45 20.00   2.807   1.544   3.166   0.491

14.46  0.00   0.440   0.433   0.026   0.075   0.002   0.004   0.329   0.002   0.000   0.003   0.000 1256182000
14.46    4.45    57.119
14.46 20.00   1.061   2.105
14.46 20.00   3.166    67.137
14.46 20.00   2.805   1.551   3.166   0.498
14.46 20.00   2.807   1.544   3.166   0.491

14.47  0.00   0.440   0.433   0.026   0.075   0.002   0.004   0.329   0.002   0.000   0.003   0.000 1257050000
14.47    4.45    57.109
14.47 20.00   1.061   2.105
14.47 20.00   3.166    67.134
14.47 20.00   2.804   1.551   3.166   0.498
14.47 20.00   2.807   1.544   3.166   0.491

14.48  0.00   0.440   0.433   0.026   0.075   0.002   0.004   0.329   0.002   0.000   0.003   0.000 1257919000
14.48    4.45    57.099
14.48 20.00   1.060   2.105
14.48 20.00   3.165    67.131
14.48 20.00   2.804   1.551   3.165   0.498
14.48 20.00   2.807   1.544   3.165   0.491

14.49  0.00   0.440   0.433   0.026   0.075   0.002   0.004   0.329   0.002   0.000   0.003   0.000 1258788000
14.49    4.45    57.089
14.49 20.00   1.060   2.105
14.49 20.00   3.165    67.128
14.49 20.00   2.804   1.551   3.165   0.498
14.49 20.00   2.806   1.544   3.165   0.491

14.50  0.00   0.440   0.433   0.026   0.075   0.002   0.004   0.329   0.002   0.000   0.003   0.000 1259656000
14.50    4.45    57.080
14.50 20.00   1.060   2.105
14.50 20.00   3.165    67.125
14.50 20.00   2.804   1.551   3.165   0.498
14.50 20.00   2.806   1.544   3.165   0.491

14.51  0.00   0.440   0.433   0.026   0.075   0.002   0.004   0.329   0.002   0.000   0.003   0.000 1260525000
14.51    4.45    57.070
14.51 20.00   1.059   2.105
14.51 20.00   3.164    67.122
14.51 20.00   2.803   1.550   3.164   0.498
14.51 20.00   2.806   1.543   3.164   0.491

14.52  0.00   0.440   0.433   0.026   0.075   0.002   0.004   0.329   0.002   0.000   0.003   0.000 1261394000
14.52    4.44    57.060
14.52 20.00   1.059   2.105
14.52 20.00   3.164    67.118
14.52 20.00   2.803   1.550   3.164   0.498
14.52 20.00   2.806   1.543   3.164   0.491

14.53  0.00   0.440   0.433   0.026   0.075   0.002   0.004   0.329   0.002   0.000   0.003   0.000 1262263000
14.53    4.44    57.050
14.53 20.00   1.059   2.105
14.53 20.00   3.164    67.115
14.53 20.00   2.803   1.550   3.164   0.498
14.53 20.00   2.805   1.543   3.164   0.491

14.54  0.00   0.440   0.433   0.026   0.075   0.002   0.004   0.329   0.002   0.000   0.003   0.000 1263131000
14.54    4.44    57.040
14.54 20.00   1.059   2.105
14.54 20.00   3.164    67.112
14.54 20.00   2.802   1.550   3.164   0.498
14.54 20.00   2.805   1.543   3.164   0.491

14.55  0.00   0.440   0.433   0.026   0.075   0.002   0.004   0.329   0.002   0.000   0.003   0.000 1264000000
14.55    4.44    57.031
14.55 20.00   1.058   2.105
14.55 20.00   3.163    67.109
14.55 20.00   2.802   1.550   3.163   0.498
14.55 20.00   2.805   1.543   3.163   0.491

14.56  0.00   0.440   0.433   0.026   0.075   0.002   0.004   0.329   0.002   0.000   0.003   0.000 1264869000
14.56    4.44    57.021
14.56 20.00   1.058   2.105
14.56 20.00   3.163    67.106
14.56 20.00   2.802   1.550   3.163   0.498
14.56 20.00   2.804   1.543   3.163   0.491

14.57  0.00   0.440   0.433   0.026   0.075   0.002   0.004   0.329   0.002   0.000   0.003   0.000 1265737000
14.57    4.44    57.011
14.57 20.00   1.058   2.105
14.57 20.00   3.163    67.103
14.57 20.00   2.802   1.550   3.163   0.498
14.57 20.00   2.804   1.543   3.163   0.491

14.58  0.00   0.440   0.433   0.026   0.075   0.002   0.004   0.329   0.002   0.000   0.003   0.000 1266606000
14.58    4.44    57.001
14.58 20.00   1.057   2.105
14.58 20.00   3.162    67.100
14.58 20.00   2.801   1.550   3.162   0.498
14.58 20.00   2.804   1.543   3.162   0.491

14.59  0.00   0.440   0.433   0.026   0.075   0.002   0.004   0.329   0.002   0.000   0.003   0.000 1267475000
14.59    4.44    56.991
14.59 20.00   1.057   2.105
14.59 20.00   3.162    67.097
14.59 20.00   2.801   1.550   3.162   0.498
14.59 20.00   2.804   1.542   3.162   0.491

14.60  0.00   0.440   0.433   0.026   0.075   0.002   0.004   0.329   0.002   0.000   0.003   0.000 1268344000
14.60    4.44    56.982
14.60 20.00   1.057   2.105
14.60 20.00   3.162    67.094
14.60 20.00   2.801   1.549   3.162   0.498
14.60 20.00   2.803   1.542   3.162   0.491

14.61  0.00   0.440   0.433   0.026   0.075   0.002   0.004   0.329   0.002   0.000   0.003   0.000 1269212000
14.61    4.43    56.972
14.61 20.00   1.057   2.105
14.61 20.00   3.162    67.091
14.61 20.00   2.801   1.549   3.162   0.498
14.61 20.00   2.803   1.542   3.162   0.491

14.62  0.00   0.440   0.433   0.026   0.075   0.002   0.004   0.329   0.002   0.000   0.003   0.000 1270081000
14.62    4.43    56.962
14.62 20.00   1.056   2.105
14.62 20.00   3.161    67.088
14.62 20.00   2.800   1.549   3.161   0.498
14.62 20.00   2.803   1.542   3.161   0.490

14.63  0.00   0.440   0.433   0.026   0.075   0.002   0.004   0.329   0.002   0.000   0.003   0.000 1270950000
14.63    4.43    56.953
14.63 20.00   1.056   2.105
14.63 20.00   3.161    67.085
14.63 20.00   2.800   1.549   3.161   0.498
14.63 20.00   2.803   1.542   3.161   0.490

14.64  0.00   0.440   0.433   0.026   0.075   0.002   0.004   0.329   0.002   0.000   0.003   0.000 1271819000
14.64    4.43    56.943
14.64 20.00   1.056   2.105
14.64 20.00   3.161    67.082
14.64 20.00   2.800   1.549   3.161   0.498
14.64 20.00   2.802   1.542   3.161   0.490

14.65  0.00   0.440   0.433   0.026   0.075   0.002   0.004   0.329   0.002   0.000   0.003   0.000 1272687000
14.65    4.43    56.933
14.65 20.00   1.055   2.105
14.65 20.00   3.160    67.079
14.65 20.00   2.799   1.549   3.160   0.498
14.65 20.00   2.802   1.542   3.160   0.490

14.66  0.00   0.440   0.433   0.026   0.075   0.002   0.004   0.329   0.002   0.000   0.003   0.000 1273556000
14.66    4.43    56.923
14.66 20.00   1.055   2.105
14.66 20.00   3.160    67.076
14.66 20.00   2.799   1.549   3.160   0.498
14.66 20.00   2.802   1.542   3.160   0.490

14.67  0.00   0.440   0.433   0.026   0.075   0.002   0.004   0.329   0.002   0.000   0.003   0.000 1274425000
14.67    4.43    56.914
14.67 20.00   1.055   2.105
14.67 20.00   3.160    67.073
14.67 20.00   2.799   1.549   3.160   0.498
14.67 20.00   2.802   1.542   3.160   0.490

14.68  0.00   0.440   0.433   0.026   0.075   0.002   0.004   0.329   0.002   0.000   0.003   0.000 1275293000
14.68    4.43    56.904
14.68 20.00   1.055   2.105
14.68 20.00   3.160    67.070
14.68 20.00   2.799   1.548   3.160   0.498
14.68 20.00   2.801   1.541   3.160   0.490

14.69  0.00   0.440   0.433   0.026   0.075   0.002   0.004   0.329   0.002   0.000   0.003   0.000 1276162000
14.69    4.42    56.894
14.69 20.00   1.054   2.105
14.69 20.00   3.159    67.067
14.69 20.00   2.798   1.548   3.159   0.498
14.69 20.00   2.801   1.541   3.159   0.490

14.70  0.00   0.440   0.433   0.026   0.075   0.002   0.004   0.329   0.002   0.000   0.003   0.000 1277031000
14.70    4.42    56.885
14.70 20.00   1.054   2.105
14.70 20.00   3.159    67.064
14.70 20.00   2.798   1.548   3.159   0.498
14.70 20.00   2.801   1.541   3.159   0.490

14.71  0.00   0.440   0.433   0.026   0.075   0.002   0.004   0.329   0.002   0.000   0.003   0.000 1277900000
14.71    4.42    56.875
14.71 20.00   1.054   2.105
14.71 20.00   3.159    67.061
14.71 20.00   2.798   1.548   3.159   0.498
14.71 20.00   2.800   1.541   3.159   0.490

14.72  0.00   0.440   0.433   0.026   0.075   0.002   0.004   0.329   0.002   0.000   0.003   0.000 1278768000
14.72    4.42    56.865
14.72 20.00   1.053   2.105
14.72 20.00   3.158    67.058
14.72 20.00   2.798   1.548   3.158   0.498
14.72 20.00   2.800   1.541   3.158   0.490

14.73  0.00   0.440   0.433   0.026   0.075   0.002   0.004   0.329   0.002   0.000   0.003   0.000 1279637000
14.73    4.42    56.856
14.73 20.00   1.053   2.105
14.73 20.00   3.158    67.055
14.73 20.00   2.797   1.548   3.158   0.498
14.73 20.00   2.800   1.541   3.158   0.490

14.74  0.00   0.440   0.433   0.026   0.075   0.002   0.004   0.329   0.002   0.000   0.003   0.000 1280506000
14.74    4.42    56.846
14.74 20.00   1.053   2.105
14.74 20.00   3.158    67.052
14.74 20.00   2.797   1.548   3.158   0.498
14.74 20.00   2.800   1.541   3.158   0.490

14.75  0.00   0.440   0.433   0.026   0.075   0.002   0.004   0.329   0.002   0.000   0.003   0.000 1281375000
14.75    4.42    56.837
14.75 20.00   1.053   2.105
14.75 20.00   3.158    67.049
14.75 20.00   2.797   1.548   3.158   0.498
14.75 20.00   2.799   1.541   3.158   0.490

14.76  0.00   0.440   0.433   0.026   0.075   0.002   0.004   0.329   0.002   0.000   0.003   0.000 1282243000
14.76    4.42    56.827
14.76 20.00   1.052   2.105
14.76 20.00   3.157    67.046
14.76 20.00   2.797   1.548   3.157   0.498
14.76 20.00   2.799   1.541   3.157   0.490

14.77  0.00   0.440   0.433   0.026   0.075   0.002   0.004   0.329   0.002   0.000   0.003   0.000 1283112000
14.77    4.42    56.817
14.77 20.00   1.052   2.105
14.77 20.00   3.157    67.043
14.77 20.00   2.796   1.547   3.157   0.498
14.77 20.00   2.799   1.540   3.157   0.490

14.78  0.00   0.440   0.433   0.026   0.075   0.002   0.004   0.329   0.002   0.000   0.003   0.000 1283981000
14.78    4.41    56.808
14.78 20.00   1.052   2.105
14.78 20.00   3.157    67.040
14.78 20.00   2.796   1.547   3.157   0.498
14.78 20.00   2.799   1.540   3.157   0.490

14.79  0.00   0.439   0.433   0.026   0.075   0.002   0.004   0.329   0.002   0.000   0.003   0.000 1284850000
14.79    4.41    56.798
14.79 20.00   1.051   2.105
14.79 20.00   3.156    67.037
14.79 20.00   2.796   1.547   3.156   0.498
14.79 20.00   2.798   1.540   3.156   0.490

14.80  0.00   0.439   0.433   0.026   0.075   0.002   0.004   0.329   0.002   0.000   0.003   0.000 1285718000
14.80    4.41    56.789
14.80 20.00   1.051   2.105
14.80 20.00   3.156    67.034
14.80 20.00   2.796   1.547   3.156   0.498
14.80 20.00   2.798   1.540   3.156   0.490

14.81  0.00   0.439   0.433   0.026   0.075   0.002   0.004   0.329   0.002   0.000   0.003   0.000 1286587000
14.81    4.41    56.779
14.81 20.00   1.051   2.105
14.81 20.00   3.156    67.031
14.81 20.00   2.795   1.547   3.156   0.498
14.81 20.00   2.798   1.540   3.156   0.490

14.82  0.00   0.439   0.433   0.026   0.075   0.002   0.004   0.329   0.002   0.000   0.003   0.000 1287456000
14.82    4.41    56.770
14.82 20.00   1.051   2.105
14.82 20.00   3.156    67.028
14.82 20.00   2.795   1.547   3.156   0.498
14.82 20.00   2.798   1.540   3.156   0.490

14.83  0.00   0.439   0.433   0.026   0.075   0.002   0.004   0.329   0.002   0.000   0.003   0.000 1288324000
14.83    4.41    56.760
14.83 20.00   1.050   2.105
14.83 20.00   3.155    67.025
14.83 20.00   2.795   1.547   3.155   0.498
14.83 20.00   2.797   1.540   3.155   0.490

14.84  0.00   0.439   0.433   0.026   0.075   0.002   0.004   0.329   0.002   0.000   0.003   0.000 1289193000
14.84    4.41    56.751
14.84 20.00   1.050   2.105
14.84 20.00   3.155    67.022
14.84 20.00   2.795   1.547   3.155   0.498
14.84 20.00   2.797   1.540   3.155   0.490

14.85  0.00   0.439   0.433   0.026   0.075   0.002   0.004   0.329   0.002   0.000   0.003   0.000 1290062000
14.85    4.41    56.741
14.85 20.00   1.050   2.105
14.85 20.00   3.155    67.019
14.85 20.00   2.794   1.547   3.155   0.498
14.85 20.00   2.797   1.540   3.155   0.490

14.86  0.00   0.439   0.433   0.026   0.075   0.002   0.004   0.329   0.002   0.000   0.003   0.000 1290931000
14.86    4.40    56.732
14.86 20.00   1.049   2.105
14.86 20.00   3.154    67.016
14.86 20.00   2.794   1.546   3.154   0.498
14.86 20.00   2.797   1.539   3.154   0.490

14.87  0.00   0.439   0.433   0.026   0.075   0.002   0.004   0.329   0.002   0.000   0.003   0.000 1291799000
14.87    4.40    56.722
14.87 20.00   1.049   2.105
14.87 20.00   3.154    67.013
14.87 20.00   2.794   1.546   3.154   0.498
14.87 20.00   2.796   1.539   3.154   0.490

14.88  0.00   0.439   0.433   0.026   0.075   0.002   0.004   0.329   0.002   0.000   0.003   0.000 1292668000
14.88    4.40    56.713
14.88 20.00   1.049   2.105
14.88 20.00   3.154    67.010
14.88 20.00   2.793   1.546   3.154   0.498
14.88 20.00   2.796   1.539   3.154   0.490

14.89  0.00   0.439   0.433   0.026   0.075   0.002   0.004   0.329   0.002   0.000   0.003   0.000 1293537000
14.89    4.40    56.703
14.89 20.00   1.049   2.105
14.89 20.00   3.154    67.007
14.89 20.00   2.793   1.546   3.154   0.498
14.89 20.00   2.796   1.539   3.154   0.490

14.90  0.00   0.439   0.433   0.026   0.075   0.002   0.004   0.329   0.002   0.000   0.003   0.000 1294406000
14.90    4.40    56.694
14.90 20.00   1.048   2.105
14.90 20.00   3.153    67.004
14.90 20.00   2.793   1.546   3.153   0.498
14.90 20.00   2.796   1.539   3.153   0.490

14.91  0.00   0.439   0.433   0.026   0.075   0.002   0.004   0.329   0.002   0.000   0.003   0.000 1295274000
14.91    4.40    56.684
14.91 20.00   1.048   2.105
14.91 20.00   3.153    67.001
14.91 20.00   2.793   1.546   3.153   0.498
14.91 20.00   2.795   1.539   3.153   0.490

14.92  0.00   0.439   0.433   0.026   0.075   0.002   0.004   0.329   0.002   0.000   0.003   0.000 1296143000
14.92    4.40    56.675
14.92 20.00   1.048   2.105
14.92 20.00   3.153    66.998
14.92 20.00   2.792   1.546   3.153   0.497
14.92 20.00   2.795   1.539   3.153   0.490

14.93  0.00   0.439   0.433   0.026   0.075   0.002   0.004   0.329   0.002   0.000   0.003   0.000 1297012000
14.93    4.40    56.665
14.93 20.00   1.047   2.105
14.93 20.00   3.152    66.996
14.93 20.00   2.792   1.546   3.152   0.497
14.93 20.00   2.795   1.539   3.152   0.490

14.94  0.00   0.439   0.433   0.026   0.075   0.002   0.004   0.329   0.002   0.000   0.003   0.000 1297880000
14.94    4.40    56.656
14.94 20.00   1.047   2.105
14.94 20.00   3.152    66.993
14.94 20.00   2.792   1.546   3.152   0.497
14.94 20.00   2.795   1.539   3.152   0.490

14.95  0.00   0.439   0.433   0.026   0.075   0.002   0.004   0.329   0.002   0.000   0.003   0.000 1298749000
14.95    4.39    56.646
14.95 20.00   1.047   2.105
14.95 20.00   3.152    66.990
14.95 20.00   2.792   1.545   3.152   0.497
14.95 20.00   2.794   1.538   3.152   0.490

14.96  0.00   0.439   0.433   0.026   0.075   0.002   0.004   0.329   0.002   0.000   0.003   0.000 1299618000
14.96    4.39    56.637
14.96 20.00   1.047   2.105
14.96 20.00   3.152    66.987
14.96 20.00   2.791   1.545   3.152   0.497
14.96 20.00   2.794   1.538   3.152   0.490

14.97  0.00   0.439   0.433   0.026   0.075   0.002   0.004   0.329   0.002   0.000   0.003   0.000 1300487000
14.97    4.39    56.628
14.97 20.00   1.046   2.105
14.97 20.00   3.151    66.984
14.97 20.00   2.791   1.545   3.151   0.497
14.97 20.00   2.794   1.538   3.151   0.490

14.98  0.00   0.439   0.433   0.026   0.075   0.002   0.004   0.329   0.002   0.000   0.003   0.000 1301355000
14.98    4.39    56.618
14.98 20.00   1.046   2.105
14.98 20.00   3.151    66.981
14.98 20.00   2.791   1.545   3.151   0.497
14.98 20.00   2.793   1.538   3.151   0.490

14.99  0.00   0.439   0.433   0.026   0.075   0.002   0.004   0.329   0.002   0.000   0.003   0.000 1302224000
14.99    4.39    56.609
14.99 20.00   1.046   2.105
14.99 20.00   3.151    66.978
14.99 20.00   2.791   1.545   3.151   0.497
14.99 20.00   2.793   1.538   3.151   0.490

15.00  0.00   0.439   0.433   0.026   0.075   0.002   0.004   0.329   0.002   0.000   0.003   0.000 1303093000
15.00    4.39    56.599
15.00 20.00   1.046   2.105
15.00 20.00   3.151    66.975
15.00 20.00   2.790   1.545   3.151   0.497
15.00 20.00   2.793   1.538   3.151   0.490

15.01  0.00   0.439   0.433   0.026   0.075   0.002   0.004   0.329   0.002   0.000   0.003   0.000 1303961000
15.01    4.39    56.590
15.01 20.00   1.045   2.105
15.01 20.00   3.150    66.972
15.01 20.00   2.790   1.545   3.150   0.497
15.01 20.00   2.793   1.538   3.150   0.490

15.02  0.00   0.439   0.433   0.026   0.075   0.002   0.004   0.329   0.002   0.000   0.003   0.000 1304830000
15.02    4.39    56.581
15.02 20.00   1.045   2.105
15.02 20.00   3.150    66.969
15.02 20.00   2.790   1.545   3.150   0.497
15.02 20.00   2.792   1.538   3.150   0.490

15.03  0.00   0.439   0.433   0.026   0.075   0.002   0.004   0.329   0.002   0.000   0.003   0.000 1305699000
15.03    4.39    56.571
15.03 20.00   1.045   2.105
15.03 20.00   3.150    66.966
15.03 20.00   2.790   1.545   3.150   0.497
15.03 20.00   2.792   1.538   3.150   0.490

15.04  0.00   0.439   0.433   0.026   0.075   0.002   0.004   0.329   0.002   0.000   0.003   0.000 1306568000
15.04    4.38    56.562
15.04 20.00   1.044   2.105
15.04 20.00   3.149    66.964
15.04 20.00   2.789   1.544   3.149   0.497
15.04 20.00   2.792   1.537   3.149   0.490

15.05  0.00   0.439   0.432   0.026   0.075   0.002   0.004   0.329   0.002   0.000   0.003   0.000 1307436000
15.05    4.38    56.553
15.05 20.00   1.044   2.105
15.05 20.00   3.149    66.961
15.05 20.00   2.789   1.544   3.149   0.497
15.05 20.00   2.792   1.537   3.149   0.490

15.06  0.00   0.439   0.432   0.026   0.075   0.002   0.004   0.329   0.002   0.000   0.003   0.000 1308305000
15.06    4.38    56.543
15.06 20.00   1.044   2.105
15.06 20.00   3.149    66.958
15.06 20.00   2.789   1.544   3.149   0.497
15.06 20.00   2.791   1.537   3.149   0.490

15.07  0.00   0.439   0.432   0.026   0.075   0.002   0.004   0.329   0.002   0.000   0.003   0.000 1309174000
15.07    4.38    56.534
15.07 20.00   1.044   2.105
15.07 20.00   3.149    66.955
15.07 20.00   2.789   1.544   3.149   0.497
15.07 20.00   2.791   1.537   3.149   0.490

15.08  0.00   0.439   0.432   0.026   0.075   0.002   0.004   0.329   0.002   0.000   0.003   0.000 1310043000
15.08    4.38    56.525
15.08 20.00   1.043   2.105
15.08 20.00   3.148    66.952
15.08 20.00   2.788   1.544   3.148   0.497
15.08 20.00   2.791   1.537   3.148   0.490

15.09  0.00   0.439   0.432   0.026   0.075   0.002   0.004   0.329   0.002   0.000   0.003   0.000 1310911000
15.09    4.38    56.515
15.09 20.00   1.043   2.105
15.09 20.00   3.148    66.949
15.09 20.00   2.788   1.544   3.148   0.497
15.09 20.00   2.791   1.537   3.148   0.490

15.10  0.00   0.439   0.432   0.026   0.075   0.002   0.004   0.329   0.002   0.000   0.003   0.000 1311780000
15.10    4.38    56.506
15.10 20.00   1.043   2.105
15.10 20.00   3.148    66.946
15.10 20.00   2.788   1.544   3.148   0.497
15.10 20.00   2.790   1.537   3.148   0.490

15.11  0.00   0.439   0.432   0.026   0.075   0.002   0.004   0.329   0.002   0.000   0.003   0.000 1312649000
15.11    4.38    56.497
15.11 20.00   1.043   2.105
15.11 20.00   3.148    66.944
15.11 20.00   2.788   1.544   3.148   0.497
15.11 20.00   2.790   1.537   3.148   0.490

15.12  0.00   0.439   0.432   0.026   0.075   0.002   0.004   0.329   0.002   0.000   0.003   0.000 1313518000
15.12    4.38    56.488
15.12 20.00   1.042   2.105
15.12 20.00   3.147    66.941
15.12 20.00   2.787   1.544   3.147   0.497
15.12 20.00   2.790   1.537   3.147   0.490

15.13  0.00   0.439   0.432   0.026   0.075   0.002   0.004   0.329   0.002   0.000   0.003   0.000 1314386000
15.13    4.37    56.478
15.13 20.00   1.042   2.105
15.13 20.00   3.147    66.938
15.13 20.00   2.787   1.543   3.147   0.497
15.13 20.00   2.790   1.536   3.147   0.490

15.14  0.00   0.439   0.432   0.026   0.075   0.002   0.004   0.329   0.002   0.000   0.003   0.000 1315255000
15.14    4.37    56.469
15.14 20.00   1.042   2.105
15.14 20.00   3.147    66.935
15.14 20.00   2.787   1.543   3.147   0.497
15.14 20.00   2.789   1.536   3.147   0.490

15.15  0.00   0.439   0.432   0.026   0.075   0.002   0.004   0.329   0.002   0.000   0.003   0.000 1316124000
15.15    4.37    56.460
15.15 20.00   1.041   2.105
15.15 20.00   3.146    66.932
15.15 20.00   2.787   1.543   3.146   0.497
15.15 20.00   2.789   1.536   3.146   0.490

15.16  0.00   0.439   0.432   0.026   0.075   0.002   0.004   0.329   0.002   0.000   0.003   0.000 1316992000
15.16    4.37    56.451
15.16 20.00   1.041   2.105
15.16 20.00   3.146    66.929
15.16 20.00   2.786   1.543   3.146   0.497
15.16 20.00   2.789   1.536   3.146   0.490

15.17  0.00   0.439   0.432   0.026   0.075   0.002   0.004   0.328   0.002   0.000   0.003   0.000 1317861000
15.17    4.37    56.441
15.17 20.00   1.041   2.105
15.17 20.00   3.146    66.926
15.17 20.00   2.786   1.543   3.146   0.497
15.17 20.00   2.789   1.536   3.146   0.490

15.18  0.00   0.439   0.432   0.026   0.075   0.002   0.004   0.328   0.002   0.000   0.003   0.000 1318730000
15.18    4.37    56.432
15.18 20.00   1.041   2.105
15.18 20.00   3.146    66.924
15.18 20.00   2.786   1.543   3.146   0.497
15.18 20.00   2.788   1.536   3.146   0.490

15.19  0.00   0.439   0.432   0.026   0.075   0.002   0.004   0.328   0.002   0.000   0.003   0.000 1319599000
15.19    4.37    56.423
15.19 20.00   1.040   2.105
15.19 20.00   3.145    66.921
15.19 20.00   2.786   1.543   3.145   0.497
15.19 20.00   2.788   1.536   3.145   0.490

15.20  0.00   0.439   0.432   0.026   0.075   0.002   0.004   0.328   0.002   0.000   0.003   0.000 1320467000
15.20    4.37    56.414
15.20 20.00   1.040   2.105
15.20 20.00   3.145    66.918
15.20 20.00   2.785   1.543   3.145   0.497
15.20 20.00   2.788   1.536   3.145   0.490

15.21  0.00   0.439   0.432   0.026   0.075   0.002   0.004   0.328   0.002   0.000   0.003   0.000 1321336000
15.21    4.37    56.405
15.21 20.00   1.040   2.105
15.21 20.00   3.145    66.915
15.21 20.00   2.785   1.543   3.145   0.497
15.21 20.00   2.788   1.536   3.145   0.490

15.22  0.00   0.439   0.432   0.026   0.075   0.002   0.004   0.328   0.002   0.000   0.003   0.000 1322205000
15.22    4.36    56.395
15.22 20.00   1.040   2.105
15.22 20.00   3.145    66.912
15.22 20.00   2.785   1.543   3.145   0.497
15.22 20.00   2.787   1.535   3.145   0.490

15.23  0.00   0.439   0.432   0.026   0.075   0.002   0.004   0.328   0.002   0.000   0.003   0.000 1323074000
15.23    4.36    56.386
15.23 20.00   1.039   2.105
15.23 20.00   3.144    66.909
15.23 20.00   2.785   1.542   3.144   0.497
15.23 20.00   2.787   1.535   3.144   0.490

15.24  0.00   0.439   0.432   0.026   0.075   0.002   0.004   0.328   0.002   0.000   0.003   0.000 1323942000
15.24    4.36    56.377
15.24 20.00   1.039   2.105
15.24 20.00   3.144    66.907
15.24 20.00   2.784   1.542   3.144   0.497
15.24 20.00   2.787   1.535   3.144   0.489

15.25  0.00   0.439   0.432   0.026   0.075   0.002   0.004   0.328   0.002   0.000   0.003   0.000 1324811000
15.25    4.36    56.368
15.25 20.00   1.039   2.105
15.25 20.00   3.144    66.904
15.25 20.00   2.784   1.542   3.144   0.497
15.25 20.00   2.787   1.535   3.144   0.489

15.26  0.00   0.439   0.432   0.026   0.075   0.002   0.004   0.328   0.002   0.000   0.003   0.000 1325680000
15.26    4.36    56.359
15.26 20.00   1.038   2.105
15.26 20.00   3.143    66.901
15.26 20.00   2.784   1.542   3.143   0.497
15.26 20.00   2.786   1.535   3.143   0.489

15.27  0.00   0.439   0.432   0.026   0.075   0.002   0.004   0.328   0.002   0.000   0.003   0.000 1326548000
15.27    4.36    56.350
15.27 20.00   1.038   2.105
15.27 20.00   3.143    66.898
15.27 20.00   2.784   1.542   3.143   0.497
15.27 20.00   2.786   1.535   3.143   0.489

15.28  0.00   0.439   0.432   0.026   0.075   0.002   0.004   0.328   0.002   0.000   0.003   0.000 1327417000
15.28    4.36    56.341
15.28 20.00   1.038   2.105
15.28 20.00   3.143    66.895
15.28 20.00   2.783   1.542   3.143   0.497
15.28 20.00   2.786   1.535   3.143   0.489

15.29  0.00   0.439   0.432   0.026   0.075   0.002   0.004   0.328   0.002   0.000   0.003   0.000 1328286000
15.29    4.36    56.331
15.29 20.00   1.038   2.105
15.29 20.00   3.143    66.893
15.29 20.00   2.783   1.542   3.143   0.497
15.29 20.00   2.786   1.535   3.143   0.489

15.30  0.00   0.439   0.432   0.026   0.075   0.002   0.004   0.328   0.002   0.000   0.003   0.000 1329155000
15.30    4.36    56.322
15.30 20.00   1.037   2.105
15.30 20.00   3.142    66.890
15.30 20.00   2.783   1.542   3.142   0.497
15.30 20.00   2.786   1.535   3.142   0.489

15.31  0.00   0.439   0.432   0.026   0.075   0.002   0.004   0.328   0.002   0.000   0.003   0.000 1330023000
15.31    4.35    56.313
15.31 20.00   1.037   2.105
15.31 20.00   3.142    66.887
15.31 20.00   2.783   1.542   3.142   0.497
15.31 20.00   2.785   1.535   3.142   0.489

15.32  0.00   0.439   0.432   0.026   0.075   0.002   0.004   0.328   0.002   0.000   0.003   0.000 1330892000
15.32    4.35    56.304
15.32 20.00   1.037   2.105
15.32 20.00   3.142    66.884
15.32 20.00   2.782   1.541   3.142   0.497
15.32 20.00   2.785   1.534   3.142   0.489

15.33  0.00   0.439   0.432   0.026   0.075   0.002   0.004   0.328   0.002   0.000   0.003   0.000 1331761000
15.33    4.35    56.295
15.33 20.00   1.037   2.105
15.33 20.00   3.142    66.881
15.33 20.00   2.782   1.541   3.142   0.497
15.33 20.00   2.785   1.534   3.142   0.489

15.34  0.00   0.439   0.432   0.026   0.075   0.002   0.004   0.328   0.002   0.000   0.003   0.000 1332630000
15.34    4.35    56.286
15.34 20.00   1.036   2.105
15.34 20.00   3.141    66.879
15.34 20.00   2.782   1.541   3.141   0.497
15.34 20.00   2.785   1.534   3.141   0.489

15.35  0.00   0.439   0.432   0.026   0.075   0.002   0.004   0.328   0.002   0.000   0.003   0.000 1333498000
15.35    4.35    56.277
15.35 20.00   1.036   2.105
15.35 20.00   3.141    66.876
15.35 20.00   2.782   1.541   3.141   0.497
15.35 20.00   2.784   1.534   3.141   0.489

15.36  0.00   0.439   0.432   0.026   0.075   0.002   0.004   0.328   0.002   0.000   0.003   0.000 1334367000
15.36    4.35    56.268
15.36 20.00   1.036   2.105
15.36 20.00   3.141    66.873
15.36 20.00   2.781   1.541   3.141   0.497
15.36 20.00   2.784   1.534   3.141   0.489

15.37  0.00   0.439   0.432   0.026   0.075   0.002   0.004   0.328   0.002   0.000   0.003   0.000 1335236000
15.37    4.35    56.259
15.37 20.00   1.036   2.105
15.37 20.00   3.141    66.870
15.37 20.00   2.781   1.541   3.141   0.497
15.37 20.00   2.784   1.534   3.141   0.489

15.38  0.00   0.439   0.432   0.026   0.075   0.002   0.004   0.328   0.002   0.000   0.003   0.000 1336104000
15.38    4.35    56.250
15.38 20.00   1.035   2.105
15.38 20.00   3.140    66.868
15.38 20.00   2.781   1.541   3.140   0.497
15.38 20.00   2.784   1.534   3.140   0.489

15.39  0.00   0.439   0.432   0.026   0.075   0.002   0.004   0.328   0.002   0.000   0.003   0.000 1336973000
15.39    4.35    56.241
15.39 20.00   1.035   2.105
15.39 20.00   3.140    66.865
15.39 20.00   2.781   1.541   3.140   0.497
15.39 20.00   2.783   1.534   3.140   0.489

15.40  0.00   0.439   0.432   0.026   0.075   0.002   0.004   0.328   0.002   0.000   0.003   0.000 1337842000
15.40    4.35    56.232
15.40 20.00   1.035   2.105
15.40 20.00   3.140    66.862
15.40 20.00   2.781   1.541   3.140   0.497
15.40 20.00   2.783   1.534   3.140   0.489

15.41  0.00   0.439   0.432   0.026   0.075   0.002   0.004   0.328   0.002   0.000   0.003   0.000 1338711000
15.41    4.34    56.223
15.41 20.00   1.035   2.105
15.41 20.00   3.139    66.859
15.41 20.00   2.780   1.541   3.139   0.497
15.41 20.00   2.783   1.533   3.139   0.489

15.42  0.00   0.439   0.432   0.026   0.075   0.002   0.004   0.328   0.002   0.000   0.003   0.000 1339579000
15.42    4.34    56.214
15.42 20.00   1.034   2.105
15.42 20.00   3.139    66.856
15.42 20.00   2.780   1.540   3.139   0.497
15.42 20.00   2.783   1.533   3.139   0.489

15.43  0.00   0.439   0.432   0.026   0.075   0.002   0.004   0.328   0.002   0.000   0.003   0.000 1340448000
15.43    4.34    56.205
15.43 20.00   1.034   2.105
15.43 20.00   3.139    66.854
15.43 20.00   2.780   1.540   3.139   0.497
15.43 20.00   2.782   1.533   3.139   0.489

15.44  0.00   0.439   0.432   0.026   0.075   0.002   0.004   0.328   0.002   0.000   0.003   0.000 1341317000
15.44    4.34    56.196
15.44 20.00   1.034   2.105
15.44 20.00   3.139    66.851
15.44 20.00   2.780   1.540   3.139   0.497
15.44 20.00   2.782   1.533   3.139   0.489

15.45  0.00   0.439   0.432   0.026   0.075   0.002   0.004   0.328   0.002   0.000   0.003   0.000 1342186000
15.45    4.34    56.187
15.45 20.00   1.033   2.105
15.45 20.00   3.138    66.848
15.45 20.00   2.779   1.540   3.138   0.497
15.45 20.00   2.782   1.533   3.138   0.489

15.46  0.00   0.439   0.432   0.026   0.075   0.002   0.004   0.328   0.002   0.000   0.003   0.000 1343054000
15.46    4.34    56.178
15.46 20.00   1.033   2.105
15.46 20.00   3.138    66.845
15.46 20.00   2.779   1.540   3.138   0.497
15.46 20.00   2.782   1.533   3.138   0.489

15.47  0.00   0.439   0.432   0.026   0.075   0.002   0.004   0.328   0.002   0.000   0.003   0.000 1343923000
15.47    4.34    56.169
15.47 20.00   1.033   2.105
15.47 20.00   3.138    66.843
15.47 20.00   2.779   1.540   3.138   0.497
15.47 20.00   2.781   1.533   3.138   0.489

15.48  0.00   0.439   0.432   0.026   0.075   0.002   0.004   0.328   0.002   0.000   0.003   0.000 1344792000
15.48    4.34    56.160
15.48 20.00   1.033   2.105
15.48 20.00   3.138    66.840
15.48 20.00   2.779   1.540   3.138   0.497
15.48 20.00   2.781   1.533   3.138   0.489

15.49  0.00   0.439   0.432   0.026   0.075   0.002   0.004   0.328   0.002   0.000   0.003   0.000 1345660000
15.49    4.34    56.151
15.49 20.00   1.032   2.105
15.49 20.00   3.137    66.837
15.49 20.00   2.778   1.540   3.137   0.497
15.49 20.00   2.781   1.533   3.137   0.489

15.50  0.00   0.438   0.432   0.026   0.075   0.002   0.004   0.328   0.002   0.000   0.003   0.000 1346529000
15.50    4.33    56.142
15.50 20.00   1.032   2.105
15.50 20.00   3.137    66.835
15.50 20.00   2.778   1.540   3.137   0.497
15.50 20.00   2.781   1.533   3.137   0.489

15.51  0.00   0.438   0.432   0.026   0.075   0.002   0.004   0.328   0.002   0.000   0.003   0.000 1347398000
15.51    4.33    56.133
15.51 20.00   1.032   2.105
15.51 20.00   3.137    66.832
15.51 20.00   2.778   1.540   3.137   0.497
15.51 20.00   2.780   1.532   3.137   0.489

15.52  0.00   0.438   0.432   0.026   0.075   0.002   0.004   0.328   0.002   0.000   0.003   0.000 1348267000
15.52    4.33    56.124
15.52 20.00   1.032   2.105
15.52 20.00   3.137    66.829
15.52 20.00   2.778   1.539   3.137   0.497
15.52 20.00   2.780   1.532   3.137   0.489

15.53  0.00   0.438   0.432   0.026   0.075   0.002   0.004   0.328   0.002   0.000   0.003   0.000 1349135000
15.53    4.33    56.115
15.53 20.00   1.031   2.105
15.53 20.00   3.136    66.826
15.53 20.00   2.777   1.539   3.136   0.497
15.53 20.00   2.780   1.532   3.136   0.489

15.54  0.00   0.438   0.432   0.026   0.075   0.002   0.004   0.328   0.002   0.000   0.002   0.000 1350004000
15.54    4.33    56.106
15.54 20.00   1.031   2.105
15.54 20.00   3.136    66.824
15.54 20.00   2.777   1.539   3.136   0.497
15.54 20.00   2.780   1.532   3.136   0.489

15.55  0.00   0.438   0.432   0.026   0.075   0.002   0.004   0.328   0.002   0.000   0.002   0.000 1350873000
15.55    4.33    56.097
15.55 20.00   1.031   2.105
15.55 20.00   3.136    66.821
15.55 20.00   2.777   1.539   3.136   0.497
15.55 20.00   2.779   1.532   3.136   0.489

15.56  0.00   0.438   0.432   0.026   0.075   0.002   0.004   0.328   0.002   0.000   0.002   0.000 1351742000
15.56    4.33    56.088
15.56 20.00   1.031   2.105
15.56 20.00   3.136    66.818
15.56 20.00   2.777   1.539   3.136   0.496
15.56 20.00   2.779   1.532   3.136   0.489

15.57  0.00   0.438   0.432   0.026   0.075   0.002   0.004   0.328   0.002   0.000   0.002   0.000 1352610000
15.57    4.33    56.079
15.57 20.00   1.030   2.105
15.57 20.00   3.135    66.816
15.57 20.00   2.776   1.539   3.135   0.496
15.57 20.00   2.779   1.532   3.135   0.489

15.58  0.00   0.438   0.432   0.026   0.075   0.002   0.004   0.328   0.002   0.000   0.002   0.000 1353479000
15.58    4.33    56.071
15.58 20.00   1.030   2.105
15.58 20.00   3.135    66.813
15.58 20.00   2.776   1.539   3.135   0.496
15.58 20.00   2.779   1.532   3.135   0.489

15.59  0.00   0.438   0.432   0.026   0.075   0.002   0.004   0.328   0.002   0.000   0.002   0.000 1354348000
15.59    4.33    56.062
15.59 20.00   1.030   2.105
15.59 20.00   3.135    66.810
15.59 20.00   2.776   1.539   3.135   0.496
15.59 20.00   2.779   1.532   3.135   0.489

15.60  0.00   0.438   0.432   0.026   0.075   0.002   0.004   0.328   0.002   0.000   0.002   0.000 1355217000
15.60    4.32    56.053
15.60 20.00   1.030   2.105
15.60 20.00   3.135    66.807
15.60 20.00   2.776   1.539   3.135   0.496
15.60 20.00   2.778   1.532   3.135   0.489

15.61  0.00   0.438   0.432   0.026   0.075   0.002   0.004   0.328   0.002   0.000   0.002   0.000 1356085000
15.61    4.32    56.044
15.61 20.00   1.029   2.105
15.61 20.00   3.134    66.805
15.61 20.00   2.776   1.538   3.134   0.496
15.61 20.00   2.778   1.531   3.134   0.489

15.62  0.00   0.438   0.432   0.026   0.074   0.002   0.004   0.328   0.002   0.000   0.002   0.000 1356954000
15.62    4.32    56.035
15.62 20.00   1.029   2.105
15.62 20.00   3.134    66.802
15.62 20.00   2.775   1.538   3.134   0.496
15.62 20.00   2.778   1.531   3.134   0.489

15.63  0.00   0.438   0.432   0.026   0.074   0.001   0.004   0.328   0.002   0.000   0.002   0.000 1357823000
15.63    4.32    56.026
15.63 20.00   1.029   2.105
15.63 20.00   3.134    66.799
15.63 20.00   2.775   1.538   3.134   0.496
15.63 20.00   2.778   1.531   3.134   0.489

15.64  0.00   0.438   0.432   0.026   0.074   0.001   0.004   0.328   0.002   0.000   0.002   0.000 1358691000
15.64    4.32    56.018
15.64 20.00   1.029   2.105
15.64 20.00   3.134    66.797
15.64 20.00   2.775   1.538   3.134   0.496
15.64 20.00   2.777   1.531   3.134   0.489

15.65  0.00   0.438   0.432   0.026   0.074   0.001   0.004   0.328   0.002   0.000   0.002   0.000 1359560000
15.65    4.32    56.009
15.65 20.00   1.028   2.105
15.65 20.00   3.133    66.794
15.65 20.00   2.775   1.538   3.133   0.496
15.65 20.00   2.777   1.531   3.133   0.489

15.66  0.00   0.438   0.432   0.026   0.074   0.001   0.004   0.328   0.002   0.000   0.002   0.000 1360429000
15.66    4.32    56.000
15.66 20.00   1.028   2.105
15.66 20.00   3.133    66.791
15.66 20.00   2.774   1.538   3.133   0.496
15.66 20.00   2.777   1.531   3.133   0.489

15.67  0.00   0.438   0.432   0.026   0.074   0.001   0.004   0.328   0.002   0.000   0.002   0.000 1361298000
15.67    4.32    55.991
15.67 20.00   1.028   2.105
15.67 20.00   3.133    66.789
15.67 20.00   2.774   1.538   3.133   0.496
15.67 20.00   2.777   1.531   3.133   0.489

15.68  0.00   0.438   0.432   0.026   0.074   0.001   0.004   0.328   0.002   0.000   0.002   0.000 1362166000
15.68    4.32    55.982
15.68 20.00   1.028   2.105
15.68 20.00   3.133    66.786
15.68 20.00   2.774   1.538   3.133   0.496
15.68 20.00   2.776   1.531   3.133   0.489

15.69  0.00   0.438   0.432   0.026   0.074   0.001   0.004   0.328   0.002   0.000   0.002   0.000 1363035000
15.69    4.32    55.974
15.69 20.00   1.027   2.105
15.69 20.00   3.132    66.783
15.69 20.00   2.774   1.538   3.132   0.496
15.69 20.00   2.776   1.531   3.132   0.489

15.70  0.00   0.438   0.432   0.026   0.074   0.001   0.004   0.328   0.002   0.000   0.002   0.000 1363904000
15.70    4.31    55.965
15.70 20.00   1.027   2.105
15.70 20.00   3.132    66.781
15.70 20.00   2.773   1.538   3.132   0.496
15.70 20.00   2.776   1.531   3.132   0.489

15.71  0.00   0.438   0.432   0.026   0.074   0.001   0.004   0.328   0.002   0.000   0.002   0.000 1364772000
15.71    4.31    55.956
15.71 20.00   1.027   2.105
15.71 20.00   3.132    66.778
15.71 20.00   2.773   1.537   3.132   0.496
15.71 20.00   2.776   1.530   3.132   0.489

15.72  0.00   0.438   0.432   0.026   0.074   0.001   0.004   0.328   0.002   0.000   0.002   0.000 1365641000
15.72    4.31    55.947
15.72 20.00   1.027   2.105
15.72 20.00   3.132    66.775
15.72 20.00   2.773   1.537   3.132   0.496
15.72 20.00   2.775   1.530   3.132   0.489

15.73  0.00   0.438   0.432   0.026   0.074   0.001   0.004   0.328   0.002   0.000   0.002   0.000 1366510000
15.73    4.31    55.938
15.73 20.00   1.026   2.105
15.73 20.00   3.131    66.773
15.73 20.00   2.773   1.537   3.131   0.496
15.73 20.00   2.775   1.530   3.131   0.489

15.74  0.00   0.438   0.432   0.026   0.074   0.001   0.004   0.328   0.002   0.000   0.002   0.000 1367379000
15.74    4.31    55.930
15.74 20.00   1.026   2.105
15.74 20.00   3.131    66.770
15.74 20.00   2.772   1.537   3.131   0.496
15.74 20.00   2.775   1.530   3.131   0.489

15.75  0.00   0.438   0.432   0.026   0.074   0.001   0.004   0.328   0.002   0.000   0.002   0.000 1368247000
15.75    4.31    55.921
15.75 20.00   1.026   2.105
15.75 20.00   3.131    66.767
15.75 20.00   2.772   1.537   3.131   0.496
15.75 20.00   2.775   1.530   3.131   0.489

15.76  0.00   0.438   0.432   0.026   0.074   0.001   0.004   0.328   0.002   0.000   0.002   0.000 1369116000
15.76    4.31    55.912
15.76 20.00   1.026   2.105
15.76 20.00   3.131    66.765
15.76 20.00   2.772   1.537   3.131   0.496
15.76 20.00   2.775   1.530   3.131   0.489

15.77  0.00   0.438   0.432   0.026   0.074   0.001   0.004   0.328   0.002   0.000   0.002   0.000 1369985000
15.77    4.31    55.904
15.77 20.00   1.025   2.105
15.77 20.00   3.130    66.762
15.77 20.00   2.772   1.537   3.130   0.496
15.77 20.00   2.774   1.530   3.130   0.489

15.78  0.00   0.438   0.432   0.026   0.074   0.001   0.004   0.328   0.002   0.000   0.002   0.000 1370854000
15.78    4.31    55.895
15.78 20.00   1.025   2.105
15.78 20.00   3.130    66.759
15.78 20.00   2.772   1.537   3.130   0.496
15.78 20.00   2.774   1.530   3.130   0.489

15.79  0.00   0.438   0.431   0.026   0.074   0.001   0.004   0.328   0.002   0.000   0.002   0.000 1371722000
15.79    4.30    55.886
15.79 20.00   1.025   2.105
15.79 20.00   3.130    66.757
15.79 20.00   2.771   1.537   3.130   0.496
15.79 20.00   2.774   1.530   3.130   0.489

15.80  0.00   0.438   0.431   0.026   0.074   0.001   0.004   0.328   0.002   0.000   0.002   0.000 1372591000
15.80    4.30    55.877
15.80 20.00   1.025   2.105
15.80 20.00   3.130    66.754
15.80 20.00   2.771   1.537   3.130   0.496
15.80 20.00   2.774   1.530   3.130   0.489

15.81  0.00   0.438   0.431   0.026   0.074   0.001   0.004   0.328   0.002   0.000   0.002   0.000 1373460000
15.81    4.30    55.869
15.81 20.00   1.024   2.105
15.81 20.00   3.129    66.751
15.81 20.00   2.771   1.536   3.129   0.496
15.81 20.00   2.773   1.529   3.129   0.489

15.82  0.00   0.438   0.431   0.026   0.074   0.001   0.004   0.328   0.002   0.000   0.002   0.000 1374328000
15.82    4.30    55.860
15.82 20.00   1.024   2.105
15.82 20.00   3.129    66.749
15.82 20.00   2.771   1.536   3.129   0.496
15.82 20.00   2.773   1.529   3.129   0.489

15.83  0.00   0.438   0.431   0.026   0.074   0.001   0.004   0.328   0.002   0.000   0.002   0.000 1375197000
15.83    4.30    55.851
15.83 20.00   1.024   2.105
15.83 20.00   3.129    66.746
15.83 20.00   2.770   1.536   3.129   0.496
15.83 20.00   2.773   1.529   3.129   0.489

15.84  0.00   0.438   0.431   0.026   0.074   0.001   0.004   0.328   0.002   0.000   0.002   0.000 1376066000
15.84    4.30    55.843
15.84 20.00   1.024   2.105
15.84 20.00   3.129    66.744
15.84 20.00   2.770   1.536   3.129   0.496
15.84 20.00   2.773   1.529   3.129   0.489

15.85  0.00   0.438   0.431   0.026   0.074   0.001   0.004   0.328   0.002   0.000   0.002   0.000 1376935000
15.85    4.30    55.834
15.85 20.00   1.023   2.105
15.85 20.00   3.128    66.741
15.85 20.00   2.770   1.536   3.128   0.496
15.85 20.00   2.772   1.529   3.128   0.489

15.86  0.00   0.438   0.431   0.026   0.074   0.001   0.004   0.328   0.002   0.000   0.002   0.000 1377803000
15.86    4.30    55.826
15.86 20.00   1.023   2.105
15.86 20.00   3.128    66.738
15.86 20.00   2.770   1.536   3.128   0.496
15.86 20.00   2.772   1.529   3.128   0.489

15.87  0.00   0.438   0.431   0.026   0.074   0.001   0.004   0.328   0.002   0.000   0.002   0.000 1378672000
15.87    4.30    55.817
15.87 20.00   1.023   2.105
15.87 20.00   3.128    66.736
15.87 20.00   2.769   1.536   3.128   0.496
15.87 20.00   2.772   1.529   3.128   0.489

15.88  0.00   0.438   0.431   0.026   0.074   0.001   0.004   0.328   0.002   0.000   0.002   0.000 1379541000
15.88    4.30    55.808
15.88 20.00   1.023   2.105
15.88 20.00   3.128    66.733
15.88 20.00   2.769   1.536   3.128   0.496
15.88 20.00   2.772   1.529   3.128   0.489

15.89  0.00   0.438   0.431   0.026   0.074   0.001   0.004   0.328   0.002   0.000   0.002   0.000 1380410000
15.89    4.29    55.800
15.89 20.00   1.022   2.105
15.89 20.00   3.127    66.730
15.89 20.00   2.769   1.536   3.127   0.496
15.89 20.00   2.772   1.529   3.127   0.489

15.90  0.00   0.438   0.431   0.026   0.074   0.001   0.004   0.328   0.002   0.000   0.002   0.000 1381278000
15.90    4.29    55.791
15.90 20.00   1.022   2.105
15.90 20.00   3.127    66.728
15.90 20.00   2.769   1.536   3.127   0.496
15.90 20.00   2.771   1.529   3.127   0.489

15.91  0.00   0.438   0.431   0.026   0.074   0.001   0.004   0.328   0.002   0.000   0.002   0.000 1382147000
15.91    4.29    55.782
15.91 20.00   1.022   2.105
15.91 20.00   3.127    66.725
15.91 20.00   2.769   1.535   3.127   0.496
15.91 20.00   2.771   1.528   3.127   0.488

15.92  0.00   0.438   0.431   0.026   0.074   0.001   0.004   0.328   0.002   0.000   0.002   0.000 1383016000
15.92    4.29    55.774
15.92 20.00   1.022   2.105
15.92 20.00   3.127    66.723
15.92 20.00   2.768   1.535   3.127   0.496
15.92 20.00   2.771   1.528   3.127   0.488

15.93  0.00   0.438   0.431   0.026   0.074   0.001   0.004   0.328   0.002   0.000   0.002   0.000 1383885000
15.93    4.29    55.765
15.93 20.00   1.021   2.105
15.93 20.00   3.126    66.720
15.93 20.00   2.768   1.535   3.126   0.496
15.93 20.00   2.771   1.528   3.126   0.488

15.94  0.00   0.438   0.431   0.026   0.074   0.001   0.004   0.328   0.002   0.000   0.002   0.000 1384753000
15.94    4.29    55.757
15.94 20.00   1.021   2.105
15.94 20.00   3.126    66.717
15.94 20.00   2.768   1.535   3.126   0.496
15.94 20.00   2.770   1.528   3.126   0.488

15.95  0.00   0.438   0.431   0.026   0.074   0.001   0.004   0.328   0.002   0.000   0.002   0.000 1385622000
15.95    4.29    55.748
15.95 20.00   1.021   2.105
15.95 20.00   3.126    66.715
15.95 20.00   2.768   1.535   3.126   0.496
15.95 20.00   2.770   1.528   3.126   0.488

15.96  0.00   0.438   0.431   0.026   0.074   0.001   0.004   0.328   0.002   0.000   0.002   0.000 1386491000
15.96    4.29    55.740
15.96 20.00   1.021   2.105
15.96 20.00   3.126    66.712
15.96 20.00   2.767   1.535   3.126   0.496
15.96 20.00   2.770   1.528   3.126   0.488

15.97  0.00   0.438   0.431   0.026   0.074   0.001   0.004   0.328   0.002   0.000   0.002   0.000 1387359000
15.97    4.29    55.731
15.97 20.00   1.020   2.105
15.97 20.00   3.125    66.710
15.97 20.00   2.767   1.535   3.125   0.496
15.97 20.00   2.770   1.528   3.125   0.488

15.98  0.00   0.438   0.431   0.026   0.074   0.001   0.004   0.328   0.002   0.000   0.002   0.000 1388228000
15.98    4.29    55.722
15.98 20.00   1.020   2.105
15.98 20.00   3.125    66.707
15.98 20.00   2.767   1.535   3.125   0.496
15.98 20.00   2.770   1.528   3.125   0.488

15.99  0.00   0.438   0.431   0.026   0.074   0.001   0.004   0.328   0.002   0.000   0.002   0.000 1389097000
15.99    4.29    55.714
15.99 20.00   1.020   2.105
15.99 20.00   3.125    66.705
15.99 20.00   2.767   1.535   3.125   0.496
15.99 20.00   2.769   1.528   3.125   0.488

16.00  0.00   0.438   0.431   0.026   0.074   0.001   0.004   0.328   0.002   0.000   0.002   0.000 1389966000
16.00    4.28    55.705
16.00 20.00   1.020   2.105
16.00 20.00   3.125    66.702
16.00 20.00   2.767   1.535   3.125   0.496
16.00 20.00   2.769   1.528   3.125   0.488

16.01  0.00   0.438   0.431   0.026   0.074   0.001   0.004   0.328   0.002   0.000   0.002   0.000 1390834000
16.01    4.28    55.697
16.01 20.00   1.019   2.105
16.01 20.00   3.124    66.699
16.01 20.00   2.766   1.535   3.124   0.496
16.01 20.00   2.769   1.527   3.124   0.488

16.02  0.00   0.438   0.431   0.026   0.074   0.001   0.004   0.328   0.002   0.000   0.002   0.000 1391703000
16.02    4.28    55.688
16.02 20.00   1.019   2.105
16.02 20.00   3.124    66.697
16.02 20.00   2.766   1.534   3.124   0.496
16.02 20.00   2.769   1.527   3.124   0.488

16.03  0.00   0.438   0.431   0.026   0.074   0.001   0.004   0.328   0.002   0.000   0.002   0.000 1392572000
16.03    4.28    55.680
16.03 20.00   1.019   2.105
16.03 20.00   3.124    66.694
16.03 20.00   2.766   1.534   3.124   0.496
16.03 20.00   2.768   1.527   3.124   0.488

16.04  0.00   0.438   0.431   0.026   0.074   0.001   0.004   0.328   0.002   0.000   0.002   0.000 1393441000
16.04    4.28    55.671
16.04 20.00   1.019   2.105
16.04 20.00   3.124    66.692
16.04 20.00   2.766   1.534   3.124   0.496
16.04 20.00   2.768   1.527   3.124   0.488

16.05  0.00   0.438   0.431   0.026   0.074   0.001   0.004   0.328   0.002   0.000   0.002   0.000 1394309000
16.05    4.28    55.663
16.05 20.00   1.018   2.105
16.05 20.00   3.123    66.689
16.05 20.00   2.765   1.534   3.123   0.496
16.05 20.00   2.768   1.527   3.123   0.488

16.06  0.00   0.438   0.431   0.026   0.074   0.001   0.004   0.328   0.002   0.000   0.002   0.000 1395178000
16.06    4.28    55.654
16.06 20.00   1.018   2.105
16.06 20.00   3.123    66.687
16.06 20.00   2.765   1.534   3.123   0.496
16.06 20.00   2.768   1.527   3.123   0.488

16.07  0.00   0.438   0.431   0.026   0.074   0.001   0.004   0.328   0.002   0.000   0.002   0.000 1396047000
16.07    4.28    55.646
16.07 20.00   1.018   2.105
16.07 20.00   3.123    66.684
16.07 20.00   2.765   1.534   3.123   0.496
16.07 20.00   2.768   1.527   3.123   0.488

16.08  0.00   0.438   0.431   0.026   0.074   0.001   0.004   0.328   0.002   0.000   0.002   0.000 1396915000
16.08    4.28    55.637
16.08 20.00   1.018   2.105
16.08 20.00   3.123    66.681
16.08 20.00   2.765   1.534   3.123   0.496
16.08 20.00   2.767   1.527   3.123   0.488

16.09  0.00   0.438   0.431   0.026   0.074   0.001   0.004   0.328   0.002   0.000   0.002   0.000 1397784000
16.09    4.28    55.629
16.09 20.00   1.017   2.105
16.09 20.00   3.122    66.679
16.09 20.00   2.765   1.534   3.122   0.496
16.09 20.00   2.767   1.527   3.122   0.488

16.10  0.00   0.438   0.431   0.026   0.074   0.001   0.004   0.328   0.002   0.000   0.002   0.000 1398653000
16.10    4.27    55.621
16.10 20.00   1.017   2.105
16.10 20.00   3.122    66.676
16.10 20.00   2.764   1.534   3.122   0.496
16.10 20.00   2.767   1.527   3.122   0.488

16.11  0.00   0.438   0.431   0.026   0.074   0.001   0.004   0.328   0.002   0.000   0.002   0.000 1399522000
16.11    4.27    55.612
16.11 20.00   1.017   2.105
16.11 20.00   3.122    66.674
16.11 20.00   2.764   1.534   3.122   0.496
16.11 20.00   2.767   1.527   3.122   0.488

16.12  0.00   0.438   0.431   0.026   0.074   0.001   0.004   0.328   0.002   0.000   0.002   0.000 1400390000
16.12    4.27    55.604
16.12 20.00   1.017   2.105
16.12 20.00   3.122    66.671
16.12 20.00   2.764   1.533   3.122   0.496
16.12 20.00   2.766   1.526   3.122   0.488

16.13  0.00   0.438   0.431   0.026   0.074   0.001   0.004   0.328   0.002   0.000   0.002   0.000 1401259000
16.13    4.27    55.595
16.13 20.00   1.016   2.105
16.13 20.00   3.121    66.669
16.13 20.00   2.764   1.533   3.121   0.496
16.13 20.00   2.766   1.526   3.121   0.488

16.14  0.00   0.438   0.431   0.026   0.074   0.001   0.004   0.328   0.002   0.000   0.002   0.000 1402128000
16.14    4.27    55.587
16.14 20.00   1.016   2.105
16.14 20.00   3.121    66.666
16.14 20.00   2.763   1.533   3.121   0.496
16.14 20.00   2.766   1.526   3.121   0.488

16.15  0.00   0.438   0.431   0.026   0.074   0.001   0.004   0.328   0.002   0.000   0.002   0.000 1402996000
16.15    4.27    55.578
16.15 20.00   1.016   2.105
16.15 20.00   3.121    66.664
16.15 20.00   2.763   1.533   3.121   0.496
16.15 20.00   2.766   1.526   3.121   0.488

16.16  0.00   0.438   0.431   0.026   0.074   0.001   0.004   0.328   0.002   0.000   0.002   0.000 1403865000
16.16    4.27    55.570
16.16 20.00   1.016   2.105
16.16 20.00   3.121    66.661
16.16 20.00   2.763   1.533   3.121   0.496
16.16 20.00   2.766   1.526   3.121   0.488

16.17  0.00   0.438   0.431   0.026   0.074   0.001   0.004   0.328   0.002   0.000   0.002   0.000 1404734000
16.17    4.27    55.562
16.17 20.00   1.015   2.105
16.17 20.00   3.120    66.659
16.17 20.00   2.763   1.533   3.120   0.496
16.17 20.00   2.765   1.526   3.120   0.488

16.18  0.00   0.438   0.431   0.026   0.074   0.001   0.004   0.328   0.002   0.000   0.002   0.000 1405603000
16.18    4.27    55.553
16.18 20.00   1.015   2.105
16.18 20.00   3.120    66.656
16.18 20.00   2.763   1.533   3.120   0.496
16.18 20.00   2.765   1.526   3.120   0.488

16.19  0.00   0.438   0.431   0.026   0.074   0.001   0.004   0.328   0.002   0.000   0.002   0.000 1406472000
16.19    4.27    55.545
16.19 20.00   1.015   2.105
16.19 20.00   3.120    66.654
16.19 20.00   2.762   1.533   3.120   0.496
16.19 20.00   2.765   1.526   3.120   0.488

16.20  0.00   0.438   0.431   0.026   0.074   0.001   0.004   0.328   0.002   0.000   0.002   0.000 1407340000
16.20    4.27    55.537
16.20 20.00   1.015   2.105
16.20 20.00   3.120    66.651
16.20 20.00   2.762   1.533   3.120   0.496
16.20 20.00   2.765   1.526   3.120   0.488

16.21  0.00   0.438   0.431   0.026   0.074   0.001   0.004   0.328   0.002   0.000   0.002   0.000 1408209000
16.21    4.26    55.528
16.21 20.00   1.014   2.105
16.21 20.00   3.119    66.649
16.21 20.00   2.762   1.533   3.119   0.496
16.21 20.00   2.764   1.526   3.119   0.488

16.22  0.00   0.438   0.431   0.026   0.074   0.001   0.004   0.328   0.002   0.000   0.002   0.000 1409078000
16.22    4.26    55.520
16.22 20.00   1.014   2.105
16.22 20.00   3.119    66.646
16.22 20.00   2.762   1.533   3.119   0.496
16.22 20.00   2.764   1.525   3.119   0.488

16.23  0.00   0.438   0.431   0.026   0.074   0.001   0.004   0.328   0.002   0.000   0.002   0.000 1409946000
16.23    4.26    55.511
16.23 20.00   1.014   2.105
16.23 20.00   3.119    66.644
16.23 20.00   2.761   1.532   3.119   0.496
16.23 20.00   2.764   1.525   3.119   0.488

16.24  0.00   0.438   0.431   0.026   0.074   0.001   0.004   0.328   0.002   0.000   0.002   0.000 1410815000
16.24    4.26    55.503
16.24 20.00   1.014   2.105
16.24 20.00   3.119    66.641
16.24 20.00   2.761   1.532   3.119   0.496
16.24 20.00   2.764   1.525   3.119   0.488

16.25  0.00   0.438   0.431   0.026   0.074   0.001   0.004   0.328   0.002   0.000   0.002   0.000 1411684000
16.25    4.26    55.495
16.25 20.00   1.014   2.105
16.25 20.00   3.119    66.639
16.25 20.00   2.761   1.532   3.119   0.496
16.25 20.00   2.764   1.525   3.119   0.488

16.26  0.00   0.438   0.431   0.026   0.074   0.001   0.004   0.328   0.002   0.000   0.002   0.000 1412553000
16.26    4.26    55.487
16.26 20.00   1.013   2.105
16.26 20.00   3.118    66.636
16.26 20.00   2.761   1.532   3.118   0.496
16.26 20.00   2.763   1.525   3.118   0.488

16.27  0.00   0.438   0.431   0.026   0.074   0.001   0.004   0.328   0.002   0.000   0.002   0.000 1413421000
16.27    4.26    55.478
16.27 20.00   1.013   2.105
16.27 20.00   3.118    66.634
16.27 20.00   2.761   1.532   3.118   0.495
16.27 20.00   2.763   1.525   3.118   0.488

16.28  0.00   0.438   0.431   0.026   0.074   0.001   0.004   0.328   0.002   0.000   0.002   0.000 1414290000
16.28    4.26    55.470
16.28 20.00   1.013   2.105
16.28 20.00   3.118    66.631
16.28 20.00   2.760   1.532   3.118   0.495
16.28 20.00   2.763   1.525   3.118   0.488

16.29  0.00   0.438   0.431   0.026   0.074   0.001   0.004   0.328   0.002   0.000   0.002   0.000 1415159000
16.29    4.26    55.462
16.29 20.00   1.013   2.105
16.29 20.00   3.118    66.629
16.29 20.00   2.760   1.532   3.118   0.495
16.29 20.00   2.763   1.525   3.118   0.488

16.30  0.00   0.437   0.431   0.026   0.074   0.001   0.004   0.328   0.002   0.000   0.002   0.000 1416027000
16.30    4.26    55.453
16.30 20.00   1.012   2.105
16.30 20.00   3.117    66.626
16.30 20.00   2.760   1.532   3.117   0.495
16.30 20.00   2.762   1.525   3.117   0.488

16.31  0.00   0.437   0.431   0.026   0.074   0.001   0.004   0.328   0.002   0.000   0.002   0.000 1416896000
16.31    4.25    55.445
16.31 20.00   1.012   2.105
16.31 20.00   3.117    66.624
16.31 20.00   2.760   1.532   3.117   0.495
16.31 20.00   2.762   1.525   3.117   0.488

16.32  0.00   0.437   0.431   0.026   0.074   0.001   0.004   0.328   0.002   0.000   0.002   0.000 1417765000
16.32    4.25    55.437
16.32 20.00   1.012   2.105
16.32 20.00   3.117    66.621
16.32 20.00   2.759   1.532   3.117   0.495
16.32 20.00   2.762   1.525   3.117   0.488

16.33  0.00   0.437   0.431   0.026   0.074   0.001   0.004   0.328   0.002   0.000   0.002   0.000 1418634000
16.33    4.25    55.429
16.33 20.00   1.012   2.105
16.33 20.00   3.117    66.619
16.33 20.00   2.759   1.531   3.117   0.495
16.33 20.00   2.762   1.524   3.117   0.488

16.34  0.00   0.437   0.431   0.026   0.074   0.001   0.004   0.328   0.002   0.000   0.002   0.000 1419502000
16.34    4.25    55.420
16.34 20.00   1.011   2.105
16.34 20.00   3.116    66.616
16.34 20.00   2.759   1.531   3.116   0.495
16.34 20.00   2.762   1.524   3.116   0.488

16.35  0.00   0.437   0.431   0.026   0.074   0.001   0.004   0.328   0.002   0.000   0.002   0.000 1420371000
16.35    4.25    55.412
16.35 20.00   1.011   2.105
16.35 20.00   3.116    66.614
16.35 20.00   2.759   1.531   3.116   0.495
16.35 20.00   2.761   1.524   3.116   0.488

16.36  0.00   0.437   0.431   0.026   0.074   0.001   0.004   0.328   0.002   0.000   0.002   0.000 1421240000
16.36    4.25    55.404
16.36 20.00   1.011   2.105
16.36 20.00   3.116    66.611
16.36 20.00   2.759   1.531   3.116   0.495
16.36 20.00   2.761   1.524   3.116   0.488

16.37  0.00   0.437   0.431   0.026   0.074   0.001   0.004   0.328   0.002   0.000   0.002   0.000 1422109000
16.37    4.25    55.396
16.37 20.00   1.011   2.105
16.37 20.00   3.116    66.609
16.37 20.00   2.758   1.531   3.116   0.495
16.37 20.00   2.761   1.524   3.116   0.488

16.38  0.00   0.437   0.431   0.026   0.074   0.001   0.004   0.328   0.002   0.000   0.002   0.000 1422977000
16.38    4.25    55.387
16.38 20.00   1.010   2.105
16.38 20.00   3.115    66.606
16.38 20.00   2.758   1.531   3.115   0.495
16.38 20.00   2.761   1.524   3.115   0.488

16.39  0.00   0.437   0.431   0.026   0.074   0.001   0.004   0.328   0.002   0.000   0.002   0.000 1423846000
16.39    4.25    55.379
16.39 20.00   1.010   2.105
16.39 20.00   3.115    66.604
16.39 20.00   2.758   1.531   3.115   0.495
16.39 20.00   2.761   1.524   3.115   0.488

16.40  0.00   0.437   0.431   0.026   0.074   0.001   0.004   0.328   0.002   0.000   0.002   0.000 1424715000
16.40    4.25    55.371
16.40 20.00   1.010   2.105
16.40 20.00   3.115    66.601
16.40 20.00   2.758   1.531   3.115   0.495
16.40 20.00   2.760   1.524   3.115   0.488

16.41  0.00   0.437   0.431   0.026   0.074   0.001   0.004   0.328   0.002   0.000   0.002   0.000 1425583000
16.41    4.25    55.363
16.41 20.00   1.010   2.105
16.41 20.00   3.115    66.599
16.41 20.00   2.758   1.531   3.115   0.495
16.41 20.00   2.760   1.524   3.115   0.488

16.42  0.00   0.437   0.431   0.026   0.074   0.001   0.004   0.328   0.002   0.000   0.002   0.000 1426452000
16.42    4.24    55.354
16.42 20.00   1.010   2.105
16.42 20.00   3.115    66.596
16.42 20.00   2.757   1.531   3.115   0.495
16.42 20.00   2.760   1.524   3.115   0.488

16.43  0.00   0.437   0.431   0.026   0.074   0.001   0.004   0.328   0.002   0.000   0.002   0.000 1427321000
16.43    4.24    55.346
16.43 20.00   1.009   2.105
16.43 20.00   3.114    66.594
16.43 20.00   2.757   1.531   3.114   0.495
16.43 20.00   2.760   1.524   3.114   0.488

16.44  0.00   0.437   0.431   0.026   0.074   0.001   0.004   0.328   0.002   0.000   0.002   0.000 1428190000
16.44    4.24    55.338
16.44 20.00   1.009   2.105
16.44 20.00   3.114    66.591
16.44 20.00   2.757   1.530   3.114   0.495
16.44 20.00   2.759   1.523   3.114   0.488

16.45  0.00   0.437   0.431   0.026   0.074   0.001   0.004   0.328   0.002   0.000   0.002   0.000 1429058000
16.45    4.24    55.330
16.45 20.00   1.009   2.105
16.45 20.00   3.114    66.589
16.45 20.00   2.757   1.530   3.114   0.495
16.45 20.00   2.759   1.523   3.114   0.488

16.46  0.00   0.437   0.431   0.026   0.074   0.001   0.004   0.328   0.002   0.000   0.002   0.000 1429927000
16.46    4.24    55.322
16.46 20.00   1.009   2.105
16.46 20.00   3.114    66.587
16.46 20.00   2.756   1.530   3.114   0.495
16.46 20.00   2.759   1.523   3.114   0.488

16.47  0.00   0.437   0.431   0.026   0.074   0.001   0.004   0.328   0.002   0.000   0.002   0.000 1430796000
16.47    4.24    55.314
16.47 20.00   1.008   2.105
16.47 20.00   3.113    66.584
16.47 20.00   2.756   1.530   3.113   0.495
16.47 20.00   2.759   1.523   3.113   0.488

16.48  0.00   0.437   0.431   0.026   0.074   0.001   0.004   0.328   0.002   0.000   0.002   0.000 1431665000
16.48    4.24    55.305
16.48 20.00   1.008   2.105
16.48 20.00   3.113    66.582
16.48 20.00   2.756   1.530   3.113   0.495
16.48 20.00   2.759   1.523   3.113   0.488

16.49  0.00   0.437   0.431   0.026   0.074   0.001   0.004   0.328   0.002   0.000   0.002   0.000 1432533000
16.49    4.24    55.297
16.49 20.00   1.008   2.105
16.49 20.00   3.113    66.579
16.49 20.00   2.756   1.530   3.113   0.495
16.49 20.00   2.758   1.523   3.113   0.488

16.50  0.00   0.437   0.431   0.026   0.074   0.001   0.004   0.328   0.002   0.000   0.002   0.000 1433402000
16.50    4.24    55.289
16.50 20.00   1.008   2.105
16.50 20.00   3.113    66.577
16.50 20.00   2.756   1.530   3.113   0.495
16.50 20.00   2.758   1.523   3.113   0.488

16.51  0.00   0.437   0.431   0.026   0.074   0.001   0.004   0.328   0.002   0.000   0.002   0.000 1434271000
16.51    4.24    55.281
16.51 20.00   1.007   2.105
16.51 20.00   3.112    66.574
16.51 20.00   2.755   1.530   3.112   0.495
16.51 20.00   2.758   1.523   3.112   0.488

16.52  0.00   0.437   0.431   0.026   0.074   0.001   0.004   0.328   0.002   0.000   0.002   0.000 1435140000
16.52    4.24    55.273
16.52 20.00   1.007   2.105
16.52 20.00   3.112    66.572
16.52 20.00   2.755   1.530   3.112   0.495
16.52 20.00   2.758   1.523   3.112   0.488

16.53  0.00   0.437   0.431   0.026   0.074   0.001   0.004   0.328   0.002   0.000   0.002   0.000 1436008000
16.53    4.23    55.265
16.53 20.00   1.007   2.105
16.53 20.00   3.112    66.570
16.53 20.00   2.755   1.530   3.112   0.495
16.53 20.00   2.758   1.523   3.112   0.488

16.54  0.00   0.437   0.431   0.026   0.074   0.001   0.004   0.328   0.002   0.000   0.002   0.000 1436877000
16.54    4.23    55.257
16.54 20.00   1.007   2.105
16.54 20.00   3.112    66.567
16.54 20.00   2.755   1.530   3.112   0.495
16.54 20.00   2.757   1.523   3.112   0.488

16.55  0.00   0.437   0.431   0.026   0.074   0.001   0.004   0.328   0.002   0.000   0.002   0.000 1437746000
16.55    4.23    55.249
16.55 20.00   1.007   2.105
16.55 20.00   3.112    66.565
16.55 20.00   2.755   1.529   3.112   0.495
16.55 20.00   2.757   1.522   3.112   0.488

16.56  0.00   0.437   0.431   0.026   0.074   0.001   0.004   0.327   0.002   0.000   0.002   0.000 1438614000
16.56    4.23    55.241
16.56 20.00   1.006   2.105
16.56 20.00   3.111    66.562
16.56 20.00   2.754   1.529   3.111   0.495
16.56 20.00   2.757   1.522   3.111   0.488

16.57  0.00   0.437   0.431   0.026   0.074   0.001   0.004   0.327   0.002   0.000   0.002   0.000 1439483000
16.57    4.23    55.232
16.57 20.00   1.006   2.105
16.57 20.00   3.111    66.560
16.57 20.00   2.754   1.529   3.111   0.495
16.57 20.00   2.757   1.522   3.111   0.488

16.58  0.00   0.437   0.431   0.026   0.074   0.001   0.004   0.327   0.002   0.000   0.002   0.000 1440352000
16.58    4.23    55.224
16.58 20.00   1.006   2.105
16.58 20.00   3.111    66.557
16.58 20.00   2.754   1.529   3.111   0.495
16.58 20.00   2.756   1.522   3.111   0.488

16.59  0.00   0.437   0.431   0.026   0.074   0.001   0.004   0.327   0.002   0.000   0.002   0.000 1441221000
16.59    4.23    55.216
16.59 20.00   1.006   2.105
16.59 20.00   3.111    66.555
16.59 20.00   2.754   1.529   3.111   0.495
16.59 20.00   2.756   1.522   3.111   0.488

16.60  0.00   0.437   0.431   0.026   0.074   0.001   0.004   0.327   0.002   0.000   0.002   0.000 1442089000
16.60    4.23    55.208
16.60 20.00   1.005   2.105
16.60 20.00   3.110    66.553
16.60 20.00   2.753   1.529   3.110   0.495
16.60 20.00   2.756   1.522   3.110   0.488

16.61  0.00   0.437   0.431   0.026   0.074   0.001   0.004   0.327   0.002   0.000   0.002   0.000 1442958000
16.61    4.23    55.200
16.61 20.00   1.005   2.105
16.61 20.00   3.110    66.550
16.61 20.00   2.753   1.529   3.110   0.495
16.61 20.00   2.756   1.522   3.110   0.488

16.62  0.00   0.437   0.430   0.026   0.074   0.001   0.004   0.327   0.002   0.000   0.002   0.000 1443827000
16.62    4.23    55.192
16.62 20.00   1.005   2.105
16.62 20.00   3.110    66.548
16.62 20.00   2.753   1.529   3.110   0.495
16.62 20.00   2.756   1.522   3.110   0.488

16.63  0.00   0.437   0.430   0.026   0.074   0.001   0.004   0.327   0.002   0.000   0.002   0.000 1444695000
16.63    4.23    55.184
16.63 20.00   1.005   2.105
16.63 20.00   3.110    66.545
16.63 20.00   2.753   1.529   3.110   0.495
16.63 20.00   2.755   1.522   3.110   0.488

16.64  0.00   0.437   0.430   0.026   0.074   0.001   0.004   0.327   0.002   0.000   0.002   0.000 1445564000
16.64    4.22    55.176
16.64 20.00   1.004   2.105
16.64 20.00   3.109    66.543
16.64 20.00   2.753   1.529   3.109   0.495
16.64 20.00   2.755   1.522   3.109   0.487

16.65  0.00   0.437   0.430   0.026   0.074   0.001   0.004   0.327   0.002   0.000   0.002   0.000 1446433000
16.65    4.22    55.168
16.65 20.00   1.004   2.105
16.65 20.00   3.109    66.541
16.65 20.00   2.752   1.529   3.109   0.495
16.65 20.00   2.755   1.522   3.109   0.487

16.66  0.00   0.437   0.430   0.026   0.074   0.001   0.004   0.327   0.002   0.000   0.002   0.000 1447302000
16.66    4.22    55.160
16.66 20.00   1.004   2.105
16.66 20.00   3.109    66.538
16.66 20.00   2.752   1.528   3.109   0.495
16.66 20.00   2.755   1.521   3.109   0.487

16.67  0.00   0.437   0.430   0.026   0.074   0.001   0.004   0.327   0.002   0.000   0.002   0.000 1448170000
16.67    4.22    55.152
16.67 20.00   1.004   2.105
16.67 20.00   3.109    66.536
16.67 20.00   2.752   1.528   3.109   0.495
16.67 20.00   2.755   1.521   3.109   0.487

16.68  0.00   0.437   0.430   0.026   0.074   0.001   0.004   0.327   0.002   0.000   0.002   0.000 1449039000
16.68    4.22    55.144
16.68 20.00   1.004   2.105
16.68 20.00   3.109    66.533
16.68 20.00   2.752   1.528   3.109   0.495
16.68 20.00   2.754   1.521   3.109   0.487

16.69  0.00   0.437   0.430   0.026   0.074   0.001   0.004   0.327   0.002   0.000   0.002   0.000 1449908000
16.69    4.22    55.136
16.69 20.00   1.003   2.105
16.69 20.00   3.108    66.531
16.69 20.00   2.752   1.528   3.108   0.495
16.69 20.00   2.754   1.521   3.108   0.487

16.70  0.00   0.437   0.430   0.026   0.074   0.001   0.004   0.327   0.002   0.000   0.002   0.000 1450777000
16.70    4.22    55.128
16.70 20.00   1.003   2.105
16.70 20.00   3.108    66.529
16.70 20.00   2.751   1.528   3.108   0.495
16.70 20.00   2.754   1.521   3.108   0.487

16.71  0.00   0.437   0.430   0.026   0.074   0.001   0.004   0.327   0.002   0.000   0.002   0.000 1451645000
16.71    4.22    55.120
16.71 20.00   1.003   2.105
16.71 20.00   3.108    66.526
16.71 20.00   2.751   1.528   3.108   0.495
16.71 20.00   2.754   1.521   3.108   0.487

16.72  0.00   0.437   0.430   0.026   0.074   0.001   0.004   0.327   0.002   0.000   0.002   0.000 1452514000
16.72    4.22    55.112
16.72 20.00   1.003   2.105
16.72 20.00   3.108    66.524
16.72 20.00   2.751   1.528   3.108   0.495
16.72 20.00   2.754   1.521   3.108   0.487

16.73  0.00   0.437   0.430   0.026   0.074   0.001   0.004   0.327   0.002   0.000   0.002   0.000 1453383000
16.73    4.22    55.104
16.73 20.00   1.002   2.105
16.73 20.00   3.107    66.522
16.73 20.00   2.751   1.528   3.107   0.495
16.73 20.00   2.753   1.521   3.107   0.487

16.74  0.00   0.437   0.430   0.026   0.074   0.001   0.004   0.327   0.002   0.000   0.002   0.000 1454252000
16.74    4.22    55.096
16.74 20.00   1.002   2.105
16.74 20.00   3.107    66.519
16.74 20.00   2.751   1.528   3.107   0.495
16.74 20.00   2.753   1.521   3.107   0.487

16.75  0.00   0.437   0.430   0.026   0.074   0.001   0.004   0.327   0.002   0.000   0.002   0.000 1455120000
16.75    4.21    55.088
16.75 20.00   1.002   2.105
16.75 20.00   3.107    66.517
16.75 20.00   2.750   1.528   3.107   0.495
16.75 20.00   2.753   1.521   3.107   0.487

16.76  0.00   0.437   0.430   0.026   0.074   0.001   0.004   0.327   0.002   0.000   0.002   0.000 1455989000
16.76    4.21    55.080
16.76 20.00   1.002   2.105
16.76 20.00   3.107    66.515
16.76 20.00   2.750   1.528   3.107   0.495
16.76 20.00   2.753   1.521   3.107   0.487

16.77  0.00   0.437   0.430   0.026   0.074   0.001   0.004   0.327   0.002   0.000   0.002   0.000 1456858000
16.77    4.21    55.072
16.77 20.00   1.002   2.105
16.77 20.00   3.107    66.512
16.77 20.00   2.750   1.527   3.107   0.495
16.77 20.00   2.753   1.520   3.107   0.487

16.78  0.00   0.437   0.430   0.026   0.074   0.001   0.004   0.327   0.002   0.000   0.002   0.000 1457726000
16.78    4.21    55.065
16.78 20.00   1.001   2.105
16.78 20.00   3.106    66.510
16.78 20.00   2.750   1.527   3.106   0.495
16.78 20.00   2.752   1.520   3.106   0.487

16.79  0.00   0.437   0.430   0.026   0.074   0.001   0.004   0.327   0.002   0.000   0.002   0.000 1458595000
16.79    4.21    55.057
16.79 20.00   1.001   2.105
16.79 20.00   3.106    66.507
16.79 20.00   2.750   1.527   3.106   0.495
16.79 20.00   2.752   1.520   3.106   0.487

16.80  0.00   0.437   0.430   0.026   0.074   0.001   0.004   0.327   0.002   0.000   0.002   0.000 1459464000
16.80    4.21    55.049
16.80 20.00   1.001   2.105
16.80 20.00   3.106    66.505
16.80 20.00   2.749   1.527   3.106   0.495
16.80 20.00   2.752   1.520   3.106   0.487

16.81  0.00   0.437   0.430   0.026   0.074   0.001   0.004   0.327   0.002   0.000   0.002   0.000 1460333000
16.81    4.21    55.041
16.81 20.00   1.001   2.105
16.81 20.00   3.106    66.503
16.81 20.00   2.749   1.527   3.106   0.495
16.81 20.00   2.752   1.520   3.106   0.487

16.82  0.00   0.437   0.430   0.026   0.074   0.001   0.004   0.327   0.002   0.000   0.002   0.000 1461201000
16.82    4.21    55.033
16.82 20.00   1.000   2.105
16.82 20.00   3.105    66.500
16.82 20.00   2.749   1.527   3.105   0.495
16.82 20.00   2.751   1.520   3.105   0.487

16.83  0.00   0.437   0.430   0.026   0.074   0.001   0.004   0.327   0.002   0.000   0.002   0.000 1462070000
16.83    4.21    55.025
16.83 20.00   1.000   2.105
16.83 20.00   3.105    66.498
16.83 20.00   2.749   1.527   3.105   0.495
16.83 20.00   2.751   1.520   3.105   0.487

16.84  0.00   0.437   0.430   0.026   0.074   0.001   0.004   0.327   0.002   0.000   0.002   0.000 1462939000
16.84    4.21    55.017
16.84 20.00   1.000   2.105
16.84 20.00   3.105    66.496
16.84 20.00   2.749   1.527   3.105   0.495
16.84 20.00   2.751   1.520   3.105   0.487

16.85  0.00   0.437   0.430   0.026   0.074   0.001   0.004   0.327   0.002   0.000   0.002   0.000 1463808000
16.85    4.21    55.009
16.85 20.00   1.000   2.105
16.85 20.00   3.105    66.493
16.85 20.00   2.748   1.527   3.105   0.495
16.85 20.00   2.751   1.520   3.105   0.487

16.86  0.00   0.437   0.430   0.026   0.074   0.001   0.004   0.327   0.002   0.000   0.002   0.000 1464676000
16.86    4.21    55.001
16.86 20.00   1.000   2.105
16.86 20.00   3.105    66.491
16.86 20.00   2.748   1.527   3.105   0.495
16.86 20.00   2.751   1.520   3.105   0.487

16.87  0.00   0.437   0.430   0.026   0.074   0.001   0.004   0.327   0.002   0.000   0.002   0.000 1465545000
16.87    4.20    54.994
16.87 20.00   0.999   2.105
16.87 20.00   3.104    66.489
16.87 20.00   2.748   1.527   3.104   0.495
16.87 20.00   2.750   1.520   3.104   0.487

16.88  0.00   0.437   0.430   0.026   0.074   0.001   0.004   0.327   0.002   0.000   0.002   0.000 1466414000
16.88    4.20    54.986
16.88 20.00   0.999   2.105
16.88 20.00   3.104    66.486
16.88 20.00   2.748   1.527   3.104   0.495
16.88 20.00   2.750   1.519   3.104   0.487

16.89  0.00   0.437   0.430   0.026   0.074   0.001   0.004   0.327   0.002   0.000   0.002   0.000 1467282000
16.89    4.20    54.978
16.89 20.00   0.999   2.105
16.89 20.00   3.104    66.484
16.89 20.00   2.748   1.526   3.104   0.495
16.89 20.00   2.750   1.519   3.104   0.487

16.90  0.00   0.437   0.430   0.026   0.074   0.001   0.004   0.327   0.002   0.000   0.002   0.000 1468151000
16.90    4.20    54.970
16.90 20.00   0.999   2.105
16.90 20.00   3.104    66.482
16.90 20.00   2.747   1.526   3.104   0.495
16.90 20.00   2.750   1.519   3.104   0.487

16.91  0.00   0.437   0.430   0.026   0.074   0.001   0.004   0.327   0.002   0.000   0.002   0.000 1469020000
16.91    4.20    54.962
16.91 20.00   0.998   2.105
16.91 20.00   3.103    66.479
16.91 20.00   2.747   1.526   3.103   0.495
16.91 20.00   2.750   1.519   3.103   0.487

16.92  0.00   0.437   0.430   0.026   0.074   0.001   0.004   0.327   0.002   0.000   0.002   0.000 1469889000
16.92    4.20    54.954
16.92 20.00   0.998   2.105
16.92 20.00   3.103    66.477
16.92 20.00   2.747   1.526   3.103   0.495
16.92 20.00   2.749   1.519   3.103   0.487

16.93  0.00   0.437   0.430   0.026   0.074   0.001   0.004   0.327   0.002   0.000   0.002   0.000 1470757000
16.93    4.20    54.947
16.93 20.00   0.998   2.105
16.93 20.00   3.103    66.475
16.93 20.00   2.747   1.526   3.103   0.495
16.93 20.00   2.749   1.519   3.103   0.487

16.94  0.00   0.437   0.430   0.026   0.074   0.001   0.004   0.327   0.002   0.000   0.002   0.000 1471626000
16.94    4.20    54.939
16.94 20.00   0.998   2.105
16.94 20.00   3.103    66.472
16.94 20.00   2.746   1.526   3.103   0.495
16.94 20.00   2.749   1.519   3.103   0.487

16.95  0.00   0.437   0.430   0.026   0.074   0.001   0.004   0.327   0.002   0.000   0.002   0.000 1472495000
16.95    4.20    54.931
16.95 20.00   0.998   2.105
16.95 20.00   3.103    66.470
16.95 20.00   2.746   1.526   3.103   0.495
16.95 20.00   2.749   1.519   3.103   0.487

16.96  0.00   0.437   0.430   0.026   0.074   0.001   0.004   0.327   0.002   0.000   0.002   0.000 1473363000
16.96    4.20    54.923
16.96 20.00   0.997   2.105
16.96 20.00   3.102    66.468
16.96 20.00   2.746   1.526   3.102   0.495
16.96 20.00   2.749   1.519   3.102   0.487

16.97  0.00   0.437   0.430   0.026   0.074   0.001   0.004   0.327   0.002   0.000   0.002   0.000 1474232000
16.97    4.20    54.915
16.97 20.00   0.997   2.105
16.97 20.00   3.102    66.465
16.97 20.00   2.746   1.526   3.102   0.495
16.97 20.00   2.748   1.519   3.102   0.487

16.98  0.00   0.437   0.430   0.026   0.074   0.001   0.004   0.327   0.002   0.000   0.002   0.000 1475101000
16.98    4.20    54.908
16.98 20.00   0.997   2.105
16.98 20.00   3.102    66.463
16.98 20.00   2.746   1.526   3.102   0.495
16.98 20.00   2.748   1.519   3.102   0.487

16.99  0.00   0.437   0.430   0.026   0.074   0.001   0.004   0.327   0.002   0.000   0.002   0.000 1475970000
16.99    4.19    54.900
16.99 20.00   0.997   2.105
16.99 20.00   3.102    66.461
16.99 20.00   2.745   1.526   3.102   0.495
16.99 20.00   2.748   1.519   3.102   0.487

17.00  0.00   0.437   0.430   0.026   0.074   0.001   0.004   0.327   0.002   0.000   0.002   0.000 1476839000
17.00    4.19    54.892
17.00 20.00   0.996   2.105
17.00 20.00   3.101    66.459
17.00 20.00   2.745   1.525   3.101   0.495
17.00 20.00   2.748   1.518   3.101   0.487

17.01  0.00   0.437   0.430   0.026   0.074   0.001   0.004   0.327   0.002   0.000   0.002   0.000 1477707000
17.01    4.19    54.884
17.01 20.00   0.996   2.105
17.01 20.00   3.101    66.456
17.01 20.00   2.745   1.525   3.101   0.495
17.01 20.00   2.748   1.518   3.101   0.487

17.02  0.00   0.437   0.430   0.026   0.074   0.001   0.004   0.327   0.002   0.000   0.002   0.000 1478576000
17.02    4.19    54.877
17.02 20.00   0.996   2.105
17.02 20.00   3.101    66.454
17.02 20.00   2.745   1.525   3.101   0.495
17.02 20.00   2.747   1.518   3.101   0.487

17.03  0.00   0.437   0.430   0.026   0.074   0.001   0.004   0.327   0.002   0.000   0.002   0.000 1479445000
17.03    4.19    54.869
17.03 20.00   0.996   2.105
17.03 20.00   3.101    66.452
17.03 20.00   2.745   1.525   3.101   0.495
17.03 20.00   2.747   1.518   3.101   0.487

17.04  0.00   0.437   0.430   0.026   0.074   0.001   0.004   0.327   0.002   0.000   0.002   0.000 1480313000
17.04    4.19    54.861
17.04 20.00   0.996   2.105
17.04 20.00   3.101    66.449
17.04 20.00   2.744   1.525   3.101   0.494
17.04 20.00   2.747   1.518   3.101   0.487

17.05  0.00   0.437   0.430   0.026   0.074   0.001   0.004   0.327   0.002   0.000   0.002   0.000 1481182000
17.05    4.19    54.853
17.05 20.00   0.995   2.105
17.05 20.00   3.100    66.447
17.05 20.00   2.744   1.525   3.100   0.494
17.05 20.00   2.747   1.518   3.100   0.487

17.06  0.00   0.437   0.430   0.026   0.074   0.001   0.004   0.327   0.002   0.000   0.002   0.000 1482051000
17.06    4.19    54.846
17.06 20.00   0.995   2.105
17.06 20.00   3.100    66.445
17.06 20.00   2.744   1.525   3.100   0.494
17.06 20.00   2.747   1.518   3.100   0.487

17.07  0.00   0.437   0.430   0.026   0.074   0.001   0.004   0.327   0.002   0.000   0.002   0.000 1482920000
17.07    4.19    54.838
17.07 20.00   0.995   2.105
17.07 20.00   3.100    66.442
17.07 20.00   2.744   1.525   3.100   0.494
17.07 20.00   2.746   1.518   3.100   0.487

17.08  0.00   0.437   0.430   0.026   0.074   0.001   0.004   0.327   0.002   0.000   0.002   0.000 1483788000
17.08    4.19    54.830
17.08 20.00   0.995   2.105
17.08 20.00   3.100    66.440
17.08 20.00   2.744   1.525   3.100   0.494
17.08 20.00   2.746   1.518   3.100   0.487

17.09  0.00   0.437   0.430   0.026   0.074   0.001   0.004   0.327   0.002   0.000   0.002   0.000 1484657000
17.09    4.19    54.823
17.09 20.00   0.995   2.105
17.09 20.00   3.100    66.438
17.09 20.00   2.743   1.525   3.100   0.494
17.09 20.00   2.746   1.518   3.100   0.487

17.10  0.00   0.437   0.430   0.026   0.074   0.001   0.004   0.327   0.002   0.000   0.002   0.000 1485526000
17.10    4.19    54.815
17.10 20.00   0.994   2.105
17.10 20.00   3.099    66.436
17.10 20.00   2.743   1.525   3.099   0.494
17.10 20.00   2.746   1.518   3.099   0.487

17.11  0.00   0.437   0.430   0.026   0.074   0.001   0.004   0.327   0.002   0.000   0.002   0.000 1486394000
17.11    4.18    54.807
17.11 20.00   0.994   2.105
17.11 20.00   3.099    66.433
17.11 20.00   2.743   1.525   3.099   0.494
17.11 20.00   2.746   1.517   3.099   0.487

17.12  0.00   0.437   0.430   0.026   0.074   0.001   0.004   0.327   0.002   0.000   0.002   0.000 1487263000
17.12    4.18    54.800
17.12 20.00   0.994   2.105
17.12 20.00   3.099    66.431
17.12 20.00   2.743   1.524   3.099   0.494
17.12 20.00   2.745   1.517   3.099   0.487

17.13  0.00   0.437   0.430   0.026   0.074   0.001   0.004   0.327   0.002   0.000   0.002   0.000 1488132000
17.13    4.18    54.792
17.13 20.00   0.994   2.105
17.13 20.00   3.099    66.429
17.13 20.00   2.743   1.524   3.099   0.494
17.13 20.00   2.745   1.517   3.099   0.487

17.14  0.00   0.437   0.430   0.026   0.074   0.001   0.004   0.327   0.002   0.000   0.002   0.000 1489001000
17.14    4.18    54.784
17.14 20.00   0.993   2.105
17.14 20.00   3.098    66.427
17.14 20.00   2.742   1.524   3.098   0.494
17.14 20.00   2.745   1.517   3.098   0.487

17.15  0.00   0.437   0.430   0.026   0.074   0.001   0.004   0.327   0.002   0.000   0.002   0.000 1489869000
17.15    4.18    54.777
17.15 20.00   0.993   2.105
17.15 20.00   3.098    66.424
17.15 20.00   2.742   1.524   3.098   0.494
17.15 20.00   2.745   1.517   3.098   0.487

17.16  0.00   0.437   0.430   0.026   0.074   0.001   0.004   0.327   0.002   0.000   0.002   0.000 1490738000
17.16    4.18    54.769
17.16 20.00   0.993   2.105
17.16 20.00   3.098    66.422
17.16 20.00   2.742   1.524   3.098   0.494
17.16 20.00   2.745   1.517   3.098   0.487

17.17  0.00   0.437   0.430   0.026   0.074   0.001   0.004   0.327   0.002   0.000   0.002   0.000 1491607000
17.17    4.18    54.761
17.17 20.00   0.993   2.105
17.17 20.00   3.098    66.420
17.17 20.00   2.742   1.524   3.098   0.494
17.17 20.00   2.744   1.517   3.098   0.487

17.18  0.00   0.436   0.430   0.026   0.074   0.001   0.004   0.327   0.002   0.000   0.002   0.000 1492476000
17.18    4.18    54.754
17.18 20.00   0.993   2.105
17.18 20.00   3.098    66.418
17.18 20.00   2.742   1.524   3.098   0.494
17.18 20.00   2.744   1.517   3.098   0.487

17.19  0.00   0.436   0.430   0.026   0.074   0.001   0.004   0.327   0.002   0.000   0.002   0.000 1493344000
17.19    4.18    54.746
17.19 20.00   0.992   2.105
17.19 20.00   3.097    66.415
17.19 20.00   2.742   1.524   3.097   0.494
17.19 20.00   2.744   1.517   3.097   0.487

17.20  0.00   0.436   0.430   0.026   0.074   0.001   0.004   0.327   0.002   0.000   0.002   0.000 1494213000
17.20    4.18    54.738
17.20 20.00   0.992   2.105
17.20 20.00   3.097    66.413
17.20 20.00   2.741   1.524   3.097   0.494
17.20 20.00   2.744   1.517   3.097   0.487

17.21  0.00   0.436   0.430   0.026   0.074   0.001   0.004   0.327   0.002   0.000   0.002   0.000 1495082000
17.21    4.18    54.731
17.21 20.00   0.992   2.105
17.21 20.00   3.097    66.411
17.21 20.00   2.741   1.524   3.097   0.494
17.21 20.00   2.744   1.517   3.097   0.487

17.22  0.00   0.436   0.430   0.026   0.074   0.001   0.004   0.327   0.002   0.000   0.002   0.000 1495950000
17.22    4.18    54.723
17.22 20.00   0.992   2.105
17.22 20.00   3.097    66.408
17.22 20.00   2.741   1.524   3.097   0.494
17.22 20.00   2.743   1.517   3.097   0.487

17.23  0.00   0.436   0.430   0.026   0.074   0.001   0.004   0.327   0.002   0.000   0.002   0.000 1496819000
17.23    4.17    54.716
17.23 20.00   0.992   2.105
17.23 20.00   3.097    66.406
17.23 20.00   2.741   1.524   3.097   0.494
17.23 20.00   2.743   1.516   3.097   0.487

17.24  0.00   0.436   0.430   0.026   0.074   0.001   0.004   0.327   0.002   0.000   0.002   0.000 1497688000
17.24    4.17    54.708
17.24 20.00   0.991   2.105
17.24 20.00   3.096    66.404
17.24 20.00   2.741   1.523   3.096   0.494
17.24 20.00   2.743   1.516   3.096   0.487

17.25  0.00   0.436   0.430   0.026   0.074   0.001   0.004   0.327   0.002   0.000   0.002   0.000 1498557000
17.25    4.17    54.700
17.25 20.00   0.991   2.105
17.25 20.00   3.096    66.402
17.25 20.00   2.740   1.523   3.096   0.494
17.25 20.00   2.743   1.516   3.096   0.487

17.26  0.00   0.436   0.430   0.026   0.074   0.001   0.004   0.327   0.002   0.000   0.002   0.000 1499425000
17.26    4.17    54.693
17.26 20.00   0.991   2.105
17.26 20.00   3.096    66.400
17.26 20.00   2.740   1.523   3.096   0.494
17.26 20.00   2.743   1.516   3.096   0.487

17.27  0.00   0.436   0.430   0.026   0.074   0.001   0.004   0.327   0.002   0.000   0.002   0.000 1500294000
17.27    4.17    54.685
17.27 20.00   0.991   2.105
17.27 20.00   3.096    66.397
17.27 20.00   2.740   1.523   3.096   0.494
17.27 20.00   2.743   1.516   3.096   0.487

17.28  0.00   0.436   0.430   0.026   0.074   0.001   0.004   0.327   0.002   0.000   0.002   0.000 1501163000
17.28    4.17    54.678
17.28 20.00   0.990   2.105
17.28 20.00   3.095    66.395
17.28 20.00   2.740   1.523   3.095   0.494
17.28 20.00   2.742   1.516   3.095   0.487

17.29  0.00   0.436   0.430   0.026   0.074   0.001   0.004   0.327   0.002   0.000   0.002   0.000 1502032000
17.29    4.17    54.670
17.29 20.00   0.990   2.105
17.29 20.00   3.095    66.393
17.29 20.00   2.740   1.523   3.095   0.494
17.29 20.00   2.742   1.516   3.095   0.487

17.30  0.00   0.436   0.430   0.026   0.074   0.001   0.004   0.327   0.002   0.000   0.002   0.000 1502900000
17.30    4.17    54.663
17.30 20.00   0.990   2.105
17.30 20.00   3.095    66.391
17.30 20.00   2.739   1.523   3.095   0.494
17.30 20.00   2.742   1.516   3.095   0.487

17.31  0.00   0.436   0.430   0.026   0.074   0.001   0.004   0.327   0.002   0.000   0.002   0.000 1503769000
17.31    4.17    54.655
17.31 20.00   0.990   2.105
17.31 20.00   3.095    66.388
17.31 20.00   2.739   1.523   3.095   0.494
17.31 20.00   2.742   1.516   3.095   0.487

17.32  0.00   0.436   0.430   0.026   0.074   0.001   0.004   0.327   0.002   0.000   0.002   0.000 1504638000
17.32    4.17    54.648
17.32 20.00   0.990   2.105
17.32 20.00   3.095    66.386
17.32 20.00   2.739   1.523   3.095   0.494
17.32 20.00   2.742   1.516   3.095   0.487

17.33  0.00   0.436   0.430   0.026   0.074   0.001   0.004   0.327   0.002   0.000   0.002   0.000 1505507000
17.33    4.17    54.640
17.33 20.00   0.989   2.105
17.33 20.00   3.094    66.384
17.33 20.00   2.739   1.523   3.094   0.494
17.33 20.00   2.741   1.516   3.094   0.487

17.34  0.00   0.436   0.430   0.026   0.074   0.001   0.004   0.327   0.002   0.000   0.002   0.000 1506375000
17.34    4.17    54.633
17.34 20.00   0.989   2.105
17.34 20.00   3.094    66.382
17.34 20.00   2.739   1.523   3.094   0.494
17.34 20.00   2.741   1.516   3.094   0.487

17.35  0.00   0.436   0.430   0.026   0.074   0.001   0.004   0.327   0.002   0.000   0.002   0.000 1507244000
17.35    4.16    54.625
17.35 20.00   0.989   2.105
17.35 20.00   3.094    66.379
17.35 20.00   2.738   1.523   3.094   0.494
17.35 20.00   2.741   1.515   3.094   0.487

17.36  0.00   0.436   0.430   0.026   0.074   0.001   0.004   0.327   0.002   0.000   0.002   0.000 1508113000
17.36    4.16    54.618
17.36 20.00   0.989   2.105
17.36 20.00   3.094    66.377
17.36 20.00   2.738   1.522   3.094   0.494
17.36 20.00   2.741   1.515   3.094   0.487

17.37  0.00   0.436   0.430   0.026   0.074   0.001   0.004   0.327   0.002   0.000   0.002   0.000 1508982000
17.37    4.16    54.610
17.37 20.00   0.989   2.105
17.37 20.00   3.094    66.375
17.37 20.00   2.738   1.522   3.094   0.494
17.37 20.00   2.741   1.515   3.094   0.487

17.38  0.00   0.436   0.430   0.026   0.074   0.001   0.004   0.327   0.002   0.000   0.002   0.000 1509850000
17.38    4.16    54.603
17.38 20.00   0.988   2.105
17.38 20.00   3.093    66.373
17.38 20.00   2.738   1.522   3.093   0.494
17.38 20.00   2.740   1.515   3.093   0.487

17.39  0.00   0.436   0.430   0.026   0.074   0.001   0.004   0.327   0.002   0.000   0.002   0.000 1510719000
17.39    4.16    54.595
17.39 20.00   0.988   2.105
17.39 20.00   3.093    66.371
17.39 20.00   2.738   1.522   3.093   0.494
17.39 20.00   2.740   1.515   3.093   0.487

17.40  0.00   0.436   0.430   0.026   0.074   0.001   0.004   0.327   0.002   0.000   0.002   0.000 1511588000
17.40    4.16    54.588
17.40 20.00   0.988   2.105
17.40 20.00   3.093    66.368
17.40 20.00   2.737   1.522   3.093   0.494
17.40 20.00   2.740   1.515   3.093   0.487

17.41  0.00   0.436   0.430   0.026   0.074   0.001   0.004   0.327   0.002   0.000   0.002   0.000 1512456000
17.41    4.16    54.580
17.41 20.00   0.988   2.105
17.41 20.00   3.093    66.366
17.41 20.00   2.737   1.522   3.093   0.494
17.41 20.00   2.740   1.515   3.093   0.487

17.42  0.00   0.436   0.430   0.026   0.074   0.001   0.004   0.327   0.002   0.000   0.002   0.000 1513325000
17.42    4.16    54.573
17.42 20.00   0.988   2.105
17.42 20.00   3.093    66.364
17.42 20.00   2.737   1.522   3.093   0.494
17.42 20.00   2.740   1.515   3.093   0.487

17.43  0.00   0.436   0.430   0.026   0.074   0.001   0.004   0.327   0.002   0.000   0.002   0.000 1514194000
17.43    4.16    54.565
17.43 20.00   0.987   2.105
17.43 20.00   3.092    66.362
17.43 20.00   2.737   1.522   3.092   0.494
17.43 20.00   2.739   1.515   3.092   0.487

17.44  0.00   0.436   0.430   0.026   0.074   0.001   0.004   0.327   0.002   0.000   0.002   0.000 1515063000
17.44    4.16    54.558
17.44 20.00   0.987   2.105
17.44 20.00   3.092    66.360
17.44 20.00   2.737   1.522   3.092   0.494
17.44 20.00   2.739   1.515   3.092   0.487

17.45  0.00   0.436   0.430   0.026   0.074   0.001   0.004   0.327   0.002   0.000   0.002   0.000 1515931000
17.45    4.16    54.550
17.45 20.00   0.987   2.105
17.45 20.00   3.092    66.357
17.45 20.00   2.736   1.522   3.092   0.494
17.45 20.00   2.739   1.515   3.092   0.487

17.46  0.00   0.436   0.430   0.026   0.074   0.001   0.004   0.327   0.002   0.000   0.002   0.000 1516800000
17.46    4.16    54.543
17.46 20.00   0.987   2.105
17.46 20.00   3.092    66.355
17.46 20.00   2.736   1.522   3.092   0.494
17.46 20.00   2.739   1.515   3.092   0.486

17.47  0.00   0.436   0.430   0.026   0.074   0.001   0.004   0.327   0.002   0.000   0.002   0.000 1517669000
17.47    4.15    54.535
17.47 20.00   0.986   2.105
17.47 20.00   3.091    66.353
17.47 20.00   2.736   1.522   3.091   0.494
17.47 20.00   2.739   1.514   3.091   0.486

17.48  0.00   0.436   0.430   0.026   0.074   0.001   0.004   0.327   0.002   0.000   0.002   0.000 1518537000
17.48    4.15    54.528
17.48 20.00   0.986   2.105
17.48 20.00   3.091    66.351
17.48 20.00   2.736   1.521   3.091   0.494
17.48 20.00   2.738   1.514   3.091   0.486

17.49  0.00   0.436   0.430   0.026   0.074   0.001   0.004   0.327   0.002   0.000   0.002   0.000 1519406000
17.49    4.15    54.521
17.49 20.00   0.986   2.105
17.49 20.00   3.091    66.349
17.49 20.00   2.736   1.521   3.091   0.494
17.49 20.00   2.738   1.514   3.091   0.486

17.50  0.00   0.436   0.430   0.026   0.074   0.001   0.004   0.327   0.002   0.000   0.002   0.000 1520275000
17.50    4.15    54.513
17.50 20.00   0.986   2.105
17.50 20.00   3.091    66.347
17.50 20.00   2.736   1.521   3.091   0.494
17.50 20.00   2.738   1.514   3.091   0.486

17.51  0.00   0.436   0.430   0.026   0.074   0.001   0.004   0.327   0.002   0.000   0.002   0.000 1521144000
17.51    4.15    54.506
17.51 20.00   0.986   2.105
17.51 20.00   3.091    66.344
17.51 20.00   2.735   1.521   3.091   0.494
17.51 20.00   2.738   1.514   3.091   0.486

17.52  0.00   0.436   0.430   0.026   0.074   0.001   0.004   0.327   0.002   0.000   0.002   0.000 1522012000
17.52    4.15    54.498
17.52 20.00   0.985   2.105
17.52 20.00   3.090    66.342
17.52 20.00   2.735   1.521   3.090   0.494
17.52 20.00   2.738   1.514   3.090   0.486

17.53  0.00   0.436   0.430   0.026   0.074   0.001   0.004   0.327   0.002   0.000   0.002   0.000 1522881000
17.53    4.15    54.491
17.53 20.00   0.985   2.105
17.53 20.00   3.090    66.340
17.53 20.00   2.735   1.521   3.090   0.494
17.53 20.00   2.738   1.514   3.090   0.486

17.54  0.00   0.436   0.429   0.026   0.074   0.001   0.004   0.327   0.002   0.000   0.002   0.000 1523750000
17.54    4.15    54.484
17.54 20.00   0.985   2.105
17.54 20.00   3.090    66.338
17.54 20.00   2.735   1.521   3.090   0.494
17.54 20.00   2.737   1.514   3.090   0.486

17.55  0.00   0.436   0.429   0.026   0.074   0.001   0.004   0.327   0.002   0.000   0.002   0.000 1524618000
17.55    4.15    54.476
17.55 20.00   0.985   2.105
17.55 20.00   3.090    66.336
17.55 20.00   2.735   1.521   3.090   0.494
17.55 20.00   2.737   1.514   3.090   0.486

17.56  0.00   0.436   0.429   0.026   0.074   0.001   0.004   0.327   0.002   0.000   0.002   0.000 1525487000
17.56    4.15    54.469
17.56 20.00   0.985   2.105
17.56 20.00   3.090    66.333
17.56 20.00   2.734   1.521   3.090   0.494
17.56 20.00   2.737   1.514   3.090   0.486

17.57  0.00   0.436   0.429   0.026   0.074   0.001   0.004   0.327   0.002   0.000   0.002   0.000 1526356000
17.57    4.15    54.461
17.57 20.00   0.984   2.105
17.57 20.00   3.089    66.331
17.57 20.00   2.734   1.521   3.089   0.494
17.57 20.00   2.737   1.514   3.089   0.486

17.58  0.00   0.436   0.429   0.026   0.074   0.001   0.004   0.327   0.002   0.000   0.002   0.000 1527225000
17.58    4.15    54.454
17.58 20.00   0.984   2.105
17.58 20.00   3.089    66.329
17.58 20.00   2.734   1.521   3.089   0.494
17.58 20.00   2.737   1.514   3.089   0.486

17.59  0.00   0.436   0.429   0.026   0.074   0.001   0.004   0.327   0.002   0.000   0.002   0.000 1528093000
17.59    4.15    54.447
17.59 20.00   0.984   2.105
17.59 20.00   3.089    66.327
17.59 20.00   2.734   1.521   3.089   0.494
17.59 20.00   2.736   1.514   3.089   0.486

17.60  0.00   0.436   0.429   0.026   0.074   0.001   0.004   0.327   0.002   0.000   0.002   0.000 1528962000
17.60    4.14    54.439
17.60 20.00   0.984   2.105
17.60 20.00   3.089    66.325
17.60 20.00   2.734   1.520   3.089   0.494
17.60 20.00   2.736   1.513   3.089   0.486

17.61  0.00   0.436   0.429   0.026   0.074   0.001   0.004   0.327   0.002   0.000   0.002   0.000 1529831000
17.61    4.14    54.432
17.61 20.00   0.984   2.105
17.61 20.00   3.089    66.323
17.61 20.00   2.733   1.520   3.089   0.494
17.61 20.00   2.736   1.513   3.089   0.486

17.62  0.00   0.436   0.429   0.026   0.074   0.001   0.004   0.327   0.002   0.000   0.002   0.000 1530700000
17.62    4.14    54.425
17.62 20.00   0.983   2.105
17.62 20.00   3.088    66.321
17.62 20.00   2.733   1.520   3.088   0.494
17.62 20.00   2.736   1.513   3.088   0.486

17.63  0.00   0.436   0.429   0.026   0.074   0.001   0.004   0.327   0.002   0.000   0.002   0.000 1531568000
17.63    4.14    54.417
17.63 20.00   0.983   2.105
17.63 20.00   3.088    66.318
17.63 20.00   2.733   1.520   3.088   0.494
17.63 20.00   2.736   1.513   3.088   0.486

17.64  0.00   0.436   0.429   0.026   0.074   0.001   0.004   0.327   0.002   0.000   0.002   0.000 1532437000
17.64    4.14    54.410
17.64 20.00   0.983   2.105
17.64 20.00   3.088    66.316
17.64 20.00   2.733   1.520   3.088   0.494
17.64 20.00   2.735   1.513   3.088   0.486

17.65  0.00   0.436   0.429   0.026   0.074   0.001   0.004   0.327   0.002   0.000   0.002   0.000 1533306000
17.65    4.14    54.403
17.65 20.00   0.983   2.105
17.65 20.00   3.088    66.314
17.65 20.00   2.733   1.520   3.088   0.494
17.65 20.00   2.735   1.513   3.088   0.486

17.66  0.00   0.436   0.429   0.026   0.074   0.001   0.004   0.327   0.002   0.000   0.002   0.000 1534175000
17.66    4.14    54.396
17.66 20.00   0.983   2.105
17.66 20.00   3.088    66.312
17.66 20.00   2.733   1.520   3.088   0.494
17.66 20.00   2.735   1.513   3.088   0.486

17.67  0.00   0.436   0.429   0.026   0.074   0.001   0.004   0.327   0.002   0.000   0.002   0.000 1535043000
17.67    4.14    54.388
17.67 20.00   0.982   2.105
17.67 20.00   3.087    66.310
17.67 20.00   2.732   1.520   3.087   0.494
17.67 20.00   2.735   1.513   3.087   0.486

17.68  0.00   0.436   0.429   0.026   0.074   0.001   0.004   0.327   0.002   0.000   0.002   0.000 1535912000
17.68    4.14    54.381
17.68 20.00   0.982   2.105
17.68 20.00   3.087    66.308
17.68 20.00   2.732   1.520   3.087   0.494
17.68 20.00   2.735   1.513   3.087   0.486

17.69  0.00   0.436   0.429   0.026   0.074   0.001   0.004   0.327   0.002   0.000   0.002   0.000 1536781000
17.69    4.14    54.374
17.69 20.00   0.982   2.105
17.69 20.00   3.087    66.305
17.69 20.00   2.732   1.520   3.087   0.494
17.69 20.00   2.735   1.513   3.087   0.486

17.70  0.00   0.436   0.429   0.026   0.074   0.001   0.004   0.327   0.002   0.000   0.002   0.000 1537650000
17.70    4.14    54.366
17.70 20.00   0.982   2.105
17.70 20.00   3.087    66.303
17.70 20.00   2.732   1.520   3.087   0.494
17.70 20.00   2.734   1.513   3.087   0.486

17.71  0.00   0.436   0.429   0.026   0.074   0.001   0.004   0.327   0.002   0.000   0.002   0.000 1538518000
17.71    4.14    54.359
17.71 20.00   0.982   2.105
17.71 20.00   3.087    66.301
17.71 20.00   2.732   1.520   3.087   0.494
17.71 20.00   2.734   1.513   3.087   0.486

17.72  0.00   0.436   0.429   0.026   0.074   0.001   0.004   0.327   0.002   0.000   0.002   0.000 1539387000
17.72    4.14    54.352
17.72 20.00   0.981   2.105
17.72 20.00   3.086    66.299
17.72 20.00   2.731   1.520   3.086   0.494
17.72 20.00   2.734   1.512   3.086   0.486

17.73  0.00   0.436   0.429   0.026   0.074   0.001   0.004   0.327   0.002   0.000   0.002   0.000 1540256000
17.73    4.13    54.345
17.73 20.00   0.981   2.105
17.73 20.00   3.086    66.297
17.73 20.00   2.731   1.519   3.086   0.494
17.73 20.00   2.734   1.512   3.086   0.486

17.74  0.00   0.436   0.429   0.026   0.074   0.001   0.004   0.327   0.002   0.000   0.002   0.000 1541124000
17.74    4.13    54.337
17.74 20.00   0.981   2.105
17.74 20.00   3.086    66.295
17.74 20.00   2.731   1.519   3.086   0.494
17.74 20.00   2.734   1.512   3.086   0.486

17.75  0.00   0.436   0.429   0.026   0.074   0.001   0.004   0.327   0.002   0.000   0.002   0.000 1541993000
17.75    4.13    54.330
17.75 20.00   0.981   2.105
17.75 20.00   3.086    66.293
17.75 20.00   2.731   1.519   3.086   0.494
17.75 20.00   2.733   1.512   3.086   0.486

17.76  0.00   0.436   0.429   0.026   0.074   0.001   0.004   0.327   0.002   0.000   0.002   0.000 1542862000
17.76    4.13    54.323
17.76 20.00   0.981   2.105
17.76 20.00   3.086    66.291
17.76 20.00   2.731   1.519   3.086   0.494
17.76 20.00   2.733   1.512   3.086   0.486

17.77  0.00   0.436   0.429   0.026   0.074   0.001   0.004   0.327   0.002   0.000   0.002   0.000 1543731000
17.77    4.13    54.316
17.77 20.00   0.980   2.105
17.77 20.00   3.085    66.288
17.77 20.00   2.730   1.519   3.085   0.494
17.77 20.00   2.733   1.512   3.085   0.486

17.78  0.00   0.436   0.429   0.026   0.074   0.001   0.004   0.327   0.002   0.000   0.002   0.000 1544599000
17.78    4.13    54.308
17.78 20.00   0.980   2.105
17.78 20.00   3.085    66.286
17.78 20.00   2.730   1.519   3.085   0.494
17.78 20.00   2.733   1.512   3.085   0.486

17.79  0.00   0.436   0.429   0.026   0.074   0.001   0.004   0.327   0.002   0.000   0.002   0.000 1545468000
17.79    4.13    54.301
17.79 20.00   0.980   2.105
17.79 20.00   3.085    66.284
17.79 20.00   2.730   1.519   3.085   0.494
17.79 20.00   2.733   1.512   3.085   0.486

17.80  0.00   0.436   0.429   0.026   0.074   0.001   0.004   0.327   0.002   0.000   0.002   0.000 1546337000
17.80    4.13    54.294
17.80 20.00   0.980   2.105
17.80 20.00   3.085    66.282
17.80 20.00   2.730   1.519   3.085   0.494
17.80 20.00   2.732   1.512   3.085   0.486

17.81  0.00   0.436   0.429   0.026   0.074   0.001   0.004   0.327   0.002   0.000   0.002   0.000 1547206000
17.81    4.13    54.287
17.81 20.00   0.980   2.105
17.81 20.00   3.085    66.280
17.81 20.00   2.730   1.519   3.085   0.494
17.81 20.00   2.732   1.512   3.085   0.486

17.82  0.00   0.436   0.429   0.026   0.074   0.001   0.004   0.327   0.002   0.000   0.002   0.000 1548074000
17.82    4.13    54.280
17.82 20.00   0.979   2.105
17.82 20.00   3.084    66.278
17.82 20.00   2.730   1.519   3.084   0.494
17.82 20.00   2.732   1.512   3.084   0.486

17.83  0.00   0.436   0.429   0.026   0.074   0.001   0.004   0.327   0.002   0.000   0.002   0.000 1548943000
17.83    4.13    54.272
17.83 20.00   0.979   2.105
17.83 20.00   3.084    66.276
17.83 20.00   2.729   1.519   3.084   0.494
17.83 20.00   2.732   1.512   3.084   0.486

17.84  0.00   0.436   0.429   0.026   0.074   0.001   0.004   0.327   0.002   0.000   0.002   0.000 1549812000
17.84    4.13    54.265
17.84 20.00   0.979   2.105
17.84 20.00   3.084    66.274
17.84 20.00   2.729   1.519   3.084   0.494
17.84 20.00   2.732   1.512   3.084   0.486

17.85  0.00   0.436   0.429   0.026   0.074   0.001   0.004   0.327   0.002   0.000   0.002   0.000 1550680000
17.85    4.13    54.258
17.85 20.00   0.979   2.105
17.85 20.00   3.084    66.272
17.85 20.00   2.729   1.518   3.084   0.494
17.85 20.00   2.732   1.511   3.084   0.486

17.86  0.00   0.436   0.429   0.026   0.074   0.001   0.004   0.327   0.002   0.000   0.002   0.000 1551549000
17.86    4.12    54.251
17.86 20.00   0.979   2.105
17.86 20.00   3.084    66.269
17.86 20.00   2.729   1.518   3.084   0.494
17.86 20.00   2.731   1.511   3.084   0.486

17.87  0.00   0.436   0.429   0.026   0.074   0.001   0.004   0.327   0.002   0.000   0.002   0.000 1552418000
17.87    4.12    54.244
17.87 20.00   0.978   2.105
17.87 20.00   3.083    66.267
17.87 20.00   2.729   1.518   3.083   0.494
17.87 20.00   2.731   1.511   3.083   0.486

17.88  0.00   0.436   0.429   0.026   0.074   0.001   0.004   0.327   0.002   0.000   0.002   0.000 1553287000
17.88    4.12    54.236
17.88 20.00   0.978   2.105
17.88 20.00   3.083    66.265
17.88 20.00   2.728   1.518   3.083   0.494
17.88 20.00   2.731   1.511   3.083   0.486

17.89  0.00   0.436   0.429   0.026   0.074   0.001   0.004   0.327   0.002   0.000   0.002   0.000 1554155000
17.89    4.12    54.229
17.89 20.00   0.978   2.105
17.89 20.00   3.083    66.263
17.89 20.00   2.728   1.518   3.083   0.493
17.89 20.00   2.731   1.511   3.083   0.486

17.90  0.00   0.436   0.429   0.026   0.074   0.001   0.004   0.327   0.002   0.000   0.002   0.000 1555024000
17.90    4.12    54.222
17.90 20.00   0.978   2.105
17.90 20.00   3.083    66.261
17.90 20.00   2.728   1.518   3.083   0.493
17.90 20.00   2.731   1.511   3.083   0.486

17.91  0.00   0.436   0.429   0.026   0.074   0.001   0.004   0.327   0.002   0.000   0.002   0.000 1555893000
17.91    4.12    54.215
17.91 20.00   0.978   2.105
17.91 20.00   3.083    66.259
17.91 20.00   2.728   1.518   3.083   0.493
17.91 20.00   2.730   1.511   3.083   0.486

17.92  0.00   0.436   0.429   0.026   0.074   0.001   0.004   0.327   0.002   0.000   0.002   0.000 1556761000
17.92    4.12    54.208
17.92 20.00   0.977   2.105
17.92 20.00   3.082    66.257
17.92 20.00   2.728   1.518   3.082   0.493
17.92 20.00   2.730   1.511   3.082   0.486

17.93  0.00   0.436   0.429   0.026   0.074   0.001   0.004   0.327   0.002   0.000   0.002   0.000 1557630000
17.93    4.12    54.201
17.93 20.00   0.977   2.105
17.93 20.00   3.082    66.255
17.93 20.00   2.728   1.518   3.082   0.493
17.93 20.00   2.730   1.511   3.082   0.486

17.94  0.00   0.436   0.429   0.026   0.074   0.001   0.004   0.327   0.002   0.000   0.002   0.000 1558499000
17.94    4.12    54.194
17.94 20.00   0.977   2.105
17.94 20.00   3.082    66.253
17.94 20.00   2.727   1.518   3.082   0.493
17.94 20.00   2.730   1.511   3.082   0.486

17.95  0.00   0.436   0.429   0.026   0.074   0.001   0.004   0.327   0.002   0.000   0.002   0.000 1559368000
17.95    4.12    54.187
17.95 20.00   0.977   2.105
17.95 20.00   3.082    66.251
17.95 20.00   2.727   1.518   3.082   0.493
17.95 20.00   2.730   1.511   3.082   0.486

17.96  0.00   0.436   0.429   0.026   0.074   0.001   0.004   0.327   0.002   0.000   0.002   0.000 1560236000
17.96    4.12    54.179
17.96 20.00   0.977   2.105
17.96 20.00   3.082    66.249
17.96 20.00   2.727   1.518   3.082   0.493
17.96 20.00   2.730   1.511   3.082   0.486

17.97  0.00   0.436   0.429   0.026   0.074   0.001   0.004   0.327   0.002   0.000   0.002   0.000 1561105000
17.97    4.12    54.172
17.97 20.00   0.976   2.105
17.97 20.00   3.081    66.247
17.97 20.00   2.727   1.518   3.081   0.493
17.97 20.00   2.729   1.511   3.081   0.486

17.98  0.00   0.436   0.429   0.026   0.074   0.001   0.004   0.327   0.002   0.000   0.002   0.000 1561974000
17.98    4.12    54.165
17.98 20.00   0.976   2.105
17.98 20.00   3.081    66.244
17.98 20.00   2.727   1.517   3.081   0.493
17.98 20.00   2.729   1.510   3.081   0.486

17.99  0.00   0.436   0.429   0.026   0.074   0.001   0.004   0.327   0.002   0.000   0.002   0.000 1562843000
17.99    4.11    54.158
17.99 20.00   0.976   2.105
17.99 20.00   3.081    66.242
17.99 20.00   2.726   1.517   3.081   0.493
17.99 20.00   2.729   1.510   3.081   0.486

18.00  0.00   0.436   0.429   0.026   0.074   0.001   0.004   0.327   0.002   0.000   0.002   0.000 1563711000
18.00    4.11    54.151
18.00 20.00   0.976   2.105
18.00 20.00   3.081    66.240
18.00 20.00   2.726   1.517   3.081   0.493
18.00 20.00   2.729   1.510   3.081   0.486

18.01  0.00   0.436   0.429   0.026   0.074   0.001   0.004   0.327   0.002   0.000   0.002   0.000 1564580000
18.01    4.11    54.144
18.01 20.00   0.976   2.105
18.01 20.00   3.081    66.238
18.01 20.00   2.726   1.517   3.081   0.493
18.01 20.00   2.729   1.510   3.081   0.486

18.02  0.00   0.436   0.429   0.026   0.074   0.001   0.004   0.327   0.002   0.000   0.002   0.000 1565449000
18.02    4.11    54.137
18.02 20.00   0.975   2.105
18.02 20.00   3.080    66.236
18.02 20.00   2.726   1.517   3.080   0.493
18.02 20.00   2.728   1.510   3.080   0.486

18.03  0.00   0.436   0.429   0.026   0.074   0.001   0.004   0.327   0.002   0.000   0.002   0.000 1566318000
18.03    4.11    54.130
18.03 20.00   0.975   2.105
18.03 20.00   3.080    66.234
18.03 20.00   2.726   1.517   3.080   0.493
18.03 20.00   2.728   1.510   3.080   0.486

18.04  0.00   0.436   0.429   0.026   0.074   0.001   0.004   0.327   0.002   0.000   0.002   0.000 1567186000
18.04    4.11    54.123
18.04 20.00   0.975   2.105
18.04 20.00   3.080    66.232
18.04 20.00   2.726   1.517   3.080   0.493
18.04 20.00   2.728   1.510   3.080   0.486

18.05  0.00   0.436   0.429   0.026   0.074   0.001   0.004   0.327   0.002   0.000   0.002   0.000 1568055000
18.05    4.11    54.116
18.05 20.00   0.975   2.105
18.05 20.00   3.080    66.230
18.05 20.00   2.725   1.517   3.080   0.493
18.05 20.00   2.728   1.510   3.080   0.486

18.06  0.00   0.436   0.429   0.026   0.074   0.001   0.004   0.327   0.002   0.000   0.002   0.000 1568924000
18.06    4.11    54.109
18.06 20.00   0.975   2.105
18.06 20.00   3.080    66.228
18.06 20.00   2.725   1.517   3.080   0.493
18.06 20.00   2.728   1.510   3.080   0.486

18.07  0.00   0.436   0.429   0.026   0.074   0.001   0.004   0.327   0.002   0.000   0.002   0.000 1569792000
18.07    4.11    54.102
18.07 20.00   0.974   2.105
18.07 20.00   3.079    66.226
18.07 20.00   2.725   1.517   3.079   0.493
18.07 20.00   2.728   1.510   3.079   0.486

18.08  0.00   0.436   0.429   0.026   0.074   0.001   0.004   0.327   0.002   0.000   0.002   0.000 1570661000
18.08    4.11    54.095
18.08 20.00   0.974   2.105
18.08 20.00   3.079    66.224
18.08 20.00   2.725   1.517   3.079   0.493
18.08 20.00   2.727   1.510   3.079   0.486

18.09  0.00   0.436   0.429   0.026   0.074   0.001   0.004   0.327   0.002   0.000   0.002   0.000 1571530000
18.09    4.11    54.088
18.09 20.00   0.974   2.105
18.09 20.00   3.079    66.222
18.09 20.00   2.725   1.517   3.079   0.493
18.09 20.00   2.727   1.510   3.079   0.486

18.10  0.00   0.436   0.429   0.026   0.074   0.001   0.004   0.327   0.002   0.000   0.002   0.000 1572399000
18.10    4.11    54.081
18.10 20.00   0.974   2.105
18.10 20.00   3.079    66.220
18.10 20.00   2.724   1.517   3.079   0.493
18.10 20.00   2.727   1.510   3.079   0.486

18.11  0.00   0.436   0.429   0.026   0.074   0.001   0.004   0.327   0.002   0.000   0.002   0.000 1573267000
18.11    4.11    54.074
18.11 20.00   0.974   2.105
18.11 20.00   3.079    66.218
18.11 20.00   2.724   1.516   3.079   0.493
18.11 20.00   2.727   1.509   3.079   0.486

18.12  0.00   0.436   0.429   0.026   0.074   0.001   0.004   0.327   0.002   0.000   0.002   0.000 1574136000
18.12    4.11    54.067
18.12 20.00   0.973   2.105
18.12 20.00   3.078    66.216
18.12 20.00   2.724   1.516   3.078   0.493
18.12 20.00   2.727   1.509   3.078   0.486

18.13  0.00   0.436   0.429   0.026   0.074   0.001   0.004   0.327   0.002   0.000   0.002   0.000 1575005000
18.13    4.10    54.060
18.13 20.00   0.973   2.105
18.13 20.00   3.078    66.214
18.13 20.00   2.724   1.516   3.078   0.493
18.13 20.00   2.727   1.509   3.078   0.486

18.14  0.00   0.436   0.429   0.026   0.074   0.001   0.004   0.327   0.002   0.000   0.002   0.000 1575874000
18.14    4.10    54.053
18.14 20.00   0.973   2.105
18.14 20.00   3.078    66.212
18.14 20.00   2.724   1.516   3.078   0.493
18.14 20.00   2.726   1.509   3.078   0.486

18.15  0.00   0.436   0.429   0.026   0.074   0.001   0.004   0.327   0.002   0.000   0.002   0.000 1576742000
18.15    4.10    54.046
18.15 20.00   0.973   2.105
18.15 20.00   3.078    66.210
18.15 20.00   2.724   1.516   3.078   0.493
18.15 20.00   2.726   1.509   3.078   0.486

18.16  0.00   0.436   0.429   0.026   0.074   0.001   0.004   0.327   0.002   0.000   0.002   0.000 1577611000
18.16    4.10    54.039
18.16 20.00   0.973   2.105
18.16 20.00   3.078    66.207
18.16 20.00   2.723   1.516   3.078   0.493
18.16 20.00   2.726   1.509   3.078   0.486

18.17  0.00   0.435   0.429   0.026   0.074   0.001   0.004   0.327   0.002   0.000   0.002   0.000 1578480000
18.17    4.10    54.032
18.17 20.00   0.973   2.105
18.17 20.00   3.078    66.205
18.17 20.00   2.723   1.516   3.078   0.493
18.17 20.00   2.726   1.509   3.078   0.486

18.18  0.00   0.435   0.429   0.026   0.074   0.001   0.004   0.327   0.002   0.000   0.002   0.000 1579348000
18.18    4.10    54.025
18.18 20.00   0.972   2.105
18.18 20.00   3.077    66.203
18.18 20.00   2.723   1.516   3.077   0.493
18.18 20.00   2.726   1.509   3.077   0.486

18.19  0.00   0.435   0.429   0.026   0.074   0.001   0.004   0.327   0.002   0.000   0.002   0.000 1580217000
18.19    4.10    54.018
18.19 20.00   0.972   2.105
18.19 20.00   3.077    66.201
18.19 20.00   2.723   1.516   3.077   0.493
18.19 20.00   2.725   1.509   3.077   0.486

18.20  0.00   0.435   0.429   0.026   0.074   0.001   0.004   0.327   0.002   0.000   0.002   0.000 1581086000
18.20    4.10    54.011
18.20 20.00   0.972   2.105
18.20 20.00   3.077    66.199
18.20 20.00   2.723   1.516   3.077   0.493
18.20 20.00   2.725   1.509   3.077   0.486

18.21  0.00   0.435   0.429   0.026   0.074   0.001   0.004   0.326   0.002   0.000   0.002   0.000 1581955000
18.21    4.10    54.004
18.21 20.00   0.972   2.105
18.21 20.00   3.077    66.197
18.21 20.00   2.723   1.516   3.077   0.493
18.21 20.00   2.725   1.509   3.077   0.486

18.22  0.00   0.435   0.429   0.026   0.074   0.001   0.004   0.326   0.002   0.000   0.002   0.000 1582823000
18.22    4.10    53.997
18.22 20.00   0.972   2.105
18.22 20.00   3.077    66.195
18.22 20.00   2.722   1.516   3.077   0.493
18.22 20.00   2.725   1.509   3.077   0.486

18.23  0.00   0.435   0.429   0.026   0.074   0.001   0.004   0.326   0.002   0.000   0.002   0.000 1583692000
18.23    4.10    53.990
18.23 20.00   0.971   2.105
18.23 20.00   3.076    66.193
18.23 20.00   2.722   1.516   3.076   0.493
18.23 20.00   2.725   1.509   3.076   0.486

18.24  0.00   0.435   0.429   0.026   0.074   0.001   0.004   0.326   0.002   0.000   0.002   0.000 1584561000
18.24    4.10    53.983
18.24 20.00   0.971   2.105
18.24 20.00   3.076    66.191
18.24 20.00   2.722   1.515   3.076   0.493
18.24 20.00   2.725   1.508   3.076   0.486

18.25  0.00   0.435   0.429   0.026   0.074   0.001   0.004   0.326   0.002   0.000   0.002   0.000 1585430000
18.25    4.10    53.976
18.25 20.00   0.971   2.105
18.25 20.00   3.076    66.189
18.25 20.00   2.722   1.515   3.076   0.493
18.25 20.00   2.724   1.508   3.076   0.486

18.26  0.00   0.435   0.429   0.026   0.074   0.001   0.004   0.326   0.002   0.000   0.002   0.000 1586298000
18.26    4.10    53.969
18.26 20.00   0.971   2.105
18.26 20.00   3.076    66.187
18.26 20.00   2.722   1.515   3.076   0.493
18.26 20.00   2.724   1.508   3.076   0.486

18.27  0.00   0.435   0.429   0.026   0.074   0.001   0.004   0.326   0.002   0.000   0.002   0.000 1587167000
18.27    4.09    53.962
18.27 20.00   0.971   2.105
18.27 20.00   3.076    66.185
18.27 20.00   2.721   1.515   3.076   0.493
18.27 20.00   2.724   1.508   3.076   0.486

18.28  0.00   0.435   0.429   0.026   0.074   0.001   0.004   0.326   0.002   0.000   0.002   0.000 1588036000
18.28    4.09    53.955
18.28 20.00   0.970   2.105
18.28 20.00   3.075    66.183
18.28 20.00   2.721   1.515   3.075   0.493
18.28 20.00   2.724   1.508   3.075   0.486

18.29  0.00   0.435   0.429   0.026   0.074   0.001   0.004   0.326   0.002   0.000   0.002   0.000 1588905000
18.29    4.09    53.948
18.29 20.00   0.970   2.105
18.29 20.00   3.075    66.181
18.29 20.00   2.721   1.515   3.075   0.493
18.29 20.00   2.724   1.508   3.075   0.486

18.30  0.00   0.435   0.429   0.026   0.074   0.001   0.004   0.326   0.002   0.000   0.002   0.000 1589773000
18.30    4.09    53.941
18.30 20.00   0.970   2.105
18.30 20.00   3.075    66.179
18.30 20.00   2.721   1.515   3.075   0.493
18.30 20.00   2.724   1.508   3.075   0.486

18.31  0.00   0.435   0.429   0.026   0.074   0.001   0.004   0.326   0.002   0.000   0.002   0.000 1590642000
18.31    4.09    53.935
18.31 20.00   0.970   2.105
18.31 20.00   3.075    66.177
18.31 20.00   2.721   1.515   3.075   0.493
18.31 20.00   2.723   1.508   3.075   0.486

18.32  0.00   0.435   0.429   0.026   0.074   0.001   0.004   0.326   0.002   0.000   0.002   0.000 1591511000
18.32    4.09    53.928
18.32 20.00   0.970   2.105
18.32 20.00   3.075    66.175
18.32 20.00   2.721   1.515   3.075   0.493
18.32 20.00   2.723   1.508   3.075   0.486

18.33  0.00   0.435   0.429   0.026   0.074   0.001   0.004   0.326   0.002   0.000   0.002   0.000 1592379000
18.33    4.09    53.921
18.33 20.00   0.969   2.105
18.33 20.00   3.074    66.173
18.33 20.00   2.720   1.515   3.074   0.493
18.33 20.00   2.723   1.508   3.074   0.486

18.34  0.00   0.435   0.429   0.026   0.074   0.001   0.004   0.326   0.002   0.000   0.002   0.000 1593248000
18.34    4.09    53.914
18.34 20.00   0.969   2.105
18.34 20.00   3.074    66.171
18.34 20.00   2.720   1.515   3.074   0.493
18.34 20.00   2.723   1.508   3.074   0.486

18.35  0.00   0.435   0.429   0.026   0.074   0.001   0.004   0.326   0.002   0.000   0.002   0.000 1594117000
18.35    4.09    53.907
18.35 20.00   0.969   2.105
18.35 20.00   3.074    66.169
18.35 20.00   2.720   1.515   3.074   0.493
18.35 20.00   2.723   1.508   3.074   0.485

18.36  0.00   0.435   0.429   0.026   0.074   0.001   0.004   0.326   0.002   0.000   0.002   0.000 1594986000
18.36    4.09    53.900
18.36 20.00   0.969   2.105
18.36 20.00   3.074    66.167
18.36 20.00   2.720   1.515   3.074   0.493
18.36 20.00   2.722   1.508   3.074   0.485

18.37  0.00   0.435   0.429   0.026   0.074   0.001   0.004   0.326   0.002   0.000   0.002   0.000 1595854000
18.37    4.09    53.893
18.37 20.00   0.969   2.105
18.37 20.00   3.074    66.165
18.37 20.00   2.720   1.515   3.074   0.493
18.37 20.00   2.722   1.507   3.074   0.485

18.38  0.00   0.435   0.429   0.026   0.074   0.001   0.004   0.326   0.002   0.000   0.002   0.000 1596723000
18.38    4.09    53.886
18.38 20.00   0.969   2.105
18.38 20.00   3.074    66.163
18.38 20.00   2.720   1.514   3.074   0.493
18.38 20.00   2.722   1.507   3.074   0.485

18.39  0.00   0.435   0.429   0.026   0.074   0.001   0.004   0.326   0.002   0.000   0.002   0.000 1597592000
18.39    4.09    53.880
18.39 20.00   0.968   2.105
18.39 20.00   3.073    66.161
18.39 20.00   2.719   1.514   3.073   0.493
18.39 20.00   2.722   1.507   3.073   0.485

18.40  0.00   0.435   0.429   0.026   0.074   0.001   0.004   0.326   0.002   0.000   0.002   0.000 1598460000
18.40    4.09    53.873
18.40 20.00   0.968   2.105
18.40 20.00   3.073    66.159
18.40 20.00   2.719   1.514   3.073   0.493
18.40 20.00   2.722   1.507   3.073   0.485

18.41  0.00   0.435   0.429   0.026   0.074   0.001   0.004   0.326   0.002   0.000   0.002   0.000 1599329000
18.41    4.08    53.866
18.41 20.00   0.968   2.105
18.41 20.00   3.073    66.157
18.41 20.00   2.719   1.514   3.073   0.493
18.41 20.00   2.722   1.507   3.073   0.485

18.42  0.00   0.435   0.429   0.026   0.074   0.001   0.004   0.326   0.002   0.000   0.002   0.000 1600198000
18.42    4.08    53.859
18.42 20.00   0.968   2.105
18.42 20.00   3.073    66.155
18.42 20.00   2.719   1.514   3.073   0.493
18.42 20.00   2.721   1.507   3.073   0.485

18.43  0.00   0.435   0.429   0.026   0.074   0.001   0.004   0.326   0.002   0.000   0.002   0.000 1601067000
18.43    4.08    53.852
18.43 20.00   0.968   2.105
18.43 20.00   3.073    66.153
18.43 20.00   2.719   1.514   3.073   0.493
18.43 20.00   2.721   1.507   3.073   0.485

18.44  0.00   0.435   0.429   0.026   0.074   0.001   0.004   0.326   0.002   0.000   0.002   0.000 1601935000
18.44    4.08    53.846
18.44 20.00   0.967   2.105
18.44 20.00   3.072    66.151
18.44 20.00   2.719   1.514   3.072   0.493
18.44 20.00   2.721   1.507   3.072   0.485

18.45  0.00   0.435   0.429   0.026   0.074   0.001   0.004   0.326   0.002   0.000   0.002   0.000 1602804000
18.45    4.08    53.839
18.45 20.00   0.967   2.105
18.45 20.00   3.072    66.149
18.45 20.00   2.718   1.514   3.072   0.493
18.45 20.00   2.721   1.507   3.072   0.485

18.46  0.00   0.435   0.429   0.026   0.074   0.001   0.004   0.326   0.002   0.000   0.002   0.000 1603673000
18.46    4.08    53.832
18.46 20.00   0.967   2.105
18.46 20.00   3.072    66.147
18.46 20.00   2.718   1.514   3.072   0.493
18.46 20.00   2.721   1.507   3.072   0.485

18.47  0.00   0.435   0.429   0.026   0.074   0.001   0.004   0.326   0.002   0.000   0.002   0.000 1604542000
18.47    4.08    53.825
18.47 20.00   0.967   2.105
18.47 20.00   3.072    66.145
18.47 20.00   2.718   1.514   3.072   0.493
18.47 20.00   2.721   1.507   3.072   0.485

18.48  0.00   0.435   0.429   0.026   0.074   0.001   0.004   0.326   0.002   0.000   0.002   0.000 1605410000
18.48    4.08    53.818
18.48 20.00   0.967   2.105
18.48 20.00   3.072    66.143
18.48 20.00   2.718   1.514   3.072   0.493
18.48 20.00   2.720   1.507   3.072   0.485

18.49  0.00   0.435   0.429   0.026   0.074   0.001   0.004   0.326   0.002   0.000   0.002   0.000 1606279000
18.49    4.08    53.812
18.49 20.00   0.966   2.105
18.49 20.00   3.071    66.141
18.49 20.00   2.718   1.514   3.071   0.493
18.49 20.00   2.720   1.507   3.071   0.485

18.50  0.00   0.435   0.429   0.026   0.074   0.001   0.004   0.326   0.002   0.000   0.002   0.000 1607148000
18.50    4.08    53.805
18.50 20.00   0.966   2.105
18.50 20.00   3.071    66.139
18.50 20.00   2.717   1.514   3.071   0.493
18.50 20.00   2.720   1.507   3.071   0.485

18.51  0.00   0.435   0.429   0.026   0.074   0.001   0.004   0.326   0.002   0.000   0.002   0.000 1608017000
18.51    4.08    53.798
18.51 20.00   0.966   2.105
18.51 20.00   3.071    66.138
18.51 20.00   2.717   1.513   3.071   0.493
18.51 20.00   2.720   1.506   3.071   0.485

18.52  0.00   0.435   0.429   0.026   0.074   0.001   0.004   0.326   0.002   0.000   0.002   0.000 1608885000
18.52    4.08    53.791
18.52 20.00   0.966   2.105
18.52 20.00   3.071    66.136
18.52 20.00   2.717   1.513   3.071   0.493
18.52 20.00   2.720   1.506   3.071   0.485

18.53  0.00   0.435   0.429   0.026   0.074   0.001   0.004   0.326   0.002   0.000   0.002   0.000 1609754000
18.53    4.08    53.784
18.53 20.00   0.966   2.105
18.53 20.00   3.071    66.134
18.53 20.00   2.717   1.513   3.071   0.493
18.53 20.00   2.720   1.506   3.071   0.485

18.54  0.00   0.435   0.429   0.026   0.074   0.001   0.004   0.326   0.002   0.000   0.002   0.000 1610623000
18.54    4.08    53.778
18.54 20.00   0.966   2.105
18.54 20.00   3.071    66.132
18.54 20.00   2.717   1.513   3.071   0.493
18.54 20.00   2.719   1.506   3.071   0.485

18.55  0.00   0.435   0.429   0.026   0.074   0.001   0.004   0.326   0.002   0.000   0.002   0.000 1611491000
18.55    4.07    53.771
18.55 20.00   0.965   2.105
18.55 20.00   3.070    66.130
18.55 20.00   2.717   1.513   3.070   0.493
18.55 20.00   2.719   1.506   3.070   0.485

18.56  0.00   0.435   0.429   0.026   0.074   0.001   0.004   0.326   0.002   0.000   0.002   0.000 1612360000
18.56    4.07    53.764
18.56 20.00   0.965   2.105
18.56 20.00   3.070    66.128
18.56 20.00   2.716   1.513   3.070   0.493
18.56 20.00   2.719   1.506   3.070   0.485

18.57  0.00   0.435   0.429   0.026   0.074   0.001   0.004   0.326   0.002   0.000   0.002   0.000 1613229000
18.57    4.07    53.757
18.57 20.00   0.965   2.105
18.57 20.00   3.070    66.126
18.57 20.00   2.716   1.513   3.070   0.493
18.57 20.00   2.719   1.506   3.070   0.485

18.58  0.00   0.435   0.428   0.026   0.074   0.001   0.004   0.326   0.002   0.000   0.002   0.000 1614098000
18.58    4.07    53.751
18.58 20.00   0.965   2.105
18.58 20.00   3.070    66.124
18.58 20.00   2.716   1.513   3.070   0.493
18.58 20.00   2.719   1.506   3.070   0.485

18.59  0.00   0.435   0.428   0.026   0.074   0.001   0.004   0.326   0.002   0.000   0.002   0.000 1614966000
18.59    4.07    53.744
18.59 20.00   0.965   2.105
18.59 20.00   3.070    66.122
18.59 20.00   2.716   1.513   3.070   0.493
18.59 20.00   2.719   1.506   3.070   0.485

18.60  0.00   0.435   0.428   0.026   0.074   0.001   0.004   0.326   0.002   0.000   0.002   0.000 1615835000
18.60    4.07    53.737
18.60 20.00   0.964   2.105
18.60 20.00   3.069    66.120
18.60 20.00   2.716   1.513   3.069   0.493
18.60 20.00   2.718   1.506   3.069   0.485

18.61  0.00   0.435   0.428   0.026   0.074   0.001   0.004   0.326   0.002   0.000   0.002   0.000 1616704000
18.61    4.07    53.731
18.61 20.00   0.964   2.105
18.61 20.00   3.069    66.118
18.61 20.00   2.716   1.513   3.069   0.493
18.61 20.00   2.718   1.506   3.069   0.485

18.62  0.00   0.435   0.428   0.026   0.074   0.001   0.004   0.326   0.002   0.000   0.002   0.000 1617573000
18.62    4.07    53.724
18.62 20.00   0.964   2.105
18.62 20.00   3.069    66.116
18.62 20.00   2.715   1.513   3.069   0.493
18.62 20.00   2.718   1.506   3.069   0.485

18.63  0.00   0.435   0.428   0.026   0.074   0.001   0.004   0.326   0.002   0.000   0.002   0.000 1618441000
18.63    4.07    53.717
18.63 20.00   0.964   2.105
18.63 20.00   3.069    66.114
18.63 20.00   2.715   1.513   3.069   0.493
18.63 20.00   2.718   1.506   3.069   0.485

18.64  0.00   0.435   0.428   0.026   0.074   0.001   0.004   0.326   0.002   0.000   0.002   0.000 1619310000
18.64    4.07    53.710
18.64 20.00   0.964   2.105
18.64 20.00   3.069    66.112
18.64 20.00   2.715   1.513   3.069   0.493
18.64 20.00   2.718   1.505   3.069   0.485

18.65  0.00   0.435   0.428   0.026   0.074   0.001   0.004   0.326   0.002   0.000   0.002   0.000 1620179000
18.65    4.07    53.704
18.65 20.00   0.964   2.105
18.65 20.00   3.068    66.110
18.65 20.00   2.715   1.512   3.068   0.493
18.65 20.00   2.718   1.505   3.068   0.485

18.66  0.00   0.435   0.428   0.026   0.074   0.001   0.004   0.326   0.002   0.000   0.002   0.000 1621047000
18.66    4.07    53.697
18.66 20.00   0.963   2.105
18.66 20.00   3.068    66.108
18.66 20.00   2.715   1.512   3.068   0.493
18.66 20.00   2.717   1.505   3.068   0.485

18.67  0.00   0.435   0.428   0.026   0.074   0.001   0.004   0.326   0.002   0.000   0.002   0.000 1621916000
18.67    4.07    53.690
18.67 20.00   0.963   2.105
18.67 20.00   3.068    66.106
18.67 20.00   2.715   1.512   3.068   0.493
18.67 20.00   2.717   1.505   3.068   0.485

18.68  0.00   0.435   0.428   0.026   0.074   0.001   0.004   0.326   0.002   0.000   0.002   0.000 1622785000
18.68    4.07    53.684
18.68 20.00   0.963   2.105
18.68 20.00   3.068    66.104
18.68 20.00   2.714   1.512   3.068   0.493
18.68 20.00   2.717   1.505   3.068   0.485

18.69  0.00   0.435   0.428   0.026   0.074   0.001   0.004   0.326   0.002   0.000   0.002   0.000 1623654000
18.69    4.07    53.677
18.69 20.00   0.963   2.105
18.69 20.00   3.068    66.102
18.69 20.00   2.714   1.512   3.068   0.493
18.69 20.00   2.717   1.505   3.068   0.485

18.70  0.00   0.435   0.428   0.026   0.074   0.001   0.004   0.326   0.002   0.000   0.002   0.000 1624522000
18.70    4.06    53.670
18.70 20.00   0.963   2.105
18.70 20.00   3.068    66.101
18.70 20.00   2.714   1.512   3.068   0.493
18.70 20.00   2.717   1.505   3.068   0.485

18.71  0.00   0.435   0.428   0.026   0.074   0.001   0.004   0.326   0.002   0.000   0.002   0.000 1625391000
18.71    4.06    53.664
18.71 20.00   0.962   2.105
18.71 20.00   3.067    66.099
18.71 20.00   2.714   1.512   3.067   0.493
18.71 20.00   2.716   1.505   3.067   0.485

18.72  0.00   0.435   0.428   0.026   0.074   0.001   0.004   0.326   0.002   0.000   0.002   0.000 1626260000
18.72    4.06    53.657
18.72 20.00   0.962   2.105
18.72 20.00   3.067    66.097
18.72 20.00   2.714   1.512   3.067   0.493
18.72 20.00   2.716   1.505   3.067   0.485

18.73  0.00   0.435   0.428   0.026   0.074   0.001   0.004   0.326   0.002   0.000   0.002   0.000 1627128000
18.73    4.06    53.650
18.73 20.00   0.962   2.105
18.73 20.00   3.067    66.095
18.73 20.00   2.714   1.512   3.067   0.493
18.73 20.00   2.716   1.505   3.067   0.485

18.74  0.00   0.435   0.428   0.026   0.074   0.001   0.004   0.326   0.002   0.000   0.002   0.000 1627997000
18.74    4.06    53.644
18.74 20.00   0.962   2.105
18.74 20.00   3.067    66.093
18.74 20.00   2.713   1.512   3.067   0.493
18.74 20.00   2.716   1.505   3.067   0.485

18.75  0.00   0.435   0.428   0.026   0.074   0.001   0.004   0.326   0.002   0.000   0.002   0.000 1628866000
18.75    4.06    53.637
18.75 20.00   0.962   2.105
18.75 20.00   3.067    66.091
18.75 20.00   2.713   1.512   3.067   0.493
18.75 20.00   2.716   1.505   3.067   0.485

18.76  0.00   0.435   0.428   0.026   0.074   0.001   0.004   0.326   0.002   0.000   0.002   0.000 1629735000
18.76    4.06    53.631
18.76 20.00   0.962   2.105
18.76 20.00   3.066    66.089
18.76 20.00   2.713   1.512   3.066   0.493
18.76 20.00   2.716   1.505   3.066   0.485

18.77  0.00   0.435   0.428   0.026   0.074   0.001   0.004   0.326   0.002   0.000   0.002   0.000 1630604000
18.77    4.06    53.624
18.77 20.00   0.961   2.105
18.77 20.00   3.066    66.087
18.77 20.00   2.713   1.512   3.066   0.493
18.77 20.00   2.715   1.505   3.066   0.485

18.78  0.00   0.435   0.428   0.026   0.074   0.001   0.004   0.326   0.002   0.000   0.002   0.000 1631472000
18.78    4.06    53.617
18.78 20.00   0.961   2.105
18.78 20.00   3.066    66.085
18.78 20.00   2.713   1.512   3.066   0.493
18.78 20.00   2.715   1.504   3.066   0.485

18.79  0.00   0.435   0.428   0.026   0.074   0.001   0.004   0.326   0.002   0.000   0.002   0.000 1632341000
18.79    4.06    53.611
18.79 20.00   0.961   2.105
18.79 20.00   3.066    66.083
18.79 20.00   2.713   1.511   3.066   0.493
18.79 20.00   2.715   1.504   3.066   0.485

18.80  0.00   0.435   0.428   0.026   0.074   0.001   0.004   0.326   0.002   0.000   0.002   0.000 1633210000
18.80    4.06    53.604
18.80 20.00   0.961   2.105
18.80 20.00   3.066    66.081
18.80 20.00   2.712   1.511   3.066   0.493
18.80 20.00   2.715   1.504   3.066   0.485

18.81  0.00   0.435   0.428   0.026   0.074   0.001   0.004   0.326   0.002   0.000   0.002   0.000 1634078000
18.81    4.06    53.597
18.81 20.00   0.961   2.105
18.81 20.00   3.066    66.079
18.81 20.00   2.712   1.511   3.066   0.493
18.81 20.00   2.715   1.504   3.066   0.485

18.82  0.00   0.435   0.428   0.026   0.074   0.001   0.004   0.326   0.002   0.000   0.002   0.000 1634947000
18.82    4.06    53.591
18.82 20.00   0.960   2.105
18.82 20.00   3.065    66.078
18.82 20.00   2.712   1.511   3.065   0.493
18.82 20.00   2.715   1.504   3.065   0.485

18.83  0.00   0.435   0.428   0.026   0.074   0.001   0.004   0.326   0.002   0.000   0.002   0.000 1635816000
18.83    4.06    53.584
18.83 20.00   0.960   2.105
18.83 20.00   3.065    66.076
18.83 20.00   2.712   1.511   3.065   0.493
18.83 20.00   2.714   1.504   3.065   0.485

18.84  0.00   0.435   0.428   0.026   0.074   0.001   0.004   0.326   0.002   0.000   0.002   0.000 1636685000
18.84    4.06    53.578
18.84 20.00   0.960   2.105
18.84 20.00   3.065    66.074
18.84 20.00   2.712   1.511   3.065   0.492
18.84 20.00   2.714   1.504   3.065   0.485

18.85  0.00   0.435   0.428   0.026   0.074   0.001   0.004   0.326   0.002   0.000   0.002   0.000 1637553000
18.85    4.05    53.571
18.85 20.00   0.960   2.105
18.85 20.00   3.065    66.072
18.85 20.00   2.712   1.511   3.065   0.492
18.85 20.00   2.714   1.504   3.065   0.485

18.86  0.00   0.435   0.428   0.026   0.074   0.001   0.004   0.326   0.002   0.000   0.002   0.000 1638422000
18.86    4.05    53.565
18.86 20.00   0.960   2.105
18.86 20.00   3.065    66.070
18.86 20.00   2.711   1.511   3.065   0.492
18.86 20.00   2.714   1.504   3.065   0.485

18.87  0.00   0.435   0.428   0.026   0.074   0.001   0.004   0.326   0.002   0.000   0.002   0.000 1639291000
18.87    4.05    53.558
18.87 20.00   0.960   2.105
18.87 20.00   3.065    66.068
18.87 20.00   2.711   1.511   3.065   0.492
18.87 20.00   2.714   1.504   3.065   0.485

18.88  0.00   0.435   0.428   0.026   0.074   0.001   0.004   0.326   0.002   0.000   0.002   0.000 1640159000
18.88    4.05    53.551
18.88 20.00   0.959   2.105
18.88 20.00   3.064    66.066
18.88 20.00   2.711   1.511   3.064   0.492
18.88 20.00   2.714   1.504   3.064   0.485

18.89  0.00   0.435   0.428   0.026   0.074   0.001   0.004   0.326   0.002   0.000   0.002   0.000 1641028000
18.89    4.05    53.545
18.89 20.00   0.959   2.105
18.89 20.00   3.064    66.064
18.89 20.00   2.711   1.511   3.064   0.492
18.89 20.00   2.714   1.504   3.064   0.485

18.90  0.00   0.435   0.428   0.026   0.074   0.001   0.004   0.326   0.002   0.000   0.002   0.000 1641897000
18.90    4.05    53.538
18.90 20.00   0.959   2.105
18.90 20.00   3.064    66.062
18.90 20.00   2.711   1.511   3.064   0.492
18.90 20.00   2.713   1.504   3.064   0.485

18.91  0.00   0.435   0.428   0.026   0.074   0.001   0.004   0.326   0.002   0.000   0.002   0.000 1642766000
18.91    4.05    53.532
18.91 20.00   0.959   2.105
18.91 20.00   3.064    66.061
18.91 20.00   2.711   1.511   3.064   0.492
18.91 20.00   2.713   1.504   3.064   0.485

18.92  0.00   0.435   0.428   0.026   0.074   0.001   0.004   0.326   0.002   0.000   0.002   0.000 1643634000
18.92    4.05    53.525
18.92 20.00   0.959   2.105
18.92 20.00   3.064    66.059
18.92 20.00   2.710   1.511   3.064   0.492
18.92 20.00   2.713   1.503   3.064   0.485

18.93  0.00   0.435   0.428   0.026   0.074   0.001   0.004   0.326   0.002   0.000   0.002   0.000 1644503000
18.93    4.05    53.519
18.93 20.00   0.958   2.105
18.93 20.00   3.063    66.057
18.93 20.00   2.710   1.510   3.063   0.492
18.93 20.00   2.713   1.503   3.063   0.485

18.94  0.00   0.435   0.428   0.026   0.074   0.001   0.004   0.326   0.002   0.000   0.002   0.000 1645372000
18.94    4.05    53.512
18.94 20.00   0.958   2.105
18.94 20.00   3.063    66.055
18.94 20.00   2.710   1.510   3.063   0.492
18.94 20.00   2.713   1.503   3.063   0.485

18.95  0.00   0.435   0.428   0.026   0.074   0.001   0.004   0.326   0.002   0.000   0.002   0.000 1646241000
18.95    4.05    53.506
18.95 20.00   0.958   2.105
18.95 20.00   3.063    66.053
18.95 20.00   2.710   1.510   3.063   0.492
18.95 20.00   2.713   1.503   3.063   0.485

18.96  0.00   0.435   0.428   0.026   0.074   0.001   0.004   0.326   0.002   0.000   0.002   0.000 1647109000
18.96    4.05    53.499
18.96 20.00   0.958   2.105
18.96 20.00   3.063    66.051
18.96 20.00   2.710   1.510   3.063   0.492
18.96 20.00   2.712   1.503   3.063   0.485

18.97  0.00   0.435   0.428   0.026   0.074   0.001   0.004   0.326   0.002   0.000   0.002   0.000 1647978000
18.97    4.05    53.493
18.97 20.00   0.958   2.105
18.97 20.00   3.063    66.049
18.97 20.00   2.710   1.510   3.063   0.492
18.97 20.00   2.712   1.503   3.063   0.485

18.98  0.00   0.435   0.428   0.026   0.074   0.001   0.004   0.326   0.002   0.000   0.002   0.000 1648847000
18.98    4.05    53.486
18.98 20.00   0.958   2.105
18.98 20.00   3.063    66.047
18.98 20.00   2.709   1.510   3.063   0.492
18.98 20.00   2.712   1.503   3.063   0.485

18.99  0.00   0.435   0.428   0.026   0.074   0.001   0.004   0.326   0.002   0.000   0.002   0.000 1649715000
18.99    4.05    53.480
18.99 20.00   0.957   2.105
18.99 20.00   3.062    66.046
18.99 20.00   2.709   1.510   3.062   0.492
18.99 20.00   2.712   1.503   3.062   0.485

19.00  0.00   0.435   0.428   0.026   0.074   0.001   0.004   0.326   0.002   0.000   0.002   0.000 1650584000
19.00    4.04    53.473
19.00 20.00   0.957   2.105
19.00 20.00   3.062    66.044
19.00 20.00   2.709   1.510   3.062   0.492
19.00 20.00   2.712   1.503   3.062   0.485

19.01  0.00   0.435   0.428   0.026   0.074   0.001   0.004   0.326   0.002   0.000   0.002   0.000 1651453000
19.01    4.04    53.467
19.01 20.00   0.957   2.105
19.01 20.00   3.062    66.042
19.01 20.00   2.709   1.510   3.062   0.492
19.01 20.00   2.712   1.503   3.062   0.485

19.02  0.00   0.435   0.428   0.026   0.074   0.001   0.004   0.326   0.002   0.000   0.002   0.000 1652322000
19.02    4.04    53.460
19.02 20.00   0.957   2.105
19.02 20.00   3.062    66.040
19.02 20.00   2.709   1.510   3.062   0.492
19.02 20.00   2.711   1.503   3.062   0.485

19.03  0.00   0.435   0.428   0.026   0.074   0.001   0.004   0.326   0.002   0.000   0.002   0.000 1653190000
19.03    4.04    53.454
19.03 20.00   0.957   2.105
19.03 20.00   3.062    66.038
19.03 20.00   2.709   1.510   3.062   0.492
19.03 20.00   2.711   1.503   3.062   0.485

19.04  0.00   0.435   0.428   0.026   0.074   0.001   0.004   0.326   0.002   0.000   0.002   0.000 1654059000
19.04    4.04    53.447
19.04 20.00   0.957   2.105
19.04 20.00   3.061    66.036
19.04 20.00   2.708   1.510   3.061   0.492
19.04 20.00   2.711   1.503   3.061   0.485

19.05  0.00   0.435   0.428   0.026   0.074   0.001   0.004   0.326   0.002   0.000   0.002   0.000 1654928000
19.05    4.04    53.441
19.05 20.00   0.956   2.105
19.05 20.00   3.061    66.034
19.05 20.00   2.708   1.510   3.061   0.492
19.05 20.00   2.711   1.503   3.061   0.485

19.06  0.00   0.435   0.428   0.026   0.074   0.001   0.004   0.326   0.002   0.000   0.002   0.000 1655796000
19.06    4.04    53.434
19.06 20.00   0.956   2.105
19.06 20.00   3.061    66.032
19.06 20.00   2.708   1.510   3.061   0.492
19.06 20.00   2.711   1.503   3.061   0.485

19.07  0.00   0.435   0.428   0.026   0.074   0.001   0.004   0.326   0.002   0.000   0.002   0.000 1656665000
19.07    4.04    53.428
19.07 20.00   0.956   2.105
19.07 20.00   3.061    66.031
19.07 20.00   2.708   1.509   3.061   0.492
19.07 20.00   2.711   1.502   3.061   0.485

19.08  0.00   0.435   0.428   0.026   0.074   0.001   0.004   0.326   0.002   0.000   0.002   0.000 1657534000
19.08    4.04    53.421
19.08 20.00   0.956   2.105
19.08 20.00   3.061    66.029
19.08 20.00   2.708   1.509   3.061   0.492
19.08 20.00   2.710   1.502   3.061   0.485

19.09  0.00   0.435   0.428   0.026   0.074   0.001   0.004   0.326   0.002   0.000   0.002   0.000 1658403000
19.09    4.04    53.415
19.09 20.00   0.956   2.105
19.09 20.00   3.061    66.027
19.09 20.00   2.708   1.509   3.061   0.492
19.09 20.00   2.710   1.502   3.061   0.485

19.10  0.00   0.435   0.428   0.026   0.074   0.001   0.004   0.326   0.002   0.000   0.002   0.000 1659272000
19.10    4.04    53.408
19.10 20.00   0.955   2.105
19.10 20.00   3.060    66.025
19.10 20.00   2.708   1.509   3.060   0.492
19.10 20.00   2.710   1.502   3.060   0.485

19.11  0.00   0.435   0.428   0.026   0.074   0.001   0.004   0.326   0.002   0.000   0.002   0.000 1660140000
19.11    4.04    53.402
19.11 20.00   0.955   2.105
19.11 20.00   3.060    66.023
19.11 20.00   2.707   1.509   3.060   0.492
19.11 20.00   2.710   1.502   3.060   0.485

19.12  0.00   0.435   0.428   0.026   0.074   0.001   0.004   0.326   0.002   0.000   0.002   0.000 1661009000
19.12    4.04    53.395
19.12 20.00   0.955   2.105
19.12 20.00   3.060    66.021
19.12 20.00   2.707   1.509   3.060   0.492
19.12 20.00   2.710   1.502   3.060   0.485

19.13  0.00   0.435   0.428   0.026   0.074   0.001   0.004   0.326   0.002   0.000   0.002   0.000 1661878000
19.13    4.04    53.389
19.13 20.00   0.955   2.105
19.13 20.00   3.060    66.020
19.13 20.00   2.707   1.509   3.060   0.492
19.13 20.00   2.710   1.502   3.060   0.485

19.14  0.00   0.435   0.428   0.026   0.074   0.001   0.004   0.326   0.002   0.000   0.002   0.000 1662746000
19.14    4.04    53.383
19.14 20.00   0.955   2.105
19.14 20.00   3.060    66.018
19.14 20.00   2.707   1.509   3.060   0.492
19.14 20.00   2.709   1.502   3.060   0.485

19.15  0.00   0.435   0.428   0.026   0.074   0.001   0.004   0.326   0.002   0.000   0.002   0.000 1663615000
19.15    4.03    53.376
19.15 20.00   0.955   2.105
19.15 20.00   3.060    66.016
19.15 20.00   2.707   1.509   3.060   0.492
19.15 20.00   2.709   1.502   3.060   0.485

19.16  0.00   0.435   0.428   0.026   0.074   0.001   0.004   0.326   0.002   0.000   0.002   0.000 1664484000
19.16    4.03    53.370
19.16 20.00   0.954   2.105
19.16 20.00   3.059    66.014
19.16 20.00   2.707   1.509   3.059   0.492
19.16 20.00   2.709   1.502   3.059   0.485

19.17  0.00   0.435   0.428   0.026   0.074   0.001   0.004   0.326   0.002   0.000   0.002   0.000 1665353000
19.17    4.03    53.363
19.17 20.00   0.954   2.105
19.17 20.00   3.059    66.012
19.17 20.00   2.706   1.509   3.059   0.492
19.17 20.00   2.709   1.502   3.059   0.485

19.18  0.00   0.435   0.428   0.026   0.074   0.001   0.004   0.326   0.002   0.000   0.002   0.000 1666221000
19.18    4.03    53.357
19.18 20.00   0.954   2.105
19.18 20.00   3.059    66.010
19.18 20.00   2.706   1.509   3.059   0.492
19.18 20.00   2.709   1.502   3.059   0.485

19.19  0.00   0.435   0.428   0.026   0.074   0.001   0.004   0.326   0.002   0.000   0.002   0.000 1667090000
19.19    4.03    53.351
19.19 20.00   0.954   2.105
19.19 20.00   3.059    66.008
19.19 20.00   2.706   1.509   3.059   0.492
19.19 20.00   2.709   1.502   3.059   0.485

19.20  0.00   0.435   0.428   0.026   0.074   0.001   0.004   0.326   0.002   0.000   0.002   0.000 1667959000
19.20    4.03    53.344
19.20 20.00   0.954   2.105
19.20 20.00   3.059    66.007
19.20 20.00   2.706   1.509   3.059   0.492
19.20 20.00   2.708   1.502   3.059   0.485

19.21  0.00   0.435   0.428   0.026   0.074   0.001   0.004   0.326   0.002   0.000   0.002   0.000 1668827000
19.21    4.03    53.338
19.21 20.00   0.954   2.105
19.21 20.00   3.059    66.005
19.21 20.00   2.706   1.509   3.059   0.492
19.21 20.00   2.708   1.501   3.059   0.485

19.22  0.00   0.435   0.428   0.026   0.074   0.001   0.004   0.326   0.002   0.000   0.002   0.000 1669696000
19.22    4.03    53.331
19.22 20.00   0.953   2.105
19.22 20.00   3.058    66.003
19.22 20.00   2.706   1.508   3.058   0.492
19.22 20.00   2.708   1.501   3.058   0.485

19.23  0.00   0.435   0.428   0.026   0.074   0.001   0.004   0.326   0.002   0.000   0.002   0.000 1670565000
19.23    4.03    53.325
19.23 20.00   0.953   2.105
19.23 20.00   3.058    66.001
19.23 20.00   2.705   1.508   3.058   0.492
19.23 20.00   2.708   1.501   3.058   0.485

19.24  0.00   0.435   0.428   0.026   0.074   0.001   0.004   0.326   0.002   0.000   0.002   0.000 1671434000
19.24    4.03    53.319
19.24 20.00   0.953   2.105
19.24 20.00   3.058    65.999
19.24 20.00   2.705   1.508   3.058   0.492
19.24 20.00   2.708   1.501   3.058   0.485

19.25  0.00   0.435   0.428   0.026   0.074   0.001   0.004   0.326   0.002   0.000   0.002   0.000 1672302000
19.25    4.03    53.312
19.25 20.00   0.953   2.105
19.25 20.00   3.058    65.997
19.25 20.00   2.705   1.508   3.058   0.492
19.25 20.00   2.708   1.501   3.058   0.485

19.26  0.00   0.435   0.428   0.026   0.074   0.001   0.004   0.326   0.002   0.000   0.002   0.000 1673171000
19.26    4.03    53.306
19.26 20.00   0.953   2.105
19.26 20.00   3.058    65.996
19.26 20.00   2.705   1.508   3.058   0.492
19.26 20.00   2.708   1.501   3.058   0.485

19.27  0.00   0.435   0.428   0.026   0.074   0.001   0.004   0.326   0.002   0.000   0.002   0.000 1674040000
19.27    4.03    53.300
19.27 20.00   0.953   2.105
19.27 20.00   3.057    65.994
19.27 20.00   2.705   1.508   3.057   0.492
19.27 20.00   2.707   1.501   3.057   0.485

19.28  0.00   0.435   0.428   0.026   0.074   0.001   0.004   0.326   0.002   0.000   0.002   0.000 1674909000
19.28    4.03    53.293
19.28 20.00   0.952   2.105
19.28 20.00   3.057    65.992
19.28 20.00   2.705   1.508   3.057   0.492
19.28 20.00   2.707   1.501   3.057   0.485

19.29  0.00   0.434   0.428   0.026   0.074   0.001   0.004   0.326   0.002   0.000   0.002   0.000 1675777000
19.29    4.03    53.287
19.29 20.00   0.952   2.105
19.29 20.00   3.057    65.990
19.29 20.00   2.704   1.508   3.057   0.492
19.29 20.00   2.707   1.501   3.057   0.485

19.30  0.00   0.434   0.428   0.026   0.074   0.001   0.004   0.326   0.002   0.000   0.002   0.000 1676646000
19.30    4.03    53.281
19.30 20.00   0.952   2.105
19.30 20.00   3.057    65.988
19.30 20.00   2.704   1.508   3.057   0.492
19.30 20.00   2.707   1.501   3.057   0.485

19.31  0.00   0.434   0.428   0.026   0.074   0.001   0.004   0.326   0.002   0.000   0.002   0.000 1677515000
19.31    4.02    53.274
19.31 20.00   0.952   2.105
19.31 20.00   3.057    65.987
19.31 20.00   2.704   1.508   3.057   0.492
19.31 20.00   2.707   1.501   3.057   0.485

19.32  0.00   0.434   0.428   0.026   0.074   0.001   0.004   0.326   0.002   0.000   0.002   0.000 1678383000
19.32    4.02    53.268
19.32 20.00   0.952   2.105
19.32 20.00   3.057    65.985
19.32 20.00   2.704   1.508   3.057   0.492
19.32 20.00   2.707   1.501   3.057   0.485

19.33  0.00   0.434   0.428   0.026   0.074   0.001   0.004   0.326   0.002   0.000   0.002   0.000 1679252000
19.33    4.02    53.262
19.33 20.00   0.951   2.105
19.33 20.00   3.056    65.983
19.33 20.00   2.704   1.508   3.056   0.492
19.33 20.00   2.706   1.501   3.056   0.485

19.34  0.00   0.434   0.428   0.026   0.074   0.001   0.004   0.326   0.002   0.000   0.002   0.000 1680121000
19.34    4.02    53.255
19.34 20.00   0.951   2.105
19.34 20.00   3.056    65.981
19.34 20.00   2.704   1.508   3.056   0.492
19.34 20.00   2.706   1.501   3.056   0.485

19.35  0.00   0.434   0.428   0.026   0.074   0.001   0.004   0.326   0.002   0.000   0.002   0.000 1680990000
19.35    4.02    53.249
19.35 20.00   0.951   2.105
19.35 20.00   3.056    65.979
19.35 20.00   2.704   1.508   3.056   0.492
19.35 20.00   2.706   1.501   3.056   0.485

19.36  0.00   0.434   0.428   0.026   0.074   0.001   0.004   0.326   0.002   0.000   0.002   0.000 1681858000
19.36    4.02    53.243
19.36 20.00   0.951   2.105
19.36 20.00   3.056    65.978
19.36 20.00   2.703   1.508   3.056   0.492
19.36 20.00   2.706   1.500   3.056   0.484

19.37  0.00   0.434   0.428   0.026   0.074   0.001   0.004   0.326   0.002   0.000   0.002   0.000 1682727000
19.37    4.02    53.236
19.37 20.00   0.951   2.105
19.37 20.00   3.056    65.976
19.37 20.00   2.703   1.507   3.056   0.492
19.37 20.00   2.706   1.500   3.056   0.484

19.38  0.00   0.434   0.428   0.026   0.074   0.001   0.004   0.326   0.002   0.000   0.002   0.000 1683596000
19.38    4.02    53.230
19.38 20.00   0.951   2.105
19.38 20.00   3.056    65.974
19.38 20.00   2.703   1.507   3.056   0.492
19.38 20.00   2.706   1.500   3.056   0.484

19.39  0.00   0.434   0.428   0.026   0.074   0.001   0.004   0.326   0.002   0.000   0.002   0.000 1684465000
19.39    4.02    53.224
19.39 20.00   0.950   2.105
19.39 20.00   3.055    65.972
19.39 20.00   2.703   1.507   3.055   0.492
19.39 20.00   2.705   1.500   3.055   0.484

19.40  0.00   0.434   0.428   0.026   0.074   0.001   0.004   0.326   0.002   0.000   0.002   0.000 1685333000
19.40    4.02    53.217
19.40 20.00   0.950   2.105
19.40 20.00   3.055    65.970
19.40 20.00   2.703   1.507   3.055   0.492
19.40 20.00   2.705   1.500   3.055   0.484

19.41  0.00   0.434   0.428   0.026   0.074   0.001   0.004   0.326   0.002   0.000   0.002   0.000 1686202000
19.41    4.02    53.211
19.41 20.00   0.950   2.105
19.41 20.00   3.055    65.969
19.41 20.00   2.703   1.507   3.055   0.492
19.41 20.00   2.705   1.500   3.055   0.484

19.42  0.00   0.434   0.428   0.026   0.074   0.001   0.004   0.326   0.002   0.000   0.002   0.000 1687071000
19.42    4.02    53.205
19.42 20.00   0.950   2.105
19.42 20.00   3.055    65.967
19.42 20.00   2.702   1.507   3.055   0.492
19.42 20.00   2.705   1.500   3.055   0.484

19.43  0.00   0.434   0.428   0.026   0.074   0.001   0.004   0.326   0.002   0.000   0.002   0.000 1687940000
19.43    4.02    53.199
19.43 20.00   0.950   2.105
19.43 20.00   3.055    65.965
19.43 20.00   2.702   1.507   3.055   0.492
19.43 20.00   2.705   1.500   3.055   0.484

19.44  0.00   0.434   0.428   0.026   0.074   0.001   0.004   0.326   0.002   0.000   0.002   0.000 1688808000
19.44    4.02    53.192
19.44 20.00   0.950   2.105
19.44 20.00   3.055    65.963
19.44 20.00   2.702   1.507   3.055   0.492
19.44 20.00   2.705   1.500   3.055   0.484

19.45  0.00   0.434   0.428   0.026   0.074   0.001   0.004   0.326   0.002   0.000   0.002   0.000 1689677000
19.45    4.02    53.186
19.45 20.00   0.949   2.105
19.45 20.00   3.054    65.961
19.45 20.00   2.702   1.507   3.054   0.492
19.45 20.00   2.705   1.500   3.054   0.484

19.46  0.00   0.434   0.428   0.026   0.074   0.001   0.004   0.326   0.002   0.000   0.002   0.000 1690546000
19.46    4.02    53.180
19.46 20.00   0.949   2.105
19.46 20.00   3.054    65.960
19.46 20.00   2.702   1.507   3.054   0.492
19.46 20.00   2.704   1.500   3.054   0.484

19.47  0.00   0.434   0.428   0.026   0.074   0.001   0.004   0.326   0.002   0.000   0.002   0.000 1691414000
19.47    4.01    53.173
19.47 20.00   0.949   2.105
19.47 20.00   3.054    65.958
19.47 20.00   2.702   1.507   3.054   0.492
19.47 20.00   2.704   1.500   3.054   0.484

19.48  0.00   0.434   0.428   0.026   0.074   0.001   0.004   0.326   0.002   0.000   0.002   0.000 1692283000
19.48    4.01    53.167
19.48 20.00   0.949   2.105
19.48 20.00   3.054    65.956
19.48 20.00   2.702   1.507   3.054   0.492
19.48 20.00   2.704   1.500   3.054   0.484

19.49  0.00   0.434   0.428   0.026   0.074   0.001   0.004   0.326   0.002   0.000   0.002   0.000 1693152000
19.49    4.01    53.161
19.49 20.00   0.949   2.105
19.49 20.00   3.054    65.954
19.49 20.00   2.701   1.507   3.054   0.492
19.49 20.00   2.704   1.500   3.054   0.484

19.50  0.00   0.434   0.428   0.026   0.074   0.001   0.004   0.326   0.002   0.000   0.002   0.000 1694021000
19.50    4.01    53.155
19.50 20.00   0.949   2.105
19.50 20.00   3.054    65.952
19.50 20.00   2.701   1.507   3.054   0.492
19.50 20.00   2.704   1.500   3.054   0.484

19.51  0.00   0.434   0.428   0.026   0.074   0.001   0.004   0.326   0.002   0.000   0.002   0.000 1694889000
19.51    4.01    53.149
19.51 20.00   0.948   2.105
19.51 20.00   3.053    65.951
19.51 20.00   2.701   1.507   3.053   0.492
19.51 20.00   2.704   1.499   3.053   0.484

19.52  0.00   0.434   0.428   0.026   0.074   0.001   0.004   0.326   0.002   0.000   0.002   0.000 1695758000
19.52    4.01    53.142
19.52 20.00   0.948   2.105
19.52 20.00   3.053    65.949
19.52 20.00   2.701   1.506   3.053   0.492
19.52 20.00   2.703   1.499   3.053   0.484

19.53  0.00   0.434   0.428   0.026   0.074   0.001   0.004   0.326   0.002   0.000   0.002   0.000 1696627000
19.53    4.01    53.136
19.53 20.00   0.948   2.105
19.53 20.00   3.053    65.947
19.53 20.00   2.701   1.506   3.053   0.492
19.53 20.00   2.703   1.499   3.053   0.484

19.54  0.00   0.434   0.428   0.026   0.074   0.001   0.004   0.326   0.002   0.000   0.002   0.000 1697496000
19.54    4.01    53.130
19.54 20.00   0.948   2.105
19.54 20.00   3.053    65.945
19.54 20.00   2.701   1.506   3.053   0.492
19.54 20.00   2.703   1.499   3.053   0.484

19.55  0.00   0.434   0.428   0.026   0.074   0.001   0.004   0.326   0.002   0.000   0.002   0.000 1698364000
19.55    4.01    53.124
19.55 20.00   0.948   2.105
19.55 20.00   3.053    65.944
19.55 20.00   2.700   1.506   3.053   0.492
19.55 20.00   2.703   1.499   3.053   0.484

19.56  0.00   0.434   0.428   0.026   0.074   0.001   0.004   0.326   0.002   0.000   0.002   0.000 1699233000
19.56    4.01    53.117
19.56 20.00   0.948   2.105
19.56 20.00   3.053    65.942
19.56 20.00   2.700   1.506   3.053   0.492
19.56 20.00   2.703   1.499   3.053   0.484

19.57  0.00   0.434   0.428   0.026   0.074   0.001   0.004   0.326   0.002   0.000   0.002   0.000 1700102000
19.57    4.01    53.111
19.57 20.00   0.947   2.105
19.57 20.00   3.052    65.940
19.57 20.00   2.700   1.506   3.052   0.492
19.57 20.00   2.703   1.499   3.052   0.484

19.58  0.00   0.434   0.428   0.026   0.074   0.001   0.004   0.326   0.002   0.000   0.002   0.000 1700970000
19.58    4.01    53.105
19.58 20.00   0.947   2.105
19.58 20.00   3.052    65.938
19.58 20.00   2.700   1.506   3.052   0.492
19.58 20.00   2.703   1.499   3.052   0.484

19.59  0.00   0.434   0.428   0.026   0.074   0.001   0.004   0.326   0.002   0.000   0.002   0.000 1701839000
19.59    4.01    53.099
19.59 20.00   0.947   2.105
19.59 20.00   3.052    65.937
19.59 20.00   2.700   1.506   3.052   0.492
19.59 20.00   2.702   1.499   3.052   0.484

19.60  0.00   0.434   0.428   0.026   0.074   0.001   0.004   0.326   0.002   0.000   0.002   0.000 1702708000
19.60    4.01    53.093
19.60 20.00   0.947   2.105
19.60 20.00   3.052    65.935
19.60 20.00   2.700   1.506   3.052   0.492
19.60 20.00   2.702   1.499   3.052   0.484

19.61  0.00   0.434   0.428   0.026   0.074   0.001   0.004   0.326   0.002   0.000   0.002   0.000 1703577000
19.61    4.01    53.086
19.61 20.00   0.947   2.105
19.61 20.00   3.052    65.933
19.61 20.00   2.700   1.506   3.052   0.492
19.61 20.00   2.702   1.499   3.052   0.484

19.62  0.00   0.434   0.428   0.026   0.074   0.001   0.004   0.326   0.002   0.000   0.002   0.000 1704445000
19.62    4.01    53.080
19.62 20.00   0.947   2.105
19.62 20.00   3.052    65.931
19.62 20.00   2.699   1.506   3.052   0.492
19.62 20.00   2.702   1.499   3.052   0.484

19.63  0.00   0.434   0.428   0.026   0.074   0.001   0.004   0.326   0.002   0.000   0.002   0.000 1705314000
19.63    4.00    53.074
19.63 20.00   0.946   2.105
19.63 20.00   3.051    65.929
19.63 20.00   2.699   1.506   3.051   0.492
19.63 20.00   2.702   1.499   3.051   0.484

19.64  0.00   0.434   0.428   0.026   0.074   0.001   0.004   0.326   0.002   0.000   0.002   0.000 1706183000
19.64    4.00    53.068
19.64 20.00   0.946   2.105
19.64 20.00   3.051    65.928
19.64 20.00   2.699   1.506   3.051   0.492
19.64 20.00   2.702   1.499   3.051   0.484

19.65  0.00   0.434   0.428   0.026   0.074   0.001   0.004   0.326   0.002   0.000   0.002   0.000 1707052000
19.65    4.00    53.062
19.65 20.00   0.946   2.105
19.65 20.00   3.051    65.926
19.65 20.00   2.699   1.506   3.051   0.492
19.65 20.00   2.701   1.499   3.051   0.484

19.66  0.00   0.434   0.428   0.026   0.074   0.001   0.004   0.326   0.002   0.000   0.002   0.000 1707920000
19.66    4.00    53.056
19.66 20.00   0.946   2.105
19.66 20.00   3.051    65.924
19.66 20.00   2.699   1.506   3.051   0.492
19.66 20.00   2.701   1.498   3.051   0.484

19.67  0.00   0.434   0.428   0.026   0.074   0.001   0.004   0.326   0.002   0.000   0.002   0.000 1708789000
19.67    4.00    53.049
19.67 20.00   0.946   2.105
19.67 20.00   3.051    65.922
19.67 20.00   2.699   1.505   3.051   0.492
19.67 20.00   2.701   1.498   3.051   0.484

19.68  0.00   0.434   0.428   0.026   0.074   0.001   0.004   0.326   0.002   0.000   0.002   0.000 1709658000
19.68    4.00    53.043
19.68 20.00   0.946   2.105
19.68 20.00   3.051    65.921
19.68 20.00   2.698   1.505   3.051   0.492
19.68 20.00   2.701   1.498   3.051   0.484

19.69  0.00   0.434   0.428   0.026   0.074   0.001   0.004   0.326   0.002   0.000   0.002   0.000 1710526000
19.69    4.00    53.037
19.69 20.00   0.945   2.105
19.69 20.00   3.050    65.919
19.69 20.00   2.698   1.505   3.050   0.492
19.69 20.00   2.701   1.498   3.050   0.484

19.70  0.00   0.434   0.428   0.026   0.074   0.001   0.004   0.326   0.002   0.000   0.002   0.000 1711395000
19.70    4.00    53.031
19.70 20.00   0.945   2.105
19.70 20.00   3.050    65.917
19.70 20.00   2.698   1.505   3.050   0.492
19.70 20.00   2.701   1.498   3.050   0.484

19.71  0.00   0.434   0.428   0.026   0.074   0.001   0.004   0.326   0.002   0.000   0.002   0.000 1712264000
19.71    4.00    53.025
19.71 20.00   0.945   2.105
19.71 20.00   3.050    65.915
19.71 20.00   2.698   1.505   3.050   0.492
19.71 20.00   2.701   1.498   3.050   0.484

19.72  0.00   0.434   0.428   0.026   0.074   0.001   0.004   0.326   0.002   0.000   0.002   0.000 1713133000
19.72    4.00    53.019
19.72 20.00   0.945   2.105
19.72 20.00   3.050    65.914
19.72 20.00   2.698   1.505   3.050   0.492
19.72 20.00   2.700   1.498   3.050   0.484

19.73  0.00   0.434   0.428   0.026   0.074   0.001   0.004   0.326   0.002   0.000   0.002   0.000 1714001000
19.73    4.00    53.013
19.73 20.00   0.945   2.105
19.73 20.00   3.050    65.912
19.73 20.00   2.698   1.505   3.050   0.492
19.73 20.00   2.700   1.498   3.050   0.484

19.74  0.00   0.434   0.428   0.026   0.074   0.001   0.004   0.326   0.002   0.000   0.002   0.000 1714870000
19.74    4.00    53.006
19.74 20.00   0.945   2.105
19.74 20.00   3.050    65.910
19.74 20.00   2.698   1.505   3.050   0.492
19.74 20.00   2.700   1.498   3.050   0.484

19.75  0.00   0.434   0.427   0.026   0.074   0.001   0.004   0.326   0.002   0.000   0.002   0.000 1715739000
19.75    4.00    53.000
19.75 20.00   0.944   2.105
19.75 20.00   3.049    65.908
19.75 20.00   2.697   1.505   3.049   0.492
19.75 20.00   2.700   1.498   3.049   0.484

19.76  0.00   0.434   0.427   0.026   0.074   0.001   0.004   0.326   0.002   0.000   0.002   0.000 1716608000
19.76    4.00    52.994
19.76 20.00   0.944   2.105
19.76 20.00   3.049    65.907
19.76 20.00   2.697   1.505   3.049   0.492
19.76 20.00   2.700   1.498   3.049   0.484

19.77  0.00   0.434   0.427   0.026   0.074   0.001   0.004   0.326   0.002   0.000   0.002   0.000 1717476000
19.77    4.00    52.988
19.77 20.00   0.944   2.105
19.77 20.00   3.049    65.905
19.77 20.00   2.697   1.505   3.049   0.492
19.77 20.00   2.700   1.498   3.049   0.484

19.78  0.00   0.434   0.427   0.026   0.074   0.001   0.004   0.326   0.002   0.000   0.002   0.000 1718345000
19.78    4.00    52.982
19.78 20.00   0.944   2.105
19.78 20.00   3.049    65.903
19.78 20.00   2.697   1.505   3.049   0.492
19.78 20.00   2.699   1.498   3.049   0.484

19.79  0.00   0.434   0.427   0.026   0.074   0.001   0.004   0.326   0.002   0.000   0.002   0.000 1719214000
19.79    3.99    52.976
19.79 20.00   0.944   2.105
19.79 20.00   3.049    65.902
19.79 20.00   2.697   1.505   3.049   0.492
19.79 20.00   2.699   1.498   3.049   0.484

19.80  0.00   0.434   0.427   0.026   0.074   0.001   0.004   0.326   0.002   0.000   0.002   0.000 1720082000
19.80    3.99    52.970
19.80 20.00   0.944   2.105
19.80 20.00   3.049    65.900
19.80 20.00   2.697   1.505   3.049   0.492
19.80 20.00   2.699   1.498   3.049   0.484

19.81  0.00   0.434   0.427   0.026   0.074   0.001   0.004   0.326   0.002   0.000   0.002   0.000 1720951000
19.81    3.99    52.964
19.81 20.00   0.943   2.105
19.81 20.00   3.048    65.898
19.81 20.00   2.696   1.505   3.048   0.492
19.81 20.00   2.699   1.498   3.048   0.484

19.82  0.00   0.434   0.427   0.026   0.074   0.001   0.004   0.326   0.002   0.000   0.002   0.000 1721820000
19.82    3.99    52.958
19.82 20.00   0.943   2.105
19.82 20.00   3.048    65.896
19.82 20.00   2.696   1.504   3.048   0.492
19.82 20.00   2.699   1.497   3.048   0.484

19.83  0.00   0.434   0.427   0.026   0.074   0.001   0.004   0.326   0.002   0.000   0.002   0.000 1722689000
19.83    3.99    52.951
19.83 20.00   0.943   2.105
19.83 20.00   3.048    65.895
19.83 20.00   2.696   1.504   3.048   0.492
19.83 20.00   2.699   1.497   3.048   0.484

19.84  0.00   0.434   0.427   0.026   0.074   0.001   0.004   0.326   0.002   0.000   0.002   0.000 1723557000
19.84    3.99    52.945
19.84 20.00   0.943   2.105
19.84 20.00   3.048    65.893
19.84 20.00   2.696   1.504   3.048   0.492
19.84 20.00   2.699   1.497   3.048   0.484

19.85  0.00   0.434   0.427   0.026   0.074   0.001   0.004   0.326   0.002   0.000   0.002   0.000 1724426000
19.85    3.99    52.939
19.85 20.00   0.943   2.105
19.85 20.00   3.048    65.891
19.85 20.00   2.696   1.504   3.048   0.492
19.85 20.00   2.698   1.497   3.048   0.484

19.86  0.00   0.434   0.427   0.026   0.074   0.001   0.004   0.326   0.002   0.000   0.002   0.000 1725295000
19.86    3.99    52.933
19.86 20.00   0.943   2.105
19.86 20.00   3.048    65.889
19.86 20.00   2.696   1.504   3.048   0.492
19.86 20.00   2.698   1.497   3.048   0.484

19.87  0.00   0.434   0.427   0.026   0.074   0.001   0.004   0.326   0.002   0.000   0.002   0.000 1726164000
19.87    3.99    52.927
19.87 20.00   0.942   2.105
19.87 20.00   3.047    65.888
19.87 20.00   2.696   1.504   3.047   0.492
19.87 20.00   2.698   1.497   3.047   0.484

19.88  0.00   0.434   0.427   0.026   0.074   0.001   0.004   0.326   0.002   0.000   0.002   0.000 1727032000
19.88    3.99    52.921
19.88 20.00   0.942   2.105
19.88 20.00   3.047    65.886
19.88 20.00   2.695   1.504   3.047   0.492
19.88 20.00   2.698   1.497   3.047   0.484

19.89  0.00   0.434   0.427   0.026   0.074   0.001   0.004   0.326   0.002   0.000   0.002   0.000 1727901000
19.89    3.99    52.915
19.89 20.00   0.942   2.105
19.89 20.00   3.047    65.884
19.89 20.00   2.695   1.504   3.047   0.492
19.89 20.00   2.698   1.497   3.047   0.484

19.90  0.00   0.434   0.427   0.026   0.074   0.001   0.004   0.326   0.002   0.000   0.002   0.000 1728770000
19.90    3.99    52.909
19.90 20.00   0.942   2.105
19.90 20.00   3.047    65.883
19.90 20.00   2.695   1.504   3.047   0.491
19.90 20.00   2.698   1.497   3.047   0.484

19.91  0.00   0.434   0.427   0.026   0.074   0.001   0.004   0.326   0.002   0.000   0.002   0.000 1729639000
19.91    3.99    52.903
19.91 20.00   0.942   2.105
19.91 20.00   3.047    65.881
19.91 20.00   2.695   1.504   3.047   0.491
19.91 20.00   2.698   1.497   3.047   0.484

19.92  0.00   0.434   0.427   0.026   0.074   0.001   0.004   0.326   0.002   0.000   0.002   0.000 1730507000
19.92    3.99    52.897
19.92 20.00   0.942   2.105
19.92 20.00   3.047    65.879
19.92 20.00   2.695   1.504   3.047   0.491
19.92 20.00   2.697   1.497   3.047   0.484

19.93  0.00   0.434   0.427   0.026   0.074   0.001   0.004   0.326   0.002   0.000   0.002   0.000 1731376000
19.93    3.99    52.891
19.93 20.00   0.942   2.105
19.93 20.00   3.046    65.877
19.93 20.00   2.695   1.504   3.046   0.491
19.93 20.00   2.697   1.497   3.046   0.484

19.94  0.00   0.434   0.427   0.026   0.074   0.001   0.004   0.326   0.002   0.000   0.002   0.000 1732245000
19.94    3.99    52.885
19.94 20.00   0.941   2.105
19.94 20.00   3.046    65.876
19.94 20.00   2.695   1.504   3.046   0.491
19.94 20.00   2.697   1.497   3.046   0.484

19.95  0.00   0.434   0.427   0.026   0.074   0.001   0.004   0.326   0.002   0.000   0.002   0.000 1733113000
19.95    3.99    52.879
19.95 20.00   0.941   2.105
19.95 20.00   3.046    65.874
19.95 20.00   2.694   1.504   3.046   0.491
19.95 20.00   2.697   1.497   3.046   0.484

19.96  0.00   0.434   0.427   0.026   0.074   0.001   0.004   0.326   0.002   0.000   0.002   0.000 1733982000
19.96    3.98    52.873
19.96 20.00   0.941   2.105
19.96 20.00   3.046    65.872
19.96 20.00   2.694   1.504   3.046   0.491
19.96 20.00   2.697   1.497   3.046   0.484

19.97  0.00   0.434   0.427   0.026   0.074   0.001   0.004   0.326   0.002   0.000   0.002   0.000 1734851000
19.97    3.98    52.867
19.97 20.00   0.941   2.105
19.97 20.00   3.046    65.871
19.97 20.00   2.694   1.504   3.046   0.491
19.97 20.00   2.697   1.496   3.046   0.484

19.98  0.00   0.434   0.427   0.026   0.074   0.001   0.004   0.326   0.002   0.000   0.002   0.000 1735720000
19.98    3.98    52.861
19.98 20.00   0.941   2.105
19.98 20.00   3.046    65.869
19.98 20.00   2.694   1.503   3.046   0.491
19.98 20.00   2.697   1.496   3.046   0.484

19.99  0.00   0.434   0.427   0.026   0.074   0.001   0.004   0.326   0.002   0.000   0.002   0.000 1736588000
19.99    3.98    52.855
19.99 20.00   0.941   2.105
19.99 20.00   3.046    65.867
19.99 20.00   2.694   1.503   3.046   0.491
19.99 20.00   2.696   1.496   3.046   0.484

20.00  0.00   0.434   0.427   0.026   0.074   0.001   0.004   0.326   0.002   0.000   0.002   0.000 1737457000
20.00    3.98    52.849
20.00 20.00   0.940   2.105
20.00 20.00   3.045    65.866
20.00 20.00   2.694   1.503   3.045   0.491
20.00 20.00   2.696   1.496   3.045   0.484

20.01  0.00   0.434   0.427   0.026   0.074   0.001   0.004   0.326   0.002   0.000   0.002   0.000 1738326000
20.01    3.98    52.843
20.01 20.00   0.940   2.105
20.01 20.00   3.045    65.864
20.01 20.00   2.693   1.503   3.045   0.491
20.01 20.00   2.696   1.496   3.045   0.484

20.02  0.00   0.434   0.427   0.026   0.074   0.001   0.004   0.326   0.002   0.000   0.002   0.000 1739194000
20.02    3.98    52.837
20.02 20.00   0.940   2.105
20.02 20.00   3.045    65.862
20.02 20.00   2.693   1.503   3.045   0.491
20.02 20.00   2.696   1.496   3.045   0.484

20.03  0.00   0.434   0.427   0.026   0.074   0.001   0.004   0.326   0.002   0.000   0.002   0.000 1740063000
20.03    3.98    52.831
20.03 20.00   0.940   2.105
20.03 20.00   3.045    65.861
20.03 20.00   2.693   1.503   3.045   0.491
20.03 20.00   2.696   1.496   3.045   0.484

20.04  0.00   0.434   0.427   0.026   0.074   0.001   0.004   0.326   0.002   0.000   0.002   0.000 1740932000
20.04    3.98    52.825
20.04 20.00   0.940   2.105
20.04 20.00   3.045    65.859
20.04 20.00   2.693   1.503   3.045   0.491
20.04 20.00   2.696   1.496   3.045   0.484

20.05  0.00   0.434   0.427   0.026   0.074   0.001   0.004   0.326   0.002   0.000   0.002   0.000 1741801000
20.05    3.98    52.819
20.05 20.00   0.940   2.105
20.05 20.00   3.045    65.857
20.05 20.00   2.693   1.503   3.045   0.491
20.05 20.00   2.695   1.496   3.045   0.484

20.06  0.00   0.434   0.427   0.026   0.074   0.001   0.004   0.326   0.002   0.000   0.002   0.000 1742669000
20.06    3.98    52.813
20.06 20.00   0.939   2.105
20.06 20.00   3.044    65.855
20.06 20.00   2.693   1.503   3.044   0.491
20.06 20.00   2.695   1.496   3.044   0.484

20.07  0.00   0.434   0.427   0.026   0.074   0.001   0.004   0.326   0.002   0.000   0.002   0.000 1743538000
20.07    3.98    52.807
20.07 20.00   0.939   2.105
20.07 20.00   3.044    65.854
20.07 20.00   2.693   1.503   3.044   0.491
20.07 20.00   2.695   1.496   3.044   0.484

20.08  0.00   0.434   0.427   0.026   0.074   0.001   0.004   0.326   0.002   0.000   0.002   0.000 1744407000
20.08    3.98    52.801
20.08 20.00   0.939   2.105
20.08 20.00   3.044    65.852
20.08 20.00   2.692   1.503   3.044   0.491
20.08 20.00   2.695   1.496   3.044   0.484

20.09  0.00   0.434   0.427   0.026   0.074   0.001   0.004   0.326   0.002   0.000   0.002   0.000 1745276000
20.09    3.98    52.795
20.09 20.00   0.939   2.105
20.09 20.00   3.044    65.850
20.09 20.00   2.692   1.503   3.044   0.491
20.09 20.00   2.695   1.496   3.044   0.484

20.10  0.00   0.434   0.427   0.026   0.074   0.001   0.004   0.326   0.002   0.000   0.002   0.000 1746144000
20.10    3.98    52.789
20.10 20.00   0.939   2.105
20.10 20.00   3.044    65.849
20.10 20.00   2.692   1.503   3.044   0.491
20.10 20.00   2.695   1.496   3.044   0.484

20.11  0.00   0.434   0.427   0.026   0.074   0.001   0.004   0.326   0.002   0.000   0.002   0.000 1747013000
20.11    3.98    52.783
20.11 20.00   0.939   2.105
20.11 20.00   3.044    65.847
20.11 20.00   2.692   1.503   3.044   0.491
20.11 20.00   2.695   1.496   3.044   0.484

20.12  0.00   0.434   0.427   0.026   0.074   0.001   0.004   0.326   0.002   0.000   0.002   0.000 1747882000
20.12    3.98    52.777
20.12 20.00   0.938   2.105
20.12 20.00   3.043    65.845
20.12 20.00   2.692   1.503   3.043   0.491
20.12 20.00   2.694   1.496   3.043   0.484

20.13  0.00   0.434   0.427   0.026   0.074   0.001   0.004   0.326   0.002   0.000   0.002   0.000 1748750000
20.13    3.97    52.771
20.13 20.00   0.938   2.105
20.13 20.00   3.043    65.844
20.13 20.00   2.692   1.503   3.043   0.491
20.13 20.00   2.694   1.495   3.043   0.484

20.14  0.00   0.434   0.427   0.026   0.074   0.001   0.004   0.326   0.002   0.000   0.002   0.000 1749619000
20.14    3.97    52.765
20.14 20.00   0.938   2.105
20.14 20.00   3.043    65.842
20.14 20.00   2.692   1.502   3.043   0.491
20.14 20.00   2.694   1.495   3.043   0.484

20.15  0.00   0.434   0.427   0.026   0.074   0.001   0.004   0.326   0.002   0.000   0.002   0.000 1750488000
20.15    3.97    52.759
20.15 20.00   0.938   2.105
20.15 20.00   3.043    65.840
20.15 20.00   2.691   1.502   3.043   0.491
20.15 20.00   2.694   1.495   3.043   0.484

20.16  0.00   0.434   0.427   0.026   0.074   0.001   0.004   0.326   0.002   0.000   0.002   0.000 1751357000
20.16    3.97    52.753
20.16 20.00   0.938   2.105
20.16 20.00   3.043    65.839
20.16 20.00   2.691   1.502   3.043   0.491
20.16 20.00   2.694   1.495   3.043   0.484

20.17  0.00   0.434   0.427   0.026   0.074   0.001   0.004   0.326   0.002   0.000   0.002   0.000 1752225000
20.17    3.97    52.747
20.17 20.00   0.938   2.105
20.17 20.00   3.043    65.837
20.17 20.00   2.691   1.502   3.043   0.491
20.17 20.00   2.694   1.495   3.043   0.484

20.18  0.00   0.434   0.427   0.026   0.074   0.001   0.004   0.326   0.002   0.000   0.002   0.000 1753094000
20.18    3.97    52.741
20.18 20.00   0.938   2.105
20.18 20.00   3.043    65.835
20.18 20.00   2.691   1.502   3.043   0.491
20.18 20.00   2.694   1.495   3.043   0.484

20.19  0.00   0.434   0.427   0.026   0.074   0.001   0.004   0.326   0.002   0.000   0.002   0.000 1753963000
20.19    3.97    52.735
20.19 20.00   0.937   2.105
20.19 20.00   3.042    65.834
20.19 20.00   2.691   1.502   3.042   0.491
20.19 20.00   2.693   1.495   3.042   0.484

20.20  0.00   0.434   0.427   0.026   0.074   0.001   0.004   0.326   0.002   0.000   0.002   0.000 1754832000
20.20    3.97    52.729
20.20 20.00   0.937   2.105
20.20 20.00   3.042    65.832
20.20 20.00   2.691   1.502   3.042   0.491
20.20 20.00   2.693   1.495   3.042   0.484

20.21  0.00   0.434   0.427   0.026   0.074   0.001   0.004   0.326   0.002   0.000   0.002   0.000 1755700000
20.21    3.97    52.723
20.21 20.00   0.937   2.105
20.21 20.00   3.042    65.830
20.21 20.00   2.691   1.502   3.042   0.491
20.21 20.00   2.693   1.495   3.042   0.484

20.22  0.00   0.434   0.427   0.026   0.074   0.001   0.004   0.325   0.002   0.000   0.002   0.000 1756569000
20.22    3.97    52.717
20.22 20.00   0.937   2.105
20.22 20.00   3.042    65.829
20.22 20.00   2.690   1.502   3.042   0.491
20.22 20.00   2.693   1.495   3.042   0.484

20.23  0.00   0.434   0.427   0.026   0.074   0.001   0.004   0.325   0.002   0.000   0.002   0.000 1757438000
20.23    3.97    52.712
20.23 20.00   0.937   2.105
20.23 20.00   3.042    65.827
20.23 20.00   2.690   1.502   3.042   0.491
20.23 20.00   2.693   1.495   3.042   0.484

20.24  0.00   0.434   0.427   0.026   0.074   0.001   0.004   0.325   0.002   0.000   0.002   0.000 1758307000
20.24    3.97    52.706
20.24 20.00   0.937   2.105
20.24 20.00   3.042    65.825
20.24 20.00   2.690   1.502   3.042   0.491
20.24 20.00   2.693   1.495   3.042   0.484

20.25  0.00   0.434   0.427   0.026   0.074   0.001   0.004   0.325   0.002   0.000   0.002   0.000 1759175000
20.25    3.97    52.700
20.25 20.00   0.936   2.105
20.25 20.00   3.041    65.824
20.25 20.00   2.690   1.502   3.041   0.491
20.25 20.00   2.693   1.495   3.041   0.484

20.26  0.00   0.434   0.427   0.026   0.074   0.001   0.004   0.325   0.002   0.000   0.002   0.000 1760044000
20.26    3.97    52.694
20.26 20.00   0.936   2.105
20.26 20.00   3.041    65.822
20.26 20.00   2.690   1.502   3.041   0.491
20.26 20.00   2.692   1.495   3.041   0.484

20.27  0.00   0.434   0.427   0.026   0.074   0.001   0.004   0.325   0.002   0.000   0.002   0.000 1760913000
20.27    3.97    52.688
20.27 20.00   0.936   2.105
20.27 20.00   3.041    65.820
20.27 20.00   2.690   1.502   3.041   0.491
20.27 20.00   2.692   1.495   3.041   0.484

20.28  0.00   0.434   0.427   0.026   0.074   0.001   0.004   0.325   0.002   0.000   0.002   0.000 1761782000
20.28    3.97    52.682
20.28 20.00   0.936   2.105
20.28 20.00   3.041    65.819
20.28 20.00   2.690   1.502   3.041   0.491
20.28 20.00   2.692   1.495   3.041   0.484

20.29  0.00   0.434   0.427   0.026   0.074   0.001   0.004   0.325   0.002   0.000   0.002   0.000 1762650000
20.29    3.97    52.676
20.29 20.00   0.936   2.105
20.29 20.00   3.041    65.817
20.29 20.00   2.689   1.502   3.041   0.491
20.29 20.00   2.692   1.494   3.041   0.484

20.30  0.00   0.434   0.427   0.026   0.074   0.001   0.004   0.325   0.002   0.000   0.002   0.000 1763519000
20.30    3.96    52.670
20.30 20.00   0.936   2.105
20.30 20.00   3.041    65.815
20.30 20.00   2.689   1.501   3.041   0.491
20.30 20.00   2.692   1.494   3.041   0.484

20.31  0.00   0.434   0.427   0.026   0.074   0.001   0.004   0.325   0.002   0.000   0.002   0.000 1764388000
20.31    3.96    52.664
20.31 20.00   0.935   2.105
20.31 20.00   3.040    65.814
20.31 20.00   2.689   1.501   3.040   0.491
20.31 20.00   2.692   1.494   3.040   0.484

20.32  0.00   0.434   0.427   0.026   0.074   0.001   0.004   0.325   0.002   0.000   0.002   0.000 1765256000
20.32    3.96    52.659
20.32 20.00   0.935   2.105
20.32 20.00   3.040    65.812
20.32 20.00   2.689   1.501   3.040   0.491
20.32 20.00   2.692   1.494   3.040   0.484

20.33  0.00   0.434   0.427   0.026   0.074   0.001   0.004   0.325   0.002   0.000   0.002   0.000 1766125000
20.33    3.96    52.653
20.33 20.00   0.935   2.105
20.33 20.00   3.040    65.810
20.33 20.00   2.689   1.501   3.040   0.491
20.33 20.00   2.691   1.494   3.040   0.484

20.34  0.00   0.434   0.427   0.026   0.074   0.001   0.004   0.325   0.002   0.000   0.002   0.000 1766994000
20.34    3.96    52.647
20.34 20.00   0.935   2.105
20.34 20.00   3.040    65.809
20.34 20.00   2.689   1.501   3.040   0.491
20.34 20.00   2.691   1.494   3.040   0.484

20.35  0.00   0.434   0.427   0.026   0.074   0.001   0.004   0.325   0.002   0.000   0.002   0.000 1767863000
20.35    3.96    52.641
20.35 20.00   0.935   2.105
20.35 20.00   3.040    65.807
20.35 20.00   2.689   1.501   3.040   0.491
20.35 20.00   2.691   1.494   3.040   0.484

20.36  0.00   0.434   0.427   0.026   0.074   0.001   0.004   0.325   0.002   0.000   0.002   0.000 1768731000
20.36    3.96    52.635
20.36 20.00   0.935   2.105
20.36 20.00   3.040    65.806
20.36 20.00   2.688   1.501   3.040   0.491
20.36 20.00   2.691   1.494   3.040   0.484

20.37  0.00   0.434   0.427   0.026   0.074   0.001   0.004   0.325   0.002   0.000   0.002   0.000 1769600000
20.37    3.96    52.629
20.37 20.00   0.935   2.105
20.37 20.00   3.040    65.804
20.37 20.00   2.688   1.501   3.040   0.491
20.37 20.00   2.691   1.494   3.040   0.484

20.38  0.00   0.434   0.427   0.026   0.074   0.001   0.004   0.325   0.002   0.000   0.002   0.000 1770469000
20.38    3.96    52.623
20.38 20.00   0.934   2.105
20.38 20.00   3.039    65.802
20.38 20.00   2.688   1.501   3.039   0.491
20.38 20.00   2.691   1.494   3.039   0.484

20.39  0.00   0.434   0.427   0.026   0.074   0.001   0.004   0.325   0.002   0.000   0.002   0.000 1771337000
20.39    3.96    52.618
20.39 20.00   0.934   2.105
20.39 20.00   3.039    65.801
20.39 20.00   2.688   1.501   3.039   0.491
20.39 20.00   2.691   1.494   3.039   0.484

20.40  0.00   0.434   0.427   0.026   0.074   0.001   0.004   0.325   0.002   0.000   0.002   0.000 1772206000
20.40    3.96    52.612
20.40 20.00   0.934   2.105
20.40 20.00   3.039    65.799
20.40 20.00   2.688   1.501   3.039   0.491
20.40 20.00   2.690   1.494   3.039   0.484

20.41  0.00   0.434   0.427   0.026   0.074   0.001   0.004   0.325   0.002   0.000   0.002   0.000 1773075000
20.41    3.96    52.606
20.41 20.00   0.934   2.105
20.41 20.00   3.039    65.797
20.41 20.00   2.688   1.501   3.039   0.491
20.41 20.00   2.690   1.494   3.039   0.484

20.42  0.00   0.434   0.427   0.026   0.074   0.001   0.004   0.325   0.002   0.000   0.002   0.000 1773944000
20.42    3.96    52.600
20.42 20.00   0.934   2.105
20.42 20.00   3.039    65.796
20.42 20.00   2.688   1.501   3.039   0.491
20.42 20.00   2.690   1.494   3.039   0.484

20.43  0.00   0.434   0.427   0.026   0.074   0.001   0.004   0.325   0.002   0.000   0.002   0.000 1774812000
20.43    3.96    52.594
20.43 20.00   0.934   2.105
20.43 20.00   3.039    65.794
20.43 20.00   2.687   1.501   3.039   0.491
20.43 20.00   2.690   1.494   3.039   0.484

20.44  0.00   0.434   0.427   0.026   0.074   0.001   0.004   0.325   0.002   0.000   0.002   0.000 1775681000
20.44    3.96    52.588
20.44 20.00   0.933   2.105
20.44 20.00   3.038    65.792
20.44 20.00   2.687   1.501   3.038   0.491
20.44 20.00   2.690   1.494   3.038   0.484

20.45  0.00   0.434   0.427   0.026   0.074   0.001   0.004   0.325   0.002   0.000   0.002   0.000 1776550000
20.45    3.96    52.583
20.45 20.00   0.933   2.105
20.45 20.00   3.038    65.791
20.45 20.00   2.687   1.501   3.038   0.491
20.45 20.00   2.690   1.494   3.038   0.484

20.46  0.00   0.434   0.427   0.026   0.074   0.001   0.004   0.325   0.002   0.000   0.002   0.000 1777418000
20.46    3.96    52.577
20.46 20.00   0.933   2.105
20.46 20.00   3.038    65.789
20.46 20.00   2.687   1.501   3.038   0.491
20.46 20.00   2.690   1.493   3.038   0.484

20.47  0.00   0.434   0.427   0.026   0.074   0.001   0.004   0.325   0.002   0.000   0.002   0.000 1778287000
20.47    3.96    52.571
20.47 20.00   0.933   2.105
20.47 20.00   3.038    65.788
20.47 20.00   2.687   1.500   3.038   0.491
20.47 20.00   2.689   1.493   3.038   0.484

20.48  0.00   0.434   0.427   0.026   0.074   0.001   0.004   0.325   0.002   0.000   0.002   0.000 1779156000
20.48    3.95    52.565
20.48 20.00   0.933   2.105
20.48 20.00   3.038    65.786
20.48 20.00   2.687   1.500   3.038   0.491
20.48 20.00   2.689   1.493   3.038   0.483

20.49  0.00   0.434   0.427   0.026   0.074   0.001   0.004   0.325   0.002   0.000   0.002   0.000 1780025000
20.49    3.95    52.559
20.49 20.00   0.933   2.105
20.49 20.00   3.038    65.784
20.49 20.00   2.687   1.500   3.038   0.491
20.49 20.00   2.689   1.493   3.038   0.483

20.50  0.00   0.434   0.427   0.026   0.074   0.001   0.004   0.325   0.002   0.000   0.002   0.000 1780893000
20.50    3.95    52.553
20.50 20.00   0.933   2.105
20.50 20.00   3.038    65.783
20.50 20.00   2.686   1.500   3.038   0.491
20.50 20.00   2.689   1.493   3.038   0.483

20.51  0.00   0.434   0.427   0.026   0.074   0.001   0.004   0.325   0.002   0.000   0.002   0.000 1781762000
20.51    3.95    52.548
20.51 20.00   0.932   2.105
20.51 20.00   3.037    65.781
20.51 20.00   2.686   1.500   3.037   0.491
20.51 20.00   2.689   1.493   3.037   0.483

20.52  0.00   0.434   0.427   0.026   0.074   0.001   0.004   0.325   0.002   0.000   0.002   0.000 1782631000
20.52    3.95    52.542
20.52 20.00   0.932   2.105
20.52 20.00   3.037    65.779
20.52 20.00   2.686   1.500   3.037   0.491
20.52 20.00   2.689   1.493   3.037   0.483

20.53  0.00   0.434   0.427   0.026   0.074   0.001   0.004   0.325   0.002   0.000   0.002   0.000 1783500000
20.53    3.95    52.536
20.53 20.00   0.932   2.105
20.53 20.00   3.037    65.778
20.53 20.00   2.686   1.500   3.037   0.491
20.53 20.00   2.689   1.493   3.037   0.483

20.54  0.00   0.434   0.427   0.026   0.074   0.001   0.004   0.325   0.002   0.000   0.002   0.000 1784369000
20.54    3.95    52.530
20.54 20.00   0.932   2.105
20.54 20.00   3.037    65.776
20.54 20.00   2.686   1.500   3.037   0.491
20.54 20.00   2.688   1.493   3.037   0.483

20.55  0.00   0.434   0.427   0.026   0.074   0.001   0.004   0.325   0.002   0.000   0.002   0.000 1785237000
20.55    3.95    52.525
20.55 20.00   0.932   2.105
20.55 20.00   3.037    65.775
20.55 20.00   2.686   1.500   3.037   0.491
20.55 20.00   2.688   1.493   3.037   0.483

20.56  0.00   0.433   0.427   0.026   0.074   0.001   0.004   0.325   0.002   0.000   0.002   0.000 1786106000
20.56    3.95    52.519
20.56 20.00   0.932   2.105
20.56 20.00   3.037    65.773
20.56 20.00   2.686   1.500   3.037   0.491
20.56 20.00   2.688   1.493   3.037   0.483

20.57  0.00   0.433   0.427   0.026   0.074   0.001   0.004   0.325   0.002   0.000   0.002   0.000 1786975000
20.57    3.95    52.513
20.57 20.00   0.931   2.105
20.57 20.00   3.036    65.771
20.57 20.00   2.685   1.500   3.036   0.491
20.57 20.00   2.688   1.493   3.036   0.483

20.58  0.00   0.433   0.427   0.026   0.074   0.001   0.004   0.325   0.002   0.000   0.002   0.000 1787843000
20.58    3.95    52.507
20.58 20.00   0.931   2.105
20.58 20.00   3.036    65.770
20.58 20.00   2.685   1.500   3.036   0.491
20.58 20.00   2.688   1.493   3.036   0.483

20.59  0.00   0.433   0.427   0.026   0.074   0.001   0.004   0.325   0.002   0.000   0.002   0.000 1788712000
20.59    3.95    52.501
20.59 20.00   0.931   2.105
20.59 20.00   3.036    65.768
20.59 20.00   2.685   1.500   3.036   0.491
20.59 20.00   2.688   1.493   3.036   0.483

20.60  0.00   0.433   0.427   0.026   0.074   0.001   0.004   0.325   0.002   0.000   0.002   0.000 1789581000
20.60    3.95    52.496
20.60 20.00   0.931   2.105
20.60 20.00   3.036    65.767
20.60 20.00   2.685   1.500   3.036   0.491
20.60 20.00   2.688   1.493   3.036   0.483

20.61  0.00   0.433   0.427   0.026   0.074   0.001   0.004   0.325   0.002   0.000   0.002   0.000 1790450000
20.61    3.95    52.490
20.61 20.00   0.931   2.105
20.61 20.00   3.036    65.765
20.61 20.00   2.685   1.500   3.036   0.491
20.61 20.00   2.687   1.493   3.036   0.483

20.62  0.00   0.433   0.427   0.026   0.074   0.001   0.004   0.325   0.002   0.000   0.002   0.000 1791318000
20.62    3.95    52.484
20.62 20.00   0.931   2.105
20.62 20.00   3.036    65.763
20.62 20.00   2.685   1.500   3.036   0.491
20.62 20.00   2.687   1.493   3.036   0.483

20.63  0.00   0.433   0.427   0.026   0.074   0.001   0.004   0.325   0.002   0.000   0.002   0.000 1792187000
20.63    3.95    52.478
20.63 20.00   0.931   2.105
20.63 20.00   3.036    65.762
20.63 20.00   2.685   1.499   3.036   0.491
20.63 20.00   2.687   1.492   3.036   0.483

20.64  0.00   0.433   0.427   0.026   0.074   0.001   0.004   0.325   0.002   0.000   0.002   0.000 1793056000
20.64    3.95    52.473
20.64 20.00   0.930   2.105
20.64 20.00   3.035    65.760
20.64 20.00   2.684   1.499   3.035   0.491
20.64 20.00   2.687   1.492   3.035   0.483

20.65  0.00   0.433   0.427   0.026   0.074   0.001   0.004   0.325   0.002   0.000   0.002   0.000 1793924000
20.65    3.94    52.467
20.65 20.00   0.930   2.105
20.65 20.00   3.035    65.759
20.65 20.00   2.684   1.499   3.035   0.491
20.65 20.00   2.687   1.492   3.035   0.483

20.66  0.00   0.433   0.427   0.026   0.074   0.001   0.004   0.325   0.002   0.000   0.002   0.000 1794793000
20.66    3.94    52.461
20.66 20.00   0.930   2.105
20.66 20.00   3.035    65.757
20.66 20.00   2.684   1.499   3.035   0.491
20.66 20.00   2.687   1.492   3.035   0.483

20.67  0.00   0.433   0.427   0.026   0.074   0.001   0.004   0.325   0.002   0.000   0.002   0.000 1795662000
20.67    3.94    52.455
20.67 20.00   0.930   2.105
20.67 20.00   3.035    65.755
20.67 20.00   2.684   1.499   3.035   0.491
20.67 20.00   2.687   1.492   3.035   0.483

20.68  0.00   0.433   0.427   0.026   0.074   0.001   0.004   0.325   0.002   0.000   0.002   0.000 1796531000
20.68    3.94    52.450
20.68 20.00   0.930   2.105
20.68 20.00   3.035    65.754
20.68 20.00   2.684   1.499   3.035   0.491
20.68 20.00   2.686   1.492   3.035   0.483

20.69  0.00   0.433   0.427   0.026   0.074   0.001   0.004   0.325   0.002   0.000   0.002   0.000 1797399000
20.69    3.94    52.444
20.69 20.00   0.930   2.105
20.69 20.00   3.035    65.752
20.69 20.00   2.684   1.499   3.035   0.491
20.69 20.00   2.686   1.492   3.035   0.483

20.70  0.00   0.433   0.427   0.026   0.074   0.001   0.004   0.325   0.002   0.000   0.002   0.000 1798268000
20.70    3.94    52.438
20.70 20.00   0.930   2.105
20.70 20.00   3.035    65.751
20.70 20.00   2.684   1.499   3.035   0.491
20.70 20.00   2.686   1.492   3.035   0.483

20.71  0.00   0.433   0.427   0.026   0.074   0.001   0.004   0.325   0.002   0.000   0.002   0.000 1799137000
20.71    3.94    52.432
20.71 20.00   0.929   2.105
20.71 20.00   3.034    65.749
20.71 20.00   2.684   1.499   3.034   0.491
20.71 20.00   2.686   1.492   3.034   0.483

20.72  0.00   0.433   0.427   0.026   0.074   0.001   0.004   0.325   0.002   0.000   0.002   0.000 1800005000
20.72    3.94    52.427
20.72 20.00   0.929   2.105
20.72 20.00   3.034    65.747
20.72 20.00   2.683   1.499   3.034   0.491
20.72 20.00   2.686   1.492   3.034   0.483

20.73  0.00   0.433   0.427   0.026   0.074   0.001   0.004   0.325   0.002   0.000   0.002   0.000 1800874000
20.73    3.94    52.421
20.73 20.00   0.929   2.105
20.73 20.00   3.034    65.746
20.73 20.00   2.683   1.499   3.034   0.491
20.73 20.00   2.686   1.492   3.034   0.483

20.74  0.00   0.433   0.427   0.026   0.074   0.001   0.004   0.325   0.002   0.000   0.002   0.000 1801743000
20.74    3.94    52.415
20.74 20.00   0.929   2.105
20.74 20.00   3.034    65.744
20.74 20.00   2.683   1.499   3.034   0.491
20.74 20.00   2.686   1.492   3.034   0.483

20.75  0.00   0.433   0.427   0.026   0.074   0.001   0.004   0.325   0.002   0.000   0.002   0.000 1802612000
20.75    3.94    52.410
20.75 20.00   0.929   2.105
20.75 20.00   3.034    65.743
20.75 20.00   2.683   1.499   3.034   0.491
20.75 20.00   2.686   1.492   3.034   0.483

20.76  0.00   0.433   0.427   0.026   0.074   0.001   0.004   0.325   0.002   0.000   0.002   0.000 1803480000
20.76    3.94    52.404
20.76 20.00   0.929   2.105
20.76 20.00   3.034    65.741
20.76 20.00   2.683   1.499   3.034   0.491
20.76 20.00   2.685   1.492   3.034   0.483

20.77  0.00   0.433   0.427   0.026   0.074   0.001   0.004   0.325   0.002   0.000   0.002   0.000 1804349000
20.77    3.94    52.398
20.77 20.00   0.928   2.105
20.77 20.00   3.033    65.740
20.77 20.00   2.683   1.499   3.033   0.491
20.77 20.00   2.685   1.492   3.033   0.483

20.78  0.00   0.433   0.427   0.026   0.074   0.001   0.004   0.325   0.002   0.000   0.002   0.000 1805218000
20.78    3.94    52.392
20.78 20.00   0.928   2.105
20.78 20.00   3.033    65.738
20.78 20.00   2.683   1.499   3.033   0.491
20.78 20.00   2.685   1.492   3.033   0.483

20.79  0.00   0.433   0.427   0.026   0.074   0.001   0.004   0.325   0.002   0.000   0.002   0.000 1806087000
20.79    3.94    52.387
20.79 20.00   0.928   2.105
20.79 20.00   3.033    65.736
20.79 20.00   2.682   1.499   3.033   0.491
20.79 20.00   2.685   1.492   3.033   0.483

20.80  0.00   0.433   0.427   0.026   0.074   0.001   0.004   0.325   0.002   0.000   0.002   0.000 1806955000
20.80    3.94    52.381
20.80 20.00   0.928   2.105
20.80 20.00   3.033    65.735
20.80 20.00   2.682   1.498   3.033   0.491
20.80 20.00   2.685   1.491   3.033   0.483

20.81  0.00   0.433   0.427   0.026   0.074   0.001   0.004   0.325   0.002   0.000   0.002   0.000 1807824000
20.81    3.94    52.375
20.81 20.00   0.928   2.105
20.81 20.00   3.033    65.733
20.81 20.00   2.682   1.498   3.033   0.491
20.81 20.00   2.685   1.491   3.033   0.483

20.82  0.00   0.433   0.427   0.026   0.074   0.001   0.004   0.325   0.002   0.000   0.002   0.000 1808693000
20.82    3.94    52.370
20.82 20.00   0.928   2.105
20.82 20.00   3.033    65.732
20.82 20.00   2.682   1.498   3.033   0.491
20.82 20.00   2.685   1.491   3.033   0.483

20.83  0.00   0.433   0.427   0.026   0.074   0.001   0.004   0.325   0.002   0.000   0.002   0.000 1809561000
20.83    3.93    52.364
20.83 20.00   0.928   2.105
20.83 20.00   3.033    65.730
20.83 20.00   2.682   1.498   3.033   0.491
20.83 20.00   2.684   1.491   3.033   0.483

20.84  0.00   0.433   0.427   0.026   0.074   0.001   0.004   0.325   0.002   0.000   0.002   0.000 1810430000
20.84    3.93    52.358
20.84 20.00   0.927   2.105
20.84 20.00   3.032    65.729
20.84 20.00   2.682   1.498   3.032   0.491
20.84 20.00   2.684   1.491   3.032   0.483

20.85  0.00   0.433   0.427   0.026   0.074   0.001   0.004   0.325   0.002   0.000   0.002   0.000 1811299000
20.85    3.93    52.353
20.85 20.00   0.927   2.105
20.85 20.00   3.032    65.727
20.85 20.00   2.682   1.498   3.032   0.491
20.85 20.00   2.684   1.491   3.032   0.483

20.86  0.00   0.433   0.427   0.026   0.074   0.001   0.004   0.325   0.002   0.000   0.002   0.000 1812168000
20.86    3.93    52.347
20.86 20.00   0.927   2.105
20.86 20.00   3.032    65.725
20.86 20.00   2.681   1.498   3.032   0.491
20.86 20.00   2.684   1.491   3.032   0.483

20.87  0.00   0.433   0.427   0.026   0.074   0.001   0.004   0.325   0.002   0.000   0.002   0.000 1813037000
20.87    3.93    52.341
20.87 20.00   0.927   2.105
20.87 20.00   3.032    65.724
20.87 20.00   2.681   1.498   3.032   0.491
20.87 20.00   2.684   1.491   3.032   0.483

20.88  0.00   0.433   0.427   0.026   0.074   0.001   0.004   0.325   0.002   0.000   0.002   0.000 1813905000
20.88    3.93    52.336
20.88 20.00   0.927   2.105
20.88 20.00   3.032    65.722
20.88 20.00   2.681   1.498   3.032   0.491
20.88 20.00   2.684   1.491   3.032   0.483

20.89  0.00   0.433   0.427   0.026   0.074   0.001   0.004   0.325   0.002   0.000   0.002   0.000 1814774000
20.89    3.93    52.330
20.89 20.00   0.927   2.105
20.89 20.00   3.032    65.721
20.89 20.00   2.681   1.498   3.032   0.491
20.89 20.00   2.684   1.491   3.032   0.483

20.90  0.00   0.433   0.427   0.026   0.074   0.001   0.004   0.325   0.002   0.000   0.002   0.000 1815643000
20.90    3.93    52.324
20.90 20.00   0.927   2.105
20.90 20.00   3.032    65.719
20.90 20.00   2.681   1.498   3.032   0.491
20.90 20.00   2.683   1.491   3.032   0.483

20.91  0.00   0.433   0.427   0.026   0.074   0.001   0.004   0.325   0.002   0.000   0.002   0.000 1816511000
20.91    3.93    52.319
20.91 20.00   0.926   2.105
20.91 20.00   3.031    65.718
20.91 20.00   2.681   1.498   3.031   0.491
20.91 20.00   2.683   1.491   3.031   0.483

20.92  0.00   0.433   0.427   0.026   0.074   0.001   0.004   0.325   0.002   0.000   0.002   0.000 1817380000
20.92    3.93    52.313
20.92 20.00   0.926   2.105
20.92 20.00   3.031    65.716
20.92 20.00   2.681   1.498   3.031   0.491
20.92 20.00   2.683   1.491   3.031   0.483

20.93  0.00   0.433   0.427   0.026   0.074   0.001   0.004   0.325   0.002   0.000   0.002   0.000 1818249000
20.93    3.93    52.307
20.93 20.00   0.926   2.105
20.93 20.00   3.031    65.714
20.93 20.00   2.680   1.498   3.031   0.491
20.93 20.00   2.683   1.491   3.031   0.483

20.94  0.00   0.433   0.427   0.026   0.074   0.001   0.004   0.325   0.002   0.000   0.002   0.000 1819118000
20.94    3.93    52.302
20.94 20.00   0.926   2.105
20.94 20.00   3.031    65.713
20.94 20.00   2.680   1.498   3.031   0.491
20.94 20.00   2.683   1.491   3.031   0.483

20.95  0.00   0.433   0.427   0.026   0.074   0.001   0.004   0.325   0.002   0.000   0.002   0.000 1819986000
20.95    3.93    52.296
20.95 20.00   0.926   2.105
20.95 20.00   3.031    65.711
20.95 20.00   2.680   1.498   3.031   0.491
20.95 20.00   2.683   1.491   3.031   0.483

20.96  0.00   0.433   0.427   0.026   0.074   0.001   0.004   0.325   0.002   0.000   0.002   0.000 1820855000
20.96    3.93    52.290
20.96 20.00   0.926   2.105
20.96 20.00   3.031    65.710
20.96 20.00   2.680   1.498   3.031   0.491
20.96 20.00   2.683   1.491   3.031   0.483

20.97  0.00   0.433   0.427   0.026   0.074   0.001   0.004   0.325   0.002   0.000   0.002   0.000 1821724000
20.97    3.93    52.285
20.97 20.00   0.926   2.105
20.97 20.00   3.031    65.708
20.97 20.00   2.680   1.498   3.031   0.491
20.97 20.00   2.683   1.490   3.031   0.483

20.98  0.00   0.433   0.427   0.026   0.074   0.001   0.004   0.325   0.002   0.000   0.002   0.000 1822592000
20.98    3.93    52.279
20.98 20.00   0.925   2.105
20.98 20.00   3.030    65.707
20.98 20.00   2.680   1.497   3.030   0.491
20.98 20.00   2.682   1.490   3.030   0.483

20.99  0.00   0.433   0.427   0.026   0.074   0.001   0.004   0.325   0.002   0.000   0.002   0.000 1823461000
20.99    3.93    52.274
20.99 20.00   0.925   2.105
20.99 20.00   3.030    65.705
20.99 20.00   2.680   1.497   3.030   0.491
20.99 20.00   2.682   1.490   3.030   0.483

21.00  0.00   0.433   0.427   0.026   0.074   0.001   0.004   0.325   0.002   0.000   0.002   0.000 1824330000
21.00    3.93    52.268
21.00 20.00   0.925   2.105
21.00 20.00   3.030    65.704
21.00 20.00   2.680   1.497   3.030   0.491
21.00 20.00   2.682   1.490   3.030   0.483

21.01  0.00   0.433   0.427   0.026   0.074   0.001   0.004   0.325   0.002   0.000   0.002   0.000 1825199000
21.01    3.93    52.262
21.01 20.00   0.925   2.105
21.01 20.00   3.030    65.702
21.01 20.00   2.679   1.497   3.030   0.491
21.01 20.00   2.682   1.490   3.030   0.483

21.02  0.00   0.433   0.427   0.026   0.074   0.001   0.004   0.325   0.002   0.000   0.002   0.000 1826067000
21.02    3.92    52.257
21.02 20.00   0.925   2.105
21.02 20.00   3.030    65.701
21.02 20.00   2.679   1.497   3.030   0.491
21.02 20.00   2.682   1.490   3.030   0.483

21.03  0.00   0.433   0.427   0.026   0.074   0.001   0.004   0.325   0.002   0.000   0.002   0.000 1826936000
21.03    3.92    52.251
21.03 20.00   0.925   2.105
21.03 20.00   3.030    65.699
21.03 20.00   2.679   1.497   3.030   0.491
21.03 20.00   2.682   1.490   3.030   0.483

21.04  0.00   0.433   0.427   0.026   0.074   0.001   0.004   0.325   0.002   0.000   0.002   0.000 1827805000
21.04    3.92    52.245
21.04 20.00   0.925   2.105
21.04 20.00   3.029    65.697
21.04 20.00   2.679   1.497   3.029   0.491
21.04 20.00   2.682   1.490   3.029   0.483

21.05  0.00   0.433   0.427   0.026   0.074   0.001   0.004   0.325   0.002   0.000   0.002   0.000 1828673000
21.05    3.92    52.240
21.05 20.00   0.924   2.105
21.05 20.00   3.029    65.696
21.05 20.00   2.679   1.497   3.029   0.491
21.05 20.00   2.681   1.490   3.029   0.483

21.06  0.00   0.433   0.427   0.026   0.074   0.001   0.004   0.325   0.002   0.000   0.002   0.000 1829542000
21.06    3.92    52.234
21.06 20.00   0.924   2.105
21.06 20.00   3.029    65.694
21.06 20.00   2.679   1.497   3.029   0.491
21.06 20.00   2.681   1.490   3.029   0.483

21.07  0.00   0.433   0.427   0.026   0.074   0.001   0.004   0.325   0.002   0.000   0.002   0.000 1830411000
21.07    3.92    52.229
21.07 20.00   0.924   2.105
21.07 20.00   3.029    65.693
21.07 20.00   2.679   1.497   3.029   0.491
21.07 20.00   2.681   1.490   3.029   0.483

21.08  0.00   0.433   0.427   0.026   0.074   0.001   0.004   0.325   0.002   0.000   0.002   0.000 1831280000
21.08    3.92    52.223
21.08 20.00   0.924   2.105
21.08 20.00   3.029    65.691
21.08 20.00   2.678   1.497   3.029   0.491
21.08 20.00   2.681   1.490   3.029   0.483

21.09  0.00   0.433   0.426   0.026   0.074   0.001   0.004   0.325   0.002   0.000   0.002   0.000 1832148000
21.09    3.92    52.217
21.09 20.00   0.924   2.105
21.09 20.00   3.029    65.690
21.09 20.00   2.678   1.497   3.029   0.490
21.09 20.00   2.681   1.490   3.029   0.483

21.10  0.00   0.433   0.426   0.026   0.074   0.001   0.004   0.325   0.002   0.000   0.002   0.000 1833017000
21.10    3.92    52.212
21.10 20.00   0.924   2.105
21.10 20.00   3.029    65.688
21.10 20.00   2.678   1.497   3.029   0.490
21.10 20.00   2.681   1.490   3.029   0.483

21.11  0.00   0.433   0.426   0.026   0.074   0.001   0.004   0.325   0.002   0.000   0.002   0.000 1833886000
21.11    3.92    52.206
21.11 20.00   0.923   2.105
21.11 20.00   3.028    65.687
21.11 20.00   2.678   1.497   3.028   0.490
21.11 20.00   2.681   1.490   3.028   0.483

21.12  0.00   0.433   0.426   0.026   0.074   0.001   0.004   0.325   0.002   0.000   0.002   0.000 1834755000
21.12    3.92    52.201
21.12 20.00   0.923   2.105
21.12 20.00   3.028    65.685
21.12 20.00   2.678   1.497   3.028   0.490
21.12 20.00   2.681   1.490   3.028   0.483

21.13  0.00   0.433   0.426   0.026   0.074   0.001   0.004   0.325   0.002   0.000   0.002   0.000 1835623000
21.13    3.92    52.195
21.13 20.00   0.923   2.105
21.13 20.00   3.028    65.684
21.13 20.00   2.678   1.497   3.028   0.490
21.13 20.00   2.680   1.490   3.028   0.483

21.14  0.00   0.433   0.426   0.026   0.074   0.001   0.004   0.325   0.002   0.000   0.002   0.000 1836492000
21.14    3.92    52.190
21.14 20.00   0.923   2.105
21.14 20.00   3.028    65.682
21.14 20.00   2.678   1.497   3.028   0.490
21.14 20.00   2.680   1.489   3.028   0.483

21.15  0.00   0.433   0.426   0.026   0.074   0.001   0.004   0.325   0.002   0.000   0.002   0.000 1837361000
21.15    3.92    52.184
21.15 20.00   0.923   2.105
21.15 20.00   3.028    65.681
21.15 20.00   2.678   1.496   3.028   0.490
21.15 20.00   2.680   1.489   3.028   0.483

21.16  0.00   0.433   0.426   0.026   0.074   0.001   0.004   0.325   0.002   0.000   0.002   0.000 1838230000
21.16    3.92    52.178
21.16 20.00   0.923   2.105
21.16 20.00   3.028    65.679
21.16 20.00   2.677   1.496   3.028   0.490
21.16 20.00   2.680   1.489   3.028   0.483

21.17  0.00   0.433   0.426   0.026   0.074   0.001   0.004   0.325   0.002   0.000   0.002   0.000 1839098000
21.17    3.92    52.173
21.17 20.00   0.923   2.105
21.17 20.00   3.028    65.678
21.17 20.00   2.677   1.496   3.028   0.490
21.17 20.00   2.680   1.489   3.028   0.483

21.18  0.00   0.433   0.426   0.026   0.074   0.001   0.004   0.325   0.002   0.000   0.002   0.000 1839967000
21.18    3.92    52.167
21.18 20.00   0.922   2.105
21.18 20.00   3.027    65.676
21.18 20.00   2.677   1.496   3.027   0.490
21.18 20.00   2.680   1.489   3.027   0.483

21.19  0.00   0.433   0.426   0.026   0.074   0.001   0.004   0.325   0.002   0.000   0.002   0.000 1840836000
21.19    3.92    52.162
21.19 20.00   0.922   2.105
21.19 20.00   3.027    65.675
21.19 20.00   2.677   1.496   3.027   0.490
21.19 20.00   2.680   1.489   3.027   0.483

21.20  0.00   0.433   0.426   0.026   0.074   0.001   0.004   0.325   0.002   0.000   0.002   0.000 1841705000
21.20    3.91    52.156
21.20 20.00   0.922   2.105
21.20 20.00   3.027    65.673
21.20 20.00   2.677   1.496   3.027   0.490
21.20 20.00   2.679   1.489   3.027   0.483

21.21  0.00   0.433   0.426   0.026   0.074   0.001   0.004   0.325   0.002   0.000   0.002   0.000 1842573000
21.21    3.91    52.151
21.21 20.00   0.922   2.105
21.21 20.00   3.027    65.671
21.21 20.00   2.677   1.496   3.027   0.490
21.21 20.00   2.679   1.489   3.027   0.483

21.22  0.00   0.433   0.426   0.026   0.074   0.001   0.004   0.325   0.002   0.000   0.002   0.000 1843442000
21.22    3.91    52.145
21.22 20.00   0.922   2.105
21.22 20.00   3.027    65.670
21.22 20.00   2.677   1.496   3.027   0.490
21.22 20.00   2.679   1.489   3.027   0.483

21.23  0.00   0.433   0.426   0.026   0.074   0.001   0.004   0.325   0.002   0.000   0.002   0.000 1844311000
21.23    3.91    52.139
21.23 20.00   0.922   2.105
21.23 20.00   3.027    65.668
21.23 20.00   2.676   1.496   3.027   0.490
21.23 20.00   2.679   1.489   3.027   0.483

21.24  0.00   0.433   0.426   0.026   0.074   0.001   0.004   0.325   0.002   0.000   0.002   0.000 1845179000
21.24    3.91    52.134
21.24 20.00   0.922   2.105
21.24 20.00   3.027    65.667
21.24 20.00   2.676   1.496   3.027   0.490
21.24 20.00   2.679   1.489   3.027   0.483

21.25  0.00   0.433   0.426   0.026   0.074   0.001   0.004   0.325   0.002   0.000   0.002   0.000 1846048000
21.25    3.91    52.128
21.25 20.00   0.921   2.105
21.25 20.00   3.026    65.665
21.25 20.00   2.676   1.496   3.026   0.490
21.25 20.00   2.679   1.489   3.026   0.483

21.26  0.00   0.433   0.426   0.026   0.074   0.001   0.004   0.325   0.002   0.000   0.002   0.000 1846917000
21.26    3.91    52.123
21.26 20.00   0.921   2.105
21.26 20.00   3.026    65.664
21.26 20.00   2.676   1.496   3.026   0.490
21.26 20.00   2.679   1.489   3.026   0.483

21.27  0.00   0.433   0.426   0.026   0.074   0.001   0.004   0.325   0.002   0.000   0.002   0.000 1847786000
21.27    3.91    52.117
21.27 20.00   0.921   2.105
21.27 20.00   3.026    65.662
21.27 20.00   2.676   1.496   3.026   0.490
21.27 20.00   2.679   1.489   3.026   0.483

21.28  0.00   0.433   0.426   0.026   0.074   0.001   0.004   0.325   0.002   0.000   0.002   0.000 1848654000
21.28    3.91    52.112
21.28 20.00   0.921   2.105
21.28 20.00   3.026    65.661
21.28 20.00   2.676   1.496   3.026   0.490
21.28 20.00   2.678   1.489   3.026   0.483

21.29  0.00   0.433   0.426   0.026   0.074   0.001   0.004   0.325   0.002   0.000   0.002   0.000 1849523000
21.29    3.91    52.106
21.29 20.00   0.921   2.105
21.29 20.00   3.026    65.659
21.29 20.00   2.676   1.496   3.026   0.490
21.29 20.00   2.678   1.489   3.026   0.483

21.30  0.00   0.433   0.426   0.026   0.074   0.001   0.004   0.325   0.002   0.000   0.002   0.000 1850392000
21.30    3.91    52.101
21.30 20.00   0.921   2.105
21.30 20.00   3.026    65.658
21.30 20.00   2.676   1.496   3.026   0.490
21.30 20.00   2.678   1.489   3.026   0.483

21.31  0.00   0.433   0.426   0.026   0.074   0.001   0.004   0.325   0.002   0.000   0.002   0.000 1851260000
21.31    3.91    52.095
21.31 20.00   0.921   2.105
21.31 20.00   3.026    65.656
21.31 20.00   2.675   1.496   3.026   0.490
21.31 20.00   2.678   1.489   3.026   0.483

21.32  0.00   0.433   0.426   0.026   0.074   0.001   0.004   0.325   0.002   0.000   0.002   0.000 1852129000
21.32    3.91    52.090
21.32 20.00   0.920   2.105
21.32 20.00   3.025    65.655
21.32 20.00   2.675   1.496   3.025   0.490
21.32 20.00   2.678   1.488   3.025   0.483

21.33  0.00   0.433   0.426   0.026   0.074   0.001   0.004   0.325   0.002   0.000   0.002   0.000 1852998000
21.33    3.91    52.084
21.33 20.00   0.920   2.105
21.33 20.00   3.025    65.653
21.33 20.00   2.675   1.495   3.025   0.490
21.33 20.00   2.678   1.488   3.025   0.483

21.34  0.00   0.433   0.426   0.026   0.074   0.001   0.004   0.325   0.002   0.000   0.002   0.000 1853867000
21.34    3.91    52.079
21.34 20.00   0.920   2.105
21.34 20.00   3.025    65.652
21.34 20.00   2.675   1.495   3.025   0.490
21.34 20.00   2.678   1.488   3.025   0.483

21.35  0.00   0.433   0.426   0.026   0.074   0.001   0.004   0.325   0.002   0.000   0.002   0.000 1854735000
21.35    3.91    52.073
21.35 20.00   0.920   2.105
21.35 20.00   3.025    65.650
21.35 20.00   2.675   1.495   3.025   0.490
21.35 20.00   2.677   1.488   3.025   0.483

21.36  0.00   0.433   0.426   0.026   0.074   0.001   0.004   0.325   0.002   0.000   0.002   0.000 1855604000
21.36    3.91    52.068
21.36 20.00   0.920   2.105
21.36 20.00   3.025    65.649
21.36 20.00   2.675   1.495   3.025   0.490
21.36 20.00   2.677   1.488   3.025   0.483

21.37  0.00   0.433   0.426   0.026   0.074   0.001   0.004   0.325   0.002   0.000   0.002   0.000 1856473000
21.37    3.91    52.062
21.37 20.00   0.920   2.105
21.37 20.00   3.025    65.647
21.37 20.00   2.675   1.495   3.025   0.490
21.37 20.00   2.677   1.488   3.025   0.483

21.38  0.00   0.433   0.426   0.026   0.074   0.001   0.004   0.325   0.002   0.000   0.002   0.000 1857341000
21.38    3.91    52.057
21.38 20.00   0.920   2.105
21.38 20.00   3.025    65.646
21.38 20.00   2.675   1.495   3.025   0.490
21.38 20.00   2.677   1.488   3.025   0.483

21.39  0.00   0.433   0.426   0.026   0.074   0.001   0.004   0.325   0.002   0.000   0.002   0.000 1858210000
21.39    3.90    52.051
21.39 20.00   0.919   2.105
21.39 20.00   3.024    65.644
21.39 20.00   2.674   1.495   3.024   0.490
21.39 20.00   2.677   1.488   3.024   0.483

21.40  0.00   0.433   0.426   0.026   0.074   0.001   0.004   0.325   0.002   0.000   0.002   0.000 1859079000
21.40    3.90    52.046
21.40 20.00   0.919   2.105
21.40 20.00   3.024    65.643
21.40 20.00   2.674   1.495   3.024   0.490
21.40 20.00   2.677   1.488   3.024   0.483

21.41  0.00   0.433   0.426   0.026   0.074   0.001   0.004   0.325   0.002   0.000   0.002   0.000 1859948000
21.41    3.90    52.040
21.41 20.00   0.919   2.105
21.41 20.00   3.024    65.641
21.41 20.00   2.674   1.495   3.024   0.490
21.41 20.00   2.677   1.488   3.024   0.483

21.42  0.00   0.433   0.426   0.026   0.074   0.001   0.004   0.325   0.002   0.000   0.002   0.000 1860817000
21.42    3.90    52.035
21.42 20.00   0.919   2.105
21.42 20.00   3.024    65.640
21.42 20.00   2.674   1.495   3.024   0.490
21.42 20.00   2.677   1.488   3.024   0.483

21.43  0.00   0.433   0.426   0.026   0.074   0.001   0.004   0.325   0.002   0.000   0.002   0.000 1861685000
21.43    3.90    52.029
21.43 20.00   0.919   2.105
21.43 20.00   3.024    65.638
21.43 20.00   2.674   1.495   3.024   0.490
21.43 20.00   2.676   1.488   3.024   0.483

21.44  0.00   0.433   0.426   0.026   0.074   0.001   0.004   0.325   0.002   0.000   0.002   0.000 1862554000
21.44    3.90    52.024
21.44 20.00   0.919   2.105
21.44 20.00   3.024    65.637
21.44 20.00   2.674   1.495   3.024   0.490
21.44 20.00   2.676   1.488   3.024   0.483

21.45  0.00   0.433   0.426   0.026   0.074   0.001   0.004   0.325   0.002   0.000   0.002   0.000 1863423000
21.45    3.90    52.018
21.45 20.00   0.919   2.105
21.45 20.00   3.024    65.635
21.45 20.00   2.674   1.495   3.024   0.490
21.45 20.00   2.676   1.488   3.024   0.483

21.46  0.00   0.433   0.426   0.026   0.074   0.001   0.004   0.325   0.002   0.000   0.002   0.000 1864291000
21.46    3.90    52.013
21.46 20.00   0.919   2.105
21.46 20.00   3.023    65.634
21.46 20.00   2.673   1.495   3.023   0.490
21.46 20.00   2.676   1.488   3.023   0.483

21.47  0.00   0.433   0.426   0.026   0.074   0.001   0.004   0.325   0.002   0.000   0.002   0.000 1865160000
21.47    3.90    52.007
21.47 20.00   0.918   2.105
21.47 20.00   3.023    65.632
21.47 20.00   2.673   1.495   3.023   0.490
21.47 20.00   2.676   1.488   3.023   0.483

21.48  0.00   0.433   0.426   0.026   0.074   0.001   0.004   0.325   0.002   0.000   0.002   0.000 1866029000
21.48    3.90    52.002
21.48 20.00   0.918   2.105
21.48 20.00   3.023    65.631
21.48 20.00   2.673   1.495   3.023   0.490
21.48 20.00   2.676   1.488   3.023   0.483

21.49  0.00   0.433   0.426   0.026   0.074   0.001   0.004   0.325   0.002   0.000   0.002   0.000 1866898000
21.49    3.90    51.996
21.49 20.00   0.918   2.105
21.49 20.00   3.023    65.630
21.49 20.00   2.673   1.495   3.023   0.490
21.49 20.00   2.676   1.488   3.023   0.483

21.50  0.00   0.433   0.426   0.026   0.074   0.001   0.004   0.325   0.002   0.000   0.002   0.000 1867766000
21.50    3.90    51.991
21.50 20.00   0.918   2.105
21.50 20.00   3.023    65.628
21.50 20.00   2.673   1.495   3.023   0.490
21.50 20.00   2.676   1.487   3.023   0.483

21.51  0.00   0.433   0.426   0.026   0.074   0.001   0.004   0.325   0.002   0.000   0.002   0.000 1868635000
21.51    3.90    51.985
21.51 20.00   0.918   2.105
21.51 20.00   3.023    65.627
21.51 20.00   2.673   1.494   3.023   0.490
21.51 20.00   2.675   1.487   3.023   0.483

21.52  0.00   0.433   0.426   0.026   0.074   0.001   0.004   0.325   0.002   0.000   0.002   0.000 1869504000
21.52    3.90    51.980
21.52 20.00   0.918   2.105
21.52 20.00   3.023    65.625
21.52 20.00   2.673   1.494   3.023   0.490
21.52 20.00   2.675   1.487   3.023   0.483

21.53  0.00   0.433   0.426   0.026   0.074   0.001   0.004   0.325   0.002   0.000   0.002   0.000 1870373000
21.53    3.90    51.974
21.53 20.00   0.918   2.105
21.53 20.00   3.023    65.624
21.53 20.00   2.673   1.494   3.023   0.490
21.53 20.00   2.675   1.487   3.023   0.483

21.54  0.00   0.433   0.426   0.026   0.074   0.001   0.004   0.325   0.002   0.000   0.002   0.000 1871241000
21.54    3.90    51.969
21.54 20.00   0.917   2.105
21.54 20.00   3.022    65.622
21.54 20.00   2.672   1.494   3.022   0.490
21.54 20.00   2.675   1.487   3.022   0.483

21.55  0.00   0.433   0.426   0.026   0.074   0.001   0.004   0.325   0.002   0.000   0.002   0.000 1872110000
21.55    3.90    51.963
21.55 20.00   0.917   2.105
21.55 20.00   3.022    65.621
21.55 20.00   2.672   1.494   3.022   0.490
21.55 20.00   2.675   1.487   3.022   0.483

21.56  0.00   0.433   0.426   0.026   0.074   0.001   0.004   0.325   0.002   0.000   0.002   0.000 1872979000
21.56    3.90    51.958
21.56 20.00   0.917   2.105
21.56 20.00   3.022    65.619
21.56 20.00   2.672   1.494   3.022   0.490
21.56 20.00   2.675   1.487   3.022   0.483

21.57  0.00   0.433   0.426   0.026   0.074   0.001   0.004   0.325   0.002   0.000   0.002   0.000 1873847000
21.57    3.90    51.953
21.57 20.00   0.917   2.105
21.57 20.00   3.022    65.618
21.57 20.00   2.672   1.494   3.022   0.490
21.57 20.00   2.675   1.487   3.022   0.483

21.58  0.00   0.433   0.426   0.026   0.074   0.001   0.004   0.325   0.002   0.000   0.002   0.000 1874716000
21.58    3.89    51.947
21.58 20.00   0.917   2.105
21.58 20.00   3.022    65.616
21.58 20.00   2.672   1.494   3.022   0.490
21.58 20.00   2.675   1.487   3.022   0.483

21.59  0.00   0.433   0.426   0.026   0.074   0.001   0.004   0.325   0.002   0.000   0.002   0.000 1875585000
21.59    3.89    51.942
21.59 20.00   0.917   2.105
21.59 20.00   3.022    65.615
21.59 20.00   2.672   1.494   3.022   0.490
21.59 20.00   2.674   1.487   3.022   0.483

21.60  0.00   0.433   0.426   0.026   0.074   0.001   0.004   0.325   0.002   0.000   0.002   0.000 1876454000
21.60    3.89    51.936
21.60 20.00   0.917   2.105
21.60 20.00   3.022    65.613
21.60 20.00   2.672   1.494   3.022   0.490
21.60 20.00   2.674   1.487   3.022   0.483

21.61  0.00   0.433   0.426   0.026   0.074   0.001   0.004   0.325   0.002   0.000   0.002   0.000 1877322000
21.61    3.89    51.931
21.61 20.00   0.916   2.105
21.61 20.00   3.021    65.612
21.61 20.00   2.672   1.494   3.021   0.490
21.61 20.00   2.674   1.487   3.021   0.483

21.62  0.00   0.433   0.426   0.026   0.074   0.001   0.004   0.325   0.002   0.000   0.002   0.000 1878191000
21.62    3.89    51.925
21.62 20.00   0.916   2.105
21.62 20.00   3.021    65.610
21.62 20.00   2.671   1.494   3.021   0.490
21.62 20.00   2.674   1.487   3.021   0.483

21.63  0.00   0.433   0.426   0.026   0.074   0.001   0.004   0.325   0.002   0.000   0.002   0.000 1879060000
21.63    3.89    51.920
21.63 20.00   0.916   2.105
21.63 20.00   3.021    65.609
21.63 20.00   2.671   1.494   3.021   0.490
21.63 20.00   2.674   1.487   3.021   0.483

21.64  0.00   0.433   0.426   0.026   0.074   0.001   0.004   0.325   0.002   0.000   0.002   0.000 1879928000
21.64    3.89    51.915
21.64 20.00   0.916   2.105
21.64 20.00   3.021    65.607
21.64 20.00   2.671   1.494   3.021   0.490
21.64 20.00   2.674   1.487   3.021   0.483

21.65  0.00   0.433   0.426   0.026   0.074   0.001   0.004   0.325   0.002   0.000   0.002   0.000 1880797000
21.65    3.89    51.909
21.65 20.00   0.916   2.105
21.65 20.00   3.021    65.606
21.65 20.00   2.671   1.494   3.021   0.490
21.65 20.00   2.674   1.487   3.021   0.483

21.66  0.00   0.433   0.426   0.026   0.074   0.001   0.004   0.325   0.002   0.000   0.002   0.000 1881666000
21.66    3.89    51.904
21.66 20.00   0.916   2.105
21.66 20.00   3.021    65.605
21.66 20.00   2.671   1.494   3.021   0.490
21.66 20.00   2.673   1.487   3.021   0.483

21.67  0.00   0.433   0.426   0.026   0.074   0.001   0.004   0.325   0.002   0.000   0.002   0.000 1882535000
21.67    3.89    51.898
21.67 20.00   0.916   2.105
21.67 20.00   3.021    65.603
21.67 20.00   2.671   1.494   3.021   0.490
21.67 20.00   2.673   1.487   3.021   0.483

21.68  0.00   0.433   0.426   0.026   0.074   0.001   0.004   0.325   0.002   0.000   0.002   0.000 1883403000
21.68    3.89    51.893
21.68 20.00   0.915   2.105
21.68 20.00   3.020    65.602
21.68 20.00   2.671   1.494   3.020   0.490
21.68 20.00   2.673   1.486   3.020   0.483

21.69  0.00   0.433   0.426   0.026   0.074   0.001   0.004   0.325   0.002   0.000   0.002   0.000 1884272000
21.69    3.89    51.887
21.69 20.00   0.915   2.105
21.69 20.00   3.020    65.600
21.69 20.00   2.671   1.493   3.020   0.490
21.69 20.00   2.673   1.486   3.020   0.483

21.70  0.00   0.433   0.426   0.026   0.074   0.001   0.004   0.325   0.002   0.000   0.002   0.000 1885141000
21.70    3.89    51.882
21.70 20.00   0.915   2.105
21.70 20.00   3.020    65.599
21.70 20.00   2.670   1.493   3.020   0.490
21.70 20.00   2.673   1.486   3.020   0.483

21.71  0.00   0.433   0.426   0.026   0.074   0.001   0.004   0.325   0.002   0.000   0.002   0.000 1886009000
21.71    3.89    51.877
21.71 20.00   0.915   2.105
21.71 20.00   3.020    65.597
21.71 20.00   2.670   1.493   3.020   0.490
21.71 20.00   2.673   1.486   3.020   0.483

21.72  0.00   0.433   0.426   0.026   0.074   0.001   0.004   0.325   0.002   0.000   0.002   0.000 1886878000
21.72    3.89    51.871
21.72 20.00   0.915   2.105
21.72 20.00   3.020    65.596
21.72 20.00   2.670   1.493   3.020   0.490
21.72 20.00   2.673   1.486   3.020   0.483

21.73  0.00   0.433   0.426   0.026   0.074   0.001   0.004   0.325   0.002   0.000   0.002   0.000 1887747000
21.73    3.89    51.866
21.73 20.00   0.915   2.105
21.73 20.00   3.020    65.594
21.73 20.00   2.670   1.493   3.020   0.490
21.73 20.00   2.673   1.486   3.020   0.483

21.74  0.00   0.433   0.426   0.026   0.074   0.001   0.004   0.325   0.002   0.000   0.002   0.000 1888616000
21.74    3.89    51.860
21.74 20.00   0.915   2.105
21.74 20.00   3.020    65.593
21.74 20.00   2.670   1.493   3.020   0.490
21.74 20.00   2.672   1.486   3.020   0.483

21.75  0.00   0.433   0.426   0.026   0.074   0.001   0.004   0.325   0.002   0.000   0.002   0.000 1889485000
21.75    3.89    51.855
21.75 20.00   0.914   2.105
21.75 20.00   3.019    65.591
21.75 20.00   2.670   1.493   3.019   0.490
21.75 20.00   2.672   1.486   3.019   0.482

21.76  0.00   0.433   0.426   0.026   0.074   0.001   0.004   0.325   0.002   0.000   0.002   0.000 1890353000
21.76    3.89    51.850
21.76 20.00   0.914   2.105
21.76 20.00   3.019    65.590
21.76 20.00   2.670   1.493   3.019   0.490
21.76 20.00   2.672   1.486   3.019   0.482

21.77  0.00   0.433   0.426   0.026   0.074   0.001   0.004   0.325   0.002   0.000   0.002   0.000 1891222000
21.77    3.89    51.844
21.77 20.00   0.914   2.105
21.77 20.00   3.019    65.589
21.77 20.00   2.670   1.493   3.019   0.490
21.77 20.00   2.672   1.486   3.019   0.482

21.78  0.00   0.433   0.426   0.026   0.074   0.001   0.004   0.325   0.002   0.000   0.002   0.000 1892091000
21.78    3.88    51.839
21.78 20.00   0.914   2.105
21.78 20.00   3.019    65.587
21.78 20.00   2.669   1.493   3.019   0.490
21.78 20.00   2.672   1.486   3.019   0.482

21.79  0.00   0.433   0.426   0.026   0.074   0.001   0.004   0.325   0.002   0.000   0.002   0.000 1892959000
21.79    3.88    51.833
21.79 20.00   0.914   2.105
21.79 20.00   3.019    65.586
21.79 20.00   2.669   1.493   3.019   0.490
21.79 20.00   2.672   1.486   3.019   0.482

21.80  0.00   0.433   0.426   0.026   0.074   0.001   0.004   0.325   0.002   0.000   0.002   0.000 1893828000
21.80    3.88    51.828
21.80 20.00   0.914   2.105
21.80 20.00   3.019    65.584
21.80 20.00   2.669   1.493   3.019   0.490
21.80 20.00   2.672   1.486   3.019   0.482

21.81  0.00   0.433   0.426   0.026   0.074   0.001   0.004   0.325   0.002   0.000   0.002   0.000 1894697000
21.81    3.88    51.823
21.81 20.00   0.914   2.105
21.81 20.00   3.019    65.583
21.81 20.00   2.669   1.493   3.019   0.490
21.81 20.00   2.672   1.486   3.019   0.482

21.82  0.00   0.433   0.426   0.026   0.074   0.001   0.004   0.325   0.002   0.000   0.002   0.000 1895566000
21.82    3.88    51.817
21.82 20.00   0.914   2.105
21.82 20.00   3.019    65.581
21.82 20.00   2.669   1.493   3.019   0.490
21.82 20.00   2.671   1.486   3.019   0.482

21.83  0.00   0.433   0.426   0.026   0.074   0.001   0.004   0.325   0.002   0.000   0.002   0.000 1896434000
21.83    3.88    51.812
21.83 20.00   0.913   2.105
21.83 20.00   3.018    65.580
21.83 20.00   2.669   1.493   3.018   0.490
21.83 20.00   2.671   1.486   3.018   0.482

21.84  0.00   0.433   0.426   0.026   0.074   0.001   0.004   0.325   0.002   0.000   0.002   0.000 1897303000
21.84    3.88    51.806
21.84 20.00   0.913   2.105
21.84 20.00   3.018    65.579
21.84 20.00   2.669   1.493   3.018   0.490
21.84 20.00   2.671   1.486   3.018   0.482

21.85  0.00   0.433   0.426   0.026   0.074   0.001   0.004   0.325   0.002   0.000   0.002   0.000 1898172000
21.85    3.88    51.801
21.85 20.00   0.913   2.105
21.85 20.00   3.018    65.577
21.85 20.00   2.669   1.493   3.018   0.490
21.85 20.00   2.671   1.486   3.018   0.482

21.86  0.00   0.433   0.426   0.026   0.074   0.001   0.004   0.325   0.002   0.000   0.002   0.000 1899041000
21.86    3.88    51.796
21.86 20.00   0.913   2.105
21.86 20.00   3.018    65.576
21.86 20.00   2.668   1.493   3.018   0.490
21.86 20.00   2.671   1.486   3.018   0.482

21.87  0.00   0.433   0.426   0.026   0.074   0.001   0.004   0.325   0.002   0.000   0.002   0.000 1899909000
21.87    3.88    51.790
21.87 20.00   0.913   2.105
21.87 20.00   3.018    65.574
21.87 20.00   2.668   1.493   3.018   0.490
21.87 20.00   2.671   1.485   3.018   0.482

21.88  0.00   0.433   0.426   0.026   0.074   0.001   0.004   0.325   0.002   0.000   0.002   0.000 1900778000
21.88    3.88    51.785
21.88 20.00   0.913   2.105
21.88 20.00   3.018    65.573
21.88 20.00   2.668   1.492   3.018   0.490
21.88 20.00   2.671   1.485   3.018   0.482

21.89  0.00   0.433   0.426   0.026   0.074   0.001   0.004   0.325   0.002   0.000   0.002   0.000 1901647000
21.89    3.88    51.780
21.89 20.00   0.913   2.105
21.89 20.00   3.018    65.571
21.89 20.00   2.668   1.492   3.018   0.490
21.89 20.00   2.671   1.485   3.018   0.482

21.90  0.00   0.433   0.426   0.026   0.074   0.001   0.004   0.325   0.002   0.000   0.002   0.000 1902515000
21.90    3.88    51.774
21.90 20.00   0.912   2.105
21.90 20.00   3.017    65.570
21.90 20.00   2.668   1.492   3.017   0.490
21.90 20.00   2.670   1.485   3.017   0.482

21.91  0.00   0.433   0.426   0.026   0.074   0.001   0.004   0.325   0.002   0.000   0.002   0.000 1903384000
21.91    3.88    51.769
21.91 20.00   0.912   2.105
21.91 20.00   3.017    65.569
21.91 20.00   2.668   1.492   3.017   0.490
21.91 20.00   2.670   1.485   3.017   0.482

21.92  0.00   0.433   0.426   0.026   0.074   0.001   0.004   0.325   0.002   0.000   0.002   0.000 1904253000
21.92    3.88    51.763
21.92 20.00   0.912   2.105
21.92 20.00   3.017    65.567
21.92 20.00   2.668   1.492   3.017   0.490
21.92 20.00   2.670   1.485   3.017   0.482

21.93  0.00   0.433   0.426   0.026   0.074   0.001   0.004   0.325   0.002   0.000   0.002   0.000 1905122000
21.93    3.88    51.758
21.93 20.00   0.912   2.105
21.93 20.00   3.017    65.566
21.93 20.00   2.668   1.492   3.017   0.490
21.93 20.00   2.670   1.485   3.017   0.482

21.94  0.00   0.433   0.426   0.026   0.074   0.001   0.004   0.325   0.002   0.000   0.002   0.000 1905990000
21.94    3.88    51.753
21.94 20.00   0.912   2.105
21.94 20.00   3.017    65.564
21.94 20.00   2.667   1.492   3.017   0.490
21.94 20.00   2.670   1.485   3.017   0.482

21.95  0.00   0.433   0.426   0.026   0.074   0.001   0.004   0.325   0.002   0.000   0.002   0.000 1906859000
21.95    3.88    51.747
21.95 20.00   0.912   2.105
21.95 20.00   3.017    65.563
21.95 20.00   2.667   1.492   3.017   0.490
21.95 20.00   2.670   1.485   3.017   0.482

21.96  0.00   0.433   0.426   0.026   0.074   0.001   0.004   0.325   0.002   0.000   0.002   0.000 1907728000
21.96    3.88    51.742
21.96 20.00   0.912   2.105
21.96 20.00   3.017    65.561
21.96 20.00   2.667   1.492   3.017   0.490
21.96 20.00   2.670   1.485   3.017   0.482

21.97  0.00   0.433   0.426   0.026   0.074   0.001   0.004   0.325   0.002   0.000   0.002   0.000 1908596000
21.97    3.87    51.737
21.97 20.00   0.912   2.105
21.97 20.00   3.016    65.560
21.97 20.00   2.667   1.492   3.016   0.490
21.97 20.00   2.670   1.485   3.016   0.482

21.98  0.00   0.433   0.426   0.026   0.074   0.001   0.004   0.325   0.002   0.000   0.002   0.000 1909465000
21.98    3.87    51.731
21.98 20.00   0.911   2.105
21.98 20.00   3.016    65.559
21.98 20.00   2.667   1.492   3.016   0.490
21.98 20.00   2.669   1.485   3.016   0.482

21.99  0.00   0.433   0.426   0.026   0.074   0.001   0.004   0.325   0.002   0.000   0.002   0.000 1910334000
21.99    3.87    51.726
21.99 20.00   0.911   2.105
21.99 20.00   3.016    65.557
21.99 20.00   2.667   1.492   3.016   0.490
21.99 20.00   2.669   1.485   3.016   0.482

22.00  0.00   0.433   0.426   0.026   0.074   0.001   0.004   0.325   0.002   0.000   0.002   0.000 1911203000
22.00    3.87    51.721
22.00 20.00   0.911   2.105
22.00 20.00   3.016    65.556
22.00 20.00   2.667   1.492   3.016   0.490
22.00 20.00   2.669   1.485   3.016   0.482

22.01  0.00   0.433   0.426   0.026   0.074   0.001   0.004   0.325   0.002   0.000   0.002   0.000 1912072000
22.01    3.87    51.715
22.01 20.00   0.911   2.105
22.01 20.00   3.016    65.554
22.01 20.00   2.667   1.492   3.016   0.490
22.01 20.00   2.669   1.485   3.016   0.482

22.02  0.00   0.433   0.426   0.026   0.074   0.001   0.004   0.325   0.002   0.000   0.002   0.000 1912940000
22.02    3.87    51.710
22.02 20.00   0.911   2.105
22.02 20.00   3.016    65.553
22.02 20.00   2.666   1.492   3.016   0.490
22.02 20.00   2.669   1.485   3.016   0.482

22.03  0.00   0.432   0.426   0.026   0.074   0.001   0.004   0.325   0.002   0.000   0.002   0.000 1913809000
22.03    3.87    51.705
22.03 20.00   0.911   2.105
22.03 20.00   3.016    65.552
22.03 20.00   2.666   1.492   3.016   0.490
22.03 20.00   2.669   1.485   3.016   0.482

22.04  0.00   0.432   0.426   0.026   0.074   0.001   0.004   0.325   0.002   0.000   0.002   0.000 1914678000
22.04    3.87    51.699
22.04 20.00   0.911   2.105
22.04 20.00   3.016    65.550
22.04 20.00   2.666   1.492   3.016   0.490
22.04 20.00   2.669   1.485   3.016   0.482

22.05  0.00   0.432   0.426   0.026   0.074   0.001   0.004   0.325   0.002   0.000   0.002   0.000 1915546000
22.05    3.87    51.694
22.05 20.00   0.910   2.105
22.05 20.00   3.015    65.549
22.05 20.00   2.666   1.492   3.015   0.490
22.05 20.00   2.669   1.485   3.015   0.482

22.06  0.00   0.432   0.426   0.026   0.074   0.001   0.004   0.325   0.002   0.000   0.002   0.000 1916415000
22.06    3.87    51.689
22.06 20.00   0.910   2.105
22.06 20.00   3.015    65.547
22.06 20.00   2.666   1.492   3.015   0.490
22.06 20.00   2.669   1.484   3.015   0.482

22.07  0.00   0.432   0.426   0.026   0.074   0.001   0.004   0.325   0.002   0.000   0.002   0.000 1917284000
22.07    3.87    51.683
22.07 20.00   0.910   2.105
22.07 20.00   3.015    65.546
22.07 20.00   2.666   1.491   3.015   0.490
22.07 20.00   2.668   1.484   3.015   0.482

22.08  0.00   0.432   0.426   0.026   0.074   0.001   0.004   0.325   0.002   0.000   0.002   0.000 1918153000
22.08    3.87    51.678
22.08 20.00   0.910   2.105
22.08 20.00   3.015    65.544
22.08 20.00   2.666   1.491   3.015   0.490
22.08 20.00   2.668   1.484   3.015   0.482

22.09  0.00   0.432   0.426   0.026   0.074   0.001   0.004   0.325   0.002   0.000   0.002   0.000 1919021000
22.09    3.87    51.673
22.09 20.00   0.910   2.105
22.09 20.00   3.015    65.543
22.09 20.00   2.666   1.491   3.015   0.490
22.09 20.00   2.668   1.484   3.015   0.482

22.10  0.00   0.432   0.426   0.026   0.074   0.001   0.004   0.325   0.002   0.000   0.002   0.000 1919890000
22.10    3.87    51.667
22.10 20.00   0.910   2.105
22.10 20.00   3.015    65.542
22.10 20.00   2.665   1.491   3.015   0.490
22.10 20.00   2.668   1.484   3.015   0.482

22.11  0.00   0.432   0.426   0.026   0.074   0.001   0.004   0.325   0.002   0.000   0.002   0.000 1920759000
22.11    3.87    51.662
22.11 20.00   0.910   2.105
22.11 20.00   3.015    65.540
22.11 20.00   2.665   1.491   3.015   0.490
22.11 20.00   2.668   1.484   3.015   0.482

22.12  0.00   0.432   0.426   0.026   0.073   0.001   0.004   0.325   0.002   0.000   0.002   0.000 1921628000
22.12    3.87    51.657
22.12 20.00   0.910   2.105
22.12 20.00   3.015    65.539
22.12 20.00   2.665   1.491   3.015   0.490
22.12 20.00   2.668   1.484   3.015   0.482

22.13  0.00   0.432   0.426   0.026   0.073   0.001   0.004   0.325   0.002   0.000   0.002   0.000 1922496000
22.13    3.87    51.651
22.13 20.00   0.909   2.105
22.13 20.00   3.014    65.537
22.13 20.00   2.665   1.491   3.014   0.490
22.13 20.00   2.668   1.484   3.014   0.482

22.14  0.00   0.432   0.426   0.026   0.073   0.001   0.004   0.325   0.002   0.000   0.002   0.000 1923365000
22.14    3.87    51.646
22.14 20.00   0.909   2.105
22.14 20.00   3.014    65.536
22.14 20.00   2.665   1.491   3.014   0.490
22.14 20.00   2.668   1.484   3.014   0.482

22.15  0.00   0.432   0.426   0.026   0.073   0.001   0.004   0.325   0.002   0.000   0.002   0.000 1924234000
22.15    3.87    51.641
22.15 20.00   0.909   2.105
22.15 20.00   3.014    65.535
22.15 20.00   2.665   1.491   3.014   0.490
22.15 20.00   2.667   1.484   3.014   0.482

22.16  0.00   0.432   0.426   0.026   0.073   0.001   0.004   0.325   0.002   0.000   0.002   0.000 1925102000
22.16    3.87    51.635
22.16 20.00   0.909   2.105
22.16 20.00   3.014    65.533
22.16 20.00   2.665   1.491   3.014   0.490
22.16 20.00   2.667   1.484   3.014   0.482

22.17  0.00   0.432   0.426   0.026   0.073   0.001   0.004   0.325   0.002   0.000   0.002   0.000 1925971000
22.17    3.86    51.630
22.17 20.00   0.909   2.105
22.17 20.00   3.014    65.532
22.17 20.00   2.665   1.491   3.014   0.490
22.17 20.00   2.667   1.484   3.014   0.482

22.18  0.00   0.432   0.426   0.026   0.073   0.001   0.004   0.325   0.002   0.000   0.002   0.000 1926840000
22.18    3.86    51.625
22.18 20.00   0.909   2.105
22.18 20.00   3.014    65.530
22.18 20.00   2.664   1.491   3.014   0.490
22.18 20.00   2.667   1.484   3.014   0.482

22.19  0.00   0.432   0.426   0.026   0.073   0.001   0.004   0.325   0.002   0.000   0.002   0.000 1927709000
22.19    3.86    51.620
22.19 20.00   0.909   2.105
22.19 20.00   3.014    65.529
22.19 20.00   2.664   1.491   3.014   0.490
22.19 20.00   2.667   1.484   3.014   0.482

22.20  0.00   0.432   0.426   0.026   0.073   0.001   0.004   0.325   0.002   0.000   0.002   0.000 1928577000
22.20    3.86    51.614
22.20 20.00   0.908   2.105
22.20 20.00   3.013    65.528
22.20 20.00   2.664   1.491   3.013   0.490
22.20 20.00   2.667   1.484   3.013   0.482

22.21  0.00   0.432   0.426   0.026   0.073   0.001   0.004   0.325   0.002   0.000   0.002   0.000 1929446000
22.21    3.86    51.609
22.21 20.00   0.908   2.105
22.21 20.00   3.013    65.526
22.21 20.00   2.664   1.491   3.013   0.490
22.21 20.00   2.667   1.484   3.013   0.482

22.22  0.00   0.432   0.426   0.026   0.073   0.001   0.004   0.325   0.002   0.000   0.002   0.000 1930315000
22.22    3.86    51.604
22.22 20.00   0.908   2.105
22.22 20.00   3.013    65.525
22.22 20.00   2.664   1.491   3.013   0.490
22.22 20.00   2.667   1.484   3.013   0.482

22.23  0.00   0.432   0.426   0.026   0.073   0.001   0.004   0.325   0.002   0.000   0.002   0.000 1931183000
22.23    3.86    51.598
22.23 20.00   0.908   2.105
22.23 20.00   3.013    65.524
22.23 20.00   2.664   1.491   3.013   0.490
22.23 20.00   2.666   1.484   3.013   0.482

22.24  0.00   0.432   0.426   0.026   0.073   0.001   0.004   0.325   0.002   0.000   0.002   0.000 1932052000
22.24    3.86    51.593
22.24 20.00   0.908   2.105
22.24 20.00   3.013    65.522
22.24 20.00   2.664   1.491   3.013   0.490
22.24 20.00   2.666   1.484   3.013   0.482

22.25  0.00   0.432   0.426   0.026   0.073   0.001   0.004   0.325   0.002   0.000   0.002   0.000 1932921000
22.25    3.86    51.588
22.25 20.00   0.908   2.105
22.25 20.00   3.013    65.521
22.25 20.00   2.664   1.491   3.013   0.490
22.25 20.00   2.666   1.483   3.013   0.482

22.26  0.00   0.432   0.426   0.026   0.073   0.001   0.004   0.325   0.002   0.000   0.002   0.000 1933790000
22.26    3.86    51.583
22.26 20.00   0.908   2.105
22.26 20.00   3.013    65.519
22.26 20.00   2.664   1.490   3.013   0.490
22.26 20.00   2.666   1.483   3.013   0.482

22.27  0.00   0.432   0.426   0.026   0.073   0.001   0.004   0.325   0.002   0.000   0.002   0.000 1934658000
22.27    3.86    51.577
22.27 20.00   0.908   2.105
22.27 20.00   3.013    65.518
22.27 20.00   2.663   1.490   3.013   0.490
22.27 20.00   2.666   1.483   3.013   0.482

22.28  0.00   0.432   0.426   0.026   0.073   0.001   0.004   0.325   0.002   0.000   0.002   0.000 1935527000
22.28    3.86    51.572
22.28 20.00   0.907   2.105
22.28 20.00   3.012    65.517
22.28 20.00   2.663   1.490   3.012   0.490
22.28 20.00   2.666   1.483   3.012   0.482

22.29  0.00   0.432   0.426   0.026   0.073   0.001   0.004   0.325   0.002   0.000   0.002   0.000 1936396000
22.29    3.86    51.567
22.29 20.00   0.907   2.105
22.29 20.00   3.012    65.515
22.29 20.00   2.663   1.490   3.012   0.490
22.29 20.00   2.666   1.483   3.012   0.482

22.30  0.00   0.432   0.426   0.026   0.073   0.001   0.004   0.325   0.002   0.000   0.002   0.000 1937265000
22.30    3.86    51.561
22.30 20.00   0.907   2.105
22.30 20.00   3.012    65.514
22.30 20.00   2.663   1.490   3.012   0.490
22.30 20.00   2.666   1.483   3.012   0.482

22.31  0.00   0.432   0.426   0.026   0.073   0.001   0.004   0.325   0.002   0.000   0.002   0.000 1938133000
22.31    3.86    51.556
22.31 20.00   0.907   2.105
22.31 20.00   3.012    65.512
22.31 20.00   2.663   1.490   3.012   0.490
22.31 20.00   2.665   1.483   3.012   0.482

22.32  0.00   0.432   0.426   0.026   0.073   0.001   0.004   0.325   0.002   0.000   0.002   0.000 1939002000
22.32    3.86    51.551
22.32 20.00   0.907   2.105
22.32 20.00   3.012    65.511
22.32 20.00   2.663   1.490   3.012   0.490
22.32 20.00   2.665   1.483   3.012   0.482

22.33  0.00   0.432   0.426   0.026   0.073   0.001   0.004   0.325   0.002   0.000   0.002   0.000 1939871000
22.33    3.86    51.546
22.33 20.00   0.907   2.105
22.33 20.00   3.012    65.510
22.33 20.00   2.663   1.490   3.012   0.490
22.33 20.00   2.665   1.483   3.012   0.482

22.34  0.00   0.432   0.426   0.026   0.073   0.001   0.004   0.325   0.002   0.000   0.002   0.000 1940740000
22.34    3.86    51.540
22.34 20.00   0.907   2.105
22.34 20.00   3.012    65.508
22.34 20.00   2.663   1.490   3.012   0.490
22.34 20.00   2.665   1.483   3.012   0.482

22.35  0.00   0.432   0.426   0.026   0.073   0.001   0.004   0.325   0.002   0.000   0.002   0.000 1941608000
22.35    3.86    51.535
22.35 20.00   0.907   2.105
22.35 20.00   3.011    65.507
22.35 20.00   2.662   1.490   3.011   0.490
22.35 20.00   2.665   1.483   3.011   0.482

22.36  0.00   0.432   0.426   0.026   0.073   0.001   0.004   0.325   0.002   0.000   0.002   0.000 1942477000
22.36    3.86    51.530
22.36 20.00   0.906   2.105
22.36 20.00   3.011    65.506
22.36 20.00   2.662   1.490   3.011   0.490
22.36 20.00   2.665   1.483   3.011   0.482

22.37  0.00   0.432   0.426   0.026   0.073   0.001   0.004   0.325   0.002   0.000   0.002   0.000 1943346000
22.37    3.85    51.525
22.37 20.00   0.906   2.105
22.37 20.00   3.011    65.504
22.37 20.00   2.662   1.490   3.011   0.490
22.37 20.00   2.665   1.483   3.011   0.482

22.38  0.00   0.432   0.426   0.026   0.073   0.001   0.004   0.325   0.002   0.000   0.002   0.000 1944214000
22.38    3.85    51.519
22.38 20.00   0.906   2.105
22.38 20.00   3.011    65.503
22.38 20.00   2.662   1.490   3.011   0.490
22.38 20.00   2.665   1.483   3.011   0.482

22.39  0.00   0.432   0.426   0.026   0.073   0.001   0.004   0.325   0.002   0.000   0.002   0.000 1945083000
22.39    3.85    51.514
22.39 20.00   0.906   2.105
22.39 20.00   3.011    65.501
22.39 20.00   2.662   1.490   3.011   0.490
22.39 20.00   2.665   1.483   3.011   0.482

22.40  0.00   0.432   0.426   0.026   0.073   0.001   0.004   0.325   0.002   0.000   0.002   0.000 1945952000
22.40    3.85    51.509
22.40 20.00   0.906   2.105
22.40 20.00   3.011    65.500
22.40 20.00   2.662   1.490   3.011   0.490
22.40 20.00   2.664   1.483   3.011   0.482

22.41  0.00   0.432   0.426   0.026   0.073   0.001   0.004   0.325   0.002   0.000   0.002   0.000 1946821000
22.41    3.85    51.503
22.41 20.00   0.906   2.105
22.41 20.00   3.011    65.499
22.41 20.00   2.662   1.490   3.011   0.490
22.41 20.00   2.664   1.483   3.011   0.482

22.42  0.00   0.432   0.426   0.026   0.073   0.001   0.004   0.325   0.002   0.000   0.002   0.000 1947689000
22.42    3.85    51.498
22.42 20.00   0.906   2.105
22.42 20.00   3.011    65.497
22.42 20.00   2.662   1.490   3.011   0.490
22.42 20.00   2.664   1.483   3.011   0.482

22.43  0.00   0.432   0.426   0.026   0.073   0.001   0.004   0.325   0.002   0.000   0.002   0.000 1948558000
22.43    3.85    51.493
22.43 20.00   0.905   2.105
22.43 20.00   3.010    65.496
22.43 20.00   2.661   1.490   3.010   0.490
22.43 20.00   2.664   1.483   3.010   0.482

22.44  0.00   0.432   0.426   0.026   0.073   0.001   0.004   0.325   0.002   0.000   0.002   0.000 1949427000
22.44    3.85    51.488
22.44 20.00   0.905   2.105
22.44 20.00   3.010    65.495
22.44 20.00   2.661   1.490   3.010   0.489
22.44 20.00   2.664   1.483   3.010   0.482

22.45  0.00   0.432   0.426   0.026   0.073   0.001   0.004   0.325   0.002   0.000   0.002   0.000 1950296000
22.45    3.85    51.482
22.45 20.00   0.905   2.105
22.45 20.00   3.010    65.493
22.45 20.00   2.661   1.490   3.010   0.489
22.45 20.00   2.664   1.482   3.010   0.482

22.46  0.00   0.432   0.426   0.026   0.073   0.001   0.004   0.325   0.002   0.000   0.002   0.000 1951164000
22.46    3.85    51.477
22.46 20.00   0.905   2.105
22.46 20.00   3.010    65.492
22.46 20.00   2.661   1.489   3.010   0.489
22.46 20.00   2.664   1.482   3.010   0.482

22.47  0.00   0.432   0.426   0.026   0.073   0.001   0.004   0.325   0.002   0.000   0.002   0.000 1952033000
22.47    3.85    51.472
22.47 20.00   0.905   2.105
22.47 20.00   3.010    65.491
22.47 20.00   2.661   1.489   3.010   0.489
22.47 20.00   2.664   1.482   3.010   0.482

22.48  0.00   0.432   0.426   0.026   0.073   0.001   0.004   0.325   0.002   0.000   0.002   0.000 1952902000
22.48    3.85    51.467
22.48 20.00   0.905   2.105
22.48 20.00   3.010    65.489
22.48 20.00   2.661   1.489   3.010   0.489
22.48 20.00   2.663   1.482   3.010   0.482

22.49  0.00   0.432   0.426   0.026   0.073   0.001   0.004   0.325   0.002   0.000   0.002   0.000 1953770000
22.49    3.85    51.461
22.49 20.00   0.905   2.105
22.49 20.00   3.010    65.488
22.49 20.00   2.661   1.489   3.010   0.489
22.49 20.00   2.663   1.482   3.010   0.482

22.50  0.00   0.432   0.426   0.026   0.073   0.001   0.004   0.325   0.002   0.000   0.002   0.000 1954639000
22.50    3.85    51.456
22.50 20.00   0.905   2.105
22.50 20.00   3.010    65.487
22.50 20.00   2.661   1.489   3.010   0.489
22.50 20.00   2.663   1.482   3.010   0.482

22.51  0.00   0.432   0.426   0.026   0.073   0.001   0.004   0.325   0.002   0.000   0.002   0.000 1955508000
22.51    3.85    51.451
22.51 20.00   0.904   2.105
22.51 20.00   3.009    65.485
22.51 20.00   2.661   1.489   3.009   0.489
22.51 20.00   2.663   1.482   3.009   0.482

22.52  0.00   0.432   0.426   0.026   0.073   0.001   0.004   0.325   0.002   0.000   0.002   0.000 1956377000
22.52    3.85    51.446
22.52 20.00   0.904   2.105
22.52 20.00   3.009    65.484
22.52 20.00   2.660   1.489   3.009   0.489
22.52 20.00   2.663   1.482   3.009   0.482

22.53  0.00   0.432   0.426   0.026   0.073   0.001   0.004   0.325   0.002   0.000   0.002   0.000 1957245000
22.53    3.85    51.441
22.53 20.00   0.904   2.105
22.53 20.00   3.009    65.482
22.53 20.00   2.660   1.489   3.009   0.489
22.53 20.00   2.663   1.482   3.009   0.482

22.54  0.00   0.432   0.426   0.026   0.073   0.001   0.004   0.325   0.002   0.000   0.002   0.000 1958114000
22.54    3.85    51.435
22.54 20.00   0.904   2.105
22.54 20.00   3.009    65.481
22.54 20.00   2.660   1.489   3.009   0.489
22.54 20.00   2.663   1.482   3.009   0.482

22.55  0.00   0.432   0.426   0.026   0.073   0.001   0.004   0.325   0.002   0.000   0.002   0.000 1958983000
22.55    3.85    51.430
22.55 20.00   0.904   2.105
22.55 20.00   3.009    65.480
22.55 20.00   2.660   1.489   3.009   0.489
22.55 20.00   2.663   1.482   3.009   0.482

22.56  0.00   0.432   0.426   0.026   0.073   0.001   0.004   0.325   0.002   0.000   0.002   0.000 1959852000
22.56    3.85    51.425
22.56 20.00   0.904   2.105
22.56 20.00   3.009    65.478
22.56 20.00   2.660   1.489   3.009   0.489
22.56 20.00   2.663   1.482   3.009   0.482

22.57  0.00   0.432   0.426   0.026   0.073   0.001   0.004   0.325   0.002   0.000   0.002   0.000 1960720000
22.57    3.84    51.420
22.57 20.00   0.904   2.105
22.57 20.00   3.009    65.477
22.57 20.00   2.660   1.489   3.009   0.489
22.57 20.00   2.662   1.482   3.009   0.482

22.58  0.00   0.432   0.426   0.026   0.073   0.001   0.004   0.325   0.002   0.000   0.002   0.000 1961589000
22.58    3.84    51.414
22.58 20.00   0.904   2.105
22.58 20.00   3.009    65.476
22.58 20.00   2.660   1.489   3.009   0.489
22.58 20.00   2.662   1.482   3.009   0.482

22.59  0.00   0.432   0.426   0.026   0.073   0.001   0.004   0.325   0.002   0.000   0.002   0.000 1962458000
22.59    3.84    51.409
22.59 20.00   0.903   2.105
22.59 20.00   3.008    65.474
22.59 20.00   2.660   1.489   3.008   0.489
22.59 20.00   2.662   1.482   3.008   0.482

22.60  0.00   0.432   0.426   0.026   0.073   0.001   0.004   0.325   0.002   0.000   0.002   0.000 1963326000
22.60    3.84    51.404
22.60 20.00   0.903   2.105
22.60 20.00   3.008    65.473
22.60 20.00   2.659   1.489   3.008   0.489
22.60 20.00   2.662   1.482   3.008   0.482

22.61  0.00   0.432   0.426   0.026   0.073   0.001   0.004   0.325   0.002   0.000   0.002   0.000 1964195000
22.61    3.84    51.399
22.61 20.00   0.903   2.105
22.61 20.00   3.008    65.472
22.61 20.00   2.659   1.489   3.008   0.489
22.61 20.00   2.662   1.482   3.008   0.482

22.62  0.00   0.432   0.426   0.026   0.073   0.001   0.004   0.325   0.002   0.000   0.002   0.000 1965064000
22.62    3.84    51.393
22.62 20.00   0.903   2.105
22.62 20.00   3.008    65.470
22.62 20.00   2.659   1.489   3.008   0.489
22.62 20.00   2.662   1.482   3.008   0.482

22.63  0.00   0.432   0.426   0.026   0.073   0.001   0.004   0.325   0.002   0.000   0.002   0.000 1965933000
22.63    3.84    51.388
22.63 20.00   0.903   2.105
22.63 20.00   3.008    65.469
22.63 20.00   2.659   1.489   3.008   0.489
22.63 20.00   2.662   1.482   3.008   0.482

22.64  0.00   0.432   0.425   0.026   0.073   0.001   0.004   0.325   0.002   0.000   0.002   0.000 1966801000
22.64    3.84    51.383
22.64 20.00   0.903   2.105
22.64 20.00   3.008    65.468
22.64 20.00   2.659   1.489   3.008   0.489
22.64 20.00   2.662   1.482   3.008   0.482

22.65  0.00   0.432   0.425   0.026   0.073   0.001   0.004   0.325   0.002   0.000   0.002   0.000 1967670000
22.65    3.84    51.378
22.65 20.00   0.903   2.105
22.65 20.00   3.008    65.466
22.65 20.00   2.659   1.489   3.008   0.489
22.65 20.00   2.661   1.481   3.008   0.482

22.66  0.00   0.432   0.425   0.026   0.073   0.001   0.004   0.325   0.002   0.000   0.002   0.000 1968539000
22.66    3.84    51.373
22.66 20.00   0.903   2.105
22.66 20.00   3.008    65.465
22.66 20.00   2.659   1.488   3.008   0.489
22.66 20.00   2.661   1.481   3.008   0.482

22.67  0.00   0.432   0.425   0.026   0.073   0.001   0.004   0.325   0.002   0.000   0.002   0.000 1969408000
22.67    3.84    51.367
22.67 20.00   0.902   2.105
22.67 20.00   3.007    65.464
22.67 20.00   2.659   1.488   3.007   0.489
22.67 20.00   2.661   1.481   3.007   0.482

22.68  0.00   0.432   0.425   0.026   0.073   0.001   0.004   0.325   0.002   0.000   0.002   0.000 1970276000
22.68    3.84    51.362
22.68 20.00   0.902   2.105
22.68 20.00   3.007    65.462
22.68 20.00   2.659   1.488   3.007   0.489
22.68 20.00   2.661   1.481   3.007   0.482

22.69  0.00   0.432   0.425   0.026   0.073   0.001   0.004   0.325   0.002   0.000   0.002   0.000 1971145000
22.69    3.84    51.357
22.69 20.00   0.902   2.105
22.69 20.00   3.007    65.461
22.69 20.00   2.658   1.488   3.007   0.489
22.69 20.00   2.661   1.481   3.007   0.482

22.70  0.00   0.432   0.425   0.026   0.073   0.001   0.004   0.325   0.002   0.000   0.002   0.000 1972014000
22.70    3.84    51.352
22.70 20.00   0.902   2.105
22.70 20.00   3.007    65.460
22.70 20.00   2.658   1.488   3.007   0.489
22.70 20.00   2.661   1.481   3.007   0.482

22.71  0.00   0.432   0.425   0.026   0.073   0.001   0.004   0.324   0.002   0.000   0.002   0.000 1972882000
22.71    3.84    51.347
22.71 20.00   0.902   2.105
22.71 20.00   3.007    65.458
22.71 20.00   2.658   1.488   3.007   0.489
22.71 20.00   2.661   1.481   3.007   0.482

22.72  0.00   0.432   0.425   0.026   0.073   0.001   0.004   0.324   0.002   0.000   0.002   0.000 1973751000
22.72    3.84    51.341
22.72 20.00   0.902   2.105
22.72 20.00   3.007    65.457
22.72 20.00   2.658   1.488   3.007   0.489
22.72 20.00   2.661   1.481   3.007   0.482

22.73  0.00   0.432   0.425   0.026   0.073   0.001   0.004   0.324   0.002   0.000   0.002   0.000 1974620000
22.73    3.84    51.336
22.73 20.00   0.902   2.105
22.73 20.00   3.007    65.456
22.73 20.00   2.658   1.488   3.007   0.489
22.73 20.00   2.661   1.481   3.007   0.482

22.74  0.00   0.432   0.425   0.026   0.073   0.001   0.004   0.324   0.002   0.000   0.002   0.000 1975489000
22.74    3.84    51.331
22.74 20.00   0.902   2.105
22.74 20.00   3.007    65.454
22.74 20.00   2.658   1.488   3.007   0.489
22.74 20.00   2.660   1.481   3.007   0.482

22.75  0.00   0.432   0.425   0.026   0.073   0.001   0.004   0.324   0.002   0.000   0.002   0.000 1976357000
22.75    3.84    51.326
22.75 20.00   0.901   2.105
22.75 20.00   3.006    65.453
22.75 20.00   2.658   1.488   3.006   0.489
22.75 20.00   2.660   1.481   3.006   0.482

22.76  0.00   0.432   0.425   0.026   0.073   0.001   0.004   0.324   0.002   0.000   0.002   0.000 1977226000
22.76    3.84    51.320
22.76 20.00   0.901   2.105
22.76 20.00   3.006    65.452
22.76 20.00   2.658   1.488   3.006   0.489
22.76 20.00   2.660   1.481   3.006   0.482

22.77  0.00   0.432   0.425   0.026   0.073   0.001   0.004   0.324   0.002   0.000   0.002   0.000 1978095000
22.77    3.83    51.315
22.77 20.00   0.901   2.105
22.77 20.00   3.006    65.450
22.77 20.00   2.658   1.488   3.006   0.489
22.77 20.00   2.660   1.481   3.006   0.482

22.78  0.00   0.432   0.425   0.026   0.073   0.001   0.004   0.324   0.002   0.000   0.002   0.000 1978964000
22.78    3.83    51.310
22.78 20.00   0.901   2.105
22.78 20.00   3.006    65.449
22.78 20.00   2.657   1.488   3.006   0.489
22.78 20.00   2.660   1.481   3.006   0.482

22.79  0.00   0.432   0.425   0.026   0.073   0.001   0.004   0.324   0.002   0.000   0.002   0.000 1979832000
22.79    3.83    51.305
22.79 20.00   0.901   2.105
22.79 20.00   3.006    65.448
22.79 20.00   2.657   1.488   3.006   0.489
22.79 20.00   2.660   1.481   3.006   0.482

22.80  0.00   0.432   0.425   0.026   0.073   0.001   0.004   0.324   0.002   0.000   0.002   0.000 1980701000
22.80    3.83    51.300
22.80 20.00   0.901   2.105
22.80 20.00   3.006    65.446
22.80 20.00   2.657   1.488   3.006   0.489
22.80 20.00   2.660   1.481   3.006   0.482

22.81  0.00   0.432   0.425   0.026   0.073   0.001   0.004   0.324   0.002   0.000   0.002   0.000 1981570000
22.81    3.83    51.295
22.81 20.00   0.901   2.105
22.81 20.00   3.006    65.445
22.81 20.00   2.657   1.488   3.006   0.489
22.81 20.00   2.660   1.481   3.006   0.482

22.82  0.00   0.432   0.425   0.026   0.073   0.001   0.004   0.324   0.002   0.000   0.002   0.000 1982438000
22.82    3.83    51.289
22.82 20.00   0.901   2.105
22.82 20.00   3.006    65.444
22.82 20.00   2.657   1.488   3.006   0.489
22.82 20.00   2.659   1.481   3.006   0.482

22.83  0.00   0.432   0.425   0.026   0.073   0.001   0.004   0.324   0.002   0.000   0.002   0.000 1983307000
22.83    3.83    51.284
22.83 20.00   0.900   2.105
22.83 20.00   3.005    65.442
22.83 20.00   2.657   1.488   3.005   0.489
22.83 20.00   2.659   1.481   3.005   0.482

22.84  0.00   0.432   0.425   0.026   0.073   0.001   0.004   0.324   0.002   0.000   0.002   0.000 1984176000
22.84    3.83    51.279
22.84 20.00   0.900   2.105
22.84 20.00   3.005    65.441
22.84 20.00   2.657   1.488   3.005   0.489
22.84 20.00   2.659   1.481   3.005   0.482

22.85  0.00   0.432   0.425   0.026   0.073   0.001   0.004   0.324   0.002   0.000   0.002   0.000 1985045000
22.85    3.83    51.274
22.85 20.00   0.900   2.105
22.85 20.00   3.005    65.440
22.85 20.00   2.657   1.488   3.005   0.489
22.85 20.00   2.659   1.480   3.005   0.482

22.86  0.00   0.432   0.425   0.026   0.073   0.001   0.004   0.324   0.002   0.000   0.002   0.000 1985913000
22.86    3.83    51.269
22.86 20.00   0.900   2.105
22.86 20.00   3.005    65.438
22.86 20.00   2.656   1.487   3.005   0.489
22.86 20.00   2.659   1.480   3.005   0.482

22.87  0.00   0.432   0.425   0.026   0.073   0.001   0.004   0.324   0.002   0.000   0.002   0.000 1986782000
22.87    3.83    51.263
22.87 20.00   0.900   2.105
22.87 20.00   3.005    65.437
22.87 20.00   2.656   1.487   3.005   0.489
22.87 20.00   2.659   1.480   3.005   0.482

22.88  0.00   0.432   0.425   0.026   0.073   0.001   0.004   0.324   0.002   0.000   0.002   0.000 1987651000
22.88    3.83    51.258
22.88 20.00   0.900   2.105
22.88 20.00   3.005    65.436
22.88 20.00   2.656   1.487   3.005   0.489
22.88 20.00   2.659   1.480   3.005   0.482

22.89  0.00   0.432   0.425   0.026   0.073   0.001   0.004   0.324   0.002   0.000   0.002   0.000 1988520000
22.89    3.83    51.253
22.89 20.00   0.900   2.105
22.89 20.00   3.005    65.435
22.89 20.00   2.656   1.487   3.005   0.489
22.89 20.00   2.659   1.480   3.005   0.482

22.90  0.00   0.432   0.425   0.026   0.073   0.001   0.004   0.324   0.002   0.000   0.002   0.000 1989388000
22.90    3.83    51.248
22.90 20.00   0.900   2.105
22.90 20.00   3.005    65.433
22.90 20.00   2.656   1.487   3.005   0.489
22.90 20.00   2.659   1.480   3.005   0.482

22.91  0.00   0.432   0.425   0.026   0.073   0.001   0.004   0.324   0.002   0.000   0.002   0.000 1990257000
22.91    3.83    51.243
22.91 20.00   0.899   2.105
22.91 20.00   3.004    65.432
22.91 20.00   2.656   1.487   3.004   0.489
22.91 20.00   2.658   1.480   3.004   0.482

22.92  0.00   0.432   0.425   0.026   0.073   0.001   0.004   0.324   0.002   0.000   0.002   0.000 1991126000
22.92    3.83    51.237
22.92 20.00   0.899   2.105
22.92 20.00   3.004    65.431
22.92 20.00   2.656   1.487   3.004   0.489
22.92 20.00   2.658   1.480   3.004   0.482

22.93  0.00   0.432   0.425   0.026   0.073   0.001   0.004   0.324   0.002   0.000   0.002   0.000 1991994000
22.93    3.83    51.232
22.93 20.00   0.899   2.105
22.93 20.00   3.004    65.429
22.93 20.00   2.656   1.487   3.004   0.489
22.93 20.00   2.658   1.480   3.004   0.482

22.94  0.00   0.432   0.425   0.026   0.073   0.001   0.004   0.324   0.002   0.000   0.002   0.000 1992863000
22.94    3.83    51.250
22.94 20.00   0.899   2.105
22.94 20.00   3.004    65.428
22.94 20.00   2.656   1.487   3.004   0.489
22.94 20.00   2.658   1.480   3.004   0.482

22.95  0.00   0.432   0.425   0.026   0.073   0.001   0.004   0.324   0.002   0.000   0.002   0.000 1993732000
22.95    3.83    51.246
22.95 20.00   0.899   2.105
22.95 20.00   3.004    65.427
22.95 20.00   2.655   1.487   3.004   0.489
22.95 20.00   2.658   1.480   3.004   0.482

22.96  0.00   0.432   0.425   0.026   0.073   0.001   0.004   0.324   0.002   0.000   0.002   0.000 1994601000
22.96    3.83    51.242
22.96 20.00   0.899   2.105
22.96 20.00   3.004    65.425
22.96 20.00   2.655   1.487   3.004   0.489
22.96 20.00   2.658   1.480   3.004   0.482

22.97  0.00   0.432   0.425   0.026   0.073   0.001   0.004   0.324   0.002   0.000   0.002   0.000 1995469000
22.97    3.83    51.238
22.97 20.00   0.899   2.105
22.97 20.00   3.004    65.424
22.97 20.00   2.655   1.487   3.004   0.489
22.97 20.00   2.658   1.480   3.004   0.482

22.98  0.00   0.432   0.425   0.026   0.073   0.001   0.004   0.324   0.002   0.000   0.002   0.000 1996338000
22.98    3.83    51.233
22.98 20.00   0.899   2.105
22.98 20.00   3.004    65.423
22.98 20.00   2.655   1.487   3.004   0.489
22.98 20.00   2.658   1.480   3.004   0.482

22.99  0.00   0.432   0.425   0.026   0.073   0.001   0.004   0.324   0.002   0.000   0.002   0.000 1997207000
22.99    3.83    51.229
22.99 20.00   0.898   2.105
22.99 20.00   3.003    65.421
22.99 20.00   2.655   1.487   3.003   0.489
22.99 20.00   2.658   1.480   3.003   0.482

23.00  0.00   0.432   0.425   0.026   0.073   0.001   0.004   0.324   0.002   0.000   0.002   0.000 1998076000
23.00    3.83    51.225
23.00 20.00   0.898   2.105
23.00 20.00   3.003    65.420
23.00 20.00   2.655   1.487   3.003   0.489
23.00 20.00   2.657   1.480   3.003   0.482

23.01  0.00   0.432   0.425   0.026   0.073   0.001   0.004   0.324   0.002   0.000   0.002   0.000 1998944000
23.01    3.83    51.221
23.01 20.00   0.898   2.105
23.01 20.00   3.003    65.419
23.01 20.00   2.655   1.487   3.003   0.489
23.01 20.00   2.657   1.480   3.003   0.482

23.02  0.00   0.432   0.425   0.026   0.073   0.001   0.004   0.324   0.002   0.000   0.002   0.000 1999813000
23.02    3.83    51.216
23.02 20.00   0.898   2.105
23.02 20.00   3.003    65.418
23.02 20.00   2.655   1.487   3.003   0.489
23.02 20.00   2.657   1.480   3.003   0.482

23.03  0.00   0.432   0.425   0.026   0.073   0.001   0.004   0.324   0.002   0.000   0.002   0.000 2000682000
23.03    3.83    51.212
23.03 20.00   0.898   2.105
23.03 20.00   3.003    65.416
23.03 20.00   2.655   1.487   3.003   0.489
23.03 20.00   2.657   1.480   3.003   0.482

23.04  0.00   0.432   0.425   0.026   0.073   0.001   0.004   0.324   0.002   0.000   0.002   0.000 2001551000
23.04    3.83    51.208
23.04 20.00   0.898   2.105
23.04 20.00   3.003    65.415
23.04 20.00   2.654   1.487   3.003   0.489
23.04 20.00   2.657   1.480   3.003   0.482

23.05  0.00   0.432   0.425   0.026   0.073   0.001   0.004   0.324   0.002   0.000   0.002   0.000 2002419000
23.05    3.83    51.204
23.05 20.00   0.898   2.105
23.05 20.00   3.003    65.414
23.05 20.00   2.654   1.487   3.003   0.489
23.05 20.00   2.657   1.480   3.003   0.482

23.06  0.00   0.432   0.425   0.026   0.073   0.001   0.004   0.324   0.002   0.000   0.002   0.000 2003288000
23.06    3.83    51.200
23.06 20.00   0.898   2.105
23.06 20.00   3.003    65.412
23.06 20.00   2.654   1.487   3.003   0.489
23.06 20.00   2.657   1.479   3.003   0.482

23.07  0.00   0.432   0.425   0.026   0.073   0.001   0.004   0.324   0.002   0.000   0.002   0.000 2004157000
23.07    3.83    51.195
23.07 20.00   0.897   2.105
23.07 20.00   3.002    65.411
23.07 20.00   2.654   1.486   3.002   0.489
23.07 20.00   2.657   1.479   3.002   0.482

23.08  0.00   0.432   0.425   0.026   0.073   0.001   0.004   0.324   0.002   0.000   0.002   0.000 2005025000
23.08    3.82    51.191
23.08 20.00   0.897   2.105
23.08 20.00   3.002    65.410
23.08 20.00   2.654   1.486   3.002   0.489
23.08 20.00   2.657   1.479   3.002   0.482

23.09  0.00   0.432   0.425   0.026   0.073   0.001   0.004   0.324   0.002   0.000   0.002   0.000 2005894000
23.09    3.82    51.187
23.09 20.00   0.897   2.105
23.09 20.00   3.002    65.409
23.09 20.00   2.654   1.486   3.002   0.489
23.09 20.00   2.656   1.479   3.002   0.482

23.10  0.00   0.432   0.425   0.026   0.073   0.001   0.004   0.324   0.002   0.000   0.002   0.000 2006763000
23.10    3.82    51.183
23.10 20.00   0.897   2.105
23.10 20.00   3.002    65.407
23.10 20.00   2.654   1.486   3.002   0.489
23.10 20.00   2.656   1.479   3.002   0.482

23.11  0.00   0.432   0.425   0.026   0.073   0.001   0.004   0.324   0.002   0.000   0.002   0.000 2007632000
23.11    3.82    51.179
23.11 20.00   0.897   2.105
23.11 20.00   3.002    65.406
23.11 20.00   2.654   1.486   3.002   0.489
23.11 20.00   2.656   1.479   3.002   0.482

23.12  0.00   0.432   0.425   0.026   0.073   0.001   0.004   0.324   0.002   0.000   0.002   0.000 2008500000
23.12    3.82    51.174
23.12 20.00   0.897   2.105
23.12 20.00   3.002    65.405
23.12 20.00   2.654   1.486   3.002   0.489
23.12 20.00   2.656   1.479   3.002   0.482

23.13  0.00   0.432   0.425   0.026   0.073   0.001   0.004   0.324   0.002   0.000   0.002   0.000 2009369000
23.13    3.82    51.170
23.13 20.00   0.897   2.105
23.13 20.00   3.002    65.403
23.13 20.00   2.653   1.486   3.002   0.489
23.13 20.00   2.656   1.479   3.002   0.482

23.14  0.00   0.432   0.425   0.026   0.073   0.001   0.004   0.324   0.002   0.000   0.002   0.000 2010238000
23.14    3.82    51.166
23.14 20.00   0.897   2.105
23.14 20.00   3.002    65.402
23.14 20.00   2.653   1.486   3.002   0.489
23.14 20.00   2.656   1.479   3.002   0.482

23.15  0.00   0.432   0.425   0.026   0.073   0.001   0.004   0.324   0.002   0.000   0.002   0.000 2011106000
23.15    3.82    51.162
23.15 20.00   0.896   2.105
23.15 20.00   3.001    65.401
23.15 20.00   2.653   1.486   3.001   0.489
23.15 20.00   2.656   1.479   3.001   0.482

23.16  0.00   0.432   0.425   0.026   0.073   0.001   0.004   0.324   0.002   0.000   0.002   0.000 2011975000
23.16    3.82    51.158
23.16 20.00   0.896   2.105
23.16 20.00   3.001    65.400
23.16 20.00   2.653   1.486   3.001   0.489
23.16 20.00   2.656   1.479   3.001   0.482

23.17  0.00   0.432   0.425   0.026   0.073   0.001   0.004   0.324   0.002   0.000   0.002   0.000 2012844000
23.17    3.82    51.153
23.17 20.00   0.896   2.105
23.17 20.00   3.001    65.398
23.17 20.00   2.653   1.486   3.001   0.489
23.17 20.00   2.656   1.479   3.001   0.482

23.18  0.00   0.432   0.425   0.026   0.073   0.001   0.004   0.324   0.002   0.000   0.002   0.000 2013713000
23.18    3.82    51.149
23.18 20.00   0.896   2.105
23.18 20.00   3.001    65.397
23.18 20.00   2.653   1.486   3.001   0.489
23.18 20.00   2.655   1.479   3.001   0.482

23.19  0.00   0.432   0.425   0.026   0.073   0.001   0.004   0.324   0.002   0.000   0.002   0.000 2014582000
23.19    3.82    51.145
23.19 20.00   0.896   2.105
23.19 20.00   3.001    65.396
23.19 20.00   2.653   1.486   3.001   0.489
23.19 20.00   2.655   1.479   3.001   0.481

23.20  0.00   0.432   0.425   0.026   0.073   0.001   0.004   0.324   0.002   0.000   0.002   0.000 2015450000
23.20    3.82    51.141
23.20 20.00   0.896   2.105
23.20 20.00   3.001    65.394
23.20 20.00   2.653   1.486   3.001   0.489
23.20 20.00   2.655   1.479   3.001   0.481

23.21  0.00   0.432   0.425   0.026   0.073   0.001   0.004   0.324   0.002   0.000   0.002   0.000 2016319000
23.21    3.82    51.137
23.21 20.00   0.896   2.105
23.21 20.00   3.001    65.393
23.21 20.00   2.653   1.486   3.001   0.489
23.21 20.00   2.655   1.479   3.001   0.481

23.22  0.00   0.432   0.425   0.026   0.073   0.001   0.004   0.324   0.002   0.000   0.002   0.000 2017188000
23.22    3.82    51.133
23.22 20.00   0.896   2.105
23.22 20.00   3.001    65.392
23.22 20.00   2.652   1.486   3.001   0.489
23.22 20.00   2.655   1.479   3.001   0.481

23.23  0.00   0.432   0.425   0.026   0.073   0.001   0.004   0.324   0.002   0.000   0.002   0.000 2018056000
23.23    3.82    51.128
23.23 20.00   0.896   2.105
23.23 20.00   3.000    65.391
23.23 20.00   2.652   1.486   3.000   0.489
23.23 20.00   2.655   1.479   3.000   0.481

23.24  0.00   0.432   0.425   0.026   0.073   0.001   0.004   0.324   0.002   0.000   0.002   0.000 2018925000
23.24    3.82    51.124
23.24 20.00   0.895   2.105
23.24 20.00   3.000    65.389
23.24 20.00   2.652   1.486   3.000   0.489
23.24 20.00   2.655   1.479   3.000   0.481

23.25  0.00   0.432   0.425   0.026   0.073   0.001   0.004   0.324   0.002   0.000   0.002   0.000 2019794000
23.25    3.82    51.120
23.25 20.00   0.895   2.105
23.25 20.00   3.000    65.388
23.25 20.00   2.652   1.486   3.000   0.489
23.25 20.00   2.655   1.479   3.000   0.481

23.26  0.00   0.432   0.425   0.026   0.073   0.001   0.004   0.324   0.002   0.000   0.002   0.000 2020663000
23.26    3.82    51.116
23.26 20.00   0.895   2.105
23.26 20.00   3.000    65.387
23.26 20.00   2.652   1.486   3.000   0.489
23.26 20.00   2.655   1.479   3.000   0.481

23.27  0.00   0.432   0.425   0.026   0.073   0.001   0.004   0.324   0.002   0.000   0.002   0.000 2021531000
23.27    3.82    51.112
23.27 20.00   0.895   2.105
23.27 20.00   3.000    65.385
23.27 20.00   2.652   1.486   3.000   0.489
23.27 20.00   2.654   1.478   3.000   0.481

23.28  0.00   0.432   0.425   0.026   0.073   0.001   0.004   0.324   0.002   0.000   0.002   0.000 2022400000
23.28    3.82    51.108
23.28 20.00   0.895   2.105
23.28 20.00   3.000    65.384
23.28 20.00   2.652   1.485   3.000   0.489
23.28 20.00   2.654   1.478   3.000   0.481

23.29  0.00   0.432   0.425   0.026   0.073   0.001   0.004   0.324   0.002   0.000   0.002   0.000 2023269000
23.29    3.82    51.104
23.29 20.00   0.895   2.105
23.29 20.00   3.000    65.383
23.29 20.00   2.652   1.485   3.000   0.489
23.29 20.00   2.654   1.478   3.000   0.481

23.30  0.00   0.432   0.425   0.026   0.073   0.001   0.004   0.324   0.002   0.000   0.002   0.000 2024137000
23.30    3.82    51.099
23.30 20.00   0.895   2.105
23.30 20.00   3.000    65.382
23.30 20.00   2.652   1.485   3.000   0.489
23.30 20.00   2.654   1.478   3.000   0.481

23.31  0.00   0.432   0.425   0.026   0.073   0.001   0.004   0.324   0.002   0.000   0.002   0.000 2025006000
23.31    3.82    51.095
23.31 20.00   0.895   2.105
23.31 20.00   3.000    65.380
23.31 20.00   2.651   1.485   3.000   0.489
23.31 20.00   2.654   1.478   3.000   0.481

23.32  0.00   0.432   0.425   0.026   0.073   0.001   0.004   0.324   0.002   0.000   0.002   0.000 2025875000
23.32    3.82    51.091
23.32 20.00   0.894   2.105
23.32 20.00   2.999    65.379
23.32 20.00   2.651   1.485   2.999   0.489
23.32 20.00   2.654   1.478   2.999   0.481

23.33  0.00   0.432   0.425   0.026   0.073   0.001   0.004   0.324   0.002   0.000   0.002   0.000 2026744000
23.33    3.82    51.087
23.33 20.00   0.894   2.105
23.33 20.00   2.999    65.378
23.33 20.00   2.651   1.485   2.999   0.489
23.33 20.00   2.654   1.478   2.999   0.481

23.34  0.00   0.432   0.425   0.026   0.073   0.001   0.004   0.324   0.002   0.000   0.002   0.000 2027612000
23.34    3.82    51.083
23.34 20.00   0.894   2.105
23.34 20.00   2.999    65.377
23.34 20.00   2.651   1.485   2.999   0.489
23.34 20.00   2.654   1.478   2.999   0.481

23.35  0.00   0.432   0.425   0.026   0.073   0.001   0.004   0.324   0.002   0.000   0.002   0.000 2028481000
23.35    3.82    51.079
23.35 20.00   0.894   2.105
23.35 20.00   2.999    65.375
23.35 20.00   2.651   1.485   2.999   0.489
23.35 20.00   2.654   1.478   2.999   0.481

23.36  0.00   0.432   0.425   0.026   0.073   0.001   0.004   0.324   0.002   0.000   0.002   0.000 2029350000
23.36    3.82    51.075
23.36 20.00   0.894   2.105
23.36 20.00   2.999    65.374
23.36 20.00   2.651   1.485   2.999   0.489
23.36 20.00   2.653   1.478   2.999   0.481

23.37  0.00   0.432   0.425   0.026   0.073   0.001   0.004   0.324   0.002   0.000   0.002   0.000 2030219000
23.37    3.81    51.071
23.37 20.00   0.894   2.105
23.37 20.00   2.999    65.373
23.37 20.00   2.651   1.485   2.999   0.489
23.37 20.00   2.653   1.478   2.999   0.481

23.38  0.00   0.432   0.425   0.026   0.073   0.001   0.004   0.324   0.002   0.000   0.002   0.000 2031087000
23.38    3.81    51.066
23.38 20.00   0.894   2.105
23.38 20.00   2.999    65.372
23.38 20.00   2.651   1.485   2.999   0.489
23.38 20.00   2.653   1.478   2.999   0.481

23.39  0.00   0.432   0.425   0.026   0.073   0.001   0.004   0.324   0.002   0.000   0.002   0.000 2031956000
23.39    3.81    51.062
23.39 20.00   0.894   2.105
23.39 20.00   2.999    65.370
23.39 20.00   2.651   1.485   2.999   0.489
23.39 20.00   2.653   1.478   2.999   0.481

23.40  0.00   0.432   0.425   0.026   0.073   0.001   0.004   0.324   0.002   0.000   0.002   0.000 2032825000
23.40    3.81    51.058
23.40 20.00   0.893   2.105
23.40 20.00   2.998    65.369
23.40 20.00   2.650   1.485   2.998   0.489
23.40 20.00   2.653   1.478   2.998   0.481

23.41  0.00   0.432   0.425   0.026   0.073   0.001   0.004   0.324   0.002   0.000   0.002   0.000 2033693000
23.41    3.81    51.054
23.41 20.00   0.893   2.105
23.41 20.00   2.998    65.368
23.41 20.00   2.650   1.485   2.998   0.489
23.41 20.00   2.653   1.478   2.998   0.481

23.42  0.00   0.432   0.425   0.026   0.073   0.001   0.004   0.324   0.002   0.000   0.002   0.000 2034562000
23.42    3.81    51.050
23.42 20.00   0.893   2.105
23.42 20.00   2.998    65.367
23.42 20.00   2.650   1.485   2.998   0.489
23.42 20.00   2.653   1.478   2.998   0.481

23.43  0.00   0.432   0.425   0.026   0.073   0.001   0.004   0.324   0.002   0.000   0.002   0.000 2035431000
23.43    3.81    51.046
23.43 20.00   0.893   2.105
23.43 20.00   2.998    65.365
23.43 20.00   2.650   1.485   2.998   0.489
23.43 20.00   2.653   1.478   2.998   0.481

23.44  0.00   0.432   0.425   0.026   0.073   0.001   0.004   0.324   0.002   0.000   0.002   0.000 2036300000
23.44    3.81    51.042
23.44 20.00   0.893   2.105
23.44 20.00   2.998    65.364
23.44 20.00   2.650   1.485   2.998   0.489
23.44 20.00   2.653   1.478   2.998   0.481

23.45  0.00   0.432   0.425   0.026   0.073   0.001   0.004   0.324   0.002   0.000   0.002   0.000 2037168000
23.45    3.81    51.038
23.45 20.00   0.893   2.105
23.45 20.00   2.998    65.363
23.45 20.00   2.650   1.485   2.998   0.489
23.45 20.00   2.652   1.478   2.998   0.481

23.46  0.00   0.432   0.425   0.026   0.073   0.001   0.004   0.324   0.002   0.000   0.002   0.000 2038037000
23.46    3.81    51.034
23.46 20.00   0.893   2.105
23.46 20.00   2.998    65.362
23.46 20.00   2.650   1.485   2.998   0.489
23.46 20.00   2.652   1.478   2.998   0.481

23.47  0.00   0.432   0.425   0.026   0.073   0.001   0.004   0.324   0.002   0.000   0.002   0.000 2038906000
23.47    3.81    51.030
23.47 20.00   0.893   2.105
23.47 20.00   2.998    65.360
23.47 20.00   2.650   1.485   2.998   0.489
23.47 20.00   2.652   1.478   2.998   0.481

23.48  0.00   0.432   0.425   0.026   0.073   0.001   0.004   0.324   0.002   0.000   0.002   0.000 2039774000
23.48    3.81    51.025
23.48 20.00   0.893   2.105
23.48 20.00   2.998    65.359
23.48 20.00   2.650   1.485   2.998   0.489
23.48 20.00   2.652   1.477   2.998   0.481

23.49  0.00   0.432   0.425   0.026   0.073   0.001   0.004   0.324   0.002   0.000   0.002   0.000 2040643000
23.49    3.81    51.021
23.49 20.00   0.892   2.105
23.49 20.00   2.997    65.358
23.49 20.00   2.649   1.484   2.997   0.489
23.49 20.00   2.652   1.477   2.997   0.481

23.50  0.00   0.432   0.425   0.026   0.073   0.001   0.004   0.324   0.002   0.000   0.002   0.000 2041512000
23.50    3.81    51.017
23.50 20.00   0.892   2.105
23.50 20.00   2.997    65.357
23.50 20.00   2.649   1.484   2.997   0.489
23.50 20.00   2.652   1.477   2.997   0.481

23.51  0.00   0.432   0.425   0.026   0.073   0.001   0.004   0.324   0.002   0.000   0.002   0.000 2042381000
23.51    3.81    51.013
23.51 20.00   0.892   2.105
23.51 20.00   2.997    65.355
23.51 20.00   2.649   1.484   2.997   0.489
23.51 20.00   2.652   1.477   2.997   0.481

23.52  0.00   0.432   0.425   0.026   0.073   0.001   0.004   0.324   0.002   0.000   0.002   0.000 2043250000
23.52    3.81    51.009
23.52 20.00   0.892   2.105
23.52 20.00   2.997    65.354
23.52 20.00   2.649   1.484   2.997   0.489
23.52 20.00   2.652   1.477   2.997   0.481

23.53  0.00   0.432   0.425   0.026   0.073   0.001   0.004   0.324   0.002   0.000   0.002   0.000 2044118000
23.53    3.81    51.005
23.53 20.00   0.892   2.105
23.53 20.00   2.997    65.353
23.53 20.00   2.649   1.484   2.997   0.489
23.53 20.00   2.652   1.477   2.997   0.481

23.54  0.00   0.432   0.425   0.026   0.073   0.001   0.004   0.324   0.002   0.000   0.002   0.000 2044987000
23.54    3.81    51.001
23.54 20.00   0.892   2.105
23.54 20.00   2.997    65.352
23.54 20.00   2.649   1.484   2.997   0.489
23.54 20.00   2.651   1.477   2.997   0.481

23.55  0.00   0.432   0.425   0.026   0.073   0.001   0.004   0.324   0.002   0.000   0.002   0.000 2045856000
23.55    3.81    50.997
23.55 20.00   0.892   2.105
23.55 20.00   2.997    65.350
23.55 20.00   2.649   1.484   2.997   0.489
23.55 20.00   2.651   1.477   2.997   0.481

23.56  0.00   0.432   0.425   0.026   0.073   0.001   0.004   0.324   0.002   0.000   0.002   0.000 2046724000
23.56    3.81    50.993
23.56 20.00   0.892   2.105
23.56 20.00   2.997    65.349
23.56 20.00   2.649   1.484   2.997   0.489
23.56 20.00   2.651   1.477   2.997   0.481

23.57  0.00   0.432   0.425   0.026   0.073   0.001   0.004   0.324   0.002   0.000   0.002   0.000 2047593000
23.57    3.81    50.989
23.57 20.00   0.891   2.105
23.57 20.00   2.996    65.348
23.57 20.00   2.649   1.484   2.996   0.489
23.57 20.00   2.651   1.477   2.996   0.481

23.58  0.00   0.432   0.425   0.026   0.073   0.001   0.004   0.324   0.002   0.000   0.002   0.000 2048462000
23.58    3.81    50.985
23.58 20.00   0.891   2.105
23.58 20.00   2.996    65.347
23.58 20.00   2.648   1.484   2.996   0.489
23.58 20.00   2.651   1.477   2.996   0.481

23.59  0.00   0.432   0.425   0.026   0.073   0.001   0.004   0.324   0.002   0.000   0.002   0.000 2049331000
23.59    3.81    50.981
23.59 20.00   0.891   2.105
23.59 20.00   2.996    65.345
23.59 20.00   2.648   1.484   2.996   0.489
23.59 20.00   2.651   1.477   2.996   0.481

23.60  0.00   0.432   0.425   0.026   0.073   0.001   0.004   0.324   0.002   0.000   0.002   0.000 2050199000
23.60    3.81    50.977
23.60 20.00   0.891   2.105
23.60 20.00   2.996    65.344
23.60 20.00   2.648   1.484   2.996   0.489
23.60 20.00   2.651   1.477   2.996   0.481

23.61  0.00   0.432   0.425   0.026   0.073   0.001   0.004   0.324   0.002   0.000   0.002   0.000 2051068000
23.61    3.81    50.973
23.61 20.00   0.891   2.105
23.61 20.00   2.996    65.343
23.61 20.00   2.648   1.484   2.996   0.489
23.61 20.00   2.651   1.477   2.996   0.481

23.62  0.00   0.432   0.425   0.026   0.073   0.001   0.004   0.324   0.002   0.000   0.002   0.000 2051937000
23.62    3.81    50.969
23.62 20.00   0.891   2.105
23.62 20.00   2.996    65.342
23.62 20.00   2.648   1.484   2.996   0.489
23.62 20.00   2.651   1.477   2.996   0.481

23.63  0.00   0.432   0.425   0.026   0.073   0.001   0.004   0.324   0.002   0.000   0.002   0.000 2052805000
23.63    3.81    50.965
23.63 20.00   0.891   2.105
23.63 20.00   2.996    65.340
23.63 20.00   2.648   1.484   2.996   0.489
23.63 20.00   2.650   1.477   2.996   0.481

23.64  0.00   0.432   0.425   0.026   0.073   0.001   0.004   0.324   0.002   0.000   0.002   0.000 2053674000
23.64    3.81    50.960
23.64 20.00   0.891   2.105
23.64 20.00   2.996    65.339
23.64 20.00   2.648   1.484   2.996   0.489
23.64 20.00   2.650   1.477   2.996   0.481

23.65  0.00   0.432   0.425   0.026   0.073   0.001   0.004   0.324   0.002   0.000   0.002   0.000 2054543000
23.65    3.81    50.956
23.65 20.00   0.891   2.105
23.65 20.00   2.996    65.338
23.65 20.00   2.648   1.484   2.996   0.489
23.65 20.00   2.650   1.477   2.996   0.481

23.66  0.00   0.432   0.425   0.026   0.073   0.001   0.004   0.324   0.002   0.000   0.002   0.000 2055412000
23.66    3.81    50.952
23.66 20.00   0.890   2.105
23.66 20.00   2.995    65.337
23.66 20.00   2.648   1.484   2.995   0.489
23.66 20.00   2.650   1.477   2.995   0.481

23.67  0.00   0.432   0.425   0.026   0.073   0.001   0.004   0.324   0.002   0.000   0.002   0.000 2056280000
23.67    3.80    50.948
23.67 20.00   0.890   2.105
23.67 20.00   2.995    65.336
23.67 20.00   2.648   1.484   2.995   0.489
23.67 20.00   2.650   1.477   2.995   0.481

23.68  0.00   0.432   0.425   0.026   0.073   0.001   0.004   0.324   0.002   0.000   0.002   0.000 2057149000
23.68    3.80    50.944
23.68 20.00   0.890   2.105
23.68 20.00   2.995    65.334
23.68 20.00   2.647   1.484   2.995   0.489
23.68 20.00   2.650   1.477   2.995   0.481

23.69  0.00   0.432   0.425   0.026   0.073   0.001   0.004   0.324   0.002   0.000   0.002   0.000 2058018000
23.69    3.80    50.940
23.69 20.00   0.890   2.105
23.69 20.00   2.995    65.333
23.69 20.00   2.647   1.484   2.995   0.489
23.69 20.00   2.650   1.477   2.995   0.481

23.70  0.00   0.432   0.425   0.026   0.073   0.001   0.004   0.324   0.002   0.000   0.002   0.000 2058887000
23.70    3.80    50.936
23.70 20.00   0.890   2.105
23.70 20.00   2.995    65.332
23.70 20.00   2.647   1.484   2.995   0.489
23.70 20.00   2.650   1.476   2.995   0.481

23.71  0.00   0.432   0.425   0.026   0.073   0.001   0.004   0.324   0.002   0.000   0.002   0.000 2059755000
23.71    3.80    50.932
23.71 20.00   0.890   2.105
23.71 20.00   2.995    65.331
23.71 20.00   2.647   1.483   2.995   0.489
23.71 20.00   2.650   1.476   2.995   0.481

23.72  0.00   0.431   0.425   0.026   0.073   0.001   0.004   0.324   0.002   0.000   0.002   0.000 2060624000
23.72    3.80    50.928
23.72 20.00   0.890   2.105
23.72 20.00   2.995    65.329
23.72 20.00   2.647   1.483   2.995   0.489
23.72 20.00   2.650   1.476   2.995   0.481

23.73  0.00   0.431   0.425   0.026   0.073   0.001   0.004   0.324   0.002   0.000   0.002   0.000 2061493000
23.73    3.80    50.924
23.73 20.00   0.890   2.105
23.73 20.00   2.995    65.328
23.73 20.00   2.647   1.483   2.995   0.489
23.73 20.00   2.649   1.476   2.995   0.481

23.74  0.00   0.431   0.425   0.026   0.073   0.001   0.004   0.324   0.002   0.000   0.002   0.000 2062361000
23.74    3.80    50.920
23.74 20.00   0.889   2.105
23.74 20.00   2.994    65.327
23.74 20.00   2.647   1.483   2.994   0.489
23.74 20.00   2.649   1.476   2.994   0.481

23.75  0.00   0.431   0.425   0.026   0.073   0.001   0.004   0.324   0.002   0.000   0.002   0.000 2063230000
23.75    3.80    50.916
23.75 20.00   0.889   2.105
23.75 20.00   2.994    65.326
23.75 20.00   2.647   1.483   2.994   0.489
23.75 20.00   2.649   1.476   2.994   0.481

23.76  0.00   0.431   0.425   0.026   0.073   0.001   0.004   0.324   0.002   0.000   0.002   0.000 2064099000
23.76    3.80    50.912
23.76 20.00   0.889   2.105
23.76 20.00   2.994    65.324
23.76 20.00   2.647   1.483   2.994   0.489
23.76 20.00   2.649   1.476   2.994   0.481

23.77  0.00   0.431   0.425   0.026   0.073   0.001   0.004   0.324   0.002   0.000   0.002   0.000 2064968000
23.77    3.80    50.908
23.77 20.00   0.889   2.105
23.77 20.00   2.994    65.323
23.77 20.00   2.646   1.483   2.994   0.489
23.77 20.00   2.649   1.476   2.994   0.481

23.78  0.00   0.431   0.425   0.026   0.073   0.001   0.004   0.324   0.002   0.000   0.002   0.000 2065836000
23.78    3.80    50.904
23.78 20.00   0.889   2.105
23.78 20.00   2.994    65.322
23.78 20.00   2.646   1.483   2.994   0.489
23.78 20.00   2.649   1.476   2.994   0.481

23.79  0.00   0.431   0.425   0.026   0.073   0.001   0.004   0.324   0.002   0.000   0.002   0.000 2066705000
23.79    3.80    50.900
23.79 20.00   0.889   2.105
23.79 20.00   2.994    65.321
23.79 20.00   2.646   1.483   2.994   0.489
23.79 20.00   2.649   1.476   2.994   0.481

23.80  0.00   0.431   0.425   0.026   0.073   0.001   0.004   0.324   0.002   0.000   0.002   0.000 2067574000
23.80    3.80    50.896
23.80 20.00   0.889   2.105
23.80 20.00   2.994    65.320
23.80 20.00   2.646   1.483   2.994   0.489
23.80 20.00   2.649   1.476   2.994   0.481

23.81  0.00   0.431   0.425   0.026   0.073   0.001   0.004   0.324   0.002   0.000   0.002   0.000 2068442000
23.81    3.80    50.892
23.81 20.00   0.889   2.105
23.81 20.00   2.994    65.318
23.81 20.00   2.646   1.483   2.994   0.489
23.81 20.00   2.649   1.476   2.994   0.481

23.82  0.00   0.431   0.425   0.026   0.073   0.001   0.004   0.324   0.002   0.000   0.002   0.000 2069311000
23.82    3.80    50.888
23.82 20.00   0.889   2.105
23.82 20.00   2.994    65.317
23.82 20.00   2.646   1.483   2.994   0.489
23.82 20.00   2.648   1.476   2.994   0.481

23.83  0.00   0.431   0.425   0.026   0.073   0.001   0.004   0.324   0.002   0.000   0.002   0.000 2070180000
23.83    3.80    50.884
23.83 20.00   0.888   2.105
23.83 20.00   2.993    65.316
23.83 20.00   2.646   1.483   2.993   0.489
23.83 20.00   2.648   1.476   2.993   0.481

23.84  0.00   0.431   0.425   0.026   0.073   0.001   0.004   0.324   0.002   0.000   0.002   0.000 2071049000
23.84    3.80    50.880
23.84 20.00   0.888   2.105
23.84 20.00   2.993    65.315
23.84 20.00   2.646   1.483   2.993   0.489
23.84 20.00   2.648   1.476   2.993   0.481

23.85  0.00   0.431   0.425   0.026   0.073   0.001   0.004   0.324   0.002   0.000   0.002   0.000 2071918000
23.85    3.80    50.876
23.85 20.00   0.888   2.105
23.85 20.00   2.993    65.314
23.85 20.00   2.646   1.483   2.993   0.489
23.85 20.00   2.648   1.476   2.993   0.481

23.86  0.00   0.431   0.425   0.026   0.073   0.001   0.004   0.324   0.002   0.000   0.002   0.000 2072786000
23.86    3.80    50.872
23.86 20.00   0.888   2.105
23.86 20.00   2.993    65.312
23.86 20.00   2.645   1.483   2.993   0.489
23.86 20.00   2.648   1.476   2.993   0.481

23.87  0.00   0.431   0.425   0.026   0.073   0.001   0.004   0.324   0.002   0.000   0.002   0.000 2073655000
23.87    3.80    50.868
23.87 20.00   0.888   2.105
23.87 20.00   2.993    65.311
23.87 20.00   2.645   1.483   2.993   0.489
23.87 20.00   2.648   1.476   2.993   0.481

23.88  0.00   0.431   0.425   0.026   0.073   0.001   0.004   0.324   0.002   0.000   0.002   0.000 2074524000
23.88    3.80    50.864
23.88 20.00   0.888   2.105
23.88 20.00   2.993    65.310
23.88 20.00   2.645   1.483   2.993   0.489
23.88 20.00   2.648   1.476   2.993   0.481

23.89  0.00   0.431   0.425   0.026   0.073   0.001   0.004   0.324   0.002   0.000   0.002   0.000 2075392000
23.89    3.80    50.860
23.89 20.00   0.888   2.105
23.89 20.00   2.993    65.309
23.89 20.00   2.645   1.483   2.993   0.489
23.89 20.00   2.648   1.476   2.993   0.481

23.90  0.00   0.431   0.425   0.026   0.073   0.001   0.004   0.324   0.002   0.000   0.002   0.000 2076261000
23.90    3.80    50.856
23.90 20.00   0.888   2.105
23.90 20.00   2.993    65.308
23.90 20.00   2.645   1.483   2.993   0.489
23.90 20.00   2.648   1.476   2.993   0.481

23.91  0.00   0.431   0.425   0.026   0.073   0.001   0.004   0.324   0.002   0.000   0.002   0.000 2077130000
23.91    3.80    50.852
23.91 20.00   0.888   2.105
23.91 20.00   2.993    65.306
23.91 20.00   2.645   1.483   2.993   0.489
23.91 20.00   2.648   1.476   2.993   0.481

23.92  0.00   0.431   0.425   0.026   0.073   0.001   0.004   0.324   0.002   0.000   0.002   0.000 2077999000
23.92    3.80    50.849
23.92 20.00   0.887   2.105
23.92 20.00   2.992    65.305
23.92 20.00   2.645   1.483   2.992   0.489
23.92 20.00   2.647   1.475   2.992   0.481

23.93  0.00   0.431   0.425   0.026   0.073   0.001   0.004   0.324   0.002   0.000   0.002   0.000 2078867000
23.93    3.80    50.845
23.93 20.00   0.887   2.105
23.93 20.00   2.992    65.304
23.93 20.00   2.645   1.482   2.992   0.489
23.93 20.00   2.647   1.475   2.992   0.481

23.94  0.00   0.431   0.425   0.026   0.073   0.001   0.004   0.324   0.002   0.000   0.002   0.000 2079736000
23.94    3.80    50.841
23.94 20.00   0.887   2.105
23.94 20.00   2.992    65.303
23.94 20.00   2.645   1.482   2.992   0.489
23.94 20.00   2.647   1.475   2.992   0.481

23.95  0.00   0.431   0.425   0.026   0.073   0.001   0.004   0.324   0.002   0.000   0.002   0.000 2080605000
23.95    3.80    50.837
23.95 20.00   0.887   2.105
23.95 20.00   2.992    65.301
23.95 20.00   2.645   1.482   2.992   0.489
23.95 20.00   2.647   1.475   2.992   0.481

23.96  0.00   0.431   0.425   0.026   0.073   0.001   0.004   0.324   0.002   0.000   0.002   0.000 2081473000
23.96    3.80    50.833
23.96 20.00   0.887   2.105
23.96 20.00   2.992    65.300
23.96 20.00   2.644   1.482   2.992   0.489
23.96 20.00   2.647   1.475   2.992   0.481

23.97  0.00   0.431   0.425   0.026   0.073   0.001   0.004   0.324   0.002   0.000   0.002   0.000 2082342000
23.97    3.79    50.829
23.97 20.00   0.887   2.105
23.97 20.00   2.992    65.299
23.97 20.00   2.644   1.482   2.992   0.489
23.97 20.00   2.647   1.475   2.992   0.481

23.98  0.00   0.431   0.425   0.026   0.073   0.001   0.004   0.324   0.002   0.000   0.002   0.000 2083211000
23.98    3.79    50.825
23.98 20.00   0.887   2.105
23.98 20.00   2.992    65.298
23.98 20.00   2.644   1.482   2.992   0.489
23.98 20.00   2.647   1.475   2.992   0.481

23.99  0.00   0.431   0.425   0.026   0.073   0.001   0.004   0.324   0.002   0.000   0.002   0.000 2084080000
23.99    3.79    50.821
23.99 20.00   0.887   2.105
23.99 20.00   2.992    65.297
23.99 20.00   2.644   1.482   2.992   0.488
23.99 20.00   2.647   1.475   2.992   0.481

24.00  0.00   0.431   0.425   0.026   0.073   0.001   0.004   0.324   0.002   0.000   0.002   0.000 2084948000
24.00    3.79    50.817
24.00 20.00   0.887   2.105
24.00 20.00   2.992    65.295
24.00 20.00   2.644   1.482   2.992   0.488
24.00 20.00   2.647   1.475   2.992   0.481

24.01  0.00   0.431   0.425   0.026   0.073   0.001   0.004   0.324   0.002   0.000   0.002   0.000 2085817000
24.01    3.79    50.813
24.01 20.00   0.886   2.105
24.01 20.00   2.991    65.294
24.01 20.00   2.644   1.482   2.991   0.488
24.01 20.00   2.646   1.475   2.991   0.481

24.02  0.00   0.431   0.425   0.026   0.073   0.001   0.004   0.324   0.002   0.000   0.002   0.000 2086686000
24.02    3.79    50.809
24.02 20.00   0.886   2.105
24.02 20.00   2.991    65.293
24.02 20.00   2.644   1.482   2.991   0.488
24.02 20.00   2.646   1.475   2.991   0.481

24.03  0.00   0.431   0.425   0.026   0.073   0.001   0.004   0.324   0.002   0.000   0.002   0.000 2087555000
24.03    3.79    50.805
24.03 20.00   0.886   2.105
24.03 20.00   2.991    65.292
24.03 20.00   2.644   1.482   2.991   0.488
24.03 20.00   2.646   1.475   2.991   0.481

24.04  0.00   0.431   0.425   0.026   0.073   0.001   0.004   0.324   0.002   0.000   0.002   0.000 2088423000
24.04    3.79    50.801
24.04 20.00   0.886   2.105
24.04 20.00   2.991    65.291
24.04 20.00   2.644   1.482   2.991   0.488
24.04 20.00   2.646   1.475   2.991   0.481

24.05  0.00   0.431   0.425   0.026   0.073   0.001   0.004   0.324   0.002   0.000   0.002   0.000 2089292000
24.05    3.79    50.797
24.05 20.00   0.886   2.105
24.05 20.00   2.991    65.290
24.05 20.00   2.643   1.482   2.991   0.488
24.05 20.00   2.646   1.475   2.991   0.481

24.06  0.00   0.431   0.425   0.026   0.073   0.001   0.004   0.324   0.002   0.000   0.002   0.000 2090161000
24.06    3.79    50.793
24.06 20.00   0.886   2.105
24.06 20.00   2.991    65.288
24.06 20.00   2.643   1.482   2.991   0.488
24.06 20.00   2.646   1.475   2.991   0.481

24.07  0.00   0.431   0.425   0.026   0.073   0.001   0.004   0.324   0.002   0.000   0.002   0.000 2091030000
24.07    3.79    50.789
24.07 20.00   0.886   2.105
24.07 20.00   2.991    65.287
24.07 20.00   2.643   1.482   2.991   0.488
24.07 20.00   2.646   1.475   2.991   0.481

24.08  0.00   0.431   0.425   0.026   0.073   0.001   0.004   0.324   0.002   0.000   0.002   0.000 2091898000
24.08    3.79    50.785
24.08 20.00   0.886   2.105
24.08 20.00   2.991    65.286
24.08 20.00   2.643   1.482   2.991   0.488
24.08 20.00   2.646   1.475   2.991   0.481

24.09  0.00   0.431   0.425   0.026   0.073   0.001   0.004   0.324   0.002   0.000   0.002   0.000 2092767000
24.09    3.79    50.782
24.09 20.00   0.886   2.105
24.09 20.00   2.990    65.285
24.09 20.00   2.643   1.482   2.990   0.488
24.09 20.00   2.646   1.475   2.990   0.481

24.10  0.00   0.431   0.425   0.026   0.073   0.001   0.004   0.324   0.002   0.000   0.002   0.000 2093636000
24.10    3.79    50.778
24.10 20.00   0.885   2.105
24.10 20.00   2.990    65.284
24.10 20.00   2.643   1.482   2.990   0.488
24.10 20.00   2.646   1.475   2.990   0.481

24.11  0.00   0.431   0.425   0.026   0.073   0.001   0.004   0.324   0.002   0.000   0.002   0.000 2094504000
24.11    3.79    50.774
24.11 20.00   0.885   2.105
24.11 20.00   2.990    65.282
24.11 20.00   2.643   1.482   2.990   0.488
24.11 20.00   2.645   1.475   2.990   0.481

24.12  0.00   0.431   0.425   0.026   0.073   0.001   0.004   0.324   0.002   0.000   0.002   0.000 2095373000
24.12    3.79    50.770
24.12 20.00   0.885   2.105
24.12 20.00   2.990    65.281
24.12 20.00   2.643   1.482   2.990   0.488
24.12 20.00   2.645   1.475   2.990   0.481

24.13  0.00   0.431   0.425   0.026   0.073   0.001   0.004   0.324   0.002   0.000   0.002   0.000 2096242000
24.13    3.79    50.766
24.13 20.00   0.885   2.105
24.13 20.00   2.990    65.280
24.13 20.00   2.643   1.482   2.990   0.488
24.13 20.00   2.645   1.475   2.990   0.481

24.14  0.00   0.431   0.425   0.026   0.073   0.001   0.004   0.324   0.002   0.000   0.002   0.000 2097111000
24.14    3.79    50.762
24.14 20.00   0.885   2.105
24.14 20.00   2.990    65.279
24.14 20.00   2.643   1.482   2.990   0.488
24.14 20.00   2.645   1.475   2.990   0.481

24.15  0.00   0.431   0.425   0.026   0.073   0.001   0.004   0.324   0.002   0.000   0.002   0.000 2097979000
24.15    3.79    50.758
24.15 20.00   0.885   2.105
24.15 20.00   2.990    65.278
24.15 20.00   2.642   1.482   2.990   0.488
24.15 20.00   2.645   1.474   2.990   0.481

24.16  0.00   0.431   0.425   0.026   0.073   0.001   0.004   0.324   0.002   0.000   0.002   0.000 2098848000
24.16    3.79    50.754
24.16 20.00   0.885   2.105
24.16 20.00   2.990    65.276
24.16 20.00   2.642   1.481   2.990   0.488
24.16 20.00   2.645   1.474   2.990   0.481

24.17  0.00   0.431   0.425   0.026   0.073   0.001   0.004   0.324   0.002   0.000   0.002   0.000 2099717000
24.17    3.79    50.750
24.17 20.00   0.885   2.105
24.17 20.00   2.990    65.275
24.17 20.00   2.642   1.481   2.990   0.488
24.17 20.00   2.645   1.474   2.990   0.481

24.18  0.00   0.431   0.425   0.026   0.073   0.001   0.004   0.324   0.002   0.000   0.002   0.000 2100586000
24.18    3.79    50.746
24.18 20.00   0.884   2.105
24.18 20.00   2.989    65.274
24.18 20.00   2.642   1.481   2.989   0.488
24.18 20.00   2.645   1.474   2.989   0.481

24.19  0.00   0.431   0.425   0.026   0.073   0.001   0.004   0.324   0.002   0.000   0.002   0.000 2101454000
24.19    3.79    50.742
24.19 20.00   0.884   2.105
24.19 20.00   2.989    65.273
24.19 20.00   2.642   1.481   2.989   0.488
24.19 20.00   2.645   1.474   2.989   0.481

24.20  0.00   0.431   0.425   0.026   0.073   0.001   0.004   0.324   0.002   0.000   0.002   0.000 2102323000
24.20    3.79    50.739
24.20 20.00   0.884   2.105
24.20 20.00   2.989    65.272
24.20 20.00   2.642   1.481   2.989   0.488
24.20 20.00   2.645   1.474   2.989   0.481

24.21  0.00   0.431   0.425   0.026   0.073   0.001   0.004   0.324   0.002   0.000   0.002   0.000 2103192000
24.21    3.79    50.735
24.21 20.00   0.884   2.105
24.21 20.00   2.989    65.271
24.21 20.00   2.642   1.481   2.989   0.488
24.21 20.00   2.644   1.474   2.989   0.481

24.22  0.00   0.431   0.425   0.026   0.073   0.001   0.004   0.324   0.002   0.000   0.002   0.000 2104060000
24.22    3.79    50.731
24.22 20.00   0.884   2.105
24.22 20.00   2.989    65.269
24.22 20.00   2.642   1.481   2.989   0.488
24.22 20.00   2.644   1.474   2.989   0.481

24.23  0.00   0.431   0.425   0.026   0.073   0.001   0.004   0.324   0.002   0.000   0.002   0.000 2104929000
24.23    3.79    50.727
24.23 20.00   0.884   2.105
24.23 20.00   2.989    65.268
24.23 20.00   2.642   1.481   2.989   0.488
24.23 20.00   2.644   1.474   2.989   0.481

24.24  0.00   0.431   0.425   0.026   0.073   0.001   0.004   0.324   0.002   0.000   0.002   0.000 2105798000
24.24    3.79    50.723
24.24 20.00   0.884   2.105
24.24 20.00   2.989    65.267
24.24 20.00   2.642   1.481   2.989   0.488
24.24 20.00   2.644   1.474   2.989   0.481

24.25  0.00   0.431   0.425   0.026   0.073   0.001   0.004   0.324   0.002   0.000   0.002   0.000 2106667000
24.25    3.79    50.719
24.25 20.00   0.884   2.105
24.25 20.00   2.989    65.266
24.25 20.00   2.641   1.481   2.989   0.488
24.25 20.00   2.644   1.474   2.989   0.481

24.26  0.00   0.431   0.425   0.026   0.073   0.001   0.004   0.324   0.002   0.000   0.002   0.000 2107535000
24.26    3.79    50.715
24.26 20.00   0.884   2.105
24.26 20.00   2.989    65.265
24.26 20.00   2.641   1.481   2.989   0.488
24.26 20.00   2.644   1.474   2.989   0.481

24.27  0.00   0.431   0.425   0.026   0.073   0.001   0.004   0.324   0.002   0.000   0.002   0.000 2108404000
24.27    3.79    50.711
24.27 20.00   0.883   2.105
24.27 20.00   2.988    65.264
24.27 20.00   2.641   1.481   2.988   0.488
24.27 20.00   2.644   1.474   2.988   0.481

24.28  0.00   0.431   0.425   0.026   0.073   0.001   0.004   0.324   0.002   0.000   0.002   0.000 2109273000
24.28    3.78    50.708
24.28 20.00   0.883   2.105
24.28 20.00   2.988    65.262
24.28 20.00   2.641   1.481   2.988   0.488
24.28 20.00   2.644   1.474   2.988   0.481

24.29  0.00   0.431   0.425   0.026   0.073   0.001   0.004   0.324   0.002   0.000   0.002   0.000 2110142000
24.29    3.78    50.704
24.29 20.00   0.883   2.105
24.29 20.00   2.988    65.261
24.29 20.00   2.641   1.481   2.988   0.488
24.29 20.00   2.644   1.474   2.988   0.481

24.30  0.00   0.431   0.425   0.026   0.073   0.001   0.004   0.324   0.002   0.000   0.002   0.000 2111010000
24.30    3.78    50.700
24.30 20.00   0.883   2.105
24.30 20.00   2.988    65.260
24.30 20.00   2.641   1.481   2.988   0.488
24.30 20.00   2.643   1.474   2.988   0.481

24.31  0.00   0.431   0.425   0.026   0.073   0.001   0.004   0.324   0.002   0.000   0.002   0.000 2111879000
24.31    3.78    50.696
24.31 20.00   0.883   2.105
24.31 20.00   2.988    65.259
24.31 20.00   2.641   1.481   2.988   0.488
24.31 20.00   2.643   1.474   2.988   0.481

24.32  0.00   0.431   0.425   0.026   0.073   0.001   0.004   0.324   0.002   0.000   0.002   0.000 2112748000
24.32    3.78    50.692
24.32 20.00   0.883   2.105
24.32 20.00   2.988    65.258
24.32 20.00   2.641   1.481   2.988   0.488
24.32 20.00   2.643   1.474   2.988   0.481

24.33  0.00   0.431   0.425   0.026   0.073   0.001   0.004   0.324   0.002   0.000   0.002   0.000 2113617000
24.33    3.78    50.688
24.33 20.00   0.883   2.105
24.33 20.00   2.988    65.257
24.33 20.00   2.641   1.481   2.988   0.488
24.33 20.00   2.643   1.474   2.988   0.481

24.34  0.00   0.431   0.425   0.026   0.073   0.001   0.004   0.324   0.002   0.000   0.002   0.000 2114485000
24.34    3.78    50.684
24.34 20.00   0.883   2.105
24.34 20.00   2.988    65.255
24.34 20.00   2.641   1.481   2.988   0.488
24.34 20.00   2.643   1.474   2.988   0.481

24.35  0.00   0.431   0.425   0.026   0.073   0.001   0.004   0.324   0.002   0.000   0.002   0.000 2115354000
24.35    3.78    50.681
24.35 20.00   0.883   2.105
24.35 20.00   2.988    65.254
24.35 20.00   2.640   1.481   2.988   0.488
24.35 20.00   2.643   1.474   2.988   0.481

24.36  0.00   0.431   0.425   0.026   0.073   0.001   0.004   0.324   0.002   0.000   0.002   0.000 2116223000
24.36    3.78    50.677
24.36 20.00   0.883   2.105
24.36 20.00   2.987    65.253
24.36 20.00   2.640   1.481   2.987   0.488
24.36 20.00   2.643   1.474   2.987   0.481

24.37  0.00   0.431   0.425   0.026   0.073   0.001   0.004   0.324   0.002   0.000   0.002   0.000 2117091000
24.37    3.78    50.673
24.37 20.00   0.882   2.105
24.37 20.00   2.987    65.252
24.37 20.00   2.640   1.481   2.987   0.488
24.37 20.00   2.643   1.474   2.987   0.481

24.38  0.00   0.431   0.425   0.026   0.073   0.001   0.004   0.324   0.002   0.000   0.002   0.000 2117960000
24.38    3.78    50.669
24.38 20.00   0.882   2.105
24.38 20.00   2.987    65.251
24.38 20.00   2.640   1.481   2.987   0.488
24.38 20.00   2.643   1.473   2.987   0.481

24.39  0.00   0.431   0.425   0.026   0.073   0.001   0.004   0.324   0.002   0.000   0.002   0.000 2118829000
24.39    3.78    50.665
24.39 20.00   0.882   2.105
24.39 20.00   2.987    65.250
24.39 20.00   2.640   1.480   2.987   0.488
24.39 20.00   2.643   1.473   2.987   0.481

24.40  0.00   0.431   0.425   0.026   0.073   0.001   0.004   0.324   0.002   0.000   0.002   0.000 2119698000
24.40    3.78    50.661
24.40 20.00   0.882   2.105
24.40 20.00   2.987    65.248
24.40 20.00   2.640   1.480   2.987   0.488
24.40 20.00   2.642   1.473   2.987   0.481

24.41  0.00   0.431   0.425   0.026   0.073   0.001   0.004   0.324   0.002   0.000   0.002   0.000 2120566000
24.41    3.78    50.658
24.41 20.00   0.882   2.105
24.41 20.00   2.987    65.247
24.41 20.00   2.640   1.480   2.987   0.488
24.41 20.00   2.642   1.473   2.987   0.481

24.42  0.00   0.431   0.425   0.026   0.073   0.001   0.004   0.324   0.002   0.000   0.002   0.000 2121435000
24.42    3.78    50.654
24.42 20.00   0.882   2.105
24.42 20.00   2.987    65.246
24.42 20.00   2.640   1.480   2.987   0.488
24.42 20.00   2.642   1.473   2.987   0.481

24.43  0.00   0.431   0.425   0.026   0.073   0.001   0.004   0.324   0.002   0.000   0.002   0.000 2122304000
24.43    3.78    50.650
24.43 20.00   0.882   2.105
24.43 20.00   2.987    65.245
24.43 20.00   2.640   1.480   2.987   0.488
24.43 20.00   2.642   1.473   2.987   0.481

24.44  0.00   0.431   0.424   0.026   0.073   0.001   0.004   0.324   0.002   0.000   0.002   0.000 2123173000
24.44    3.78    50.646
24.44 20.00   0.882   2.105
24.44 20.00   2.987    65.244
24.44 20.00   2.640   1.480   2.987   0.488
24.44 20.00   2.642   1.473   2.987   0.481

24.45  0.00   0.431   0.424   0.026   0.073   0.001   0.004   0.324   0.002   0.000   0.002   0.000 2124041000
24.45    3.78    50.642
24.45 20.00   0.882   2.105
24.45 20.00   2.987    65.243
24.45 20.00   2.639   1.480   2.987   0.488
24.45 20.00   2.642   1.473   2.987   0.481

24.46  0.00   0.431   0.424   0.026   0.073   0.001   0.004   0.324   0.002   0.000   0.002   0.000 2124910000
24.46    3.78    50.638
24.46 20.00   0.881   2.105
24.46 20.00   2.986    65.241
24.46 20.00   2.639   1.480   2.986   0.488
24.46 20.00   2.642   1.473   2.986   0.481

24.47  0.00   0.431   0.424   0.026   0.073   0.001   0.004   0.324   0.002   0.000   0.002   0.000 2125779000
24.47    3.78    50.635
24.47 20.00   0.881   2.105
24.47 20.00   2.986    65.240
24.47 20.00   2.639   1.480   2.986   0.488
24.47 20.00   2.642   1.473   2.986   0.481

24.48  0.00   0.431   0.424   0.026   0.073   0.001   0.004   0.324   0.002   0.000   0.002   0.000 2126647000
24.48    3.78    50.631
24.48 20.00   0.881   2.105
24.48 20.00   2.986    65.239
24.48 20.00   2.639   1.480   2.986   0.488
24.48 20.00   2.642   1.473   2.986   0.481

24.49  0.00   0.431   0.424   0.026   0.073   0.001   0.004   0.324   0.002   0.000   0.002   0.000 2127516000
24.49    3.78    50.627
24.49 20.00   0.881   2.105
24.49 20.00   2.986    65.238
24.49 20.00   2.639   1.480   2.986   0.488
24.49 20.00   2.642   1.473   2.986   0.481

24.50  0.00   0.431   0.424   0.026   0.073   0.001   0.004   0.324   0.002   0.000   0.002   0.000 2128385000
24.50    3.78    50.623
24.50 20.00   0.881   2.105
24.50 20.00   2.986    65.237
24.50 20.00   2.639   1.480   2.986   0.488
24.50 20.00   2.641   1.473   2.986   0.481

24.51  0.00   0.431   0.424   0.026   0.073   0.001   0.004   0.324   0.002   0.000   0.002   0.000 2129254000
24.51    3.78    50.619
24.51 20.00   0.881   2.105
24.51 20.00   2.986    65.236
24.51 20.00   2.639   1.480   2.986   0.488
24.51 20.00   2.641   1.473   2.986   0.481

24.52  0.00   0.431   0.424   0.026   0.073   0.001   0.004   0.324   0.002   0.000   0.002   0.000 2130122000
24.52    3.78    50.616
24.52 20.00   0.881   2.105
24.52 20.00   2.986    65.235
24.52 20.00   2.639   1.480   2.986   0.488
24.52 20.00   2.641   1.473   2.986   0.481

24.53  0.00   0.431   0.424   0.026   0.073   0.001   0.004   0.324   0.002   0.000   0.002   0.000 2130991000
24.53    3.78    50.612
24.53 20.00   0.881   2.105
24.53 20.00   2.986    65.233
24.53 20.00   2.639   1.480   2.986   0.488
24.53 20.00   2.641   1.473   2.986   0.481

24.54  0.00   0.431   0.424   0.026   0.073   0.001   0.004   0.324   0.002   0.000   0.002   0.000 2131860000
24.54    3.78    50.608
24.54 20.00   0.881   2.105
24.54 20.00   2.986    65.232
24.54 20.00   2.639   1.480   2.986   0.488
24.54 20.00   2.641   1.473   2.986   0.481

24.55  0.00   0.431   0.424   0.026   0.073   0.001   0.004   0.324   0.002   0.000   0.002   0.000 2132728000
24.55    3.78    50.604
24.55 20.00   0.880   2.105
24.55 20.00   2.985    65.231
24.55 20.00   2.638   1.480   2.985   0.488
24.55 20.00   2.641   1.473   2.985   0.481

24.56  0.00   0.431   0.424   0.026   0.073   0.001   0.004   0.324   0.002   0.000   0.002   0.000 2133597000
24.56    3.78    50.600
24.56 20.00   0.880   2.105
24.56 20.00   2.985    65.230
24.56 20.00   2.638   1.480   2.985   0.488
24.56 20.00   2.641   1.473   2.985   0.481

24.57  0.00   0.431   0.424   0.026   0.073   0.001   0.004   0.324   0.002   0.000   0.002   0.000 2134466000
24.57    3.78    50.597
24.57 20.00   0.880   2.105
24.57 20.00   2.985    65.229
24.57 20.00   2.638   1.480   2.985   0.488
24.57 20.00   2.641   1.473   2.985   0.481

24.58  0.00   0.431   0.424   0.026   0.073   0.001   0.004   0.324   0.002   0.000   0.002   0.000 2135335000
24.58    3.78    50.593
24.58 20.00   0.880   2.105
24.58 20.00   2.985    65.228
24.58 20.00   2.638   1.480   2.985   0.488
24.58 20.00   2.641   1.473   2.985   0.481

24.59  0.00   0.431   0.424   0.026   0.073   0.001   0.004   0.324   0.002   0.000   0.002   0.000 2136203000
24.59    3.78    50.589
24.59 20.00   0.880   2.105
24.59 20.00   2.985    65.227
24.59 20.00   2.638   1.480   2.985   0.488
24.59 20.00   2.641   1.473   2.985   0.481

24.60  0.00   0.431   0.424   0.026   0.073   0.001   0.004   0.324   0.002   0.000   0.002   0.000 2137072000
24.60    3.77    50.585
24.60 20.00   0.880   2.105
24.60 20.00   2.985    65.225
24.60 20.00   2.638   1.480   2.985   0.488
24.60 20.00   2.640   1.473   2.985   0.481

24.61  0.00   0.431   0.424   0.026   0.073   0.001   0.004   0.324   0.002   0.000   0.002   0.000 2137941000
24.61    3.77    50.581
24.61 20.00   0.880   2.105
24.61 20.00   2.985    65.224
24.61 20.00   2.638   1.480   2.985   0.488
24.61 20.00   2.640   1.472   2.985   0.481

24.62  0.00   0.431   0.424   0.026   0.073   0.001   0.004   0.324   0.002   0.000   0.002   0.000 2138810000
24.62    3.77    50.578
24.62 20.00   0.880   2.105
24.62 20.00   2.985    65.223
24.62 20.00   2.638   1.480   2.985   0.488
24.62 20.00   2.640   1.472   2.985   0.481

24.63  0.00   0.431   0.424   0.026   0.073   0.001   0.004   0.324   0.002   0.000   0.002   0.000 2139678000
24.63    3.77    50.574
24.63 20.00   0.880   2.105
24.63 20.00   2.985    65.222
24.63 20.00   2.638   1.479   2.985   0.488
24.63 20.00   2.640   1.472   2.985   0.481

24.64  0.00   0.431   0.424   0.026   0.073   0.001   0.004   0.324   0.002   0.000   0.002   0.000 2140547000
24.64    3.77    50.570
24.64 20.00   0.879   2.105
24.64 20.00   2.984    65.221
24.64 20.00   2.638   1.479   2.984   0.488
24.64 20.00   2.640   1.472   2.984   0.481

24.65  0.00   0.431   0.424   0.026   0.073   0.001   0.004   0.324   0.002   0.000   0.002   0.000 2141416000
24.65    3.77    50.566
24.65 20.00   0.879   2.105
24.65 20.00   2.984    65.220
24.65 20.00   2.637   1.479   2.984   0.488
24.65 20.00   2.640   1.472   2.984   0.481

24.66  0.00   0.431   0.424   0.026   0.073   0.001   0.004   0.324   0.002   0.000   0.002   0.000 2142285000
24.66    3.77    50.563
24.66 20.00   0.879   2.105
24.66 20.00   2.984    65.219
24.66 20.00   2.637   1.479   2.984   0.488
24.66 20.00   2.640   1.472   2.984   0.481

24.67  0.00   0.431   0.424   0.026   0.073   0.001   0.004   0.324   0.002   0.000   0.002   0.000 2143153000
24.67    3.77    50.559
24.67 20.00   0.879   2.105
24.67 20.00   2.984    65.217
24.67 20.00   2.637   1.479   2.984   0.488
24.67 20.00   2.640   1.472   2.984   0.481

24.68  0.00   0.431   0.424   0.026   0.073   0.001   0.004   0.324   0.002   0.000   0.002   0.000 2144022000
24.68    3.77    50.555
24.68 20.00   0.879   2.105
24.68 20.00   2.984    65.216
24.68 20.00   2.637   1.479   2.984   0.488
24.68 20.00   2.640   1.472   2.984   0.481

24.69  0.00   0.431   0.424   0.026   0.073   0.001   0.004   0.324   0.002   0.000   0.002   0.000 2144891000
24.69    3.77    50.551
24.69 20.00   0.879   2.105
24.69 20.00   2.984    65.215
24.69 20.00   2.637   1.479   2.984   0.488
24.69 20.00   2.640   1.472   2.984   0.481

24.70  0.00   0.431   0.424   0.026   0.073   0.001   0.004   0.324   0.002   0.000   0.002   0.000 2145759000
24.70    3.77    50.547
24.70 20.00   0.879   2.105
24.70 20.00   2.984    65.214
24.70 20.00   2.637   1.479   2.984   0.488
24.70 20.00   2.639   1.472   2.984   0.481

24.71  0.00   0.431   0.424   0.026   0.073   0.001   0.004   0.324   0.002   0.000   0.002   0.000 2146628000
24.71    3.77    50.544
24.71 20.00   0.879   2.105
24.71 20.00   2.984    65.213
24.71 20.00   2.637   1.479   2.984   0.488
24.71 20.00   2.639   1.472   2.984   0.481

24.72  0.00   0.431   0.424   0.026   0.073   0.001   0.004   0.324   0.002   0.000   0.002   0.000 2147497000
24.72    3.77    50.540
24.72 20.00   0.879   2.105
24.72 20.00   2.984    65.212
24.72 20.00   2.637   1.479   2.984   0.488
24.72 20.00   2.639   1.472   2.984   0.481

24.73  0.00   0.431   0.424   0.026   0.073   0.001   0.004   0.324   0.002   0.000   0.002   0.000 2148366000
24.73    3.77    50.536
24.73 20.00   0.878   2.105
24.73 20.00   2.983    65.211
24.73 20.00   2.637   1.479   2.983   0.488
24.73 20.00   2.639   1.472   2.983   0.481

24.74  0.00   0.431   0.424   0.026   0.073   0.001   0.004   0.324   0.002   0.000   0.002   0.000 2149234000
24.74    3.77    50.532
24.74 20.00   0.878   2.105
24.74 20.00   2.983    65.209
24.74 20.00   2.637   1.479   2.983   0.488
24.74 20.00   2.639   1.472   2.983   0.481

24.75  0.00   0.431   0.424   0.026   0.073   0.001   0.004   0.324   0.002   0.000   0.002   0.000 2150103000
24.75    3.77    50.529
24.75 20.00   0.878   2.105
24.75 20.00   2.983    65.208
24.75 20.00   2.636   1.479   2.983   0.488
24.75 20.00   2.639   1.472   2.983   0.481

24.76  0.00   0.431   0.424   0.026   0.073   0.001   0.004   0.324   0.002   0.000   0.002   0.000 2150972000
24.76    3.77    50.525
24.76 20.00   0.878   2.105
24.76 20.00   2.983    65.207
24.76 20.00   2.636   1.479   2.983   0.488
24.76 20.00   2.639   1.472   2.983   0.481

24.77  0.00   0.431   0.424   0.026   0.073   0.001   0.004   0.324   0.002   0.000   0.002   0.000 2151841000
24.77    3.77    50.521
24.77 20.00   0.878   2.105
24.77 20.00   2.983    65.206
24.77 20.00   2.636   1.479   2.983   0.488
24.77 20.00   2.639   1.472   2.983   0.481

24.78  0.00   0.431   0.424   0.026   0.073   0.001   0.004   0.324   0.002   0.000   0.002   0.000 2152709000
24.78    3.77    50.518
24.78 20.00   0.878   2.105
24.78 20.00   2.983    65.205
24.78 20.00   2.636   1.479   2.983   0.488
24.78 20.00   2.639   1.472   2.983   0.481

24.79  0.00   0.431   0.424   0.026   0.073   0.001   0.004   0.324   0.002   0.000   0.002   0.000 2153578000
24.79    3.77    50.514
24.79 20.00   0.878   2.105
24.79 20.00   2.983    65.204
24.79 20.00   2.636   1.479   2.983   0.488
24.79 20.00   2.639   1.472   2.983   0.481

24.80  0.00   0.431   0.424   0.026   0.073   0.001   0.004   0.324   0.002   0.000   0.002   0.000 2154447000
24.80    3.77    50.510
24.80 20.00   0.878   2.105
24.80 20.00   2.983    65.203
24.80 20.00   2.636   1.479   2.983   0.488
24.80 20.00   2.639   1.472   2.983   0.481

24.81  0.00   0.431   0.424   0.026   0.073   0.001   0.004   0.324   0.002   0.000   0.002   0.000 2155315000
24.81    3.77    50.506
24.81 20.00   0.878   2.105
24.81 20.00   2.983    65.202
24.81 20.00   2.636   1.479   2.983   0.488
24.81 20.00   2.638   1.472   2.983   0.481

24.82  0.00   0.431   0.424   0.026   0.073   0.001   0.004   0.324   0.002   0.000   0.002   0.000 2156184000
24.82    3.77    50.503
24.82 20.00   0.878   2.105
24.82 20.00   2.983    65.200
24.82 20.00   2.636   1.479   2.983   0.488
24.82 20.00   2.638   1.472   2.983   0.481

24.83  0.00   0.431   0.424   0.026   0.073   0.001   0.004   0.324   0.002   0.000   0.002   0.000 2157053000
24.83    3.77    50.499
24.83 20.00   0.877   2.105
24.83 20.00   2.982    65.199
24.83 20.00   2.636   1.479   2.982   0.488
24.83 20.00   2.638   1.472   2.982   0.481

24.84  0.00   0.431   0.424   0.026   0.073   0.001   0.004   0.324   0.002   0.000   0.002   0.000 2157922000
24.84    3.77    50.495
24.84 20.00   0.877   2.105
24.84 20.00   2.982    65.198
24.84 20.00   2.636   1.479   2.982   0.488
24.84 20.00   2.638   1.472   2.982   0.481

24.85  0.00   0.431   0.424   0.026   0.073   0.001   0.004   0.324   0.002   0.000   0.002   0.000 2158790000
24.85    3.77    50.491
24.85 20.00   0.877   2.105
24.85 20.00   2.982    65.197
24.85 20.00   2.635   1.479   2.982   0.488
24.85 20.00   2.638   1.471   2.982   0.480

24.86  0.00   0.431   0.424   0.026   0.073   0.001   0.004   0.324   0.002   0.000   0.002   0.000 2159659000
24.86    3.77    50.488
24.86 20.00   0.877   2.105
24.86 20.00   2.982    65.196
24.86 20.00   2.635   1.478   2.982   0.488
24.86 20.00   2.638   1.471   2.982   0.480

24.87  0.00   0.431   0.424   0.026   0.073   0.001   0.004   0.324   0.002   0.000   0.002   0.000 2160528000
24.87    3.77    50.484
24.87 20.00   0.877   2.105
24.87 20.00   2.982    65.195
24.87 20.00   2.635   1.478   2.982   0.488
24.87 20.00   2.638   1.471   2.982   0.480

24.88  0.00   0.431   0.424   0.026   0.073   0.001   0.004   0.324   0.002   0.000   0.002   0.000 2161396000
24.88    3.77    50.480
24.88 20.00   0.877   2.105
24.88 20.00   2.982    65.194
24.88 20.00   2.635   1.478   2.982   0.488
24.88 20.00   2.638   1.471   2.982   0.480

24.89  0.00   0.431   0.424   0.026   0.073   0.001   0.004   0.324   0.002   0.000   0.002   0.000 2162265000
24.89    3.77    50.477
24.89 20.00   0.877   2.105
24.89 20.00   2.982    65.193
24.89 20.00   2.635   1.478   2.982   0.488
24.89 20.00   2.638   1.471   2.982   0.480

24.90  0.00   0.431   0.424   0.026   0.073   0.001   0.004   0.324   0.002   0.000   0.002   0.000 2163134000
24.90    3.77    50.473
24.90 20.00   0.877   2.105
24.90 20.00   2.982    65.192
24.90 20.00   2.635   1.478   2.982   0.488
24.90 20.00   2.638   1.471   2.982   0.480

24.91  0.00   0.431   0.424   0.026   0.073   0.001   0.004   0.324   0.002   0.000   0.002   0.000 2164003000
24.91    3.77    50.469
24.91 20.00   0.877   2.105
24.91 20.00   2.982    65.190
24.91 20.00   2.635   1.478   2.982   0.488
24.91 20.00   2.637   1.471   2.982   0.480

24.92  0.00   0.431   0.424   0.026   0.073   0.001   0.004   0.324   0.002   0.000   0.002   0.000 2164871000
24.92    3.77    50.465
24.92 20.00   0.876   2.105
24.92 20.00   2.981    65.189
24.92 20.00   2.635   1.478   2.981   0.488
24.92 20.00   2.637   1.471   2.981   0.480

24.93  0.00   0.431   0.424   0.026   0.073   0.001   0.004   0.324   0.002   0.000   0.002   0.000 2165740000
24.93    3.76    50.462
24.93 20.00   0.876   2.105
24.93 20.00   2.981    65.188
24.93 20.00   2.635   1.478   2.981   0.488
24.93 20.00   2.637   1.471   2.981   0.480

24.94  0.00   0.431   0.424   0.026   0.073   0.001   0.004   0.324   0.002   0.000   0.002   0.000 2166609000
24.94    3.76    50.458
24.94 20.00   0.876   2.105
24.94 20.00   2.981    65.187
24.94 20.00   2.635   1.478   2.981   0.488
24.94 20.00   2.637   1.471   2.981   0.480

24.95  0.00   0.431   0.424   0.026   0.073   0.001   0.004   0.324   0.002   0.000   0.002   0.000 2167478000
24.95    3.76    50.454
24.95 20.00   0.876   2.105
24.95 20.00   2.981    65.186
24.95 20.00   2.634   1.478   2.981   0.488
24.95 20.00   2.637   1.471   2.981   0.480

24.96  0.00   0.431   0.424   0.026   0.073   0.001   0.004   0.324   0.002   0.000   0.002   0.000 2168346000
24.96    3.76    50.451
24.96 20.00   0.876   2.105
24.96 20.00   2.981    65.185
24.96 20.00   2.634   1.478   2.981   0.488
24.96 20.00   2.637   1.471   2.981   0.480

24.97  0.00   0.431   0.424   0.026   0.073   0.001   0.004   0.324   0.002   0.000   0.002   0.000 2169215000
24.97    3.76    50.447
24.97 20.00   0.876   2.105
24.97 20.00   2.981    65.184
24.97 20.00   2.634   1.478   2.981   0.488
24.97 20.00   2.637   1.471   2.981   0.480

24.98  0.00   0.431   0.424   0.026   0.073   0.001   0.004   0.324   0.002   0.000   0.002   0.000 2170084000
24.98    3.76    50.443
24.98 20.00   0.876   2.105
24.98 20.00   2.981    65.183
24.98 20.00   2.634   1.478   2.981   0.488
24.98 20.00   2.637   1.471   2.981   0.480

24.99  0.00   0.431   0.424   0.026   0.073   0.001   0.004   0.324   0.002   0.000   0.002   0.000 2170952000
24.99    3.76    50.440
24.99 20.00   0.876   2.105
24.99 20.00   2.981    65.182
24.99 20.00   2.634   1.478   2.981   0.488
24.99 20.00   2.637   1.471   2.981   0.480

25.00  0.00   0.431   0.424   0.026   0.073   0.001   0.004   0.324   0.002   0.000   0.002   0.000 2171821000
25.00    3.76    50.436
25.00 20.00   0.876   2.105
25.00 20.00   2.981    65.180
25.00 20.00   2.634   1.478   2.981   0.488
25.00 20.00   2.637   1.471   2.981   0.480
