
                -------->  BODY TRANSITIONING TO TURBULENT FLOW  <--------

 0.01  0.00   0.320   0.314  0.199   0.011   0.018  0.056   0.036   0.000  0.000    868729
 0.01 13.37 110.136
 0.01 18.00   3.806   1.718
 0.01 18.00   5.525 102.144
 0.01 18.00   5.145   2.044   5.525   0.354
 0.01 18.00   5.147   2.037   5.525   0.347

 0.02  0.00   0.305   0.298  0.199   0.011   0.018  0.046   0.030   0.000  0.000   1737457
 0.02 13.37 110.136
 0.02 18.00   3.806   1.718
 0.02 18.00   5.525 102.144
 0.02 18.00   5.150   2.027   5.525   0.337
 0.02 18.00   5.152   2.020   5.525   0.329

 0.03  0.00   0.305   0.298  0.199   0.011   0.018  0.046   0.030   0.000  0.000   2606186
 0.03 13.37 110.136
 0.03 18.00   3.806   1.718
 0.03 18.00   5.525 102.144
 0.03 18.00   5.150   2.027   5.525   0.337
 0.03 18.00   5.152   2.020   5.525   0.329

 0.04  0.00   0.304   0.298  0.199   0.011   0.018  0.046   0.030   0.000  0.000   3474914
 0.04 13.37 110.136
 0.04 18.00   3.806   1.718
 0.04 18.00   5.525 102.144
 0.04 18.00   5.150   2.027   5.525   0.337
 0.04 18.00   5.152   2.020   5.525   0.329

 0.05  0.00   0.304   0.298  0.199   0.011   0.018  0.046   0.030   0.000  0.000   4343642
 0.05 13.37 110.136
 0.05 18.00   3.806   1.718
 0.05 18.00   5.525 102.144
 0.05 18.00   5.150   2.027   5.525   0.336
 0.05 18.00   5.152   2.020   5.525   0.329

 0.06  0.00   0.304   0.298  0.199   0.011   0.018  0.046   0.030   0.000  0.000   5212371
 0.06 13.37 110.136
 0.06 18.00   3.806   1.718
 0.06 18.00   5.525 102.144
 0.06 18.00   5.150   2.027   5.525   0.336
 0.06 18.00   5.152   2.020   5.525   0.329

 0.07  0.00   0.304   0.298  0.199   0.011   0.018  0.046   0.030   0.000  0.000   6081100
 0.07 13.37 110.136
 0.07 18.00   3.806   1.718
 0.07 18.00   5.525 102.144
 0.07 18.00   5.150   2.027   5.525   0.336
 0.07 18.00   5.153   2.020   5.525   0.329

 0.08  0.00   0.304   0.297  0.199   0.011   0.018  0.046   0.030   0.000  0.000   6949828
 0.08 13.37 110.136
 0.08 18.00   3.806   1.718
 0.08 18.00   5.525 102.144
 0.08 18.00   5.150   2.027   5.525   0.336
 0.08 18.00   5.153   2.020   5.525   0.329

 0.09  0.00   0.304   0.297  0.199   0.011   0.018  0.046   0.030   0.000  0.000   7818557
 0.09 13.37 110.136
 0.09 18.00   3.806   1.718
 0.09 18.00   5.525 102.144
 0.09 18.00   5.150   2.027   5.525   0.336
 0.09 18.00   5.153   2.020   5.525   0.329

 0.10  0.00   0.304   0.297  0.199   0.011   0.018  0.046   0.030   0.000  0.000   8687285
 0.10 13.37 110.136
 0.10 18.00   3.806   1.718
 0.10 18.00   5.525 102.144
 0.10 18.00   5.150   2.027   5.525   0.336
 0.10 18.00   5.153   2.020   5.525   0.329

 0.11  0.00   0.304   0.297  0.199   0.011   0.018  0.046   0.030   0.000  0.000   9556014
 0.11 13.37 110.136
 0.11 18.00   3.806   1.718
 0.11 18.00   5.525 102.144
 0.11 18.00   5.150   2.027   5.525   0.336
 0.11 18.00   5.153   2.020   5.525   0.329

 0.12  0.00   0.304   0.297  0.199   0.011   0.018  0.046   0.030   0.000  0.000  10424740
 0.12 13.37 110.136
 0.12 18.00   3.806   1.718
 0.12 18.00   5.525 102.144
 0.12 18.00   5.150   2.027   5.525   0.336
 0.12 18.00   5.153   2.020   5.525   0.329

 0.13  0.00   0.304   0.297  0.199   0.011   0.018  0.046   0.029   0.000  0.000  11293470
 0.13 13.37 110.136
 0.13 18.00   3.806   1.718
 0.13 18.00   5.525 102.144
 0.13 18.00   5.150   2.027   5.525   0.336
 0.13 18.00   5.153   2.020   5.525   0.328

 0.14  0.00   0.304   0.297  0.199   0.011   0.018  0.046   0.029   0.000  0.000  12162200
 0.14 13.37 110.136
 0.14 18.00   3.806   1.718
 0.14 18.00   5.525 102.144
 0.14 18.00   5.150   2.026   5.525   0.336
 0.14 18.00   5.153   2.020   5.525   0.328

 0.15  0.00   0.304   0.297  0.199   0.011   0.018  0.046   0.029   0.000  0.000  13030930
 0.15 13.37 110.136
 0.15 18.00   3.806   1.718
 0.15 18.00   5.525 102.144
 0.15 18.00   5.150   2.026   5.525   0.336
 0.15 18.00   5.153   2.019   5.525   0.328

 0.16  0.00   0.304   0.297  0.199   0.011   0.018  0.046   0.029   0.000  0.000  13899660
 0.16 13.37 110.136
 0.16 18.00   3.806   1.718
 0.16 18.00   5.525 102.144
 0.16 18.00   5.150   2.026   5.525   0.336
 0.16 18.00   5.153   2.019   5.525   0.328

 0.17  0.00   0.303   0.297  0.199   0.011   0.018  0.046   0.029   0.000  0.000  14768380
 0.17 13.37 110.136
 0.17 18.00   3.806   1.718
 0.17 18.00   5.525 102.144
 0.17 18.00   5.151   2.026   5.525   0.335
 0.17 18.00   5.153   2.019   5.525   0.328

 0.18  0.00   0.303   0.297  0.199   0.011   0.018  0.046   0.029   0.000  0.000  15637110
 0.18 13.37 110.136
 0.18 18.00   3.806   1.718
 0.18 18.00   5.525 102.144
 0.18 18.00   5.151   2.026   5.525   0.335
 0.18 18.00   5.153   2.019   5.525   0.328

 0.19  0.00   0.303   0.297  0.199   0.011   0.018  0.046   0.029   0.000  0.000  16505840
 0.19 13.37 110.136
 0.19 18.00   3.806   1.718
 0.19 18.00   5.525 102.144
 0.19 18.00   5.151   2.026   5.525   0.335
 0.19 18.00   5.153   2.019   5.525   0.328

 0.20  0.00   0.303   0.297  0.199   0.011   0.018  0.046   0.029   0.000  0.000  17374570
 0.20 13.37 110.136
 0.20 18.00   3.806   1.718
 0.20 18.00   5.525 102.144
 0.20 18.00   5.151   2.026   5.525   0.335
 0.20 18.00   5.153   2.019   5.525   0.328

 0.21  0.00   0.303   0.297  0.199   0.011   0.018  0.045   0.029   0.000  0.000  18243300
 0.21 13.37 110.136
 0.21 18.00   3.806   1.718
 0.21 18.00   5.525 102.144
 0.21 18.00   5.151   2.026   5.525   0.335
 0.21 18.00   5.153   2.019   5.525   0.328

 0.22  0.00   0.303   0.296  0.199   0.011   0.018  0.045   0.029   0.000  0.000  19112030
 0.22 13.37 110.136
 0.22 18.00   3.806   1.718
 0.22 18.00   5.525 102.144
 0.22 18.00   5.151   2.026   5.525   0.335
 0.22 18.00   5.153   2.019   5.525   0.328

 0.23  0.00   0.303   0.296  0.199   0.011   0.018  0.045   0.029   0.000  0.000  19980760
 0.23 13.37 110.136
 0.23 18.00   3.806   1.718
 0.23 18.00   5.525 102.144
 0.23 18.00   5.151   2.026   5.525   0.335
 0.23 18.00   5.153   2.019   5.525   0.328

 0.24  0.00   0.303   0.296  0.199   0.011   0.018  0.045   0.029   0.000  0.000  20849480
 0.24 13.37 110.136
 0.24 18.00   3.806   1.718
 0.24 18.00   5.525 102.144
 0.24 18.00   5.151   2.026   5.525   0.335
 0.24 18.00   5.153   2.019   5.525   0.328

 0.25  0.00   0.303   0.296  0.199   0.011   0.018  0.045   0.029   0.000  0.000  21718210
 0.25 13.37 110.136
 0.25 18.00   3.806   1.718
 0.25 18.00   5.525 102.144
 0.25 18.00   5.151   2.026   5.525   0.335
 0.25 18.00   5.153   2.019   5.525   0.327

 0.26  0.00   0.303   0.296  0.199   0.011   0.018  0.045   0.029   0.000  0.000  22586940
 0.26 13.37 110.136
 0.26 18.00   3.806   1.718
 0.26 18.00   5.525 102.144
 0.26 18.00   5.151   2.026   5.525   0.335
 0.26 18.00   5.153   2.019   5.525   0.328

 0.27  0.00   0.303   0.296  0.199   0.011   0.018  0.045   0.029   0.000  0.000  23455670
 0.27 13.37 110.136
 0.27 18.00   3.806   1.718
 0.27 18.00   5.525 102.144
 0.27 18.00   5.151   2.026   5.525   0.335
 0.27 18.00   5.153   2.019   5.525   0.328

 0.28  0.00   0.303   0.296  0.199   0.011   0.018  0.045   0.029   0.000  0.000  24324400
 0.28 13.37 110.136
 0.28 18.00   3.806   1.718
 0.28 18.00   5.525 102.144
 0.28 18.00   5.151   2.026   5.525   0.335
 0.28 18.00   5.153   2.019   5.525   0.328

 0.29  0.00   0.303   0.297  0.199   0.011   0.018  0.046   0.029   0.000  0.000  25193130
 0.29 13.37 110.136
 0.29 18.00   3.806   1.718
 0.29 18.00   5.525 102.144
 0.29 18.00   5.151   2.026   5.525   0.335
 0.29 18.00   5.153   2.019   5.525   0.328

 0.30  0.00   0.303   0.297  0.199   0.011   0.018  0.046   0.029   0.000  0.000  26061860
 0.30 13.37 110.136
 0.30 18.00   3.806   1.718
 0.30 18.00   5.525 102.144
 0.30 18.00   5.151   2.026   5.525   0.335
 0.30 18.00   5.153   2.019   5.525   0.328

 0.31  0.00   0.303   0.297  0.199   0.011   0.018  0.046   0.029   0.000  0.000  26930580
 0.31 13.37 110.136
 0.31 18.00   3.806   1.718
 0.31 18.00   5.525 102.144
 0.31 18.00   5.151   2.026   5.525   0.335
 0.31 18.00   5.153   2.019   5.525   0.328

 0.32  0.00   0.303   0.297  0.199   0.011   0.018  0.046   0.029   0.000  0.000  27799310
 0.32 13.37 110.136
 0.32 18.00   3.806   1.718
 0.32 18.00   5.525 102.144
 0.32 18.00   5.150   2.026   5.525   0.336
 0.32 18.00   5.153   2.019   5.525   0.328

 0.33  0.00   0.304   0.297  0.199   0.011   0.018  0.046   0.029   0.000  0.000  28668040
 0.33 13.37 110.136
 0.33 18.00   3.806   1.700
 0.33 18.00   5.507 102.226
 0.33 18.00   5.133   2.021   5.507   0.336
 0.33 18.00   5.136   2.014   5.507   0.328

 0.34  0.00   0.304   0.297  0.199   0.011   0.018  0.046   0.029   0.000  0.000  29536770
 0.34 13.37 110.136
 0.34 18.00   3.806   1.672
 0.34 18.00   5.479 102.356
 0.34 18.00   5.107   2.012   5.479   0.336
 0.34 18.00   5.109   2.005   5.479   0.328

 0.35  0.00   0.304   0.297  0.199   0.011   0.018  0.046   0.029   0.000  0.000  30405500
 0.35 13.37 110.136
 0.35 18.00   3.806   1.644
 0.35 18.00   5.451 102.488
 0.35 18.00   5.080   2.004   5.451   0.336
 0.35 18.00   5.082   1.997   5.451   0.328

 0.36  0.00   0.304   0.297  0.199   0.011   0.018  0.046   0.030   0.000  0.000  31274230
 0.36 13.37 110.136
 0.36 18.00   3.806   1.616
 0.36 18.00   5.423 102.621
 0.36 18.00   5.053   1.995   5.423   0.336
 0.36 18.00   5.056   1.988   5.423   0.329

 0.37  0.00   0.304   0.297  0.199   0.011   0.018  0.046   0.030   0.000  0.000  32142960
 0.37 13.37 110.136
 0.37 18.00   3.806   1.588
 0.37 18.00   5.395 102.755
 0.37 18.00   5.027   1.987   5.395   0.336
 0.37 18.00   5.029   1.980   5.395   0.329

 0.38  0.00   0.304   0.297  0.199   0.011   0.018  0.046   0.030   0.000  0.000  33011680
 0.38 13.37 110.136
 0.38 18.00   3.806   1.560
 0.38 18.00   5.367 102.890
 0.38 18.00   5.000   1.978   5.367   0.336
 0.38 18.00   5.002   1.971   5.367   0.329

 0.39  0.00   0.304   0.297  0.199   0.011   0.018  0.046   0.030   0.000  0.000  33880410
 0.39 13.37 110.136
 0.39 18.00   3.806   1.532
 0.39 18.00   5.338 103.027
 0.39 18.00   4.973   1.969   5.338   0.336
 0.39 18.00   4.976   1.962   5.338   0.329

 0.40  0.00   0.304   0.298  0.199   0.011   0.018  0.046   0.030   0.000  0.000  34749140
 0.40 13.37 110.136
 0.40 18.00   3.806   1.504
 0.40 18.00   5.310 103.166
 0.40 18.00   4.947   1.961   5.310   0.336
 0.40 18.00   4.949   1.954   5.310   0.329

 0.41  0.00   0.304   0.298  0.199   0.011   0.018  0.046   0.030   0.000  0.000  35617870
 0.41 13.37 110.136
 0.41 18.00   3.806   1.476
 0.41 18.00   5.282 103.306
 0.41 18.00   4.920   1.952   5.282   0.336
 0.41 18.00   4.922   1.945   5.282   0.329

 0.42  0.00   0.304   0.298  0.199   0.011   0.018  0.046   0.030   0.000  0.000  36486600
 0.42 13.37 110.136
 0.42 18.00   3.806   1.448
 0.42 18.00   5.254 103.447
 0.42 18.00   4.893   1.944   5.254   0.337
 0.42 18.00   4.896   1.937   5.254   0.329

 0.43  0.00   0.304   0.298  0.199   0.011   0.018  0.046   0.030   0.000  0.000  37355330
 0.43 13.37 110.136
 0.43 18.00   3.806   1.420
 0.43 18.00   5.226 103.590
 0.43 18.00   4.867   1.935   5.226   0.337
 0.43 18.00   4.869   1.928   5.226   0.329

 0.44  0.00   0.305   0.298  0.199   0.011   0.018  0.046   0.030   0.000  0.000  38224060
 0.44 13.37 110.136
 0.44 18.00   3.806   1.392
 0.44 18.00   5.198 103.734
 0.44 18.00   4.840   1.927   5.198   0.337
 0.44 18.00   4.842   1.920   5.198   0.329

 0.45  0.00   0.305   0.298  0.199   0.011   0.018  0.046   0.030   0.000  0.000  39092780
 0.45 13.37 110.136
 0.45 18.00   3.806   1.364
 0.45 18.00   5.170 103.880
 0.45 18.00   4.813   1.918   5.170   0.337
 0.45 18.00   4.815   1.911   5.170   0.329

 0.46  0.00   0.305   0.298  0.199   0.011   0.018  0.046   0.030   0.000  0.000  39961510
 0.46 13.37 110.136
 0.46 18.00   3.806   1.336
 0.46 18.00   5.142 104.028
 0.46 18.00   4.787   1.909   5.142   0.337
 0.46 18.00   4.789   1.903   5.142   0.330

 0.47  0.00   0.305   0.298  0.199   0.011   0.018  0.047   0.030   0.000  0.000  40830240
 0.47 13.37 110.136
 0.47 18.00   3.806   1.308
 0.47 18.00   5.114 104.177
 0.47 18.00   4.760   1.901   5.114   0.337
 0.47 18.00   4.762   1.894   5.114   0.330

 0.48  0.00   0.305   0.298  0.199   0.011   0.018  0.047   0.030   0.000  0.000  41698970
 0.48 13.37 110.136
 0.48 18.00   3.806   1.280
 0.48 18.00   5.086 104.328
 0.48 18.00   4.733   1.892   5.086   0.337
 0.48 18.00   4.735   1.885   5.086   0.330

 0.49  0.00   0.305   0.298  0.199   0.011   0.018  0.047   0.030   0.000  0.000  42567700
 0.49 13.37 110.136
 0.49 18.00   3.806   1.252
 0.49 18.00   5.058 104.480
 0.49 18.00   4.706   1.884   5.058   0.337
 0.49 18.00   4.709   1.877   5.058   0.330

 0.50  0.00   0.305   0.298  0.199   0.011   0.018  0.047   0.030   0.000  0.000  43436420
 0.50 13.37 110.136
 0.50 18.00   3.806   1.224
 0.50 18.00   5.030 104.635
 0.50 18.00   4.680   1.875   5.030   0.337
 0.50 18.00   4.682   1.868   5.030   0.330

 0.51  0.00   0.305   0.299  0.199   0.011   0.018  0.047   0.030   0.000  0.000  44305150
 0.51 13.37 110.136
 0.51 18.00   3.806   1.196
 0.51 18.00   5.002 104.791
 0.51 18.00   4.653   1.867   5.002   0.337
 0.51 18.00   4.655   1.860   5.002   0.330

 0.52  0.00   0.305   0.299  0.199   0.011   0.018  0.047   0.030   0.000  0.000  45173880
 0.52 13.37 110.136
 0.52 18.00   3.806   1.168
 0.52 18.00   4.974 104.948
 0.52 18.00   4.626   1.858   4.974   0.337
 0.52 18.00   4.629   1.851   4.974   0.330

 0.53  0.00   0.305   0.299  0.199   0.011   0.018  0.047   0.030   0.000  0.000  46042610
 0.53 13.37 110.136
 0.53 18.00   3.806   1.140
 0.53 18.00   4.946 105.108
 0.53 18.00   4.600   1.850   4.946   0.338
 0.53 18.00   4.602   1.843   4.946   0.330

 0.54  0.00   0.305   0.299  0.199   0.011   0.018  0.047   0.030   0.000  0.000  46911340
 0.54 13.37 110.136
 0.54 18.00   3.806   1.112
 0.54 18.00   4.918 105.269
 0.54 18.00   4.573   1.841   4.918   0.338
 0.54 18.00   4.575   1.834   4.918   0.330

 0.55  0.00   0.306   0.299  0.199   0.011   0.018  0.047   0.030   0.000  0.000  47780070
 0.55 13.37 110.136
 0.55 18.00   3.806   1.084
 0.55 18.00   4.890 105.432
 0.55 18.00   4.546   1.832   4.890   0.338
 0.55 18.00   4.549   1.825   4.890   0.330

 0.56  0.00   0.306   0.299  0.199   0.011   0.018  0.047   0.030   0.000  0.000  48648800
 0.56 13.37 110.136
 0.56 18.00   3.806   1.056
 0.56 18.00   4.862 105.597
 0.56 18.00   4.520   1.824   4.862   0.338
 0.56 18.00   4.522   1.817   4.862   0.331

 0.57  0.00   0.306   0.299  0.199   0.011   0.018  0.047   0.030   0.000  0.000  49517520
 0.57 13.37 110.136
 0.57 18.00   3.806   1.028
 0.57 18.00   4.834 105.764
 0.57 18.00   4.493   1.815   4.834   0.338
 0.57 18.00   4.495   1.808   4.834   0.331

 0.58  0.00   0.306   0.299  0.199   0.011   0.018  0.047   0.030   0.000  0.000  50386250
 0.58 13.37 110.136
 0.58 18.00   3.806   1.000
 0.58 18.00   4.806 105.933
 0.58 18.00   4.466   1.807   4.806   0.338
 0.58 18.00   4.469   1.800   4.806   0.331

 0.59  0.00   0.306   0.299  0.199   0.011   0.018  0.047   0.030   0.000  0.000  51254980
 0.59 13.37 110.136
 0.59 18.00   3.806   0.972
 0.59 18.00   4.778 106.104
 0.59 18.00   4.440   1.798   4.778   0.338
 0.59 18.00   4.442   1.791   4.778   0.331

 0.60  0.00   0.306   0.299  0.199   0.011   0.018  0.047   0.030   0.000  0.000  52123710
 0.60 13.37 110.136
 0.60 18.00   3.806   0.944
 0.60 18.00   4.750 106.277
 0.60 18.00   4.413   1.790   4.750   0.338
 0.60 18.00   4.415   1.782   4.750   0.331

 0.61  0.00   0.306   0.299  0.199   0.011   0.018  0.047   0.030   0.000  0.000  52992440
 0.61 13.37 110.136
 0.61 18.00   3.806   0.916
 0.61 18.00   4.722 106.452
 0.61 18.00   4.386   1.781   4.722   0.339
 0.61 18.00   4.389   1.774   4.722   0.331

 0.62  0.00   0.307   0.300  0.199   0.011   0.018  0.048   0.031   0.000  0.000  53861170
 0.62 13.37 110.136
 0.62 18.00   3.806   0.888
 0.62 18.00   4.694 106.629
 0.62 18.00   4.359   1.773   4.694   0.339
 0.62 18.00   4.362   1.765   4.694   0.331

 0.63  0.00   0.307   0.300  0.199   0.011   0.018  0.048   0.031   0.000  0.000  54729900
 0.63 13.37 110.136
 0.63 18.00   3.806   0.860
 0.63 18.00   4.666 106.808
 0.63 18.00   4.333   1.765   4.666   0.339
 0.63 18.00   4.335   1.757   4.666   0.331

 0.64  0.00   0.307   0.300  0.199   0.011   0.018  0.048   0.031   0.000  0.000  55598620
 0.64 13.37 110.136
 0.64 18.00   3.806   0.832
 0.64 18.00   4.638 106.990
 0.64 18.00   4.306   1.756   4.638   0.340
 0.64 18.00   4.308   1.749   4.638   0.332

 0.65  0.00   0.308   0.300  0.199   0.011   0.018  0.048   0.031   0.000  0.000  56467350
 0.65 13.37 110.136
 0.65 18.00   3.806   0.804
 0.65 18.00   4.610 107.173
 0.65 18.00   4.279   1.748   4.610   0.340
 0.65 18.00   4.282   1.740   4.610   0.332

 0.66  0.00   0.308   0.300  0.199   0.011   0.018  0.049   0.031   0.000  0.000  57336080
 0.66 13.37 110.136
 0.66 18.00   3.806   0.776
 0.66 18.00   4.582 107.359
 0.66 18.00   4.252   1.740   4.582   0.341
 0.66 18.00   4.255   1.732   4.582   0.332

 0.67  0.00   0.309   0.301  0.199   0.011   0.018  0.049   0.031   0.000  0.000  58204810
 0.67 13.37 110.136
 0.67 18.00   3.806   0.748
 0.67 18.00   4.554 107.547
 0.67 18.00   4.226   1.732   4.554   0.341
 0.67 18.00   4.228   1.723   4.554   0.332

 0.68  0.00   0.309   0.301  0.199   0.011   0.018  0.049   0.031   0.000  0.000  59073540
 0.68 13.37 110.136
 0.68 18.00   3.806   0.720
 0.68 18.00   4.526 107.738
 0.68 18.00   4.199   1.723   4.526   0.342
 0.68 18.00   4.201   1.715   4.526   0.333

 0.69  0.00   0.309   0.301  0.199   0.011   0.018  0.049   0.032   0.000  0.000  59942270
 0.69 13.37 110.136
 0.69 18.00   3.806   0.692
 0.69 18.00   4.498 107.930
 0.69 18.00   4.172   1.715   4.498   0.342
 0.69 18.00   4.175   1.707   4.498   0.333

 0.70  0.00   0.310   0.301  0.199   0.011   0.018  0.049   0.032   0.000  0.000  60811000
 0.70 13.37 110.136
 0.70 18.00   3.806   0.664
 0.70 18.00   4.470 108.126
 0.70 18.00   4.145   1.707   4.470   0.342
 0.70 18.00   4.148   1.698   4.470   0.333

 0.71  0.00   0.310   0.302  0.199   0.011   0.018  0.050   0.032   0.000  0.000  61679720
 0.71 13.37 110.136
 0.71 18.00   3.806   0.635
 0.71 18.00   4.442 108.323
 0.71 18.00   4.118   1.698   4.442   0.343
 0.71 18.00   4.121   1.690   4.442   0.333

 0.72  0.00   0.310   0.302  0.199   0.011   0.018  0.050   0.032   0.000  0.000  62548460
 0.72 13.37 110.136
 0.72 18.00   3.806   0.607
 0.72 18.00   4.414 108.523
 0.72 18.00   4.092   1.690   4.414   0.343
 0.72 18.00   4.095   1.681   4.414   0.334

 0.73  0.00   0.311   0.302  0.199   0.011   0.018  0.050   0.032   0.000  0.000  63417180
 0.73 13.37 110.136
 0.73 18.00   3.806   0.579
 0.73 18.00   4.386 108.726
 0.73 18.00   4.065   1.682   4.386   0.343
 0.73 18.00   4.068   1.673   4.386   0.334

 0.74  0.00   0.311   0.302  0.199   0.011   0.018  0.050   0.032   0.000  0.000  64285910
 0.74 13.37 110.136
 0.74 18.00   3.806   0.551
 0.74 18.00   4.358 108.932
 0.74 18.00   4.038   1.674   4.358   0.344
 0.74 18.00   4.041   1.664   4.358   0.334

 0.75  0.00   0.311   0.302  0.199   0.011   0.018  0.051   0.032   0.000  0.000  65154640
 0.75 13.37 110.136
 0.75 18.00   3.806   0.523
 0.75 18.00   4.330 109.140
 0.75 18.00   4.011   1.665   4.330   0.344
 0.75 18.00   4.014   1.656   4.330   0.334

 0.76  0.00   0.312   0.303  0.199   0.011   0.018  0.051   0.033   0.000  0.000  66023370
 0.76 13.37 110.136
 0.76 18.00   3.806   0.495
 0.76 18.00   4.302 109.350
 0.76 18.00   3.985   1.657   4.302   0.345
 0.76 18.00   3.988   1.648   4.302   0.335

 0.77  0.00   0.312   0.303  0.199   0.011   0.018  0.051   0.033   0.000  0.000  66892100
 0.77 13.37 110.136
 0.77 18.00   3.806   0.467
 0.77 18.00   4.274 109.564
 0.77 18.00   3.958   1.649   4.274   0.345
 0.77 18.00   3.961   1.639   4.274   0.335

 0.78  0.00   0.312   0.303  0.199   0.011   0.018  0.051   0.033   0.000  0.000  67760820
 0.78 13.37 110.136
 0.78 18.00   3.806   0.439
 0.78 18.00   4.246 109.780
 0.78 18.00   3.931   1.640   4.246   0.345
 0.78 18.00   3.934   1.631   4.246   0.335

 0.79  0.00   0.313   0.303  0.199   0.011   0.018  0.051   0.033   0.000  0.000  68629550
 0.79 13.37 110.136
 0.79 18.00   3.806   0.411
 0.79 18.00   4.218 109.999
 0.79 18.00   3.904   1.632   4.218   0.346
 0.79 18.00   3.907   1.622   4.218   0.335

 0.80  0.00   0.313   0.304  0.199   0.011   0.018  0.052   0.033   0.000  0.000  69498280
 0.80 13.37 110.136
 0.80 18.00   3.806   0.383
 0.80 18.00   4.189 110.221
 0.80 18.00   3.877   1.624   4.189   0.346
 0.80 18.00   3.881   1.614   4.189   0.336

 0.81  0.00   0.314   0.304  0.199   0.011   0.018  0.052   0.033   0.000  0.000  70367010
 0.81 13.37 110.136
 0.81 18.00   3.806   0.358
 0.81 18.00   4.164 110.424
 0.81 18.00   3.853   1.616   4.164   0.347
 0.81 18.00   3.857   1.606   4.164   0.336

 0.82  0.00   0.314   0.304  0.199   0.011   0.018  0.052   0.033   0.000  0.000  71235740
 0.82 13.37 110.136
 0.82 18.00   3.806   0.358
 0.82 18.00   4.164 110.424
 0.82 18.00   3.853   1.617   4.164   0.347
 0.82 18.00   3.857   1.607   4.164   0.336

 0.83  0.00   0.314   0.304  0.199   0.011   0.018  0.052   0.034   0.000  0.000  72104460
 0.83 13.37 110.136
 0.83 18.00   3.806   0.358
 0.83 18.00   4.164 110.424
 0.83 18.00   3.853   1.617   4.164   0.347
 0.83 18.00   3.856   1.607   4.164   0.336

 0.84  0.00   0.315   0.304  0.199   0.011   0.018  0.052   0.034   0.000  0.000  72973190
 0.84 13.37 110.136
 0.84 18.00   3.806   0.358
 0.84 18.00   4.164 110.424
 0.84 18.00   3.853   1.618   4.164   0.348
 0.84 18.00   3.856   1.607   4.164   0.337

 0.85  0.00   0.315   0.305  0.199   0.011   0.018  0.053   0.034   0.000  0.000  73841930
 0.85 13.37 110.136
 0.85 18.00   3.806   0.358
 0.85 18.00   4.164 110.424
 0.85 18.00   3.853   1.618   4.164   0.348
 0.85 18.00   3.856   1.607   4.164   0.337

 0.86  0.00   0.315   0.305  0.199   0.011   0.018  0.053   0.034   0.000  0.000  74710660
 0.86 13.37 110.136
 0.86 18.00   3.806   0.358
 0.86 18.00   4.164 110.424
 0.86 18.00   3.853   1.618   4.164   0.349
 0.86 18.00   3.856   1.607   4.164   0.337

 0.87  0.00   0.316   0.305  0.199   0.011   0.018  0.053   0.034   0.000  0.000  75579380
 0.87 13.37 110.136
 0.87 18.00   3.806   0.358
 0.87 18.00   4.164 110.424
 0.87 18.00   3.853   1.619   4.164   0.349
 0.87 18.00   3.856   1.608   4.164   0.337

 0.88  0.00   0.316   0.305  0.199   0.011   0.018  0.053   0.034   0.000  0.000  76448110
 0.88 13.37 110.136
 0.88 18.00   3.806   0.358
 0.88 18.00   4.164 110.424
 0.88 18.00   3.852   1.619   4.164   0.349
 0.88 18.00   3.856   1.608   4.164   0.338

 0.89  0.00   0.316   0.306  0.199   0.011   0.018  0.054   0.034   0.000  0.000  77316840
 0.89 13.37 110.136
 0.89 18.00   3.806   0.358
 0.89 18.00   4.164 110.424
 0.89 18.00   3.852   1.619   4.164   0.350
 0.89 18.00   3.856   1.608   4.164   0.338

 0.90  0.00   0.317   0.306  0.199   0.011   0.018  0.054   0.035   0.000  0.000  78185570
 0.90 13.37 110.136
 0.90 18.00   3.806   0.358
 0.90 18.00   4.164 110.424
 0.90 18.00   3.852   1.620   4.164   0.350
 0.90 18.00   3.856   1.608   4.164   0.338

 0.91  0.00   0.319   0.308   79054300
 0.91   13.45   110.568
 0.91 18.00   3.830   0.358
 0.91 18.00   4.188   110.858
 0.91 18.00   3.874   1.629   4.188   0.353
 0.91 18.00   3.878   1.618   4.188   0.340

 0.92  0.00   0.325   0.314   79923020
 0.92   13.52   111.000
 0.92 18.00   3.854   0.358
 0.92 18.00   4.212   111.293
 0.92 18.00   3.895   1.644   4.212   0.360
 0.92 18.00   3.898   1.632   4.212   0.347

 0.93  0.00   0.345   0.333   80791750
 0.93   13.60   111.433
 0.93 18.00   3.878   0.358
 0.93 18.00   4.236   111.727
 0.93 18.00   3.911   1.671   4.236   0.381
 0.93 18.00   3.915   1.659   4.236   0.368

 0.94  0.00   0.373   0.361   81660480
 0.94   13.67   111.865
 0.94 18.00   3.902   0.358
 0.94 18.00   4.260   112.161
 0.94 18.00   3.924   1.709   4.260   0.413
 0.94 18.00   3.928   1.696   4.260   0.399

 0.95  0.00   0.402   0.389   82529210
 0.95   13.75   112.298
 0.95 18.00   3.926   0.358
 0.95 18.00   4.284   112.596
 0.95 18.00   3.936   1.747   4.284   0.445
 0.95 18.00   3.941   1.733   4.284   0.430

 0.96  0.00   0.431   0.417   83397940
 0.96   13.83   112.730
 0.96 18.00   3.949   0.358
 0.96 18.00   4.307   113.030
 0.96 18.00   3.949   1.784   4.307   0.476
 0.96 18.00   3.954   1.770   4.307   0.461

 0.97  0.00   0.460   0.446   84266670
 0.97   13.90   113.162
 0.97 18.00   3.973   0.358
 0.97 18.00   4.331   113.464
 0.97 18.00   3.962   1.822   4.331   0.508
 0.97 18.00   3.967   1.807   4.331   0.493

 0.98  0.00   0.489   0.474   85135400
 0.98   13.98   113.595
 0.98 18.00   3.997   0.358
 0.98 18.00   4.355   113.899
 0.98 18.00   3.975   1.860   4.355   0.540
 0.98 18.00   3.980   1.844   4.355   0.524

 0.99  0.00   0.517   0.502   86004130
 0.99   14.05   114.027
 0.99 18.00   4.021   0.358
 0.99 18.00   4.379   114.333
 0.99 18.00   3.988   1.897   4.379   0.572
 0.99 18.00   3.993   1.881   4.379   0.555

 1.00  0.00   0.546   0.530   86872850
 1.00   14.13   114.460
 1.00 18.00   4.045   0.358
 1.00 18.00   4.403   114.767
 1.00 18.00   4.001   1.935   4.403   0.604
 1.00 18.00   4.006   1.918   4.403   0.586

 1.01  0.00   0.575   0.558   87741580
 1.01   14.21   114.892
 1.01 18.00   4.069   0.358
 1.01 18.00   4.427   115.202
 1.01 18.00   4.014   1.972   4.427   0.636
 1.01 18.00   4.019   1.955   4.427   0.617

 1.02  0.00   0.604   0.587   88610300
 1.02   14.28   115.324
 1.02 18.00   4.093   0.358
 1.02 18.00   4.451   115.636
 1.02 18.00   4.026   2.010   4.451   0.667
 1.02 18.00   4.032   1.992   4.451   0.648

 1.03  0.00   0.633   0.615   89479030
 1.03   14.36   115.757
 1.03 18.00   4.116   0.358
 1.03 18.00   4.474   116.070
 1.03 18.00   4.039   2.048   4.474   0.699
 1.03 18.00   4.045   2.029   4.474   0.680

 1.04  0.00   0.661   0.643   90347760
 1.04   14.43   116.189
 1.04 18.00   4.140   0.358
 1.04 18.00   4.498   116.505
 1.04 18.00   4.052   2.085   4.498   0.731
 1.04 18.00   4.059   2.066   4.498   0.711

 1.05  0.00   0.690   0.671   0.197   0.133   0.060   0.033   0.204   0.021   0.000   0.042   0.000  91216490
 1.05   14.51   116.622
 1.05 18.00   4.164   0.358
 1.05 18.00   4.522   116.939
 1.05 18.00   4.065   2.123   4.522   0.763
 1.05 18.00   4.072   2.103   4.522   0.742

 1.06  0.00   0.702   0.683   0.196   0.132   0.060   0.033   0.218   0.021   0.000   0.042   0.000  92085220
 1.06   14.38   116.315
 1.06 18.00   4.122   0.358
 1.06 18.00   4.480   116.633
 1.06 18.00   4.021   2.122   4.480   0.776
 1.06 18.00   4.028   2.102   4.480   0.755

 1.07  0.00   0.714   0.695   0.196   0.131   0.060   0.032   0.232   0.021   0.000   0.041   0.000  92953960
 1.07   14.25   116.026
 1.07 18.00   4.083   0.358
 1.07 18.00   4.441   116.345
 1.07 18.00   3.980   2.123   4.441   0.789
 1.07 18.00   3.986   2.103   4.441   0.769

 1.08  0.00   0.727   0.708   0.195   0.131   0.060   0.032   0.247   0.021   0.000   0.041   0.000  93822680
 1.08   14.14   115.752
 1.08 18.00   4.047   0.358
 1.08 18.00   4.405   116.070
 1.08 18.00   3.941   2.126   4.405   0.804
 1.08 18.00   3.947   2.106   4.405   0.783

 1.09  0.00   0.741   0.722   0.195   0.130   0.060   0.032   0.263   0.021   0.000   0.040   0.000  94691410
 1.09   14.03   115.488
 1.09 18.00   4.012   0.358
 1.09 18.00   4.370   115.807
 1.09 18.00   3.903   2.129   4.370   0.819
 1.09 18.00   3.910   2.109   4.370   0.798

 1.10  0.00   0.755   0.736   0.194   0.129   0.060   0.032   0.279   0.020   0.000   0.040   0.000  95560140
 1.10   13.92   115.233
 1.10 18.00   3.979   0.358
 1.10 18.00   4.337   115.552
 1.10 18.00   3.867   2.134   4.337   0.834
 1.10 18.00   3.873   2.114   4.337   0.814

 1.11  0.00   0.770   0.751   0.194   0.129   0.060   0.031   0.296   0.020   0.000   0.040   0.000  96428860
 1.11   13.82   114.985
 1.11 18.00   3.947   0.358
 1.11 18.00   4.305   115.305
 1.11 18.00   3.832   2.140   4.305   0.851
 1.11 18.00   3.838   2.120   4.305   0.830

 1.12  0.00   0.785   0.767   0.193   0.128   0.060   0.031   0.313   0.020   0.000   0.039   0.000  97297590
 1.12   13.72   114.744
 1.12 18.00   3.917   0.358
 1.12 18.00   4.275   115.064
 1.12 18.00   3.797   2.147   4.275   0.868
 1.12 18.00   3.804   2.127   4.275   0.848

 1.13  0.00   0.801   0.783   0.193   0.128   0.060   0.031   0.331   0.020   0.000   0.039   0.000  98166320
 1.13   13.63   114.508
 1.13 18.00   3.888   0.358
 1.13 18.00   4.246   114.829
 1.13 18.00   3.764   2.154   4.246   0.886
 1.13 18.00   3.770   2.135   4.246   0.865

 1.14  0.00   0.818   0.800   0.192   0.127   0.060   0.031   0.349   0.020   0.000   0.039   0.000  99035050
 1.14   13.54   114.277
 1.14 18.00   3.859   0.358
 1.14 18.00   4.217   114.597
 1.14 18.00   3.731   2.163   4.217   0.904
 1.14 18.00   3.737   2.144   4.217   0.884

 1.15  0.00   0.835   0.817   0.192   0.126   0.060   0.031   0.369   0.020   0.000   0.038   0.000  99903780
 1.15   13.45   114.054
 1.15 18.00   3.832   0.358
 1.15 18.00   4.190   114.375
 1.15 18.00   3.699   2.173   4.190   0.924
 1.15 18.00   3.706   2.154   4.190   0.903

 1.16  0.00   0.853   0.835   0.191   0.126   0.060   0.030   0.388   0.019   0.000   0.038   0.000 100772500
 1.16   13.37   113.845
 1.16 18.00   3.807   0.358
 1.16 18.00   4.165   114.166
 1.16 18.00   3.670   2.184   4.165   0.943
 1.16 18.00   3.676   2.165   4.165   0.923

 1.17  0.00   0.871   0.853   0.191   0.125   0.059   0.030   0.409   0.019   0.000   0.038   0.000 101641200
 1.17   13.30   113.641
 1.17 18.00   3.783   0.358
 1.17 18.00   4.141   113.962
 1.17 18.00   3.641   2.196   4.141   0.963
 1.17 18.00   3.647   2.177   4.141   0.943

 1.18  0.00   0.890   0.872   0.190   0.125   0.059   0.030   0.430   0.019   0.000   0.037   0.000 102510000
 1.18   13.22   113.440
 1.18 18.00   3.760   0.358
 1.18 18.00   4.118   113.761
 1.18 18.00   3.612   2.209   4.118   0.984
 1.18 18.00   3.618   2.190   4.118   0.964

                              -------->  FIN LEADING EDGE SUPERSONIC  <--------

 1.19  0.00   0.907   0.889   0.190   0.124   0.059   0.030   0.448   0.019   0.000   0.037   0.000 103378700
 1.19   13.15   113.246
 1.19 18.00   3.738   0.358
 1.19 18.00   4.096   113.567
 1.19 18.00   3.586   2.219   4.096   1.002
 1.19 18.00   3.592   2.200   4.096   0.982

 1.20  0.00   0.899   0.881   0.189   0.124   0.059   0.029   0.442   0.019   0.000   0.037   0.000 104247400
 1.20   13.09   113.063
 1.20 18.00   3.718   0.358
 1.20 18.00   4.076   113.384
 1.20 18.00   3.569   2.204   4.076   0.993
 1.20 18.00   3.575   2.185   4.076   0.974

 1.21  0.00   0.891   0.873   0.189   0.123   0.058   0.029   0.437   0.019   0.000   0.036   0.000 105116200
 1.21   13.02   112.865
 1.21 18.00   3.695   0.358
 1.21 18.00   4.053   113.185
 1.21 18.00   3.550   2.190   4.053   0.985
 1.21 18.00   3.557   2.171   4.053   0.966

 1.22  0.00   0.884   0.866   0.188   0.123   0.058   0.029   0.432   0.019   0.000   0.036   0.000 105984900
 1.22   12.94   112.653
 1.22 18.00   3.671   0.358
 1.22 18.00   4.029   112.974
 1.22 18.00   3.530   2.175   4.029   0.978
 1.22 18.00   3.536   2.156   4.029   0.958

 1.23  0.00   0.878   0.860   0.188   0.122   0.058   0.029   0.427   0.019   0.000   0.036   0.000 106853600
 1.23   12.86   112.432
 1.23 18.00   3.647   0.358
 1.23 18.00   4.005   112.752
 1.23 18.00   3.509   2.161   4.005   0.971
 1.23 18.00   3.515   2.142   4.005   0.951

 1.24  0.00   0.872   0.854   0.187   0.122   0.058   0.029   0.423   0.018   0.000   0.036   0.000 107722300
 1.24   12.78   112.202
 1.24 18.00   3.621   0.358
 1.24 18.00   3.979   112.522
 1.24 18.00   3.486   2.146   3.979   0.964
 1.24 18.00   3.492   2.128   3.979   0.944

 1.25  0.00   0.866   0.848   0.187   0.121   0.057   0.028   0.419   0.018   0.000   0.035   0.000 108591100
 1.25   12.70   111.965
 1.25 18.00   3.595   0.358
 1.25 18.00   3.953   112.286
 1.25 18.00   3.463   2.132   3.953   0.958
 1.25 18.00   3.470   2.114   3.953   0.938

 1.26  0.00   0.861   0.843   0.186   0.121   0.057   0.028   0.416   0.018   0.000   0.035   0.000 109459800
 1.26   12.61   111.723
 1.26 18.00   3.568   0.358
 1.26 18.00   3.926   112.044
 1.26 18.00   3.440   2.119   3.926   0.952
 1.26 18.00   3.446   2.100   3.926   0.932

 1.27  0.00   0.856   0.838   0.186   0.120   0.057   0.028   0.412   0.018   0.000   0.035   0.000 110328500
 1.27   12.53   111.478
 1.27 18.00   3.542   0.358
 1.27 18.00   3.900   111.798
 1.27 18.00   3.417   2.105   3.900   0.946
 1.27 18.00   3.423   2.086   3.900   0.926

 1.28  0.00   0.851   0.833   0.185   0.120   0.056   0.028   0.409   0.018   0.000   0.034   0.000 111197200
 1.28   12.44   111.229
 1.28 18.00   3.515   0.358
 1.28 18.00   3.873   111.549
 1.28 18.00   3.393   2.092   3.873   0.941
 1.28 18.00   3.399   2.073   3.873   0.921

 1.29  0.00   0.847   0.829   0.185   0.119   0.056   0.028   0.407   0.018   0.000   0.034   0.000 112066000
 1.29   12.36   110.977
 1.29 18.00   3.489   0.358
 1.29 18.00   3.847   111.297
 1.29 18.00   3.369   2.079   3.847   0.936
 1.29 18.00   3.375   2.060   3.847   0.916

 1.30  0.00   0.842   0.824   0.184   0.119   0.056   0.027   0.404   0.018   0.000   0.034   0.000 112934700
 1.30   12.28   110.724
 1.30 18.00   3.462   0.385
 1.30 18.00   3.848   110.801
 1.30 18.00   3.372   2.075   3.848   0.931
 1.30 18.00   3.378   2.056   3.848   0.911

 1.31  0.00   0.838   0.820   0.184   0.119   0.056   0.027   0.402   0.017   0.000   0.034   0.000 113803400
 1.31   12.19   110.470
 1.31 18.00   3.436   0.434
 1.31 18.00   3.871   110.120
 1.31 18.00   3.395   2.077   3.871   0.927
 1.31 18.00   3.401   2.059   3.871   0.907

 1.32  0.00   0.834   0.816   0.183   0.118   0.056   0.027   0.400   0.017   0.000   0.033   0.000 114672200
 1.32   12.11   110.214
 1.32 18.00   3.411   0.483
 1.32 18.00   3.894   109.449
 1.32 18.00   3.418   2.080   3.894   0.922
 1.32 18.00   3.424   2.062   3.894   0.902

 1.33  0.00   0.830   0.813   0.183   0.118   0.055   0.027   0.398   0.017   0.000   0.033   0.000 115540900
 1.33   12.03   109.959
 1.33 18.00   3.385   0.532
 1.33 18.00   3.917   108.789
 1.33 18.00   3.442   2.084   3.917   0.918
 1.33 18.00   3.448   2.065   3.917   0.898

 1.34  0.00   0.827   0.809   0.182   0.117   0.055   0.027   0.396   0.017   0.000   0.033   0.000 116409600
 1.34   11.95   109.703
 1.34 18.00   3.360   0.581
 1.34 18.00   3.941   108.140
 1.34 18.00   3.466   2.087   3.941   0.914
 1.34 18.00   3.472   2.068   3.941   0.894

 1.35  0.00   0.823   0.806   0.182   0.117   0.055   0.026   0.394   0.017   0.000   0.033   0.000 117278400
 1.35   11.87   109.447
 1.35 18.00   3.335   0.630
 1.35 18.00   3.965   107.503
 1.35 18.00   3.490   2.091   3.965   0.910
 1.35 18.00   3.496   2.072   3.965   0.891

 1.36  0.00   0.820   0.802   0.181   0.117   0.055   0.026   0.392   0.017   0.000   0.032   0.000 118147100
 1.36   11.79   109.192
 1.36 18.00   3.311   0.679
 1.36 18.00   3.990   106.877
 1.36 18.00   3.514   2.095   3.990   0.907
 1.36 18.00   3.521   2.076   3.990   0.887

 1.37  0.00   0.817   0.799   0.181   0.116   0.054   0.026   0.391   0.017   0.000   0.032   0.000 119015800
 1.37   11.72   108.937
 1.37 18.00   3.287   0.728
 1.37 18.00   4.015   106.262
 1.37 18.00   3.539   2.100   4.015   0.903
 1.37 18.00   3.545   2.081   4.015   0.883

 1.38  0.00   0.814   0.796   0.180   0.116   0.054   0.026   0.389   0.017   0.000   0.032   0.000 119884500
 1.38   11.64   108.684
 1.38 18.00   3.263   0.777
 1.38 18.00   4.040   105.660
 1.38 18.00   3.564   2.104   4.040   0.900
 1.38 18.00   3.571   2.085   4.040   0.880

 1.39  0.00   0.811   0.793   0.180   0.115   0.054   0.026   0.388   0.017   0.000   0.032   0.000 120753300
 1.39   11.57   108.430
 1.39 18.00   3.240   0.826
 1.39 18.00   4.066   105.069
 1.39 18.00   3.590   2.109   4.066   0.896
 1.39 18.00   3.596   2.090   4.066   0.877

 1.40  0.00   0.808   0.790   0.179   0.115   0.054   0.026   0.387   0.016   0.000   0.032   0.000 121622000
 1.40   11.49   108.178
 1.40 18.00   3.217   0.875
 1.40 18.00   4.092   104.489
 1.40 18.00   3.616   2.114   4.092   0.893
 1.40 18.00   3.622   2.095   4.092   0.874

 1.41  0.00   0.805   0.787   0.179   0.115   0.053   0.025   0.386   0.016   0.000   0.031   0.000 122490700
 1.41   11.42   107.927
 1.41 18.00   3.195   0.924
 1.41 18.00   4.119   103.921
 1.41 18.00   3.642   2.120   4.119   0.890
 1.41 18.00   3.648   2.101   4.119   0.871

 1.42  0.00   0.803   0.785   0.178   0.114   0.053   0.025   0.385   0.016   0.000   0.031   0.000 123359400
 1.42   11.35   107.677
 1.42 18.00   3.173   0.973
 1.42 18.00   4.146   103.364
 1.42 18.00   3.669   2.125   4.146   0.887
 1.42 18.00   3.675   2.106   4.146   0.868

 1.43  0.00   0.800   0.782   0.177   0.114   0.053   0.025   0.384   0.016   0.000   0.031   0.000 124228200
 1.43   11.28   107.429
 1.43 18.00   3.151   1.022
 1.43 18.00   4.173   102.819
 1.43 18.00   3.696   2.131   4.173   0.884
 1.43 18.00   3.702   2.112   4.173   0.865

 1.44  0.00   0.797   0.780   0.177   0.114   0.053   0.025   0.383   0.016   0.000   0.031   0.000 125096900
 1.44   11.21   107.189
 1.44 18.00   3.130   1.071
 1.44 18.00   4.201   102.284
 1.44 18.00   3.723   2.137   4.201   0.882
 1.44 18.00   3.729   2.118   4.201   0.862

 1.45  0.00   0.795   0.777   0.176   0.113   0.052   0.025   0.382   0.016   0.000   0.030   0.000 125965600
 1.45   11.14   106.956
 1.45 18.00   3.109   1.120
 1.45 18.00   4.229   101.761
 1.45 18.00   3.751   2.143   4.229   0.879
 1.45 18.00   3.757   2.124   4.229   0.859

 1.46  0.00   0.793   0.775   0.176   0.113   0.052   0.025   0.381   0.016   0.000   0.030   0.000 126834400
 1.46   11.07   106.723
 1.46 18.00   3.089   1.169
 1.46 18.00   4.258   101.249
 1.46 18.00   3.779   2.149   4.258   0.876
 1.46 18.00   3.785   2.130   4.258   0.857

 1.47  0.00   0.790   0.772   0.175   0.113   0.052   0.024   0.380   0.016   0.000   0.030   0.000 127703100
 1.47   11.01   106.493
 1.47 18.00   3.069   1.218
 1.47 18.00   4.287   100.748
 1.47 18.00   3.807   2.156   4.287   0.874
 1.47 18.00   3.813   2.137   4.287   0.854

 1.48  0.00   0.788   0.770   0.175   0.112   0.052   0.024   0.380   0.016   0.000   0.030   0.000 128571800
 1.48   10.94   106.263
 1.48 18.00   3.049   1.267
 1.48 18.00   4.316   100.257
 1.48 18.00   3.836   2.162   4.316   0.871
 1.48 18.00   3.842   2.144   4.316   0.852

 1.49  0.00   0.786   0.768   0.174   0.112   0.051   0.024   0.379   0.015   0.000   0.030   0.000 129440600
 1.49   10.87   106.035
 1.49 18.00   3.030   1.316
 1.49 18.00   4.346    99.777
 1.49 18.00   3.865   2.169   4.346   0.869
 1.49 18.00   3.871   2.151   4.346   0.849

 1.50  0.00   0.784   0.766   0.174   0.112   0.051   0.024   0.378   0.015   0.000   0.029   0.000 130309300
 1.50   10.81   105.808
 1.50 18.00   3.011   1.365
 1.50 18.00   4.376    99.307
 1.50 18.00   3.894   2.176   4.376   0.866
 1.50 18.00   3.900   2.158   4.376   0.847

 1.51  0.00   0.782   0.764   0.173   0.111   0.051   0.024   0.378   0.015   0.000   0.029   0.000 131178000
 1.51   10.74   105.583
 1.51 18.00   2.993   1.414
 1.51 18.00   4.406    98.848
 1.51 18.00   3.924   2.184   4.406   0.864
 1.51 18.00   3.930   2.165   4.406   0.844

 1.52  0.00   0.780   0.762   0.173   0.111   0.051   0.024   0.377   0.015   0.000   0.029   0.000 132046700
 1.52   10.68   105.359
 1.52 18.00   2.974   1.463
 1.52 18.00   4.437    98.398
 1.52 18.00   3.954   2.191   4.437   0.862
 1.52 18.00   3.960   2.172   4.437   0.842

 1.53  0.00   0.778   0.760   0.172   0.111   0.051   0.023   0.377   0.015   0.000   0.029   0.000 132915500
 1.53   10.62   105.137
 1.53 18.00   2.956   1.512
 1.53 18.00   4.468    97.958
 1.53 18.00   3.984   2.198   4.468   0.860
 1.53 18.00   3.990   2.180   4.468   0.840

 1.54  0.00   0.776   0.758   0.172   0.110   0.050   0.023   0.376   0.015   0.000   0.029   0.000 133784200
 1.54   10.56   104.916
 1.54 18.00   2.939   1.561
 1.54 18.00   4.500    97.528
 1.54 18.00   4.015   2.206   4.500   0.858
 1.54 18.00   4.021   2.187   4.500   0.838

 1.55  0.00   0.774   0.756   0.171   0.110   0.050   0.023   0.376   0.015   0.000   0.028   0.000 134652900
 1.55   10.50   104.697
 1.55 18.00   2.922   1.610
 1.55 18.00   4.532    97.107
 1.55 18.00   4.045   2.214   4.532   0.855
 1.55 18.00   4.052   2.195   4.532   0.836

 1.56  0.00   0.772   0.754   0.171   0.110   0.050   0.023   0.375   0.015   0.000   0.028   0.000 135521600
 1.56   10.44   104.479
 1.56 18.00   2.905   1.659
 1.56 18.00   4.564    96.695
 1.56 18.00   4.077   2.222   4.564   0.853
 1.56 18.00   4.083   2.203   4.564   0.834

 1.57  0.00   0.770   0.752   0.170   0.110   0.050   0.023   0.375   0.015   0.000   0.028   0.000 136390400
 1.57   10.38   104.263
 1.57 18.00   2.888   1.708
 1.57 18.00   4.596    96.292
 1.57 18.00   4.108   2.230   4.596   0.851
 1.57 18.00   4.114   2.211   4.596   0.831

 1.58  0.00   0.768   0.750   0.170   0.109   0.049   0.023   0.375   0.015   0.000   0.028   0.000 137259100
 1.58   10.33   104.047
 1.58 18.00   2.872   1.757
 1.58 18.00   4.629    95.899
 1.58 18.00   4.140   2.238   4.629   0.849
 1.58 18.00   4.146   2.219   4.629   0.829

 1.59  0.00   0.766   0.748   0.169   0.109   0.049   0.023   0.374   0.015   0.000   0.028   0.000 138127800
 1.59   10.27   103.834
 1.59 18.00   2.856   1.806
 1.59 18.00   4.661    95.514
 1.59 18.00   4.172   2.246   4.661   0.847
 1.59 18.00   4.178   2.227   4.661   0.827

 1.60  0.00   0.765   0.747   0.168   0.109   0.049   0.022   0.374   0.014   0.000   0.028   0.000 138996600
 1.60   10.22   103.622
 1.60 18.00   2.840   1.855
 1.60 18.00   4.695    95.137
 1.60 18.00   4.204   2.255   4.695   0.845
 1.60 18.00   4.210   2.236   4.695   0.826

 1.61  0.00   0.763   0.745   0.168   0.109   0.049   0.022   0.374   0.014   0.000   0.027   0.000 139865300
 1.61   10.16   103.411
 1.61 18.00   2.824   1.904
 1.61 18.00   4.728    94.769
 1.61 18.00   4.236   2.263   4.728   0.843
 1.61 18.00   4.242   2.244   4.728   0.824

 1.62  0.00   0.761   0.743   0.167   0.108   0.049   0.022   0.373   0.014   0.000   0.027   0.000 140734000
 1.62   10.11   103.202
 1.62 18.00   2.809   1.945
 1.62 18.00   4.754    94.439
 1.62 18.00   4.261   2.269   4.754   0.842
 1.62 18.00   4.267   2.251   4.754   0.822

 1.63  0.00   0.759   0.742   0.167   0.108   0.048   0.022   0.373   0.014   0.000   0.027   0.000 141602800
 1.63   10.06   102.994
 1.63 18.00   2.794   1.950
 1.63 18.00   4.744    94.245
 1.63 18.00   4.252   2.265   4.744   0.840
 1.63 18.00   4.259   2.246   4.744   0.820

 1.64  0.00   0.758   0.740   0.166   0.108   0.048   0.022   0.373   0.014   0.000   0.027   0.000 142471500
 1.64   10.01   102.788
 1.64 18.00   2.779   1.955
 1.64 18.00   4.735    94.052
 1.64 18.00   4.244   2.260   4.735   0.838
 1.64 18.00   4.250   2.241   4.735   0.818

 1.65  0.00   0.756   0.738   0.166   0.107   0.048   0.022   0.373   0.014   0.000   0.027   0.000 143340200
 1.65    9.96   102.583
 1.65 18.00   2.765   1.961
 1.65 18.00   4.726    93.862
 1.65 18.00   4.236   2.256   4.726   0.836
 1.65 18.00   4.242   2.237   4.726   0.816

 1.66  0.00   0.755   0.737   0.165   0.107   0.048   0.022   0.372   0.014   0.000   0.027   0.000 144208900
 1.66    9.91   102.379
 1.66 18.00   2.751   1.967
 1.66 18.00   4.717    93.673
 1.66 18.00   4.229   2.251   4.717   0.834
 1.66 18.00   4.235   2.232   4.717   0.815

 1.67  0.00   0.753   0.735   0.165   0.107   0.048   0.021   0.372   0.014   0.000   0.026   0.000 145077700
 1.67    9.86   102.177
 1.67 18.00   2.737   1.972
 1.67 18.00   4.709    93.486
 1.67 18.00   4.221   2.247   4.709   0.833
 1.67 18.00   4.227   2.228   4.709   0.813

 1.68  0.00   0.751   0.734   0.164   0.107   0.047   0.021   0.372   0.014   0.000   0.026   0.000 145946400
 1.68    9.81   101.976
 1.68 18.00   2.723   1.978
 1.68 18.00   4.701    93.301
 1.68 18.00   4.214   2.243   4.701   0.831
 1.68 18.00   4.220   2.224   4.701   0.811

 1.69  0.00   0.750   0.732   0.164   0.107   0.047   0.021   0.372   0.014   0.000   0.026   0.000 146815100
 1.69    9.76   101.776
 1.69 18.00   2.710   1.984
 1.69 18.00   4.693    93.117
 1.69 18.00   4.207   2.239   4.693   0.829
 1.69 18.00   4.213   2.220   4.693   0.809

 1.70  0.00   0.748   0.731   0.163   0.106   0.047   0.021   0.372   0.014   0.000   0.026   0.000 147683900
 1.70    9.71   101.578
 1.70 18.00   2.696   1.990
 1.70 18.00   4.686    92.935
 1.70 18.00   4.201   2.235   4.686   0.827
 1.70 18.00   4.207   2.216   4.686   0.808

 1.71  0.00   0.747   0.729   0.163   0.106   0.047   0.021   0.371   0.013   0.000   0.026   0.000 148552600
 1.71    9.67   101.381
 1.71 18.00   2.683   1.995
 1.71 18.00   4.679    92.755
 1.71 18.00   4.194   2.231   4.679   0.826
 1.71 18.00   4.200   2.212   4.679   0.806

 1.72  0.00   0.745   0.728   0.162   0.106   0.047   0.021   0.371   0.013   0.000   0.026   0.000 149421300
 1.72    9.62   101.185
 1.72 18.00   2.670   2.001
 1.72 18.00   4.672    92.577
 1.72 18.00   4.188   2.227   4.672   0.824
 1.72 18.00   4.194   2.209   4.672   0.804

 1.73  0.00   0.744   0.726   0.161   0.106   0.046   0.021   0.371   0.013   0.000   0.026   0.000 150290000
 1.73    9.58   100.991
 1.73 18.00   2.657   2.007
 1.73 18.00   4.665    92.400
 1.73 18.00   4.182   2.224   4.665   0.822
 1.73 18.00   4.189   2.205   4.665   0.803

 1.74  0.00   0.742   0.725   0.161   0.105   0.046   0.021   0.371   0.013   0.000   0.025   0.000 151158800
 1.74    9.53   100.798
 1.74 18.00   2.645   2.014
 1.74 18.00   4.659    92.225
 1.74 18.00   4.177   2.220   4.659   0.821
 1.74 18.00   4.183   2.201   4.659   0.801

 1.75  0.00   0.741   0.723   0.160   0.105   0.046   0.020   0.371   0.013   0.000   0.025   0.000 152027500
 1.75    9.49   100.606
 1.75 18.00   2.633   2.020
 1.75 18.00   4.652    92.052
 1.75 18.00   4.172   2.217   4.652   0.819
 1.75 18.00   4.178   2.198   4.652   0.800

 1.76  0.00   0.740   0.722   0.160   0.105   0.046   0.020   0.371   0.013   0.000   0.025   0.000 152896200
 1.76    9.45   100.416
 1.76 18.00   2.621   2.026
 1.76 18.00   4.646    91.880
 1.76 18.00   4.166   2.214   4.646   0.818
 1.76 18.00   4.172   2.195   4.646   0.798

 1.77  0.00   0.738   0.720   0.159   0.105   0.045   0.020   0.371   0.013   0.000   0.025   0.000 153764900
 1.77    9.40   100.227
 1.77 18.00   2.609   2.032
 1.77 18.00   4.641    91.710
 1.77 18.00   4.161   2.210   4.641   0.816
 1.77 18.00   4.168   2.191   4.641   0.796

 1.78  0.00   0.737   0.719   0.159   0.104   0.045   0.020   0.371   0.013   0.000   0.025   0.000 154633700
 1.78    9.36   100.039
 1.78 18.00   2.597   2.039
 1.78 18.00   4.635    91.541
 1.78 18.00   4.157   2.207   4.635   0.815
 1.78 18.00   4.163   2.188   4.635   0.795

 1.79  0.00   0.735   0.718   0.158   0.104   0.045   0.020   0.370   0.013   0.000   0.025   0.000 155502400
 1.79    9.32    99.852
 1.79 18.00   2.585   2.045
 1.79 18.00   4.630    91.374
 1.79 18.00   4.152   2.204   4.630   0.813
 1.79 18.00   4.159   2.185   4.630   0.793

 1.80  0.00   0.734   0.716   0.158   0.104   0.045   0.020   0.370   0.013   0.000   0.025   0.000 156371100
 1.80    9.28    99.666
 1.80 18.00   2.574   2.051
 1.80 18.00   4.625    91.209
 1.80 18.00   4.148   2.201   4.625   0.812
 1.80 18.00   4.154   2.182   4.625   0.792

 1.81  0.00   0.733   0.715   0.157   0.104   0.045   0.020   0.370   0.013   0.000   0.024   0.000 157239900
 1.81    9.24    99.482
 1.81 18.00   2.563   2.058
 1.81 18.00   4.621    91.045
 1.81 18.00   4.144   2.198   4.621   0.810
 1.81 18.00   4.150   2.179   4.621   0.790

 1.82  0.00   0.731   0.713   0.157   0.104   0.044   0.020   0.370   0.013   0.000   0.024   0.000 158108600
 1.82    9.20    99.299
 1.82 18.00   2.552   2.065
 1.82 18.00   4.616    90.883
 1.82 18.00   4.140   2.195   4.616   0.808
 1.82 18.00   4.146   2.177   4.616   0.789

 1.83  0.00   0.730   0.712   0.156   0.103   0.044   0.019   0.370   0.012   0.000   0.024   0.000 158977300
 1.83    9.16    99.117
 1.83 18.00   2.541   2.071
 1.83 18.00   4.612    90.722
 1.83 18.00   4.137   2.193   4.612   0.807
 1.83 18.00   4.143   2.174   4.612   0.787

 1.84  0.00   0.729   0.711   0.155   0.103   0.044   0.019   0.370   0.012   0.000   0.024   0.000 159846000
 1.84    9.12    98.936
 1.84 18.00   2.530   2.078
 1.84 18.00   4.608    90.562
 1.84 18.00   4.133   2.190   4.608   0.806
 1.84 18.00   4.140   2.171   4.608   0.786

 1.85  0.00   0.727   0.709   0.155   0.103   0.044   0.019   0.370   0.012   0.000   0.024   0.000 160714800
 1.85    9.08    98.757
 1.85 18.00   2.519   2.085
 1.85 18.00   4.604    90.404
 1.85 18.00   4.130   2.187   4.604   0.804
 1.85 18.00   4.136   2.169   4.604   0.784

 1.86  0.00   0.726   0.708   0.154   0.103   0.044   0.019   0.370   0.012   0.000   0.024   0.000 161583500
 1.86    9.04    98.578
 1.86 18.00   2.509   2.092
 1.86 18.00   4.600    90.248
 1.86 18.00   4.127   2.185   4.600   0.803
 1.86 18.00   4.133   2.166   4.600   0.783

 1.87  0.00   0.725   0.707   0.154   0.103   0.044   0.019   0.370   0.012   0.000   0.024   0.000 162452200
 1.87    9.01    98.397
 1.87 18.00   2.499   2.098
 1.87 18.00   4.597    90.091
 1.87 18.00   4.125   2.183   4.597   0.801
 1.87 18.00   4.131   2.164   4.597   0.781

 1.88  0.00   0.723   0.705   0.153   0.102   0.043   0.019   0.370   0.012   0.000   0.023   0.000 163321000
 1.88    8.97    98.204
 1.88 18.00   2.490   2.105
 1.88 18.00   4.596    89.930
 1.88 18.00   4.124   2.181   4.596   0.800
 1.88 18.00   4.130   2.162   4.596   0.780

 1.89  0.00   0.722   0.704   0.153   0.102   0.043   0.019   0.370   0.012   0.000   0.023   0.000 164189700
 1.89    8.94    98.013
 1.89 18.00   2.481   2.112
 1.89 18.00   4.594    89.771
 1.89 18.00   4.122   2.179   4.594   0.798
 1.89 18.00   4.129   2.160   4.594   0.779

 1.90  0.00   0.721   0.703   0.152   0.102   0.043   0.019   0.370   0.012   0.000   0.023   0.000 165058400
 1.90    8.91    97.823
 1.90 18.00   2.473   2.120
 1.90 18.00   4.593    89.613
 1.90 18.00   4.121   2.177   4.593   0.797
 1.90 18.00   4.128   2.158   4.593   0.777

 1.91  0.00   0.719   0.702   0.152   0.102   0.043   0.018   0.370   0.012   0.000   0.023   0.000 165927200
 1.91    8.88    97.635
 1.91 18.00   2.465   2.127
 1.91 18.00   4.591    89.457
 1.91 18.00   4.121   2.175   4.591   0.795
 1.91 18.00   4.127   2.157   4.591   0.776

 1.92  0.00   0.718   0.700   0.151   0.102   0.043   0.018   0.370   0.012   0.000   0.023   0.000 166795900
 1.92    8.85    97.447
 1.92 18.00   2.456   2.134
 1.92 18.00   4.590    89.302
 1.92 18.00   4.120   2.174   4.590   0.794
 1.92 18.00   4.126   2.155   4.590   0.774

 1.93  0.00   0.717   0.699   0.151   0.102   0.042   0.018   0.370   0.012   0.000   0.023   0.000 167664600
 1.93    8.82    97.261
 1.93 18.00   2.448   2.141
 1.93 18.00   4.589    89.149
 1.93 18.00   4.120   2.172   4.589   0.793
 1.93 18.00   4.126   2.153   4.589   0.773

 1.94  0.00   0.716   0.698   0.150   0.101   0.042   0.018   0.369   0.012   0.000   0.023   0.000 168533300
 1.94    8.79    97.077
 1.94 18.00   2.440   2.149
 1.94 18.00   4.589    88.998
 1.94 18.00   4.120   2.171   4.589   0.791
 1.94 18.00   4.126   2.152   4.589   0.772

 1.95  0.00   0.714   0.697   0.149   0.101   0.042   0.018   0.369   0.012   0.000   0.023   0.000 169402100
 1.95    8.76    96.893
 1.95 18.00   2.432   2.148
 1.95 18.00   4.580    88.869
 1.95 18.00   4.112   2.167   4.580   0.790
 1.95 18.00   4.118   2.148   4.580   0.770

 1.96  0.00   0.713   0.695   0.149   0.101   0.042   0.018   0.369   0.012   0.000   0.023   0.000 170270800
 1.96    8.73    96.711
 1.96 18.00   2.424   2.148
 1.96 18.00   4.572    88.740
 1.96 18.00   4.105   2.163   4.572   0.789
 1.96 18.00   4.111   2.144   4.572   0.769

 1.97  0.00   0.712   0.694   0.148   0.101   0.042   0.018   0.369   0.011   0.000   0.022   0.000 171139500
 1.97    8.70    96.530
 1.97 18.00   2.417   2.148
 1.97 18.00   4.565    88.611
 1.97 18.00   4.098   2.159   4.565   0.787
 1.97 18.00   4.104   2.140   4.565   0.767

 1.98  0.00   0.711   0.693   0.148   0.101   0.041   0.018   0.369   0.011   0.000   0.022   0.000 172008300
 1.98    8.67    96.351
 1.98 18.00   2.409   2.148
 1.98 18.00   4.557    88.485
 1.98 18.00   4.091   2.156   4.557   0.786
 1.98 18.00   4.097   2.137   4.557   0.766

 1.99  0.00   0.710   0.692   0.147   0.101   0.041   0.018   0.369   0.011   0.000   0.022   0.000 172877000
 1.99    8.64    96.172
 1.99 18.00   2.402   2.148
 1.99 18.00   4.550    88.359
 1.99 18.00   4.085   2.152   4.550   0.784
 1.99 18.00   4.091   2.133   4.550   0.765

 2.00  0.00   0.708   0.690   0.147   0.100   0.041   0.017   0.369   0.011   0.000   0.022   0.000 173745700
 2.00    8.61    95.995
 2.00 18.00   2.394   2.148
 2.00 18.00   4.542    88.235
 2.00 18.00   4.078   2.148   4.542   0.783
 2.00 18.00   4.084   2.129   4.542   0.763

 2.01  0.00   0.707   0.689   0.146   0.100   0.041   0.017   0.369   0.011   0.000   0.022   0.000 174614400
 2.01    8.59    95.819
 2.01 18.00   2.387   2.148
 2.01 18.00   4.535    88.111
 2.01 18.00   4.071   2.145   4.535   0.782
 2.01 18.00   4.078   2.126   4.535   0.762

 2.02  0.00   0.706   0.688   0.146   0.100   0.041   0.017   0.369   0.011   0.000   0.022   0.000 175483200
 2.02    8.56    95.644
 2.02 18.00   2.380   2.148
 2.02 18.00   4.528    87.989
 2.02 18.00   4.065   2.142   4.528   0.781
 2.02 18.00   4.071   2.123   4.528   0.761

 2.03  0.00   0.705   0.687   0.146   0.100   0.041   0.017   0.369   0.011   0.000   0.022   0.000 176351900
 2.03    8.53    95.470
 2.03 18.00   2.373   2.148
 2.03 18.00   4.521    87.868
 2.03 18.00   4.059   2.138   4.521   0.779
 2.03 18.00   4.065   2.119   4.521   0.759

 2.04  0.00   0.704   0.686   0.145   0.100   0.040   0.017   0.369   0.011   0.000   0.022   0.000 177220600
 2.04    8.51    95.298
 2.04 18.00   2.366   2.148
 2.04 18.00   4.514    87.749
 2.04 18.00   4.052   2.135   4.514   0.778
 2.04 18.00   4.059   2.116   4.514   0.758

 2.05  0.00   0.703   0.685   0.145   0.100   0.040   0.017   0.369   0.011   0.000   0.022   0.000 178089300
 2.05    8.48    95.127
 2.05 18.00   2.359   2.148
 2.05 18.00   4.507    87.630
 2.05 18.00   4.046   2.132   4.507   0.777
 2.05 18.00   4.053   2.113   4.507   0.757

 2.06  0.00   0.702   0.683   0.144   0.099   0.040   0.017   0.369   0.011   0.000   0.021   0.000 178958100
 2.06    8.45    94.957
 2.06 18.00   2.352   2.148
 2.06 18.00   4.500    87.512
 2.06 18.00   4.040   2.128   4.500   0.776
 2.06 18.00   4.047   2.109   4.500   0.756

 2.07  0.00   0.701   0.682   0.144   0.099   0.040   0.017   0.369   0.011   0.000   0.021   0.000 179826800
 2.07    8.43    94.787
 2.07 18.00   2.346   2.148
 2.07 18.00   4.494    87.396
 2.07 18.00   4.034   2.125   4.494   0.775
 2.07 18.00   4.041   2.106   4.494   0.754

 2.08  0.00   0.700   0.681   0.143   0.099   0.040   0.017   0.369   0.011   0.000   0.021   0.000 180695500
 2.08    8.40    94.620
 2.08 18.00   2.339   2.148
 2.08 18.00   4.487    87.280
 2.08 18.00   4.028   2.122   4.487   0.773
 2.08 18.00   4.035   2.103   4.487   0.753

 2.09  0.00   0.698   0.680   0.143   0.099   0.040   0.016   0.369   0.011   0.000   0.021   0.000 181564300
 2.09    8.38    94.453
 2.09 18.00   2.333   2.148
 2.09 18.00   4.481    87.166
 2.09 18.00   4.023   2.119   4.481   0.772
 2.09 18.00   4.029   2.100   4.481   0.752

 2.10  0.00   0.697   0.679   0.143   0.099   0.039   0.016   0.369   0.010   0.000   0.021   0.000 182433000
 2.10    8.35    94.287
 2.10 18.00   2.326   2.148
 2.10 18.00   4.474    87.053
 2.10 18.00   4.017   2.116   4.474   0.771
 2.10 18.00   4.023   2.096   4.474   0.751

 2.11  0.00   0.696   0.678   0.142   0.099   0.039   0.016   0.369   0.010   0.000   0.021   0.000 183301700
 2.11    8.33    94.123
 2.11 18.00   2.320   2.148
 2.11 18.00   4.468    86.941
 2.11 18.00   4.011   2.113   4.468   0.770
 2.11 18.00   4.018   2.093   4.468   0.749

 2.12  0.00   0.695   0.677   0.142   0.099   0.039   0.016   0.369   0.010   0.000   0.021   0.000 184170400
 2.12    8.30    93.959
 2.12 18.00   2.314   2.148
 2.12 18.00   4.462    86.830
 2.12 18.00   4.006   2.110   4.462   0.769
 2.12 18.00   4.012   2.090   4.462   0.748

 2.13  0.00   0.694   0.676   0.141   0.098   0.039   0.016   0.369   0.010   0.000   0.021   0.000 185039200
 2.13    8.28    93.797
 2.13 18.00   2.308   2.148
 2.13 18.00   4.456    86.719
 2.13 18.00   4.000   2.107   4.456   0.768
 2.13 18.00   4.007   2.087   4.456   0.747

 2.14  0.00   0.693   0.675   0.141   0.098   0.039   0.016   0.369   0.010   0.000   0.021   0.000 185907900
 2.14    8.25    93.636
 2.14 18.00   2.302   2.148
 2.14 18.00   4.449    86.610
 2.14 18.00   3.995   2.104   4.449   0.766
 2.14 18.00   4.001   2.084   4.449   0.746

 2.15  0.00   0.692   0.673   0.140   0.098   0.039   0.016   0.369   0.010   0.000   0.021   0.000 186776600
 2.15    8.23    93.476
 2.15 18.00   2.296   2.148
 2.15 18.00   4.444    86.502
 2.15 18.00   3.990   2.101   4.444   0.765
 2.15 18.00   3.996   2.081   4.444   0.745

 2.16  0.00   0.691   0.672   0.140   0.098   0.038   0.016   0.369   0.010   0.000   0.020   0.000 187645400
 2.16    8.21    93.317
 2.16 18.00   2.290   2.148
 2.16 18.00   4.438    86.395
 2.16 18.00   3.984   2.098   4.438   0.764
 2.16 18.00   3.991   2.078   4.438   0.743

 2.17  0.00   0.690   0.671   0.140   0.098   0.038   0.016   0.369   0.010   0.000   0.020   0.000 188514100
 2.17    8.18    93.159
 2.17 18.00   2.284   2.148
 2.17 18.00   4.432    86.289
 2.17 18.00   3.979   2.095   4.432   0.763
 2.17 18.00   3.986   2.075   4.432   0.742

                -------->  FINS TRANSITIONING TO TURBULENT FLOW  <--------

 2.18  0.00   0.689   0.670   0.139   0.098   0.038   0.015   0.369   0.010   0.000   0.020   0.000 189382800
 2.18    8.16    93.002
 2.18 18.00   2.278   2.148
 2.18 18.00   4.426    86.184
 2.18 18.00   3.974   2.092   4.426   0.762
 2.18 18.00   3.980   2.072   4.426   0.741

 2.19  0.00   0.688   0.669   0.139   0.098   0.038   0.015   0.369   0.010   0.000   0.020   0.000 190251600
 2.19    8.14    92.846
 2.19 18.00   2.272   2.148
 2.19 18.00   4.420    86.080
 2.19 18.00   3.969   2.090   4.420   0.761
 2.19 18.00   3.975   2.070   4.420   0.740

 2.20  0.00   0.687   0.668   0.138   0.097   0.038   0.015   0.369   0.010   0.000   0.020   0.000 191120300
 2.20    8.12    92.691
 2.20 18.00   2.267   2.148
 2.20 18.00   4.415    85.976
 2.20 18.00   3.964   2.087   4.415   0.760
 2.20 18.00   3.970   2.067   4.415   0.739

 2.21  0.00   0.686   0.667   0.138   0.097   0.038   0.015   0.368   0.010   0.000   0.020   0.000 191989000
 2.21    8.09    92.537
 2.21 18.00   2.261   2.148
 2.21 18.00   4.409    85.874
 2.21 18.00   3.959   2.084   4.409   0.759
 2.21 18.00   3.965   2.064   4.409   0.738

 2.22  0.00   0.686   0.666   0.138   0.097   0.037   0.015   0.368   0.010   0.000   0.020   0.000 192857700
 2.22    8.07    92.385
 2.22 18.00   2.256   2.148
 2.22 18.00   4.404    85.772
 2.22 18.00   3.954   2.082   4.404   0.758
 2.22 18.00   3.961   2.062   4.404   0.737

 2.23  0.00   0.685   0.666   0.137   0.097   0.037   0.015   0.368   0.010   0.000   0.020   0.000 193726500
 2.23    8.05    92.233
 2.23 18.00   2.250   2.148
 2.23 18.00   4.398    85.672
 2.23 18.00   3.949   2.079   4.398   0.757
 2.23 18.00   3.956   2.059   4.398   0.736

 2.24  0.00   0.684   0.665   0.137   0.097   0.037   0.015   0.368   0.010   0.000   0.020   0.000 194595200
 2.24    8.03    92.082
 2.24 18.00   2.245   2.148
 2.24 18.00   4.393    85.572
 2.24 18.00   3.944   2.076   4.393   0.756
 2.24 18.00   3.951   2.056   4.393   0.735

 2.25  0.00   0.683   0.664   0.136   0.097   0.037   0.015   0.368   0.010   0.000   0.020   0.000 195463900
 2.25    8.01    91.932
 2.25 18.00   2.240   2.148
 2.25 18.00   4.388    85.474
 2.25 18.00   3.940   2.074   4.388   0.755
 2.25 18.00   3.946   2.054   4.388   0.734

 2.26  0.00   0.682   0.663   0.136   0.097   0.037   0.015   0.368   0.010   0.000   0.020   0.000 196332600
 2.26    7.99    91.783
 2.26 18.00   2.235   2.148
 2.26 18.00   4.383    85.376
 2.26 18.00   3.935   2.071   4.383   0.754
 2.26 18.00   3.942   2.051   4.383   0.733

 2.27  0.00   0.681   0.662   0.135   0.097   0.037   0.015   0.368   0.010   0.000   0.019   0.000 197201400
 2.27    7.96    91.636
 2.27 18.00   2.230   2.148
 2.27 18.00   4.377    85.279
 2.27 18.00   3.931   2.069   4.377   0.753
 2.27 18.00   3.937   2.049   4.377   0.732

 2.28  0.00   0.680   0.661   0.135   0.096   0.036   0.015   0.368   0.010   0.000   0.019   0.000 198070100
 2.28    7.94    91.489
 2.28 18.00   2.224   2.148
 2.28 18.00   4.372    85.183
 2.28 18.00   3.926   2.066   4.372   0.752
 2.28 18.00   3.933   2.046   4.372   0.731

 2.29  0.00   0.679   0.660   0.135   0.096   0.036   0.015   0.368   0.010   0.000   0.019   0.000 198938800
 2.29    7.92    91.343
 2.29 18.00   2.219   2.148
 2.29 18.00   4.367    85.088
 2.29 18.00   3.922   2.064   4.367   0.751
 2.29 18.00   3.928   2.044   4.367   0.730

 2.30  0.00   0.678   0.659   0.134   0.096   0.036   0.015   0.368   0.010   0.000   0.019   0.000 199807600
 2.30    7.90    91.198
 2.30 18.00   2.215   2.148
 2.30 18.00   4.362    84.993
 2.30 18.00   3.917   2.061   4.362   0.750
 2.30 18.00   3.924   2.041   4.362   0.729

 2.31  0.00   0.678   0.658   0.134   0.096   0.036   0.015   0.368   0.010   0.000   0.019   0.000 200676300
 2.31    7.88    91.054
 2.31 18.00   2.210   2.148
 2.31 18.00   4.358    84.900
 2.31 18.00   3.913   2.059   4.358   0.749
 2.31 18.00   3.919   2.039   4.358   0.728

 2.32  0.00   0.677   0.657   0.133   0.096   0.036   0.015   0.368   0.010   0.000   0.019   0.000 201545000
 2.32    7.86    90.911
 2.32 18.00   2.205   2.148
 2.32 18.00   4.353    84.807
 2.32 18.00   3.908   2.057   4.353   0.748
 2.32 18.00   3.915   2.036   4.353   0.727

 2.33  0.00   0.676   0.656   0.133   0.096   0.036   0.015   0.368   0.010   0.000   0.019   0.000 202413700
 2.33    7.84    90.769
 2.33 18.00   2.200   2.148
 2.33 18.00   4.348    84.715
 2.33 18.00   3.904   2.054   4.348   0.747
 2.33 18.00   3.911   2.034   4.348   0.726

 2.34  0.00   0.675   0.655   0.133   0.096   0.035   0.015   0.368   0.010   0.000   0.019   0.000 203282500
 2.34    7.82    90.628
 2.34 18.00   2.195   2.148
 2.34 18.00   4.343    84.624
 2.34 18.00   3.900   2.052   4.343   0.746
 2.34 18.00   3.907   2.031   4.343   0.725

 2.35  0.00   0.674   0.655   0.132   0.096   0.035   0.015   0.368   0.010   0.000   0.019   0.000 204151200
 2.35    7.80    90.488
 2.35 18.00   2.191   2.148
 2.35 18.00   4.339    84.534
 2.35 18.00   3.896   2.050   4.339   0.745
 2.35 18.00   3.903   2.029   4.339   0.724

 2.36  0.00   0.673   0.654   0.132   0.095   0.035   0.015   0.368   0.009   0.000   0.019   0.000 205019900
 2.36    7.78    90.349
 2.36 18.00   2.186   2.148
 2.36 18.00   4.334    84.444
 2.36 18.00   3.892   2.047   4.334   0.744
 2.36 18.00   3.898   2.027   4.334   0.723

 2.37  0.00   0.672   0.653   0.131   0.095   0.035   0.015   0.368   0.009   0.000   0.019   0.000 205888700
 2.37    7.77    90.211
 2.37 18.00   2.181   2.148
 2.37 18.00   4.329    84.356
 2.37 18.00   3.888   2.045   4.329   0.743
 2.37 18.00   3.894   2.024   4.329   0.722

 2.38  0.00   0.672   0.652   0.131   0.095   0.035   0.015   0.368   0.009   0.000   0.019   0.000 206757400
 2.38    7.75    90.073
 2.38 18.00   2.177   2.148
 2.38 18.00   4.325    84.268
 2.38 18.00   3.884   2.043   4.325   0.743
 2.38 18.00   3.890   2.022   4.325   0.721

 2.39  0.00   0.671   0.651   0.131   0.095   0.035   0.015   0.368   0.009   0.000   0.018   0.000 207626100
 2.39    7.73    89.937
 2.39 18.00   2.172   2.148
 2.39 18.00   4.320    84.180
 2.39 18.00   3.880   2.040   4.320   0.742
 2.39 18.00   3.887   2.020   4.320   0.720

 2.40  0.00   0.670   0.650   0.130   0.095   0.035   0.015   0.368   0.009   0.000   0.018   0.000 208494800
 2.40    7.71    89.801
 2.40 18.00   2.168   2.148
 2.40 18.00   4.316    84.094
 2.40 18.00   3.876   2.038   4.316   0.741
 2.40 18.00   3.883   2.017   4.316   0.719

 2.41  0.00   0.669   0.649   0.130   0.095   0.034   0.015   0.368   0.009   0.000   0.018   0.000 209363600
 2.41    7.69    89.667
 2.41 18.00   2.164   2.148
 2.41 18.00   4.312    84.009
 2.41 18.00   3.872   2.036   4.312   0.740
 2.41 18.00   3.879   2.015   4.312   0.718

 2.42  0.00   0.668   0.648   0.129   0.095   0.034   0.015   0.368   0.009   0.000   0.018   0.000 210232300
 2.42    7.67    89.533
 2.42 18.00   2.159   2.148
 2.42 18.00   4.307    83.924
 2.42 18.00   3.868   2.034   4.307   0.739
 2.42 18.00   3.875   2.013   4.307   0.717

 2.43  0.00   0.667   0.647   0.129   0.095   0.034   0.015   0.367   0.009   0.000   0.018   0.000 211101000
 2.43    7.65    89.405
 2.43 18.00   2.155   2.148
 2.43 18.00   4.303    83.843
 2.43 18.00   3.865   2.032   4.303   0.738
 2.43 18.00   3.871   2.011   4.303   0.716

 2.44  0.00   0.667   0.647   0.129   0.095   0.034   0.014   0.367   0.009   0.000   0.018   0.000 211969800
 2.44    7.64    89.268
 2.44 18.00   2.151   2.148
 2.44 18.00   4.299    83.757
 2.44 18.00   3.861   2.029   4.299   0.737
 2.44 18.00   3.868   2.008   4.299   0.715

 2.45  0.00   0.666   0.646   0.128   0.095   0.034   0.014   0.367   0.009   0.000   0.018   0.000 212838500
 2.45    7.62    89.132
 2.45 18.00   2.147   2.148
 2.45 18.00   4.295    83.672
 2.45 18.00   3.858   2.027   4.295   0.736
 2.45 18.00   3.864   2.006   4.295   0.714

 2.46  0.00   0.665   0.645   0.128   0.094   0.034   0.014   0.367   0.009   0.000   0.018   0.000 213707200
 2.46    7.60    88.997
 2.46 18.00   2.143   2.148
 2.46 18.00   4.291    83.587
 2.46 18.00   3.854   2.025   4.291   0.735
 2.46 18.00   3.861   2.004   4.291   0.713

 2.47  0.00   0.664   0.644   0.128   0.094   0.034   0.014   0.367   0.009   0.000   0.018   0.000 214576000
 2.47    7.59    88.862
 2.47 18.00   2.140   2.148
 2.47 18.00   4.288    83.503
 2.47 18.00   3.851   2.023   4.288   0.734
 2.47 18.00   3.858   2.002   4.288   0.712

 2.48  0.00   0.663   0.644   0.127   0.094   0.033   0.014   0.367   0.009   0.000   0.018   0.000 215444700
 2.48    7.57    88.728
 2.48 18.00   2.136   2.148
 2.48 18.00   4.284    83.420
 2.48 18.00   3.847   2.021   4.284   0.733
 2.48 18.00   3.854   2.000   4.284   0.711

 2.49  0.00   0.663   0.643   0.127   0.094   0.033   0.014   0.367   0.009   0.000   0.018   0.000 216313400
 2.49    7.55    88.595
 2.49 18.00   2.132   2.148
 2.49 18.00   4.280    83.338
 2.49 18.00   3.844   2.019   4.280   0.732
 2.49 18.00   3.851   1.999   4.280   0.711

 2.50  0.00   0.662   0.642   0.126   0.094   0.033   0.014   0.367   0.009   0.000   0.018   0.000 217182100
 2.50    7.54    88.462
 2.50 18.00   2.128   2.148
 2.50 18.00   4.276    83.256
 2.50 18.00   3.841   2.017   4.276   0.732
 2.50 18.00   3.848   1.997   4.276   0.710

 2.51  0.00   0.661   0.641   0.126   0.094   0.033   0.014   0.367   0.009   0.000   0.018   0.000 218050900
 2.51    7.52    88.330
 2.51 18.00   2.125   2.148
 2.51 18.00   4.273    83.174
 2.51 18.00   3.838   2.015   4.273   0.731
 2.51 18.00   3.844   1.995   4.273   0.709

 2.52  0.00   0.660   0.641   0.126   0.094   0.033   0.014   0.367   0.009   0.000   0.018   0.000 218919600
 2.52    7.50    88.199
 2.52 18.00   2.121   2.148
 2.52 18.00   4.269    83.094
 2.52 18.00   3.835   2.013   4.269   0.730
 2.52 18.00   3.841   1.993   4.269   0.708

 2.53  0.00   0.659   0.640   0.125   0.094   0.033   0.014   0.367   0.009   0.000   0.017   0.000 219788300
 2.53    7.49    88.068
 2.53 18.00   2.118   2.148
 2.53 18.00   4.266    83.013
 2.53 18.00   3.832   2.011   4.266   0.729
 2.53 18.00   3.838   1.991   4.266   0.708

 2.54  0.00   0.659   0.639   0.125   0.094   0.033   0.014   0.367   0.009   0.000   0.017   0.000 220657000
 2.54    7.47    87.939
 2.54 18.00   2.114   2.148
 2.54 18.00   4.262    82.934
 2.54 18.00   3.828   2.009   4.262   0.728
 2.54 18.00   3.835   1.989   4.262   0.707

 2.55  0.00   0.658   0.639   0.124   0.093   0.032   0.014   0.367   0.009   0.000   0.017   0.000 221525800
 2.55    7.46    87.809
 2.55 18.00   2.111   2.148
 2.55 18.00   4.259    82.855
 2.55 18.00   3.825   2.008   4.259   0.727
 2.55 18.00   3.832   1.987   4.259   0.706

 2.56  0.00   0.657   0.638   0.124   0.093   0.032   0.014   0.367   0.009   0.000   0.017   0.000 222394500
 2.56    7.44    87.681
 2.56 18.00   2.107   2.148
 2.56 18.00   4.255    82.777
 2.56 18.00   3.822   2.006   4.255   0.726
 2.56 18.00   3.829   1.986   4.255   0.705

 2.57  0.00   0.656   0.637   0.124   0.093   0.032   0.014   0.367   0.009   0.000   0.017   0.000 223263200
 2.57    7.43    87.553
 2.57 18.00   2.104   2.148
 2.57 18.00   4.252    82.699
 2.57 18.00   3.820   2.004   4.252   0.725
 2.57 18.00   3.826   1.984   4.252   0.704

 2.58  0.00   0.655   0.637   0.123   0.093   0.032   0.014   0.367   0.009   0.000   0.017   0.000 224132000
 2.58    7.41    87.426
 2.58 18.00   2.101   2.148
 2.58 18.00   4.248    82.622
 2.58 18.00   3.817   2.002   4.248   0.725
 2.58 18.00   3.823   1.982   4.248   0.704

 2.59  0.00   0.655   0.636   0.123   0.093   0.032   0.014   0.367   0.009   0.000   0.017   0.000 225000700
 2.59    7.40    87.299
 2.59 18.00   2.097   2.141
 2.59 18.00   4.238    82.555
 2.59 18.00   3.807   1.998   4.238   0.724
 2.59 18.00   3.813   1.978   4.238   0.703

 2.60  0.00   0.654   0.635   0.123   0.093   0.032   0.014   0.367   0.009   0.000   0.017   0.000 225869400
 2.60    7.38    87.173
 2.60 18.00   2.094   2.137
 2.60 18.00   4.231    82.484
 2.60 18.00   3.800   1.995   4.231   0.723
 2.60 18.00   3.807   1.975   4.231   0.702

 2.61  0.00   0.653   0.634   0.122   0.093   0.032   0.014   0.366   0.009   0.000   0.017   0.000 226738100
 2.61    7.37    87.048
 2.61 18.00   2.091   2.133
 2.61 18.00   4.224    82.413
 2.61 18.00   3.794   1.992   4.224   0.722
 2.61 18.00   3.800   1.972   4.224   0.701

 2.62  0.00   0.652   0.634   0.122   0.093   0.032   0.014   0.366   0.009   0.000   0.017   0.000 227606900
 2.62    7.35    86.923
 2.62 18.00   2.088   2.129
 2.62 18.00   4.217    82.343
 2.62 18.00   3.788   1.989   4.217   0.721
 2.62 18.00   3.794   1.969   4.217   0.701

 2.63  0.00   0.651   0.633   0.122   0.093   0.031   0.014   0.366   0.009   0.000   0.017   0.000 228475600
 2.63    7.34    86.799
 2.63 18.00   2.085   2.125
 2.63 18.00   4.210    82.273
 2.63 18.00   3.781   1.986   4.210   0.720
 2.63 18.00   3.788   1.967   4.210   0.700

 2.64  0.00   0.651   0.632   0.121   0.093   0.031   0.014   0.366   0.009   0.000   0.017   0.000 229344300
 2.64    7.32    86.676
 2.64 18.00   2.081   2.122
 2.64 18.00   4.203    82.204
 2.64 18.00   3.775   1.983   4.203   0.719
 2.64 18.00   3.781   1.964   4.203   0.699

 2.65  0.00   0.650   0.632   0.121   0.093   0.031   0.014   0.366   0.009   0.000   0.017   0.000 230213100
 2.65    7.31    86.553
 2.65 18.00   2.078   2.118
 2.65 18.00   4.196    82.135
 2.65 18.00   3.769   1.980   4.196   0.719
 2.65 18.00   3.775   1.961   4.196   0.698

 2.66  0.00   0.649   0.631   0.120   0.092   0.031   0.014   0.366   0.009   0.000   0.017   0.000 231081800
 2.66    7.29    86.431
 2.66 18.00   2.075   2.114
 2.66 18.00   4.190    82.066
 2.66 18.00   3.763   1.977   4.190   0.718
 2.66 18.00   3.769   1.958   4.190   0.698

 2.67  0.00   0.648   0.630   0.120   0.092   0.031   0.014   0.366   0.009   0.000   0.017   0.000 231950500
 2.67    7.28    86.310
 2.67 18.00   2.073   2.110
 2.67 18.00   4.183    81.998
 2.67 18.00   3.757   1.974   4.183   0.717
 2.67 18.00   3.763   1.955   4.183   0.697

 2.68  0.00   0.648   0.630   0.120   0.092   0.031   0.014   0.366   0.009   0.000   0.016   0.000 232819200
 2.68    7.27    86.189
 2.68 18.00   2.070   2.107
 2.68 18.00   4.176    81.930
 2.68 18.00   3.751   1.972   4.176   0.716
 2.68 18.00   3.757   1.953   4.176   0.696

 2.69  0.00   0.647   0.629   0.119   0.092   0.031   0.014   0.366   0.009   0.000   0.016   0.000 233688000
 2.69    7.25    86.069
 2.69 18.00   2.067   2.103
 2.69 18.00   4.170    81.863
 2.69 18.00   3.745   1.969   4.170   0.715
 2.69 18.00   3.751   1.950   4.170   0.696

 2.70  0.00   0.646   0.628   0.119   0.092   0.031   0.014   0.366   0.009   0.000   0.016   0.000 234556700
 2.70    7.24    85.949
 2.70 18.00   2.064   2.100
 2.70 18.00   4.163    81.796
 2.70 18.00   3.739   1.966   4.163   0.714
 2.70 18.00   3.745   1.947   4.163   0.695

 2.71  0.00   0.645   0.628   0.119   0.092   0.030   0.014   0.366   0.009   0.000   0.016   0.000 235425400
 2.71    7.23    85.830
 2.71 18.00   2.061   2.096
 2.71 18.00   4.157    81.729
 2.71 18.00   3.733   1.963   4.157   0.714
 2.71 18.00   3.739   1.945   4.157   0.694

 2.72  0.00   0.645   0.627   0.118   0.092   0.030   0.014   0.366   0.009   0.000   0.016   0.000 236294200
 2.72    7.21    85.712
 2.72 18.00   2.058   2.092
 2.72 18.00   4.151    81.663
 2.72 18.00   3.727   1.960   4.151   0.713
 2.72 18.00   3.733   1.942   4.151   0.693

 2.73  0.00   0.644   0.626   0.118   0.092   0.030   0.013   0.366   0.009   0.000   0.016   0.000 237162900
 2.73    7.20    85.594
 2.73 18.00   2.056   2.089
 2.73 18.00   4.144    81.597
 2.73 18.00   3.722   1.958   4.144   0.712
 2.73 18.00   3.728   1.939   4.144   0.693

 2.74  0.00   0.643   0.626   0.118   0.092   0.030   0.013   0.366   0.009   0.000   0.016   0.000 238031600
 2.74    7.19    85.477
 2.74 18.00   2.053   2.085
 2.74 18.00   4.138    81.532
 2.74 18.00   3.716   1.955   4.138   0.711
 2.74 18.00   3.722   1.937   4.138   0.692

 2.75  0.00   0.642   0.625   0.117   0.092   0.030   0.013   0.366   0.009   0.000   0.016   0.000 238900300
 2.75    7.17    85.360
 2.75 18.00   2.050   2.082
 2.75 18.00   4.132    81.466
 2.75 18.00   3.710   1.952   4.132   0.710
 2.75 18.00   3.716   1.934   4.132   0.691

 2.76  0.00   0.642   0.625   0.117   0.092   0.030   0.013   0.366   0.009   0.000   0.016   0.000 239769100
 2.76    7.16    85.244
 2.76 18.00   2.048   2.078
 2.76 18.00   4.126    81.402
 2.76 18.00   3.705   1.950   4.126   0.710
 2.76 18.00   3.711   1.932   4.126   0.690

 2.77  0.00   0.641   0.624   0.116   0.092   0.030   0.013   0.365   0.009   0.000   0.016   0.000 240637800
 2.77    7.15    85.129
 2.77 18.00   2.045   2.075
 2.77 18.00   4.120    81.337
 2.77 18.00   3.699   1.947   4.120   0.709
 2.77 18.00   3.705   1.929   4.120   0.690

 2.78  0.00   0.640   0.623   0.116   0.091   0.030   0.013   0.365   0.009   0.000   0.016   0.000 241506500
 2.78    7.13    85.014
 2.78 18.00   2.042   2.072
 2.78 18.00   4.114    81.273
 2.78 18.00   3.694   1.945   4.114   0.708
 2.78 18.00   3.700   1.927   4.114   0.689

 2.79  0.00   0.640   0.623   0.116   0.091   0.029   0.013   0.365   0.009   0.000   0.016   0.000 242375200
 2.79    7.12    84.900
 2.79 18.00   2.040   2.068
 2.79 18.00   4.108    81.209
 2.79 18.00   3.689   1.942   4.108   0.707
 2.79 18.00   3.694   1.924   4.108   0.688

 2.80  0.00   0.639   0.622   0.115   0.091   0.029   0.013   0.365   0.009   0.000   0.016   0.000 243244000
 2.80    7.11    84.786
 2.80 18.00   2.037   2.065
 2.80 18.00   4.102    81.146
 2.80 18.00   3.683   1.939   4.102   0.706
 2.80 18.00   3.689   1.922   4.102   0.688

 2.81  0.00   0.638   0.621   0.115   0.091   0.029   0.013   0.365   0.008   0.000   0.016   0.000 244112700
 2.81    7.10    84.673
 2.81 18.00   2.035   2.061
 2.81 18.00   4.096    81.083
 2.81 18.00   3.678   1.937   4.096   0.705
 2.81 18.00   3.684   1.919   4.096   0.687

 2.82  0.00   0.637   0.621   0.115   0.091   0.029   0.013   0.365   0.008   0.000   0.016   0.000 244981400
 2.82    7.08    84.561
 2.82 18.00   2.033   2.058
 2.82 18.00   4.091    81.020
 2.82 18.00   3.673   1.934   4.091   0.705
 2.82 18.00   3.678   1.917   4.091   0.686

 2.83  0.00   0.637   0.620   0.114   0.091   0.029   0.013   0.365   0.008   0.000   0.016   0.000 245850200
 2.83    7.07    84.449
 2.83 18.00   2.030   2.055
 2.83 18.00   4.085    80.958
 2.83 18.00   3.668   1.932   4.085   0.704
 2.83 18.00   3.673   1.914   4.085   0.686

 2.84  0.00   0.636   0.620   0.114   0.091   0.029   0.013   0.365   0.008   0.000   0.016   0.000 246718900
 2.84    7.06    84.338
 2.84 18.00   2.028   2.052
 2.84 18.00   4.079    80.896
 2.84 18.00   3.663   1.929   4.079   0.703
 2.84 18.00   3.668   1.912   4.079   0.685

 2.85  0.00   0.635   0.619   0.114   0.091   0.029   0.013   0.365   0.008   0.000   0.015   0.000 247587600
 2.85    7.05    84.227
 2.85 18.00   2.025   2.048
 2.85 18.00   4.074    80.835
 2.85 18.00   3.657   1.927   4.074   0.702
 2.85 18.00   3.663   1.910   4.074   0.684

 2.86  0.00   0.635   0.618   0.113   0.091   0.029   0.013   0.365   0.008   0.000   0.015   0.000 248456400
 2.86    7.04    84.117
 2.86 18.00   2.023   2.045
 2.86 18.00   4.068    80.773
 2.86 18.00   3.653   1.924   4.068   0.702
 2.86 18.00   3.658   1.907   4.068   0.684

 2.87  0.00   0.634   0.618   0.113   0.091   0.028   0.013   0.365   0.008   0.000   0.015   0.000 249325100
 2.87    7.02    84.007
 2.87 18.00   2.021   2.042
 2.87 18.00   4.063    80.713
 2.87 18.00   3.648   1.922   4.063   0.701
 2.87 18.00   3.653   1.905   4.063   0.683

 2.88  0.00   0.633   0.617   0.113   0.091   0.028   0.013   0.365   0.008   0.000   0.015   0.000 250193800
 2.88    7.01    83.898
 2.88 18.00   2.019   2.039
 2.88 18.00   4.058    80.652
 2.88 18.00   3.643   1.920   4.058   0.700
 2.88 18.00   3.648   1.903   4.058   0.682

 2.89  0.00   0.632   0.616   0.112   0.091   0.028   0.013   0.365   0.008   0.000   0.015   0.000 251062500
 2.89    7.00    83.790
 2.89 18.00   2.016   2.036
 2.89 18.00   4.052    80.592
 2.89 18.00   3.638   1.917   4.052   0.699
 2.89 18.00   3.643   1.900   4.052   0.682

 2.90  0.00   0.632   0.616   0.112   0.091   0.028   0.013   0.365   0.008   0.000   0.015   0.000 251931300
 2.90    6.99    83.682
 2.90 18.00   2.014   2.033
 2.90 18.00   4.047    80.532
 2.90 18.00   3.633   1.915   4.047   0.698
 2.90 18.00   3.638   1.898   4.047   0.681

 2.91  0.00   0.631   0.615   0.112   0.091   0.028   0.013   0.364   0.008   0.000   0.015   0.000 252800000
 2.91    6.98    83.575
 2.91 18.00   2.012   2.030
 2.91 18.00   4.042    80.472
 2.91 18.00   3.628   1.913   4.042   0.698
 2.91 18.00   3.634   1.896   4.042   0.680

 2.92  0.00   0.630   0.615   0.111   0.090   0.028   0.013   0.364   0.008   0.000   0.015   0.000 253668700
 2.92    6.97    83.468
 2.92 18.00   2.010   2.027
 2.92 18.00   4.037    80.413
 2.92 18.00   3.624   1.910   4.037   0.697
 2.92 18.00   3.629   1.894   4.037   0.680

 2.93  0.00   0.630   0.614   0.111   0.090   0.028   0.013   0.364   0.008   0.000   0.015   0.000 254537500
 2.93    6.95    83.362
 2.93 18.00   2.008   2.024
 2.93 18.00   4.031    80.354
 2.93 18.00   3.619   1.908   4.031   0.696
 2.93 18.00   3.624   1.891   4.031   0.679

 2.94  0.00   0.629   0.614   0.111   0.090   0.028   0.013   0.364   0.008   0.000   0.015   0.000 255406200
 2.94    6.94    83.256
 2.94 18.00   2.006   2.021
 2.94 18.00   4.026    80.296
 2.94 18.00   3.614   1.906   4.026   0.695
 2.94 18.00   3.620   1.889   4.026   0.678

 2.95  0.00   0.628   0.613   0.110   0.090   0.028   0.013   0.364   0.008   0.000   0.015   0.000 256274900
 2.95    6.93    83.151
 2.95 18.00   2.004   2.018
 2.95 18.00   4.021    80.238
 2.95 18.00   3.610   1.903   4.021   0.695
 2.95 18.00   3.615   1.887   4.021   0.678

 2.96  0.00   0.628   0.612   0.110   0.090   0.027   0.013   0.364   0.008   0.000   0.015   0.000 257143600
 2.96    6.92    83.046
 2.96 18.00   2.002   2.015
 2.96 18.00   4.016    80.180
 2.96 18.00   3.605   1.901   4.016   0.694
 2.96 18.00   3.611   1.885   4.016   0.677

 2.97  0.00   0.627   0.612   0.110   0.090   0.027   0.013   0.364   0.008   0.000   0.015   0.000 258012400
 2.97    6.91    82.942
 2.97 18.00   2.000   2.012
 2.97 18.00   4.011    80.122
 2.97 18.00   3.601   1.899   4.011   0.693
 2.97 18.00   3.606   1.883   4.011   0.676

 2.98  0.00   0.626   0.611   0.109   0.090   0.027   0.013   0.364   0.008   0.000   0.015   0.000 258881100
 2.98    6.90    82.839
 2.98 18.00   1.998   2.009
 2.98 18.00   4.007    80.065
 2.98 18.00   3.597   1.897   4.007   0.692
 2.98 18.00   3.602   1.881   4.007   0.676

 2.99  0.00   0.626   0.611   0.109   0.090   0.027   0.013   0.364   0.008   0.000   0.015   0.000 259749800
 2.99    6.89    82.736
 2.99 18.00   1.996   2.006
 2.99 18.00   4.002    80.008
 2.99 18.00   3.592   1.894   4.002   0.692
 2.99 18.00   3.597   1.879   4.002   0.675

 3.00  0.00   0.625   0.610   0.109   0.090   0.027   0.013   0.364   0.008   0.000   0.015   0.000 260618600
 3.00    6.88    82.633
 3.00 18.00   1.994   2.003
 3.00 18.00   3.997    79.952
 3.00 18.00   3.588   1.892   3.997   0.691
 3.00 18.00   3.593   1.877   3.997   0.674

 3.01  0.00   0.624   0.609   0.109   0.090   0.027   0.013   0.364   0.008   0.000   0.015   0.000 261487300
 3.01    6.87    82.531
 3.01 18.00   1.992   2.000
 3.01 18.00   3.992    79.896
 3.01 18.00   3.584   1.890   3.992   0.690
 3.01 18.00   3.589   1.875   3.992   0.674

 3.02  0.00   0.624   0.609   0.108   0.090   0.027   0.013   0.364   0.008   0.000   0.015   0.000 262356000
 3.02    6.86    82.430
 3.02 18.00   1.990   1.997
 3.02 18.00   3.988    79.840
 3.02 18.00   3.579   1.888   3.988   0.690
 3.02 18.00   3.584   1.872   3.988   0.673

 3.03  0.00   0.623   0.608   0.108   0.090   0.027   0.013   0.364   0.008   0.000   0.015   0.000 263224700
 3.03    6.85    82.329
 3.03 18.00   1.988   1.995
 3.03 18.00   3.983    79.784
 3.03 18.00   3.575   1.886   3.983   0.689
 3.03 18.00   3.580   1.870   3.983   0.673

 3.04  0.00   0.622   0.608   0.108   0.090   0.027   0.012   0.364   0.008   0.000   0.014   0.000 264093500
 3.04    6.84    82.229
 3.04 18.00   1.987   1.992
 3.04 18.00   3.978    79.729
 3.04 18.00   3.571   1.884   3.978   0.688
 3.04 18.00   3.576   1.868   3.978   0.672

 3.05  0.00   0.622   0.607   0.107   0.090   0.027   0.012   0.363   0.008   0.000   0.014   0.000 264962200
 3.05    6.83    82.129
 3.05 18.00   1.985   1.989
 3.05 18.00   3.974    79.674
 3.05 18.00   3.567   1.882   3.974   0.688
 3.05 18.00   3.572   1.866   3.974   0.671

 3.06  0.00   0.621   0.607   0.107   0.089   0.026   0.012   0.363   0.008   0.000   0.014   0.000 265830900
 3.06    6.82    82.030
 3.06 18.00   1.983   1.986
 3.06 18.00   3.969    79.619
 3.06 18.00   3.563   1.880   3.969   0.687
 3.06 18.00   3.568   1.864   3.969   0.671

 3.07  0.00   0.621   0.606   0.107   0.089   0.026   0.012   0.363   0.008   0.000   0.014   0.000 266699600
 3.07    6.81    81.931
 3.07 18.00   1.981   1.984
 3.07 18.00   3.965    79.565
 3.07 18.00   3.559   1.878   3.965   0.686
 3.07 18.00   3.564   1.862   3.965   0.670

 3.08  0.00   0.620   0.605   0.107   0.089   0.026   0.012   0.363   0.008   0.000   0.014   0.000 267568400
 3.08    6.80    81.833
 3.08 18.00   1.980   1.981
 3.08 18.00   3.961    79.511
 3.08 18.00   3.555   1.876   3.961   0.685
 3.08 18.00   3.560   1.861   3.961   0.669

 3.09  0.00   0.619   0.605   0.106   0.089   0.026   0.012   0.363   0.008   0.000   0.014   0.000 268437100
 3.09    6.79    81.735
 3.09 18.00   1.978   1.978
 3.09 18.00   3.956    79.457
 3.09 18.00   3.551   1.874   3.956   0.685
 3.09 18.00   3.556   1.859   3.956   0.669

 3.10  0.00   0.619   0.604   0.106   0.089   0.026   0.012   0.363   0.008   0.000   0.014   0.000 269305800
 3.10    6.78    81.638
 3.10 18.00   1.976   1.976
 3.10 18.00   3.952    79.404
 3.10 18.00   3.547   1.872   3.952   0.684
 3.10 18.00   3.552   1.857   3.952   0.668

 3.11  0.00   0.618   0.604   0.106   0.089   0.026   0.012   0.363   0.008   0.000   0.014   0.000 270174600
 3.11    6.77    81.541
 3.11 18.00   1.975   1.973
 3.11 18.00   3.948    79.351
 3.11 18.00   3.543   1.870   3.948   0.683
 3.11 18.00   3.548   1.855   3.948   0.668

 3.12  0.00   0.618   0.603   0.106   0.089   0.026   0.012   0.363   0.008   0.000   0.014   0.000 271043300
 3.12    6.76    81.445
 3.12 18.00   1.973   1.971
 3.12 18.00   3.944    79.298
 3.12 18.00   3.540   1.868   3.944   0.683
 3.12 18.00   3.544   1.853   3.944   0.667

 3.13  0.00   0.617   0.603   0.105   0.089   0.026   0.012   0.363   0.008   0.000   0.014   0.000 271912000
 3.13    6.75    81.349
 3.13 18.00   1.971   1.968
 3.13 18.00   3.939    79.246
 3.13 18.00   3.536   1.866   3.939   0.682
 3.13 18.00   3.541   1.851   3.939   0.666

 3.14  0.00   0.616   0.602   0.105   0.089   0.026   0.012   0.363   0.008   0.000   0.014   0.000 272780800
 3.14    6.74    81.254
 3.14 18.00   1.970   1.965
 3.14 18.00   3.935    79.194
 3.14 18.00   3.532   1.864   3.935   0.681
 3.14 18.00   3.537   1.849   3.935   0.666

 3.15  0.00   0.616   0.602   0.105   0.089   0.026   0.012   0.363   0.008   0.000   0.014   0.000 273649500
 3.15    6.73    81.159
 3.15 18.00   1.968   1.963
 3.15 18.00   3.931    79.142
 3.15 18.00   3.528   1.862   3.931   0.681
 3.15 18.00   3.533   1.847   3.931   0.665

 3.16  0.00   0.615   0.601   0.105   0.089   0.025   0.012   0.363   0.008   0.000   0.014   0.000 274518200
 3.16    6.72    81.065
 3.16 18.00   1.967   1.960
 3.16 18.00   3.927    79.090
 3.16 18.00   3.525   1.860   3.927   0.680
 3.16 18.00   3.530   1.846   3.927   0.664

 3.17  0.00   0.615   0.600   0.104   0.089   0.025   0.012   0.363   0.008   0.000   0.014   0.000 275386900
 3.17    6.71    80.972
 3.17 18.00   1.965   1.958
 3.17 18.00   3.923    79.039
 3.17 18.00   3.521   1.859   3.923   0.680
 3.17 18.00   3.526   1.844   3.923   0.664

 3.18  0.00   0.614   0.600   0.104   0.089   0.025   0.012   0.362   0.008   0.000   0.014   0.000 276255700
 3.18    6.70    80.878
 3.18 18.00   1.964   1.956
 3.18 18.00   3.919    78.988
 3.18 18.00   3.518   1.857   3.919   0.679
 3.18 18.00   3.522   1.842   3.919   0.663

 3.19  0.00   0.613   0.599   0.104   0.089   0.025   0.012   0.362   0.008   0.000   0.014   0.000 277124400
 3.19    6.69    80.786
 3.19 18.00   1.962   1.953
 3.19 18.00   3.915    78.938
 3.19 18.00   3.514   1.855   3.915   0.678
 3.19 18.00   3.519   1.840   3.915   0.663

 3.20  0.00   0.613   0.599   0.104   0.089   0.025   0.012   0.362   0.008   0.000   0.014   0.000 277993100
 3.20    6.68    80.694
 3.20 18.00   1.961   1.951
 3.20 18.00   3.912    78.887
 3.20 18.00   3.511   1.853   3.912   0.678
 3.20 18.00   3.515   1.838   3.912   0.662

 3.21  0.00   0.612   0.598   0.103   0.089   0.025   0.012   0.362   0.008   0.000   0.013   0.000 278861900
 3.21    6.67    80.602
 3.21 18.00   1.959   1.948
 3.21 18.00   3.908    78.837
 3.21 18.00   3.507   1.851   3.908   0.677
 3.21 18.00   3.512   1.837   3.908   0.661

 3.22  0.00   0.612   0.598   0.103   0.088   0.025   0.012   0.362   0.008   0.000   0.013   0.000 279730600
 3.22    6.66    80.511
 3.22 18.00   1.958   1.946
 3.22 18.00   3.904    78.788
 3.22 18.00   3.504   1.850   3.904   0.676
 3.22 18.00   3.509   1.835   3.904   0.661

 3.23  0.00   0.611   0.597   0.103   0.088   0.025   0.012   0.362   0.008   0.000   0.013   0.000 280599300
 3.23    6.65    80.420
 3.23 18.00   1.957   1.944
 3.23 18.00   3.900    78.738
 3.23 18.00   3.501   1.848   3.900   0.676
 3.23 18.00   3.505   1.833   3.900   0.660

 3.24  0.00   0.611   0.597   0.103   0.088   0.025   0.012   0.362   0.008   0.000   0.013   0.000 281468000
 3.24    6.64    80.330
 3.24 18.00   1.955   1.941
 3.24 18.00   3.896    78.689
 3.24 18.00   3.497   1.846   3.896   0.675
 3.24 18.00   3.502   1.832   3.896   0.660

 3.25  0.00   0.610   0.596   0.102   0.088   0.025   0.012   0.362   0.008   0.000   0.013   0.000 282336800
 3.25    6.63    80.240
 3.25 18.00   1.954   1.939
 3.25 18.00   3.893    78.640
 3.25 18.00   3.494   1.844   3.893   0.674
 3.25 18.00   3.499   1.830   3.893   0.659

 3.26  0.00   0.609   0.596   0.102   0.088   0.024   0.012   0.362   0.008   0.000   0.013   0.000 283205500
 3.26    6.63    80.151
 3.26 18.00   1.953   1.937
 3.26 18.00   3.889    78.592
 3.26 18.00   3.491   1.843   3.889   0.674
 3.26 18.00   3.495   1.828   3.889   0.659

 3.27  0.00   0.609   0.595   0.102   0.088   0.024   0.012   0.362   0.008   0.000   0.013   0.000 284074200
 3.27    6.62    80.062
 3.27 18.00   1.951   1.934
 3.27 18.00   3.886    78.544
 3.27 18.00   3.487   1.841   3.886   0.673
 3.27 18.00   3.492   1.827   3.886   0.658

 3.28  0.00   0.608   0.595   0.102   0.088   0.024   0.012   0.362   0.008   0.000   0.013   0.000 284942900
 3.28    6.61    79.974
 3.28 18.00   1.950   1.932
 3.28 18.00   3.882    78.496
 3.28 18.00   3.484   1.839   3.882   0.672
 3.28 18.00   3.489   1.825   3.882   0.657

 3.29  0.00   0.608   0.594   0.101   0.088   0.024   0.012   0.362   0.008   0.000   0.013   0.000 285811700
 3.29    6.60    79.886
 3.29 18.00   1.949   1.930
 3.29 18.00   3.879    78.448
 3.29 18.00   3.481   1.838   3.879   0.672
 3.29 18.00   3.486   1.823   3.879   0.657

 3.30  0.00   0.607   0.594   0.101   0.088   0.024   0.012   0.362   0.008   0.000   0.013   0.000 286680400
 3.30    6.59    79.798
 3.30 18.00   1.947   1.928
 3.30 18.00   3.875    78.401
 3.30 18.00   3.478   1.836   3.875   0.671
 3.30 18.00   3.483   1.822   3.875   0.656

 3.31  0.00   0.607   0.593   0.101   0.088   0.024   0.012   0.361   0.008   0.000   0.013   0.000 287549100
 3.31    6.58    79.708
 3.31 18.00   1.946   1.925
 3.31 18.00   3.871    78.352
 3.31 18.00   3.475   1.834   3.871   0.671
 3.31 18.00   3.479   1.820   3.871   0.656

 3.32  0.00   0.606   0.593   0.101   0.088   0.024   0.012   0.361   0.008   0.000   0.013   0.000 288417900
 3.32    6.57    79.633
 3.32 18.00   1.943   1.923
 3.32 18.00   3.867    78.311
 3.32 18.00   3.470   1.832   3.867   0.670
 3.32 18.00   3.475   1.818   3.867   0.655

 3.33  0.00   0.605   0.592   0.100   0.088   0.024   0.012   0.361   0.007   0.000   0.013   0.000 289286600
 3.33    6.56    79.559
 3.33 18.00   1.941   1.921
 3.33 18.00   3.862    78.270
 3.33 18.00   3.466   1.830   3.862   0.669
 3.33 18.00   3.471   1.816   3.862   0.655

 3.34  0.00   0.605   0.592   0.100   0.088   0.024   0.012   0.361   0.007   0.000   0.013   0.000 290155300
 3.34    6.54    79.485
 3.34 18.00   1.938   1.919
 3.34 18.00   3.857    78.229
 3.34 18.00   3.462   1.828   3.857   0.669
 3.34 18.00   3.466   1.814   3.857   0.654

 3.35  0.00   0.604   0.591   0.100   0.088   0.024   0.012   0.361   0.007   0.000   0.013   0.000 291024000
 3.35    6.53    79.412
 3.35 18.00   1.936   1.917
 3.35 18.00   3.852    78.189
 3.35 18.00   3.457   1.826   3.852   0.668
 3.35 18.00   3.462   1.812   3.852   0.653

 3.36  0.00   0.604   0.591   0.100   0.088   0.024   0.012   0.361   0.007   0.000   0.013   0.000 291892800
 3.36    6.52    79.339
 3.36 18.00   1.933   1.915
 3.36 18.00   3.848    78.150
 3.36 18.00   3.453   1.824   3.848   0.668
 3.36 18.00   3.458   1.810   3.848   0.653

 3.37  0.00   0.603   0.590   0.099   0.088   0.023   0.012   0.361   0.007   0.000   0.013   0.000 292761500
 3.37    6.50    79.267
 3.37 18.00   1.930   1.913
 3.37 18.00   3.843    78.110
 3.37 18.00   3.449   1.822   3.843   0.667
 3.37 18.00   3.453   1.808   3.843   0.652

 3.38  0.00   0.603   0.590   0.099   0.088   0.023   0.012   0.361   0.007   0.000   0.013   0.000 293630200
 3.38    6.49    79.196
 3.38 18.00   1.928   1.911
 3.38 18.00   3.838    78.071
 3.38 18.00   3.445   1.820   3.838   0.666
 3.38 18.00   3.449   1.806   3.838   0.652

 3.39  0.00   0.602   0.589   0.099   0.088   0.023   0.011   0.361   0.007   0.000   0.012   0.000 294499000
 3.39    6.48    79.125
 3.39 18.00   1.925   1.909
 3.39 18.00   3.834    78.033
 3.39 18.00   3.441   1.818   3.834   0.666
 3.39 18.00   3.445   1.804   3.834   0.651

 3.40  0.00   0.602   0.589   0.099   0.088   0.023   0.011   0.361   0.007   0.000   0.012   0.000 295367700
 3.40    6.47    79.054
 3.40 18.00   1.923   1.907
 3.40 18.00   3.829    77.994
 3.40 18.00   3.436   1.816   3.829   0.665
 3.40 18.00   3.441   1.802   3.829   0.651

 3.41  0.00   0.601   0.588   0.099   0.087   0.023   0.011   0.361   0.007   0.000   0.012   0.000 296236400
 3.41    6.45    78.984
 3.41 18.00   1.920   1.905
 3.41 18.00   3.825    77.956
 3.41 18.00   3.432   1.814   3.825   0.664
 3.41 18.00   3.437   1.800   3.825   0.650

 3.42  0.00   0.600   0.588   0.098   0.087   0.023   0.011   0.361   0.007   0.000   0.012   0.000 297105200
 3.42    6.44    78.914
 3.42 18.00   1.918   1.903
 3.42 18.00   3.820    77.918
 3.42 18.00   3.428   1.812   3.820   0.664
 3.42 18.00   3.432   1.798   3.820   0.650

 3.43  0.00   0.600   0.587   0.098   0.087   0.023   0.011   0.361   0.007   0.000   0.012   0.000 297973900
 3.43    6.43    78.845
 3.43 18.00   1.915   1.901
 3.43 18.00   3.816    77.881
 3.43 18.00   3.424   1.810   3.816   0.663
 3.43 18.00   3.428   1.796   3.816   0.649

 3.44  0.00   0.599   0.587   0.098   0.087   0.023   0.011   0.361   0.007   0.000   0.012   0.000 298842600
 3.44    6.42    78.776
 3.44 18.00   1.912   1.899
 3.44 18.00   3.811    77.843
 3.44 18.00   3.420   1.808   3.811   0.663
 3.44 18.00   3.424   1.794   3.811   0.649

 3.45  0.00   0.599   0.586   0.098   0.087   0.023   0.011   0.360   0.007   0.000   0.012   0.000 299711300
 3.45    6.40    78.707
 3.45 18.00   1.910   1.897
 3.45 18.00   3.807    77.806
 3.45 18.00   3.416   1.806   3.807   0.662
 3.45 18.00   3.420   1.793   3.807   0.648

 3.46  0.00   0.598   0.586   0.097   0.087   0.023   0.011   0.360   0.007   0.000   0.012   0.000 300580100
 3.46    6.39    78.639
 3.46 18.00   1.907   1.895
 3.46 18.00   3.802    77.770
 3.46 18.00   3.412   1.804   3.802   0.662
 3.46 18.00   3.416   1.791   3.802   0.647

 3.47  0.00   0.598   0.585   0.097   0.087   0.023   0.011   0.360   0.007   0.000   0.012   0.000 301448800
 3.47    6.38    78.572
 3.47 18.00   1.905   1.893
 3.47 18.00   3.798    77.733
 3.47 18.00   3.408   1.802   3.798   0.661
 3.47 18.00   3.412   1.789   3.798   0.647

 3.48  0.00   0.597   0.585   0.097   0.087   0.023   0.011   0.360   0.007   0.000   0.012   0.000 302317500
 3.48    6.36    78.505
 3.48 18.00   1.902   1.891
 3.48 18.00   3.793    77.697
 3.48 18.00   3.404   1.800   3.793   0.660
 3.48 18.00   3.408   1.787   3.793   0.646

 3.49  0.00   0.597   0.584   0.097   0.087   0.022   0.011   0.360   0.007   0.000   0.012   0.000 303186200
 3.49    6.35    78.438
 3.49 18.00   1.900   1.889
 3.49 18.00   3.789    77.661
 3.49 18.00   3.400   1.798   3.789   0.660
 3.49 18.00   3.404   1.785   3.789   0.646

 3.50  0.00   0.596   0.584   0.096   0.087   0.022   0.011   0.360   0.007   0.000   0.012   0.000 304055000
 3.50    6.34    78.372
 3.50 18.00   1.897   1.887
 3.50 18.00   3.785    77.625
 3.50 18.00   3.396   1.796   3.785   0.659
 3.50 18.00   3.400   1.783   3.785   0.645

 3.51  0.00   0.596   0.583   0.096   0.087   0.022   0.011   0.360   0.007   0.000   0.012   0.000 304923700
 3.51    6.33    78.306
 3.51 18.00   1.895   1.886
 3.51 18.00   3.780    77.590
 3.51 18.00   3.392   1.795   3.780   0.659
 3.51 18.00   3.396   1.781   3.780   0.645

 3.52  0.00   0.595   0.583   0.096   0.087   0.022   0.011   0.360   0.007   0.000   0.012   0.000 305792400
 3.52    6.31    78.240
 3.52 18.00   1.892   1.884
 3.52 18.00   3.776    77.555
 3.52 18.00   3.388   1.793   3.776   0.658
 3.52 18.00   3.392   1.780   3.776   0.644

 3.53  0.00   0.595   0.582   0.096   0.087   0.022   0.011   0.360   0.007   0.000   0.012   0.000 306661200
 3.53    6.30    78.175
 3.53 18.00   1.890   1.882
 3.53 18.00   3.772    77.520
 3.53 18.00   3.384   1.791   3.772   0.657
 3.53 18.00   3.388   1.778   3.772   0.644

 3.54  0.00   0.594   0.582   0.096   0.087   0.022   0.011   0.360   0.007   0.000   0.012   0.000 307529900
 3.54    6.29    78.110
 3.54 18.00   1.887   1.880
 3.54 18.00   3.768    77.485
 3.54 18.00   3.380   1.789   3.768   0.657
 3.54 18.00   3.384   1.776   3.768   0.643

 3.55  0.00   0.594   0.581   0.095   0.087   0.022   0.011   0.360   0.007   0.000   0.012   0.000 308398600
 3.55    6.28    78.045
 3.55 18.00   1.885   1.878
 3.55 18.00   3.763    77.451
 3.55 18.00   3.376   1.787   3.763   0.656
 3.55 18.00   3.381   1.774   3.763   0.643

 3.56  0.00   0.593   0.581   0.095   0.087   0.022   0.011   0.360   0.007   0.000   0.012   0.000 309267400
 3.56    6.26    77.981
 3.56 18.00   1.882   1.877
 3.56 18.00   3.759    77.417
 3.56 18.00   3.372   1.785   3.759   0.656
 3.56 18.00   3.377   1.772   3.759   0.642

 3.57  0.00   0.593   0.580   0.095   0.087   0.022   0.011   0.360   0.007   0.000   0.012   0.000 310136100
 3.57    6.25    77.917
 3.57 18.00   1.880   1.875
 3.57 18.00   3.755    77.383
 3.57 18.00   3.369   1.783   3.755   0.655
 3.57 18.00   3.373   1.771   3.755   0.642

 3.58  0.00   0.592   0.580   0.095   0.087   0.022   0.011   0.359   0.007   0.000   0.012   0.000 311004800
 3.58    6.24    77.854
 3.58 18.00   1.878   1.873
 3.58 18.00   3.751    77.349
 3.58 18.00   3.365   1.782   3.751   0.655
 3.58 18.00   3.369   1.769   3.751   0.641

 3.59  0.00   0.592   0.579   0.094   0.087   0.022   0.011   0.359   0.007   0.000   0.012   0.000 311873500
 3.59    6.23    77.790
 3.59 18.00   1.875   1.871
 3.59 18.00   3.747    77.316
 3.59 18.00   3.361   1.780   3.747   0.654
 3.59 18.00   3.365   1.767   3.747   0.641

 3.60  0.00   0.591   0.579   0.094   0.087   0.022   0.011   0.359   0.007   0.000   0.011   0.000 312742300
 3.60    6.22    77.726
 3.60 18.00   1.873   1.870
 3.60 18.00   3.742    77.282
 3.60 18.00   3.357   1.778   3.742   0.653
 3.60 18.00   3.361   1.765   3.742   0.640

 3.61  0.00   0.591   0.579   0.094   0.086   0.022   0.011   0.359   0.007   0.000   0.011   0.000 313611000
 3.61    6.21    77.663
 3.61 18.00   1.870   1.868
 3.61 18.00   3.738    77.249
 3.61 18.00   3.354   1.776   3.738   0.653
 3.61 18.00   3.358   1.764   3.738   0.640

 3.62  0.00   0.590   0.578   0.094   0.086   0.021   0.011   0.359   0.007   0.000   0.011   0.000 314479700
 3.62    6.21    77.601
 3.62 18.00   1.868   1.866
 3.62 18.00   3.734    77.216
 3.62 18.00   3.350   1.774   3.734   0.652
 3.62 18.00   3.354   1.762   3.734   0.639

 3.63  0.00   0.590   0.578   0.094   0.086   0.021   0.011   0.359   0.007   0.000   0.011   0.000 315348400
 3.63    6.20    77.538
 3.63 18.00   1.865   1.865
 3.63 18.00   3.730    77.184
 3.63 18.00   3.346   1.773   3.730   0.652
 3.63 18.00   3.350   1.760   3.730   0.639

 3.64  0.00   0.589   0.577   0.093   0.086   0.021   0.011   0.359   0.007   0.000   0.011   0.000 316217200
 3.64    6.19    77.476
 3.64 18.00   1.863   1.863
 3.64 18.00   3.726    77.151
 3.64 18.00   3.342   1.771   3.726   0.651
 3.64 18.00   3.347   1.758   3.726   0.638

 3.65  0.00   0.589   0.577   0.093   0.086   0.021   0.011   0.359   0.007   0.000   0.011   0.000 317085900
 3.65    6.18    77.415
 3.65 18.00   1.860   1.862
 3.65 18.00   3.722    77.119
 3.65 18.00   3.339   1.769   3.722   0.651
 3.65 18.00   3.343   1.757   3.722   0.638

 3.66  0.00   0.588   0.576   0.093   0.086   0.021   0.011   0.359   0.007   0.000   0.011   0.000 317954700
 3.66    6.18    77.353
 3.66 18.00   1.858   1.860
 3.66 18.00   3.718    77.087
 3.66 18.00   3.335   1.767   3.718   0.650
 3.66 18.00   3.339   1.755   3.718   0.637

 3.67  0.00   0.588   0.576   0.093   0.086   0.021   0.011   0.359   0.007   0.000   0.011   0.000 318823400
 3.67    6.17    77.292
 3.67 18.00   1.856   1.858
 3.67 18.00   3.714    77.055
 3.67 18.00   3.332   1.766   3.714   0.650
 3.67 18.00   3.336   1.753   3.714   0.637

 3.68  0.00   0.587   0.575   0.092   0.086   0.021   0.011   0.359   0.007   0.000   0.011   0.000 319692100
 3.68    6.16    77.232
 3.68 18.00   1.853   1.857
 3.68 18.00   3.710    77.024
 3.68 18.00   3.328   1.764   3.710   0.649
 3.68 18.00   3.332   1.751   3.710   0.636

 3.69  0.00   0.587   0.575   0.092   0.086   0.021   0.011   0.359   0.007   0.000   0.011   0.000 320560800
 3.69    6.15    77.172
 3.69 18.00   1.851   1.855
 3.69 18.00   3.706    76.992
 3.69 18.00   3.324   1.762   3.706   0.649
 3.69 18.00   3.328   1.750   3.706   0.636

 3.70  0.00   0.586   0.575   0.092   0.086   0.021   0.011   0.359   0.007   0.000   0.011   0.000 321429600
 3.70    6.15    77.112
 3.70 18.00   1.848   1.854
 3.70 18.00   3.702    76.961
 3.70 18.00   3.321   1.760   3.702   0.648
 3.70 18.00   3.325   1.748   3.702   0.635

 3.71  0.00   0.586   0.574   0.092   0.086   0.021   0.011   0.359   0.007   0.000   0.011   0.000 322298300
 3.71    6.14    77.052
 3.71 18.00   1.846   1.852
 3.71 18.00   3.698    76.930
 3.71 18.00   3.317   1.759   3.698   0.647
 3.71 18.00   3.321   1.746   3.698   0.635

 3.72  0.00   0.585   0.574   0.092   0.086   0.021   0.011   0.358   0.007   0.000   0.011   0.000 323167000
 3.72    6.13    76.993
 3.72 18.00   1.844   1.851
 3.72 18.00   3.694    76.899
 3.72 18.00   3.314   1.757   3.694   0.647
 3.72 18.00   3.318   1.745   3.694   0.634

 3.73  0.00   0.585   0.573   0.091   0.086   0.021   0.011   0.358   0.007   0.000   0.011   0.000 324035700
 3.73    6.12    76.934
 3.73 18.00   1.841   1.849
 3.73 18.00   3.691    76.868
 3.73 18.00   3.310   1.755   3.691   0.646
 3.73 18.00   3.314   1.743   3.691   0.634

 3.74  0.00   0.584   0.573   0.091   0.086   0.021   0.011   0.358   0.007   0.000   0.011   0.000 324904500
 3.74    6.11    76.876
 3.74 18.00   1.839   1.848
 3.74 18.00   3.687    76.838
 3.74 18.00   3.307   1.754   3.687   0.646
 3.74 18.00   3.311   1.742   3.687   0.633

 3.75  0.00   0.584   0.572   0.091   0.086   0.021   0.011   0.358   0.007   0.000   0.011   0.000 325773200
 3.75    6.11    76.818
 3.75 18.00   1.837   1.846
 3.75 18.00   3.683    76.808
 3.75 18.00   3.303   1.752   3.683   0.645
 3.75 18.00   3.307   1.740   3.683   0.633

 3.76  0.00   0.583   0.572   0.091   0.086   0.020   0.011   0.358   0.007   0.000   0.011   0.000 326641900
 3.76    6.10    76.760
 3.76 18.00   1.834   1.845
 3.76 18.00   3.679    76.777
 3.76 18.00   3.300   1.750   3.679   0.645
 3.76 18.00   3.304   1.738   3.679   0.632

 3.77  0.00   0.583   0.571   0.091   0.086   0.020   0.010   0.358   0.007   0.000   0.011   0.000 327510700
 3.77    6.09    76.702
 3.77 18.00   1.832   1.843
 3.77 18.00   3.675    76.747
 3.77 18.00   3.296   1.748   3.675   0.644
 3.77 18.00   3.300   1.737   3.675   0.632

 3.78  0.00   0.582   0.571   0.090   0.086   0.020   0.010   0.358   0.007   0.000   0.011   0.000 328379400
 3.78    6.08    76.645
 3.78 18.00   1.830   1.842
 3.78 18.00   3.672    76.718
 3.78 18.00   3.293   1.747   3.672   0.644
 3.78 18.00   3.297   1.735   3.672   0.631

 3.79  0.00   0.582   0.571   0.090   0.086   0.020   0.010   0.358   0.007   0.000   0.011   0.000 329248100
 3.79    6.08    76.588
 3.79 18.00   1.827   1.841
 3.79 18.00   3.668    76.688
 3.79 18.00   3.290   1.745   3.668   0.643
 3.79 18.00   3.293   1.733   3.668   0.631

 3.80  0.00   0.581   0.570   0.090   0.086   0.020   0.010   0.358   0.007   0.000   0.011   0.000 330116800
 3.80    6.07    76.531
 3.80 18.00   1.825   1.839
 3.80 18.00   3.664    76.658
 3.80 18.00   3.286   1.744   3.664   0.643
 3.80 18.00   3.290   1.732   3.664   0.630

 3.81  0.00   0.581   0.570   0.090   0.086   0.020   0.010   0.358   0.007   0.000   0.011   0.000 330985600
 3.81    6.06    76.475
 3.81 18.00   1.823   1.838
 3.81 18.00   3.660    76.629
 3.81 18.00   3.283   1.742   3.660   0.642
 3.81 18.00   3.287   1.730   3.660   0.630

 3.82  0.00   0.580   0.569   0.089   0.086   0.020   0.010   0.358   0.007   0.000   0.010   0.000 331854300
 3.82    6.06    76.419
 3.82 18.00   1.820   1.836
 3.82 18.00   3.657    76.600
 3.82 18.00   3.279   1.740   3.657   0.642
 3.82 18.00   3.283   1.729   3.657   0.629

 3.83  0.00   0.580   0.569   0.089   0.086   0.020   0.010   0.358   0.007   0.000   0.010   0.000 332723000
 3.83    6.05    76.363
 3.83 18.00   1.818   1.835
 3.83 18.00   3.653    76.571
 3.83 18.00   3.276   1.739   3.653   0.641
 3.83 18.00   3.280   1.727   3.653   0.629

 3.84  0.00   0.579   0.569   0.089   0.086   0.020   0.010   0.358   0.007   0.000   0.010   0.000 333591700
 3.84    6.04    76.307
 3.84 18.00   1.816   1.834
 3.84 18.00   3.649    76.542
 3.84 18.00   3.273   1.737   3.649   0.641
 3.84 18.00   3.276   1.725   3.649   0.629

 3.85  0.00   0.579   0.568   0.089   0.085   0.020   0.010   0.358   0.007   0.000   0.010   0.000 334460500
 3.85    6.03    76.252
 3.85 18.00   1.813   1.832
 3.85 18.00   3.646    76.513
 3.85 18.00   3.269   1.735   3.646   0.640
 3.85 18.00   3.273   1.724   3.646   0.628

 3.86  0.00   0.579   0.568   0.089   0.085   0.020   0.010   0.357   0.007   0.000   0.010   0.000 335329200
 3.86    6.03    76.197
 3.86 18.00   1.811   1.831
 3.86 18.00   3.642    76.485
 3.86 18.00   3.266   1.734   3.642   0.640
 3.86 18.00   3.270   1.722   3.642   0.628

 3.87  0.00   0.578   0.567   0.088   0.085   0.020   0.010   0.357   0.007   0.000   0.010   0.000 336197900
 3.87    6.02    76.142
 3.87 18.00   1.809   1.830
 3.87 18.00   3.638    76.456
 3.87 18.00   3.263   1.732   3.638   0.639
 3.87 18.00   3.267   1.721   3.638   0.627

 3.88  0.00   0.578   0.567   0.088   0.085   0.020   0.010   0.357   0.007   0.000   0.010   0.000 337066700
 3.88    6.01    76.088
 3.88 18.00   1.806   1.828
 3.88 18.00   3.635    76.428
 3.88 18.00   3.260   1.731   3.635   0.639
 3.88 18.00   3.263   1.719   3.635   0.627

 3.89  0.00   0.577   0.566   0.088   0.085   0.020   0.010   0.357   0.007   0.000   0.010   0.000 337935400
 3.89    6.00    76.033
 3.89 18.00   1.804   1.827
 3.89 18.00   3.631    76.400
 3.89 18.00   3.256   1.729   3.631   0.638
 3.89 18.00   3.260   1.718   3.631   0.626

 3.90  0.00   0.577   0.566   0.088   0.085   0.020   0.010   0.357   0.007   0.000   0.010   0.000 338804100
 3.90    6.00    75.979
 3.90 18.00   1.802   1.826
 3.90 18.00   3.628    76.372
 3.90 18.00   3.253   1.727   3.628   0.638
 3.90 18.00   3.257   1.716   3.628   0.626

 3.91  0.00   0.576   0.566   0.088   0.085   0.020   0.010   0.357   0.007   0.000   0.010   0.000 339672900
 3.91    5.99    75.926
 3.91 18.00   1.800   1.825
 3.91 18.00   3.624    76.344
 3.91 18.00   3.250   1.726   3.624   0.637
 3.91 18.00   3.254   1.715   3.624   0.625

 3.92  0.00   0.576   0.565   0.087   0.085   0.019   0.010   0.357   0.007   0.000   0.010   0.000 340541600
 3.92    5.98    75.872
 3.92 18.00   1.797   1.823
 3.92 18.00   3.621    76.317
 3.92 18.00   3.247   1.724   3.621   0.637
 3.92 18.00   3.250   1.713   3.621   0.625

 3.93  0.00   0.575   0.565   0.087   0.085   0.019   0.010   0.357   0.007   0.000   0.010   0.000 341410300
 3.93    5.98    75.819
 3.93 18.00   1.795   1.822
 3.93 18.00   3.617    76.289
 3.93 18.00   3.244   1.723   3.617   0.636
 3.93 18.00   3.247   1.712   3.617   0.624

 3.94  0.00   0.575   0.564   0.087   0.085   0.019   0.010   0.357   0.006   0.000   0.010   0.000 342279000
 3.94    5.97    75.766
 3.94 18.00   1.793   1.821
 3.94 18.00   3.614    76.262
 3.94 18.00   3.241   1.721   3.614   0.636
 3.94 18.00   3.244   1.710   3.614   0.624

 3.95  0.00   0.574   0.564   0.087   0.085   0.019   0.010   0.357   0.006   0.000   0.010   0.000 343147800
 3.95    5.96    75.713
 3.95 18.00   1.791   1.820
 3.95 18.00   3.610    76.235
 3.95 18.00   3.237   1.720   3.610   0.635
 3.95 18.00   3.241   1.709   3.610   0.623

 3.96  0.00   0.574   0.563   0.087   0.085   0.019   0.010   0.357   0.006   0.000   0.010   0.000 344016500
 3.96    5.95    75.660
 3.96 18.00   1.788   1.819
 3.96 18.00   3.607    76.207
 3.96 18.00   3.234   1.718   3.607   0.635
 3.96 18.00   3.238   1.707   3.607   0.623

 3.97  0.00   0.574   0.563   0.086   0.085   0.019   0.010   0.357   0.006   0.000   0.010   0.000 344885200
 3.97    5.95    75.608
 3.97 18.00   1.786   1.817
 3.97 18.00   3.604    76.180
 3.97 18.00   3.231   1.717   3.604   0.634
 3.97 18.00   3.235   1.706   3.604   0.622

 3.98  0.00   0.573   0.563   0.086   0.085   0.019   0.010   0.357   0.006   0.000   0.010   0.000 345754000
 3.98    5.94    75.556
 3.98 18.00   1.784   1.816
 3.98 18.00   3.600    76.154
 3.98 18.00   3.228   1.715   3.600   0.634
 3.98 18.00   3.232   1.704   3.600   0.622

 3.99  0.00   0.573   0.562   0.086   0.085   0.019   0.010   0.357   0.006   0.000   0.010   0.000 346622700
 3.99    5.93    75.504
 3.99 18.00   1.782   1.815
 3.99 18.00   3.597    76.127
 3.99 18.00   3.225   1.714   3.597   0.633
 3.99 18.00   3.229   1.703   3.597   0.622

 4.00  0.00   0.572   0.562   0.086   0.085   0.019   0.010   0.356   0.006   0.000   0.010   0.000 347491400
 4.00    5.93    75.452
 4.00 18.00   1.780   1.814
 4.00 18.00   3.593    76.100
 4.00 18.00   3.222   1.712   3.593   0.633
 4.00 18.00   3.226   1.701   3.593   0.621

 4.01  0.00   0.572   0.561   0.086   0.085   0.019   0.010   0.356   0.006   0.000   0.010   0.000 348360200
 4.01    5.92    75.401
 4.01 18.00   1.777   1.813
 4.01 18.00   3.590    76.074
 4.01 18.00   3.219   1.711   3.590   0.632
 4.01 18.00   3.222   1.700   3.590   0.621

 4.02  0.00   0.571   0.561   0.085   0.085   0.019   0.010   0.356   0.006   0.000   0.010   0.000 349228900
 4.02    5.91    75.350
 4.02 18.00   1.775   1.811
 4.02 18.00   3.587    76.047
 4.02 18.00   3.216   1.709   3.587   0.632
 4.02 18.00   3.219   1.698   3.587   0.620

 4.03  0.00   0.571   0.561   0.085   0.085   0.019   0.010   0.356   0.006   0.000   0.010   0.000 350097600
 4.03    5.90    75.299
 4.03 18.00   1.773   1.810
 4.03 18.00   3.583    76.021
 4.03 18.00   3.213   1.708   3.583   0.631
 4.03 18.00   3.216   1.697   3.583   0.620

 4.04  0.00   0.571   0.560   0.085   0.085   0.019   0.010   0.356   0.006   0.000   0.010   0.000 350966300
 4.04    5.90    75.248
 4.04 18.00   1.771   1.809
 4.04 18.00   3.580    75.995
 4.04 18.00   3.210   1.706   3.580   0.631
 4.04 18.00   3.213   1.695   3.580   0.619

 4.05  0.00   0.570   0.560   0.085   0.085   0.019   0.010   0.356   0.006   0.000   0.010   0.000 351835100
 4.05    5.89    75.197
 4.05 18.00   1.769   1.808
 4.05 18.00   3.577    75.969
 4.05 18.00   3.207   1.705   3.577   0.630
 4.05 18.00   3.210   1.694   3.577   0.619

 4.06  0.00   0.570   0.560   0.085   0.085   0.019   0.010   0.356   0.006   0.000   0.010   0.000 352703800
 4.06    5.88    75.147
 4.06 18.00   1.766   1.807
 4.06 18.00   3.573    75.943
 4.06 18.00   3.204   1.703   3.573   0.630
 4.06 18.00   3.207   1.693   3.573   0.619

 4.07  0.00   0.569   0.559   0.085   0.085   0.019   0.010   0.356   0.006   0.000   0.010   0.000 353572500
 4.07    5.88    75.097
 4.07 18.00   1.764   1.806
 4.07 18.00   3.570    75.917
 4.07 18.00   3.201   1.702   3.570   0.629
 4.07 18.00   3.204   1.691   3.570   0.618

 4.08  0.00   0.569   0.559   0.084   0.085   0.018   0.010   0.356   0.006   0.000   0.010   0.000 354441200
 4.08    5.87    75.047
 4.08 18.00   1.762   1.805
 4.08 18.00   3.567    75.892
 4.08 18.00   3.198   1.700   3.567   0.629
 4.08 18.00   3.201   1.690   3.567   0.618

 4.09  0.00   0.569   0.558   0.084   0.085   0.018   0.010   0.356   0.006   0.000   0.009   0.000 355310000
 4.09    5.86    74.997
 4.09 18.00   1.760   1.804
 4.09 18.00   3.564    75.866
 4.09 18.00   3.195   1.699   3.564   0.629
 4.09 18.00   3.199   1.688   3.564   0.617

 4.10  0.00   0.568   0.558   0.084   0.085   0.018   0.010   0.356   0.006   0.000   0.009   0.000 356178700
 4.10    5.86    74.947
 4.10 18.00   1.758   1.803
 4.10 18.00   3.561    75.841
 4.10 18.00   3.192   1.698   3.561   0.628
 4.10 18.00   3.196   1.687   3.561   0.617

 4.11  0.00   0.568   0.558   0.084   0.085   0.018   0.010   0.356   0.006   0.000   0.009   0.000 357047400
 4.11    5.85    74.898
 4.11 18.00   1.756   1.802
 4.11 18.00   3.557    75.816
 4.11 18.00   3.189   1.696   3.557   0.628
 4.11 18.00   3.193   1.686   3.557   0.616

 4.12  0.00   0.567   0.557   0.084   0.084   0.018   0.010   0.356   0.006   0.000   0.009   0.000 357916100
 4.12    5.84    74.849
 4.12 18.00   1.754   1.801
 4.12 18.00   3.554    75.790
 4.12 18.00   3.186   1.695   3.554   0.627
 4.12 18.00   3.190   1.684   3.554   0.616

 4.13  0.00   0.567   0.557   0.083   0.084   0.018   0.010   0.356   0.006   0.000   0.009   0.000 358784900
 4.13    5.84    74.799
 4.13 18.00   1.751   1.800
 4.13 18.00   3.551    75.765
 4.13 18.00   3.184   1.693   3.551   0.627
 4.13 18.00   3.187   1.683   3.551   0.616

 4.14  0.00   0.566   0.556   0.083   0.084   0.018   0.010   0.355   0.006   0.000   0.009   0.000 359653600
 4.14    5.83    74.751
 4.14 18.00   1.749   1.799
 4.14 18.00   3.548    75.740
 4.14 18.00   3.181   1.692   3.548   0.626
 4.14 18.00   3.184   1.681   3.548   0.615

 4.15  0.00   0.566   0.556   0.083   0.084   0.018   0.010   0.355   0.006   0.000   0.009   0.000 360522300
 4.15    5.82    74.702
 4.15 18.00   1.747   1.798
 4.15 18.00   3.545    75.716
 4.15 18.00   3.178   1.691   3.545   0.626
 4.15 18.00   3.181   1.680   3.545   0.615

 4.16  0.00   0.566   0.556   0.083   0.084   0.018   0.010   0.355   0.006   0.000   0.009   0.000 361391000
 4.16    5.82    74.653
 4.16 18.00   1.745   1.796
 4.16 18.00   3.542    75.691
 4.16 18.00   3.175   1.689   3.542   0.625
 4.16 18.00   3.178   1.679   3.542   0.614

 4.17  0.00   0.565   0.555   0.083   0.084   0.018   0.010   0.355   0.006   0.000   0.009   0.000 362259800
 4.17    5.81    74.605
 4.17 18.00   1.743   1.795
 4.17 18.00   3.538    75.666
 4.17 18.00   3.172   1.688   3.538   0.625
 4.17 18.00   3.176   1.677   3.538   0.614

 4.18  0.00   0.565   0.555   0.082   0.084   0.018   0.010   0.355   0.006   0.000   0.009   0.000 363128500
 4.18    5.80    74.557
 4.18 18.00   1.741   1.794
 4.18 18.00   3.535    75.642
 4.18 18.00   3.169   1.686   3.535   0.625
 4.18 18.00   3.173   1.676   3.535   0.614

 4.19  0.00   0.564   0.555   0.082   0.084   0.018   0.010   0.355   0.006   0.000   0.009   0.000 363997200
 4.19    5.80    74.509
 4.19 18.00   1.739   1.793
 4.19 18.00   3.532    75.617
 4.19 18.00   3.167   1.685   3.532   0.624
 4.19 18.00   3.170   1.675   3.532   0.613

 4.20  0.00   0.564   0.554   0.082   0.084   0.018   0.010   0.355   0.006   0.000   0.009   0.000 364866000
 4.20    5.79    74.461
 4.20 18.00   1.737   1.793
 4.20 18.00   3.529    75.593
 4.20 18.00   3.164   1.684   3.529   0.624
 4.20 18.00   3.167   1.673   3.529   0.613

 4.21  0.00   0.564   0.554   0.082   0.084   0.018   0.009   0.355   0.006   0.000   0.009   0.000 365734700
 4.21    5.78    74.413
 4.21 18.00   1.735   1.792
 4.21 18.00   3.526    75.569
 4.21 18.00   3.161   1.682   3.526   0.623
 4.21 18.00   3.164   1.672   3.526   0.612

 4.22  0.00   0.563   0.554   0.082   0.084   0.018   0.009   0.355   0.006   0.000   0.009   0.000 366603400
 4.22    5.78    74.366
 4.22 18.00   1.733   1.791
 4.22 18.00   3.523    75.545
 4.22 18.00   3.158   1.681   3.523   0.623
 4.22 18.00   3.162   1.671   3.523   0.612

 4.23  0.00   0.563   0.553   0.082   0.084   0.018   0.009   0.355   0.006   0.000   0.009   0.000 367472200
 4.23    5.77    74.318
 4.23 18.00   1.730   1.790
 4.23 18.00   3.520    75.521
 4.23 18.00   3.156   1.680   3.520   0.622
 4.23 18.00   3.159   1.669   3.520   0.612

 4.24  0.00   0.563   0.553   0.081   0.084   0.018   0.009   0.355   0.006   0.000   0.009   0.000 368340900
 4.24    5.76    74.271
 4.24 18.00   1.728   1.789
 4.24 18.00   3.517    75.497
 4.24 18.00   3.153   1.678   3.517   0.622
 4.24 18.00   3.156   1.668   3.517   0.611

 4.25  0.00   0.562   0.553   0.081   0.084   0.018   0.009   0.355   0.006   0.000   0.009   0.000 369209600
 4.25    5.76    74.224
 4.25 18.00   1.726   1.788
 4.25 18.00   3.514    75.473
 4.25 18.00   3.150   1.677   3.514   0.622
 4.25 18.00   3.153   1.667   3.514   0.611

 4.26  0.00   0.562   0.552   0.081   0.084   0.017   0.009   0.355   0.006   0.000   0.009   0.000 370078400
 4.26    5.75    74.177
 4.26 18.00   1.724   1.787
 4.26 18.00   3.511    75.449
 4.26 18.00   3.147   1.676   3.511   0.621
 4.26 18.00   3.151   1.666   3.511   0.610

 4.27  0.00   0.561   0.552   0.081   0.084   0.017   0.009   0.355   0.006   0.000   0.009   0.000 370947100
 4.27    5.74    74.131
 4.27 18.00   1.722   1.786
 4.27 18.00   3.508    75.425
 4.27 18.00   3.145   1.674   3.508   0.621
 4.27 18.00   3.148   1.664   3.508   0.610

 4.28  0.00   0.561   0.551   0.081   0.084   0.017   0.009   0.355   0.006   0.000   0.009   0.000 371815800
 4.28    5.74    74.084
 4.28 18.00   1.720   1.785
 4.28 18.00   3.505    75.402
 4.28 18.00   3.142   1.673   3.505   0.620
 4.28 18.00   3.145   1.663   3.505   0.610

 4.29  0.00   0.561   0.551   0.080   0.084   0.017   0.009   0.354   0.006   0.000   0.009   0.000 372684500
 4.29    5.73    74.038
 4.29 18.00   1.718   1.784
 4.29 18.00   3.502    75.378
 4.29 18.00   3.139   1.672   3.502   0.620
 4.29 18.00   3.143   1.662   3.502   0.609

 4.30  0.00   0.560   0.551   0.080   0.084   0.017   0.009   0.354   0.006   0.000   0.009   0.000 373553300
 4.30    5.72    73.991
 4.30 18.00   1.716   1.783
 4.30 18.00   3.499    75.355
 4.30 18.00   3.137   1.670   3.499   0.619
 4.30 18.00   3.140   1.660   3.499   0.609

 4.31  0.00   0.560   0.550   0.080   0.084   0.017   0.009   0.354   0.006   0.000   0.009   0.000 374422000
 4.31    5.72    73.945
 4.31 18.00   1.714   1.782
 4.31 18.00   3.496    75.332
 4.31 18.00   3.134   1.669   3.496   0.619
 4.31 18.00   3.137   1.659   3.496   0.609

 4.32  0.00   0.559   0.550   0.080   0.084   0.017   0.009   0.354   0.006   0.000   0.009   0.000 375290700
 4.32    5.71    73.899
 4.32 18.00   1.712   1.781
 4.32 18.00   3.493    75.309
 4.32 18.00   3.131   1.668   3.493   0.619
 4.32 18.00   3.135   1.658   3.493   0.608

 4.33  0.00   0.559   0.550   0.080   0.084   0.017   0.009   0.354   0.006   0.000   0.009   0.000 376159500
 4.33    5.70    73.853
 4.33 18.00   1.710   1.780
 4.33 18.00   3.491    75.285
 4.33 18.00   3.129   1.667   3.491   0.618
 4.33 18.00   3.132   1.657   3.491   0.608

 4.34  0.00   0.559   0.549   0.080   0.084   0.017   0.009   0.354   0.006   0.000   0.009   0.000 377028200
 4.34    5.70    73.808
 4.34 18.00   1.708   1.780
 4.34 18.00   3.488    75.262
 4.34 18.00   3.126   1.665   3.488   0.618
 4.34 18.00   3.129   1.655   3.488   0.607

 4.35  0.00   0.558   0.549   0.079   0.084   0.017   0.009   0.354   0.006   0.000   0.009   0.000 377896900
 4.35    5.69    73.762
 4.35 18.00   1.706   1.779
 4.35 18.00   3.485    75.239
 4.35 18.00   3.123   1.664   3.485   0.617
 4.35 18.00   3.127   1.654   3.485   0.607

 4.36  0.00   0.558   0.549   0.079   0.084   0.017   0.009   0.354   0.006   0.000   0.009   0.000 378765600
 4.36    5.69    73.717
 4.36 18.00   1.704   1.778
 4.36 18.00   3.482    75.217
 4.36 18.00   3.121   1.663   3.482   0.617
 4.36 18.00   3.124   1.653   3.482   0.607

 4.37  0.00   0.558   0.548   0.079   0.084   0.017   0.009   0.354   0.006   0.000   0.009   0.000 379634400
 4.37    5.68    73.672
 4.37 18.00   1.702   1.777
 4.37 18.00   3.479    75.194
 4.37 18.00   3.118   1.661   3.479   0.616
 4.37 18.00   3.121   1.652   3.479   0.606

 4.38  0.00   0.557   0.548   0.079   0.084   0.017   0.009   0.354   0.006   0.000   0.009   0.000 380503100
 4.38    5.67    73.626
 4.38 18.00   1.700   1.776
 4.38 18.00   3.476    75.171
 4.38 18.00   3.116   1.660   3.476   0.616
 4.38 18.00   3.119   1.650   3.476   0.606

 4.39  0.00   0.557   0.548   0.079   0.084   0.017   0.009   0.354   0.006   0.000   0.009   0.000 381371800
 4.39    5.67    73.581
 4.39 18.00   1.698   1.775
 4.39 18.00   3.473    75.149
 4.39 18.00   3.113   1.659   3.473   0.616
 4.39 18.00   3.116   1.649   3.473   0.605

 4.40  0.00   0.557   0.547   0.079   0.084   0.017   0.009   0.354   0.006   0.000   0.009   0.000 382240500
 4.40    5.66    73.537
 4.40 18.00   1.696   1.774
 4.40 18.00   3.471    75.126
 4.40 18.00   3.111   1.658   3.471   0.615
 4.40 18.00   3.114   1.648   3.471   0.605

 4.41  0.00   0.556   0.547   0.078   0.084   0.017   0.009   0.354   0.006   0.000   0.009   0.000 383109200
 4.41    5.65    73.492
 4.41 18.00   1.694   1.773
 4.41 18.00   3.468    75.104
 4.41 18.00   3.108   1.656   3.468   0.615
 4.41 18.00   3.111   1.647   3.468   0.605

 4.42  0.00   0.556   0.547   0.078   0.084   0.017   0.009   0.354   0.006   0.000   0.009   0.000 383978000
 4.42    5.65    73.447
 4.42 18.00   1.692   1.773
 4.42 18.00   3.465    75.081
 4.42 18.00   3.106   1.655   3.465   0.614
 4.42 18.00   3.109   1.645   3.465   0.604

 4.43  0.00   0.555   0.546   0.078   0.083   0.017   0.009   0.354   0.006   0.000   0.009   0.000 384846700
 4.43    5.64    73.403
 4.43 18.00   1.690   1.772
 4.43 18.00   3.462    75.059
 4.43 18.00   3.103   1.654   3.462   0.614
 4.43 18.00   3.106   1.644   3.462   0.604

 4.44  0.00   0.555   0.546   0.078   0.083   0.017   0.009   0.354   0.006   0.000   0.009   0.000 385715500
 4.44    5.64    73.358
 4.44 18.00   1.688   1.771
 4.44 18.00   3.459    75.037
 4.44 18.00   3.101   1.653   3.459   0.614
 4.44 18.00   3.104   1.643   3.459   0.604

 4.45  0.00   0.555   0.546   0.078   0.083   0.017   0.009   0.353   0.006   0.000   0.009   0.000 386584200
 4.45    5.63    73.314
 4.45 18.00   1.687   1.770
 4.45 18.00   3.457    75.015
 4.45 18.00   3.098   1.651   3.457   0.613
 4.45 18.00   3.101   1.642   3.457   0.603

 4.46  0.00   0.554   0.545   0.078   0.083   0.016   0.009   0.353   0.006   0.000   0.009   0.000 387452900
 4.46    5.62    73.270
 4.46 18.00   1.685   1.769
 4.46 18.00   3.454    74.993
 4.46 18.00   3.096   1.650   3.454   0.613
 4.46 18.00   3.099   1.641   3.454   0.603

 4.47  0.00   0.554   0.545   0.077   0.083   0.016   0.009   0.353   0.006   0.000   0.009   0.000 388321600
 4.47    5.62    73.226
 4.47 18.00   1.683   1.769
 4.47 18.00   3.451    74.971
 4.47 18.00   3.093   1.649   3.451   0.612
 4.47 18.00   3.096   1.639   3.451   0.602

 4.48  0.00   0.554   0.545   0.077   0.083   0.016   0.009   0.353   0.006   0.000   0.009   0.000 389190400
 4.48    5.61    73.182
 4.48 18.00   1.681   1.768
 4.48 18.00   3.448    74.949
 4.48 18.00   3.091   1.648   3.448   0.612
 4.48 18.00   3.094   1.638   3.448   0.602

 4.49  0.00   0.553   0.544   0.077   0.083   0.016   0.009   0.353   0.006   0.000   0.009   0.000 390059100
 4.49    5.61    73.139
 4.49 18.00   1.679   1.767
 4.49 18.00   3.446    74.927
 4.49 18.00   3.088   1.647   3.446   0.612
 4.49 18.00   3.091   1.637   3.446   0.602

 4.50  0.00   0.553   0.544   0.077   0.083   0.016   0.009   0.353   0.006   0.000   0.009   0.000 390927800
 4.50    5.60    73.095
 4.50 18.00   1.677   1.766
 4.50 18.00   3.443    74.906
 4.50 18.00   3.086   1.645   3.443   0.611
 4.50 18.00   3.089   1.636   3.443   0.601

 4.51  0.00   0.553   0.544   0.077   0.083   0.016   0.009   0.353   0.006   0.000   0.009   0.000 391796600
 4.51    5.59    73.052
 4.51 18.00   1.675   1.765
 4.51 18.00   3.440    74.884
 4.51 18.00   3.083   1.644   3.440   0.611
 4.51 18.00   3.086   1.635   3.440   0.601

 4.52  0.00   0.552   0.543   0.077   0.083   0.016   0.009   0.353   0.006   0.000   0.009   0.000 392665300
 4.52    5.59    73.008
 4.52 18.00   1.673   1.764
 4.52 18.00   3.438    74.862
 4.52 18.00   3.081   1.643   3.438   0.611
 4.52 18.00   3.084   1.633   3.438   0.601

 4.53  0.00   0.552   0.543   0.076   0.083   0.016   0.009   0.353   0.006   0.000   0.009   0.000 393534000
 4.53    5.58    72.965
 4.53 18.00   1.671   1.764
 4.53 18.00   3.435    74.841
 4.53 18.00   3.078   1.642   3.435   0.610
 4.53 18.00   3.081   1.632   3.435   0.600

 4.54  0.00   0.552   0.543   0.076   0.083   0.016   0.009   0.353   0.006   0.000   0.009   0.000 394402800
 4.54    5.58    72.922
 4.54 18.00   1.669   1.763
 4.54 18.00   3.432    74.819
 4.54 18.00   3.076   1.641   3.432   0.610
 4.54 18.00   3.079   1.631   3.432   0.600

 4.55  0.00   0.551   0.542   0.076   0.083   0.016   0.009   0.353   0.006   0.000   0.009   0.000 395271500
 4.55    5.57    72.879
 4.55 18.00   1.667   1.762
 4.55 18.00   3.430    74.798
 4.55 18.00   3.073   1.639   3.430   0.609
 4.55 18.00   3.076   1.630   3.430   0.599

 4.56  0.00   0.551   0.542   0.076   0.083   0.016   0.009   0.353   0.006   0.000   0.009   0.000 396140200
 4.56    5.56    72.836
 4.56 18.00   1.666   1.761
 4.56 18.00   3.427    74.777
 4.56 18.00   3.071   1.638   3.427   0.609
 4.56 18.00   3.074   1.629   3.427   0.599

 4.57  0.00   0.550   0.542   0.076   0.083   0.016   0.009   0.353   0.006   0.000   0.009   0.000 397009000
 4.57    5.56    72.793
 4.57 18.00   1.664   1.761
 4.57 18.00   3.424    74.756
 4.57 18.00   3.069   1.637   3.424   0.609
 4.57 18.00   3.072   1.628   3.424   0.599

 4.58  0.00   0.550   0.541   0.076   0.083   0.016   0.009   0.353   0.006   0.000   0.008   0.000 397877700
 4.58    5.55    72.751
 4.58 18.00   1.662   1.760
 4.58 18.00   3.422    74.734
 4.58 18.00   3.066   1.636   3.422   0.608
 4.58 18.00   3.069   1.626   3.422   0.598

 4.59  0.00   0.550   0.541   0.075   0.083   0.016   0.009   0.353   0.006   0.000   0.008   0.000 398746400
 4.59    5.55    72.708
 4.59 18.00   1.660   1.759
 4.59 18.00   3.419    74.713
 4.59 18.00   3.064   1.635   3.419   0.608
 4.59 18.00   3.067   1.625   3.419   0.598

 4.60  0.00   0.549   0.541   0.075   0.083   0.016   0.009   0.353   0.006   0.000   0.008   0.000 399615100
 4.60    5.54    72.666
 4.60 18.00   1.658   1.758
 4.60 18.00   3.416    74.692
 4.60 18.00   3.061   1.633   3.416   0.607
 4.60 18.00   3.064   1.624   3.416   0.598

 4.61  0.00   0.549   0.540   0.075   0.083   0.016   0.009   0.352   0.006   0.000   0.008   0.000 400483900
 4.61    5.53    72.623
 4.61 18.00   1.656   1.757
 4.61 18.00   3.414    74.671
 4.61 18.00   3.059   1.632   3.414   0.607
 4.61 18.00   3.062   1.623   3.414   0.597

 4.62  0.00   0.549   0.540   0.075   0.083   0.016   0.009   0.352   0.006   0.000   0.008   0.000 401352600
 4.62    5.53    72.581
 4.62 18.00   1.654   1.757
 4.62 18.00   3.411    74.651
 4.62 18.00   3.057   1.631   3.411   0.607
 4.62 18.00   3.060   1.622   3.411   0.597

 4.63  0.00   0.548   0.540   0.075   0.083   0.016   0.009   0.352   0.006   0.000   0.008   0.000 402221300
 4.63    5.52    72.539
 4.63 18.00   1.653   1.756
 4.63 18.00   3.409    74.630
 4.63 18.00   3.054   1.630   3.409   0.606
 4.63 18.00   3.057   1.621   3.409   0.597

 4.64  0.00   0.548   0.539   0.075   0.083   0.016   0.009   0.352   0.006   0.000   0.008   0.000 403090000
 4.64    5.52    72.497
 4.64 18.00   1.651   1.755
 4.64 18.00   3.406    74.609
 4.64 18.00   3.052   1.629   3.406   0.606
 4.64 18.00   3.055   1.620   3.406   0.596

 4.65  0.00   0.548   0.539   0.074   0.083   0.016   0.009   0.352   0.006   0.000   0.008   0.000 403958800
 4.65    5.51    72.455
 4.65 18.00   1.649   1.754
 4.65 18.00   3.403    74.588
 4.65 18.00   3.050   1.628   3.403   0.606
 4.65 18.00   3.053   1.618   3.403   0.596

 4.66  0.00   0.547   0.539   0.074   0.083   0.016   0.009   0.352   0.006   0.000   0.008   0.000 404827500
 4.66    5.50    72.413
 4.66 18.00   1.647   1.754
 4.66 18.00   3.401    74.568
 4.66 18.00   3.047   1.626   3.401   0.605
 4.66 18.00   3.050   1.617   3.401   0.596

 4.67  0.00   0.547   0.538   0.074   0.083   0.016   0.009   0.352   0.006   0.000   0.008   0.000 405696200
 4.67    5.50    72.372
 4.67 18.00   1.645   1.753
 4.67 18.00   3.398    74.547
 4.67 18.00   3.045   1.625   3.398   0.605
 4.67 18.00   3.048   1.616   3.398   0.595

 4.68  0.00   0.547   0.538   0.074   0.083   0.015   0.009   0.352   0.006   0.000   0.008   0.000 406564900
 4.68    5.49    72.330
 4.68 18.00   1.644   1.752
 4.68 18.00   3.396    74.527
 4.68 18.00   3.043   1.624   3.396   0.604
 4.68 18.00   3.046   1.615   3.396   0.595

 4.69  0.00   0.546   0.538   0.074   0.083   0.015   0.009   0.352   0.006   0.000   0.008   0.000 407433700
 4.69    5.49    72.288
 4.69 18.00   1.642   1.751
 4.69 18.00   3.393    74.506
 4.69 18.00   3.040   1.623   3.393   0.604
 4.69 18.00   3.043   1.614   3.393   0.594

 4.70  0.00   0.546   0.537   0.074   0.083   0.015   0.009   0.352   0.005   0.000   0.008   0.000 408302400
 4.70    5.48    72.247
 4.70 18.00   1.640   1.751
 4.70 18.00   3.391    74.486
 4.70 18.00   3.038   1.622   3.391   0.604
 4.70 18.00   3.041   1.613   3.391   0.594

 4.71  0.00   0.546   0.537   0.074   0.083   0.015   0.009   0.352   0.005   0.000   0.008   0.000 409171100
 4.71    5.48    72.206
 4.71 18.00   1.638   1.750
 4.71 18.00   3.388    74.466
 4.71 18.00   3.036   1.621   3.388   0.603
 4.71 18.00   3.039   1.612   3.388   0.594

 4.72  0.00   0.545   0.537   0.073   0.083   0.015   0.009   0.352   0.005   0.000   0.008   0.000 410039800
 4.72    5.47    72.164
 4.72 18.00   1.636   1.749
 4.72 18.00   3.385    74.445
 4.72 18.00   3.033   1.620   3.385   0.603
 4.72 18.00   3.036   1.611   3.385   0.593

 4.73  0.00   0.545   0.536   0.073   0.083   0.015   0.008   0.352   0.005   0.000   0.008   0.000 410908600
 4.73    5.46    72.123
 4.73 18.00   1.635   1.748
 4.73 18.00   3.383    74.425
 4.73 18.00   3.031   1.619   3.383   0.603
 4.73 18.00   3.034   1.609   3.383   0.593

 4.74  0.00   0.545   0.536   0.073   0.083   0.015   0.008   0.352   0.005   0.000   0.008   0.000 411777300
 4.74    5.46    72.082
 4.74 18.00   1.633   1.748
 4.74 18.00   3.380    74.405
 4.74 18.00   3.029   1.617   3.380   0.602
 4.74 18.00   3.032   1.608   3.380   0.593

 4.75  0.00   0.544   0.536   0.073   0.083   0.015   0.008   0.352   0.005   0.000   0.008   0.000 412646000
 4.75    5.45    72.041
 4.75 18.00   1.631   1.747
 4.75 18.00   3.378    74.385
 4.75 18.00   3.027   1.616   3.378   0.602
 4.75 18.00   3.029   1.607   3.378   0.592

 4.76  0.00   0.544   0.536   0.073   0.083   0.015   0.008   0.352   0.005   0.000   0.008   0.000 413514800
 4.76    5.45    72.001
 4.76 18.00   1.629   1.746
 4.76 18.00   3.375    74.365
 4.76 18.00   3.024   1.615   3.375   0.602
 4.76 18.00   3.027   1.606   3.375   0.592

 4.77  0.00   0.544   0.535   0.073   0.083   0.015   0.008   0.352   0.005   0.000   0.008   0.000 414383500
 4.77    5.44    71.960
 4.77 18.00   1.627   1.745
 4.77 18.00   3.373    74.345
 4.77 18.00   3.022   1.614   3.373   0.601
 4.77 18.00   3.025   1.605   3.373   0.592

 4.78  0.00   0.543   0.535   0.072   0.083   0.015   0.008   0.351   0.005   0.000   0.008   0.000 415252300
 4.78    5.44    71.919
 4.78 18.00   1.626   1.745
 4.78 18.00   3.370    74.325
 4.78 18.00   3.020   1.613   3.370   0.601
 4.78 18.00   3.023   1.604   3.370   0.591

 4.79  0.00   0.543   0.535   0.072   0.083   0.015   0.008   0.351   0.005   0.000   0.008   0.000 416121000
 4.79    5.43    71.879
 4.79 18.00   1.624   1.744
 4.79 18.00   3.368    74.305
 4.79 18.00   3.017   1.612   3.368   0.600
 4.79 18.00   3.020   1.603   3.368   0.591

 4.80  0.00   0.543   0.534   0.072   0.082   0.015   0.008   0.351   0.005   0.000   0.008   0.000 416989700
 4.80    5.42    71.838
 4.80 18.00   1.622   1.743
 4.80 18.00   3.365    74.286
 4.80 18.00   3.015   1.611   3.365   0.600
 4.80 18.00   3.018   1.602   3.365   0.591

 4.81  0.00   0.542   0.534   0.072   0.082   0.015   0.008   0.351   0.005   0.000   0.008   0.000 417858400
 4.81    5.42    71.798
 4.81 18.00   1.620   1.742
 4.81 18.00   3.363    74.266
 4.81 18.00   3.013   1.610   3.363   0.600
 4.81 18.00   3.016   1.601   3.363   0.590

 4.82  0.00   0.542   0.534   0.072   0.082   0.015   0.008   0.351   0.005   0.000   0.008   0.000 418727200
 4.82    5.41    71.758
 4.82 18.00   1.619   1.742
 4.82 18.00   3.360    74.246
 4.82 18.00   3.011   1.608   3.360   0.599
 4.82 18.00   3.014   1.600   3.360   0.590

 4.83  0.00   0.542   0.533   0.072   0.082   0.015   0.008   0.351   0.005   0.000   0.008   0.000 419595900
 4.83    5.41    71.718
 4.83 18.00   1.617   1.741
 4.83 18.00   3.358    74.227
 4.83 18.00   3.008   1.607   3.358   0.599
 4.83 18.00   3.011   1.599   3.358   0.590

 4.84  0.00   0.542   0.533   0.072   0.082   0.015   0.008   0.351   0.005   0.000   0.008   0.000 420464600
 4.84    5.40    71.678
 4.84 18.00   1.615   1.740
 4.84 18.00   3.355    74.207
 4.84 18.00   3.006   1.606   3.355   0.599
 4.84 18.00   3.009   1.597   3.355   0.589

 4.85  0.00   0.541   0.533   0.071   0.082   0.015   0.008   0.351   0.005   0.000   0.008   0.000 421333300
 4.85    5.40    71.638
 4.85 18.00   1.614   1.739
 4.85 18.00   3.353    74.188
 4.85 18.00   3.004   1.605   3.353   0.598
 4.85 18.00   3.007   1.596   3.353   0.589

 4.86  0.00   0.541   0.533   0.071   0.082   0.015   0.008   0.351   0.005   0.000   0.008   0.000 422202100
 4.86    5.39    71.598
 4.86 18.00   1.612   1.739
 4.86 18.00   3.350    74.168
 4.86 18.00   3.002   1.604   3.350   0.598
 4.86 18.00   3.005   1.595   3.350   0.589

 4.87  0.00   0.541   0.532   0.071   0.082   0.015   0.008   0.351   0.005   0.000   0.008   0.000 423070800
 4.87    5.39    71.558
 4.87 18.00   1.610   1.738
 4.87 18.00   3.348    74.149
 4.87 18.00   2.999   1.603   3.348   0.598
 4.87 18.00   3.002   1.594   3.348   0.588

 4.88  0.00   0.540   0.532   0.071   0.082   0.015   0.008   0.351   0.005   0.000   0.008   0.000 423939500
 4.88    5.38    71.518
 4.88 18.00   1.608   1.737
 4.88 18.00   3.346    74.129
 4.88 18.00   2.997   1.602   3.346   0.597
 4.88 18.00   3.000   1.593   3.346   0.588

 4.89  0.00   0.540   0.532   0.071   0.082   0.015   0.008   0.351   0.005   0.000   0.008   0.000 424808200
 4.89    5.38    71.478
 4.89 18.00   1.607   1.736
 4.89 18.00   3.343    74.110
 4.89 18.00   2.995   1.601   3.343   0.597
 4.89 18.00   2.998   1.592   3.343   0.588

 4.90  0.00   0.540   0.531   0.071   0.082   0.015   0.008   0.351   0.005   0.000   0.008   0.000 425677000
 4.90    5.37    71.439
 4.90 18.00   1.605   1.736
 4.90 18.00   3.341    74.091
 4.90 18.00   2.993   1.600   3.341   0.597
 4.90 18.00   2.996   1.591   3.341   0.587

 4.91  0.00   0.539   0.531   0.071   0.082   0.014   0.008   0.351   0.005   0.000   0.008   0.000 426545700
 4.91    5.36    71.399
 4.91 18.00   1.603   1.735
 4.91 18.00   3.338    74.072
 4.91 18.00   2.991   1.599   3.338   0.596
 4.91 18.00   2.993   1.590   3.338   0.587

 4.92  0.00   0.539   0.531   0.070   0.082   0.014   0.008   0.351   0.005   0.000   0.008   0.000 427414400
 4.92    5.36    71.360
 4.92 18.00   1.602   1.734
 4.92 18.00   3.336    74.053
 4.92 18.00   2.988   1.598   3.336   0.596
 4.92 18.00   2.991   1.589   3.336   0.587

 4.93  0.00   0.539   0.530   0.070   0.082   0.014   0.008   0.351   0.005   0.000   0.008   0.000 428283100
 4.93    5.35    71.321
 4.93 18.00   1.600   1.733
 4.93 18.00   3.333    74.033
 4.93 18.00   2.986   1.596   3.333   0.596
 4.93 18.00   2.989   1.588   3.333   0.586

 4.94  0.00   0.538   0.530   0.070   0.082   0.014   0.008   0.351   0.005   0.000   0.008   0.000 429151900
 4.94    5.35    71.282
 4.94 18.00   1.598   1.733
 4.94 18.00   3.331    74.014
 4.94 18.00   2.984   1.595   3.331   0.595
 4.94 18.00   2.987   1.587   3.331   0.586

 4.95  0.00   0.538   0.530   0.070   0.082   0.014   0.008   0.351   0.005   0.000   0.008   0.000 430020600
 4.95    5.34    71.242
 4.95 18.00   1.597   1.732
 4.95 18.00   3.328    73.995
 4.95 18.00   2.982   1.594   3.328   0.595
 4.95 18.00   2.984   1.586   3.328   0.586

 4.96  0.00   0.538   0.530   0.070   0.082   0.014   0.008   0.350   0.005   0.000   0.008   0.000 430889300
 4.96    5.34    71.203
 4.96 18.00   1.595   1.731
 4.96 18.00   3.326    73.976
 4.96 18.00   2.979   1.593   3.326   0.595
 4.96 18.00   2.982   1.585   3.326   0.586

 4.97  0.00   0.538   0.529   0.070   0.082   0.014   0.008   0.350   0.005   0.000   0.008   0.000 431758000
 4.97    5.33    71.164
 4.97 18.00   1.593   1.730
 4.97 18.00   3.324    73.958
 4.97 18.00   2.977   1.592   3.324   0.594
 4.97 18.00   2.980   1.584   3.324   0.585

 4.98  0.00   0.537   0.529   0.070   0.082   0.014   0.008   0.350   0.005   0.000   0.008   0.000 432626800
 4.98    5.33    71.126
 4.98 18.00   1.592   1.730
 4.98 18.00   3.321    73.939
 4.98 18.00   2.975   1.591   3.321   0.594
 4.98 18.00   2.978   1.583   3.321   0.585

 4.99  0.00   0.537   0.529   0.069   0.082   0.014   0.008   0.350   0.005   0.000   0.008   0.000 433495500
 4.99    5.32    71.087
 4.99 18.00   1.590   1.729
 4.99 18.00   3.319    73.920
 4.99 18.00   2.973   1.590   3.319   0.594
 4.99 18.00   2.976   1.581   3.319   0.585

 5.00  0.00   0.537   0.528   0.069   0.082   0.014   0.008   0.350   0.005   0.000   0.008   0.000 434364300
 5.00    5.32    71.048
 5.00 18.00   1.588   1.728
 5.00 18.00   3.316    73.901
 5.00 18.00   2.971   1.589   3.316   0.593
 5.00 18.00   2.973   1.580   3.316   0.584

 5.01  0.00   0.536   0.528   0.069   0.082   0.014   0.008   0.350   0.005   0.000   0.008   0.000 435233000
 5.01    5.31    71.009
 5.01 18.00   1.587   1.727
 5.01 18.00   3.314    73.882
 5.01 18.00   2.968   1.588   3.314   0.593
 5.01 18.00   2.971   1.579   3.314   0.584

 5.02  0.00   0.536   0.528   0.069   0.082   0.014   0.008   0.350   0.005   0.000   0.008   0.000 436101700
 5.02    5.31    70.971
 5.02 18.00   1.585   1.726
 5.02 18.00   3.311    73.864
 5.02 18.00   2.966   1.587   3.311   0.593
 5.02 18.00   2.969   1.578   3.311   0.584

 5.03  0.00   0.536   0.528   0.069   0.082   0.014   0.008   0.350   0.005   0.000   0.008   0.000 436970500
 5.03    5.30    70.932
 5.03 18.00   1.583   1.726
 5.03 18.00   3.309    73.845
 5.03 18.00   2.964   1.586   3.309   0.592
 5.03 18.00   2.967   1.577   3.309   0.583

 5.04  0.00   0.535   0.527   0.069   0.082   0.014   0.008   0.350   0.005   0.000   0.008   0.000 437839200
 5.04    5.30    70.894
 5.04 18.00   1.582   1.725
 5.04 18.00   3.307    73.826
 5.04 18.00   2.962   1.585   3.307   0.592
 5.04 18.00   2.965   1.576   3.307   0.583

 5.05  0.00   0.535   0.527   0.069   0.082   0.014   0.008   0.350   0.005   0.000   0.008   0.000 438707900
 5.05    5.29    70.856
 5.05 18.00   1.580   1.724
 5.05 18.00   3.304    73.808
 5.05 18.00   2.960   1.584   3.304   0.592
 5.05 18.00   2.962   1.575   3.304   0.583

 5.06  0.00   0.535   0.527   0.068   0.082   0.014   0.008   0.350   0.005   0.000   0.008   0.000 439576600
 5.06    5.29    70.817
 5.06 18.00   1.579   1.723
 5.06 18.00   3.302    73.789
 5.06 18.00   2.957   1.583   3.302   0.591
 5.06 18.00   2.960   1.574   3.302   0.582

 5.07  0.00   0.534   0.526   0.068   0.082   0.014   0.008   0.350   0.005   0.000   0.008   0.000 440445400
 5.07    5.28    70.779
 5.07 18.00   1.577   1.722
 5.07 18.00   3.299    73.771
 5.07 18.00   2.955   1.582   3.299   0.591
 5.07 18.00   2.958   1.573   3.299   0.582

 5.08  0.00   0.534   0.526   0.068   0.082   0.014   0.008   0.350   0.005   0.000   0.008   0.000 441314100
 5.08    5.28    70.741
 5.08 18.00   1.575   1.722
 5.08 18.00   3.297    73.752
 5.08 18.00   2.953   1.581   3.297   0.591
 5.08 18.00   2.956   1.572   3.297   0.582

 5.09  0.00   0.534   0.526   0.068   0.082   0.014   0.008   0.350   0.005   0.000   0.008   0.000 442182800
 5.09    5.27    70.703
 5.09 18.00   1.574   1.721
 5.09 18.00   3.295    73.734
 5.09 18.00   2.951   1.579   3.295   0.590
 5.09 18.00   2.954   1.571   3.295   0.581

 5.10  0.00   0.534   0.526   0.068   0.082   0.014   0.008   0.350   0.005   0.000   0.008   0.000 443051600
 5.10    5.27    70.665
 5.10 18.00   1.572   1.720
 5.10 18.00   3.292    73.716
 5.10 18.00   2.949   1.578   3.292   0.590
 5.10 18.00   2.951   1.570   3.292   0.581

 5.11  0.00   0.533   0.525   0.068   0.082   0.014   0.008   0.350   0.005   0.000   0.008   0.000 443920300
 5.11    5.26    70.627
 5.11 18.00   1.570   1.719
 5.11 18.00   3.290    73.697
 5.11 18.00   2.947   1.577   3.290   0.590
 5.11 18.00   2.949   1.569   3.290   0.581

 5.12  0.00   0.533   0.525   0.068   0.082   0.014   0.008   0.350   0.005   0.000   0.008   0.000 444789000
 5.12    5.26    70.589
 5.12 18.00   1.569   1.718
 5.12 18.00   3.287    73.679
 5.12 18.00   2.944   1.576   3.287   0.589
 5.12 18.00   2.947   1.568   3.287   0.581

 5.13  0.00   0.533   0.525   0.067   0.082   0.014   0.008   0.350   0.005   0.000   0.008   0.000 445657700
 5.13    5.25    70.552
 5.13 18.00   1.567   1.718
 5.13 18.00   3.285    73.661
 5.13 18.00   2.942   1.575   3.285   0.589
 5.13 18.00   2.945   1.567   3.285   0.580

 5.14  0.00   0.532   0.525   0.067   0.082   0.014   0.008   0.349   0.005   0.000   0.008   0.000 446526400
 5.14    5.25    70.514
 5.14 18.00   1.566   1.717
 5.14 18.00   3.282    73.643
 5.14 18.00   2.940   1.574   3.282   0.589
 5.14 18.00   2.943   1.566   3.282   0.580

 5.15  0.00   0.532   0.524   0.067   0.082   0.014   0.008   0.349   0.005   0.000   0.008   0.000 447395200
 5.15    5.24    70.476
 5.15 18.00   1.564   1.716
 5.15 18.00   3.280    73.625
 5.15 18.00   2.938   1.573   3.280   0.588
 5.15 18.00   2.940   1.565   3.280   0.580

 5.16  0.00   0.532   0.524   0.067   0.082   0.013   0.008   0.349   0.005   0.000   0.008   0.000 448263900
 5.16    5.24    70.439
 5.16 18.00   1.563   1.715
 5.16 18.00   3.278    73.606
 5.16 18.00   2.936   1.572   3.278   0.588
 5.16 18.00   2.938   1.564   3.278   0.579

 5.17  0.00   0.532   0.524   0.067   0.082   0.013   0.008   0.349   0.005   0.000   0.008   0.000 449132600
 5.17    5.23    70.401
 5.17 18.00   1.561   1.714
 5.17 18.00   3.275    73.588
 5.17 18.00   2.933   1.571   3.275   0.588
 5.17 18.00   2.936   1.563   3.275   0.579

 5.18  0.00   0.531   0.523   0.067   0.082   0.013   0.008   0.349   0.005   0.000   0.007   0.000 450001300
 5.18    5.23    70.364
 5.18 18.00   1.559   1.718
 5.18 18.00   3.278    73.575
 5.18 18.00   2.936   1.572   3.278   0.587
 5.18 18.00   2.938   1.563   3.278   0.579

 5.19  0.00   0.531   0.523   0.067   0.082   0.013   0.008   0.349   0.005   0.000   0.007   0.000 450870100
 5.19    5.22    70.327
 5.19 18.00   1.558   1.718
 5.19 18.00   3.276    73.558
 5.19 18.00   2.934   1.571   3.276   0.587
 5.19 18.00   2.937   1.563   3.276   0.578

 5.20  0.00   0.531   0.523   0.067   0.082   0.013   0.008   0.349   0.005   0.000   0.007   0.000 451738800
 5.20    5.22    70.289
 5.20 18.00   1.556   1.718
 5.20 18.00   3.275    73.541
 5.20 18.00   2.933   1.570   3.275   0.587
 5.20 18.00   2.936   1.562   3.275   0.578

 5.21  0.00   0.530   0.523   0.066   0.082   0.013   0.008   0.349   0.005   0.000   0.007   0.000 452607600
 5.21    5.21    70.252
 5.21 18.00   1.555   1.718
 5.21 18.00   3.273    73.524
 5.21 18.00   2.932   1.569   3.273   0.586
 5.21 18.00   2.934   1.561   3.273   0.578

 5.22  0.00   0.530   0.522   0.066   0.082   0.013   0.008   0.349   0.005   0.000   0.007   0.000 453476300
 5.22    5.21    70.215
 5.22 18.00   1.553   1.718
 5.22 18.00   3.272    73.507
 5.22 18.00   2.930   1.568   3.272   0.586
 5.22 18.00   2.933   1.560   3.272   0.578

 5.23  0.00   0.530   0.522   0.066   0.082   0.013   0.008   0.349   0.005   0.000   0.007   0.000 454345000
 5.23    5.20    70.178
 5.23 18.00   1.552   1.718
 5.23 18.00   3.270    73.490
 5.23 18.00   2.929   1.568   3.270   0.586
 5.23 18.00   2.932   1.560   3.270   0.577

 5.24  0.00   0.530   0.522   0.066   0.081   0.013   0.008   0.349   0.005   0.000   0.007   0.000 455213700
 5.24    5.20    70.141
 5.24 18.00   1.550   1.718
 5.24 18.00   3.268    73.473
 5.24 18.00   2.928   1.567   3.268   0.585
 5.24 18.00   2.930   1.559   3.268   0.577

 5.25  0.00   0.529   0.522   0.066   0.081   0.013   0.008   0.349   0.005   0.000   0.007   0.000 456082500
 5.25    5.19    70.104
 5.25 18.00   1.549   1.718
 5.25 18.00   3.267    73.456
 5.25 18.00   2.926   1.566   3.267   0.585
 5.25 18.00   2.929   1.558   3.267   0.577

 5.26  0.00   0.529   0.521   0.066   0.081   0.013   0.008   0.349   0.005   0.000   0.007   0.000 456951200
 5.26    5.19    70.068
 5.26 18.00   1.547   1.718
 5.26 18.00   3.265    73.439
 5.26 18.00   2.925   1.565   3.265   0.585
 5.26 18.00   2.927   1.557   3.265   0.576

 5.27  0.00   0.529   0.521   0.066   0.081   0.013   0.008   0.349   0.005   0.000   0.007   0.000 457819900
 5.27    5.18    70.031
 5.27 18.00   1.546   1.718
 5.27 18.00   3.264    73.423
 5.27 18.00   2.923   1.565   3.264   0.585
 5.27 18.00   2.926   1.557   3.264   0.576

 5.28  0.00   0.528   0.521   0.065   0.081   0.013   0.008   0.349   0.005   0.000   0.007   0.000 458688700
 5.28    5.18    69.994
 5.28 18.00   1.544   1.718
 5.28 18.00   3.262    73.406
 5.28 18.00   2.922   1.564   3.262   0.584
 5.28 18.00   2.925   1.556   3.262   0.576

 5.29  0.00   0.528   0.521   0.065   0.081   0.013   0.008   0.349   0.005   0.000   0.007   0.000 459557400
 5.29    5.17    69.957
 5.29 18.00   1.542   1.718
 5.29 18.00   3.261    73.389
 5.29 18.00   2.921   1.563   3.261   0.584
 5.29 18.00   2.923   1.555   3.261   0.576

 5.30  0.00   0.528   0.520   0.065   0.081   0.013   0.008   0.349   0.005   0.000   0.007   0.000 460426100
 5.30    5.17    69.921
 5.30 18.00   1.541   1.718
 5.30 18.00   3.259    73.373
 5.30 18.00   2.919   1.562   3.259   0.584
 5.30 18.00   2.922   1.554   3.259   0.575

 5.31  0.00   0.528   0.520   0.065   0.081   0.013   0.008   0.349   0.005   0.000   0.007   0.000 461294800
 5.31    5.16    69.884
 5.31 18.00   1.539   1.718
 5.31 18.00   3.258    73.356
 5.31 18.00   2.918   1.561   3.258   0.583
 5.31 18.00   2.921   1.554   3.258   0.575

 5.32  0.00   0.527   0.520   0.065   0.081   0.013   0.008   0.349   0.005   0.000   0.007   0.000 462163600
 5.32    5.16    69.848
 5.32 18.00   1.538   1.718
 5.32 18.00   3.256    73.340
 5.32 18.00   2.917   1.561   3.256   0.583
 5.32 18.00   2.919   1.553   3.256   0.575

 5.33  0.00   0.527   0.520   0.065   0.081   0.013   0.008   0.349   0.005   0.000   0.007   0.000 463032300
 5.33    5.15    69.812
 5.33 18.00   1.536   1.718
 5.33 18.00   3.255    73.323
 5.33 18.00   2.915   1.560   3.255   0.583
 5.33 18.00   2.918   1.552   3.255   0.574

 5.34  0.00   0.527   0.519   0.065   0.081   0.013   0.008   0.348   0.005   0.000   0.007   0.000 463901100
 5.34    5.15    69.775
 5.34 18.00   1.535   1.718
 5.34 18.00   3.253    73.307
 5.34 18.00   2.914   1.559   3.253   0.582
 5.34 18.00   2.917   1.551   3.253   0.574

 5.35  0.00   0.527   0.519   0.065   0.081   0.013   0.007   0.348   0.005   0.000   0.007   0.000 464769800
 5.35    5.14    69.739
 5.35 18.00   1.533   1.718
 5.35 18.00   3.252    73.290
 5.35 18.00   2.913   1.558   3.252   0.582
 5.35 18.00   2.915   1.551   3.252   0.574

 5.36  0.00   0.526   0.519   0.064   0.081   0.013   0.007   0.348   0.005   0.000   0.007   0.000 465638500
 5.36    5.14    69.703
 5.36 18.00   1.532   1.718
 5.36 18.00   3.250    73.274
 5.36 18.00   2.911   1.558   3.250   0.582
 5.36 18.00   2.914   1.550   3.250   0.574

 5.37  0.00   0.526   0.519   0.064   0.081   0.013   0.007   0.348   0.005   0.000   0.007   0.000 466507200
 5.37    5.13    69.667
 5.37 18.00   1.530   1.718
 5.37 18.00   3.249    73.258
 5.37 18.00   2.910   1.557   3.249   0.582
 5.37 18.00   2.913   1.549   3.249   0.573

 5.38  0.00   0.526   0.518   0.064   0.081   0.013   0.007   0.348   0.005   0.000   0.007   0.000 467376000
 5.38    5.13    69.631
 5.38 18.00   1.529   1.718
 5.38 18.00   3.247    73.241
 5.38 18.00   2.909   1.556   3.247   0.581
 5.38 18.00   2.911   1.548   3.247   0.573

 5.39  0.00   0.525   0.518   0.064   0.081   0.013   0.007   0.348   0.005   0.000   0.007   0.000 468244700
 5.39    5.12    69.595
 5.39 18.00   1.528   1.718
 5.39 18.00   3.246    73.225
 5.39 18.00   2.908   1.556   3.246   0.581
 5.39 18.00   2.910   1.548   3.246   0.573

 5.40  0.00   0.525   0.518   0.064   0.081   0.012   0.007   0.348   0.005   0.000   0.007   0.000 469113400
 5.40    5.12    69.559
 5.40 18.00   1.526   1.718
 5.40 18.00   3.244    73.209
 5.40 18.00   2.906   1.555   3.244   0.581
 5.40 18.00   2.909   1.547   3.244   0.572

 5.41  0.00   0.525   0.517   0.064   0.081   0.012   0.007   0.348   0.005   0.000   0.007   0.000 469982100
 5.41    5.11    69.523
 5.41 18.00   1.525   1.718
 5.41 18.00   3.243    73.193
 5.41 18.00   2.905   1.554   3.243   0.580
 5.41 18.00   2.907   1.546   3.243   0.572

 5.42  0.00   0.525   0.517   0.064   0.081   0.012   0.007   0.348   0.005   0.000   0.007   0.000 470850800
 5.42    5.11    69.487
 5.42 18.00   1.523   1.718
 5.42 18.00   3.241    73.177
 5.42 18.00   2.904   1.553   3.241   0.580
 5.42 18.00   2.906   1.546   3.241   0.572

 5.43  0.00   0.524   0.517   0.064   0.081   0.012   0.007   0.348   0.005   0.000   0.007   0.000 471719600
 5.43    5.10    69.452
 5.43 18.00   1.522   1.718
 5.43 18.00   3.240    73.161
 5.43 18.00   2.902   1.553   3.240   0.580
 5.43 18.00   2.905   1.545   3.240   0.572

 5.44  0.00   0.524   0.517   0.063   0.081   0.012   0.007   0.348   0.005   0.000   0.007   0.000 472588300
 5.44    5.10    69.416
 5.44 18.00   1.520   1.718
 5.44 18.00   3.239    73.145
 5.44 18.00   2.901   1.552   3.239   0.579
 5.44 18.00   2.904   1.544   3.239   0.571

 5.45  0.00   0.524   0.516   0.063   0.081   0.012   0.007   0.348   0.005   0.000   0.007   0.000 473457000
 5.45    5.10    69.380
 5.45 18.00   1.519   1.718
 5.45 18.00   3.237    73.129
 5.45 18.00   2.900   1.551   3.237   0.579
 5.45 18.00   2.902   1.543   3.237   0.571

 5.46  0.00   0.524   0.516   0.063   0.081   0.012   0.007   0.348   0.005   0.000   0.007   0.000 474325800
 5.46    5.09    69.345
 5.46 18.00   1.517   1.718
 5.46 18.00   3.236    73.113
 5.46 18.00   2.898   1.550   3.236   0.579
 5.46 18.00   2.901   1.543   3.236   0.571

 5.47  0.00   0.523   0.516   0.063   0.081   0.012   0.007   0.348   0.005   0.000   0.007   0.000 475194500
 5.47    5.09    69.309
 5.47 18.00   1.516   1.718
 5.47 18.00   3.234    73.097
 5.47 18.00   2.897   1.550   3.234   0.579
 5.47 18.00   2.900   1.542   3.234   0.570

 5.48  0.00   0.523   0.516   0.063   0.081   0.012   0.007   0.348   0.005   0.000   0.007   0.000 476063200
 5.48    5.08    69.274
 5.48 18.00   1.514   1.718
 5.48 18.00   3.233    73.081
 5.48 18.00   2.896   1.549   3.233   0.578
 5.48 18.00   2.898   1.541   3.233   0.570

 5.49  0.00   0.523   0.515   0.063   0.081   0.012   0.007   0.348   0.005   0.000   0.007   0.000 476931900
 5.49    5.08    69.239
 5.49 18.00   1.513   1.718
 5.49 18.00   3.231    73.066
 5.49 18.00   2.895   1.548   3.231   0.578
 5.49 18.00   2.897   1.541   3.231   0.570

 5.50  0.00   0.522   0.515   0.063   0.081   0.012   0.007   0.348   0.005   0.000   0.007   0.000 477800700
 5.50    5.07    69.203
 5.50 18.00   1.512   1.718
 5.50 18.00   3.230    73.050
 5.50 18.00   2.893   1.547   3.230   0.578
 5.50 18.00   2.896   1.540   3.230   0.570

 5.51  0.00   0.522   0.515   0.063   0.081   0.012   0.007   0.348   0.005   0.000   0.007   0.000 478669400
 5.51    5.07    69.168
 5.51 18.00   1.510   1.718
 5.51 18.00   3.228    73.034
 5.51 18.00   2.892   1.547   3.228   0.577
 5.51 18.00   2.895   1.539   3.228   0.569

 5.52  0.00   0.522   0.515   0.062   0.081   0.012   0.007   0.348   0.005   0.000   0.007   0.000 479538100
 5.52    5.06    69.133
 5.52 18.00   1.509   1.718
 5.52 18.00   3.227    73.019
 5.52 18.00   2.891   1.546   3.227   0.577
 5.52 18.00   2.893   1.538   3.227   0.569

 5.53  0.00   0.522   0.515   0.062   0.081   0.012   0.007   0.348   0.005   0.000   0.007   0.000 480406900
 5.53    5.06    69.098
 5.53 18.00   1.507   1.718
 5.53 18.00   3.226    73.003
 5.53 18.00   2.890   1.545   3.226   0.577
 5.53 18.00   2.892   1.538   3.226   0.569

 5.54  0.00   0.521   0.514   0.062   0.081   0.012   0.007   0.347   0.005   0.000   0.007   0.000 481275600
 5.54    5.05    69.063
 5.54 18.00   1.506   1.718
 5.54 18.00   3.224    72.988
 5.54 18.00   2.888   1.545   3.224   0.576
 5.54 18.00   2.891   1.537   3.224   0.569

 5.55  0.00   0.521   0.514   0.062   0.081   0.012   0.007   0.347   0.005   0.000   0.007   0.000 482144400
 5.55    5.05    69.028
 5.55 18.00   1.504   1.718
 5.55 18.00   3.223    72.972
 5.55 18.00   2.887   1.544   3.223   0.576
 5.55 18.00   2.889   1.536   3.223   0.568

 5.56  0.00   0.521   0.514   0.062   0.081   0.012   0.007   0.347   0.005   0.000   0.007   0.000 483013100
 5.56    5.05    68.993
 5.56 18.00   1.503   1.718
 5.56 18.00   3.221    72.957
 5.56 18.00   2.886   1.543   3.221   0.576
 5.56 18.00   2.888   1.536   3.221   0.568

 5.57  0.00   0.521   0.514   0.062   0.081   0.012   0.007   0.347   0.005   0.000   0.007   0.000 483881800
 5.57    5.04    68.958
 5.57 18.00   1.502   1.718
 5.57 18.00   3.220    72.941
 5.57 18.00   2.885   1.542   3.220   0.576
 5.57 18.00   2.887   1.535   3.220   0.568

 5.58  0.00   0.520   0.513   0.062   0.081   0.012   0.007   0.347   0.005   0.000   0.007   0.000 484750500
 5.58    5.04    68.923
 5.58 18.00   1.500   1.718
 5.58 18.00   3.219    72.926
 5.58 18.00   2.883   1.542   3.219   0.575
 5.58 18.00   2.886   1.534   3.219   0.567

 5.59  0.00   0.520   0.513   0.062   0.081   0.012   0.007   0.347   0.005   0.000   0.007   0.000 485619300
 5.59    5.03    68.888
 5.59 18.00   1.499   1.718
 5.59 18.00   3.217    72.910
 5.59 18.00   2.882   1.541   3.217   0.575
 5.59 18.00   2.884   1.534   3.217   0.567

 5.60  0.00   0.520   0.513   0.062   0.081   0.012   0.007   0.347   0.005   0.000   0.007   0.000 486488000
 5.60    5.03    68.854
 5.60 18.00   1.497   1.718
 5.60 18.00   3.216    72.895
 5.60 18.00   2.881   1.540   3.216   0.575
 5.60 18.00   2.883   1.533   3.216   0.567

 5.61  0.00   0.520   0.513   0.061   0.081   0.012   0.007   0.347   0.005   0.000   0.007   0.000 487356700
 5.61    5.02    68.819
 5.61 18.00   1.496   1.718
 5.61 18.00   3.214    72.880
 5.61 18.00   2.880   1.540   3.214   0.574
 5.61 18.00   2.882   1.532   3.214   0.567

 5.62  0.00   0.519   0.512   0.061   0.081   0.012   0.007   0.347   0.005   0.000   0.007   0.000 488225400
 5.62    5.02    68.784
 5.62 18.00   1.495   1.718
 5.62 18.00   3.213    72.865
 5.62 18.00   2.878   1.539   3.213   0.574
 5.62 18.00   2.881   1.532   3.213   0.566

 5.63  0.00   0.519   0.512   0.061   0.081   0.012   0.007   0.347   0.005   0.000   0.007   0.000 489094200
 5.63    5.01    68.750
 5.63 18.00   1.493   1.718
 5.63 18.00   3.212    72.849
 5.63 18.00   2.877   1.538   3.212   0.574
 5.63 18.00   2.880   1.531   3.212   0.566

 5.64  0.00   0.519   0.512   0.061   0.081   0.011   0.007   0.347   0.005   0.000   0.007   0.000 489962900
 5.64    5.01    68.715
 5.64 18.00   1.492   1.718
 5.64 18.00   3.210    72.834
 5.64 18.00   2.876   1.538   3.210   0.574
 5.64 18.00   2.878   1.530   3.210   0.566

 5.65  0.00   0.519   0.512   0.061   0.081   0.011   0.007   0.347   0.005   0.000   0.007   0.000 490831600
 5.65    5.01    68.681
 5.65 18.00   1.491   1.718
 5.65 18.00   3.209    72.819
 5.65 18.00   2.875   1.537   3.209   0.573
 5.65 18.00   2.877   1.530   3.209   0.566

 5.66  0.00   0.518   0.511   0.061   0.081   0.011   0.007   0.347   0.005   0.000   0.007   0.000 491700300
 5.66    5.00    68.647
 5.66 18.00   1.489   1.718
 5.66 18.00   3.208    72.804
 5.66 18.00   2.873   1.536   3.208   0.573
 5.66 18.00   2.876   1.529   3.208   0.565

 5.67  0.00   0.518   0.511   0.061   0.081   0.011   0.007   0.347   0.005   0.000   0.007   0.000 492569100
 5.67    5.00    68.612
 5.67 18.00   1.488   1.718
 5.67 18.00   3.206    72.789
 5.67 18.00   2.872   1.535   3.206   0.573
 5.67 18.00   2.875   1.528   3.206   0.565

 5.68  0.00   0.518   0.511   0.061   0.081   0.011   0.007   0.347   0.005   0.000   0.007   0.000 493437800
 5.68    4.99    68.578
 5.68 18.00   1.486   1.718
 5.68 18.00   3.205    72.774
 5.68 18.00   2.871   1.535   3.205   0.572
 5.68 18.00   2.873   1.528   3.205   0.565

 5.69  0.00   0.518   0.511   0.061   0.081   0.011   0.007   0.347   0.005   0.000   0.007   0.000 494306500
 5.69    4.99    68.544
 5.69 18.00   1.485   1.718
 5.69 18.00   3.203    72.759
 5.69 18.00   2.870   1.534   3.203   0.572
 5.69 18.00   2.872   1.527   3.203   0.565

 5.70  0.00   0.517   0.510   0.060   0.081   0.011   0.007   0.347   0.005   0.000   0.007   0.000 495175200
 5.70    4.98    68.510
 5.70 18.00   1.484   1.718
 5.70 18.00   3.202    72.744
 5.70 18.00   2.869   1.533   3.202   0.572
 5.70 18.00   2.871   1.526   3.202   0.564

 5.71  0.00   0.517   0.510   0.060   0.081   0.011   0.007   0.347   0.004   0.000   0.007   0.000 496044000
 5.71    4.98    68.476
 5.71 18.00   1.482   1.718
 5.71 18.00   3.201    72.729
 5.71 18.00   2.867   1.533   3.201   0.572
 5.71 18.00   2.870   1.526   3.201   0.564

 5.72  0.00   0.517   0.510   0.060   0.081   0.011   0.007   0.347   0.004   0.000   0.007   0.000 496912700
 5.72    4.98    68.441
 5.72 18.00   1.481   1.718
 5.72 18.00   3.199    72.714
 5.72 18.00   2.866   1.532   3.199   0.571
 5.72 18.00   2.869   1.525   3.199   0.564

 5.73  0.00   0.517   0.510   0.060   0.081   0.011   0.007   0.347   0.004   0.000   0.007   0.000 497781400
 5.73    4.97    68.407
 5.73 18.00   1.480   1.718
 5.73 18.00   3.198    72.700
 5.73 18.00   2.865   1.531   3.198   0.571
 5.73 18.00   2.867   1.524   3.198   0.564

 5.74  0.00   0.516   0.509   0.060   0.081   0.011   0.007   0.347   0.004   0.000   0.007   0.000 498650100
 5.74    4.97    68.381
 5.74 18.00   1.478   1.718
 5.74 18.00   3.197    72.685
 5.74 18.00   2.864   1.531   3.197   0.571
 5.74 18.00   2.866   1.524   3.197   0.563

 5.75  0.00   0.516   0.509   0.060   0.081   0.011   0.007   0.347   0.004   0.000   0.007   0.000 499518900
 5.75    4.98    68.361
 5.75 18.00   1.477   1.718
 5.75 18.00   3.195    72.670
 5.75 18.00   2.863   1.530   3.195   0.571
 5.75 18.00   2.865   1.523   3.195   0.563

 5.76  0.00   0.516   0.509   0.060   0.081   0.011   0.007   0.346   0.004   0.000   0.007   0.000 500387600
 5.76    4.98    68.341
 5.76 18.00   1.476   1.718
 5.76 18.00   3.194    72.656
 5.76 18.00   2.862   1.529   3.194   0.570
 5.76 18.00   2.864   1.522   3.194   0.563

 5.77  0.00   0.516   0.509   0.060   0.080   0.011   0.007   0.346   0.004   0.000   0.007   0.000 501256400
 5.77    4.98    68.321
 5.77 18.00   1.474   1.718
 5.77 18.00   3.193    72.641
 5.77 18.00   2.860   1.529   3.193   0.570
 5.77 18.00   2.863   1.522   3.193   0.562

 5.78  0.00   0.515   0.509   0.060   0.080   0.011   0.007   0.346   0.004   0.000   0.007   0.000 502125100
 5.78    4.99    68.302
 5.78 18.00   1.473   1.718
 5.78 18.00   3.191    72.626
 5.78 18.00   2.859   1.528   3.191   0.570
 5.78 18.00   2.861   1.521   3.191   0.562

 5.79  0.00   0.515   0.508   0.059   0.080   0.011   0.007   0.346   0.004   0.000   0.007   0.000 502993800
 5.79    4.99    68.282
 5.79 18.00   1.472   1.718
 5.79 18.00   3.190    72.612
 5.79 18.00   2.858   1.527   3.190   0.569
 5.79 18.00   2.860   1.520   3.190   0.562

 5.80  0.00   0.515   0.508   0.059   0.080   0.011   0.007   0.346   0.004   0.000   0.007   0.000 503862600
 5.80    4.99    68.263
 5.80 18.00   1.470   1.718
 5.80 18.00   3.189    72.597
 5.80 18.00   2.857   1.527   3.189   0.569
 5.80 18.00   2.859   1.520   3.189   0.562

 5.81  0.00   0.515   0.508   0.059   0.080   0.011   0.007   0.346   0.004   0.000   0.007   0.000 504731300
 5.81    5.00    68.244
 5.81 18.00   1.469   1.718
 5.81 18.00   3.187    72.583
 5.81 18.00   2.856   1.526   3.187   0.569
 5.81 18.00   2.858   1.519   3.187   0.561

 5.82  0.00   0.514   0.508   0.059   0.080   0.011   0.007   0.346   0.004   0.000   0.007   0.000 505600000
 5.82    5.00    68.224
 5.82 18.00   1.468   1.718
 5.82 18.00   3.186    72.568
 5.82 18.00   2.855   1.525   3.186   0.569
 5.82 18.00   2.857   1.518   3.186   0.561

 5.83  0.00   0.514   0.507   0.059   0.080   0.011   0.007   0.346   0.004   0.000   0.007   0.000 506468700
 5.83    5.01    68.205
 5.83 18.00   1.466   1.718
 5.83 18.00   3.185    72.554
 5.83 18.00   2.853   1.525   3.185   0.568
 5.83 18.00   2.856   1.518   3.185   0.561

 5.84  0.00   0.514   0.507   0.059   0.080   0.011   0.007   0.346   0.004   0.000   0.007   0.000 507337500
 5.84    5.01    68.186
 5.84 18.00   1.465   1.718
 5.84 18.00   3.184    72.539
 5.84 18.00   2.852   1.524   3.184   0.568
 5.84 18.00   2.854   1.517   3.184   0.561

 5.85  0.00   0.514   0.507   0.059   0.080   0.011   0.007   0.346   0.004   0.000   0.007   0.000 508206200
 5.85    5.01    68.168
 5.85 18.00   1.464   1.718
 5.85 18.00   3.182    72.525
 5.85 18.00   2.851   1.523   3.182   0.568
 5.85 18.00   2.853   1.516   3.182   0.560

 5.86  0.00   0.513   0.507   0.059   0.080   0.010   0.007   0.346   0.004   0.000   0.007   0.000 509074900
 5.86    5.02    68.149
 5.86 18.00   1.463   1.718
 5.86 18.00   3.181    72.511
 5.86 18.00   2.850   1.523   3.181   0.567
 5.86 18.00   2.852   1.516   3.181   0.560

 5.87  0.00   0.513   0.506   0.059   0.080   0.010   0.007   0.346   0.004   0.000   0.007   0.000 509943600
 5.87    5.02    68.131
 5.87 18.00   1.461   1.718
 5.87 18.00   3.180    72.496
 5.87 18.00   2.849   1.522   3.180   0.567
 5.87 18.00   2.851   1.515   3.180   0.560

 5.88  0.00   0.513   0.506   0.058   0.080   0.010   0.007   0.346   0.004   0.000   0.007   0.000 510812400
 5.88    5.03    68.112
 5.88 18.00   1.460   1.718
 5.88 18.00   3.178    72.482
 5.88 18.00   2.848   1.521   3.178   0.567
 5.88 18.00   2.850   1.514   3.178   0.560

 5.89  0.00   0.513   0.506   0.058   0.080   0.010   0.007   0.346   0.004   0.000   0.007   0.000 511681100
 5.89    5.03    68.094
 5.89 18.00   1.459   1.718
 5.89 18.00   3.177    72.468
 5.89 18.00   2.846   1.521   3.177   0.567
 5.89 18.00   2.849   1.514   3.177   0.559

 5.90  0.00   0.512   0.506   0.058   0.080   0.010   0.007   0.346   0.004   0.000   0.007   0.000 512549800
 5.90    5.03    68.076
 5.90 18.00   1.457   1.718
 5.90 18.00   3.176    72.454
 5.90 18.00   2.845   1.520   3.176   0.566
 5.90 18.00   2.848   1.513   3.176   0.559

 5.91  0.00   0.512   0.505   0.058   0.080   0.010   0.007   0.346   0.004   0.000   0.007   0.000 513418500
 5.91    5.04    68.058
 5.91 18.00   1.456   1.718
 5.91 18.00   3.175    72.440
 5.91 18.00   2.844   1.519   3.175   0.566
 5.91 18.00   2.846   1.512   3.175   0.559

 5.92  0.00   0.512   0.505   0.058   0.080   0.010   0.007   0.346   0.004   0.000   0.007   0.000 514287300
 5.92    5.04    68.040
 5.92 18.00   1.455   1.718
 5.92 18.00   3.173    72.425
 5.92 18.00   2.843   1.519   3.173   0.566
 5.92 18.00   2.845   1.512   3.173   0.559

 5.93  0.00   0.512   0.505   0.058   0.080   0.010   0.007   0.346   0.004   0.000   0.007   0.000 515156000
 5.93    5.05    68.023
 5.93 18.00   1.454   1.718
 5.93 18.00   3.172    72.411
 5.93 18.00   2.842   1.518   3.172   0.566
 5.93 18.00   2.844   1.511   3.172   0.558

 5.94  0.00   0.511   0.505   0.058   0.080   0.010   0.007   0.346   0.004   0.000   0.007   0.000 516024700
 5.94    5.05    68.005
 5.94 18.00   1.452   1.718
 5.94 18.00   3.171    72.397
 5.94 18.00   2.841   1.517   3.171   0.565
 5.94 18.00   2.843   1.510   3.171   0.558

 5.95  0.00   0.511   0.504   0.058   0.080   0.010   0.007   0.346   0.004   0.000   0.007   0.000 516893400
 5.95    5.05    67.988
 5.95 18.00   1.451   1.718
 5.95 18.00   3.169    72.383
 5.95 18.00   2.840   1.517   3.169   0.565
 5.95 18.00   2.842   1.510   3.169   0.558

 5.96  0.00   0.511   0.504   0.058   0.080   0.010   0.007   0.346   0.004   0.000   0.007   0.000 517762200
 5.96    5.06    67.970
 5.96 18.00   1.450   1.718
 5.96 18.00   3.168    72.369
 5.96 18.00   2.839   1.516   3.168   0.565
 5.96 18.00   2.841   1.509   3.168   0.557

 5.97  0.00   0.511   0.504   0.057   0.080   0.010   0.007   0.346   0.004   0.000   0.007   0.000 518630900
 5.97    5.06    67.953
 5.97 18.00   1.449   1.718
 5.97 18.00   3.167    72.355
 5.97 18.00   2.837   1.516   3.167   0.565
 5.97 18.00   2.840   1.509   3.167   0.557

 5.98  0.00   0.510   0.504   0.057   0.080   0.010   0.007   0.346   0.004   0.000   0.006   0.000 519499600
 5.98    5.07    67.936
 5.98 18.00   1.447   1.718
 5.98 18.00   3.166    72.341
 5.98 18.00   2.836   1.515   3.166   0.564
 5.98 18.00   2.839   1.508   3.166   0.557

 5.99  0.00   0.510   0.503   0.057   0.080   0.010   0.007   0.345   0.004   0.000   0.006   0.000 520368400
 5.99    5.07    67.919
 5.99 18.00   1.446   1.718
 5.99 18.00   3.164    72.328
 5.99 18.00   2.835   1.514   3.164   0.564
 5.99 18.00   2.838   1.507   3.164   0.557

 6.00  0.00   0.510   0.503   0.057   0.080   0.010   0.007   0.345   0.004   0.000   0.006   0.000 521237100
 6.00    5.07    67.902
 6.00 18.00   1.445   1.718
 6.00 18.00   3.163    72.314
 6.00 18.00   2.834   1.514   3.163   0.564
 6.00 18.00   2.836   1.507   3.163   0.556

 6.01  0.00   0.510   0.503   0.057   0.080   0.010   0.007   0.345   0.004   0.000   0.006   0.000 522105900
 6.01    5.08    67.886
 6.01 18.00   1.444   1.718
 6.01 18.00   3.162    72.300
 6.01 18.00   2.833   1.513   3.162   0.563
 6.01 18.00   2.835   1.506   3.162   0.556

 6.02  0.00   0.509   0.503   0.057   0.080   0.010   0.007   0.345   0.004   0.000   0.006   0.000 522974600
 6.02    5.08    67.869
 6.02 18.00   1.442   1.718
 6.02 18.00   3.161    72.286
 6.02 18.00   2.832   1.512   3.161   0.563
 6.02 18.00   2.834   1.505   3.161   0.556

 6.03  0.00   0.509   0.503   0.057   0.080   0.010   0.007   0.345   0.004   0.000   0.006   0.000 523843300
 6.03    5.09    67.853
 6.03 18.00   1.441   1.718
 6.03 18.00   3.159    72.272
 6.03 18.00   2.831   1.512   3.159   0.563
 6.03 18.00   2.833   1.505   3.159   0.556

 6.04  0.00   0.509   0.502   0.057   0.080   0.010   0.007   0.345   0.004   0.000   0.006   0.000 524712000
 6.04    5.09    67.836
 6.04 18.00   1.440   1.718
 6.04 18.00   3.158    72.259
 6.04 18.00   2.830   1.511   3.158   0.563
 6.04 18.00   2.832   1.504   3.158   0.555

 6.05  0.00   0.509   0.502   0.057   0.080   0.010   0.007   0.345   0.004   0.000   0.006   0.000 525580800
 6.05    5.10    67.820
 6.05 18.00   1.439   1.718
 6.05 18.00   3.157    72.245
 6.05 18.00   2.829   1.510   3.157   0.562
 6.05 18.00   2.831   1.504   3.157   0.555

 6.06  0.00   0.509   0.502   0.057   0.080   0.010   0.007   0.345   0.004   0.000   0.006   0.000 526449500
 6.06    5.10    67.804
 6.06 18.00   1.437   1.718
 6.06 18.00   3.156    72.231
 6.06 18.00   2.828   1.510   3.156   0.562
 6.06 18.00   2.830   1.503   3.156   0.555

 6.07  0.00   0.508   0.502   0.056   0.080   0.010   0.007   0.345   0.004   0.000   0.006   0.000 527318200
 6.07    5.10    67.788
 6.07 18.00   1.436   1.718
 6.07 18.00   3.154    72.218
 6.07 18.00   2.826   1.509   3.154   0.562
 6.07 18.00   2.829   1.502   3.154   0.555

 6.08  0.00   0.508   0.501   0.056   0.080   0.010   0.007   0.345   0.004   0.000   0.006   0.000 528186900
 6.08    5.11    67.772
 6.08 18.00   1.435   1.718
 6.08 18.00   3.153    72.204
 6.08 18.00   2.825   1.509   3.153   0.562
 6.08 18.00   2.828   1.502   3.153   0.554

 6.09  0.00   0.508   0.501   0.056   0.080   0.010   0.007   0.345   0.004   0.000   0.006   0.000 529055700
 6.09    5.11    67.757
 6.09 18.00   1.434   1.718
 6.09 18.00   3.152    72.191
 6.09 18.00   2.824   1.508   3.152   0.561
 6.09 18.00   2.827   1.501   3.152   0.554

 6.10  0.00   0.508   0.501   0.056   0.080   0.009   0.007   0.345   0.004   0.000   0.006   0.000 529924400
 6.10    5.12    67.741
 6.10 18.00   1.432   1.718
 6.10 18.00   3.151    72.177
 6.10 18.00   2.823   1.507   3.151   0.561
 6.10 18.00   2.825   1.500   3.151   0.554

 6.11  0.00   0.507   0.501   0.056   0.080   0.009   0.006   0.345   0.004   0.000   0.006   0.000 530793200
 6.11    5.12    67.726
 6.11 18.00   1.431   1.718
 6.11 18.00   3.150    72.164
 6.11 18.00   2.822   1.507   3.150   0.561
 6.11 18.00   2.824   1.500   3.150   0.554

 6.12  0.00   0.507   0.501   0.056   0.080   0.009   0.006   0.345   0.004   0.000   0.006   0.000 531661900
 6.12    5.12    67.710
 6.12 18.00   1.430   1.718
 6.12 18.00   3.148    72.150
 6.12 18.00   2.821   1.506   3.148   0.561
 6.12 18.00   2.823   1.499   3.148   0.553

 6.13  0.00   0.507   0.500   0.056   0.080   0.009   0.006   0.345   0.004   0.000   0.006   0.000 532530600
 6.13    5.13    67.695
 6.13 18.00   1.429   1.718
 6.13 18.00   3.147    72.137
 6.13 18.00   2.820   1.506   3.147   0.561
 6.13 18.00   2.822   1.499   3.147   0.553

 6.14  0.00   0.507   0.500   0.056   0.080   0.009   0.006   0.345   0.004   0.000   0.006   0.000 533399300
 6.14    5.13    67.680
 6.14 18.00   1.428   1.718
 6.14 18.00   3.146    72.123
 6.14 18.00   2.819   1.505   3.146   0.560
 6.14 18.00   2.821   1.498   3.146   0.553

 6.15  0.00   0.507   0.500   0.056   0.080   0.009   0.006   0.345   0.004   0.000   0.006   0.000 534268000
 6.15    5.14    67.665
 6.15 18.00   1.426   1.718
 6.15 18.00   3.145    72.110
 6.15 18.00   2.818   1.504   3.145   0.560
 6.15 18.00   2.820   1.497   3.145   0.553

 6.16  0.00   0.506   0.500   0.056   0.080   0.009   0.006   0.345   0.004   0.000   0.006   0.000 535136800
 6.16    5.14    67.650
 6.16 18.00   1.425   1.718
 6.16 18.00   3.144    72.097
 6.16 18.00   2.817   1.504   3.144   0.560
 6.16 18.00   2.819   1.497   3.144   0.553

 6.17  0.00   0.506   0.500   0.055   0.080   0.009   0.006   0.345   0.004   0.000   0.006   0.000 536005500
 6.17    5.15    67.635
 6.17 18.00   1.424   1.718
 6.17 18.00   3.142    72.083
 6.17 18.00   2.816   1.503   3.142   0.560
 6.17 18.00   2.818   1.496   3.142   0.552

 6.18  0.00   0.506   0.499   0.055   0.080   0.009   0.006   0.345   0.004   0.000   0.006   0.000 536874200
 6.18    5.15    67.620
 6.18 18.00   1.423   1.718
 6.18 18.00   3.141    72.070
 6.18 18.00   2.815   1.503   3.141   0.559
 6.18 18.00   2.817   1.496   3.141   0.552

 6.19  0.00   0.506   0.499   0.055   0.080   0.009   0.006   0.345   0.004   0.000   0.006   0.000 537743000
 6.19    5.15    67.606
 6.19 18.00   1.422   1.718
 6.19 18.00   3.140    72.057
 6.19 18.00   2.814   1.502   3.140   0.559
 6.19 18.00   2.816   1.495   3.140   0.552

 6.20  0.00   0.506   0.499   0.055   0.080   0.009   0.006   0.345   0.004   0.000   0.006   0.000 538611600
 6.20    5.16    67.592
 6.20 18.00   1.420   1.718
 6.20 18.00   3.139    72.044
 6.20 18.00   2.813   1.501   3.139   0.559
 6.20 18.00   2.815   1.495   3.139   0.552

 6.21  0.00   0.505   0.499   0.055   0.080   0.009   0.006   0.345   0.004   0.000   0.006   0.000 539480400
 6.21    5.16    67.577
 6.21 18.00   1.419   1.718
 6.21 18.00   3.138    72.031
 6.21 18.00   2.811   1.501   3.138   0.559
 6.21 18.00   2.814   1.494   3.138   0.551

 6.22  0.00   0.505   0.498   0.055   0.080   0.009   0.006   0.345   0.004   0.000   0.006   0.000 540349100
 6.22    5.17    67.563
 6.22 18.00   1.418   1.718
 6.22 18.00   3.136    72.017
 6.22 18.00   2.810   1.500   3.136   0.558
 6.22 18.00   2.813   1.493   3.136   0.551

 6.23  0.00   0.505   0.498   0.055   0.080   0.009   0.006   0.345   0.004   0.000   0.006   0.000 541217900
 6.23    5.17    67.549
 6.23 18.00   1.417   1.718
 6.23 18.00   3.135    72.004
 6.23 18.00   2.809   1.500   3.135   0.558
 6.23 18.00   2.812   1.493   3.135   0.551

 6.24  0.00   0.505   0.498   0.055   0.080   0.009   0.006   0.344   0.004   0.000   0.006   0.000 542086600
 6.24    5.18    67.535
 6.24 18.00   1.416   1.718
 6.24 18.00   3.134    71.991
 6.24 18.00   2.808   1.499   3.134   0.558
 6.24 18.00   2.811   1.492   3.134   0.551

 6.25  0.00   0.504   0.498   0.055   0.080   0.009   0.006   0.344   0.004   0.000   0.006   0.000 542955300
 6.25    5.18    67.521
 6.25 18.00   1.415   1.718
 6.25 18.00   3.133    71.978
 6.25 18.00   2.807   1.499   3.133   0.558
 6.25 18.00   2.810   1.492   3.133   0.550

 6.26  0.00   0.504   0.498   0.055   0.080   0.009   0.006   0.344   0.004   0.000   0.006   0.000 543824100
 6.26    5.18    67.507
 6.26 18.00   1.413   1.718
 6.26 18.00   3.132    71.965
 6.26 18.00   2.806   1.498   3.132   0.557
 6.26 18.00   2.808   1.491   3.132   0.550

 6.27  0.00   0.504   0.497   0.054   0.080   0.009   0.006   0.344   0.004   0.000   0.006   0.000 544692800
 6.27    5.19    67.494
 6.27 18.00   1.412   1.718
 6.27 18.00   3.131    71.952
 6.27 18.00   2.805   1.497   3.131   0.557
 6.27 18.00   2.807   1.490   3.131   0.550

 6.28  0.00   0.504   0.497   0.054   0.080   0.009   0.006   0.344   0.004   0.000   0.006   0.000 545561500
 6.28    5.19    67.480
 6.28 18.00   1.411   1.718
 6.28 18.00   3.129    71.939
 6.28 18.00   2.804   1.497   3.129   0.557
 6.28 18.00   2.806   1.490   3.129   0.550

 6.29  0.00   0.504   0.497   0.054   0.080   0.009   0.006   0.344   0.004   0.000   0.006   0.000 546430200
 6.29    5.20    67.466
 6.29 18.00   1.410   1.718
 6.29 18.00   3.128    71.926
 6.29 18.00   2.803   1.496   3.128   0.557
 6.29 18.00   2.805   1.489   3.128   0.549

 6.30  0.00   0.503   0.497   0.054   0.080   0.009   0.006   0.344   0.004   0.000   0.006   0.000 547299000
 6.30    5.20    67.453
 6.30 18.00   1.409   1.718
 6.30 18.00   3.127    71.913
 6.30 18.00   2.802   1.496   3.127   0.557
 6.30 18.00   2.804   1.489   3.127   0.549

 6.31  0.00   0.503   0.497   0.054   0.080   0.009   0.006   0.344   0.004   0.000   0.006   0.000 548167700
 6.31    5.21    67.440
 6.31 18.00   1.408   1.718
 6.31 18.00   3.126    71.901
 6.31 18.00   2.801   1.495   3.126   0.556
 6.31 18.00   2.803   1.488   3.126   0.549

 6.32  0.00   0.503   0.496   0.054   0.080   0.009   0.006   0.344   0.004   0.000   0.006   0.000 549036400
 6.32    5.21    67.427
 6.32 18.00   1.407   1.718
 6.32 18.00   3.125    71.888
 6.32 18.00   2.800   1.495   3.125   0.556
 6.32 18.00   2.802   1.488   3.125   0.549

 6.33  0.00   0.503   0.496   0.054   0.080   0.009   0.006   0.344   0.004   0.000   0.006   0.000 549905200
 6.33    5.22    67.414
 6.33 18.00   1.405   1.718
 6.33 18.00   3.124    71.875
 6.33 18.00   2.799   1.494   3.124   0.556
 6.33 18.00   2.801   1.487   3.124   0.549

 6.34  0.00   0.503   0.496   0.054   0.080   0.009   0.006   0.344   0.004   0.000   0.006   0.000 550773900
 6.34    5.22    67.401
 6.34 18.00   1.404   1.718
 6.34 18.00   3.123    71.862
 6.34 18.00   2.798   1.493   3.123   0.556
 6.34 18.00   2.800   1.486   3.123   0.548

 6.35  0.00   0.502   0.496   0.054   0.080   0.009   0.006   0.344   0.004   0.000   0.006   0.000 551642600
 6.35    5.22    67.388
 6.35 18.00   1.403   1.718
 6.35 18.00   3.121    71.849
 6.35 18.00   2.797   1.493   3.121   0.555
 6.35 18.00   2.799   1.486   3.121   0.548

 6.36  0.00   0.502   0.496   0.054   0.080   0.009   0.006   0.344   0.004   0.000   0.006   0.000 552511400
 6.36    5.23    67.375
 6.36 18.00   1.402   1.718
 6.36 18.00   3.120    71.837
 6.36 18.00   2.796   1.492   3.120   0.555
 6.36 18.00   2.798   1.485   3.120   0.548

 6.37  0.00   0.502   0.495   0.054   0.080   0.009   0.006   0.344   0.004   0.000   0.006   0.000 553380000
 6.37    5.23    67.363
 6.37 18.00   1.401   1.718
 6.37 18.00   3.119    71.824
 6.37 18.00   2.795   1.492   3.119   0.555
 6.37 18.00   2.797   1.485   3.119   0.548

 6.38  0.00   0.502   0.495   0.053   0.080   0.009   0.006   0.344   0.004   0.000   0.006   0.000 554248800
 6.38    5.24    67.350
 6.38 18.00   1.400   1.718
 6.38 18.00   3.118    71.811
 6.38 18.00   2.794   1.491   3.118   0.555
 6.38 18.00   2.796   1.484   3.118   0.547

 6.39  0.00   0.502   0.495   0.053   0.080   0.009   0.006   0.344   0.004   0.000   0.006   0.000 555117500
 6.39    5.24    67.338
 6.39 18.00   1.399   1.718
 6.39 18.00   3.117    71.799
 6.39 18.00   2.793   1.491   3.117   0.555
 6.39 18.00   2.795   1.484   3.117   0.547

 6.40  0.00   0.501   0.495   0.053   0.080   0.009   0.006   0.344   0.004   0.000   0.006   0.000 555986200
 6.40    5.25    67.325
 6.40 18.00   1.397   1.718
 6.40 18.00   3.116    71.786
 6.40 18.00   2.792   1.490   3.116   0.554
 6.40 18.00   2.794   1.483   3.116   0.547

 6.41  0.00   0.501   0.495   0.053   0.080   0.009   0.006   0.344   0.004   0.000   0.006   0.000 556855000
 6.41    5.25    67.313
 6.41 18.00   1.396   1.718
 6.41 18.00   3.115    71.773
 6.41 18.00   2.791   1.489   3.115   0.554
 6.41 18.00   2.793   1.482   3.115   0.547

 6.42  0.00   0.501   0.494   0.053   0.080   0.009   0.006   0.344   0.004   0.000   0.006   0.000 557723700
 6.42    5.26    67.301
 6.42 18.00   1.395   1.718
 6.42 18.00   3.114    71.761
 6.42 18.00   2.790   1.489   3.114   0.554
 6.42 18.00   2.792   1.482   3.114   0.547

 6.43  0.00   0.501   0.494   0.053   0.079   0.008   0.006   0.344   0.004   0.000   0.006   0.000 558592400
 6.43    5.26    67.289
 6.43 18.00   1.394   1.718
 6.43 18.00   3.112    71.748
 6.43 18.00   2.789   1.488   3.112   0.554
 6.43 18.00   2.791   1.481   3.112   0.546

 6.44  0.00   0.501   0.494   0.053   0.079   0.008   0.006   0.344   0.004   0.000   0.006   0.000 559461200
 6.44    5.26    67.277
 6.44 18.00   1.393   1.718
 6.44 18.00   3.111    71.736
 6.44 18.00   2.788   1.488   3.111   0.553
 6.44 18.00   2.790   1.481   3.111   0.546

 6.45  0.00   0.500   0.494   0.053   0.079   0.008   0.006   0.344   0.004   0.000   0.006   0.000 560329900
 6.45    5.27    67.265
 6.45 18.00   1.392   1.718
 6.45 18.00   3.110    71.723
 6.45 18.00   2.787   1.487   3.110   0.553
 6.45 18.00   2.789   1.480   3.110   0.546

 6.46  0.00   0.500   0.494   0.053   0.079   0.008   0.006   0.344   0.004   0.000   0.006   0.000 561198700
 6.46    5.27    67.253
 6.46 18.00   1.391   1.718
 6.46 18.00   3.109    71.711
 6.46 18.00   2.786   1.487   3.109   0.553
 6.46 18.00   2.788   1.480   3.109   0.546

 6.47  0.00   0.500   0.493   0.053   0.079   0.008   0.006   0.344   0.004   0.000   0.006   0.000 562067300
 6.47    5.28    67.242
 6.47 18.00   1.390   1.718
 6.47 18.00   3.108    71.699
 6.47 18.00   2.785   1.486   3.108   0.553
 6.47 18.00   2.787   1.479   3.108   0.545

 6.48  0.00   0.500   0.493   0.052   0.079   0.008   0.006   0.344   0.004   0.000   0.006   0.000 562936100
 6.48    5.28    67.230
 6.48 18.00   1.389   1.718
 6.48 18.00   3.107    71.686
 6.48 18.00   2.784   1.486   3.107   0.553
 6.48 18.00   2.786   1.479   3.107   0.545

 6.49  0.00   0.500   0.493   0.052   0.079   0.008   0.006   0.344   0.004   0.000   0.006   0.000 563804800
 6.49    5.29    67.219
 6.49 18.00   1.387   1.718
 6.49 18.00   3.106    71.674
 6.49 18.00   2.783   1.485   3.106   0.552
 6.49 18.00   2.785   1.478   3.106   0.545

 6.50  0.00   0.499   0.493   0.052   0.079   0.008   0.006   0.343   0.004   0.000   0.006   0.000 564673500
 6.50    5.29    67.208
 6.50 18.00   1.386   1.718
 6.50 18.00   3.105    71.662
 6.50 18.00   2.782   1.484   3.105   0.552
 6.50 18.00   2.784   1.478   3.105   0.545

 6.51  0.00   0.499   0.493   0.052   0.079   0.008   0.006   0.343   0.004   0.000   0.006   0.000 565542300
 6.51    5.30    67.196
 6.51 18.00   1.385   1.718
 6.51 18.00   3.104    71.649
 6.51 18.00   2.781   1.484   3.104   0.552
 6.51 18.00   2.783   1.477   3.104   0.545

 6.52  0.00   0.499   0.492   0.052   0.079   0.008   0.006   0.343   0.004   0.000   0.006   0.000 566411000
 6.52    5.30    67.185
 6.52 18.00   1.384   1.718
 6.52 18.00   3.102    71.637
 6.52 18.00   2.780   1.483   3.102   0.552
 6.52 18.00   2.782   1.476   3.102   0.544

 6.53  0.00   0.499   0.492   0.052   0.079   0.008   0.006   0.343   0.004   0.000   0.006   0.000 567279700
 6.53    5.31    67.174
 6.53 18.00   1.383   1.718
 6.53 18.00   3.101    71.625
 6.53 18.00   2.779   1.483   3.101   0.551
 6.53 18.00   2.781   1.476   3.101   0.544

 6.54  0.00   0.499   0.492   0.052   0.079   0.008   0.006   0.343   0.004   0.000   0.006   0.000 568148400
 6.54    5.31    67.163
 6.54 18.00   1.382   1.718
 6.54 18.00   3.100    71.613
 6.54 18.00   2.778   1.482   3.100   0.551
 6.54 18.00   2.780   1.475   3.100   0.544

 6.55  0.00   0.498   0.492   0.052   0.079   0.008   0.006   0.343   0.004   0.000   0.006   0.000 569017200
 6.55    5.32    67.152
 6.55 18.00   1.381   1.718
 6.55 18.00   3.099    71.600
 6.55 18.00   2.777   1.482   3.099   0.551
 6.55 18.00   2.780   1.475   3.099   0.544

 6.56  0.00   0.498   0.492   0.052   0.079   0.008   0.006   0.343   0.004   0.000   0.006   0.000 569885900
 6.56    5.32    67.141
 6.56 18.00   1.380   1.718
 6.56 18.00   3.098    71.588
 6.56 18.00   2.776   1.481   3.098   0.551
 6.56 18.00   2.779   1.474   3.098   0.543

 6.57  0.00   0.498   0.491   0.052   0.079   0.008   0.006   0.343   0.004   0.000   0.006   0.000 570754600
 6.57    5.32    67.131
 6.57 18.00   1.379   1.718
 6.57 18.00   3.097    71.576
 6.57 18.00   2.775   1.481   3.097   0.551
 6.57 18.00   2.778   1.474   3.097   0.543

 6.58  0.00   0.498   0.491   0.052   0.079   0.008   0.006   0.343   0.004   0.000   0.006   0.000 571623400
 6.58    5.33    67.120
 6.58 18.00   1.378   1.718
 6.58 18.00   3.096    71.564
 6.58 18.00   2.774   1.480   3.096   0.550
 6.58 18.00   2.777   1.473   3.096   0.543

 6.59  0.00   0.498   0.491   0.052   0.079   0.008   0.006   0.343   0.004   0.000   0.006   0.000 572492100
 6.59    5.33    67.110
 6.59 18.00   1.377   1.718
 6.59 18.00   3.095    71.552
 6.59 18.00   2.773   1.480   3.095   0.550
 6.59 18.00   2.776   1.473   3.095   0.543

 6.60  0.00   0.497   0.491   0.051   0.079   0.008   0.006   0.343   0.004   0.000   0.006   0.000 573360800
 6.60    5.34    67.099
 6.60 18.00   1.375   1.718
 6.60 18.00   3.094    71.540
 6.60 18.00   2.772   1.479   3.094   0.550
 6.60 18.00   2.775   1.472   3.094   0.543

 6.61  0.00   0.497   0.491   0.051   0.079   0.008   0.006   0.343   0.004   0.000   0.006   0.000 574229600
 6.61    5.34    67.089
 6.61 18.00   1.374   1.718
 6.61 18.00   3.093    71.528
 6.61 18.00   2.772   1.479   3.093   0.550
 6.61 18.00   2.774   1.472   3.093   0.542

 6.62  0.00   0.497   0.490   0.051   0.079   0.008   0.006   0.343   0.004   0.000   0.006   0.000 575098200
 6.62    5.35    67.079
 6.62 18.00   1.373   1.718
 6.62 18.00   3.092    71.516
 6.62 18.00   2.771   1.478   3.092   0.550
 6.62 18.00   2.773   1.471   3.092   0.542

 6.63  0.00   0.497   0.490   0.051   0.079   0.008   0.006   0.343   0.004   0.000   0.006   0.000 575967000
 6.63    5.35    67.068
 6.63 18.00   1.372   1.718
 6.63 18.00   3.091    71.504
 6.63 18.00   2.770   1.477   3.091   0.549
 6.63 18.00   2.772   1.471   3.091   0.542

 6.64  0.00   0.497   0.490   0.051   0.079   0.008   0.006   0.343   0.004   0.000   0.006   0.000 576835700
 6.64    5.36    67.058
 6.64 18.00   1.371   1.718
 6.64 18.00   3.090    71.492
 6.64 18.00   2.769   1.477   3.090   0.549
 6.64 18.00   2.771   1.470   3.090   0.542

 6.65  0.00   0.496   0.490   0.051   0.079   0.008   0.006   0.343   0.004   0.000   0.006   0.000 577704400
 6.65    5.36    67.048
 6.65 18.00   1.370   1.718
 6.65 18.00   3.089    71.480
 6.65 18.00   2.768   1.476   3.089   0.549
 6.65 18.00   2.770   1.469   3.089   0.542

 6.66  0.00   0.496   0.490   0.051   0.079   0.008   0.006   0.343   0.004   0.000   0.006   0.000 578573200
 6.66    5.37    67.039
 6.66 18.00   1.369   1.718
 6.66 18.00   3.087    71.468
 6.66 18.00   2.767   1.476   3.087   0.549
 6.66 18.00   2.769   1.469   3.087   0.541

 6.67  0.00   0.496   0.489   0.051   0.079   0.008   0.006   0.343   0.004   0.000   0.006   0.000 579441900
 6.67    5.37    67.029
 6.67 18.00   1.368   1.718
 6.67 18.00   3.086    71.456
 6.67 18.00   2.766   1.475   3.086   0.548
 6.67 18.00   2.768   1.468   3.086   0.541

 6.68  0.00   0.496   0.489   0.051   0.079   0.008   0.006   0.343   0.004   0.000   0.006   0.000 580310700
 6.68    5.38    67.019
 6.68 18.00   1.367   1.718
 6.68 18.00   3.085    71.444
 6.68 18.00   2.765   1.475   3.085   0.548
 6.68 18.00   2.767   1.468   3.085   0.541

 6.69  0.00   0.496   0.489   0.051   0.079   0.008   0.006   0.343   0.004   0.000   0.006   0.000 581179400
 6.69    5.38    67.009
 6.69 18.00   1.366   1.718
 6.69 18.00   3.084    71.433
 6.69 18.00   2.764   1.474   3.084   0.548
 6.69 18.00   2.766   1.467   3.084   0.541

 6.70  0.00   0.496   0.489   0.051   0.079   0.008   0.006   0.343   0.004   0.000   0.006   0.000 582048100
 6.70    5.39    67.000
 6.70 18.00   1.365   1.718
 6.70 18.00   3.083    71.421
 6.70 18.00   2.763   1.474   3.083   0.548
 6.70 18.00   2.765   1.467   3.083   0.541

 6.71  0.00   0.495   0.489   0.050   0.079   0.008   0.006   0.343   0.004   0.000   0.006   0.000 582916900
 6.71    5.39    66.990
 6.71 18.00   1.364   1.718
 6.71 18.00   3.082    71.409
 6.71 18.00   2.762   1.473   3.082   0.548
 6.71 18.00   2.764   1.466   3.082   0.540

 6.72  0.00   0.495   0.489   0.050   0.079   0.008   0.006   0.343   0.004   0.000   0.006   0.000 583785500
 6.72    5.39    66.981
 6.72 18.00   1.363   1.718
 6.72 18.00   3.081    71.397
 6.72 18.00   2.761   1.473   3.081   0.547
 6.72 18.00   2.763   1.466   3.081   0.540

 6.73  0.00   0.495   0.488   0.050   0.079   0.008   0.006   0.343   0.004   0.000   0.006   0.000 584654300
 6.73    5.40    66.972
 6.73 18.00   1.362   1.718
 6.73 18.00   3.080    71.386
 6.73 18.00   2.760   1.472   3.080   0.547
 6.73 18.00   2.763   1.465   3.080   0.540

 6.74  0.00   0.495   0.488   0.050   0.079   0.008   0.006   0.343   0.004   0.000   0.006   0.000 585523000
 6.74    5.40    66.962
 6.74 18.00   1.361   1.718
 6.74 18.00   3.079    71.374
 6.74 18.00   2.759   1.472   3.079   0.547
 6.74 18.00   2.762   1.465   3.079   0.540

 6.75  0.00   0.495   0.488   0.050   0.079   0.007   0.006   0.343   0.004   0.000   0.006   0.000 586391700
 6.75    5.41    66.953
 6.75 18.00   1.360   1.718
 6.75 18.00   3.078    71.362
 6.75 18.00   2.758   1.471   3.078   0.547
 6.75 18.00   2.761   1.464   3.078   0.539

 6.76  0.00   0.494   0.488   0.050   0.079   0.007   0.006   0.343   0.004   0.000   0.006   0.000 587260500
 6.76    5.41    66.944
 6.76 18.00   1.359   1.718
 6.76 18.00   3.077    71.351
 6.76 18.00   2.758   1.471   3.077   0.547
 6.76 18.00   2.760   1.464   3.077   0.539

 6.77  0.00   0.494   0.488   0.050   0.079   0.007   0.006   0.343   0.004   0.000   0.006   0.000 588129200
 6.77    5.42    66.935
 6.77 18.00   1.358   1.718
 6.77 18.00   3.076    71.339
 6.77 18.00   2.757   1.470   3.076   0.546
 6.77 18.00   2.759   1.463   3.076   0.539

 6.78  0.00   0.494   0.487   0.050   0.079   0.007   0.006   0.342   0.004   0.000   0.006   0.000 588998000
 6.78    5.42    66.926
 6.78 18.00   1.357   1.718
 6.78 18.00   3.075    71.327
 6.78 18.00   2.756   1.470   3.075   0.546
 6.78 18.00   2.758   1.463   3.075   0.539

 6.79  0.00   0.494   0.487   0.050   0.079   0.007   0.006   0.342   0.004   0.000   0.006   0.000 589866700
 6.79    5.43    66.918
 6.79 18.00   1.356   1.718
 6.79 18.00   3.074    71.316
 6.79 18.00   2.755   1.469   3.074   0.546
 6.79 18.00   2.757   1.462   3.074   0.539

 6.80  0.00   0.494   0.487   0.050   0.079   0.007   0.006   0.342   0.004   0.000   0.006   0.000 590735400
 6.80    5.43    66.909
 6.80 18.00   1.355   1.718
 6.80 18.00   3.073    71.304
 6.80 18.00   2.754   1.469   3.073   0.546
 6.80 18.00   2.756   1.462   3.073   0.538

 6.81  0.00   0.493   0.487   0.050   0.079   0.007   0.006   0.342   0.004   0.000   0.006   0.000 591604100
 6.81    5.44    66.900
 6.81 18.00   1.354   1.718
 6.81 18.00   3.072    71.293
 6.81 18.00   2.753   1.468   3.072   0.546
 6.81 18.00   2.755   1.461   3.072   0.538

 6.82  0.00   0.493   0.487   0.050   0.079   0.007   0.006   0.342   0.004   0.000   0.006   0.000 592472900
 6.82    5.44    66.892
 6.82 18.00   1.353   1.718
 6.82 18.00   3.071    71.281
 6.82 18.00   2.752   1.468   3.071   0.545
 6.82 18.00   2.754   1.461   3.071   0.538

 6.83  0.00   0.493   0.487   0.049   0.079   0.007   0.006   0.342   0.004   0.000   0.006   0.000 593341600
 6.83    5.45    66.883
 6.83 18.00   1.352   1.718
 6.83 18.00   3.070    71.270
 6.83 18.00   2.751   1.467   3.070   0.545
 6.83 18.00   2.753   1.460   3.070   0.538

 6.84  0.00   0.493   0.486   0.049   0.079   0.007   0.006   0.342   0.004   0.000   0.006   0.000 594210300
 6.84    5.45    66.875
 6.84 18.00   1.351   1.718
 6.84 18.00   3.069    71.258
 6.84 18.00   2.750   1.467   3.069   0.545
 6.84 18.00   2.753   1.460   3.069   0.538

 6.85  0.00   0.493   0.486   0.049   0.079   0.007   0.006   0.342   0.004   0.000   0.006   0.000 595079000
 6.85    5.46    66.867
 6.85 18.00   1.350   1.718
 6.85 18.00   3.068    71.247
 6.85 18.00   2.749   1.466   3.068   0.545
 6.85 18.00   2.752   1.459   3.068   0.537

 6.86  0.00   0.493   0.486   0.049   0.079   0.007   0.006   0.342   0.004   0.000   0.006   0.000 595947800
 6.86    5.46    66.858
 6.86 18.00   1.349   1.718
 6.86 18.00   3.067    71.236
 6.86 18.00   2.749   1.466   3.067   0.545
 6.86 18.00   2.751   1.459   3.067   0.537

 6.87  0.00   0.492   0.486   0.049   0.079   0.007   0.006   0.342   0.004   0.000   0.006   0.000 596816500
 6.87    5.47    66.850
 6.87 18.00   1.348   1.718
 6.87 18.00   3.066    71.224
 6.87 18.00   2.748   1.465   3.066   0.544
 6.87 18.00   2.750   1.458   3.066   0.537

 6.88  0.00   0.492   0.486   0.049   0.079   0.007   0.006   0.342   0.004   0.000   0.006   0.000 597685200
 6.88    5.47    66.842
 6.88 18.00   1.347   1.718
 6.88 18.00   3.065    71.213
 6.88 18.00   2.747   1.465   3.065   0.544
 6.88 18.00   2.749   1.458   3.065   0.537

 6.89  0.00   0.492   0.485   0.049   0.079   0.007   0.006   0.342   0.004   0.000   0.006   0.000 598553900
 6.89    5.48    66.834
 6.89 18.00   1.346   1.718
 6.89 18.00   3.064    71.202
 6.89 18.00   2.746   1.464   3.064   0.544
 6.89 18.00   2.748   1.457   3.064   0.537

 6.90  0.00   0.492   0.485   0.049   0.079   0.007   0.006   0.342   0.004   0.000   0.006   0.000 599422700
 6.90    5.48    66.826
 6.90 18.00   1.345   1.718
 6.90 18.00   3.063    71.190
 6.90 18.00   2.745   1.464   3.063   0.544
 6.90 18.00   2.747   1.457   3.063   0.536

 6.91  0.00   0.492   0.485   0.049   0.079   0.007   0.006   0.342   0.004   0.000   0.006   0.000 600291400
 6.91    5.49    66.818
 6.91 18.00   1.344   1.718
 6.91 18.00   3.062    71.179
 6.91 18.00   2.744   1.463   3.062   0.544
 6.91 18.00   2.746   1.456   3.062   0.536

 6.92  0.00   0.491   0.485   0.049   0.079   0.007   0.006   0.342   0.004   0.000   0.006   0.000 601160100
 6.92    5.49    66.810
 6.92 18.00   1.343   1.718
 6.92 18.00   3.061    71.168
 6.92 18.00   2.743   1.463   3.061   0.543
 6.92 18.00   2.745   1.456   3.061   0.536

 6.93  0.00   0.491   0.485   0.049   0.079   0.007   0.006   0.342   0.004   0.000   0.006   0.000 602028900
 6.93    5.50    66.803
 6.93 18.00   1.342   1.718
 6.93 18.00   3.060    71.157
 6.93 18.00   2.742   1.462   3.060   0.543
 6.93 18.00   2.745   1.455   3.060   0.536

 6.94  0.00   0.491   0.485   0.049   0.079   0.007   0.006   0.342   0.004   0.000   0.006   0.000 602897600
 6.94    5.50    66.795
 6.94 18.00   1.341   1.718
 6.94 18.00   3.059    71.145
 6.94 18.00   2.741   1.462   3.059   0.543
 6.94 18.00   2.744   1.455   3.059   0.536

 6.95  0.00   0.491   0.484   0.049   0.079   0.007   0.006   0.342   0.004   0.000   0.006   0.000 603766300
 6.95    5.51    66.788
 6.95 18.00   1.340   1.718
 6.95 18.00   3.058    71.134
 6.95 18.00   2.741   1.461   3.058   0.543
 6.95 18.00   2.743   1.454   3.058   0.535

 6.96  0.00   0.491   0.484   0.048   0.079   0.007   0.006   0.342   0.004   0.000   0.006   0.000 604635100
 6.96    5.51    66.780
 6.96 18.00   1.339   1.718
 6.96 18.00   3.057    71.123
 6.96 18.00   2.740   1.461   3.057   0.543
 6.96 18.00   2.742   1.454   3.057   0.535

 6.97  0.00   0.491   0.484   0.048   0.079   0.007   0.006   0.342   0.004   0.000   0.006   0.000 605503700
 6.97    5.52    66.773
 6.97 18.00   1.338   1.718
 6.97 18.00   3.056    71.112
 6.97 18.00   2.739   1.460   3.056   0.542
 6.97 18.00   2.741   1.453   3.056   0.535

 6.98  0.00   0.490   0.484   0.048   0.079   0.007   0.006   0.342   0.004   0.000   0.006   0.000 606372500
 6.98    5.52    66.765
 6.98 18.00   1.337   1.718
 6.98 18.00   3.055    71.101
 6.98 18.00   2.738   1.460   3.055   0.542
 6.98 18.00   2.740   1.453   3.055   0.535

 6.99  0.00   0.490   0.484   0.048   0.079   0.007   0.006   0.342   0.004   0.000   0.006   0.000 607241200
 6.99    5.53    66.758
 6.99 18.00   1.336   1.718
 6.99 18.00   3.054    71.090
 6.99 18.00   2.737   1.459   3.054   0.542
 6.99 18.00   2.739   1.452   3.054   0.535

 7.00  0.00   0.490   0.483   0.048   0.079   0.007   0.006   0.342   0.004   0.000   0.006   0.000 608110000
 7.00    5.53    66.751
 7.00 18.00   1.335   1.718
 7.00 18.00   3.053    71.079
 7.00 18.00   2.736   1.459   3.053   0.542
 7.00 18.00   2.738   1.452   3.053   0.534

 7.01  0.00   0.490   0.483   0.048   0.079   0.007   0.006   0.342   0.004   0.000   0.006   0.000 608978700
 7.01    5.54    66.744
 7.01 18.00   1.334   1.718
 7.01 18.00   3.052    71.068
 7.01 18.00   2.735   1.458   3.052   0.542
 7.01 18.00   2.738   1.451   3.052   0.534

 7.02  0.00   0.490   0.483   0.048   0.079   0.007   0.006   0.342   0.004   0.000   0.006   0.000 609847400
 7.02    5.54    66.737
 7.02 18.00   1.333   1.718
 7.02 18.00   3.051    71.057
 7.02 18.00   2.735   1.458   3.051   0.541
 7.02 18.00   2.737   1.451   3.051   0.534

 7.03  0.00   0.490   0.483   0.048   0.079   0.007   0.006   0.342   0.004   0.000   0.006   0.000 610716200
 7.03    5.55    66.730
 7.03 18.00   1.332   1.718
 7.03 18.00   3.050    71.046
 7.03 18.00   2.734   1.457   3.050   0.541
 7.03 18.00   2.736   1.450   3.050   0.534

 7.04  0.00   0.489   0.483   0.048   0.079   0.007   0.006   0.342   0.004   0.000   0.006   0.000 611584900
 7.04    5.55    66.723
 7.04 18.00   1.331   1.718
 7.04 18.00   3.049    71.035
 7.04 18.00   2.733   1.457   3.049   0.541
 7.04 18.00   2.735   1.450   3.049   0.534

 7.05  0.00   0.489   0.483   0.048   0.079   0.007   0.006   0.342   0.004   0.000   0.006   0.000 612453600
 7.05    5.56    66.716
 7.05 18.00   1.330   1.718
 7.05 18.00   3.048    71.024
 7.05 18.00   2.732   1.456   3.048   0.541
 7.05 18.00   2.734   1.449   3.048   0.534

 7.06  0.00   0.489   0.482   0.048   0.079   0.007   0.006   0.342   0.004   0.000   0.006   0.000 613322300
 7.06    5.56    66.709
 7.06 18.00   1.329   1.718
 7.06 18.00   3.047    71.013
 7.06 18.00   2.731   1.456   3.047   0.541
 7.06 18.00   2.733   1.449   3.047   0.533

 7.07  0.00   0.489   0.482   0.048   0.079   0.007   0.006   0.342   0.004   0.000   0.005   0.000 614191100
 7.07    5.57    66.702
 7.07 18.00   1.328   1.718
 7.07 18.00   3.046    71.002
 7.07 18.00   2.730   1.455   3.046   0.541
 7.07 18.00   2.732   1.449   3.046   0.533

 7.08  0.00   0.489   0.482   0.047   0.079   0.007   0.006   0.341   0.004   0.000   0.005   0.000 615059800
 7.08    5.57    66.696
 7.08 18.00   1.327   1.718
 7.08 18.00   3.045    70.991
 7.08 18.00   2.729   1.455   3.045   0.540
 7.08 18.00   2.732   1.448   3.045   0.533

 7.09  0.00   0.489   0.482   0.047   0.079   0.007   0.005   0.341   0.004   0.000   0.005   0.000 615928500
 7.09    5.58    66.689
 7.09 18.00   1.326   1.718
 7.09 18.00   3.044    70.980
 7.09 18.00   2.729   1.455   3.044   0.540
 7.09 18.00   2.731   1.448   3.044   0.533

 7.10  0.00   0.488   0.482   0.047   0.079   0.007   0.005   0.341   0.004   0.000   0.005   0.000 616797200
 7.10    5.58    66.683
 7.10 18.00   1.325   1.718
 7.10 18.00   3.044    70.969
 7.10 18.00   2.728   1.454   3.044   0.540
 7.10 18.00   2.730   1.447   3.044   0.533

 7.11  0.00   0.488   0.482   0.047   0.079   0.007   0.005   0.341   0.004   0.000   0.005   0.000 617666000
 7.11    5.59    66.676
 7.11 18.00   1.324   1.718
 7.11 18.00   3.043    70.959
 7.11 18.00   2.727   1.454   3.043   0.540
 7.11 18.00   2.729   1.447   3.043   0.533

 7.12  0.00   0.488   0.482   0.047   0.079   0.007   0.005   0.341   0.004   0.000   0.005   0.000 618534700
 7.12    5.59    66.670
 7.12 18.00   1.323   1.718
 7.12 18.00   3.042    70.948
 7.12 18.00   2.726   1.453   3.042   0.540
 7.12 18.00   2.728   1.446   3.042   0.532

 7.13  0.00   0.488   0.481   0.047   0.079   0.007   0.005   0.341   0.004   0.000   0.005   0.000 619403500
 7.13    5.60    66.664
 7.13 18.00   1.322   1.718
 7.13 18.00   3.041    70.937
 7.13 18.00   2.725   1.453   3.041   0.540
 7.13 18.00   2.727   1.446   3.041   0.532

 7.14  0.00   0.488   0.481   0.047   0.079   0.006   0.005   0.341   0.004   0.000   0.005   0.000 620272100
 7.14    5.60    66.658
 7.14 18.00   1.321   1.718
 7.14 18.00   3.040    70.926
 7.14 18.00   2.724   1.452   3.040   0.539
 7.14 18.00   2.727   1.445   3.040   0.532

 7.15  0.00   0.488   0.481   0.047   0.079   0.006   0.005   0.341   0.004   0.000   0.005   0.000 621140900
 7.15    5.61    66.651
 7.15 18.00   1.320   1.718
 7.15 18.00   3.039    70.916
 7.15 18.00   2.723   1.452   3.039   0.539
 7.15 18.00   2.726   1.445   3.039   0.532

 7.16  0.00   0.488   0.481   0.047   0.079   0.006   0.005   0.341   0.003   0.000   0.005   0.000 622009600
 7.16    5.61    66.645
 7.16 18.00   1.320   1.718
 7.16 18.00   3.038    70.905
 7.16 18.00   2.723   1.451   3.038   0.539
 7.16 18.00   2.725   1.444   3.038   0.532

 7.17  0.00   0.487   0.481   0.047   0.079   0.006   0.005   0.341   0.003   0.000   0.005   0.000 622878300
 7.17    5.62    66.637
 7.17 18.00   1.319   1.718
 7.17 18.00   3.037    70.894
 7.17 18.00   2.722   1.451   3.037   0.539
 7.17 18.00   2.724   1.444   3.037   0.532

 7.18  0.00   0.487   0.481   0.047   0.079   0.006   0.005   0.341   0.003   0.000   0.005   0.000 623747100
 7.18    5.61    66.618
 7.18 18.00   1.318   1.718
 7.18 18.00   3.036    70.884
 7.18 18.00   2.721   1.450   3.036   0.539
 7.18 18.00   2.723   1.444   3.036   0.531

 7.19  0.00   0.487   0.480   0.047   0.079   0.006   0.005   0.341   0.003   0.000   0.005   0.000 624615800
 7.19    5.61    66.599
 7.19 18.00   1.317   1.718
 7.19 18.00   3.035    70.873
 7.19 18.00   2.720   1.450   3.035   0.538
 7.19 18.00   2.722   1.443   3.035   0.531

 7.20  0.00   0.487   0.480   0.047   0.079   0.006   0.005   0.341   0.003   0.000   0.005   0.000 625484500
 7.20    5.61    66.580
 7.20 18.00   1.316   1.718
 7.20 18.00   3.034    70.862
 7.20 18.00   2.719   1.450   3.034   0.538
 7.20 18.00   2.722   1.443   3.034   0.531

 7.21  0.00   0.487   0.480   0.047   0.079   0.006   0.005   0.341   0.003   0.000   0.005   0.000 626353300
 7.21    5.61    66.561
 7.21 18.00   1.315   1.718
 7.21 18.00   3.033    70.852
 7.21 18.00   2.718   1.449   3.033   0.538
 7.21 18.00   2.721   1.442   3.033   0.531

 7.22  0.00   0.487   0.480   0.046   0.079   0.006   0.005   0.341   0.003   0.000   0.005   0.000 627222000
 7.22    5.61    66.542
 7.22 18.00   1.314   1.718
 7.22 18.00   3.032    70.841
 7.22 18.00   2.718   1.449   3.032   0.538
 7.22 18.00   2.720   1.442   3.032   0.531

 7.23  0.00   0.486   0.480   0.046   0.079   0.006   0.005   0.341   0.003   0.000   0.005   0.000 628090800
 7.23    5.60    66.524
 7.23 18.00   1.313   1.718
 7.23 18.00   3.031    70.831
 7.23 18.00   2.717   1.448   3.031   0.538
 7.23 18.00   2.719   1.441   3.031   0.530

 7.24  0.00   0.486   0.480   0.046   0.079   0.006   0.005   0.341   0.003   0.000   0.005   0.000 628959400
 7.24    5.60    66.505
 7.24 18.00   1.312   1.718
 7.24 18.00   3.030    70.820
 7.24 18.00   2.716   1.448   3.030   0.538
 7.24 18.00   2.718   1.441   3.030   0.530

 7.25  0.00   0.486   0.480   0.046   0.079   0.006   0.005   0.341   0.003   0.000   0.005   0.000 629828200
 7.25    5.60    66.486
 7.25 18.00   1.311   1.718
 7.25 18.00   3.030    70.810
 7.25 18.00   2.715   1.447   3.030   0.537
 7.25 18.00   2.717   1.440   3.030   0.530

 7.26  0.00   0.486   0.479   0.046   0.079   0.006   0.005   0.341   0.003   0.000   0.005   0.000 630696900
 7.26    5.60    66.468
 7.26 18.00   1.310   1.718
 7.26 18.00   3.029    70.799
 7.26 18.00   2.714   1.447   3.029   0.537
 7.26 18.00   2.717   1.440   3.029   0.530

 7.27  0.00   0.486   0.479   0.046   0.078   0.006   0.005   0.341   0.003   0.000   0.005   0.000 631565600
 7.27    5.60    66.449
 7.27 18.00   1.309   1.718
 7.27 18.00   3.028    70.789
 7.27 18.00   2.714   1.446   3.028   0.537
 7.27 18.00   2.716   1.440   3.028   0.530

 7.28  0.00   0.486   0.479   0.046   0.078   0.006   0.005   0.341   0.003   0.000   0.005   0.000 632434400
 7.28    5.59    66.431
 7.28 18.00   1.308   1.718
 7.28 18.00   3.027    70.778
 7.28 18.00   2.713   1.446   3.027   0.537
 7.28 18.00   2.715   1.439   3.027   0.530

 7.29  0.00   0.486   0.479   0.046   0.078   0.006   0.005   0.341   0.003   0.000   0.005   0.000 633303100
 7.29    5.59    66.412
 7.29 18.00   1.308   1.718
 7.29 18.00   3.026    70.768
 7.29 18.00   2.712   1.446   3.026   0.537
 7.29 18.00   2.714   1.439   3.026   0.529

 7.30  0.00   0.485   0.479   0.046   0.078   0.006   0.005   0.341   0.003   0.000   0.005   0.000 634171800
 7.30    5.59    66.394
 7.30 18.00   1.307   1.718
 7.30 18.00   3.025    70.758
 7.30 18.00   2.711   1.445   3.025   0.537
 7.30 18.00   2.713   1.438   3.025   0.529

 7.31  0.00   0.485   0.479   0.046   0.078   0.006   0.005   0.341   0.003   0.000   0.005   0.000 635040500
 7.31    5.59    66.375
 7.31 18.00   1.306   1.718
 7.31 18.00   3.024    70.747
 7.31 18.00   2.710   1.445   3.024   0.536
 7.31 18.00   2.713   1.438   3.024   0.529

 7.32  0.00   0.485   0.478   0.046   0.078   0.006   0.005   0.341   0.003   0.000   0.005   0.000 635909300
 7.32    5.59    66.357
 7.32 18.00   1.305   1.718
 7.32 18.00   3.023    70.737
 7.32 18.00   2.710   1.444   3.023   0.536
 7.32 18.00   2.712   1.437   3.023   0.529

 7.33  0.00   0.485   0.478   0.046   0.078   0.006   0.005   0.341   0.003   0.000   0.005   0.000 636778000
 7.33    5.58    66.339
 7.33 18.00   1.304   1.718
 7.33 18.00   3.022    70.727
 7.33 18.00   2.709   1.444   3.022   0.536
 7.33 18.00   2.711   1.437   3.022   0.529

 7.34  0.00   0.485   0.478   0.046   0.078   0.006   0.005   0.341   0.003   0.000   0.005   0.000 637646700
 7.34    5.58    66.320
 7.34 18.00   1.303   1.718
 7.34 18.00   3.021    70.716
 7.34 18.00   2.708   1.443   3.021   0.536
 7.34 18.00   2.710   1.436   3.021   0.529

 7.35  0.00   0.485   0.478   0.046   0.078   0.006   0.005   0.341   0.003   0.000   0.005   0.000 638515500
 7.35    5.58    66.302
 7.35 18.00   1.302   1.718
 7.35 18.00   3.021    70.706
 7.35 18.00   2.707   1.443   3.021   0.536
 7.35 18.00   2.709   1.436   3.021   0.529

 7.36  0.00   0.485   0.478   0.045   0.078   0.006   0.005   0.341   0.003   0.000   0.005   0.000 639384200
 7.36    5.58    66.284
 7.36 18.00   1.301   1.718
 7.36 18.00   3.020    70.696
 7.36 18.00   2.706   1.443   3.020   0.536
 7.36 18.00   2.709   1.436   3.020   0.528

 7.37  0.00   0.484   0.478   0.045   0.078   0.006   0.005   0.341   0.003   0.000   0.005   0.000 640252900
 7.37    5.58    66.266
 7.37 18.00   1.300   1.718
 7.37 18.00   3.019    70.685
 7.37 18.00   2.706   1.442   3.019   0.535
 7.37 18.00   2.708   1.435   3.019   0.528

 7.38  0.00   0.484   0.478   0.045   0.078   0.006   0.005   0.341   0.003   0.000   0.005   0.000 641121700
 7.38    5.57    66.248
 7.38 18.00   1.299   1.718
 7.38 18.00   3.018    70.675
 7.38 18.00   2.705   1.442   3.018   0.535
 7.38 18.00   2.707   1.435   3.018   0.528

 7.39  0.00   0.484   0.477   0.045   0.078   0.006   0.005   0.341   0.003   0.000   0.005   0.000 641990300
 7.39    5.57    66.230
 7.39 18.00   1.299   1.718
 7.39 18.00   3.017    70.665
 7.39 18.00   2.704   1.441   3.017   0.535
 7.39 18.00   2.706   1.434   3.017   0.528

 7.40  0.00   0.484   0.477   0.045   0.078   0.006   0.005   0.340   0.003   0.000   0.005   0.000 642859100
 7.40    5.57    66.212
 7.40 18.00   1.298   1.718
 7.40 18.00   3.016    70.655
 7.40 18.00   2.703   1.441   3.016   0.535
 7.40 18.00   2.705   1.434   3.016   0.528

 7.41  0.00   0.484   0.477   0.045   0.078   0.006   0.005   0.340   0.003   0.000   0.005   0.000 643727800
 7.41    5.57    66.194
 7.41 18.00   1.297   1.718
 7.41 18.00   3.015    70.645
 7.41 18.00   2.702   1.440   3.015   0.535
 7.41 18.00   2.705   1.433   3.015   0.528

 7.42  0.00   0.484   0.477   0.045   0.078   0.006   0.005   0.340   0.003   0.000   0.005   0.000 644596500
 7.42    5.57    66.176
 7.42 18.00   1.296   1.718
 7.42 18.00   3.014    70.635
 7.42 18.00   2.702   1.440   3.014   0.535
 7.42 18.00   2.704   1.433   3.014   0.527

 7.43  0.00   0.483   0.477   0.045   0.078   0.006   0.005   0.340   0.003   0.000   0.005   0.000 645465300
 7.43    5.56    66.158
 7.43 18.00   1.295   1.718
 7.43 18.00   3.013    70.624
 7.43 18.00   2.701   1.440   3.013   0.535
 7.43 18.00   2.703   1.433   3.013   0.527

 7.44  0.00   0.483   0.477   0.045   0.078   0.006   0.005   0.340   0.003   0.000   0.005   0.000 646334000
 7.44    5.56    66.140
 7.44 18.00   1.294   1.718
 7.44 18.00   3.013    70.614
 7.44 18.00   2.700   1.439   3.013   0.534
 7.44 18.00   2.702   1.432   3.013   0.527

 7.45  0.00   0.483   0.477   0.045   0.078   0.006   0.005   0.340   0.003   0.000   0.005   0.000 647202800
 7.45    5.56    66.122
 7.45 18.00   1.293   1.718
 7.45 18.00   3.012    70.604
 7.45 18.00   2.699   1.439   3.012   0.534
 7.45 18.00   2.701   1.432   3.012   0.527

 7.46  0.00   0.483   0.476   0.045   0.078   0.006   0.005   0.340   0.003   0.000   0.005   0.000 648071500
 7.46    5.56    66.104
 7.46 18.00   1.292   1.718
 7.46 18.00   3.011    70.594
 7.46 18.00   2.698   1.438   3.011   0.534
 7.46 18.00   2.701   1.431   3.011   0.527

 7.47  0.00   0.483   0.476   0.045   0.078   0.006   0.005   0.340   0.003   0.000   0.005   0.000 648940200
 7.47    5.56    66.087
 7.47 18.00   1.292   1.718
 7.47 18.00   3.010    70.584
 7.47 18.00   2.698   1.438   3.010   0.534
 7.47 18.00   2.700   1.431   3.010   0.527

 7.48  0.00   0.483   0.476   0.045   0.078   0.006   0.005   0.340   0.003   0.000   0.005   0.000 649809000
 7.48    5.56    66.069
 7.48 18.00   1.291   1.718
 7.48 18.00   3.009    70.574
 7.48 18.00   2.697   1.437   3.009   0.534
 7.48 18.00   2.699   1.431   3.009   0.526

 7.49  0.00   0.483   0.476   0.045   0.078   0.006   0.005   0.340   0.003   0.000   0.005   0.000 650677600
 7.49    5.55    66.052
 7.49 18.00   1.290   1.718
 7.49 18.00   3.008    70.564
 7.49 18.00   2.696   1.437   3.008   0.534
 7.49 18.00   2.698   1.430   3.008   0.526

 7.50  0.00   0.482   0.476   0.044   0.078   0.006   0.005   0.340   0.003   0.000   0.005   0.000 651546400
 7.50    5.55    66.034
 7.50 18.00   1.289   1.718
 7.50 18.00   3.007    70.554
 7.50 18.00   2.695   1.437   3.007   0.533
 7.50 18.00   2.698   1.430   3.007   0.526

 7.51  0.00   0.482   0.476   0.044   0.078   0.006   0.005   0.340   0.003   0.000   0.005   0.000 652415200
 7.51    5.55    66.016
 7.51 18.00   1.288   1.718
 7.51 18.00   3.006    70.544
 7.51 18.00   2.695   1.436   3.006   0.533
 7.51 18.00   2.697   1.429   3.006   0.526

 7.52  0.00   0.482   0.476   0.044   0.078   0.006   0.005   0.340   0.003   0.000   0.005   0.000 653283800
 7.52    5.55    65.999
 7.52 18.00   1.287   1.718
 7.52 18.00   3.006    70.534
 7.52 18.00   2.694   1.436   3.006   0.533
 7.52 18.00   2.696   1.429   3.006   0.526

 7.53  0.00   0.482   0.475   0.044   0.078   0.006   0.005   0.340   0.003   0.000   0.005   0.000 654152600
 7.53    5.55    65.981
 7.53 18.00   1.286   1.718
 7.53 18.00   3.005    70.524
 7.53 18.00   2.693   1.435   3.005   0.533
 7.53 18.00   2.695   1.428   3.005   0.526

 7.54  0.00   0.482   0.475   0.044   0.078   0.006   0.005   0.340   0.003   0.000   0.005   0.000 655021300
 7.54    5.55    65.964
 7.54 18.00   1.286   1.718
 7.54 18.00   3.004    70.515
 7.54 18.00   2.692   1.435   3.004   0.533
 7.54 18.00   2.694   1.428   3.004   0.525

 7.55  0.00   0.482   0.475   0.044   0.078   0.006   0.005   0.340   0.003   0.000   0.005   0.000 655890000
 7.55    5.54    65.947
 7.55 18.00   1.285   1.718
 7.55 18.00   3.003    70.505
 7.55 18.00   2.691   1.435   3.003   0.533
 7.55 18.00   2.694   1.428   3.003   0.525

 7.56  0.00   0.482   0.475   0.044   0.078   0.006   0.005   0.340   0.003   0.000   0.005   0.000 656758800
 7.56    5.54    65.929
 7.56 18.00   1.284   1.718
 7.56 18.00   3.002    70.495
 7.56 18.00   2.691   1.434   3.002   0.532
 7.56 18.00   2.693   1.427   3.002   0.525

 7.57  0.00   0.481   0.475   0.044   0.078   0.006   0.005   0.340   0.003   0.000   0.005   0.000 657627500
 7.57    5.54    65.912
 7.57 18.00   1.283   1.718
 7.57 18.00   3.001    70.485
 7.57 18.00   2.690   1.434   3.001   0.532
 7.57 18.00   2.692   1.427   3.001   0.525

 7.58  0.00   0.481   0.475   0.044   0.078   0.006   0.005   0.340   0.003   0.000   0.005   0.000 658496200
 7.58    5.54    65.895
 7.58 18.00   1.282   1.718
 7.58 18.00   3.000    70.475
 7.58 18.00   2.689   1.433   3.000   0.532
 7.58 18.00   2.691   1.426   3.000   0.525

 7.59  0.00   0.481   0.475   0.044   0.078   0.006   0.005   0.340   0.003   0.000   0.005   0.000 659364900
 7.59    5.54    65.878
 7.59 18.00   1.281   1.718
 7.59 18.00   3.000    70.465
 7.59 18.00   2.688   1.433   3.000   0.532
 7.59 18.00   2.691   1.426   3.000   0.525

 7.60  0.00   0.481   0.474   0.044   0.078   0.006   0.005   0.340   0.003   0.000   0.005   0.000 660233700
 7.60    5.53    65.860
 7.60 18.00   1.280   1.718
 7.60 18.00   2.999    70.456
 7.60 18.00   2.688   1.433   2.999   0.532
 7.60 18.00   2.690   1.426   2.999   0.525

 7.61  0.00   0.481   0.474   0.044   0.078   0.006   0.005   0.340   0.003   0.000   0.005   0.000 661102400
 7.61    5.53    65.843
 7.61 18.00   1.280   1.718
 7.61 18.00   2.998    70.446
 7.61 18.00   2.687   1.432   2.998   0.532
 7.61 18.00   2.689   1.425   2.998   0.524

 7.62  0.00   0.481   0.474   0.044   0.078   0.006   0.005   0.340   0.003   0.000   0.005   0.000 661971100
 7.62    5.53    65.826
 7.62 18.00   1.279   1.718
 7.62 18.00   2.997    70.436
 7.62 18.00   2.686   1.432   2.997   0.532
 7.62 18.00   2.688   1.425   2.997   0.524

 7.63  0.00   0.481   0.474   0.044   0.078   0.006   0.005   0.340   0.003   0.000   0.005   0.000 662839900
 7.63    5.53    65.809
 7.63 18.00   1.278   1.718
 7.63 18.00   2.996    70.426
 7.63 18.00   2.685   1.431   2.996   0.531
 7.63 18.00   2.688   1.424   2.996   0.524

 7.64  0.00   0.481   0.474   0.044   0.078   0.006   0.005   0.340   0.003   0.000   0.005   0.000 663708600
 7.64    5.53    65.792
 7.64 18.00   1.277   1.718
 7.64 18.00   2.995    70.417
 7.64 18.00   2.685   1.431   2.995   0.531
 7.64 18.00   2.687   1.424   2.995   0.524

 7.65  0.00   0.480   0.474   0.043   0.078   0.006   0.005   0.340   0.003   0.000   0.005   0.000 664577300
 7.65    5.53    65.775
 7.65 18.00   1.276   1.718
 7.65 18.00   2.995    70.407
 7.65 18.00   2.684   1.430   2.995   0.531
 7.65 18.00   2.686   1.424   2.995   0.524

 7.66  0.00   0.480   0.474   0.043   0.078   0.006   0.005   0.340   0.003   0.000   0.005   0.000 665446000
 7.66    5.52    65.758
 7.66 18.00   1.275   1.718
 7.66 18.00   2.994    70.397
 7.66 18.00   2.683   1.430   2.994   0.531
 7.66 18.00   2.685   1.423   2.994   0.524

 7.67  0.00   0.480   0.474   0.043   0.078   0.006   0.005   0.340   0.003   0.000   0.005   0.000 666314800
 7.67    5.52    65.742
 7.67 18.00   1.275   1.718
 7.67 18.00   2.993    70.388
 7.67 18.00   2.682   1.430   2.993   0.531
 7.67 18.00   2.685   1.423   2.993   0.523

 7.68  0.00   0.480   0.473   0.043   0.078   0.006   0.005   0.340   0.003   0.000   0.005   0.000 667183500
 7.68    5.52    65.725
 7.68 18.00   1.274   1.718
 7.68 18.00   2.992    70.378
 7.68 18.00   2.682   1.429   2.992   0.531
 7.68 18.00   2.684   1.422   2.992   0.523

 7.69  0.00   0.480   0.473   0.043   0.078   0.006   0.005   0.340   0.003   0.000   0.005   0.000 668052200
 7.69    5.52    65.708
 7.69 18.00   1.273   1.718
 7.69 18.00   2.991    70.368
 7.69 18.00   2.681   1.429   2.991   0.531
 7.69 18.00   2.683   1.422   2.991   0.523

 7.70  0.00   0.480   0.473   0.043   0.078   0.006   0.005   0.340   0.003   0.000   0.005   0.000 668921000
 7.70    5.52    65.691
 7.70 18.00   1.272   1.718
 7.70 18.00   2.990    70.359
 7.70 18.00   2.680   1.429   2.990   0.530
 7.70 18.00   2.682   1.422   2.990   0.523

 7.71  0.00   0.480   0.473   0.043   0.078   0.006   0.005   0.340   0.003   0.000   0.005   0.000 669789700
 7.71    5.52    65.675
 7.71 18.00   1.271   1.718
 7.71 18.00   2.990    70.349
 7.71 18.00   2.679   1.428   2.990   0.530
 7.71 18.00   2.682   1.421   2.990   0.523

 7.72  0.00   0.479   0.473   0.043   0.078   0.006   0.005   0.340   0.003   0.000   0.005   0.000 670658400
 7.72    5.51    65.658
 7.72 18.00   1.270   1.718
 7.72 18.00   2.989    70.340
 7.72 18.00   2.679   1.428   2.989   0.530
 7.72 18.00   2.681   1.421   2.989   0.523

 7.73  0.00   0.479   0.473   0.043   0.078   0.006   0.005   0.340   0.003   0.000   0.005   0.000 671527200
 7.73    5.51    65.641
 7.73 18.00   1.270   1.718
 7.73 18.00   2.988    70.330
 7.73 18.00   2.678   1.427   2.988   0.530
 7.73 18.00   2.680   1.420   2.988   0.523

 7.74  0.00   0.479   0.473   0.043   0.078   0.006   0.005   0.340   0.003   0.000   0.005   0.000 672395800
 7.74    5.51    65.625
 7.74 18.00   1.269   1.718
 7.74 18.00   2.987    70.321
 7.74 18.00   2.677   1.427   2.987   0.530
 7.74 18.00   2.680   1.420   2.987   0.522

 7.75  0.00   0.479   0.472   0.043   0.078   0.006   0.005   0.339   0.003   0.000   0.005   0.000 673264600
 7.75    5.51    65.608
 7.75 18.00   1.268   1.718
 7.75 18.00   2.986    70.311
 7.75 18.00   2.677   1.427   2.986   0.530
 7.75 18.00   2.679   1.420   2.986   0.522

 7.76  0.00   0.479   0.472   0.043   0.078   0.006   0.005   0.339   0.003   0.000   0.005   0.000 674133400
 7.76    5.51    65.592
 7.76 18.00   1.267   1.718
 7.76 18.00   2.986    70.302
 7.76 18.00   2.676   1.426   2.986   0.529
 7.76 18.00   2.678   1.419   2.986   0.522

 7.77  0.00   0.479   0.472   0.043   0.078   0.006   0.005   0.339   0.003   0.000   0.005   0.000 675002000
 7.77    5.51    65.575
 7.77 18.00   1.266   1.718
 7.77 18.00   2.985    70.292
 7.77 18.00   2.675   1.426   2.985   0.529
 7.77 18.00   2.677   1.419   2.985   0.522

 7.78  0.00   0.479   0.472   0.043   0.078   0.006   0.005   0.339   0.003   0.000   0.005   0.000 675870800
 7.78    5.51    65.559
 7.78 18.00   1.266   1.718
 7.78 18.00   2.984    70.283
 7.78 18.00   2.674   1.425   2.984   0.529
 7.78 18.00   2.677   1.418   2.984   0.522

 7.79  0.00   0.479   0.472   0.043   0.078   0.006   0.005   0.339   0.003   0.000   0.005   0.000 676739500
 7.79    5.50    65.543
 7.79 18.00   1.265   1.718
 7.79 18.00   2.983    70.273
 7.79 18.00   2.674   1.425   2.983   0.529
 7.79 18.00   2.676   1.418   2.983   0.522

 7.80  0.00   0.478   0.472   0.042   0.078   0.006   0.005   0.339   0.003   0.000   0.005   0.000 677608300
 7.80    5.50    65.526
 7.80 18.00   1.264   1.718
 7.80 18.00   2.982    70.264
 7.80 18.00   2.673   1.425   2.982   0.529
 7.80 18.00   2.675   1.418   2.982   0.522

 7.81  0.00   0.478   0.472   0.042   0.078   0.006   0.005   0.339   0.003   0.000   0.005   0.000 678477000
 7.81    5.50    65.510
 7.81 18.00   1.263   1.718
 7.81 18.00   2.981    70.255
 7.81 18.00   2.672   1.424   2.981   0.529
 7.81 18.00   2.674   1.417   2.981   0.521

 7.82  0.00   0.478   0.472   0.042   0.078   0.005   0.005   0.339   0.003   0.000   0.005   0.000 679345700
 7.82    5.50    65.494
 7.82 18.00   1.262   1.718
 7.82 18.00   2.981    70.245
 7.82 18.00   2.671   1.424   2.981   0.529
 7.82 18.00   2.674   1.417   2.981   0.521

 7.83  0.00   0.478   0.471   0.042   0.078   0.005   0.005   0.339   0.003   0.000   0.005   0.000 680214400
 7.83    5.50    65.477
 7.83 18.00   1.262   1.718
 7.83 18.00   2.980    70.236
 7.83 18.00   2.671   1.423   2.980   0.528
 7.83 18.00   2.673   1.416   2.980   0.521

 7.84  0.00   0.478   0.471   0.042   0.078   0.005   0.005   0.339   0.003   0.000   0.005   0.000 681083200
 7.84    5.50    65.461
 7.84 18.00   1.261   1.718
 7.84 18.00   2.979    70.227
 7.84 18.00   2.670   1.423   2.979   0.528
 7.84 18.00   2.672   1.416   2.979   0.521

 7.85  0.00   0.478   0.471   0.042   0.078   0.005   0.005   0.339   0.003   0.000   0.005   0.000 681951900
 7.85    5.49    65.445
 7.85 18.00   1.260   1.718
 7.85 18.00   2.978    70.217
 7.85 18.00   2.669   1.423   2.978   0.528
 7.85 18.00   2.672   1.416   2.978   0.521

 7.86  0.00   0.478   0.471   0.042   0.078   0.005   0.005   0.339   0.003   0.000   0.005   0.000 682820600
 7.86    5.49    65.429
 7.86 18.00   1.259   1.718
 7.86 18.00   2.977    70.208
 7.86 18.00   2.669   1.422   2.977   0.528
 7.86 18.00   2.671   1.415   2.977   0.521

 7.87  0.00   0.477   0.471   0.042   0.078   0.005   0.005   0.339   0.003   0.000   0.005   0.000 683689300
 7.87    5.49    65.413
 7.87 18.00   1.258   1.718
 7.87 18.00   2.977    70.199
 7.87 18.00   2.668   1.422   2.977   0.528
 7.87 18.00   2.670   1.415   2.977   0.521

 7.88  0.00   0.477   0.471   0.042   0.078   0.005   0.005   0.339   0.003   0.000   0.005   0.000 684558100
 7.88    5.49    65.397
 7.88 18.00   1.258   1.718
 7.88 18.00   2.976    70.189
 7.88 18.00   2.667   1.422   2.976   0.528
 7.88 18.00   2.669   1.415   2.976   0.520

 7.89  0.00   0.477   0.471   0.042   0.078   0.005   0.005   0.339   0.003   0.000   0.005   0.000 685426800
 7.89    5.49    65.381
 7.89 18.00   1.257   1.718
 7.89 18.00   2.975    70.180
 7.89 18.00   2.666   1.421   2.975   0.528
 7.89 18.00   2.669   1.414   2.975   0.520

 7.90  0.00   0.477   0.470   0.042   0.078   0.005   0.005   0.339   0.003   0.000   0.005   0.000 686295600
 7.90    5.49    65.365
 7.90 18.00   1.256   1.718
 7.90 18.00   2.974    70.171
 7.90 18.00   2.666   1.421   2.974   0.527
 7.90 18.00   2.668   1.414   2.974   0.520

 7.91  0.00   0.477   0.470   0.042   0.078   0.005   0.005   0.339   0.003   0.000   0.005   0.000 687164200
 7.91    5.49    65.349
 7.91 18.00   1.255   1.718
 7.91 18.00   2.974    70.162
 7.91 18.00   2.665   1.420   2.974   0.527
 7.91 18.00   2.667   1.413   2.974   0.520

 7.92  0.00   0.477   0.470   0.042   0.078   0.005   0.005   0.339   0.003   0.000   0.005   0.000 688033000
 7.92    5.48    65.333
 7.92 18.00   1.254   1.718
 7.92 18.00   2.973    70.153
 7.92 18.00   2.664   1.420   2.973   0.527
 7.92 18.00   2.667   1.413   2.973   0.520

 7.93  0.00   0.477   0.470   0.042   0.078   0.005   0.005   0.339   0.003   0.000   0.005   0.000 688901700
 7.93    5.48    65.318
 7.93 18.00   1.254   1.718
 7.93 18.00   2.972    70.143
 7.93 18.00   2.664   1.420   2.972   0.527
 7.93 18.00   2.666   1.413   2.972   0.520

 7.94  0.00   0.477   0.470   0.042   0.078   0.005   0.005   0.339   0.003   0.000   0.005   0.000 689770400
 7.94    5.48    65.302
 7.94 18.00   1.253   1.718
 7.94 18.00   2.971    70.134
 7.94 18.00   2.663   1.419   2.971   0.527
 7.94 18.00   2.665   1.412   2.971   0.520

 7.95  0.00   0.476   0.470   0.042   0.078   0.005   0.005   0.339   0.003   0.000   0.005   0.000 690639200
 7.95    5.48    65.286
 7.95 18.00   1.252   1.718
 7.95 18.00   2.970    70.125
 7.95 18.00   2.662   1.419   2.970   0.527
 7.95 18.00   2.664   1.412   2.970   0.519

 7.96  0.00   0.476   0.470   0.041   0.078   0.005   0.005   0.339   0.003   0.000   0.005   0.000 691507900
 7.96    5.48    65.271
 7.96 18.00   1.251   1.718
 7.96 18.00   2.970    70.116
 7.96 18.00   2.662   1.418   2.970   0.527
 7.96 18.00   2.664   1.412   2.970   0.519

 7.97  0.00   0.476   0.470   0.041   0.078   0.005   0.005   0.339   0.003   0.000   0.005   0.000 692376600
 7.97    5.48    65.255
 7.97 18.00   1.250   1.718
 7.97 18.00   2.969    70.107
 7.97 18.00   2.661   1.418   2.969   0.526
 7.97 18.00   2.663   1.411   2.969   0.519

 7.98  0.00   0.476   0.469   0.041   0.078   0.005   0.005   0.339   0.003   0.000   0.005   0.000 693245400
 7.98    5.48    65.239
 7.98 18.00   1.250   1.718
 7.98 18.00   2.968    70.098
 7.98 18.00   2.660   1.418   2.968   0.526
 7.98 18.00   2.662   1.411   2.968   0.519

 7.99  0.00   0.476   0.469   0.041   0.078   0.005   0.005   0.339   0.003   0.000   0.005   0.000 694114000
 7.99    5.47    65.224
 7.99 18.00   1.249   1.718
 7.99 18.00   2.967    70.089
 7.99 18.00   2.659   1.417   2.967   0.526
 7.99 18.00   2.662   1.410   2.967   0.519

 8.00  0.00   0.476   0.469   0.041   0.078   0.005   0.005   0.339   0.003   0.000   0.005   0.000 694982800
 8.00    5.47    65.208
 8.00 18.00   1.248   1.718
 8.00 18.00   2.966    70.080
 8.00 18.00   2.659   1.417   2.966   0.526
 8.00 18.00   2.661   1.410   2.966   0.519

 8.01  0.00   0.476   0.469   0.041   0.078   0.005   0.005   0.339   0.003   0.000   0.005   0.000 695851600
 8.01    5.47    65.193
 8.01 18.00   1.247   1.718
 8.01 18.00   2.966    70.071
 8.01 18.00   2.658   1.417   2.966   0.526
 8.01 18.00   2.660   1.410   2.966   0.519

 8.02  0.00   0.476   0.469   0.041   0.078   0.005   0.005   0.339   0.003   0.000   0.005   0.000 696720300
 8.02    5.47    65.177
 8.02 18.00   1.247   1.718
 8.02 18.00   2.965    70.062
 8.02 18.00   2.657   1.416   2.965   0.526
 8.02 18.00   2.660   1.409   2.965   0.518

 8.03  0.00   0.475   0.469   0.041   0.078   0.005   0.005   0.339   0.003   0.000   0.005   0.000 697589000
 8.03    5.47    65.162
 8.03 18.00   1.246   1.718
 8.03 18.00   2.964    70.053
 8.03 18.00   2.657   1.416   2.964   0.526
 8.03 18.00   2.659   1.409   2.964   0.518

 8.04  0.00   0.475   0.469   0.041   0.078   0.005   0.005   0.339   0.003   0.000   0.005   0.000 698457700
 8.04    5.47    65.147
 8.04 18.00   1.245   1.718
 8.04 18.00   2.963    70.044
 8.04 18.00   2.656   1.416   2.963   0.526
 8.04 18.00   2.658   1.409   2.963   0.518

 8.05  0.00   0.475   0.469   0.041   0.078   0.005   0.005   0.339   0.003   0.000   0.005   0.000 699326500
 8.05    5.47    65.131
 8.05 18.00   1.244   1.718
 8.05 18.00   2.963    70.035
 8.05 18.00   2.655   1.415   2.963   0.525
 8.05 18.00   2.658   1.408   2.963   0.518

 8.06  0.00   0.475   0.468   0.041   0.078   0.005   0.005   0.339   0.003   0.000   0.005   0.000 700195200
 8.06    5.46    65.116
 8.06 18.00   1.244   1.718
 8.06 18.00   2.962    70.026
 8.06 18.00   2.655   1.415   2.962   0.525
 8.06 18.00   2.657   1.408   2.962   0.518

 8.07  0.00   0.475   0.468   0.041   0.078   0.005   0.005   0.339   0.003   0.000   0.005   0.000 701063900
 8.07    5.46    65.101
 8.07 18.00   1.243   1.718
 8.07 18.00   2.961    70.017
 8.07 18.00   2.654   1.414   2.961   0.525
 8.07 18.00   2.656   1.407   2.961   0.518

 8.08  0.00   0.475   0.468   0.041   0.078   0.005   0.005   0.339   0.003   0.000   0.005   0.000 701932600
 8.08    5.46    65.085
 8.08 18.00   1.242   1.718
 8.08 18.00   2.960    70.008
 8.08 18.00   2.653   1.414   2.960   0.525
 8.08 18.00   2.655   1.407   2.960   0.518

 8.09  0.00   0.475   0.468   0.041   0.078   0.005   0.005   0.339   0.003   0.000   0.005   0.000 702801400
 8.09    5.46    65.070
 8.09 18.00   1.241   1.718
 8.09 18.00   2.960    69.999
 8.09 18.00   2.653   1.414   2.960   0.525
 8.09 18.00   2.655   1.407   2.960   0.518

 8.10  0.00   0.475   0.468   0.041   0.078   0.005   0.005   0.339   0.003   0.000   0.005   0.000 703670100
 8.10    5.46    65.055
 8.10 18.00   1.240   1.718
 8.10 18.00   2.959    69.990
 8.10 18.00   2.652   1.413   2.959   0.525
 8.10 18.00   2.654   1.406   2.959   0.517

 8.11  0.00   0.474   0.468   0.041   0.078   0.005   0.005   0.339   0.003   0.000   0.005   0.000 704538800
 8.11    5.46    65.040
 8.11 18.00   1.240   1.718
 8.11 18.00   2.958    69.981
 8.11 18.00   2.651   1.413   2.958   0.525
 8.11 18.00   2.653   1.406   2.958   0.517

 8.12  0.00   0.474   0.468   0.041   0.078   0.005   0.005   0.339   0.003   0.000   0.005   0.000 705407600
 8.12    5.46    65.025
 8.12 18.00   1.239   1.718
 8.12 18.00   2.957    69.973
 8.12 18.00   2.651   1.413   2.957   0.524
 8.12 18.00   2.653   1.406   2.957   0.517

 8.13  0.00   0.474   0.468   0.040   0.078   0.005   0.005   0.338   0.003   0.000   0.005   0.000 706276300
 8.13    5.46    65.010
 8.13 18.00   1.238   1.718
 8.13 18.00   2.957    69.964
 8.13 18.00   2.650   1.412   2.957   0.524
 8.13 18.00   2.652   1.405   2.957   0.517

 8.14  0.00   0.474   0.467   0.040   0.078   0.005   0.005   0.338   0.003   0.000   0.005   0.000 707145000
 8.14    5.45    64.995
 8.14 18.00   1.237   1.718
 8.14 18.00   2.956    69.955
 8.14 18.00   2.649   1.412   2.956   0.524
 8.14 18.00   2.651   1.405   2.956   0.517

 8.15  0.00   0.474   0.467   0.040   0.078   0.005   0.005   0.338   0.003   0.000   0.005   0.000 708013700
 8.15    5.45    64.980
 8.15 18.00   1.237   1.718
 8.15 18.00   2.955    69.946
 8.15 18.00   2.649   1.412   2.955   0.524
 8.15 18.00   2.651   1.405   2.955   0.517

 8.16  0.00   0.474   0.467   0.040   0.078   0.005   0.005   0.338   0.003   0.000   0.005   0.000 708882400
 8.16    5.45    64.965
 8.16 18.00   1.236   1.718
 8.16 18.00   2.954    69.937
 8.16 18.00   2.648   1.411   2.954   0.524
 8.16 18.00   2.650   1.404   2.954   0.517

 8.17  0.00   0.474   0.467   0.040   0.078   0.005   0.005   0.338   0.003   0.000   0.005   0.000 709751200
 8.17    5.45    64.950
 8.17 18.00   1.235   1.718
 8.17 18.00   2.954    69.929
 8.17 18.00   2.647   1.411   2.954   0.524
 8.17 18.00   2.649   1.404   2.954   0.516

 8.18  0.00   0.474   0.467   0.040   0.078   0.005   0.005   0.338   0.003   0.000   0.005   0.000 710620000
 8.18    5.45    64.936
 8.18 18.00   1.234   1.718
 8.18 18.00   2.953    69.920
 8.18 18.00   2.646   1.410   2.953   0.524
 8.18 18.00   2.649   1.404   2.953   0.516

 8.19  0.00   0.474   0.467   0.040   0.078   0.005   0.005   0.338   0.003   0.000   0.005   0.000 711488600
 8.19    5.45    64.921
 8.19 18.00   1.234   1.718
 8.19 18.00   2.952    69.911
 8.19 18.00   2.646   1.410   2.952   0.524
 8.19 18.00   2.648   1.403   2.952   0.516

 8.20  0.00   0.473   0.467   0.040   0.078   0.005   0.005   0.338   0.003   0.000   0.005   0.000 712357400
 8.20    5.45    64.906
 8.20 18.00   1.233   1.718
 8.20 18.00   2.951    69.903
 8.20 18.00   2.645   1.410   2.951   0.523
 8.20 18.00   2.647   1.403   2.951   0.516

 8.21  0.00   0.473   0.467   0.040   0.078   0.005   0.005   0.338   0.003   0.000   0.005   0.000 713226100
 8.21    5.45    64.891
 8.21 18.00   1.232   1.718
 8.21 18.00   2.951    69.894
 8.21 18.00   2.645   1.409   2.951   0.523
 8.21 18.00   2.647   1.402   2.951   0.516

 8.22  0.00   0.473   0.467   0.040   0.078   0.005   0.005   0.338   0.003   0.000   0.005   0.000 714094800
 8.22    5.44    64.877
 8.22 18.00   1.232   1.718
 8.22 18.00   2.950    69.885
 8.22 18.00   2.644   1.409   2.950   0.523
 8.22 18.00   2.646   1.402   2.950   0.516

 8.23  0.00   0.473   0.466   0.040   0.078   0.005   0.005   0.338   0.003   0.000   0.005   0.000 714963500
 8.23    5.44    64.862
 8.23 18.00   1.231   1.718
 8.23 18.00   2.949    69.876
 8.23 18.00   2.643   1.409   2.949   0.523
 8.23 18.00   2.645   1.402   2.949   0.516

 8.24  0.00   0.473   0.466   0.040   0.078   0.005   0.005   0.338   0.003   0.000   0.005   0.000 715832300
 8.24    5.44    64.848
 8.24 18.00   1.230   1.718
 8.24 18.00   2.948    69.868
 8.24 18.00   2.643   1.408   2.948   0.523
 8.24 18.00   2.645   1.401   2.948   0.516

 8.25  0.00   0.473   0.466   0.040   0.078   0.005   0.005   0.338   0.003   0.000   0.005   0.000 716701100
 8.25    5.44    64.833
 8.25 18.00   1.229   1.718
 8.25 18.00   2.948    69.859
 8.25 18.00   2.642   1.408   2.948   0.523
 8.25 18.00   2.644   1.401   2.948   0.515

 8.26  0.00   0.473   0.466   0.040   0.078   0.005   0.005   0.338   0.003   0.000   0.005   0.000 717569800
 8.26    5.44    64.819
 8.26 18.00   1.229   1.718
 8.26 18.00   2.947    69.851
 8.26 18.00   2.641   1.408   2.947   0.523
 8.26 18.00   2.643   1.401   2.947   0.515

 8.27  0.00   0.473   0.466   0.040   0.078   0.005   0.005   0.338   0.003   0.000   0.005   0.000 718438500
 8.27    5.44    64.804
 8.27 18.00   1.228   1.718
 8.27 18.00   2.946    69.842
 8.27 18.00   2.641   1.407   2.946   0.522
 8.27 18.00   2.643   1.400   2.946   0.515

 8.28  0.00   0.472   0.466   0.040   0.078   0.005   0.005   0.338   0.003   0.000   0.005   0.000 719307200
 8.28    5.44    64.790
 8.28 18.00   1.227   1.718
 8.28 18.00   2.945    69.833
 8.28 18.00   2.640   1.407   2.945   0.522
 8.28 18.00   2.642   1.400   2.945   0.515

 8.29  0.00   0.472   0.466   0.040   0.078   0.005   0.005   0.338   0.003   0.000   0.005   0.000 720175900
 8.29    5.44    64.775
 8.29 18.00   1.226   1.718
 8.29 18.00   2.945    69.825
 8.29 18.00   2.639   1.407   2.945   0.522
 8.29 18.00   2.642   1.400   2.945   0.515

 8.30  0.00   0.472   0.466   0.039   0.078   0.005   0.005   0.338   0.003   0.000   0.005   0.000 721044700
 8.30    5.43    64.761
 8.30 18.00   1.226   1.718
 8.30 18.00   2.944    69.816
 8.30 18.00   2.639   1.406   2.944   0.522
 8.30 18.00   2.641   1.399   2.944   0.515

 8.31  0.00   0.472   0.465   0.039   0.078   0.005   0.005   0.338   0.003   0.000   0.005   0.000 721913400
 8.31    5.43    64.747
 8.31 18.00   1.225   1.718
 8.31 18.00   2.943    69.808
 8.31 18.00   2.638   1.406   2.943   0.522
 8.31 18.00   2.640   1.399   2.943   0.515

 8.32  0.00   0.472   0.465   0.039   0.078   0.005   0.005   0.338   0.003   0.000   0.005   0.000 722782100
 8.32    5.43    64.732
 8.32 18.00   1.224   1.718
 8.32 18.00   2.943    69.799
 8.32 18.00   2.637   1.406   2.943   0.522
 8.32 18.00   2.640   1.399   2.943   0.515

 8.33  0.00   0.472   0.465   0.039   0.078   0.005   0.005   0.338   0.003   0.000   0.005   0.000 723650900
 8.33    5.43    64.718
 8.33 18.00   1.224   1.718
 8.33 18.00   2.942    69.791
 8.33 18.00   2.637   1.405   2.942   0.522
 8.33 18.00   2.639   1.398   2.942   0.514

 8.34  0.00   0.472   0.465   0.039   0.078   0.005   0.005   0.338   0.003   0.000   0.005   0.000 724519600
 8.34    5.43    64.704
 8.34 18.00   1.223   1.718
 8.34 18.00   2.941    69.782
 8.34 18.00   2.636   1.405   2.941   0.522
 8.34 18.00   2.638   1.398   2.941   0.514

 8.35  0.00   0.472   0.465   0.039   0.078   0.005   0.005   0.338   0.003   0.000   0.005   0.000 725388400
 8.35    5.43    64.690
 8.35 18.00   1.222   1.718
 8.35 18.00   2.940    69.774
 8.35 18.00   2.635   1.405   2.940   0.521
 8.35 18.00   2.638   1.398   2.940   0.514

 8.36  0.00   0.472   0.465   0.039   0.078   0.005   0.005   0.338   0.003   0.000   0.005   0.000 726257000
 8.36    5.43    64.676
 8.36 18.00   1.221   1.718
 8.36 18.00   2.940    69.765
 8.36 18.00   2.635   1.404   2.940   0.521
 8.36 18.00   2.637   1.397   2.940   0.514

 8.37  0.00   0.471   0.465   0.039   0.077   0.005   0.005   0.338   0.003   0.000   0.005   0.000 727125800
 8.37    5.43    64.662
 8.37 18.00   1.221   1.718
 8.37 18.00   2.939    69.757
 8.37 18.00   2.634   1.404   2.939   0.521
 8.37 18.00   2.636   1.397   2.939   0.514

 8.38  0.00   0.471   0.465   0.039   0.077   0.005   0.005   0.338   0.003   0.000   0.005   0.000 727994500
 8.38    5.43    64.648
 8.38 18.00   1.220   1.718
 8.38 18.00   2.938    69.749
 8.38 18.00   2.633   1.404   2.938   0.521
 8.38 18.00   2.636   1.397   2.938   0.514

 8.39  0.00   0.471   0.465   0.039   0.077   0.005   0.005   0.338   0.003   0.000   0.005   0.000 728863200
 8.39    5.42    64.634
 8.39 18.00   1.219   1.718
 8.39 18.00   2.938    69.740
 8.39 18.00   2.633   1.403   2.938   0.521
 8.39 18.00   2.635   1.396   2.938   0.514

 8.40  0.00   0.471   0.464   0.039   0.077   0.005   0.005   0.338   0.003   0.000   0.005   0.000 729731900
 8.40    5.42    64.620
 8.40 18.00   1.218   1.718
 8.40 18.00   2.937    69.732
 8.40 18.00   2.632   1.403   2.937   0.521
 8.40 18.00   2.634   1.396   2.937   0.513

 8.41  0.00   0.471   0.464   0.039   0.077   0.005   0.005   0.338   0.003   0.000   0.005   0.000 730600600
 8.41    5.42    64.606
 8.41 18.00   1.218   1.718
 8.41 18.00   2.936    69.723
 8.41 18.00   2.632   1.403   2.936   0.521
 8.41 18.00   2.634   1.396   2.936   0.513

 8.42  0.00   0.471   0.464   0.039   0.077   0.005   0.005   0.338   0.003   0.000   0.005   0.000 731469400
 8.42    5.42    64.592
 8.42 18.00   1.217   1.718
 8.42 18.00   2.935    69.715
 8.42 18.00   2.631   1.402   2.935   0.521
 8.42 18.00   2.633   1.395   2.935   0.513

 8.43  0.00   0.471   0.464   0.039   0.077   0.005   0.004   0.338   0.003   0.000   0.005   0.000 732338200
 8.43    5.42    64.578
 8.43 18.00   1.216   1.718
 8.43 18.00   2.935    69.707
 8.43 18.00   2.630   1.402   2.935   0.520
 8.43 18.00   2.633   1.395   2.935   0.513

 8.44  0.00   0.471   0.464   0.039   0.077   0.005   0.004   0.338   0.003   0.000   0.005   0.000 733206800
 8.44    5.42    64.564
 8.44 18.00   1.216   1.718
 8.44 18.00   2.934    69.698
 8.44 18.00   2.630   1.402   2.934   0.520
 8.44 18.00   2.632   1.395   2.934   0.513

 8.45  0.00   0.471   0.464   0.039   0.077   0.005   0.004   0.338   0.003   0.000   0.005   0.000 734075600
 8.45    5.42    64.550
 8.45 18.00   1.215   1.718
 8.45 18.00   2.933    69.690
 8.45 18.00   2.629   1.401   2.933   0.520
 8.45 18.00   2.631   1.394   2.933   0.513

 8.46  0.00   0.470   0.464   0.039   0.077   0.005   0.004   0.338   0.003   0.000   0.005   0.000 734944300
 8.46    5.42    64.537
 8.46 18.00   1.214   1.718
 8.46 18.00   2.933    69.682
 8.46 18.00   2.628   1.401   2.933   0.520
 8.46 18.00   2.631   1.394   2.933   0.513

 8.47  0.00   0.470   0.464   0.039   0.077   0.005   0.004   0.338   0.003   0.000   0.005   0.000 735813100
 8.47    5.42    64.523
 8.47 18.00   1.214   1.718
 8.47 18.00   2.932    69.673
 8.47 18.00   2.628   1.401   2.932   0.520
 8.47 18.00   2.630   1.394   2.932   0.513

 8.48  0.00   0.470   0.464   0.038   0.077   0.005   0.004   0.338   0.003   0.000   0.005   0.000 736681700
 8.48    5.42    64.509
 8.48 18.00   1.213   1.718
 8.48 18.00   2.931    69.665
 8.48 18.00   2.627   1.400   2.931   0.520
 8.48 18.00   2.629   1.393   2.931   0.513

 8.49  0.00   0.470   0.463   0.038   0.077   0.005   0.004   0.338   0.003   0.000   0.005   0.000 737550500
 8.49    5.41    64.496
 8.49 18.00   1.212   1.718
 8.49 18.00   2.931    69.657
 8.49 18.00   2.626   1.400   2.931   0.520
 8.49 18.00   2.629   1.393   2.931   0.512

 8.50  0.00   0.470   0.463   0.038   0.077   0.005   0.004   0.338   0.003   0.000   0.005   0.000 738419300
 8.50    5.41    64.482
 8.50 18.00   1.211   1.718
 8.50 18.00   2.930    69.649
 8.50 18.00   2.626   1.400   2.930   0.520
 8.50 18.00   2.628   1.393   2.930   0.512

 8.51  0.00   0.470   0.463   0.038   0.077   0.005   0.004   0.338   0.003   0.000   0.005   0.000 739288000
 8.51    5.41    64.469
 8.51 18.00   1.211   1.718
 8.51 18.00   2.929    69.641
 8.51 18.00   2.625   1.399   2.929   0.519
 8.51 18.00   2.627   1.392   2.929   0.512

 8.52  0.00   0.470   0.463   0.038   0.077   0.005   0.004   0.338   0.003   0.000   0.005   0.000 740156700
 8.52    5.41    64.455
 8.52 18.00   1.210   1.718
 8.52 18.00   2.928    69.632
 8.52 18.00   2.625   1.399   2.928   0.519
 8.52 18.00   2.627   1.392   2.928   0.512

 8.53  0.00   0.470   0.463   0.038   0.077   0.005   0.004   0.338   0.003   0.000   0.005   0.000 741025400
 8.53    5.41    64.442
 8.53 18.00   1.209   1.718
 8.53 18.00   2.928    69.624
 8.53 18.00   2.624   1.399   2.928   0.519
 8.53 18.00   2.626   1.392   2.928   0.512

 8.54  0.00   0.470   0.463   0.038   0.077   0.005   0.004   0.337   0.003   0.000   0.005   0.000 741894100
 8.54    5.41    64.428
 8.54 18.00   1.209   1.718
 8.54 18.00   2.927    69.616
 8.54 18.00   2.623   1.398   2.927   0.519
 8.54 18.00   2.626   1.391   2.927   0.512

 8.55  0.00   0.469   0.463   0.038   0.077   0.005   0.004   0.337   0.003   0.000   0.005   0.000 742762900
 8.55    5.41    64.415
 8.55 18.00   1.208   1.718
 8.55 18.00   2.926    69.608
 8.55 18.00   2.623   1.398   2.926   0.519
 8.55 18.00   2.625   1.391   2.926   0.512

 8.56  0.00   0.469   0.463   0.038   0.077   0.005   0.004   0.337   0.003   0.000   0.005   0.000 743631700
 8.56    5.41    64.401
 8.56 18.00   1.207   1.718
 8.56 18.00   2.926    69.600
 8.56 18.00   2.622   1.398   2.926   0.519
 8.56 18.00   2.624   1.391   2.926   0.512

 8.57  0.00   0.469   0.463   0.038   0.077   0.005   0.004   0.337   0.003   0.000   0.005   0.000 744500300
 8.57    5.41    64.388
 8.57 18.00   1.207   1.718
 8.57 18.00   2.925    69.592
 8.57 18.00   2.622   1.397   2.925   0.519
 8.57 18.00   2.624   1.390   2.925   0.511

 8.58  0.00   0.469   0.462   0.038   0.077   0.005   0.004   0.337   0.003   0.000   0.005   0.000 745369100
 8.58    5.41    64.375
 8.58 18.00   1.206   1.718
 8.58 18.00   2.924    69.583
 8.58 18.00   2.621   1.397   2.924   0.519
 8.58 18.00   2.623   1.390   2.924   0.511

 8.59  0.00   0.469   0.462   0.038   0.077   0.005   0.004   0.337   0.003   0.000   0.005   0.000 746237800
 8.59    5.40    64.361
 8.59 18.00   1.205   1.718
 8.59 18.00   2.924    69.575
 8.59 18.00   2.620   1.397   2.924   0.518
 8.59 18.00   2.623   1.390   2.924   0.511

 8.60  0.00   0.469   0.462   0.038   0.077   0.005   0.004   0.337   0.003   0.000   0.005   0.000 747106600
 8.60    5.40    64.348
 8.60 18.00   1.205   1.718
 8.60 18.00   2.923    69.567
 8.60 18.00   2.620   1.396   2.923   0.518
 8.60 18.00   2.622   1.389   2.923   0.511

 8.61  0.00   0.469   0.462   0.038   0.077   0.005   0.004   0.337   0.003   0.000   0.005   0.000 747975200
 8.61    5.40    64.329
 8.61 18.00   1.204   1.718
 8.61 18.00   2.922    69.559
 8.61 18.00   2.619   1.396   2.922   0.518
 8.61 18.00   2.621   1.389   2.922   0.511

 8.62  0.00   0.469   0.462   0.038   0.077   0.005   0.004   0.337   0.003   0.000   0.005   0.000 748844000
 8.62    5.40    64.314
 8.62 18.00   1.203   1.718
 8.62 18.00   2.922    69.551
 8.62 18.00   2.618   1.396   2.922   0.518
 8.62 18.00   2.621   1.389   2.922   0.511

 8.63  0.00   0.469   0.462   0.038   0.077   0.005   0.004   0.337   0.003   0.000   0.005   0.000 749712700
 8.63    5.40    64.298
 8.63 18.00   1.203   1.718
 8.63 18.00   2.921    69.543
 8.63 18.00   2.618   1.395   2.921   0.518
 8.63 18.00   2.620   1.388   2.921   0.511

 8.64  0.00   0.468   0.462   0.038   0.077   0.005   0.004   0.337   0.003   0.000   0.004   0.000 750581400
 8.64    5.39    64.282
 8.64 18.00   1.202   1.718
 8.64 18.00   2.920    69.535
 8.64 18.00   2.617   1.395   2.920   0.518
 8.64 18.00   2.620   1.388   2.920   0.511

 8.65  0.00   0.468   0.462   0.038   0.077   0.005   0.004   0.337   0.003   0.000   0.004   0.000 751450100
 8.65    5.39    64.266
 8.65 18.00   1.201   1.718
 8.65 18.00   2.920    69.527
 8.65 18.00   2.617   1.395   2.920   0.518
 8.65 18.00   2.619   1.388   2.920   0.510

 8.66  0.00   0.468   0.462   0.038   0.077   0.005   0.004   0.337   0.003   0.000   0.004   0.000 752318900
 8.66    5.39    64.250
 8.66 18.00   1.201   1.718
 8.66 18.00   2.919    69.519
 8.66 18.00   2.616   1.394   2.919   0.518
 8.66 18.00   2.618   1.387   2.919   0.510

 8.67  0.00   0.468   0.462   0.037   0.077   0.005   0.004   0.337   0.003   0.000   0.004   0.000 753187600
 8.67    5.39    64.234
 8.67 18.00   1.200   1.718
 8.67 18.00   2.918    69.511
 8.67 18.00   2.615   1.394   2.918   0.518
 8.67 18.00   2.618   1.387   2.918   0.510

 8.68  0.00   0.468   0.461   0.037   0.077   0.005   0.004   0.337   0.003   0.000   0.004   0.000 754056400
 8.68    5.38    64.218
 8.68 18.00   1.199   1.718
 8.68 18.00   2.918    69.503
 8.68 18.00   2.615   1.394   2.918   0.517
 8.68 18.00   2.617   1.387   2.918   0.510

 8.69  0.00   0.468   0.461   0.037   0.077   0.005   0.004   0.337   0.003   0.000   0.004   0.000 754925100
 8.69    5.38    64.202
 8.69 18.00   1.198   1.718
 8.69 18.00   2.917    69.495
 8.69 18.00   2.614   1.393   2.917   0.517
 8.69 18.00   2.616   1.386   2.917   0.510

 8.70  0.00   0.468   0.461   0.037   0.077   0.005   0.004   0.337   0.003   0.000   0.004   0.000 755793800
 8.70    5.38    64.187
 8.70 18.00   1.198   1.718
 8.70 18.00   2.916    69.487
 8.70 18.00   2.614   1.393   2.916   0.517
 8.70 18.00   2.616   1.386   2.916   0.510

 8.71  0.00   0.468   0.461   0.037   0.077   0.005   0.004   0.337   0.003   0.000   0.004   0.000 756662500
 8.71    5.38    64.171
 8.71 18.00   1.197   1.718
 8.71 18.00   2.916    69.479
 8.71 18.00   2.613   1.393   2.916   0.517
 8.71 18.00   2.615   1.386   2.916   0.510

 8.72  0.00   0.468   0.461   0.037   0.077   0.004   0.004   0.337   0.003   0.000   0.004   0.000 757531300
 8.72    5.38    64.155
 8.72 18.00   1.196   1.718
 8.72 18.00   2.915    69.471
 8.72 18.00   2.612   1.392   2.915   0.517
 8.72 18.00   2.615   1.385   2.915   0.510

 8.73  0.00   0.467   0.461   0.037   0.077   0.004   0.004   0.337   0.003   0.000   0.004   0.000 758399900
 8.73    5.37    64.139
 8.73 18.00   1.196   1.718
 8.73 18.00   2.914    69.463
 8.73 18.00   2.612   1.392   2.914   0.517
 8.73 18.00   2.614   1.385   2.914   0.510

 8.74  0.00   0.467   0.461   0.037   0.077   0.004   0.004   0.337   0.003   0.000   0.004   0.000 759268700
 8.74    5.37    64.124
 8.74 18.00   1.195   1.718
 8.74 18.00   2.914    69.456
 8.74 18.00   2.611   1.392   2.914   0.517
 8.74 18.00   2.613   1.385   2.914   0.509

 8.75  0.00   0.467   0.461   0.037   0.077   0.004   0.004   0.337   0.003   0.000   0.004   0.000 760137500
 8.75    5.37    64.108
 8.75 18.00   1.195   1.718
 8.75 18.00   2.913    69.448
 8.75 18.00   2.611   1.391   2.913   0.517
 8.75 18.00   2.613   1.384   2.913   0.509

 8.76  0.00   0.467   0.461   0.037   0.077   0.004   0.004   0.337   0.003   0.000   0.004   0.000 761006200
 8.76    5.37    64.092
 8.76 18.00   1.194   1.718
 8.76 18.00   2.912    69.440
 8.76 18.00   2.610   1.391   2.912   0.517
 8.76 18.00   2.612   1.384   2.912   0.509

 8.77  0.00   0.467   0.460   0.037   0.077   0.004   0.004   0.337   0.003   0.000   0.004   0.000 761874900
 8.77    5.37    64.077
 8.77 18.00   1.193   1.718
 8.77 18.00   2.912    69.432
 8.77 18.00   2.609   1.391   2.912   0.516
 8.77 18.00   2.612   1.384   2.912   0.509

 8.78  0.00   0.467   0.460   0.037   0.077   0.004   0.004   0.337   0.003   0.000   0.004   0.000 762743600
 8.78    5.36    64.061
 8.78 18.00   1.193   1.718
 8.78 18.00   2.911    69.424
 8.78 18.00   2.609   1.391   2.911   0.516
 8.78 18.00   2.611   1.384   2.911   0.509

 8.79  0.00   0.467   0.460   0.037   0.077   0.004   0.004   0.337   0.003   0.000   0.004   0.000 763612400
 8.79    5.36    64.045
 8.79 18.00   1.192   1.718
 8.79 18.00   2.910    69.416
 8.79 18.00   2.608   1.390   2.910   0.516
 8.79 18.00   2.611   1.383   2.910   0.509

 8.80  0.00   0.467   0.460   0.037   0.077   0.004   0.004   0.337   0.003   0.000   0.004   0.000 764481100
 8.80    5.36    64.030
 8.80 18.00   1.191   1.718
 8.80 18.00   2.910    69.409
 8.80 18.00   2.608   1.390   2.910   0.516
 8.80 18.00   2.610   1.383   2.910   0.509

 8.81  0.00   0.467   0.460   0.037   0.077   0.004   0.004   0.337   0.003   0.000   0.004   0.000 765349900
 8.81    5.36    64.014
 8.81 18.00   1.191   1.718
 8.81 18.00   2.909    69.401
 8.81 18.00   2.607   1.390   2.909   0.516
 8.81 18.00   2.609   1.383   2.909   0.509

 8.82  0.00   0.467   0.460   0.037   0.077   0.004   0.004   0.337   0.003   0.000   0.004   0.000 766218500
 8.82    5.36    63.999
 8.82 18.00   1.190   1.718
 8.82 18.00   2.908    69.393
 8.82 18.00   2.607   1.389   2.908   0.516
 8.82 18.00   2.609   1.382   2.908   0.508

 8.83  0.00   0.466   0.460   0.037   0.077   0.004   0.004   0.337   0.003   0.000   0.004   0.000 767087300
 8.83    5.35    63.983
 8.83 18.00   1.189   1.718
 8.83 18.00   2.908    69.385
 8.83 18.00   2.606   1.389   2.908   0.516
 8.83 18.00   2.608   1.382   2.908   0.508

 8.84  0.00   0.466   0.460   0.037   0.077   0.004   0.004   0.337   0.003   0.000   0.004   0.000 767956000
 8.84    5.35    63.968
 8.84 18.00   1.189   1.718
 8.84 18.00   2.907    69.378
 8.84 18.00   2.605   1.389   2.907   0.516
 8.84 18.00   2.608   1.382   2.907   0.508

 8.85  0.00   0.466   0.460   0.037   0.077   0.004   0.004   0.337   0.003   0.000   0.004   0.000 768824800
 8.85    5.35    63.952
 8.85 18.00   1.188   1.718
 8.85 18.00   2.906    69.370
 8.85 18.00   2.605   1.388   2.906   0.515
 8.85 18.00   2.607   1.381   2.906   0.508

 8.86  0.00   0.466   0.460   0.037   0.077   0.004   0.004   0.337   0.003   0.000   0.004   0.000 769693400
 8.86    5.35    63.937
 8.86 18.00   1.187   1.718
 8.86 18.00   2.906    69.362
 8.86 18.00   2.604   1.388   2.906   0.515
 8.86 18.00   2.606   1.381   2.906   0.508

 8.87  0.00   0.466   0.459   0.036   0.077   0.004   0.004   0.337   0.003   0.000   0.004   0.000 770562200
 8.87    5.35    63.922
 8.87 18.00   1.187   1.718
 8.87 18.00   2.905    69.354
 8.87 18.00   2.604   1.388   2.905   0.515
 8.87 18.00   2.606   1.381   2.905   0.508

 8.88  0.00   0.466   0.459   0.036   0.077   0.004   0.004   0.337   0.003   0.000   0.004   0.000 771430900
 8.88    5.34    63.906
 8.88 18.00   1.186   1.718
 8.88 18.00   2.904    69.347
 8.88 18.00   2.603   1.387   2.904   0.515
 8.88 18.00   2.605   1.380   2.904   0.508

 8.89  0.00   0.466   0.459   0.036   0.077   0.004   0.004   0.337   0.003   0.000   0.004   0.000 772299700
 8.89    5.34    63.891
 8.89 18.00   1.185   1.718
 8.89 18.00   2.904    69.339
 8.89 18.00   2.602   1.387   2.904   0.515
 8.89 18.00   2.605   1.380   2.904   0.508

 8.90  0.00   0.466   0.459   0.036   0.077   0.004   0.004   0.337   0.003   0.000   0.004   0.000 773168300
 8.90    5.34    63.875
 8.90 18.00   1.185   1.718
 8.90 18.00   2.903    69.331
 8.90 18.00   2.602   1.387   2.903   0.515
 8.90 18.00   2.604   1.380   2.903   0.508

 8.91  0.00   0.466   0.459   0.036   0.077   0.004   0.004   0.337   0.003   0.000   0.004   0.000 774037100
 8.91    5.34    63.860
 8.91 18.00   1.184   1.718
 8.91 18.00   2.902    69.324
 8.91 18.00   2.601   1.387   2.902   0.515
 8.91 18.00   2.604   1.380   2.902   0.507

 8.92  0.00   0.466   0.459   0.036   0.077   0.004   0.004   0.337   0.003   0.000   0.004   0.000 774905900
 8.92    5.33    63.845
 8.92 18.00   1.183   1.718
 8.92 18.00   2.902    69.316
 8.92 18.00   2.601   1.386   2.902   0.515
 8.92 18.00   2.603   1.379   2.902   0.507

 8.93  0.00   0.465   0.459   0.036   0.077   0.004   0.004   0.337   0.003   0.000   0.004   0.000 775774600
 8.93    5.33    63.830
 8.93 18.00   1.183   1.718
 8.93 18.00   2.901    69.308
 8.93 18.00   2.600   1.386   2.901   0.515
 8.93 18.00   2.602   1.379   2.901   0.507

 8.94  0.00   0.465   0.459   0.036   0.077   0.004   0.004   0.337   0.003   0.000   0.004   0.000 776643300
 8.94    5.33    63.814
 8.94 18.00   1.182   1.718
 8.94 18.00   2.901    69.301
 8.94 18.00   2.600   1.386   2.901   0.514
 8.94 18.00   2.602   1.379   2.901   0.507

 8.95  0.00   0.465   0.459   0.036   0.077   0.004   0.004   0.337   0.003   0.000   0.004   0.000 777512000
 8.95    5.33    63.799
 8.95 18.00   1.182   1.718
 8.95 18.00   2.900    69.293
 8.95 18.00   2.599   1.385   2.900   0.514
 8.95 18.00   2.601   1.378   2.900   0.507

 8.96  0.00   0.465   0.459   0.036   0.077   0.004   0.004   0.337   0.003   0.000   0.004   0.000 778380700
 8.96    5.33    63.784
 8.96 18.00   1.181   1.718
 8.96 18.00   2.899    69.286
 8.96 18.00   2.598   1.385   2.899   0.514
 8.96 18.00   2.601   1.378   2.899   0.507

 8.97  0.00   0.465   0.458   0.036   0.077   0.004   0.004   0.337   0.003   0.000   0.004   0.000 779249500
 8.97    5.32    63.769
 8.97 18.00   1.180   1.718
 8.97 18.00   2.899    69.278
 8.97 18.00   2.598   1.385   2.899   0.514
 8.97 18.00   2.600   1.378   2.899   0.507

 8.98  0.00   0.465   0.458   0.036   0.077   0.004   0.004   0.337   0.003   0.000   0.004   0.000 780118100
 8.98    5.32    63.753
 8.98 18.00   1.180   1.718
 8.98 18.00   2.898    69.271
 8.98 18.00   2.597   1.384   2.898   0.514
 8.98 18.00   2.600   1.377   2.898   0.507

 8.99  0.00   0.465   0.458   0.036   0.077   0.004   0.004   0.336   0.003   0.000   0.004   0.000 780986900
 8.99    5.32    63.738
 8.99 18.00   1.179   1.718
 8.99 18.00   2.897    69.263
 8.99 18.00   2.597   1.384   2.897   0.514
 8.99 18.00   2.599   1.377   2.897   0.507

 9.00  0.00   0.465   0.458   0.036   0.077   0.004   0.004   0.336   0.003   0.000   0.004   0.000 781855700
 9.00    5.32    63.723
 9.00 18.00   1.178   1.718
 9.00 18.00   2.897    69.255
 9.00 18.00   2.596   1.384   2.897   0.514
 9.00 18.00   2.598   1.377   2.897   0.507

 9.01  0.00   0.465   0.458   0.036   0.077   0.004   0.004   0.336   0.003   0.000   0.004   0.000 782724400
 9.01    5.32    63.708
 9.01 18.00   1.178   1.718
 9.01 18.00   2.896    69.248
 9.01 18.00   2.596   1.384   2.896   0.514
 9.01 18.00   2.598   1.377   2.896   0.506

 9.02  0.00   0.465   0.458   0.036   0.077   0.004   0.004   0.336   0.003   0.000   0.004   0.000 783593200
 9.02    5.31    63.693
 9.02 18.00   1.177   1.718
 9.02 18.00   2.895    69.240
 9.02 18.00   2.595   1.383   2.895   0.514
 9.02 18.00   2.597   1.376   2.895   0.506

 9.03  0.00   0.464   0.458   0.036   0.077   0.004   0.004   0.336   0.003   0.000   0.004   0.000 784461800
 9.03    5.31    63.678
 9.03 18.00   1.176   1.718
 9.03 18.00   2.895    69.233
 9.03 18.00   2.594   1.383   2.895   0.513
 9.03 18.00   2.597   1.376   2.895   0.506

 9.04  0.00   0.464   0.458   0.036   0.077   0.004   0.004   0.336   0.003   0.000   0.004   0.000 785330600
 9.04    5.31    63.663
 9.04 18.00   1.176   1.718
 9.04 18.00   2.894    69.226
 9.04 18.00   2.594   1.383   2.894   0.513
 9.04 18.00   2.596   1.376   2.894   0.506

 9.05  0.00   0.464   0.458   0.036   0.077   0.004   0.004   0.336   0.003   0.000   0.004   0.000 786199300
 9.05    5.31    63.648
 9.05 18.00   1.175   1.718
 9.05 18.00   2.894    69.218
 9.05 18.00   2.593   1.382   2.894   0.513
 9.05 18.00   2.596   1.375   2.894   0.506

 9.06  0.00   0.464   0.458   0.036   0.077   0.004   0.004   0.336   0.003   0.000   0.004   0.000 787068100
 9.06    5.31    63.633
 9.06 18.00   1.175   1.718
 9.06 18.00   2.893    69.211
 9.06 18.00   2.593   1.382   2.893   0.513
 9.06 18.00   2.595   1.375   2.893   0.506

 9.07  0.00   0.464   0.457   0.036   0.077   0.004   0.004   0.336   0.003   0.000   0.004   0.000 787936800
 9.07    5.30    63.618
 9.07 18.00   1.174   1.718
 9.07 18.00   2.892    69.203
 9.07 18.00   2.592   1.382   2.892   0.513
 9.07 18.00   2.594   1.375   2.892   0.506

 9.08  0.00   0.464   0.457   0.035   0.077   0.004   0.004   0.336   0.003   0.000   0.004   0.000 788805500
 9.08    5.30    63.603
 9.08 18.00   1.173   1.718
 9.08 18.00   2.892    69.196
 9.08 18.00   2.592   1.381   2.892   0.513
 9.08 18.00   2.594   1.374   2.892   0.506

 9.09  0.00   0.464   0.457   0.035   0.077   0.004   0.004   0.336   0.003   0.000   0.004   0.000 789674200
 9.09    5.30    63.588
 9.09 18.00   1.173   1.718
 9.09 18.00   2.891    69.188
 9.09 18.00   2.591   1.381   2.891   0.513
 9.09 18.00   2.593   1.374   2.891   0.506

 9.10  0.00   0.464   0.457   0.035   0.077   0.004   0.004   0.336   0.003   0.000   0.004   0.000 790543000
 9.10    5.30    63.573
 9.10 18.00   1.172   1.718
 9.10 18.00   2.890    69.181
 9.10 18.00   2.591   1.381   2.890   0.513
 9.10 18.00   2.593   1.374   2.890   0.505

 9.11  0.00   0.464   0.457   0.035   0.077   0.004   0.004   0.336   0.003   0.000   0.004   0.000 791411600
 9.11    5.30    63.558
 9.11 18.00   1.172   1.718
 9.11 18.00   2.890    69.174
 9.11 18.00   2.590   1.381   2.890   0.513
 9.11 18.00   2.592   1.374   2.890   0.505

 9.12  0.00   0.464   0.457   0.035   0.077   0.004   0.004   0.336   0.003   0.000   0.004   0.000 792280400
 9.12    5.29    63.543
 9.12 18.00   1.171   1.718
 9.12 18.00   2.889    69.166
 9.12 18.00   2.589   1.380   2.889   0.513
 9.12 18.00   2.592   1.373   2.889   0.505

 9.13  0.00   0.464   0.457   0.035   0.077   0.004   0.004   0.336   0.003   0.000   0.004   0.000 793149100
 9.13    5.29    63.528
 9.13 18.00   1.170   1.718
 9.13 18.00   2.889    69.159
 9.13 18.00   2.589   1.380   2.889   0.512
 9.13 18.00   2.591   1.373   2.889   0.505

 9.14  0.00   0.463   0.457   0.035   0.077   0.004   0.004   0.336   0.003   0.000   0.004   0.000 794017900
 9.14    5.29    63.514
 9.14 18.00   1.170   1.718
 9.14 18.00   2.888    69.152
 9.14 18.00   2.588   1.380   2.888   0.512
 9.14 18.00   2.591   1.373   2.888   0.505

 9.15  0.00   0.463   0.457   0.035   0.077   0.004   0.004   0.336   0.003   0.000   0.004   0.000 794886600
 9.15    5.29    63.499
 9.15 18.00   1.169   1.718
 9.15 18.00   2.887    69.144
 9.15 18.00   2.588   1.379   2.887   0.512
 9.15 18.00   2.590   1.372   2.887   0.505

 9.16  0.00   0.463   0.457   0.035   0.077   0.004   0.004   0.336   0.003   0.000   0.004   0.000 795755300
 9.16    5.29    63.484
 9.16 18.00   1.168   1.718
 9.16 18.00   2.887    69.137
 9.16 18.00   2.587   1.379   2.887   0.512
 9.16 18.00   2.590   1.372   2.887   0.505

 9.17  0.00   0.463   0.456   0.035   0.077   0.004   0.004   0.336   0.003   0.000   0.004   0.000 796624100
 9.17    5.29    63.469
 9.17 18.00   1.168   1.718
 9.17 18.00   2.886    69.130
 9.17 18.00   2.587   1.379   2.886   0.512
 9.17 18.00   2.589   1.372   2.886   0.505

 9.18  0.00   0.463   0.456   0.035   0.077   0.004   0.004   0.336   0.003   0.000   0.004   0.000 797492800
 9.18    5.28    63.455
 9.18 18.00   1.167   1.718
 9.18 18.00   2.886    69.122
 9.18 18.00   2.586   1.379   2.886   0.512
 9.18 18.00   2.588   1.372   2.886   0.505

 9.19  0.00   0.463   0.456   0.035   0.077   0.004   0.004   0.336   0.003   0.000   0.004   0.000 798361500
 9.19    5.28    63.440
 9.19 18.00   1.167   1.718
 9.19 18.00   2.885    69.115
 9.19 18.00   2.586   1.378   2.885   0.512
 9.19 18.00   2.588   1.371   2.885   0.504

 9.20  0.00   0.463   0.456   0.035   0.077   0.004   0.004   0.336   0.003   0.000   0.004   0.000 799230200
 9.20    5.28    63.425
 9.20 18.00   1.166   1.718
 9.20 18.00   2.884    69.108
 9.20 18.00   2.585   1.378   2.884   0.512
 9.20 18.00   2.587   1.371   2.884   0.504

 9.21  0.00   0.463   0.456   0.035   0.077   0.004   0.004   0.336   0.003   0.000   0.004   0.000 800098900
 9.21    5.28    63.410
 9.21 18.00   1.165   1.718
 9.21 18.00   2.884    69.100
 9.21 18.00   2.585   1.378   2.884   0.512
 9.21 18.00   2.587   1.371   2.884   0.504

 9.22  0.00   0.463   0.456   0.035   0.077   0.004   0.004   0.336   0.003   0.000   0.004   0.000 800967700
 9.22    5.28    63.396
 9.22 18.00   1.165   1.718
 9.22 18.00   2.883    69.093
 9.22 18.00   2.584   1.377   2.883   0.511
 9.22 18.00   2.586   1.370   2.883   0.504

 9.23  0.00   0.463   0.456   0.035   0.077   0.004   0.004   0.336   0.003   0.000   0.004   0.000 801836400
 9.23    5.27    63.381
 9.23 18.00   1.164   1.718
 9.23 18.00   2.883    69.086
 9.23 18.00   2.583   1.377   2.883   0.511
 9.23 18.00   2.586   1.370   2.883   0.504

 9.24  0.00   0.462   0.456   0.035   0.077   0.004   0.004   0.336   0.003   0.000   0.004   0.000 802705200
 9.24    5.27    63.366
 9.24 18.00   1.164   1.718
 9.24 18.00   2.882    69.079
 9.24 18.00   2.583   1.377   2.882   0.511
 9.24 18.00   2.585   1.370   2.882   0.504

 9.25  0.00   0.462   0.456   0.035   0.077   0.004   0.004   0.336   0.003   0.000   0.004   0.000 803573900
 9.25    5.27    63.352
 9.25 18.00   1.163   1.718
 9.25 18.00   2.881    69.072
 9.25 18.00   2.582   1.377   2.881   0.511
 9.25 18.00   2.585   1.370   2.881   0.504

 9.26  0.00   0.462   0.456   0.035   0.077   0.004   0.004   0.336   0.003   0.000   0.004   0.000 804442600
 9.26    5.27    63.337
 9.26 18.00   1.162   1.718
 9.26 18.00   2.881    69.064
 9.26 18.00   2.582   1.376   2.881   0.511
 9.26 18.00   2.584   1.369   2.881   0.504

 9.27  0.00   0.462   0.456   0.035   0.077   0.004   0.004   0.336   0.003   0.000   0.004   0.000 805311400
 9.27    5.27    63.323
 9.27 18.00   1.162   1.718
 9.27 18.00   2.880    69.057
 9.27 18.00   2.581   1.376   2.880   0.511
 9.27 18.00   2.584   1.369   2.880   0.504

 9.28  0.00   0.462   0.455   0.035   0.077   0.004   0.004   0.336   0.003   0.000   0.004   0.000 806180000
 9.28    5.26    63.308
 9.28 18.00   1.161   1.718
 9.28 18.00   2.880    69.050
 9.28 18.00   2.581   1.376   2.880   0.511
 9.28 18.00   2.583   1.369   2.880   0.504

 9.29  0.00   0.462   0.455   0.035   0.077   0.004   0.004   0.336   0.003   0.000   0.004   0.000 807048800
 9.29    5.26    63.294
 9.29 18.00   1.161   1.718
 9.29 18.00   2.879    69.043
 9.29 18.00   2.580   1.375   2.879   0.511
 9.29 18.00   2.582   1.368   2.879   0.503

 9.30  0.00   0.462   0.455   0.034   0.077   0.004   0.004   0.336   0.003   0.000   0.004   0.000 807917600
 9.30    5.26    63.279
 9.30 18.00   1.160   1.718
 9.30 18.00   2.878    69.036
 9.30 18.00   2.580   1.375   2.878   0.511
 9.30 18.00   2.582   1.368   2.878   0.503

 9.31  0.00   0.462   0.455   0.034   0.077   0.004   0.004   0.336   0.003   0.000   0.004   0.000 808786300
 9.31    5.26    63.265
 9.31 18.00   1.159   1.718
 9.31 18.00   2.878    69.029
 9.31 18.00   2.579   1.375   2.878   0.511
 9.31 18.00   2.581   1.368   2.878   0.503

 9.32  0.00   0.462   0.455   0.034   0.077   0.004   0.004   0.336   0.003   0.000   0.004   0.000 809655000
 9.32    5.26    63.250
 9.32 18.00   1.159   1.718
 9.32 18.00   2.877    69.022
 9.32 18.00   2.579   1.375   2.877   0.510
 9.32 18.00   2.581   1.368   2.877   0.503

 9.33  0.00   0.462   0.455   0.034   0.077   0.004   0.004   0.336   0.003   0.000   0.004   0.000 810523700
 9.33    5.25    63.236
 9.33 18.00   1.158   1.718
 9.33 18.00   2.877    69.014
 9.33 18.00   2.578   1.374   2.877   0.510
 9.33 18.00   2.580   1.367   2.877   0.503

 9.34  0.00   0.462   0.455   0.034   0.077   0.004   0.004   0.336   0.003   0.000   0.004   0.000 811392400
 9.34    5.25    63.221
 9.34 18.00   1.158   1.718
 9.34 18.00   2.876    69.007
 9.34 18.00   2.578   1.374   2.876   0.510
 9.34 18.00   2.580   1.367   2.876   0.503

 9.35  0.00   0.461   0.455   0.034   0.077   0.004   0.004   0.336   0.003   0.000   0.004   0.000 812261200
 9.35    5.25    63.207
 9.35 18.00   1.157   1.718
 9.35 18.00   2.875    69.000
 9.35 18.00   2.577   1.374   2.875   0.510
 9.35 18.00   2.579   1.367   2.875   0.503

 9.36  0.00   0.461   0.455   0.034   0.077   0.004   0.004   0.336   0.003   0.000   0.004   0.000 813129900
 9.36    5.25    63.192
 9.36 18.00   1.156   1.718
 9.36 18.00   2.875    68.993
 9.36 18.00   2.577   1.373   2.875   0.510
 9.36 18.00   2.579   1.367   2.875   0.503

 9.37  0.00   0.461   0.455   0.034   0.077   0.004   0.004   0.336   0.003   0.000   0.004   0.000 813998600
 9.37    5.25    63.178
 9.37 18.00   1.156   1.718
 9.37 18.00   2.874    68.986
 9.37 18.00   2.576   1.373   2.874   0.510
 9.37 18.00   2.578   1.366   2.874   0.503

 9.38  0.00   0.461   0.455   0.034   0.077   0.004   0.004   0.336   0.003   0.000   0.004   0.000 814867400
 9.38    5.25    63.164
 9.38 18.00   1.155   1.718
 9.38 18.00   2.874    68.979
 9.38 18.00   2.575   1.373   2.874   0.510
 9.38 18.00   2.578   1.366   2.874   0.503

 9.39  0.00   0.461   0.454   0.034   0.077   0.004   0.004   0.336   0.003   0.000   0.004   0.000 815736100
 9.39    5.24    63.149
 9.39 18.00   1.155   1.718
 9.39 18.00   2.873    68.972
 9.39 18.00   2.575   1.373   2.873   0.510
 9.39 18.00   2.577   1.366   2.873   0.502

 9.40  0.00   0.461   0.454   0.034   0.077   0.004   0.004   0.336   0.003   0.000   0.004   0.000 816604800
 9.40    5.24    63.135
 9.40 18.00   1.154   1.718
 9.40 18.00   2.872    68.965
 9.40 18.00   2.574   1.372   2.872   0.510
 9.40 18.00   2.577   1.365   2.872   0.502

 9.41  0.00   0.461   0.454   0.034   0.077   0.004   0.004   0.336   0.003   0.000   0.004   0.000 817473500
 9.41    5.24    63.121
 9.41 18.00   1.154   1.718
 9.41 18.00   2.872    68.958
 9.41 18.00   2.574   1.372   2.872   0.510
 9.41 18.00   2.576   1.365   2.872   0.502

 9.42  0.00   0.461   0.454   0.034   0.077   0.004   0.004   0.336   0.003   0.000   0.004   0.000 818342300
 9.42    5.24    63.107
 9.42 18.00   1.153   1.718
 9.42 18.00   2.871    68.951
 9.42 18.00   2.573   1.372   2.871   0.509
 9.42 18.00   2.576   1.365   2.871   0.502

 9.43  0.00   0.461   0.454   0.034   0.077   0.004   0.004   0.336   0.003   0.000   0.004   0.000 819211000
 9.43    5.24    63.092
 9.43 18.00   1.152   1.718
 9.43 18.00   2.871    68.944
 9.43 18.00   2.573   1.372   2.871   0.509
 9.43 18.00   2.575   1.365   2.871   0.502

 9.44  0.00   0.461   0.454   0.034   0.077   0.004   0.004   0.336   0.003   0.000   0.004   0.000 820079700
 9.44    5.23    63.078
 9.44 18.00   1.152   1.718
 9.44 18.00   2.870    68.937
 9.44 18.00   2.572   1.371   2.870   0.509
 9.44 18.00   2.575   1.364   2.870   0.502

 9.45  0.00   0.461   0.454   0.034   0.077   0.004   0.004   0.336   0.003   0.000   0.004   0.000 820948400
 9.45    5.23    63.064
 9.45 18.00   1.151   1.718
 9.45 18.00   2.870    68.930
 9.45 18.00   2.572   1.371   2.870   0.509
 9.45 18.00   2.574   1.364   2.870   0.502

 9.46  0.00   0.460   0.454   0.034   0.077   0.004   0.004   0.336   0.003   0.000   0.004   0.000 821817200
 9.46    5.23    63.050
 9.46 18.00   1.151   1.718
 9.46 18.00   2.869    68.923
 9.46 18.00   2.571   1.371   2.869   0.509
 9.46 18.00   2.574   1.364   2.869   0.502

 9.47  0.00   0.460   0.454   0.034   0.077   0.004   0.004   0.336   0.003   0.000   0.004   0.000 822686000
 9.47    5.23    63.036
 9.47 18.00   1.150   1.718
 9.47 18.00   2.868    68.916
 9.47 18.00   2.571   1.370   2.868   0.509
 9.47 18.00   2.573   1.364   2.868   0.502

 9.48  0.00   0.460   0.454   0.034   0.077   0.004   0.004   0.336   0.003   0.000   0.004   0.000 823554600
 9.48    5.23    63.021
 9.48 18.00   1.150   1.718
 9.48 18.00   2.868    68.909
 9.48 18.00   2.570   1.370   2.868   0.509
 9.48 18.00   2.573   1.363   2.868   0.502

 9.49  0.00   0.460   0.454   0.034   0.077   0.004   0.004   0.335   0.003   0.000   0.004   0.000 824423400
 9.49    5.22    63.007
 9.49 18.00   1.149   1.718
 9.49 18.00   2.867    68.902
 9.49 18.00   2.570   1.370   2.867   0.509
 9.49 18.00   2.572   1.363   2.867   0.501

 9.50  0.00   0.460   0.453   0.034   0.077   0.004   0.004   0.335   0.003   0.000   0.004   0.000 825292100
 9.50    5.22    62.993
 9.50 18.00   1.148   1.718
 9.50 18.00   2.867    68.895
 9.50 18.00   2.569   1.370   2.867   0.509
 9.50 18.00   2.571   1.363   2.867   0.501

 9.51  0.00   0.460   0.453   0.034   0.077   0.004   0.004   0.335   0.003   0.000   0.004   0.000 826160800
 9.51    5.22    62.979
 9.51 18.00   1.148   1.718
 9.51 18.00   2.866    68.889
 9.51 18.00   2.569   1.369   2.866   0.509
 9.51 18.00   2.571   1.362   2.866   0.501

 9.52  0.00   0.460   0.453   0.034   0.077   0.004   0.004   0.335   0.002   0.000   0.004   0.000 827029600
 9.52    5.22    62.965
 9.52 18.00   1.147   1.718
 9.52 18.00   2.866    68.882
 9.52 18.00   2.568   1.369   2.866   0.508
 9.52 18.00   2.570   1.362   2.866   0.501

 9.53  0.00   0.460   0.453   0.033   0.077   0.004   0.004   0.335   0.002   0.000   0.004   0.000 827898200
 9.53    5.22    62.951
 9.53 18.00   1.147   1.718
 9.53 18.00   2.865    68.875
 9.53 18.00   2.568   1.369   2.865   0.508
 9.53 18.00   2.570   1.362   2.865   0.501

 9.54  0.00   0.460   0.453   0.033   0.077   0.004   0.004   0.335   0.002   0.000   0.004   0.000 828767000
 9.54    5.22    62.937
 9.54 18.00   1.146   1.718
 9.54 18.00   2.864    68.868
 9.54 18.00   2.567   1.369   2.864   0.508
 9.54 18.00   2.569   1.362   2.864   0.501

 9.55  0.00   0.460   0.453   0.033   0.077   0.004   0.004   0.335   0.002   0.000   0.004   0.000 829635800
 9.55    5.21    62.923
 9.55 18.00   1.146   1.718
 9.55 18.00   2.864    68.861
 9.55 18.00   2.567   1.368   2.864   0.508
 9.55 18.00   2.569   1.361   2.864   0.501

 9.56  0.00   0.460   0.453   0.033   0.077   0.004   0.004   0.335   0.002   0.000   0.004   0.000 830504500
 9.56    5.21    62.909
 9.56 18.00   1.145   1.718
 9.56 18.00   2.863    68.854
 9.56 18.00   2.566   1.368   2.863   0.508
 9.56 18.00   2.568   1.361   2.863   0.501

 9.57  0.00   0.460   0.453   0.033   0.077   0.004   0.004   0.335   0.002   0.000   0.004   0.000 831373200
 9.57    5.21    62.895
 9.57 18.00   1.144   1.718
 9.57 18.00   2.863    68.848
 9.57 18.00   2.566   1.368   2.863   0.508
 9.57 18.00   2.568   1.361   2.863   0.501

 9.58  0.00   0.459   0.453   0.033   0.077   0.004   0.004   0.335   0.002   0.000   0.004   0.000 832241900
 9.58    5.21    62.881
 9.58 18.00   1.144   1.718
 9.58 18.00   2.862    68.841
 9.58 18.00   2.565   1.368   2.862   0.508
 9.58 18.00   2.567   1.361   2.862   0.501

 9.59  0.00   0.459   0.453   0.033   0.077   0.004   0.004   0.335   0.002   0.000   0.004   0.000 833110700
 9.59    5.21    62.867
 9.59 18.00   1.143   1.718
 9.59 18.00   2.862    68.834
 9.59 18.00   2.565   1.367   2.862   0.508
 9.59 18.00   2.567   1.360   2.862   0.501

 9.60  0.00   0.459   0.453   0.033   0.077   0.004   0.004   0.335   0.002   0.000   0.004   0.000 833979400
 9.60    5.21    62.853
 9.60 18.00   1.143   1.718
 9.60 18.00   2.861    68.827
 9.60 18.00   2.564   1.367   2.861   0.508
 9.60 18.00   2.566   1.360   2.861   0.500

 9.61  0.00   0.459   0.453   0.033   0.077   0.004   0.004   0.335   0.002   0.000   0.004   0.000 834848100
 9.61    5.20    62.839
 9.61 18.00   1.142   1.718
 9.61 18.00   2.860    68.820
 9.61 18.00   2.564   1.367   2.860   0.508
 9.61 18.00   2.566   1.360   2.860   0.500

 9.62  0.00   0.459   0.452   0.033   0.077   0.004   0.004   0.335   0.002   0.000   0.004   0.000 835716800
 9.62    5.20    62.825
 9.62 18.00   1.142   1.718
 9.62 18.00   2.860    68.814
 9.62 18.00   2.563   1.366   2.860   0.508
 9.62 18.00   2.565   1.360   2.860   0.500

 9.63  0.00   0.459   0.452   0.033   0.077   0.004   0.004   0.335   0.002   0.000   0.004   0.000 836585600
 9.63    5.20    62.811
 9.63 18.00   1.141   1.718
 9.63 18.00   2.859    68.807
 9.63 18.00   2.563   1.366   2.859   0.507
 9.63 18.00   2.565   1.359   2.859   0.500

 9.64  0.00   0.459   0.452   0.033   0.077   0.004   0.004   0.335   0.002   0.000   0.004   0.000 837454300
 9.64    5.20    62.798
 9.64 18.00   1.140   1.718
 9.64 18.00   2.859    68.800
 9.64 18.00   2.562   1.366   2.859   0.507
 9.64 18.00   2.564   1.359   2.859   0.500

 9.65  0.00   0.459   0.452   0.033   0.077   0.004   0.004   0.335   0.002   0.000   0.004   0.000 838323000
 9.65    5.20    62.784
 9.65 18.00   1.140   1.718
 9.65 18.00   2.858    68.793
 9.65 18.00   2.562   1.366   2.858   0.507
 9.65 18.00   2.564   1.359   2.858   0.500

 9.66  0.00   0.459   0.452   0.033   0.077   0.004   0.004   0.335   0.002   0.000   0.004   0.000 839191700
 9.66    5.19    62.770
 9.66 18.00   1.139   1.718
 9.66 18.00   2.858    68.787
 9.66 18.00   2.561   1.365   2.858   0.507
 9.66 18.00   2.563   1.358   2.858   0.500

 9.67  0.00   0.459   0.452   0.033   0.077   0.004   0.004   0.335   0.002   0.000   0.004   0.000 840060500
 9.67    5.19    62.756
 9.67 18.00   1.139   1.718
 9.67 18.00   2.857    68.780
 9.67 18.00   2.561   1.365   2.857   0.507
 9.67 18.00   2.563   1.358   2.857   0.500

 9.68  0.00   0.459   0.452   0.033   0.077   0.004   0.004   0.335   0.002   0.000   0.004   0.000 840929200
 9.68    5.19    62.742
 9.68 18.00   1.138   1.718
 9.68 18.00   2.857    68.773
 9.68 18.00   2.560   1.365   2.857   0.507
 9.68 18.00   2.562   1.358   2.857   0.500

 9.69  0.00   0.458   0.452   0.033   0.077   0.004   0.004   0.335   0.002   0.000   0.004   0.000 841797900
 9.69    5.19    62.729
 9.69 18.00   1.138   1.718
 9.69 18.00   2.856    68.767
 9.69 18.00   2.560   1.365   2.856   0.507
 9.69 18.00   2.562   1.358   2.856   0.500

 9.70  0.00   0.458   0.452   0.033   0.077   0.004   0.004   0.335   0.002   0.000   0.004   0.000 842666600
 9.70    5.19    62.715
 9.70 18.00   1.137   1.718
 9.70 18.00   2.855    68.760
 9.70 18.00   2.559   1.364   2.855   0.507
 9.70 18.00   2.561   1.357   2.855   0.499

 9.71  0.00   0.458   0.452   0.033   0.077   0.004   0.004   0.335   0.002   0.000   0.004   0.000 843535400
 9.71    5.19    62.701
 9.71 18.00   1.137   1.718
 9.71 18.00   2.855    68.753
 9.71 18.00   2.559   1.364   2.855   0.507
 9.71 18.00   2.561   1.357   2.855   0.499

 9.72  0.00   0.458   0.452   0.033   0.077   0.004   0.004   0.335   0.002   0.000   0.004   0.000 844404200
 9.72    5.18    62.687
 9.72 18.00   1.136   1.718
 9.72 18.00   2.854    68.747
 9.72 18.00   2.558   1.364   2.854   0.507
 9.72 18.00   2.560   1.357   2.854   0.499

 9.73  0.00   0.458   0.452   0.033   0.077   0.004   0.004   0.335   0.002   0.000   0.004   0.000 845272800
 9.73    5.18    62.674
 9.73 18.00   1.135   1.718
 9.73 18.00   2.854    68.740
 9.73 18.00   2.558   1.364   2.854   0.507
 9.73 18.00   2.560   1.357   2.854   0.499

 9.74  0.00   0.458   0.451   0.033   0.077   0.004   0.004   0.335   0.002   0.000   0.004   0.000 846141600
 9.74    5.18    62.660
 9.74 18.00   1.135   1.718
 9.74 18.00   2.853    68.733
 9.74 18.00   2.557   1.363   2.853   0.506
 9.74 18.00   2.559   1.356   2.853   0.499

 9.75  0.00   0.458   0.451   0.033   0.077   0.004   0.004   0.335   0.002   0.000   0.004   0.000 847010300
 9.75    5.18    62.646
 9.75 18.00   1.134   1.718
 9.75 18.00   2.853    68.727
 9.75 18.00   2.557   1.363   2.853   0.506
 9.75 18.00   2.559   1.356   2.853   0.499

 9.76  0.00   0.458   0.451   0.033   0.077   0.004   0.004   0.335   0.002   0.000   0.004   0.000 847879000
 9.76    5.18    62.633
 9.76 18.00   1.134   1.718
 9.76 18.00   2.852    68.720
 9.76 18.00   2.556   1.363   2.852   0.506
 9.76 18.00   2.558   1.356   2.852   0.499

 9.77  0.00   0.458   0.451   0.032   0.077   0.004   0.004   0.335   0.002   0.000   0.004   0.000 848747800
 9.77    5.18    62.619
 9.77 18.00   1.133   1.718
 9.77 18.00   2.852    68.714
 9.77 18.00   2.556   1.363   2.852   0.506
 9.77 18.00   2.558   1.356   2.852   0.499

 9.78  0.00   0.458   0.451   0.032   0.077   0.004   0.004   0.335   0.002   0.000   0.004   0.000 849616400
 9.78    5.17    62.606
 9.78 18.00   1.133   1.718
 9.78 18.00   2.851    68.707
 9.78 18.00   2.555   1.362   2.851   0.506
 9.78 18.00   2.557   1.355   2.851   0.499

 9.79  0.00   0.458   0.451   0.032   0.077   0.004   0.004   0.335   0.002   0.000   0.004   0.000 850485200
 9.79    5.17    62.592
 9.79 18.00   1.132   1.718
 9.79 18.00   2.851    68.700
 9.79 18.00   2.555   1.362   2.851   0.506
 9.79 18.00   2.557   1.355   2.851   0.499

 9.80  0.00   0.458   0.451   0.032   0.077   0.004   0.004   0.335   0.002   0.000   0.004   0.000 851354000
 9.80    5.17    62.579
 9.80 18.00   1.132   1.718
 9.80 18.00   2.850    68.694
 9.80 18.00   2.554   1.362   2.850   0.506
 9.80 18.00   2.556   1.355   2.850   0.499

 9.81  0.00   0.457   0.451   0.032   0.077   0.004   0.004   0.335   0.002   0.000   0.004   0.000 852222700
 9.81    5.17    62.565
 9.81 18.00   1.131   1.718
 9.81 18.00   2.849    68.687
 9.81 18.00   2.554   1.362   2.849   0.506
 9.81 18.00   2.556   1.355   2.849   0.498

 9.82  0.00   0.457   0.451   0.032   0.077   0.004   0.004   0.335   0.002   0.000   0.004   0.000 853091400
 9.82    5.17    62.552
 9.82 18.00   1.131   1.718
 9.82 18.00   2.849    68.681
 9.82 18.00   2.553   1.361   2.849   0.506
 9.82 18.00   2.556   1.354   2.849   0.498

 9.83  0.00   0.457   0.451   0.032   0.077   0.004   0.004   0.335   0.002   0.000   0.004   0.000 853960100
 9.83    5.16    62.538
 9.83 18.00   1.130   1.718
 9.83 18.00   2.848    68.674
 9.83 18.00   2.553   1.361   2.848   0.506
 9.83 18.00   2.555   1.354   2.848   0.498

 9.84  0.00   0.457   0.451   0.032   0.077   0.004   0.004   0.335   0.002   0.000   0.004   0.000 854828900
 9.84    5.16    62.525
 9.84 18.00   1.130   1.718
 9.84 18.00   2.848    68.668
 9.84 18.00   2.552   1.361   2.848   0.506
 9.84 18.00   2.555   1.354   2.848   0.498

 9.85  0.00   0.457   0.451   0.032   0.077   0.004   0.004   0.335   0.002   0.000   0.004   0.000 855697600
 9.85    5.16    62.511
 9.85 18.00   1.129   1.718
 9.85 18.00   2.847    68.661
 9.85 18.00   2.552   1.361   2.847   0.505
 9.85 18.00   2.554   1.354   2.847   0.498

 9.86  0.00   0.457   0.450   0.032   0.077   0.004   0.004   0.335   0.002   0.000   0.004   0.000 856566300
 9.86    5.16    62.498
 9.86 18.00   1.128   1.718
 9.86 18.00   2.847    68.655
 9.86 18.00   2.551   1.360   2.847   0.505
 9.86 18.00   2.554   1.353   2.847   0.498

 9.87  0.00   0.457   0.450   0.032   0.077   0.004   0.004   0.335   0.002   0.000   0.004   0.000 857435000
 9.87    5.16    62.484
 9.87 18.00   1.128   1.718
 9.87 18.00   2.846    68.648
 9.87 18.00   2.551   1.360   2.846   0.505
 9.87 18.00   2.553   1.353   2.846   0.498

 9.88  0.00   0.457   0.450   0.032   0.077   0.004   0.004   0.335   0.002   0.000   0.004   0.000 858303800
 9.88    5.16    62.471
 9.88 18.00   1.127   1.718
 9.88 18.00   2.846    68.642
 9.88 18.00   2.550   1.360   2.846   0.505
 9.88 18.00   2.553   1.353   2.846   0.498

 9.89  0.00   0.457   0.450   0.032   0.076   0.004   0.004   0.335   0.002   0.000   0.004   0.000 859172500
 9.89    5.15    62.457
 9.89 18.00   1.127   1.718
 9.89 18.00   2.845    68.635
 9.89 18.00   2.550   1.360   2.845   0.505
 9.89 18.00   2.552   1.353   2.845   0.498

 9.90  0.00   0.457   0.450   0.032   0.076   0.004   0.004   0.335   0.002   0.000   0.004   0.000 860041200
 9.90    5.15    62.444
 9.90 18.00   1.126   1.718
 9.90 18.00   2.845    68.629
 9.90 18.00   2.549   1.359   2.845   0.505
 9.90 18.00   2.552   1.352   2.845   0.498

 9.91  0.00   0.457   0.450   0.032   0.076   0.004   0.004   0.335   0.002   0.000   0.004   0.000 860910000
 9.91    5.15    62.431
 9.91 18.00   1.126   1.718
 9.91 18.00   2.844    68.622
 9.91 18.00   2.549   1.359   2.844   0.505
 9.91 18.00   2.551   1.352   2.844   0.498

 9.92  0.00   0.457   0.450   0.032   0.076   0.004   0.004   0.335   0.002   0.000   0.004   0.000 861778700
 9.92    5.15    62.417
 9.92 18.00   1.125   1.718
 9.92 18.00   2.844    68.616
 9.92 18.00   2.548   1.359   2.844   0.505
 9.92 18.00   2.551   1.352   2.844   0.497

 9.93  0.00   0.457   0.450   0.032   0.076   0.004   0.004   0.335   0.002   0.000   0.004   0.000 862647400
 9.93    5.15    62.404
 9.93 18.00   1.125   1.718
 9.93 18.00   2.843    68.610
 9.93 18.00   2.548   1.359   2.843   0.505
 9.93 18.00   2.550   1.352   2.843   0.497

 9.94  0.00   0.456   0.450   0.032   0.076   0.004   0.004   0.335   0.002   0.000   0.004   0.000 863516100
 9.94    5.15    62.391
 9.94 18.00   1.124   1.718
 9.94 18.00   2.843    68.603
 9.94 18.00   2.547   1.358   2.843   0.505
 9.94 18.00   2.550   1.351   2.843   0.497

 9.95  0.00   0.456   0.450   0.032   0.076   0.004   0.004   0.335   0.002   0.000   0.004   0.000 864384800
 9.95    5.14    62.377
 9.95 18.00   1.124   1.718
 9.95 18.00   2.842    68.597
 9.95 18.00   2.547   1.358   2.842   0.505
 9.95 18.00   2.549   1.351   2.842   0.497

 9.96  0.00   0.456   0.450   0.032   0.076   0.004   0.004   0.335   0.002   0.000   0.004   0.000 865253600
 9.96    5.14    62.364
 9.96 18.00   1.123   1.718
 9.96 18.00   2.841    68.590
 9.96 18.00   2.547   1.358   2.841   0.504
 9.96 18.00   2.549   1.351   2.841   0.497

 9.97  0.00   0.456   0.450   0.032   0.076   0.004   0.004   0.335   0.002   0.000   0.004   0.000 866122400
 9.97    5.14    62.351
 9.97 18.00   1.123   1.718
 9.97 18.00   2.841    68.584
 9.97 18.00   2.546   1.358   2.841   0.504
 9.97 18.00   2.548   1.351   2.841   0.497

 9.98  0.00   0.456   0.449   0.032   0.076   0.004   0.004   0.335   0.002   0.000   0.004   0.000 866991000
 9.98    5.14    62.338
 9.98 18.00   1.122   1.718
 9.98 18.00   2.840    68.578
 9.98 18.00   2.546   1.357   2.840   0.504
 9.98 18.00   2.548   1.350   2.840   0.497

 9.99  0.00   0.456   0.449   0.032   0.076   0.003   0.004   0.335   0.002   0.000   0.004   0.000 867859800
 9.99    5.14    62.325
 9.99 18.00   1.122   1.718
 9.99 18.00   2.840    68.571
 9.99 18.00   2.545   1.357   2.840   0.504
 9.99 18.00   2.547   1.350   2.840   0.497

10.00  0.00   0.456   0.449   0.032   0.076   0.003   0.004   0.335   0.002   0.000   0.004   0.000 868728500
10.00    5.14    62.311
10.00 18.00   1.121   1.718
10.00 18.00   2.839    68.565
10.00 18.00   2.545   1.357   2.839   0.504
10.00 18.00   2.547   1.350   2.839   0.497

10.01  0.00   0.456   0.449   0.032   0.076   0.003   0.004   0.335   0.002   0.000   0.004   0.000 869597200
10.01    5.13    62.298
10.01 18.00   1.121   1.718
10.01 18.00   2.839    68.559
10.01 18.00   2.544   1.357   2.839   0.504
10.01 18.00   2.546   1.350   2.839   0.497

10.02  0.00   0.456   0.449   0.032   0.076   0.003   0.004   0.335   0.002   0.000   0.004   0.000 870466000
10.02    5.13    62.285
10.02 18.00   1.120   1.718
10.02 18.00   2.838    68.552
10.02 18.00   2.544   1.356   2.838   0.504
10.02 18.00   2.546   1.349   2.838   0.497

10.03  0.00   0.456   0.449   0.032   0.076   0.003   0.004   0.335   0.002   0.000   0.004   0.000 871334700
10.03    5.13    62.272
10.03 18.00   1.119   1.718
10.03 18.00   2.838    68.546
10.03 18.00   2.543   1.356   2.838   0.504
10.03 18.00   2.545   1.349   2.838   0.497

10.04  0.00   0.456   0.449   0.032   0.076   0.003   0.004   0.334   0.002   0.000   0.004   0.000 872203500
10.04    5.13    62.259
10.04 18.00   1.119   1.718
10.04 18.00   2.837    68.540
10.04 18.00   2.543   1.356   2.837   0.504
10.04 18.00   2.545   1.349   2.837   0.497

10.05  0.00   0.456   0.449   0.032   0.076   0.003   0.004   0.334   0.002   0.000   0.004   0.000 873072200
10.05    5.13    62.246
10.05 18.00   1.118   1.718
10.05 18.00   2.837    68.533
10.05 18.00   2.542   1.356   2.837   0.504
10.05 18.00   2.545   1.349   2.837   0.497

10.06  0.00   0.456   0.449   0.032   0.076   0.003   0.004   0.334   0.002   0.000   0.004   0.000 873940900
10.06    5.13    62.233
10.06 18.00   1.118   1.718
10.06 18.00   2.836    68.527
10.06 18.00   2.542   1.356   2.836   0.504
10.06 18.00   2.544   1.349   2.836   0.497

10.07  0.00   0.456   0.449   0.032   0.076   0.003   0.004   0.334   0.002   0.000   0.004   0.000 874809600
10.07    5.12    62.219
10.07 18.00   1.117   1.718
10.07 18.00   2.836    68.521
10.07 18.00   2.541   1.355   2.836   0.504
10.07 18.00   2.544   1.349   2.836   0.497

10.08  0.00   0.456   0.449   0.032   0.076   0.003   0.004   0.334   0.002   0.000   0.004   0.000 875678300
10.08    5.12    62.206
10.08 18.00   1.117   1.718
10.08 18.00   2.835    68.514
10.08 18.00   2.541   1.355   2.835   0.504
10.08 18.00   2.543   1.348   2.835   0.496

10.09  0.00   0.456   0.449   0.032   0.076   0.003   0.004   0.334   0.002   0.000   0.004   0.000 876547100
10.09    5.12    62.193
10.09 18.00   1.116   1.718
10.09 18.00   2.835    68.508
10.09 18.00   2.540   1.355   2.835   0.504
10.09 18.00   2.543   1.348   2.835   0.496

10.10  0.00   0.456   0.449   0.032   0.076   0.003   0.004   0.334   0.002   0.000   0.004   0.000 877415800
10.10    5.12    62.180
10.10 18.00   1.116   1.718
10.10 18.00   2.834    68.502
10.10 18.00   2.540   1.355   2.834   0.504
10.10 18.00   2.542   1.348   2.834   0.496

10.11  0.00   0.456   0.449   0.032   0.076   0.003   0.004   0.334   0.002   0.000   0.004   0.000 878284500
10.11    5.12    62.167
10.11 18.00   1.115   1.718
10.11 18.00   2.834    68.496
10.11 18.00   2.539   1.355   2.834   0.504
10.11 18.00   2.542   1.348   2.834   0.496

10.12  0.00   0.456   0.449   0.032   0.076   0.003   0.004   0.334   0.002   0.000   0.004   0.000 879153300
10.12    5.12    62.154
10.12 18.00   1.115   1.718
10.12 18.00   2.833    68.489
10.12 18.00   2.539   1.355   2.833   0.504
10.12 18.00   2.541   1.348   2.833   0.496

10.13  0.00   0.456   0.449   0.032   0.076   0.003   0.004   0.334   0.002   0.000   0.004   0.000 880022000
10.13    5.11    62.141
10.13 18.00   1.114   1.718
10.13 18.00   2.833    68.483
10.13 18.00   2.538   1.354   2.833   0.504
10.13 18.00   2.541   1.347   2.833   0.496

10.14  0.00   0.455   0.449   0.032   0.076   0.003   0.004   0.334   0.002   0.000   0.004   0.000 880890800
10.14    5.11    62.128
10.14 18.00   1.114   1.718
10.14 18.00   2.832    68.477
10.14 18.00   2.538   1.354   2.832   0.504
10.14 18.00   2.540   1.347   2.832   0.496

10.15  0.00   0.455   0.449   0.032   0.076   0.003   0.004   0.334   0.002   0.000   0.004   0.000 881759400
10.15    5.11    62.116
10.15 18.00   1.113   1.718
10.15 18.00   2.832    68.471
10.15 18.00   2.537   1.354   2.832   0.504
10.15 18.00   2.540   1.347   2.832   0.496

10.16  0.00   0.455   0.449   0.032   0.076   0.003   0.004   0.334   0.002   0.000   0.004   0.000 882628200
10.16    5.11    62.103
10.16 18.00   1.113   1.718
10.16 18.00   2.831    68.465
10.16 18.00   2.537   1.354   2.831   0.504
10.16 18.00   2.539   1.347   2.831   0.496

10.17  0.00   0.455   0.449   0.032   0.076   0.003   0.004   0.334   0.002   0.000   0.004   0.000 883496900
10.17    5.11    62.090
10.17 18.00   1.112   1.718
10.17 18.00   2.831    68.459
10.17 18.00   2.537   1.354   2.831   0.503
10.17 18.00   2.539   1.347   2.831   0.496

10.18  0.00   0.455   0.449   0.032   0.076   0.003   0.004   0.334   0.002   0.000   0.004   0.000 884365600
10.18    5.11    62.077
10.18 18.00   1.112   1.718
10.18 18.00   2.830    68.452
10.18 18.00   2.536   1.353   2.830   0.503
10.18 18.00   2.538   1.346   2.830   0.496

10.19  0.00   0.455   0.449   0.032   0.076   0.003   0.004   0.334   0.002   0.000   0.004   0.000 885234300
10.19    5.11    62.064
10.19 18.00   1.111   1.718
10.19 18.00   2.830    68.446
10.19 18.00   2.536   1.353   2.830   0.503
10.19 18.00   2.538   1.346   2.830   0.496

10.20  0.00   0.455   0.449   0.032   0.076   0.003   0.004   0.334   0.002   0.000   0.004   0.000 886103100
10.20    5.10    62.051
10.20 18.00   1.111   1.718
10.20 18.00   2.829    68.440
10.20 18.00   2.535   1.353   2.829   0.503
10.20 18.00   2.537   1.346   2.829   0.496

10.21  0.00   0.455   0.449   0.032   0.076   0.003   0.004   0.334   0.002   0.000   0.004   0.000 886971800
10.21    5.10    62.038
10.21 18.00   1.110   1.718
10.21 18.00   2.829    68.434
10.21 18.00   2.535   1.353   2.829   0.503
10.21 18.00   2.537   1.346   2.829   0.496

10.22  0.00   0.455   0.449   0.032   0.076   0.003   0.004   0.334   0.002   0.000   0.004   0.000 887840600
10.22    5.10    62.025
10.22 18.00   1.110   1.718
10.22 18.00   2.828    68.428
10.22 18.00   2.534   1.353   2.828   0.503
10.22 18.00   2.536   1.346   2.828   0.496

10.23  0.00   0.455   0.449   0.032   0.076   0.003   0.004   0.334   0.002   0.000   0.004   0.000 888709200
10.23    5.10    62.013
10.23 18.00   1.109   1.718
10.23 18.00   2.828    68.422
10.23 18.00   2.534   1.352   2.828   0.503
10.23 18.00   2.536   1.345   2.828   0.496

10.24  0.00   0.455   0.449   0.032   0.076   0.003   0.004   0.334   0.002   0.000   0.004   0.000 889578000
10.24    5.10    62.000
10.24 18.00   1.109   1.718
10.24 18.00   2.827    68.416
10.24 18.00   2.533   1.352   2.827   0.503
10.24 18.00   2.536   1.345   2.827   0.496

10.25  0.00   0.455   0.449   0.032   0.076   0.003   0.004   0.334   0.002   0.000   0.004   0.000 890446700
10.25    5.10    61.987
10.25 18.00   1.108   1.718
10.25 18.00   2.827    68.409
10.25 18.00   2.533   1.352   2.827   0.503
10.25 18.00   2.535   1.345   2.827   0.496

10.26  0.00   0.455   0.448   0.032   0.076   0.003   0.004   0.334   0.002   0.000   0.004   0.000 891315500
10.26    5.09    61.974
10.26 18.00   1.108   1.718
10.26 18.00   2.826    68.403
10.26 18.00   2.532   1.352   2.826   0.503
10.26 18.00   2.535   1.345   2.826   0.496

10.27  0.00   0.455   0.448   0.032   0.076   0.003   0.004   0.334   0.002   0.000   0.004   0.000 892184300
10.27    5.09    61.962
10.27 18.00   1.107   1.718
10.27 18.00   2.826    68.397
10.27 18.00   2.532   1.352   2.826   0.503
10.27 18.00   2.534   1.345   2.826   0.496

10.28  0.00   0.455   0.448   0.032   0.076   0.003   0.004   0.334   0.002   0.000   0.004   0.000 893052900
10.28    5.09    61.949
10.28 18.00   1.107   1.718
10.28 18.00   2.825    68.391
10.28 18.00   2.531   1.351   2.825   0.503
10.28 18.00   2.534   1.345   2.825   0.496

10.29  0.00   0.455   0.448   0.032   0.076   0.003   0.004   0.334   0.002   0.000   0.004   0.000 893921700
10.29    5.09    61.936
10.29 18.00   1.106   1.718
10.29 18.00   2.825    68.385
10.29 18.00   2.531   1.351   2.825   0.503
10.29 18.00   2.533   1.344   2.825   0.496

10.30  0.00   0.455   0.448   0.032   0.076   0.003   0.004   0.334   0.002   0.000   0.004   0.000 894790400
10.30    5.09    61.924
10.30 18.00   1.106   1.718
10.30 18.00   2.824    68.379
10.30 18.00   2.530   1.351   2.824   0.503
10.30 18.00   2.533   1.344   2.824   0.496

10.31  0.00   0.455   0.448   0.032   0.076   0.003   0.004   0.334   0.002   0.000   0.004   0.000 895659100
10.31    5.09    61.911
10.31 18.00   1.105   1.718
10.31 18.00   2.824    68.373
10.31 18.00   2.530   1.351   2.824   0.503
10.31 18.00   2.532   1.344   2.824   0.496

10.32  0.00   0.455   0.448   0.032   0.076   0.003   0.004   0.334   0.002   0.000   0.004   0.000 896527800
10.32    5.08    61.898
10.32 18.00   1.105   1.718
10.32 18.00   2.823    68.367
10.32 18.00   2.530   1.351   2.823   0.503
10.32 18.00   2.532   1.344   2.823   0.496

10.33  0.00   0.455   0.448   0.032   0.076   0.003   0.004   0.334   0.002   0.000   0.004   0.000 897396500
10.33    5.08    61.886
10.33 18.00   1.104   1.718
10.33 18.00   2.823    68.361
10.33 18.00   2.529   1.351   2.823   0.503
10.33 18.00   2.531   1.344   2.823   0.496

10.34  0.00   0.455   0.448   0.032   0.076   0.003   0.004   0.334   0.002   0.000   0.004   0.000 898265300
10.34    5.08    61.873
10.34 18.00   1.104   1.718
10.34 18.00   2.822    68.355
10.34 18.00   2.529   1.350   2.822   0.503
10.34 18.00   2.531   1.343   2.822   0.496

10.35  0.00   0.455   0.448   0.032   0.076   0.003   0.004   0.334   0.002   0.000   0.004   0.000 899134100
10.35    5.08    61.860
10.35 18.00   1.103   1.718
10.35 18.00   2.822    68.349
10.35 18.00   2.528   1.350   2.822   0.503
10.35 18.00   2.530   1.343   2.822   0.496

10.36  0.00   0.455   0.448   0.032   0.076   0.003   0.004   0.334   0.002   0.000   0.004   0.000 900002700
10.36    5.08    61.848
10.36 18.00   1.103   1.718
10.36 18.00   2.821    68.343
10.36 18.00   2.528   1.350   2.821   0.503
10.36 18.00   2.530   1.343   2.821   0.496

10.37  0.00   0.455   0.448   0.032   0.076   0.003   0.004   0.334   0.002   0.000   0.004   0.000 900871500
10.37    5.08    61.835
10.37 18.00   1.102   1.718
10.37 18.00   2.821    68.337
10.37 18.00   2.527   1.350   2.821   0.503
10.37 18.00   2.530   1.343   2.821   0.495

10.38  0.00   0.455   0.448   0.032   0.076   0.003   0.004   0.334   0.002   0.000   0.004   0.000 901740200
10.38    5.08    61.823
10.38 18.00   1.102   1.718
10.38 18.00   2.820    68.331
10.38 18.00   2.527   1.350   2.820   0.503
10.38 18.00   2.529   1.343   2.820   0.495

10.39  0.00   0.455   0.448   0.032   0.076   0.003   0.004   0.334   0.002   0.000   0.004   0.000 902609000
10.39    5.07    61.810
10.39 18.00   1.101   1.718
10.39 18.00   2.820    68.325
10.39 18.00   2.526   1.349   2.820   0.503
10.39 18.00   2.529   1.342   2.820   0.495

10.40  0.00   0.455   0.448   0.032   0.076   0.003   0.004   0.334   0.002   0.000   0.004   0.000 903477600
10.40    5.07    61.798
10.40 18.00   1.101   1.718
10.40 18.00   2.819    68.319
10.40 18.00   2.526   1.349   2.819   0.503
10.40 18.00   2.528   1.342   2.819   0.495

10.41  0.00   0.455   0.448   0.032   0.076   0.003   0.004   0.334   0.002   0.000   0.004   0.000 904346400
10.41    5.07    61.785
10.41 18.00   1.100   1.718
10.41 18.00   2.819    68.313
10.41 18.00   2.525   1.349   2.819   0.503
10.41 18.00   2.528   1.342   2.819   0.495

10.42  0.00   0.455   0.448   0.032   0.076   0.003   0.004   0.334   0.002   0.000   0.004   0.000 905215100
10.42    5.07    61.773
10.42 18.00   1.100   1.718
10.42 18.00   2.818    68.307
10.42 18.00   2.525   1.349   2.818   0.503
10.42 18.00   2.527   1.342   2.818   0.495

10.43  0.00   0.455   0.448   0.032   0.076   0.003   0.004   0.334   0.002   0.000   0.004   0.000 906083800
10.43    5.07    61.760
10.43 18.00   1.099   1.718
10.43 18.00   2.818    68.301
10.43 18.00   2.525   1.349   2.818   0.503
10.43 18.00   2.527   1.342   2.818   0.495

10.44  0.00   0.455   0.448   0.032   0.076   0.003   0.004   0.334   0.002   0.000   0.004   0.000 906952500
10.44    5.07    61.748
10.44 18.00   1.099   1.718
10.44 18.00   2.817    68.296
10.44 18.00   2.524   1.349   2.817   0.503
10.44 18.00   2.526   1.342   2.817   0.495

10.45  0.00   0.455   0.448   0.032   0.076   0.003   0.004   0.334   0.002   0.000   0.004   0.000 907821300
10.45    5.06    61.735
10.45 18.00   1.098   1.718
10.45 18.00   2.817    68.290
10.45 18.00   2.524   1.348   2.817   0.503
10.45 18.00   2.526   1.341   2.817   0.495

10.46  0.00   0.455   0.448   0.032   0.076   0.003   0.004   0.334   0.002   0.000   0.004   0.000 908690000
10.46    5.06    61.723
10.46 18.00   1.098   1.718
10.46 18.00   2.816    68.284
10.46 18.00   2.523   1.348   2.816   0.502
10.46 18.00   2.525   1.341   2.816   0.495

10.47  0.00   0.454   0.448   0.032   0.076   0.003   0.004   0.334   0.002   0.000   0.004   0.000 909558800
10.47    5.06    61.710
10.47 18.00   1.098   1.718
10.47 18.00   2.816    68.278
10.47 18.00   2.523   1.348   2.816   0.502
10.47 18.00   2.525   1.341   2.816   0.495

10.48  0.00   0.454   0.448   0.032   0.076   0.003   0.004   0.334   0.002   0.000   0.004   0.000 910427500
10.48    5.06    61.698
10.48 18.00   1.097   1.718
10.48 18.00   2.815    68.272
10.48 18.00   2.522   1.348   2.815   0.502
10.48 18.00   2.525   1.341   2.815   0.495

10.49  0.00   0.454   0.448   0.032   0.076   0.003   0.004   0.334   0.002   0.000   0.004   0.000 911296200
10.49    5.06    61.686
10.49 18.00   1.097   1.718
10.49 18.00   2.815    68.266
10.49 18.00   2.522   1.348   2.815   0.502
10.49 18.00   2.524   1.341   2.815   0.495

10.50  0.00   0.454   0.448   0.032   0.076   0.003   0.004   0.334   0.002   0.000   0.004   0.000 912164900
10.50    5.06    61.673
10.50 18.00   1.096   1.718
10.50 18.00   2.814    68.260
10.50 18.00   2.521   1.347   2.814   0.502
10.50 18.00   2.524   1.341   2.814   0.495

10.51  0.00   0.454   0.448   0.032   0.076   0.003   0.004   0.334   0.002   0.000   0.004   0.000 913033700
10.51    5.06    61.661
10.51 18.00   1.096   1.718
10.51 18.00   2.814    68.254
10.51 18.00   2.521   1.347   2.814   0.502
10.51 18.00   2.523   1.340   2.814   0.495

10.52  0.00   0.454   0.448   0.032   0.076   0.003   0.004   0.334   0.002   0.000   0.004   0.000 913902500
10.52    5.05    61.649
10.52 18.00   1.095   1.718
10.52 18.00   2.813    68.249
10.52 18.00   2.521   1.347   2.813   0.502
10.52 18.00   2.523   1.340   2.813   0.495

10.53  0.00   0.454   0.448   0.032   0.076   0.003   0.004   0.334   0.002   0.000   0.004   0.000 914771100
10.53    5.05    61.636
10.53 18.00   1.095   1.718
10.53 18.00   2.813    68.243
10.53 18.00   2.520   1.347   2.813   0.502
10.53 18.00   2.522   1.340   2.813   0.495

10.54  0.00   0.454   0.448   0.032   0.076   0.003   0.004   0.334   0.002   0.000   0.004   0.000 915639900
10.54    5.05    61.624
10.54 18.00   1.094   1.718
10.54 18.00   2.813    68.237
10.54 18.00   2.520   1.347   2.813   0.502
10.54 18.00   2.522   1.340   2.813   0.495

10.55  0.00   0.454   0.448   0.032   0.076   0.003   0.004   0.334   0.002   0.000   0.004   0.000 916508600
10.55    5.05    61.612
10.55 18.00   1.094   1.718
10.55 18.00   2.812    68.231
10.55 18.00   2.519   1.347   2.812   0.502
10.55 18.00   2.521   1.340   2.812   0.495

10.56  0.00   0.454   0.448   0.032   0.076   0.003   0.004   0.334   0.002   0.000   0.004   0.000 917377300
10.56    5.05    61.600
10.56 18.00   1.093   1.718
10.56 18.00   2.812    68.225
10.56 18.00   2.519   1.346   2.812   0.502
10.56 18.00   2.521   1.339   2.812   0.495

10.57  0.00   0.454   0.448   0.032   0.076   0.003   0.004   0.334   0.002   0.000   0.004   0.000 918246000
10.57    5.05    61.587
10.57 18.00   1.093   1.718
10.57 18.00   2.811    68.219
10.57 18.00   2.518   1.346   2.811   0.502
10.57 18.00   2.521   1.339   2.811   0.495

10.58  0.00   0.454   0.448   0.032   0.076   0.003   0.004   0.334   0.002   0.000   0.004   0.000 919114800
10.58    5.04    61.575
10.58 18.00   1.092   1.718
10.58 18.00   2.811    68.214
10.58 18.00   2.518   1.346   2.811   0.502
10.58 18.00   2.520   1.339   2.811   0.495

10.59  0.00   0.454   0.447   0.032   0.076   0.003   0.004   0.334   0.002   0.000   0.004   0.000 919983500
10.59    5.04    61.563
10.59 18.00   1.092   1.718
10.59 18.00   2.810    68.208
10.59 18.00   2.517   1.346   2.810   0.502
10.59 18.00   2.520   1.339   2.810   0.495

10.60  0.00   0.454   0.447   0.032   0.076   0.003   0.004   0.334   0.002   0.000   0.004   0.000 920852300
10.60    5.04    61.551
10.60 18.00   1.091   1.718
10.60 18.00   2.810    68.202
10.60 18.00   2.517   1.346   2.810   0.502
10.60 18.00   2.519   1.339   2.810   0.495

10.61  0.00   0.454   0.447   0.032   0.076   0.003   0.004   0.334   0.002   0.000   0.004   0.000 921721000
10.61    5.04    61.538
10.61 18.00   1.091   1.718
10.61 18.00   2.809    68.196
10.61 18.00   2.517   1.346   2.809   0.502
10.61 18.00   2.519   1.339   2.809   0.495

10.62  0.00   0.454   0.447   0.032   0.076   0.003   0.004   0.334   0.002   0.000   0.004   0.000 922589700
10.62    5.04    61.526
10.62 18.00   1.090   1.718
10.62 18.00   2.809    68.191
10.62 18.00   2.516   1.345   2.809   0.502
10.62 18.00   2.518   1.338   2.809   0.495

10.63  0.00   0.454   0.447   0.032   0.076   0.003   0.004   0.334   0.002   0.000   0.004   0.000 923458400
10.63    5.04    61.514
10.63 18.00   1.090   1.718
10.63 18.00   2.808    68.185
10.63 18.00   2.516   1.345   2.808   0.502
10.63 18.00   2.518   1.338   2.808   0.495

10.64  0.00   0.454   0.447   0.032   0.076   0.003   0.004   0.334   0.002   0.000   0.004   0.000 924327200
10.64    5.04    61.502
10.64 18.00   1.089   1.718
10.64 18.00   2.808    68.179
10.64 18.00   2.515   1.345   2.808   0.502
10.64 18.00   2.518   1.338   2.808   0.495

10.65  0.00   0.454   0.447   0.032   0.076   0.003   0.004   0.333   0.002   0.000   0.004   0.000 925195800
10.65    5.03    61.490
10.65 18.00   1.089   1.718
10.65 18.00   2.807    68.173
10.65 18.00   2.515   1.345   2.807   0.502
10.65 18.00   2.517   1.338   2.807   0.495

10.66  0.00   0.454   0.447   0.032   0.076   0.003   0.004   0.333   0.002   0.000   0.004   0.000 926064600
10.66    5.03    61.478
10.66 18.00   1.089   1.718
10.66 18.00   2.807    68.168
10.66 18.00   2.514   1.345   2.807   0.502
10.66 18.00   2.517   1.338   2.807   0.495

10.67  0.00   0.454   0.447   0.032   0.076   0.003   0.004   0.333   0.002   0.000   0.004   0.000 926933300
10.67    5.03    61.466
10.67 18.00   1.088   1.718
10.67 18.00   2.806    68.162
10.67 18.00   2.514   1.344   2.806   0.502
10.67 18.00   2.516   1.338   2.806   0.494

10.68  0.00   0.454   0.447   0.032   0.076   0.003   0.004   0.333   0.002   0.000   0.004   0.000 927802100
10.68    5.03    61.454
10.68 18.00   1.088   1.718
10.68 18.00   2.806    68.156
10.68 18.00   2.514   1.344   2.806   0.502
10.68 18.00   2.516   1.337   2.806   0.494

10.69  0.00   0.454   0.447   0.032   0.076   0.003   0.004   0.333   0.002   0.000   0.004   0.000 928670700
10.69    5.03    61.442
10.69 18.00   1.087   1.718
10.69 18.00   2.805    68.151
10.69 18.00   2.513   1.344   2.805   0.502
10.69 18.00   2.515   1.337   2.805   0.494

10.70  0.00   0.454   0.447   0.032   0.076   0.003   0.004   0.333   0.002   0.000   0.004   0.000 929539500
10.70    5.03    61.429
10.70 18.00   1.087   1.718
10.70 18.00   2.805    68.145
10.70 18.00   2.513   1.344   2.805   0.502
10.70 18.00   2.515   1.337   2.805   0.494

10.71  0.00   0.454   0.447   0.032   0.076   0.003   0.004   0.333   0.002   0.000   0.004   0.000 930408300
10.71    5.03    61.417
10.71 18.00   1.086   1.718
10.71 18.00   2.805    68.139
10.71 18.00   2.512   1.344   2.805   0.502
10.71 18.00   2.515   1.337   2.805   0.494

10.72  0.00   0.454   0.447   0.032   0.076   0.003   0.004   0.333   0.002   0.000   0.004   0.000 931277000
10.72    5.02    61.405
10.72 18.00   1.086   1.718
10.72 18.00   2.804    68.134
10.72 18.00   2.512   1.344   2.804   0.502
10.72 18.00   2.514   1.337   2.804   0.494

10.73  0.00   0.454   0.447   0.032   0.076   0.003   0.004   0.333   0.002   0.000   0.004   0.000 932145700
10.73    5.02    61.393
10.73 18.00   1.085   1.718
10.73 18.00   2.804    68.128
10.73 18.00   2.511   1.343   2.804   0.502
10.73 18.00   2.514   1.336   2.804   0.494

10.74  0.00   0.454   0.447   0.032   0.076   0.003   0.004   0.333   0.002   0.000   0.004   0.000 933014400
10.74    5.02    61.381
10.74 18.00   1.085   1.718
10.74 18.00   2.803    68.122
10.74 18.00   2.511   1.343   2.803   0.502
10.74 18.00   2.513   1.336   2.803   0.494

10.75  0.00   0.454   0.447   0.032   0.076   0.003   0.004   0.333   0.002   0.000   0.004   0.000 933883100
10.75    5.02    61.369
10.75 18.00   1.084   1.718
10.75 18.00   2.803    68.117
10.75 18.00   2.511   1.343   2.803   0.502
10.75 18.00   2.513   1.336   2.803   0.494

10.76  0.00   0.454   0.447   0.032   0.076   0.003   0.004   0.333   0.002   0.000   0.004   0.000 934751900
10.76    5.02    61.358
10.76 18.00   1.084   1.718
10.76 18.00   2.802    68.111
10.76 18.00   2.510   1.343   2.802   0.502
10.76 18.00   2.512   1.336   2.802   0.494

10.77  0.00   0.454   0.447   0.032   0.076   0.003   0.004   0.333   0.002   0.000   0.004   0.000 935620700
10.77    5.02    61.346
10.77 18.00   1.083   1.718
10.77 18.00   2.802    68.106
10.77 18.00   2.510   1.343   2.802   0.501
10.77 18.00   2.512   1.336   2.802   0.494

10.78  0.00   0.454   0.447   0.032   0.076   0.003   0.004   0.333   0.002   0.000   0.004   0.000 936489300
10.78    5.02    61.334
10.78 18.00   1.083   1.718
10.78 18.00   2.801    68.100
10.78 18.00   2.509   1.343   2.801   0.501
10.78 18.00   2.512   1.336   2.801   0.494

10.79  0.00   0.454   0.447   0.032   0.076   0.003   0.004   0.333   0.002   0.000   0.004   0.000 937358100
10.79    5.01    61.322
10.79 18.00   1.083   1.718
10.79 18.00   2.801    68.094
10.79 18.00   2.509   1.342   2.801   0.501
10.79 18.00   2.511   1.335   2.801   0.494

10.80  0.00   0.454   0.447   0.032   0.076   0.003   0.004   0.333   0.002   0.000   0.004   0.000 938226800
10.80    5.01    61.310
10.80 18.00   1.082   1.718
10.80 18.00   2.800    68.089
10.80 18.00   2.508   1.342   2.800   0.501
10.80 18.00   2.511   1.335   2.800   0.494

10.81  0.00   0.453   0.447   0.032   0.076   0.003   0.004   0.333   0.002   0.000   0.004   0.000 939095600
10.81    5.01    61.298
10.81 18.00   1.082   1.718
10.81 18.00   2.800    68.083
10.81 18.00   2.508   1.342   2.800   0.501
10.81 18.00   2.510   1.335   2.800   0.494

10.82  0.00   0.453   0.447   0.032   0.076   0.003   0.004   0.333   0.002   0.000   0.004   0.000 939964200
10.82    5.01    61.286
10.82 18.00   1.081   1.718
10.82 18.00   2.800    68.078
10.82 18.00   2.508   1.342   2.800   0.501
10.82 18.00   2.510   1.335   2.800   0.494

10.83  0.00   0.453   0.447   0.032   0.076   0.003   0.004   0.333   0.002   0.000   0.004   0.000 940833000
10.83    5.01    61.274
10.83 18.00   1.081   1.718
10.83 18.00   2.799    68.072
10.83 18.00   2.507   1.342   2.799   0.501
10.83 18.00   2.509   1.335   2.799   0.494

10.84  0.00   0.453   0.447   0.032   0.076   0.003   0.004   0.333   0.002   0.000   0.004   0.000 941701700
10.84    5.01    61.262
10.84 18.00   1.080   1.718
10.84 18.00   2.799    68.066
10.84 18.00   2.507   1.342   2.799   0.501
10.84 18.00   2.509   1.335   2.799   0.494

10.85  0.00   0.453   0.447   0.032   0.076   0.003   0.004   0.333   0.002   0.000   0.004   0.000 942570500
10.85    5.00    61.251
10.85 18.00   1.080   1.718
10.85 18.00   2.798    68.061
10.85 18.00   2.506   1.341   2.798   0.501
10.85 18.00   2.509   1.334   2.798   0.494

10.86  0.00   0.453   0.447   0.032   0.076   0.003   0.004   0.333   0.002   0.000   0.004   0.000 943439200
10.86    5.00    61.239
10.86 18.00   1.079   1.718
10.86 18.00   2.798    68.055
10.86 18.00   2.506   1.341   2.798   0.501
10.86 18.00   2.508   1.334   2.798   0.494

10.87  0.00   0.453   0.447   0.032   0.076   0.003   0.004   0.333   0.002   0.000   0.004   0.000 944307900
10.87    5.00    61.227
10.87 18.00   1.079   1.718
10.87 18.00   2.797    68.050
10.87 18.00   2.505   1.341   2.797   0.501
10.87 18.00   2.508   1.334   2.797   0.494

10.88  0.00   0.453   0.447   0.032   0.076   0.003   0.004   0.333   0.002   0.000   0.004   0.000 945176600
10.88    5.00    61.215
10.88 18.00   1.078   1.718
10.88 18.00   2.797    68.044
10.88 18.00   2.505   1.341   2.797   0.501
10.88 18.00   2.507   1.334   2.797   0.494

10.89  0.00   0.453   0.447   0.032   0.076   0.003   0.004   0.333   0.002   0.000   0.004   0.000 946045400
10.89    5.00    61.203
10.89 18.00   1.078   1.718
10.89 18.00   2.796    68.039
10.89 18.00   2.505   1.341   2.796   0.501
10.89 18.00   2.507   1.334   2.796   0.494

10.90  0.00   0.453   0.447   0.032   0.076   0.003   0.004   0.333   0.002   0.000   0.004   0.000 946914000
10.90    5.00    61.192
10.90 18.00   1.078   1.718
10.90 18.00   2.796    68.033
10.90 18.00   2.504   1.341   2.796   0.501
10.90 18.00   2.507   1.334   2.796   0.494

10.91  0.00   0.453   0.447   0.032   0.076   0.003   0.004   0.333   0.002   0.000   0.004   0.000 947782800
10.91    5.00    61.180
10.91 18.00   1.077   1.718
10.91 18.00   2.795    68.028
10.91 18.00   2.504   1.340   2.795   0.501
10.91 18.00   2.506   1.333   2.795   0.494

10.92  0.00   0.453   0.447   0.032   0.076   0.003   0.004   0.333   0.002   0.000   0.004   0.000 948651500
10.92    4.99    61.168
10.92 18.00   1.077   1.718
10.92 18.00   2.795    68.022
10.92 18.00   2.503   1.340   2.795   0.501
10.92 18.00   2.506   1.333   2.795   0.494

10.93  0.00   0.453   0.447   0.032   0.076   0.003   0.004   0.333   0.002   0.000   0.004   0.000 949520300
10.93    4.99    61.157
10.93 18.00   1.076   1.718
10.93 18.00   2.795    68.017
10.93 18.00   2.503   1.340   2.795   0.501
10.93 18.00   2.505   1.333   2.795   0.494

10.94  0.00   0.453   0.446   0.032   0.076   0.003   0.004   0.333   0.002   0.000   0.004   0.000 950389000
10.94    4.99    61.145
10.94 18.00   1.076   1.718
10.94 18.00   2.794    68.011
10.94 18.00   2.503   1.340   2.794   0.501
10.94 18.00   2.505   1.333   2.794   0.494

10.95  0.00   0.453   0.446   0.032   0.076   0.003   0.004   0.333   0.002   0.000   0.004   0.000 951257700
10.95    4.99    61.133
10.95 18.00   1.075   1.718
10.95 18.00   2.794    68.006
10.95 18.00   2.502   1.340   2.794   0.501
10.95 18.00   2.504   1.333   2.794   0.494

10.96  0.00   0.453   0.446   0.032   0.076   0.003   0.004   0.333   0.002   0.000   0.004   0.000 952126500
10.96    4.99    61.122
10.96 18.00   1.075   1.718
10.96 18.00   2.793    68.001
10.96 18.00   2.502   1.340   2.793   0.501
10.96 18.00   2.504   1.333   2.793   0.494

10.97  0.00   0.453   0.446   0.032   0.076   0.003   0.004   0.333   0.002   0.000   0.004   0.000 952995200
10.97    4.99    61.110
10.97 18.00   1.074   1.718
10.97 18.00   2.793    67.995
10.97 18.00   2.501   1.339   2.793   0.501
10.97 18.00   2.504   1.332   2.793   0.494

10.98  0.00   0.453   0.446   0.032   0.076   0.003   0.004   0.333   0.002   0.000   0.004   0.000 953863900
10.98    4.99    61.098
10.98 18.00   1.074   1.718
10.98 18.00   2.792    67.990
10.98 18.00   2.501   1.339   2.792   0.501
10.98 18.00   2.503   1.332   2.792   0.494

10.99  0.00   0.453   0.446   0.032   0.076   0.003   0.004   0.333   0.002   0.000   0.004   0.000 954732600
10.99    4.99    61.087
10.99 18.00   1.074   1.718
10.99 18.00   2.792    67.984
10.99 18.00   2.501   1.339   2.792   0.501
10.99 18.00   2.503   1.332   2.792   0.493

11.00  0.00   0.453   0.446   0.032   0.076   0.003   0.004   0.333   0.002   0.000   0.004   0.000 955601300
11.00    4.98    61.075
11.00 18.00   1.073   1.718
11.00 18.00   2.791    67.979
11.00 18.00   2.500   1.339   2.791   0.501
11.00 18.00   2.502   1.332   2.791   0.493

11.01  0.00   0.453   0.446   0.032   0.076   0.003   0.004   0.333   0.002   0.000   0.004   0.000 956470100
11.01    4.98    61.064
11.01 18.00   1.073   1.718
11.01 18.00   2.791    67.973
11.01 18.00   2.500   1.339   2.791   0.501
11.01 18.00   2.502   1.332   2.791   0.493

11.02  0.00   0.453   0.446   0.032   0.076   0.003   0.004   0.333   0.002   0.000   0.004   0.000 957338900
11.02    4.98    61.052
11.02 18.00   1.072   1.718
11.02 18.00   2.791    67.968
11.02 18.00   2.499   1.339   2.791   0.501
11.02 18.00   2.502   1.332   2.791   0.493

11.03  0.00   0.453   0.446   0.032   0.076   0.003   0.004   0.333   0.002   0.000   0.004   0.000 958207600
11.03    4.98    61.040
11.03 18.00   1.072   1.718
11.03 18.00   2.790    67.963
11.03 18.00   2.499   1.338   2.790   0.501
11.03 18.00   2.501   1.331   2.790   0.493

11.04  0.00   0.453   0.446   0.032   0.076   0.003   0.004   0.333   0.002   0.000   0.004   0.000 959076300
11.04    4.98    61.029
11.04 18.00   1.071   1.718
11.04 18.00   2.790    67.957
11.04 18.00   2.498   1.338   2.790   0.501
11.04 18.00   2.501   1.331   2.790   0.493

11.05  0.00   0.453   0.446   0.032   0.076   0.003   0.004   0.333   0.002   0.000   0.004   0.000 959945000
11.05    4.98    61.017
11.05 18.00   1.071   1.718
11.05 18.00   2.789    67.952
11.05 18.00   2.498   1.338   2.789   0.501
11.05 18.00   2.500   1.331   2.789   0.493

11.06  0.00   0.453   0.446   0.032   0.076   0.003   0.004   0.333   0.002   0.000   0.004   0.000 960813800
11.06    4.98    61.006
11.06 18.00   1.071   1.718
11.06 18.00   2.789    67.946
11.06 18.00   2.498   1.338   2.789   0.501
11.06 18.00   2.500   1.331   2.789   0.493

11.07  0.00   0.453   0.446   0.032   0.076   0.003   0.004   0.333   0.002   0.000   0.004   0.000 961682400
11.07    4.97    60.994
11.07 18.00   1.070   1.718
11.07 18.00   2.788    67.941
11.07 18.00   2.497   1.338   2.788   0.501
11.07 18.00   2.500   1.331   2.788   0.493

11.08  0.00   0.453   0.446   0.032   0.076   0.003   0.004   0.333   0.002   0.000   0.004   0.000 962551200
11.08    4.97    60.983
11.08 18.00   1.070   1.718
11.08 18.00   2.788    67.936
11.08 18.00   2.497   1.338   2.788   0.501
11.08 18.00   2.499   1.331   2.788   0.493

11.09  0.00   0.453   0.446   0.032   0.076   0.003   0.004   0.333   0.002   0.000   0.004   0.000 963420000
11.09    4.97    60.971
11.09 18.00   1.069   1.718
11.09 18.00   2.788    67.930
11.09 18.00   2.496   1.337   2.788   0.501
11.09 18.00   2.499   1.330   2.788   0.493

11.10  0.00   0.453   0.446   0.032   0.076   0.003   0.004   0.333   0.002   0.000   0.003   0.000 964288700
11.10    4.97    60.960
11.10 18.00   1.069   1.718
11.10 18.00   2.787    67.925
11.10 18.00   2.496   1.337   2.787   0.500
11.10 18.00   2.498   1.330   2.787   0.493

11.11  0.00   0.453   0.446   0.032   0.076   0.003   0.004   0.333   0.002   0.000   0.003   0.000 965157400
11.11    4.97    60.949
11.11 18.00   1.068   1.718
11.11 18.00   2.787    67.920
11.11 18.00   2.496   1.337   2.787   0.500
11.11 18.00   2.498   1.330   2.787   0.493

11.12  0.00   0.453   0.446   0.032   0.076   0.003   0.004   0.333   0.002   0.000   0.003   0.000 966026100
11.12    4.97    60.937
11.12 18.00   1.068   1.718
11.12 18.00   2.786    67.914
11.12 18.00   2.495   1.337   2.786   0.500
11.12 18.00   2.498   1.330   2.786   0.493

11.13  0.00   0.453   0.446   0.032   0.076   0.003   0.004   0.333   0.002   0.000   0.003   0.000 966894800
11.13    4.97    60.926
11.13 18.00   1.067   1.718
11.13 18.00   2.786    67.909
11.13 18.00   2.495   1.337   2.786   0.500
11.13 18.00   2.497   1.330   2.786   0.493

11.14  0.00   0.453   0.446   0.032   0.076   0.003   0.004   0.333   0.002   0.000   0.003   0.000 967763600
11.14    4.96    60.914
11.14 18.00   1.067   1.718
11.14 18.00   2.785    67.904
11.14 18.00   2.494   1.337   2.785   0.500
11.14 18.00   2.497   1.330   2.785   0.493

11.15  0.00   0.453   0.446   0.032   0.076   0.003   0.004   0.333   0.002   0.000   0.003   0.000 968632300
11.15    4.96    60.903
11.15 18.00   1.067   1.718
11.15 18.00   2.785    67.899
11.15 18.00   2.494   1.336   2.785   0.500
11.15 18.00   2.496   1.329   2.785   0.493

11.16  0.00   0.453   0.446   0.032   0.076   0.003   0.004   0.333   0.002   0.000   0.003   0.000 969501000
11.16    4.96    60.892
11.16 18.00   1.066   1.718
11.16 18.00   2.785    67.893
11.16 18.00   2.494   1.336   2.785   0.500
11.16 18.00   2.496   1.329   2.785   0.493

11.17  0.00   0.452   0.446   0.032   0.076   0.003   0.004   0.333   0.002   0.000   0.003   0.000 970369800
11.17    4.96    60.880
11.17 18.00   1.066   1.718
11.17 18.00   2.784    67.888
11.17 18.00   2.493   1.336   2.784   0.500
11.17 18.00   2.496   1.329   2.784   0.493

11.18  0.00   0.452   0.446   0.032   0.076   0.003   0.004   0.333   0.002   0.000   0.003   0.000 971238500
11.18    4.96    60.869
11.18 18.00   1.065   1.718
11.18 18.00   2.784    67.883
11.18 18.00   2.493   1.336   2.784   0.500
11.18 18.00   2.495   1.329   2.784   0.493

11.19  0.00   0.452   0.446   0.032   0.076   0.003   0.004   0.333   0.002   0.000   0.003   0.000 972107200
11.19    4.96    60.857
11.19 18.00   1.065   1.718
11.19 18.00   2.783    67.877
11.19 18.00   2.492   1.336   2.783   0.500
11.19 18.00   2.495   1.329   2.783   0.493

11.20  0.00   0.452   0.446   0.032   0.076   0.003   0.004   0.333   0.002   0.000   0.003   0.000 972975900
11.20    4.96    60.846
11.20 18.00   1.065   1.718
11.20 18.00   2.783    67.872
11.20 18.00   2.492   1.336   2.783   0.500
11.20 18.00   2.494   1.329   2.783   0.493

11.21  0.00   0.452   0.446   0.032   0.076   0.003   0.004   0.333   0.002   0.000   0.003   0.000 973844700
11.21    4.95    60.835
11.21 18.00   1.064   1.718
11.21 18.00   2.782    67.867
11.21 18.00   2.492   1.335   2.782   0.500
11.21 18.00   2.494   1.329   2.782   0.493

11.22  0.00   0.452   0.446   0.032   0.076   0.003   0.004   0.333   0.002   0.000   0.003   0.000 974713400
11.22    4.95    60.824
11.22 18.00   1.064   1.718
11.22 18.00   2.782    67.862
11.22 18.00   2.491   1.335   2.782   0.500
11.22 18.00   2.494   1.328   2.782   0.493

11.23  0.00   0.452   0.446   0.032   0.076   0.003   0.004   0.333   0.002   0.000   0.003   0.000 975582100
11.23    4.95    60.812
11.23 18.00   1.063   1.718
11.23 18.00   2.782    67.856
11.23 18.00   2.491   1.335   2.782   0.500
11.23 18.00   2.493   1.328   2.782   0.493

11.24  0.00   0.452   0.446   0.032   0.076   0.003   0.004   0.333   0.002   0.000   0.003   0.000 976450800
11.24    4.95    60.801
11.24 18.00   1.063   1.718
11.24 18.00   2.781    67.851
11.24 18.00   2.491   1.335   2.781   0.500
11.24 18.00   2.493   1.328   2.781   0.493

11.25  0.00   0.452   0.446   0.032   0.076   0.003   0.004   0.333   0.002   0.000   0.003   0.000 977319600
11.25    4.95    60.790
11.25 18.00   1.062   1.718
11.25 18.00   2.781    67.846
11.25 18.00   2.490   1.335   2.781   0.500
11.25 18.00   2.492   1.328   2.781   0.493

11.26  0.00   0.452   0.446   0.032   0.076   0.003   0.004   0.333   0.002   0.000   0.003   0.000 978188400
11.26    4.95    60.779
11.26 18.00   1.062   1.718
11.26 18.00   2.780    67.841
11.26 18.00   2.490   1.335   2.780   0.500
11.26 18.00   2.492   1.328   2.780   0.493

11.27  0.00   0.452   0.446   0.032   0.076   0.003   0.004   0.333   0.002   0.000   0.003   0.000 979057100
11.27    4.95    60.767
11.27 18.00   1.062   1.718
11.27 18.00   2.780    67.836
11.27 18.00   2.489   1.335   2.780   0.500
11.27 18.00   2.492   1.328   2.780   0.493

11.28  0.00   0.452   0.446   0.032   0.076   0.003   0.004   0.333   0.002   0.000   0.003   0.000 979925800
11.28    4.95    60.756
11.28 18.00   1.061   1.718
11.28 18.00   2.779    67.830
11.28 18.00   2.489   1.334   2.779   0.500
11.28 18.00   2.491   1.327   2.779   0.493

11.29  0.00   0.452   0.446   0.032   0.076   0.003   0.004   0.333   0.002   0.000   0.003   0.000 980794500
11.29    4.94    60.745
11.29 18.00   1.061   1.718
11.29 18.00   2.779    67.825
11.29 18.00   2.489   1.334   2.779   0.500
11.29 18.00   2.491   1.327   2.779   0.493

11.30  0.00   0.452   0.446   0.032   0.076   0.003   0.004   0.333   0.002   0.000   0.003   0.000 981663200
11.30    4.94    60.734
11.30 18.00   1.060   1.718
11.30 18.00   2.779    67.820
11.30 18.00   2.488   1.334   2.779   0.500
11.30 18.00   2.490   1.327   2.779   0.493

11.31  0.00   0.452   0.446   0.032   0.076   0.003   0.004   0.333   0.002   0.000   0.003   0.000 982532000
11.31    4.94    60.723
11.31 18.00   1.060   1.718
11.31 18.00   2.778    67.815
11.31 18.00   2.488   1.334   2.778   0.500
11.31 18.00   2.490   1.327   2.778   0.493

11.32  0.00   0.452   0.445   0.032   0.076   0.003   0.004   0.333   0.002   0.000   0.003   0.000 983400600
11.32    4.94    60.712
11.32 18.00   1.059   1.718
11.32 18.00   2.778    67.810
11.32 18.00   2.487   1.334   2.778   0.500
11.32 18.00   2.490   1.327   2.778   0.493

11.33  0.00   0.452   0.445   0.032   0.076   0.003   0.004   0.332   0.002   0.000   0.003   0.000 984269400
11.33    4.94    60.700
11.33 18.00   1.059   1.718
11.33 18.00   2.777    67.805
11.33 18.00   2.487   1.334   2.777   0.500
11.33 18.00   2.489   1.327   2.777   0.492

11.34  0.00   0.452   0.445   0.032   0.076   0.003   0.004   0.332   0.002   0.000   0.003   0.000 985138200
11.34    4.94    60.689
11.34 18.00   1.059   1.718
11.34 18.00   2.777    67.799
11.34 18.00   2.487   1.333   2.777   0.500
11.34 18.00   2.489   1.326   2.777   0.492

11.35  0.00   0.452   0.445   0.032   0.076   0.003   0.004   0.332   0.002   0.000   0.003   0.000 986006900
11.35    4.94    60.678
11.35 18.00   1.058   1.718
11.35 18.00   2.777    67.794
11.35 18.00   2.486   1.333   2.777   0.500
11.35 18.00   2.488   1.326   2.777   0.492

11.36  0.00   0.452   0.445   0.032   0.076   0.003   0.004   0.332   0.002   0.000   0.003   0.000 986875600
11.36    4.93    60.667
11.36 18.00   1.058   1.718
11.36 18.00   2.776    67.789
11.36 18.00   2.486   1.333   2.776   0.500
11.36 18.00   2.488   1.326   2.776   0.492

11.37  0.00   0.452   0.445   0.032   0.076   0.003   0.004   0.332   0.002   0.000   0.003   0.000 987744300
11.37    4.93    60.656
11.37 18.00   1.057   1.718
11.37 18.00   2.776    67.784
11.37 18.00   2.485   1.333   2.776   0.500
11.37 18.00   2.488   1.326   2.776   0.492

11.38  0.00   0.452   0.445   0.032   0.076   0.003   0.004   0.332   0.002   0.000   0.003   0.000 988613100
11.38    4.93    60.645
11.38 18.00   1.057   1.718
11.38 18.00   2.775    67.779
11.38 18.00   2.485   1.333   2.775   0.500
11.38 18.00   2.487   1.326   2.775   0.492

11.39  0.00   0.452   0.445   0.032   0.076   0.003   0.004   0.332   0.002   0.000   0.003   0.000 989481800
11.39    4.93    60.634
11.39 18.00   1.057   1.718
11.39 18.00   2.775    67.774
11.39 18.00   2.485   1.333   2.775   0.500
11.39 18.00   2.487   1.326   2.775   0.492

11.40  0.00   0.452   0.445   0.032   0.076   0.003   0.004   0.332   0.002   0.000   0.003   0.000 990350500
11.40    4.93    60.623
11.40 18.00   1.056   1.718
11.40 18.00   2.774    67.769
11.40 18.00   2.484   1.333   2.774   0.500
11.40 18.00   2.487   1.326   2.774   0.492

11.41  0.00   0.452   0.445   0.032   0.076   0.003   0.004   0.332   0.002   0.000   0.003   0.000 991219200
11.41    4.93    60.612
11.41 18.00   1.056   1.718
11.41 18.00   2.774    67.764
11.41 18.00   2.484   1.332   2.774   0.500
11.41 18.00   2.486   1.325   2.774   0.492

11.42  0.00   0.452   0.445   0.032   0.076   0.003   0.004   0.332   0.002   0.000   0.003   0.000 992088000
11.42    4.93    60.601
11.42 18.00   1.055   1.718
11.42 18.00   2.774    67.759
11.42 18.00   2.484   1.332   2.774   0.500
11.42 18.00   2.486   1.325   2.774   0.492

11.43  0.00   0.452   0.445   0.032   0.076   0.003   0.004   0.332   0.002   0.000   0.003   0.000 992956700
11.43    4.93    60.590
11.43 18.00   1.055   1.718
11.43 18.00   2.773    67.753
11.43 18.00   2.483   1.332   2.773   0.500
11.43 18.00   2.485   1.325   2.773   0.492

11.44  0.00   0.452   0.445   0.032   0.076   0.003   0.004   0.332   0.002   0.000   0.003   0.000 993825400
11.44    4.92    60.579
11.44 18.00   1.054   1.718
11.44 18.00   2.773    67.748
11.44 18.00   2.483   1.332   2.773   0.500
11.44 18.00   2.485   1.325   2.773   0.492

11.45  0.00   0.452   0.445   0.032   0.076   0.003   0.004   0.332   0.002   0.000   0.003   0.000 994694100
11.45    4.92    60.568
11.45 18.00   1.054   1.718
11.45 18.00   2.772    67.743
11.45 18.00   2.482   1.332   2.772   0.499
11.45 18.00   2.485   1.325   2.772   0.492

11.46  0.00   0.452   0.445   0.032   0.076   0.003   0.004   0.332   0.002   0.000   0.003   0.000 995562900
11.46    4.92    60.557
11.46 18.00   1.054   1.718
11.46 18.00   2.772    67.738
11.46 18.00   2.482   1.332   2.772   0.499
11.46 18.00   2.484   1.325   2.772   0.492

11.47  0.00   0.452   0.445   0.032   0.076   0.003   0.004   0.332   0.002   0.000   0.003   0.000 996431600
11.47    4.92    60.530
11.47 18.00   1.053   1.718
11.47 18.00   2.772    67.733
11.47 18.00   2.482   1.331   2.772   0.499
11.47 18.00   2.484   1.324   2.772   0.492

11.48  0.00   0.452   0.445   0.032   0.076   0.003   0.004   0.332   0.002   0.000   0.003   0.000 997300300
11.48    4.91    60.516
11.48 18.00   1.053   1.718
11.48 18.00   2.771    67.728
11.48 18.00   2.481   1.331   2.771   0.499
11.48 18.00   2.484   1.324   2.771   0.492

11.49  0.00   0.452   0.445   0.032   0.076   0.003   0.004   0.332   0.002   0.000   0.003   0.000 998169000
11.49    4.91    60.503
11.49 18.00   1.052   1.718
11.49 18.00   2.771    67.723
11.49 18.00   2.481   1.331   2.771   0.499
11.49 18.00   2.483   1.324   2.771   0.492

11.50  0.00   0.452   0.445   0.032   0.076   0.003   0.004   0.332   0.002   0.000   0.003   0.000 999037800
11.50    4.91    60.490
11.50 18.00   1.052   1.718
11.50 18.00   2.770    67.718
11.50 18.00   2.480   1.331   2.770   0.499
11.50 18.00   2.483   1.324   2.770   0.492

11.51  0.00   0.452   0.445   0.032   0.076   0.003   0.004   0.332   0.002   0.000   0.003   0.000 999906600
11.51    4.91    60.477
11.51 18.00   1.052   1.718
11.51 18.00   2.770    67.713
11.51 18.00   2.480   1.331   2.770   0.499
11.51 18.00   2.482   1.324   2.770   0.492

11.52  0.00   0.452   0.445   0.032   0.076   0.003   0.004   0.332   0.002   0.000   0.003   0.000 1000775000
11.52    4.91    60.464
11.52 18.00   1.051   1.718
11.52 18.00   2.770    67.708
11.52 18.00   2.480   1.331   2.770   0.499
11.52 18.00   2.482   1.324   2.770   0.492

11.53  0.00   0.452   0.445   0.032   0.076   0.003   0.004   0.332   0.002   0.000   0.003   0.000 1001644000
11.53    4.90    60.451
11.53 18.00   1.051   1.718
11.53 18.00   2.769    67.703
11.53 18.00   2.479   1.331   2.769   0.499
11.53 18.00   2.482   1.324   2.769   0.492

11.54  0.00   0.452   0.445   0.032   0.076   0.003   0.004   0.332   0.002   0.000   0.003   0.000 1002513000
11.54    4.90    60.438
11.54 18.00   1.050   1.718
11.54 18.00   2.769    67.698
11.54 18.00   2.479   1.330   2.769   0.499
11.54 18.00   2.481   1.323   2.769   0.492

11.55  0.00   0.452   0.445   0.032   0.076   0.003   0.004   0.332   0.002   0.000   0.003   0.000 1003381000
11.55    4.90    60.425
11.55 18.00   1.050   1.718
11.55 18.00   2.768    67.693
11.55 18.00   2.479   1.330   2.768   0.499
11.55 18.00   2.481   1.323   2.768   0.492

11.56  0.00   0.452   0.445   0.032   0.076   0.003   0.004   0.332   0.002   0.000   0.003   0.000 1004250000
11.56    4.90    60.412
11.56 18.00   1.050   1.718
11.56 18.00   2.768    67.688
11.56 18.00   2.478   1.330   2.768   0.499
11.56 18.00   2.481   1.323   2.768   0.492

11.57  0.00   0.451   0.445   0.032   0.076   0.003   0.004   0.332   0.002   0.000   0.003   0.000 1005119000
11.57    4.90    60.399
11.57 18.00   1.049   1.718
11.57 18.00   2.768    67.683
11.57 18.00   2.478   1.330   2.768   0.499
11.57 18.00   2.480   1.323   2.768   0.492

11.58  0.00   0.451   0.445   0.032   0.076   0.003   0.004   0.332   0.002   0.000   0.003   0.000 1005988000
11.58    4.89    60.386
11.58 18.00   1.049   1.718
11.58 18.00   2.767    67.678
11.58 18.00   2.477   1.330   2.767   0.499
11.58 18.00   2.480   1.323   2.767   0.492

11.59  0.00   0.451   0.445   0.032   0.076   0.003   0.004   0.332   0.002   0.000   0.003   0.000 1006856000
11.59    4.89    60.373
11.59 18.00   1.048   1.718
11.59 18.00   2.767    67.673
11.59 18.00   2.477   1.330   2.767   0.499
11.59 18.00   2.479   1.323   2.767   0.492

11.60  0.00   0.451   0.445   0.032   0.076   0.003   0.004   0.332   0.002   0.000   0.003   0.000 1007725000
11.60    4.89    60.360
11.60 18.00   1.048   1.718
11.60 18.00   2.766    67.668
11.60 18.00   2.477   1.329   2.766   0.499
11.60 18.00   2.479   1.323   2.766   0.492

11.61  0.00   0.451   0.445   0.032   0.076   0.003   0.004   0.332   0.002   0.000   0.003   0.000 1008594000
11.61    4.89    60.348
11.61 18.00   1.048   1.718
11.61 18.00   2.766    67.663
11.61 18.00   2.476   1.329   2.766   0.499
11.61 18.00   2.479   1.322   2.766   0.492

11.62  0.00   0.451   0.445   0.032   0.076   0.003   0.004   0.332   0.002   0.000   0.003   0.000 1009463000
11.62    4.89    60.335
11.62 18.00   1.047   1.718
11.62 18.00   2.766    67.658
11.62 18.00   2.476   1.329   2.766   0.499
11.62 18.00   2.478   1.322   2.766   0.492

11.63  0.00   0.451   0.445   0.032   0.076   0.003   0.004   0.332   0.002   0.000   0.003   0.000 1010331000
11.63    4.88    60.322
11.63 18.00   1.047   1.718
11.63 18.00   2.765    67.653
11.63 18.00   2.476   1.329   2.765   0.499
11.63 18.00   2.478   1.322   2.765   0.492

11.64  0.00   0.451   0.445   0.032   0.076   0.003   0.004   0.332   0.002   0.000   0.003   0.000 1011200000
11.64    4.88    60.309
11.64 18.00   1.046   1.718
11.64 18.00   2.765    67.649
11.64 18.00   2.475   1.329   2.765   0.499
11.64 18.00   2.478   1.322   2.765   0.492

11.65  0.00   0.451   0.445   0.032   0.076   0.003   0.004   0.332   0.002   0.000   0.003   0.000 1012069000
11.65    4.88    60.296
11.65 18.00   1.046   1.718
11.65 18.00   2.764    67.644
11.65 18.00   2.475   1.329   2.764   0.499
11.65 18.00   2.477   1.322   2.764   0.492

11.66  0.00   0.451   0.445   0.032   0.076   0.003   0.004   0.332   0.002   0.000   0.003   0.000 1012937000
11.66    4.88    60.283
11.66 18.00   1.046   1.718
11.66 18.00   2.764    67.639
11.66 18.00   2.475   1.329   2.764   0.499
11.66 18.00   2.477   1.322   2.764   0.492

11.67  0.00   0.451   0.445   0.032   0.076   0.003   0.004   0.332   0.002   0.000   0.003   0.000 1013806000
11.67    4.88    60.270
11.67 18.00   1.045   1.718
11.67 18.00   2.764    67.634
11.67 18.00   2.474   1.328   2.764   0.499
11.67 18.00   2.476   1.321   2.764   0.492

11.68  0.00   0.451   0.445   0.032   0.076   0.003   0.004   0.332   0.002   0.000   0.003   0.000 1014675000
11.68    4.88    60.257
11.68 18.00   1.045   1.718
11.68 18.00   2.763    67.629
11.68 18.00   2.474   1.328   2.763   0.499
11.68 18.00   2.476   1.321   2.763   0.492

11.69  0.00   0.451   0.445   0.032   0.076   0.003   0.004   0.332   0.002   0.000   0.003   0.000 1015544000
11.69    4.87    60.245
11.69 18.00   1.044   1.718
11.69 18.00   2.763    67.624
11.69 18.00   2.473   1.328   2.763   0.499
11.69 18.00   2.476   1.321   2.763   0.492

11.70  0.00   0.451   0.445   0.032   0.076   0.003   0.004   0.332   0.002   0.000   0.003   0.000 1016412000
11.70    4.87    60.232
11.70 18.00   1.044   1.718
11.70 18.00   2.762    67.619
11.70 18.00   2.473   1.328   2.762   0.499
11.70 18.00   2.475   1.321   2.762   0.491

11.71  0.00   0.451   0.445   0.032   0.076   0.003   0.004   0.332   0.002   0.000   0.003   0.000 1017281000
11.71    4.87    60.219
11.71 18.00   1.044   1.718
11.71 18.00   2.762    67.614
11.71 18.00   2.473   1.328   2.762   0.499
11.71 18.00   2.475   1.321   2.762   0.491

11.72  0.00   0.451   0.444   0.032   0.076   0.003   0.004   0.332   0.002   0.000   0.003   0.000 1018150000
11.72    4.87    60.206
11.72 18.00   1.043   1.718
11.72 18.00   2.762    67.609
11.72 18.00   2.472   1.328   2.762   0.499
11.72 18.00   2.475   1.321   2.762   0.491

11.73  0.00   0.451   0.444   0.032   0.076   0.003   0.004   0.332   0.002   0.000   0.003   0.000 1019018000
11.73    4.87    60.193
11.73 18.00   1.043   1.718
11.73 18.00   2.761    67.605
11.73 18.00   2.472   1.328   2.761   0.499
11.73 18.00   2.474   1.321   2.761   0.491

11.74  0.00   0.451   0.444   0.032   0.076   0.003   0.004   0.332   0.002   0.000   0.003   0.000 1019887000
11.74    4.86    60.181
11.74 18.00   1.042   1.718
11.74 18.00   2.761    67.600
11.74 18.00   2.472   1.327   2.761   0.499
11.74 18.00   2.474   1.320   2.761   0.491

11.75  0.00   0.451   0.444   0.032   0.076   0.003   0.004   0.332   0.002   0.000   0.003   0.000 1020756000
11.75    4.86    60.168
11.75 18.00   1.042   1.718
11.75 18.00   2.760    67.595
11.75 18.00   2.471   1.327   2.760   0.499
11.75 18.00   2.474   1.320   2.760   0.491

11.76  0.00   0.451   0.444   0.032   0.076   0.003   0.004   0.332   0.002   0.000   0.003   0.000 1021625000
11.76    4.86    60.155
11.76 18.00   1.042   1.718
11.76 18.00   2.760    67.590
11.76 18.00   2.471   1.327   2.760   0.499
11.76 18.00   2.473   1.320   2.760   0.491

11.77  0.00   0.451   0.444   0.032   0.076   0.003   0.004   0.332   0.002   0.000   0.003   0.000 1022494000
11.77    4.86    60.142
11.77 18.00   1.041   1.718
11.77 18.00   2.760    67.585
11.77 18.00   2.471   1.327   2.760   0.499
11.77 18.00   2.473   1.320   2.760   0.491

11.78  0.00   0.451   0.444   0.032   0.076   0.003   0.004   0.332   0.002   0.000   0.003   0.000 1023362000
11.78    4.86    60.130
11.78 18.00   1.041   1.718
11.78 18.00   2.759    67.580
11.78 18.00   2.470   1.327   2.759   0.499
11.78 18.00   2.472   1.320   2.759   0.491

11.79  0.00   0.451   0.444   0.032   0.076   0.003   0.004   0.332   0.002   0.000   0.003   0.000 1024231000
11.79    4.85    60.117
11.79 18.00   1.041   1.718
11.79 18.00   2.759    67.576
11.79 18.00   2.470   1.327   2.759   0.499
11.79 18.00   2.472   1.320   2.759   0.491

11.80  0.00   0.451   0.444   0.032   0.076   0.003   0.004   0.332   0.002   0.000   0.003   0.000 1025100000
11.80    4.85    60.104
11.80 18.00   1.040   1.718
11.80 18.00   2.759    67.571
11.80 18.00   2.469   1.327   2.759   0.499
11.80 18.00   2.472   1.320   2.759   0.491

11.81  0.00   0.451   0.444   0.032   0.076   0.003   0.004   0.332   0.002   0.000   0.003   0.000 1025968000
11.81    4.85    60.092
11.81 18.00   1.040   1.718
11.81 18.00   2.758    67.566
11.81 18.00   2.469   1.326   2.758   0.499
11.81 18.00   2.471   1.319   2.758   0.491

11.82  0.00   0.451   0.444   0.032   0.076   0.003   0.004   0.332   0.002   0.000   0.003   0.000 1026837000
11.82    4.85    60.079
11.82 18.00   1.039   1.718
11.82 18.00   2.758    67.561
11.82 18.00   2.469   1.326   2.758   0.498
11.82 18.00   2.471   1.319   2.758   0.491

11.83  0.00   0.451   0.444   0.032   0.076   0.003   0.004   0.332   0.002   0.000   0.003   0.000 1027706000
11.83    4.85    60.066
11.83 18.00   1.039   1.718
11.83 18.00   2.757    67.556
11.83 18.00   2.468   1.326   2.757   0.498
11.83 18.00   2.471   1.319   2.757   0.491

11.84  0.00   0.451   0.444   0.032   0.076   0.003   0.004   0.332   0.002   0.000   0.003   0.000 1028575000
11.84    4.85    60.054
11.84 18.00   1.039   1.718
11.84 18.00   2.757    67.552
11.84 18.00   2.468   1.326   2.757   0.498
11.84 18.00   2.470   1.319   2.757   0.491

11.85  0.00   0.451   0.444   0.032   0.076   0.003   0.004   0.332   0.002   0.000   0.003   0.000 1029443000
11.85    4.84    60.041
11.85 18.00   1.038   1.718
11.85 18.00   2.757    67.547
11.85 18.00   2.468   1.326   2.757   0.498
11.85 18.00   2.470   1.319   2.757   0.491

11.86  0.00   0.451   0.444   0.032   0.076   0.003   0.004   0.332   0.002   0.000   0.003   0.000 1030312000
11.86    4.84    60.028
11.86 18.00   1.038   1.718
11.86 18.00   2.756    67.542
11.86 18.00   2.467   1.326   2.756   0.498
11.86 18.00   2.470   1.319   2.756   0.491

11.87  0.00   0.451   0.444   0.032   0.076   0.003   0.004   0.332   0.002   0.000   0.003   0.000 1031181000
11.87    4.84    60.016
11.87 18.00   1.037   1.718
11.87 18.00   2.756    67.537
11.87 18.00   2.467   1.326   2.756   0.498
11.87 18.00   2.469   1.319   2.756   0.491

11.88  0.00   0.451   0.444   0.032   0.076   0.003   0.004   0.332   0.002   0.000   0.003   0.000 1032049000
11.88    4.84    60.003
11.88 18.00   1.037   1.718
11.88 18.00   2.755    67.533
11.88 18.00   2.467   1.325   2.755   0.498
11.88 18.00   2.469   1.318   2.755   0.491

11.89  0.00   0.451   0.444   0.032   0.076   0.003   0.004   0.332   0.002   0.000   0.003   0.000 1032918000
11.89    4.84    59.991
11.89 18.00   1.037   1.718
11.89 18.00   2.755    67.528
11.89 18.00   2.466   1.325   2.755   0.498
11.89 18.00   2.468   1.318   2.755   0.491

11.90  0.00   0.451   0.444   0.032   0.076   0.003   0.004   0.332   0.002   0.000   0.003   0.000 1033787000
11.90    4.83    59.978
11.90 18.00   1.036   1.718
11.90 18.00   2.755    67.523
11.90 18.00   2.466   1.325   2.755   0.498
11.90 18.00   2.468   1.318   2.755   0.491

11.91  0.00   0.451   0.444   0.032   0.076   0.003   0.004   0.332   0.002   0.000   0.003   0.000 1034656000
11.91    4.83    59.965
11.91 18.00   1.036   1.718
11.91 18.00   2.754    67.518
11.91 18.00   2.466   1.325   2.754   0.498
11.91 18.00   2.468   1.318   2.754   0.491

11.92  0.00   0.451   0.444   0.032   0.076   0.003   0.004   0.332   0.002   0.000   0.003   0.000 1035524000
11.92    4.83    59.953
11.92 18.00   1.036   1.718
11.92 18.00   2.754    67.514
11.92 18.00   2.465   1.325   2.754   0.498
11.92 18.00   2.467   1.318   2.754   0.491

11.93  0.00   0.451   0.444   0.032   0.076   0.003   0.004   0.332   0.002   0.000   0.003   0.000 1036393000
11.93    4.83    59.940
11.93 18.00   1.035   1.718
11.93 18.00   2.754    67.509
11.93 18.00   2.465   1.325   2.754   0.498
11.93 18.00   2.467   1.318   2.754   0.491

11.94  0.00   0.451   0.444   0.032   0.076   0.003   0.004   0.332   0.002   0.000   0.003   0.000 1037262000
11.94    4.83    59.928
11.94 18.00   1.035   1.718
11.94 18.00   2.753    67.504
11.94 18.00   2.464   1.325   2.753   0.498
11.94 18.00   2.467   1.318   2.753   0.491

11.95  0.00   0.451   0.444   0.032   0.076   0.002   0.004   0.332   0.002   0.000   0.003   0.000 1038131000
11.95    4.83    59.915
11.95 18.00   1.034   1.718
11.95 18.00   2.753    67.499
11.95 18.00   2.464   1.324   2.753   0.498
11.95 18.00   2.466   1.317   2.753   0.491

11.96  0.00   0.451   0.444   0.032   0.076   0.002   0.004   0.332   0.002   0.000   0.003   0.000 1038999000
11.96    4.82    59.903
11.96 18.00   1.034   1.718
11.96 18.00   2.752    67.495
11.96 18.00   2.464   1.324   2.752   0.498
11.96 18.00   2.466   1.317   2.752   0.491

11.97  0.00   0.451   0.444   0.032   0.076   0.002   0.004   0.332   0.002   0.000   0.003   0.000 1039868000
11.97    4.82    59.890
11.97 18.00   1.034   1.718
11.97 18.00   2.752    67.490
11.97 18.00   2.463   1.324   2.752   0.498
11.97 18.00   2.466   1.317   2.752   0.491

11.98  0.00   0.451   0.444   0.032   0.076   0.002   0.004   0.332   0.002   0.000   0.003   0.000 1040737000
11.98    4.82    59.878
11.98 18.00   1.033   1.718
11.98 18.00   2.752    67.485
11.98 18.00   2.463   1.324   2.752   0.498
11.98 18.00   2.465   1.317   2.752   0.491

11.99  0.00   0.450   0.444   0.032   0.076   0.002   0.004   0.332   0.002   0.000   0.003   0.000 1041606000
11.99    4.82    59.865
11.99 18.00   1.033   1.718
11.99 18.00   2.751    67.481
11.99 18.00   2.463   1.324   2.751   0.498
11.99 18.00   2.465   1.317   2.751   0.491

12.00  0.00   0.450   0.444   0.032   0.076   0.002   0.004   0.332   0.002   0.000   0.003   0.000 1042474000
12.00    4.82    59.853
12.00 18.00   1.033   1.718
12.00 18.00   2.751    67.476
12.00 18.00   2.462   1.324   2.751   0.498
12.00 18.00   2.465   1.317   2.751   0.491

12.01  0.00   0.450   0.444   0.032   0.076   0.002   0.004   0.332   0.002   0.000   0.003   0.000 1043343000
12.01    4.82    59.840
12.01 18.00   1.032   1.718
12.01 18.00   2.751    67.471
12.01 18.00   2.462   1.324   2.751   0.498
12.01 18.00   2.464   1.317   2.751   0.491

12.02  0.00   0.450   0.444   0.032   0.076   0.002   0.004   0.332   0.002   0.000   0.003   0.000 1044212000
12.02    4.81    59.828
12.02 18.00   1.032   1.718
12.02 18.00   2.750    67.467
12.02 18.00   2.462   1.323   2.750   0.498
12.02 18.00   2.464   1.316   2.750   0.491

12.03  0.00   0.450   0.444   0.032   0.076   0.002   0.004   0.332   0.002   0.000   0.003   0.000 1045080000
12.03    4.81    59.816
12.03 18.00   1.031   1.718
12.03 18.00   2.750    67.462
12.03 18.00   2.461   1.323   2.750   0.498
12.03 18.00   2.464   1.316   2.750   0.491

12.04  0.00   0.450   0.444   0.032   0.076   0.002   0.004   0.332   0.002   0.000   0.003   0.000 1045949000
12.04    4.81    59.803
12.04 18.00   1.031   1.718
12.04 18.00   2.749    67.457
12.04 18.00   2.461   1.323   2.749   0.498
12.04 18.00   2.463   1.316   2.749   0.491

12.05  0.00   0.450   0.444   0.032   0.076   0.002   0.004   0.332   0.002   0.000   0.003   0.000 1046818000
12.05    4.81    59.791
12.05 18.00   1.031   1.718
12.05 18.00   2.749    67.453
12.05 18.00   2.461   1.323   2.749   0.498
12.05 18.00   2.463   1.316   2.749   0.491

12.06  0.00   0.450   0.444   0.032   0.076   0.002   0.004   0.332   0.002   0.000   0.003   0.000 1047687000
12.06    4.81    59.778
12.06 18.00   1.030   1.718
12.06 18.00   2.749    67.448
12.06 18.00   2.460   1.323   2.749   0.498
12.06 18.00   2.463   1.316   2.749   0.491

12.07  0.00   0.450   0.444   0.032   0.076   0.002   0.004   0.332   0.002   0.000   0.003   0.000 1048555000
12.07    4.80    59.766
12.07 18.00   1.030   1.718
12.07 18.00   2.748    67.443
12.07 18.00   2.460   1.323   2.748   0.498
12.07 18.00   2.462   1.316   2.748   0.491

12.08  0.00   0.450   0.444   0.032   0.076   0.002   0.004   0.332   0.002   0.000   0.003   0.000 1049424000
12.08    4.80    59.754
12.08 18.00   1.030   1.718
12.08 18.00   2.748    67.439
12.08 18.00   2.460   1.323   2.748   0.498
12.08 18.00   2.462   1.316   2.748   0.491

12.09  0.00   0.450   0.444   0.032   0.076   0.002   0.004   0.332   0.002   0.000   0.003   0.000 1050293000
12.09    4.80    59.741
12.09 18.00   1.029   1.718
12.09 18.00   2.748    67.434
12.09 18.00   2.459   1.322   2.748   0.498
12.09 18.00   2.461   1.316   2.748   0.490

12.10  0.00   0.450   0.444   0.032   0.075   0.002   0.004   0.332   0.002   0.000   0.003   0.000 1051162000
12.10    4.80    59.729
12.10 18.00   1.029   1.718
12.10 18.00   2.747    67.430
12.10 18.00   2.459   1.322   2.747   0.498
12.10 18.00   2.461   1.315   2.747   0.490

12.11  0.00   0.450   0.444   0.032   0.075   0.002   0.004   0.331   0.002   0.000   0.003   0.000 1052030000
12.11    4.80    59.717
12.11 18.00   1.028   1.718
12.11 18.00   2.747    67.425
12.11 18.00   2.459   1.322   2.747   0.498
12.11 18.00   2.461   1.315   2.747   0.490

12.12  0.00   0.450   0.444   0.032   0.075   0.002   0.004   0.331   0.002   0.000   0.003   0.000 1052899000
12.12    4.80    59.704
12.12 18.00   1.028   1.718
12.12 18.00   2.746    67.420
12.12 18.00   2.458   1.322   2.746   0.498
12.12 18.00   2.460   1.315   2.746   0.490

12.13  0.00   0.450   0.444   0.032   0.075   0.002   0.004   0.331   0.002   0.000   0.003   0.000 1053768000
12.13    4.79    59.692
12.13 18.00   1.028   1.718
12.13 18.00   2.746    67.416
12.13 18.00   2.458   1.322   2.746   0.498
12.13 18.00   2.460   1.315   2.746   0.490

12.14  0.00   0.450   0.444   0.032   0.075   0.002   0.004   0.331   0.002   0.000   0.003   0.000 1054636000
12.14    4.79    59.680
12.14 18.00   1.027   1.718
12.14 18.00   2.746    67.411
12.14 18.00   2.458   1.322   2.746   0.498
12.14 18.00   2.460   1.315   2.746   0.490

12.15  0.00   0.450   0.444   0.032   0.075   0.002   0.004   0.331   0.002   0.000   0.003   0.000 1055505000
12.15    4.79    59.667
12.15 18.00   1.027   1.718
12.15 18.00   2.745    67.407
12.15 18.00   2.457   1.322   2.745   0.498
12.15 18.00   2.459   1.315   2.745   0.490

12.16  0.00   0.450   0.443   0.032   0.075   0.002   0.004   0.331   0.002   0.000   0.003   0.000 1056374000
12.16    4.79    59.655
12.16 18.00   1.027   1.718
12.16 18.00   2.745    67.402
12.16 18.00   2.457   1.322   2.745   0.498
12.16 18.00   2.459   1.315   2.745   0.490

12.17  0.00   0.450   0.443   0.032   0.075   0.002   0.004   0.331   0.002   0.000   0.003   0.000 1057243000
12.17    4.79    59.643
12.17 18.00   1.026   1.718
12.17 18.00   2.745    67.398
12.17 18.00   2.456   1.321   2.745   0.498
12.17 18.00   2.459   1.314   2.745   0.490

12.18  0.00   0.450   0.443   0.032   0.075   0.002   0.004   0.331   0.002   0.000   0.003   0.000 1058111000
12.18    4.79    59.631
12.18 18.00   1.026   1.718
12.18 18.00   2.744    67.393
12.18 18.00   2.456   1.321   2.744   0.498
12.18 18.00   2.458   1.314   2.744   0.490

12.19  0.00   0.450   0.443   0.032   0.075   0.002   0.004   0.331   0.002   0.000   0.003   0.000 1058980000
12.19    4.78    59.618
12.19 18.00   1.026   1.718
12.19 18.00   2.744    67.388
12.19 18.00   2.456   1.321   2.744   0.498
12.19 18.00   2.458   1.314   2.744   0.490

12.20  0.00   0.450   0.443   0.032   0.075   0.002   0.004   0.331   0.002   0.000   0.003   0.000 1059849000
12.20    4.78    59.606
12.20 18.00   1.025   1.718
12.20 18.00   2.743    67.384
12.20 18.00   2.455   1.321   2.743   0.498
12.20 18.00   2.458   1.314   2.743   0.490

12.21  0.00   0.450   0.443   0.032   0.075   0.002   0.004   0.331   0.002   0.000   0.003   0.000 1060718000
12.21    4.78    59.594
12.21 18.00   1.025   1.718
12.21 18.00   2.743    67.379
12.21 18.00   2.455   1.321   2.743   0.498
12.21 18.00   2.457   1.314   2.743   0.490

12.22  0.00   0.450   0.443   0.032   0.075   0.002   0.004   0.331   0.002   0.000   0.003   0.000 1061586000
12.22    4.78    59.582
12.22 18.00   1.024   1.718
12.22 18.00   2.743    67.375
12.22 18.00   2.455   1.321   2.743   0.497
12.22 18.00   2.457   1.314   2.743   0.490

12.23  0.00   0.450   0.443   0.032   0.075   0.002   0.004   0.331   0.002   0.000   0.003   0.000 1062455000
12.23    4.78    59.570
12.23 18.00   1.024   1.718
12.23 18.00   2.742    67.370
12.23 18.00   2.454   1.321   2.742   0.497
12.23 18.00   2.457   1.314   2.742   0.490

12.24  0.00   0.450   0.443   0.032   0.075   0.002   0.004   0.331   0.002   0.000   0.003   0.000 1063324000
12.24    4.77    59.557
12.24 18.00   1.024   1.718
12.24 18.00   2.742    67.366
12.24 18.00   2.454   1.320   2.742   0.497
12.24 18.00   2.456   1.313   2.742   0.490

12.25  0.00   0.450   0.443   0.032   0.075   0.002   0.004   0.331   0.002   0.000   0.003   0.000 1064192000
12.25    4.77    59.545
12.25 18.00   1.023   1.718
12.25 18.00   2.742    67.361
12.25 18.00   2.454   1.320   2.742   0.497
12.25 18.00   2.456   1.313   2.742   0.490

12.26  0.00   0.450   0.443   0.032   0.075   0.002   0.004   0.331   0.002   0.000   0.003   0.000 1065061000
12.26    4.77    59.533
12.26 18.00   1.023   1.718
12.26 18.00   2.741    67.357
12.26 18.00   2.453   1.320   2.741   0.497
12.26 18.00   2.456   1.313   2.741   0.490

12.27  0.00   0.450   0.443   0.032   0.075   0.002   0.004   0.331   0.002   0.000   0.003   0.000 1065930000
12.27    4.77    59.521
12.27 18.00   1.023   1.718
12.27 18.00   2.741    67.352
12.27 18.00   2.453   1.320   2.741   0.497
12.27 18.00   2.455   1.313   2.741   0.490

12.28  0.00   0.450   0.443   0.032   0.075   0.002   0.004   0.331   0.002   0.000   0.003   0.000 1066799000
12.28    4.77    59.509
12.28 18.00   1.022   1.718
12.28 18.00   2.741    67.348
12.28 18.00   2.453   1.320   2.741   0.497
12.28 18.00   2.455   1.313   2.741   0.490

12.29  0.00   0.450   0.443   0.032   0.075   0.002   0.004   0.331   0.002   0.000   0.003   0.000 1067667000
12.29    4.77    59.497
12.29 18.00   1.022   1.718
12.29 18.00   2.740    67.343
12.29 18.00   2.452   1.320   2.740   0.497
12.29 18.00   2.455   1.313   2.740   0.490

12.30  0.00   0.450   0.443   0.032   0.075   0.002   0.004   0.331   0.002   0.000   0.003   0.000 1068536000
12.30    4.76    59.485
12.30 18.00   1.022   1.718
12.30 18.00   2.740    67.339
12.30 18.00   2.452   1.320   2.740   0.497
12.30 18.00   2.454   1.313   2.740   0.490

12.31  0.00   0.450   0.443   0.032   0.075   0.002   0.004   0.331   0.002   0.000   0.003   0.000 1069405000
12.31    4.76    59.472
12.31 18.00   1.021   1.718
12.31 18.00   2.740    67.334
12.31 18.00   2.452   1.319   2.740   0.497
12.31 18.00   2.454   1.313   2.740   0.490

12.32  0.00   0.450   0.443   0.032   0.075   0.002   0.004   0.331   0.002   0.000   0.003   0.000 1070274000
12.32    4.76    59.460
12.32 18.00   1.021   1.718
12.32 18.00   2.739    67.330
12.32 18.00   2.451   1.319   2.739   0.497
12.32 18.00   2.454   1.312   2.739   0.490

12.33  0.00   0.450   0.443   0.032   0.075   0.002   0.004   0.331   0.002   0.000   0.003   0.000 1071142000
12.33    4.76    59.448
12.33 18.00   1.020   1.718
12.33 18.00   2.739    67.325
12.33 18.00   2.451   1.319   2.739   0.497
12.33 18.00   2.453   1.312   2.739   0.490

12.34  0.00   0.450   0.443   0.032   0.075   0.002   0.004   0.331   0.002   0.000   0.003   0.000 1072011000
12.34    4.76    59.436
12.34 18.00   1.020   1.718
12.34 18.00   2.738    67.321
12.34 18.00   2.451   1.319   2.738   0.497
12.34 18.00   2.453   1.312   2.738   0.490

12.35  0.00   0.450   0.443   0.032   0.075   0.002   0.004   0.331   0.002   0.000   0.003   0.000 1072880000
12.35    4.76    59.424
12.35 18.00   1.020   1.718
12.35 18.00   2.738    67.317
12.35 18.00   2.450   1.319   2.738   0.497
12.35 18.00   2.453   1.312   2.738   0.490

12.36  0.00   0.450   0.443   0.032   0.075   0.002   0.004   0.331   0.002   0.000   0.003   0.000 1073748000
12.36    4.75    59.412
12.36 18.00   1.019   1.718
12.36 18.00   2.738    67.312
12.36 18.00   2.450   1.319   2.738   0.497
12.36 18.00   2.452   1.312   2.738   0.490

12.37  0.00   0.450   0.443   0.032   0.075   0.002   0.004   0.331   0.002   0.000   0.003   0.000 1074617000
12.37    4.75    59.400
12.37 18.00   1.019   1.718
12.37 18.00   2.737    67.308
12.37 18.00   2.450   1.319   2.737   0.497
12.37 18.00   2.452   1.312   2.737   0.490

12.38  0.00   0.450   0.443   0.032   0.075   0.002   0.004   0.331   0.002   0.000   0.003   0.000 1075486000
12.38    4.75    59.388
12.38 18.00   1.019   1.718
12.38 18.00   2.737    67.303
12.38 18.00   2.449   1.319   2.737   0.497
12.38 18.00   2.452   1.312   2.737   0.490

12.39  0.00   0.450   0.443   0.032   0.075   0.002   0.004   0.331   0.002   0.000   0.003   0.000 1076355000
12.39    4.75    59.376
12.39 18.00   1.018   1.718
12.39 18.00   2.737    67.299
12.39 18.00   2.449   1.318   2.737   0.497
12.39 18.00   2.451   1.311   2.737   0.490

12.40  0.00   0.450   0.443   0.032   0.075   0.002   0.004   0.331   0.002   0.000   0.003   0.000 1077223000
12.40    4.75    59.364
12.40 18.00   1.018   1.718
12.40 18.00   2.736    67.294
12.40 18.00   2.449   1.318   2.736   0.497
12.40 18.00   2.451   1.311   2.736   0.490

12.41  0.00   0.450   0.443   0.032   0.075   0.002   0.004   0.331   0.002   0.000   0.003   0.000 1078092000
12.41    4.75    59.352
12.41 18.00   1.018   1.718
12.41 18.00   2.736    67.290
12.41 18.00   2.448   1.318   2.736   0.497
12.41 18.00   2.451   1.311   2.736   0.490

12.42  0.00   0.450   0.443   0.032   0.075   0.002   0.004   0.331   0.002   0.000   0.003   0.000 1078961000
12.42    4.74    59.340
12.42 18.00   1.017   1.718
12.42 18.00   2.736    67.286
12.42 18.00   2.448   1.318   2.736   0.497
12.42 18.00   2.450   1.311   2.736   0.490

12.43  0.00   0.450   0.443   0.032   0.075   0.002   0.004   0.331   0.002   0.000   0.003   0.000 1079830000
12.43    4.74    59.328
12.43 18.00   1.017   1.718
12.43 18.00   2.735    67.281
12.43 18.00   2.448   1.318   2.735   0.497
12.43 18.00   2.450   1.311   2.735   0.490

12.44  0.00   0.450   0.443   0.032   0.075   0.002   0.004   0.331   0.002   0.000   0.003   0.000 1080698000
12.44    4.74    59.316
12.44 18.00   1.017   1.718
12.44 18.00   2.735    67.277
12.44 18.00   2.447   1.318   2.735   0.497
12.44 18.00   2.450   1.311   2.735   0.490

12.45  0.00   0.449   0.443   0.032   0.075   0.002   0.004   0.331   0.002   0.000   0.003   0.000 1081567000
12.45    4.74    59.304
12.45 18.00   1.016   1.718
12.45 18.00   2.735    67.272
12.45 18.00   2.447   1.318   2.735   0.497
12.45 18.00   2.449   1.311   2.735   0.490

12.46  0.00   0.449   0.443   0.032   0.075   0.002   0.004   0.331   0.002   0.000   0.003   0.000 1082436000
12.46    4.74    59.292
12.46 18.00   1.016   1.718
12.46 18.00   2.734    67.268
12.46 18.00   2.447   1.318   2.734   0.497
12.46 18.00   2.449   1.311   2.734   0.490

12.47  0.00   0.449   0.443   0.032   0.075   0.002   0.004   0.331   0.002   0.000   0.003   0.000 1083304000
12.47    4.74    59.280
12.47 18.00   1.016   1.718
12.47 18.00   2.734    67.264
12.47 18.00   2.447   1.317   2.734   0.497
12.47 18.00   2.449   1.310   2.734   0.490

12.48  0.00   0.449   0.443   0.032   0.075   0.002   0.004   0.331   0.002   0.000   0.003   0.000 1084173000
12.48    4.73    59.269
12.48 18.00   1.015   1.718
12.48 18.00   2.734    67.259
12.48 18.00   2.446   1.317   2.734   0.497
12.48 18.00   2.448   1.310   2.734   0.490

12.49  0.00   0.449   0.443   0.032   0.075   0.002   0.004   0.331   0.002   0.000   0.003   0.000 1085042000
12.49    4.73    59.257
12.49 18.00   1.015   1.718
12.49 18.00   2.733    67.255
12.49 18.00   2.446   1.317   2.733   0.497
12.49 18.00   2.448   1.310   2.733   0.490

12.50  0.00   0.449   0.443   0.032   0.075   0.002   0.004   0.331   0.002   0.000   0.003   0.000 1085911000
12.50    4.73    59.245
12.50 18.00   1.014   1.718
12.50 18.00   2.733    67.251
12.50 18.00   2.446   1.317   2.733   0.497
12.50 18.00   2.448   1.310   2.733   0.490

12.51  0.00   0.449   0.443   0.032   0.075   0.002   0.004   0.331   0.002   0.000   0.003   0.000 1086779000
12.51    4.73    59.233
12.51 18.00   1.014   1.718
12.51 18.00   2.732    67.246
12.51 18.00   2.445   1.317   2.732   0.497
12.51 18.00   2.447   1.310   2.732   0.489

12.52  0.00   0.449   0.443   0.032   0.075   0.002   0.004   0.331   0.002   0.000   0.003   0.000 1087648000
12.52    4.73    59.221
12.52 18.00   1.014   1.718
12.52 18.00   2.732    67.242
12.52 18.00   2.445   1.317   2.732   0.497
12.52 18.00   2.447   1.310   2.732   0.489

12.53  0.00   0.449   0.443   0.032   0.075   0.002   0.004   0.331   0.002   0.000   0.003   0.000 1088517000
12.53    4.73    59.209
12.53 18.00   1.013   1.718
12.53 18.00   2.732    67.238
12.53 18.00   2.445   1.317   2.732   0.497
12.53 18.00   2.447   1.310   2.732   0.489

12.54  0.00   0.449   0.443   0.032   0.075   0.002   0.004   0.331   0.002   0.000   0.003   0.000 1089386000
12.54    4.72    59.197
12.54 18.00   1.013   1.718
12.54 18.00   2.731    67.233
12.54 18.00   2.444   1.316   2.731   0.497
12.54 18.00   2.447   1.310   2.731   0.489

12.55  0.00   0.449   0.443   0.032   0.075   0.002   0.004   0.331   0.002   0.000   0.003   0.000 1090254000
12.55    4.72    59.185
12.55 18.00   1.013   1.718
12.55 18.00   2.731    67.229
12.55 18.00   2.444   1.316   2.731   0.497
12.55 18.00   2.446   1.309   2.731   0.489

12.56  0.00   0.449   0.443   0.032   0.075   0.002   0.004   0.331   0.002   0.000   0.003   0.000 1091123000
12.56    4.72    59.174
12.56 18.00   1.012   1.718
12.56 18.00   2.731    67.225
12.56 18.00   2.444   1.316   2.731   0.497
12.56 18.00   2.446   1.309   2.731   0.489

12.57  0.00   0.449   0.443   0.032   0.075   0.002   0.004   0.331   0.002   0.000   0.003   0.000 1091992000
12.57    4.72    59.162
12.57 18.00   1.012   1.718
12.57 18.00   2.730    67.220
12.57 18.00   2.443   1.316   2.730   0.497
12.57 18.00   2.446   1.309   2.730   0.489

12.58  0.00   0.449   0.443   0.032   0.075   0.002   0.004   0.331   0.002   0.000   0.003   0.000 1092860000
12.58    4.72    59.150
12.58 18.00   1.012   1.718
12.58 18.00   2.730    67.216
12.58 18.00   2.443   1.316   2.730   0.497
12.58 18.00   2.445   1.309   2.730   0.489

12.59  0.00   0.449   0.443   0.032   0.075   0.002   0.004   0.331   0.002   0.000   0.003   0.000 1093729000
12.59    4.72    59.138
12.59 18.00   1.011   1.718
12.59 18.00   2.730    67.212
12.59 18.00   2.443   1.316   2.730   0.497
12.59 18.00   2.445   1.309   2.730   0.489

12.60  0.00   0.449   0.443   0.032   0.075   0.002   0.004   0.331   0.002   0.000   0.003   0.000 1094598000
12.60    4.71    59.126
12.60 18.00   1.011   1.718
12.60 18.00   2.729    67.207
12.60 18.00   2.442   1.316   2.729   0.497
12.60 18.00   2.445   1.309   2.729   0.489

12.61  0.00   0.449   0.443   0.032   0.075   0.002   0.004   0.331   0.002   0.000   0.003   0.000 1095467000
12.61    4.71    59.115
12.61 18.00   1.011   1.718
12.61 18.00   2.729    67.203
12.61 18.00   2.442   1.316   2.729   0.497
12.61 18.00   2.444   1.309   2.729   0.489

12.62  0.00   0.449   0.443   0.032   0.075   0.002   0.004   0.331   0.002   0.000   0.003   0.000 1096335000
12.62    4.71    59.103
12.62 18.00   1.010   1.718
12.62 18.00   2.729    67.199
12.62 18.00   2.442   1.315   2.729   0.497
12.62 18.00   2.444   1.308   2.729   0.489

12.63  0.00   0.449   0.442   0.032   0.075   0.002   0.004   0.331   0.002   0.000   0.003   0.000 1097204000
12.63    4.71    59.091
12.63 18.00   1.010   1.718
12.63 18.00   2.728    67.195
12.63 18.00   2.441   1.315   2.728   0.497
12.63 18.00   2.444   1.308   2.728   0.489

12.64  0.00   0.449   0.442   0.032   0.075   0.002   0.004   0.331   0.002   0.000   0.003   0.000 1098073000
12.64    4.71    59.079
12.64 18.00   1.010   1.718
12.64 18.00   2.728    67.190
12.64 18.00   2.441   1.315   2.728   0.497
12.64 18.00   2.443   1.308   2.728   0.489

12.65  0.00   0.449   0.442   0.032   0.075   0.002   0.004   0.331   0.002   0.000   0.003   0.000 1098942000
12.65    4.71    59.068
12.65 18.00   1.009   1.718
12.65 18.00   2.728    67.186
12.65 18.00   2.441   1.315   2.728   0.496
12.65 18.00   2.443   1.308   2.728   0.489

12.66  0.00   0.449   0.442   0.032   0.075   0.002   0.004   0.331   0.002   0.000   0.003   0.000 1099810000
12.66    4.70    59.056
12.66 18.00   1.009   1.718
12.66 18.00   2.727    67.182
12.66 18.00   2.440   1.315   2.727   0.496
12.66 18.00   2.443   1.308   2.727   0.489

12.67  0.00   0.449   0.442   0.032   0.075   0.002   0.004   0.331   0.002   0.000   0.003   0.000 1100679000
12.67    4.70    59.044
12.67 18.00   1.009   1.718
12.67 18.00   2.727    67.178
12.67 18.00   2.440   1.315   2.727   0.496
12.67 18.00   2.442   1.308   2.727   0.489

12.68  0.00   0.449   0.442   0.032   0.075   0.002   0.004   0.331   0.002   0.000   0.003   0.000 1101548000
12.68    4.70    59.033
12.68 18.00   1.008   1.718
12.68 18.00   2.727    67.173
12.68 18.00   2.440   1.315   2.727   0.496
12.68 18.00   2.442   1.308   2.727   0.489

12.69  0.00   0.449   0.442   0.032   0.075   0.002   0.004   0.331   0.002   0.000   0.003   0.000 1102417000
12.69    4.70    59.021
12.69 18.00   1.008   1.718
12.69 18.00   2.726    67.169
12.69 18.00   2.439   1.315   2.726   0.496
12.69 18.00   2.442   1.308   2.726   0.489

12.70  0.00   0.449   0.442   0.032   0.075   0.002   0.004   0.331   0.002   0.000   0.003   0.000 1103285000
12.70    4.70    59.009
12.70 18.00   1.008   1.718
12.70 18.00   2.726    67.165
12.70 18.00   2.439   1.314   2.726   0.496
12.70 18.00   2.441   1.307   2.726   0.489

12.71  0.00   0.449   0.442   0.032   0.075   0.002   0.004   0.331   0.002   0.000   0.003   0.000 1104154000
12.71    4.70    58.998
12.71 18.00   1.007   1.718
12.71 18.00   2.726    67.161
12.71 18.00   2.439   1.314   2.726   0.496
12.71 18.00   2.441   1.307   2.726   0.489

12.72  0.00   0.449   0.442   0.032   0.075   0.002   0.004   0.331   0.002   0.000   0.003   0.000 1105023000
12.72    4.70    58.986
12.72 18.00   1.007   1.718
12.72 18.00   2.725    67.156
12.72 18.00   2.439   1.314   2.725   0.496
12.72 18.00   2.441   1.307   2.725   0.489

12.73  0.00   0.449   0.442   0.032   0.075   0.002   0.004   0.331   0.002   0.000   0.003   0.000 1105891000
12.73    4.69    58.974
12.73 18.00   1.007   1.718
12.73 18.00   2.725    67.152
12.73 18.00   2.438   1.314   2.725   0.496
12.73 18.00   2.440   1.307   2.725   0.489

12.74  0.00   0.449   0.442   0.032   0.075   0.002   0.004   0.331   0.002   0.000   0.003   0.000 1106760000
12.74    4.69    58.963
12.74 18.00   1.006   1.718
12.74 18.00   2.725    67.148
12.74 18.00   2.438   1.314   2.725   0.496
12.74 18.00   2.440   1.307   2.725   0.489

12.75  0.00   0.449   0.442   0.032   0.075   0.002   0.004   0.331   0.002   0.000   0.003   0.000 1107629000
12.75    4.69    58.951
12.75 18.00   1.006   1.718
12.75 18.00   2.724    67.144
12.75 18.00   2.438   1.314   2.724   0.496
12.75 18.00   2.440   1.307   2.724   0.489

12.76  0.00   0.449   0.442   0.032   0.075   0.002   0.004   0.331   0.002   0.000   0.003   0.000 1108498000
12.76    4.69    58.940
12.76 18.00   1.006   1.718
12.76 18.00   2.724    67.140
12.76 18.00   2.437   1.314   2.724   0.496
12.76 18.00   2.440   1.307   2.724   0.489

12.77  0.00   0.449   0.442   0.032   0.075   0.002   0.004   0.331   0.002   0.000   0.003   0.000 1109366000
12.77    4.69    58.928
12.77 18.00   1.005   1.718
12.77 18.00   2.724    67.135
12.77 18.00   2.437   1.314   2.724   0.496
12.77 18.00   2.439   1.307   2.724   0.489

12.78  0.00   0.449   0.442   0.032   0.075   0.002   0.004   0.331   0.002   0.000   0.003   0.000 1110235000
12.78    4.69    58.916
12.78 18.00   1.005   1.718
12.78 18.00   2.723    67.131
12.78 18.00   2.437   1.313   2.723   0.496
12.78 18.00   2.439   1.306   2.723   0.489

12.79  0.00   0.449   0.442   0.032   0.075   0.002   0.004   0.331   0.002   0.000   0.003   0.000 1111104000
12.79    4.68    58.905
12.79 18.00   1.005   1.718
12.79 18.00   2.723    67.127
12.79 18.00   2.436   1.313   2.723   0.496
12.79 18.00   2.439   1.306   2.723   0.489

12.80  0.00   0.449   0.442   0.032   0.075   0.002   0.004   0.331   0.002   0.000   0.003   0.000 1111972000
12.80    4.68    58.893
12.80 18.00   1.004   1.718
12.80 18.00   2.723    67.123
12.80 18.00   2.436   1.313   2.723   0.496
12.80 18.00   2.438   1.306   2.723   0.489

12.81  0.00   0.449   0.442   0.032   0.075   0.002   0.004   0.331   0.002   0.000   0.003   0.000 1112841000
12.81    4.68    58.882
12.81 18.00   1.004   1.718
12.81 18.00   2.722    67.119
12.81 18.00   2.436   1.313   2.722   0.496
12.81 18.00   2.438   1.306   2.722   0.489

12.82  0.00   0.449   0.442   0.032   0.075   0.002   0.004   0.331   0.002   0.000   0.003   0.000 1113710000
12.82    4.68    58.870
12.82 18.00   1.004   1.718
12.82 18.00   2.722    67.114
12.82 18.00   2.435   1.313   2.722   0.496
12.82 18.00   2.438   1.306   2.722   0.489

12.83  0.00   0.449   0.442   0.032   0.075   0.002   0.004   0.331   0.002   0.000   0.003   0.000 1114579000
12.83    4.68    58.859
12.83 18.00   1.003   1.718
12.83 18.00   2.722    67.110
12.83 18.00   2.435   1.313   2.722   0.496
12.83 18.00   2.437   1.306   2.722   0.489

12.84  0.00   0.449   0.442   0.032   0.075   0.002   0.004   0.331   0.002   0.000   0.003   0.000 1115447000
12.84    4.68    58.847
12.84 18.00   1.003   1.718
12.84 18.00   2.721    67.106
12.84 18.00   2.435   1.313   2.721   0.496
12.84 18.00   2.437   1.306   2.721   0.489

12.85  0.00   0.449   0.442   0.032   0.075   0.002   0.004   0.331   0.002   0.000   0.003   0.000 1116316000
12.85    4.67    58.836
12.85 18.00   1.003   1.718
12.85 18.00   2.721    67.102
12.85 18.00   2.434   1.313   2.721   0.496
12.85 18.00   2.437   1.306   2.721   0.489

12.86  0.00   0.449   0.442   0.032   0.075   0.002   0.004   0.331   0.002   0.000   0.003   0.000 1117185000
12.86    4.67    58.824
12.86 18.00   1.002   1.718
12.86 18.00   2.721    67.098
12.86 18.00   2.434   1.312   2.721   0.496
12.86 18.00   2.436   1.305   2.721   0.489

12.87  0.00   0.449   0.442   0.032   0.075   0.002   0.004   0.331   0.002   0.000   0.003   0.000 1118054000
12.87    4.67    58.813
12.87 18.00   1.002   1.718
12.87 18.00   2.720    67.094
12.87 18.00   2.434   1.312   2.720   0.496
12.87 18.00   2.436   1.305   2.720   0.489

12.88  0.00   0.449   0.442   0.032   0.075   0.002   0.004   0.331   0.002   0.000   0.003   0.000 1118922000
12.88    4.67    58.801
12.88 18.00   1.002   1.718
12.88 18.00   2.720    67.090
12.88 18.00   2.434   1.312   2.720   0.496
12.88 18.00   2.436   1.305   2.720   0.489

12.89  0.00   0.449   0.442   0.032   0.075   0.002   0.004   0.331   0.002   0.000   0.003   0.000 1119791000
12.89    4.67    58.790
12.89 18.00   1.001   1.718
12.89 18.00   2.720    67.085
12.89 18.00   2.433   1.312   2.720   0.496
12.89 18.00   2.436   1.305   2.720   0.489

12.90  0.00   0.449   0.442   0.032   0.075   0.002   0.004   0.331   0.002   0.000   0.003   0.000 1120660000
12.90    4.67    58.778
12.90 18.00   1.001   1.718
12.90 18.00   2.719    67.081
12.90 18.00   2.433   1.312   2.719   0.496
12.90 18.00   2.435   1.305   2.719   0.489

12.91  0.00   0.449   0.442   0.032   0.075   0.002   0.004   0.331   0.002   0.000   0.003   0.000 1121528000
12.91    4.67    58.767
12.91 18.00   1.001   1.718
12.91 18.00   2.719    67.077
12.91 18.00   2.433   1.312   2.719   0.496
12.91 18.00   2.435   1.305   2.719   0.489

12.92  0.00   0.449   0.442   0.032   0.075   0.002   0.004   0.331   0.002   0.000   0.003   0.000 1122397000
12.92    4.66    58.755
12.92 18.00   1.000   1.718
12.92 18.00   2.719    67.073
12.92 18.00   2.432   1.312   2.719   0.496
12.92 18.00   2.435   1.305   2.719   0.489

12.93  0.00   0.449   0.442   0.032   0.075   0.002   0.004   0.331   0.002   0.000   0.003   0.000 1123266000
12.93    4.66    58.744
12.93 18.00   1.000   1.718
12.93 18.00   2.718    67.069
12.93 18.00   2.432   1.312   2.718   0.496
12.93 18.00   2.434   1.305   2.718   0.489

12.94  0.00   0.448   0.442   0.032   0.075   0.002   0.004   0.331   0.002   0.000   0.003   0.000 1124135000
12.94    4.66    58.733
12.94 18.00   1.000   1.718
12.94 18.00   2.718    67.065
12.94 18.00   2.432   1.311   2.718   0.496
12.94 18.00   2.434   1.305   2.718   0.489

12.95  0.00   0.448   0.442   0.032   0.075   0.002   0.004   0.331   0.002   0.000   0.003   0.000 1125003000
12.95    4.66    58.721
12.95 18.00   0.999   1.718
12.95 18.00   2.718    67.061
12.95 18.00   2.431   1.311   2.718   0.496
12.95 18.00   2.434   1.304   2.718   0.489

12.96  0.00   0.448   0.442   0.032   0.075   0.002   0.004   0.331   0.002   0.000   0.003   0.000 1125872000
12.96    4.66    58.710
12.96 18.00   0.999   1.718
12.96 18.00   2.717    67.057
12.96 18.00   2.431   1.311   2.717   0.496
12.96 18.00   2.433   1.304   2.717   0.488

12.97  0.00   0.448   0.442   0.032   0.075   0.002   0.004   0.331   0.002   0.000   0.003   0.000 1126741000
12.97    4.66    58.699
12.97 18.00   0.999   1.718
12.97 18.00   2.717    67.053
12.97 18.00   2.431   1.311   2.717   0.496
12.97 18.00   2.433   1.304   2.717   0.488

12.98  0.00   0.448   0.442   0.032   0.075   0.002   0.004   0.331   0.002   0.000   0.003   0.000 1127610000
12.98    4.65    58.687
12.98 18.00   0.998   1.718
12.98 18.00   2.717    67.049
12.98 18.00   2.431   1.311   2.717   0.496
12.98 18.00   2.433   1.304   2.717   0.488

12.99  0.00   0.448   0.442   0.032   0.075   0.002   0.004   0.330   0.002   0.000   0.003   0.000 1128478000
12.99    4.65    58.676
12.99 18.00   0.998   1.718
12.99 18.00   2.716    67.044
12.99 18.00   2.430   1.311   2.716   0.496
12.99 18.00   2.432   1.304   2.716   0.488

13.00  0.00   0.448   0.442   0.032   0.075   0.002   0.004   0.330   0.002   0.000   0.003   0.000 1129347000
13.00    4.65    58.664
13.00 18.00   0.998   1.718
13.00 18.00   2.716    67.040
13.00 18.00   2.430   1.311   2.716   0.496
13.00 18.00   2.432   1.304   2.716   0.488

13.01  0.00   0.448   0.442   0.032   0.075   0.002   0.004   0.330   0.002   0.000   0.003   0.000 1130216000
13.01    4.65    58.653
13.01 18.00   0.997   1.718
13.01 18.00   2.716    67.036
13.01 18.00   2.430   1.311   2.716   0.496
13.01 18.00   2.432   1.304   2.716   0.488

13.02  0.00   0.448   0.442   0.032   0.075   0.002   0.004   0.330   0.002   0.000   0.003   0.000 1131085000
13.02    4.65    58.642
13.02 18.00   0.997   1.718
13.02 18.00   2.715    67.032
13.02 18.00   2.429   1.311   2.715   0.496
13.02 18.00   2.432   1.304   2.715   0.488

13.03  0.00   0.448   0.442   0.032   0.075   0.002   0.004   0.330   0.002   0.000   0.003   0.000 1131953000
13.03    4.65    58.631
13.03 18.00   0.997   1.718
13.03 18.00   2.715    67.028
13.03 18.00   2.429   1.310   2.715   0.496
13.03 18.00   2.431   1.303   2.715   0.488

13.04  0.00   0.448   0.442   0.032   0.075   0.002   0.004   0.330   0.002   0.000   0.003   0.000 1132822000
13.04    4.65    58.619
13.04 18.00   0.996   1.718
13.04 18.00   2.715    67.024
13.04 18.00   2.429   1.310   2.715   0.496
13.04 18.00   2.431   1.303   2.715   0.488

13.05  0.00   0.448   0.442   0.032   0.075   0.002   0.004   0.330   0.002   0.000   0.003   0.000 1133691000
13.05    4.64    58.608
13.05 18.00   0.996   1.718
13.05 18.00   2.714    67.020
13.05 18.00   2.428   1.310   2.714   0.496
13.05 18.00   2.431   1.303   2.714   0.488

13.06  0.00   0.448   0.442   0.032   0.075   0.002   0.004   0.330   0.002   0.000   0.003   0.000 1134559000
13.06    4.64    58.597
13.06 18.00   0.996   1.718
13.06 18.00   2.714    67.016
13.06 18.00   2.428   1.310   2.714   0.496
13.06 18.00   2.430   1.303   2.714   0.488

13.07  0.00   0.448   0.442   0.032   0.075   0.002   0.004   0.330   0.002   0.000   0.003   0.000 1135428000
13.07    4.64    58.585
13.07 18.00   0.995   1.718
13.07 18.00   2.714    67.012
13.07 18.00   2.428   1.310   2.714   0.496
13.07 18.00   2.430   1.303   2.714   0.488

13.08  0.00   0.448   0.442   0.032   0.075   0.002   0.004   0.330   0.002   0.000   0.003   0.000 1136297000
13.08    4.64    58.574
13.08 18.00   0.995   1.718
13.08 18.00   2.713    67.008
13.08 18.00   2.428   1.310   2.713   0.496
13.08 18.00   2.430   1.303   2.713   0.488

13.09  0.00   0.448   0.442   0.032   0.075   0.002   0.004   0.330   0.002   0.000   0.003   0.000 1137166000
13.09    4.64    58.563
13.09 18.00   0.995   1.718
13.09 18.00   2.713    67.004
13.09 18.00   2.427   1.310   2.713   0.496
13.09 18.00   2.429   1.303   2.713   0.488

13.10  0.00   0.448   0.442   0.032   0.075   0.002   0.004   0.330   0.002   0.000   0.003   0.000 1138034000
13.10    4.64    58.552
13.10 18.00   0.994   1.718
13.10 18.00   2.713    67.000
13.10 18.00   2.427   1.310   2.713   0.496
13.10 18.00   2.429   1.303   2.713   0.488

13.11  0.00   0.448   0.442   0.032   0.075   0.002   0.004   0.330   0.002   0.000   0.003   0.000 1138903000
13.11    4.64    58.540
13.11 18.00   0.994   1.718
13.11 18.00   2.712    66.996
13.11 18.00   2.427   1.309   2.712   0.495
13.11 18.00   2.429   1.302   2.712   0.488

13.12  0.00   0.448   0.442   0.032   0.075   0.002   0.004   0.330   0.002   0.000   0.003   0.000 1139772000
13.12    4.63    58.529
13.12 18.00   0.994   1.718
13.12 18.00   2.712    66.992
13.12 18.00   2.426   1.309   2.712   0.495
13.12 18.00   2.429   1.302   2.712   0.488

13.13  0.00   0.448   0.442   0.032   0.075   0.002   0.004   0.330   0.002   0.000   0.003   0.000 1140641000
13.13    4.63    58.518
13.13 18.00   0.994   1.718
13.13 18.00   2.712    66.988
13.13 18.00   2.426   1.309   2.712   0.495
13.13 18.00   2.428   1.302   2.712   0.488

13.14  0.00   0.448   0.441   0.032   0.075   0.002   0.004   0.330   0.002   0.000   0.003   0.000 1141509000
13.14    4.63    58.507
13.14 18.00   0.993   1.718
13.14 18.00   2.712    66.984
13.14 18.00   2.426   1.309   2.712   0.495
13.14 18.00   2.428   1.302   2.712   0.488

13.15  0.00   0.448   0.441   0.032   0.075   0.002   0.004   0.330   0.002   0.000   0.003   0.000 1142378000
13.15    4.63    58.496
13.15 18.00   0.993   1.718
13.15 18.00   2.711    66.980
13.15 18.00   2.425   1.309   2.711   0.495
13.15 18.00   2.428   1.302   2.711   0.488

13.16  0.00   0.448   0.441   0.032   0.075   0.002   0.004   0.330   0.002   0.000   0.003   0.000 1143247000
13.16    4.63    58.484
13.16 18.00   0.993   1.718
13.16 18.00   2.711    66.976
13.16 18.00   2.425   1.309   2.711   0.495
13.16 18.00   2.427   1.302   2.711   0.488

13.17  0.00   0.448   0.441   0.032   0.075   0.002   0.004   0.330   0.002   0.000   0.003   0.000 1144115000
13.17    4.63    58.473
13.17 18.00   0.992   1.718
13.17 18.00   2.711    66.972
13.17 18.00   2.425   1.309   2.711   0.495
13.17 18.00   2.427   1.302   2.711   0.488

13.18  0.00   0.448   0.441   0.032   0.075   0.002   0.004   0.330   0.002   0.000   0.003   0.000 1144984000
13.18    4.62    58.462
13.18 18.00   0.992   1.718
13.18 18.00   2.710    66.968
13.18 18.00   2.425   1.309   2.710   0.495
13.18 18.00   2.427   1.302   2.710   0.488

13.19  0.00   0.448   0.441   0.032   0.075   0.002   0.004   0.330   0.002   0.000   0.003   0.000 1145853000
13.19    4.62    58.451
13.19 18.00   0.992   1.718
13.19 18.00   2.710    66.964
13.19 18.00   2.424   1.309   2.710   0.495
13.19 18.00   2.427   1.302   2.710   0.488

13.20  0.00   0.448   0.441   0.032   0.075   0.002   0.004   0.330   0.002   0.000   0.003   0.000 1146722000
13.20    4.62    58.440
13.20 18.00   0.991   1.718
13.20 18.00   2.710    66.960
13.20 18.00   2.424   1.308   2.710   0.495
13.20 18.00   2.426   1.301   2.710   0.488

13.21  0.00   0.448   0.441   0.032   0.075   0.002   0.004   0.330   0.002   0.000   0.003   0.000 1147590000
13.21    4.62    58.429
13.21 18.00   0.991   1.718
13.21 18.00   2.709    66.956
13.21 18.00   2.424   1.308   2.709   0.495
13.21 18.00   2.426   1.301   2.709   0.488

13.22  0.00   0.448   0.441   0.032   0.075   0.002   0.004   0.330   0.002   0.000   0.003   0.000 1148459000
13.22    4.62    58.418
13.22 18.00   0.991   1.718
13.22 18.00   2.709    66.952
13.22 18.00   2.423   1.308   2.709   0.495
13.22 18.00   2.426   1.301   2.709   0.488

13.23  0.00   0.448   0.441   0.032   0.075   0.002   0.004   0.330   0.002   0.000   0.003   0.000 1149328000
13.23    4.62    58.407
13.23 18.00   0.990   1.718
13.23 18.00   2.709    66.948
13.23 18.00   2.423   1.308   2.709   0.495
13.23 18.00   2.425   1.301   2.709   0.488

13.24  0.00   0.448   0.441   0.032   0.075   0.002   0.004   0.330   0.002   0.000   0.003   0.000 1150196000
13.24    4.62    58.396
13.24 18.00   0.990   1.718
13.24 18.00   2.708    66.944
13.24 18.00   2.423   1.308   2.708   0.495
13.24 18.00   2.425   1.301   2.708   0.488

13.25  0.00   0.448   0.441   0.032   0.075   0.002   0.004   0.330   0.002   0.000   0.003   0.000 1151065000
13.25    4.61    58.384
13.25 18.00   0.990   1.718
13.25 18.00   2.708    66.941
13.25 18.00   2.423   1.308   2.708   0.495
13.25 18.00   2.425   1.301   2.708   0.488

13.26  0.00   0.448   0.441   0.032   0.075   0.002   0.004   0.330   0.002   0.000   0.003   0.000 1151934000
13.26    4.61    58.373
13.26 18.00   0.989   1.718
13.26 18.00   2.708    66.937
13.26 18.00   2.422   1.308   2.708   0.495
13.26 18.00   2.424   1.301   2.708   0.488

13.27  0.00   0.448   0.441   0.032   0.075   0.002   0.004   0.330   0.002   0.000   0.003   0.000 1152803000
13.27    4.61    58.362
13.27 18.00   0.989   1.718
13.27 18.00   2.707    66.933
13.27 18.00   2.422   1.308   2.707   0.495
13.27 18.00   2.424   1.301   2.707   0.488

13.28  0.00   0.448   0.441   0.032   0.075   0.002   0.004   0.330   0.002   0.000   0.003   0.000 1153671000
13.28    4.61    58.351
13.28 18.00   0.989   1.718
13.28 18.00   2.707    66.929
13.28 18.00   2.422   1.307   2.707   0.495
13.28 18.00   2.424   1.300   2.707   0.488

13.29  0.00   0.448   0.441   0.032   0.075   0.002   0.004   0.330   0.002   0.000   0.003   0.000 1154540000
13.29    4.61    58.340
13.29 18.00   0.988   1.718
13.29 18.00   2.707    66.925
13.29 18.00   2.421   1.307   2.707   0.495
13.29 18.00   2.424   1.300   2.707   0.488

13.30  0.00   0.448   0.441   0.032   0.075   0.002   0.004   0.330   0.002   0.000   0.003   0.000 1155409000
13.30    4.61    58.329
13.30 18.00   0.988   1.718
13.30 18.00   2.707    66.921
13.30 18.00   2.421   1.307   2.707   0.495
13.30 18.00   2.423   1.300   2.707   0.488

13.31  0.00   0.448   0.441   0.032   0.075   0.002   0.004   0.330   0.002   0.000   0.003   0.000 1156278000
13.31    4.61    58.318
13.31 18.00   0.988   1.718
13.31 18.00   2.706    66.917
13.31 18.00   2.421   1.307   2.706   0.495
13.31 18.00   2.423   1.300   2.706   0.488

13.32  0.00   0.448   0.441   0.032   0.075   0.002   0.004   0.330   0.002   0.000   0.003   0.000 1157146000
13.32    4.60    58.307
13.32 18.00   0.988   1.718
13.32 18.00   2.706    66.913
13.32 18.00   2.420   1.307   2.706   0.495
13.32 18.00   2.423   1.300   2.706   0.488

13.33  0.00   0.448   0.441   0.032   0.075   0.002   0.004   0.330   0.002   0.000   0.003   0.000 1158015000
13.33    4.60    58.296
13.33 18.00   0.987   1.718
13.33 18.00   2.706    66.909
13.33 18.00   2.420   1.307   2.706   0.495
13.33 18.00   2.422   1.300   2.706   0.488

13.34  0.00   0.448   0.441   0.032   0.075   0.002   0.004   0.330   0.002   0.000   0.003   0.000 1158884000
13.34    4.60    58.285
13.34 18.00   0.987   1.718
13.34 18.00   2.705    66.905
13.34 18.00   2.420   1.307   2.705   0.495
13.34 18.00   2.422   1.300   2.705   0.488

13.35  0.00   0.448   0.441   0.032   0.075   0.002   0.004   0.330   0.002   0.000   0.003   0.000 1159753000
13.35    4.60    58.274
13.35 18.00   0.987   1.718
13.35 18.00   2.705    66.902
13.35 18.00   2.420   1.307   2.705   0.495
13.35 18.00   2.422   1.300   2.705   0.488

13.36  0.00   0.448   0.441   0.032   0.075   0.002   0.004   0.330   0.002   0.000   0.003   0.000 1160621000
13.36    4.60    58.263
13.36 18.00   0.986   1.718
13.36 18.00   2.705    66.898
13.36 18.00   2.419   1.307   2.705   0.495
13.36 18.00   2.422   1.300   2.705   0.488

13.37  0.00   0.448   0.441   0.032   0.075   0.002   0.004   0.330   0.002   0.000   0.003   0.000 1161490000
13.37    4.60    58.252
13.37 18.00   0.986   1.718
13.37 18.00   2.704    66.894
13.37 18.00   2.419   1.306   2.704   0.495
13.37 18.00   2.421   1.299   2.704   0.488

13.38  0.00   0.448   0.441   0.032   0.075   0.002   0.004   0.330   0.002   0.000   0.003   0.000 1162359000
13.38    4.60    58.241
13.38 18.00   0.986   1.718
13.38 18.00   2.704    66.890
13.38 18.00   2.419   1.306   2.704   0.495
13.38 18.00   2.421   1.299   2.704   0.488

13.39  0.00   0.448   0.441   0.032   0.075   0.002   0.004   0.330   0.002   0.000   0.003   0.000 1163228000
13.39    4.59    58.230
13.39 18.00   0.985   1.718
13.39 18.00   2.704    66.886
13.39 18.00   2.418   1.306   2.704   0.495
13.39 18.00   2.421   1.299   2.704   0.488

13.40  0.00   0.448   0.441   0.032   0.075   0.002   0.004   0.330   0.002   0.000   0.003   0.000 1164096000
13.40    4.59    58.220
13.40 18.00   0.985   1.718
13.40 18.00   2.703    66.882
13.40 18.00   2.418   1.306   2.703   0.495
13.40 18.00   2.420   1.299   2.703   0.488

13.41  0.00   0.448   0.441   0.032   0.075   0.002   0.004   0.330   0.002   0.000   0.003   0.000 1164965000
13.41    4.59    58.209
13.41 18.00   0.985   1.718
13.41 18.00   2.703    66.878
13.41 18.00   2.418   1.306   2.703   0.495
13.41 18.00   2.420   1.299   2.703   0.488

13.42  0.00   0.448   0.441   0.032   0.075   0.002   0.004   0.330   0.002   0.000   0.003   0.000 1165834000
13.42    4.59    58.198
13.42 18.00   0.984   1.718
13.42 18.00   2.703    66.874
13.42 18.00   2.418   1.306   2.703   0.495
13.42 18.00   2.420   1.299   2.703   0.488

13.43  0.00   0.448   0.441   0.032   0.075   0.002   0.004   0.330   0.002   0.000   0.003   0.000 1166702000
13.43    4.59    58.187
13.43 18.00   0.984   1.718
13.43 18.00   2.703    66.871
13.43 18.00   2.417   1.306   2.703   0.495
13.43 18.00   2.420   1.299   2.703   0.488

13.44  0.00   0.448   0.441   0.032   0.075   0.002   0.004   0.330   0.002   0.000   0.003   0.000 1167571000
13.44    4.59    58.176
13.44 18.00   0.984   1.718
13.44 18.00   2.702    66.867
13.44 18.00   2.417   1.306   2.702   0.495
13.44 18.00   2.419   1.299   2.702   0.487

13.45  0.00   0.448   0.441   0.032   0.075   0.002   0.004   0.330   0.002   0.000   0.003   0.000 1168440000
13.45    4.59    58.165
13.45 18.00   0.984   1.718
13.45 18.00   2.702    66.863
13.45 18.00   2.417   1.306   2.702   0.495
13.45 18.00   2.419   1.299   2.702   0.487

13.46  0.00   0.448   0.441   0.032   0.075   0.002   0.004   0.330   0.002   0.000   0.003   0.000 1169309000
13.46    4.58    58.154
13.46 18.00   0.983   1.718
13.46 18.00   2.702    66.859
13.46 18.00   2.416   1.305   2.702   0.495
13.46 18.00   2.419   1.298   2.702   0.487

13.47  0.00   0.448   0.441   0.032   0.075   0.002   0.004   0.330   0.002   0.000   0.003   0.000 1170177000
13.47    4.58    58.143
13.47 18.00   0.983   1.718
13.47 18.00   2.701    66.855
13.47 18.00   2.416   1.305   2.701   0.495
13.47 18.00   2.418   1.298   2.701   0.487

13.48  0.00   0.447   0.441   0.032   0.075   0.002   0.004   0.330   0.002   0.000   0.003   0.000 1171046000
13.48    4.58    58.133
13.48 18.00   0.983   1.718
13.48 18.00   2.701    66.852
13.48 18.00   2.416   1.305   2.701   0.495
13.48 18.00   2.418   1.298   2.701   0.487

13.49  0.00   0.447   0.441   0.032   0.075   0.002   0.004   0.330   0.002   0.000   0.003   0.000 1171915000
13.49    4.58    58.122
13.49 18.00   0.982   1.718
13.49 18.00   2.701    66.848
13.49 18.00   2.416   1.305   2.701   0.495
13.49 18.00   2.418   1.298   2.701   0.487

13.50  0.00   0.447   0.441   0.032   0.075   0.002   0.004   0.330   0.002   0.000   0.003   0.000 1172783000
13.50    4.58    58.111
13.50 18.00   0.982   1.718
13.50 18.00   2.700    66.844
13.50 18.00   2.415   1.305   2.700   0.495
13.50 18.00   2.418   1.298   2.700   0.487

13.51  0.00   0.447   0.441   0.032   0.075   0.002   0.004   0.330   0.002   0.000   0.003   0.000 1173652000
13.51    4.58    58.100
13.51 18.00   0.982   1.718
13.51 18.00   2.700    66.840
13.51 18.00   2.415   1.305   2.700   0.495
13.51 18.00   2.417   1.298   2.700   0.487

13.52  0.00   0.447   0.441   0.032   0.075   0.002   0.004   0.330   0.002   0.000   0.003   0.000 1174521000
13.52    4.58    58.089
13.52 18.00   0.981   1.718
13.52 18.00   2.700    66.836
13.52 18.00   2.415   1.305   2.700   0.495
13.52 18.00   2.417   1.298   2.700   0.487

13.53  0.00   0.447   0.441   0.032   0.075   0.002   0.004   0.330   0.002   0.000   0.003   0.000 1175390000
13.53    4.57    58.079
13.53 18.00   0.981   1.718
13.53 18.00   2.699    66.833
13.53 18.00   2.415   1.305   2.699   0.495
13.53 18.00   2.417   1.298   2.699   0.487

13.54  0.00   0.447   0.441   0.032   0.075   0.002   0.004   0.330   0.002   0.000   0.003   0.000 1176258000
13.54    4.57    58.068
13.54 18.00   0.981   1.718
13.54 18.00   2.699    66.829
13.54 18.00   2.414   1.305   2.699   0.495
13.54 18.00   2.417   1.298   2.699   0.487

13.55  0.00   0.447   0.441   0.032   0.075   0.002   0.004   0.330   0.002   0.000   0.003   0.000 1177127000
13.55    4.57    58.057
13.55 18.00   0.981   1.718
13.55 18.00   2.699    66.825
13.55 18.00   2.414   1.304   2.699   0.495
13.55 18.00   2.416   1.297   2.699   0.487

13.56  0.00   0.447   0.441   0.032   0.075   0.002   0.004   0.330   0.002   0.000   0.003   0.000 1177996000
13.56    4.57    58.046
13.56 18.00   0.980   1.718
13.56 18.00   2.699    66.821
13.56 18.00   2.414   1.304   2.699   0.495
13.56 18.00   2.416   1.297   2.699   0.487

13.57  0.00   0.447   0.441   0.032   0.075   0.002   0.004   0.330   0.002   0.000   0.003   0.000 1178865000
13.57    4.57    58.036
13.57 18.00   0.980   1.718
13.57 18.00   2.698    66.817
13.57 18.00   2.413   1.304   2.698   0.495
13.57 18.00   2.416   1.297   2.698   0.487

13.58  0.00   0.447   0.441   0.032   0.075   0.002   0.004   0.330   0.002   0.000   0.003   0.000 1179733000
13.58    4.57    58.025
13.58 18.00   0.980   1.718
13.58 18.00   2.698    66.814
13.58 18.00   2.413   1.304   2.698   0.495
13.58 18.00   2.415   1.297   2.698   0.487

13.59  0.00   0.447   0.441   0.032   0.075   0.002   0.004   0.330   0.002   0.000   0.003   0.000 1180602000
13.59    4.57    58.014
13.59 18.00   0.979   1.718
13.59 18.00   2.698    66.810
13.59 18.00   2.413   1.304   2.698   0.495
13.59 18.00   2.415   1.297   2.698   0.487

13.60  0.00   0.447   0.441   0.032   0.075   0.002   0.004   0.330   0.002   0.000   0.003   0.000 1181471000
13.60    4.56    58.003
13.60 18.00   0.979   1.718
13.60 18.00   2.697    66.806
13.60 18.00   2.413   1.304   2.697   0.495
13.60 18.00   2.415   1.297   2.697   0.487

13.61  0.00   0.447   0.441   0.032   0.075   0.002   0.004   0.330   0.002   0.000   0.003   0.000 1182339000
13.61    4.56    57.993
13.61 18.00   0.979   1.718
13.61 18.00   2.697    66.802
13.61 18.00   2.412   1.304   2.697   0.494
13.61 18.00   2.415   1.297   2.697   0.487

13.62  0.00   0.447   0.441   0.032   0.075   0.002   0.004   0.330   0.002   0.000   0.003   0.000 1183208000
13.62    4.56    57.982
13.62 18.00   0.978   1.718
13.62 18.00   2.697    66.799
13.62 18.00   2.412   1.304   2.697   0.494
13.62 18.00   2.414   1.297   2.697   0.487

13.63  0.00   0.447   0.441   0.032   0.075   0.002   0.004   0.330   0.002   0.000   0.003   0.000 1184077000
13.63    4.56    57.971
13.63 18.00   0.978   1.718
13.63 18.00   2.697    66.795
13.63 18.00   2.412   1.304   2.697   0.494
13.63 18.00   2.414   1.297   2.697   0.487

13.64  0.00   0.447   0.441   0.032   0.075   0.002   0.004   0.330   0.002   0.000   0.003   0.000 1184946000
13.64    4.56    57.961
13.64 18.00   0.978   1.718
13.64 18.00   2.696    66.791
13.64 18.00   2.411   1.303   2.696   0.494
13.64 18.00   2.414   1.296   2.696   0.487

13.65  0.00   0.447   0.441   0.032   0.075   0.002   0.004   0.330   0.002   0.000   0.003   0.000 1185814000
13.65    4.56    57.950
13.65 18.00   0.978   1.718
13.65 18.00   2.696    66.787
13.65 18.00   2.411   1.303   2.696   0.494
13.65 18.00   2.413   1.296   2.696   0.487

13.66  0.00   0.447   0.441   0.032   0.075   0.002   0.004   0.330   0.002   0.000   0.003   0.000 1186683000
13.66    4.56    57.939
13.66 18.00   0.977   1.718
13.66 18.00   2.696    66.784
13.66 18.00   2.411   1.303   2.696   0.494
13.66 18.00   2.413   1.296   2.696   0.487

13.67  0.00   0.447   0.441   0.032   0.075   0.002   0.004   0.330   0.002   0.000   0.003   0.000 1187552000
13.67    4.55    57.929
13.67 18.00   0.977   1.718
13.67 18.00   2.695    66.780
13.67 18.00   2.411   1.303   2.695   0.494
13.67 18.00   2.413   1.296   2.695   0.487

13.68  0.00   0.447   0.441   0.032   0.075   0.002   0.004   0.330   0.002   0.000   0.003   0.000 1188421000
13.68    4.55    57.918
13.68 18.00   0.977   1.718
13.68 18.00   2.695    66.776
13.68 18.00   2.410   1.303   2.695   0.494
13.68 18.00   2.413   1.296   2.695   0.487

13.69  0.00   0.447   0.441   0.032   0.075   0.002   0.004   0.330   0.002   0.000   0.003   0.000 1189289000
13.69    4.55    57.907
13.69 18.00   0.976   1.718
13.69 18.00   2.695    66.773
13.69 18.00   2.410   1.303   2.695   0.494
13.69 18.00   2.412   1.296   2.695   0.487

13.70  0.00   0.447   0.440   0.032   0.075   0.002   0.004   0.330   0.002   0.000   0.003   0.000 1190158000
13.70    4.55    57.897
13.70 18.00   0.976   1.718
13.70 18.00   2.694    66.769
13.70 18.00   2.410   1.303   2.694   0.494
13.70 18.00   2.412   1.296   2.694   0.487

13.71  0.00   0.447   0.440   0.032   0.075   0.002   0.004   0.330   0.002   0.000   0.003   0.000 1191027000
13.71    4.55    57.886
13.71 18.00   0.976   1.718
13.71 18.00   2.694    66.765
13.71 18.00   2.410   1.303   2.694   0.494
13.71 18.00   2.412   1.296   2.694   0.487

13.72  0.00   0.447   0.440   0.032   0.075   0.002   0.004   0.330   0.002   0.000   0.003   0.000 1191896000
13.72    4.55    57.876
13.72 18.00   0.976   1.718
13.72 18.00   2.694    66.761
13.72 18.00   2.409   1.303   2.694   0.494
13.72 18.00   2.412   1.296   2.694   0.487

13.73  0.00   0.447   0.440   0.032   0.075   0.002   0.004   0.330   0.002   0.000   0.003   0.000 1192764000
13.73    4.55    57.865
13.73 18.00   0.975   1.718
13.73 18.00   2.694    66.758
13.73 18.00   2.409   1.302   2.694   0.494
13.73 18.00   2.411   1.295   2.694   0.487

13.74  0.00   0.447   0.440   0.032   0.075   0.002   0.004   0.330   0.002   0.000   0.003   0.000 1193633000
13.74    4.55    57.854
13.74 18.00   0.975   1.718
13.74 18.00   2.693    66.754
13.74 18.00   2.409   1.302   2.693   0.494
13.74 18.00   2.411   1.295   2.693   0.487

13.75  0.00   0.447   0.440   0.032   0.075   0.002   0.004   0.330   0.002   0.000   0.003   0.000 1194502000
13.75    4.54    57.844
13.75 18.00   0.975   1.718
13.75 18.00   2.693    66.750
13.75 18.00   2.408   1.302   2.693   0.494
13.75 18.00   2.411   1.295   2.693   0.487

13.76  0.00   0.447   0.440   0.032   0.075   0.002   0.004   0.330   0.002   0.000   0.003   0.000 1195370000
13.76    4.54    57.833
13.76 18.00   0.974   1.718
13.76 18.00   2.693    66.747
13.76 18.00   2.408   1.302   2.693   0.494
13.76 18.00   2.410   1.295   2.693   0.487

13.77  0.00   0.447   0.440   0.032   0.075   0.002   0.004   0.330   0.002   0.000   0.003   0.000 1196239000
13.77    4.54    57.823
13.77 18.00   0.974   1.718
13.77 18.00   2.692    66.743
13.77 18.00   2.408   1.302   2.692   0.494
13.77 18.00   2.410   1.295   2.692   0.487

13.78  0.00   0.447   0.440   0.032   0.075   0.002   0.004   0.330   0.002   0.000   0.003   0.000 1197108000
13.78    4.54    57.812
13.78 18.00   0.974   1.718
13.78 18.00   2.692    66.739
13.78 18.00   2.408   1.302   2.692   0.494
13.78 18.00   2.410   1.295   2.692   0.487

13.79  0.00   0.447   0.440   0.032   0.075   0.002   0.004   0.330   0.002   0.000   0.003   0.000 1197977000
13.79    4.54    57.802
13.79 18.00   0.973   1.718
13.79 18.00   2.692    66.736
13.79 18.00   2.407   1.302   2.692   0.494
13.79 18.00   2.410   1.295   2.692   0.487

13.80  0.00   0.447   0.440   0.032   0.075   0.002   0.004   0.330   0.002   0.000   0.003   0.000 1198845000
13.80    4.54    57.791
13.80 18.00   0.973   1.718
13.80 18.00   2.692    66.732
13.80 18.00   2.407   1.302   2.692   0.494
13.80 18.00   2.409   1.295   2.692   0.487

13.81  0.00   0.447   0.440   0.032   0.075   0.002   0.004   0.330   0.002   0.000   0.003   0.000 1199714000
13.81    4.54    57.781
13.81 18.00   0.973   1.718
13.81 18.00   2.691    66.728
13.81 18.00   2.407   1.302   2.691   0.494
13.81 18.00   2.409   1.295   2.691   0.487

13.82  0.00   0.447   0.440   0.032   0.075   0.002   0.004   0.330   0.002   0.000   0.003   0.000 1200583000
13.82    4.53    57.770
13.82 18.00   0.973   1.718
13.82 18.00   2.691    66.725
13.82 18.00   2.407   1.301   2.691   0.494
13.82 18.00   2.409   1.294   2.691   0.487

13.83  0.00   0.447   0.440   0.032   0.075   0.002   0.004   0.330   0.002   0.000   0.003   0.000 1201452000
13.83    4.53    57.760
13.83 18.00   0.972   1.718
13.83 18.00   2.691    66.721
13.83 18.00   2.406   1.301   2.691   0.494
13.83 18.00   2.409   1.294   2.691   0.487

13.84  0.00   0.447   0.440   0.032   0.075   0.002   0.004   0.330   0.002   0.000   0.003   0.000 1202320000
13.84    4.53    57.749
13.84 18.00   0.972   1.718
13.84 18.00   2.690    66.717
13.84 18.00   2.406   1.301   2.690   0.494
13.84 18.00   2.408   1.294   2.690   0.487

13.85  0.00   0.447   0.440   0.032   0.075   0.002   0.004   0.330   0.002   0.000   0.003   0.000 1203189000
13.85    4.53    57.739
13.85 18.00   0.972   1.718
13.85 18.00   2.690    66.714
13.85 18.00   2.406   1.301   2.690   0.494
13.85 18.00   2.408   1.294   2.690   0.487

13.86  0.00   0.447   0.440   0.032   0.075   0.002   0.004   0.330   0.002   0.000   0.003   0.000 1204058000
13.86    4.53    57.728
13.86 18.00   0.971   1.718
13.86 18.00   2.690    66.710
13.86 18.00   2.405   1.301   2.690   0.494
13.86 18.00   2.408   1.294   2.690   0.487

13.87  0.00   0.447   0.440   0.032   0.075   0.002   0.004   0.330   0.002   0.000   0.003   0.000 1204926000
13.87    4.53    57.718
13.87 18.00   0.971   1.718
13.87 18.00   2.690    66.707
13.87 18.00   2.405   1.301   2.690   0.494
13.87 18.00   2.407   1.294   2.690   0.487

13.88  0.00   0.447   0.440   0.032   0.075   0.002   0.004   0.330   0.002   0.000   0.003   0.000 1205795000
13.88    4.53    57.707
13.88 18.00   0.971   1.718
13.88 18.00   2.689    66.703
13.88 18.00   2.405   1.301   2.689   0.494
13.88 18.00   2.407   1.294   2.689   0.487

13.89  0.00   0.447   0.440   0.032   0.075   0.002   0.004   0.330   0.002   0.000   0.003   0.000 1206664000
13.89    4.52    57.697
13.89 18.00   0.971   1.718
13.89 18.00   2.689    66.699
13.89 18.00   2.405   1.301   2.689   0.494
13.89 18.00   2.407   1.294   2.689   0.487

13.90  0.00   0.447   0.440   0.032   0.075   0.002   0.004   0.330   0.002   0.000   0.003   0.000 1207533000
13.90    4.52    57.687
13.90 18.00   0.970   1.718
13.90 18.00   2.689    66.696
13.90 18.00   2.404   1.301   2.689   0.494
13.90 18.00   2.407   1.294   2.689   0.487

13.91  0.00   0.447   0.440   0.032   0.075   0.002   0.004   0.330   0.002   0.000   0.003   0.000 1208401000
13.91    4.52    57.676
13.91 18.00   0.970   1.718
13.91 18.00   2.688    66.692
13.91 18.00   2.404   1.300   2.688   0.494
13.91 18.00   2.406   1.294   2.688   0.487

13.92  0.00   0.447   0.440   0.032   0.075   0.002   0.004   0.330   0.002   0.000   0.003   0.000 1209270000
13.92    4.52    57.666
13.92 18.00   0.970   1.718
13.92 18.00   2.688    66.688
13.92 18.00   2.404   1.300   2.688   0.494
13.92 18.00   2.406   1.293   2.688   0.487

13.93  0.00   0.447   0.440   0.032   0.075   0.002   0.004   0.330   0.002   0.000   0.003   0.000 1210139000
13.93    4.52    57.655
13.93 18.00   0.969   1.718
13.93 18.00   2.688    66.685
13.93 18.00   2.404   1.300   2.688   0.494
13.93 18.00   2.406   1.293   2.688   0.487

13.94  0.00   0.447   0.440   0.032   0.075   0.002   0.004   0.330   0.002   0.000   0.003   0.000 1211007000
13.94    4.52    57.645
13.94 18.00   0.969   1.718
13.94 18.00   2.687    66.681
13.94 18.00   2.403   1.300   2.687   0.494
13.94 18.00   2.406   1.293   2.687   0.487

13.95  0.00   0.447   0.440   0.032   0.075   0.002   0.004   0.330   0.002   0.000   0.003   0.000 1211876000
13.95    4.52    57.635
13.95 18.00   0.969   1.718
13.95 18.00   2.687    66.678
13.95 18.00   2.403   1.300   2.687   0.494
13.95 18.00   2.405   1.293   2.687   0.487

13.96  0.00   0.447   0.440   0.032   0.075   0.002   0.004   0.330   0.002   0.000   0.003   0.000 1212745000
13.96    4.52    57.624
13.96 18.00   0.969   1.718
13.96 18.00   2.687    66.674
13.96 18.00   2.403   1.300   2.687   0.494
13.96 18.00   2.405   1.293   2.687   0.487

13.97  0.00   0.447   0.440   0.032   0.075   0.002   0.004   0.330   0.002   0.000   0.003   0.000 1213614000
13.97    4.51    57.614
13.97 18.00   0.968   1.718
13.97 18.00   2.687    66.671
13.97 18.00   2.403   1.300   2.687   0.494
13.97 18.00   2.405   1.293   2.687   0.486

13.98  0.00   0.447   0.440   0.032   0.075   0.002   0.004   0.330   0.002   0.000   0.003   0.000 1214482000
13.98    4.51    57.604
13.98 18.00   0.968   1.718
13.98 18.00   2.686    66.667
13.98 18.00   2.402   1.300   2.686   0.494
13.98 18.00   2.405   1.293   2.686   0.486

13.99  0.00   0.447   0.440   0.032   0.075   0.002   0.004   0.330   0.002   0.000   0.003   0.000 1215351000
13.99    4.51    57.593
13.99 18.00   0.968   1.718
13.99 18.00   2.686    66.663
13.99 18.00   2.402   1.300   2.686   0.494
13.99 18.00   2.404   1.293   2.686   0.486

14.00  0.00   0.447   0.440   0.032   0.075   0.002   0.004   0.329   0.002   0.000   0.003   0.000 1216220000
14.00    4.51    57.583
14.00 18.00   0.967   1.718
14.00 18.00   2.686    66.660
14.00 18.00   2.402   1.300   2.686   0.494
14.00 18.00   2.404   1.293   2.686   0.486

14.01  0.00   0.447   0.440   0.032   0.075   0.002   0.004   0.329   0.002   0.000   0.003   0.000 1217089000
14.01    4.51    57.573
14.01 18.00   0.967   1.718
14.01 18.00   2.686    66.656
14.01 18.00   2.402   1.299   2.686   0.494
14.01 18.00   2.404   1.292   2.686   0.486

14.02  0.00   0.447   0.440   0.032   0.075   0.002   0.004   0.329   0.002   0.000   0.003   0.000 1217957000
14.02    4.51    57.562
14.02 18.00   0.967   1.718
14.02 18.00   2.685    66.653
14.02 18.00   2.401   1.299   2.685   0.494
14.02 18.00   2.404   1.292   2.685   0.486

14.03  0.00   0.447   0.440   0.032   0.075   0.002   0.004   0.329   0.002   0.000   0.003   0.000 1218826000
14.03    4.51    57.552
14.03 18.00   0.967   1.718
14.03 18.00   2.685    66.649
14.03 18.00   2.401   1.299   2.685   0.494
14.03 18.00   2.403   1.292   2.685   0.486

14.04  0.00   0.447   0.440   0.032   0.075   0.002   0.004   0.329   0.002   0.000   0.003   0.000 1219695000
14.04    4.51    57.542
14.04 18.00   0.966   1.718
14.04 18.00   2.685    66.646
14.04 18.00   2.401   1.299   2.685   0.494
14.04 18.00   2.403   1.292   2.685   0.486

14.05  0.00   0.447   0.440   0.032   0.075   0.002   0.004   0.329   0.002   0.000   0.003   0.000 1220564000
14.05    4.50    57.532
14.05 18.00   0.966   1.718
14.05 18.00   2.684    66.642
14.05 18.00   2.400   1.299   2.684   0.494
14.05 18.00   2.403   1.292   2.684   0.486

14.06  0.00   0.447   0.440   0.032   0.075   0.002   0.004   0.329   0.002   0.000   0.003   0.000 1221432000
14.06    4.50    57.521
14.06 18.00   0.966   1.718
14.06 18.00   2.684    66.639
14.06 18.00   2.400   1.299   2.684   0.494
14.06 18.00   2.402   1.292   2.684   0.486

14.07  0.00   0.446   0.440   0.032   0.075   0.002   0.004   0.329   0.002   0.000   0.003   0.000 1222301000
14.07    4.50    57.511
14.07 18.00   0.965   1.718
14.07 18.00   2.684    66.635
14.07 18.00   2.400   1.299   2.684   0.494
14.07 18.00   2.402   1.292   2.684   0.486

14.08  0.00   0.446   0.440   0.032   0.075   0.002   0.004   0.329   0.002   0.000   0.003   0.000 1223170000
14.08    4.50    57.501
14.08 18.00   0.965   1.718
14.08 18.00   2.684    66.631
14.08 18.00   2.400   1.299   2.684   0.494
14.08 18.00   2.402   1.292   2.684   0.486

14.09  0.00   0.446   0.440   0.032   0.075   0.002   0.004   0.329   0.002   0.000   0.003   0.000 1224039000
14.09    4.50    57.491
14.09 18.00   0.965   1.718
14.09 18.00   2.683    66.628
14.09 18.00   2.399   1.299   2.683   0.494
14.09 18.00   2.402   1.292   2.683   0.486

14.10  0.00   0.446   0.440   0.032   0.075   0.002   0.004   0.329   0.002   0.000   0.003   0.000 1224907000
14.10    4.50    57.480
14.10 18.00   0.965   1.718
14.10 18.00   2.683    66.624
14.10 18.00   2.399   1.299   2.683   0.494
14.10 18.00   2.401   1.292   2.683   0.486

14.11  0.00   0.446   0.440   0.032   0.075   0.002   0.004   0.329   0.002   0.000   0.003   0.000 1225776000
14.11    4.50    57.470
14.11 18.00   0.964   1.718
14.11 18.00   2.683    66.621
14.11 18.00   2.399   1.298   2.683   0.494
14.11 18.00   2.401   1.291   2.683   0.486

14.12  0.00   0.446   0.440   0.032   0.075   0.002   0.004   0.329   0.002   0.000   0.003   0.000 1226645000
14.12    4.49    57.460
14.12 18.00   0.964   1.718
14.12 18.00   2.682    66.617
14.12 18.00   2.399   1.298   2.682   0.494
14.12 18.00   2.401   1.291   2.682   0.486

14.13  0.00   0.446   0.440   0.032   0.075   0.002   0.004   0.329   0.002   0.000   0.003   0.000 1227513000
14.13    4.49    57.450
14.13 18.00   0.964   1.718
14.13 18.00   2.682    66.614
14.13 18.00   2.398   1.298   2.682   0.494
14.13 18.00   2.401   1.291   2.682   0.486

14.14  0.00   0.446   0.440   0.032   0.075   0.002   0.004   0.329   0.002   0.000   0.003   0.000 1228382000
14.14    4.49    57.440
14.14 18.00   0.964   1.718
14.14 18.00   2.682    66.610
14.14 18.00   2.398   1.298   2.682   0.494
14.14 18.00   2.400   1.291   2.682   0.486

14.15  0.00   0.446   0.440   0.032   0.075   0.002   0.004   0.329   0.002   0.000   0.003   0.000 1229251000
14.15    4.49    57.429
14.15 18.00   0.963   1.718
14.15 18.00   2.682    66.607
14.15 18.00   2.398   1.298   2.682   0.493
14.15 18.00   2.400   1.291   2.682   0.486

14.16  0.00   0.446   0.440   0.032   0.075   0.002   0.004   0.329   0.002   0.000   0.003   0.000 1230120000
14.16    4.49    57.419
14.16 18.00   0.963   1.718
14.16 18.00   2.681    66.603
14.16 18.00   2.398   1.298   2.681   0.493
14.16 18.00   2.400   1.291   2.681   0.486

14.17  0.00   0.446   0.440   0.032   0.075   0.002   0.004   0.329   0.002   0.000   0.003   0.000 1230988000
14.17    4.49    57.409
14.17 18.00   0.963   1.718
14.17 18.00   2.681    66.600
14.17 18.00   2.397   1.298   2.681   0.493
14.17 18.00   2.400   1.291   2.681   0.486

14.18  0.00   0.446   0.440   0.032   0.075   0.002   0.004   0.329   0.002   0.000   0.003   0.000 1231857000
14.18    4.49    57.399
14.18 18.00   0.962   1.718
14.18 18.00   2.681    66.596
14.18 18.00   2.397   1.298   2.681   0.493
14.18 18.00   2.399   1.291   2.681   0.486

14.19  0.00   0.446   0.440   0.032   0.075   0.002   0.004   0.329   0.002   0.000   0.003   0.000 1232726000
14.19    4.49    57.389
14.19 18.00   0.962   1.718
14.19 18.00   2.681    66.593
14.19 18.00   2.397   1.298   2.681   0.493
14.19 18.00   2.399   1.291   2.681   0.486

14.20  0.00   0.446   0.440   0.032   0.075   0.002   0.004   0.329   0.002   0.000   0.003   0.000 1233594000
14.20    4.48    57.379
14.20 18.00   0.962   1.718
14.20 18.00   2.680    66.589
14.20 18.00   2.397   1.297   2.680   0.493
14.20 18.00   2.399   1.291   2.680   0.486

14.21  0.00   0.446   0.440   0.032   0.075   0.002   0.004   0.329   0.002   0.000   0.003   0.000 1234463000
14.21    4.48    57.369
14.21 18.00   0.962   1.718
14.21 18.00   2.680    66.586
14.21 18.00   2.396   1.297   2.680   0.493
14.21 18.00   2.399   1.290   2.680   0.486

14.22  0.00   0.446   0.440   0.032   0.075   0.002   0.004   0.329   0.002   0.000   0.003   0.000 1235332000
14.22    4.48    57.359
14.22 18.00   0.961   1.718
14.22 18.00   2.680    66.582
14.22 18.00   2.396   1.297   2.680   0.493
14.22 18.00   2.398   1.290   2.680   0.486

14.23  0.00   0.446   0.440   0.032   0.075   0.002   0.004   0.329   0.002   0.000   0.003   0.000 1236201000
14.23    4.48    57.348
14.23 18.00   0.961   1.718
14.23 18.00   2.679    66.579
14.23 18.00   2.396   1.297   2.679   0.493
14.23 18.00   2.398   1.290   2.679   0.486

14.24  0.00   0.446   0.440   0.032   0.075   0.002   0.004   0.329   0.002   0.000   0.003   0.000 1237069000
14.24    4.48    57.338
14.24 18.00   0.961   1.718
14.24 18.00   2.679    66.576
14.24 18.00   2.396   1.297   2.679   0.493
14.24 18.00   2.398   1.290   2.679   0.486

14.25  0.00   0.446   0.440   0.032   0.075   0.002   0.004   0.329   0.002   0.000   0.003   0.000 1237938000
14.25    4.48    57.328
14.25 18.00   0.961   1.718
14.25 18.00   2.679    66.572
14.25 18.00   2.395   1.297   2.679   0.493
14.25 18.00   2.398   1.290   2.679   0.486

14.26  0.00   0.446   0.440   0.032   0.075   0.002   0.004   0.329   0.002   0.000   0.003   0.000 1238807000
14.26    4.48    57.318
14.26 18.00   0.960   1.718
14.26 18.00   2.679    66.569
14.26 18.00   2.395   1.297   2.679   0.493
14.26 18.00   2.397   1.290   2.679   0.486

14.27  0.00   0.446   0.440   0.032   0.075   0.002   0.004   0.329   0.002   0.000   0.003   0.000 1239676000
14.27    4.48    57.308
14.27 18.00   0.960   1.718
14.27 18.00   2.678    66.565
14.27 18.00   2.395   1.297   2.678   0.493
14.27 18.00   2.397   1.290   2.678   0.486

14.28  0.00   0.446   0.440   0.032   0.075   0.002   0.004   0.329   0.002   0.000   0.003   0.000 1240544000
14.28    4.47    57.298
14.28 18.00   0.960   1.718
14.28 18.00   2.678    66.562
14.28 18.00   2.395   1.297   2.678   0.493
14.28 18.00   2.397   1.290   2.678   0.486

14.29  0.00   0.446   0.440   0.032   0.075   0.002   0.004   0.329   0.002   0.000   0.003   0.000 1241413000
14.29    4.47    57.288
14.29 18.00   0.959   1.718
14.29 18.00   2.678    66.558
14.29 18.00   2.394   1.297   2.678   0.493
14.29 18.00   2.397   1.290   2.678   0.486

14.30  0.00   0.446   0.440   0.032   0.075   0.002   0.004   0.329   0.002   0.000   0.003   0.000 1242282000
14.30    4.47    57.278
14.30 18.00   0.959   1.718
14.30 18.00   2.677    66.555
14.30 18.00   2.394   1.296   2.677   0.493
14.30 18.00   2.396   1.290   2.677   0.486

14.31  0.00   0.446   0.439   0.032   0.075   0.002   0.004   0.329   0.002   0.000   0.003   0.000 1243151000
14.31    4.47    57.268
14.31 18.00   0.959   1.718
14.31 18.00   2.677    66.551
14.31 18.00   2.394   1.296   2.677   0.493
14.31 18.00   2.396   1.289   2.677   0.486

14.32  0.00   0.446   0.439   0.032   0.075   0.002   0.004   0.329   0.002   0.000   0.003   0.000 1244019000
14.32    4.47    57.258
14.32 18.00   0.959   1.718
14.32 18.00   2.677    66.548
14.32 18.00   2.394   1.296   2.677   0.493
14.32 18.00   2.396   1.289   2.677   0.486

14.33  0.00   0.446   0.439   0.032   0.075   0.002   0.004   0.329   0.002   0.000   0.003   0.000 1244888000
14.33    4.47    57.248
14.33 18.00   0.958   1.718
14.33 18.00   2.677    66.545
14.33 18.00   2.393   1.296   2.677   0.493
14.33 18.00   2.396   1.289   2.677   0.486

14.34  0.00   0.446   0.439   0.032   0.075   0.002   0.004   0.329   0.002   0.000   0.003   0.000 1245757000
14.34    4.47    57.238
14.34 18.00   0.958   1.718
14.34 18.00   2.676    66.541
14.34 18.00   2.393   1.296   2.676   0.493
14.34 18.00   2.395   1.289   2.676   0.486

14.35  0.00   0.446   0.439   0.032   0.075   0.002   0.004   0.329   0.002   0.000   0.003   0.000 1246625000
14.35    4.47    57.228
14.35 18.00   0.958   1.718
14.35 18.00   2.676    66.538
14.35 18.00   2.393   1.296   2.676   0.493
14.35 18.00   2.395   1.289   2.676   0.486

14.36  0.00   0.446   0.439   0.032   0.075   0.002   0.004   0.329   0.002   0.000   0.003   0.000 1247494000
14.36    4.46    57.218
14.36 18.00   0.958   1.718
14.36 18.00   2.676    66.534
14.36 18.00   2.393   1.296   2.676   0.493
14.36 18.00   2.395   1.289   2.676   0.486

14.37  0.00   0.446   0.439   0.032   0.075   0.002   0.004   0.329   0.002   0.000   0.003   0.000 1248363000
14.37    4.46    57.208
14.37 18.00   0.957   1.718
14.37 18.00   2.676    66.531
14.37 18.00   2.392   1.296   2.676   0.493
14.37 18.00   2.395   1.289   2.676   0.486

14.38  0.00   0.446   0.439   0.032   0.075   0.002   0.004   0.329   0.002   0.000   0.003   0.000 1249232000
14.38    4.46    57.198
14.38 18.00   0.957   1.718
14.38 18.00   2.675    66.528
14.38 18.00   2.392   1.296   2.675   0.493
14.38 18.00   2.394   1.289   2.675   0.486

14.39  0.00   0.446   0.439   0.032   0.075   0.002   0.004   0.329   0.002   0.000   0.003   0.000 1250100000
14.39    4.46    57.188
14.39 18.00   0.957   1.718
14.39 18.00   2.675    66.524
14.39 18.00   2.392   1.296   2.675   0.493
14.39 18.00   2.394   1.289   2.675   0.486

14.40  0.00   0.446   0.439   0.032   0.075   0.002   0.004   0.329   0.002   0.000   0.003   0.000 1250969000
14.40    4.46    57.178
14.40 18.00   0.956   1.718
14.40 18.00   2.675    66.521
14.40 18.00   2.392   1.295   2.675   0.493
14.40 18.00   2.394   1.289   2.675   0.486

14.41  0.00   0.446   0.439   0.032   0.075   0.002   0.004   0.329   0.002   0.000   0.003   0.000 1251838000
14.41    4.46    57.168
14.41 18.00   0.956   1.718
14.41 18.00   2.675    66.517
14.41 18.00   2.391   1.295   2.675   0.493
14.41 18.00   2.394   1.288   2.675   0.486

14.42  0.00   0.446   0.439   0.032   0.075   0.002   0.004   0.329   0.002   0.000   0.003   0.000 1252707000
14.42    4.46    57.159
14.42 18.00   0.956   1.718
14.42 18.00   2.674    66.514
14.42 18.00   2.391   1.295   2.674   0.493
14.42 18.00   2.393   1.288   2.674   0.486

14.43  0.00   0.446   0.439   0.032   0.075   0.002   0.004   0.329   0.002   0.000   0.003   0.000 1253575000
14.43    4.46    57.149
14.43 18.00   0.956   1.718
14.43 18.00   2.674    66.511
14.43 18.00   2.391   1.295   2.674   0.493
14.43 18.00   2.393   1.288   2.674   0.486

14.44  0.00   0.446   0.439   0.032   0.075   0.002   0.004   0.329   0.002   0.000   0.003   0.000 1254444000
14.44    4.45    57.139
14.44 18.00   0.955   1.718
14.44 18.00   2.674    66.507
14.44 18.00   2.391   1.295   2.674   0.493
14.44 18.00   2.393   1.288   2.674   0.486

14.45  0.00   0.446   0.439   0.032   0.075   0.002   0.004   0.329   0.002   0.000   0.003   0.000 1255313000
14.45    4.45    57.129
14.45 18.00   0.955   1.718
14.45 18.00   2.673    66.504
14.45 18.00   2.390   1.295   2.673   0.493
14.45 18.00   2.393   1.288   2.673   0.486

14.46  0.00   0.446   0.439   0.032   0.075   0.002   0.004   0.329   0.002   0.000   0.003   0.000 1256182000
14.46    4.45    57.119
14.46 18.00   0.955   1.718
14.46 18.00   2.673    66.500
14.46 18.00   2.390   1.295   2.673   0.493
14.46 18.00   2.392   1.288   2.673   0.486

14.47  0.00   0.446   0.439   0.032   0.075   0.002   0.004   0.329   0.002   0.000   0.003   0.000 1257050000
14.47    4.45    57.109
14.47 18.00   0.955   1.718
14.47 18.00   2.673    66.497
14.47 18.00   2.390   1.295   2.673   0.493
14.47 18.00   2.392   1.288   2.673   0.486

14.48  0.00   0.446   0.439   0.032   0.075   0.002   0.004   0.329   0.002   0.000   0.003   0.000 1257919000
14.48    4.45    57.099
14.48 18.00   0.954   1.718
14.48 18.00   2.673    66.494
14.48 18.00   2.390   1.295   2.673   0.493
14.48 18.00   2.392   1.288   2.673   0.486

14.49  0.00   0.446   0.439   0.032   0.075   0.002   0.004   0.329   0.002   0.000   0.003   0.000 1258788000
14.49    4.45    57.089
14.49 18.00   0.954   1.718
14.49 18.00   2.672    66.490
14.49 18.00   2.389   1.295   2.672   0.493
14.49 18.00   2.392   1.288   2.672   0.486

14.50  0.00   0.446   0.439   0.032   0.075   0.002   0.004   0.329   0.002   0.000   0.003   0.000 1259656000
14.50    4.45    57.080
14.50 18.00   0.954   1.718
14.50 18.00   2.672    66.487
14.50 18.00   2.389   1.294   2.672   0.493
14.50 18.00   2.391   1.288   2.672   0.486

14.51  0.00   0.446   0.439   0.032   0.075   0.002   0.004   0.329   0.002   0.000   0.003   0.000 1260525000
14.51    4.45    57.070
14.51 18.00   0.954   1.718
14.51 18.00   2.672    66.484
14.51 18.00   2.389   1.294   2.672   0.493
14.51 18.00   2.391   1.287   2.672   0.486

14.52  0.00   0.446   0.439   0.032   0.075   0.002   0.004   0.329   0.002   0.000   0.003   0.000 1261394000
14.52    4.44    57.060
14.52 18.00   0.953   1.718
14.52 18.00   2.672    66.480
14.52 18.00   2.389   1.294   2.672   0.493
14.52 18.00   2.391   1.287   2.672   0.486

14.53  0.00   0.446   0.439   0.032   0.075   0.002   0.004   0.329   0.002   0.000   0.003   0.000 1262263000
14.53    4.44    57.050
14.53 18.00   0.953   1.718
14.53 18.00   2.671    66.477
14.53 18.00   2.388   1.294   2.671   0.493
14.53 18.00   2.391   1.287   2.671   0.486

14.54  0.00   0.446   0.439   0.032   0.075   0.002   0.004   0.329   0.002   0.000   0.003   0.000 1263131000
14.54    4.44    57.040
14.54 18.00   0.953   1.718
14.54 18.00   2.671    66.474
14.54 18.00   2.388   1.294   2.671   0.493
14.54 18.00   2.390   1.287   2.671   0.485

14.55  0.00   0.446   0.439   0.032   0.075   0.002   0.004   0.329   0.002   0.000   0.003   0.000 1264000000
14.55    4.44    57.031
14.55 18.00   0.952   1.718
14.55 18.00   2.671    66.470
14.55 18.00   2.388   1.294   2.671   0.493
14.55 18.00   2.390   1.287   2.671   0.485

14.56  0.00   0.446   0.439   0.032   0.075   0.002   0.004   0.329   0.002   0.000   0.003   0.000 1264869000
14.56    4.44    57.021
14.56 18.00   0.952   1.718
14.56 18.00   2.671    66.467
14.56 18.00   2.388   1.294   2.671   0.493
14.56 18.00   2.390   1.287   2.671   0.485

14.57  0.00   0.446   0.439   0.032   0.075   0.002   0.004   0.329   0.002   0.000   0.003   0.000 1265737000
14.57    4.44    57.011
14.57 18.00   0.952   1.718
14.57 18.00   2.670    66.464
14.57 18.00   2.387   1.294   2.670   0.493
14.57 18.00   2.390   1.287   2.670   0.485

14.58  0.00   0.446   0.439   0.032   0.075   0.002   0.004   0.329   0.002   0.000   0.003   0.000 1266606000
14.58    4.44    57.001
14.58 18.00   0.952   1.718
14.58 18.00   2.670    66.460
14.58 18.00   2.387   1.294   2.670   0.493
14.58 18.00   2.389   1.287   2.670   0.485

14.59  0.00   0.446   0.439   0.032   0.075   0.002   0.004   0.329   0.002   0.000   0.003   0.000 1267475000
14.59    4.44    56.991
14.59 18.00   0.951   1.718
14.59 18.00   2.670    66.457
14.59 18.00   2.387   1.294   2.670   0.493
14.59 18.00   2.389   1.287   2.670   0.485

14.60  0.00   0.446   0.439   0.032   0.075   0.002   0.004   0.329   0.002   0.000   0.003   0.000 1268344000
14.60    4.44    56.982
14.60 18.00   0.951   1.718
14.60 18.00   2.670    66.454
14.60 18.00   2.387   1.294   2.670   0.493
14.60 18.00   2.389   1.287   2.670   0.485

14.61  0.00   0.446   0.439   0.032   0.075   0.002   0.004   0.329   0.002   0.000   0.003   0.000 1269212000
14.61    4.43    56.972
14.61 18.00   0.951   1.718
14.61 18.00   2.669    66.450
14.61 18.00   2.386   1.293   2.669   0.493
14.61 18.00   2.389   1.286   2.669   0.485

14.62  0.00   0.446   0.439   0.032   0.075   0.002   0.004   0.329   0.002   0.000   0.003   0.000 1270081000
14.62    4.43    56.962
14.62 18.00   0.951   1.718
14.62 18.00   2.669    66.447
14.62 18.00   2.386   1.293   2.669   0.493
14.62 18.00   2.388   1.286   2.669   0.485

14.63  0.00   0.446   0.439   0.032   0.075   0.002   0.004   0.329   0.002   0.000   0.003   0.000 1270950000
14.63    4.43    56.953
14.63 18.00   0.950   1.718
14.63 18.00   2.669    66.444
14.63 18.00   2.386   1.293   2.669   0.493
14.63 18.00   2.388   1.286   2.669   0.485

14.64  0.00   0.446   0.439   0.032   0.075   0.002   0.004   0.329   0.002   0.000   0.003   0.000 1271819000
14.64    4.43    56.943
14.64 18.00   0.950   1.718
14.64 18.00   2.668    66.441
14.64 18.00   2.386   1.293   2.668   0.493
14.64 18.00   2.388   1.286   2.668   0.485

14.65  0.00   0.446   0.439   0.032   0.075   0.002   0.004   0.329   0.002   0.000   0.003   0.000 1272687000
14.65    4.43    56.933
14.65 18.00   0.950   1.718
14.65 18.00   2.668    66.437
14.65 18.00   2.385   1.293   2.668   0.493
14.65 18.00   2.388   1.286   2.668   0.485

14.66  0.00   0.446   0.439   0.032   0.075   0.002   0.004   0.329   0.002   0.000   0.003   0.000 1273556000
14.66    4.43    56.923
14.66 18.00   0.950   1.718
14.66 18.00   2.668    66.434
14.66 18.00   2.385   1.293   2.668   0.493
14.66 18.00   2.387   1.286   2.668   0.485

14.67  0.00   0.446   0.439   0.032   0.075   0.002   0.004   0.329   0.002   0.000   0.003   0.000 1274425000
14.67    4.43    56.914
14.67 18.00   0.949   1.718
14.67 18.00   2.668    66.431
14.67 18.00   2.385   1.293   2.668   0.493
14.67 18.00   2.387   1.286   2.668   0.485

14.68  0.00   0.446   0.439   0.032   0.075   0.002   0.004   0.329   0.002   0.000   0.003   0.000 1275293000
14.68    4.43    56.904
14.68 18.00   0.949   1.718
14.68 18.00   2.667    66.427
14.68 18.00   2.385   1.293   2.667   0.493
14.68 18.00   2.387   1.286   2.667   0.485

14.69  0.00   0.446   0.439   0.032   0.075   0.002   0.004   0.329   0.002   0.000   0.003   0.000 1276162000
14.69    4.42    56.894
14.69 18.00   0.949   1.718
14.69 18.00   2.667    66.424
14.69 18.00   2.384   1.293   2.667   0.493
14.69 18.00   2.387   1.286   2.667   0.485

14.70  0.00   0.446   0.439   0.032   0.075   0.002   0.004   0.329   0.002   0.000   0.003   0.000 1277031000
14.70    4.42    56.885
14.70 18.00   0.949   1.718
14.70 18.00   2.667    66.421
14.70 18.00   2.384   1.293   2.667   0.493
14.70 18.00   2.386   1.286   2.667   0.485

14.71  0.00   0.446   0.439   0.032   0.075   0.002   0.004   0.329   0.002   0.000   0.003   0.000 1277900000
14.71    4.42    56.875
14.71 18.00   0.948   1.718
14.71 18.00   2.667    66.418
14.71 18.00   2.384   1.292   2.667   0.493
14.71 18.00   2.386   1.286   2.667   0.485

14.72  0.00   0.445   0.439   0.032   0.075   0.002   0.004   0.329   0.002   0.000   0.003   0.000 1278768000
14.72    4.42    56.865
14.72 18.00   0.948   1.718
14.72 18.00   2.666    66.414
14.72 18.00   2.384   1.292   2.666   0.493
14.72 18.00   2.386   1.285   2.666   0.485

14.73  0.00   0.445   0.439   0.032   0.075   0.002   0.004   0.329   0.002   0.000   0.003   0.000 1279637000
14.73    4.42    56.856
14.73 18.00   0.948   1.718
14.73 18.00   2.666    66.411
14.73 18.00   2.383   1.292   2.666   0.493
14.73 18.00   2.386   1.285   2.666   0.485

14.74  0.00   0.445   0.439   0.032   0.075   0.002   0.004   0.329   0.002   0.000   0.003   0.000 1280506000
14.74    4.42    56.846
14.74 18.00   0.948   1.718
14.74 18.00   2.666    66.408
14.74 18.00   2.383   1.292   2.666   0.492
14.74 18.00   2.385   1.285   2.666   0.485

14.75  0.00   0.445   0.439   0.032   0.075   0.002   0.004   0.329   0.002   0.000   0.003   0.000 1281375000
14.75    4.42    56.837
14.75 18.00   0.947   1.718
14.75 18.00   2.666    66.405
14.75 18.00   2.383   1.292   2.666   0.492
14.75 18.00   2.385   1.285   2.666   0.485

14.76  0.00   0.445   0.439   0.032   0.075   0.002   0.004   0.329   0.002   0.000   0.003   0.000 1282243000
14.76    4.42    56.827
14.76 18.00   0.947   1.718
14.76 18.00   2.665    66.401
14.76 18.00   2.383   1.292   2.665   0.492
14.76 18.00   2.385   1.285   2.665   0.485

14.77  0.00   0.445   0.439   0.032   0.075   0.002   0.004   0.329   0.002   0.000   0.003   0.000 1283112000
14.77    4.42    56.817
14.77 18.00   0.947   1.718
14.77 18.00   2.665    66.398
14.77 18.00   2.383   1.292   2.665   0.492
14.77 18.00   2.385   1.285   2.665   0.485

14.78  0.00   0.445   0.439   0.032   0.075   0.002   0.004   0.329   0.002   0.000   0.003   0.000 1283981000
14.78    4.41    56.808
14.78 18.00   0.947   1.718
14.78 18.00   2.665    66.395
14.78 18.00   2.382   1.292   2.665   0.492
14.78 18.00   2.385   1.285   2.665   0.485

14.79  0.00   0.445   0.439   0.032   0.075   0.002   0.004   0.329   0.002   0.000   0.003   0.000 1284850000
14.79    4.41    56.798
14.79 18.00   0.946   1.718
14.79 18.00   2.665    66.392
14.79 18.00   2.382   1.292   2.665   0.492
14.79 18.00   2.384   1.285   2.665   0.485

14.80  0.00   0.445   0.439   0.032   0.075   0.002   0.004   0.329   0.002   0.000   0.003   0.000 1285718000
14.80    4.41    56.789
14.80 18.00   0.946   1.718
14.80 18.00   2.664    66.388
14.80 18.00   2.382   1.292   2.664   0.492
14.80 18.00   2.384   1.285   2.664   0.485

14.81  0.00   0.445   0.439   0.032   0.075   0.002   0.004   0.329   0.002   0.000   0.003   0.000 1286587000
14.81    4.41    56.779
14.81 18.00   0.946   1.718
14.81 18.00   2.664    66.385
14.81 18.00   2.382   1.292   2.664   0.492
14.81 18.00   2.384   1.285   2.664   0.485

14.82  0.00   0.445   0.439   0.032   0.075   0.002   0.004   0.329   0.002   0.000   0.003   0.000 1287456000
14.82    4.41    56.770
14.82 18.00   0.946   1.718
14.82 18.00   2.664    66.382
14.82 18.00   2.381   1.291   2.664   0.492
14.82 18.00   2.384   1.284   2.664   0.485

14.83  0.00   0.445   0.439   0.032   0.075   0.002   0.004   0.329   0.002   0.000   0.003   0.000 1288324000
14.83    4.41    56.760
14.83 18.00   0.945   1.718
14.83 18.00   2.664    66.379
14.83 18.00   2.381   1.291   2.664   0.492
14.83 18.00   2.383   1.284   2.664   0.485

14.84  0.00   0.445   0.439   0.032   0.075   0.002   0.004   0.329   0.002   0.000   0.003   0.000 1289193000
14.84    4.41    56.751
14.84 18.00   0.945   1.718
14.84 18.00   2.663    66.376
14.84 18.00   2.381   1.291   2.663   0.492
14.84 18.00   2.383   1.284   2.663   0.485

14.85  0.00   0.445   0.439   0.032   0.075   0.002   0.004   0.329   0.002   0.000   0.003   0.000 1290062000
14.85    4.41    56.741
14.85 18.00   0.945   1.718
14.85 18.00   2.663    66.372
14.85 18.00   2.381   1.291   2.663   0.492
14.85 18.00   2.383   1.284   2.663   0.485

14.86  0.00   0.445   0.439   0.032   0.075   0.002   0.004   0.329   0.002   0.000   0.003   0.000 1290931000
14.86    4.40    56.732
14.86 18.00   0.944   1.718
14.86 18.00   2.663    66.369
14.86 18.00   2.380   1.291   2.663   0.492
14.86 18.00   2.383   1.284   2.663   0.485

14.87  0.00   0.445   0.439   0.032   0.075   0.002   0.004   0.329   0.002   0.000   0.003   0.000 1291799000
14.87    4.40    56.722
14.87 18.00   0.944   1.718
14.87 18.00   2.663    66.366
14.87 18.00   2.380   1.291   2.663   0.492
14.87 18.00   2.382   1.284   2.663   0.485

14.88  0.00   0.445   0.439   0.032   0.075   0.002   0.004   0.329   0.002   0.000   0.003   0.000 1292668000
14.88    4.40    56.713
14.88 18.00   0.944   1.718
14.88 18.00   2.662    66.363
14.88 18.00   2.380   1.291   2.662   0.492
14.88 18.00   2.382   1.284   2.662   0.485

14.89  0.00   0.445   0.439   0.032   0.075   0.002   0.004   0.329   0.002   0.000   0.003   0.000 1293537000
14.89    4.40    56.703
14.89 18.00   0.944   1.718
14.89 18.00   2.662    66.360
14.89 18.00   2.380   1.291   2.662   0.492
14.89 18.00   2.382   1.284   2.662   0.485

14.90  0.00   0.445   0.439   0.032   0.075   0.002   0.004   0.329   0.002   0.000   0.003   0.000 1294406000
14.90    4.40    56.694
14.90 18.00   0.943   1.718
14.90 18.00   2.662    66.356
14.90 18.00   2.379   1.291   2.662   0.492
14.90 18.00   2.382   1.284   2.662   0.485

14.91  0.00   0.445   0.439   0.032   0.075   0.002   0.004   0.329   0.002   0.000   0.003   0.000 1295274000
14.91    4.40    56.684
14.91 18.00   0.943   1.718
14.91 18.00   2.662    66.353
14.91 18.00   2.379   1.291   2.662   0.492
14.91 18.00   2.381   1.284   2.662   0.485

14.92  0.00   0.445   0.439   0.032   0.075   0.002   0.004   0.329   0.002   0.000   0.003   0.000 1296143000
14.92    4.40    56.675
14.92 18.00   0.943   1.718
14.92 18.00   2.661    66.350
14.92 18.00   2.379   1.291   2.661   0.492
14.92 18.00   2.381   1.284   2.661   0.485

14.93  0.00   0.445   0.439   0.032   0.075   0.002   0.004   0.329   0.002   0.000   0.003   0.000 1297012000
14.93    4.40    56.665
14.93 18.00   0.943   1.718
14.93 18.00   2.661    66.347
14.93 18.00   2.379   1.290   2.661   0.492
14.93 18.00   2.381   1.283   2.661   0.485

14.94  0.00   0.445   0.439   0.032   0.075   0.002   0.004   0.329   0.002   0.000   0.003   0.000 1297880000
14.94    4.40    56.656
14.94 18.00   0.942   1.718
14.94 18.00   2.661    66.344
14.94 18.00   2.379   1.290   2.661   0.492
14.94 18.00   2.381   1.283   2.661   0.485

14.95  0.00   0.445   0.439   0.032   0.075   0.002   0.004   0.329   0.002   0.000   0.003   0.000 1298749000
14.95    4.39    56.646
14.95 18.00   0.942   1.718
14.95 18.00   2.661    66.340
14.95 18.00   2.378   1.290   2.661   0.492
14.95 18.00   2.381   1.283   2.661   0.485

14.96  0.00   0.445   0.439   0.032   0.075   0.002   0.004   0.329   0.002   0.000   0.003   0.000 1299618000
14.96    4.39    56.637
14.96 18.00   0.942   1.718
14.96 18.00   2.660    66.337
14.96 18.00   2.378   1.290   2.660   0.492
14.96 18.00   2.380   1.283   2.660   0.485

14.97  0.00   0.445   0.439   0.032   0.075   0.002   0.004   0.329   0.002   0.000   0.003   0.000 1300487000
14.97    4.39    56.628
14.97 18.00   0.942   1.718
14.97 18.00   2.660    66.334
14.97 18.00   2.378   1.290   2.660   0.492
14.97 18.00   2.380   1.283   2.660   0.485

14.98  0.00   0.445   0.438   0.032   0.075   0.002   0.004   0.329   0.002   0.000   0.003   0.000 1301355000
14.98    4.39    56.618
14.98 18.00   0.941   1.718
14.98 18.00   2.660    66.331
14.98 18.00   2.378   1.290   2.660   0.492
14.98 18.00   2.380   1.283   2.660   0.485

14.99  0.00   0.445   0.438   0.032   0.075   0.002   0.004   0.329   0.002   0.000   0.003   0.000 1302224000
14.99    4.39    56.609
14.99 18.00   0.941   1.718
14.99 18.00   2.660    66.328
14.99 18.00   2.377   1.290   2.660   0.492
14.99 18.00   2.380   1.283   2.660   0.485

15.00  0.00   0.445   0.438   0.032   0.075   0.002   0.004   0.329   0.002   0.000   0.003   0.000 1303093000
15.00    4.39    56.599
15.00 18.00   0.941   1.718
15.00 18.00   2.659    66.325
15.00 18.00   2.377   1.290   2.659   0.492
15.00 18.00   2.379   1.283   2.659   0.485

15.01  0.00   0.445   0.438   0.032   0.075   0.002   0.004   0.329   0.002   0.000   0.003   0.000 1303961000
15.01    4.39    56.590
15.01 18.00   0.941   1.718
15.01 18.00   2.659    66.322
15.01 18.00   2.377   1.290   2.659   0.492
15.01 18.00   2.379   1.283   2.659   0.485

15.02  0.00   0.445   0.438   0.032   0.075   0.002   0.004   0.329   0.002   0.000   0.003   0.000 1304830000
15.02    4.39    56.581
15.02 18.00   0.940   1.718
15.02 18.00   2.659    66.318
15.02 18.00   2.377   1.290   2.659   0.492
15.02 18.00   2.379   1.283   2.659   0.485

15.03  0.00   0.445   0.438   0.032   0.075   0.002   0.004   0.329   0.002   0.000   0.003   0.000 1305699000
15.03    4.39    56.571
15.03 18.00   0.940   1.718
15.03 18.00   2.659    66.315
15.03 18.00   2.376   1.289   2.659   0.492
15.03 18.00   2.379   1.283   2.659   0.485

15.04  0.00   0.445   0.438   0.032   0.075   0.002   0.004   0.329   0.002   0.000   0.003   0.000 1306568000
15.04    4.38    56.562
15.04 18.00   0.940   1.718
15.04 18.00   2.658    66.312
15.04 18.00   2.376   1.289   2.658   0.492
15.04 18.00   2.378   1.282   2.658   0.485

15.05  0.00   0.445   0.438   0.032   0.075   0.002   0.004   0.329   0.002   0.000   0.003   0.000 1307436000
15.05    4.38    56.553
15.05 18.00   0.940   1.718
15.05 18.00   2.658    66.309
15.05 18.00   2.376   1.289   2.658   0.492
15.05 18.00   2.378   1.282   2.658   0.485

15.06  0.00   0.445   0.438   0.032   0.075   0.002   0.004   0.329   0.002   0.000   0.003   0.000 1308305000
15.06    4.38    56.543
15.06 18.00   0.939   1.718
15.06 18.00   2.658    66.306
15.06 18.00   2.376   1.289   2.658   0.492
15.06 18.00   2.378   1.282   2.658   0.485

15.07  0.00   0.445   0.438   0.032   0.075   0.002   0.004   0.329   0.002   0.000   0.003   0.000 1309174000
15.07    4.38    56.534
15.07 18.00   0.939   1.718
15.07 18.00   2.658    66.303
15.07 18.00   2.376   1.289   2.658   0.492
15.07 18.00   2.378   1.282   2.658   0.485

15.08  0.00   0.445   0.438   0.032   0.075   0.002   0.004   0.329   0.002   0.000   0.003   0.000 1310043000
15.08    4.38    56.525
15.08 18.00   0.939   1.718
15.08 18.00   2.657    66.300
15.08 18.00   2.375   1.289   2.657   0.492
15.08 18.00   2.378   1.282   2.657   0.485

15.09  0.00   0.445   0.438   0.032   0.075   0.002   0.004   0.329   0.002   0.000   0.003   0.000 1310911000
15.09    4.38    56.515
15.09 18.00   0.939   1.718
15.09 18.00   2.657    66.296
15.09 18.00   2.375   1.289   2.657   0.492
15.09 18.00   2.377   1.282   2.657   0.485

15.10  0.00   0.445   0.438   0.032   0.075   0.002   0.004   0.329   0.002   0.000   0.003   0.000 1311780000
15.10    4.38    56.506
15.10 18.00   0.939   1.718
15.10 18.00   2.657    66.293
15.10 18.00   2.375   1.289   2.657   0.492
15.10 18.00   2.377   1.282   2.657   0.485

15.11  0.00   0.445   0.438   0.032   0.075   0.002   0.004   0.329   0.002   0.000   0.003   0.000 1312649000
15.11    4.38    56.497
15.11 18.00   0.938   1.718
15.11 18.00   2.657    66.290
15.11 18.00   2.375   1.289   2.657   0.492
15.11 18.00   2.377   1.282   2.657   0.485

15.12  0.00   0.445   0.438   0.032   0.075   0.002   0.004   0.329   0.002   0.000   0.003   0.000 1313518000
15.12    4.38    56.488
15.12 18.00   0.938   1.718
15.12 18.00   2.656    66.287
15.12 18.00   2.374   1.289   2.656   0.492
15.12 18.00   2.377   1.282   2.656   0.485

15.13  0.00   0.445   0.438   0.032   0.075   0.002   0.004   0.329   0.002   0.000   0.003   0.000 1314386000
15.13    4.37    56.478
15.13 18.00   0.938   1.718
15.13 18.00   2.656    66.284
15.13 18.00   2.374   1.289   2.656   0.492
15.13 18.00   2.376   1.282   2.656   0.485

15.14  0.00   0.445   0.438   0.032   0.075   0.002   0.004   0.329   0.002   0.000   0.003   0.000 1315255000
15.14    4.37    56.469
15.14 18.00   0.938   1.718
15.14 18.00   2.656    66.281
15.14 18.00   2.374   1.288   2.656   0.492
15.14 18.00   2.376   1.282   2.656   0.485

15.15  0.00   0.445   0.438   0.032   0.075   0.002   0.004   0.329   0.002   0.000   0.003   0.000 1316124000
15.15    4.37    56.460
15.15 18.00   0.937   1.718
15.15 18.00   2.656    66.278
15.15 18.00   2.374   1.288   2.656   0.492
15.15 18.00   2.376   1.281   2.656   0.485

15.16  0.00   0.445   0.438   0.032   0.075   0.002   0.004   0.329   0.002   0.000   0.003   0.000 1316992000
15.16    4.37    56.451
15.16 18.00   0.937   1.718
15.16 18.00   2.655    66.275
15.16 18.00   2.373   1.288   2.655   0.492
15.16 18.00   2.376   1.281   2.655   0.485

15.17  0.00   0.445   0.438   0.032   0.075   0.002   0.004   0.328   0.002   0.000   0.003   0.000 1317861000
15.17    4.37    56.441
15.17 18.00   0.937   1.718
15.17 18.00   2.655    66.272
15.17 18.00   2.373   1.288   2.655   0.492
15.17 18.00   2.375   1.281   2.655   0.484

15.18  0.00   0.445   0.438   0.032   0.075   0.002   0.004   0.328   0.002   0.000   0.003   0.000 1318730000
15.18    4.37    56.432
15.18 18.00   0.937   1.718
15.18 18.00   2.655    66.269
15.18 18.00   2.373   1.288   2.655   0.492
15.18 18.00   2.375   1.281   2.655   0.484

15.19  0.00   0.445   0.438   0.032   0.075   0.002   0.004   0.328   0.002   0.000   0.003   0.000 1319599000
15.19    4.37    56.423
15.19 18.00   0.936   1.718
15.19 18.00   2.655    66.265
15.19 18.00   2.373   1.288   2.655   0.492
15.19 18.00   2.375   1.281   2.655   0.484

15.20  0.00   0.445   0.438   0.032   0.075   0.002   0.004   0.328   0.002   0.000   0.003   0.000 1320467000
15.20    4.37    56.414
15.20 18.00   0.936   1.718
15.20 18.00   2.654    66.262
15.20 18.00   2.373   1.288   2.654   0.492
15.20 18.00   2.375   1.281   2.654   0.484

15.21  0.00   0.445   0.438   0.032   0.075   0.002   0.004   0.328   0.002   0.000   0.003   0.000 1321336000
15.21    4.37    56.405
15.21 18.00   0.936   1.718
15.21 18.00   2.654    66.259
15.21 18.00   2.372   1.288   2.654   0.492
15.21 18.00   2.375   1.281   2.654   0.484

15.22  0.00   0.445   0.438   0.032   0.075   0.002   0.004   0.328   0.002   0.000   0.003   0.000 1322205000
15.22    4.36    56.395
15.22 18.00   0.936   1.718
15.22 18.00   2.654    66.256
15.22 18.00   2.372   1.288   2.654   0.492
15.22 18.00   2.374   1.281   2.654   0.484

15.23  0.00   0.445   0.438   0.032   0.075   0.002   0.004   0.328   0.002   0.000   0.003   0.000 1323074000
15.23    4.36    56.386
15.23 18.00   0.935   1.718
15.23 18.00   2.654    66.253
15.23 18.00   2.372   1.288   2.654   0.492
15.23 18.00   2.374   1.281   2.654   0.484

15.24  0.00   0.445   0.438   0.032   0.075   0.002   0.004   0.328   0.002   0.000   0.003   0.000 1323942000
15.24    4.36    56.377
15.24 18.00   0.935   1.718
15.24 18.00   2.653    66.250
15.24 18.00   2.372   1.288   2.653   0.492
15.24 18.00   2.374   1.281   2.653   0.484

15.25  0.00   0.445   0.438   0.032   0.075   0.002   0.004   0.328   0.002   0.000   0.003   0.000 1324811000
15.25    4.36    56.368
15.25 18.00   0.935   1.718
15.25 18.00   2.653    66.247
15.25 18.00   2.371   1.288   2.653   0.492
15.25 18.00   2.374   1.281   2.653   0.484

15.26  0.00   0.445   0.438   0.032   0.075   0.002   0.004   0.328   0.002   0.000   0.003   0.000 1325680000
15.26    4.36    56.359
15.26 18.00   0.935   1.718
15.26 18.00   2.653    66.244
15.26 18.00   2.371   1.287   2.653   0.492
15.26 18.00   2.373   1.280   2.653   0.484

15.27  0.00   0.445   0.438   0.032   0.075   0.002   0.004   0.328   0.002   0.000   0.003   0.000 1326548000
15.27    4.36    56.350
15.27 18.00   0.934   1.718
15.27 18.00   2.653    66.241
15.27 18.00   2.371   1.287   2.653   0.492
15.27 18.00   2.373   1.280   2.653   0.484

15.28  0.00   0.445   0.438   0.032   0.075   0.002   0.004   0.328   0.002   0.000   0.003   0.000 1327417000
15.28    4.36    56.341
15.28 18.00   0.934   1.718
15.28 18.00   2.652    66.238
15.28 18.00   2.371   1.287   2.652   0.492
15.28 18.00   2.373   1.280   2.652   0.484

15.29  0.00   0.445   0.438   0.032   0.075   0.002   0.004   0.328   0.002   0.000   0.003   0.000 1328286000
15.29    4.36    56.331
15.29 18.00   0.934   1.718
15.29 18.00   2.652    66.235
15.29 18.00   2.371   1.287   2.652   0.492
15.29 18.00   2.373   1.280   2.652   0.484

15.30  0.00   0.445   0.438   0.032   0.075   0.002   0.004   0.328   0.002   0.000   0.003   0.000 1329155000
15.30    4.36    56.322
15.30 18.00   0.934   1.718
15.30 18.00   2.652    66.232
15.30 18.00   2.370   1.287   2.652   0.492
15.30 18.00   2.373   1.280   2.652   0.484

15.31  0.00   0.445   0.438   0.032   0.075   0.002   0.004   0.328   0.002   0.000   0.003   0.000 1330023000
15.31    4.35    56.313
15.31 18.00   0.933   1.718
15.31 18.00   2.652    66.229
15.31 18.00   2.370   1.287   2.652   0.492
15.31 18.00   2.372   1.280   2.652   0.484

15.32  0.00   0.445   0.438   0.032   0.075   0.002   0.004   0.328   0.002   0.000   0.003   0.000 1330892000
15.32    4.35    56.304
15.32 18.00   0.933   1.718
15.32 18.00   2.652    66.226
15.32 18.00   2.370   1.287   2.652   0.492
15.32 18.00   2.372   1.280   2.652   0.484

15.33  0.00   0.445   0.438   0.032   0.075   0.002   0.004   0.328   0.002   0.000   0.003   0.000 1331761000
15.33    4.35    56.295
15.33 18.00   0.933   1.718
15.33 18.00   2.651    66.223
15.33 18.00   2.370   1.287   2.651   0.492
15.33 18.00   2.372   1.280   2.651   0.484

15.34  0.00   0.445   0.438   0.032   0.075   0.002   0.004   0.328   0.002   0.000   0.003   0.000 1332630000
15.34    4.35    56.286
15.34 18.00   0.933   1.718
15.34 18.00   2.651    66.220
15.34 18.00   2.369   1.287   2.651   0.492
15.34 18.00   2.372   1.280   2.651   0.484

15.35  0.00   0.445   0.438   0.032   0.075   0.002   0.004   0.328   0.002   0.000   0.003   0.000 1333498000
15.35    4.35    56.277
15.35 18.00   0.932   1.718
15.35 18.00   2.651    66.217
15.35 18.00   2.369   1.287   2.651   0.492
15.35 18.00   2.371   1.280   2.651   0.484

15.36  0.00   0.445   0.438   0.032   0.075   0.002   0.004   0.328   0.002   0.000   0.003   0.000 1334367000
15.36    4.35    56.268
15.36 18.00   0.932   1.718
15.36 18.00   2.651    66.214
15.36 18.00   2.369   1.287   2.651   0.492
15.36 18.00   2.371   1.280   2.651   0.484

15.37  0.00   0.445   0.438   0.032   0.075   0.002   0.004   0.328   0.002   0.000   0.003   0.000 1335236000
15.37    4.35    56.259
15.37 18.00   0.932   1.718
15.37 18.00   2.650    66.211
15.37 18.00   2.369   1.286   2.650   0.492
15.37 18.00   2.371   1.279   2.650   0.484

15.38  0.00   0.445   0.438   0.032   0.075   0.002   0.004   0.328   0.002   0.000   0.003   0.000 1336104000
15.38    4.35    56.250
15.38 18.00   0.932   1.718
15.38 18.00   2.650    66.208
15.38 18.00   2.369   1.286   2.650   0.491
15.38 18.00   2.371   1.279   2.650   0.484

15.39  0.00   0.445   0.438   0.032   0.075   0.002   0.004   0.328   0.002   0.000   0.003   0.000 1336973000
15.39    4.35    56.241
15.39 18.00   0.932   1.718
15.39 18.00   2.650    66.205
15.39 18.00   2.368   1.286   2.650   0.491
15.39 18.00   2.371   1.279   2.650   0.484

15.40  0.00   0.445   0.438   0.032   0.075   0.002   0.004   0.328   0.002   0.000   0.003   0.000 1337842000
15.40    4.35    56.232
15.40 18.00   0.931   1.718
15.40 18.00   2.650    66.202
15.40 18.00   2.368   1.286   2.650   0.491
15.40 18.00   2.370   1.279   2.650   0.484

15.41  0.00   0.445   0.438   0.032   0.075   0.002   0.004   0.328   0.002   0.000   0.003   0.000 1338711000
15.41    4.34    56.223
15.41 18.00   0.931   1.718
15.41 18.00   2.649    66.199
15.41 18.00   2.368   1.286   2.649   0.491
15.41 18.00   2.370   1.279   2.649   0.484

15.42  0.00   0.445   0.438   0.032   0.075   0.002   0.004   0.328   0.002   0.000   0.003   0.000 1339579000
15.42    4.34    56.214
15.42 18.00   0.931   1.718
15.42 18.00   2.649    66.196
15.42 18.00   2.368   1.286   2.649   0.491
15.42 18.00   2.370   1.279   2.649   0.484

15.43  0.00   0.444   0.438   0.032   0.075   0.002   0.004   0.328   0.002   0.000   0.003   0.000 1340448000
15.43    4.34    56.205
15.43 18.00   0.931   1.718
15.43 18.00   2.649    66.193
15.43 18.00   2.367   1.286   2.649   0.491
15.43 18.00   2.370   1.279   2.649   0.484

15.44  0.00   0.444   0.438   0.032   0.075   0.002   0.004   0.328   0.002   0.000   0.003   0.000 1341317000
15.44    4.34    56.196
15.44 18.00   0.930   1.718
15.44 18.00   2.649    66.190
15.44 18.00   2.367   1.286   2.649   0.491
15.44 18.00   2.369   1.279   2.649   0.484

15.45  0.00   0.444   0.438   0.032   0.075   0.002   0.004   0.328   0.002   0.000   0.003   0.000 1342186000
15.45    4.34    56.187
15.45 18.00   0.930   1.718
15.45 18.00   2.648    66.187
15.45 18.00   2.367   1.286   2.648   0.491
15.45 18.00   2.369   1.279   2.648   0.484

15.46  0.00   0.444   0.438   0.032   0.075   0.002   0.004   0.328   0.002   0.000   0.003   0.000 1343054000
15.46    4.34    56.178
15.46 18.00   0.930   1.718
15.46 18.00   2.648    66.184
15.46 18.00   2.367   1.286   2.648   0.491
15.46 18.00   2.369   1.279   2.648   0.484

15.47  0.00   0.444   0.438   0.032   0.075   0.002   0.004   0.328   0.002   0.000   0.003   0.000 1343923000
15.47    4.34    56.169
15.47 18.00   0.930   1.718
15.47 18.00   2.648    66.181
15.47 18.00   2.367   1.286   2.648   0.491
15.47 18.00   2.369   1.279   2.648   0.484

15.48  0.00   0.444   0.438   0.032   0.075   0.002   0.004   0.328   0.002   0.000   0.003   0.000 1344792000
15.48    4.34    56.160
15.48 18.00   0.929   1.718
15.48 18.00   2.648    66.178
15.48 18.00   2.366   1.285   2.648   0.491
15.48 18.00   2.369   1.279   2.648   0.484

15.49  0.00   0.444   0.438   0.032   0.075   0.002   0.004   0.328   0.002   0.000   0.003   0.000 1345660000
15.49    4.34    56.151
15.49 18.00   0.929   1.718
15.49 18.00   2.648    66.175
15.49 18.00   2.366   1.285   2.648   0.491
15.49 18.00   2.368   1.278   2.648   0.484

15.50  0.00   0.444   0.438   0.032   0.075   0.002   0.004   0.328   0.002   0.000   0.003   0.000 1346529000
15.50    4.33    56.142
15.50 18.00   0.929   1.718
15.50 18.00   2.647    66.172
15.50 18.00   2.366   1.285   2.647   0.491
15.50 18.00   2.368   1.278   2.647   0.484

15.51  0.00   0.444   0.438   0.032   0.075   0.002   0.004   0.328   0.002   0.000   0.003   0.000 1347398000
15.51    4.33    56.133
15.51 18.00   0.929   1.718
15.51 18.00   2.647    66.169
15.51 18.00   2.366   1.285   2.647   0.491
15.51 18.00   2.368   1.278   2.647   0.484

15.52  0.00   0.444   0.438   0.032   0.075   0.002   0.004   0.328   0.002   0.000   0.003   0.000 1348267000
15.52    4.33    56.124
15.52 18.00   0.928   1.718
15.52 18.00   2.647    66.166
15.52 18.00   2.365   1.285   2.647   0.491
15.52 18.00   2.368   1.278   2.647   0.484

15.53  0.00   0.444   0.438   0.032   0.075   0.002   0.004   0.328   0.002   0.000   0.003   0.000 1349135000
15.53    4.33    56.115
15.53 18.00   0.928   1.718
15.53 18.00   2.647    66.163
15.53 18.00   2.365   1.285   2.647   0.491
15.53 18.00   2.368   1.278   2.647   0.484

15.54  0.00   0.444   0.438   0.032   0.075   0.002   0.004   0.328   0.002   0.000   0.002   0.000 1350004000
15.54    4.33    56.106
15.54 18.00   0.928   1.718
15.54 18.00   2.646    66.160
15.54 18.00   2.365   1.285   2.646   0.491
15.54 18.00   2.367   1.278   2.646   0.484

15.55  0.00   0.444   0.438   0.032   0.075   0.002   0.004   0.328   0.002   0.000   0.002   0.000 1350873000
15.55    4.33    56.097
15.55 18.00   0.928   1.718
15.55 18.00   2.646    66.157
15.55 18.00   2.365   1.285   2.646   0.491
15.55 18.00   2.367   1.278   2.646   0.484

15.56  0.00   0.444   0.438   0.032   0.075   0.002   0.004   0.328   0.002   0.000   0.002   0.000 1351742000
15.56    4.33    56.088
15.56 18.00   0.928   1.718
15.56 18.00   2.646    66.154
15.56 18.00   2.365   1.285   2.646   0.491
15.56 18.00   2.367   1.278   2.646   0.484

15.57  0.00   0.444   0.438   0.032   0.075   0.002   0.004   0.328   0.002   0.000   0.002   0.000 1352610000
15.57    4.33    56.079
15.57 18.00   0.927   1.718
15.57 18.00   2.646    66.151
15.57 18.00   2.364   1.285   2.646   0.491
15.57 18.00   2.367   1.278   2.646   0.484

15.58  0.00   0.444   0.438   0.032   0.075   0.002   0.004   0.328   0.002   0.000   0.002   0.000 1353479000
15.58    4.33    56.071
15.58 18.00   0.927   1.718
15.58 18.00   2.645    66.148
15.58 18.00   2.364   1.285   2.645   0.491
15.58 18.00   2.366   1.278   2.645   0.484

15.59  0.00   0.444   0.438   0.032   0.075   0.002   0.004   0.328   0.002   0.000   0.002   0.000 1354348000
15.59    4.33    56.062
15.59 18.00   0.927   1.718
15.59 18.00   2.645    66.145
15.59 18.00   2.364   1.285   2.645   0.491
15.59 18.00   2.366   1.278   2.645   0.484

15.60  0.00   0.444   0.438   0.032   0.075   0.002   0.004   0.328   0.002   0.000   0.002   0.000 1355217000
15.60    4.32    56.053
15.60 18.00   0.927   1.718
15.60 18.00   2.645    66.142
15.60 18.00   2.364   1.284   2.645   0.491
15.60 18.00   2.366   1.278   2.645   0.484

15.61  0.00   0.444   0.438   0.032   0.075   0.002   0.004   0.328   0.002   0.000   0.002   0.000 1356085000
15.61    4.32    56.044
15.61 18.00   0.926   1.718
15.61 18.00   2.645    66.139
15.61 18.00   2.364   1.284   2.645   0.491
15.61 18.00   2.366   1.277   2.645   0.484

15.62  0.00   0.444   0.438   0.032   0.074   0.002   0.004   0.328   0.002   0.000   0.002   0.000 1356954000
15.62    4.32    56.035
15.62 18.00   0.926   1.718
15.62 18.00   2.645    66.136
15.62 18.00   2.363   1.284   2.645   0.491
15.62 18.00   2.366   1.277   2.645   0.484

15.63  0.00   0.444   0.438   0.032   0.074   0.001   0.004   0.328   0.002   0.000   0.002   0.000 1357823000
15.63    4.32    56.026
15.63 18.00   0.926   1.718
15.63 18.00   2.644    66.133
15.63 18.00   2.363   1.284   2.644   0.491
15.63 18.00   2.365   1.277   2.644   0.484

15.64  0.00   0.444   0.438   0.032   0.074   0.001   0.004   0.328   0.002   0.000   0.002   0.000 1358691000
15.64    4.32    56.018
15.64 18.00   0.926   1.718
15.64 18.00   2.644    66.130
15.64 18.00   2.363   1.284   2.644   0.491
15.64 18.00   2.365   1.277   2.644   0.484

15.65  0.00   0.444   0.438   0.032   0.074   0.001   0.004   0.328   0.002   0.000   0.002   0.000 1359560000
15.65    4.32    56.009
15.65 18.00   0.925   1.718
15.65 18.00   2.644    66.128
15.65 18.00   2.363   1.284   2.644   0.491
15.65 18.00   2.365   1.277   2.644   0.484

15.66  0.00   0.444   0.438   0.032   0.074   0.001   0.004   0.328   0.002   0.000   0.002   0.000 1360429000
15.66    4.32    56.000
15.66 18.00   0.925   1.718
15.66 18.00   2.644    66.125
15.66 18.00   2.362   1.284   2.644   0.491
15.66 18.00   2.365   1.277   2.644   0.484

15.67  0.00   0.444   0.438   0.032   0.074   0.001   0.004   0.328   0.002   0.000   0.002   0.000 1361298000
15.67    4.32    55.991
15.67 18.00   0.925   1.718
15.67 18.00   2.643    66.122
15.67 18.00   2.362   1.284   2.643   0.491
15.67 18.00   2.365   1.277   2.643   0.484

15.68  0.00   0.444   0.438   0.032   0.074   0.001   0.004   0.328   0.002   0.000   0.002   0.000 1362166000
15.68    4.32    55.982
15.68 18.00   0.925   1.718
15.68 18.00   2.643    66.119
15.68 18.00   2.362   1.284   2.643   0.491
15.68 18.00   2.364   1.277   2.643   0.484

15.69  0.00   0.444   0.438   0.032   0.074   0.001   0.004   0.328   0.002   0.000   0.002   0.000 1363035000
15.69    4.32    55.974
15.69 18.00   0.925   1.718
15.69 18.00   2.643    66.116
15.69 18.00   2.362   1.284   2.643   0.491
15.69 18.00   2.364   1.277   2.643   0.484

15.70  0.00   0.444   0.438   0.032   0.074   0.001   0.004   0.328   0.002   0.000   0.002   0.000 1363904000
15.70    4.31    55.965
15.70 18.00   0.924   1.718
15.70 18.00   2.643    66.113
15.70 18.00   2.362   1.284   2.643   0.491
15.70 18.00   2.364   1.277   2.643   0.484

15.71  0.00   0.444   0.437   0.032   0.074   0.001   0.004   0.328   0.002   0.000   0.002   0.000 1364772000
15.71    4.31    55.956
15.71 18.00   0.924   1.718
15.71 18.00   2.642    66.110
15.71 18.00   2.361   1.284   2.642   0.491
15.71 18.00   2.364   1.277   2.642   0.484

15.72  0.00   0.444   0.437   0.032   0.074   0.001   0.004   0.328   0.002   0.000   0.002   0.000 1365641000
15.72    4.31    55.947
15.72 18.00   0.924   1.718
15.72 18.00   2.642    66.107
15.72 18.00   2.361   1.283   2.642   0.491
15.72 18.00   2.363   1.276   2.642   0.484

15.73  0.00   0.444   0.437   0.032   0.074   0.001   0.004   0.328   0.002   0.000   0.002   0.000 1366510000
15.73    4.31    55.938
15.73 18.00   0.924   1.718
15.73 18.00   2.642    66.104
15.73 18.00   2.361   1.283   2.642   0.491
15.73 18.00   2.363   1.276   2.642   0.484

15.74  0.00   0.444   0.437   0.032   0.074   0.001   0.004   0.328   0.002   0.000   0.002   0.000 1367379000
15.74    4.31    55.930
15.74 18.00   0.923   1.718
15.74 18.00   2.642    66.101
15.74 18.00   2.361   1.283   2.642   0.491
15.74 18.00   2.363   1.276   2.642   0.484

15.75  0.00   0.444   0.437   0.032   0.074   0.001   0.004   0.328   0.002   0.000   0.002   0.000 1368247000
15.75    4.31    55.921
15.75 18.00   0.923   1.718
15.75 18.00   2.642    66.099
15.75 18.00   2.361   1.283   2.642   0.491
15.75 18.00   2.363   1.276   2.642   0.484

15.76  0.00   0.444   0.437   0.032   0.074   0.001   0.004   0.328   0.002   0.000   0.002   0.000 1369116000
15.76    4.31    55.912
15.76 18.00   0.923   1.718
15.76 18.00   2.641    66.096
15.76 18.00   2.360   1.283   2.641   0.491
15.76 18.00   2.363   1.276   2.641   0.484

15.77  0.00   0.444   0.437   0.032   0.074   0.001   0.004   0.328   0.002   0.000   0.002   0.000 1369985000
15.77    4.31    55.904
15.77 18.00   0.923   1.718
15.77 18.00   2.641    66.093
15.77 18.00   2.360   1.283   2.641   0.491
15.77 18.00   2.362   1.276   2.641   0.484

15.78  0.00   0.444   0.437   0.032   0.074   0.001   0.004   0.328   0.002   0.000   0.002   0.000 1370854000
15.78    4.31    55.895
15.78 18.00   0.923   1.718
15.78 18.00   2.641    66.090
15.78 18.00   2.360   1.283   2.641   0.491
15.78 18.00   2.362   1.276   2.641   0.484

15.79  0.00   0.444   0.437   0.032   0.074   0.001   0.004   0.328   0.002   0.000   0.002   0.000 1371722000
15.79    4.30    55.886
15.79 18.00   0.922   1.718
15.79 18.00   2.641    66.087
15.79 18.00   2.360   1.283   2.641   0.491
15.79 18.00   2.362   1.276   2.641   0.484

15.80  0.00   0.444   0.437   0.032   0.074   0.001   0.004   0.328   0.002   0.000   0.002   0.000 1372591000
15.80    4.30    55.877
15.80 18.00   0.922   1.718
15.80 18.00   2.640    66.084
15.80 18.00   2.359   1.283   2.640   0.491
15.80 18.00   2.362   1.276   2.640   0.484

15.81  0.00   0.444   0.437   0.032   0.074   0.001   0.004   0.328   0.002   0.000   0.002   0.000 1373460000
15.81    4.30    55.869
15.81 18.00   0.922   1.718
15.81 18.00   2.640    66.081
15.81 18.00   2.359   1.283   2.640   0.491
15.81 18.00   2.362   1.276   2.640   0.484

15.82  0.00   0.444   0.437   0.032   0.074   0.001   0.004   0.328   0.002   0.000   0.002   0.000 1374328000
15.82    4.30    55.860
15.82 18.00   0.922   1.718
15.82 18.00   2.640    66.078
15.82 18.00   2.359   1.283   2.640   0.491
15.82 18.00   2.361   1.276   2.640   0.484

15.83  0.00   0.444   0.437   0.032   0.074   0.001   0.004   0.328   0.002   0.000   0.002   0.000 1375197000
15.83    4.30    55.851
15.83 18.00   0.921   1.718
15.83 18.00   2.640    66.076
15.83 18.00   2.359   1.283   2.640   0.491
15.83 18.00   2.361   1.276   2.640   0.484

15.84  0.00   0.444   0.437   0.032   0.074   0.001   0.004   0.328   0.002   0.000   0.002   0.000 1376066000
15.84    4.30    55.843
15.84 18.00   0.921   1.718
15.84 18.00   2.640    66.073
15.84 18.00   2.359   1.282   2.640   0.491
15.84 18.00   2.361   1.275   2.640   0.484

15.85  0.00   0.444   0.437   0.032   0.074   0.001   0.004   0.328   0.002   0.000   0.002   0.000 1376935000
15.85    4.30    55.834
15.85 18.00   0.921   1.718
15.85 18.00   2.639    66.070
15.85 18.00   2.358   1.282   2.639   0.491
15.85 18.00   2.361   1.275   2.639   0.483

15.86  0.00   0.444   0.437   0.032   0.074   0.001   0.004   0.328   0.002   0.000   0.002   0.000 1377803000
15.86    4.30    55.826
15.86 18.00   0.921   1.718
15.86 18.00   2.639    66.067
15.86 18.00   2.358   1.282   2.639   0.491
15.86 18.00   2.360   1.275   2.639   0.483

15.87  0.00   0.444   0.437   0.032   0.074   0.001   0.004   0.328   0.002   0.000   0.002   0.000 1378672000
15.87    4.30    55.817
15.87 18.00   0.920   1.718
15.87 18.00   2.639    66.064
15.87 18.00   2.358   1.282   2.639   0.491
15.87 18.00   2.360   1.275   2.639   0.483

15.88  0.00   0.444   0.437   0.032   0.074   0.001   0.004   0.328   0.002   0.000   0.002   0.000 1379541000
15.88    4.30    55.808
15.88 18.00   0.920   1.718
15.88 18.00   2.639    66.061
15.88 18.00   2.358   1.282   2.639   0.491
15.88 18.00   2.360   1.275   2.639   0.483

15.89  0.00   0.444   0.437   0.032   0.074   0.001   0.004   0.328   0.002   0.000   0.002   0.000 1380410000
15.89    4.29    55.800
15.89 18.00   0.920   1.718
15.89 18.00   2.638    66.058
15.89 18.00   2.358   1.282   2.638   0.491
15.89 18.00   2.360   1.275   2.638   0.483

15.90  0.00   0.444   0.437   0.032   0.074   0.001   0.004   0.328   0.002   0.000   0.002   0.000 1381278000
15.90    4.29    55.791
15.90 18.00   0.920   1.718
15.90 18.00   2.638    66.056
15.90 18.00   2.357   1.282   2.638   0.491
15.90 18.00   2.360   1.275   2.638   0.483

15.91  0.00   0.444   0.437   0.032   0.074   0.001   0.004   0.328   0.002   0.000   0.002   0.000 1382147000
15.91    4.29    55.782
15.91 18.00   0.920   1.718
15.91 18.00   2.638    66.053
15.91 18.00   2.357   1.282   2.638   0.491
15.91 18.00   2.359   1.275   2.638   0.483

15.92  0.00   0.444   0.437   0.032   0.074   0.001   0.004   0.328   0.002   0.000   0.002   0.000 1383016000
15.92    4.29    55.774
15.92 18.00   0.919   1.718
15.92 18.00   2.638    66.050
15.92 18.00   2.357   1.282   2.638   0.491
15.92 18.00   2.359   1.275   2.638   0.483

15.93  0.00   0.444   0.437   0.032   0.074   0.001   0.004   0.328   0.002   0.000   0.002   0.000 1383885000
15.93    4.29    55.765
15.93 18.00   0.919   1.718
15.93 18.00   2.638    66.047
15.93 18.00   2.357   1.282   2.638   0.491
15.93 18.00   2.359   1.275   2.638   0.483

15.94  0.00   0.444   0.437   0.032   0.074   0.001   0.004   0.328   0.002   0.000   0.002   0.000 1384753000
15.94    4.29    55.757
15.94 18.00   0.919   1.718
15.94 18.00   2.637    66.044
15.94 18.00   2.357   1.282   2.637   0.491
15.94 18.00   2.359   1.275   2.637   0.483

15.95  0.00   0.444   0.437   0.032   0.074   0.001   0.004   0.328   0.002   0.000   0.002   0.000 1385622000
15.95    4.29    55.748
15.95 18.00   0.919   1.718
15.95 18.00   2.637    66.042
15.95 18.00   2.356   1.282   2.637   0.491
15.95 18.00   2.359   1.275   2.637   0.483

15.96  0.00   0.444   0.437   0.032   0.074   0.001   0.004   0.328   0.002   0.000   0.002   0.000 1386491000
15.96    4.29    55.740
15.96 18.00   0.918   1.718
15.96 18.00   2.637    66.039
15.96 18.00   2.356   1.281   2.637   0.491
15.96 18.00   2.358   1.275   2.637   0.483

15.97  0.00   0.444   0.437   0.032   0.074   0.001   0.004   0.328   0.002   0.000   0.002   0.000 1387359000
15.97    4.29    55.731
15.97 18.00   0.918   1.718
15.97 18.00   2.637    66.036
15.97 18.00   2.356   1.281   2.637   0.491
15.97 18.00   2.358   1.274   2.637   0.483

15.98  0.00   0.444   0.437   0.032   0.074   0.001   0.004   0.328   0.002   0.000   0.002   0.000 1388228000
15.98    4.29    55.722
15.98 18.00   0.918   1.718
15.98 18.00   2.636    66.033
15.98 18.00   2.356   1.281   2.636   0.491
15.98 18.00   2.358   1.274   2.636   0.483

15.99  0.00   0.444   0.437   0.032   0.074   0.001   0.004   0.328   0.002   0.000   0.002   0.000 1389097000
15.99    4.29    55.714
15.99 18.00   0.918   1.718
15.99 18.00   2.636    66.030
15.99 18.00   2.356   1.281   2.636   0.491
15.99 18.00   2.358   1.274   2.636   0.483

16.00  0.00   0.444   0.437   0.032   0.074   0.001   0.004   0.328   0.002   0.000   0.002   0.000 1389966000
16.00    4.28    55.705
16.00 18.00   0.918   1.718
16.00 18.00   2.636    66.027
16.00 18.00   2.355   1.281   2.636   0.491
16.00 18.00   2.358   1.274   2.636   0.483

16.01  0.00   0.444   0.437   0.032   0.074   0.001   0.004   0.328   0.002   0.000   0.002   0.000 1390834000
16.01    4.28    55.697
16.01 18.00   0.917   1.718
16.01 18.00   2.636    66.025
16.01 18.00   2.355   1.281   2.636   0.491
16.01 18.00   2.357   1.274   2.636   0.483

16.02  0.00   0.444   0.437   0.032   0.074   0.001   0.004   0.328   0.002   0.000   0.002   0.000 1391703000
16.02    4.28    55.688
16.02 18.00   0.917   1.718
16.02 18.00   2.636    66.022
16.02 18.00   2.355   1.281   2.636   0.491
16.02 18.00   2.357   1.274   2.636   0.483

16.03  0.00   0.444   0.437   0.032   0.074   0.001   0.004   0.328   0.002   0.000   0.002   0.000 1392572000
16.03    4.28    55.680
16.03 18.00   0.917   1.718
16.03 18.00   2.635    66.019
16.03 18.00   2.355   1.281   2.635   0.491
16.03 18.00   2.357   1.274   2.635   0.483

16.04  0.00   0.444   0.437   0.032   0.074   0.001   0.004   0.328   0.002   0.000   0.002   0.000 1393441000
16.04    4.28    55.671
16.04 18.00   0.917   1.718
16.04 18.00   2.635    66.016
16.04 18.00   2.355   1.281   2.635   0.491
16.04 18.00   2.357   1.274   2.635   0.483

16.05  0.00   0.444   0.437   0.032   0.074   0.001   0.004   0.328   0.002   0.000   0.002   0.000 1394309000
16.05    4.28    55.663
16.05 18.00   0.917   1.718
16.05 18.00   2.635    66.013
16.05 18.00   2.354   1.281   2.635   0.491
16.05 18.00   2.357   1.274   2.635   0.483

16.06  0.00   0.444   0.437   0.032   0.074   0.001   0.004   0.328   0.002   0.000   0.002   0.000 1395178000
16.06    4.28    55.654
16.06 18.00   0.916   1.718
16.06 18.00   2.635    66.011
16.06 18.00   2.354   1.281   2.635   0.491
16.06 18.00   2.356   1.274   2.635   0.483

16.07  0.00   0.444   0.437   0.032   0.074   0.001   0.004   0.328   0.002   0.000   0.002   0.000 1396047000
16.07    4.28    55.646
16.07 18.00   0.916   1.718
16.07 18.00   2.634    66.008
16.07 18.00   2.354   1.281   2.634   0.491
16.07 18.00   2.356   1.274   2.634   0.483

16.08  0.00   0.444   0.437   0.032   0.074   0.001   0.004   0.328   0.002   0.000   0.002   0.000 1396915000
16.08    4.28    55.637
16.08 18.00   0.916   1.718
16.08 18.00   2.634    66.005
16.08 18.00   2.354   1.281   2.634   0.490
16.08 18.00   2.356   1.274   2.634   0.483

16.09  0.00   0.444   0.437   0.032   0.074   0.001   0.004   0.328   0.002   0.000   0.002   0.000 1397784000
16.09    4.28    55.629
16.09 18.00   0.916   1.718
16.09 18.00   2.634    66.002
16.09 18.00   2.354   1.280   2.634   0.490
16.09 18.00   2.356   1.273   2.634   0.483

16.10  0.00   0.444   0.437   0.032   0.074   0.001   0.004   0.328   0.002   0.000   0.002   0.000 1398653000
16.10    4.27    55.621
16.10 18.00   0.915   1.718
16.10 18.00   2.634    66.000
16.10 18.00   2.353   1.280   2.634   0.490
16.10 18.00   2.356   1.273   2.634   0.483

16.11  0.00   0.444   0.437   0.032   0.074   0.001   0.004   0.328   0.002   0.000   0.002   0.000 1399522000
16.11    4.27    55.612
16.11 18.00   0.915   1.718
16.11 18.00   2.634    65.997
16.11 18.00   2.353   1.280   2.634   0.490
16.11 18.00   2.355   1.273   2.634   0.483

16.12  0.00   0.444   0.437   0.032   0.074   0.001   0.004   0.328   0.002   0.000   0.002   0.000 1400390000
16.12    4.27    55.604
16.12 18.00   0.915   1.718
16.12 18.00   2.633    65.994
16.12 18.00   2.353   1.280   2.633   0.490
16.12 18.00   2.355   1.273   2.633   0.483

16.13  0.00   0.444   0.437   0.032   0.074   0.001   0.004   0.328   0.002   0.000   0.002   0.000 1401259000
16.13    4.27    55.595
16.13 18.00   0.915   1.718
16.13 18.00   2.633    65.991
16.13 18.00   2.353   1.280   2.633   0.490
16.13 18.00   2.355   1.273   2.633   0.483

16.14  0.00   0.444   0.437   0.032   0.074   0.001   0.004   0.328   0.002   0.000   0.002   0.000 1402128000
16.14    4.27    55.587
16.14 18.00   0.915   1.718
16.14 18.00   2.633    65.989
16.14 18.00   2.352   1.280   2.633   0.490
16.14 18.00   2.355   1.273   2.633   0.483

16.15  0.00   0.444   0.437   0.032   0.074   0.001   0.004   0.328   0.002   0.000   0.002   0.000 1402996000
16.15    4.27    55.578
16.15 18.00   0.914   1.718
16.15 18.00   2.633    65.986
16.15 18.00   2.352   1.280   2.633   0.490
16.15 18.00   2.355   1.273   2.633   0.483

16.16  0.00   0.444   0.437   0.032   0.074   0.001   0.004   0.328   0.002   0.000   0.002   0.000 1403865000
16.16    4.27    55.570
16.16 18.00   0.914   1.718
16.16 18.00   2.632    65.983
16.16 18.00   2.352   1.280   2.632   0.490
16.16 18.00   2.354   1.273   2.632   0.483

16.17  0.00   0.444   0.437   0.032   0.074   0.001   0.004   0.328   0.002   0.000   0.002   0.000 1404734000
16.17    4.27    55.562
16.17 18.00   0.914   1.718
16.17 18.00   2.632    65.980
16.17 18.00   2.352   1.280   2.632   0.490
16.17 18.00   2.354   1.273   2.632   0.483

16.18  0.00   0.444   0.437   0.032   0.074   0.001   0.004   0.328   0.002   0.000   0.002   0.000 1405603000
16.18    4.27    55.553
16.18 18.00   0.914   1.718
16.18 18.00   2.632    65.977
16.18 18.00   2.352   1.280   2.632   0.490
16.18 18.00   2.354   1.273   2.632   0.483

16.19  0.00   0.444   0.437   0.032   0.074   0.001   0.004   0.328   0.002   0.000   0.002   0.000 1406472000
16.19    4.27    55.545
16.19 18.00   0.913   1.718
16.19 18.00   2.632    65.975
16.19 18.00   2.351   1.280   2.632   0.490
16.19 18.00   2.354   1.273   2.632   0.483

16.20  0.00   0.444   0.437   0.032   0.074   0.001   0.004   0.328   0.002   0.000   0.002   0.000 1407340000
16.20    4.27    55.537
16.20 18.00   0.913   1.718
16.20 18.00   2.632    65.972
16.20 18.00   2.351   1.280   2.632   0.490
16.20 18.00   2.354   1.273   2.632   0.483

16.21  0.00   0.443   0.437   0.032   0.074   0.001   0.004   0.328   0.002   0.000   0.002   0.000 1408209000
16.21    4.26    55.528
16.21 18.00   0.913   1.718
16.21 18.00   2.631    65.969
16.21 18.00   2.351   1.279   2.631   0.490
16.21 18.00   2.353   1.273   2.631   0.483

16.22  0.00   0.443   0.437   0.032   0.074   0.001   0.004   0.328   0.002   0.000   0.002   0.000 1409078000
16.22    4.26    55.520
16.22 18.00   0.913   1.718
16.22 18.00   2.631    65.967
16.22 18.00   2.351   1.279   2.631   0.490
16.22 18.00   2.353   1.272   2.631   0.483

16.23  0.00   0.443   0.437   0.032   0.074   0.001   0.004   0.328   0.002   0.000   0.002   0.000 1409946000
16.23    4.26    55.511
16.23 18.00   0.913   1.718
16.23 18.00   2.631    65.964
16.23 18.00   2.351   1.279   2.631   0.490
16.23 18.00   2.353   1.272   2.631   0.483

16.24  0.00   0.443   0.437   0.032   0.074   0.001   0.004   0.328   0.002   0.000   0.002   0.000 1410815000
16.24    4.26    55.503
16.24 18.00   0.912   1.718
16.24 18.00   2.631    65.961
16.24 18.00   2.350   1.279   2.631   0.490
16.24 18.00   2.353   1.272   2.631   0.483

16.25  0.00   0.443   0.437   0.032   0.074   0.001   0.004   0.328   0.002   0.000   0.002   0.000 1411684000
16.25    4.26    55.495
16.25 18.00   0.912   1.718
16.25 18.00   2.631    65.958
16.25 18.00   2.350   1.279   2.631   0.490
16.25 18.00   2.353   1.272   2.631   0.483

16.26  0.00   0.443   0.437   0.032   0.074   0.001   0.004   0.328   0.002   0.000   0.002   0.000 1412553000
16.26    4.26    55.487
16.26 18.00   0.912   1.718
16.26 18.00   2.630    65.956
16.26 18.00   2.350   1.279   2.630   0.490
16.26 18.00   2.352   1.272   2.630   0.483

16.27  0.00   0.443   0.437   0.032   0.074   0.001   0.004   0.328   0.002   0.000   0.002   0.000 1413421000
16.27    4.26    55.478
16.27 18.00   0.912   1.718
16.27 18.00   2.630    65.953
16.27 18.00   2.350   1.279   2.630   0.490
16.27 18.00   2.352   1.272   2.630   0.483

16.28  0.00   0.443   0.437   0.032   0.074   0.001   0.004   0.328   0.002   0.000   0.002   0.000 1414290000
16.28    4.26    55.470
16.28 18.00   0.912   1.718
16.28 18.00   2.630    65.950
16.28 18.00   2.350   1.279   2.630   0.490
16.28 18.00   2.352   1.272   2.630   0.483

16.29  0.00   0.443   0.437   0.032   0.074   0.001   0.004   0.328   0.002   0.000   0.002   0.000 1415159000
16.29    4.26    55.462
16.29 18.00   0.911   1.718
16.29 18.00   2.630    65.947
16.29 18.00   2.349   1.279   2.630   0.490
16.29 18.00   2.352   1.272   2.630   0.483

16.30  0.00   0.443   0.437   0.032   0.074   0.001   0.004   0.328   0.002   0.000   0.002   0.000 1416027000
16.30    4.26    55.453
16.30 18.00   0.911   1.718
16.30 18.00   2.629    65.945
16.30 18.00   2.349   1.279   2.629   0.490
16.30 18.00   2.352   1.272   2.629   0.483

16.31  0.00   0.443   0.437   0.032   0.074   0.001   0.004   0.328   0.002   0.000   0.002   0.000 1416896000
16.31    4.25    55.445
16.31 18.00   0.911   1.718
16.31 18.00   2.629    65.942
16.31 18.00   2.349   1.279   2.629   0.490
16.31 18.00   2.351   1.272   2.629   0.483

16.32  0.00   0.443   0.437   0.032   0.074   0.001   0.004   0.328   0.002   0.000   0.002   0.000 1417765000
16.32    4.25    55.437
16.32 18.00   0.911   1.718
16.32 18.00   2.629    65.939
16.32 18.00   2.349   1.279   2.629   0.490
16.32 18.00   2.351   1.272   2.629   0.483

16.33  0.00   0.443   0.437   0.032   0.074   0.001   0.004   0.328   0.002   0.000   0.002   0.000 1418634000
16.33    4.25    55.429
16.33 18.00   0.910   1.718
16.33 18.00   2.629    65.937
16.33 18.00   2.349   1.279   2.629   0.490
16.33 18.00   2.351   1.272   2.629   0.483

16.34  0.00   0.443   0.437   0.032   0.074   0.001   0.004   0.328   0.002   0.000   0.002   0.000 1419502000
16.34    4.25    55.420
16.34 18.00   0.910   1.718
16.34 18.00   2.629    65.934
16.34 18.00   2.349   1.278   2.629   0.490
16.34 18.00   2.351   1.271   2.629   0.483

16.35  0.00   0.443   0.437   0.032   0.074   0.001   0.004   0.328   0.002   0.000   0.002   0.000 1420371000
16.35    4.25    55.412
16.35 18.00   0.910   1.718
16.35 18.00   2.628    65.931
16.35 18.00   2.348   1.278   2.628   0.490
16.35 18.00   2.351   1.271   2.628   0.483

16.36  0.00   0.443   0.437   0.032   0.074   0.001   0.004   0.328   0.002   0.000   0.002   0.000 1421240000
16.36    4.25    55.404
16.36 18.00   0.910   1.718
16.36 18.00   2.628    65.929
16.36 18.00   2.348   1.278   2.628   0.490
16.36 18.00   2.350   1.271   2.628   0.483

16.37  0.00   0.443   0.437   0.032   0.074   0.001   0.004   0.328   0.002   0.000   0.002   0.000 1422109000
16.37    4.25    55.396
16.37 18.00   0.910   1.718
16.37 18.00   2.628    65.926
16.37 18.00   2.348   1.278   2.628   0.490
16.37 18.00   2.350   1.271   2.628   0.483

16.38  0.00   0.443   0.437   0.032   0.074   0.001   0.004   0.328   0.002   0.000   0.002   0.000 1422977000
16.38    4.25    55.387
16.38 18.00   0.909   1.718
16.38 18.00   2.628    65.923
16.38 18.00   2.348   1.278   2.628   0.490
16.38 18.00   2.350   1.271   2.628   0.483

16.39  0.00   0.443   0.437   0.032   0.074   0.001   0.004   0.328   0.002   0.000   0.002   0.000 1423846000
16.39    4.25    55.379
16.39 18.00   0.909   1.718
16.39 18.00   2.628    65.920
16.39 18.00   2.348   1.278   2.628   0.490
16.39 18.00   2.350   1.271   2.628   0.483

16.40  0.00   0.443   0.437   0.032   0.074   0.001   0.004   0.328   0.002   0.000   0.002   0.000 1424715000
16.40    4.25    55.371
16.40 18.00   0.909   1.718
16.40 18.00   2.627    65.918
16.40 18.00   2.347   1.278   2.627   0.490
16.40 18.00   2.350   1.271   2.627   0.483

16.41  0.00   0.443   0.437   0.032   0.074   0.001   0.004   0.328   0.002   0.000   0.002   0.000 1425583000
16.41    4.25    55.363
16.41 18.00   0.909   1.718
16.41 18.00   2.627    65.915
16.41 18.00   2.347   1.278   2.627   0.490
16.41 18.00   2.349   1.271   2.627   0.483

16.42  0.00   0.443   0.437   0.032   0.074   0.001   0.004   0.328   0.002   0.000   0.002   0.000 1426452000
16.42    4.24    55.354
16.42 18.00   0.909   1.718
16.42 18.00   2.627    65.912
16.42 18.00   2.347   1.278   2.627   0.490
16.42 18.00   2.349   1.271   2.627   0.483

16.43  0.00   0.443   0.437   0.032   0.074   0.001   0.004   0.328   0.002   0.000   0.002   0.000 1427321000
16.43    4.24    55.346
16.43 18.00   0.908   1.718
16.43 18.00   2.627    65.910
16.43 18.00   2.347   1.278   2.627   0.490
16.43 18.00   2.349   1.271   2.627   0.483

16.44  0.00   0.443   0.437   0.032   0.074   0.001   0.004   0.328   0.002   0.000   0.002   0.000 1428190000
16.44    4.24    55.338
16.44 18.00   0.908   1.718
16.44 18.00   2.627    65.907
16.44 18.00   2.347   1.278   2.627   0.490
16.44 18.00   2.349   1.271   2.627   0.483

16.45  0.00   0.443   0.437   0.032   0.074   0.001   0.004   0.328   0.002   0.000   0.002   0.000 1429058000
16.45    4.24    55.330
16.45 18.00   0.908   1.718
16.45 18.00   2.626    65.904
16.45 18.00   2.346   1.278   2.626   0.490
16.45 18.00   2.349   1.271   2.626   0.483

16.46  0.00   0.443   0.437   0.032   0.074   0.001   0.004   0.328   0.002   0.000   0.002   0.000 1429927000
16.46    4.24    55.322
16.46 18.00   0.908   1.718
16.46 18.00   2.626    65.902
16.46 18.00   2.346   1.278   2.626   0.490
16.46 18.00   2.348   1.271   2.626   0.483

16.47  0.00   0.443   0.437   0.032   0.074   0.001   0.004   0.328   0.002   0.000   0.002   0.000 1430796000
16.47    4.24    55.314
16.47 18.00   0.908   1.718
16.47 18.00   2.626    65.899
16.47 18.00   2.346   1.277   2.626   0.490
16.47 18.00   2.348   1.270   2.626   0.483

16.48  0.00   0.443   0.437   0.032   0.074   0.001   0.004   0.328   0.002   0.000   0.002   0.000 1431665000
16.48    4.24    55.305
16.48 18.00   0.907   1.718
16.48 18.00   2.626    65.896
16.48 18.00   2.346   1.277   2.626   0.490
16.48 18.00   2.348   1.270   2.626   0.483

16.49  0.00   0.443   0.437   0.032   0.074   0.001   0.004   0.328   0.002   0.000   0.002   0.000 1432533000
16.49    4.24    55.297
16.49 18.00   0.907   1.718
16.49 18.00   2.625    65.894
16.49 18.00   2.346   1.277   2.625   0.490
16.49 18.00   2.348   1.270   2.625   0.483

16.50  0.00   0.443   0.437   0.032   0.074   0.001   0.004   0.328   0.002   0.000   0.002   0.000 1433402000
16.50    4.24    55.289
16.50 18.00   0.907   1.718
16.50 18.00   2.625    65.891
16.50 18.00   2.345   1.277   2.625   0.490
16.50 18.00   2.348   1.270   2.625   0.483

16.51  0.00   0.443   0.437   0.032   0.074   0.001   0.004   0.328   0.002   0.000   0.002   0.000 1434271000
16.51    4.24    55.281
16.51 18.00   0.907   1.718
16.51 18.00   2.625    65.889
16.51 18.00   2.345   1.277   2.625   0.490
16.51 18.00   2.347   1.270   2.625   0.483

16.52  0.00   0.443   0.437   0.032   0.074   0.001   0.004   0.328   0.002   0.000   0.002   0.000 1435140000
16.52    4.24    55.273
16.52 18.00   0.907   1.718
16.52 18.00   2.625    65.886
16.52 18.00   2.345   1.277   2.625   0.490
16.52 18.00   2.347   1.270   2.625   0.483

16.53  0.00   0.443   0.436   0.032   0.074   0.001   0.004   0.328   0.002   0.000   0.002   0.000 1436008000
16.53    4.23    55.265
16.53 18.00   0.906   1.718
16.53 18.00   2.625    65.883
16.53 18.00   2.345   1.277   2.625   0.490
16.53 18.00   2.347   1.270   2.625   0.483

16.54  0.00   0.443   0.436   0.032   0.074   0.001   0.004   0.328   0.002   0.000   0.002   0.000 1436877000
16.54    4.23    55.257
16.54 18.00   0.906   1.718
16.54 18.00   2.624    65.881
16.54 18.00   2.345   1.277   2.624   0.490
16.54 18.00   2.347   1.270   2.624   0.483

16.55  0.00   0.443   0.436   0.032   0.074   0.001   0.004   0.328   0.002   0.000   0.002   0.000 1437746000
16.55    4.23    55.249
16.55 18.00   0.906   1.718
16.55 18.00   2.624    65.878
16.55 18.00   2.344   1.277   2.624   0.490
16.55 18.00   2.347   1.270   2.624   0.483

16.56  0.00   0.443   0.436   0.032   0.074   0.001   0.004   0.327   0.002   0.000   0.002   0.000 1438614000
16.56    4.23    55.241
16.56 18.00   0.906   1.718
16.56 18.00   2.624    65.875
16.56 18.00   2.344   1.277   2.624   0.490
16.56 18.00   2.346   1.270   2.624   0.483

16.57  0.00   0.443   0.436   0.032   0.074   0.001   0.004   0.327   0.002   0.000   0.002   0.000 1439483000
16.57    4.23    55.232
16.57 18.00   0.905   1.718
16.57 18.00   2.624    65.873
16.57 18.00   2.344   1.277   2.624   0.490
16.57 18.00   2.346   1.270   2.624   0.483

16.58  0.00   0.443   0.436   0.032   0.074   0.001   0.004   0.327   0.002   0.000   0.002   0.000 1440352000
16.58    4.23    55.224
16.58 18.00   0.905   1.718
16.58 18.00   2.624    65.870
16.58 18.00   2.344   1.277   2.624   0.490
16.58 18.00   2.346   1.270   2.624   0.483

16.59  0.00   0.443   0.436   0.032   0.074   0.001   0.004   0.327   0.002   0.000   0.002   0.000 1441221000
16.59    4.23    55.216
16.59 18.00   0.905   1.718
16.59 18.00   2.623    65.867
16.59 18.00   2.344   1.277   2.623   0.490
16.59 18.00   2.346   1.270   2.623   0.483

16.60  0.00   0.443   0.436   0.032   0.074   0.001   0.004   0.327   0.002   0.000   0.002   0.000 1442089000
16.60    4.23    55.208
16.60 18.00   0.905   1.718
16.60 18.00   2.623    65.865
16.60 18.00   2.343   1.276   2.623   0.490
16.60 18.00   2.346   1.269   2.623   0.482

16.61  0.00   0.443   0.436   0.032   0.074   0.001   0.004   0.327   0.002   0.000   0.002   0.000 1442958000
16.61    4.23    55.200
16.61 18.00   0.905   1.718
16.61 18.00   2.623    65.862
16.61 18.00   2.343   1.276   2.623   0.490
16.61 18.00   2.346   1.269   2.623   0.482

16.62  0.00   0.443   0.436   0.032   0.074   0.001   0.004   0.327   0.002   0.000   0.002   0.000 1443827000
16.62    4.23    55.192
16.62 18.00   0.904   1.718
16.62 18.00   2.623    65.860
16.62 18.00   2.343   1.276   2.623   0.490
16.62 18.00   2.345   1.269   2.623   0.482

16.63  0.00   0.443   0.436   0.032   0.074   0.001   0.004   0.327   0.002   0.000   0.002   0.000 1444695000
16.63    4.23    55.184
16.63 18.00   0.904   1.718
16.63 18.00   2.623    65.857
16.63 18.00   2.343   1.276   2.623   0.490
16.63 18.00   2.345   1.269   2.623   0.482

16.64  0.00   0.443   0.436   0.032   0.074   0.001   0.004   0.327   0.002   0.000   0.002   0.000 1445564000
16.64    4.22    55.176
16.64 18.00   0.904   1.718
16.64 18.00   2.622    65.854
16.64 18.00   2.343   1.276   2.622   0.490
16.64 18.00   2.345   1.269   2.622   0.482

16.65  0.00   0.443   0.436   0.032   0.074   0.001   0.004   0.327   0.002   0.000   0.002   0.000 1446433000
16.65    4.22    55.168
16.65 18.00   0.904   1.718
16.65 18.00   2.622    65.852
16.65 18.00   2.343   1.276   2.622   0.490
16.65 18.00   2.345   1.269   2.622   0.482

16.66  0.00   0.443   0.436   0.032   0.074   0.001   0.004   0.327   0.002   0.000   0.002   0.000 1447302000
16.66    4.22    55.160
16.66 18.00   0.904   1.718
16.66 18.00   2.622    65.849
16.66 18.00   2.342   1.276   2.622   0.490
16.66 18.00   2.345   1.269   2.622   0.482

16.67  0.00   0.443   0.436   0.032   0.074   0.001   0.004   0.327   0.002   0.000   0.002   0.000 1448170000
16.67    4.22    55.152
16.67 18.00   0.903   1.718
16.67 18.00   2.622    65.847
16.67 18.00   2.342   1.276   2.622   0.490
16.67 18.00   2.344   1.269   2.622   0.482

16.68  0.00   0.443   0.436   0.032   0.074   0.001   0.004   0.327   0.002   0.000   0.002   0.000 1449039000
16.68    4.22    55.144
16.68 18.00   0.903   1.718
16.68 18.00   2.622    65.844
16.68 18.00   2.342   1.276   2.622   0.490
16.68 18.00   2.344   1.269   2.622   0.482

16.69  0.00   0.443   0.436   0.032   0.074   0.001   0.004   0.327   0.002   0.000   0.002   0.000 1449908000
16.69    4.22    55.136
16.69 18.00   0.903   1.718
16.69 18.00   2.621    65.841
16.69 18.00   2.342   1.276   2.621   0.490
16.69 18.00   2.344   1.269   2.621   0.482

16.70  0.00   0.443   0.436   0.032   0.074   0.001   0.004   0.327   0.002   0.000   0.002   0.000 1450777000
16.70    4.22    55.128
16.70 18.00   0.903   1.718
16.70 18.00   2.621    65.839
16.70 18.00   2.342   1.276   2.621   0.490
16.70 18.00   2.344   1.269   2.621   0.482

16.71  0.00   0.443   0.436   0.032   0.074   0.001   0.004   0.327   0.002   0.000   0.002   0.000 1451645000
16.71    4.22    55.120
16.71 18.00   0.903   1.718
16.71 18.00   2.621    65.836
16.71 18.00   2.341   1.276   2.621   0.490
16.71 18.00   2.344   1.269   2.621   0.482

16.72  0.00   0.443   0.436   0.032   0.074   0.001   0.004   0.327   0.002   0.000   0.002   0.000 1452514000
16.72    4.22    55.112
16.72 18.00   0.902   1.718
16.72 18.00   2.621    65.834
16.72 18.00   2.341   1.276   2.621   0.490
16.72 18.00   2.343   1.269   2.621   0.482

16.73  0.00   0.443   0.436   0.032   0.074   0.001   0.004   0.327   0.002   0.000   0.002   0.000 1453383000
16.73    4.22    55.104
16.73 18.00   0.902   1.718
16.73 18.00   2.621    65.831
16.73 18.00   2.341   1.275   2.621   0.490
16.73 18.00   2.343   1.269   2.621   0.482

16.74  0.00   0.443   0.436   0.032   0.074   0.001   0.004   0.327   0.002   0.000   0.002   0.000 1454252000
16.74    4.22    55.096
16.74 18.00   0.902   1.718
16.74 18.00   2.620    65.828
16.74 18.00   2.341   1.275   2.620   0.490
16.74 18.00   2.343   1.268   2.620   0.482

16.75  0.00   0.443   0.436   0.032   0.074   0.001   0.004   0.327   0.002   0.000   0.002   0.000 1455120000
16.75    4.21    55.088
16.75 18.00   0.902   1.718
16.75 18.00   2.620    65.826
16.75 18.00   2.341   1.275   2.620   0.490
16.75 18.00   2.343   1.268   2.620   0.482

16.76  0.00   0.443   0.436   0.032   0.074   0.001   0.004   0.327   0.002   0.000   0.002   0.000 1455989000
16.76    4.21    55.080
16.76 18.00   0.902   1.718
16.76 18.00   2.620    65.823
16.76 18.00   2.340   1.275   2.620   0.490
16.76 18.00   2.343   1.268   2.620   0.482

16.77  0.00   0.443   0.436   0.032   0.074   0.001   0.004   0.327   0.002   0.000   0.002   0.000 1456858000
16.77    4.21    55.072
16.77 18.00   0.901   1.718
16.77 18.00   2.620    65.821
16.77 18.00   2.340   1.275   2.620   0.490
16.77 18.00   2.343   1.268   2.620   0.482

16.78  0.00   0.443   0.436   0.032   0.074   0.001   0.004   0.327   0.002   0.000   0.002   0.000 1457726000
16.78    4.21    55.065
16.78 18.00   0.901   1.718
16.78 18.00   2.620    65.818
16.78 18.00   2.340   1.275   2.620   0.490
16.78 18.00   2.342   1.268   2.620   0.482

16.79  0.00   0.443   0.436   0.032   0.074   0.001   0.004   0.327   0.002   0.000   0.002   0.000 1458595000
16.79    4.21    55.057
16.79 18.00   0.901   1.718
16.79 18.00   2.619    65.816
16.79 18.00   2.340   1.275   2.619   0.490
16.79 18.00   2.342   1.268   2.619   0.482

16.80  0.00   0.443   0.436   0.032   0.074   0.001   0.004   0.327   0.002   0.000   0.002   0.000 1459464000
16.80    4.21    55.049
16.80 18.00   0.901   1.718
16.80 18.00   2.619    65.813
16.80 18.00   2.340   1.275   2.619   0.490
16.80 18.00   2.342   1.268   2.619   0.482

16.81  0.00   0.443   0.436   0.032   0.074   0.001   0.004   0.327   0.002   0.000   0.002   0.000 1460333000
16.81    4.21    55.041
16.81 18.00   0.901   1.718
16.81 18.00   2.619    65.810
16.81 18.00   2.339   1.275   2.619   0.490
16.81 18.00   2.342   1.268   2.619   0.482

16.82  0.00   0.443   0.436   0.032   0.074   0.001   0.004   0.327   0.002   0.000   0.002   0.000 1461201000
16.82    4.21    55.033
16.82 18.00   0.900   1.718
16.82 18.00   2.619    65.808
16.82 18.00   2.339   1.275   2.619   0.490
16.82 18.00   2.342   1.268   2.619   0.482

16.83  0.00   0.443   0.436   0.032   0.074   0.001   0.004   0.327   0.002   0.000   0.002   0.000 1462070000
16.83    4.21    55.025
16.83 18.00   0.900   1.718
16.83 18.00   2.619    65.805
16.83 18.00   2.339   1.275   2.619   0.490
16.83 18.00   2.341   1.268   2.619   0.482

16.84  0.00   0.443   0.436   0.032   0.074   0.001   0.004   0.327   0.002   0.000   0.002   0.000 1462939000
16.84    4.21    55.017
16.84 18.00   0.900   1.718
16.84 18.00   2.618    65.803
16.84 18.00   2.339   1.275   2.618   0.490
16.84 18.00   2.341   1.268   2.618   0.482

16.85  0.00   0.443   0.436   0.032   0.074   0.001   0.004   0.327   0.002   0.000   0.002   0.000 1463808000
16.85    4.21    55.009
16.85 18.00   0.900   1.718
16.85 18.00   2.618    65.800
16.85 18.00   2.339   1.275   2.618   0.489
16.85 18.00   2.341   1.268   2.618   0.482

16.86  0.00   0.443   0.436   0.032   0.074   0.001   0.004   0.327   0.002   0.000   0.002   0.000 1464676000
16.86    4.21    55.001
16.86 18.00   0.900   1.718
16.86 18.00   2.618    65.798
16.86 18.00   2.339   1.275   2.618   0.489
16.86 18.00   2.341   1.268   2.618   0.482

16.87  0.00   0.443   0.436   0.032   0.074   0.001   0.004   0.327   0.002   0.000   0.002   0.000 1465545000
16.87    4.20    54.994
16.87 18.00   0.899   1.718
16.87 18.00   2.618    65.795
16.87 18.00   2.338   1.274   2.618   0.489
16.87 18.00   2.341   1.267   2.618   0.482

16.88  0.00   0.443   0.436   0.032   0.074   0.001   0.004   0.327   0.002   0.000   0.002   0.000 1466414000
16.88    4.20    54.986
16.88 18.00   0.899   1.718
16.88 18.00   2.618    65.793
16.88 18.00   2.338   1.274   2.618   0.489
16.88 18.00   2.340   1.267   2.618   0.482

16.89  0.00   0.443   0.436   0.032   0.074   0.001   0.004   0.327   0.002   0.000   0.002   0.000 1467282000
16.89    4.20    54.978
16.89 18.00   0.899   1.718
16.89 18.00   2.617    65.790
16.89 18.00   2.338   1.274   2.617   0.489
16.89 18.00   2.340   1.267   2.617   0.482

16.90  0.00   0.443   0.436   0.032   0.074   0.001   0.004   0.327   0.002   0.000   0.002   0.000 1468151000
16.90    4.20    54.970
16.90 18.00   0.899   1.718
16.90 18.00   2.617    65.787
16.90 18.00   2.338   1.274   2.617   0.489
16.90 18.00   2.340   1.267   2.617   0.482

16.91  0.00   0.443   0.436   0.032   0.074   0.001   0.004   0.327   0.002   0.000   0.002   0.000 1469020000
16.91    4.20    54.962
16.91 18.00   0.899   1.718
16.91 18.00   2.617    65.785
16.91 18.00   2.338   1.274   2.617   0.489
16.91 18.00   2.340   1.267   2.617   0.482

16.92  0.00   0.443   0.436   0.032   0.074   0.001   0.004   0.327   0.002   0.000   0.002   0.000 1469889000
16.92    4.20    54.954
16.92 18.00   0.898   1.718
16.92 18.00   2.617    65.782
16.92 18.00   2.337   1.274   2.617   0.489
16.92 18.00   2.340   1.267   2.617   0.482

16.93  0.00   0.443   0.436   0.032   0.074   0.001   0.004   0.327   0.002   0.000   0.002   0.000 1470757000
16.93    4.20    54.947
16.93 18.00   0.898   1.718
16.93 18.00   2.617    65.780
16.93 18.00   2.337   1.274   2.617   0.489
16.93 18.00   2.340   1.267   2.617   0.482

16.94  0.00   0.443   0.436   0.032   0.074   0.001   0.004   0.327   0.002   0.000   0.002   0.000 1471626000
16.94    4.20    54.939
16.94 18.00   0.898   1.718
16.94 18.00   2.616    65.777
16.94 18.00   2.337   1.274   2.616   0.489
16.94 18.00   2.339   1.267   2.616   0.482

16.95  0.00   0.443   0.436   0.032   0.074   0.001   0.004   0.327   0.002   0.000   0.002   0.000 1472495000
16.95    4.20    54.931
16.95 18.00   0.898   1.718
16.95 18.00   2.616    65.775
16.95 18.00   2.337   1.274   2.616   0.489
16.95 18.00   2.339   1.267   2.616   0.482

16.96  0.00   0.443   0.436   0.032   0.074   0.001   0.004   0.327   0.002   0.000   0.002   0.000 1473363000
16.96    4.20    54.923
16.96 18.00   0.898   1.718
16.96 18.00   2.616    65.772
16.96 18.00   2.337   1.274   2.616   0.489
16.96 18.00   2.339   1.267   2.616   0.482

16.97  0.00   0.443   0.436   0.032   0.074   0.001   0.004   0.327   0.002   0.000   0.002   0.000 1474232000
16.97    4.20    54.915
16.97 18.00   0.897   1.718
16.97 18.00   2.616    65.770
16.97 18.00   2.337   1.274   2.616   0.489
16.97 18.00   2.339   1.267   2.616   0.482

16.98  0.00   0.443   0.436   0.032   0.074   0.001   0.004   0.327   0.002   0.000   0.002   0.000 1475101000
16.98    4.20    54.908
16.98 18.00   0.897   1.718
16.98 18.00   2.616    65.767
16.98 18.00   2.336   1.274   2.616   0.489
16.98 18.00   2.339   1.267   2.616   0.482

16.99  0.00   0.443   0.436   0.032   0.074   0.001   0.004   0.327   0.002   0.000   0.002   0.000 1475970000
16.99    4.19    54.900
16.99 18.00   0.897   1.718
16.99 18.00   2.615    65.765
16.99 18.00   2.336   1.274   2.615   0.489
16.99 18.00   2.338   1.267   2.615   0.482

17.00  0.00   0.443   0.436   0.032   0.074   0.001   0.004   0.327   0.002   0.000   0.002   0.000 1476839000
17.00    4.19    54.892
17.00 18.00   0.897   1.718
17.00 18.00   2.615    65.762
17.00 18.00   2.336   1.273   2.615   0.489
17.00 18.00   2.338   1.267   2.615   0.482

17.01  0.00   0.443   0.436   0.032   0.074   0.001   0.004   0.327   0.002   0.000   0.002   0.000 1477707000
17.01    4.19    54.884
17.01 18.00   0.897   1.718
17.01 18.00   2.615    65.760
17.01 18.00   2.336   1.273   2.615   0.489
17.01 18.00   2.338   1.266   2.615   0.482

17.02  0.00   0.443   0.436   0.032   0.074   0.001   0.004   0.327   0.002   0.000   0.002   0.000 1478576000
17.02    4.19    54.877
17.02 18.00   0.896   1.718
17.02 18.00   2.615    65.757
17.02 18.00   2.336   1.273   2.615   0.489
17.02 18.00   2.338   1.266   2.615   0.482

17.03  0.00   0.443   0.436   0.032   0.074   0.001   0.004   0.327   0.002   0.000   0.002   0.000 1479445000
17.03    4.19    54.869
17.03 18.00   0.896   1.718
17.03 18.00   2.615    65.755
17.03 18.00   2.335   1.273   2.615   0.489
17.03 18.00   2.338   1.266   2.615   0.482

17.04  0.00   0.443   0.436   0.032   0.074   0.001   0.004   0.327   0.002   0.000   0.002   0.000 1480313000
17.04    4.19    54.861
17.04 18.00   0.896   1.718
17.04 18.00   2.614    65.752
17.04 18.00   2.335   1.273   2.614   0.489
17.04 18.00   2.338   1.266   2.614   0.482

17.05  0.00   0.443   0.436   0.032   0.074   0.001   0.004   0.327   0.002   0.000   0.002   0.000 1481182000
17.05    4.19    54.853
17.05 18.00   0.896   1.718
17.05 18.00   2.614    65.750
17.05 18.00   2.335   1.273   2.614   0.489
17.05 18.00   2.337   1.266   2.614   0.482

17.06  0.00   0.443   0.436   0.032   0.074   0.001   0.004   0.327   0.002   0.000   0.002   0.000 1482051000
17.06    4.19    54.846
17.06 18.00   0.896   1.718
17.06 18.00   2.614    65.747
17.06 18.00   2.335   1.273   2.614   0.489
17.06 18.00   2.337   1.266   2.614   0.482

17.07  0.00   0.443   0.436   0.032   0.074   0.001   0.004   0.327   0.002   0.000   0.002   0.000 1482920000
17.07    4.19    54.838
17.07 18.00   0.895   1.718
17.07 18.00   2.614    65.745
17.07 18.00   2.335   1.273   2.614   0.489
17.07 18.00   2.337   1.266   2.614   0.482

17.08  0.00   0.443   0.436   0.032   0.074   0.001   0.004   0.327   0.002   0.000   0.002   0.000 1483788000
17.08    4.19    54.830
17.08 18.00   0.895   1.718
17.08 18.00   2.614    65.742
17.08 18.00   2.335   1.273   2.614   0.489
17.08 18.00   2.337   1.266   2.614   0.482

17.09  0.00   0.442   0.436   0.032   0.074   0.001   0.004   0.327   0.002   0.000   0.002   0.000 1484657000
17.09    4.19    54.823
17.09 18.00   0.895   1.718
17.09 18.00   2.613    65.740
17.09 18.00   2.334   1.273   2.613   0.489
17.09 18.00   2.337   1.266   2.613   0.482

17.10  0.00   0.442   0.436   0.032   0.074   0.001   0.004   0.327   0.002   0.000   0.002   0.000 1485526000
17.10    4.19    54.815
17.10 18.00   0.895   1.718
17.10 18.00   2.613    65.737
17.10 18.00   2.334   1.273   2.613   0.489
17.10 18.00   2.336   1.266   2.613   0.482

17.11  0.00   0.442   0.436   0.032   0.074   0.001   0.004   0.327   0.002   0.000   0.002   0.000 1486394000
17.11    4.18    54.807
17.11 18.00   0.895   1.718
17.11 18.00   2.613    65.735
17.11 18.00   2.334   1.273   2.613   0.489
17.11 18.00   2.336   1.266   2.613   0.482

17.12  0.00   0.442   0.436   0.032   0.074   0.001   0.004   0.327   0.002   0.000   0.002   0.000 1487263000
17.12    4.18    54.800
17.12 18.00   0.894   1.718
17.12 18.00   2.613    65.732
17.12 18.00   2.334   1.273   2.613   0.489
17.12 18.00   2.336   1.266   2.613   0.482

17.13  0.00   0.442   0.436   0.032   0.074   0.001   0.004   0.327   0.002   0.000   0.002   0.000 1488132000
17.13    4.18    54.792
17.13 18.00   0.894   1.718
17.13 18.00   2.613    65.730
17.13 18.00   2.334   1.273   2.613   0.489
17.13 18.00   2.336   1.266   2.613   0.482

17.14  0.00   0.442   0.436   0.032   0.074   0.001   0.004   0.327   0.002   0.000   0.002   0.000 1489001000
17.14    4.18    54.784
17.14 18.00   0.894   1.718
17.14 18.00   2.612    65.727
17.14 18.00   2.333   1.272   2.612   0.489
17.14 18.00   2.336   1.266   2.612   0.482

17.15  0.00   0.442   0.436   0.032   0.074   0.001   0.004   0.327   0.002   0.000   0.002   0.000 1489869000
17.15    4.18    54.777
17.15 18.00   0.894   1.718
17.15 18.00   2.612    65.725
17.15 18.00   2.333   1.272   2.612   0.489
17.15 18.00   2.336   1.265   2.612   0.482

17.16  0.00   0.442   0.436   0.032   0.074   0.001   0.004   0.327   0.002   0.000   0.002   0.000 1490738000
17.16    4.18    54.769
17.16 18.00   0.894   1.718
17.16 18.00   2.612    65.722
17.16 18.00   2.333   1.272   2.612   0.489
17.16 18.00   2.335   1.265   2.612   0.482

17.17  0.00   0.442   0.436   0.032   0.074   0.001   0.004   0.327   0.002   0.000   0.002   0.000 1491607000
17.17    4.18    54.761
17.17 18.00   0.894   1.718
17.17 18.00   2.612    65.720
17.17 18.00   2.333   1.272   2.612   0.489
17.17 18.00   2.335   1.265   2.612   0.482

17.18  0.00   0.442   0.436   0.032   0.074   0.001   0.004   0.327   0.002   0.000   0.002   0.000 1492476000
17.18    4.18    54.754
17.18 18.00   0.893   1.718
17.18 18.00   2.612    65.717
17.18 18.00   2.333   1.272   2.612   0.489
17.18 18.00   2.335   1.265   2.612   0.482

17.19  0.00   0.442   0.436   0.032   0.074   0.001   0.004   0.327   0.002   0.000   0.002   0.000 1493344000
17.19    4.18    54.746
17.19 18.00   0.893   1.718
17.19 18.00   2.611    65.715
17.19 18.00   2.333   1.272   2.611   0.489
17.19 18.00   2.335   1.265   2.611   0.482

17.20  0.00   0.442   0.436   0.032   0.074   0.001   0.004   0.327   0.002   0.000   0.002   0.000 1494213000
17.20    4.18    54.738
17.20 18.00   0.893   1.718
17.20 18.00   2.611    65.713
17.20 18.00   2.332   1.272   2.611   0.489
17.20 18.00   2.335   1.265   2.611   0.482

17.21  0.00   0.442   0.436   0.032   0.074   0.001   0.004   0.327   0.002   0.000   0.002   0.000 1495082000
17.21    4.18    54.731
17.21 18.00   0.893   1.718
17.21 18.00   2.611    65.710
17.21 18.00   2.332   1.272   2.611   0.489
17.21 18.00   2.334   1.265   2.611   0.482

17.22  0.00   0.442   0.436   0.032   0.074   0.001   0.004   0.327   0.002   0.000   0.002   0.000 1495950000
17.22    4.18    54.723
17.22 18.00   0.893   1.718
17.22 18.00   2.611    65.708
17.22 18.00   2.332   1.272   2.611   0.489
17.22 18.00   2.334   1.265   2.611   0.482

17.23  0.00   0.442   0.436   0.032   0.074   0.001   0.004   0.327   0.002   0.000   0.002   0.000 1496819000
17.23    4.17    54.716
17.23 18.00   0.892   1.718
17.23 18.00   2.611    65.705
17.23 18.00   2.332   1.272   2.611   0.489
17.23 18.00   2.334   1.265   2.611   0.482

17.24  0.00   0.442   0.436   0.032   0.074   0.001   0.004   0.327   0.002   0.000   0.002   0.000 1497688000
17.24    4.17    54.708
17.24 18.00   0.892   1.718
17.24 18.00   2.611    65.703
17.24 18.00   2.332   1.272   2.611   0.489
17.24 18.00   2.334   1.265   2.611   0.482

17.25  0.00   0.442   0.436   0.032   0.074   0.001   0.004   0.327   0.002   0.000   0.002   0.000 1498557000
17.25    4.17    54.700
17.25 18.00   0.892   1.718
17.25 18.00   2.610    65.700
17.25 18.00   2.331   1.272   2.610   0.489
17.25 18.00   2.334   1.265   2.610   0.482

17.26  0.00   0.442   0.436   0.032   0.074   0.001   0.004   0.327   0.002   0.000   0.002   0.000 1499425000
17.26    4.17    54.693
17.26 18.00   0.892   1.718
17.26 18.00   2.610    65.698
17.26 18.00   2.331   1.272   2.610   0.489
17.26 18.00   2.334   1.265   2.610   0.482

17.27  0.00   0.442   0.436   0.032   0.074   0.001   0.004   0.327   0.002   0.000   0.002   0.000 1500294000
17.27    4.17    54.685
17.27 18.00   0.892   1.718
17.27 18.00   2.610    65.695
17.27 18.00   2.331   1.272   2.610   0.489
17.27 18.00   2.333   1.265   2.610   0.482

17.28  0.00   0.442   0.436   0.032   0.074   0.001   0.004   0.327   0.002   0.000   0.002   0.000 1501163000
17.28    4.17    54.678
17.28 18.00   0.891   1.718
17.28 18.00   2.610    65.693
17.28 18.00   2.331   1.272   2.610   0.489
17.28 18.00   2.333   1.265   2.610   0.482

17.29  0.00   0.442   0.436   0.032   0.074   0.001   0.004   0.327   0.002   0.000   0.002   0.000 1502032000
17.29    4.17    54.670
17.29 18.00   0.891   1.718
17.29 18.00   2.610    65.691
17.29 18.00   2.331   1.271   2.610   0.489
17.29 18.00   2.333   1.264   2.610   0.482

17.30  0.00   0.442   0.436   0.032   0.074   0.001   0.004   0.327   0.002   0.000   0.002   0.000 1502900000
17.30    4.17    54.663
17.30 18.00   0.891   1.718
17.30 18.00   2.609    65.688
17.30 18.00   2.331   1.271   2.609   0.489
17.30 18.00   2.333   1.264   2.609   0.482

17.31  0.00   0.442   0.436   0.032   0.074   0.001   0.004   0.327   0.002   0.000   0.002   0.000 1503769000
17.31    4.17    54.655
17.31 18.00   0.891   1.718
17.31 18.00   2.609    65.686
17.31 18.00   2.330   1.271   2.609   0.489
17.31 18.00   2.333   1.264   2.609   0.482

17.32  0.00   0.442   0.436   0.032   0.074   0.001   0.004   0.327   0.002   0.000   0.002   0.000 1504638000
17.32    4.17    54.648
17.32 18.00   0.891   1.718
17.32 18.00   2.609    65.683
17.32 18.00   2.330   1.271   2.609   0.489
17.32 18.00   2.332   1.264   2.609   0.482

17.33  0.00   0.442   0.436   0.032   0.074   0.001   0.004   0.327   0.002   0.000   0.002   0.000 1505507000
17.33    4.17    54.640
17.33 18.00   0.890   1.718
17.33 18.00   2.609    65.681
17.33 18.00   2.330   1.271   2.609   0.489
17.33 18.00   2.332   1.264   2.609   0.482

17.34  0.00   0.442   0.436   0.032   0.074   0.001   0.004   0.327   0.002   0.000   0.002   0.000 1506375000
17.34    4.17    54.633
17.34 18.00   0.890   1.718
17.34 18.00   2.609    65.678
17.34 18.00   2.330   1.271   2.609   0.489
17.34 18.00   2.332   1.264   2.609   0.482

17.35  0.00   0.442   0.436   0.032   0.074   0.001   0.004   0.327   0.002   0.000   0.002   0.000 1507244000
17.35    4.16    54.625
17.35 18.00   0.890   1.718
17.35 18.00   2.608    65.676
17.35 18.00   2.330   1.271   2.608   0.489
17.35 18.00   2.332   1.264   2.608   0.482

17.36  0.00   0.442   0.436   0.032   0.074   0.001   0.004   0.327   0.002   0.000   0.002   0.000 1508113000
17.36    4.16    54.618
17.36 18.00   0.890   1.718
17.36 18.00   2.608    65.674
17.36 18.00   2.330   1.271   2.608   0.489
17.36 18.00   2.332   1.264   2.608   0.482

17.37  0.00   0.442   0.436   0.032   0.074   0.001   0.004   0.327   0.002   0.000   0.002   0.000 1508982000
17.37    4.16    54.610
17.37 18.00   0.890   1.718
17.37 18.00   2.608    65.671
17.37 18.00   2.329   1.271   2.608   0.489
17.37 18.00   2.332   1.264   2.608   0.482

17.38  0.00   0.442   0.436   0.032   0.074   0.001   0.004   0.327   0.002   0.000   0.002   0.000 1509850000
17.38    4.16    54.603
17.38 18.00   0.890   1.718
17.38 18.00   2.608    65.669
17.38 18.00   2.329   1.271   2.608   0.489
17.38 18.00   2.331   1.264   2.608   0.482

17.39  0.00   0.442   0.436   0.032   0.074   0.001   0.004   0.327   0.002   0.000   0.002   0.000 1510719000
17.39    4.16    54.595
17.39 18.00   0.889   1.718
17.39 18.00   2.608    65.666
17.39 18.00   2.329   1.271   2.608   0.489
17.39 18.00   2.331   1.264   2.608   0.482

17.40  0.00   0.442   0.436   0.032   0.074   0.001   0.004   0.327   0.002   0.000   0.002   0.000 1511588000
17.40    4.16    54.588
17.40 18.00   0.889   1.718
17.40 18.00   2.607    65.664
17.40 18.00   2.329   1.271   2.607   0.489
17.40 18.00   2.331   1.264   2.607   0.482

17.41  0.00   0.442   0.436   0.032   0.074   0.001   0.004   0.327   0.002   0.000   0.002   0.000 1512456000
17.41    4.16    54.580
17.41 18.00   0.889   1.718
17.41 18.00   2.607    65.662
17.41 18.00   2.329   1.271   2.607   0.489
17.41 18.00   2.331   1.264   2.607   0.482

17.42  0.00   0.442   0.436   0.032   0.074   0.001   0.004   0.327   0.002   0.000   0.002   0.000 1513325000
17.42    4.16    54.573
17.42 18.00   0.889   1.718
17.42 18.00   2.607    65.659
17.42 18.00   2.328   1.271   2.607   0.489
17.42 18.00   2.331   1.264   2.607   0.481

17.43  0.00   0.442   0.436   0.032   0.074   0.001   0.004   0.327   0.002   0.000   0.002   0.000 1514194000
17.43    4.16    54.565
17.43 18.00   0.889   1.718
17.43 18.00   2.607    65.657
17.43 18.00   2.328   1.270   2.607   0.489
17.43 18.00   2.331   1.264   2.607   0.481

17.44  0.00   0.442   0.435   0.032   0.074   0.001   0.004   0.327   0.002   0.000   0.002   0.000 1515063000
17.44    4.16    54.558
17.44 18.00   0.888   1.718
17.44 18.00   2.607    65.654
17.44 18.00   2.328   1.270   2.607   0.489
17.44 18.00   2.330   1.263   2.607   0.481

17.45  0.00   0.442   0.435   0.032   0.074   0.001   0.004   0.327   0.002   0.000   0.002   0.000 1515931000
17.45    4.16    54.550
17.45 18.00   0.888   1.718
17.45 18.00   2.607    65.652
17.45 18.00   2.328   1.270   2.607   0.489
17.45 18.00   2.330   1.263   2.607   0.481

17.46  0.00   0.442   0.435   0.032   0.074   0.001   0.004   0.327   0.002   0.000   0.002   0.000 1516800000
17.46    4.16    54.543
17.46 18.00   0.888   1.718
17.46 18.00   2.606    65.650
17.46 18.00   2.328   1.270   2.606   0.489
17.46 18.00   2.330   1.263   2.606   0.481

17.47  0.00   0.442   0.435   0.032   0.074   0.001   0.004   0.327   0.002   0.000   0.002   0.000 1517669000
17.47    4.15    54.535
17.47 18.00   0.888   1.718
17.47 18.00   2.606    65.647
17.47 18.00   2.328   1.270   2.606   0.489
17.47 18.00   2.330   1.263   2.606   0.481

17.48  0.00   0.442   0.435   0.032   0.074   0.001   0.004   0.327   0.002   0.000   0.002   0.000 1518537000
17.48    4.15    54.528
17.48 18.00   0.888   1.718
17.48 18.00   2.606    65.645
17.48 18.00   2.327   1.270   2.606   0.489
17.48 18.00   2.330   1.263   2.606   0.481

17.49  0.00   0.442   0.435   0.032   0.074   0.001   0.004   0.327   0.002   0.000   0.002   0.000 1519406000
17.49    4.15    54.521
17.49 18.00   0.887   1.718
17.49 18.00   2.606    65.642
17.49 18.00   2.327   1.270   2.606   0.489
17.49 18.00   2.330   1.263   2.606   0.481

17.50  0.00   0.442   0.435   0.032   0.074   0.001   0.004   0.327   0.002   0.000   0.002   0.000 1520275000
17.50    4.15    54.513
17.50 18.00   0.887   1.718
17.50 18.00   2.606    65.640
17.50 18.00   2.327   1.270   2.606   0.489
17.50 18.00   2.329   1.263   2.606   0.481

17.51  0.00   0.442   0.435   0.032   0.074   0.001   0.004   0.327   0.002   0.000   0.002   0.000 1521144000
17.51    4.15    54.506
17.51 18.00   0.887   1.718
17.51 18.00   2.605    65.638
17.51 18.00   2.327   1.270   2.605   0.489
17.51 18.00   2.329   1.263   2.605   0.481

17.52  0.00   0.442   0.435   0.032   0.074   0.001   0.004   0.327   0.002   0.000   0.002   0.000 1522012000
17.52    4.15    54.498
17.52 18.00   0.887   1.718
17.52 18.00   2.605    65.635
17.52 18.00   2.327   1.270   2.605   0.489
17.52 18.00   2.329   1.263   2.605   0.481

17.53  0.00   0.442   0.435   0.032   0.074   0.001   0.004   0.327   0.002   0.000   0.002   0.000 1522881000
17.53    4.15    54.491
17.53 18.00   0.887   1.718
17.53 18.00   2.605    65.633
17.53 18.00   2.327   1.270   2.605   0.489
17.53 18.00   2.329   1.263   2.605   0.481

17.54  0.00   0.442   0.435   0.032   0.074   0.001   0.004   0.327   0.002   0.000   0.002   0.000 1523750000
17.54    4.15    54.484
17.54 18.00   0.887   1.718
17.54 18.00   2.605    65.631
17.54 18.00   2.326   1.270   2.605   0.489
17.54 18.00   2.329   1.263   2.605   0.481

17.55  0.00   0.442   0.435   0.032   0.074   0.001   0.004   0.327   0.002   0.000   0.002   0.000 1524618000
17.55    4.15    54.476
17.55 18.00   0.886   1.718
17.55 18.00   2.605    65.628
17.55 18.00   2.326   1.270   2.605   0.489
17.55 18.00   2.328   1.263   2.605   0.481

17.56  0.00   0.442   0.435   0.032   0.074   0.001   0.004   0.327   0.002   0.000   0.002   0.000 1525487000
17.56    4.15    54.469
17.56 18.00   0.886   1.718
17.56 18.00   2.605    65.626
17.56 18.00   2.326   1.270   2.605   0.489
17.56 18.00   2.328   1.263   2.605   0.481

17.57  0.00   0.442   0.435   0.032   0.074   0.001   0.004   0.327   0.002   0.000   0.002   0.000 1526356000
17.57    4.15    54.461
17.57 18.00   0.886   1.718
17.57 18.00   2.604    65.623
17.57 18.00   2.326   1.270   2.604   0.489
17.57 18.00   2.328   1.263   2.604   0.481

17.58  0.00   0.442   0.435   0.032   0.074   0.001   0.004   0.327   0.002   0.000   0.002   0.000 1527225000
17.58    4.15    54.454
17.58 18.00   0.886   1.718
17.58 18.00   2.604    65.621
17.58 18.00   2.326   1.269   2.604   0.489
17.58 18.00   2.328   1.262   2.604   0.481

17.59  0.00   0.442   0.435   0.032   0.074   0.001   0.004   0.327   0.002   0.000   0.002   0.000 1528093000
17.59    4.15    54.447
17.59 18.00   0.886   1.718
17.59 18.00   2.604    65.619
17.59 18.00   2.326   1.269   2.604   0.489
17.59 18.00   2.328   1.262   2.604   0.481

17.60  0.00   0.442   0.435   0.032   0.074   0.001   0.004   0.327   0.002   0.000   0.002   0.000 1528962000
17.60    4.14    54.439
17.60 18.00   0.885   1.718
17.60 18.00   2.604    65.616
17.60 18.00   2.325   1.269   2.604   0.489
17.60 18.00   2.328   1.262   2.604   0.481

17.61  0.00   0.442   0.435   0.032   0.074   0.001   0.004   0.327   0.002   0.000   0.002   0.000 1529831000
17.61    4.14    54.432
17.61 18.00   0.885   1.718
17.61 18.00   2.604    65.614
17.61 18.00   2.325   1.269   2.604   0.489
17.61 18.00   2.327   1.262   2.604   0.481

17.62  0.00   0.442   0.435   0.032   0.074   0.001   0.004   0.327   0.002   0.000   0.002   0.000 1530700000
17.62    4.14    54.425
17.62 18.00   0.885   1.718
17.62 18.00   2.603    65.612
17.62 18.00   2.325   1.269   2.603   0.489
17.62 18.00   2.327   1.262   2.603   0.481

17.63  0.00   0.442   0.435   0.032   0.074   0.001   0.004   0.327   0.002   0.000   0.002   0.000 1531568000
17.63    4.14    54.417
17.63 18.00   0.885   1.718
17.63 18.00   2.603    65.609
17.63 18.00   2.325   1.269   2.603   0.489
17.63 18.00   2.327   1.262   2.603   0.481

17.64  0.00   0.442   0.435   0.032   0.074   0.001   0.004   0.327   0.002   0.000   0.002   0.000 1532437000
17.64    4.14    54.410
17.64 18.00   0.885   1.718
17.64 18.00   2.603    65.607
17.64 18.00   2.325   1.269   2.603   0.489
17.64 18.00   2.327   1.262   2.603   0.481

17.65  0.00   0.442   0.435   0.032   0.074   0.001   0.004   0.327   0.002   0.000   0.002   0.000 1533306000
17.65    4.14    54.403
17.65 18.00   0.885   1.718
17.65 18.00   2.603    65.605
17.65 18.00   2.324   1.269   2.603   0.489
17.65 18.00   2.327   1.262   2.603   0.481

17.66  0.00   0.442   0.435   0.032   0.074   0.001   0.004   0.327   0.002   0.000   0.002   0.000 1534175000
17.66    4.14    54.396
17.66 18.00   0.884   1.718
17.66 18.00   2.603    65.602
17.66 18.00   2.324   1.269   2.603   0.489
17.66 18.00   2.327   1.262   2.603   0.481

17.67  0.00   0.442   0.435   0.032   0.074   0.001   0.004   0.327   0.002   0.000   0.002   0.000 1535043000
17.67    4.14    54.388
17.67 18.00   0.884   1.718
17.67 18.00   2.602    65.600
17.67 18.00   2.324   1.269   2.602   0.489
17.67 18.00   2.326   1.262   2.602   0.481

17.68  0.00   0.442   0.435   0.032   0.074   0.001   0.004   0.327   0.002   0.000   0.002   0.000 1535912000
17.68    4.14    54.381
17.68 18.00   0.884   1.718
17.68 18.00   2.602    65.598
17.68 18.00   2.324   1.269   2.602   0.489
17.68 18.00   2.326   1.262   2.602   0.481

17.69  0.00   0.442   0.435   0.032   0.074   0.001   0.004   0.327   0.002   0.000   0.002   0.000 1536781000
17.69    4.14    54.374
17.69 18.00   0.884   1.718
17.69 18.00   2.602    65.595
17.69 18.00   2.324   1.269   2.602   0.489
17.69 18.00   2.326   1.262   2.602   0.481

17.70  0.00   0.442   0.435   0.032   0.074   0.001   0.004   0.327   0.002   0.000   0.002   0.000 1537650000
17.70    4.14    54.366
17.70 18.00   0.884   1.718
17.70 18.00   2.602    65.593
17.70 18.00   2.324   1.269   2.602   0.489
17.70 18.00   2.326   1.262   2.602   0.481

17.71  0.00   0.442   0.435   0.032   0.074   0.001   0.004   0.327   0.002   0.000   0.002   0.000 1538518000
17.71    4.14    54.359
17.71 18.00   0.883   1.718
17.71 18.00   2.602    65.591
17.71 18.00   2.323   1.269   2.602   0.488
17.71 18.00   2.326   1.262   2.602   0.481

17.72  0.00   0.442   0.435   0.032   0.074   0.001   0.004   0.327   0.002   0.000   0.002   0.000 1539387000
17.72    4.14    54.352
17.72 18.00   0.883   1.718
17.72 18.00   2.602    65.588
17.72 18.00   2.323   1.269   2.602   0.488
17.72 18.00   2.326   1.262   2.602   0.481

17.73  0.00   0.442   0.435   0.032   0.074   0.001   0.004   0.327   0.002   0.000   0.002   0.000 1540256000
17.73    4.13    54.345
17.73 18.00   0.883   1.718
17.73 18.00   2.601    65.586
17.73 18.00   2.323   1.268   2.601   0.488
17.73 18.00   2.325   1.261   2.601   0.481

17.74  0.00   0.442   0.435   0.032   0.074   0.001   0.004   0.327   0.002   0.000   0.002   0.000 1541124000
17.74    4.13    54.337
17.74 18.00   0.883   1.718
17.74 18.00   2.601    65.584
17.74 18.00   2.323   1.268   2.601   0.488
17.74 18.00   2.325   1.261   2.601   0.481

17.75  0.00   0.442   0.435   0.032   0.074   0.001   0.004   0.327   0.002   0.000   0.002   0.000 1541993000
17.75    4.13    54.330
17.75 18.00   0.883   1.718
17.75 18.00   2.601    65.581
17.75 18.00   2.323   1.268   2.601   0.488
17.75 18.00   2.325   1.261   2.601   0.481

17.76  0.00   0.442   0.435   0.032   0.074   0.001   0.004   0.327   0.002   0.000   0.002   0.000 1542862000
17.76    4.13    54.323
17.76 18.00   0.883   1.718
17.76 18.00   2.601    65.579
17.76 18.00   2.323   1.268   2.601   0.488
17.76 18.00   2.325   1.261   2.601   0.481

17.77  0.00   0.442   0.435   0.032   0.074   0.001   0.004   0.327   0.002   0.000   0.002   0.000 1543731000
17.77    4.13    54.316
17.77 18.00   0.882   1.718
17.77 18.00   2.601    65.577
17.77 18.00   2.322   1.268   2.601   0.488
17.77 18.00   2.325   1.261   2.601   0.481

17.78  0.00   0.442   0.435   0.032   0.074   0.001   0.004   0.327   0.002   0.000   0.002   0.000 1544599000
17.78    4.13    54.308
17.78 18.00   0.882   1.718
17.78 18.00   2.601    65.574
17.78 18.00   2.322   1.268   2.601   0.488
17.78 18.00   2.325   1.261   2.601   0.481

17.79  0.00   0.442   0.435   0.032   0.074   0.001   0.004   0.327   0.002   0.000   0.002   0.000 1545468000
17.79    4.13    54.301
17.79 18.00   0.882   1.718
17.79 18.00   2.600    65.572
17.79 18.00   2.322   1.268   2.600   0.488
17.79 18.00   2.324   1.261   2.600   0.481

17.80  0.00   0.442   0.435   0.032   0.074   0.001   0.004   0.327   0.002   0.000   0.002   0.000 1546337000
17.80    4.13    54.294
17.80 18.00   0.882   1.718
17.80 18.00   2.600    65.570
17.80 18.00   2.322   1.268   2.600   0.488
17.80 18.00   2.324   1.261   2.600   0.481

17.81  0.00   0.442   0.435   0.032   0.074   0.001   0.004   0.327   0.002   0.000   0.002   0.000 1547206000
17.81    4.13    54.287
17.81 18.00   0.882   1.718
17.81 18.00   2.600    65.568
17.81 18.00   2.322   1.268   2.600   0.488
17.81 18.00   2.324   1.261   2.600   0.481

17.82  0.00   0.442   0.435   0.032   0.074   0.001   0.004   0.327   0.002   0.000   0.002   0.000 1548074000
17.82    4.13    54.280
17.82 18.00   0.881   1.718
17.82 18.00   2.600    65.565
17.82 18.00   2.322   1.268   2.600   0.488
17.82 18.00   2.324   1.261   2.600   0.481

17.83  0.00   0.442   0.435   0.032   0.074   0.001   0.004   0.327   0.002   0.000   0.002   0.000 1548943000
17.83    4.13    54.272
17.83 18.00   0.881   1.718
17.83 18.00   2.600    65.563
17.83 18.00   2.321   1.268   2.600   0.488
17.83 18.00   2.324   1.261   2.600   0.481

17.84  0.00   0.442   0.435   0.032   0.074   0.001   0.004   0.327   0.002   0.000   0.002   0.000 1549812000
17.84    4.13    54.265
17.84 18.00   0.881   1.718
17.84 18.00   2.599    65.561
17.84 18.00   2.321   1.268   2.599   0.488
17.84 18.00   2.324   1.261   2.599   0.481

17.85  0.00   0.442   0.435   0.032   0.074   0.001   0.004   0.327   0.002   0.000   0.002   0.000 1550680000
17.85    4.13    54.258
17.85 18.00   0.881   1.718
17.85 18.00   2.599    65.558
17.85 18.00   2.321   1.268   2.599   0.488
17.85 18.00   2.323   1.261   2.599   0.481

17.86  0.00   0.442   0.435   0.032   0.074   0.001   0.004   0.327   0.002   0.000   0.002   0.000 1551549000
17.86    4.12    54.251
17.86 18.00   0.881   1.718
17.86 18.00   2.599    65.556
17.86 18.00   2.321   1.268   2.599   0.488
17.86 18.00   2.323   1.261   2.599   0.481

17.87  0.00   0.442   0.435   0.032   0.074   0.001   0.004   0.327   0.002   0.000   0.002   0.000 1552418000
17.87    4.12    54.244
17.87 18.00   0.881   1.718
17.87 18.00   2.599    65.554
17.87 18.00   2.321   1.268   2.599   0.488
17.87 18.00   2.323   1.261   2.599   0.481

17.88  0.00   0.442   0.435   0.032   0.074   0.001   0.004   0.327   0.002   0.000   0.002   0.000 1553287000
17.88    4.12    54.236
17.88 18.00   0.880   1.718
17.88 18.00   2.599    65.551
17.88 18.00   2.321   1.267   2.599   0.488
17.88 18.00   2.323   1.260   2.599   0.481

17.89  0.00   0.442   0.435   0.032   0.074   0.001   0.004   0.327   0.002   0.000   0.002   0.000 1554155000
17.89    4.12    54.229
17.89 18.00   0.880   1.718
17.89 18.00   2.599    65.549
17.89 18.00   2.320   1.267   2.599   0.488
17.89 18.00   2.323   1.260   2.599   0.481

17.90  0.00   0.442   0.435   0.032   0.074   0.001   0.004   0.327   0.002   0.000   0.002   0.000 1555024000
17.90    4.12    54.222
17.90 18.00   0.880   1.718
17.90 18.00   2.598    65.547
17.90 18.00   2.320   1.267   2.598   0.488
17.90 18.00   2.323   1.260   2.598   0.481

17.91  0.00   0.442   0.435   0.032   0.074   0.001   0.004   0.327   0.002   0.000   0.002   0.000 1555893000
17.91    4.12    54.215
17.91 18.00   0.880   1.718
17.91 18.00   2.598    65.545
17.91 18.00   2.320   1.267   2.598   0.488
17.91 18.00   2.322   1.260   2.598   0.481

17.92  0.00   0.442   0.435   0.032   0.074   0.001   0.004   0.327   0.002   0.000   0.002   0.000 1556761000
17.92    4.12    54.208
17.92 18.00   0.880   1.718
17.92 18.00   2.598    65.542
17.92 18.00   2.320   1.267   2.598   0.488
17.92 18.00   2.322   1.260   2.598   0.481

17.93  0.00   0.442   0.435   0.032   0.074   0.001   0.004   0.327   0.002   0.000   0.002   0.000 1557630000
17.93    4.12    54.201
17.93 18.00   0.879   1.718
17.93 18.00   2.598    65.540
17.93 18.00   2.320   1.267   2.598   0.488
17.93 18.00   2.322   1.260   2.598   0.481

17.94  0.00   0.442   0.435   0.032   0.074   0.001   0.004   0.327   0.002   0.000   0.002   0.000 1558499000
17.94    4.12    54.194
17.94 18.00   0.879   1.718
17.94 18.00   2.598    65.538
17.94 18.00   2.320   1.267   2.598   0.488
17.94 18.00   2.322   1.260   2.598   0.481

17.95  0.00   0.442   0.435   0.032   0.074   0.001   0.004   0.327   0.002   0.000   0.002   0.000 1559368000
17.95    4.12    54.187
17.95 18.00   0.879   1.718
17.95 18.00   2.597    65.536
17.95 18.00   2.319   1.267   2.597   0.488
17.95 18.00   2.322   1.260   2.597   0.481

17.96  0.00   0.442   0.435   0.032   0.074   0.001   0.004   0.327   0.002   0.000   0.002   0.000 1560236000
17.96    4.12    54.179
17.96 18.00   0.879   1.718
17.96 18.00   2.597    65.533
17.96 18.00   2.319   1.267   2.597   0.488
17.96 18.00   2.322   1.260   2.597   0.481

17.97  0.00   0.442   0.435   0.032   0.074   0.001   0.004   0.327   0.002   0.000   0.002   0.000 1561105000
17.97    4.12    54.172
17.97 18.00   0.879   1.718
17.97 18.00   2.597    65.531
17.97 18.00   2.319   1.267   2.597   0.488
17.97 18.00   2.321   1.260   2.597   0.481

17.98  0.00   0.442   0.435   0.032   0.074   0.001   0.004   0.327   0.002   0.000   0.002   0.000 1561974000
17.98    4.12    54.165
17.98 18.00   0.879   1.718
17.98 18.00   2.597    65.529
17.98 18.00   2.319   1.267   2.597   0.488
17.98 18.00   2.321   1.260   2.597   0.481

17.99  0.00   0.442   0.435   0.032   0.074   0.001   0.004   0.327   0.002   0.000   0.002   0.000 1562843000
17.99    4.11    54.158
17.99 18.00   0.878   1.718
17.99 18.00   2.597    65.526
17.99 18.00   2.319   1.267   2.597   0.488
17.99 18.00   2.321   1.260   2.597   0.481

18.00  0.00   0.442   0.435   0.032   0.074   0.001   0.004   0.327   0.002   0.000   0.002   0.000 1563711000
18.00    4.11    54.151
18.00 18.00   0.878   1.718
18.00 18.00   2.597    65.524
18.00 18.00   2.319   1.267   2.597   0.488
18.00 18.00   2.321   1.260   2.597   0.481

18.01  0.00   0.442   0.435   0.032   0.074   0.001   0.004   0.327   0.002   0.000   0.002   0.000 1564580000
18.01    4.11    54.144
18.01 18.00   0.878   1.718
18.01 18.00   2.596    65.522
18.01 18.00   2.318   1.267   2.596   0.488
18.01 18.00   2.321   1.260   2.596   0.481

18.02  0.00   0.442   0.435   0.032   0.074   0.001   0.004   0.327   0.002   0.000   0.002   0.000 1565449000
18.02    4.11    54.137
18.02 18.00   0.878   1.718
18.02 18.00   2.596    65.520
18.02 18.00   2.318   1.267   2.596   0.488
18.02 18.00   2.321   1.260   2.596   0.481

18.03  0.00   0.442   0.435   0.032   0.074   0.001   0.004   0.327   0.002   0.000   0.002   0.000 1566318000
18.03    4.11    54.130
18.03 18.00   0.878   1.718
18.03 18.00   2.596    65.517
18.03 18.00   2.318   1.266   2.596   0.488
18.03 18.00   2.320   1.260   2.596   0.481

18.04  0.00   0.442   0.435   0.032   0.074   0.001   0.004   0.327   0.002   0.000   0.002   0.000 1567186000
18.04    4.11    54.123
18.04 18.00   0.878   1.718
18.04 18.00   2.596    65.515
18.04 18.00   2.318   1.266   2.596   0.488
18.04 18.00   2.320   1.259   2.596   0.481

18.05  0.00   0.442   0.435   0.032   0.074   0.001   0.004   0.327   0.002   0.000   0.002   0.000 1568055000
18.05    4.11    54.116
18.05 18.00   0.877   1.718
18.05 18.00   2.596    65.513
18.05 18.00   2.318   1.266   2.596   0.488
18.05 18.00   2.320   1.259   2.596   0.481

18.06  0.00   0.442   0.435   0.032   0.074   0.001   0.004   0.327   0.002   0.000   0.002   0.000 1568924000
18.06    4.11    54.109
18.06 18.00   0.877   1.718
18.06 18.00   2.596    65.511
18.06 18.00   2.318   1.266   2.596   0.488
18.06 18.00   2.320   1.259   2.596   0.481

18.07  0.00   0.441   0.435   0.032   0.074   0.001   0.004   0.327   0.002   0.000   0.002   0.000 1569792000
18.07    4.11    54.102
18.07 18.00   0.877   1.718
18.07 18.00   2.595    65.508
18.07 18.00   2.317   1.266   2.595   0.488
18.07 18.00   2.320   1.259   2.595   0.481

18.08  0.00   0.441   0.435   0.032   0.074   0.001   0.004   0.327   0.002   0.000   0.002   0.000 1570661000
18.08    4.11    54.095
18.08 18.00   0.877   1.718
18.08 18.00   2.595    65.506
18.08 18.00   2.317   1.266   2.595   0.488
18.08 18.00   2.320   1.259   2.595   0.481

18.09  0.00   0.441   0.435   0.032   0.074   0.001   0.004   0.327   0.002   0.000   0.002   0.000 1571530000
18.09    4.11    54.088
18.09 18.00   0.877   1.718
18.09 18.00   2.595    65.504
18.09 18.00   2.317   1.266   2.595   0.488
18.09 18.00   2.319   1.259   2.595   0.481

18.10  0.00   0.441   0.435   0.032   0.074   0.001   0.004   0.327   0.002   0.000   0.002   0.000 1572399000
18.10    4.11    54.081
18.10 18.00   0.876   1.718
18.10 18.00   2.595    65.502
18.10 18.00   2.317   1.266   2.595   0.488
18.10 18.00   2.319   1.259   2.595   0.481

18.11  0.00   0.441   0.435   0.032   0.074   0.001   0.004   0.327   0.002   0.000   0.002   0.000 1573267000
18.11    4.11    54.074
18.11 18.00   0.876   1.718
18.11 18.00   2.595    65.500
18.11 18.00   2.317   1.266   2.595   0.488
18.11 18.00   2.319   1.259   2.595   0.481

18.12  0.00   0.441   0.435   0.032   0.074   0.001   0.004   0.327   0.002   0.000   0.002   0.000 1574136000
18.12    4.11    54.067
18.12 18.00   0.876   1.718
18.12 18.00   2.594    65.497
18.12 18.00   2.317   1.266   2.594   0.488
18.12 18.00   2.319   1.259   2.594   0.481

18.13  0.00   0.441   0.435   0.032   0.074   0.001   0.004   0.327   0.002   0.000   0.002   0.000 1575005000
18.13    4.10    54.060
18.13 18.00   0.876   1.718
18.13 18.00   2.594    65.495
18.13 18.00   2.317   1.266   2.594   0.488
18.13 18.00   2.319   1.259   2.594   0.481

18.14  0.00   0.441   0.435   0.032   0.074   0.001   0.004   0.327   0.002   0.000   0.002   0.000 1575874000
18.14    4.10    54.053
18.14 18.00   0.876   1.718
18.14 18.00   2.594    65.493
18.14 18.00   2.316   1.266   2.594   0.488
18.14 18.00   2.319   1.259   2.594   0.481

18.15  0.00   0.441   0.435   0.032   0.074   0.001   0.004   0.327   0.002   0.000   0.002   0.000 1576742000
18.15    4.10    54.046
18.15 18.00   0.876   1.718
18.15 18.00   2.594    65.491
18.15 18.00   2.316   1.266   2.594   0.488
18.15 18.00   2.318   1.259   2.594   0.481

18.16  0.00   0.441   0.435   0.032   0.074   0.001   0.004   0.327   0.002   0.000   0.002   0.000 1577611000
18.16    4.10    54.039
18.16 18.00   0.875   1.718
18.16 18.00   2.594    65.488
18.16 18.00   2.316   1.266   2.594   0.488
18.16 18.00   2.318   1.259   2.594   0.481

18.17  0.00   0.441   0.435   0.032   0.074   0.001   0.004   0.327   0.002   0.000   0.002   0.000 1578480000
18.17    4.10    54.032
18.17 18.00   0.875   1.718
18.17 18.00   2.594    65.486
18.17 18.00   2.316   1.266   2.594   0.488
18.17 18.00   2.318   1.259   2.594   0.481

18.18  0.00   0.441   0.435   0.032   0.074   0.001   0.004   0.327   0.002   0.000   0.002   0.000 1579348000
18.18    4.10    54.025
18.18 18.00   0.875   1.718
18.18 18.00   2.593    65.484
18.18 18.00   2.316   1.266   2.593   0.488
18.18 18.00   2.318   1.259   2.593   0.481

18.19  0.00   0.441   0.435   0.032   0.074   0.001   0.004   0.327   0.002   0.000   0.002   0.000 1580217000
18.19    4.10    54.018
18.19 18.00   0.875   1.718
18.19 18.00   2.593    65.482
18.19 18.00   2.316   1.265   2.593   0.488
18.19 18.00   2.318   1.258   2.593   0.481

18.20  0.00   0.441   0.435   0.032   0.074   0.001   0.004   0.327   0.002   0.000   0.002   0.000 1581086000
18.20    4.10    54.011
18.20 18.00   0.875   1.718
18.20 18.00   2.593    65.480
18.20 18.00   2.315   1.265   2.593   0.488
18.20 18.00   2.318   1.258   2.593   0.481

18.21  0.00   0.441   0.435   0.032   0.074   0.001   0.004   0.326   0.002   0.000   0.002   0.000 1581955000
18.21    4.10    54.004
18.21 18.00   0.875   1.718
18.21 18.00   2.593    65.477
18.21 18.00   2.315   1.265   2.593   0.488
18.21 18.00   2.317   1.258   2.593   0.481

18.22  0.00   0.441   0.435   0.032   0.074   0.001   0.004   0.326   0.002   0.000   0.002   0.000 1582823000
18.22    4.10    53.997
18.22 18.00   0.874   1.718
18.22 18.00   2.593    65.475
18.22 18.00   2.315   1.265   2.593   0.488
18.22 18.00   2.317   1.258   2.593   0.481

18.23  0.00   0.441   0.435   0.032   0.074   0.001   0.004   0.326   0.002   0.000   0.002   0.000 1583692000
18.23    4.10    53.990
18.23 18.00   0.874   1.718
18.23 18.00   2.593    65.473
18.23 18.00   2.315   1.265   2.593   0.488
18.23 18.00   2.317   1.258   2.593   0.481

18.24  0.00   0.441   0.435   0.032   0.074   0.001   0.004   0.326   0.002   0.000   0.002   0.000 1584561000
18.24    4.10    53.983
18.24 18.00   0.874   1.718
18.24 18.00   2.592    65.471
18.24 18.00   2.315   1.265   2.592   0.488
18.24 18.00   2.317   1.258   2.592   0.481

18.25  0.00   0.441   0.435   0.032   0.074   0.001   0.004   0.326   0.002   0.000   0.002   0.000 1585430000
18.25    4.10    53.976
18.25 18.00   0.874   1.718
18.25 18.00   2.592    65.468
18.25 18.00   2.315   1.265   2.592   0.488
18.25 18.00   2.317   1.258   2.592   0.481

18.26  0.00   0.441   0.435   0.032   0.074   0.001   0.004   0.326   0.002   0.000   0.002   0.000 1586298000
18.26    4.10    53.969
18.26 18.00   0.874   1.718
18.26 18.00   2.592    65.466
18.26 18.00   2.314   1.265   2.592   0.488
18.26 18.00   2.317   1.258   2.592   0.481

18.27  0.00   0.441   0.435   0.032   0.074   0.001   0.004   0.326   0.002   0.000   0.002   0.000 1587167000
18.27    4.09    53.962
18.27 18.00   0.874   1.718
18.27 18.00   2.592    65.464
18.27 18.00   2.314   1.265   2.592   0.488
18.27 18.00   2.317   1.258   2.592   0.481

18.28  0.00   0.441   0.435   0.032   0.074   0.001   0.004   0.326   0.002   0.000   0.002   0.000 1588036000
18.28    4.09    53.955
18.28 18.00   0.873   1.718
18.28 18.00   2.592    65.462
18.28 18.00   2.314   1.265   2.592   0.488
18.28 18.00   2.316   1.258   2.592   0.481

18.29  0.00   0.441   0.435   0.032   0.074   0.001   0.004   0.326   0.002   0.000   0.002   0.000 1588905000
18.29    4.09    53.948
18.29 18.00   0.873   1.718
18.29 18.00   2.592    65.460
18.29 18.00   2.314   1.265   2.592   0.488
18.29 18.00   2.316   1.258   2.592   0.481

18.30  0.00   0.441   0.435   0.032   0.074   0.001   0.004   0.326   0.002   0.000   0.002   0.000 1589773000
18.30    4.09    53.941
18.30 18.00   0.873   1.718
18.30 18.00   2.591    65.457
18.30 18.00   2.314   1.265   2.591   0.488
18.30 18.00   2.316   1.258   2.591   0.481

18.31  0.00   0.441   0.435   0.032   0.074   0.001   0.004   0.326   0.002   0.000   0.002   0.000 1590642000
18.31    4.09    53.935
18.31 18.00   0.873   1.718
18.31 18.00   2.591    65.455
18.31 18.00   2.314   1.265   2.591   0.488
18.31 18.00   2.316   1.258   2.591   0.481

18.32  0.00   0.441   0.435   0.032   0.074   0.001   0.004   0.326   0.002   0.000   0.002   0.000 1591511000
18.32    4.09    53.928
18.32 18.00   0.873   1.718
18.32 18.00   2.591    65.453
18.32 18.00   2.313   1.265   2.591   0.488
18.32 18.00   2.316   1.258   2.591   0.481

18.33  0.00   0.441   0.435   0.032   0.074   0.001   0.004   0.326   0.002   0.000   0.002   0.000 1592379000
18.33    4.09    53.921
18.33 18.00   0.873   1.718
18.33 18.00   2.591    65.451
18.33 18.00   2.313   1.265   2.591   0.488
18.33 18.00   2.316   1.258   2.591   0.481

18.34  0.00   0.441   0.435   0.032   0.074   0.001   0.004   0.326   0.002   0.000   0.002   0.000 1593248000
18.34    4.09    53.914
18.34 18.00   0.872   1.718
18.34 18.00   2.591    65.449
18.34 18.00   2.313   1.265   2.591   0.488
18.34 18.00   2.315   1.258   2.591   0.480

18.35  0.00   0.441   0.435   0.032   0.074   0.001   0.004   0.326   0.002   0.000   0.002   0.000 1594117000
18.35    4.09    53.907
18.35 18.00   0.872   1.718
18.35 18.00   2.591    65.447
18.35 18.00   2.313   1.264   2.591   0.488
18.35 18.00   2.315   1.257   2.591   0.480

18.36  0.00   0.441   0.435   0.032   0.074   0.001   0.004   0.326   0.002   0.000   0.002   0.000 1594986000
18.36    4.09    53.900
18.36 18.00   0.872   1.718
18.36 18.00   2.590    65.444
18.36 18.00   2.313   1.264   2.590   0.488
18.36 18.00   2.315   1.257   2.590   0.480

18.37  0.00   0.441   0.435   0.032   0.074   0.001   0.004   0.326   0.002   0.000   0.002   0.000 1595854000
18.37    4.09    53.893
18.37 18.00   0.872   1.718
18.37 18.00   2.590    65.442
18.37 18.00   2.313   1.264   2.590   0.488
18.37 18.00   2.315   1.257   2.590   0.480

18.38  0.00   0.441   0.435   0.032   0.074   0.001   0.004   0.326   0.002   0.000   0.002   0.000 1596723000
18.38    4.09    53.886
18.38 18.00   0.872   1.718
18.38 18.00   2.590    65.440
18.38 18.00   2.313   1.264   2.590   0.488
18.38 18.00   2.315   1.257   2.590   0.480

18.39  0.00   0.441   0.435   0.032   0.074   0.001   0.004   0.326   0.002   0.000   0.002   0.000 1597592000
18.39    4.09    53.880
18.39 18.00   0.872   1.718
18.39 18.00   2.590    65.438
18.39 18.00   2.312   1.264   2.590   0.488
18.39 18.00   2.315   1.257   2.590   0.480

18.40  0.00   0.441   0.435   0.032   0.074   0.001   0.004   0.326   0.002   0.000   0.002   0.000 1598460000
18.40    4.09    53.873
18.40 18.00   0.871   1.718
18.40 18.00   2.590    65.436
18.40 18.00   2.312   1.264   2.590   0.488
18.40 18.00   2.314   1.257   2.590   0.480

18.41  0.00   0.441   0.435   0.032   0.074   0.001   0.004   0.326   0.002   0.000   0.002   0.000 1599329000
18.41    4.08    53.866
18.41 18.00   0.871   1.718
18.41 18.00   2.590    65.434
18.41 18.00   2.312   1.264   2.590   0.488
18.41 18.00   2.314   1.257   2.590   0.480

18.42  0.00   0.441   0.435   0.032   0.074   0.001   0.004   0.326   0.002   0.000   0.002   0.000 1600198000
18.42    4.08    53.859
18.42 18.00   0.871   1.718
18.42 18.00   2.589    65.431
18.42 18.00   2.312   1.264   2.589   0.488
18.42 18.00   2.314   1.257   2.589   0.480

18.43  0.00   0.441   0.435   0.032   0.074   0.001   0.004   0.326   0.002   0.000   0.002   0.000 1601067000
18.43    4.08    53.852
18.43 18.00   0.871   1.718
18.43 18.00   2.589    65.429
18.43 18.00   2.312   1.264   2.589   0.488
18.43 18.00   2.314   1.257   2.589   0.480

18.44  0.00   0.441   0.435   0.032   0.074   0.001   0.004   0.326   0.002   0.000   0.002   0.000 1601935000
18.44    4.08    53.846
18.44 18.00   0.871   1.718
18.44 18.00   2.589    65.427
18.44 18.00   2.312   1.264   2.589   0.488
18.44 18.00   2.314   1.257   2.589   0.480

18.45  0.00   0.441   0.435   0.032   0.074   0.001   0.004   0.326   0.002   0.000   0.002   0.000 1602804000
18.45    4.08    53.839
18.45 18.00   0.870   1.718
18.45 18.00   2.589    65.425
18.45 18.00   2.311   1.264   2.589   0.488
18.45 18.00   2.314   1.257   2.589   0.480

18.46  0.00   0.441   0.435   0.032   0.074   0.001   0.004   0.326   0.002   0.000   0.002   0.000 1603673000
18.46    4.08    53.832
18.46 18.00   0.870   1.718
18.46 18.00   2.589    65.423
18.46 18.00   2.311   1.264   2.589   0.488
18.46 18.00   2.314   1.257   2.589   0.480

18.47  0.00   0.441   0.434   0.032   0.074   0.001   0.004   0.326   0.002   0.000   0.002   0.000 1604542000
18.47    4.08    53.825
18.47 18.00   0.870   1.718
18.47 18.00   2.588    65.421
18.47 18.00   2.311   1.264   2.588   0.488
18.47 18.00   2.313   1.257   2.588   0.480

18.48  0.00   0.441   0.434   0.032   0.074   0.001   0.004   0.326   0.002   0.000   0.002   0.000 1605410000
18.48    4.08    53.818
18.48 18.00   0.870   1.718
18.48 18.00   2.588    65.418
18.48 18.00   2.311   1.264   2.588   0.488
18.48 18.00   2.313   1.257   2.588   0.480

18.49  0.00   0.441   0.434   0.032   0.074   0.001   0.004   0.326   0.002   0.000   0.002   0.000 1606279000
18.49    4.08    53.812
18.49 18.00   0.870   1.718
18.49 18.00   2.588    65.416
18.49 18.00   2.311   1.264   2.588   0.488
18.49 18.00   2.313   1.257   2.588   0.480

18.50  0.00   0.441   0.434   0.032   0.074   0.001   0.004   0.326   0.002   0.000   0.002   0.000 1607148000
18.50    4.08    53.805
18.50 18.00   0.870   1.718
18.50 18.00   2.588    65.414
18.50 18.00   2.311   1.264   2.588   0.488
18.50 18.00   2.313   1.257   2.588   0.480

18.51  0.00   0.441   0.434   0.032   0.074   0.001   0.004   0.326   0.002   0.000   0.002   0.000 1608017000
18.51    4.08    53.798
18.51 18.00   0.869   1.718
18.51 18.00   2.588    65.412
18.51 18.00   2.310   1.263   2.588   0.488
18.51 18.00   2.313   1.256   2.588   0.480

18.52  0.00   0.441   0.434   0.032   0.074   0.001   0.004   0.326   0.002   0.000   0.002   0.000 1608885000
18.52    4.08    53.791
18.52 18.00   0.869   1.718
18.52 18.00   2.588    65.410
18.52 18.00   2.310   1.263   2.588   0.488
18.52 18.00   2.313   1.256   2.588   0.480

18.53  0.00   0.441   0.434   0.032   0.074   0.001   0.004   0.326   0.002   0.000   0.002   0.000 1609754000
18.53    4.08    53.784
18.53 18.00   0.869   1.718
18.53 18.00   2.587    65.408
18.53 18.00   2.310   1.263   2.587   0.488
18.53 18.00   2.312   1.256   2.587   0.480

18.54  0.00   0.441   0.434   0.032   0.074   0.001   0.004   0.326   0.002   0.000   0.002   0.000 1610623000
18.54    4.08    53.778
18.54 18.00   0.869   1.718
18.54 18.00   2.587    65.406
18.54 18.00   2.310   1.263   2.587   0.488
18.54 18.00   2.312   1.256   2.587   0.480

18.55  0.00   0.441   0.434   0.032   0.074   0.001   0.004   0.326   0.002   0.000   0.002   0.000 1611491000
18.55    4.07    53.771
18.55 18.00   0.869   1.718
18.55 18.00   2.587    65.403
18.55 18.00   2.310   1.263   2.587   0.488
18.55 18.00   2.312   1.256   2.587   0.480

18.56  0.00   0.441   0.434   0.032   0.074   0.001   0.004   0.326   0.002   0.000   0.002   0.000 1612360000
18.56    4.07    53.764
18.56 18.00   0.869   1.718
18.56 18.00   2.587    65.401
18.56 18.00   2.310   1.263   2.587   0.488
18.56 18.00   2.312   1.256   2.587   0.480

18.57  0.00   0.441   0.434   0.032   0.074   0.001   0.004   0.326   0.002   0.000   0.002   0.000 1613229000
18.57    4.07    53.757
18.57 18.00   0.868   1.718
18.57 18.00   2.587    65.399
18.57 18.00   2.310   1.263   2.587   0.488
18.57 18.00   2.312   1.256   2.587   0.480

18.58  0.00   0.441   0.434   0.032   0.074   0.001   0.004   0.326   0.002   0.000   0.002   0.000 1614098000
18.58    4.07    53.751
18.58 18.00   0.868   1.718
18.58 18.00   2.587    65.397
18.58 18.00   2.309   1.263   2.587   0.488
18.58 18.00   2.312   1.256   2.587   0.480

18.59  0.00   0.441   0.434   0.032   0.074   0.001   0.004   0.326   0.002   0.000   0.002   0.000 1614966000
18.59    4.07    53.744
18.59 18.00   0.868   1.718
18.59 18.00   2.586    65.395
18.59 18.00   2.309   1.263   2.586   0.488
18.59 18.00   2.312   1.256   2.586   0.480

18.60  0.00   0.441   0.434   0.032   0.074   0.001   0.004   0.326   0.002   0.000   0.002   0.000 1615835000
18.60    4.07    53.737
18.60 18.00   0.868   1.718
18.60 18.00   2.586    65.393
18.60 18.00   2.309   1.263   2.586   0.488
18.60 18.00   2.311   1.256   2.586   0.480

18.61  0.00   0.441   0.434   0.032   0.074   0.001   0.004   0.326   0.002   0.000   0.002   0.000 1616704000
18.61    4.07    53.731
18.61 18.00   0.868   1.718
18.61 18.00   2.586    65.391
18.61 18.00   2.309   1.263   2.586   0.488
18.61 18.00   2.311   1.256   2.586   0.480

18.62  0.00   0.441   0.434   0.032   0.074   0.001   0.004   0.326   0.002   0.000   0.002   0.000 1617573000
18.62    4.07    53.724
18.62 18.00   0.868   1.718
18.62 18.00   2.586    65.389
18.62 18.00   2.309   1.263   2.586   0.488
18.62 18.00   2.311   1.256   2.586   0.480

18.63  0.00   0.441   0.434   0.032   0.074   0.001   0.004   0.326   0.002   0.000   0.002   0.000 1618441000
18.63    4.07    53.717
18.63 18.00   0.867   1.718
18.63 18.00   2.586    65.386
18.63 18.00   2.309   1.263   2.586   0.488
18.63 18.00   2.311   1.256   2.586   0.480

18.64  0.00   0.441   0.434   0.032   0.074   0.001   0.004   0.326   0.002   0.000   0.002   0.000 1619310000
18.64    4.07    53.710
18.64 18.00   0.867   1.718
18.64 18.00   2.586    65.384
18.64 18.00   2.308   1.263   2.586   0.488
18.64 18.00   2.311   1.256   2.586   0.480

18.65  0.00   0.441   0.434   0.032   0.074   0.001   0.004   0.326   0.002   0.000   0.002   0.000 1620179000
18.65    4.07    53.704
18.65 18.00   0.867   1.718
18.65 18.00   2.586    65.382
18.65 18.00   2.308   1.263   2.586   0.488
18.65 18.00   2.311   1.256   2.586   0.480

18.66  0.00   0.441   0.434   0.032   0.074   0.001   0.004   0.326   0.002   0.000   0.002   0.000 1621047000
18.66    4.07    53.697
18.66 18.00   0.867   1.718
18.66 18.00   2.585    65.380
18.66 18.00   2.308   1.263   2.585   0.487
18.66 18.00   2.310   1.256   2.585   0.480

18.67  0.00   0.441   0.434   0.032   0.074   0.001   0.004   0.326   0.002   0.000   0.002   0.000 1621916000
18.67    4.07    53.690
18.67 18.00   0.867   1.718
18.67 18.00   2.585    65.378
18.67 18.00   2.308   1.262   2.585   0.487
18.67 18.00   2.310   1.256   2.585   0.480

18.68  0.00   0.441   0.434   0.032   0.074   0.001   0.004   0.326   0.002   0.000   0.002   0.000 1622785000
18.68    4.07    53.684
18.68 18.00   0.867   1.718
18.68 18.00   2.585    65.376
18.68 18.00   2.308   1.262   2.585   0.487
18.68 18.00   2.310   1.255   2.585   0.480

18.69  0.00   0.441   0.434   0.032   0.074   0.001   0.004   0.326   0.002   0.000   0.002   0.000 1623654000
18.69    4.07    53.677
18.69 18.00   0.867   1.718
18.69 18.00   2.585    65.374
18.69 18.00   2.308   1.262   2.585   0.487
18.69 18.00   2.310   1.255   2.585   0.480

18.70  0.00   0.441   0.434   0.032   0.074   0.001   0.004   0.326   0.002   0.000   0.002   0.000 1624522000
18.70    4.06    53.670
18.70 18.00   0.866   1.718
18.70 18.00   2.585    65.372
18.70 18.00   2.308   1.262   2.585   0.487
18.70 18.00   2.310   1.255   2.585   0.480

18.71  0.00   0.441   0.434   0.032   0.074   0.001   0.004   0.326   0.002   0.000   0.002   0.000 1625391000
18.71    4.06    53.664
18.71 18.00   0.866   1.718
18.71 18.00   2.585    65.370
18.71 18.00   2.307   1.262   2.585   0.487
18.71 18.00   2.310   1.255   2.585   0.480

18.72  0.00   0.441   0.434   0.032   0.074   0.001   0.004   0.326   0.002   0.000   0.002   0.000 1626260000
18.72    4.06    53.657
18.72 18.00   0.866   1.718
18.72 18.00   2.584    65.367
18.72 18.00   2.307   1.262   2.584   0.487
18.72 18.00   2.310   1.255   2.584   0.480

18.73  0.00   0.441   0.434   0.032   0.074   0.001   0.004   0.326   0.002   0.000   0.002   0.000 1627128000
18.73    4.06    53.650
18.73 18.00   0.866   1.718
18.73 18.00   2.584    65.365
18.73 18.00   2.307   1.262   2.584   0.487
18.73 18.00   2.309   1.255   2.584   0.480

18.74  0.00   0.441   0.434   0.032   0.074   0.001   0.004   0.326   0.002   0.000   0.002   0.000 1627997000
18.74    4.06    53.644
18.74 18.00   0.866   1.718
18.74 18.00   2.584    65.363
18.74 18.00   2.307   1.262   2.584   0.487
18.74 18.00   2.309   1.255   2.584   0.480

18.75  0.00   0.441   0.434   0.032   0.074   0.001   0.004   0.326   0.002   0.000   0.002   0.000 1628866000
18.75    4.06    53.637
18.75 18.00   0.866   1.718
18.75 18.00   2.584    65.361
18.75 18.00   2.307   1.262   2.584   0.487
18.75 18.00   2.309   1.255   2.584   0.480

18.76  0.00   0.441   0.434   0.032   0.074   0.001   0.004   0.326   0.002   0.000   0.002   0.000 1629735000
18.76    4.06    53.631
18.76 18.00   0.865   1.718
18.76 18.00   2.584    65.359
18.76 18.00   2.307   1.262   2.584   0.487
18.76 18.00   2.309   1.255   2.584   0.480

18.77  0.00   0.441   0.434   0.032   0.074   0.001   0.004   0.326   0.002   0.000   0.002   0.000 1630604000
18.77    4.06    53.624
18.77 18.00   0.865   1.718
18.77 18.00   2.584    65.357
18.77 18.00   2.306   1.262   2.584   0.487
18.77 18.00   2.309   1.255   2.584   0.480

18.78  0.00   0.441   0.434   0.032   0.074   0.001   0.004   0.326   0.002   0.000   0.002   0.000 1631472000
18.78    4.06    53.617
18.78 18.00   0.865   1.718
18.78 18.00   2.583    65.355
18.78 18.00   2.306   1.262   2.583   0.487
18.78 18.00   2.309   1.255   2.583   0.480

18.79  0.00   0.441   0.434   0.032   0.074   0.001   0.004   0.326   0.002   0.000   0.002   0.000 1632341000
18.79    4.06    53.611
18.79 18.00   0.865   1.718
18.79 18.00   2.583    65.353
18.79 18.00   2.306   1.262   2.583   0.487
18.79 18.00   2.308   1.255   2.583   0.480

18.80  0.00   0.441   0.434   0.032   0.074   0.001   0.004   0.326   0.002   0.000   0.002   0.000 1633210000
18.80    4.06    53.604
18.80 18.00   0.865   1.718
18.80 18.00   2.583    65.351
18.80 18.00   2.306   1.262   2.583   0.487
18.80 18.00   2.308   1.255   2.583   0.480

18.81  0.00   0.441   0.434   0.032   0.074   0.001   0.004   0.326   0.002   0.000   0.002   0.000 1634078000
18.81    4.06    53.597
18.81 18.00   0.865   1.718
18.81 18.00   2.583    65.349
18.81 18.00   2.306   1.262   2.583   0.487
18.81 18.00   2.308   1.255   2.583   0.480

18.82  0.00   0.441   0.434   0.032   0.074   0.001   0.004   0.326   0.002   0.000   0.002   0.000 1634947000
18.82    4.06    53.591
18.82 18.00   0.864   1.718
18.82 18.00   2.583    65.347
18.82 18.00   2.306   1.262   2.583   0.487
18.82 18.00   2.308   1.255   2.583   0.480

18.83  0.00   0.441   0.434   0.032   0.074   0.001   0.004   0.326   0.002   0.000   0.002   0.000 1635816000
18.83    4.06    53.584
18.83 18.00   0.864   1.718
18.83 18.00   2.583    65.344
18.83 18.00   2.306   1.262   2.583   0.487
18.83 18.00   2.308   1.255   2.583   0.480

18.84  0.00   0.441   0.434   0.032   0.074   0.001   0.004   0.326   0.002   0.000   0.002   0.000 1636685000
18.84    4.06    53.578
18.84 18.00   0.864   1.718
18.84 18.00   2.582    65.342
18.84 18.00   2.305   1.261   2.582   0.487
18.84 18.00   2.308   1.255   2.582   0.480

18.85  0.00   0.441   0.434   0.032   0.074   0.001   0.004   0.326   0.002   0.000   0.002   0.000 1637553000
18.85    4.05    53.571
18.85 18.00   0.864   1.718
18.85 18.00   2.582    65.340
18.85 18.00   2.305   1.261   2.582   0.487
18.85 18.00   2.308   1.254   2.582   0.480

18.86  0.00   0.441   0.434   0.032   0.074   0.001   0.004   0.326   0.002   0.000   0.002   0.000 1638422000
18.86    4.05    53.565
18.86 18.00   0.864   1.718
18.86 18.00   2.582    65.338
18.86 18.00   2.305   1.261   2.582   0.487
18.86 18.00   2.307   1.254   2.582   0.480

18.87  0.00   0.441   0.434   0.032   0.074   0.001   0.004   0.326   0.002   0.000   0.002   0.000 1639291000
18.87    4.05    53.558
18.87 18.00   0.864   1.718
18.87 18.00   2.582    65.336
18.87 18.00   2.305   1.261   2.582   0.487
18.87 18.00   2.307   1.254   2.582   0.480

18.88  0.00   0.441   0.434   0.032   0.074   0.001   0.004   0.326   0.002   0.000   0.002   0.000 1640159000
18.88    4.05    53.551
18.88 18.00   0.863   1.718
18.88 18.00   2.582    65.334
18.88 18.00   2.305   1.261   2.582   0.487
18.88 18.00   2.307   1.254   2.582   0.480

18.89  0.00   0.441   0.434   0.032   0.074   0.001   0.004   0.326   0.002   0.000   0.002   0.000 1641028000
18.89    4.05    53.545
18.89 18.00   0.863   1.718
18.89 18.00   2.582    65.332
18.89 18.00   2.305   1.261   2.582   0.487
18.89 18.00   2.307   1.254   2.582   0.480

18.90  0.00   0.441   0.434   0.032   0.074   0.001   0.004   0.326   0.002   0.000   0.002   0.000 1641897000
18.90    4.05    53.538
18.90 18.00   0.863   1.718
18.90 18.00   2.581    65.330
18.90 18.00   2.305   1.261   2.581   0.487
18.90 18.00   2.307   1.254   2.581   0.480

18.91  0.00   0.441   0.434   0.032   0.074   0.001   0.004   0.326   0.002   0.000   0.002   0.000 1642766000
18.91    4.05    53.532
18.91 18.00   0.863   1.718
18.91 18.00   2.581    65.328
18.91 18.00   2.304   1.261   2.581   0.487
18.91 18.00   2.307   1.254   2.581   0.480

18.92  0.00   0.441   0.434   0.032   0.074   0.001   0.004   0.326   0.002   0.000   0.002   0.000 1643634000
18.92    4.05    53.525
18.92 18.00   0.863   1.718
18.92 18.00   2.581    65.326
18.92 18.00   2.304   1.261   2.581   0.487
18.92 18.00   2.306   1.254   2.581   0.480

18.93  0.00   0.441   0.434   0.032   0.074   0.001   0.004   0.326   0.002   0.000   0.002   0.000 1644503000
18.93    4.05    53.519
18.93 18.00   0.863   1.718
18.93 18.00   2.581    65.324
18.93 18.00   2.304   1.261   2.581   0.487
18.93 18.00   2.306   1.254   2.581   0.480

18.94  0.00   0.441   0.434   0.032   0.074   0.001   0.004   0.326   0.002   0.000   0.002   0.000 1645372000
18.94    4.05    53.512
18.94 18.00   0.862   1.718
18.94 18.00   2.581    65.322
18.94 18.00   2.304   1.261   2.581   0.487
18.94 18.00   2.306   1.254   2.581   0.480

18.95  0.00   0.441   0.434   0.032   0.074   0.001   0.004   0.326   0.002   0.000   0.002   0.000 1646241000
18.95    4.05    53.506
18.95 18.00   0.862   1.718
18.95 18.00   2.581    65.320
18.95 18.00   2.304   1.261   2.581   0.487
18.95 18.00   2.306   1.254   2.581   0.480

18.96  0.00   0.441   0.434   0.032   0.074   0.001   0.004   0.326   0.002   0.000   0.002   0.000 1647109000
18.96    4.05    53.499
18.96 18.00   0.862   1.718
18.96 18.00   2.580    65.318
18.96 18.00   2.304   1.261   2.580   0.487
18.96 18.00   2.306   1.254   2.580   0.480

18.97  0.00   0.441   0.434   0.032   0.074   0.001   0.004   0.326   0.002   0.000   0.002   0.000 1647978000
18.97    4.05    53.493
18.97 18.00   0.862   1.718
18.97 18.00   2.580    65.316
18.97 18.00   2.303   1.261   2.580   0.487
18.97 18.00   2.306   1.254   2.580   0.480

18.98  0.00   0.441   0.434   0.032   0.074   0.001   0.004   0.326   0.002   0.000   0.002   0.000 1648847000
18.98    4.05    53.486
18.98 18.00   0.862   1.718
18.98 18.00   2.580    65.314
18.98 18.00   2.303   1.261   2.580   0.487
18.98 18.00   2.306   1.254   2.580   0.480

18.99  0.00   0.441   0.434   0.032   0.074   0.001   0.004   0.326   0.002   0.000   0.002   0.000 1649715000
18.99    4.05    53.480
18.99 18.00   0.862   1.718
18.99 18.00   2.580    65.312
18.99 18.00   2.303   1.261   2.580   0.487
18.99 18.00   2.305   1.254   2.580   0.480

19.00  0.00   0.441   0.434   0.032   0.074   0.001   0.004   0.326   0.002   0.000   0.002   0.000 1650584000
19.00    4.04    53.473
19.00 18.00   0.861   1.718
19.00 18.00   2.580    65.309
19.00 18.00   2.303   1.261   2.580   0.487
19.00 18.00   2.305   1.254   2.580   0.480

19.01  0.00   0.441   0.434   0.032   0.074   0.001   0.004   0.326   0.002   0.000   0.002   0.000 1651453000
19.01    4.04    53.467
19.01 18.00   0.861   1.718
19.01 18.00   2.580    65.307
19.01 18.00   2.303   1.260   2.580   0.487
19.01 18.00   2.305   1.254   2.580   0.480

19.02  0.00   0.441   0.434   0.032   0.074   0.001   0.004   0.326   0.002   0.000   0.002   0.000 1652322000
19.02    4.04    53.460
19.02 18.00   0.861   1.718
19.02 18.00   2.580    65.305
19.02 18.00   2.303   1.260   2.580   0.487
19.02 18.00   2.305   1.253   2.580   0.480

19.03  0.00   0.441   0.434   0.032   0.074   0.001   0.004   0.326   0.002   0.000   0.002   0.000 1653190000
19.03    4.04    53.454
19.03 18.00   0.861   1.718
19.03 18.00   2.579    65.303
19.03 18.00   2.303   1.260   2.579   0.487
19.03 18.00   2.305   1.253   2.579   0.480

19.04  0.00   0.441   0.434   0.032   0.074   0.001   0.004   0.326   0.002   0.000   0.002   0.000 1654059000
19.04    4.04    53.447
19.04 18.00   0.861   1.718
19.04 18.00   2.579    65.301
19.04 18.00   2.302   1.260   2.579   0.487
19.04 18.00   2.305   1.253   2.579   0.480

19.05  0.00   0.441   0.434   0.032   0.074   0.001   0.004   0.326   0.002   0.000   0.002   0.000 1654928000
19.05    4.04    53.441
19.05 18.00   0.861   1.718
19.05 18.00   2.579    65.299
19.05 18.00   2.302   1.260   2.579   0.487
19.05 18.00   2.305   1.253   2.579   0.480

19.06  0.00   0.441   0.434   0.032   0.074   0.001   0.004   0.326   0.002   0.000   0.002   0.000 1655796000
19.06    4.04    53.434
19.06 18.00   0.861   1.718
19.06 18.00   2.579    65.297
19.06 18.00   2.302   1.260   2.579   0.487
19.06 18.00   2.304   1.253   2.579   0.480

19.07  0.00   0.441   0.434   0.032   0.074   0.001   0.004   0.326   0.002   0.000   0.002   0.000 1656665000
19.07    4.04    53.428
19.07 18.00   0.860   1.718
19.07 18.00   2.579    65.295
19.07 18.00   2.302   1.260   2.579   0.487
19.07 18.00   2.304   1.253   2.579   0.480

19.08  0.00   0.441   0.434   0.032   0.074   0.001   0.004   0.326   0.002   0.000   0.002   0.000 1657534000
19.08    4.04    53.421
19.08 18.00   0.860   1.718
19.08 18.00   2.579    65.293
19.08 18.00   2.302   1.260   2.579   0.487
19.08 18.00   2.304   1.253   2.579   0.480

19.09  0.00   0.441   0.434   0.032   0.074   0.001   0.004   0.326   0.002   0.000   0.002   0.000 1658403000
19.09    4.04    53.415
19.09 18.00   0.860   1.718
19.09 18.00   2.578    65.291
19.09 18.00   2.302   1.260   2.578   0.487
19.09 18.00   2.304   1.253   2.578   0.480

19.10  0.00   0.441   0.434   0.032   0.074   0.001   0.004   0.326   0.002   0.000   0.002   0.000 1659272000
19.10    4.04    53.408
19.10 18.00   0.860   1.718
19.10 18.00   2.578    65.289
19.10 18.00   2.302   1.260   2.578   0.487
19.10 18.00   2.304   1.253   2.578   0.480

19.11  0.00   0.441   0.434   0.032   0.074   0.001   0.004   0.326   0.002   0.000   0.002   0.000 1660140000
19.11    4.04    53.402
19.11 18.00   0.860   1.718
19.11 18.00   2.578    65.287
19.11 18.00   2.301   1.260   2.578   0.487
19.11 18.00   2.304   1.253   2.578   0.480

19.12  0.00   0.441   0.434   0.032   0.074   0.001   0.004   0.326   0.002   0.000   0.002   0.000 1661009000
19.12    4.04    53.395
19.12 18.00   0.860   1.718
19.12 18.00   2.578    65.285
19.12 18.00   2.301   1.260   2.578   0.487
19.12 18.00   2.304   1.253   2.578   0.480

19.13  0.00   0.441   0.434   0.032   0.074   0.001   0.004   0.326   0.002   0.000   0.002   0.000 1661878000
19.13    4.04    53.389
19.13 18.00   0.859   1.718
19.13 18.00   2.578    65.283
19.13 18.00   2.301   1.260   2.578   0.487
19.13 18.00   2.303   1.253   2.578   0.480

19.14  0.00   0.441   0.434   0.032   0.074   0.001   0.004   0.326   0.002   0.000   0.002   0.000 1662746000
19.14    4.04    53.383
19.14 18.00   0.859   1.718
19.14 18.00   2.578    65.281
19.14 18.00   2.301   1.260   2.578   0.487
19.14 18.00   2.303   1.253   2.578   0.480

19.15  0.00   0.441   0.434   0.032   0.074   0.001   0.004   0.326   0.002   0.000   0.002   0.000 1663615000
19.15    4.03    53.376
19.15 18.00   0.859   1.718
19.15 18.00   2.577    65.279
19.15 18.00   2.301   1.260   2.577   0.487
19.15 18.00   2.303   1.253   2.577   0.480

19.16  0.00   0.441   0.434   0.032   0.074   0.001   0.004   0.326   0.002   0.000   0.002   0.000 1664484000
19.16    4.03    53.370
19.16 18.00   0.859   1.718
19.16 18.00   2.577    65.277
19.16 18.00   2.301   1.260   2.577   0.487
19.16 18.00   2.303   1.253   2.577   0.480

19.17  0.00   0.440   0.434   0.032   0.074   0.001   0.004   0.326   0.002   0.000   0.002   0.000 1665353000
19.17    4.03    53.363
19.17 18.00   0.859   1.718
19.17 18.00   2.577    65.275
19.17 18.00   2.301   1.260   2.577   0.487
19.17 18.00   2.303   1.253   2.577   0.480

19.18  0.00   0.440   0.434   0.032   0.074   0.001   0.004   0.326   0.002   0.000   0.002   0.000 1666221000
19.18    4.03    53.357
19.18 18.00   0.859   1.718
19.18 18.00   2.577    65.273
19.18 18.00   2.300   1.259   2.577   0.487
19.18 18.00   2.303   1.253   2.577   0.480

19.19  0.00   0.440   0.434   0.032   0.074   0.001   0.004   0.326   0.002   0.000   0.002   0.000 1667090000
19.19    4.03    53.351
19.19 18.00   0.859   1.718
19.19 18.00   2.577    65.271
19.19 18.00   2.300   1.259   2.577   0.487
19.19 18.00   2.303   1.252   2.577   0.480

19.20  0.00   0.440   0.434   0.032   0.074   0.001   0.004   0.326   0.002   0.000   0.002   0.000 1667959000
19.20    4.03    53.344
19.20 18.00   0.858   1.718
19.20 18.00   2.577    65.269
19.20 18.00   2.300   1.259   2.577   0.487
19.20 18.00   2.302   1.252   2.577   0.480

19.21  0.00   0.440   0.434   0.032   0.074   0.001   0.004   0.326   0.002   0.000   0.002   0.000 1668827000
19.21    4.03    53.338
19.21 18.00   0.858   1.718
19.21 18.00   2.577    65.267
19.21 18.00   2.300   1.259   2.577   0.487
19.21 18.00   2.302   1.252   2.577   0.480

19.22  0.00   0.440   0.434   0.032   0.074   0.001   0.004   0.326   0.002   0.000   0.002   0.000 1669696000
19.22    4.03    53.331
19.22 18.00   0.858   1.718
19.22 18.00   2.576    65.265
19.22 18.00   2.300   1.259   2.576   0.487
19.22 18.00   2.302   1.252   2.576   0.480

19.23  0.00   0.440   0.434   0.032   0.074   0.001   0.004   0.326   0.002   0.000   0.002   0.000 1670565000
19.23    4.03    53.325
19.23 18.00   0.858   1.718
19.23 18.00   2.576    65.263
19.23 18.00   2.300   1.259   2.576   0.487
19.23 18.00   2.302   1.252   2.576   0.480

19.24  0.00   0.440   0.434   0.032   0.074   0.001   0.004   0.326   0.002   0.000   0.002   0.000 1671434000
19.24    4.03    53.319
19.24 18.00   0.858   1.718
19.24 18.00   2.576    65.261
19.24 18.00   2.300   1.259   2.576   0.487
19.24 18.00   2.302   1.252   2.576   0.480

19.25  0.00   0.440   0.434   0.032   0.074   0.001   0.004   0.326   0.002   0.000   0.002   0.000 1672302000
19.25    4.03    53.312
19.25 18.00   0.858   1.718
19.25 18.00   2.576    65.259
19.25 18.00   2.299   1.259   2.576   0.487
19.25 18.00   2.302   1.252   2.576   0.480

19.26  0.00   0.440   0.434   0.032   0.074   0.001   0.004   0.326   0.002   0.000   0.002   0.000 1673171000
19.26    4.03    53.306
19.26 18.00   0.857   1.718
19.26 18.00   2.576    65.257
19.26 18.00   2.299   1.259   2.576   0.487
19.26 18.00   2.301   1.252   2.576   0.480

19.27  0.00   0.440   0.434   0.032   0.074   0.001   0.004   0.326   0.002   0.000   0.002   0.000 1674040000
19.27    4.03    53.300
19.27 18.00   0.857   1.718
19.27 18.00   2.576    65.255
19.27 18.00   2.299   1.259   2.576   0.487
19.27 18.00   2.301   1.252   2.576   0.480

19.28  0.00   0.440   0.434   0.032   0.074   0.001   0.004   0.326   0.002   0.000   0.002   0.000 1674909000
19.28    4.03    53.293
19.28 18.00   0.857   1.718
19.28 18.00   2.575    65.253
19.28 18.00   2.299   1.259   2.575   0.487
19.28 18.00   2.301   1.252   2.575   0.480

19.29  0.00   0.440   0.434   0.032   0.074   0.001   0.004   0.326   0.002   0.000   0.002   0.000 1675777000
19.29    4.03    53.287
19.29 18.00   0.857   1.718
19.29 18.00   2.575    65.251
19.29 18.00   2.299   1.259   2.575   0.487
19.29 18.00   2.301   1.252   2.575   0.480

19.30  0.00   0.440   0.434   0.032   0.074   0.001   0.004   0.326   0.002   0.000   0.002   0.000 1676646000
19.30    4.03    53.281
19.30 18.00   0.857   1.718
19.30 18.00   2.575    65.249
19.30 18.00   2.299   1.259   2.575   0.487
19.30 18.00   2.301   1.252   2.575   0.480

19.31  0.00   0.440   0.434   0.032   0.074   0.001   0.004   0.326   0.002   0.000   0.002   0.000 1677515000
19.31    4.02    53.274
19.31 18.00   0.857   1.718
19.31 18.00   2.575    65.247
19.31 18.00   2.299   1.259   2.575   0.487
19.31 18.00   2.301   1.252   2.575   0.480

19.32  0.00   0.440   0.434   0.032   0.074   0.001   0.004   0.326   0.002   0.000   0.002   0.000 1678383000
19.32    4.02    53.268
19.32 18.00   0.856   1.718
19.32 18.00   2.575    65.245
19.32 18.00   2.298   1.259   2.575   0.487
19.32 18.00   2.301   1.252   2.575   0.480

19.33  0.00   0.440   0.434   0.032   0.074   0.001   0.004   0.326   0.002   0.000   0.002   0.000 1679252000
19.33    4.02    53.262
19.33 18.00   0.856   1.718
19.33 18.00   2.575    65.243
19.33 18.00   2.298   1.259   2.575   0.487
19.33 18.00   2.300   1.252   2.575   0.480

19.34  0.00   0.440   0.434   0.032   0.074   0.001   0.004   0.326   0.002   0.000   0.002   0.000 1680121000
19.34    4.02    53.255
19.34 18.00   0.856   1.718
19.34 18.00   2.575    65.241
19.34 18.00   2.298   1.259   2.575   0.487
19.34 18.00   2.300   1.252   2.575   0.480

19.35  0.00   0.440   0.434   0.032   0.074   0.001   0.004   0.326   0.002   0.000   0.002   0.000 1680990000
19.35    4.02    53.249
19.35 18.00   0.856   1.718
19.35 18.00   2.574    65.239
19.35 18.00   2.298   1.259   2.574   0.487
19.35 18.00   2.300   1.252   2.574   0.480

19.36  0.00   0.440   0.434   0.032   0.074   0.001   0.004   0.326   0.002   0.000   0.002   0.000 1681858000
19.36    4.02    53.243
19.36 18.00   0.856   1.718
19.36 18.00   2.574    65.237
19.36 18.00   2.298   1.258   2.574   0.487
19.36 18.00   2.300   1.252   2.574   0.480

19.37  0.00   0.440   0.434   0.032   0.074   0.001   0.004   0.326   0.002   0.000   0.002   0.000 1682727000
19.37    4.02    53.236
19.37 18.00   0.856   1.718
19.37 18.00   2.574    65.235
19.37 18.00   2.298   1.258   2.574   0.487
19.37 18.00   2.300   1.251   2.574   0.479

19.38  0.00   0.440   0.434   0.032   0.074   0.001   0.004   0.326   0.002   0.000   0.002   0.000 1683596000
19.38    4.02    53.230
19.38 18.00   0.856   1.718
19.38 18.00   2.574    65.233
19.38 18.00   2.298   1.258   2.574   0.487
19.38 18.00   2.300   1.251   2.574   0.479

19.39  0.00   0.440   0.434   0.032   0.074   0.001   0.004   0.326   0.002   0.000   0.002   0.000 1684465000
19.39    4.02    53.224
19.39 18.00   0.855   1.718
19.39 18.00   2.574    65.231
19.39 18.00   2.297   1.258   2.574   0.487
19.39 18.00   2.300   1.251   2.574   0.479

19.40  0.00   0.440   0.434   0.032   0.074   0.001   0.004   0.326   0.002   0.000   0.002   0.000 1685333000
19.40    4.02    53.217
19.40 18.00   0.855   1.718
19.40 18.00   2.574    65.229
19.40 18.00   2.297   1.258   2.574   0.487
19.40 18.00   2.299   1.251   2.574   0.479

19.41  0.00   0.440   0.434   0.032   0.074   0.001   0.004   0.326   0.002   0.000   0.002   0.000 1686202000
19.41    4.02    53.211
19.41 18.00   0.855   1.718
19.41 18.00   2.573    65.227
19.41 18.00   2.297   1.258   2.573   0.487
19.41 18.00   2.299   1.251   2.573   0.479

19.42  0.00   0.440   0.434   0.032   0.074   0.001   0.004   0.326   0.002   0.000   0.002   0.000 1687071000
19.42    4.02    53.205
19.42 18.00   0.855   1.718
19.42 18.00   2.573    65.225
19.42 18.00   2.297   1.258   2.573   0.487
19.42 18.00   2.299   1.251   2.573   0.479

19.43  0.00   0.440   0.434   0.032   0.074   0.001   0.004   0.326   0.002   0.000   0.002   0.000 1687940000
19.43    4.02    53.199
19.43 18.00   0.855   1.718
19.43 18.00   2.573    65.223
19.43 18.00   2.297   1.258   2.573   0.487
19.43 18.00   2.299   1.251   2.573   0.479

19.44  0.00   0.440   0.434   0.032   0.074   0.001   0.004   0.326   0.002   0.000   0.002   0.000 1688808000
19.44    4.02    53.192
19.44 18.00   0.855   1.718
19.44 18.00   2.573    65.222
19.44 18.00   2.297   1.258   2.573   0.487
19.44 18.00   2.299   1.251   2.573   0.479

19.45  0.00   0.440   0.434   0.032   0.074   0.001   0.004   0.326   0.002   0.000   0.002   0.000 1689677000
19.45    4.02    53.186
19.45 18.00   0.854   1.718
19.45 18.00   2.573    65.220
19.45 18.00   2.297   1.258   2.573   0.487
19.45 18.00   2.299   1.251   2.573   0.479

19.46  0.00   0.440   0.434   0.032   0.074   0.001   0.004   0.326   0.002   0.000   0.002   0.000 1690546000
19.46    4.02    53.180
19.46 18.00   0.854   1.718
19.46 18.00   2.573    65.218
19.46 18.00   2.296   1.258   2.573   0.487
19.46 18.00   2.299   1.251   2.573   0.479

19.47  0.00   0.440   0.434   0.032   0.074   0.001   0.004   0.326   0.002   0.000   0.002   0.000 1691414000
19.47    4.01    53.173
19.47 18.00   0.854   1.718
19.47 18.00   2.573    65.216
19.47 18.00   2.296   1.258   2.573   0.487
19.47 18.00   2.298   1.251   2.573   0.479

19.48  0.00   0.440   0.434   0.032   0.074   0.001   0.004   0.326   0.002   0.000   0.002   0.000 1692283000
19.48    4.01    53.167
19.48 18.00   0.854   1.718
19.48 18.00   2.572    65.214
19.48 18.00   2.296   1.258   2.572   0.487
19.48 18.00   2.298   1.251   2.572   0.479

19.49  0.00   0.440   0.434   0.032   0.074   0.001   0.004   0.326   0.002   0.000   0.002   0.000 1693152000
19.49    4.01    53.161
19.49 18.00   0.854   1.718
19.49 18.00   2.572    65.212
19.49 18.00   2.296   1.258   2.572   0.487
19.49 18.00   2.298   1.251   2.572   0.479

19.50  0.00   0.440   0.434   0.032   0.074   0.001   0.004   0.326   0.002   0.000   0.002   0.000 1694021000
19.50    4.01    53.155
19.50 18.00   0.854   1.718
19.50 18.00   2.572    65.210
19.50 18.00   2.296   1.258   2.572   0.487
19.50 18.00   2.298   1.251   2.572   0.479

19.51  0.00   0.440   0.434   0.032   0.074   0.001   0.004   0.326   0.002   0.000   0.002   0.000 1694889000
19.51    4.01    53.149
19.51 18.00   0.854   1.718
19.51 18.00   2.572    65.208
19.51 18.00   2.296   1.258   2.572   0.487
19.51 18.00   2.298   1.251   2.572   0.479

19.52  0.00   0.440   0.434   0.032   0.074   0.001   0.004   0.326   0.002   0.000   0.002   0.000 1695758000
19.52    4.01    53.142
19.52 18.00   0.853   1.718
19.52 18.00   2.572    65.206
19.52 18.00   2.296   1.258   2.572   0.487
19.52 18.00   2.298   1.251   2.572   0.479

19.53  0.00   0.440   0.434   0.032   0.074   0.001   0.004   0.326   0.002   0.000   0.002   0.000 1696627000
19.53    4.01    53.136
19.53 18.00   0.853   1.718
19.53 18.00   2.572    65.204
19.53 18.00   2.295   1.258   2.572   0.487
19.53 18.00   2.298   1.251   2.572   0.479

19.54  0.00   0.440   0.434   0.032   0.074   0.001   0.004   0.326   0.002   0.000   0.002   0.000 1697496000
19.54    4.01    53.130
19.54 18.00   0.853   1.718
19.54 18.00   2.571    65.202
19.54 18.00   2.295   1.257   2.571   0.487
19.54 18.00   2.297   1.251   2.571   0.479

19.55  0.00   0.440   0.434   0.032   0.074   0.001   0.004   0.326   0.002   0.000   0.002   0.000 1698364000
19.55    4.01    53.124
19.55 18.00   0.853   1.718
19.55 18.00   2.571    65.200
19.55 18.00   2.295   1.257   2.571   0.487
19.55 18.00   2.297   1.250   2.571   0.479

19.56  0.00   0.440   0.434   0.032   0.074   0.001   0.004   0.326   0.002   0.000   0.002   0.000 1699233000
19.56    4.01    53.117
19.56 18.00   0.853   1.718
19.56 18.00   2.571    65.198
19.56 18.00   2.295   1.257   2.571   0.487
19.56 18.00   2.297   1.250   2.571   0.479

19.57  0.00   0.440   0.434   0.032   0.074   0.001   0.004   0.326   0.002   0.000   0.002   0.000 1700102000
19.57    4.01    53.111
19.57 18.00   0.853   1.718
19.57 18.00   2.571    65.196
19.57 18.00   2.295   1.257   2.571   0.487
19.57 18.00   2.297   1.250   2.571   0.479

19.58  0.00   0.440   0.434   0.032   0.074   0.001   0.004   0.326   0.002   0.000   0.002   0.000 1700970000
19.58    4.01    53.105
19.58 18.00   0.853   1.718
19.58 18.00   2.571    65.194
19.58 18.00   2.295   1.257   2.571   0.487
19.58 18.00   2.297   1.250   2.571   0.479

19.59  0.00   0.440   0.434   0.032   0.074   0.001   0.004   0.326   0.002   0.000   0.002   0.000 1701839000
19.59    4.01    53.099
19.59 18.00   0.852   1.718
19.59 18.00   2.571    65.192
19.59 18.00   2.295   1.257   2.571   0.487
19.59 18.00   2.297   1.250   2.571   0.479

19.60  0.00   0.440   0.434   0.032   0.074   0.001   0.004   0.326   0.002   0.000   0.002   0.000 1702708000
19.60    4.01    53.093
19.60 18.00   0.852   1.718
19.60 18.00   2.571    65.190
19.60 18.00   2.294   1.257   2.571   0.487
19.60 18.00   2.297   1.250   2.571   0.479

19.61  0.00   0.440   0.434   0.032   0.074   0.001   0.004   0.326   0.002   0.000   0.002   0.000 1703577000
19.61    4.01    53.086
19.61 18.00   0.852   1.718
19.61 18.00   2.570    65.189
19.61 18.00   2.294   1.257   2.570   0.487
19.61 18.00   2.297   1.250   2.570   0.479

19.62  0.00   0.440   0.434   0.032   0.074   0.001   0.004   0.326   0.002   0.000   0.002   0.000 1704445000
19.62    4.01    53.080
19.62 18.00   0.852   1.718
19.62 18.00   2.570    65.187
19.62 18.00   2.294   1.257   2.570   0.487
19.62 18.00   2.296   1.250   2.570   0.479

19.63  0.00   0.440   0.433   0.032   0.074   0.001   0.004   0.326   0.002   0.000   0.002   0.000 1705314000
19.63    4.00    53.074
19.63 18.00   0.852   1.718
19.63 18.00   2.570    65.185
19.63 18.00   2.294   1.257   2.570   0.487
19.63 18.00   2.296   1.250   2.570   0.479

19.64  0.00   0.440   0.433   0.032   0.074   0.001   0.004   0.326   0.002   0.000   0.002   0.000 1706183000
19.64    4.00    53.068
19.64 18.00   0.852   1.718
19.64 18.00   2.570    65.183
19.64 18.00   2.294   1.257   2.570   0.487
19.64 18.00   2.296   1.250   2.570   0.479

19.65  0.00   0.440   0.433   0.032   0.074   0.001   0.004   0.326   0.002   0.000   0.002   0.000 1707052000
19.65    4.00    53.062
19.65 18.00   0.851   1.718
19.65 18.00   2.570    65.181
19.65 18.00   2.294   1.257   2.570   0.487
19.65 18.00   2.296   1.250   2.570   0.479

19.66  0.00   0.440   0.433   0.032   0.074   0.001   0.004   0.326   0.002   0.000   0.002   0.000 1707920000
19.66    4.00    53.056
19.66 18.00   0.851   1.718
19.66 18.00   2.570    65.179
19.66 18.00   2.294   1.257   2.570   0.487
19.66 18.00   2.296   1.250   2.570   0.479

19.67  0.00   0.440   0.433   0.032   0.074   0.001   0.004   0.326   0.002   0.000   0.002   0.000 1708789000
19.67    4.00    53.049
19.67 18.00   0.851   1.718
19.67 18.00   2.570    65.177
19.67 18.00   2.293   1.257   2.570   0.487
19.67 18.00   2.296   1.250   2.570   0.479

19.68  0.00   0.440   0.433   0.032   0.074   0.001   0.004   0.326   0.002   0.000   0.002   0.000 1709658000
19.68    4.00    53.043
19.68 18.00   0.851   1.718
19.68 18.00   2.569    65.175
19.68 18.00   2.293   1.257   2.569   0.487
19.68 18.00   2.296   1.250   2.569   0.479

19.69  0.00   0.440   0.433   0.032   0.074   0.001   0.004   0.326   0.002   0.000   0.002   0.000 1710526000
19.69    4.00    53.037
19.69 18.00   0.851   1.718
19.69 18.00   2.569    65.173
19.69 18.00   2.293   1.257   2.569   0.487
19.69 18.00   2.295   1.250   2.569   0.479

19.70  0.00   0.440   0.433   0.032   0.074   0.001   0.004   0.326   0.002   0.000   0.002   0.000 1711395000
19.70    4.00    53.031
19.70 18.00   0.851   1.718
19.70 18.00   2.569    65.171
19.70 18.00   2.293   1.257   2.569   0.487
19.70 18.00   2.295   1.250   2.569   0.479

19.71  0.00   0.440   0.433   0.032   0.074   0.001   0.004   0.326   0.002   0.000   0.002   0.000 1712264000
19.71    4.00    53.025
19.71 18.00   0.851   1.718
19.71 18.00   2.569    65.169
19.71 18.00   2.293   1.257   2.569   0.487
19.71 18.00   2.295   1.250   2.569   0.479

19.72  0.00   0.440   0.433   0.032   0.074   0.001   0.004   0.326   0.002   0.000   0.002   0.000 1713133000
19.72    4.00    53.019
19.72 18.00   0.850   1.718
19.72 18.00   2.569    65.167
19.72 18.00   2.293   1.256   2.569   0.486
19.72 18.00   2.295   1.250   2.569   0.479

19.73  0.00   0.440   0.433   0.032   0.074   0.001   0.004   0.326   0.002   0.000   0.002   0.000 1714001000
19.73    4.00    53.013
19.73 18.00   0.850   1.718
19.73 18.00   2.569    65.166
19.73 18.00   2.293   1.256   2.569   0.486
19.73 18.00   2.295   1.249   2.569   0.479

19.74  0.00   0.440   0.433   0.032   0.074   0.001   0.004   0.326   0.002   0.000   0.002   0.000 1714870000
19.74    4.00    53.006
19.74 18.00   0.850   1.718
19.74 18.00   2.568    65.164
19.74 18.00   2.292   1.256   2.568   0.486
19.74 18.00   2.295   1.249   2.568   0.479

19.75  0.00   0.440   0.433   0.032   0.074   0.001   0.004   0.326   0.002   0.000   0.002   0.000 1715739000
19.75    4.00    53.000
19.75 18.00   0.850   1.718
19.75 18.00   2.568    65.162
19.75 18.00   2.292   1.256   2.568   0.486
19.75 18.00   2.295   1.249   2.568   0.479

19.76  0.00   0.440   0.433   0.032   0.074   0.001   0.004   0.326   0.002   0.000   0.002   0.000 1716608000
19.76    4.00    52.994
19.76 18.00   0.850   1.718
19.76 18.00   2.568    65.160
19.76 18.00   2.292   1.256   2.568   0.486
19.76 18.00   2.294   1.249   2.568   0.479

19.77  0.00   0.440   0.433   0.032   0.074   0.001   0.004   0.326   0.002   0.000   0.002   0.000 1717476000
19.77    4.00    52.988
19.77 18.00   0.850   1.718
19.77 18.00   2.568    65.158
19.77 18.00   2.292   1.256   2.568   0.486
19.77 18.00   2.294   1.249   2.568   0.479

19.78  0.00   0.440   0.433   0.032   0.074   0.001   0.004   0.326   0.002   0.000   0.002   0.000 1718345000
19.78    4.00    52.982
19.78 18.00   0.850   1.718
19.78 18.00   2.568    65.156
19.78 18.00   2.292   1.256   2.568   0.486
19.78 18.00   2.294   1.249   2.568   0.479

19.79  0.00   0.440   0.433   0.032   0.074   0.001   0.004   0.326   0.002   0.000   0.002   0.000 1719214000
19.79    3.99    52.976
19.79 18.00   0.849   1.718
19.79 18.00   2.568    65.154
19.79 18.00   2.292   1.256   2.568   0.486
19.79 18.00   2.294   1.249   2.568   0.479

19.80  0.00   0.440   0.433   0.032   0.074   0.001   0.004   0.326   0.002   0.000   0.002   0.000 1720082000
19.80    3.99    52.970
19.80 18.00   0.849   1.718
19.80 18.00   2.568    65.152
19.80 18.00   2.292   1.256   2.568   0.486
19.80 18.00   2.294   1.249   2.568   0.479

19.81  0.00   0.440   0.433   0.032   0.074   0.001   0.004   0.326   0.002   0.000   0.002   0.000 1720951000
19.81    3.99    52.964
19.81 18.00   0.849   1.718
19.81 18.00   2.567    65.150
19.81 18.00   2.291   1.256   2.567   0.486
19.81 18.00   2.294   1.249   2.567   0.479

19.82  0.00   0.440   0.433   0.032   0.074   0.001   0.004   0.326   0.002   0.000   0.002   0.000 1721820000
19.82    3.99    52.958
19.82 18.00   0.849   1.718
19.82 18.00   2.567    65.149
19.82 18.00   2.291   1.256   2.567   0.486
19.82 18.00   2.294   1.249   2.567   0.479

19.83  0.00   0.440   0.433   0.032   0.074   0.001   0.004   0.326   0.002   0.000   0.002   0.000 1722689000
19.83    3.99    52.951
19.83 18.00   0.849   1.718
19.83 18.00   2.567    65.147
19.83 18.00   2.291   1.256   2.567   0.486
19.83 18.00   2.293   1.249   2.567   0.479

19.84  0.00   0.440   0.433   0.032   0.074   0.001   0.004   0.326   0.002   0.000   0.002   0.000 1723557000
19.84    3.99    52.945
19.84 18.00   0.849   1.718
19.84 18.00   2.567    65.145
19.84 18.00   2.291   1.256   2.567   0.486
19.84 18.00   2.293   1.249   2.567   0.479

19.85  0.00   0.440   0.433   0.032   0.074   0.001   0.004   0.326   0.002   0.000   0.002   0.000 1724426000
19.85    3.99    52.939
19.85 18.00   0.849   1.718
19.85 18.00   2.567    65.143
19.85 18.00   2.291   1.256   2.567   0.486
19.85 18.00   2.293   1.249   2.567   0.479

19.86  0.00   0.440   0.433   0.032   0.074   0.001   0.004   0.326   0.002   0.000   0.002   0.000 1725295000
19.86    3.99    52.933
19.86 18.00   0.848   1.718
19.86 18.00   2.567    65.141
19.86 18.00   2.291   1.256   2.567   0.486
19.86 18.00   2.293   1.249   2.567   0.479

19.87  0.00   0.440   0.433   0.032   0.074   0.001   0.004   0.326   0.002   0.000   0.002   0.000 1726164000
19.87    3.99    52.927
19.87 18.00   0.848   1.718
19.87 18.00   2.567    65.139
19.87 18.00   2.291   1.256   2.567   0.486
19.87 18.00   2.293   1.249   2.567   0.479

19.88  0.00   0.440   0.433   0.032   0.074   0.001   0.004   0.326   0.002   0.000   0.002   0.000 1727032000
19.88    3.99    52.921
19.88 18.00   0.848   1.718
19.88 18.00   2.566    65.137
19.88 18.00   2.291   1.256   2.566   0.486
19.88 18.00   2.293   1.249   2.566   0.479

19.89  0.00   0.440   0.433   0.032   0.074   0.001   0.004   0.326   0.002   0.000   0.002   0.000 1727901000
19.89    3.99    52.915
19.89 18.00   0.848   1.718
19.89 18.00   2.566    65.135
19.89 18.00   2.290   1.256   2.566   0.486
19.89 18.00   2.293   1.249   2.566   0.479

19.90  0.00   0.440   0.433   0.032   0.074   0.001   0.004   0.326   0.002   0.000   0.002   0.000 1728770000
19.90    3.99    52.909
19.90 18.00   0.848   1.718
19.90 18.00   2.566    65.133
19.90 18.00   2.290   1.256   2.566   0.486
19.90 18.00   2.293   1.249   2.566   0.479

19.91  0.00   0.440   0.433   0.032   0.074   0.001   0.004   0.326   0.002   0.000   0.002   0.000 1729639000
19.91    3.99    52.903
19.91 18.00   0.848   1.718
19.91 18.00   2.566    65.132
19.91 18.00   2.290   1.255   2.566   0.486
19.91 18.00   2.292   1.249   2.566   0.479

19.92  0.00   0.440   0.433   0.032   0.074   0.001   0.004   0.326   0.002   0.000   0.002   0.000 1730507000
19.92    3.99    52.897
19.92 18.00   0.848   1.718
19.92 18.00   2.566    65.130
19.92 18.00   2.290   1.255   2.566   0.486
19.92 18.00   2.292   1.248   2.566   0.479

19.93  0.00   0.440   0.433   0.032   0.074   0.001   0.004   0.326   0.002   0.000   0.002   0.000 1731376000
19.93    3.99    52.891
19.93 18.00   0.847   1.718
19.93 18.00   2.566    65.128
19.93 18.00   2.290   1.255   2.566   0.486
19.93 18.00   2.292   1.248   2.566   0.479

19.94  0.00   0.440   0.433   0.032   0.074   0.001   0.004   0.326   0.002   0.000   0.002   0.000 1732245000
19.94    3.99    52.885
19.94 18.00   0.847   1.718
19.94 18.00   2.566    65.126
19.94 18.00   2.290   1.255   2.566   0.486
19.94 18.00   2.292   1.248   2.566   0.479

19.95  0.00   0.440   0.433   0.032   0.074   0.001   0.004   0.326   0.002   0.000   0.002   0.000 1733113000
19.95    3.99    52.879
19.95 18.00   0.847   1.718
19.95 18.00   2.565    65.124
19.95 18.00   2.290   1.255   2.565   0.486
19.95 18.00   2.292   1.248   2.565   0.479

19.96  0.00   0.440   0.433   0.032   0.074   0.001   0.004   0.326   0.002   0.000   0.002   0.000 1733982000
19.96    3.98    52.873
19.96 18.00   0.847   1.718
19.96 18.00   2.565    65.122
19.96 18.00   2.289   1.255   2.565   0.486
19.96 18.00   2.292   1.248   2.565   0.479

19.97  0.00   0.440   0.433   0.032   0.074   0.001   0.004   0.326   0.002   0.000   0.002   0.000 1734851000
19.97    3.98    52.867
19.97 18.00   0.847   1.718
19.97 18.00   2.565    65.120
19.97 18.00   2.289   1.255   2.565   0.486
19.97 18.00   2.292   1.248   2.565   0.479

19.98  0.00   0.440   0.433   0.032   0.074   0.001   0.004   0.326   0.002   0.000   0.002   0.000 1735720000
19.98    3.98    52.861
19.98 18.00   0.847   1.718
19.98 18.00   2.565    65.119
19.98 18.00   2.289   1.255   2.565   0.486
19.98 18.00   2.291   1.248   2.565   0.479

19.99  0.00   0.440   0.433   0.032   0.074   0.001   0.004   0.326   0.002   0.000   0.002   0.000 1736588000
19.99    3.98    52.855
19.99 18.00   0.846   1.718
19.99 18.00   2.565    65.117
19.99 18.00   2.289   1.255   2.565   0.486
19.99 18.00   2.291   1.248   2.565   0.479

20.00  0.00   0.440   0.433   0.032   0.074   0.001   0.004   0.326   0.002   0.000   0.002   0.000 1737457000
20.00    3.98    52.849
20.00 18.00   0.846   1.718
20.00 18.00   2.565    65.115
20.00 18.00   2.289   1.255   2.565   0.486
20.00 18.00   2.291   1.248   2.565   0.479

20.01  0.00   0.440   0.433   0.032   0.074   0.001   0.004   0.326   0.002   0.000   0.002   0.000 1738326000
20.01    3.98    52.843
20.01 18.00   0.846   1.718
20.01 18.00   2.565    65.113
20.01 18.00   2.289   1.255   2.565   0.486
20.01 18.00   2.291   1.248   2.565   0.479

20.02  0.00   0.440   0.433   0.032   0.074   0.001   0.004   0.326   0.002   0.000   0.002   0.000 1739194000
20.02    3.98    52.837
20.02 18.00   0.846   1.718
20.02 18.00   2.564    65.111
20.02 18.00   2.289   1.255   2.564   0.486
20.02 18.00   2.291   1.248   2.564   0.479

20.03  0.00   0.440   0.433   0.032   0.074   0.001   0.004   0.326   0.002   0.000   0.002   0.000 1740063000
20.03    3.98    52.831
20.03 18.00   0.846   1.718
20.03 18.00   2.564    65.109
20.03 18.00   2.289   1.255   2.564   0.486
20.03 18.00   2.291   1.248   2.564   0.479

20.04  0.00   0.440   0.433   0.032   0.074   0.001   0.004   0.326   0.002   0.000   0.002   0.000 1740932000
20.04    3.98    52.825
20.04 18.00   0.846   1.718
20.04 18.00   2.564    65.107
20.04 18.00   2.288   1.255   2.564   0.486
20.04 18.00   2.291   1.248   2.564   0.479

20.05  0.00   0.440   0.433   0.032   0.074   0.001   0.004   0.326   0.002   0.000   0.002   0.000 1741801000
20.05    3.98    52.819
20.05 18.00   0.846   1.718
20.05 18.00   2.564    65.106
20.05 18.00   2.288   1.255   2.564   0.486
20.05 18.00   2.290   1.248   2.564   0.479

20.06  0.00   0.440   0.433   0.032   0.074   0.001   0.004   0.326   0.002   0.000   0.002   0.000 1742669000
20.06    3.98    52.813
20.06 18.00   0.845   1.718
20.06 18.00   2.564    65.104
20.06 18.00   2.288   1.255   2.564   0.486
20.06 18.00   2.290   1.248   2.564   0.479

20.07  0.00   0.440   0.433   0.032   0.074   0.001   0.004   0.326   0.002   0.000   0.002   0.000 1743538000
20.07    3.98    52.807
20.07 18.00   0.845   1.718
20.07 18.00   2.564    65.102
20.07 18.00   2.288   1.255   2.564   0.486
20.07 18.00   2.290   1.248   2.564   0.479

20.08  0.00   0.440   0.433   0.032   0.074   0.001   0.004   0.326   0.002   0.000   0.002   0.000 1744407000
20.08    3.98    52.801
20.08 18.00   0.845   1.718
20.08 18.00   2.564    65.100
20.08 18.00   2.288   1.255   2.564   0.486
20.08 18.00   2.290   1.248   2.564   0.479

20.09  0.00   0.440   0.433   0.032   0.074   0.001   0.004   0.326   0.002   0.000   0.002   0.000 1745276000
20.09    3.98    52.795
20.09 18.00   0.845   1.718
20.09 18.00   2.563    65.098
20.09 18.00   2.288   1.255   2.563   0.486
20.09 18.00   2.290   1.248   2.563   0.479

20.10  0.00   0.440   0.433   0.032   0.074   0.001   0.004   0.326   0.002   0.000   0.002   0.000 1746144000
20.10    3.98    52.789
20.10 18.00   0.845   1.718
20.10 18.00   2.563    65.096
20.10 18.00   2.288   1.254   2.563   0.486
20.10 18.00   2.290   1.248   2.563   0.479

20.11  0.00   0.440   0.433   0.032   0.074   0.001   0.004   0.326   0.002   0.000   0.002   0.000 1747013000
20.11    3.98    52.783
20.11 18.00   0.845   1.718
20.11 18.00   2.563    65.095
20.11 18.00   2.287   1.254   2.563   0.486
20.11 18.00   2.290   1.247   2.563   0.479

20.12  0.00   0.440   0.433   0.032   0.074   0.001   0.004   0.326   0.002   0.000   0.002   0.000 1747882000
20.12    3.98    52.777
20.12 18.00   0.845   1.718
20.12 18.00   2.563    65.093
20.12 18.00   2.287   1.254   2.563   0.486
20.12 18.00   2.290   1.247   2.563   0.479

20.13  0.00   0.440   0.433   0.032   0.074   0.001   0.004   0.326   0.002   0.000   0.002   0.000 1748750000
20.13    3.97    52.771
20.13 18.00   0.844   1.718
20.13 18.00   2.563    65.091
20.13 18.00   2.287   1.254   2.563   0.486
20.13 18.00   2.289   1.247   2.563   0.479

20.14  0.00   0.440   0.433   0.032   0.074   0.001   0.004   0.326   0.002   0.000   0.002   0.000 1749619000
20.14    3.97    52.765
20.14 18.00   0.844   1.718
20.14 18.00   2.563    65.089
20.14 18.00   2.287   1.254   2.563   0.486
20.14 18.00   2.289   1.247   2.563   0.479

20.15  0.00   0.440   0.433   0.032   0.074   0.001   0.004   0.326   0.002   0.000   0.002   0.000 1750488000
20.15    3.97    52.759
20.15 18.00   0.844   1.718
20.15 18.00   2.563    65.087
20.15 18.00   2.287   1.254   2.563   0.486
20.15 18.00   2.289   1.247   2.563   0.479

20.16  0.00   0.440   0.433   0.032   0.074   0.001   0.004   0.326   0.002   0.000   0.002   0.000 1751357000
20.16    3.97    52.753
20.16 18.00   0.844   1.718
20.16 18.00   2.562    65.085
20.16 18.00   2.287   1.254   2.562   0.486
20.16 18.00   2.289   1.247   2.562   0.479

20.17  0.00   0.440   0.433   0.032   0.074   0.001   0.004   0.326   0.002   0.000   0.002   0.000 1752225000
20.17    3.97    52.747
20.17 18.00   0.844   1.718
20.17 18.00   2.562    65.084
20.17 18.00   2.287   1.254   2.562   0.486
20.17 18.00   2.289   1.247   2.562   0.479

20.18  0.00   0.440   0.433   0.032   0.074   0.001   0.004   0.326   0.002   0.000   0.002   0.000 1753094000
20.18    3.97    52.741
20.18 18.00   0.844   1.718
20.18 18.00   2.562    65.082
20.18 18.00   2.287   1.254   2.562   0.486
20.18 18.00   2.289   1.247   2.562   0.479

20.19  0.00   0.440   0.433   0.032   0.074   0.001   0.004   0.326   0.002   0.000   0.002   0.000 1753963000
20.19    3.97    52.735
20.19 18.00   0.844   1.718
20.19 18.00   2.562    65.080
20.19 18.00   2.286   1.254   2.562   0.486
20.19 18.00   2.289   1.247   2.562   0.479

20.20  0.00   0.440   0.433   0.032   0.074   0.001   0.004   0.326   0.002   0.000   0.002   0.000 1754832000
20.20    3.97    52.729
20.20 18.00   0.843   1.718
20.20 18.00   2.562    65.078
20.20 18.00   2.286   1.254   2.562   0.486
20.20 18.00   2.289   1.247   2.562   0.479

20.21  0.00   0.440   0.433   0.032   0.074   0.001   0.004   0.326   0.002   0.000   0.002   0.000 1755700000
20.21    3.97    52.723
20.21 18.00   0.843   1.718
20.21 18.00   2.562    65.076
20.21 18.00   2.286   1.254   2.562   0.486
20.21 18.00   2.288   1.247   2.562   0.479

20.22  0.00   0.440   0.433   0.032   0.074   0.001   0.004   0.325   0.002   0.000   0.002   0.000 1756569000
20.22    3.97    52.717
20.22 18.00   0.843   1.718
20.22 18.00   2.562    65.074
20.22 18.00   2.286   1.254   2.562   0.486
20.22 18.00   2.288   1.247   2.562   0.479

20.23  0.00   0.440   0.433   0.032   0.074   0.001   0.004   0.325   0.002   0.000   0.002   0.000 1757438000
20.23    3.97    52.712
20.23 18.00   0.843   1.718
20.23 18.00   2.561    65.073
20.23 18.00   2.286   1.254   2.561   0.486
20.23 18.00   2.288   1.247   2.561   0.479

20.24  0.00   0.440   0.433   0.032   0.074   0.001   0.004   0.325   0.002   0.000   0.002   0.000 1758307000
20.24    3.97    52.706
20.24 18.00   0.843   1.718
20.24 18.00   2.561    65.071
20.24 18.00   2.286   1.254   2.561   0.486
20.24 18.00   2.288   1.247   2.561   0.479

20.25  0.00   0.440   0.433   0.032   0.074   0.001   0.004   0.325   0.002   0.000   0.002   0.000 1759175000
20.25    3.97    52.700
20.25 18.00   0.843   1.718
20.25 18.00   2.561    65.069
20.25 18.00   2.286   1.254   2.561   0.486
20.25 18.00   2.288   1.247   2.561   0.479

20.26  0.00   0.440   0.433   0.032   0.074   0.001   0.004   0.325   0.002   0.000   0.002   0.000 1760044000
20.26    3.97    52.694
20.26 18.00   0.843   1.718
20.26 18.00   2.561    65.067
20.26 18.00   2.285   1.254   2.561   0.486
20.26 18.00   2.288   1.247   2.561   0.479

20.27  0.00   0.440   0.433   0.032   0.074   0.001   0.004   0.325   0.002   0.000   0.002   0.000 1760913000
20.27    3.97    52.688
20.27 18.00   0.843   1.718
20.27 18.00   2.561    65.065
20.27 18.00   2.285   1.254   2.561   0.486
20.27 18.00   2.288   1.247   2.561   0.479

20.28  0.00   0.440   0.433   0.032   0.074   0.001   0.004   0.325   0.002   0.000   0.002   0.000 1761782000
20.28    3.97    52.682
20.28 18.00   0.842   1.718
20.28 18.00   2.561    65.064
20.28 18.00   2.285   1.254   2.561   0.486
20.28 18.00   2.287   1.247   2.561   0.479

20.29  0.00   0.440   0.433   0.032   0.074   0.001   0.004   0.325   0.002   0.000   0.002   0.000 1762650000
20.29    3.97    52.676
20.29 18.00   0.842   1.718
20.29 18.00   2.561    65.062
20.29 18.00   2.285   1.253   2.561   0.486
20.29 18.00   2.287   1.247   2.561   0.479

20.30  0.00   0.440   0.433   0.032   0.074   0.001   0.004   0.325   0.002   0.000   0.002   0.000 1763519000
20.30    3.96    52.670
20.30 18.00   0.842   1.718
20.30 18.00   2.560    65.060
20.30 18.00   2.285   1.253   2.560   0.486
20.30 18.00   2.287   1.246   2.560   0.479

20.31  0.00   0.440   0.433   0.032   0.074   0.001   0.004   0.325   0.002   0.000   0.002   0.000 1764388000
20.31    3.96    52.664
20.31 18.00   0.842   1.718
20.31 18.00   2.560    65.058
20.31 18.00   2.285   1.253   2.560   0.486
20.31 18.00   2.287   1.246   2.560   0.479

20.32  0.00   0.440   0.433   0.032   0.074   0.001   0.004   0.325   0.002   0.000   0.002   0.000 1765256000
20.32    3.96    52.659
20.32 18.00   0.842   1.718
20.32 18.00   2.560    65.056
20.32 18.00   2.285   1.253   2.560   0.486
20.32 18.00   2.287   1.246   2.560   0.479

20.33  0.00   0.440   0.433   0.032   0.074   0.001   0.004   0.325   0.002   0.000   0.002   0.000 1766125000
20.33    3.96    52.653
20.33 18.00   0.842   1.718
20.33 18.00   2.560    65.055
20.33 18.00   2.285   1.253   2.560   0.486
20.33 18.00   2.287   1.246   2.560   0.479

20.34  0.00   0.440   0.433   0.032   0.074   0.001   0.004   0.325   0.002   0.000   0.002   0.000 1766994000
20.34    3.96    52.647
20.34 18.00   0.842   1.718
20.34 18.00   2.560    65.053
20.34 18.00   2.284   1.253   2.560   0.486
20.34 18.00   2.287   1.246   2.560   0.479

20.35  0.00   0.440   0.433   0.032   0.074   0.001   0.004   0.325   0.002   0.000   0.002   0.000 1767863000
20.35    3.96    52.641
20.35 18.00   0.841   1.718
20.35 18.00   2.560    65.051
20.35 18.00   2.284   1.253   2.560   0.486
20.35 18.00   2.287   1.246   2.560   0.479

20.36  0.00   0.440   0.433   0.032   0.074   0.001   0.004   0.325   0.002   0.000   0.002   0.000 1768731000
20.36    3.96    52.635
20.36 18.00   0.841   1.718
20.36 18.00   2.560    65.049
20.36 18.00   2.284   1.253   2.560   0.486
20.36 18.00   2.286   1.246   2.560   0.479

20.37  0.00   0.440   0.433   0.032   0.074   0.001   0.004   0.325   0.002   0.000   0.002   0.000 1769600000
20.37    3.96    52.629
20.37 18.00   0.841   1.718
20.37 18.00   2.559    65.047
20.37 18.00   2.284   1.253   2.559   0.486
20.37 18.00   2.286   1.246   2.559   0.479

20.38  0.00   0.440   0.433   0.032   0.074   0.001   0.004   0.325   0.002   0.000   0.002   0.000 1770469000
20.38    3.96    52.623
20.38 18.00   0.841   1.718
20.38 18.00   2.559    65.046
20.38 18.00   2.284   1.253   2.559   0.486
20.38 18.00   2.286   1.246   2.559   0.479

20.39  0.00   0.440   0.433   0.032   0.074   0.001   0.004   0.325   0.002   0.000   0.002   0.000 1771337000
20.39    3.96    52.618
20.39 18.00   0.841   1.718
20.39 18.00   2.559    65.044
20.39 18.00   2.284   1.253   2.559   0.486
20.39 18.00   2.286   1.246   2.559   0.479

20.40  0.00   0.440   0.433   0.032   0.074   0.001   0.004   0.325   0.002   0.000   0.002   0.000 1772206000
20.40    3.96    52.612
20.40 18.00   0.841   1.718
20.40 18.00   2.559    65.042
20.40 18.00   2.284   1.253   2.559   0.486
20.40 18.00   2.286   1.246   2.559   0.479

20.41  0.00   0.440   0.433   0.032   0.074   0.001   0.004   0.325   0.002   0.000   0.002   0.000 1773075000
20.41    3.96    52.606
20.41 18.00   0.841   1.718
20.41 18.00   2.559    65.040
20.41 18.00   2.283   1.253   2.559   0.486
20.41 18.00   2.286   1.246   2.559   0.479

20.42  0.00   0.440   0.433   0.032   0.074   0.001   0.004   0.325   0.002   0.000   0.002   0.000 1773944000
20.42    3.96    52.600
20.42 18.00   0.840   1.718
20.42 18.00   2.559    65.038
20.42 18.00   2.283   1.253   2.559   0.486
20.42 18.00   2.286   1.246   2.559   0.479

20.43  0.00   0.439   0.433   0.032   0.074   0.001   0.004   0.325   0.002   0.000   0.002   0.000 1774812000
20.43    3.96    52.594
20.43 18.00   0.840   1.718
20.43 18.00   2.559    65.037
20.43 18.00   2.283   1.253   2.559   0.486
20.43 18.00   2.285   1.246   2.559   0.479

20.44  0.00   0.439   0.433   0.032   0.074   0.001   0.004   0.325   0.002   0.000   0.002   0.000 1775681000
20.44    3.96    52.588
20.44 18.00   0.840   1.718
20.44 18.00   2.558    65.035
20.44 18.00   2.283   1.253   2.558   0.486
20.44 18.00   2.285   1.246   2.558   0.479

20.45  0.00   0.439   0.433   0.032   0.074   0.001   0.004   0.325   0.002   0.000   0.002   0.000 1776550000
20.45    3.96    52.583
20.45 18.00   0.840   1.718
20.45 18.00   2.558    65.033
20.45 18.00   2.283   1.253   2.558   0.486
20.45 18.00   2.285   1.246   2.558   0.479

20.46  0.00   0.439   0.433   0.032   0.074   0.001   0.004   0.325   0.002   0.000   0.002   0.000 1777418000
20.46    3.96    52.577
20.46 18.00   0.840   1.718
20.46 18.00   2.558    65.031
20.46 18.00   2.283   1.253   2.558   0.486
20.46 18.00   2.285   1.246   2.558   0.479

20.47  0.00   0.439   0.433   0.032   0.074   0.001   0.004   0.325   0.002   0.000   0.002   0.000 1778287000
20.47    3.96    52.571
20.47 18.00   0.840   1.718
20.47 18.00   2.558    65.030
20.47 18.00   2.283   1.253   2.558   0.486
20.47 18.00   2.285   1.246   2.558   0.479

20.48  0.00   0.439   0.433   0.032   0.074   0.001   0.004   0.325   0.002   0.000   0.002   0.000 1779156000
20.48    3.95    52.565
20.48 18.00   0.840   1.718
20.48 18.00   2.558    65.028
20.48 18.00   2.283   1.253   2.558   0.486
20.48 18.00   2.285   1.246   2.558   0.479

20.49  0.00   0.439   0.433   0.032   0.074   0.001   0.004   0.325   0.002   0.000   0.002   0.000 1780025000
20.49    3.95    52.559
20.49 18.00   0.839   1.718
20.49 18.00   2.558    65.026
20.49 18.00   2.282   1.252   2.558   0.486
20.49 18.00   2.285   1.246   2.558   0.479

20.50  0.00   0.439   0.433   0.032   0.074   0.001   0.004   0.325   0.002   0.000   0.002   0.000 1780893000
20.50    3.95    52.553
20.50 18.00   0.839   1.718
20.50 18.00   2.558    65.024
20.50 18.00   2.282   1.252   2.558   0.486
20.50 18.00   2.285   1.245   2.558   0.479

20.51  0.00   0.439   0.433   0.032   0.074   0.001   0.004   0.325   0.002   0.000   0.002   0.000 1781762000
20.51    3.95    52.548
20.51 18.00   0.839   1.718
20.51 18.00   2.558    65.022
20.51 18.00   2.282   1.252   2.558   0.486
20.51 18.00   2.284   1.245   2.558   0.479

20.52  0.00   0.439   0.433   0.032   0.074   0.001   0.004   0.325   0.002   0.000   0.002   0.000 1782631000
20.52    3.95    52.542
20.52 18.00   0.839   1.718
20.52 18.00   2.557    65.021
20.52 18.00   2.282   1.252   2.557   0.486
20.52 18.00   2.284   1.245   2.557   0.478

20.53  0.00   0.439   0.433   0.032   0.074   0.001   0.004   0.325   0.002   0.000   0.002   0.000 1783500000
20.53    3.95    52.536
20.53 18.00   0.839   1.718
20.53 18.00   2.557    65.019
20.53 18.00   2.282   1.252   2.557   0.486
20.53 18.00   2.284   1.245   2.557   0.478

20.54  0.00   0.439   0.433   0.032   0.074   0.001   0.004   0.325   0.002   0.000   0.002   0.000 1784369000
20.54    3.95    52.530
20.54 18.00   0.839   1.718
20.54 18.00   2.557    65.017
20.54 18.00   2.282   1.252   2.557   0.486
20.54 18.00   2.284   1.245   2.557   0.478

20.55  0.00   0.439   0.433   0.032   0.074   0.001   0.004   0.325   0.002   0.000   0.002   0.000 1785237000
20.55    3.95    52.525
20.55 18.00   0.839   1.718
20.55 18.00   2.557    65.015
20.55 18.00   2.282   1.252   2.557   0.486
20.55 18.00   2.284   1.245   2.557   0.478

20.56  0.00   0.439   0.433   0.032   0.074   0.001   0.004   0.325   0.002   0.000   0.002   0.000 1786106000
20.56    3.95    52.519
20.56 18.00   0.838   1.718
20.56 18.00   2.557    65.014
20.56 18.00   2.282   1.252   2.557   0.486
20.56 18.00   2.284   1.245   2.557   0.478

20.57  0.00   0.439   0.433   0.032   0.074   0.001   0.004   0.325   0.002   0.000   0.002   0.000 1786975000
20.57    3.95    52.513
20.57 18.00   0.838   1.718
20.57 18.00   2.557    65.012
20.57 18.00   2.281   1.252   2.557   0.486
20.57 18.00   2.284   1.245   2.557   0.478

20.58  0.00   0.439   0.433   0.032   0.074   0.001   0.004   0.325   0.002   0.000   0.002   0.000 1787843000
20.58    3.95    52.507
20.58 18.00   0.838   1.718
20.58 18.00   2.557    65.010
20.58 18.00   2.281   1.252   2.557   0.486
20.58 18.00   2.284   1.245   2.557   0.478

20.59  0.00   0.439   0.433   0.032   0.074   0.001   0.004   0.325   0.002   0.000   0.002   0.000 1788712000
20.59    3.95    52.501
20.59 18.00   0.838   1.718
20.59 18.00   2.556    65.008
20.59 18.00   2.281   1.252   2.556   0.486
20.59 18.00   2.283   1.245   2.556   0.478

20.60  0.00   0.439   0.433   0.032   0.074   0.001   0.004   0.325   0.002   0.000   0.002   0.000 1789581000
20.60    3.95    52.496
20.60 18.00   0.838   1.718
20.60 18.00   2.556    65.007
20.60 18.00   2.281   1.252   2.556   0.486
20.60 18.00   2.283   1.245   2.556   0.478

20.61  0.00   0.439   0.433   0.032   0.074   0.001   0.004   0.325   0.002   0.000   0.002   0.000 1790450000
20.61    3.95    52.490
20.61 18.00   0.838   1.718
20.61 18.00   2.556    65.005
20.61 18.00   2.281   1.252   2.556   0.486
20.61 18.00   2.283   1.245   2.556   0.478

20.62  0.00   0.439   0.433   0.032   0.074   0.001   0.004   0.325   0.002   0.000   0.002   0.000 1791318000
20.62    3.95    52.484
20.62 18.00   0.838   1.718
20.62 18.00   2.556    65.003
20.62 18.00   2.281   1.252   2.556   0.486
20.62 18.00   2.283   1.245   2.556   0.478

20.63  0.00   0.439   0.433   0.032   0.074   0.001   0.004   0.325   0.002   0.000   0.002   0.000 1792187000
20.63    3.95    52.478
20.63 18.00   0.838   1.718
20.63 18.00   2.556    65.001
20.63 18.00   2.281   1.252   2.556   0.486
20.63 18.00   2.283   1.245   2.556   0.478

20.64  0.00   0.439   0.433   0.032   0.074   0.001   0.004   0.325   0.002   0.000   0.002   0.000 1793056000
20.64    3.95    52.473
20.64 18.00   0.837   1.718
20.64 18.00   2.556    65.000
20.64 18.00   2.281   1.252   2.556   0.486
20.64 18.00   2.283   1.245   2.556   0.478

20.65  0.00   0.439   0.433   0.032   0.074   0.001   0.004   0.325   0.002   0.000   0.002   0.000 1793924000
20.65    3.94    52.467
20.65 18.00   0.837   1.718
20.65 18.00   2.556    64.998
20.65 18.00   2.280   1.252   2.556   0.486
20.65 18.00   2.283   1.245   2.556   0.478

20.66  0.00   0.439   0.433   0.032   0.074   0.001   0.004   0.325   0.002   0.000   0.002   0.000 1794793000
20.66    3.94    52.461
20.66 18.00   0.837   1.718
20.66 18.00   2.555    64.996
20.66 18.00   2.280   1.252   2.555   0.486
20.66 18.00   2.283   1.245   2.555   0.478

20.67  0.00   0.439   0.433   0.032   0.074   0.001   0.004   0.325   0.002   0.000   0.002   0.000 1795662000
20.67    3.94    52.455
20.67 18.00   0.837   1.718
20.67 18.00   2.555    64.994
20.67 18.00   2.280   1.252   2.555   0.486
20.67 18.00   2.282   1.245   2.555   0.478

20.68  0.00   0.439   0.433   0.032   0.074   0.001   0.004   0.325   0.002   0.000   0.002   0.000 1796531000
20.68    3.94    52.450
20.68 18.00   0.837   1.718
20.68 18.00   2.555    64.993
20.68 18.00   2.280   1.252   2.555   0.486
20.68 18.00   2.282   1.245   2.555   0.478

20.69  0.00   0.439   0.433   0.032   0.074   0.001   0.004   0.325   0.002   0.000   0.002   0.000 1797399000
20.69    3.94    52.444
20.69 18.00   0.837   1.718
20.69 18.00   2.555    64.991
20.69 18.00   2.280   1.251   2.555   0.486
20.69 18.00   2.282   1.245   2.555   0.478

20.70  0.00   0.439   0.433   0.032   0.074   0.001   0.004   0.325   0.002   0.000   0.002   0.000 1798268000
20.70    3.94    52.438
20.70 18.00   0.837   1.718
20.70 18.00   2.555    64.989
20.70 18.00   2.280   1.251   2.555   0.486
20.70 18.00   2.282   1.244   2.555   0.478

20.71  0.00   0.439   0.433   0.032   0.074   0.001   0.004   0.325   0.002   0.000   0.002   0.000 1799137000
20.71    3.94    52.432
20.71 18.00   0.836   1.718
20.71 18.00   2.555    64.987
20.71 18.00   2.280   1.251   2.555   0.486
20.71 18.00   2.282   1.244   2.555   0.478

20.72  0.00   0.439   0.433   0.032   0.074   0.001   0.004   0.325   0.002   0.000   0.002   0.000 1800005000
20.72    3.94    52.427
20.72 18.00   0.836   1.718
20.72 18.00   2.555    64.986
20.72 18.00   2.280   1.251   2.555   0.486
20.72 18.00   2.282   1.244   2.555   0.478

20.73  0.00   0.439   0.433   0.032   0.074   0.001   0.004   0.325   0.002   0.000   0.002   0.000 1800874000
20.73    3.94    52.421
20.73 18.00   0.836   1.718
20.73 18.00   2.555    64.984
20.73 18.00   2.279   1.251   2.555   0.486
20.73 18.00   2.282   1.244   2.555   0.478

20.74  0.00   0.439   0.433   0.032   0.074   0.001   0.004   0.325   0.002   0.000   0.002   0.000 1801743000
20.74    3.94    52.415
20.74 18.00   0.836   1.718
20.74 18.00   2.554    64.982
20.74 18.00   2.279   1.251   2.554   0.486
20.74 18.00   2.282   1.244   2.554   0.478

20.75  0.00   0.439   0.433   0.032   0.074   0.001   0.004   0.325   0.002   0.000   0.002   0.000 1802612000
20.75    3.94    52.410
20.75 18.00   0.836   1.718
20.75 18.00   2.554    64.980
20.75 18.00   2.279   1.251   2.554   0.486
20.75 18.00   2.281   1.244   2.554   0.478

20.76  0.00   0.439   0.433   0.032   0.074   0.001   0.004   0.325   0.002   0.000   0.002   0.000 1803480000
20.76    3.94    52.404
20.76 18.00   0.836   1.718
20.76 18.00   2.554    64.979
20.76 18.00   2.279   1.251   2.554   0.486
20.76 18.00   2.281   1.244   2.554   0.478

20.77  0.00   0.439   0.433   0.032   0.074   0.001   0.004   0.325   0.002   0.000   0.002   0.000 1804349000
20.77    3.94    52.398
20.77 18.00   0.836   1.718
20.77 18.00   2.554    64.977
20.77 18.00   2.279   1.251   2.554   0.486
20.77 18.00   2.281   1.244   2.554   0.478

20.78  0.00   0.439   0.433   0.032   0.074   0.001   0.004   0.325   0.002   0.000   0.002   0.000 1805218000
20.78    3.94    52.392
20.78 18.00   0.835   1.718
20.78 18.00   2.554    64.975
20.78 18.00   2.279   1.251   2.554   0.486
20.78 18.00   2.281   1.244   2.554   0.478

20.79  0.00   0.439   0.433   0.032   0.074   0.001   0.004   0.325   0.002   0.000   0.002   0.000 1806087000
20.79    3.94    52.387
20.79 18.00   0.835   1.718
20.79 18.00   2.554    64.974
20.79 18.00   2.279   1.251   2.554   0.486
20.79 18.00   2.281   1.244   2.554   0.478

20.80  0.00   0.439   0.433   0.032   0.074   0.001   0.004   0.325   0.002   0.000   0.002   0.000 1806955000
20.80    3.94    52.381
20.80 18.00   0.835   1.718
20.80 18.00   2.554    64.972
20.80 18.00   2.279   1.251   2.554   0.486
20.80 18.00   2.281   1.244   2.554   0.478

20.81  0.00   0.439   0.433   0.032   0.074   0.001   0.004   0.325   0.002   0.000   0.002   0.000 1807824000
20.81    3.94    52.375
20.81 18.00   0.835   1.718
20.81 18.00   2.553    64.970
20.81 18.00   2.278   1.251   2.553   0.486
20.81 18.00   2.281   1.244   2.553   0.478

20.82  0.00   0.439   0.433   0.032   0.074   0.001   0.004   0.325   0.002   0.000   0.002   0.000 1808693000
20.82    3.94    52.370
20.82 18.00   0.835   1.718
20.82 18.00   2.553    64.968
20.82 18.00   2.278   1.251   2.553   0.486
20.82 18.00   2.281   1.244   2.553   0.478

20.83  0.00   0.439   0.433   0.032   0.074   0.001   0.004   0.325   0.002   0.000   0.002   0.000 1809561000
20.83    3.93    52.364
20.83 18.00   0.835   1.718
20.83 18.00   2.553    64.967
20.83 18.00   2.278   1.251   2.553   0.486
20.83 18.00   2.280   1.244   2.553   0.478

20.84  0.00   0.439   0.433   0.032   0.074   0.001   0.004   0.325   0.002   0.000   0.002   0.000 1810430000
20.84    3.93    52.358
20.84 18.00   0.835   1.718
20.84 18.00   2.553    64.965
20.84 18.00   2.278   1.251   2.553   0.486
20.84 18.00   2.280   1.244   2.553   0.478

20.85  0.00   0.439   0.433   0.032   0.074   0.001   0.004   0.325   0.002   0.000   0.002   0.000 1811299000
20.85    3.93    52.353
20.85 18.00   0.835   1.718
20.85 18.00   2.553    64.963
20.85 18.00   2.278   1.251   2.553   0.486
20.85 18.00   2.280   1.244   2.553   0.478

20.86  0.00   0.439   0.433   0.032   0.074   0.001   0.004   0.325   0.002   0.000   0.002   0.000 1812168000
20.86    3.93    52.347
20.86 18.00   0.834   1.718
20.86 18.00   2.553    64.962
20.86 18.00   2.278   1.251   2.553   0.486
20.86 18.00   2.280   1.244   2.553   0.478

20.87  0.00   0.439   0.433   0.032   0.074   0.001   0.004   0.325   0.002   0.000   0.002   0.000 1813037000
20.87    3.93    52.341
20.87 18.00   0.834   1.718
20.87 18.00   2.553    64.960
20.87 18.00   2.278   1.251   2.553   0.486
20.87 18.00   2.280   1.244   2.553   0.478

20.88  0.00   0.439   0.433   0.032   0.074   0.001   0.004   0.325   0.002   0.000   0.002   0.000 1813905000
20.88    3.93    52.336
20.88 18.00   0.834   1.718
20.88 18.00   2.553    64.958
20.88 18.00   2.278   1.251   2.553   0.486
20.88 18.00   2.280   1.244   2.553   0.478

20.89  0.00   0.439   0.433   0.032   0.074   0.001   0.004   0.325   0.002   0.000   0.002   0.000 1814774000
20.89    3.93    52.330
20.89 18.00   0.834   1.718
20.89 18.00   2.552    64.956
20.89 18.00   2.277   1.250   2.552   0.486
20.89 18.00   2.280   1.244   2.552   0.478

20.90  0.00   0.439   0.433   0.032   0.074   0.001   0.004   0.325   0.002   0.000   0.002   0.000 1815643000
20.90    3.93    52.324
20.90 18.00   0.834   1.718
20.90 18.00   2.552    64.955
20.90 18.00   2.277   1.250   2.552   0.486
20.90 18.00   2.280   1.243   2.552   0.478

20.91  0.00   0.439   0.433   0.032   0.074   0.001   0.004   0.325   0.002   0.000   0.002   0.000 1816511000
20.91    3.93    52.319
20.91 18.00   0.834   1.718
20.91 18.00   2.552    64.953
20.91 18.00   2.277   1.250   2.552   0.486
20.91 18.00   2.279   1.243   2.552   0.478

20.92  0.00   0.439   0.433   0.032   0.074   0.001   0.004   0.325   0.002   0.000   0.002   0.000 1817380000
20.92    3.93    52.313
20.92 18.00   0.834   1.718
20.92 18.00   2.552    64.951
20.92 18.00   2.277   1.250   2.552   0.485
20.92 18.00   2.279   1.243   2.552   0.478

20.93  0.00   0.439   0.433   0.032   0.074   0.001   0.004   0.325   0.002   0.000   0.002   0.000 1818249000
20.93    3.93    52.307
20.93 18.00   0.833   1.718
20.93 18.00   2.552    64.950
20.93 18.00   2.277   1.250   2.552   0.485
20.93 18.00   2.279   1.243   2.552   0.478

20.94  0.00   0.439   0.433   0.032   0.074   0.001   0.004   0.325   0.002   0.000   0.002   0.000 1819118000
20.94    3.93    52.302
20.94 18.00   0.833   1.718
20.94 18.00   2.552    64.948
20.94 18.00   2.277   1.250   2.552   0.485
20.94 18.00   2.279   1.243   2.552   0.478

20.95  0.00   0.439   0.432   0.032   0.074   0.001   0.004   0.325   0.002   0.000   0.002   0.000 1819986000
20.95    3.93    52.296
20.95 18.00   0.833   1.718
20.95 18.00   2.552    64.946
20.95 18.00   2.277   1.250   2.552   0.485
20.95 18.00   2.279   1.243   2.552   0.478

20.96  0.00   0.439   0.432   0.032   0.074   0.001   0.004   0.325   0.002   0.000   0.002   0.000 1820855000
20.96    3.93    52.290
20.96 18.00   0.833   1.718
20.96 18.00   2.551    64.944
20.96 18.00   2.277   1.250   2.551   0.485
20.96 18.00   2.279   1.243   2.551   0.478

20.97  0.00   0.439   0.432   0.032   0.074   0.001   0.004   0.325   0.002   0.000   0.002   0.000 1821724000
20.97    3.93    52.285
20.97 18.00   0.833   1.718
20.97 18.00   2.551    64.943
20.97 18.00   2.276   1.250   2.551   0.485
20.97 18.00   2.279   1.243   2.551   0.478

20.98  0.00   0.439   0.432   0.032   0.074   0.001   0.004   0.325   0.002   0.000   0.002   0.000 1822592000
20.98    3.93    52.279
20.98 18.00   0.833   1.718
20.98 18.00   2.551    64.941
20.98 18.00   2.276   1.250   2.551   0.485
20.98 18.00   2.279   1.243   2.551   0.478

20.99  0.00   0.439   0.432   0.032   0.074   0.001   0.004   0.325   0.002   0.000   0.002   0.000 1823461000
20.99    3.93    52.274
20.99 18.00   0.833   1.718
20.99 18.00   2.551    64.939
20.99 18.00   2.276   1.250   2.551   0.485
20.99 18.00   2.278   1.243   2.551   0.478

21.00  0.00   0.439   0.432   0.032   0.074   0.001   0.004   0.325   0.002   0.000   0.002   0.000 1824330000
21.00    3.93    52.268
21.00 18.00   0.833   1.718
21.00 18.00   2.551    64.938
21.00 18.00   2.276   1.250   2.551   0.485
21.00 18.00   2.278   1.243   2.551   0.478

21.01  0.00   0.439   0.432   0.032   0.074   0.001   0.004   0.325   0.002   0.000   0.002   0.000 1825199000
21.01    3.93    52.262
21.01 18.00   0.832   1.718
21.01 18.00   2.551    64.936
21.01 18.00   2.276   1.250   2.551   0.485
21.01 18.00   2.278   1.243   2.551   0.478

21.02  0.00   0.439   0.432   0.032   0.074   0.001   0.004   0.325   0.002   0.000   0.002   0.000 1826067000
21.02    3.92    52.257
21.02 18.00   0.832   1.718
21.02 18.00   2.551    64.934
21.02 18.00   2.276   1.250   2.551   0.485
21.02 18.00   2.278   1.243   2.551   0.478

21.03  0.00   0.439   0.432   0.032   0.074   0.001   0.004   0.325   0.002   0.000   0.002   0.000 1826936000
21.03    3.92    52.251
21.03 18.00   0.832   1.718
21.03 18.00   2.551    64.933
21.03 18.00   2.276   1.250   2.551   0.485
21.03 18.00   2.278   1.243   2.551   0.478

21.04  0.00   0.439   0.432   0.032   0.074   0.001   0.004   0.325   0.002   0.000   0.002   0.000 1827805000
21.04    3.92    52.245
21.04 18.00   0.832   1.718
21.04 18.00   2.550    64.931
21.04 18.00   2.276   1.250   2.550   0.485
21.04 18.00   2.278   1.243   2.550   0.478

21.05  0.00   0.439   0.432   0.032   0.074   0.001   0.004   0.325   0.002   0.000   0.002   0.000 1828673000
21.05    3.92    52.240
21.05 18.00   0.832   1.718
21.05 18.00   2.550    64.929
21.05 18.00   2.275   1.250   2.550   0.485
21.05 18.00   2.278   1.243   2.550   0.478

21.06  0.00   0.439   0.432   0.032   0.074   0.001   0.004   0.325   0.002   0.000   0.002   0.000 1829542000
21.06    3.92    52.234
21.06 18.00   0.832   1.718
21.06 18.00   2.550    64.928
21.06 18.00   2.275   1.250   2.550   0.485
21.06 18.00   2.278   1.243   2.550   0.478

21.07  0.00   0.439   0.432   0.032   0.074   0.001   0.004   0.325   0.002   0.000   0.002   0.000 1830411000
21.07    3.92    52.229
21.07 18.00   0.832   1.718
21.07 18.00   2.550    64.926
21.07 18.00   2.275   1.250   2.550   0.485
21.07 18.00   2.277   1.243   2.550   0.478

21.08  0.00   0.439   0.432   0.032   0.074   0.001   0.004   0.325   0.002   0.000   0.002   0.000 1831280000
21.08    3.92    52.223
21.08 18.00   0.832   1.718
21.08 18.00   2.550    64.924
21.08 18.00   2.275   1.250   2.550   0.485
21.08 18.00   2.277   1.243   2.550   0.478

21.09  0.00   0.439   0.432   0.032   0.074   0.001   0.004   0.325   0.002   0.000   0.002   0.000 1832148000
21.09    3.92    52.217
21.09 18.00   0.831   1.718
21.09 18.00   2.550    64.922
21.09 18.00   2.275   1.250   2.550   0.485
21.09 18.00   2.277   1.243   2.550   0.478

21.10  0.00   0.439   0.432   0.032   0.074   0.001   0.004   0.325   0.002   0.000   0.002   0.000 1833017000
21.10    3.92    52.212
21.10 18.00   0.831   1.718
21.10 18.00   2.550    64.921
21.10 18.00   2.275   1.249   2.550   0.485
21.10 18.00   2.277   1.243   2.550   0.478

21.11  0.00   0.439   0.432   0.032   0.074   0.001   0.004   0.325   0.002   0.000   0.002   0.000 1833886000
21.11    3.92    52.206
21.11 18.00   0.831   1.718
21.11 18.00   2.549    64.919
21.11 18.00   2.275   1.249   2.549   0.485
21.11 18.00   2.277   1.242   2.549   0.478

21.12  0.00   0.439   0.432   0.032   0.074   0.001   0.004   0.325   0.002   0.000   0.002   0.000 1834755000
21.12    3.92    52.201
21.12 18.00   0.831   1.718
21.12 18.00   2.549    64.917
21.12 18.00   2.275   1.249   2.549   0.485
21.12 18.00   2.277   1.242   2.549   0.478

21.13  0.00   0.439   0.432   0.032   0.074   0.001   0.004   0.325   0.002   0.000   0.002   0.000 1835623000
21.13    3.92    52.195
21.13 18.00   0.831   1.718
21.13 18.00   2.549    64.916
21.13 18.00   2.274   1.249   2.549   0.485
21.13 18.00   2.277   1.242   2.549   0.478

21.14  0.00   0.439   0.432   0.032   0.074   0.001   0.004   0.325   0.002   0.000   0.002   0.000 1836492000
21.14    3.92    52.190
21.14 18.00   0.831   1.718
21.14 18.00   2.549    64.914
21.14 18.00   2.274   1.249   2.549   0.485
21.14 18.00   2.277   1.242   2.549   0.478

21.15  0.00   0.439   0.432   0.032   0.074   0.001   0.004   0.325   0.002   0.000   0.002   0.000 1837361000
21.15    3.92    52.184
21.15 18.00   0.831   1.718
21.15 18.00   2.549    64.912
21.15 18.00   2.274   1.249   2.549   0.485
21.15 18.00   2.276   1.242   2.549   0.478

21.16  0.00   0.439   0.432   0.032   0.074   0.001   0.004   0.325   0.002   0.000   0.002   0.000 1838230000
21.16    3.92    52.178
21.16 18.00   0.830   1.718
21.16 18.00   2.549    64.911
21.16 18.00   2.274   1.249   2.549   0.485
21.16 18.00   2.276   1.242   2.549   0.478

21.17  0.00   0.439   0.432   0.032   0.074   0.001   0.004   0.325   0.002   0.000   0.002   0.000 1839098000
21.17    3.92    52.173
21.17 18.00   0.830   1.718
21.17 18.00   2.549    64.909
21.17 18.00   2.274   1.249   2.549   0.485
21.17 18.00   2.276   1.242   2.549   0.478

21.18  0.00   0.439   0.432   0.032   0.074   0.001   0.004   0.325   0.002   0.000   0.002   0.000 1839967000
21.18    3.92    52.167
21.18 18.00   0.830   1.718
21.18 18.00   2.549    64.907
21.18 18.00   2.274   1.249   2.549   0.485
21.18 18.00   2.276   1.242   2.549   0.478

21.19  0.00   0.439   0.432   0.032   0.074   0.001   0.004   0.325   0.002   0.000   0.002   0.000 1840836000
21.19    3.92    52.162
21.19 18.00   0.830   1.718
21.19 18.00   2.548    64.906
21.19 18.00   2.274   1.249   2.548   0.485
21.19 18.00   2.276   1.242   2.548   0.478

21.20  0.00   0.439   0.432   0.032   0.074   0.001   0.004   0.325   0.002   0.000   0.002   0.000 1841705000
21.20    3.91    52.156
21.20 18.00   0.830   1.718
21.20 18.00   2.548    64.904
21.20 18.00   2.274   1.249   2.548   0.485
21.20 18.00   2.276   1.242   2.548   0.478

21.21  0.00   0.439   0.432   0.032   0.074   0.001   0.004   0.325   0.002   0.000   0.002   0.000 1842573000
21.21    3.91    52.151
21.21 18.00   0.830   1.718
21.21 18.00   2.548    64.902
21.21 18.00   2.274   1.249   2.548   0.485
21.21 18.00   2.276   1.242   2.548   0.478

21.22  0.00   0.439   0.432   0.032   0.074   0.001   0.004   0.325   0.002   0.000   0.002   0.000 1843442000
21.22    3.91    52.145
21.22 18.00   0.830   1.718
21.22 18.00   2.548    64.901
21.22 18.00   2.273   1.249   2.548   0.485
21.22 18.00   2.276   1.242   2.548   0.478

21.23  0.00   0.439   0.432   0.032   0.074   0.001   0.004   0.325   0.002   0.000   0.002   0.000 1844311000
21.23    3.91    52.139
21.23 18.00   0.830   1.718
21.23 18.00   2.548    64.899
21.23 18.00   2.273   1.249   2.548   0.485
21.23 18.00   2.276   1.242   2.548   0.478

21.24  0.00   0.439   0.432   0.032   0.074   0.001   0.004   0.325   0.002   0.000   0.002   0.000 1845179000
21.24    3.91    52.134
21.24 18.00   0.829   1.718
21.24 18.00   2.548    64.897
21.24 18.00   2.273   1.249   2.548   0.485
21.24 18.00   2.275   1.242   2.548   0.478

21.25  0.00   0.439   0.432   0.032   0.074   0.001   0.004   0.325   0.002   0.000   0.002   0.000 1846048000
21.25    3.91    52.128
21.25 18.00   0.829   1.718
21.25 18.00   2.548    64.896
21.25 18.00   2.273   1.249   2.548   0.485
21.25 18.00   2.275   1.242   2.548   0.478

21.26  0.00   0.439   0.432   0.032   0.074   0.001   0.004   0.325   0.002   0.000   0.002   0.000 1846917000
21.26    3.91    52.123
21.26 18.00   0.829   1.718
21.26 18.00   2.548    64.894
21.26 18.00   2.273   1.249   2.548   0.485
21.26 18.00   2.275   1.242   2.548   0.478

21.27  0.00   0.439   0.432   0.032   0.074   0.001   0.004   0.325   0.002   0.000   0.002   0.000 1847786000
21.27    3.91    52.117
21.27 18.00   0.829   1.718
21.27 18.00   2.547    64.893
21.27 18.00   2.273   1.249   2.547   0.485
21.27 18.00   2.275   1.242   2.547   0.478

21.28  0.00   0.439   0.432   0.032   0.074   0.001   0.004   0.325   0.002   0.000   0.002   0.000 1848654000
21.28    3.91    52.112
21.28 18.00   0.829   1.718
21.28 18.00   2.547    64.891
21.28 18.00   2.273   1.249   2.547   0.485
21.28 18.00   2.275   1.242   2.547   0.478

21.29  0.00   0.439   0.432   0.032   0.074   0.001   0.004   0.325   0.002   0.000   0.002   0.000 1849523000
21.29    3.91    52.106
21.29 18.00   0.829   1.718
21.29 18.00   2.547    64.889
21.29 18.00   2.273   1.249   2.547   0.485
21.29 18.00   2.275   1.242   2.547   0.478

21.30  0.00   0.439   0.432   0.032   0.074   0.001   0.004   0.325   0.002   0.000   0.002   0.000 1850392000
21.30    3.91    52.101
21.30 18.00   0.829   1.718
21.30 18.00   2.547    64.888
21.30 18.00   2.272   1.249   2.547   0.485
21.30 18.00   2.275   1.242   2.547   0.478

21.31  0.00   0.439   0.432   0.032   0.074   0.001   0.004   0.325   0.002   0.000   0.002   0.000 1851260000
21.31    3.91    52.095
21.31 18.00   0.829   1.718
21.31 18.00   2.547    64.886
21.31 18.00   2.272   1.248   2.547   0.485
21.31 18.00   2.275   1.242   2.547   0.478

21.32  0.00   0.439   0.432   0.032   0.074   0.001   0.004   0.325   0.002   0.000   0.002   0.000 1852129000
21.32    3.91    52.090
21.32 18.00   0.828   1.718
21.32 18.00   2.547    64.884
21.32 18.00   2.272   1.248   2.547   0.485
21.32 18.00   2.274   1.241   2.547   0.478

21.33  0.00   0.439   0.432   0.032   0.074   0.001   0.004   0.325   0.002   0.000   0.002   0.000 1852998000
21.33    3.91    52.084
21.33 18.00   0.828   1.718
21.33 18.00   2.547    64.883
21.33 18.00   2.272   1.248   2.547   0.485
21.33 18.00   2.274   1.241   2.547   0.478

21.34  0.00   0.439   0.432   0.032   0.074   0.001   0.004   0.325   0.002   0.000   0.002   0.000 1853867000
21.34    3.91    52.079
21.34 18.00   0.828   1.718
21.34 18.00   2.547    64.881
21.34 18.00   2.272   1.248   2.547   0.485
21.34 18.00   2.274   1.241   2.547   0.478

21.35  0.00   0.439   0.432   0.032   0.074   0.001   0.004   0.325   0.002   0.000   0.002   0.000 1854735000
21.35    3.91    52.073
21.35 18.00   0.828   1.718
21.35 18.00   2.546    64.879
21.35 18.00   2.272   1.248   2.546   0.485
21.35 18.00   2.274   1.241   2.546   0.478

21.36  0.00   0.439   0.432   0.032   0.074   0.001   0.004   0.325   0.002   0.000   0.002   0.000 1855604000
21.36    3.91    52.068
21.36 18.00   0.828   1.718
21.36 18.00   2.546    64.878
21.36 18.00   2.272   1.248   2.546   0.485
21.36 18.00   2.274   1.241   2.546   0.478

21.37  0.00   0.439   0.432   0.032   0.074   0.001   0.004   0.325   0.002   0.000   0.002   0.000 1856473000
21.37    3.91    52.062
21.37 18.00   0.828   1.718
21.37 18.00   2.546    64.876
21.37 18.00   2.272   1.248   2.546   0.485
21.37 18.00   2.274   1.241   2.546   0.478

21.38  0.00   0.439   0.432   0.032   0.074   0.001   0.004   0.325   0.002   0.000   0.002   0.000 1857341000
21.38    3.91    52.057
21.38 18.00   0.828   1.718
21.38 18.00   2.546    64.874
21.38 18.00   2.271   1.248   2.546   0.485
21.38 18.00   2.274   1.241   2.546   0.478

21.39  0.00   0.439   0.432   0.032   0.074   0.001   0.004   0.325   0.002   0.000   0.002   0.000 1858210000
21.39    3.90    52.051
21.39 18.00   0.828   1.718
21.39 18.00   2.546    64.873
21.39 18.00   2.271   1.248   2.546   0.485
21.39 18.00   2.274   1.241   2.546   0.478

21.40  0.00   0.439   0.432   0.032   0.074   0.001   0.004   0.325   0.002   0.000   0.002   0.000 1859079000
21.40    3.90    52.046
21.40 18.00   0.827   1.718
21.40 18.00   2.546    64.871
21.40 18.00   2.271   1.248   2.546   0.485
21.40 18.00   2.274   1.241   2.546   0.478

21.41  0.00   0.439   0.432   0.032   0.074   0.001   0.004   0.325   0.002   0.000   0.002   0.000 1859948000
21.41    3.90    52.040
21.41 18.00   0.827   1.718
21.41 18.00   2.546    64.870
21.41 18.00   2.271   1.248   2.546   0.485
21.41 18.00   2.273   1.241   2.546   0.478

21.42  0.00   0.439   0.432   0.032   0.074   0.001   0.004   0.325   0.002   0.000   0.002   0.000 1860817000
21.42    3.90    52.035
21.42 18.00   0.827   1.718
21.42 18.00   2.546    64.868
21.42 18.00   2.271   1.248   2.546   0.485
21.42 18.00   2.273   1.241   2.546   0.478

21.43  0.00   0.439   0.432   0.032   0.074   0.001   0.004   0.325   0.002   0.000   0.002   0.000 1861685000
21.43    3.90    52.029
21.43 18.00   0.827   1.718
21.43 18.00   2.545    64.866
21.43 18.00   2.271   1.248   2.545   0.485
21.43 18.00   2.273   1.241   2.545   0.478

21.44  0.00   0.439   0.432   0.032   0.074   0.001   0.004   0.325   0.002   0.000   0.002   0.000 1862554000
21.44    3.90    52.024
21.44 18.00   0.827   1.718
21.44 18.00   2.545    64.865
21.44 18.00   2.271   1.248   2.545   0.485
21.44 18.00   2.273   1.241   2.545   0.478

21.45  0.00   0.439   0.432   0.032   0.074   0.001   0.004   0.325   0.002   0.000   0.002   0.000 1863423000
21.45    3.90    52.018
21.45 18.00   0.827   1.718
21.45 18.00   2.545    64.863
21.45 18.00   2.271   1.248   2.545   0.485
21.45 18.00   2.273   1.241   2.545   0.478

21.46  0.00   0.439   0.432   0.032   0.074   0.001   0.004   0.325   0.002   0.000   0.002   0.000 1864291000
21.46    3.90    52.013
21.46 18.00   0.827   1.718
21.46 18.00   2.545    64.861
21.46 18.00   2.271   1.248   2.545   0.485
21.46 18.00   2.273   1.241   2.545   0.478

21.47  0.00   0.439   0.432   0.032   0.074   0.001   0.004   0.325   0.002   0.000   0.002   0.000 1865160000
21.47    3.90    52.007
21.47 18.00   0.827   1.718
21.47 18.00   2.545    64.860
21.47 18.00   2.270   1.248   2.545   0.485
21.47 18.00   2.273   1.241   2.545   0.478

21.48  0.00   0.439   0.432   0.032   0.074   0.001   0.004   0.325   0.002   0.000   0.002   0.000 1866029000
21.48    3.90    52.002
21.48 18.00   0.826   1.718
21.48 18.00   2.545    64.858
21.48 18.00   2.270   1.248   2.545   0.485
21.48 18.00   2.273   1.241   2.545   0.478

21.49  0.00   0.439   0.432   0.032   0.074   0.001   0.004   0.325   0.002   0.000   0.002   0.000 1866898000
21.49    3.90    51.996
21.49 18.00   0.826   1.718
21.49 18.00   2.545    64.857
21.49 18.00   2.270   1.248   2.545   0.485
21.49 18.00   2.272   1.241   2.545   0.478

21.50  0.00   0.439   0.432   0.032   0.074   0.001   0.004   0.325   0.002   0.000   0.002   0.000 1867766000
21.50    3.90    51.991
21.50 18.00   0.826   1.718
21.50 18.00   2.544    64.855
21.50 18.00   2.270   1.248   2.544   0.485
21.50 18.00   2.272   1.241   2.544   0.478

21.51  0.00   0.439   0.432   0.032   0.074   0.001   0.004   0.325   0.002   0.000   0.002   0.000 1868635000
21.51    3.90    51.985
21.51 18.00   0.826   1.718
21.51 18.00   2.544    64.853
21.51 18.00   2.270   1.248   2.544   0.485
21.51 18.00   2.272   1.241   2.544   0.478

21.52  0.00   0.439   0.432   0.032   0.074   0.001   0.004   0.325   0.002   0.000   0.002   0.000 1869504000
21.52    3.90    51.980
21.52 18.00   0.826   1.718
21.52 18.00   2.544    64.852
21.52 18.00   2.270   1.248   2.544   0.485
21.52 18.00   2.272   1.241   2.544   0.478

21.53  0.00   0.439   0.432   0.032   0.074   0.001   0.004   0.325   0.002   0.000   0.002   0.000 1870373000
21.53    3.90    51.974
21.53 18.00   0.826   1.718
21.53 18.00   2.544    64.850
21.53 18.00   2.270   1.247   2.544   0.485
21.53 18.00   2.272   1.241   2.544   0.478

21.54  0.00   0.439   0.432   0.032   0.074   0.001   0.004   0.325   0.002   0.000   0.002   0.000 1871241000
21.54    3.90    51.969
21.54 18.00   0.826   1.718
21.54 18.00   2.544    64.848
21.54 18.00   2.270   1.247   2.544   0.485
21.54 18.00   2.272   1.240   2.544   0.478

21.55  0.00   0.439   0.432   0.032   0.074   0.001   0.004   0.325   0.002   0.000   0.002   0.000 1872110000
21.55    3.90    51.963
21.55 18.00   0.826   1.718
21.55 18.00   2.544    64.847
21.55 18.00   2.269   1.247   2.544   0.485
21.55 18.00   2.272   1.240   2.544   0.478

21.56  0.00   0.439   0.432   0.032   0.074   0.001   0.004   0.325   0.002   0.000   0.002   0.000 1872979000
21.56    3.90    51.958
21.56 18.00   0.825   1.718
21.56 18.00   2.544    64.845
21.56 18.00   2.269   1.247   2.544   0.485
21.56 18.00   2.272   1.240   2.544   0.478

21.57  0.00   0.439   0.432   0.032   0.074   0.001   0.004   0.325   0.002   0.000   0.002   0.000 1873847000
21.57    3.90    51.953
21.57 18.00   0.825   1.718
21.57 18.00   2.544    64.844
21.57 18.00   2.269   1.247   2.544   0.485
21.57 18.00   2.272   1.240   2.544   0.478

21.58  0.00   0.439   0.432   0.032   0.074   0.001   0.004   0.325   0.002   0.000   0.002   0.000 1874716000
21.58    3.89    51.947
21.58 18.00   0.825   1.718
21.58 18.00   2.543    64.842
21.58 18.00   2.269   1.247   2.543   0.485
21.58 18.00   2.271   1.240   2.543   0.478

21.59  0.00   0.439   0.432   0.032   0.074   0.001   0.004   0.325   0.002   0.000   0.002   0.000 1875585000
21.59    3.89    51.942
21.59 18.00   0.825   1.718
21.59 18.00   2.543    64.840
21.59 18.00   2.269   1.247   2.543   0.485
21.59 18.00   2.271   1.240   2.543   0.478

21.60  0.00   0.439   0.432   0.032   0.074   0.001   0.004   0.325   0.002   0.000   0.002   0.000 1876454000
21.60    3.89    51.936
21.60 18.00   0.825   1.718
21.60 18.00   2.543    64.839
21.60 18.00   2.269   1.247   2.543   0.485
21.60 18.00   2.271   1.240   2.543   0.478

21.61  0.00   0.439   0.432   0.032   0.074   0.001   0.004   0.325   0.002   0.000   0.002   0.000 1877322000
21.61    3.89    51.931
21.61 18.00   0.825   1.718
21.61 18.00   2.543    64.837
21.61 18.00   2.269   1.247   2.543   0.485
21.61 18.00   2.271   1.240   2.543   0.478

21.62  0.00   0.439   0.432   0.032   0.074   0.001   0.004   0.325   0.002   0.000   0.002   0.000 1878191000
21.62    3.89    51.925
21.62 18.00   0.825   1.718
21.62 18.00   2.543    64.836
21.62 18.00   2.269   1.247   2.543   0.485
21.62 18.00   2.271   1.240   2.543   0.478

21.63  0.00   0.439   0.432   0.032   0.074   0.001   0.004   0.325   0.002   0.000   0.002   0.000 1879060000
21.63    3.89    51.920
21.63 18.00   0.825   1.718
21.63 18.00   2.543    64.834
21.63 18.00   2.269   1.247   2.543   0.485
21.63 18.00   2.271   1.240   2.543   0.478

21.64  0.00   0.439   0.432   0.032   0.074   0.001   0.004   0.325   0.002   0.000   0.002   0.000 1879928000
21.64    3.89    51.915
21.64 18.00   0.824   1.718
21.64 18.00   2.543    64.832
21.64 18.00   2.268   1.247   2.543   0.485
21.64 18.00   2.271   1.240   2.543   0.478

21.65  0.00   0.439   0.432   0.032   0.074   0.001   0.004   0.325   0.002   0.000   0.002   0.000 1880797000
21.65    3.89    51.909
21.65 18.00   0.824   1.718
21.65 18.00   2.543    64.831
21.65 18.00   2.268   1.247   2.543   0.485
21.65 18.00   2.271   1.240   2.543   0.478

21.66  0.00   0.439   0.432   0.032   0.074   0.001   0.004   0.325   0.002   0.000   0.002   0.000 1881666000
21.66    3.89    51.904
21.66 18.00   0.824   1.718
21.66 18.00   2.542    64.829
21.66 18.00   2.268   1.247   2.542   0.485
21.66 18.00   2.270   1.240   2.542   0.478

21.67  0.00   0.439   0.432   0.032   0.074   0.001   0.004   0.325   0.002   0.000   0.002   0.000 1882535000
21.67    3.89    51.898
21.67 18.00   0.824   1.718
21.67 18.00   2.542    64.828
21.67 18.00   2.268   1.247   2.542   0.485
21.67 18.00   2.270   1.240   2.542   0.478

21.68  0.00   0.439   0.432   0.032   0.074   0.001   0.004   0.325   0.002   0.000   0.002   0.000 1883403000
21.68    3.89    51.893
21.68 18.00   0.824   1.718
21.68 18.00   2.542    64.826
21.68 18.00   2.268   1.247   2.542   0.485
21.68 18.00   2.270   1.240   2.542   0.478

21.69  0.00   0.439   0.432   0.032   0.074   0.001   0.004   0.325   0.002   0.000   0.002   0.000 1884272000
21.69    3.89    51.887
21.69 18.00   0.824   1.718
21.69 18.00   2.542    64.824
21.69 18.00   2.268   1.247   2.542   0.485
21.69 18.00   2.270   1.240   2.542   0.478

21.70  0.00   0.439   0.432   0.032   0.074   0.001   0.004   0.325   0.002   0.000   0.002   0.000 1885141000
21.70    3.89    51.882
21.70 18.00   0.824   1.718
21.70 18.00   2.542    64.823
21.70 18.00   2.268   1.247   2.542   0.485
21.70 18.00   2.270   1.240   2.542   0.478

21.71  0.00   0.439   0.432   0.032   0.074   0.001   0.004   0.325   0.002   0.000   0.002   0.000 1886009000
21.71    3.89    51.877
21.71 18.00   0.824   1.718
21.71 18.00   2.542    64.821
21.71 18.00   2.268   1.247   2.542   0.485
21.71 18.00   2.270   1.240   2.542   0.478

21.72  0.00   0.439   0.432   0.032   0.074   0.001   0.004   0.325   0.002   0.000   0.002   0.000 1886878000
21.72    3.89    51.871
21.72 18.00   0.823   1.718
21.72 18.00   2.542    64.820
21.72 18.00   2.268   1.247   2.542   0.485
21.72 18.00   2.270   1.240   2.542   0.478

21.73  0.00   0.439   0.432   0.032   0.074   0.001   0.004   0.325   0.002   0.000   0.002   0.000 1887747000
21.73    3.89    51.866
21.73 18.00   0.823   1.718
21.73 18.00   2.542    64.818
21.73 18.00   2.267   1.247   2.542   0.485
21.73 18.00   2.270   1.240   2.542   0.478

21.74  0.00   0.439   0.432   0.032   0.074   0.001   0.004   0.325   0.002   0.000   0.002   0.000 1888616000
21.74    3.89    51.860
21.74 18.00   0.823   1.718
21.74 18.00   2.542    64.816
21.74 18.00   2.267   1.247   2.542   0.485
21.74 18.00   2.270   1.240   2.542   0.478

21.75  0.00   0.439   0.432   0.032   0.074   0.001   0.004   0.325   0.002   0.000   0.002   0.000 1889485000
21.75    3.89    51.855
21.75 18.00   0.823   1.718
21.75 18.00   2.541    64.815
21.75 18.00   2.267   1.246   2.541   0.485
21.75 18.00   2.269   1.240   2.541   0.478

21.76  0.00   0.439   0.432   0.032   0.074   0.001   0.004   0.325   0.002   0.000   0.002   0.000 1890353000
21.76    3.89    51.850
21.76 18.00   0.823   1.718
21.76 18.00   2.541    64.813
21.76 18.00   2.267   1.246   2.541   0.485
21.76 18.00   2.269   1.239   2.541   0.478

21.77  0.00   0.439   0.432   0.032   0.074   0.001   0.004   0.325   0.002   0.000   0.002   0.000 1891222000
21.77    3.89    51.844
21.77 18.00   0.823   1.718
21.77 18.00   2.541    64.812
21.77 18.00   2.267   1.246   2.541   0.485
21.77 18.00   2.269   1.239   2.541   0.478

21.78  0.00   0.439   0.432   0.032   0.074   0.001   0.004   0.325   0.002   0.000   0.002   0.000 1892091000
21.78    3.88    51.839
21.78 18.00   0.823   1.718
21.78 18.00   2.541    64.810
21.78 18.00   2.267   1.246   2.541   0.485
21.78 18.00   2.269   1.239   2.541   0.478

21.79  0.00   0.439   0.432   0.032   0.074   0.001   0.004   0.325   0.002   0.000   0.002   0.000 1892959000
21.79    3.88    51.833
21.79 18.00   0.823   1.718
21.79 18.00   2.541    64.809
21.79 18.00   2.267   1.246   2.541   0.485
21.79 18.00   2.269   1.239   2.541   0.478

21.80  0.00   0.439   0.432   0.032   0.074   0.001   0.004   0.325   0.002   0.000   0.002   0.000 1893828000
21.80    3.88    51.828
21.80 18.00   0.822   1.718
21.80 18.00   2.541    64.807
21.80 18.00   2.267   1.246   2.541   0.485
21.80 18.00   2.269   1.239   2.541   0.478

21.81  0.00   0.439   0.432   0.032   0.074   0.001   0.004   0.325   0.002   0.000   0.002   0.000 1894697000
21.81    3.88    51.823
21.81 18.00   0.822   1.718
21.81 18.00   2.541    64.805
21.81 18.00   2.266   1.246   2.541   0.485
21.81 18.00   2.269   1.239   2.541   0.478

21.82  0.00   0.439   0.432   0.032   0.074   0.001   0.004   0.325   0.002   0.000   0.002   0.000 1895566000
21.82    3.88    51.817
21.82 18.00   0.822   1.718
21.82 18.00   2.541    64.804
21.82 18.00   2.266   1.246   2.541   0.485
21.82 18.00   2.269   1.239   2.541   0.478

21.83  0.00   0.439   0.432   0.032   0.074   0.001   0.004   0.325   0.002   0.000   0.002   0.000 1896434000
21.83    3.88    51.812
21.83 18.00   0.822   1.718
21.83 18.00   2.540    64.802
21.83 18.00   2.266   1.246   2.540   0.485
21.83 18.00   2.269   1.239   2.540   0.477

21.84  0.00   0.439   0.432   0.032   0.074   0.001   0.004   0.325   0.002   0.000   0.002   0.000 1897303000
21.84    3.88    51.806
21.84 18.00   0.822   1.718
21.84 18.00   2.540    64.801
21.84 18.00   2.266   1.246   2.540   0.485
21.84 18.00   2.268   1.239   2.540   0.477

21.85  0.00   0.439   0.432   0.032   0.074   0.001   0.004   0.325   0.002   0.000   0.002   0.000 1898172000
21.85    3.88    51.801
21.85 18.00   0.822   1.718
21.85 18.00   2.540    64.799
21.85 18.00   2.266   1.246   2.540   0.485
21.85 18.00   2.268   1.239   2.540   0.477

21.86  0.00   0.439   0.432   0.032   0.074   0.001   0.004   0.325   0.002   0.000   0.002   0.000 1899041000
21.86    3.88    51.796
21.86 18.00   0.822   1.718
21.86 18.00   2.540    64.798
21.86 18.00   2.266   1.246   2.540   0.485
21.86 18.00   2.268   1.239   2.540   0.477

21.87  0.00   0.438   0.432   0.032   0.074   0.001   0.004   0.325   0.002   0.000   0.002   0.000 1899909000
21.87    3.88    51.790
21.87 18.00   0.822   1.718
21.87 18.00   2.540    64.796
21.87 18.00   2.266   1.246   2.540   0.485
21.87 18.00   2.268   1.239   2.540   0.477

21.88  0.00   0.438   0.432   0.032   0.074   0.001   0.004   0.325   0.002   0.000   0.002   0.000 1900778000
21.88    3.88    51.785
21.88 18.00   0.821   1.718
21.88 18.00   2.540    64.794
21.88 18.00   2.266   1.246   2.540   0.485
21.88 18.00   2.268   1.239   2.540   0.477

21.89  0.00   0.438   0.432   0.032   0.074   0.001   0.004   0.325   0.002   0.000   0.002   0.000 1901647000
21.89    3.88    51.780
21.89 18.00   0.821   1.718
21.89 18.00   2.540    64.793
21.89 18.00   2.266   1.246   2.540   0.485
21.89 18.00   2.268   1.239   2.540   0.477

21.90  0.00   0.438   0.432   0.032   0.074   0.001   0.004   0.325   0.002   0.000   0.002   0.000 1902515000
21.90    3.88    51.774
21.90 18.00   0.821   1.718
21.90 18.00   2.540    64.791
21.90 18.00   2.265   1.246   2.540   0.485
21.90 18.00   2.268   1.239   2.540   0.477

21.91  0.00   0.438   0.432   0.032   0.074   0.001   0.004   0.325   0.002   0.000   0.002   0.000 1903384000
21.91    3.88    51.769
21.91 18.00   0.821   1.718
21.91 18.00   2.539    64.790
21.91 18.00   2.265   1.246   2.539   0.485
21.91 18.00   2.268   1.239   2.539   0.477

21.92  0.00   0.438   0.432   0.032   0.074   0.001   0.004   0.325   0.002   0.000   0.002   0.000 1904253000
21.92    3.88    51.763
21.92 18.00   0.821   1.718
21.92 18.00   2.539    64.788
21.92 18.00   2.265   1.246   2.539   0.485
21.92 18.00   2.267   1.239   2.539   0.477

21.93  0.00   0.438   0.432   0.032   0.074   0.001   0.004   0.325   0.002   0.000   0.002   0.000 1905122000
21.93    3.88    51.758
21.93 18.00   0.821   1.718
21.93 18.00   2.539    64.787
21.93 18.00   2.265   1.246   2.539   0.485
21.93 18.00   2.267   1.239   2.539   0.477

21.94  0.00   0.438   0.432   0.032   0.074   0.001   0.004   0.325   0.002   0.000   0.002   0.000 1905990000
21.94    3.88    51.753
21.94 18.00   0.821   1.718
21.94 18.00   2.539    64.785
21.94 18.00   2.265   1.246   2.539   0.485
21.94 18.00   2.267   1.239   2.539   0.477

21.95  0.00   0.438   0.432   0.032   0.074   0.001   0.004   0.325   0.002   0.000   0.002   0.000 1906859000
21.95    3.88    51.747
21.95 18.00   0.821   1.718
21.95 18.00   2.539    64.783
21.95 18.00   2.265   1.246   2.539   0.485
21.95 18.00   2.267   1.239   2.539   0.477

21.96  0.00   0.438   0.432   0.032   0.074   0.001   0.004   0.325   0.002   0.000   0.002   0.000 1907728000
21.96    3.88    51.742
21.96 18.00   0.820   1.718
21.96 18.00   2.539    64.782
21.96 18.00   2.265   1.246   2.539   0.485
21.96 18.00   2.267   1.239   2.539   0.477

21.97  0.00   0.438   0.432   0.032   0.074   0.001   0.004   0.325   0.002   0.000   0.002   0.000 1908596000
21.97    3.87    51.737
21.97 18.00   0.820   1.718
21.97 18.00   2.539    64.780
21.97 18.00   2.265   1.245   2.539   0.485
21.97 18.00   2.267   1.239   2.539   0.477

21.98  0.00   0.438   0.432   0.032   0.074   0.001   0.004   0.325   0.002   0.000   0.002   0.000 1909465000
21.98    3.87    51.731
21.98 18.00   0.820   1.718
21.98 18.00   2.539    64.779
21.98 18.00   2.265   1.245   2.539   0.485
21.98 18.00   2.267   1.238   2.539   0.477

21.99  0.00   0.438   0.432   0.032   0.074   0.001   0.004   0.325   0.002   0.000   0.002   0.000 1910334000
21.99    3.87    51.726
21.99 18.00   0.820   1.718
21.99 18.00   2.538    64.777
21.99 18.00   2.264   1.245   2.538   0.485
21.99 18.00   2.267   1.238   2.538   0.477

22.00  0.00   0.438   0.432   0.032   0.074   0.001   0.004   0.325   0.002   0.000   0.002   0.000 1911203000
22.00    3.87    51.721
22.00 18.00   0.820   1.718
22.00 18.00   2.538    64.776
22.00 18.00   2.264   1.245   2.538   0.485
22.00 18.00   2.267   1.238   2.538   0.477

22.01  0.00   0.438   0.432   0.032   0.074   0.001   0.004   0.325   0.002   0.000   0.002   0.000 1912072000
22.01    3.87    51.715
22.01 18.00   0.820   1.718
22.01 18.00   2.538    64.774
22.01 18.00   2.264   1.245   2.538   0.485
22.01 18.00   2.266   1.238   2.538   0.477

22.02  0.00   0.438   0.432   0.032   0.074   0.001   0.004   0.325   0.002   0.000   0.002   0.000 1912940000
22.02    3.87    51.710
22.02 18.00   0.820   1.718
22.02 18.00   2.538    64.773
22.02 18.00   2.264   1.245   2.538   0.485
22.02 18.00   2.266   1.238   2.538   0.477

22.03  0.00   0.438   0.432   0.032   0.074   0.001   0.004   0.325   0.002   0.000   0.002   0.000 1913809000
22.03    3.87    51.705
22.03 18.00   0.820   1.718
22.03 18.00   2.538    64.771
22.03 18.00   2.264   1.245   2.538   0.485
22.03 18.00   2.266   1.238   2.538   0.477

22.04  0.00   0.438   0.432   0.032   0.074   0.001   0.004   0.325   0.002   0.000   0.002   0.000 1914678000
22.04    3.87    51.699
22.04 18.00   0.820   1.718
22.04 18.00   2.538    64.770
22.04 18.00   2.264   1.245   2.538   0.485
22.04 18.00   2.266   1.238   2.538   0.477

22.05  0.00   0.438   0.432   0.032   0.074   0.001   0.004   0.325   0.002   0.000   0.002   0.000 1915546000
22.05    3.87    51.694
22.05 18.00   0.819   1.718
22.05 18.00   2.538    64.768
22.05 18.00   2.264   1.245   2.538   0.485
22.05 18.00   2.266   1.238   2.538   0.477

22.06  0.00   0.438   0.432   0.032   0.074   0.001   0.004   0.325   0.002   0.000   0.002   0.000 1916415000
22.06    3.87    51.689
22.06 18.00   0.819   1.718
22.06 18.00   2.538    64.766
22.06 18.00   2.264   1.245   2.538   0.485
22.06 18.00   2.266   1.238   2.538   0.477

22.07  0.00   0.438   0.432   0.032   0.074   0.001   0.004   0.325   0.002   0.000   0.002   0.000 1917284000
22.07    3.87    51.683
22.07 18.00   0.819   1.718
22.07 18.00   2.538    64.765
22.07 18.00   2.264   1.245   2.538   0.485
22.07 18.00   2.266   1.238   2.538   0.477

22.08  0.00   0.438   0.432   0.032   0.074   0.001   0.004   0.325   0.002   0.000   0.002   0.000 1918153000
22.08    3.87    51.678
22.08 18.00   0.819   1.718
22.08 18.00   2.537    64.763
22.08 18.00   2.263   1.245   2.537   0.485
22.08 18.00   2.266   1.238   2.537   0.477

22.09  0.00   0.438   0.432   0.032   0.074   0.001   0.004   0.325   0.002   0.000   0.002   0.000 1919021000
22.09    3.87    51.673
22.09 18.00   0.819   1.718
22.09 18.00   2.537    64.762
22.09 18.00   2.263   1.245   2.537   0.485
22.09 18.00   2.266   1.238   2.537   0.477

22.10  0.00   0.438   0.432   0.032   0.074   0.001   0.004   0.325   0.002   0.000   0.002   0.000 1919890000
22.10    3.87    51.667
22.10 18.00   0.819   1.718
22.10 18.00   2.537    64.760
22.10 18.00   2.263   1.245   2.537   0.485
22.10 18.00   2.265   1.238   2.537   0.477

22.11  0.00   0.438   0.432   0.032   0.074   0.001   0.004   0.325   0.002   0.000   0.002   0.000 1920759000
22.11    3.87    51.662
22.11 18.00   0.819   1.718
22.11 18.00   2.537    64.759
22.11 18.00   2.263   1.245   2.537   0.485
22.11 18.00   2.265   1.238   2.537   0.477

22.12  0.00   0.438   0.432   0.032   0.073   0.001   0.004   0.325   0.002   0.000   0.002   0.000 1921628000
22.12    3.87    51.657
22.12 18.00   0.819   1.718
22.12 18.00   2.537    64.757
22.12 18.00   2.263   1.245   2.537   0.485
22.12 18.00   2.265   1.238   2.537   0.477

22.13  0.00   0.438   0.432   0.032   0.073   0.001   0.004   0.325   0.002   0.000   0.002   0.000 1922496000
22.13    3.87    51.651
22.13 18.00   0.818   1.718
22.13 18.00   2.537    64.756
22.13 18.00   2.263   1.245   2.537   0.485
22.13 18.00   2.265   1.238   2.537   0.477

22.14  0.00   0.438   0.432   0.032   0.073   0.001   0.004   0.325   0.002   0.000   0.002   0.000 1923365000
22.14    3.87    51.646
22.14 18.00   0.818   1.718
22.14 18.00   2.537    64.754
22.14 18.00   2.263   1.245   2.537   0.485
22.14 18.00   2.265   1.238   2.537   0.477

22.15  0.00   0.438   0.432   0.032   0.073   0.001   0.004   0.325   0.002   0.000   0.002   0.000 1924234000
22.15    3.87    51.641
22.15 18.00   0.818   1.718
22.15 18.00   2.537    64.753
22.15 18.00   2.263   1.245   2.537   0.485
22.15 18.00   2.265   1.238   2.537   0.477

22.16  0.00   0.438   0.432   0.032   0.073   0.001   0.004   0.325   0.002   0.000   0.002   0.000 1925102000
22.16    3.87    51.635
22.16 18.00   0.818   1.718
22.16 18.00   2.536    64.751
22.16 18.00   2.263   1.245   2.536   0.485
22.16 18.00   2.265   1.238   2.536   0.477

22.17  0.00   0.438   0.432   0.032   0.073   0.001   0.004   0.325   0.002   0.000   0.002   0.000 1925971000
22.17    3.86    51.630
22.17 18.00   0.818   1.718
22.17 18.00   2.536    64.750
22.17 18.00   2.262   1.245   2.536   0.485
22.17 18.00   2.265   1.238   2.536   0.477

22.18  0.00   0.438   0.432   0.032   0.073   0.001   0.004   0.325   0.002   0.000   0.002   0.000 1926840000
22.18    3.86    51.625
22.18 18.00   0.818   1.718
22.18 18.00   2.536    64.748
22.18 18.00   2.262   1.245   2.536   0.485
22.18 18.00   2.265   1.238   2.536   0.477

22.19  0.00   0.438   0.432   0.032   0.073   0.001   0.004   0.325   0.002   0.000   0.002   0.000 1927709000
22.19    3.86    51.620
22.19 18.00   0.818   1.718
22.19 18.00   2.536    64.747
22.19 18.00   2.262   1.245   2.536   0.485
22.19 18.00   2.264   1.238   2.536   0.477

22.20  0.00   0.438   0.432   0.032   0.073   0.001   0.004   0.325   0.002   0.000   0.002   0.000 1928577000
22.20    3.86    51.614
22.20 18.00   0.818   1.718
22.20 18.00   2.536    64.745
22.20 18.00   2.262   1.244   2.536   0.485
22.20 18.00   2.264   1.238   2.536   0.477

22.21  0.00   0.438   0.432   0.032   0.073   0.001   0.004   0.325   0.002   0.000   0.002   0.000 1929446000
22.21    3.86    51.609
22.21 18.00   0.817   1.718
22.21 18.00   2.536    64.743
22.21 18.00   2.262   1.244   2.536   0.485
22.21 18.00   2.264   1.237   2.536   0.477

22.22  0.00   0.438   0.432   0.032   0.073   0.001   0.004   0.325   0.002   0.000   0.002   0.000 1930315000
22.22    3.86    51.604
22.22 18.00   0.817   1.718
22.22 18.00   2.536    64.742
22.22 18.00   2.262   1.244   2.536   0.485
22.22 18.00   2.264   1.237   2.536   0.477

22.23  0.00   0.438   0.432   0.032   0.073   0.001   0.004   0.325   0.002   0.000   0.002   0.000 1931183000
22.23    3.86    51.598
22.23 18.00   0.817   1.718
22.23 18.00   2.536    64.740
22.23 18.00   2.262   1.244   2.536   0.485
22.23 18.00   2.264   1.237   2.536   0.477

22.24  0.00   0.438   0.432   0.032   0.073   0.001   0.004   0.325   0.002   0.000   0.002   0.000 1932052000
22.24    3.86    51.593
22.24 18.00   0.817   1.718
22.24 18.00   2.535    64.739
22.24 18.00   2.262   1.244   2.535   0.485
22.24 18.00   2.264   1.237   2.535   0.477

22.25  0.00   0.438   0.432   0.032   0.073   0.001   0.004   0.325   0.002   0.000   0.002   0.000 1932921000
22.25    3.86    51.588
22.25 18.00   0.817   1.718
22.25 18.00   2.535    64.737
22.25 18.00   2.262   1.244   2.535   0.485
22.25 18.00   2.264   1.237   2.535   0.477

22.26  0.00   0.438   0.432   0.032   0.073   0.001   0.004   0.325   0.002   0.000   0.002   0.000 1933790000
22.26    3.86    51.583
22.26 18.00   0.817   1.718
22.26 18.00   2.535    64.736
22.26 18.00   2.261   1.244   2.535   0.485
22.26 18.00   2.264   1.237   2.535   0.477

22.27  0.00   0.438   0.432   0.032   0.073   0.001   0.004   0.325   0.002   0.000   0.002   0.000 1934658000
22.27    3.86    51.577
22.27 18.00   0.817   1.718
22.27 18.00   2.535    64.734
22.27 18.00   2.261   1.244   2.535   0.485
22.27 18.00   2.264   1.237   2.535   0.477

22.28  0.00   0.438   0.432   0.032   0.073   0.001   0.004   0.325   0.002   0.000   0.002   0.000 1935527000
22.28    3.86    51.572
22.28 18.00   0.817   1.718
22.28 18.00   2.535    64.733
22.28 18.00   2.261   1.244   2.535   0.485
22.28 18.00   2.263   1.237   2.535   0.477

22.29  0.00   0.438   0.432   0.032   0.073   0.001   0.004   0.325   0.002   0.000   0.002   0.000 1936396000
22.29    3.86    51.567
22.29 18.00   0.817   1.718
22.29 18.00   2.535    64.731
22.29 18.00   2.261   1.244   2.535   0.484
22.29 18.00   2.263   1.237   2.535   0.477

22.30  0.00   0.438   0.432   0.032   0.073   0.001   0.004   0.325   0.002   0.000   0.002   0.000 1937265000
22.30    3.86    51.561
22.30 18.00   0.816   1.718
22.30 18.00   2.535    64.730
22.30 18.00   2.261   1.244   2.535   0.484
22.30 18.00   2.263   1.237   2.535   0.477

22.31  0.00   0.438   0.432   0.032   0.073   0.001   0.004   0.325   0.002   0.000   0.002   0.000 1938133000
22.31    3.86    51.556
22.31 18.00   0.816   1.718
22.31 18.00   2.535    64.728
22.31 18.00   2.261   1.244   2.535   0.484
22.31 18.00   2.263   1.237   2.535   0.477

22.32  0.00   0.438   0.432   0.032   0.073   0.001   0.004   0.325   0.002   0.000   0.002   0.000 1939002000
22.32    3.86    51.551
22.32 18.00   0.816   1.718
22.32 18.00   2.535    64.727
22.32 18.00   2.261   1.244   2.535   0.484
22.32 18.00   2.263   1.237   2.535   0.477

22.33  0.00   0.438   0.432   0.032   0.073   0.001   0.004   0.325   0.002   0.000   0.002   0.000 1939871000
22.33    3.86    51.546
22.33 18.00   0.816   1.718
22.33 18.00   2.534    64.725
22.33 18.00   2.261   1.244   2.534   0.484
22.33 18.00   2.263   1.237   2.534   0.477

22.34  0.00   0.438   0.432   0.032   0.073   0.001   0.004   0.325   0.002   0.000   0.002   0.000 1940740000
22.34    3.86    51.540
22.34 18.00   0.816   1.718
22.34 18.00   2.534    64.724
22.34 18.00   2.261   1.244   2.534   0.484
22.34 18.00   2.263   1.237   2.534   0.477

22.35  0.00   0.438   0.432   0.032   0.073   0.001   0.004   0.325   0.002   0.000   0.002   0.000 1941608000
22.35    3.86    51.535
22.35 18.00   0.816   1.718
22.35 18.00   2.534    64.722
22.35 18.00   2.260   1.244   2.534   0.484
22.35 18.00   2.263   1.237   2.534   0.477

22.36  0.00   0.438   0.432   0.032   0.073   0.001   0.004   0.325   0.002   0.000   0.002   0.000 1942477000
22.36    3.86    51.530
22.36 18.00   0.816   1.718
22.36 18.00   2.534    64.721
22.36 18.00   2.260   1.244   2.534   0.484
22.36 18.00   2.263   1.237   2.534   0.477

22.37  0.00   0.438   0.432   0.032   0.073   0.001   0.004   0.325   0.002   0.000   0.002   0.000 1943346000
22.37    3.85    51.525
22.37 18.00   0.816   1.718
22.37 18.00   2.534    64.719
22.37 18.00   2.260   1.244   2.534   0.484
22.37 18.00   2.263   1.237   2.534   0.477

22.38  0.00   0.438   0.432   0.032   0.073   0.001   0.004   0.325   0.002   0.000   0.002   0.000 1944214000
22.38    3.85    51.519
22.38 18.00   0.816   1.718
22.38 18.00   2.534    64.718
22.38 18.00   2.260   1.244   2.534   0.484
22.38 18.00   2.262   1.237   2.534   0.477

22.39  0.00   0.438   0.432   0.032   0.073   0.001   0.004   0.325   0.002   0.000   0.002   0.000 1945083000
22.39    3.85    51.514
22.39 18.00   0.815   1.718
22.39 18.00   2.534    64.716
22.39 18.00   2.260   1.244   2.534   0.484
22.39 18.00   2.262   1.237   2.534   0.477

22.40  0.00   0.438   0.432   0.032   0.073   0.001   0.004   0.325   0.002   0.000   0.002   0.000 1945952000
22.40    3.85    51.509
22.40 18.00   0.815   1.718
22.40 18.00   2.534    64.715
22.40 18.00   2.260   1.244   2.534   0.484
22.40 18.00   2.262   1.237   2.534   0.477

22.41  0.00   0.438   0.432   0.032   0.073   0.001   0.004   0.325   0.002   0.000   0.002   0.000 1946821000
22.41    3.85    51.503
22.41 18.00   0.815   1.718
22.41 18.00   2.533    64.713
22.41 18.00   2.260   1.244   2.533   0.484
22.41 18.00   2.262   1.237   2.533   0.477

22.42  0.00   0.438   0.432   0.032   0.073   0.001   0.004   0.325   0.002   0.000   0.002   0.000 1947689000
22.42    3.85    51.498
22.42 18.00   0.815   1.718
22.42 18.00   2.533    64.712
22.42 18.00   2.260   1.244   2.533   0.484
22.42 18.00   2.262   1.237   2.533   0.477

22.43  0.00   0.438   0.432   0.032   0.073   0.001   0.004   0.325   0.002   0.000   0.002   0.000 1948558000
22.43    3.85    51.493
22.43 18.00   0.815   1.718
22.43 18.00   2.533    64.710
22.43 18.00   2.260   1.244   2.533   0.484
22.43 18.00   2.262   1.237   2.533   0.477

22.44  0.00   0.438   0.432   0.032   0.073   0.001   0.004   0.325   0.002   0.000   0.002   0.000 1949427000
22.44    3.85    51.488
22.44 18.00   0.815   1.718
22.44 18.00   2.533    64.709
22.44 18.00   2.259   1.243   2.533   0.484
22.44 18.00   2.262   1.237   2.533   0.477

22.45  0.00   0.438   0.432   0.032   0.073   0.001   0.004   0.325   0.002   0.000   0.002   0.000 1950296000
22.45    3.85    51.482
22.45 18.00   0.815   1.718
22.45 18.00   2.533    64.707
22.45 18.00   2.259   1.243   2.533   0.484
22.45 18.00   2.262   1.236   2.533   0.477

22.46  0.00   0.438   0.432   0.032   0.073   0.001   0.004   0.325   0.002   0.000   0.002   0.000 1951164000
22.46    3.85    51.477
22.46 18.00   0.815   1.718
22.46 18.00   2.533    64.706
22.46 18.00   2.259   1.243   2.533   0.484
22.46 18.00   2.262   1.236   2.533   0.477

22.47  0.00   0.438   0.431   0.032   0.073   0.001   0.004   0.325   0.002   0.000   0.002   0.000 1952033000
22.47    3.85    51.472
22.47 18.00   0.814   1.718
22.47 18.00   2.533    64.704
22.47 18.00   2.259   1.243   2.533   0.484
22.47 18.00   2.261   1.236   2.533   0.477

22.48  0.00   0.438   0.431   0.032   0.073   0.001   0.004   0.325   0.002   0.000   0.002   0.000 1952902000
22.48    3.85    51.467
22.48 18.00   0.814   1.718
22.48 18.00   2.533    64.703
22.48 18.00   2.259   1.243   2.533   0.484
22.48 18.00   2.261   1.236   2.533   0.477

22.49  0.00   0.438   0.431   0.032   0.073   0.001   0.004   0.325   0.002   0.000   0.002   0.000 1953770000
22.49    3.85    51.461
22.49 18.00   0.814   1.718
22.49 18.00   2.533    64.701
22.49 18.00   2.259   1.243   2.533   0.484
22.49 18.00   2.261   1.236   2.533   0.477

22.50  0.00   0.438   0.431   0.032   0.073   0.001   0.004   0.325   0.002   0.000   0.002   0.000 1954639000
22.50    3.85    51.456
22.50 18.00   0.814   1.718
22.50 18.00   2.532    64.700
22.50 18.00   2.259   1.243   2.532   0.484
22.50 18.00   2.261   1.236   2.532   0.477

22.51  0.00   0.438   0.431   0.032   0.073   0.001   0.004   0.325   0.002   0.000   0.002   0.000 1955508000
22.51    3.85    51.451
22.51 18.00   0.814   1.718
22.51 18.00   2.532    64.698
22.51 18.00   2.259   1.243   2.532   0.484
22.51 18.00   2.261   1.236   2.532   0.477

22.52  0.00   0.438   0.431   0.032   0.073   0.001   0.004   0.325   0.002   0.000   0.002   0.000 1956377000
22.52    3.85    51.446
22.52 18.00   0.814   1.718
22.52 18.00   2.532    64.697
22.52 18.00   2.259   1.243   2.532   0.484
22.52 18.00   2.261   1.236   2.532   0.477

22.53  0.00   0.438   0.431   0.032   0.073   0.001   0.004   0.325   0.002   0.000   0.002   0.000 1957245000
22.53    3.85    51.441
22.53 18.00   0.814   1.718
22.53 18.00   2.532    64.695
22.53 18.00   2.259   1.243   2.532   0.484
22.53 18.00   2.261   1.236   2.532   0.477

22.54  0.00   0.438   0.431   0.032   0.073   0.001   0.004   0.325   0.002   0.000   0.002   0.000 1958114000
22.54    3.85    51.435
22.54 18.00   0.814   1.718
22.54 18.00   2.532    64.694
22.54 18.00   2.258   1.243   2.532   0.484
22.54 18.00   2.261   1.236   2.532   0.477

22.55  0.00   0.438   0.431   0.032   0.073   0.001   0.004   0.325   0.002   0.000   0.002   0.000 1958983000
22.55    3.85    51.430
22.55 18.00   0.814   1.718
22.55 18.00   2.532    64.692
22.55 18.00   2.258   1.243   2.532   0.484
22.55 18.00   2.261   1.236   2.532   0.477

22.56  0.00   0.438   0.431   0.032   0.073   0.001   0.004   0.325   0.002   0.000   0.002   0.000 1959852000
22.56    3.85    51.425
22.56 18.00   0.813   1.718
22.56 18.00   2.532    64.691
22.56 18.00   2.258   1.243   2.532   0.484
22.56 18.00   2.260   1.236   2.532   0.477

22.57  0.00   0.438   0.431   0.032   0.073   0.001   0.004   0.325   0.002   0.000   0.002   0.000 1960720000
22.57    3.84    51.420
22.57 18.00   0.813   1.718
22.57 18.00   2.532    64.689
22.57 18.00   2.258   1.243   2.532   0.484
22.57 18.00   2.260   1.236   2.532   0.477

22.58  0.00   0.438   0.431   0.032   0.073   0.001   0.004   0.325   0.002   0.000   0.002   0.000 1961589000
22.58    3.84    51.414
22.58 18.00   0.813   1.718
22.58 18.00   2.532    64.688
22.58 18.00   2.258   1.243   2.532   0.484
22.58 18.00   2.260   1.236   2.532   0.477

22.59  0.00   0.438   0.431   0.032   0.073   0.001   0.004   0.325   0.002   0.000   0.002   0.000 1962458000
22.59    3.84    51.409
22.59 18.00   0.813   1.718
22.59 18.00   2.531    64.687
22.59 18.00   2.258   1.243   2.531   0.484
22.59 18.00   2.260   1.236   2.531   0.477

22.60  0.00   0.438   0.431   0.032   0.073   0.001   0.004   0.325   0.002   0.000   0.002   0.000 1963326000
22.60    3.84    51.404
22.60 18.00   0.813   1.718
22.60 18.00   2.531    64.685
22.60 18.00   2.258   1.243   2.531   0.484
22.60 18.00   2.260   1.236   2.531   0.477

22.61  0.00   0.438   0.431   0.032   0.073   0.001   0.004   0.325   0.002   0.000   0.002   0.000 1964195000
22.61    3.84    51.399
22.61 18.00   0.813   1.718
22.61 18.00   2.531    64.684
22.61 18.00   2.258   1.243   2.531   0.484
22.61 18.00   2.260   1.236   2.531   0.477

22.62  0.00   0.438   0.431   0.032   0.073   0.001   0.004   0.325   0.002   0.000   0.002   0.000 1965064000
22.62    3.84    51.393
22.62 18.00   0.813   1.718
22.62 18.00   2.531    64.682
22.62 18.00   2.258   1.243   2.531   0.484
22.62 18.00   2.260   1.236   2.531   0.477

22.63  0.00   0.438   0.431   0.032   0.073   0.001   0.004   0.325   0.002   0.000   0.002   0.000 1965933000
22.63    3.84    51.388
22.63 18.00   0.813   1.718
22.63 18.00   2.531    64.681
22.63 18.00   2.257   1.243   2.531   0.484
22.63 18.00   2.260   1.236   2.531   0.477

22.64  0.00   0.438   0.431   0.032   0.073   0.001   0.004   0.325   0.002   0.000   0.002   0.000 1966801000
22.64    3.84    51.383
22.64 18.00   0.813   1.718
22.64 18.00   2.531    64.679
22.64 18.00   2.257   1.243   2.531   0.484
22.64 18.00   2.260   1.236   2.531   0.477

22.65  0.00   0.438   0.431   0.032   0.073   0.001   0.004   0.325   0.002   0.000   0.002   0.000 1967670000
22.65    3.84    51.378
22.65 18.00   0.812   1.718
22.65 18.00   2.531    64.678
22.65 18.00   2.257   1.243   2.531   0.484
22.65 18.00   2.259   1.236   2.531   0.477

22.66  0.00   0.438   0.431   0.032   0.073   0.001   0.004   0.325   0.002   0.000   0.002   0.000 1968539000
22.66    3.84    51.373
22.66 18.00   0.812   1.718
22.66 18.00   2.531    64.676
22.66 18.00   2.257   1.243   2.531   0.484
22.66 18.00   2.259   1.236   2.531   0.477

22.67  0.00   0.438   0.431   0.032   0.073   0.001   0.004   0.325   0.002   0.000   0.002   0.000 1969408000
22.67    3.84    51.367
22.67 18.00   0.812   1.718
22.67 18.00   2.531    64.675
22.67 18.00   2.257   1.243   2.531   0.484
22.67 18.00   2.259   1.236   2.531   0.477

22.68  0.00   0.438   0.431   0.032   0.073   0.001   0.004   0.325   0.002   0.000   0.002   0.000 1970276000
22.68    3.84    51.362
22.68 18.00   0.812   1.718
22.68 18.00   2.530    64.673
22.68 18.00   2.257   1.242   2.530   0.484
22.68 18.00   2.259   1.236   2.530   0.477

22.69  0.00   0.438   0.431   0.032   0.073   0.001   0.004   0.325   0.002   0.000   0.002   0.000 1971145000
22.69    3.84    51.357
22.69 18.00   0.812   1.718
22.69 18.00   2.530    64.672
22.69 18.00   2.257   1.242   2.530   0.484
22.69 18.00   2.259   1.235   2.530   0.477

22.70  0.00   0.438   0.431   0.032   0.073   0.001   0.004   0.325   0.002   0.000   0.002   0.000 1972014000
22.70    3.84    51.352
22.70 18.00   0.812   1.718
22.70 18.00   2.530    64.670
22.70 18.00   2.257   1.242   2.530   0.484
22.70 18.00   2.259   1.235   2.530   0.477

22.71  0.00   0.438   0.431   0.032   0.073   0.001   0.004   0.324   0.002   0.000   0.002   0.000 1972882000
22.71    3.84    51.347
22.71 18.00   0.812   1.718
22.71 18.00   2.530    64.669
22.71 18.00   2.257   1.242   2.530   0.484
22.71 18.00   2.259   1.235   2.530   0.477

22.72  0.00   0.438   0.431   0.032   0.073   0.001   0.004   0.324   0.002   0.000   0.002   0.000 1973751000
22.72    3.84    51.341
22.72 18.00   0.812   1.718
22.72 18.00   2.530    64.667
22.72 18.00   2.256   1.242   2.530   0.484
22.72 18.00   2.259   1.235   2.530   0.477

22.73  0.00   0.438   0.431   0.032   0.073   0.001   0.004   0.324   0.002   0.000   0.002   0.000 1974620000
22.73    3.84    51.336
22.73 18.00   0.811   1.718
22.73 18.00   2.530    64.666
22.73 18.00   2.256   1.242   2.530   0.484
22.73 18.00   2.259   1.235   2.530   0.477

22.74  0.00   0.438   0.431   0.032   0.073   0.001   0.004   0.324   0.002   0.000   0.002   0.000 1975489000
22.74    3.84    51.331
22.74 18.00   0.811   1.718
22.74 18.00   2.530    64.665
22.74 18.00   2.256   1.242   2.530   0.484
22.74 18.00   2.259   1.235   2.530   0.477

22.75  0.00   0.438   0.431   0.032   0.073   0.001   0.004   0.324   0.002   0.000   0.002   0.000 1976357000
22.75    3.84    51.326
22.75 18.00   0.811   1.718
22.75 18.00   2.530    64.663
22.75 18.00   2.256   1.242   2.530   0.484
22.75 18.00   2.258   1.235   2.530   0.477

22.76  0.00   0.438   0.431   0.032   0.073   0.001   0.004   0.324   0.002   0.000   0.002   0.000 1977226000
22.76    3.84    51.320
22.76 18.00   0.811   1.718
22.76 18.00   2.529    64.662
22.76 18.00   2.256   1.242   2.529   0.484
22.76 18.00   2.258   1.235   2.529   0.477

22.77  0.00   0.438   0.431   0.032   0.073   0.001   0.004   0.324   0.002   0.000   0.002   0.000 1978095000
22.77    3.83    51.315
22.77 18.00   0.811   1.718
22.77 18.00   2.529    64.660
22.77 18.00   2.256   1.242   2.529   0.484
22.77 18.00   2.258   1.235   2.529   0.477

22.78  0.00   0.438   0.431   0.032   0.073   0.001   0.004   0.324   0.002   0.000   0.002   0.000 1978964000
22.78    3.83    51.310
22.78 18.00   0.811   1.718
22.78 18.00   2.529    64.659
22.78 18.00   2.256   1.242   2.529   0.484
22.78 18.00   2.258   1.235   2.529   0.477

22.79  0.00   0.438   0.431   0.032   0.073   0.001   0.004   0.324   0.002   0.000   0.002   0.000 1979832000
22.79    3.83    51.305
22.79 18.00   0.811   1.718
22.79 18.00   2.529    64.657
22.79 18.00   2.256   1.242   2.529   0.484
22.79 18.00   2.258   1.235   2.529   0.477

22.80  0.00   0.438   0.431   0.032   0.073   0.001   0.004   0.324   0.002   0.000   0.002   0.000 1980701000
22.80    3.83    51.300
22.80 18.00   0.811   1.718
22.80 18.00   2.529    64.656
22.80 18.00   2.256   1.242   2.529   0.484
22.80 18.00   2.258   1.235   2.529   0.477

22.81  0.00   0.438   0.431   0.032   0.073   0.001   0.004   0.324   0.002   0.000   0.002   0.000 1981570000
22.81    3.83    51.295
22.81 18.00   0.811   1.718
22.81 18.00   2.529    64.654
22.81 18.00   2.256   1.242   2.529   0.484
22.81 18.00   2.258   1.235   2.529   0.477

22.82  0.00   0.438   0.431   0.032   0.073   0.001   0.004   0.324   0.002   0.000   0.002   0.000 1982438000
22.82    3.83    51.289
22.82 18.00   0.810   1.718
22.82 18.00   2.529    64.653
22.82 18.00   2.255   1.242   2.529   0.484
22.82 18.00   2.258   1.235   2.529   0.477

22.83  0.00   0.438   0.431   0.032   0.073   0.001   0.004   0.324   0.002   0.000   0.002   0.000 1983307000
22.83    3.83    51.284
22.83 18.00   0.810   1.718
22.83 18.00   2.529    64.652
22.83 18.00   2.255   1.242   2.529   0.484
22.83 18.00   2.258   1.235   2.529   0.477

22.84  0.00   0.438   0.431   0.032   0.073   0.001   0.004   0.324   0.002   0.000   0.002   0.000 1984176000
22.84    3.83    51.279
22.84 18.00   0.810   1.718
22.84 18.00   2.529    64.650
22.84 18.00   2.255   1.242   2.529   0.484
22.84 18.00   2.257   1.235   2.529   0.477

22.85  0.00   0.438   0.431   0.032   0.073   0.001   0.004   0.324   0.002   0.000   0.002   0.000 1985045000
22.85    3.83    51.274
22.85 18.00   0.810   1.718
22.85 18.00   2.528    64.649
22.85 18.00   2.255   1.242   2.528   0.484
22.85 18.00   2.257   1.235   2.528   0.477

22.86  0.00   0.438   0.431   0.032   0.073   0.001   0.004   0.324   0.002   0.000   0.002   0.000 1985913000
22.86    3.83    51.269
22.86 18.00   0.810   1.718
22.86 18.00   2.528    64.647
22.86 18.00   2.255   1.242   2.528   0.484
22.86 18.00   2.257   1.235   2.528   0.477

22.87  0.00   0.438   0.431   0.032   0.073   0.001   0.004   0.324   0.002   0.000   0.002   0.000 1986782000
22.87    3.83    51.263
22.87 18.00   0.810   1.718
22.87 18.00   2.528    64.646
22.87 18.00   2.255   1.242   2.528   0.484
22.87 18.00   2.257   1.235   2.528   0.477

22.88  0.00   0.438   0.431   0.032   0.073   0.001   0.004   0.324   0.002   0.000   0.002   0.000 1987651000
22.88    3.83    51.258
22.88 18.00   0.810   1.718
22.88 18.00   2.528    64.644
22.88 18.00   2.255   1.242   2.528   0.484
22.88 18.00   2.257   1.235   2.528   0.477

22.89  0.00   0.438   0.431   0.032   0.073   0.001   0.004   0.324   0.002   0.000   0.002   0.000 1988520000
22.89    3.83    51.253
22.89 18.00   0.810   1.718
22.89 18.00   2.528    64.643
22.89 18.00   2.255   1.242   2.528   0.484
22.89 18.00   2.257   1.235   2.528   0.477

22.90  0.00   0.438   0.431   0.032   0.073   0.001   0.004   0.324   0.002   0.000   0.002   0.000 1989388000
22.90    3.83    51.248
22.90 18.00   0.810   1.718
22.90 18.00   2.528    64.641
22.90 18.00   2.255   1.242   2.528   0.484
22.90 18.00   2.257   1.235   2.528   0.477

22.91  0.00   0.438   0.431   0.032   0.073   0.001   0.004   0.324   0.002   0.000   0.002   0.000 1990257000
22.91    3.83    51.243
22.91 18.00   0.809   1.718
22.91 18.00   2.528    64.640
22.91 18.00   2.255   1.242   2.528   0.484
22.91 18.00   2.257   1.235   2.528   0.477

22.92  0.00   0.438   0.431   0.032   0.073   0.001   0.004   0.324   0.002   0.000   0.002   0.000 1991126000
22.92    3.83    51.237
22.92 18.00   0.809   1.718
22.92 18.00   2.528    64.639
22.92 18.00   2.254   1.241   2.528   0.484
22.92 18.00   2.257   1.235   2.528   0.477

22.93  0.00   0.438   0.431   0.032   0.073   0.001   0.004   0.324   0.002   0.000   0.002   0.000 1991994000
22.93    3.83    51.232
22.93 18.00   0.809   1.718
22.93 18.00   2.528    64.637
22.93 18.00   2.254   1.241   2.528   0.484
22.93 18.00   2.257   1.234   2.528   0.477

22.94  0.00   0.438   0.431   0.032   0.073   0.001   0.004   0.324   0.002   0.000   0.002   0.000 1992863000
22.94    3.83    51.250
22.94 18.00   0.809   1.718
22.94 18.00   2.527    64.636
22.94 18.00   2.254   1.241   2.527   0.484
22.94 18.00   2.256   1.234   2.527   0.477

22.95  0.00   0.438   0.431   0.032   0.073   0.001   0.004   0.324   0.002   0.000   0.002   0.000 1993732000
22.95    3.83    51.246
22.95 18.00   0.809   1.718
22.95 18.00   2.527    64.634
22.95 18.00   2.254   1.241   2.527   0.484
22.95 18.00   2.256   1.234   2.527   0.477

22.96  0.00   0.438   0.431   0.032   0.073   0.001   0.004   0.324   0.002   0.000   0.002   0.000 1994601000
22.96    3.83    51.242
22.96 18.00   0.809   1.718
22.96 18.00   2.527    64.633
22.96 18.00   2.254   1.241   2.527   0.484
22.96 18.00   2.256   1.234   2.527   0.477

22.97  0.00   0.438   0.431   0.032   0.073   0.001   0.004   0.324   0.002   0.000   0.002   0.000 1995469000
22.97    3.83    51.238
22.97 18.00   0.809   1.718
22.97 18.00   2.527    64.631
22.97 18.00   2.254   1.241   2.527   0.484
22.97 18.00   2.256   1.234   2.527   0.477

22.98  0.00   0.438   0.431   0.032   0.073   0.001   0.004   0.324   0.002   0.000   0.002   0.000 1996338000
22.98    3.83    51.233
22.98 18.00   0.809   1.718
22.98 18.00   2.527    64.630
22.98 18.00   2.254   1.241   2.527   0.484
22.98 18.00   2.256   1.234   2.527   0.477

22.99  0.00   0.438   0.431   0.032   0.073   0.001   0.004   0.324   0.002   0.000   0.002   0.000 1997207000
22.99    3.83    51.229
22.99 18.00   0.809   1.718
22.99 18.00   2.527    64.629
22.99 18.00   2.254   1.241   2.527   0.484
22.99 18.00   2.256   1.234   2.527   0.477

23.00  0.00   0.438   0.431   0.032   0.073   0.001   0.004   0.324   0.002   0.000   0.002   0.000 1998076000
23.00    3.83    51.225
23.00 18.00   0.808   1.718
23.00 18.00   2.527    64.627
23.00 18.00   2.254   1.241   2.527   0.484
23.00 18.00   2.256   1.234   2.527   0.477

23.01  0.00   0.438   0.431   0.032   0.073   0.001   0.004   0.324   0.002   0.000   0.002   0.000 1998944000
23.01    3.83    51.221
23.01 18.00   0.808   1.718
23.01 18.00   2.527    64.626
23.01 18.00   2.253   1.241   2.527   0.484
23.01 18.00   2.256   1.234   2.527   0.477

23.02  0.00   0.438   0.431   0.032   0.073   0.001   0.004   0.324   0.002   0.000   0.002   0.000 1999813000
23.02    3.83    51.216
23.02 18.00   0.808   1.718
23.02 18.00   2.527    64.624
23.02 18.00   2.253   1.241   2.527   0.484
23.02 18.00   2.256   1.234   2.527   0.477

23.03  0.00   0.438   0.431   0.032   0.073   0.001   0.004   0.324   0.002   0.000   0.002   0.000 2000682000
23.03    3.83    51.212
23.03 18.00   0.808   1.718
23.03 18.00   2.526    64.623
23.03 18.00   2.253   1.241   2.526   0.484
23.03 18.00   2.256   1.234   2.526   0.477

23.04  0.00   0.438   0.431   0.032   0.073   0.001   0.004   0.324   0.002   0.000   0.002   0.000 2001551000
23.04    3.83    51.208
23.04 18.00   0.808   1.718
23.04 18.00   2.526    64.621
23.04 18.00   2.253   1.241   2.526   0.484
23.04 18.00   2.255   1.234   2.526   0.477

23.05  0.00   0.438   0.431   0.032   0.073   0.001   0.004   0.324   0.002   0.000   0.002   0.000 2002419000
23.05    3.83    51.204
23.05 18.00   0.808   1.718
23.05 18.00   2.526    64.620
23.05 18.00   2.253   1.241   2.526   0.484
23.05 18.00   2.255   1.234   2.526   0.477

23.06  0.00   0.438   0.431   0.032   0.073   0.001   0.004   0.324   0.002   0.000   0.002   0.000 2003288000
23.06    3.83    51.200
23.06 18.00   0.808   1.718
23.06 18.00   2.526    64.619
23.06 18.00   2.253   1.241   2.526   0.484
23.06 18.00   2.255   1.234   2.526   0.477

23.07  0.00   0.438   0.431   0.032   0.073   0.001   0.004   0.324   0.002   0.000   0.002   0.000 2004157000
23.07    3.83    51.195
23.07 18.00   0.808   1.718
23.07 18.00   2.526    64.617
23.07 18.00   2.253   1.241   2.526   0.484
23.07 18.00   2.255   1.234   2.526   0.477

23.08  0.00   0.438   0.431   0.032   0.073   0.001   0.004   0.324   0.002   0.000   0.002   0.000 2005025000
23.08    3.82    51.191
23.08 18.00   0.808   1.718
23.08 18.00   2.526    64.616
23.08 18.00   2.253   1.241   2.526   0.484
23.08 18.00   2.255   1.234   2.526   0.477

23.09  0.00   0.438   0.431   0.032   0.073   0.001   0.004   0.324   0.002   0.000   0.002   0.000 2005894000
23.09    3.82    51.187
23.09 18.00   0.807   1.718
23.09 18.00   2.526    64.614
23.09 18.00   2.253   1.241   2.526   0.484
23.09 18.00   2.255   1.234   2.526   0.477

23.10  0.00   0.438   0.431   0.032   0.073   0.001   0.004   0.324   0.002   0.000   0.002   0.000 2006763000
23.10    3.82    51.183
23.10 18.00   0.807   1.718
23.10 18.00   2.526    64.613
23.10 18.00   2.253   1.241   2.526   0.484
23.10 18.00   2.255   1.234   2.526   0.477

23.11  0.00   0.438   0.431   0.032   0.073   0.001   0.004   0.324   0.002   0.000   0.002   0.000 2007632000
23.11    3.82    51.179
23.11 18.00   0.807   1.718
23.11 18.00   2.526    64.612
23.11 18.00   2.252   1.241   2.526   0.484
23.11 18.00   2.255   1.234   2.526   0.477

23.12  0.00   0.438   0.431   0.032   0.073   0.001   0.004   0.324   0.002   0.000   0.002   0.000 2008500000
23.12    3.82    51.174
23.12 18.00   0.807   1.718
23.12 18.00   2.525    64.610
23.12 18.00   2.252   1.241   2.525   0.484
23.12 18.00   2.255   1.234   2.525   0.477

23.13  0.00   0.438   0.431   0.032   0.073   0.001   0.004   0.324   0.002   0.000   0.002   0.000 2009369000
23.13    3.82    51.170
23.13 18.00   0.807   1.718
23.13 18.00   2.525    64.609
23.13 18.00   2.252   1.241   2.525   0.484
23.13 18.00   2.255   1.234   2.525   0.477

23.14  0.00   0.438   0.431   0.032   0.073   0.001   0.004   0.324   0.002   0.000   0.002   0.000 2010238000
23.14    3.82    51.166
23.14 18.00   0.807   1.718
23.14 18.00   2.525    64.607
23.14 18.00   2.252   1.241   2.525   0.484
23.14 18.00   2.254   1.234   2.525   0.477

23.15  0.00   0.438   0.431   0.032   0.073   0.001   0.004   0.324   0.002   0.000   0.002   0.000 2011106000
23.15    3.82    51.162
23.15 18.00   0.807   1.718
23.15 18.00   2.525    64.606
23.15 18.00   2.252   1.241   2.525   0.484
23.15 18.00   2.254   1.234   2.525   0.477

23.16  0.00   0.438   0.431   0.032   0.073   0.001   0.004   0.324   0.002   0.000   0.002   0.000 2011975000
23.16    3.82    51.158
23.16 18.00   0.807   1.718
23.16 18.00   2.525    64.605
23.16 18.00   2.252   1.241   2.525   0.484
23.16 18.00   2.254   1.234   2.525   0.477

23.17  0.00   0.438   0.431   0.032   0.073   0.001   0.004   0.324   0.002   0.000   0.002   0.000 2012844000
23.17    3.82    51.153
23.17 18.00   0.807   1.718
23.17 18.00   2.525    64.603
23.17 18.00   2.252   1.240   2.525   0.484
23.17 18.00   2.254   1.234   2.525   0.477

23.18  0.00   0.438   0.431   0.032   0.073   0.001   0.004   0.324   0.002   0.000   0.002   0.000 2013713000
23.18    3.82    51.149
23.18 18.00   0.806   1.718
23.18 18.00   2.525    64.602
23.18 18.00   2.252   1.240   2.525   0.484
23.18 18.00   2.254   1.233   2.525   0.477

23.19  0.00   0.438   0.431   0.032   0.073   0.001   0.004   0.324   0.002   0.000   0.002   0.000 2014582000
23.19    3.82    51.145
23.19 18.00   0.806   1.718
23.19 18.00   2.525    64.600
23.19 18.00   2.252   1.240   2.525   0.484
23.19 18.00   2.254   1.233   2.525   0.477

23.20  0.00   0.438   0.431   0.032   0.073   0.001   0.004   0.324   0.002   0.000   0.002   0.000 2015450000
23.20    3.82    51.141
23.20 18.00   0.806   1.718
23.20 18.00   2.525    64.599
23.20 18.00   2.252   1.240   2.525   0.484
23.20 18.00   2.254   1.233   2.525   0.477

23.21  0.00   0.438   0.431   0.032   0.073   0.001   0.004   0.324   0.002   0.000   0.002   0.000 2016319000
23.21    3.82    51.137
23.21 18.00   0.806   1.718
23.21 18.00   2.525    64.597
23.21 18.00   2.251   1.240   2.525   0.484
23.21 18.00   2.254   1.233   2.525   0.477

23.22  0.00   0.438   0.431   0.032   0.073   0.001   0.004   0.324   0.002   0.000   0.002   0.000 2017188000
23.22    3.82    51.133
23.22 18.00   0.806   1.718
23.22 18.00   2.524    64.596
23.22 18.00   2.251   1.240   2.524   0.484
23.22 18.00   2.254   1.233   2.524   0.477

23.23  0.00   0.438   0.431   0.032   0.073   0.001   0.004   0.324   0.002   0.000   0.002   0.000 2018056000
23.23    3.82    51.128
23.23 18.00   0.806   1.718
23.23 18.00   2.524    64.595
23.23 18.00   2.251   1.240   2.524   0.484
23.23 18.00   2.253   1.233   2.524   0.477

23.24  0.00   0.438   0.431   0.032   0.073   0.001   0.004   0.324   0.002   0.000   0.002   0.000 2018925000
23.24    3.82    51.124
23.24 18.00   0.806   1.718
23.24 18.00   2.524    64.593
23.24 18.00   2.251   1.240   2.524   0.484
23.24 18.00   2.253   1.233   2.524   0.477

23.25  0.00   0.438   0.431   0.032   0.073   0.001   0.004   0.324   0.002   0.000   0.002   0.000 2019794000
23.25    3.82    51.120
23.25 18.00   0.806   1.718
23.25 18.00   2.524    64.592
23.25 18.00   2.251   1.240   2.524   0.484
23.25 18.00   2.253   1.233   2.524   0.477

23.26  0.00   0.438   0.431   0.032   0.073   0.001   0.004   0.324   0.002   0.000   0.002   0.000 2020663000
23.26    3.82    51.116
23.26 18.00   0.806   1.718
23.26 18.00   2.524    64.591
23.26 18.00   2.251   1.240   2.524   0.484
23.26 18.00   2.253   1.233   2.524   0.477

23.27  0.00   0.438   0.431   0.032   0.073   0.001   0.004   0.324   0.002   0.000   0.002   0.000 2021531000
23.27    3.82    51.112
23.27 18.00   0.806   1.718
23.27 18.00   2.524    64.589
23.27 18.00   2.251   1.240   2.524   0.484
23.27 18.00   2.253   1.233   2.524   0.477

23.28  0.00   0.438   0.431   0.032   0.073   0.001   0.004   0.324   0.002   0.000   0.002   0.000 2022400000
23.28    3.82    51.108
23.28 18.00   0.805   1.718
23.28 18.00   2.524    64.588
23.28 18.00   2.251   1.240   2.524   0.484
23.28 18.00   2.253   1.233   2.524   0.477

23.29  0.00   0.438   0.431   0.032   0.073   0.001   0.004   0.324   0.002   0.000   0.002   0.000 2023269000
23.29    3.82    51.104
23.29 18.00   0.805   1.718
23.29 18.00   2.524    64.586
23.29 18.00   2.251   1.240   2.524   0.484
23.29 18.00   2.253   1.233   2.524   0.477

23.30  0.00   0.438   0.431   0.032   0.073   0.001   0.004   0.324   0.002   0.000   0.002   0.000 2024137000
23.30    3.82    51.099
23.30 18.00   0.805   1.718
23.30 18.00   2.524    64.585
23.30 18.00   2.251   1.240   2.524   0.484
23.30 18.00   2.253   1.233   2.524   0.477

23.31  0.00   0.438   0.431   0.032   0.073   0.001   0.004   0.324   0.002   0.000   0.002   0.000 2025006000
23.31    3.82    51.095
23.31 18.00   0.805   1.718
23.31 18.00   2.523    64.584
23.31 18.00   2.250   1.240   2.523   0.484
23.31 18.00   2.253   1.233   2.523   0.477

23.32  0.00   0.438   0.431   0.032   0.073   0.001   0.004   0.324   0.002   0.000   0.002   0.000 2025875000
23.32    3.82    51.091
23.32 18.00   0.805   1.718
23.32 18.00   2.523    64.582
23.32 18.00   2.250   1.240   2.523   0.484
23.32 18.00   2.253   1.233   2.523   0.476

23.33  0.00   0.438   0.431   0.032   0.073   0.001   0.004   0.324   0.002   0.000   0.002   0.000 2026744000
23.33    3.82    51.087
23.33 18.00   0.805   1.718
23.33 18.00   2.523    64.581
23.33 18.00   2.250   1.240   2.523   0.484
23.33 18.00   2.252   1.233   2.523   0.476

23.34  0.00   0.438   0.431   0.032   0.073   0.001   0.004   0.324   0.002   0.000   0.002   0.000 2027612000
23.34    3.82    51.083
23.34 18.00   0.805   1.718
23.34 18.00   2.523    64.579
23.34 18.00   2.250   1.240   2.523   0.484
23.34 18.00   2.252   1.233   2.523   0.476

23.35  0.00   0.438   0.431   0.032   0.073   0.001   0.004   0.324   0.002   0.000   0.002   0.000 2028481000
23.35    3.82    51.079
23.35 18.00   0.805   1.718
23.35 18.00   2.523    64.578
23.35 18.00   2.250   1.240   2.523   0.484
23.35 18.00   2.252   1.233   2.523   0.476

23.36  0.00   0.438   0.431   0.032   0.073   0.001   0.004   0.324   0.002   0.000   0.002   0.000 2029350000
23.36    3.82    51.075
23.36 18.00   0.805   1.718
23.36 18.00   2.523    64.577
23.36 18.00   2.250   1.240   2.523   0.484
23.36 18.00   2.252   1.233   2.523   0.476

23.37  0.00   0.438   0.431   0.032   0.073   0.001   0.004   0.324   0.002   0.000   0.002   0.000 2030219000
23.37    3.81    51.071
23.37 18.00   0.804   1.718
23.37 18.00   2.523    64.575
23.37 18.00   2.250   1.240   2.523   0.484
23.37 18.00   2.252   1.233   2.523   0.476

23.38  0.00   0.438   0.431   0.032   0.073   0.001   0.004   0.324   0.002   0.000   0.002   0.000 2031087000
23.38    3.81    51.066
23.38 18.00   0.804   1.718
23.38 18.00   2.523    64.574
23.38 18.00   2.250   1.240   2.523   0.484
23.38 18.00   2.252   1.233   2.523   0.476

23.39  0.00   0.438   0.431   0.032   0.073   0.001   0.004   0.324   0.002   0.000   0.002   0.000 2031956000
23.39    3.81    51.062
23.39 18.00   0.804   1.718
23.39 18.00   2.523    64.572
23.39 18.00   2.250   1.240   2.523   0.484
23.39 18.00   2.252   1.233   2.523   0.476

23.40  0.00   0.438   0.431   0.032   0.073   0.001   0.004   0.324   0.002   0.000   0.002   0.000 2032825000
23.40    3.81    51.058
23.40 18.00   0.804   1.718
23.40 18.00   2.522    64.571
23.40 18.00   2.250   1.240   2.522   0.484
23.40 18.00   2.252   1.233   2.522   0.476

23.41  0.00   0.438   0.431   0.032   0.073   0.001   0.004   0.324   0.002   0.000   0.002   0.000 2033693000
23.41    3.81    51.054
23.41 18.00   0.804   1.718
23.41 18.00   2.522    64.570
23.41 18.00   2.249   1.240   2.522   0.484
23.41 18.00   2.252   1.233   2.522   0.476

23.42  0.00   0.438   0.431   0.032   0.073   0.001   0.004   0.324   0.002   0.000   0.002   0.000 2034562000
23.42    3.81    51.050
23.42 18.00   0.804   1.718
23.42 18.00   2.522    64.568
23.42 18.00   2.249   1.240   2.522   0.484
23.42 18.00   2.252   1.233   2.522   0.476

23.43  0.00   0.438   0.431   0.032   0.073   0.001   0.004   0.324   0.002   0.000   0.002   0.000 2035431000
23.43    3.81    51.046
23.43 18.00   0.804   1.718
23.43 18.00   2.522    64.567
23.43 18.00   2.249   1.239   2.522   0.484
23.43 18.00   2.251   1.233   2.522   0.476

23.44  0.00   0.438   0.431   0.032   0.073   0.001   0.004   0.324   0.002   0.000   0.002   0.000 2036300000
23.44    3.81    51.042
23.44 18.00   0.804   1.718
23.44 18.00   2.522    64.566
23.44 18.00   2.249   1.239   2.522   0.484
23.44 18.00   2.251   1.232   2.522   0.476

23.45  0.00   0.438   0.431   0.032   0.073   0.001   0.004   0.324   0.002   0.000   0.002   0.000 2037168000
23.45    3.81    51.038
23.45 18.00   0.804   1.718
23.45 18.00   2.522    64.564
23.45 18.00   2.249   1.239   2.522   0.484
23.45 18.00   2.251   1.232   2.522   0.476

23.46  0.00   0.438   0.431   0.032   0.073   0.001   0.004   0.324   0.002   0.000   0.002   0.000 2038037000
23.46    3.81    51.034
23.46 18.00   0.803   1.718
23.46 18.00   2.522    64.563
23.46 18.00   2.249   1.239   2.522   0.484
23.46 18.00   2.251   1.232   2.522   0.476

23.47  0.00   0.438   0.431   0.032   0.073   0.001   0.004   0.324   0.002   0.000   0.002   0.000 2038906000
23.47    3.81    51.030
23.47 18.00   0.803   1.718
23.47 18.00   2.522    64.561
23.47 18.00   2.249   1.239   2.522   0.484
23.47 18.00   2.251   1.232   2.522   0.476

23.48  0.00   0.438   0.431   0.032   0.073   0.001   0.004   0.324   0.002   0.000   0.002   0.000 2039774000
23.48    3.81    51.025
23.48 18.00   0.803   1.718
23.48 18.00   2.522    64.560
23.48 18.00   2.249   1.239   2.522   0.484
23.48 18.00   2.251   1.232   2.522   0.476

23.49  0.00   0.438   0.431   0.032   0.073   0.001   0.004   0.324   0.002   0.000   0.002   0.000 2040643000
23.49    3.81    51.021
23.49 18.00   0.803   1.718
23.49 18.00   2.522    64.559
23.49 18.00   2.249   1.239   2.522   0.484
23.49 18.00   2.251   1.232   2.522   0.476

23.50  0.00   0.438   0.431   0.032   0.073   0.001   0.004   0.324   0.002   0.000   0.002   0.000 2041512000
23.50    3.81    51.017
23.50 18.00   0.803   1.718
23.50 18.00   2.521    64.557
23.50 18.00   2.249   1.239   2.521   0.484
23.50 18.00   2.251   1.232   2.521   0.476

23.51  0.00   0.438   0.431   0.032   0.073   0.001   0.004   0.324   0.002   0.000   0.002   0.000 2042381000
23.51    3.81    51.013
23.51 18.00   0.803   1.718
23.51 18.00   2.521    64.556
23.51 18.00   2.248   1.239   2.521   0.484
23.51 18.00   2.251   1.232   2.521   0.476

23.52  0.00   0.438   0.431   0.032   0.073   0.001   0.004   0.324   0.002   0.000   0.002   0.000 2043250000
23.52    3.81    51.009
23.52 18.00   0.803   1.718
23.52 18.00   2.521    64.555
23.52 18.00   2.248   1.239   2.521   0.484
23.52 18.00   2.251   1.232   2.521   0.476

23.53  0.00   0.438   0.431   0.032   0.073   0.001   0.004   0.324   0.002   0.000   0.002   0.000 2044118000
23.53    3.81    51.005
23.53 18.00   0.803   1.718
23.53 18.00   2.521    64.553
23.53 18.00   2.248   1.239   2.521   0.484
23.53 18.00   2.250   1.232   2.521   0.476

23.54  0.00   0.437   0.431   0.032   0.073   0.001   0.004   0.324   0.002   0.000   0.002   0.000 2044987000
23.54    3.81    51.001
23.54 18.00   0.803   1.718
23.54 18.00   2.521    64.552
23.54 18.00   2.248   1.239   2.521   0.484
23.54 18.00   2.250   1.232   2.521   0.476

23.55  0.00   0.437   0.431   0.032   0.073   0.001   0.004   0.324   0.002   0.000   0.002   0.000 2045856000
23.55    3.81    50.997
23.55 18.00   0.803   1.718
23.55 18.00   2.521    64.551
23.55 18.00   2.248   1.239   2.521   0.484
23.55 18.00   2.250   1.232   2.521   0.476

23.56  0.00   0.437   0.431   0.032   0.073   0.001   0.004   0.324   0.002   0.000   0.002   0.000 2046724000
23.56    3.81    50.993
23.56 18.00   0.802   1.718
23.56 18.00   2.521    64.549
23.56 18.00   2.248   1.239   2.521   0.484
23.56 18.00   2.250   1.232   2.521   0.476

23.57  0.00   0.437   0.431   0.032   0.073   0.001   0.004   0.324   0.002   0.000   0.002   0.000 2047593000
23.57    3.81    50.989
23.57 18.00   0.802   1.718
23.57 18.00   2.521    64.548
23.57 18.00   2.248   1.239   2.521   0.484
23.57 18.00   2.250   1.232   2.521   0.476

23.58  0.00   0.437   0.431   0.032   0.073   0.001   0.004   0.324   0.002   0.000   0.002   0.000 2048462000
23.58    3.81    50.985
23.58 18.00   0.802   1.718
23.58 18.00   2.521    64.546
23.58 18.00   2.248   1.239   2.521   0.484
23.58 18.00   2.250   1.232   2.521   0.476

23.59  0.00   0.437   0.431   0.032   0.073   0.001   0.004   0.324   0.002   0.000   0.002   0.000 2049331000
23.59    3.81    50.981
23.59 18.00   0.802   1.718
23.59 18.00   2.520    64.545
23.59 18.00   2.248   1.239   2.520   0.484
23.59 18.00   2.250   1.232   2.520   0.476

23.60  0.00   0.437   0.431   0.032   0.073   0.001   0.004   0.324   0.002   0.000   0.002   0.000 2050199000
23.60    3.81    50.977
23.60 18.00   0.802   1.718
23.60 18.00   2.520    64.544
23.60 18.00   2.248   1.239   2.520   0.484
23.60 18.00   2.250   1.232   2.520   0.476

23.61  0.00   0.437   0.431   0.032   0.073   0.001   0.004   0.324   0.002   0.000   0.002   0.000 2051068000
23.61    3.81    50.973
23.61 18.00   0.802   1.718
23.61 18.00   2.520    64.542
23.61 18.00   2.247   1.239   2.520   0.484
23.61 18.00   2.250   1.232   2.520   0.476

23.62  0.00   0.437   0.431   0.032   0.073   0.001   0.004   0.324   0.002   0.000   0.002   0.000 2051937000
23.62    3.81    50.969
23.62 18.00   0.802   1.718
23.62 18.00   2.520    64.541
23.62 18.00   2.247   1.239   2.520   0.484
23.62 18.00   2.250   1.232   2.520   0.476

23.63  0.00   0.437   0.431   0.032   0.073   0.001   0.004   0.324   0.002   0.000   0.002   0.000 2052805000
23.63    3.81    50.965
23.63 18.00   0.802   1.718
23.63 18.00   2.520    64.540
23.63 18.00   2.247   1.239   2.520   0.484
23.63 18.00   2.250   1.232   2.520   0.476

23.64  0.00   0.437   0.431   0.032   0.073   0.001   0.004   0.324   0.002   0.000   0.002   0.000 2053674000
23.64    3.81    50.960
23.64 18.00   0.802   1.718
23.64 18.00   2.520    64.538
23.64 18.00   2.247   1.239   2.520   0.484
23.64 18.00   2.249   1.232   2.520   0.476

23.65  0.00   0.437   0.431   0.032   0.073   0.001   0.004   0.324   0.002   0.000   0.002   0.000 2054543000
23.65    3.81    50.956
23.65 18.00   0.801   1.718
23.65 18.00   2.520    64.537
23.65 18.00   2.247   1.239   2.520   0.484
23.65 18.00   2.249   1.232   2.520   0.476

23.66  0.00   0.437   0.431   0.032   0.073   0.001   0.004   0.324   0.002   0.000   0.002   0.000 2055412000
23.66    3.81    50.952
23.66 18.00   0.801   1.718
23.66 18.00   2.520    64.536
23.66 18.00   2.247   1.239   2.520   0.484
23.66 18.00   2.249   1.232   2.520   0.476

23.67  0.00   0.437   0.431   0.032   0.073   0.001   0.004   0.324   0.002   0.000   0.002   0.000 2056280000
23.67    3.80    50.948
23.67 18.00   0.801   1.718
23.67 18.00   2.520    64.534
23.67 18.00   2.247   1.239   2.520   0.484
23.67 18.00   2.249   1.232   2.520   0.476

23.68  0.00   0.437   0.431   0.032   0.073   0.001   0.004   0.324   0.002   0.000   0.002   0.000 2057149000
23.68    3.80    50.944
23.68 18.00   0.801   1.718
23.68 18.00   2.520    64.533
23.68 18.00   2.247   1.239   2.520   0.484
23.68 18.00   2.249   1.232   2.520   0.476

23.69  0.00   0.437   0.431   0.032   0.073   0.001   0.004   0.324   0.002   0.000   0.002   0.000 2058018000
23.69    3.80    50.940
23.69 18.00   0.801   1.718
23.69 18.00   2.519    64.532
23.69 18.00   2.247   1.238   2.519   0.484
23.69 18.00   2.249   1.232   2.519   0.476

23.70  0.00   0.437   0.431   0.032   0.073   0.001   0.004   0.324   0.002   0.000   0.002   0.000 2058887000
23.70    3.80    50.936
23.70 18.00   0.801   1.718
23.70 18.00   2.519    64.530
23.70 18.00   2.247   1.238   2.519   0.484
23.70 18.00   2.249   1.231   2.519   0.476

23.71  0.00   0.437   0.431   0.032   0.073   0.001   0.004   0.324   0.002   0.000   0.002   0.000 2059755000
23.71    3.80    50.932
23.71 18.00   0.801   1.718
23.71 18.00   2.519    64.529
23.71 18.00   2.246   1.238   2.519   0.484
23.71 18.00   2.249   1.231   2.519   0.476

23.72  0.00   0.437   0.431   0.032   0.073   0.001   0.004   0.324   0.002   0.000   0.002   0.000 2060624000
23.72    3.80    50.928
23.72 18.00   0.801   1.718
23.72 18.00   2.519    64.528
23.72 18.00   2.246   1.238   2.519   0.484
23.72 18.00   2.249   1.231   2.519   0.476

23.73  0.00   0.437   0.431   0.032   0.073   0.001   0.004   0.324   0.002   0.000   0.002   0.000 2061493000
23.73    3.80    50.924
23.73 18.00   0.801   1.718
23.73 18.00   2.519    64.526
23.73 18.00   2.246   1.238   2.519   0.484
23.73 18.00   2.249   1.231   2.519   0.476

23.74  0.00   0.437   0.431   0.032   0.073   0.001   0.004   0.324   0.002   0.000   0.002   0.000 2062361000
23.74    3.80    50.920
23.74 18.00   0.801   1.718
23.74 18.00   2.519    64.525
23.74 18.00   2.246   1.238   2.519   0.484
23.74 18.00   2.248   1.231   2.519   0.476

23.75  0.00   0.437   0.431   0.032   0.073   0.001   0.004   0.324   0.002   0.000   0.002   0.000 2063230000
23.75    3.80    50.916
23.75 18.00   0.800   1.718
23.75 18.00   2.519    64.524
23.75 18.00   2.246   1.238   2.519   0.484
23.75 18.00   2.248   1.231   2.519   0.476

23.76  0.00   0.437   0.431   0.032   0.073   0.001   0.004   0.324   0.002   0.000   0.002   0.000 2064099000
23.76    3.80    50.912
23.76 18.00   0.800   1.718
23.76 18.00   2.519    64.522
23.76 18.00   2.246   1.238   2.519   0.484
23.76 18.00   2.248   1.231   2.519   0.476

23.77  0.00   0.437   0.431   0.032   0.073   0.001   0.004   0.324   0.002   0.000   0.002   0.000 2064968000
23.77    3.80    50.908
23.77 18.00   0.800   1.718
23.77 18.00   2.519    64.521
23.77 18.00   2.246   1.238   2.519   0.484
23.77 18.00   2.248   1.231   2.519   0.476

23.78  0.00   0.437   0.431   0.032   0.073   0.001   0.004   0.324   0.002   0.000   0.002   0.000 2065836000
23.78    3.80    50.904
23.78 18.00   0.800   1.718
23.78 18.00   2.518    64.520
23.78 18.00   2.246   1.238   2.518   0.484
23.78 18.00   2.248   1.231   2.518   0.476

23.79  0.00   0.437   0.431   0.032   0.073   0.001   0.004   0.324   0.002   0.000   0.002   0.000 2066705000
23.79    3.80    50.900
23.79 18.00   0.800   1.718
23.79 18.00   2.518    64.518
23.79 18.00   2.246   1.238   2.518   0.484
23.79 18.00   2.248   1.231   2.518   0.476

23.80  0.00   0.437   0.431   0.032   0.073   0.001   0.004   0.324   0.002   0.000   0.002   0.000 2067574000
23.80    3.80    50.896
23.80 18.00   0.800   1.718
23.80 18.00   2.518    64.517
23.80 18.00   2.246   1.238   2.518   0.484
23.80 18.00   2.248   1.231   2.518   0.476

23.81  0.00   0.437   0.431   0.032   0.073   0.001   0.004   0.324   0.002   0.000   0.002   0.000 2068442000
23.81    3.80    50.892
23.81 18.00   0.800   1.718
23.81 18.00   2.518    64.516
23.81 18.00   2.245   1.238   2.518   0.484
23.81 18.00   2.248   1.231   2.518   0.476

23.82  0.00   0.437   0.431   0.032   0.073   0.001   0.004   0.324   0.002   0.000   0.002   0.000 2069311000
23.82    3.80    50.888
23.82 18.00   0.800   1.718
23.82 18.00   2.518    64.514
23.82 18.00   2.245   1.238   2.518   0.484
23.82 18.00   2.248   1.231   2.518   0.476

23.83  0.00   0.437   0.431   0.032   0.073   0.001   0.004   0.324   0.002   0.000   0.002   0.000 2070180000
23.83    3.80    50.884
23.83 18.00   0.800   1.718
23.83 18.00   2.518    64.513
23.83 18.00   2.245   1.238   2.518   0.484
23.83 18.00   2.248   1.231   2.518   0.476

23.84  0.00   0.437   0.431   0.032   0.073   0.001   0.004   0.324   0.002   0.000   0.002   0.000 2071049000
23.84    3.80    50.880
23.84 18.00   0.800   1.718
23.84 18.00   2.518    64.512
23.84 18.00   2.245   1.238   2.518   0.484
23.84 18.00   2.247   1.231   2.518   0.476

23.85  0.00   0.437   0.431   0.032   0.073   0.001   0.004   0.324   0.002   0.000   0.002   0.000 2071918000
23.85    3.80    50.876
23.85 18.00   0.799   1.718
23.85 18.00   2.518    64.510
23.85 18.00   2.245   1.238   2.518   0.483
23.85 18.00   2.247   1.231   2.518   0.476

23.86  0.00   0.437   0.431   0.032   0.073   0.001   0.004   0.324   0.002   0.000   0.002   0.000 2072786000
23.86    3.80    50.872
23.86 18.00   0.799   1.718
23.86 18.00   2.518    64.509
23.86 18.00   2.245   1.238   2.518   0.483
23.86 18.00   2.247   1.231   2.518   0.476

23.87  0.00   0.437   0.431   0.032   0.073   0.001   0.004   0.324   0.002   0.000   0.002   0.000 2073655000
23.87    3.80    50.868
23.87 18.00   0.799   1.718
23.87 18.00   2.518    64.508
23.87 18.00   2.245   1.238   2.518   0.483
23.87 18.00   2.247   1.231   2.518   0.476

23.88  0.00   0.437   0.431   0.032   0.073   0.001   0.004   0.324   0.002   0.000   0.002   0.000 2074524000
23.88    3.80    50.864
23.88 18.00   0.799   1.718
23.88 18.00   2.517    64.506
23.88 18.00   2.245   1.238   2.517   0.483
23.88 18.00   2.247   1.231   2.517   0.476

23.89  0.00   0.437   0.431   0.032   0.073   0.001   0.004   0.324   0.002   0.000   0.002   0.000 2075392000
23.89    3.80    50.860
23.89 18.00   0.799   1.718
23.89 18.00   2.517    64.505
23.89 18.00   2.245   1.238   2.517   0.483
23.89 18.00   2.247   1.231   2.517   0.476

23.90  0.00   0.437   0.431   0.032   0.073   0.001   0.004   0.324   0.002   0.000   0.002   0.000 2076261000
23.90    3.80    50.856
23.90 18.00   0.799   1.718
23.90 18.00   2.517    64.504
23.90 18.00   2.245   1.238   2.517   0.483
23.90 18.00   2.247   1.231   2.517   0.476

23.91  0.00   0.437   0.431   0.032   0.073   0.001   0.004   0.324   0.002   0.000   0.002   0.000 2077130000
23.91    3.80    50.852
23.91 18.00   0.799   1.718
23.91 18.00   2.517    64.502
23.91 18.00   2.245   1.238   2.517   0.483
23.91 18.00   2.247   1.231   2.517   0.476

23.92  0.00   0.437   0.431   0.032   0.073   0.001   0.004   0.324   0.002   0.000   0.002   0.000 2077999000
23.92    3.80    50.849
23.92 18.00   0.799   1.718
23.92 18.00   2.517    64.501
23.92 18.00   2.244   1.238   2.517   0.483
23.92 18.00   2.247   1.231   2.517   0.476

23.93  0.00   0.437   0.431   0.032   0.073   0.001   0.004   0.324   0.002   0.000   0.002   0.000 2078867000
23.93    3.80    50.845
23.93 18.00   0.799   1.718
23.93 18.00   2.517    64.500
23.93 18.00   2.244   1.238   2.517   0.483
23.93 18.00   2.247   1.231   2.517   0.476

23.94  0.00   0.437   0.431   0.032   0.073   0.001   0.004   0.324   0.002   0.000   0.002   0.000 2079736000
23.94    3.80    50.841
23.94 18.00   0.798   1.718
23.94 18.00   2.517    64.498
23.94 18.00   2.244   1.238   2.517   0.483
23.94 18.00   2.247   1.231   2.517   0.476

23.95  0.00   0.437   0.431   0.032   0.073   0.001   0.004   0.324   0.002   0.000   0.002   0.000 2080605000
23.95    3.80    50.837
23.95 18.00   0.798   1.718
23.95 18.00   2.517    64.497
23.95 18.00   2.244   1.237   2.517   0.483
23.95 18.00   2.246   1.231   2.517   0.476

23.96  0.00   0.437   0.431   0.032   0.073   0.001   0.004   0.324   0.002   0.000   0.002   0.000 2081473000
23.96    3.80    50.833
23.96 18.00   0.798   1.718
23.96 18.00   2.517    64.496
23.96 18.00   2.244   1.237   2.517   0.483
23.96 18.00   2.246   1.230   2.517   0.476

23.97  0.00   0.437   0.431   0.032   0.073   0.001   0.004   0.324   0.002   0.000   0.002   0.000 2082342000
23.97    3.79    50.829
23.97 18.00   0.798   1.718
23.97 18.00   2.517    64.494
23.97 18.00   2.244   1.237   2.517   0.483
23.97 18.00   2.246   1.230   2.517   0.476

23.98  0.00   0.437   0.431   0.032   0.073   0.001   0.004   0.324   0.002   0.000   0.002   0.000 2083211000
23.98    3.79    50.825
23.98 18.00   0.798   1.718
23.98 18.00   2.516    64.493
23.98 18.00   2.244   1.237   2.516   0.483
23.98 18.00   2.246   1.230   2.516   0.476

23.99  0.00   0.437   0.431   0.032   0.073   0.001   0.004   0.324   0.002   0.000   0.002   0.000 2084080000
23.99    3.79    50.821
23.99 18.00   0.798   1.718
23.99 18.00   2.516    64.492
23.99 18.00   2.244   1.237   2.516   0.483
23.99 18.00   2.246   1.230   2.516   0.476

24.00  0.00   0.437   0.431   0.032   0.073   0.001   0.004   0.324   0.002   0.000   0.002   0.000 2084948000
24.00    3.79    50.817
24.00 18.00   0.798   1.718
24.00 18.00   2.516    64.490
24.00 18.00   2.244   1.237   2.516   0.483
24.00 18.00   2.246   1.230   2.516   0.476

24.01  0.00   0.437   0.431   0.032   0.073   0.001   0.004   0.324   0.002   0.000   0.002   0.000 2085817000
24.01    3.79    50.813
24.01 18.00   0.798   1.718
24.01 18.00   2.516    64.489
24.01 18.00   2.244   1.237   2.516   0.483
24.01 18.00   2.246   1.230   2.516   0.476

24.02  0.00   0.437   0.431   0.032   0.073   0.001   0.004   0.324   0.002   0.000   0.002   0.000 2086686000
24.02    3.79    50.809
24.02 18.00   0.798   1.718
24.02 18.00   2.516    64.488
24.02 18.00   2.243   1.237   2.516   0.483
24.02 18.00   2.246   1.230   2.516   0.476

24.03  0.00   0.437   0.431   0.032   0.073   0.001   0.004   0.324   0.002   0.000   0.002   0.000 2087555000
24.03    3.79    50.805
24.03 18.00   0.798   1.718
24.03 18.00   2.516    64.486
24.03 18.00   2.243   1.237   2.516   0.483
24.03 18.00   2.246   1.230   2.516   0.476

24.04  0.00   0.437   0.431   0.032   0.073   0.001   0.004   0.324   0.002   0.000   0.002   0.000 2088423000
24.04    3.79    50.801
24.04 18.00   0.797   1.718
24.04 18.00   2.516    64.485
24.04 18.00   2.243   1.237   2.516   0.483
24.04 18.00   2.246   1.230   2.516   0.476

24.05  0.00   0.437   0.431   0.032   0.073   0.001   0.004   0.324   0.002   0.000   0.002   0.000 2089292000
24.05    3.79    50.797
24.05 18.00   0.797   1.718
24.05 18.00   2.516    64.484
24.05 18.00   2.243   1.237   2.516   0.483
24.05 18.00   2.245   1.230   2.516   0.476

24.06  0.00   0.437   0.431   0.032   0.073   0.001   0.004   0.324   0.002   0.000   0.002   0.000 2090161000
24.06    3.79    50.793
24.06 18.00   0.797   1.718
24.06 18.00   2.516    64.483
24.06 18.00   2.243   1.237   2.516   0.483
24.06 18.00   2.245   1.230   2.516   0.476

24.07  0.00   0.437   0.431   0.032   0.073   0.001   0.004   0.324   0.002   0.000   0.002   0.000 2091030000
24.07    3.79    50.789
24.07 18.00   0.797   1.718
24.07 18.00   2.515    64.481
24.07 18.00   2.243   1.237   2.515   0.483
24.07 18.00   2.245   1.230   2.515   0.476

24.08  0.00   0.437   0.431   0.032   0.073   0.001   0.004   0.324   0.002   0.000   0.002   0.000 2091898000
24.08    3.79    50.785
24.08 18.00   0.797   1.718
24.08 18.00   2.515    64.480
24.08 18.00   2.243   1.237   2.515   0.483
24.08 18.00   2.245   1.230   2.515   0.476

24.09  0.00   0.437   0.431   0.032   0.073   0.001   0.004   0.324   0.002   0.000   0.002   0.000 2092767000
24.09    3.79    50.782
24.09 18.00   0.797   1.718
24.09 18.00   2.515    64.479
24.09 18.00   2.243   1.237   2.515   0.483
24.09 18.00   2.245   1.230   2.515   0.476

24.10  0.00   0.437   0.431   0.032   0.073   0.001   0.004   0.324   0.002   0.000   0.002   0.000 2093636000
24.10    3.79    50.778
24.10 18.00   0.797   1.718
24.10 18.00   2.515    64.477
24.10 18.00   2.243   1.237   2.515   0.483
24.10 18.00   2.245   1.230   2.515   0.476

24.11  0.00   0.437   0.431   0.032   0.073   0.001   0.004   0.324   0.002   0.000   0.002   0.000 2094504000
24.11    3.79    50.774
24.11 18.00   0.797   1.718
24.11 18.00   2.515    64.476
24.11 18.00   2.243   1.237   2.515   0.483
24.11 18.00   2.245   1.230   2.515   0.476

24.12  0.00   0.437   0.431   0.032   0.073   0.001   0.004   0.324   0.002   0.000   0.002   0.000 2095373000
24.12    3.79    50.770
24.12 18.00   0.797   1.718
24.12 18.00   2.515    64.475
24.12 18.00   2.243   1.237   2.515   0.483
24.12 18.00   2.245   1.230   2.515   0.476

24.13  0.00   0.437   0.431   0.032   0.073   0.001   0.004   0.324   0.002   0.000   0.002   0.000 2096242000
24.13    3.79    50.766
24.13 18.00   0.797   1.718
24.13 18.00   2.515    64.473
24.13 18.00   2.242   1.237   2.515   0.483
24.13 18.00   2.245   1.230   2.515   0.476

24.14  0.00   0.437   0.431   0.032   0.073   0.001   0.004   0.324   0.002   0.000   0.002   0.000 2097111000
24.14    3.79    50.762
24.14 18.00   0.796   1.718
24.14 18.00   2.515    64.472
24.14 18.00   2.242   1.237   2.515   0.483
24.14 18.00   2.245   1.230   2.515   0.476

24.15  0.00   0.437   0.431   0.032   0.073   0.001   0.004   0.324   0.002   0.000   0.002   0.000 2097979000
24.15    3.79    50.758
24.15 18.00   0.796   1.718
24.15 18.00   2.515    64.471
24.15 18.00   2.242   1.237   2.515   0.483
24.15 18.00   2.245   1.230   2.515   0.476

24.16  0.00   0.437   0.431   0.032   0.073   0.001   0.004   0.324   0.002   0.000   0.002   0.000 2098848000
24.16    3.79    50.754
24.16 18.00   0.796   1.718
24.16 18.00   2.515    64.470
24.16 18.00   2.242   1.237   2.515   0.483
24.16 18.00   2.244   1.230   2.515   0.476

24.17  0.00   0.437   0.431   0.032   0.073   0.001   0.004   0.324   0.002   0.000   0.002   0.000 2099717000
24.17    3.79    50.750
24.17 18.00   0.796   1.718
24.17 18.00   2.514    64.468
24.17 18.00   2.242   1.237   2.514   0.483
24.17 18.00   2.244   1.230   2.514   0.476

24.18  0.00   0.437   0.431   0.032   0.073   0.001   0.004   0.324   0.002   0.000   0.002   0.000 2100586000
24.18    3.79    50.746
24.18 18.00   0.796   1.718
24.18 18.00   2.514    64.467
24.18 18.00   2.242   1.237   2.514   0.483
24.18 18.00   2.244   1.230   2.514   0.476

24.19  0.00   0.437   0.431   0.032   0.073   0.001   0.004   0.324   0.002   0.000   0.002   0.000 2101454000
24.19    3.79    50.742
24.19 18.00   0.796   1.718
24.19 18.00   2.514    64.466
24.19 18.00   2.242   1.237   2.514   0.483
24.19 18.00   2.244   1.230   2.514   0.476

24.20  0.00   0.437   0.431   0.032   0.073   0.001   0.004   0.324   0.002   0.000   0.002   0.000 2102323000
24.20    3.79    50.739
24.20 18.00   0.796   1.718
24.20 18.00   2.514    64.464
24.20 18.00   2.242   1.237   2.514   0.483
24.20 18.00   2.244   1.230   2.514   0.476

24.21  0.00   0.437   0.431   0.032   0.073   0.001   0.004   0.324   0.002   0.000   0.002   0.000 2103192000
24.21    3.79    50.735
24.21 18.00   0.796   1.718
24.21 18.00   2.514    64.463
24.21 18.00   2.242   1.237   2.514   0.483
24.21 18.00   2.244   1.230   2.514   0.476

24.22  0.00   0.437   0.431   0.032   0.073   0.001   0.004   0.324   0.002   0.000   0.002   0.000 2104060000
24.22    3.79    50.731
24.22 18.00   0.796   1.718
24.22 18.00   2.514    64.462
24.22 18.00   2.242   1.236   2.514   0.483
24.22 18.00   2.244   1.230   2.514   0.476

24.23  0.00   0.437   0.431   0.032   0.073   0.001   0.004   0.324   0.002   0.000   0.002   0.000 2104929000
24.23    3.79    50.727
24.23 18.00   0.796   1.718
24.23 18.00   2.514    64.460
24.23 18.00   2.242   1.236   2.514   0.483
24.23 18.00   2.244   1.229   2.514   0.476

24.24  0.00   0.437   0.430   0.032   0.073   0.001   0.004   0.324   0.002   0.000   0.002   0.000 2105798000
24.24    3.79    50.723
24.24 18.00   0.795   1.718
24.24 18.00   2.514    64.459
24.24 18.00   2.241   1.236   2.514   0.483
24.24 18.00   2.244   1.229   2.514   0.476

24.25  0.00   0.437   0.430   0.032   0.073   0.001   0.004   0.324   0.002   0.000   0.002   0.000 2106667000
24.25    3.79    50.719
24.25 18.00   0.795   1.718
24.25 18.00   2.514    64.458
24.25 18.00   2.241   1.236   2.514   0.483
24.25 18.00   2.244   1.229   2.514   0.476

24.26  0.00   0.437   0.430   0.032   0.073   0.001   0.004   0.324   0.002   0.000   0.002   0.000 2107535000
24.26    3.79    50.715
24.26 18.00   0.795   1.718
24.26 18.00   2.514    64.457
24.26 18.00   2.241   1.236   2.514   0.483
24.26 18.00   2.243   1.229   2.514   0.476

24.27  0.00   0.437   0.430   0.032   0.073   0.001   0.004   0.324   0.002   0.000   0.002   0.000 2108404000
24.27    3.79    50.711
24.27 18.00   0.795   1.718
24.27 18.00   2.513    64.455
24.27 18.00   2.241   1.236   2.513   0.483
24.27 18.00   2.243   1.229   2.513   0.476

24.28  0.00   0.437   0.430   0.032   0.073   0.001   0.004   0.324   0.002   0.000   0.002   0.000 2109273000
24.28    3.78    50.708
24.28 18.00   0.795   1.718
24.28 18.00   2.513    64.454
24.28 18.00   2.241   1.236   2.513   0.483
24.28 18.00   2.243   1.229   2.513   0.476

24.29  0.00   0.437   0.430   0.032   0.073   0.001   0.004   0.324   0.002   0.000   0.002   0.000 2110142000
24.29    3.78    50.704
24.29 18.00   0.795   1.718
24.29 18.00   2.513    64.453
24.29 18.00   2.241   1.236   2.513   0.483
24.29 18.00   2.243   1.229   2.513   0.476

24.30  0.00   0.437   0.430   0.032   0.073   0.001   0.004   0.324   0.002   0.000   0.002   0.000 2111010000
24.30    3.78    50.700
24.30 18.00   0.795   1.718
24.30 18.00   2.513    64.451
24.30 18.00   2.241   1.236   2.513   0.483
24.30 18.00   2.243   1.229   2.513   0.476

24.31  0.00   0.437   0.430   0.032   0.073   0.001   0.004   0.324   0.002   0.000   0.002   0.000 2111879000
24.31    3.78    50.696
24.31 18.00   0.795   1.718
24.31 18.00   2.513    64.450
24.31 18.00   2.241   1.236   2.513   0.483
24.31 18.00   2.243   1.229   2.513   0.476

24.32  0.00   0.437   0.430   0.032   0.073   0.001   0.004   0.324   0.002   0.000   0.002   0.000 2112748000
24.32    3.78    50.692
24.32 18.00   0.795   1.718
24.32 18.00   2.513    64.449
24.32 18.00   2.241   1.236   2.513   0.483
24.32 18.00   2.243   1.229   2.513   0.476

24.33  0.00   0.437   0.430   0.032   0.073   0.001   0.004   0.324   0.002   0.000   0.002   0.000 2113617000
24.33    3.78    50.688
24.33 18.00   0.795   1.718
24.33 18.00   2.513    64.448
24.33 18.00   2.241   1.236   2.513   0.483
24.33 18.00   2.243   1.229   2.513   0.476

24.34  0.00   0.437   0.430   0.032   0.073   0.001   0.004   0.324   0.002   0.000   0.002   0.000 2114485000
24.34    3.78    50.684
24.34 18.00   0.794   1.718
24.34 18.00   2.513    64.446
24.34 18.00   2.240   1.236   2.513   0.483
24.34 18.00   2.243   1.229   2.513   0.476

24.35  0.00   0.437   0.430   0.032   0.073   0.001   0.004   0.324   0.002   0.000   0.002   0.000 2115354000
24.35    3.78    50.681
24.35 18.00   0.794   1.718
24.35 18.00   2.513    64.445
24.35 18.00   2.240   1.236   2.513   0.483
24.35 18.00   2.243   1.229   2.513   0.476

24.36  0.00   0.437   0.430   0.032   0.073   0.001   0.004   0.324   0.002   0.000   0.002   0.000 2116223000
24.36    3.78    50.677
24.36 18.00   0.794   1.718
24.36 18.00   2.513    64.444
24.36 18.00   2.240   1.236   2.513   0.483
24.36 18.00   2.243   1.229   2.513   0.476

24.37  0.00   0.437   0.430   0.032   0.073   0.001   0.004   0.324   0.002   0.000   0.002   0.000 2117091000
24.37    3.78    50.673
24.37 18.00   0.794   1.718
24.37 18.00   2.512    64.442
24.37 18.00   2.240   1.236   2.512   0.483
24.37 18.00   2.242   1.229   2.512   0.476

24.38  0.00   0.437   0.430   0.032   0.073   0.001   0.004   0.324   0.002   0.000   0.002   0.000 2117960000
24.38    3.78    50.669
24.38 18.00   0.794   1.718
24.38 18.00   2.512    64.441
24.38 18.00   2.240   1.236   2.512   0.483
24.38 18.00   2.242   1.229   2.512   0.476

24.39  0.00   0.437   0.430   0.032   0.073   0.001   0.004   0.324   0.002   0.000   0.002   0.000 2118829000
24.39    3.78    50.665
24.39 18.00   0.794   1.718
24.39 18.00   2.512    64.440
24.39 18.00   2.240   1.236   2.512   0.483
24.39 18.00   2.242   1.229   2.512   0.476

24.40  0.00   0.437   0.430   0.032   0.073   0.001   0.004   0.324   0.002   0.000   0.002   0.000 2119698000
24.40    3.78    50.661
24.40 18.00   0.794   1.718
24.40 18.00   2.512    64.439
24.40 18.00   2.240   1.236   2.512   0.483
24.40 18.00   2.242   1.229   2.512   0.476

24.41  0.00   0.437   0.430   0.032   0.073   0.001   0.004   0.324   0.002   0.000   0.002   0.000 2120566000
24.41    3.78    50.658
24.41 18.00   0.794   1.718
24.41 18.00   2.512    64.437
24.41 18.00   2.240   1.236   2.512   0.483
24.41 18.00   2.242   1.229   2.512   0.476

24.42  0.00   0.437   0.430   0.032   0.073   0.001   0.004   0.324   0.002   0.000   0.002   0.000 2121435000
24.42    3.78    50.654
24.42 18.00   0.794   1.718
24.42 18.00   2.512    64.436
24.42 18.00   2.240   1.236   2.512   0.483
24.42 18.00   2.242   1.229   2.512   0.476

24.43  0.00   0.437   0.430   0.032   0.073   0.001   0.004   0.324   0.002   0.000   0.002   0.000 2122304000
24.43    3.78    50.650
24.43 18.00   0.794   1.718
24.43 18.00   2.512    64.435
24.43 18.00   2.240   1.236   2.512   0.483
24.43 18.00   2.242   1.229   2.512   0.476

24.44  0.00   0.437   0.430   0.032   0.073   0.001   0.004   0.324   0.002   0.000   0.002   0.000 2123173000
24.44    3.78    50.646
24.44 18.00   0.793   1.718
24.44 18.00   2.512    64.434
24.44 18.00   2.240   1.236   2.512   0.483
24.44 18.00   2.242   1.229   2.512   0.476

24.45  0.00   0.437   0.430   0.032   0.073   0.001   0.004   0.324   0.002   0.000   0.002   0.000 2124041000
24.45    3.78    50.642
24.45 18.00   0.793   1.718
24.45 18.00   2.512    64.432
24.45 18.00   2.239   1.236   2.512   0.483
24.45 18.00   2.242   1.229   2.512   0.476

24.46  0.00   0.437   0.430   0.032   0.073   0.001   0.004   0.324   0.002   0.000   0.002   0.000 2124910000
24.46    3.78    50.638
24.46 18.00   0.793   1.718
24.46 18.00   2.512    64.431
24.46 18.00   2.239   1.236   2.512   0.483
24.46 18.00   2.242   1.229   2.512   0.476

24.47  0.00   0.437   0.430   0.032   0.073   0.001   0.004   0.324   0.002   0.000   0.002   0.000 2125779000
24.47    3.78    50.635
24.47 18.00   0.793   1.718
24.47 18.00   2.512    64.430
24.47 18.00   2.239   1.236   2.512   0.483
24.47 18.00   2.242   1.229   2.512   0.476

24.48  0.00   0.437   0.430   0.032   0.073   0.001   0.004   0.324   0.002   0.000   0.002   0.000 2126647000
24.48    3.78    50.631
24.48 18.00   0.793   1.718
24.48 18.00   2.511    64.429
24.48 18.00   2.239   1.236   2.511   0.483
24.48 18.00   2.241   1.229   2.511   0.476

24.49  0.00   0.437   0.430   0.032   0.073   0.001   0.004   0.324   0.002   0.000   0.002   0.000 2127516000
24.49    3.78    50.627
24.49 18.00   0.793   1.718
24.49 18.00   2.511    64.427
24.49 18.00   2.239   1.236   2.511   0.483
24.49 18.00   2.241   1.229   2.511   0.476

24.50  0.00   0.437   0.430   0.032   0.073   0.001   0.004   0.324   0.002   0.000   0.002   0.000 2128385000
24.50    3.78    50.623
24.50 18.00   0.793   1.718
24.50 18.00   2.511    64.426
24.50 18.00   2.239   1.235   2.511   0.483
24.50 18.00   2.241   1.229   2.511   0.476

24.51  0.00   0.437   0.430   0.032   0.073   0.001   0.004   0.324   0.002   0.000   0.002   0.000 2129254000
24.51    3.78    50.619
24.51 18.00   0.793   1.718
24.51 18.00   2.511    64.425
24.51 18.00   2.239   1.235   2.511   0.483
24.51 18.00   2.241   1.228   2.511   0.476

24.52  0.00   0.437   0.430   0.032   0.073   0.001   0.004   0.324   0.002   0.000   0.002   0.000 2130122000
24.52    3.78    50.616
24.52 18.00   0.793   1.718
24.52 18.00   2.511    64.423
24.52 18.00   2.239   1.235   2.511   0.483
24.52 18.00   2.241   1.228   2.511   0.476

24.53  0.00   0.437   0.430   0.032   0.073   0.001   0.004   0.324   0.002   0.000   0.002   0.000 2130991000
24.53    3.78    50.612
24.53 18.00   0.793   1.718
24.53 18.00   2.511    64.422
24.53 18.00   2.239   1.235   2.511   0.483
24.53 18.00   2.241   1.228   2.511   0.476

24.54  0.00   0.437   0.430   0.032   0.073   0.001   0.004   0.324   0.002   0.000   0.002   0.000 2131860000
24.54    3.78    50.608
24.54 18.00   0.792   1.718
24.54 18.00   2.511    64.421
24.54 18.00   2.239   1.235   2.511   0.483
24.54 18.00   2.241   1.228   2.511   0.476

24.55  0.00   0.437   0.430   0.032   0.073   0.001   0.004   0.324   0.002   0.000   0.002   0.000 2132728000
24.55    3.78    50.604
24.55 18.00   0.792   1.718
24.55 18.00   2.511    64.420
24.55 18.00   2.239   1.235   2.511   0.483
24.55 18.00   2.241   1.228   2.511   0.476

24.56  0.00   0.437   0.430   0.032   0.073   0.001   0.004   0.324   0.002   0.000   0.002   0.000 2133597000
24.56    3.78    50.600
24.56 18.00   0.792   1.718
24.56 18.00   2.511    64.418
24.56 18.00   2.238   1.235   2.511   0.483
24.56 18.00   2.241   1.228   2.511   0.476

24.57  0.00   0.437   0.430   0.032   0.073   0.001   0.004   0.324   0.002   0.000   0.002   0.000 2134466000
24.57    3.78    50.597
24.57 18.00   0.792   1.718
24.57 18.00   2.511    64.417
24.57 18.00   2.238   1.235   2.511   0.483
24.57 18.00   2.241   1.228   2.511   0.476

24.58  0.00   0.437   0.430   0.032   0.073   0.001   0.004   0.324   0.002   0.000   0.002   0.000 2135335000
24.58    3.78    50.593
24.58 18.00   0.792   1.718
24.58 18.00   2.510    64.416
24.58 18.00   2.238   1.235   2.510   0.483
24.58 18.00   2.241   1.228   2.510   0.476

24.59  0.00   0.437   0.430   0.032   0.073   0.001   0.004   0.324   0.002   0.000   0.002   0.000 2136203000
24.59    3.78    50.589
24.59 18.00   0.792   1.718
24.59 18.00   2.510    64.415
24.59 18.00   2.238   1.235   2.510   0.483
24.59 18.00   2.240   1.228   2.510   0.476

24.60  0.00   0.437   0.430   0.032   0.073   0.001   0.004   0.324   0.002   0.000   0.002   0.000 2137072000
24.60    3.77    50.585
24.60 18.00   0.792   1.718
24.60 18.00   2.510    64.413
24.60 18.00   2.238   1.235   2.510   0.483
24.60 18.00   2.240   1.228   2.510   0.476

24.61  0.00   0.437   0.430   0.032   0.073   0.001   0.004   0.324   0.002   0.000   0.002   0.000 2137941000
24.61    3.77    50.581
24.61 18.00   0.792   1.718
24.61 18.00   2.510    64.412
24.61 18.00   2.238   1.235   2.510   0.483
24.61 18.00   2.240   1.228   2.510   0.476

24.62  0.00   0.437   0.430   0.032   0.073   0.001   0.004   0.324   0.002   0.000   0.002   0.000 2138810000
24.62    3.77    50.578
24.62 18.00   0.792   1.718
24.62 18.00   2.510    64.411
24.62 18.00   2.238   1.235   2.510   0.483
24.62 18.00   2.240   1.228   2.510   0.476

24.63  0.00   0.437   0.430   0.032   0.073   0.001   0.004   0.324   0.002   0.000   0.002   0.000 2139678000
24.63    3.77    50.574
24.63 18.00   0.792   1.718
24.63 18.00   2.510    64.410
24.63 18.00   2.238   1.235   2.510   0.483
24.63 18.00   2.240   1.228   2.510   0.476

24.64  0.00   0.437   0.430   0.032   0.073   0.001   0.004   0.324   0.002   0.000   0.002   0.000 2140547000
24.64    3.77    50.570
24.64 18.00   0.792   1.718
24.64 18.00   2.510    64.408
24.64 18.00   2.238   1.235   2.510   0.483
24.64 18.00   2.240   1.228   2.510   0.476

24.65  0.00   0.437   0.430   0.032   0.073   0.001   0.004   0.324   0.002   0.000   0.002   0.000 2141416000
24.65    3.77    50.566
24.65 18.00   0.791   1.718
24.65 18.00   2.510    64.407
24.65 18.00   2.238   1.235   2.510   0.483
24.65 18.00   2.240   1.228   2.510   0.476

24.66  0.00   0.437   0.430   0.032   0.073   0.001   0.004   0.324   0.002   0.000   0.002   0.000 2142285000
24.66    3.77    50.563
24.66 18.00   0.791   1.718
24.66 18.00   2.510    64.406
24.66 18.00   2.238   1.235   2.510   0.483
24.66 18.00   2.240   1.228   2.510   0.476

24.67  0.00   0.437   0.430   0.032   0.073   0.001   0.004   0.324   0.002   0.000   0.002   0.000 2143153000
24.67    3.77    50.559
24.67 18.00   0.791   1.718
24.67 18.00   2.510    64.405
24.67 18.00   2.237   1.235   2.510   0.483
24.67 18.00   2.240   1.228   2.510   0.476

24.68  0.00   0.437   0.430   0.032   0.073   0.001   0.004   0.324   0.002   0.000   0.002   0.000 2144022000
24.68    3.77    50.555
24.68 18.00   0.791   1.718
24.68 18.00   2.509    64.403
24.68 18.00   2.237   1.235   2.509   0.483
24.68 18.00   2.240   1.228   2.509   0.476

24.69  0.00   0.437   0.430   0.032   0.073   0.001   0.004   0.324   0.002   0.000   0.002   0.000 2144891000
24.69    3.77    50.551
24.69 18.00   0.791   1.718
24.69 18.00   2.509    64.402
24.69 18.00   2.237   1.235   2.509   0.483
24.69 18.00   2.240   1.228   2.509   0.476

24.70  0.00   0.437   0.430   0.032   0.073   0.001   0.004   0.324   0.002   0.000   0.002   0.000 2145759000
24.70    3.77    50.547
24.70 18.00   0.791   1.718
24.70 18.00   2.509    64.401
24.70 18.00   2.237   1.235   2.509   0.483
24.70 18.00   2.239   1.228   2.509   0.476

24.71  0.00   0.437   0.430   0.032   0.073   0.001   0.004   0.324   0.002   0.000   0.002   0.000 2146628000
24.71    3.77    50.544
24.71 18.00   0.791   1.718
24.71 18.00   2.509    64.400
24.71 18.00   2.237   1.235   2.509   0.483
24.71 18.00   2.239   1.228   2.509   0.476

24.72  0.00   0.437   0.430   0.032   0.073   0.001   0.004   0.324   0.002   0.000   0.002   0.000 2147497000
24.72    3.77    50.540
24.72 18.00   0.791   1.718
24.72 18.00   2.509    64.398
24.72 18.00   2.237   1.235   2.509   0.483
24.72 18.00   2.239   1.228   2.509   0.476

24.73  0.00   0.437   0.430   0.032   0.073   0.001   0.004   0.324   0.002   0.000   0.002   0.000 2148366000
24.73    3.77    50.536
24.73 18.00   0.791   1.718
24.73 18.00   2.509    64.397
24.73 18.00   2.237   1.235   2.509   0.483
24.73 18.00   2.239   1.228   2.509   0.476

24.74  0.00   0.437   0.430   0.032   0.073   0.001   0.004   0.324   0.002   0.000   0.002   0.000 2149234000
24.74    3.77    50.532
24.74 18.00   0.791   1.718
24.74 18.00   2.509    64.396
24.74 18.00   2.237   1.235   2.509   0.483
24.74 18.00   2.239   1.228   2.509   0.476

24.75  0.00   0.437   0.430   0.032   0.073   0.001   0.004   0.324   0.002   0.000   0.002   0.000 2150103000
24.75    3.77    50.529
24.75 18.00   0.790   1.718
24.75 18.00   2.509    64.395
24.75 18.00   2.237   1.235   2.509   0.483
24.75 18.00   2.239   1.228   2.509   0.476

24.76  0.00   0.437   0.430   0.032   0.073   0.001   0.004   0.324   0.002   0.000   0.002   0.000 2150972000
24.76    3.77    50.525
24.76 18.00   0.790   1.718
24.76 18.00   2.509    64.394
24.76 18.00   2.237   1.235   2.509   0.483
24.76 18.00   2.239   1.228   2.509   0.476

24.77  0.00   0.437   0.430   0.032   0.073   0.001   0.004   0.324   0.002   0.000   0.002   0.000 2151841000
24.77    3.77    50.521
24.77 18.00   0.790   1.718
24.77 18.00   2.509    64.392
24.77 18.00   2.237   1.235   2.509   0.483
24.77 18.00   2.239   1.228   2.509   0.476

24.78  0.00   0.437   0.430   0.032   0.073   0.001   0.004   0.324   0.002   0.000   0.002   0.000 2152709000
24.78    3.77    50.518
24.78 18.00   0.790   1.718
24.78 18.00   2.509    64.391
24.78 18.00   2.236   1.234   2.509   0.483
24.78 18.00   2.239   1.228   2.509   0.476

24.79  0.00   0.437   0.430   0.032   0.073   0.001   0.004   0.324   0.002   0.000   0.002   0.000 2153578000
24.79    3.77    50.514
24.79 18.00   0.790   1.718
24.79 18.00   2.508    64.390
24.79 18.00   2.236   1.234   2.508   0.483
24.79 18.00   2.239   1.228   2.508   0.476

24.80  0.00   0.437   0.430   0.032   0.073   0.001   0.004   0.324   0.002   0.000   0.002   0.000 2154447000
24.80    3.77    50.510
24.80 18.00   0.790   1.718
24.80 18.00   2.508    64.389
24.80 18.00   2.236   1.234   2.508   0.483
24.80 18.00   2.239   1.227   2.508   0.476

24.81  0.00   0.437   0.430   0.032   0.073   0.001   0.004   0.324   0.002   0.000   0.002   0.000 2155315000
24.81    3.77    50.506
24.81 18.00   0.790   1.718
24.81 18.00   2.508    64.387
24.81 18.00   2.236   1.234   2.508   0.483
24.81 18.00   2.238   1.227   2.508   0.476

24.82  0.00   0.437   0.430   0.032   0.073   0.001   0.004   0.324   0.002   0.000   0.002   0.000 2156184000
24.82    3.77    50.503
24.82 18.00   0.790   1.718
24.82 18.00   2.508    64.386
24.82 18.00   2.236   1.234   2.508   0.483
24.82 18.00   2.238   1.227   2.508   0.476

24.83  0.00   0.437   0.430   0.032   0.073   0.001   0.004   0.324   0.002   0.000   0.002   0.000 2157053000
24.83    3.77    50.499
24.83 18.00   0.790   1.718
24.83 18.00   2.508    64.385
24.83 18.00   2.236   1.234   2.508   0.483
24.83 18.00   2.238   1.227   2.508   0.476

24.84  0.00   0.437   0.430   0.032   0.073   0.001   0.004   0.324   0.002   0.000   0.002   0.000 2157922000
24.84    3.77    50.495
24.84 18.00   0.790   1.718
24.84 18.00   2.508    64.384
24.84 18.00   2.236   1.234   2.508   0.483
24.84 18.00   2.238   1.227   2.508   0.476

24.85  0.00   0.437   0.430   0.032   0.073   0.001   0.004   0.324   0.002   0.000   0.002   0.000 2158790000
24.85    3.77    50.491
24.85 18.00   0.789   1.718
24.85 18.00   2.508    64.382
24.85 18.00   2.236   1.234   2.508   0.483
24.85 18.00   2.238   1.227   2.508   0.476

24.86  0.00   0.437   0.430   0.032   0.073   0.001   0.004   0.324   0.002   0.000   0.002   0.000 2159659000
24.86    3.77    50.488
24.86 18.00   0.789   1.718
24.86 18.00   2.508    64.381
24.86 18.00   2.236   1.234   2.508   0.483
24.86 18.00   2.238   1.227   2.508   0.476

24.87  0.00   0.437   0.430   0.032   0.073   0.001   0.004   0.324   0.002   0.000   0.002   0.000 2160528000
24.87    3.77    50.484
24.87 18.00   0.789   1.718
24.87 18.00   2.508    64.380
24.87 18.00   2.236   1.234   2.508   0.483
24.87 18.00   2.238   1.227   2.508   0.476

24.88  0.00   0.437   0.430   0.032   0.073   0.001   0.004   0.324   0.002   0.000   0.002   0.000 2161396000
24.88    3.77    50.480
24.88 18.00   0.789   1.718
24.88 18.00   2.508    64.379
24.88 18.00   2.236   1.234   2.508   0.483
24.88 18.00   2.238   1.227   2.508   0.476

24.89  0.00   0.437   0.430   0.032   0.073   0.001   0.004   0.324   0.002   0.000   0.002   0.000 2162265000
24.89    3.77    50.477
24.89 18.00   0.789   1.718
24.89 18.00   2.507    64.378
24.89 18.00   2.236   1.234   2.507   0.483
24.89 18.00   2.238   1.227   2.507   0.476

24.90  0.00   0.437   0.430   0.032   0.073   0.001   0.004   0.324   0.002   0.000   0.002   0.000 2163134000
24.90    3.77    50.473
24.90 18.00   0.789   1.718
24.90 18.00   2.507    64.376
24.90 18.00   2.235   1.234   2.507   0.483
24.90 18.00   2.238   1.227   2.507   0.476

24.91  0.00   0.437   0.430   0.032   0.073   0.001   0.004   0.324   0.002   0.000   0.002   0.000 2164003000
24.91    3.77    50.469
24.91 18.00   0.789   1.718
24.91 18.00   2.507    64.375
24.91 18.00   2.235   1.234   2.507   0.483
24.91 18.00   2.238   1.227   2.507   0.476

24.92  0.00   0.437   0.430   0.032   0.073   0.001   0.004   0.324   0.002   0.000   0.002   0.000 2164871000
24.92    3.77    50.465
24.92 18.00   0.789   1.718
24.92 18.00   2.507    64.374
24.92 18.00   2.235   1.234   2.507   0.483
24.92 18.00   2.238   1.227   2.507   0.476

24.93  0.00   0.437   0.430   0.032   0.073   0.001   0.004   0.324   0.002   0.000   0.002   0.000 2165740000
24.93    3.76    50.462
24.93 18.00   0.789   1.718
24.93 18.00   2.507    64.373
24.93 18.00   2.235   1.234   2.507   0.483
24.93 18.00   2.237   1.227   2.507   0.476

24.94  0.00   0.437   0.430   0.032   0.073   0.001   0.004   0.324   0.002   0.000   0.002   0.000 2166609000
24.94    3.76    50.458
24.94 18.00   0.789   1.718
24.94 18.00   2.507    64.371
24.94 18.00   2.235   1.234   2.507   0.483
24.94 18.00   2.237   1.227   2.507   0.476

24.95  0.00   0.437   0.430   0.032   0.073   0.001   0.004   0.324   0.002   0.000   0.002   0.000 2167478000
24.95    3.76    50.454
24.95 18.00   0.789   1.718
24.95 18.00   2.507    64.370
24.95 18.00   2.235   1.234   2.507   0.483
24.95 18.00   2.237   1.227   2.507   0.476

24.96  0.00   0.437   0.430   0.032   0.073   0.001   0.004   0.324   0.002   0.000   0.002   0.000 2168346000
24.96    3.76    50.451
24.96 18.00   0.788   1.718
24.96 18.00   2.507    64.369
24.96 18.00   2.235   1.234   2.507   0.483
24.96 18.00   2.237   1.227   2.507   0.476

24.97  0.00   0.437   0.430   0.032   0.073   0.001   0.004   0.324   0.002   0.000   0.002   0.000 2169215000
24.97    3.76    50.447
24.97 18.00   0.788   1.718
24.97 18.00   2.507    64.368
24.97 18.00   2.235   1.234   2.507   0.483
24.97 18.00   2.237   1.227   2.507   0.476

24.98  0.00   0.437   0.430   0.032   0.073   0.001   0.004   0.324   0.002   0.000   0.002   0.000 2170084000
24.98    3.76    50.443
24.98 18.00   0.788   1.718
24.98 18.00   2.507    64.367
24.98 18.00   2.235   1.234   2.507   0.483
24.98 18.00   2.237   1.227   2.507   0.476

24.99  0.00   0.437   0.430   0.032   0.073   0.001   0.004   0.324   0.002   0.000   0.002   0.000 2170952000
24.99    3.76    50.440
24.99 18.00   0.788   1.718
24.99 18.00   2.507    64.365
24.99 18.00   2.235   1.234   2.507   0.483
24.99 18.00   2.237   1.227   2.507   0.476

25.00  0.00   0.437   0.430   0.032   0.073   0.001   0.004   0.324   0.002   0.000   0.002   0.000 2171821000
25.00    3.76    50.436
25.00 18.00   0.788   1.718
25.00 18.00   2.506    64.364
25.00 18.00   2.235   1.234   2.506   0.483
25.00 18.00   2.237   1.227   2.506   0.476
